Timestamp;Consumption_kWh
01/01/2025 00:00;0.6439
01/01/2025 00:15;0.6068
01/01/2025 00:30;0.6036
01/01/2025 00:45;0.6196
01/01/2025 01:00;0.5535
01/01/2025 01:15;0.5735
01/01/2025 01:30;0.5474
01/01/2025 01:45;0.5485
01/01/2025 02:00;0.5289
01/01/2025 02:15;0.5686
01/01/2025 02:30;0.5389
01/01/2025 02:45;0.5406
01/01/2025 03:00;0.5296
01/01/2025 03:15;0.5585
01/01/2025 03:30;0.5608
01/01/2025 03:45;0.5532
01/01/2025 04:00;0.6382
01/01/2025 04:15;0.6558
01/01/2025 04:30;0.6188
01/01/2025 04:45;0.6414
01/01/2025 05:00;0.9637
01/01/2025 05:15;0.9250
01/01/2025 05:30;0.9267
01/01/2025 05:45;0.9261
01/01/2025 06:00;1.6089
01/01/2025 06:15;1.5319
01/01/2025 06:30;1.7021
01/01/2025 06:45;1.6475
01/01/2025 07:00;1.9835
01/01/2025 07:15;1.8130
01/01/2025 07:30;1.8738
01/01/2025 07:45;1.9208
01/01/2025 08:00;1.4145
01/01/2025 08:15;1.4863
01/01/2025 08:30;1.5174
01/01/2025 08:45;1.4363
01/01/2025 09:00;1.1219
01/01/2025 09:15;1.1010
01/01/2025 09:30;1.1228
01/01/2025 09:45;1.1524
01/01/2025 10:00;1.0521
01/01/2025 10:15;1.0477
01/01/2025 10:30;0.9653
01/01/2025 10:45;1.0506
01/01/2025 11:00;1.0283
01/01/2025 11:15;1.0307
01/01/2025 11:30;1.0526
01/01/2025 11:45;1.0664
01/01/2025 12:00;1.0852
01/01/2025 12:15;1.1079
01/01/2025 12:30;1.0687
01/01/2025 12:45;1.0804
01/01/2025 13:00;1.0263
01/01/2025 13:15;1.0828
01/01/2025 13:30;1.0904
01/01/2025 13:45;1.0645
01/01/2025 14:00;1.0241
01/01/2025 14:15;1.0167
01/01/2025 14:30;1.0520
01/01/2025 14:45;0.9659
01/01/2025 15:00;1.0410
01/01/2025 15:15;1.0689
01/01/2025 15:30;1.0230
01/01/2025 15:45;1.0371
01/01/2025 16:00;1.2000
01/01/2025 16:15;1.2130
01/01/2025 16:30;1.1431
01/01/2025 16:45;1.2069
01/01/2025 17:00;1.6894
01/01/2025 17:15;1.6016
01/01/2025 17:30;1.5681
01/01/2025 17:45;1.5389
01/01/2025 18:00;2.1219
01/01/2025 18:15;1.9952
01/01/2025 18:30;1.8797
01/01/2025 18:45;2.0336
01/01/2025 19:00;2.2547
01/01/2025 19:15;2.1456
01/01/2025 19:30;2.1633
01/01/2025 19:45;1.9653
01/01/2025 20:00;1.8775
01/01/2025 20:15;1.8411
01/01/2025 20:30;1.9807
01/01/2025 20:45;1.8379
01/01/2025 21:00;1.6502
01/01/2025 21:15;1.5777
01/01/2025 21:30;1.5869
01/01/2025 21:45;1.6307
01/01/2025 22:00;1.1643
01/01/2025 22:15;1.1134
01/01/2025 22:30;1.1585
01/01/2025 22:45;1.1278
01/01/2025 23:00;0.7645
01/01/2025 23:15;0.7685
01/01/2025 23:30;0.7882
01/01/2025 23:45;0.7418
02/01/2025 00:00;0.6044
02/01/2025 00:15;0.5810
02/01/2025 00:30;0.6061
02/01/2025 00:45;0.5843
02/01/2025 01:00;0.5333
02/01/2025 01:15;0.5048
02/01/2025 01:30;0.5339
02/01/2025 01:45;0.5310
02/01/2025 02:00;0.5034
02/01/2025 02:15;0.5115
02/01/2025 02:30;0.5085
02/01/2025 02:45;0.5330
02/01/2025 03:00;0.5408
02/01/2025 03:15;0.5257
02/01/2025 03:30;0.5216
02/01/2025 03:45;0.5279
02/01/2025 04:00;0.5820
02/01/2025 04:15;0.6011
02/01/2025 04:30;0.6170
02/01/2025 04:45;0.6121
02/01/2025 05:00;0.8521
02/01/2025 05:15;0.8556
02/01/2025 05:30;0.8883
02/01/2025 05:45;0.8853
02/01/2025 06:00;1.4860
02/01/2025 06:15;1.5432
02/01/2025 06:30;1.5675
02/01/2025 06:45;1.5679
02/01/2025 07:00;1.7788
02/01/2025 07:15;1.7068
02/01/2025 07:30;1.7838
02/01/2025 07:45;1.9418
02/01/2025 08:00;1.3309
02/01/2025 08:15;1.4018
02/01/2025 08:30;1.3157
02/01/2025 08:45;1.4291
02/01/2025 09:00;1.0409
02/01/2025 09:15;1.0329
02/01/2025 09:30;1.0594
02/01/2025 09:45;1.0471
02/01/2025 10:00;0.9898
02/01/2025 10:15;0.9302
02/01/2025 10:30;0.9475
02/01/2025 10:45;0.9797
02/01/2025 11:00;0.9583
02/01/2025 11:15;0.9958
02/01/2025 11:30;0.9924
02/01/2025 11:45;0.9805
02/01/2025 12:00;1.0161
02/01/2025 12:15;1.0061
02/01/2025 12:30;1.0459
02/01/2025 12:45;1.0877
02/01/2025 13:00;1.0060
02/01/2025 13:15;1.0038
02/01/2025 13:30;0.9698
02/01/2025 13:45;0.9641
02/01/2025 14:00;0.9624
02/01/2025 14:15;0.9810
02/01/2025 14:30;0.9541
02/01/2025 14:45;0.9365
02/01/2025 15:00;0.9532
02/01/2025 15:15;1.0284
02/01/2025 15:30;1.0348
02/01/2025 15:45;0.9891
02/01/2025 16:00;1.1744
02/01/2025 16:15;1.1893
02/01/2025 16:30;1.1778
02/01/2025 16:45;1.1336
02/01/2025 17:00;1.5040
02/01/2025 17:15;1.5442
02/01/2025 17:30;1.4601
02/01/2025 17:45;1.4853
02/01/2025 18:00;1.9185
02/01/2025 18:15;1.8874
02/01/2025 18:30;1.9937
02/01/2025 18:45;1.8282
02/01/2025 19:00;2.0417
02/01/2025 19:15;1.9786
02/01/2025 19:30;2.0772
02/01/2025 19:45;2.0210
02/01/2025 20:00;1.7431
02/01/2025 20:15;1.8076
02/01/2025 20:30;1.6845
02/01/2025 20:45;1.8701
02/01/2025 21:00;1.6427
02/01/2025 21:15;1.5249
02/01/2025 21:30;1.4596
02/01/2025 21:45;1.4816
02/01/2025 22:00;1.0514
02/01/2025 22:15;1.0391
02/01/2025 22:30;1.0222
02/01/2025 22:45;1.0005
02/01/2025 23:00;0.7147
02/01/2025 23:15;0.7193
02/01/2025 23:30;0.7255
02/01/2025 23:45;0.7098
03/01/2025 00:00;0.6354
03/01/2025 00:15;0.6543
03/01/2025 00:30;0.6313
03/01/2025 00:45;0.6466
03/01/2025 01:00;0.5436
03/01/2025 01:15;0.5649
03/01/2025 01:30;0.5630
03/01/2025 01:45;0.5593
03/01/2025 02:00;0.5319
03/01/2025 02:15;0.5399
03/01/2025 02:30;0.5414
03/01/2025 02:45;0.5645
03/01/2025 03:00;0.5544
03/01/2025 03:15;0.5613
03/01/2025 03:30;0.5611
03/01/2025 03:45;0.5595
03/01/2025 04:00;0.6342
03/01/2025 04:15;0.6331
03/01/2025 04:30;0.6441
03/01/2025 04:45;0.6353
03/01/2025 05:00;0.8902
03/01/2025 05:15;0.9123
03/01/2025 05:30;0.9063
03/01/2025 05:45;0.9490
03/01/2025 06:00;1.5330
03/01/2025 06:15;1.5905
03/01/2025 06:30;1.6349
03/01/2025 06:45;1.6701
03/01/2025 07:00;1.8807
03/01/2025 07:15;1.8486
03/01/2025 07:30;1.8573
03/01/2025 07:45;1.8875
03/01/2025 08:00;1.4528
03/01/2025 08:15;1.4531
03/01/2025 08:30;1.5224
03/01/2025 08:45;1.5757
03/01/2025 09:00;1.0699
03/01/2025 09:15;1.1115
03/01/2025 09:30;1.1106
03/01/2025 09:45;1.0846
03/01/2025 10:00;1.0185
03/01/2025 10:15;1.0177
03/01/2025 10:30;1.0143
03/01/2025 10:45;1.0159
03/01/2025 11:00;1.0814
03/01/2025 11:15;1.0699
03/01/2025 11:30;1.1012
03/01/2025 11:45;1.0757
03/01/2025 12:00;1.1653
03/01/2025 12:15;1.0666
03/01/2025 12:30;1.1116
03/01/2025 12:45;1.0305
03/01/2025 13:00;1.0608
03/01/2025 13:15;1.0443
03/01/2025 13:30;1.0480
03/01/2025 13:45;1.0083
03/01/2025 14:00;1.0043
03/01/2025 14:15;0.9417
03/01/2025 14:30;0.9767
03/01/2025 14:45;1.0299
03/01/2025 15:00;1.1143
03/01/2025 15:15;1.0574
03/01/2025 15:30;1.0876
03/01/2025 15:45;1.0669
03/01/2025 16:00;1.2004
03/01/2025 16:15;1.2143
03/01/2025 16:30;1.2478
03/01/2025 16:45;1.1828
03/01/2025 17:00;1.5597
03/01/2025 17:15;1.5786
03/01/2025 17:30;1.6221
03/01/2025 17:45;1.4979
03/01/2025 18:00;2.1821
03/01/2025 18:15;2.0844
03/01/2025 18:30;2.1831
03/01/2025 18:45;2.0558
03/01/2025 19:00;2.2592
03/01/2025 19:15;2.0363
03/01/2025 19:30;2.3258
03/01/2025 19:45;2.2322
03/01/2025 20:00;1.9640
03/01/2025 20:15;1.9898
03/01/2025 20:30;1.9508
03/01/2025 20:45;2.0573
03/01/2025 21:00;1.4939
03/01/2025 21:15;1.5532
03/01/2025 21:30;1.6655
03/01/2025 21:45;1.6716
03/01/2025 22:00;1.1052
03/01/2025 22:15;1.0724
03/01/2025 22:30;1.0643
03/01/2025 22:45;1.0771
03/01/2025 23:00;0.7369
03/01/2025 23:15;0.7679
03/01/2025 23:30;0.7435
03/01/2025 23:45;0.7515
04/01/2025 00:00;0.6447
04/01/2025 00:15;0.5695
04/01/2025 00:30;0.5862
04/01/2025 00:45;0.5963
04/01/2025 01:00;0.5161
04/01/2025 01:15;0.5245
04/01/2025 01:30;0.5607
04/01/2025 01:45;0.5302
04/01/2025 02:00;0.5452
04/01/2025 02:15;0.5178
04/01/2025 02:30;0.5240
04/01/2025 02:45;0.5101
04/01/2025 03:00;0.5286
04/01/2025 03:15;0.5435
04/01/2025 03:30;0.5343
04/01/2025 03:45;0.5532
04/01/2025 04:00;0.6063
04/01/2025 04:15;0.5972
04/01/2025 04:30;0.6408
04/01/2025 04:45;0.6187
04/01/2025 05:00;0.8645
04/01/2025 05:15;0.8871
04/01/2025 05:30;0.8417
04/01/2025 05:45;0.8831
04/01/2025 06:00;1.4520
04/01/2025 06:15;1.4852
04/01/2025 06:30;1.4414
04/01/2025 06:45;1.5457
04/01/2025 07:00;1.7106
04/01/2025 07:15;1.7623
04/01/2025 07:30;1.8451
04/01/2025 07:45;1.7659
04/01/2025 08:00;1.2825
04/01/2025 08:15;1.3745
04/01/2025 08:30;1.2593
04/01/2025 08:45;1.3261
04/01/2025 09:00;1.0057
04/01/2025 09:15;0.9951
04/01/2025 09:30;1.0954
04/01/2025 09:45;1.0415
04/01/2025 10:00;0.9170
04/01/2025 10:15;0.9296
04/01/2025 10:30;1.0029
04/01/2025 10:45;0.9295
04/01/2025 11:00;0.9435
04/01/2025 11:15;0.9389
04/01/2025 11:30;0.9791
04/01/2025 11:45;0.9124
04/01/2025 12:00;0.9924
04/01/2025 12:15;0.9660
04/01/2025 12:30;0.9794
04/01/2025 12:45;0.9893
04/01/2025 13:00;0.9306
04/01/2025 13:15;0.9809
04/01/2025 13:30;0.9610
04/01/2025 13:45;0.9658
04/01/2025 14:00;0.9323
04/01/2025 14:15;0.8829
04/01/2025 14:30;0.9480
04/01/2025 14:45;0.8957
04/01/2025 15:00;0.9719
04/01/2025 15:15;0.9771
04/01/2025 15:30;1.0159
04/01/2025 15:45;0.9984
04/01/2025 16:00;1.1014
04/01/2025 16:15;1.1087
04/01/2025 16:30;1.1290
04/01/2025 16:45;1.1244
04/01/2025 17:00;1.4011
04/01/2025 17:15;1.4881
04/01/2025 17:30;1.4594
04/01/2025 17:45;1.4575
04/01/2025 18:00;1.8675
04/01/2025 18:15;1.8522
04/01/2025 18:30;1.8301
04/01/2025 18:45;1.7984
04/01/2025 19:00;1.7640
04/01/2025 19:15;1.8990
04/01/2025 19:30;2.0274
04/01/2025 19:45;1.8988
04/01/2025 20:00;1.7164
04/01/2025 20:15;1.8337
04/01/2025 20:30;1.7640
04/01/2025 20:45;1.6710
04/01/2025 21:00;1.4724
04/01/2025 21:15;1.3897
04/01/2025 21:30;1.4341
04/01/2025 21:45;1.5308
04/01/2025 22:00;1.0015
04/01/2025 22:15;0.9932
04/01/2025 22:30;1.0140
04/01/2025 22:45;1.0377
04/01/2025 23:00;0.7415
04/01/2025 23:15;0.6819
04/01/2025 23:30;0.7118
04/01/2025 23:45;0.7350
05/01/2025 00:00;0.6052
05/01/2025 00:15;0.5978
05/01/2025 00:30;0.5725
05/01/2025 00:45;0.5990
05/01/2025 01:00;0.5302
05/01/2025 01:15;0.5325
05/01/2025 01:30;0.5126
05/01/2025 01:45;0.5255
05/01/2025 02:00;0.5088
05/01/2025 02:15;0.5202
05/01/2025 02:30;0.5088
05/01/2025 02:45;0.5234
05/01/2025 03:00;0.5450
05/01/2025 03:15;0.5269
05/01/2025 03:30;0.5560
05/01/2025 03:45;0.5128
05/01/2025 04:00;0.6173
05/01/2025 04:15;0.5842
05/01/2025 04:30;0.6033
05/01/2025 04:45;0.6054
05/01/2025 05:00;0.8879
05/01/2025 05:15;0.8923
05/01/2025 05:30;0.8940
05/01/2025 05:45;0.8850
05/01/2025 06:00;1.4509
05/01/2025 06:15;1.4042
05/01/2025 06:30;1.5741
05/01/2025 06:45;1.4665
05/01/2025 07:00;1.7062
05/01/2025 07:15;1.7176
05/01/2025 07:30;1.8005
05/01/2025 07:45;1.7871
05/01/2025 08:00;1.2719
05/01/2025 08:15;1.3145
05/01/2025 08:30;1.3693
05/01/2025 08:45;1.3547
05/01/2025 09:00;1.0014
05/01/2025 09:15;1.0322
05/01/2025 09:30;0.9965
05/01/2025 09:45;0.9619
05/01/2025 10:00;0.9231
05/01/2025 10:15;0.9478
05/01/2025 10:30;0.8989
05/01/2025 10:45;0.8912
05/01/2025 11:00;0.9664
05/01/2025 11:15;0.9861
05/01/2025 11:30;0.9555
05/01/2025 11:45;0.9942
05/01/2025 12:00;0.9884
05/01/2025 12:15;0.9255
05/01/2025 12:30;0.9428
05/01/2025 12:45;0.9937
05/01/2025 13:00;0.9626
05/01/2025 13:15;0.9627
05/01/2025 13:30;0.9621
05/01/2025 13:45;0.9039
05/01/2025 14:00;0.9423
05/01/2025 14:15;0.9493
05/01/2025 14:30;0.8881
05/01/2025 14:45;0.9202
05/01/2025 15:00;1.0014
05/01/2025 15:15;0.9860
05/01/2025 15:30;0.9898
05/01/2025 15:45;0.9425
05/01/2025 16:00;1.0792
05/01/2025 16:15;1.1041
05/01/2025 16:30;1.0820
05/01/2025 16:45;1.0955
05/01/2025 17:00;1.4659
05/01/2025 17:15;1.4466
05/01/2025 17:30;1.4376
05/01/2025 17:45;1.4211
05/01/2025 18:00;1.8010
05/01/2025 18:15;1.8015
05/01/2025 18:30;1.8075
05/01/2025 18:45;1.8264
05/01/2025 19:00;1.8405
05/01/2025 19:15;1.9754
05/01/2025 19:30;1.8344
05/01/2025 19:45;1.9082
05/01/2025 20:00;1.5757
05/01/2025 20:15;1.6397
05/01/2025 20:30;1.6548
05/01/2025 20:45;1.6065
05/01/2025 21:00;1.3549
05/01/2025 21:15;1.4160
05/01/2025 21:30;1.3744
05/01/2025 21:45;1.3888
05/01/2025 22:00;1.0364
05/01/2025 22:15;1.0340
05/01/2025 22:30;1.0041
05/01/2025 22:45;1.0607
05/01/2025 23:00;0.7393
05/01/2025 23:15;0.7080
05/01/2025 23:30;0.7041
05/01/2025 23:45;0.6941
06/01/2025 00:00;0.5778
06/01/2025 00:15;0.6010
06/01/2025 00:30;0.6215
06/01/2025 00:45;0.5789
06/01/2025 01:00;0.5179
06/01/2025 01:15;0.5184
06/01/2025 01:30;0.5162
06/01/2025 01:45;0.5152
06/01/2025 02:00;0.5156
06/01/2025 02:15;0.5100
06/01/2025 02:30;0.5054
06/01/2025 02:45;0.4881
06/01/2025 03:00;0.5348
06/01/2025 03:15;0.5122
06/01/2025 03:30;0.5221
06/01/2025 03:45;0.5373
06/01/2025 04:00;0.5935
06/01/2025 04:15;0.6340
06/01/2025 04:30;0.5830
06/01/2025 04:45;0.6230
06/01/2025 05:00;0.8823
06/01/2025 05:15;0.8664
06/01/2025 05:30;0.8650
06/01/2025 05:45;0.9011
06/01/2025 06:00;1.4627
06/01/2025 06:15;1.4709
06/01/2025 06:30;1.4580
06/01/2025 06:45;1.4222
06/01/2025 07:00;1.8525
06/01/2025 07:15;1.7575
06/01/2025 07:30;1.7296
06/01/2025 07:45;1.8451
06/01/2025 08:00;1.3138
06/01/2025 08:15;1.3523
06/01/2025 08:30;1.3368
06/01/2025 08:45;1.2469
06/01/2025 09:00;0.9709
06/01/2025 09:15;1.0012
06/01/2025 09:30;0.9804
06/01/2025 09:45;0.9928
06/01/2025 10:00;0.9035
06/01/2025 10:15;0.8548
06/01/2025 10:30;0.9179
06/01/2025 10:45;0.9074
06/01/2025 11:00;0.9657
06/01/2025 11:15;0.9902
06/01/2025 11:30;0.9394
06/01/2025 11:45;0.9327
06/01/2025 12:00;0.9227
06/01/2025 12:15;1.0560
06/01/2025 12:30;0.9961
06/01/2025 12:45;0.9965
06/01/2025 13:00;0.9468
06/01/2025 13:15;0.9833
06/01/2025 13:30;1.0011
06/01/2025 13:45;0.9654
06/01/2025 14:00;0.9378
06/01/2025 14:15;0.9562
06/01/2025 14:30;0.9197
06/01/2025 14:45;0.9332
06/01/2025 15:00;0.9888
06/01/2025 15:15;1.0497
06/01/2025 15:30;0.9673
06/01/2025 15:45;1.0340
06/01/2025 16:00;1.1324
06/01/2025 16:15;1.1154
06/01/2025 16:30;1.1511
06/01/2025 16:45;1.1574
06/01/2025 17:00;1.4534
06/01/2025 17:15;1.4213
06/01/2025 17:30;1.4281
06/01/2025 17:45;1.5203
06/01/2025 18:00;1.7877
06/01/2025 18:15;1.6697
06/01/2025 18:30;1.9218
06/01/2025 18:45;1.8814
06/01/2025 19:00;1.8687
06/01/2025 19:15;1.9421
06/01/2025 19:30;1.9433
06/01/2025 19:45;1.8203
06/01/2025 20:00;1.7008
06/01/2025 20:15;1.7708
06/01/2025 20:30;1.7661
06/01/2025 20:45;1.7718
06/01/2025 21:00;1.5328
06/01/2025 21:15;1.4564
06/01/2025 21:30;1.4725
06/01/2025 21:45;1.4415
06/01/2025 22:00;1.0408
06/01/2025 22:15;0.9926
06/01/2025 22:30;1.0121
06/01/2025 22:45;1.0000
06/01/2025 23:00;0.6782
06/01/2025 23:15;0.7310
06/01/2025 23:30;0.6703
06/01/2025 23:45;0.7116
07/01/2025 00:00;0.5853
07/01/2025 00:15;0.5946
07/01/2025 00:30;0.5812
07/01/2025 00:45;0.5658
07/01/2025 01:00;0.5333
07/01/2025 01:15;0.5125
07/01/2025 01:30;0.5335
07/01/2025 01:45;0.4974
07/01/2025 02:00;0.4878
07/01/2025 02:15;0.5193
07/01/2025 02:30;0.5054
07/01/2025 02:45;0.4837
07/01/2025 03:00;0.5211
07/01/2025 03:15;0.5102
07/01/2025 03:30;0.5300
07/01/2025 03:45;0.5279
07/01/2025 04:00;0.5732
07/01/2025 04:15;0.5880
07/01/2025 04:30;0.6060
07/01/2025 04:45;0.5927
07/01/2025 05:00;0.8272
07/01/2025 05:15;0.8750
07/01/2025 05:30;0.8477
07/01/2025 05:45;0.8518
07/01/2025 06:00;1.4199
07/01/2025 06:15;1.4655
07/01/2025 06:30;1.4567
07/01/2025 06:45;1.4530
07/01/2025 07:00;1.7223
07/01/2025 07:15;1.6283
07/01/2025 07:30;1.6673
07/01/2025 07:45;1.7432
07/01/2025 08:00;1.2770
07/01/2025 08:15;1.3167
07/01/2025 08:30;1.3376
07/01/2025 08:45;1.3249
07/01/2025 09:00;0.9372
07/01/2025 09:15;0.9710
07/01/2025 09:30;0.9251
07/01/2025 09:45;1.0135
07/01/2025 10:00;0.8978
07/01/2025 10:15;0.8970
07/01/2025 10:30;0.9496
07/01/2025 10:45;0.9235
07/01/2025 11:00;0.8794
07/01/2025 11:15;0.9296
07/01/2025 11:30;0.9253
07/01/2025 11:45;0.8934
07/01/2025 12:00;0.9721
07/01/2025 12:15;0.9506
07/01/2025 12:30;0.9414
07/01/2025 12:45;0.9969
07/01/2025 13:00;0.9651
07/01/2025 13:15;0.9300
07/01/2025 13:30;0.9531
07/01/2025 13:45;0.8784
07/01/2025 14:00;0.8843
07/01/2025 14:15;0.9066
07/01/2025 14:30;0.9188
07/01/2025 14:45;0.9090
07/01/2025 15:00;0.8955
07/01/2025 15:15;0.9615
07/01/2025 15:30;0.9296
07/01/2025 15:45;0.9690
07/01/2025 16:00;1.1007
07/01/2025 16:15;1.1215
07/01/2025 16:30;1.0894
07/01/2025 16:45;1.0862
07/01/2025 17:00;1.3685
07/01/2025 17:15;1.4305
07/01/2025 17:30;1.4700
07/01/2025 17:45;1.3363
07/01/2025 18:00;1.7364
07/01/2025 18:15;1.7568
07/01/2025 18:30;1.8266
07/01/2025 18:45;1.8172
07/01/2025 19:00;1.8089
07/01/2025 19:15;1.9224
07/01/2025 19:30;1.8733
07/01/2025 19:45;1.8860
07/01/2025 20:00;1.8009
07/01/2025 20:15;1.7581
07/01/2025 20:30;1.6539
07/01/2025 20:45;1.8576
07/01/2025 21:00;1.3917
07/01/2025 21:15;1.4363
07/01/2025 21:30;1.3743
07/01/2025 21:45;1.4215
07/01/2025 22:00;1.0173
07/01/2025 22:15;0.9648
07/01/2025 22:30;0.9761
07/01/2025 22:45;1.0065
07/01/2025 23:00;0.6789
07/01/2025 23:15;0.6765
07/01/2025 23:30;0.6817
07/01/2025 23:45;0.6872
08/01/2025 00:00;0.6685
08/01/2025 00:15;0.6416
08/01/2025 00:30;0.6542
08/01/2025 00:45;0.6301
08/01/2025 01:00;0.5989
08/01/2025 01:15;0.5804
08/01/2025 01:30;0.5653
08/01/2025 01:45;0.5688
08/01/2025 02:00;0.5517
08/01/2025 02:15;0.5585
08/01/2025 02:30;0.5467
08/01/2025 02:45;0.5667
08/01/2025 03:00;0.5832
08/01/2025 03:15;0.5818
08/01/2025 03:30;0.5992
08/01/2025 03:45;0.6041
08/01/2025 04:00;0.6355
08/01/2025 04:15;0.6763
08/01/2025 04:30;0.6791
08/01/2025 04:45;0.6684
08/01/2025 05:00;0.9867
08/01/2025 05:15;0.9928
08/01/2025 05:30;0.9775
08/01/2025 05:45;0.9100
08/01/2025 06:00;1.5617
08/01/2025 06:15;1.6402
08/01/2025 06:30;1.5992
08/01/2025 06:45;1.5379
08/01/2025 07:00;1.8696
08/01/2025 07:15;1.8201
08/01/2025 07:30;1.8513
08/01/2025 07:45;1.7975
08/01/2025 08:00;1.4396
08/01/2025 08:15;1.3602
08/01/2025 08:30;1.4861
08/01/2025 08:45;1.5135
08/01/2025 09:00;1.0423
08/01/2025 09:15;1.0693
08/01/2025 09:30;1.1633
08/01/2025 09:45;1.1352
08/01/2025 10:00;1.0567
08/01/2025 10:15;0.9854
08/01/2025 10:30;1.0123
08/01/2025 10:45;1.0024
08/01/2025 11:00;1.0241
08/01/2025 11:15;1.0368
08/01/2025 11:30;0.9921
08/01/2025 11:45;1.0423
08/01/2025 12:00;1.0596
08/01/2025 12:15;1.0245
08/01/2025 12:30;1.1217
08/01/2025 12:45;1.0842
08/01/2025 13:00;1.0495
08/01/2025 13:15;0.9873
08/01/2025 13:30;1.0290
08/01/2025 13:45;1.0345
08/01/2025 14:00;1.0342
08/01/2025 14:15;0.9548
08/01/2025 14:30;1.0166
08/01/2025 14:45;1.0153
08/01/2025 15:00;1.0997
08/01/2025 15:15;1.0621
08/01/2025 15:30;1.0926
08/01/2025 15:45;1.0716
08/01/2025 16:00;1.2038
08/01/2025 16:15;1.2536
08/01/2025 16:30;1.1785
08/01/2025 16:45;1.2078
08/01/2025 17:00;1.6892
08/01/2025 17:15;1.6036
08/01/2025 17:30;1.6414
08/01/2025 17:45;1.5194
08/01/2025 18:00;1.9150
08/01/2025 18:15;2.0144
08/01/2025 18:30;2.0906
08/01/2025 18:45;1.9651
08/01/2025 19:00;1.9882
08/01/2025 19:15;2.0046
08/01/2025 19:30;2.1859
08/01/2025 19:45;2.0548
08/01/2025 20:00;1.7982
08/01/2025 20:15;1.8285
08/01/2025 20:30;1.8316
08/01/2025 20:45;1.7804
08/01/2025 21:00;1.5264
08/01/2025 21:15;1.5654
08/01/2025 21:30;1.5485
08/01/2025 21:45;1.4895
08/01/2025 22:00;1.0912
08/01/2025 22:15;1.1127
08/01/2025 22:30;1.1077
08/01/2025 22:45;1.0638
08/01/2025 23:00;0.7496
08/01/2025 23:15;0.7792
08/01/2025 23:30;0.7589
08/01/2025 23:45;0.7778
09/01/2025 00:00;0.5395
09/01/2025 00:15;0.5614
09/01/2025 00:30;0.5463
09/01/2025 00:45;0.5534
09/01/2025 01:00;0.5108
09/01/2025 01:15;0.4838
09/01/2025 01:30;0.4860
09/01/2025 01:45;0.4851
09/01/2025 02:00;0.4766
09/01/2025 02:15;0.4891
09/01/2025 02:30;0.4840
09/01/2025 02:45;0.4883
09/01/2025 03:00;0.5079
09/01/2025 03:15;0.5199
09/01/2025 03:30;0.4935
09/01/2025 03:45;0.4890
09/01/2025 04:00;0.5435
09/01/2025 04:15;0.5841
09/01/2025 04:30;0.5634
09/01/2025 04:45;0.5482
09/01/2025 05:00;0.7864
09/01/2025 05:15;0.8353
09/01/2025 05:30;0.8401
09/01/2025 05:45;0.8171
09/01/2025 06:00;1.3088
09/01/2025 06:15;1.2827
09/01/2025 06:30;1.3627
09/01/2025 06:45;1.4092
09/01/2025 07:00;1.7204
09/01/2025 07:15;1.6489
09/01/2025 07:30;1.6680
09/01/2025 07:45;1.6698
09/01/2025 08:00;1.3039
09/01/2025 08:15;1.2683
09/01/2025 08:30;1.3069
09/01/2025 08:45;1.2541
09/01/2025 09:00;0.9791
09/01/2025 09:15;0.9351
09/01/2025 09:30;0.9780
09/01/2025 09:45;0.9131
09/01/2025 10:00;0.9200
09/01/2025 10:15;0.8631
09/01/2025 10:30;0.9119
09/01/2025 10:45;0.8856
09/01/2025 11:00;0.9404
09/01/2025 11:15;0.9169
09/01/2025 11:30;0.9153
09/01/2025 11:45;0.9053
09/01/2025 12:00;0.9027
09/01/2025 12:15;0.9481
09/01/2025 12:30;0.9505
09/01/2025 12:45;0.9481
09/01/2025 13:00;0.9181
09/01/2025 13:15;0.9264
09/01/2025 13:30;0.8618
09/01/2025 13:45;0.9193
09/01/2025 14:00;0.9239
09/01/2025 14:15;0.8484
09/01/2025 14:30;0.8955
09/01/2025 14:45;0.8481
09/01/2025 15:00;0.9426
09/01/2025 15:15;0.9105
09/01/2025 15:30;0.9269
09/01/2025 15:45;0.9286
09/01/2025 16:00;1.0210
09/01/2025 16:15;1.0032
09/01/2025 16:30;0.9937
09/01/2025 16:45;1.0639
09/01/2025 17:00;1.3610
09/01/2025 17:15;1.4094
09/01/2025 17:30;1.3263
09/01/2025 17:45;1.4636
09/01/2025 18:00;1.7079
09/01/2025 18:15;1.7181
09/01/2025 18:30;1.7302
09/01/2025 18:45;1.8760
09/01/2025 19:00;1.8790
09/01/2025 19:15;1.8424
09/01/2025 19:30;1.7457
09/01/2025 19:45;1.7490
09/01/2025 20:00;1.7483
09/01/2025 20:15;1.6131
09/01/2025 20:30;1.5988
09/01/2025 20:45;1.7158
09/01/2025 21:00;1.3953
09/01/2025 21:15;1.3410
09/01/2025 21:30;1.3758
09/01/2025 21:45;1.4081
09/01/2025 22:00;0.9085
09/01/2025 22:15;0.9471
09/01/2025 22:30;0.9330
09/01/2025 22:45;0.9644
09/01/2025 23:00;0.6641
09/01/2025 23:15;0.6508
09/01/2025 23:30;0.6404
09/01/2025 23:45;0.6648
10/01/2025 00:00;0.5828
10/01/2025 00:15;0.5697
10/01/2025 00:30;0.5685
10/01/2025 00:45;0.5400
10/01/2025 01:00;0.5092
10/01/2025 01:15;0.5126
10/01/2025 01:30;0.5101
10/01/2025 01:45;0.5037
10/01/2025 02:00;0.4884
10/01/2025 02:15;0.4810
10/01/2025 02:30;0.4984
10/01/2025 02:45;0.4956
10/01/2025 03:00;0.5208
10/01/2025 03:15;0.5207
10/01/2025 03:30;0.5072
10/01/2025 03:45;0.5060
10/01/2025 04:00;0.5702
10/01/2025 04:15;0.5703
10/01/2025 04:30;0.5662
10/01/2025 04:45;0.5575
10/01/2025 05:00;0.8752
10/01/2025 05:15;0.8427
10/01/2025 05:30;0.8484
10/01/2025 05:45;0.8674
10/01/2025 06:00;1.3921
10/01/2025 06:15;1.4431
10/01/2025 06:30;1.4128
10/01/2025 06:45;1.4580
10/01/2025 07:00;1.7967
10/01/2025 07:15;1.7360
10/01/2025 07:30;1.8033
10/01/2025 07:45;1.6670
10/01/2025 08:00;1.3725
10/01/2025 08:15;1.3648
10/01/2025 08:30;1.2825
10/01/2025 08:45;1.3034
10/01/2025 09:00;0.9664
10/01/2025 09:15;0.9583
10/01/2025 09:30;0.9623
10/01/2025 09:45;0.9689
10/01/2025 10:00;0.8587
10/01/2025 10:15;0.9346
10/01/2025 10:30;0.8988
10/01/2025 10:45;0.9282
10/01/2025 11:00;0.9428
10/01/2025 11:15;0.9253
10/01/2025 11:30;0.9562
10/01/2025 11:45;0.9531
10/01/2025 12:00;0.9874
10/01/2025 12:15;0.9148
10/01/2025 12:30;0.9713
10/01/2025 12:45;0.9366
10/01/2025 13:00;0.9301
10/01/2025 13:15;0.9207
10/01/2025 13:30;0.8831
10/01/2025 13:45;0.9038
10/01/2025 14:00;0.9017
10/01/2025 14:15;0.9228
10/01/2025 14:30;0.8597
10/01/2025 14:45;0.8931
10/01/2025 15:00;1.0173
10/01/2025 15:15;0.9321
10/01/2025 15:30;0.9700
10/01/2025 15:45;0.9661
10/01/2025 16:00;1.1301
10/01/2025 16:15;1.1248
10/01/2025 16:30;1.1844
10/01/2025 16:45;1.1124
10/01/2025 17:00;1.4392
10/01/2025 17:15;1.3991
10/01/2025 17:30;1.3750
10/01/2025 17:45;1.5191
10/01/2025 18:00;1.7920
10/01/2025 18:15;1.8958
10/01/2025 18:30;1.8164
10/01/2025 18:45;1.8784
10/01/2025 19:00;1.8992
10/01/2025 19:15;1.8485
10/01/2025 19:30;1.9364
10/01/2025 19:45;1.9064
10/01/2025 20:00;1.9093
10/01/2025 20:15;1.7451
10/01/2025 20:30;1.7324
10/01/2025 20:45;1.7155
10/01/2025 21:00;1.4477
10/01/2025 21:15;1.4101
10/01/2025 21:30;1.3922
10/01/2025 21:45;1.4042
10/01/2025 22:00;1.0159
10/01/2025 22:15;1.0305
10/01/2025 22:30;0.9677
10/01/2025 22:45;1.0034
10/01/2025 23:00;0.6820
10/01/2025 23:15;0.7178
10/01/2025 23:30;0.6888
10/01/2025 23:45;0.6864
11/01/2025 00:00;0.5252
11/01/2025 00:15;0.5274
11/01/2025 00:30;0.5004
11/01/2025 00:45;0.5184
11/01/2025 01:00;0.4505
11/01/2025 01:15;0.4691
11/01/2025 01:30;0.4697
11/01/2025 01:45;0.4741
11/01/2025 02:00;0.4649
11/01/2025 02:15;0.4405
11/01/2025 02:30;0.4453
11/01/2025 02:45;0.4545
11/01/2025 03:00;0.4660
11/01/2025 03:15;0.4735
11/01/2025 03:30;0.4770
11/01/2025 03:45;0.5006
11/01/2025 04:00;0.5292
11/01/2025 04:15;0.5155
11/01/2025 04:30;0.5636
11/01/2025 04:45;0.5446
11/01/2025 05:00;0.8040
11/01/2025 05:15;0.7728
11/01/2025 05:30;0.7343
11/01/2025 05:45;0.7881
11/01/2025 06:00;1.2900
11/01/2025 06:15;1.2341
11/01/2025 06:30;1.3289
11/01/2025 06:45;1.2683
11/01/2025 07:00;1.4293
11/01/2025 07:15;1.4514
11/01/2025 07:30;1.6311
11/01/2025 07:45;1.5134
11/01/2025 08:00;1.1549
11/01/2025 08:15;1.1814
11/01/2025 08:30;1.1379
11/01/2025 08:45;1.1632
11/01/2025 09:00;0.8846
11/01/2025 09:15;0.8806
11/01/2025 09:30;0.8597
11/01/2025 09:45;0.8940
11/01/2025 10:00;0.8022
11/01/2025 10:15;0.8509
11/01/2025 10:30;0.8336
11/01/2025 10:45;0.8504
11/01/2025 11:00;0.8491
11/01/2025 11:15;0.8910
11/01/2025 11:30;0.8118
11/01/2025 11:45;0.8661
11/01/2025 12:00;0.8579
11/01/2025 12:15;0.8584
11/01/2025 12:30;0.8648
11/01/2025 12:45;0.8279
11/01/2025 13:00;0.8176
11/01/2025 13:15;0.8677
11/01/2025 13:30;0.8662
11/01/2025 13:45;0.8806
11/01/2025 14:00;0.8208
11/01/2025 14:15;0.8511
11/01/2025 14:30;0.8580
11/01/2025 14:45;0.8221
11/01/2025 15:00;0.8694
11/01/2025 15:15;0.8635
11/01/2025 15:30;0.8869
11/01/2025 15:45;0.8516
11/01/2025 16:00;0.9871
11/01/2025 16:15;1.0077
11/01/2025 16:30;0.9858
11/01/2025 16:45;0.9698
11/01/2025 17:00;1.3100
11/01/2025 17:15;1.3313
11/01/2025 17:30;1.2912
11/01/2025 17:45;1.3808
11/01/2025 18:00;1.5858
11/01/2025 18:15;1.5738
11/01/2025 18:30;1.5921
11/01/2025 18:45;1.5985
11/01/2025 19:00;1.6137
11/01/2025 19:15;1.6743
11/01/2025 19:30;1.6777
11/01/2025 19:45;1.7028
11/01/2025 20:00;1.5994
11/01/2025 20:15;1.4862
11/01/2025 20:30;1.5324
11/01/2025 20:45;1.5446
11/01/2025 21:00;1.2368
11/01/2025 21:15;1.2355
11/01/2025 21:30;1.3195
11/01/2025 21:45;1.2969
11/01/2025 22:00;0.8266
11/01/2025 22:15;0.9099
11/01/2025 22:30;0.8841
11/01/2025 22:45;0.9006
11/01/2025 23:00;0.6110
11/01/2025 23:15;0.6398
11/01/2025 23:30;0.6172
11/01/2025 23:45;0.6551
12/01/2025 00:00;0.5695
12/01/2025 00:15;0.5617
12/01/2025 00:30;0.5614
12/01/2025 00:45;0.5552
12/01/2025 01:00;0.5052
12/01/2025 01:15;0.4983
12/01/2025 01:30;0.4923
12/01/2025 01:45;0.5011
12/01/2025 02:00;0.4908
12/01/2025 02:15;0.5048
12/01/2025 02:30;0.5018
12/01/2025 02:45;0.4921
12/01/2025 03:00;0.5156
12/01/2025 03:15;0.5454
12/01/2025 03:30;0.5092
12/01/2025 03:45;0.5255
12/01/2025 04:00;0.5762
12/01/2025 04:15;0.5761
12/01/2025 04:30;0.5920
12/01/2025 04:45;0.5546
12/01/2025 05:00;0.8289
12/01/2025 05:15;0.8256
12/01/2025 05:30;0.8549
12/01/2025 05:45;0.8495
12/01/2025 06:00;1.3640
12/01/2025 06:15;1.4144
12/01/2025 06:30;1.3473
12/01/2025 06:45;1.3260
12/01/2025 07:00;1.5434
12/01/2025 07:15;1.6124
12/01/2025 07:30;1.5199
12/01/2025 07:45;1.6187
12/01/2025 08:00;1.2051
12/01/2025 08:15;1.1711
12/01/2025 08:30;1.1792
12/01/2025 08:45;1.2214
12/01/2025 09:00;0.9699
12/01/2025 09:15;0.9475
12/01/2025 09:30;0.9584
12/01/2025 09:45;0.9507
12/01/2025 10:00;0.9046
12/01/2025 10:15;0.8746
12/01/2025 10:30;0.8536
12/01/2025 10:45;0.8561
12/01/2025 11:00;0.8832
12/01/2025 11:15;0.9251
12/01/2025 11:30;0.9048
12/01/2025 11:45;0.9280
12/01/2025 12:00;0.9181
12/01/2025 12:15;0.9193
12/01/2025 12:30;0.9011
12/01/2025 12:45;0.9287
12/01/2025 13:00;0.8890
12/01/2025 13:15;0.8564
12/01/2025 13:30;0.9116
12/01/2025 13:45;0.8845
12/01/2025 14:00;0.8882
12/01/2025 14:15;0.8514
12/01/2025 14:30;0.8307
12/01/2025 14:45;0.8769
12/01/2025 15:00;0.9087
12/01/2025 15:15;0.8818
12/01/2025 15:30;0.9201
12/01/2025 15:45;0.9053
12/01/2025 16:00;1.0527
12/01/2025 16:15;0.9950
12/01/2025 16:30;1.0539
12/01/2025 16:45;1.0127
12/01/2025 17:00;1.3453
12/01/2025 17:15;1.3165
12/01/2025 17:30;1.2710
12/01/2025 17:45;1.3787
12/01/2025 18:00;1.5936
12/01/2025 18:15;1.6133
12/01/2025 18:30;1.6503
12/01/2025 18:45;1.6995
12/01/2025 19:00;1.7936
12/01/2025 19:15;1.7281
12/01/2025 19:30;1.5968
12/01/2025 19:45;1.7300
12/01/2025 20:00;1.5193
12/01/2025 20:15;1.5713
12/01/2025 20:30;1.5046
12/01/2025 20:45;1.5330
12/01/2025 21:00;1.2687
12/01/2025 21:15;1.2948
12/01/2025 21:30;1.2947
12/01/2025 21:45;1.3267
12/01/2025 22:00;0.9267
12/01/2025 22:15;0.9517
12/01/2025 22:30;0.9480
12/01/2025 22:45;0.9350
12/01/2025 23:00;0.6414
12/01/2025 23:15;0.6358
12/01/2025 23:30;0.6516
12/01/2025 23:45;0.6455
13/01/2025 00:00;0.6648
13/01/2025 00:15;0.6950
13/01/2025 00:30;0.6725
13/01/2025 00:45;0.6535
13/01/2025 01:00;0.5820
13/01/2025 01:15;0.5754
13/01/2025 01:30;0.5768
13/01/2025 01:45;0.6095
13/01/2025 02:00;0.5886
13/01/2025 02:15;0.5909
13/01/2025 02:30;0.5524
13/01/2025 02:45;0.5787
13/01/2025 03:00;0.6051
13/01/2025 03:15;0.6116
13/01/2025 03:30;0.6137
13/01/2025 03:45;0.5997
13/01/2025 04:00;0.6748
13/01/2025 04:15;0.6698
13/01/2025 04:30;0.6747
13/01/2025 04:45;0.6671
13/01/2025 05:00;0.9734
13/01/2025 05:15;1.0144
13/01/2025 05:30;0.9408
13/01/2025 05:45;0.9986
13/01/2025 06:00;1.6022
13/01/2025 06:15;1.6223
13/01/2025 06:30;1.6379
13/01/2025 06:45;1.6648
13/01/2025 07:00;1.9337
13/01/2025 07:15;1.8461
13/01/2025 07:30;1.8852
13/01/2025 07:45;1.9800
13/01/2025 08:00;1.4638
13/01/2025 08:15;1.4921
13/01/2025 08:30;1.5048
13/01/2025 08:45;1.4487
13/01/2025 09:00;1.1126
13/01/2025 09:15;1.1465
13/01/2025 09:30;1.1357
13/01/2025 09:45;1.0932
13/01/2025 10:00;0.9959
13/01/2025 10:15;1.0112
13/01/2025 10:30;1.0664
13/01/2025 10:45;1.0551
13/01/2025 11:00;1.0595
13/01/2025 11:15;1.0276
13/01/2025 11:30;1.1017
13/01/2025 11:45;1.0715
13/01/2025 12:00;1.1143
13/01/2025 12:15;1.0895
13/01/2025 12:30;1.1163
13/01/2025 12:45;1.0724
13/01/2025 13:00;1.0413
13/01/2025 13:15;1.0891
13/01/2025 13:30;1.0341
13/01/2025 13:45;1.0618
13/01/2025 14:00;1.0521
13/01/2025 14:15;0.9809
13/01/2025 14:30;1.0517
13/01/2025 14:45;1.0460
13/01/2025 15:00;1.0954
13/01/2025 15:15;1.0381
13/01/2025 15:30;1.0911
13/01/2025 15:45;1.1465
13/01/2025 16:00;1.2375
13/01/2025 16:15;1.2168
13/01/2025 16:30;1.2340
13/01/2025 16:45;1.2433
13/01/2025 17:00;1.4767
13/01/2025 17:15;1.6166
13/01/2025 17:30;1.6561
13/01/2025 17:45;1.5793
13/01/2025 18:00;2.0159
13/01/2025 18:15;1.9463
13/01/2025 18:30;2.0377
13/01/2025 18:45;2.0149
13/01/2025 19:00;2.1469
13/01/2025 19:15;2.0528
13/01/2025 19:30;2.1556
13/01/2025 19:45;2.0964
13/01/2025 20:00;1.9390
13/01/2025 20:15;1.8364
13/01/2025 20:30;1.9761
13/01/2025 20:45;1.9645
13/01/2025 21:00;1.6785
13/01/2025 21:15;1.5626
13/01/2025 21:30;1.6842
13/01/2025 21:45;1.6349
13/01/2025 22:00;1.1008
13/01/2025 22:15;1.1218
13/01/2025 22:30;1.1382
13/01/2025 22:45;1.1447
13/01/2025 23:00;0.7845
13/01/2025 23:15;0.7709
13/01/2025 23:30;0.7956
13/01/2025 23:45;0.7458
14/01/2025 00:00;0.6641
14/01/2025 00:15;0.6728
14/01/2025 00:30;0.6555
14/01/2025 00:45;0.6689
14/01/2025 01:00;0.5873
14/01/2025 01:15;0.5896
14/01/2025 01:30;0.5805
14/01/2025 01:45;0.5554
14/01/2025 02:00;0.5560
14/01/2025 02:15;0.5811
14/01/2025 02:30;0.5929
14/01/2025 02:45;0.5637
14/01/2025 03:00;0.6077
14/01/2025 03:15;0.5772
14/01/2025 03:30;0.5858
14/01/2025 03:45;0.6177
14/01/2025 04:00;0.6534
14/01/2025 04:15;0.6674
14/01/2025 04:30;0.6362
14/01/2025 04:45;0.6623
14/01/2025 05:00;0.9891
14/01/2025 05:15;1.0178
14/01/2025 05:30;0.9590
14/01/2025 05:45;0.9631
14/01/2025 06:00;1.6710
14/01/2025 06:15;1.6193
14/01/2025 06:30;1.6730
14/01/2025 06:45;1.5975
14/01/2025 07:00;1.9212
14/01/2025 07:15;2.0675
14/01/2025 07:30;1.8405
14/01/2025 07:45;1.8853
14/01/2025 08:00;1.4364
14/01/2025 08:15;1.4921
14/01/2025 08:30;1.4690
14/01/2025 08:45;1.5009
14/01/2025 09:00;1.0737
14/01/2025 09:15;1.0800
14/01/2025 09:30;1.0722
14/01/2025 09:45;1.0934
14/01/2025 10:00;0.9810
14/01/2025 10:15;1.0259
14/01/2025 10:30;1.0154
14/01/2025 10:45;1.0179
14/01/2025 11:00;1.1077
14/01/2025 11:15;1.0009
14/01/2025 11:30;1.0254
14/01/2025 11:45;1.0676
14/01/2025 12:00;1.1105
14/01/2025 12:15;1.0774
14/01/2025 12:30;1.1348
14/01/2025 12:45;1.0557
14/01/2025 13:00;1.0323
14/01/2025 13:15;1.0598
14/01/2025 13:30;1.0392
14/01/2025 13:45;1.0790
14/01/2025 14:00;1.0579
14/01/2025 14:15;1.0156
14/01/2025 14:30;1.0424
14/01/2025 14:45;1.0348
14/01/2025 15:00;1.0569
14/01/2025 15:15;1.0987
14/01/2025 15:30;1.0810
14/01/2025 15:45;1.0944
14/01/2025 16:00;1.2013
14/01/2025 16:15;1.1847
14/01/2025 16:30;1.2211
14/01/2025 16:45;1.2484
14/01/2025 17:00;1.5009
14/01/2025 17:15;1.6216
14/01/2025 17:30;1.4981
14/01/2025 17:45;1.4869
14/01/2025 18:00;2.0673
14/01/2025 18:15;2.0361
14/01/2025 18:30;1.9651
14/01/2025 18:45;2.0083
14/01/2025 19:00;2.1918
14/01/2025 19:15;2.0084
14/01/2025 19:30;2.1546
14/01/2025 19:45;2.0963
14/01/2025 20:00;1.8195
14/01/2025 20:15;1.8100
14/01/2025 20:30;1.8837
14/01/2025 20:45;1.9684
14/01/2025 21:00;1.6062
14/01/2025 21:15;1.6068
14/01/2025 21:30;1.5233
14/01/2025 21:45;1.6483
14/01/2025 22:00;1.1418
14/01/2025 22:15;1.1692
14/01/2025 22:30;1.1303
14/01/2025 22:45;1.1096
14/01/2025 23:00;0.7931
14/01/2025 23:15;0.7586
14/01/2025 23:30;0.7895
14/01/2025 23:45;0.7527
15/01/2025 00:00;0.5948
15/01/2025 00:15;0.6307
15/01/2025 00:30;0.6266
15/01/2025 00:45;0.6446
15/01/2025 01:00;0.5797
15/01/2025 01:15;0.5646
15/01/2025 01:30;0.5787
15/01/2025 01:45;0.5561
15/01/2025 02:00;0.5424
15/01/2025 02:15;0.5617
15/01/2025 02:30;0.5375
15/01/2025 02:45;0.5409
15/01/2025 03:00;0.5635
15/01/2025 03:15;0.5651
15/01/2025 03:30;0.5674
15/01/2025 03:45;0.5622
15/01/2025 04:00;0.6697
15/01/2025 04:15;0.6659
15/01/2025 04:30;0.6290
15/01/2025 04:45;0.6620
15/01/2025 05:00;0.9436
15/01/2025 05:15;0.9161
15/01/2025 05:30;0.9874
15/01/2025 05:45;0.9314
15/01/2025 06:00;1.5621
15/01/2025 06:15;1.5185
15/01/2025 06:30;1.5171
15/01/2025 06:45;1.5859
15/01/2025 07:00;1.8590
15/01/2025 07:15;1.9282
15/01/2025 07:30;1.7853
15/01/2025 07:45;1.8488
15/01/2025 08:00;1.2932
15/01/2025 08:15;1.3616
15/01/2025 08:30;1.4164
15/01/2025 08:45;1.4372
15/01/2025 09:00;1.1326
15/01/2025 09:15;1.0970
15/01/2025 09:30;1.0709
15/01/2025 09:45;1.0506
15/01/2025 10:00;1.0136
15/01/2025 10:15;0.9430
15/01/2025 10:30;1.0050
15/01/2025 10:45;0.9869
15/01/2025 11:00;0.9875
15/01/2025 11:15;1.0192
15/01/2025 11:30;1.0386
15/01/2025 11:45;1.0323
15/01/2025 12:00;1.0151
15/01/2025 12:15;1.0657
15/01/2025 12:30;1.0357
15/01/2025 12:45;1.0464
15/01/2025 13:00;0.9985
15/01/2025 13:15;1.0002
15/01/2025 13:30;1.0059
15/01/2025 13:45;1.0476
15/01/2025 14:00;0.9934
15/01/2025 14:15;0.9771
15/01/2025 14:30;0.9929
15/01/2025 14:45;0.9601
15/01/2025 15:00;1.0515
15/01/2025 15:15;0.9819
15/01/2025 15:30;1.0374
15/01/2025 15:45;1.0515
15/01/2025 16:00;1.2436
15/01/2025 16:15;1.1728
15/01/2025 16:30;1.0903
15/01/2025 16:45;1.1579
15/01/2025 17:00;1.5107
15/01/2025 17:15;1.4653
15/01/2025 17:30;1.4206
15/01/2025 17:45;1.6328
15/01/2025 18:00;1.8793
15/01/2025 18:15;1.8854
15/01/2025 18:30;1.9914
15/01/2025 18:45;1.9235
15/01/2025 19:00;1.8840
15/01/2025 19:15;2.1099
15/01/2025 19:30;1.8890
15/01/2025 19:45;1.9625
15/01/2025 20:00;1.8152
15/01/2025 20:15;1.6924
15/01/2025 20:30;1.8689
15/01/2025 20:45;1.8011
15/01/2025 21:00;1.5044
15/01/2025 21:15;1.4687
15/01/2025 21:30;1.4965
15/01/2025 21:45;1.5536
15/01/2025 22:00;1.0747
15/01/2025 22:15;1.0758
15/01/2025 22:30;1.0278
15/01/2025 22:45;1.0585
15/01/2025 23:00;0.7359
15/01/2025 23:15;0.7196
15/01/2025 23:30;0.7401
15/01/2025 23:45;0.7378
16/01/2025 00:00;0.5012
16/01/2025 00:15;0.5328
16/01/2025 00:30;0.5356
16/01/2025 00:45;0.5090
16/01/2025 01:00;0.4534
16/01/2025 01:15;0.4625
16/01/2025 01:30;0.4551
16/01/2025 01:45;0.4598
16/01/2025 02:00;0.4292
16/01/2025 02:15;0.4345
16/01/2025 02:30;0.4391
16/01/2025 02:45;0.4249
16/01/2025 03:00;0.4419
16/01/2025 03:15;0.4622
16/01/2025 03:30;0.4674
16/01/2025 03:45;0.4587
16/01/2025 04:00;0.5173
16/01/2025 04:15;0.5067
16/01/2025 04:30;0.4979
16/01/2025 04:45;0.5182
16/01/2025 05:00;0.7990
16/01/2025 05:15;0.7727
16/01/2025 05:30;0.7882
16/01/2025 05:45;0.7693
16/01/2025 06:00;1.3850
16/01/2025 06:15;1.4415
16/01/2025 06:30;1.3196
16/01/2025 06:45;1.4241
16/01/2025 07:00;1.7359
16/01/2025 07:15;1.6888
16/01/2025 07:30;1.7241
16/01/2025 07:45;1.7727
16/01/2025 08:00;1.2086
16/01/2025 08:15;1.2656
16/01/2025 08:30;1.2579
16/01/2025 08:45;1.2874
16/01/2025 09:00;0.8923
16/01/2025 09:15;0.9564
16/01/2025 09:30;0.9721
16/01/2025 09:45;0.9389
16/01/2025 10:00;0.8467
16/01/2025 10:15;0.8945
16/01/2025 10:30;0.8581
16/01/2025 10:45;0.8575
16/01/2025 11:00;0.9070
16/01/2025 11:15;0.9040
16/01/2025 11:30;0.9037
16/01/2025 11:45;0.8864
16/01/2025 12:00;0.9752
16/01/2025 12:15;0.9151
16/01/2025 12:30;0.9844
16/01/2025 12:45;0.9046
16/01/2025 13:00;0.9124
16/01/2025 13:15;0.9166
16/01/2025 13:30;0.9392
16/01/2025 13:45;0.9368
16/01/2025 14:00;0.8527
16/01/2025 14:15;0.8977
16/01/2025 14:30;0.8385
16/01/2025 14:45;0.8695
16/01/2025 15:00;0.9024
16/01/2025 15:15;0.9144
16/01/2025 15:30;0.9457
16/01/2025 15:45;0.9272
16/01/2025 16:00;1.0724
16/01/2025 16:15;1.0713
16/01/2025 16:30;1.0218
16/01/2025 16:45;1.1025
16/01/2025 17:00;1.3776
16/01/2025 17:15;1.4035
16/01/2025 17:30;1.4880
16/01/2025 17:45;1.3537
16/01/2025 18:00;1.7512
16/01/2025 18:15;1.7234
16/01/2025 18:30;1.8372
16/01/2025 18:45;1.7936
16/01/2025 19:00;1.9427
16/01/2025 19:15;1.8988
16/01/2025 19:30;1.9923
16/01/2025 19:45;1.9006
16/01/2025 20:00;1.7753
16/01/2025 20:15;1.7376
16/01/2025 20:30;1.7097
16/01/2025 20:45;1.8019
16/01/2025 21:00;1.3594
16/01/2025 21:15;1.3998
16/01/2025 21:30;1.4484
16/01/2025 21:45;1.4586
16/01/2025 22:00;0.9554
16/01/2025 22:15;0.9759
16/01/2025 22:30;0.9701
16/01/2025 22:45;0.9848
16/01/2025 23:00;0.6168
16/01/2025 23:15;0.6727
16/01/2025 23:30;0.6257
16/01/2025 23:45;0.6447
17/01/2025 00:00;0.5033
17/01/2025 00:15;0.5047
17/01/2025 00:30;0.4814
17/01/2025 00:45;0.4984
17/01/2025 01:00;0.4448
17/01/2025 01:15;0.4402
17/01/2025 01:30;0.4661
17/01/2025 01:45;0.4496
17/01/2025 02:00;0.4211
17/01/2025 02:15;0.4369
17/01/2025 02:30;0.4419
17/01/2025 02:45;0.4212
17/01/2025 03:00;0.4368
17/01/2025 03:15;0.4503
17/01/2025 03:30;0.4383
17/01/2025 03:45;0.4498
17/01/2025 04:00;0.5107
17/01/2025 04:15;0.5228
17/01/2025 04:30;0.5022
17/01/2025 04:45;0.5113
17/01/2025 05:00;0.7614
17/01/2025 05:15;0.7507
17/01/2025 05:30;0.7337
17/01/2025 05:45;0.7360
17/01/2025 06:00;1.2253
17/01/2025 06:15;1.2632
17/01/2025 06:30;1.1975
17/01/2025 06:45;1.2385
17/01/2025 07:00;1.4972
17/01/2025 07:15;1.5567
17/01/2025 07:30;1.5358
17/01/2025 07:45;1.5769
17/01/2025 08:00;1.1138
17/01/2025 08:15;1.1074
17/01/2025 08:30;1.2585
17/01/2025 08:45;1.1335
17/01/2025 09:00;0.8599
17/01/2025 09:15;0.8751
17/01/2025 09:30;0.9252
17/01/2025 09:45;0.8594
17/01/2025 10:00;0.7989
17/01/2025 10:15;0.8221
17/01/2025 10:30;0.8082
17/01/2025 10:45;0.8044
17/01/2025 11:00;0.8262
17/01/2025 11:15;0.8065
17/01/2025 11:30;0.8549
17/01/2025 11:45;0.8302
17/01/2025 12:00;0.9268
17/01/2025 12:15;0.8989
17/01/2025 12:30;0.8701
17/01/2025 12:45;0.9501
17/01/2025 13:00;0.8111
17/01/2025 13:15;0.8370
17/01/2025 13:30;0.8189
17/01/2025 13:45;0.8194
17/01/2025 14:00;0.8344
17/01/2025 14:15;0.8087
17/01/2025 14:30;0.8314
17/01/2025 14:45;0.8463
17/01/2025 15:00;0.8361
17/01/2025 15:15;0.8480
17/01/2025 15:30;0.8647
17/01/2025 15:45;0.8895
17/01/2025 16:00;0.9887
17/01/2025 16:15;0.9287
17/01/2025 16:30;0.9626
17/01/2025 16:45;0.9515
17/01/2025 17:00;1.2911
17/01/2025 17:15;1.2452
17/01/2025 17:30;1.2287
17/01/2025 17:45;1.3861
17/01/2025 18:00;1.6206
17/01/2025 18:15;1.6986
17/01/2025 18:30;1.6788
17/01/2025 18:45;1.6604
17/01/2025 19:00;1.7097
17/01/2025 19:15;1.7374
17/01/2025 19:30;1.7504
17/01/2025 19:45;1.7952
17/01/2025 20:00;1.5254
17/01/2025 20:15;1.6278
17/01/2025 20:30;1.6045
17/01/2025 20:45;1.5123
17/01/2025 21:00;1.2391
17/01/2025 21:15;1.2776
17/01/2025 21:30;1.3239
17/01/2025 21:45;1.2188
17/01/2025 22:00;0.9022
17/01/2025 22:15;0.9070
17/01/2025 22:30;0.8878
17/01/2025 22:45;0.8952
17/01/2025 23:00;0.6086
17/01/2025 23:15;0.6275
17/01/2025 23:30;0.5935
17/01/2025 23:45;0.6101
18/01/2025 00:00;0.5828
18/01/2025 00:15;0.5803
18/01/2025 00:30;0.5797
18/01/2025 00:45;0.5780
18/01/2025 01:00;0.5065
18/01/2025 01:15;0.5293
18/01/2025 01:30;0.5034
18/01/2025 01:45;0.5178
18/01/2025 02:00;0.5023
18/01/2025 02:15;0.4921
18/01/2025 02:30;0.4971
18/01/2025 02:45;0.5006
18/01/2025 03:00;0.5101
18/01/2025 03:15;0.5014
18/01/2025 03:30;0.5104
18/01/2025 03:45;0.5150
18/01/2025 04:00;0.5755
18/01/2025 04:15;0.5717
18/01/2025 04:30;0.5897
18/01/2025 04:45;0.5798
18/01/2025 05:00;0.8493
18/01/2025 05:15;0.8114
18/01/2025 05:30;0.8387
18/01/2025 05:45;0.8145
18/01/2025 06:00;1.3480
18/01/2025 06:15;1.4014
18/01/2025 06:30;1.4030
18/01/2025 06:45;1.3196
18/01/2025 07:00;1.6979
18/01/2025 07:15;1.6681
18/01/2025 07:30;1.5697
18/01/2025 07:45;1.6795
18/01/2025 08:00;1.3172
18/01/2025 08:15;1.2871
18/01/2025 08:30;1.2389
18/01/2025 08:45;1.2576
18/01/2025 09:00;0.9423
18/01/2025 09:15;0.9255
18/01/2025 09:30;0.9190
18/01/2025 09:45;0.9253
18/01/2025 10:00;0.9081
18/01/2025 10:15;0.8983
18/01/2025 10:30;0.8849
18/01/2025 10:45;0.8677
18/01/2025 11:00;0.9074
18/01/2025 11:15;0.8961
18/01/2025 11:30;0.9262
18/01/2025 11:45;0.8820
18/01/2025 12:00;0.9247
18/01/2025 12:15;1.0037
18/01/2025 12:30;0.9806
18/01/2025 12:45;0.9630
18/01/2025 13:00;0.9241
18/01/2025 13:15;0.9015
18/01/2025 13:30;0.9280
18/01/2025 13:45;0.9828
18/01/2025 14:00;0.8808
18/01/2025 14:15;0.8778
18/01/2025 14:30;0.8829
18/01/2025 14:45;0.8476
18/01/2025 15:00;0.9223
18/01/2025 15:15;0.9486
18/01/2025 15:30;0.9898
18/01/2025 15:45;0.9346
18/01/2025 16:00;1.0698
18/01/2025 16:15;1.0871
18/01/2025 16:30;1.0777
18/01/2025 16:45;1.1129
18/01/2025 17:00;1.4238
18/01/2025 17:15;1.3966
18/01/2025 17:30;1.3953
18/01/2025 17:45;1.3971
18/01/2025 18:00;1.7055
18/01/2025 18:15;1.7355
18/01/2025 18:30;1.7523
18/01/2025 18:45;1.7288
18/01/2025 19:00;1.7915
18/01/2025 19:15;1.7089
18/01/2025 19:30;1.9199
18/01/2025 19:45;1.9103
18/01/2025 20:00;1.6731
18/01/2025 20:15;1.5407
18/01/2025 20:30;1.7026
18/01/2025 20:45;1.5648
18/01/2025 21:00;1.4405
18/01/2025 21:15;1.3243
18/01/2025 21:30;1.3862
18/01/2025 21:45;1.3128
18/01/2025 22:00;1.0044
18/01/2025 22:15;0.9725
18/01/2025 22:30;1.0431
18/01/2025 22:45;0.9181
18/01/2025 23:00;0.6832
18/01/2025 23:15;0.6580
18/01/2025 23:30;0.6574
18/01/2025 23:45;0.6769
19/01/2025 00:00;0.5357
19/01/2025 00:15;0.5229
19/01/2025 00:30;0.5272
19/01/2025 00:45;0.5346
19/01/2025 01:00;0.5028
19/01/2025 01:15;0.4964
19/01/2025 01:30;0.4536
19/01/2025 01:45;0.4760
19/01/2025 02:00;0.4821
19/01/2025 02:15;0.4698
19/01/2025 02:30;0.4987
19/01/2025 02:45;0.4693
19/01/2025 03:00;0.4874
19/01/2025 03:15;0.4803
19/01/2025 03:30;0.4829
19/01/2025 03:45;0.4869
19/01/2025 04:00;0.5270
19/01/2025 04:15;0.5545
19/01/2025 04:30;0.5553
19/01/2025 04:45;0.5327
19/01/2025 05:00;0.7825
19/01/2025 05:15;0.7931
19/01/2025 05:30;0.7946
19/01/2025 05:45;0.8029
19/01/2025 06:00;1.3433
19/01/2025 06:15;1.2822
19/01/2025 06:30;1.3310
19/01/2025 06:45;1.3930
19/01/2025 07:00;1.5507
19/01/2025 07:15;1.5124
19/01/2025 07:30;1.6733
19/01/2025 07:45;1.5552
19/01/2025 08:00;1.1587
19/01/2025 08:15;1.1899
19/01/2025 08:30;1.2371
19/01/2025 08:45;1.1543
19/01/2025 09:00;0.9196
19/01/2025 09:15;0.8588
19/01/2025 09:30;0.8920
19/01/2025 09:45;0.8731
19/01/2025 10:00;0.8478
19/01/2025 10:15;0.8528
19/01/2025 10:30;0.7883
19/01/2025 10:45;0.8923
19/01/2025 11:00;0.8616
19/01/2025 11:15;0.8814
19/01/2025 11:30;0.8510
19/01/2025 11:45;0.8919
19/01/2025 12:00;0.9257
19/01/2025 12:15;0.8752
19/01/2025 12:30;0.8557
19/01/2025 12:45;0.8734
19/01/2025 13:00;0.8796
19/01/2025 13:15;0.8717
19/01/2025 13:30;0.8366
19/01/2025 13:45;0.8496
19/01/2025 14:00;0.8399
19/01/2025 14:15;0.8339
19/01/2025 14:30;0.8465
19/01/2025 14:45;0.8343
19/01/2025 15:00;0.8401
19/01/2025 15:15;0.9118
19/01/2025 15:30;0.8703
19/01/2025 15:45;0.8623
19/01/2025 16:00;1.0060
19/01/2025 16:15;1.0060
19/01/2025 16:30;0.9937
19/01/2025 16:45;1.0106
19/01/2025 17:00;1.2726
19/01/2025 17:15;1.2379
19/01/2025 17:30;1.2414
19/01/2025 17:45;1.3312
19/01/2025 18:00;1.6450
19/01/2025 18:15;1.6551
19/01/2025 18:30;1.5588
19/01/2025 18:45;1.6730
19/01/2025 19:00;1.8214
19/01/2025 19:15;1.7696
19/01/2025 19:30;1.7388
19/01/2025 19:45;1.6430
19/01/2025 20:00;1.5563
19/01/2025 20:15;1.4837
19/01/2025 20:30;1.6425
19/01/2025 20:45;1.5373
19/01/2025 21:00;1.3305
19/01/2025 21:15;1.2907
19/01/2025 21:30;1.2665
19/01/2025 21:45;1.3472
19/01/2025 22:00;0.9200
19/01/2025 22:15;0.8721
19/01/2025 22:30;0.9319
19/01/2025 22:45;0.9363
19/01/2025 23:00;0.6362
19/01/2025 23:15;0.6630
19/01/2025 23:30;0.6553
19/01/2025 23:45;0.6344
20/01/2025 00:00;0.6527
20/01/2025 00:15;0.6398
20/01/2025 00:30;0.6417
20/01/2025 00:45;0.6242
20/01/2025 01:00;0.5521
20/01/2025 01:15;0.5681
20/01/2025 01:30;0.5470
20/01/2025 01:45;0.5665
20/01/2025 02:00;0.5419
20/01/2025 02:15;0.5513
20/01/2025 02:30;0.5604
20/01/2025 02:45;0.5672
20/01/2025 03:00;0.5629
20/01/2025 03:15;0.5604
20/01/2025 03:30;0.5715
20/01/2025 03:45;0.5854
20/01/2025 04:00;0.6202
20/01/2025 04:15;0.6593
20/01/2025 04:30;0.6257
20/01/2025 04:45;0.6305
20/01/2025 05:00;0.9021
20/01/2025 05:15;0.8780
20/01/2025 05:30;0.9178
20/01/2025 05:45;0.8747
20/01/2025 06:00;1.5004
20/01/2025 06:15;1.5631
20/01/2025 06:30;1.5398
20/01/2025 06:45;1.5055
20/01/2025 07:00;1.8446
20/01/2025 07:15;1.9222
20/01/2025 07:30;1.7859
20/01/2025 07:45;1.7277
20/01/2025 08:00;1.4537
20/01/2025 08:15;1.4601
20/01/2025 08:30;1.4055
20/01/2025 08:45;1.3505
20/01/2025 09:00;1.0287
20/01/2025 09:15;1.0627
20/01/2025 09:30;1.1172
20/01/2025 09:45;1.0252
20/01/2025 10:00;0.9998
20/01/2025 10:15;0.9759
20/01/2025 10:30;0.9788
20/01/2025 10:45;0.9697
20/01/2025 11:00;1.0316
20/01/2025 11:15;1.0224
20/01/2025 11:30;0.9693
20/01/2025 11:45;1.0244
20/01/2025 12:00;1.0697
20/01/2025 12:15;1.0300
20/01/2025 12:30;1.0157
20/01/2025 12:45;1.0505
20/01/2025 13:00;1.0317
20/01/2025 13:15;1.0289
20/01/2025 13:30;0.9798
20/01/2025 13:45;1.0037
20/01/2025 14:00;0.9421
20/01/2025 14:15;0.9512
20/01/2025 14:30;0.9974
20/01/2025 14:45;1.0051
20/01/2025 15:00;1.0386
20/01/2025 15:15;1.0011
20/01/2025 15:30;1.0689
20/01/2025 15:45;1.0096
20/01/2025 16:00;1.2548
20/01/2025 16:15;1.1586
20/01/2025 16:30;1.1449
20/01/2025 16:45;1.1677
20/01/2025 17:00;1.5073
20/01/2025 17:15;1.5532
20/01/2025 17:30;1.5832
20/01/2025 17:45;1.5271
20/01/2025 18:00;2.0627
20/01/2025 18:15;1.8926
20/01/2025 18:30;1.9232
20/01/2025 18:45;1.8884
20/01/2025 19:00;1.9317
20/01/2025 19:15;1.9746
20/01/2025 19:30;1.9928
20/01/2025 19:45;2.1368
20/01/2025 20:00;1.7826
20/01/2025 20:15;1.8439
20/01/2025 20:30;1.7928
20/01/2025 20:45;1.8526
20/01/2025 21:00;1.5094
20/01/2025 21:15;1.5013
20/01/2025 21:30;1.5708
20/01/2025 21:45;1.4680
20/01/2025 22:00;1.0465
20/01/2025 22:15;1.0536
20/01/2025 22:30;1.0133
20/01/2025 22:45;1.0590
20/01/2025 23:00;0.7423
20/01/2025 23:15;0.7806
20/01/2025 23:30;0.7286
20/01/2025 23:45;0.7254
21/01/2025 00:00;0.6274
21/01/2025 00:15;0.6467
21/01/2025 00:30;0.5992
21/01/2025 00:45;0.6271
21/01/2025 01:00;0.5132
21/01/2025 01:15;0.5408
21/01/2025 01:30;0.5414
21/01/2025 01:45;0.5609
21/01/2025 02:00;0.5216
21/01/2025 02:15;0.5617
21/01/2025 02:30;0.5318
21/01/2025 02:45;0.5183
21/01/2025 03:00;0.5493
21/01/2025 03:15;0.5659
21/01/2025 03:30;0.5365
21/01/2025 03:45;0.5494
21/01/2025 04:00;0.6357
21/01/2025 04:15;0.6536
21/01/2025 04:30;0.6397
21/01/2025 04:45;0.6114
21/01/2025 05:00;0.8980
21/01/2025 05:15;0.9282
21/01/2025 05:30;0.9049
21/01/2025 05:45;0.8902
21/01/2025 06:00;1.5690
21/01/2025 06:15;1.5505
21/01/2025 06:30;1.4947
21/01/2025 06:45;1.5328
21/01/2025 07:00;1.9142
21/01/2025 07:15;1.7793
21/01/2025 07:30;1.8617
21/01/2025 07:45;1.8067
21/01/2025 08:00;1.3307
21/01/2025 08:15;1.4053
21/01/2025 08:30;1.4218
21/01/2025 08:45;1.4014
21/01/2025 09:00;1.0532
21/01/2025 09:15;1.0862
21/01/2025 09:30;1.0367
21/01/2025 09:45;1.0827
21/01/2025 10:00;0.9951
21/01/2025 10:15;0.9422
21/01/2025 10:30;0.9573
21/01/2025 10:45;0.9775
21/01/2025 11:00;1.0121
21/01/2025 11:15;0.9882
21/01/2025 11:30;0.9993
21/01/2025 11:45;1.0280
21/01/2025 12:00;1.0577
21/01/2025 12:15;1.0378
21/01/2025 12:30;1.0372
21/01/2025 12:45;1.0811
21/01/2025 13:00;1.0355
21/01/2025 13:15;1.0162
21/01/2025 13:30;1.0273
21/01/2025 13:45;0.9802
21/01/2025 14:00;0.9987
21/01/2025 14:15;0.9632
21/01/2025 14:30;0.9625
21/01/2025 14:45;0.9741
21/01/2025 15:00;1.0188
21/01/2025 15:15;1.0287
21/01/2025 15:30;1.0310
21/01/2025 15:45;1.0504
21/01/2025 16:00;1.1463
21/01/2025 16:15;1.1434
21/01/2025 16:30;1.1580
21/01/2025 16:45;1.2233
21/01/2025 17:00;1.5693
21/01/2025 17:15;1.5122
21/01/2025 17:30;1.5025
21/01/2025 17:45;1.5756
21/01/2025 18:00;1.9400
21/01/2025 18:15;1.9190
21/01/2025 18:30;1.8360
21/01/2025 18:45;1.9408
21/01/2025 19:00;2.0250
21/01/2025 19:15;1.9748
21/01/2025 19:30;1.7500
21/01/2025 19:45;1.9959
21/01/2025 20:00;1.8046
21/01/2025 20:15;1.8458
21/01/2025 20:30;1.8476
21/01/2025 20:45;1.8288
21/01/2025 21:00;1.4303
21/01/2025 21:15;1.4415
21/01/2025 21:30;1.5374
21/01/2025 21:45;1.4710
21/01/2025 22:00;1.0529
21/01/2025 22:15;1.0643
21/01/2025 22:30;1.0502
21/01/2025 22:45;1.0185
21/01/2025 23:00;0.7089
21/01/2025 23:15;0.7358
21/01/2025 23:30;0.7237
21/01/2025 23:45;0.7346
22/01/2025 00:00;0.5732
22/01/2025 00:15;0.5780
22/01/2025 00:30;0.5812
22/01/2025 00:45;0.6091
22/01/2025 01:00;0.5282
22/01/2025 01:15;0.5151
22/01/2025 01:30;0.5225
22/01/2025 01:45;0.5389
22/01/2025 02:00;0.4847
22/01/2025 02:15;0.5049
22/01/2025 02:30;0.5229
22/01/2025 02:45;0.5226
22/01/2025 03:00;0.5462
22/01/2025 03:15;0.5169
22/01/2025 03:30;0.5560
22/01/2025 03:45;0.5616
22/01/2025 04:00;0.6121
22/01/2025 04:15;0.5595
22/01/2025 04:30;0.6298
22/01/2025 04:45;0.6116
22/01/2025 05:00;0.8717
22/01/2025 05:15;0.8430
22/01/2025 05:30;0.8652
22/01/2025 05:45;0.8818
22/01/2025 06:00;1.4457
22/01/2025 06:15;1.4307
22/01/2025 06:30;1.4093
22/01/2025 06:45;1.5021
22/01/2025 07:00;1.6963
22/01/2025 07:15;1.7529
22/01/2025 07:30;1.7339
22/01/2025 07:45;1.7292
22/01/2025 08:00;1.3383
22/01/2025 08:15;1.3149
22/01/2025 08:30;1.2641
22/01/2025 08:45;1.2900
22/01/2025 09:00;1.0168
22/01/2025 09:15;1.0036
22/01/2025 09:30;0.9761
22/01/2025 09:45;0.9744
22/01/2025 10:00;0.8836
22/01/2025 10:15;0.9702
22/01/2025 10:30;0.9205
22/01/2025 10:45;0.9119
22/01/2025 11:00;0.9588
22/01/2025 11:15;0.9588
22/01/2025 11:30;0.9322
22/01/2025 11:45;0.9630
22/01/2025 12:00;0.9306
22/01/2025 12:15;0.9501
22/01/2025 12:30;1.0635
22/01/2025 12:45;0.9959
22/01/2025 13:00;0.9229
22/01/2025 13:15;0.9260
22/01/2025 13:30;0.9816
22/01/2025 13:45;0.9571
22/01/2025 14:00;0.9238
22/01/2025 14:15;0.9583
22/01/2025 14:30;0.9489
22/01/2025 14:45;0.9204
22/01/2025 15:00;0.9682
22/01/2025 15:15;0.9670
22/01/2025 15:30;0.9893
22/01/2025 15:45;0.9698
22/01/2025 16:00;1.0915
22/01/2025 16:15;1.0589
22/01/2025 16:30;1.0760
22/01/2025 16:45;1.1473
22/01/2025 17:00;1.4566
22/01/2025 17:15;1.4266
22/01/2025 17:30;1.4815
22/01/2025 17:45;1.4594
22/01/2025 18:00;1.7456
22/01/2025 18:15;1.6854
22/01/2025 18:30;1.8802
22/01/2025 18:45;1.8508
22/01/2025 19:00;1.7766
22/01/2025 19:15;1.8104
22/01/2025 19:30;1.7901
22/01/2025 19:45;1.9333
22/01/2025 20:00;1.6726
22/01/2025 20:15;1.6960
22/01/2025 20:30;1.7144
22/01/2025 20:45;1.6754
22/01/2025 21:00;1.4352
22/01/2025 21:15;1.4347
22/01/2025 21:30;1.4731
22/01/2025 21:45;1.4110
22/01/2025 22:00;1.0192
22/01/2025 22:15;1.0093
22/01/2025 22:30;1.0003
22/01/2025 22:45;0.9938
22/01/2025 23:00;0.7021
22/01/2025 23:15;0.6760
22/01/2025 23:30;0.6961
22/01/2025 23:45;0.6924
23/01/2025 00:00;0.6218
23/01/2025 00:15;0.6206
23/01/2025 00:30;0.6432
23/01/2025 00:45;0.6236
23/01/2025 01:00;0.5743
23/01/2025 01:15;0.5536
23/01/2025 01:30;0.5535
23/01/2025 01:45;0.5497
23/01/2025 02:00;0.5527
23/01/2025 02:15;0.5228
23/01/2025 02:30;0.5460
23/01/2025 02:45;0.5340
23/01/2025 03:00;0.5657
23/01/2025 03:15;0.5688
23/01/2025 03:30;0.5694
23/01/2025 03:45;0.5550
23/01/2025 04:00;0.6274
23/01/2025 04:15;0.6143
23/01/2025 04:30;0.6257
23/01/2025 04:45;0.6324
23/01/2025 05:00;0.9077
23/01/2025 05:15;0.9251
23/01/2025 05:30;0.9165
23/01/2025 05:45;0.9263
23/01/2025 06:00;1.5204
23/01/2025 06:15;1.6247
23/01/2025 06:30;1.5793
23/01/2025 06:45;1.5478
23/01/2025 07:00;1.8832
23/01/2025 07:15;1.9294
23/01/2025 07:30;1.8837
23/01/2025 07:45;1.8525
23/01/2025 08:00;1.3998
23/01/2025 08:15;1.4018
23/01/2025 08:30;1.4068
23/01/2025 08:45;1.5180
23/01/2025 09:00;1.0807
23/01/2025 09:15;1.1092
23/01/2025 09:30;1.0278
23/01/2025 09:45;1.0132
23/01/2025 10:00;0.9558
23/01/2025 10:15;0.9332
23/01/2025 10:30;0.9911
23/01/2025 10:45;0.9921
23/01/2025 11:00;1.0334
23/01/2025 11:15;0.9952
23/01/2025 11:30;0.9458
23/01/2025 11:45;0.9901
23/01/2025 12:00;1.0454
23/01/2025 12:15;1.0397
23/01/2025 12:30;1.0588
23/01/2025 12:45;1.0295
23/01/2025 13:00;1.0205
23/01/2025 13:15;0.9801
23/01/2025 13:30;1.0239
23/01/2025 13:45;0.9944
23/01/2025 14:00;0.9207
23/01/2025 14:15;0.9849
23/01/2025 14:30;0.9816
23/01/2025 14:45;0.9927
23/01/2025 15:00;1.0563
23/01/2025 15:15;0.9958
23/01/2025 15:30;1.0335
23/01/2025 15:45;0.9921
23/01/2025 16:00;1.2418
23/01/2025 16:15;1.1296
23/01/2025 16:30;1.1666
23/01/2025 16:45;1.1662
23/01/2025 17:00;1.5720
23/01/2025 17:15;1.5271
23/01/2025 17:30;1.5516
23/01/2025 17:45;1.5449
23/01/2025 18:00;1.8459
23/01/2025 18:15;1.9697
23/01/2025 18:30;1.8632
23/01/2025 18:45;1.9503
23/01/2025 19:00;1.9899
23/01/2025 19:15;1.9986
23/01/2025 19:30;2.0496
23/01/2025 19:45;1.9320
23/01/2025 20:00;1.7811
23/01/2025 20:15;1.7484
23/01/2025 20:30;1.8008
23/01/2025 20:45;1.8150
23/01/2025 21:00;1.5742
23/01/2025 21:15;1.4690
23/01/2025 21:30;1.4053
23/01/2025 21:45;1.6405
23/01/2025 22:00;1.0562
23/01/2025 22:15;1.1171
23/01/2025 22:30;1.0574
23/01/2025 22:45;1.0609
23/01/2025 23:00;0.7241
23/01/2025 23:15;0.7821
23/01/2025 23:30;0.7660
23/01/2025 23:45;0.6981
24/01/2025 00:00;0.5889
24/01/2025 00:15;0.6055
24/01/2025 00:30;0.5946
24/01/2025 00:45;0.6027
24/01/2025 01:00;0.5283
24/01/2025 01:15;0.5222
24/01/2025 01:30;0.5032
24/01/2025 01:45;0.5391
24/01/2025 02:00;0.5052
24/01/2025 02:15;0.5215
24/01/2025 02:30;0.5177
24/01/2025 02:45;0.5241
24/01/2025 03:00;0.5714
24/01/2025 03:15;0.5197
24/01/2025 03:30;0.5432
24/01/2025 03:45;0.5400
24/01/2025 04:00;0.6122
24/01/2025 04:15;0.5844
24/01/2025 04:30;0.6019
24/01/2025 04:45;0.6094
24/01/2025 05:00;0.8912
24/01/2025 05:15;0.9014
24/01/2025 05:30;0.8861
24/01/2025 05:45;0.8768
24/01/2025 06:00;1.5183
24/01/2025 06:15;1.5257
24/01/2025 06:30;1.5107
24/01/2025 06:45;1.4829
24/01/2025 07:00;1.9009
24/01/2025 07:15;1.6902
24/01/2025 07:30;1.7463
24/01/2025 07:45;1.7849
24/01/2025 08:00;1.2754
24/01/2025 08:15;1.3482
24/01/2025 08:30;1.4557
24/01/2025 08:45;1.4021
24/01/2025 09:00;0.9797
24/01/2025 09:15;1.0241
24/01/2025 09:30;1.0396
24/01/2025 09:45;1.0850
24/01/2025 10:00;0.9566
24/01/2025 10:15;0.9508
24/01/2025 10:30;0.9680
24/01/2025 10:45;0.9538
24/01/2025 11:00;0.9483
24/01/2025 11:15;1.0104
24/01/2025 11:30;1.0370
24/01/2025 11:45;0.9557
24/01/2025 12:00;1.0592
24/01/2025 12:15;0.9842
24/01/2025 12:30;1.0224
24/01/2025 12:45;0.9970
24/01/2025 13:00;0.9832
24/01/2025 13:15;0.9619
24/01/2025 13:30;0.9649
24/01/2025 13:45;0.9759
24/01/2025 14:00;0.9541
24/01/2025 14:15;0.9513
24/01/2025 14:30;0.9237
24/01/2025 14:45;0.9384
24/01/2025 15:00;1.0553
24/01/2025 15:15;1.0069
24/01/2025 15:30;1.0176
24/01/2025 15:45;1.0219
24/01/2025 16:00;1.1562
24/01/2025 16:15;1.1483
24/01/2025 16:30;1.1655
24/01/2025 16:45;1.1985
24/01/2025 17:00;1.5141
24/01/2025 17:15;1.4903
24/01/2025 17:30;1.5396
24/01/2025 17:45;1.5606
24/01/2025 18:00;1.9291
24/01/2025 18:15;1.9118
24/01/2025 18:30;2.0252
24/01/2025 18:45;1.8386
24/01/2025 19:00;1.9872
24/01/2025 19:15;1.9758
24/01/2025 19:30;2.1113
24/01/2025 19:45;2.0507
24/01/2025 20:00;1.7816
24/01/2025 20:15;1.7648
24/01/2025 20:30;1.7811
24/01/2025 20:45;1.7850
24/01/2025 21:00;1.5349
24/01/2025 21:15;1.4373
24/01/2025 21:30;1.4615
24/01/2025 21:45;1.5010
24/01/2025 22:00;1.0144
24/01/2025 22:15;1.0202
24/01/2025 22:30;1.0500
24/01/2025 22:45;0.9681
24/01/2025 23:00;0.7242
24/01/2025 23:15;0.7036
24/01/2025 23:30;0.7264
24/01/2025 23:45;0.7529
25/01/2025 00:00;0.6011
25/01/2025 00:15;0.5955
25/01/2025 00:30;0.5725
25/01/2025 00:45;0.6014
25/01/2025 01:00;0.5302
25/01/2025 01:15;0.5343
25/01/2025 01:30;0.5161
25/01/2025 01:45;0.5186
25/01/2025 02:00;0.5358
25/01/2025 02:15;0.5324
25/01/2025 02:30;0.5173
25/01/2025 02:45;0.5190
25/01/2025 03:00;0.5276
25/01/2025 03:15;0.5631
25/01/2025 03:30;0.5369
25/01/2025 03:45;0.5399
25/01/2025 04:00;0.6317
25/01/2025 04:15;0.6240
25/01/2025 04:30;0.6183
25/01/2025 04:45;0.6131
25/01/2025 05:00;0.8848
25/01/2025 05:15;0.9080
25/01/2025 05:30;0.9220
25/01/2025 05:45;0.8892
25/01/2025 06:00;1.4586
25/01/2025 06:15;1.4486
25/01/2025 06:30;1.4836
25/01/2025 06:45;1.4664
25/01/2025 07:00;1.6624
25/01/2025 07:15;1.7761
25/01/2025 07:30;1.6998
25/01/2025 07:45;1.6155
25/01/2025 08:00;1.3182
25/01/2025 08:15;1.3314
25/01/2025 08:30;1.2855
25/01/2025 08:45;1.3501
25/01/2025 09:00;0.9766
25/01/2025 09:15;0.9753
25/01/2025 09:30;1.0111
25/01/2025 09:45;1.0081
25/01/2025 10:00;0.8763
25/01/2025 10:15;0.8862
25/01/2025 10:30;0.9514
25/01/2025 10:45;0.8902
25/01/2025 11:00;0.9532
25/01/2025 11:15;0.9652
25/01/2025 11:30;0.9356
25/01/2025 11:45;0.9528
25/01/2025 12:00;1.0246
25/01/2025 12:15;0.9571
25/01/2025 12:30;0.9716
25/01/2025 12:45;1.0034
25/01/2025 13:00;0.9004
25/01/2025 13:15;0.9924
25/01/2025 13:30;0.9194
25/01/2025 13:45;0.9439
25/01/2025 14:00;0.9040
25/01/2025 14:15;0.9015
25/01/2025 14:30;0.9366
25/01/2025 14:45;0.9338
25/01/2025 15:00;0.9851
25/01/2025 15:15;0.9281
25/01/2025 15:30;0.9498
25/01/2025 15:45;0.9648
25/01/2025 16:00;1.1252
25/01/2025 16:15;1.1387
25/01/2025 16:30;1.1382
25/01/2025 16:45;1.1088
25/01/2025 17:00;1.4655
25/01/2025 17:15;1.3910
25/01/2025 17:30;1.4967
25/01/2025 17:45;1.3917
25/01/2025 18:00;1.7574
25/01/2025 18:15;1.7816
25/01/2025 18:30;1.7333
25/01/2025 18:45;1.8009
25/01/2025 19:00;1.8331
25/01/2025 19:15;1.7901
25/01/2025 19:30;1.9001
25/01/2025 19:45;1.8809
25/01/2025 20:00;1.6163
25/01/2025 20:15;1.7470
25/01/2025 20:30;1.6871
25/01/2025 20:45;1.7817
25/01/2025 21:00;1.4027
25/01/2025 21:15;1.4267
25/01/2025 21:30;1.4400
25/01/2025 21:45;1.3906
25/01/2025 22:00;0.9672
25/01/2025 22:15;1.0244
25/01/2025 22:30;1.0422
25/01/2025 22:45;1.0232
25/01/2025 23:00;0.6795
25/01/2025 23:15;0.6718
25/01/2025 23:30;0.7147
25/01/2025 23:45;0.7038
26/01/2025 00:00;0.5791
26/01/2025 00:15;0.5732
26/01/2025 00:30;0.5968
26/01/2025 00:45;0.5936
26/01/2025 01:00;0.5238
26/01/2025 01:15;0.5253
26/01/2025 01:30;0.5172
26/01/2025 01:45;0.5079
26/01/2025 02:00;0.5175
26/01/2025 02:15;0.4983
26/01/2025 02:30;0.5042
26/01/2025 02:45;0.4865
26/01/2025 03:00;0.5433
26/01/2025 03:15;0.5386
26/01/2025 03:30;0.5474
26/01/2025 03:45;0.5245
26/01/2025 04:00;0.5969
26/01/2025 04:15;0.5845
26/01/2025 04:30;0.5789
26/01/2025 04:45;0.6095
26/01/2025 05:00;0.8653
26/01/2025 05:15;0.8741
26/01/2025 05:30;0.8333
26/01/2025 05:45;0.8316
26/01/2025 06:00;1.4243
26/01/2025 06:15;1.2878
26/01/2025 06:30;1.4033
26/01/2025 06:45;1.4107
26/01/2025 07:00;1.5597
26/01/2025 07:15;1.5950
26/01/2025 07:30;1.7603
26/01/2025 07:45;1.5830
26/01/2025 08:00;1.2711
26/01/2025 08:15;1.3234
26/01/2025 08:30;1.3195
26/01/2025 08:45;1.2400
26/01/2025 09:00;0.9506
26/01/2025 09:15;0.9857
26/01/2025 09:30;0.9453
26/01/2025 09:45;0.9407
26/01/2025 10:00;0.9012
26/01/2025 10:15;0.9501
26/01/2025 10:30;0.8738
26/01/2025 10:45;0.8811
26/01/2025 11:00;0.9657
26/01/2025 11:15;0.9397
26/01/2025 11:30;0.9121
26/01/2025 11:45;0.9229
26/01/2025 12:00;0.9750
26/01/2025 12:15;0.9182
26/01/2025 12:30;0.9498
26/01/2025 12:45;0.9702
26/01/2025 13:00;0.9158
26/01/2025 13:15;0.8855
26/01/2025 13:30;0.9513
26/01/2025 13:45;0.9132
26/01/2025 14:00;0.8828
26/01/2025 14:15;0.8705
26/01/2025 14:30;0.9134
26/01/2025 14:45;0.9211
26/01/2025 15:00;0.9240
26/01/2025 15:15;0.9352
26/01/2025 15:30;0.9732
26/01/2025 15:45;0.9567
26/01/2025 16:00;1.0495
26/01/2025 16:15;1.0854
26/01/2025 16:30;1.0341
26/01/2025 16:45;1.0656
26/01/2025 17:00;1.3730
26/01/2025 17:15;1.3856
26/01/2025 17:30;1.4205
26/01/2025 17:45;1.3647
26/01/2025 18:00;1.6557
26/01/2025 18:15;1.7571
26/01/2025 18:30;1.6961
26/01/2025 18:45;1.6971
26/01/2025 19:00;1.9095
26/01/2025 19:15;1.8323
26/01/2025 19:30;1.9714
26/01/2025 19:45;1.8321
26/01/2025 20:00;1.6567
26/01/2025 20:15;1.5827
26/01/2025 20:30;1.5035
26/01/2025 20:45;1.5573
26/01/2025 21:00;1.4295
26/01/2025 21:15;1.4015
26/01/2025 21:30;1.4361
26/01/2025 21:45;1.3238
26/01/2025 22:00;1.0289
26/01/2025 22:15;0.9940
26/01/2025 22:30;0.9864
26/01/2025 22:45;0.9548
26/01/2025 23:00;0.6718
26/01/2025 23:15;0.7031
26/01/2025 23:30;0.6942
26/01/2025 23:45;0.6965
27/01/2025 00:00;0.5601
27/01/2025 00:15;0.5483
27/01/2025 00:30;0.5708
27/01/2025 00:45;0.5200
27/01/2025 01:00;0.4736
27/01/2025 01:15;0.4837
27/01/2025 01:30;0.4766
27/01/2025 01:45;0.4644
27/01/2025 02:00;0.4502
27/01/2025 02:15;0.4812
27/01/2025 02:30;0.4678
27/01/2025 02:45;0.4775
27/01/2025 03:00;0.4891
27/01/2025 03:15;0.4907
27/01/2025 03:30;0.4722
27/01/2025 03:45;0.4849
27/01/2025 04:00;0.5547
27/01/2025 04:15;0.5421
27/01/2025 04:30;0.5583
27/01/2025 04:45;0.5356
27/01/2025 05:00;0.7887
27/01/2025 05:15;0.7879
27/01/2025 05:30;0.8169
27/01/2025 05:45;0.8047
27/01/2025 06:00;1.3320
27/01/2025 06:15;1.3441
27/01/2025 06:30;1.3368
27/01/2025 06:45;1.3110
27/01/2025 07:00;1.6472
27/01/2025 07:15;1.5247
27/01/2025 07:30;1.5473
27/01/2025 07:45;1.6149
27/01/2025 08:00;1.1922
27/01/2025 08:15;1.2033
27/01/2025 08:30;1.2582
27/01/2025 08:45;1.2071
27/01/2025 09:00;0.8503
27/01/2025 09:15;0.8835
27/01/2025 09:30;0.9144
27/01/2025 09:45;0.9179
27/01/2025 10:00;0.8520
27/01/2025 10:15;0.8690
27/01/2025 10:30;0.8332
27/01/2025 10:45;0.8651
27/01/2025 11:00;0.8586
27/01/2025 11:15;0.8466
27/01/2025 11:30;0.8745
27/01/2025 11:45;0.8229
27/01/2025 12:00;0.9030
27/01/2025 12:15;0.8747
27/01/2025 12:30;0.8667
27/01/2025 12:45;0.8202
27/01/2025 13:00;0.8524
27/01/2025 13:15;0.8358
27/01/2025 13:30;0.8930
27/01/2025 13:45;0.8463
27/01/2025 14:00;0.8264
27/01/2025 14:15;0.8253
27/01/2025 14:30;0.8194
27/01/2025 14:45;0.8536
27/01/2025 15:00;0.8728
27/01/2025 15:15;0.8680
27/01/2025 15:30;0.9086
27/01/2025 15:45;0.8922
27/01/2025 16:00;0.9948
27/01/2025 16:15;1.0278
27/01/2025 16:30;1.0033
27/01/2025 16:45;0.9581
27/01/2025 17:00;1.2790
27/01/2025 17:15;1.3519
27/01/2025 17:30;1.3391
27/01/2025 17:45;1.3233
27/01/2025 18:00;1.7227
27/01/2025 18:15;1.6485
27/01/2025 18:30;1.6771
27/01/2025 18:45;1.7244
27/01/2025 19:00;1.7301
27/01/2025 19:15;1.7795
27/01/2025 19:30;1.8199
27/01/2025 19:45;1.7851
27/01/2025 20:00;1.5754
27/01/2025 20:15;1.5737
27/01/2025 20:30;1.5181
27/01/2025 20:45;1.5132
27/01/2025 21:00;1.2928
27/01/2025 21:15;1.3392
27/01/2025 21:30;1.3458
27/01/2025 21:45;1.2560
27/01/2025 22:00;1.0011
27/01/2025 22:15;0.9321
27/01/2025 22:30;0.9517
27/01/2025 22:45;0.9362
27/01/2025 23:00;0.6364
27/01/2025 23:15;0.6321
27/01/2025 23:30;0.6630
27/01/2025 23:45;0.6782
28/01/2025 00:00;0.5948
28/01/2025 00:15;0.5699
28/01/2025 00:30;0.5783
28/01/2025 00:45;0.5812
28/01/2025 01:00;0.5180
28/01/2025 01:15;0.5270
28/01/2025 01:30;0.5323
28/01/2025 01:45;0.5292
28/01/2025 02:00;0.5243
28/01/2025 02:15;0.5085
28/01/2025 02:30;0.5345
28/01/2025 02:45;0.5106
28/01/2025 03:00;0.5599
28/01/2025 03:15;0.5126
28/01/2025 03:30;0.5394
28/01/2025 03:45;0.5279
28/01/2025 04:00;0.6188
28/01/2025 04:15;0.6084
28/01/2025 04:30;0.5912
28/01/2025 04:45;0.5947
28/01/2025 05:00;0.8554
28/01/2025 05:15;0.8028
28/01/2025 05:30;0.8225
28/01/2025 05:45;0.8581
28/01/2025 06:00;1.4005
28/01/2025 06:15;1.4681
28/01/2025 06:30;1.4199
28/01/2025 06:45;1.3718
28/01/2025 07:00;1.7859
28/01/2025 07:15;1.6503
28/01/2025 07:30;1.6567
28/01/2025 07:45;1.7852
28/01/2025 08:00;1.3277
28/01/2025 08:15;1.1838
28/01/2025 08:30;1.3065
28/01/2025 08:45;1.2467
28/01/2025 09:00;1.0305
28/01/2025 09:15;1.0364
28/01/2025 09:30;0.9635
28/01/2025 09:45;1.0015
28/01/2025 10:00;0.9123
28/01/2025 10:15;0.9104
28/01/2025 10:30;0.8633
28/01/2025 10:45;0.8984
28/01/2025 11:00;0.9548
28/01/2025 11:15;0.8916
28/01/2025 11:30;0.9228
28/01/2025 11:45;0.9233
28/01/2025 12:00;0.9731
28/01/2025 12:15;0.9660
28/01/2025 12:30;0.9860
28/01/2025 12:45;0.9568
28/01/2025 13:00;0.8713
28/01/2025 13:15;0.9638
28/01/2025 13:30;0.9073
28/01/2025 13:45;0.9264
28/01/2025 14:00;0.8988
28/01/2025 14:15;0.8995
28/01/2025 14:30;0.8977
28/01/2025 14:45;0.9051
28/01/2025 15:00;0.9867
28/01/2025 15:15;1.0112
28/01/2025 15:30;0.9942
28/01/2025 15:45;0.9636
28/01/2025 16:00;1.0659
28/01/2025 16:15;1.1474
28/01/2025 16:30;1.0540
28/01/2025 16:45;1.0842
28/01/2025 17:00;1.3675
28/01/2025 17:15;1.4342
28/01/2025 17:30;1.4610
28/01/2025 17:45;1.4458
28/01/2025 18:00;1.7635
28/01/2025 18:15;1.7539
28/01/2025 18:30;1.7480
28/01/2025 18:45;1.8249
28/01/2025 19:00;1.8412
28/01/2025 19:15;1.8340
28/01/2025 19:30;1.7560
28/01/2025 19:45;1.8872
28/01/2025 20:00;1.5757
28/01/2025 20:15;1.7089
28/01/2025 20:30;1.5844
28/01/2025 20:45;1.7248
28/01/2025 21:00;1.3703
28/01/2025 21:15;1.3612
28/01/2025 21:30;1.3579
28/01/2025 21:45;1.3378
28/01/2025 22:00;0.9479
28/01/2025 22:15;1.0314
28/01/2025 22:30;0.9881
28/01/2025 22:45;0.9684
28/01/2025 23:00;0.6787
28/01/2025 23:15;0.6820
28/01/2025 23:30;0.7110
28/01/2025 23:45;0.7056
29/01/2025 00:00;0.5825
29/01/2025 00:15;0.5955
29/01/2025 00:30;0.5814
29/01/2025 00:45;0.5897
29/01/2025 01:00;0.4984
29/01/2025 01:15;0.5176
29/01/2025 01:30;0.4929
29/01/2025 01:45;0.5182
29/01/2025 02:00;0.5094
29/01/2025 02:15;0.5273
29/01/2025 02:30;0.4992
29/01/2025 02:45;0.5091
29/01/2025 03:00;0.5288
29/01/2025 03:15;0.5561
29/01/2025 03:30;0.5331
29/01/2025 03:45;0.5341
29/01/2025 04:00;0.6169
29/01/2025 04:15;0.5974
29/01/2025 04:30;0.5867
29/01/2025 04:45;0.5946
29/01/2025 05:00;0.8654
29/01/2025 05:15;0.8312
29/01/2025 05:30;0.8866
29/01/2025 05:45;0.8394
29/01/2025 06:00;1.3916
29/01/2025 06:15;1.4144
29/01/2025 06:30;1.4469
29/01/2025 06:45;1.4299
29/01/2025 07:00;1.6758
29/01/2025 07:15;1.7094
29/01/2025 07:30;1.6635
29/01/2025 07:45;1.6766
29/01/2025 08:00;1.2887
29/01/2025 08:15;1.3069
29/01/2025 08:30;1.3386
29/01/2025 08:45;1.2810
29/01/2025 09:00;0.9866
29/01/2025 09:15;0.9580
29/01/2025 09:30;0.9723
29/01/2025 09:45;0.9989
29/01/2025 10:00;0.9091
29/01/2025 10:15;0.8721
29/01/2025 10:30;0.8834
29/01/2025 10:45;0.9088
29/01/2025 11:00;0.9956
29/01/2025 11:15;0.9573
29/01/2025 11:30;0.8994
29/01/2025 11:45;0.9497
29/01/2025 12:00;1.0214
29/01/2025 12:15;0.9464
29/01/2025 12:30;0.9902
29/01/2025 12:45;0.9838
29/01/2025 13:00;0.9091
29/01/2025 13:15;0.9888
29/01/2025 13:30;0.9531
29/01/2025 13:45;0.9311
29/01/2025 14:00;0.9218
29/01/2025 14:15;0.9078
29/01/2025 14:30;0.9331
29/01/2025 14:45;0.9109
29/01/2025 15:00;0.9901
29/01/2025 15:15;0.9833
29/01/2025 15:30;1.0042
29/01/2025 15:45;1.0035
29/01/2025 16:00;1.0973
29/01/2025 16:15;1.1122
29/01/2025 16:30;1.0301
29/01/2025 16:45;1.0987
29/01/2025 17:00;1.4348
29/01/2025 17:15;1.4901
29/01/2025 17:30;1.3677
29/01/2025 17:45;1.4067
29/01/2025 18:00;1.8166
29/01/2025 18:15;1.7683
29/01/2025 18:30;1.6943
29/01/2025 18:45;1.7385
29/01/2025 19:00;1.8513
29/01/2025 19:15;1.7669
29/01/2025 19:30;1.8827
29/01/2025 19:45;1.7624
29/01/2025 20:00;1.7988
29/01/2025 20:15;1.6530
29/01/2025 20:30;1.6631
29/01/2025 20:45;1.7168
29/01/2025 21:00;1.4173
29/01/2025 21:15;1.3939
29/01/2025 21:30;1.3750
29/01/2025 21:45;1.3415
29/01/2025 22:00;0.9770
29/01/2025 22:15;0.9782
29/01/2025 22:30;0.9903
29/01/2025 22:45;1.0240
29/01/2025 23:00;0.6926
29/01/2025 23:15;0.7119
29/01/2025 23:30;0.6955
29/01/2025 23:45;0.7239
30/01/2025 00:00;0.5847
30/01/2025 00:15;0.6238
30/01/2025 00:30;0.5910
30/01/2025 00:45;0.6099
30/01/2025 01:00;0.5545
30/01/2025 01:15;0.5408
30/01/2025 01:30;0.5279
30/01/2025 01:45;0.5398
30/01/2025 02:00;0.5261
30/01/2025 02:15;0.5260
30/01/2025 02:30;0.5448
30/01/2025 02:45;0.5363
30/01/2025 03:00;0.5389
30/01/2025 03:15;0.5529
30/01/2025 03:30;0.5562
30/01/2025 03:45;0.5562
30/01/2025 04:00;0.6188
30/01/2025 04:15;0.6468
30/01/2025 04:30;0.6113
30/01/2025 04:45;0.6140
30/01/2025 05:00;0.9018
30/01/2025 05:15;0.8854
30/01/2025 05:30;0.9185
30/01/2025 05:45;0.9272
30/01/2025 06:00;1.4813
30/01/2025 06:15;1.4614
30/01/2025 06:30;1.4707
30/01/2025 06:45;1.4847
30/01/2025 07:00;1.7372
30/01/2025 07:15;1.7765
30/01/2025 07:30;1.7841
30/01/2025 07:45;1.7459
30/01/2025 08:00;1.3094
30/01/2025 08:15;1.3982
30/01/2025 08:30;1.3631
30/01/2025 08:45;1.3494
30/01/2025 09:00;0.9836
30/01/2025 09:15;1.0553
30/01/2025 09:30;1.0141
30/01/2025 09:45;1.0513
30/01/2025 10:00;0.9541
30/01/2025 10:15;0.9699
30/01/2025 10:30;0.8952
30/01/2025 10:45;0.9574
30/01/2025 11:00;0.9424
30/01/2025 11:15;0.9795
30/01/2025 11:30;0.9900
30/01/2025 11:45;0.9701
30/01/2025 12:00;1.0096
30/01/2025 12:15;1.0643
30/01/2025 12:30;1.0520
30/01/2025 12:45;0.9531
30/01/2025 13:00;0.9926
30/01/2025 13:15;0.9658
30/01/2025 13:30;1.0242
30/01/2025 13:45;0.9504
30/01/2025 14:00;0.9758
30/01/2025 14:15;0.9703
30/01/2025 14:30;0.9588
30/01/2025 14:45;0.9147
30/01/2025 15:00;1.0087
30/01/2025 15:15;1.0182
30/01/2025 15:30;0.9938
30/01/2025 15:45;0.9710
30/01/2025 16:00;1.1668
30/01/2025 16:15;1.1146
30/01/2025 16:30;1.1642
30/01/2025 16:45;1.1389
30/01/2025 17:00;1.5774
30/01/2025 17:15;1.4770
30/01/2025 17:30;1.5273
30/01/2025 17:45;1.4819
30/01/2025 18:00;1.9962
30/01/2025 18:15;1.8390
30/01/2025 18:30;1.9158
30/01/2025 18:45;1.8816
30/01/2025 19:00;1.8870
30/01/2025 19:15;1.9220
30/01/2025 19:30;1.9200
30/01/2025 19:45;2.0741
30/01/2025 20:00;1.7049
30/01/2025 20:15;1.7885
30/01/2025 20:30;1.6344
30/01/2025 20:45;1.7590
30/01/2025 21:00;1.4499
30/01/2025 21:15;1.3571
30/01/2025 21:30;1.4611
30/01/2025 21:45;1.4917
30/01/2025 22:00;1.0391
30/01/2025 22:15;1.0630
30/01/2025 22:30;1.0323
30/01/2025 22:45;1.0556
30/01/2025 23:00;0.7070
30/01/2025 23:15;0.7391
30/01/2025 23:30;0.7144
30/01/2025 23:45;0.6822
31/01/2025 00:00;0.5965
31/01/2025 00:15;0.6081
31/01/2025 00:30;0.6200
31/01/2025 00:45;0.6037
31/01/2025 01:00;0.5367
31/01/2025 01:15;0.5351
31/01/2025 01:30;0.5398
31/01/2025 01:45;0.5197
31/01/2025 02:00;0.5502
31/01/2025 02:15;0.5067
31/01/2025 02:30;0.5221
31/01/2025 02:45;0.5348
31/01/2025 03:00;0.5396
31/01/2025 03:15;0.5400
31/01/2025 03:30;0.5483
31/01/2025 03:45;0.5368
31/01/2025 04:00;0.6350
31/01/2025 04:15;0.6356
31/01/2025 04:30;0.6317
31/01/2025 04:45;0.5995
31/01/2025 05:00;0.8641
31/01/2025 05:15;0.9224
31/01/2025 05:30;0.8950
31/01/2025 05:45;0.8687
31/01/2025 06:00;1.5650
31/01/2025 06:15;1.4743
31/01/2025 06:30;1.5371
31/01/2025 06:45;1.4849
31/01/2025 07:00;1.8680
31/01/2025 07:15;1.7922
31/01/2025 07:30;1.8554
31/01/2025 07:45;1.7729
31/01/2025 08:00;1.3624
31/01/2025 08:15;1.3825
31/01/2025 08:30;1.3938
31/01/2025 08:45;1.3965
31/01/2025 09:00;1.0897
31/01/2025 09:15;1.1048
31/01/2025 09:30;1.0303
31/01/2025 09:45;1.1030
31/01/2025 10:00;0.9497
31/01/2025 10:15;1.0096
31/01/2025 10:30;0.9635
31/01/2025 10:45;0.9490
31/01/2025 11:00;1.0046
31/01/2025 11:15;1.0153
31/01/2025 11:30;0.9934
31/01/2025 11:45;1.0461
31/01/2025 12:00;1.0520
31/01/2025 12:15;1.0373
31/01/2025 12:30;1.0229
31/01/2025 12:45;1.0294
31/01/2025 13:00;0.9718
31/01/2025 13:15;1.0005
31/01/2025 13:30;0.9839
31/01/2025 13:45;0.9619
31/01/2025 14:00;0.9476
31/01/2025 14:15;0.9193
31/01/2025 14:30;0.9256
31/01/2025 14:45;0.9458
31/01/2025 15:00;0.9866
31/01/2025 15:15;0.9861
31/01/2025 15:30;0.9923
31/01/2025 15:45;1.0016
31/01/2025 16:00;1.1570
31/01/2025 16:15;1.1551
31/01/2025 16:30;1.1889
31/01/2025 16:45;1.1457
31/01/2025 17:00;1.4901
31/01/2025 17:15;1.4751
31/01/2025 17:30;1.4190
31/01/2025 17:45;1.5210
31/01/2025 18:00;1.9631
31/01/2025 18:15;1.8200
31/01/2025 18:30;1.9276
31/01/2025 18:45;1.9486
31/01/2025 19:00;1.9964
31/01/2025 19:15;1.9957
31/01/2025 19:30;1.9782
31/01/2025 19:45;2.0788
31/01/2025 20:00;1.9173
31/01/2025 20:15;1.7597
31/01/2025 20:30;1.8788
31/01/2025 20:45;1.7317
31/01/2025 21:00;1.4590
31/01/2025 21:15;1.5645
31/01/2025 21:30;1.4001
31/01/2025 21:45;1.4766
31/01/2025 22:00;1.0547
31/01/2025 22:15;1.0573
31/01/2025 22:30;1.0373
31/01/2025 22:45;1.0336
31/01/2025 23:00;0.7644
31/01/2025 23:15;0.7517
31/01/2025 23:30;0.7473
31/01/2025 23:45;0.7191
01/02/2025 00:00;0.6071
01/02/2025 00:15;0.5896
01/02/2025 00:30;0.5922
01/02/2025 00:45;0.5906
01/02/2025 01:00;0.5149
01/02/2025 01:15;0.5245
01/02/2025 01:30;0.5093
01/02/2025 01:45;0.5323
01/02/2025 02:00;0.5345
01/02/2025 02:15;0.5054
01/02/2025 02:30;0.5286
01/02/2025 02:45;0.5182
01/02/2025 03:00;0.5394
01/02/2025 03:15;0.5509
01/02/2025 03:30;0.5267
01/02/2025 03:45;0.5500
01/02/2025 04:00;0.6215
01/02/2025 04:15;0.6323
01/02/2025 04:30;0.6143
01/02/2025 04:45;0.6004
01/02/2025 05:00;0.8747
01/02/2025 05:15;0.8818
01/02/2025 05:30;0.8930
01/02/2025 05:45;0.8619
01/02/2025 06:00;1.3870
01/02/2025 06:15;1.4183
01/02/2025 06:30;1.3561
01/02/2025 06:45;1.4653
01/02/2025 07:00;1.6444
01/02/2025 07:15;1.6224
01/02/2025 07:30;1.5641
01/02/2025 07:45;1.6322
01/02/2025 08:00;1.2483
01/02/2025 08:15;1.3003
01/02/2025 08:30;1.3025
01/02/2025 08:45;1.2855
01/02/2025 09:00;0.9624
01/02/2025 09:15;0.9439
01/02/2025 09:30;0.9069
01/02/2025 09:45;0.9355
01/02/2025 10:00;0.8770
01/02/2025 10:15;0.8859
01/02/2025 10:30;0.8733
01/02/2025 10:45;0.8805
01/02/2025 11:00;0.9036
01/02/2025 11:15;0.8961
01/02/2025 11:30;0.9145
01/02/2025 11:45;0.9098
01/02/2025 12:00;0.9162
01/02/2025 12:15;0.9414
01/02/2025 12:30;0.8910
01/02/2025 12:45;0.9471
01/02/2025 13:00;0.8792
01/02/2025 13:15;0.9236
01/02/2025 13:30;0.9168
01/02/2025 13:45;0.9429
01/02/2025 14:00;0.8551
01/02/2025 14:15;0.8482
01/02/2025 14:30;0.8832
01/02/2025 14:45;0.8975
01/02/2025 15:00;0.9502
01/02/2025 15:15;0.9365
01/02/2025 15:30;0.9053
01/02/2025 15:45;0.9306
01/02/2025 16:00;1.0307
01/02/2025 16:15;1.0782
01/02/2025 16:30;1.0787
01/02/2025 16:45;1.0865
01/02/2025 17:00;1.3646
01/02/2025 17:15;1.4088
01/02/2025 17:30;1.3575
01/02/2025 17:45;1.3636
01/02/2025 18:00;1.6886
01/02/2025 18:15;1.7442
01/02/2025 18:30;1.7950
01/02/2025 18:45;1.8191
01/02/2025 19:00;1.8112
01/02/2025 19:15;1.6999
01/02/2025 19:30;1.7296
01/02/2025 19:45;1.8386
01/02/2025 20:00;1.6120
01/02/2025 20:15;1.6690
01/02/2025 20:30;1.6251
01/02/2025 20:45;1.5773
01/02/2025 21:00;1.4303
01/02/2025 21:15;1.3930
01/02/2025 21:30;1.3999
01/02/2025 21:45;1.3861
01/02/2025 22:00;1.0191
01/02/2025 22:15;1.0163
01/02/2025 22:30;0.9845
01/02/2025 22:45;1.0304
01/02/2025 23:00;0.7167
01/02/2025 23:15;0.7257
01/02/2025 23:30;0.6999
01/02/2025 23:45;0.7126
02/02/2025 00:00;0.6216
02/02/2025 00:15;0.5982
02/02/2025 00:30;0.5847
02/02/2025 00:45;0.5903
02/02/2025 01:00;0.5739
02/02/2025 01:15;0.5585
02/02/2025 01:30;0.5350
02/02/2025 01:45;0.5382
02/02/2025 02:00;0.5081
02/02/2025 02:15;0.5267
02/02/2025 02:30;0.5315
02/02/2025 02:45;0.5351
02/02/2025 03:00;0.5537
02/02/2025 03:15;0.5571
02/02/2025 03:30;0.5559
02/02/2025 03:45;0.5583
02/02/2025 04:00;0.6211
02/02/2025 04:15;0.6045
02/02/2025 04:30;0.6566
02/02/2025 04:45;0.6234
02/02/2025 05:00;0.8904
02/02/2025 05:15;0.9005
02/02/2025 05:30;0.8721
02/02/2025 05:45;0.8493
02/02/2025 06:00;1.3703
02/02/2025 06:15;1.4506
02/02/2025 06:30;1.4005
02/02/2025 06:45;1.4333
02/02/2025 07:00;1.6790
02/02/2025 07:15;1.7229
02/02/2025 07:30;1.6067
02/02/2025 07:45;1.6680
02/02/2025 08:00;1.3095
02/02/2025 08:15;1.3264
02/02/2025 08:30;1.3058
02/02/2025 08:45;1.3205
02/02/2025 09:00;0.9847
02/02/2025 09:15;1.0081
02/02/2025 09:30;0.9801
02/02/2025 09:45;0.9577
02/02/2025 10:00;0.9236
02/02/2025 10:15;0.9420
02/02/2025 10:30;0.9353
02/02/2025 10:45;0.9790
02/02/2025 11:00;0.9138
02/02/2025 11:15;0.9353
02/02/2025 11:30;0.9346
02/02/2025 11:45;0.9101
02/02/2025 12:00;0.9880
02/02/2025 12:15;0.9835
02/02/2025 12:30;0.9776
02/02/2025 12:45;1.0083
02/02/2025 13:00;1.0208
02/02/2025 13:15;0.9664
02/02/2025 13:30;0.9317
02/02/2025 13:45;0.9208
02/02/2025 14:00;0.9313
02/02/2025 14:15;0.9484
02/02/2025 14:30;0.9345
02/02/2025 14:45;0.8910
02/02/2025 15:00;0.9541
02/02/2025 15:15;1.0549
02/02/2025 15:30;0.9596
02/02/2025 15:45;1.0203
02/02/2025 16:00;1.0389
02/02/2025 16:15;1.1097
02/02/2025 16:30;1.1152
02/02/2025 16:45;1.1169
02/02/2025 17:00;1.4633
02/02/2025 17:15;1.4274
02/02/2025 17:30;1.3837
02/02/2025 17:45;1.4419
02/02/2025 18:00;1.8033
02/02/2025 18:15;1.7257
02/02/2025 18:30;1.8489
02/02/2025 18:45;1.8385
02/02/2025 19:00;1.8129
02/02/2025 19:15;1.9481
02/02/2025 19:30;1.8043
02/02/2025 19:45;1.8419
02/02/2025 20:00;1.6083
02/02/2025 20:15;1.7452
02/02/2025 20:30;1.7691
02/02/2025 20:45;1.6940
02/02/2025 21:00;1.3445
02/02/2025 21:15;1.4305
02/02/2025 21:30;1.4230
02/02/2025 21:45;1.4010
02/02/2025 22:00;1.0513
02/02/2025 22:15;1.0019
02/02/2025 22:30;1.0361
02/02/2025 22:45;0.9516
02/02/2025 23:00;0.6906
02/02/2025 23:15;0.7090
02/02/2025 23:30;0.6951
02/02/2025 23:45;0.6861
03/02/2025 00:00;0.5818
03/02/2025 00:15;0.5750
03/02/2025 00:30;0.5613
03/02/2025 00:45;0.5610
03/02/2025 01:00;0.5113
03/02/2025 01:15;0.5094
03/02/2025 01:30;0.5077
03/02/2025 01:45;0.5075
03/02/2025 02:00;0.4749
03/02/2025 02:15;0.4864
03/02/2025 02:30;0.4837
03/02/2025 02:45;0.4837
03/02/2025 03:00;0.5106
03/02/2025 03:15;0.5095
03/02/2025 03:30;0.5014
03/02/2025 03:45;0.5198
03/02/2025 04:00;0.6039
03/02/2025 04:15;0.5827
03/02/2025 04:30;0.5796
03/02/2025 04:45;0.6106
03/02/2025 05:00;0.8454
03/02/2025 05:15;0.8092
03/02/2025 05:30;0.8391
03/02/2025 05:45;0.8264
03/02/2025 06:00;1.4278
03/02/2025 06:15;1.4633
03/02/2025 06:30;1.4431
03/02/2025 06:45;1.4483
03/02/2025 07:00;1.6653
03/02/2025 07:15;1.7205
03/02/2025 07:30;1.6269
03/02/2025 07:45;1.6336
03/02/2025 08:00;1.3455
03/02/2025 08:15;1.2539
03/02/2025 08:30;1.2478
03/02/2025 08:45;1.2586
03/02/2025 09:00;0.8962
03/02/2025 09:15;1.0558
03/02/2025 09:30;0.9412
03/02/2025 09:45;0.9335
03/02/2025 10:00;0.8809
03/02/2025 10:15;0.8957
03/02/2025 10:30;0.8930
03/02/2025 10:45;0.9237
03/02/2025 11:00;0.9649
03/02/2025 11:15;0.9442
03/02/2025 11:30;0.9309
03/02/2025 11:45;0.9482
03/02/2025 12:00;0.9557
03/02/2025 12:15;0.9478
03/02/2025 12:30;0.9633
03/02/2025 12:45;0.9371
03/02/2025 13:00;0.9196
03/02/2025 13:15;0.9027
03/02/2025 13:30;0.9180
03/02/2025 13:45;0.9187
03/02/2025 14:00;0.9144
03/02/2025 14:15;0.9295
03/02/2025 14:30;0.9503
03/02/2025 14:45;0.8948
03/02/2025 15:00;1.0086
03/02/2025 15:15;0.9047
03/02/2025 15:30;0.9564
03/02/2025 15:45;0.9467
03/02/2025 16:00;1.1100
03/02/2025 16:15;1.0760
03/02/2025 16:30;1.0591
03/02/2025 16:45;1.0548
03/02/2025 17:00;1.4573
03/02/2025 17:15;1.4301
03/02/2025 17:30;1.4904
03/02/2025 17:45;1.4058
03/02/2025 18:00;1.7176
03/02/2025 18:15;1.7235
03/02/2025 18:30;1.7486
03/02/2025 18:45;1.7759
03/02/2025 19:00;1.7602
03/02/2025 19:15;1.7882
03/02/2025 19:30;1.8167
03/02/2025 19:45;1.8235
03/02/2025 20:00;1.6492
03/02/2025 20:15;1.7630
03/02/2025 20:30;1.6538
03/02/2025 20:45;1.7615
03/02/2025 21:00;1.4099
03/02/2025 21:15;1.4299
03/02/2025 21:30;1.3638
03/02/2025 21:45;1.3393
03/02/2025 22:00;1.0012
03/02/2025 22:15;0.9939
03/02/2025 22:30;0.9753
03/02/2025 22:45;1.0145
03/02/2025 23:00;0.6767
03/02/2025 23:15;0.6915
03/02/2025 23:30;0.6470
03/02/2025 23:45;0.6542
04/02/2025 00:00;0.5881
04/02/2025 00:15;0.5796
04/02/2025 00:30;0.5662
04/02/2025 00:45;0.6028
04/02/2025 01:00;0.5125
04/02/2025 01:15;0.5218
04/02/2025 01:30;0.5090
04/02/2025 01:45;0.4880
04/02/2025 02:00;0.5208
04/02/2025 02:15;0.5207
04/02/2025 02:30;0.4989
04/02/2025 02:45;0.5046
04/02/2025 03:00;0.5177
04/02/2025 03:15;0.5446
04/02/2025 03:30;0.5126
04/02/2025 03:45;0.5272
04/02/2025 04:00;0.6077
04/02/2025 04:15;0.5976
04/02/2025 04:30;0.5830
04/02/2025 04:45;0.5799
04/02/2025 05:00;0.8476
04/02/2025 05:15;0.8252
04/02/2025 05:30;0.8367
04/02/2025 05:45;0.8295
04/02/2025 06:00;1.3780
04/02/2025 06:15;1.4259
04/02/2025 06:30;1.4961
04/02/2025 06:45;1.4762
04/02/2025 07:00;1.6582
04/02/2025 07:15;1.7709
04/02/2025 07:30;1.7810
04/02/2025 07:45;1.6437
04/02/2025 08:00;1.2777
04/02/2025 08:15;1.2984
04/02/2025 08:30;1.3025
04/02/2025 08:45;1.2910
04/02/2025 09:00;0.9747
04/02/2025 09:15;1.0109
04/02/2025 09:30;1.0192
04/02/2025 09:45;0.9919
04/02/2025 10:00;0.9369
04/02/2025 10:15;0.9121
04/02/2025 10:30;0.8343
04/02/2025 10:45;0.9099
04/02/2025 11:00;1.0334
04/02/2025 11:15;0.9600
04/02/2025 11:30;0.9378
04/02/2025 11:45;0.9100
04/02/2025 12:00;0.9705
04/02/2025 12:15;0.9716
04/02/2025 12:30;0.9789
04/02/2025 12:45;1.0352
04/02/2025 13:00;0.9750
04/02/2025 13:15;0.9111
04/02/2025 13:30;0.9706
04/02/2025 13:45;0.9826
04/02/2025 14:00;0.9067
04/02/2025 14:15;0.8816
04/02/2025 14:30;0.9188
04/02/2025 14:45;0.9353
04/02/2025 15:00;0.9774
04/02/2025 15:15;0.9917
04/02/2025 15:30;0.9061
04/02/2025 15:45;0.9815
04/02/2025 16:00;1.1232
04/02/2025 16:15;1.1038
04/02/2025 16:30;1.1101
04/02/2025 16:45;1.1055
04/02/2025 17:00;1.4125
04/02/2025 17:15;1.4971
04/02/2025 17:30;1.4144
04/02/2025 17:45;1.3796
04/02/2025 18:00;1.8658
04/02/2025 18:15;1.8687
04/02/2025 18:30;1.9246
04/02/2025 18:45;1.8159
04/02/2025 19:00;1.8104
04/02/2025 19:15;1.8747
04/02/2025 19:30;1.9783
04/02/2025 19:45;1.9480
04/02/2025 20:00;1.8063
04/02/2025 20:15;1.6628
04/02/2025 20:30;1.7350
04/02/2025 20:45;1.7150
04/02/2025 21:00;1.3451
04/02/2025 21:15;1.4998
04/02/2025 21:30;1.4328
04/02/2025 21:45;1.4416
04/02/2025 22:00;0.9827
04/02/2025 22:15;0.9852
04/02/2025 22:30;0.9743
04/02/2025 22:45;1.0173
04/02/2025 23:00;0.6723
04/02/2025 23:15;0.6733
04/02/2025 23:30;0.6966
04/02/2025 23:45;0.6944
05/02/2025 00:00;0.6400
05/02/2025 00:15;0.6434
05/02/2025 00:30;0.6389
05/02/2025 00:45;0.6045
05/02/2025 01:00;0.5380
05/02/2025 01:15;0.5714
05/02/2025 01:30;0.5837
05/02/2025 01:45;0.5681
05/02/2025 02:00;0.5515
05/02/2025 02:15;0.5528
05/02/2025 02:30;0.5425
05/02/2025 02:45;0.5479
05/02/2025 03:00;0.5900
05/02/2025 03:15;0.5704
05/02/2025 03:30;0.5477
05/02/2025 03:45;0.5767
05/02/2025 04:00;0.6323
05/02/2025 04:15;0.6269
05/02/2025 04:30;0.6529
05/02/2025 04:45;0.6629
05/02/2025 05:00;0.9051
05/02/2025 05:15;0.9538
05/02/2025 05:30;0.9502
05/02/2025 05:45;0.9551
05/02/2025 06:00;1.5045
05/02/2025 06:15;1.6058
05/02/2025 06:30;1.5854
05/02/2025 06:45;1.5865
05/02/2025 07:00;1.7562
05/02/2025 07:15;1.8178
05/02/2025 07:30;1.8269
05/02/2025 07:45;1.8273
05/02/2025 08:00;1.3944
05/02/2025 08:15;1.3796
05/02/2025 08:30;1.4376
05/02/2025 08:45;1.3852
05/02/2025 09:00;1.0543
05/02/2025 09:15;1.0205
05/02/2025 09:30;1.0956
05/02/2025 09:45;1.0834
05/02/2025 10:00;0.9999
05/02/2025 10:15;0.9711
05/02/2025 10:30;1.0094
05/02/2025 10:45;0.9650
05/02/2025 11:00;0.9906
05/02/2025 11:15;1.0358
05/02/2025 11:30;1.0170
05/02/2025 11:45;0.9862
05/02/2025 12:00;1.0562
05/02/2025 12:15;1.0590
05/02/2025 12:30;1.0957
05/02/2025 12:45;0.9911
05/02/2025 13:00;0.9956
05/02/2025 13:15;1.0077
05/02/2025 13:30;1.0506
05/02/2025 13:45;0.9743
05/02/2025 14:00;0.9454
05/02/2025 14:15;0.9768
05/02/2025 14:30;0.9936
05/02/2025 14:45;1.0227
05/02/2025 15:00;1.0644
05/02/2025 15:15;1.0233
05/02/2025 15:30;1.0642
05/02/2025 15:45;1.0359
05/02/2025 16:00;1.2003
05/02/2025 16:15;1.2023
05/02/2025 16:30;1.1518
05/02/2025 16:45;1.2168
05/02/2025 17:00;1.6128
05/02/2025 17:15;1.5344
05/02/2025 17:30;1.5457
05/02/2025 17:45;1.5569
05/02/2025 18:00;1.9963
05/02/2025 18:15;2.0481
05/02/2025 18:30;1.8977
05/02/2025 18:45;1.8755
05/02/2025 19:00;1.9879
05/02/2025 19:15;1.9614
05/02/2025 19:30;2.0786
05/02/2025 19:45;1.9368
05/02/2025 20:00;1.8754
05/02/2025 20:15;1.8462
05/02/2025 20:30;1.7495
05/02/2025 20:45;1.7182
05/02/2025 21:00;1.5240
05/02/2025 21:15;1.4703
05/02/2025 21:30;1.4511
05/02/2025 21:45;1.5072
05/02/2025 22:00;1.0589
05/02/2025 22:15;1.0367
05/02/2025 22:30;1.0829
05/02/2025 22:45;1.0791
05/02/2025 23:00;0.7444
05/02/2025 23:15;0.7424
05/02/2025 23:30;0.7682
05/02/2025 23:45;0.7698
06/02/2025 00:00;0.6057
06/02/2025 00:15;0.6036
06/02/2025 00:30;0.6329
06/02/2025 00:45;0.5915
06/02/2025 01:00;0.5469
06/02/2025 01:15;0.5342
06/02/2025 01:30;0.5587
06/02/2025 01:45;0.5241
06/02/2025 02:00;0.5222
06/02/2025 02:15;0.5404
06/02/2025 02:30;0.5299
06/02/2025 02:45;0.5248
06/02/2025 03:00;0.5558
06/02/2025 03:15;0.5636
06/02/2025 03:30;0.5414
06/02/2025 03:45;0.5392
06/02/2025 04:00;0.6313
06/02/2025 04:15;0.6345
06/02/2025 04:30;0.6283
06/02/2025 04:45;0.6237
06/02/2025 05:00;0.9011
06/02/2025 05:15;0.8932
06/02/2025 05:30;0.8633
06/02/2025 05:45;0.9424
06/02/2025 06:00;1.4547
06/02/2025 06:15;1.3917
06/02/2025 06:30;1.4174
06/02/2025 06:45;1.5185
06/02/2025 07:00;1.8814
06/02/2025 07:15;1.8141
06/02/2025 07:30;1.7913
06/02/2025 07:45;1.7943
06/02/2025 08:00;1.2842
06/02/2025 08:15;1.3629
06/02/2025 08:30;1.3567
06/02/2025 08:45;1.2559
06/02/2025 09:00;1.0287
06/02/2025 09:15;1.0374
06/02/2025 09:30;0.9941
06/02/2025 09:45;1.0071
06/02/2025 10:00;0.9120
06/02/2025 10:15;0.9744
06/02/2025 10:30;1.0072
06/02/2025 10:45;0.9582
06/02/2025 11:00;1.0000
06/02/2025 11:15;1.0048
06/02/2025 11:30;0.9883
06/02/2025 11:45;0.9187
06/02/2025 12:00;0.9617
06/02/2025 12:15;1.0470
06/02/2025 12:30;1.0153
06/02/2025 12:45;1.0273
06/02/2025 13:00;1.0350
06/02/2025 13:15;1.0058
06/02/2025 13:30;0.9692
06/02/2025 13:45;0.9931
06/02/2025 14:00;0.9325
06/02/2025 14:15;0.9760
06/02/2025 14:30;1.0113
06/02/2025 14:45;0.9738
06/02/2025 15:00;1.0042
06/02/2025 15:15;1.0002
06/02/2025 15:30;1.0173
06/02/2025 15:45;1.0446
06/02/2025 16:00;1.1090
06/02/2025 16:15;1.1493
06/02/2025 16:30;1.2314
06/02/2025 16:45;1.1229
06/02/2025 17:00;1.4534
06/02/2025 17:15;1.4954
06/02/2025 17:30;1.4593
06/02/2025 17:45;1.4323
06/02/2025 18:00;1.9106
06/02/2025 18:15;1.8395
06/02/2025 18:30;1.9205
06/02/2025 18:45;1.7842
06/02/2025 19:00;1.9902
06/02/2025 19:15;1.9811
06/02/2025 19:30;1.9392
06/02/2025 19:45;1.7802
06/02/2025 20:00;1.7283
06/02/2025 20:15;1.7944
06/02/2025 20:30;1.8338
06/02/2025 20:45;1.7379
06/02/2025 21:00;1.4386
06/02/2025 21:15;1.4898
06/02/2025 21:30;1.3218
06/02/2025 21:45;1.4985
06/02/2025 22:00;1.0607
06/02/2025 22:15;1.0244
06/02/2025 22:30;0.9620
06/02/2025 22:45;1.0738
06/02/2025 23:00;0.7661
06/02/2025 23:15;0.6937
06/02/2025 23:30;0.7459
06/02/2025 23:45;0.7109
07/02/2025 00:00;0.5992
07/02/2025 00:15;0.6110
07/02/2025 00:30;0.6173
07/02/2025 00:45;0.6095
07/02/2025 01:00;0.5452
07/02/2025 01:15;0.5685
07/02/2025 01:30;0.5567
07/02/2025 01:45;0.5495
07/02/2025 02:00;0.5502
07/02/2025 02:15;0.5385
07/02/2025 02:30;0.5416
07/02/2025 02:45;0.5408
07/02/2025 03:00;0.5730
07/02/2025 03:15;0.5702
07/02/2025 03:30;0.5755
07/02/2025 03:45;0.5523
07/02/2025 04:00;0.6458
07/02/2025 04:15;0.6430
07/02/2025 04:30;0.6506
07/02/2025 04:45;0.6401
07/02/2025 05:00;0.9264
07/02/2025 05:15;0.9330
07/02/2025 05:30;0.9138
07/02/2025 05:45;0.8836
07/02/2025 06:00;1.4899
07/02/2025 06:15;1.6154
07/02/2025 06:30;1.4969
07/02/2025 06:45;1.5318
07/02/2025 07:00;1.8713
07/02/2025 07:15;1.8364
07/02/2025 07:30;1.8000
07/02/2025 07:45;1.8447
07/02/2025 08:00;1.3737
07/02/2025 08:15;1.4006
07/02/2025 08:30;1.3704
07/02/2025 08:45;1.3614
07/02/2025 09:00;1.0354
07/02/2025 09:15;1.0373
07/02/2025 09:30;1.0008
07/02/2025 09:45;1.0037
07/02/2025 10:00;0.9889
07/02/2025 10:15;0.9992
07/02/2025 10:30;0.9299
07/02/2025 10:45;0.9482
07/02/2025 11:00;1.0461
07/02/2025 11:15;0.9723
07/02/2025 11:30;0.9884
07/02/2025 11:45;1.0230
07/02/2025 12:00;1.0409
07/02/2025 12:15;0.9890
07/02/2025 12:30;1.0433
07/02/2025 12:45;1.0329
07/02/2025 13:00;1.0514
07/02/2025 13:15;0.9659
07/02/2025 13:30;1.0115
07/02/2025 13:45;0.9877
07/02/2025 14:00;0.9542
07/02/2025 14:15;0.9321
07/02/2025 14:30;1.0170
07/02/2025 14:45;0.9264
07/02/2025 15:00;0.9417
07/02/2025 15:15;0.9992
07/02/2025 15:30;1.0246
07/02/2025 15:45;1.0340
07/02/2025 16:00;1.1682
07/02/2025 16:15;1.1099
07/02/2025 16:30;1.1343
07/02/2025 16:45;1.0948
07/02/2025 17:00;1.4163
07/02/2025 17:15;1.5456
07/02/2025 17:30;1.4881
07/02/2025 17:45;1.5763
07/02/2025 18:00;1.8943
07/02/2025 18:15;1.8752
07/02/2025 18:30;1.7919
07/02/2025 18:45;1.7283
07/02/2025 19:00;1.9893
07/02/2025 19:15;1.9995
07/02/2025 19:30;2.0056
07/02/2025 19:45;1.8596
07/02/2025 20:00;1.7847
07/02/2025 20:15;1.7808
07/02/2025 20:30;1.7743
07/02/2025 20:45;1.7738
07/02/2025 21:00;1.4870
07/02/2025 21:15;1.4964
07/02/2025 21:30;1.4559
07/02/2025 21:45;1.4742
07/02/2025 22:00;0.9990
07/02/2025 22:15;1.0233
07/02/2025 22:30;0.9795
07/02/2025 22:45;1.0227
07/02/2025 23:00;0.7427
07/02/2025 23:15;0.7020
07/02/2025 23:30;0.7162
07/02/2025 23:45;0.7375
08/02/2025 00:00;0.6150
08/02/2025 00:15;0.6408
08/02/2025 00:30;0.6294
08/02/2025 00:45;0.6277
08/02/2025 01:00;0.5664
08/02/2025 01:15;0.5625
08/02/2025 01:30;0.5562
08/02/2025 01:45;0.5835
08/02/2025 02:00;0.5580
08/02/2025 02:15;0.5241
08/02/2025 02:30;0.5416
08/02/2025 02:45;0.5264
08/02/2025 03:00;0.5782
08/02/2025 03:15;0.5642
08/02/2025 03:30;0.5776
08/02/2025 03:45;0.5748
08/02/2025 04:00;0.6691
08/02/2025 04:15;0.6344
08/02/2025 04:30;0.6361
08/02/2025 04:45;0.6492
08/02/2025 05:00;0.8989
08/02/2025 05:15;0.9128
08/02/2025 05:30;0.9315
08/02/2025 05:45;0.9199
08/02/2025 06:00;1.4881
08/02/2025 06:15;1.4546
08/02/2025 06:30;1.4732
08/02/2025 06:45;1.4744
08/02/2025 07:00;1.6925
08/02/2025 07:15;1.7447
08/02/2025 07:30;1.7836
08/02/2025 07:45;1.7826
08/02/2025 08:00;1.3745
08/02/2025 08:15;1.3022
08/02/2025 08:30;1.3312
08/02/2025 08:45;1.4014
08/02/2025 09:00;1.0110
08/02/2025 09:15;1.0196
08/02/2025 09:30;1.0309
08/02/2025 09:45;1.0111
08/02/2025 10:00;1.0007
08/02/2025 10:15;0.9461
08/02/2025 10:30;0.9631
08/02/2025 10:45;0.9397
08/02/2025 11:00;0.9060
08/02/2025 11:15;0.9794
08/02/2025 11:30;0.9730
08/02/2025 11:45;0.9463
08/02/2025 12:00;0.9912
08/02/2025 12:15;1.0221
08/02/2025 12:30;0.9602
08/02/2025 12:45;1.0193
08/02/2025 13:00;0.9847
08/02/2025 13:15;1.0000
08/02/2025 13:30;0.9954
08/02/2025 13:45;0.9052
08/02/2025 14:00;0.9229
08/02/2025 14:15;0.9335
08/02/2025 14:30;0.9581
08/02/2025 14:45;0.9165
08/02/2025 15:00;1.0308
08/02/2025 15:15;0.9622
08/02/2025 15:30;1.0054
08/02/2025 15:45;1.0398
08/02/2025 16:00;1.0909
08/02/2025 16:15;1.1233
08/02/2025 16:30;1.1383
08/02/2025 16:45;1.0971
08/02/2025 17:00;1.4865
08/02/2025 17:15;1.4705
08/02/2025 17:30;1.4525
08/02/2025 17:45;1.4187
08/02/2025 18:00;1.7281
08/02/2025 18:15;1.9597
08/02/2025 18:30;1.8809
08/02/2025 18:45;1.7671
08/02/2025 19:00;1.7557
08/02/2025 19:15;1.8690
08/02/2025 19:30;1.8672
08/02/2025 19:45;1.8910
08/02/2025 20:00;1.7097
08/02/2025 20:15;1.6950
08/02/2025 20:30;1.7645
08/02/2025 20:45;1.7963
08/02/2025 21:00;1.4168
08/02/2025 21:15;1.3702
08/02/2025 21:30;1.4334
08/02/2025 21:45;1.4167
08/02/2025 22:00;1.0543
08/02/2025 22:15;0.9664
08/02/2025 22:30;0.9942
08/02/2025 22:45;1.0834
08/02/2025 23:00;0.7430
08/02/2025 23:15;0.7365
08/02/2025 23:30;0.7321
08/02/2025 23:45;0.7469
09/02/2025 00:00;0.5691
09/02/2025 00:15;0.5557
09/02/2025 00:30;0.5404
09/02/2025 00:45;0.5577
09/02/2025 01:00;0.4995
09/02/2025 01:15;0.5038
09/02/2025 01:30;0.5002
09/02/2025 01:45;0.5097
09/02/2025 02:00;0.4628
09/02/2025 02:15;0.4909
09/02/2025 02:30;0.4848
09/02/2025 02:45;0.4873
09/02/2025 03:00;0.5235
09/02/2025 03:15;0.5116
09/02/2025 03:30;0.4846
09/02/2025 03:45;0.5139
09/02/2025 04:00;0.5675
09/02/2025 04:15;0.5664
09/02/2025 04:30;0.5880
09/02/2025 04:45;0.5884
09/02/2025 05:00;0.8284
09/02/2025 05:15;0.8184
09/02/2025 05:30;0.8080
09/02/2025 05:45;0.8041
09/02/2025 06:00;1.2141
09/02/2025 06:15;1.2760
09/02/2025 06:30;1.2976
09/02/2025 06:45;1.3032
09/02/2025 07:00;1.6116
09/02/2025 07:15;1.5890
09/02/2025 07:30;1.6006
09/02/2025 07:45;1.6471
09/02/2025 08:00;1.2452
09/02/2025 08:15;1.2334
09/02/2025 08:30;1.2258
09/02/2025 08:45;1.2845
09/02/2025 09:00;0.9277
09/02/2025 09:15;0.9208
09/02/2025 09:30;0.8997
09/02/2025 09:45;0.8745
09/02/2025 10:00;0.8684
09/02/2025 10:15;0.8640
09/02/2025 10:30;0.8625
09/02/2025 10:45;0.8645
09/02/2025 11:00;0.8755
09/02/2025 11:15;0.9140
09/02/2025 11:30;0.9036
09/02/2025 11:45;0.9257
09/02/2025 12:00;0.9014
09/02/2025 12:15;0.8690
09/02/2025 12:30;0.8911
09/02/2025 12:45;0.8955
09/02/2025 13:00;0.9216
09/02/2025 13:15;0.9169
09/02/2025 13:30;0.8947
09/02/2025 13:45;0.9298
09/02/2025 14:00;0.8675
09/02/2025 14:15;0.8702
09/02/2025 14:30;0.8605
09/02/2025 14:45;0.8634
09/02/2025 15:00;0.8497
09/02/2025 15:15;0.9050
09/02/2025 15:30;0.8913
09/02/2025 15:45;0.9332
09/02/2025 16:00;0.9971
09/02/2025 16:15;0.9962
09/02/2025 16:30;1.0129
09/02/2025 16:45;1.0208
09/02/2025 17:00;1.3817
09/02/2025 17:15;1.3297
09/02/2025 17:30;1.3933
09/02/2025 17:45;1.3069
09/02/2025 18:00;1.6860
09/02/2025 18:15;1.6642
09/02/2025 18:30;1.6182
09/02/2025 18:45;1.6366
09/02/2025 19:00;1.6641
09/02/2025 19:15;1.7737
09/02/2025 19:30;1.6899
09/02/2025 19:45;1.6893
09/02/2025 20:00;1.4855
09/02/2025 20:15;1.5521
09/02/2025 20:30;1.5321
09/02/2025 20:45;1.5163
09/02/2025 21:00;1.3387
09/02/2025 21:15;1.3605
09/02/2025 21:30;1.2744
09/02/2025 21:45;1.3409
09/02/2025 22:00;0.9953
09/02/2025 22:15;0.9503
09/02/2025 22:30;1.0161
09/02/2025 22:45;0.8951
09/02/2025 23:00;0.6650
09/02/2025 23:15;0.6783
09/02/2025 23:30;0.6608
09/02/2025 23:45;0.6416
10/02/2025 00:00;0.5584
10/02/2025 00:15;0.5569
10/02/2025 00:30;0.5713
10/02/2025 00:45;0.5701
10/02/2025 01:00;0.5042
10/02/2025 01:15;0.5233
10/02/2025 01:30;0.5006
10/02/2025 01:45;0.4928
10/02/2025 02:00;0.5083
10/02/2025 02:15;0.4696
10/02/2025 02:30;0.4904
10/02/2025 02:45;0.4715
10/02/2025 03:00;0.4947
10/02/2025 03:15;0.5065
10/02/2025 03:30;0.5118
10/02/2025 03:45;0.5024
10/02/2025 04:00;0.5781
10/02/2025 04:15;0.5737
10/02/2025 04:30;0.5613
10/02/2025 04:45;0.6015
10/02/2025 05:00;0.8128
10/02/2025 05:15;0.8261
10/02/2025 05:30;0.8396
10/02/2025 05:45;0.8625
10/02/2025 06:00;1.4063
10/02/2025 06:15;1.4065
10/02/2025 06:30;1.3300
10/02/2025 06:45;1.3749
10/02/2025 07:00;1.6334
10/02/2025 07:15;1.6674
10/02/2025 07:30;1.7101
10/02/2025 07:45;1.5674
10/02/2025 08:00;1.2944
10/02/2025 08:15;1.2571
10/02/2025 08:30;1.2614
10/02/2025 08:45;1.2872
10/02/2025 09:00;0.9626
10/02/2025 09:15;0.9835
10/02/2025 09:30;0.9289
10/02/2025 09:45;0.9632
10/02/2025 10:00;0.8828
10/02/2025 10:15;0.8770
10/02/2025 10:30;0.8882
10/02/2025 10:45;0.9019
10/02/2025 11:00;0.9280
10/02/2025 11:15;0.9057
10/02/2025 11:30;0.9631
10/02/2025 11:45;0.9798
10/02/2025 12:00;0.9687
10/02/2025 12:15;0.9723
10/02/2025 12:30;0.9709
10/02/2025 12:45;0.9073
10/02/2025 13:00;0.9411
10/02/2025 13:15;0.9130
10/02/2025 13:30;0.9144
10/02/2025 13:45;0.9530
10/02/2025 14:00;0.9254
10/02/2025 14:15;0.8620
10/02/2025 14:30;0.8861
10/02/2025 14:45;0.8708
10/02/2025 15:00;0.9395
10/02/2025 15:15;0.9334
10/02/2025 15:30;0.8989
10/02/2025 15:45;0.9026
10/02/2025 16:00;1.0549
10/02/2025 16:15;1.0863
10/02/2025 16:30;1.0928
10/02/2025 16:45;1.1068
10/02/2025 17:00;1.3786
10/02/2025 17:15;1.3671
10/02/2025 17:30;1.3614
10/02/2025 17:45;1.4596
10/02/2025 18:00;1.8210
10/02/2025 18:15;1.8601
10/02/2025 18:30;1.8871
10/02/2025 18:45;1.7960
10/02/2025 19:00;1.8542
10/02/2025 19:15;1.9243
10/02/2025 19:30;1.8992
10/02/2025 19:45;1.8061
10/02/2025 20:00;1.6035
10/02/2025 20:15;1.6837
10/02/2025 20:30;1.6966
10/02/2025 20:45;1.6856
10/02/2025 21:00;1.3599
10/02/2025 21:15;1.3172
10/02/2025 21:30;1.3750
10/02/2025 21:45;1.3776
10/02/2025 22:00;0.9498
10/02/2025 22:15;0.9973
10/02/2025 22:30;0.9714
10/02/2025 22:45;0.9567
10/02/2025 23:00;0.6379
10/02/2025 23:15;0.6653
10/02/2025 23:30;0.6665
10/02/2025 23:45;0.6727
11/02/2025 00:00;0.6596
11/02/2025 00:15;0.6672
11/02/2025 00:30;0.6407
11/02/2025 00:45;0.6598
11/02/2025 01:00;0.5804
11/02/2025 01:15;0.5743
11/02/2025 01:30;0.5756
11/02/2025 01:45;0.5746
11/02/2025 02:00;0.5391
11/02/2025 02:15;0.5503
11/02/2025 02:30;0.5546
11/02/2025 02:45;0.5709
11/02/2025 03:00;0.6130
11/02/2025 03:15;0.5763
11/02/2025 03:30;0.5813
11/02/2025 03:45;0.5760
11/02/2025 04:00;0.6584
11/02/2025 04:15;0.6583
11/02/2025 04:30;0.6765
11/02/2025 04:45;0.6448
11/02/2025 05:00;0.9136
11/02/2025 05:15;0.9327
11/02/2025 05:30;1.0038
11/02/2025 05:45;0.9722
11/02/2025 06:00;1.5731
11/02/2025 06:15;1.5969
11/02/2025 06:30;1.6975
11/02/2025 06:45;1.6156
11/02/2025 07:00;1.9351
11/02/2025 07:15;1.9083
11/02/2025 07:30;1.7632
11/02/2025 07:45;1.9056
11/02/2025 08:00;1.4618
11/02/2025 08:15;1.4796
11/02/2025 08:30;1.4329
11/02/2025 08:45;1.3807
11/02/2025 09:00;1.0663
11/02/2025 09:15;1.0858
11/02/2025 09:30;1.0391
11/02/2025 09:45;1.1414
11/02/2025 10:00;1.0194
11/02/2025 10:15;1.1012
11/02/2025 10:30;1.0330
11/02/2025 10:45;1.0086
11/02/2025 11:00;1.0222
11/02/2025 11:15;1.0553
11/02/2025 11:30;1.0395
11/02/2025 11:45;1.0744
11/02/2025 12:00;1.0762
11/02/2025 12:15;1.0451
11/02/2025 12:30;1.1173
11/02/2025 12:45;1.0626
11/02/2025 13:00;1.0391
11/02/2025 13:15;1.0269
11/02/2025 13:30;1.0129
11/02/2025 13:45;1.0435
11/02/2025 14:00;0.9727
11/02/2025 14:15;1.0398
11/02/2025 14:30;1.0569
11/02/2025 14:45;0.9716
11/02/2025 15:00;1.0358
11/02/2025 15:15;1.0588
11/02/2025 15:30;1.1148
11/02/2025 15:45;1.0908
11/02/2025 16:00;1.2235
11/02/2025 16:15;1.1390
11/02/2025 16:30;1.2267
11/02/2025 16:45;1.2408
11/02/2025 17:00;1.5710
11/02/2025 17:15;1.5730
11/02/2025 17:30;1.5497
11/02/2025 17:45;1.5684
11/02/2025 18:00;2.1503
11/02/2025 18:15;2.0800
11/02/2025 18:30;1.9862
11/02/2025 18:45;2.0149
11/02/2025 19:00;1.9638
11/02/2025 19:15;2.0779
11/02/2025 19:30;2.2005
11/02/2025 19:45;2.0507
11/02/2025 20:00;1.8392
11/02/2025 20:15;1.8330
11/02/2025 20:30;1.8883
11/02/2025 20:45;1.9070
11/02/2025 21:00;1.5495
11/02/2025 21:15;1.5227
11/02/2025 21:30;1.5264
11/02/2025 21:45;1.6008
11/02/2025 22:00;1.1247
11/02/2025 22:15;1.1335
11/02/2025 22:30;1.1033
11/02/2025 22:45;1.0808
11/02/2025 23:00;0.7675
11/02/2025 23:15;0.7728
11/02/2025 23:30;0.7569
11/02/2025 23:45;0.7631
12/02/2025 00:00;0.5738
12/02/2025 00:15;0.5771
12/02/2025 00:30;0.5805
12/02/2025 00:45;0.5772
12/02/2025 01:00;0.4970
12/02/2025 01:15;0.5224
12/02/2025 01:30;0.5227
12/02/2025 01:45;0.5320
12/02/2025 02:00;0.4906
12/02/2025 02:15;0.4877
12/02/2025 02:30;0.5015
12/02/2025 02:45;0.5012
12/02/2025 03:00;0.5021
12/02/2025 03:15;0.5225
12/02/2025 03:30;0.5101
12/02/2025 03:45;0.5023
12/02/2025 04:00;0.5914
12/02/2025 04:15;0.5839
12/02/2025 04:30;0.5387
12/02/2025 04:45;0.5693
12/02/2025 05:00;0.8082
12/02/2025 05:15;0.8031
12/02/2025 05:30;0.8322
12/02/2025 05:45;0.8207
12/02/2025 06:00;1.3384
12/02/2025 06:15;1.3964
12/02/2025 06:30;1.3901
12/02/2025 06:45;1.4228
12/02/2025 07:00;1.7216
12/02/2025 07:15;1.6816
12/02/2025 07:30;1.5750
12/02/2025 07:45;1.7713
12/02/2025 08:00;1.2931
12/02/2025 08:15;1.3364
12/02/2025 08:30;1.2300
12/02/2025 08:45;1.2077
12/02/2025 09:00;1.0025
12/02/2025 09:15;0.9756
12/02/2025 09:30;0.9803
12/02/2025 09:45;1.0006
12/02/2025 10:00;0.9074
12/02/2025 10:15;0.8978
12/02/2025 10:30;0.9193
12/02/2025 10:45;0.9221
12/02/2025 11:00;0.9699
12/02/2025 11:15;0.9515
12/02/2025 11:30;0.9679
12/02/2025 11:45;0.9087
12/02/2025 12:00;0.9634
12/02/2025 12:15;0.9402
12/02/2025 12:30;0.9473
12/02/2025 12:45;0.9131
12/02/2025 13:00;0.9018
12/02/2025 13:15;0.8847
12/02/2025 13:30;0.9461
12/02/2025 13:45;0.8838
12/02/2025 14:00;0.9161
12/02/2025 14:15;0.9319
12/02/2025 14:30;0.9167
12/02/2025 14:45;0.8917
12/02/2025 15:00;0.9595
12/02/2025 15:15;0.9839
12/02/2025 15:30;0.9421
12/02/2025 15:45;0.9623
12/02/2025 16:00;1.0977
12/02/2025 16:15;1.0663
12/02/2025 16:30;1.1545
12/02/2025 16:45;1.0909
12/02/2025 17:00;1.3727
12/02/2025 17:15;1.3519
12/02/2025 17:30;1.4209
12/02/2025 17:45;1.3226
12/02/2025 18:00;1.7141
12/02/2025 18:15;1.7786
12/02/2025 18:30;1.9372
12/02/2025 18:45;1.7013
12/02/2025 19:00;1.9453
12/02/2025 19:15;1.8406
12/02/2025 19:30;1.8977
12/02/2025 19:45;1.9001
12/02/2025 20:00;1.6742
12/02/2025 20:15;1.5906
12/02/2025 20:30;1.6076
12/02/2025 20:45;1.6655
12/02/2025 21:00;1.3742
12/02/2025 21:15;1.4131
12/02/2025 21:30;1.4012
12/02/2025 21:45;1.3649
12/02/2025 22:00;1.0210
12/02/2025 22:15;0.9939
12/02/2025 22:30;0.9389
12/02/2025 22:45;0.9382
12/02/2025 23:00;0.6718
12/02/2025 23:15;0.6698
12/02/2025 23:30;0.6791
12/02/2025 23:45;0.7051
13/02/2025 00:00;0.6114
13/02/2025 00:15;0.6148
13/02/2025 00:30;0.6001
13/02/2025 00:45;0.5893
13/02/2025 01:00;0.5571
13/02/2025 01:15;0.5166
13/02/2025 01:30;0.5230
13/02/2025 01:45;0.5212
13/02/2025 02:00;0.5452
13/02/2025 02:15;0.5183
13/02/2025 02:30;0.5173
13/02/2025 02:45;0.5160
13/02/2025 03:00;0.4897
13/02/2025 03:15;0.5387
13/02/2025 03:30;0.5566
13/02/2025 03:45;0.5445
13/02/2025 04:00;0.6084
13/02/2025 04:15;0.6214
13/02/2025 04:30;0.6116
13/02/2025 04:45;0.6165
13/02/2025 05:00;0.8582
13/02/2025 05:15;0.9129
13/02/2025 05:30;0.8734
13/02/2025 05:45;0.8610
13/02/2025 06:00;1.5271
13/02/2025 06:15;1.4491
13/02/2025 06:30;1.4254
13/02/2025 06:45;1.5191
13/02/2025 07:00;1.6852
13/02/2025 07:15;1.6255
13/02/2025 07:30;1.7356
13/02/2025 07:45;1.8256
13/02/2025 08:00;1.2765
13/02/2025 08:15;1.3520
13/02/2025 08:30;1.3311
13/02/2025 08:45;1.2920
13/02/2025 09:00;1.0117
13/02/2025 09:15;0.9902
13/02/2025 09:30;0.9840
13/02/2025 09:45;1.0206
13/02/2025 10:00;0.9764
13/02/2025 10:15;0.9567
13/02/2025 10:30;0.9516
13/02/2025 10:45;0.9241
13/02/2025 11:00;0.9741
13/02/2025 11:15;1.0217
13/02/2025 11:30;1.0134
13/02/2025 11:45;0.9756
13/02/2025 12:00;0.9642
13/02/2025 12:15;0.9983
13/02/2025 12:30;1.0115
13/02/2025 12:45;1.0116
13/02/2025 13:00;1.0129
13/02/2025 13:15;0.9942
13/02/2025 13:30;0.9402
13/02/2025 13:45;0.9899
13/02/2025 14:00;0.9329
13/02/2025 14:15;0.9478
13/02/2025 14:30;0.9269
13/02/2025 14:45;0.9169
13/02/2025 15:00;0.9547
13/02/2025 15:15;0.9705
13/02/2025 15:30;1.0301
13/02/2025 15:45;0.9869
13/02/2025 16:00;1.0674
13/02/2025 16:15;1.1557
13/02/2025 16:30;1.1189
13/02/2025 16:45;1.1581
13/02/2025 17:00;1.5300
13/02/2025 17:15;1.5417
13/02/2025 17:30;1.4434
13/02/2025 17:45;1.5143
13/02/2025 18:00;1.9531
13/02/2025 18:15;1.8670
13/02/2025 18:30;1.8332
13/02/2025 18:45;1.8098
13/02/2025 19:00;1.9229
13/02/2025 19:15;1.8528
13/02/2025 19:30;1.9018
13/02/2025 19:45;1.8511
13/02/2025 20:00;1.7754
13/02/2025 20:15;1.7534
13/02/2025 20:30;1.7615
13/02/2025 20:45;1.7159
13/02/2025 21:00;1.4861
13/02/2025 21:15;1.4716
13/02/2025 21:30;1.4286
13/02/2025 21:45;1.5115
13/02/2025 22:00;1.0435
13/02/2025 22:15;1.0477
13/02/2025 22:30;1.0270
13/02/2025 22:45;1.0233
13/02/2025 23:00;0.7088
13/02/2025 23:15;0.7266
13/02/2025 23:30;0.6877
13/02/2025 23:45;0.6858
14/02/2025 00:00;0.6892
14/02/2025 00:15;0.6675
14/02/2025 00:30;0.6741
14/02/2025 00:45;0.6569
14/02/2025 01:00;0.5837
14/02/2025 01:15;0.5955
14/02/2025 01:30;0.6145
14/02/2025 01:45;0.5722
14/02/2025 02:00;0.5516
14/02/2025 02:15;0.5912
14/02/2025 02:30;0.5700
14/02/2025 02:45;0.5949
14/02/2025 03:00;0.6096
14/02/2025 03:15;0.5910
14/02/2025 03:30;0.5788
14/02/2025 03:45;0.6024
14/02/2025 04:00;0.6809
14/02/2025 04:15;0.6615
14/02/2025 04:30;0.6672
14/02/2025 04:45;0.6714
14/02/2025 05:00;0.9739
14/02/2025 05:15;0.9512
14/02/2025 05:30;1.0019
14/02/2025 05:45;0.9769
14/02/2025 06:00;1.6026
14/02/2025 06:15;1.6978
14/02/2025 06:30;1.5894
14/02/2025 06:45;1.6157
14/02/2025 07:00;1.9744
14/02/2025 07:15;1.9234
14/02/2025 07:30;1.9917
14/02/2025 07:45;1.9468
14/02/2025 08:00;1.4778
14/02/2025 08:15;1.5426
14/02/2025 08:30;1.6237
14/02/2025 08:45;1.4634
14/02/2025 09:00;1.1305
14/02/2025 09:15;1.1709
14/02/2025 09:30;1.1107
14/02/2025 09:45;1.1228
14/02/2025 10:00;1.1448
14/02/2025 10:15;1.0125
14/02/2025 10:30;1.0374
14/02/2025 10:45;1.0805
14/02/2025 11:00;1.1054
14/02/2025 11:15;1.0931
14/02/2025 11:30;1.0833
14/02/2025 11:45;1.0844
14/02/2025 12:00;1.0947
14/02/2025 12:15;1.1352
14/02/2025 12:30;1.1230
14/02/2025 12:45;1.1541
14/02/2025 13:00;1.0632
14/02/2025 13:15;1.0854
14/02/2025 13:30;1.1207
14/02/2025 13:45;1.1454
14/02/2025 14:00;1.0546
14/02/2025 14:15;1.0676
14/02/2025 14:30;1.0052
14/02/2025 14:45;1.0252
14/02/2025 15:00;1.0736
14/02/2025 15:15;1.1105
14/02/2025 15:30;1.1042
14/02/2025 15:45;1.0771
14/02/2025 16:00;1.2355
14/02/2025 16:15;1.2245
14/02/2025 16:30;1.2859
14/02/2025 16:45;1.2145
14/02/2025 17:00;1.5114
14/02/2025 17:15;1.6300
14/02/2025 17:30;1.6447
14/02/2025 17:45;1.6042
14/02/2025 18:00;2.0686
14/02/2025 18:15;2.0613
14/02/2025 18:30;2.2435
14/02/2025 18:45;2.0386
14/02/2025 19:00;2.1431
14/02/2025 19:15;2.1246
14/02/2025 19:30;2.1985
14/02/2025 19:45;2.0366
14/02/2025 20:00;1.8454
14/02/2025 20:15;1.8568
14/02/2025 20:30;1.8664
14/02/2025 20:45;2.0223
14/02/2025 21:00;1.5255
14/02/2025 21:15;1.6763
14/02/2025 21:30;1.5932
14/02/2025 21:45;1.6438
14/02/2025 22:00;1.1660
14/02/2025 22:15;1.1176
14/02/2025 22:30;1.1407
14/02/2025 22:45;1.1066
14/02/2025 23:00;0.7845
14/02/2025 23:15;0.7837
14/02/2025 23:30;0.7920
14/02/2025 23:45;0.8070
15/02/2025 00:00;0.6658
15/02/2025 00:15;0.6680
15/02/2025 00:30;0.6384
15/02/2025 00:45;0.6492
15/02/2025 01:00;0.6099
15/02/2025 01:15;0.5794
15/02/2025 01:30;0.5529
15/02/2025 01:45;0.5708
15/02/2025 02:00;0.5513
15/02/2025 02:15;0.5889
15/02/2025 02:30;0.5634
15/02/2025 02:45;0.5883
15/02/2025 03:00;0.6261
15/02/2025 03:15;0.6077
15/02/2025 03:30;0.5575
15/02/2025 03:45;0.6264
15/02/2025 04:00;0.7015
15/02/2025 04:15;0.6761
15/02/2025 04:30;0.6610
15/02/2025 04:45;0.7007
15/02/2025 05:00;0.9170
15/02/2025 05:15;0.9687
15/02/2025 05:30;0.9188
15/02/2025 05:45;0.9734
15/02/2025 06:00;1.4815
15/02/2025 06:15;1.5680
15/02/2025 06:30;1.4378
15/02/2025 06:45;1.5447
15/02/2025 07:00;1.8922
15/02/2025 07:15;1.8441
15/02/2025 07:30;1.7327
15/02/2025 07:45;1.8633
15/02/2025 08:00;1.4137
15/02/2025 08:15;1.4478
15/02/2025 08:30;1.4212
15/02/2025 08:45;1.4106
15/02/2025 09:00;1.0767
15/02/2025 09:15;1.1112
15/02/2025 09:30;1.1054
15/02/2025 09:45;1.0867
15/02/2025 10:00;1.0122
15/02/2025 10:15;1.0170
15/02/2025 10:30;0.9891
15/02/2025 10:45;1.0227
15/02/2025 11:00;1.0641
15/02/2025 11:15;1.0672
15/02/2025 11:30;1.0539
15/02/2025 11:45;1.0995
15/02/2025 12:00;1.0635
15/02/2025 12:15;1.0862
15/02/2025 12:30;1.0855
15/02/2025 12:45;1.0158
15/02/2025 13:00;1.0461
15/02/2025 13:15;1.0572
15/02/2025 13:30;1.0212
15/02/2025 13:45;1.0058
15/02/2025 14:00;0.9428
15/02/2025 14:15;1.0081
15/02/2025 14:30;0.9897
15/02/2025 14:45;1.0170
15/02/2025 15:00;1.1135
15/02/2025 15:15;1.0390
15/02/2025 15:30;1.0270
15/02/2025 15:45;1.0560
15/02/2025 16:00;1.1861
15/02/2025 16:15;1.1963
15/02/2025 16:30;1.2003
15/02/2025 16:45;1.2128
15/02/2025 17:00;1.5972
15/02/2025 17:15;1.6644
15/02/2025 17:30;1.5773
15/02/2025 17:45;1.5833
15/02/2025 18:00;1.9589
15/02/2025 18:15;1.8974
15/02/2025 18:30;1.8893
15/02/2025 18:45;1.8909
15/02/2025 19:00;2.0120
15/02/2025 19:15;1.9619
15/02/2025 19:30;1.7994
15/02/2025 19:45;1.9454
15/02/2025 20:00;1.8231
15/02/2025 20:15;1.9489
15/02/2025 20:30;1.8627
15/02/2025 20:45;1.8746
15/02/2025 21:00;1.6102
15/02/2025 21:15;1.5207
15/02/2025 21:30;1.4986
15/02/2025 21:45;1.5848
15/02/2025 22:00;1.1556
15/02/2025 22:15;1.0802
15/02/2025 22:30;1.0997
15/02/2025 22:45;1.0978
15/02/2025 23:00;0.7651
15/02/2025 23:15;0.7976
15/02/2025 23:30;0.7604
15/02/2025 23:45;0.7998
16/02/2025 00:00;0.6307
16/02/2025 00:15;0.6133
16/02/2025 00:30;0.6401
16/02/2025 00:45;0.5892
16/02/2025 01:00;0.5439
16/02/2025 01:15;0.5379
16/02/2025 01:30;0.5622
16/02/2025 01:45;0.5935
16/02/2025 02:00;0.5488
16/02/2025 02:15;0.5494
16/02/2025 02:30;0.5597
16/02/2025 02:45;0.5164
16/02/2025 03:00;0.5903
16/02/2025 03:15;0.5853
16/02/2025 03:30;0.5575
16/02/2025 03:45;0.5562
16/02/2025 04:00;0.6359
16/02/2025 04:15;0.6374
16/02/2025 04:30;0.6407
16/02/2025 04:45;0.6415
16/02/2025 05:00;0.9013
16/02/2025 05:15;0.9170
16/02/2025 05:30;0.8831
16/02/2025 05:45;0.8811
16/02/2025 06:00;1.4162
16/02/2025 06:15;1.4955
16/02/2025 06:30;1.4487
16/02/2025 06:45;1.3983
16/02/2025 07:00;1.6899
16/02/2025 07:15;1.7754
16/02/2025 07:30;1.8306
16/02/2025 07:45;1.7311
16/02/2025 08:00;1.3646
16/02/2025 08:15;1.2893
16/02/2025 08:30;1.3552
16/02/2025 08:45;1.3831
16/02/2025 09:00;1.0145
16/02/2025 09:15;1.0563
16/02/2025 09:30;1.0551
16/02/2025 09:45;1.0427
16/02/2025 10:00;0.9364
16/02/2025 10:15;0.9245
16/02/2025 10:30;0.9670
16/02/2025 10:45;0.9746
16/02/2025 11:00;0.9876
16/02/2025 11:15;0.9855
16/02/2025 11:30;0.9984
16/02/2025 11:45;1.0032
16/02/2025 12:00;1.0005
16/02/2025 12:15;0.9736
16/02/2025 12:30;1.0053
16/02/2025 12:45;1.0138
16/02/2025 13:00;0.9992
16/02/2025 13:15;0.9821
16/02/2025 13:30;0.9826
16/02/2025 13:45;0.9638
16/02/2025 14:00;0.9236
16/02/2025 14:15;0.9383
16/02/2025 14:30;0.9161
16/02/2025 14:45;0.9666
16/02/2025 15:00;1.0292
16/02/2025 15:15;1.0159
16/02/2025 15:30;0.9800
16/02/2025 15:45;1.0029
16/02/2025 16:00;1.1101
16/02/2025 16:15;1.1518
16/02/2025 16:30;1.1098
16/02/2025 16:45;1.1946
16/02/2025 17:00;1.4594
16/02/2025 17:15;1.4330
16/02/2025 17:30;1.5227
16/02/2025 17:45;1.3962
16/02/2025 18:00;1.8619
16/02/2025 18:15;1.7872
16/02/2025 18:30;1.8346
16/02/2025 18:45;1.8867
16/02/2025 19:00;1.8294
16/02/2025 19:15;1.8570
16/02/2025 19:30;1.8451
16/02/2025 19:45;1.7733
16/02/2025 20:00;1.6617
16/02/2025 20:15;1.7427
16/02/2025 20:30;1.6965
16/02/2025 20:45;1.6485
16/02/2025 21:00;1.3676
16/02/2025 21:15;1.4204
16/02/2025 21:30;1.4817
16/02/2025 21:45;1.4291
16/02/2025 22:00;1.0635
16/02/2025 22:15;1.0069
16/02/2025 22:30;1.0933
16/02/2025 22:45;0.9939
16/02/2025 23:00;0.7329
16/02/2025 23:15;0.7091
16/02/2025 23:30;0.7527
16/02/2025 23:45;0.7367
17/02/2025 00:00;0.5104
17/02/2025 00:15;0.5339
17/02/2025 00:30;0.5270
17/02/2025 00:45;0.5074
17/02/2025 01:00;0.4570
17/02/2025 01:15;0.4699
17/02/2025 01:30;0.4840
17/02/2025 01:45;0.4557
17/02/2025 02:00;0.4437
17/02/2025 02:15;0.4419
17/02/2025 02:30;0.4461
17/02/2025 02:45;0.4471
17/02/2025 03:00;0.4695
17/02/2025 03:15;0.4591
17/02/2025 03:30;0.4607
17/02/2025 03:45;0.4632
17/02/2025 04:00;0.5296
17/02/2025 04:15;0.5238
17/02/2025 04:30;0.5351
17/02/2025 04:45;0.5435
17/02/2025 05:00;0.7624
17/02/2025 05:15;0.7666
17/02/2025 05:30;0.7446
17/02/2025 05:45;0.7729
17/02/2025 06:00;1.3798
17/02/2025 06:15;1.2430
17/02/2025 06:30;1.2625
17/02/2025 06:45;1.3461
17/02/2025 07:00;1.6585
17/02/2025 07:15;1.6081
17/02/2025 07:30;1.4533
17/02/2025 07:45;1.5729
17/02/2025 08:00;1.1811
17/02/2025 08:15;1.1631
17/02/2025 08:30;1.1328
17/02/2025 08:45;1.1427
17/02/2025 09:00;0.8844
17/02/2025 09:15;0.8755
17/02/2025 09:30;0.8681
17/02/2025 09:45;0.8916
17/02/2025 10:00;0.8092
17/02/2025 10:15;0.7947
17/02/2025 10:30;0.8550
17/02/2025 10:45;0.8074
17/02/2025 11:00;0.8735
17/02/2025 11:15;0.8892
17/02/2025 11:30;0.8429
17/02/2025 11:45;0.8328
17/02/2025 12:00;0.9203
17/02/2025 12:15;0.8420
17/02/2025 12:30;0.9057
17/02/2025 12:45;0.8873
17/02/2025 13:00;0.8752
17/02/2025 13:15;0.8253
17/02/2025 13:30;0.8529
17/02/2025 13:45;0.8308
17/02/2025 14:00;0.8520
17/02/2025 14:15;0.7791
17/02/2025 14:30;0.8344
17/02/2025 14:45;0.8106
17/02/2025 15:00;0.9088
17/02/2025 15:15;0.8652
17/02/2025 15:30;0.8380
17/02/2025 15:45;0.8273
17/02/2025 16:00;0.9844
17/02/2025 16:15;1.0104
17/02/2025 16:30;0.9792
17/02/2025 16:45;1.0235
17/02/2025 17:00;1.2631
17/02/2025 17:15;1.3604
17/02/2025 17:30;1.3625
17/02/2025 17:45;1.3139
17/02/2025 18:00;1.7217
17/02/2025 18:15;1.6478
17/02/2025 18:30;1.6820
17/02/2025 18:45;1.5960
17/02/2025 19:00;1.7292
17/02/2025 19:15;1.7302
17/02/2025 19:30;1.7399
17/02/2025 19:45;1.5956
17/02/2025 20:00;1.5692
17/02/2025 20:15;1.5469
17/02/2025 20:30;1.4812
17/02/2025 20:45;1.5568
17/02/2025 21:00;1.2756
17/02/2025 21:15;1.3026
17/02/2025 21:30;1.2819
17/02/2025 21:45;1.2968
17/02/2025 22:00;0.9056
17/02/2025 22:15;0.9339
17/02/2025 22:30;0.9103
17/02/2025 22:45;0.9452
17/02/2025 23:00;0.5938
17/02/2025 23:15;0.6393
17/02/2025 23:30;0.5834
17/02/2025 23:45;0.5948
18/02/2025 00:00;0.5544
18/02/2025 00:15;0.5786
18/02/2025 00:30;0.5543
18/02/2025 00:45;0.5661
18/02/2025 01:00;0.5008
18/02/2025 01:15;0.5122
18/02/2025 01:30;0.4963
18/02/2025 01:45;0.4843
18/02/2025 02:00;0.4979
18/02/2025 02:15;0.5037
18/02/2025 02:30;0.4989
18/02/2025 02:45;0.4966
18/02/2025 03:00;0.5009
18/02/2025 03:15;0.5255
18/02/2025 03:30;0.4940
18/02/2025 03:45;0.5160
18/02/2025 04:00;0.5610
18/02/2025 04:15;0.5748
18/02/2025 04:30;0.5597
18/02/2025 04:45;0.5709
18/02/2025 05:00;0.8449
18/02/2025 05:15;0.8501
18/02/2025 05:30;0.8396
18/02/2025 05:45;0.8046
18/02/2025 06:00;1.3838
18/02/2025 06:15;1.4021
18/02/2025 06:30;1.3732
18/02/2025 06:45;1.4949
18/02/2025 07:00;1.7113
18/02/2025 07:15;1.7779
18/02/2025 07:30;1.6195
18/02/2025 07:45;1.7166
18/02/2025 08:00;1.2379
18/02/2025 08:15;1.2524
18/02/2025 08:30;1.3056
18/02/2025 08:45;1.3172
18/02/2025 09:00;0.9971
18/02/2025 09:15;0.9521
18/02/2025 09:30;0.9309
18/02/2025 09:45;0.9386
18/02/2025 10:00;0.8915
18/02/2025 10:15;0.8850
18/02/2025 10:30;0.8959
18/02/2025 10:45;0.8699
18/02/2025 11:00;0.8836
18/02/2025 11:15;0.9218
18/02/2025 11:30;0.8993
18/02/2025 11:45;0.8516
18/02/2025 12:00;0.9332
18/02/2025 12:15;0.9485
18/02/2025 12:30;0.9524
18/02/2025 12:45;0.9606
18/02/2025 13:00;0.9281
18/02/2025 13:15;0.8912
18/02/2025 13:30;0.9519
18/02/2025 13:45;0.9510
18/02/2025 14:00;0.9277
18/02/2025 14:15;0.8524
18/02/2025 14:30;0.8729
18/02/2025 14:45;0.8650
18/02/2025 15:00;0.9607
18/02/2025 15:15;0.9040
18/02/2025 15:30;0.9436
18/02/2025 15:45;0.9042
18/02/2025 16:00;1.0951
18/02/2025 16:15;1.0456
18/02/2025 16:30;1.0933
18/02/2025 16:45;1.0894
18/02/2025 17:00;1.4039
18/02/2025 17:15;1.4483
18/02/2025 17:30;1.3652
18/02/2025 17:45;1.4025
18/02/2025 18:00;1.7640
18/02/2025 18:15;1.7195
18/02/2025 18:30;1.6947
18/02/2025 18:45;1.7162
18/02/2025 19:00;1.7339
18/02/2025 19:15;1.7670
18/02/2025 19:30;1.8676
18/02/2025 19:45;1.7926
18/02/2025 20:00;1.7161
18/02/2025 20:15;1.6745
18/02/2025 20:30;1.6854
18/02/2025 20:45;1.6067
18/02/2025 21:00;1.3468
18/02/2025 21:15;1.3564
18/02/2025 21:30;1.3560
18/02/2025 21:45;1.4294
18/02/2025 22:00;0.9622
18/02/2025 22:15;0.9621
18/02/2025 22:30;0.9880
18/02/2025 22:45;0.9647
18/02/2025 23:00;0.6986
18/02/2025 23:15;0.6879
18/02/2025 23:30;0.6822
18/02/2025 23:45;0.7012
19/02/2025 00:00;0.6064
19/02/2025 00:15;0.6383
19/02/2025 00:30;0.6141
19/02/2025 00:45;0.6412
19/02/2025 01:00;0.5770
19/02/2025 01:15;0.5664
19/02/2025 01:30;0.5377
19/02/2025 01:45;0.5644
19/02/2025 02:00;0.5515
19/02/2025 02:15;0.5513
19/02/2025 02:30;0.5553
19/02/2025 02:45;0.5512
19/02/2025 03:00;0.5863
19/02/2025 03:15;0.5617
19/02/2025 03:30;0.5493
19/02/2025 03:45;0.5769
19/02/2025 04:00;0.6208
19/02/2025 04:15;0.5936
19/02/2025 04:30;0.6257
19/02/2025 04:45;0.6113
19/02/2025 05:00;0.9031
19/02/2025 05:15;0.9232
19/02/2025 05:30;0.9228
19/02/2025 05:45;0.9385
19/02/2025 06:00;1.5493
19/02/2025 06:15;1.5106
19/02/2025 06:30;1.5169
19/02/2025 06:45;1.5122
19/02/2025 07:00;1.7577
19/02/2025 07:15;1.8907
19/02/2025 07:30;1.8102
19/02/2025 07:45;1.8705
19/02/2025 08:00;1.4227
19/02/2025 08:15;1.4332
19/02/2025 08:30;1.3049
19/02/2025 08:45;1.3979
19/02/2025 09:00;1.1087
19/02/2025 09:15;1.0620
19/02/2025 09:30;0.9981
19/02/2025 09:45;1.0765
19/02/2025 10:00;1.0505
19/02/2025 10:15;1.0241
19/02/2025 10:30;0.9882
19/02/2025 10:45;0.9844
19/02/2025 11:00;1.0068
19/02/2025 11:15;1.0035
19/02/2025 11:30;1.0089
19/02/2025 11:45;0.9970
19/02/2025 12:00;1.0723
19/02/2025 12:15;1.0238
19/02/2025 12:30;1.0690
19/02/2025 12:45;1.0318
19/02/2025 13:00;0.9731
19/02/2025 13:15;1.0158
19/02/2025 13:30;1.0523
19/02/2025 13:45;0.9754
19/02/2025 14:00;1.0060
19/02/2025 14:15;0.9758
19/02/2025 14:30;1.0072
19/02/2025 14:45;0.9700
19/02/2025 15:00;1.0558
19/02/2025 15:15;1.0161
19/02/2025 15:30;1.0209
19/02/2025 15:45;1.0554
19/02/2025 16:00;1.2131
19/02/2025 16:15;1.1688
19/02/2025 16:30;1.2021
19/02/2025 16:45;1.1905
19/02/2025 17:00;1.6171
19/02/2025 17:15;1.6254
19/02/2025 17:30;1.5750
19/02/2025 17:45;1.5371
19/02/2025 18:00;2.0038
19/02/2025 18:15;1.9427
19/02/2025 18:30;1.9624
19/02/2025 18:45;1.9556
19/02/2025 19:00;2.0264
19/02/2025 19:15;2.1034
19/02/2025 19:30;2.0794
19/02/2025 19:45;2.0750
19/02/2025 20:00;1.9102
19/02/2025 20:15;1.8797
19/02/2025 20:30;1.7727
19/02/2025 20:45;1.8740
19/02/2025 21:00;1.5815
19/02/2025 21:15;1.5689
19/02/2025 21:30;1.5421
19/02/2025 21:45;1.6168
19/02/2025 22:00;1.0783
19/02/2025 22:15;1.0569
19/02/2025 22:30;1.1089
19/02/2025 22:45;1.0714
19/02/2025 23:00;0.7485
19/02/2025 23:15;0.7658
19/02/2025 23:30;0.7211
19/02/2025 23:45;0.7535
20/02/2025 00:00;0.5688
20/02/2025 00:15;0.5942
20/02/2025 00:30;0.5905
20/02/2025 00:45;0.5837
20/02/2025 01:00;0.5266
20/02/2025 01:15;0.5244
20/02/2025 01:30;0.5228
20/02/2025 01:45;0.5178
20/02/2025 02:00;0.5119
20/02/2025 02:15;0.5001
20/02/2025 02:30;0.5161
20/02/2025 02:45;0.4972
20/02/2025 03:00;0.5198
20/02/2025 03:15;0.5396
20/02/2025 03:30;0.5163
20/02/2025 03:45;0.5469
20/02/2025 04:00;0.5933
20/02/2025 04:15;0.5760
20/02/2025 04:30;0.5910
20/02/2025 04:45;0.5642
20/02/2025 05:00;0.8365
20/02/2025 05:15;0.8509
20/02/2025 05:30;0.8659
20/02/2025 05:45;0.8683
20/02/2025 06:00;1.4299
20/02/2025 06:15;1.4717
20/02/2025 06:30;1.3732
20/02/2025 06:45;1.4557
20/02/2025 07:00;1.7625
20/02/2025 07:15;1.7189
20/02/2025 07:30;1.7708
20/02/2025 07:45;1.8520
20/02/2025 08:00;1.3875
20/02/2025 08:15;1.3284
20/02/2025 08:30;1.3341
20/02/2025 08:45;1.3308
20/02/2025 09:00;1.0194
20/02/2025 09:15;1.0277
20/02/2025 09:30;0.9391
20/02/2025 09:45;0.9968
20/02/2025 10:00;0.8865
20/02/2025 10:15;0.9512
20/02/2025 10:30;0.9199
20/02/2025 10:45;0.9244
20/02/2025 11:00;0.9404
20/02/2025 11:15;0.9872
20/02/2025 11:30;1.0033
20/02/2025 11:45;0.9950
20/02/2025 12:00;0.9564
20/02/2025 12:15;0.9633
20/02/2025 12:30;0.9717
20/02/2025 12:45;0.9802
20/02/2025 13:00;0.9240
20/02/2025 13:15;0.9681
20/02/2025 13:30;0.9353
20/02/2025 13:45;1.0380
20/02/2025 14:00;0.8699
20/02/2025 14:15;0.9687
20/02/2025 14:30;0.9089
20/02/2025 14:45;0.9631
20/02/2025 15:00;0.9685
20/02/2025 15:15;0.9933
20/02/2025 15:30;0.9734
20/02/2025 15:45;0.9751
20/02/2025 16:00;1.1159
20/02/2025 16:15;1.1056
20/02/2025 16:30;1.0707
20/02/2025 16:45;1.1147
20/02/2025 17:00;1.4338
20/02/2025 17:15;1.5130
20/02/2025 17:30;1.4814
20/02/2025 17:45;1.4581
20/02/2025 18:00;1.7854
20/02/2025 18:15;1.9159
20/02/2025 18:30;1.8018
20/02/2025 18:45;1.7967
20/02/2025 19:00;1.9276
20/02/2025 19:15;1.8491
20/02/2025 19:30;1.8301
20/02/2025 19:45;1.9155
20/02/2025 20:00;1.8574
20/02/2025 20:15;1.7243
20/02/2025 20:30;1.8101
20/02/2025 20:45;1.6927
20/02/2025 21:00;1.4290
20/02/2025 21:15;1.4098
20/02/2025 21:30;1.4020
20/02/2025 21:45;1.4012
20/02/2025 22:00;1.0112
20/02/2025 22:15;1.0709
20/02/2025 22:30;1.0021
20/02/2025 22:45;0.9548
20/02/2025 23:00;0.6989
20/02/2025 23:15;0.7039
20/02/2025 23:30;0.6807
20/02/2025 23:45;0.6810
21/02/2025 00:00;0.5709
21/02/2025 00:15;0.5659
21/02/2025 00:30;0.5928
21/02/2025 00:45;0.5853
21/02/2025 01:00;0.5183
21/02/2025 01:15;0.5132
21/02/2025 01:30;0.4977
21/02/2025 01:45;0.5129
21/02/2025 02:00;0.5161
21/02/2025 02:15;0.5234
21/02/2025 02:30;0.5040
21/02/2025 02:45;0.4954
21/02/2025 03:00;0.5059
21/02/2025 03:15;0.5275
21/02/2025 03:30;0.5238
21/02/2025 03:45;0.5185
21/02/2025 04:00;0.6094
21/02/2025 04:15;0.6017
21/02/2025 04:30;0.6000
21/02/2025 04:45;0.5769
21/02/2025 05:00;0.8627
21/02/2025 05:15;0.8732
21/02/2025 05:30;0.8412
21/02/2025 05:45;0.8302
21/02/2025 06:00;1.5439
21/02/2025 06:15;1.4590
21/02/2025 06:30;1.3908
21/02/2025 06:45;1.3847
21/02/2025 07:00;1.7738
21/02/2025 07:15;1.6766
21/02/2025 07:30;1.6996
21/02/2025 07:45;1.6814
21/02/2025 08:00;1.3405
21/02/2025 08:15;1.2793
21/02/2025 08:30;1.2806
21/02/2025 08:45;1.3599
21/02/2025 09:00;1.0156
21/02/2025 09:15;0.9788
21/02/2025 09:30;1.0035
21/02/2025 09:45;0.9345
21/02/2025 10:00;0.8866
21/02/2025 10:15;0.9588
21/02/2025 10:30;0.9262
21/02/2025 10:45;0.8633
21/02/2025 11:00;0.9509
21/02/2025 11:15;0.9398
21/02/2025 11:30;0.9556
21/02/2025 11:45;0.9123
21/02/2025 12:00;0.9610
21/02/2025 12:15;0.9970
21/02/2025 12:30;0.9905
21/02/2025 12:45;0.9975
21/02/2025 13:00;0.9553
21/02/2025 13:15;0.9567
21/02/2025 13:30;0.9773
21/02/2025 13:45;0.9396
21/02/2025 14:00;0.9345
21/02/2025 14:15;0.9416
21/02/2025 14:30;0.9436
21/02/2025 14:45;0.8978
21/02/2025 15:00;0.9793
21/02/2025 15:15;0.9774
21/02/2025 15:30;1.0185
21/02/2025 15:45;0.9524
21/02/2025 16:00;1.1250
21/02/2025 16:15;1.1360
21/02/2025 16:30;1.0686
21/02/2025 16:45;1.1119
21/02/2025 17:00;1.4293
21/02/2025 17:15;1.4262
21/02/2025 17:30;1.4480
21/02/2025 17:45;1.4295
21/02/2025 18:00;1.9045
21/02/2025 18:15;1.6981
21/02/2025 18:30;1.8526
21/02/2025 18:45;1.8128
21/02/2025 19:00;1.8632
21/02/2025 19:15;1.9477
21/02/2025 19:30;1.8542
21/02/2025 19:45;1.7825
21/02/2025 20:00;1.8671
21/02/2025 20:15;1.6076
21/02/2025 20:30;1.6696
21/02/2025 20:45;1.6860
21/02/2025 21:00;1.5060
21/02/2025 21:15;1.3705
21/02/2025 21:30;1.4508
21/02/2025 21:45;1.4250
21/02/2025 22:00;0.9941
21/02/2025 22:15;1.0220
21/02/2025 22:30;1.0401
21/02/2025 22:45;1.0217
21/02/2025 23:00;0.7092
21/02/2025 23:15;0.6816
21/02/2025 23:30;0.6787
21/02/2025 23:45;0.6964
22/02/2025 00:00;0.5577
22/02/2025 00:15;0.5632
22/02/2025 00:30;0.5577
22/02/2025 00:45;0.5562
22/02/2025 01:00;0.5079
22/02/2025 01:15;0.4962
22/02/2025 01:30;0.5159
22/02/2025 01:45;0.5172
22/02/2025 02:00;0.4932
22/02/2025 02:15;0.4998
22/02/2025 02:30;0.4909
22/02/2025 02:45;0.4961
22/02/2025 03:00;0.5083
22/02/2025 03:15;0.5168
22/02/2025 03:30;0.5058
22/02/2025 03:45;0.4998
22/02/2025 04:00;0.5743
22/02/2025 04:15;0.5867
22/02/2025 04:30;0.5966
22/02/2025 04:45;0.5981
22/02/2025 05:00;0.8285
22/02/2025 05:15;0.8222
22/02/2025 05:30;0.8400
22/02/2025 05:45;0.8303
22/02/2025 06:00;1.2892
22/02/2025 06:15;1.3901
22/02/2025 06:30;1.3240
22/02/2025 06:45;1.3670
22/02/2025 07:00;1.6023
22/02/2025 07:15;1.6674
22/02/2025 07:30;1.7103
22/02/2025 07:45;1.6026
22/02/2025 08:00;1.2368
22/02/2025 08:15;1.2502
22/02/2025 08:30;1.2290
22/02/2025 08:45;1.2179
22/02/2025 09:00;0.9341
22/02/2025 09:15;0.9457
22/02/2025 09:30;0.9417
22/02/2025 09:45;0.9308
22/02/2025 10:00;0.9014
22/02/2025 10:15;0.8893
22/02/2025 10:30;0.9153
22/02/2025 10:45;0.8826
22/02/2025 11:00;0.9031
22/02/2025 11:15;0.9409
22/02/2025 11:30;0.9200
22/02/2025 11:45;0.9042
22/02/2025 12:00;0.9451
22/02/2025 12:15;0.9716
22/02/2025 12:30;0.9499
22/02/2025 12:45;0.9702
22/02/2025 13:00;0.8754
22/02/2025 13:15;0.9004
22/02/2025 13:30;0.8994
22/02/2025 13:45;0.8956
22/02/2025 14:00;0.8490
22/02/2025 14:15;0.8947
22/02/2025 14:30;0.9204
22/02/2025 14:45;0.8662
22/02/2025 15:00;0.9440
22/02/2025 15:15;0.8822
22/02/2025 15:30;0.9468
22/02/2025 15:45;0.9171
22/02/2025 16:00;1.0908
22/02/2025 16:15;1.0919
22/02/2025 16:30;1.0342
22/02/2025 16:45;1.0785
22/02/2025 17:00;1.3468
22/02/2025 17:15;1.3541
22/02/2025 17:30;1.4353
22/02/2025 17:45;1.3774
22/02/2025 18:00;1.7300
22/02/2025 18:15;1.7802
22/02/2025 18:30;1.7554
22/02/2025 18:45;1.5601
22/02/2025 19:00;1.7740
22/02/2025 19:15;1.8080
22/02/2025 19:30;1.8442
22/02/2025 19:45;1.7849
22/02/2025 20:00;1.6514
22/02/2025 20:15;1.6345
22/02/2025 20:30;1.5178
22/02/2025 20:45;1.6514
22/02/2025 21:00;1.3407
22/02/2025 21:15;1.3017
22/02/2025 21:30;1.3719
22/02/2025 21:45;1.3749
22/02/2025 22:00;0.9585
22/02/2025 22:15;0.9469
22/02/2025 22:30;0.9538
22/02/2025 22:45;0.9515
22/02/2025 23:00;0.6533
22/02/2025 23:15;0.6532
22/02/2025 23:30;0.6701
22/02/2025 23:45;0.6778
23/02/2025 00:00;0.5858
23/02/2025 00:15;0.5832
23/02/2025 00:30;0.5805
23/02/2025 00:45;0.5663
23/02/2025 01:00;0.5151
23/02/2025 01:15;0.4921
23/02/2025 01:30;0.4997
23/02/2025 01:45;0.5282
23/02/2025 02:00;0.5004
23/02/2025 02:15;0.4917
23/02/2025 02:30;0.4866
23/02/2025 02:45;0.4991
23/02/2025 03:00;0.5093
23/02/2025 03:15;0.5165
23/02/2025 03:30;0.5226
23/02/2025 03:45;0.5494
23/02/2025 04:00;0.5775
23/02/2025 04:15;0.5550
23/02/2025 04:30;0.6005
23/02/2025 04:45;0.5856
23/02/2025 05:00;0.8003
23/02/2025 05:15;0.8143
23/02/2025 05:30;0.7908
23/02/2025 05:45;0.8255
23/02/2025 06:00;1.3437
23/02/2025 06:15;1.3293
23/02/2025 06:30;1.3664
23/02/2025 06:45;1.3246
23/02/2025 07:00;1.6046
23/02/2025 07:15;1.5409
23/02/2025 07:30;1.6360
23/02/2025 07:45;1.6959
23/02/2025 08:00;1.1992
23/02/2025 08:15;1.2153
23/02/2025 08:30;1.2119
23/02/2025 08:45;1.2982
23/02/2025 09:00;0.9311
23/02/2025 09:15;0.9423
23/02/2025 09:30;0.9433
23/02/2025 09:45;0.9536
23/02/2025 10:00;0.8414
23/02/2025 10:15;0.8545
23/02/2025 10:30;0.9126
23/02/2025 10:45;0.8736
23/02/2025 11:00;0.8839
23/02/2025 11:15;0.8800
23/02/2025 11:30;0.9205
23/02/2025 11:45;0.9414
23/02/2025 12:00;0.8927
23/02/2025 12:15;0.9536
23/02/2025 12:30;0.9217
23/02/2025 12:45;0.9256
23/02/2025 13:00;0.8749
23/02/2025 13:15;0.9349
23/02/2025 13:30;0.9268
23/02/2025 13:45;0.8949
23/02/2025 14:00;0.8459
23/02/2025 14:15;0.8922
23/02/2025 14:30;0.8559
23/02/2025 14:45;0.8883
23/02/2025 15:00;0.9367
23/02/2025 15:15;0.8947
23/02/2025 15:30;0.8989
23/02/2025 15:45;0.9298
23/02/2025 16:00;1.0381
23/02/2025 16:15;1.0319
23/02/2025 16:30;1.0403
23/02/2025 16:45;1.0698
23/02/2025 17:00;1.4057
23/02/2025 17:15;1.3699
23/02/2025 17:30;1.3814
23/02/2025 17:45;1.3896
23/02/2025 18:00;1.7353
23/02/2025 18:15;1.6421
23/02/2025 18:30;1.7029
23/02/2025 18:45;1.6421
23/02/2025 19:00;1.7286
23/02/2025 19:15;1.7598
23/02/2025 19:30;1.8059
23/02/2025 19:45;1.7658
23/02/2025 20:00;1.5863
23/02/2025 20:15;1.5903
23/02/2025 20:30;1.5429
23/02/2025 20:45;1.6054
23/02/2025 21:00;1.3314
23/02/2025 21:15;1.2621
23/02/2025 21:30;1.2842
23/02/2025 21:45;1.3185
23/02/2025 22:00;0.9096
23/02/2025 22:15;0.9841
23/02/2025 22:30;0.9749
23/02/2025 22:45;0.9231
23/02/2025 23:00;0.6640
23/02/2025 23:15;0.6486
23/02/2025 23:30;0.6928
23/02/2025 23:45;0.6874
24/02/2025 00:00;0.5703
24/02/2025 00:15;0.5569
24/02/2025 00:30;0.5413
24/02/2025 00:45;0.5394
24/02/2025 01:00;0.5073
24/02/2025 01:15;0.4916
24/02/2025 01:30;0.5173
24/02/2025 01:45;0.4777
24/02/2025 02:00;0.4820
24/02/2025 02:15;0.4558
24/02/2025 02:30;0.4874
24/02/2025 02:45;0.4574
24/02/2025 03:00;0.4976
24/02/2025 03:15;0.4957
24/02/2025 03:30;0.4851
24/02/2025 03:45;0.4948
24/02/2025 04:00;0.5677
24/02/2025 04:15;0.5677
24/02/2025 04:30;0.5795
24/02/2025 04:45;0.5766
24/02/2025 05:00;0.7799
24/02/2025 05:15;0.7586
24/02/2025 05:30;0.7805
24/02/2025 05:45;0.8197
24/02/2025 06:00;1.3273
24/02/2025 06:15;1.3017
24/02/2025 06:30;1.2977
24/02/2025 06:45;1.2781
24/02/2025 07:00;1.5198
24/02/2025 07:15;1.5579
24/02/2025 07:30;1.5643
24/02/2025 07:45;1.5932
24/02/2025 08:00;1.1883
24/02/2025 08:15;1.2080
24/02/2025 08:30;1.2099
24/02/2025 08:45;1.1698
24/02/2025 09:00;0.8775
24/02/2025 09:15;0.9244
24/02/2025 09:30;0.8535
24/02/2025 09:45;0.9002
24/02/2025 10:00;0.8548
24/02/2025 10:15;0.8232
24/02/2025 10:30;0.8424
24/02/2025 10:45;0.8402
24/02/2025 11:00;0.8259
24/02/2025 11:15;0.8353
24/02/2025 11:30;0.8583
24/02/2025 11:45;0.8782
24/02/2025 12:00;0.8834
24/02/2025 12:15;0.9165
24/02/2025 12:30;0.9155
24/02/2025 12:45;0.8883
24/02/2025 13:00;0.8801
24/02/2025 13:15;0.8741
24/02/2025 13:30;0.8394
24/02/2025 13:45;0.8303
24/02/2025 14:00;0.8514
24/02/2025 14:15;0.8423
24/02/2025 14:30;0.8939
24/02/2025 14:45;0.8346
24/02/2025 15:00;0.8596
24/02/2025 15:15;0.8772
24/02/2025 15:30;0.9002
24/02/2025 15:45;0.8646
24/02/2025 16:00;0.9981
24/02/2025 16:15;0.9955
24/02/2025 16:30;1.0061
24/02/2025 16:45;1.0128
24/02/2025 17:00;1.2962
24/02/2025 17:15;1.2593
24/02/2025 17:30;1.3224
24/02/2025 17:45;1.3452
24/02/2025 18:00;1.6142
24/02/2025 18:15;1.6683
24/02/2025 18:30;1.6527
24/02/2025 18:45;1.5668
24/02/2025 19:00;1.7300
24/02/2025 19:15;1.8258
24/02/2025 19:30;1.6263
24/02/2025 19:45;1.7730
24/02/2025 20:00;1.5671
24/02/2025 20:15;1.5479
24/02/2025 20:30;1.5449
24/02/2025 20:45;1.5765
24/02/2025 21:00;1.2299
24/02/2025 21:15;1.2617
24/02/2025 21:30;1.2398
24/02/2025 21:45;1.2780
24/02/2025 22:00;0.9035
24/02/2025 22:15;0.9179
24/02/2025 22:30;0.8703
24/02/2025 22:45;0.8962
24/02/2025 23:00;0.6626
24/02/2025 23:15;0.6564
24/02/2025 23:30;0.6264
24/02/2025 23:45;0.6533
25/02/2025 00:00;0.6272
25/02/2025 00:15;0.6221
25/02/2025 00:30;0.6241
25/02/2025 00:45;0.6250
25/02/2025 01:00;0.5390
25/02/2025 01:15;0.5595
25/02/2025 01:30;0.5452
25/02/2025 01:45;0.5900
25/02/2025 02:00;0.5402
25/02/2025 02:15;0.5551
25/02/2025 02:30;0.5518
25/02/2025 02:45;0.5612
25/02/2025 03:00;0.6001
25/02/2025 03:15;0.5774
25/02/2025 03:30;0.5869
25/02/2025 03:45;0.5949
25/02/2025 04:00;0.6918
25/02/2025 04:15;0.6670
25/02/2025 04:30;0.6224
25/02/2025 04:45;0.6594
25/02/2025 05:00;0.9139
25/02/2025 05:15;0.9281
25/02/2025 05:30;0.8889
25/02/2025 05:45;0.9328
25/02/2025 06:00;1.4816
25/02/2025 06:15;1.4244
25/02/2025 06:30;1.4567
25/02/2025 06:45;1.4260
25/02/2025 07:00;1.7731
25/02/2025 07:15;1.6984
25/02/2025 07:30;1.6938
25/02/2025 07:45;1.7325
25/02/2025 08:00;1.3111
25/02/2025 08:15;1.3065
25/02/2025 08:30;1.4018
25/02/2025 08:45;1.3092
25/02/2025 09:00;1.0126
25/02/2025 09:15;1.0051
25/02/2025 09:30;1.0690
25/02/2025 09:45;1.0267
25/02/2025 10:00;0.9835
25/02/2025 10:15;0.9777
25/02/2025 10:30;0.9406
25/02/2025 10:45;0.9853
25/02/2025 11:00;1.0059
25/02/2025 11:15;1.0006
25/02/2025 11:30;1.0135
25/02/2025 11:45;0.9813
25/02/2025 12:00;1.0069
25/02/2025 12:15;1.0236
25/02/2025 12:30;1.0551
25/02/2025 12:45;1.0101
25/02/2025 13:00;0.9970
25/02/2025 13:15;0.9818
25/02/2025 13:30;0.9814
25/02/2025 13:45;1.0425
25/02/2025 14:00;0.9450
25/02/2025 14:15;0.9083
25/02/2025 14:30;0.9882
25/02/2025 14:45;0.9318
25/02/2025 15:00;0.9864
25/02/2025 15:15;1.0875
25/02/2025 15:30;1.0179
25/02/2025 15:45;1.0054
25/02/2025 16:00;1.1089
25/02/2025 16:15;1.1809
25/02/2025 16:30;1.1824
25/02/2025 16:45;1.1376
25/02/2025 17:00;1.4037
25/02/2025 17:15;1.4953
25/02/2025 17:30;1.4789
25/02/2025 17:45;1.3922
25/02/2025 18:00;1.7539
25/02/2025 18:15;1.7509
25/02/2025 18:30;1.7906
25/02/2025 18:45;1.8478
25/02/2025 19:00;1.8306
25/02/2025 19:15;1.8330
25/02/2025 19:30;1.9111
25/02/2025 19:45;1.8303
25/02/2025 20:00;1.6331
25/02/2025 20:15;1.6843
25/02/2025 20:30;1.7128
25/02/2025 20:45;1.7217
25/02/2025 21:00;1.4347
25/02/2025 21:15;1.4671
25/02/2025 21:30;1.4669
25/02/2025 21:45;1.4299
25/02/2025 22:00;1.0406
25/02/2025 22:15;1.0375
25/02/2025 22:30;1.0295
25/02/2025 22:45;1.0689
25/02/2025 23:00;0.7479
25/02/2025 23:15;0.7335
25/02/2025 23:30;0.7504
25/02/2025 23:45;0.7408
26/02/2025 00:00;0.5617
26/02/2025 00:15;0.6055
26/02/2025 00:30;0.5854
26/02/2025 00:45;0.5984
26/02/2025 01:00;0.4984
26/02/2025 01:15;0.5134
26/02/2025 01:30;0.4967
26/02/2025 01:45;0.5100
26/02/2025 02:00;0.5094
26/02/2025 02:15;0.5002
26/02/2025 02:30;0.4992
26/02/2025 02:45;0.5228
26/02/2025 03:00;0.5245
26/02/2025 03:15;0.5277
26/02/2025 03:30;0.5282
26/02/2025 03:45;0.5383
26/02/2025 04:00;0.5946
26/02/2025 04:15;0.6217
26/02/2025 04:30;0.5903
26/02/2025 04:45;0.5898
26/02/2025 05:00;0.8686
26/02/2025 05:15;0.7837
26/02/2025 05:30;0.8527
26/02/2025 05:45;0.8173
26/02/2025 06:00;1.4084
26/02/2025 06:15;1.3686
26/02/2025 06:30;1.3321
26/02/2025 06:45;1.3786
26/02/2025 07:00;1.6285
26/02/2025 07:15;1.6451
26/02/2025 07:30;1.4710
26/02/2025 07:45;1.6259
26/02/2025 08:00;1.3003
26/02/2025 08:15;1.1744
26/02/2025 08:30;1.2815
26/02/2025 08:45;1.2082
26/02/2025 09:00;0.9327
26/02/2025 09:15;0.9605
26/02/2025 09:30;0.9345
26/02/2025 09:45;0.9653
26/02/2025 10:00;0.9026
26/02/2025 10:15;0.8845
26/02/2025 10:30;0.8406
26/02/2025 10:45;0.8372
26/02/2025 11:00;0.8964
26/02/2025 11:15;0.8720
26/02/2025 11:30;0.8743
26/02/2025 11:45;0.8679
26/02/2025 12:00;0.9347
26/02/2025 12:15;0.9445
26/02/2025 12:30;0.9262
26/02/2025 12:45;0.9244
26/02/2025 13:00;0.8446
26/02/2025 13:15;0.9392
26/02/2025 13:30;0.8811
26/02/2025 13:45;0.8998
26/02/2025 14:00;0.8955
26/02/2025 14:15;0.8832
26/02/2025 14:30;0.8717
26/02/2025 14:45;0.8786
26/02/2025 15:00;0.9068
26/02/2025 15:15;0.9671
26/02/2025 15:30;0.8979
26/02/2025 15:45;0.9721
26/02/2025 16:00;1.0612
26/02/2025 16:15;1.0254
26/02/2025 16:30;1.0980
26/02/2025 16:45;1.0705
26/02/2025 17:00;1.3291
26/02/2025 17:15;1.3189
26/02/2025 17:30;1.3051
26/02/2025 17:45;1.4045
26/02/2025 18:00;1.6711
26/02/2025 18:15;1.6501
26/02/2025 18:30;1.6387
26/02/2025 18:45;1.5823
26/02/2025 19:00;1.7117
26/02/2025 19:15;1.6472
26/02/2025 19:30;1.6840
26/02/2025 19:45;1.6257
26/02/2025 20:00;1.4713
26/02/2025 20:15;1.6243
26/02/2025 20:30;1.5914
26/02/2025 20:45;1.5507
26/02/2025 21:00;1.3028
26/02/2025 21:15;1.2747
26/02/2025 21:30;1.2868
26/02/2025 21:45;1.2734
26/02/2025 22:00;0.9448
26/02/2025 22:15;0.9834
26/02/2025 22:30;0.9364
26/02/2025 22:45;0.9254
26/02/2025 23:00;0.6540
26/02/2025 23:15;0.6738
26/02/2025 23:30;0.6870
26/02/2025 23:45;0.6438
27/02/2025 00:00;0.6633
27/02/2025 00:15;0.6387
27/02/2025 00:30;0.6409
27/02/2025 00:45;0.6203
27/02/2025 01:00;0.5817
27/02/2025 01:15;0.5654
27/02/2025 01:30;0.6041
27/02/2025 01:45;0.5762
27/02/2025 02:00;0.6000
27/02/2025 02:15;0.5594
27/02/2025 02:30;0.5822
27/02/2025 02:45;0.5917
27/02/2025 03:00;0.5799
27/02/2025 03:15;0.5915
27/02/2025 03:30;0.5952
27/02/2025 03:45;0.5960
27/02/2025 04:00;0.6426
27/02/2025 04:15;0.6460
27/02/2025 04:30;0.6783
27/02/2025 04:45;0.6732
27/02/2025 05:00;0.9334
27/02/2025 05:15;1.0072
27/02/2025 05:30;0.9421
27/02/2025 05:45;0.9448
27/02/2025 06:00;1.4664
27/02/2025 06:15;1.5019
27/02/2025 06:30;1.5473
27/02/2025 06:45;1.5839
27/02/2025 07:00;1.8893
27/02/2025 07:15;1.8445
27/02/2025 07:30;1.7544
27/02/2025 07:45;1.8403
27/02/2025 08:00;1.3809
27/02/2025 08:15;1.4526
27/02/2025 08:30;1.3305
27/02/2025 08:45;1.3945
27/02/2025 09:00;1.0542
27/02/2025 09:15;1.0785
27/02/2025 09:30;1.0469
27/02/2025 09:45;1.0770
27/02/2025 10:00;0.9684
27/02/2025 10:15;1.0334
27/02/2025 10:30;1.0008
27/02/2025 10:45;0.9746
27/02/2025 11:00;0.9533
27/02/2025 11:15;1.0138
27/02/2025 11:30;1.0099
27/02/2025 11:45;0.9909
27/02/2025 12:00;1.0380
27/02/2025 12:15;0.9993
27/02/2025 12:30;1.0167
27/02/2025 12:45;1.0236
27/02/2025 13:00;0.9623
27/02/2025 13:15;0.9995
27/02/2025 13:30;0.9985
27/02/2025 13:45;0.9978
27/02/2025 14:00;0.9767
27/02/2025 14:15;1.0032
27/02/2025 14:30;0.9739
27/02/2025 14:45;0.9852
27/02/2025 15:00;1.0296
27/02/2025 15:15;1.0403
27/02/2025 15:30;1.0012
27/02/2025 15:45;1.0250
27/02/2025 16:00;1.1395
27/02/2025 16:15;1.2483
27/02/2025 16:30;1.1108
27/02/2025 16:45;1.2160
27/02/2025 17:00;1.5016
27/02/2025 17:15;1.5336
27/02/2025 17:30;1.4772
27/02/2025 17:45;1.4642
27/02/2025 18:00;1.7711
27/02/2025 18:15;1.9157
27/02/2025 18:30;1.7852
27/02/2025 18:45;1.9593
27/02/2025 19:00;1.8604
27/02/2025 19:15;1.9441
27/02/2025 19:30;1.9124
27/02/2025 19:45;1.9766
27/02/2025 20:00;1.6772
27/02/2025 20:15;1.8064
27/02/2025 20:30;1.7239
27/02/2025 20:45;1.6777
27/02/2025 21:00;1.5250
27/02/2025 21:15;1.5423
27/02/2025 21:30;1.4825
27/02/2025 21:45;1.4077
27/02/2025 22:00;1.0471
27/02/2025 22:15;1.0820
27/02/2025 22:30;1.0304
27/02/2025 22:45;1.0756
27/02/2025 23:00;0.7253
27/02/2025 23:15;0.7546
27/02/2025 23:30;0.8056
27/02/2025 23:45;0.7437
28/02/2025 00:00;0.6885
28/02/2025 00:15;0.6856
28/02/2025 00:30;0.6682
28/02/2025 00:45;0.6810
28/02/2025 01:00;0.6032
28/02/2025 01:15;0.5928
28/02/2025 01:30;0.5992
28/02/2025 01:45;0.6101
28/02/2025 02:00;0.5662
28/02/2025 02:15;0.5779
28/02/2025 02:30;0.5741
28/02/2025 02:45;0.5982
28/02/2025 03:00;0.6083
28/02/2025 03:15;0.6218
28/02/2025 03:30;0.6147
28/02/2025 03:45;0.6194
28/02/2025 04:00;0.7042
28/02/2025 04:15;0.6639
28/02/2025 04:30;0.6864
28/02/2025 04:45;0.6935
28/02/2025 05:00;0.9723
28/02/2025 05:15;1.0071
28/02/2025 05:30;0.9570
28/02/2025 05:45;0.9459
28/02/2025 06:00;1.6601
28/02/2025 06:15;1.5853
28/02/2025 06:30;1.6293
28/02/2025 06:45;1.7565
28/02/2025 07:00;1.8514
28/02/2025 07:15;1.9139
28/02/2025 07:30;1.8966
28/02/2025 07:45;1.8967
28/02/2025 08:00;1.3486
28/02/2025 08:15;1.4050
28/02/2025 08:30;1.3841
28/02/2025 08:45;1.4612
28/02/2025 09:00;1.1249
28/02/2025 09:15;1.0944
28/02/2025 09:30;1.0706
28/02/2025 09:45;1.0894
28/02/2025 10:00;0.9919
28/02/2025 10:15;1.0201
28/02/2025 10:30;0.9895
28/02/2025 10:45;1.0420
28/02/2025 11:00;1.0210
28/02/2025 11:15;1.0185
28/02/2025 11:30;1.0664
28/02/2025 11:45;1.1140
28/02/2025 12:00;1.1485
28/02/2025 12:15;1.1394
28/02/2025 12:30;1.1260
28/02/2025 12:45;1.0577
28/02/2025 13:00;1.0498
28/02/2025 13:15;1.0669
28/02/2025 13:30;1.1047
28/02/2025 13:45;1.0187
28/02/2025 14:00;1.0374
28/02/2025 14:15;1.0699
28/02/2025 14:30;1.0020
28/02/2025 14:45;1.0743
28/02/2025 15:00;1.0119
28/02/2025 15:15;1.0604
28/02/2025 15:30;1.1205
28/02/2025 15:45;1.0640
28/02/2025 16:00;1.1930
28/02/2025 16:15;1.2629
28/02/2025 16:30;1.2482
28/02/2025 16:45;1.1921
28/02/2025 17:00;1.5949
28/02/2025 17:15;1.6144
28/02/2025 17:30;1.6068
28/02/2025 17:45;1.4912
28/02/2025 18:00;1.8552
28/02/2025 18:15;1.9297
28/02/2025 18:30;1.9209
28/02/2025 18:45;1.8827
28/02/2025 19:00;2.0423
28/02/2025 19:15;2.0077
28/02/2025 19:30;2.0502
28/02/2025 19:45;2.0183
28/02/2025 20:00;1.8993
28/02/2025 20:15;1.9594
28/02/2025 20:30;1.7620
28/02/2025 20:45;1.8704
28/02/2025 21:00;1.5308
28/02/2025 21:15;1.4666
28/02/2025 21:30;1.5551
28/02/2025 21:45;1.5149
28/02/2025 22:00;1.1426
28/02/2025 22:15;1.1190
28/02/2025 22:30;1.0706
28/02/2025 22:45;1.1137
28/02/2025 23:00;0.7974
28/02/2025 23:15;0.7703
28/02/2025 23:30;0.7738
28/02/2025 23:45;0.7760
01/03/2025 00:00;0.5657
01/03/2025 00:15;0.5635
01/03/2025 00:30;0.6061
01/03/2025 00:45;0.5668
01/03/2025 01:00;0.4903
01/03/2025 01:15;0.4938
01/03/2025 01:30;0.5028
01/03/2025 01:45;0.5024
01/03/2025 02:00;0.4850
01/03/2025 02:15;0.4806
01/03/2025 02:30;0.4834
01/03/2025 02:45;0.4820
01/03/2025 03:00;0.5299
01/03/2025 03:15;0.5102
01/03/2025 03:30;0.5127
01/03/2025 03:45;0.5194
01/03/2025 04:00;0.5688
01/03/2025 04:15;0.5806
01/03/2025 04:30;0.5819
01/03/2025 04:45;0.5851
01/03/2025 05:00;0.8118
01/03/2025 05:15;0.8211
01/03/2025 05:30;0.8275
01/03/2025 05:45;0.8099
01/03/2025 06:00;1.4478
01/03/2025 06:15;1.4481
01/03/2025 06:30;1.3831
01/03/2025 06:45;1.3104
01/03/2025 07:00;1.6448
01/03/2025 07:15;1.6096
01/03/2025 07:30;1.6719
01/03/2025 07:45;1.6866
01/03/2025 08:00;1.3142
01/03/2025 08:15;1.2505
01/03/2025 08:30;1.2894
01/03/2025 08:45;1.3409
01/03/2025 09:00;0.9690
01/03/2025 09:15;0.9710
01/03/2025 09:30;0.9753
01/03/2025 09:45;0.9791
01/03/2025 10:00;0.8611
01/03/2025 10:15;0.8922
01/03/2025 10:30;0.8881
01/03/2025 10:45;0.8900
01/03/2025 11:00;0.8999
01/03/2025 11:15;0.9296
01/03/2025 11:30;0.9115
01/03/2025 11:45;0.9210
01/03/2025 12:00;1.0071
01/03/2025 12:15;0.9717
01/03/2025 12:30;0.9781
01/03/2025 12:45;1.0110
01/03/2025 13:00;0.8885
01/03/2025 13:15;0.9730
01/03/2025 13:30;0.9475
01/03/2025 13:45;0.9564
01/03/2025 14:00;0.8753
01/03/2025 14:15;0.9312
01/03/2025 14:30;0.8709
01/03/2025 14:45;0.8760
01/03/2025 15:00;0.9349
01/03/2025 15:15;0.9866
01/03/2025 15:30;0.9084
01/03/2025 15:45;0.9548
01/03/2025 16:00;1.1080
01/03/2025 16:15;1.0906
01/03/2025 16:30;1.0921
01/03/2025 16:45;1.0683
01/03/2025 17:00;1.4204
01/03/2025 17:15;1.4300
01/03/2025 17:30;1.4587
01/03/2025 17:45;1.4321
01/03/2025 18:00;1.7587
01/03/2025 18:15;1.6610
01/03/2025 18:30;1.8189
01/03/2025 18:45;1.7663
01/03/2025 19:00;1.9467
01/03/2025 19:15;1.8268
01/03/2025 19:30;1.8737
01/03/2025 19:45;1.8367
01/03/2025 20:00;1.6776
01/03/2025 20:15;1.7332
01/03/2025 20:30;1.6011
01/03/2025 20:45;1.7154
01/03/2025 21:00;1.4140
01/03/2025 21:15;1.4410
01/03/2025 21:30;1.3649
01/03/2025 21:45;1.4022
01/03/2025 22:00;0.9825
01/03/2025 22:15;1.0021
01/03/2025 22:30;0.9792
01/03/2025 22:45;0.9892
01/03/2025 23:00;0.6912
01/03/2025 23:15;0.6927
01/03/2025 23:30;0.7082
01/03/2025 23:45;0.6691
02/03/2025 00:00;0.5350
02/03/2025 00:15;0.5197
02/03/2025 00:30;0.5148
02/03/2025 00:45;0.5225
02/03/2025 01:00;0.4654
02/03/2025 01:15;0.4465
02/03/2025 01:30;0.4758
02/03/2025 01:45;0.4735
02/03/2025 02:00;0.4670
02/03/2025 02:15;0.4569
02/03/2025 02:30;0.4535
02/03/2025 02:45;0.4719
02/03/2025 03:00;0.4711
02/03/2025 03:15;0.4569
02/03/2025 03:30;0.4598
02/03/2025 03:45;0.4772
02/03/2025 04:00;0.5190
02/03/2025 04:15;0.5113
02/03/2025 04:30;0.5133
02/03/2025 04:45;0.5155
02/03/2025 05:00;0.7776
02/03/2025 05:15;0.7335
02/03/2025 05:30;0.7529
02/03/2025 05:45;0.7819
02/03/2025 06:00;1.2149
02/03/2025 06:15;1.2471
02/03/2025 06:30;1.2359
02/03/2025 06:45;1.2165
02/03/2025 07:00;1.4981
02/03/2025 07:15;1.5246
02/03/2025 07:30;1.5620
02/03/2025 07:45;1.5466
02/03/2025 08:00;1.1584
02/03/2025 08:15;1.0949
02/03/2025 08:30;1.2111
02/03/2025 08:45;1.1631
02/03/2025 09:00;0.9061
02/03/2025 09:15;0.8931
02/03/2025 09:30;0.8828
02/03/2025 09:45;0.9206
02/03/2025 10:00;0.8273
02/03/2025 10:15;0.8143
02/03/2025 10:30;0.8293
02/03/2025 10:45;0.8172
02/03/2025 11:00;0.8419
02/03/2025 11:15;0.8291
02/03/2025 11:30;0.8061
02/03/2025 11:45;0.8337
02/03/2025 12:00;0.8660
02/03/2025 12:15;0.8610
02/03/2025 12:30;0.8518
02/03/2025 12:45;0.9084
02/03/2025 13:00;0.8156
02/03/2025 13:15;0.8727
02/03/2025 13:30;0.8625
02/03/2025 13:45;0.8389
02/03/2025 14:00;0.7974
02/03/2025 14:15;0.7985
02/03/2025 14:30;0.8246
02/03/2025 14:45;0.7747
02/03/2025 15:00;0.8725
02/03/2025 15:15;0.8906
02/03/2025 15:30;0.8576
02/03/2025 15:45;0.8976
02/03/2025 16:00;0.9709
02/03/2025 16:15;0.9500
02/03/2025 16:30;0.9660
02/03/2025 16:45;0.9523
02/03/2025 17:00;1.2929
02/03/2025 17:15;1.2539
02/03/2025 17:30;1.2219
02/03/2025 17:45;1.2548
02/03/2025 18:00;1.6268
02/03/2025 18:15;1.6159
02/03/2025 18:30;1.5278
02/03/2025 18:45;1.6049
02/03/2025 19:00;1.6867
02/03/2025 19:15;1.6766
02/03/2025 19:30;1.6408
02/03/2025 19:45;1.7232
02/03/2025 20:00;1.4984
02/03/2025 20:15;1.5525
02/03/2025 20:30;1.5345
02/03/2025 20:45;1.5105
02/03/2025 21:00;1.2208
02/03/2025 21:15;1.2684
02/03/2025 21:30;1.3091
02/03/2025 21:45;1.2094
02/03/2025 22:00;0.8976
02/03/2025 22:15;0.9277
02/03/2025 22:30;0.8940
02/03/2025 22:45;0.8775
02/03/2025 23:00;0.6198
02/03/2025 23:15;0.6407
02/03/2025 23:30;0.6018
02/03/2025 23:45;0.6034
03/03/2025 00:00;0.5363
03/03/2025 00:15;0.5281
03/03/2025 00:30;0.5306
03/03/2025 00:45;0.5263
03/03/2025 01:00;0.4733
03/03/2025 01:15;0.4464
03/03/2025 01:30;0.4778
03/03/2025 01:45;0.4656
03/03/2025 02:00;0.4430
03/03/2025 02:15;0.4523
03/03/2025 02:30;0.4773
03/03/2025 02:45;0.4682
03/03/2025 03:00;0.4828
03/03/2025 03:15;0.4749
03/03/2025 03:30;0.4975
03/03/2025 03:45;0.4797
03/03/2025 04:00;0.5333
03/03/2025 04:15;0.5244
03/03/2025 04:30;0.5454
03/03/2025 04:45;0.5247
03/03/2025 05:00;0.7407
03/03/2025 05:15;0.7773
03/03/2025 05:30;0.7936
03/03/2025 05:45;0.7813
03/03/2025 06:00;1.3591
03/03/2025 06:15;1.3473
03/03/2025 06:30;1.3726
03/03/2025 06:45;1.3961
03/03/2025 07:00;1.7039
03/03/2025 07:15;1.6385
03/03/2025 07:30;1.6977
03/03/2025 07:45;1.6084
03/03/2025 08:00;1.2271
03/03/2025 08:15;1.2078
03/03/2025 08:30;1.2609
03/03/2025 08:45;1.2455
03/03/2025 09:00;0.9474
03/03/2025 09:15;0.8610
03/03/2025 09:30;0.9266
03/03/2025 09:45;0.8959
03/03/2025 10:00;0.8595
03/03/2025 10:15;0.8456
03/03/2025 10:30;0.8578
03/03/2025 10:45;0.8897
03/03/2025 11:00;0.9253
03/03/2025 11:15;0.8754
03/03/2025 11:30;0.9425
03/03/2025 11:45;0.8524
03/03/2025 12:00;0.9305
03/03/2025 12:15;0.8781
03/03/2025 12:30;0.9000
03/03/2025 12:45;0.8563
03/03/2025 13:00;0.9432
03/03/2025 13:15;0.8751
03/03/2025 13:30;0.8557
03/03/2025 13:45;0.8649
03/03/2025 14:00;0.8249
03/03/2025 14:15;0.8550
03/03/2025 14:30;0.8523
03/03/2025 14:45;0.8155
03/03/2025 15:00;0.9056
03/03/2025 15:15;0.8745
03/03/2025 15:30;0.9111
03/03/2025 15:45;0.9219
03/03/2025 16:00;1.0728
03/03/2025 16:15;0.9768
03/03/2025 16:30;1.0780
03/03/2025 16:45;1.0145
03/03/2025 17:00;1.3081
03/03/2025 17:15;1.3270
03/03/2025 17:30;1.4012
03/03/2025 17:45;1.3412
03/03/2025 18:00;1.7351
03/03/2025 18:15;1.7778
03/03/2025 18:30;1.6537
03/03/2025 18:45;1.6677
03/03/2025 19:00;1.8198
03/03/2025 19:15;1.7356
03/03/2025 19:30;1.8403
03/03/2025 19:45;1.8281
03/03/2025 20:00;1.6938
03/03/2025 20:15;1.6367
03/03/2025 20:30;1.6073
03/03/2025 20:45;1.6459
03/03/2025 21:00;1.2958
03/03/2025 21:15;1.3237
03/03/2025 21:30;1.3504
03/03/2025 21:45;1.4049
03/03/2025 22:00;0.9564
03/03/2025 22:15;0.9416
03/03/2025 22:30;0.9346
03/03/2025 22:45;0.9398
03/03/2025 23:00;0.6732
03/03/2025 23:15;0.6481
03/03/2025 23:30;0.6580
03/03/2025 23:45;0.6415
04/03/2025 00:00;0.5512
04/03/2025 00:15;0.5342
04/03/2025 00:30;0.5444
04/03/2025 00:45;0.5327
04/03/2025 01:00;0.4700
04/03/2025 01:15;0.4791
04/03/2025 01:30;0.4544
04/03/2025 01:45;0.4674
04/03/2025 02:00;0.4572
04/03/2025 02:15;0.4715
04/03/2025 02:30;0.4522
04/03/2025 02:45;0.4486
04/03/2025 03:00;0.4753
04/03/2025 03:15;0.4722
04/03/2025 03:30;0.4781
04/03/2025 03:45;0.4810
04/03/2025 04:00;0.5239
04/03/2025 04:15;0.5189
04/03/2025 04:30;0.5356
04/03/2025 04:45;0.5467
04/03/2025 05:00;0.7988
04/03/2025 05:15;0.7795
04/03/2025 05:30;0.7467
04/03/2025 05:45;0.8167
04/03/2025 06:00;1.3336
04/03/2025 06:15;1.3791
04/03/2025 06:30;1.3529
04/03/2025 06:45;1.3068
04/03/2025 07:00;1.6674
04/03/2025 07:15;1.6483
04/03/2025 07:30;1.5765
04/03/2025 07:45;1.6943
04/03/2025 08:00;1.2098
04/03/2025 08:15;1.3193
04/03/2025 08:30;1.2116
04/03/2025 08:45;1.2552
04/03/2025 09:00;0.9131
04/03/2025 09:15;0.9133
04/03/2025 09:30;0.9430
04/03/2025 09:45;0.9247
04/03/2025 10:00;0.8691
04/03/2025 10:15;0.8551
04/03/2025 10:30;0.8433
04/03/2025 10:45;0.8596
04/03/2025 11:00;0.8601
04/03/2025 11:15;0.8728
04/03/2025 11:30;0.9111
04/03/2025 11:45;0.8742
04/03/2025 12:00;0.9336
04/03/2025 12:15;0.8625
04/03/2025 12:30;0.9501
04/03/2025 12:45;0.9197
04/03/2025 13:00;0.9007
04/03/2025 13:15;0.8619
04/03/2025 13:30;0.9000
04/03/2025 13:45;0.9097
04/03/2025 14:00;0.8630
04/03/2025 14:15;0.8769
04/03/2025 14:30;0.8614
04/03/2025 14:45;0.8737
04/03/2025 15:00;0.8929
04/03/2025 15:15;0.9245
04/03/2025 15:30;0.9207
04/03/2025 15:45;0.9171
04/03/2025 16:00;1.0347
04/03/2025 16:15;1.0370
04/03/2025 16:30;1.0099
04/03/2025 16:45;1.0558
04/03/2025 17:00;1.3733
04/03/2025 17:15;1.3924
04/03/2025 17:30;1.3050
04/03/2025 17:45;1.4150
04/03/2025 18:00;1.8089
04/03/2025 18:15;1.8102
04/03/2025 18:30;1.7472
04/03/2025 18:45;1.7080
04/03/2025 19:00;1.7225
04/03/2025 19:15;1.8574
04/03/2025 19:30;1.8036
04/03/2025 19:45;1.7763
04/03/2025 20:00;1.6937
04/03/2025 20:15;1.6646
04/03/2025 20:30;1.6710
04/03/2025 20:45;1.6186
04/03/2025 21:00;1.3405
04/03/2025 21:15;1.3473
04/03/2025 21:30;1.3327
04/03/2025 21:45;1.3390
04/03/2025 22:00;1.0002
04/03/2025 22:15;0.8879
04/03/2025 22:30;0.9383
04/03/2025 22:45;0.9428
04/03/2025 23:00;0.6588
04/03/2025 23:15;0.6517
04/03/2025 23:30;0.6397
04/03/2025 23:45;0.6591
05/03/2025 00:00;0.5096
05/03/2025 00:15;0.5094
05/03/2025 00:30;0.4982
05/03/2025 00:45;0.5114
05/03/2025 01:00;0.4618
05/03/2025 01:15;0.4323
05/03/2025 01:30;0.4476
05/03/2025 01:45;0.4420
05/03/2025 02:00;0.4452
05/03/2025 02:15;0.4341
05/03/2025 02:30;0.4254
05/03/2025 02:45;0.4379
05/03/2025 03:00;0.4640
05/03/2025 03:15;0.4457
05/03/2025 03:30;0.4579
05/03/2025 03:45;0.4618
05/03/2025 04:00;0.5182
05/03/2025 04:15;0.5067
05/03/2025 04:30;0.5026
05/03/2025 04:45;0.5203
05/03/2025 05:00;0.7587
05/03/2025 05:15;0.7389
05/03/2025 05:30;0.7395
05/03/2025 05:45;0.7546
05/03/2025 06:00;1.2673
05/03/2025 06:15;1.2176
05/03/2025 06:30;1.2555
05/03/2025 06:45;1.3300
05/03/2025 07:00;1.4769
05/03/2025 07:15;1.5531
05/03/2025 07:30;1.6184
05/03/2025 07:45;1.4730
05/03/2025 08:00;1.1674
05/03/2025 08:15;1.1893
05/03/2025 08:30;1.1356
05/03/2025 08:45;1.0995
05/03/2025 09:00;0.8667
05/03/2025 09:15;0.8223
05/03/2025 09:30;0.8969
05/03/2025 09:45;0.8493
05/03/2025 10:00;0.7683
05/03/2025 10:15;0.8241
05/03/2025 10:30;0.7957
05/03/2025 10:45;0.8004
05/03/2025 11:00;0.8500
05/03/2025 11:15;0.8284
05/03/2025 11:30;0.8034
05/03/2025 11:45;0.8327
05/03/2025 12:00;0.8397
05/03/2025 12:15;0.8465
05/03/2025 12:30;0.8514
05/03/2025 12:45;0.8593
05/03/2025 13:00;0.8484
05/03/2025 13:15;0.8608
05/03/2025 13:30;0.8250
05/03/2025 13:45;0.8404
05/03/2025 14:00;0.8004
05/03/2025 14:15;0.8152
05/03/2025 14:30;0.8268
05/03/2025 14:45;0.8164
05/03/2025 15:00;0.8308
05/03/2025 15:15;0.8062
05/03/2025 15:30;0.8594
05/03/2025 15:45;0.8464
05/03/2025 16:00;0.9908
05/03/2025 16:15;1.0115
05/03/2025 16:30;0.9912
05/03/2025 16:45;0.9940
05/03/2025 17:00;1.2914
05/03/2025 17:15;1.2321
05/03/2025 17:30;1.3196
05/03/2025 17:45;1.2437
05/03/2025 18:00;1.6925
05/03/2025 18:15;1.6165
05/03/2025 18:30;1.5906
05/03/2025 18:45;1.5072
05/03/2025 19:00;1.7796
05/03/2025 19:15;1.7578
05/03/2025 19:30;1.7607
05/03/2025 19:45;1.6468
05/03/2025 20:00;1.5165
05/03/2025 20:15;1.5753
05/03/2025 20:30;1.5176
05/03/2025 20:45;1.4987
05/03/2025 21:00;1.2488
05/03/2025 21:15;1.2746
05/03/2025 21:30;1.2050
05/03/2025 21:45;1.2250
05/03/2025 22:00;0.8604
05/03/2025 22:15;0.8679
05/03/2025 22:30;0.8989
05/03/2025 22:45;0.8997
05/03/2025 23:00;0.5983
05/03/2025 23:15;0.6088
05/03/2025 23:30;0.5880
05/03/2025 23:45;0.6091
06/03/2025 00:00;0.5298
06/03/2025 00:15;0.5279
06/03/2025 00:30;0.5476
06/03/2025 00:45;0.5358
06/03/2025 01:00;0.4745
06/03/2025 01:15;0.4841
06/03/2025 01:30;0.4980
06/03/2025 01:45;0.4710
06/03/2025 02:00;0.4609
06/03/2025 02:15;0.4757
06/03/2025 02:30;0.4601
06/03/2025 02:45;0.4737
06/03/2025 03:00;0.5050
06/03/2025 03:15;0.4925
06/03/2025 03:30;0.4994
06/03/2025 03:45;0.4924
06/03/2025 04:00;0.5432
06/03/2025 04:15;0.5611
06/03/2025 04:30;0.5379
06/03/2025 04:45;0.5625
06/03/2025 05:00;0.8216
06/03/2025 05:15;0.8097
06/03/2025 05:30;0.8461
06/03/2025 05:45;0.7850
06/03/2025 06:00;1.3577
06/03/2025 06:15;1.3578
06/03/2025 06:30;1.3512
06/03/2025 06:45;1.3561
06/03/2025 07:00;1.6728
06/03/2025 07:15;1.6613
06/03/2025 07:30;1.6538
06/03/2025 07:45;1.5882
06/03/2025 08:00;1.2532
06/03/2025 08:15;1.2033
06/03/2025 08:30;1.2704
06/03/2025 08:45;1.3003
06/03/2025 09:00;0.9260
06/03/2025 09:15;0.8592
06/03/2025 09:30;0.9323
06/03/2025 09:45;0.9246
06/03/2025 10:00;0.8819
06/03/2025 10:15;0.8834
06/03/2025 10:30;0.8685
06/03/2025 10:45;0.8842
06/03/2025 11:00;0.9043
06/03/2025 11:15;0.8219
06/03/2025 11:30;0.8852
06/03/2025 11:45;0.8603
06/03/2025 12:00;0.9331
06/03/2025 12:15;0.9233
06/03/2025 12:30;0.9238
06/03/2025 12:45;0.9258
06/03/2025 13:00;0.8743
06/03/2025 13:15;0.8897
06/03/2025 13:30;0.8796
06/03/2025 13:45;0.8879
06/03/2025 14:00;0.8166
06/03/2025 14:15;0.9064
06/03/2025 14:30;0.8821
06/03/2025 14:45;0.8428
06/03/2025 15:00;0.9305
06/03/2025 15:15;0.8986
06/03/2025 15:30;0.9338
06/03/2025 15:45;0.8547
06/03/2025 16:00;1.0323
06/03/2025 16:15;1.0561
06/03/2025 16:30;1.0485
06/03/2025 16:45;1.0471
06/03/2025 17:00;1.3100
06/03/2025 17:15;1.4591
06/03/2025 17:30;1.3848
06/03/2025 17:45;1.3217
06/03/2025 18:00;1.7634
06/03/2025 18:15;1.7549
06/03/2025 18:30;1.7779
06/03/2025 18:45;1.6940
06/03/2025 19:00;1.7969
06/03/2025 19:15;1.8916
06/03/2025 19:30;1.7261
06/03/2025 19:45;1.8013
06/03/2025 20:00;1.6721
06/03/2025 20:15;1.7061
06/03/2025 20:30;1.7045
06/03/2025 20:45;1.6002
06/03/2025 21:00;1.3806
06/03/2025 21:15;1.3327
06/03/2025 21:30;1.3613
06/03/2025 21:45;1.3775
06/03/2025 22:00;0.9486
06/03/2025 22:15;0.9288
06/03/2025 22:30;0.9461
06/03/2025 22:45;0.9623
06/03/2025 23:00;0.6488
06/03/2025 23:15;0.6516
06/03/2025 23:30;0.6425
06/03/2025 23:45;0.6491
07/03/2025 00:00;0.5262
07/03/2025 00:15;0.5001
07/03/2025 00:30;0.5102
07/03/2025 00:45;0.5091
07/03/2025 01:00;0.4474
07/03/2025 01:15;0.4547
07/03/2025 01:30;0.4463
07/03/2025 01:45;0.4308
07/03/2025 02:00;0.4256
07/03/2025 02:15;0.4304
07/03/2025 02:30;0.4268
07/03/2025 02:45;0.4307
07/03/2025 03:00;0.4473
07/03/2025 03:15;0.4590
07/03/2025 03:30;0.4606
07/03/2025 03:45;0.4383
07/03/2025 04:00;0.4960
07/03/2025 04:15;0.5198
07/03/2025 04:30;0.5158
07/03/2025 04:45;0.4997
07/03/2025 05:00;0.7622
07/03/2025 05:15;0.7474
07/03/2025 05:30;0.7738
07/03/2025 05:45;0.7611
07/03/2025 06:00;1.3601
07/03/2025 06:15;1.2144
07/03/2025 06:30;1.2348
07/03/2025 06:45;1.2749
07/03/2025 07:00;1.5435
07/03/2025 07:15;1.6107
07/03/2025 07:30;1.6062
07/03/2025 07:45;1.6138
07/03/2025 08:00;1.2132
07/03/2025 08:15;1.1466
07/03/2025 08:30;1.1836
07/03/2025 08:45;1.2815
07/03/2025 09:00;0.8272
07/03/2025 09:15;0.9009
07/03/2025 09:30;0.8894
07/03/2025 09:45;0.8831
07/03/2025 10:00;0.8257
07/03/2025 10:15;0.7983
07/03/2025 10:30;0.8309
07/03/2025 10:45;0.7761
07/03/2025 11:00;0.8579
07/03/2025 11:15;0.8244
07/03/2025 11:30;0.8621
07/03/2025 11:45;0.8698
07/03/2025 12:00;0.8883
07/03/2025 12:15;0.9064
07/03/2025 12:30;0.9069
07/03/2025 12:45;0.8722
07/03/2025 13:00;0.8568
07/03/2025 13:15;0.8763
07/03/2025 13:30;0.8331
07/03/2025 13:45;0.8568
07/03/2025 14:00;0.7762
07/03/2025 14:15;0.8521
07/03/2025 14:30;0.7896
07/03/2025 14:45;0.8138
07/03/2025 15:00;0.8969
07/03/2025 15:15;0.8568
07/03/2025 15:30;0.8731
07/03/2025 15:45;0.8467
07/03/2025 16:00;0.9631
07/03/2025 16:15;0.9901
07/03/2025 16:30;1.0317
07/03/2025 16:45;0.9764
07/03/2025 17:00;1.2680
07/03/2025 17:15;1.3602
07/03/2025 17:30;1.2911
07/03/2025 17:45;1.3689
07/03/2025 18:00;1.6508
07/03/2025 18:15;1.6483
07/03/2025 18:30;1.7380
07/03/2025 18:45;1.6783
07/03/2025 19:00;1.7047
07/03/2025 19:15;1.8057
07/03/2025 19:30;1.7553
07/03/2025 19:45;1.7843
07/03/2025 20:00;1.5588
07/03/2025 20:15;1.5748
07/03/2025 20:30;1.4754
07/03/2025 20:45;1.5436
07/03/2025 21:00;1.2677
07/03/2025 21:15;1.2545
07/03/2025 21:30;1.3215
07/03/2025 21:45;1.3209
07/03/2025 22:00;0.8819
07/03/2025 22:15;0.8921
07/03/2025 22:30;0.8419
07/03/2025 22:45;0.8964
07/03/2025 23:00;0.6032
07/03/2025 23:15;0.6194
07/03/2025 23:30;0.5884
07/03/2025 23:45;0.6363
08/03/2025 00:00;0.4705
08/03/2025 00:15;0.4832
08/03/2025 00:30;0.4772
08/03/2025 00:45;0.4846
08/03/2025 01:00;0.4233
08/03/2025 01:15;0.4249
08/03/2025 01:30;0.4213
08/03/2025 01:45;0.4220
08/03/2025 02:00;0.4155
08/03/2025 02:15;0.4152
08/03/2025 02:30;0.4252
08/03/2025 02:45;0.3986
08/03/2025 03:00;0.4219
08/03/2025 03:15;0.4278
08/03/2025 03:30;0.4243
08/03/2025 03:45;0.4428
08/03/2025 04:00;0.4957
08/03/2025 04:15;0.4964
08/03/2025 04:30;0.4910
08/03/2025 04:45;0.4705
08/03/2025 05:00;0.7108
08/03/2025 05:15;0.6973
08/03/2025 05:30;0.7079
08/03/2025 05:45;0.7134
08/03/2025 06:00;1.1808
08/03/2025 06:15;1.2141
08/03/2025 06:30;1.1061
08/03/2025 06:45;1.1115
08/03/2025 07:00;1.4512
08/03/2025 07:15;1.3349
08/03/2025 07:30;1.3843
08/03/2025 07:45;1.3829
08/03/2025 08:00;1.0561
08/03/2025 08:15;1.0292
08/03/2025 08:30;1.0582
08/03/2025 08:45;1.0861
08/03/2025 09:00;0.8358
08/03/2025 09:15;0.8117
08/03/2025 09:30;0.8029
08/03/2025 09:45;0.8356
08/03/2025 10:00;0.7529
08/03/2025 10:15;0.7840
08/03/2025 10:30;0.7680
08/03/2025 10:45;0.7588
08/03/2025 11:00;0.7914
08/03/2025 11:15;0.8122
08/03/2025 11:30;0.7765
08/03/2025 11:45;0.7467
08/03/2025 12:00;0.8392
08/03/2025 12:15;0.7987
08/03/2025 12:30;0.7990
08/03/2025 12:45;0.7880
08/03/2025 13:00;0.8341
08/03/2025 13:15;0.7714
08/03/2025 13:30;0.7881
08/03/2025 13:45;0.7478
08/03/2025 14:00;0.7653
08/03/2025 14:15;0.7527
08/03/2025 14:30;0.7585
08/03/2025 14:45;0.7127
08/03/2025 15:00;0.7709
08/03/2025 15:15;0.7872
08/03/2025 15:30;0.8348
08/03/2025 15:45;0.7936
08/03/2025 16:00;0.9254
08/03/2025 16:15;0.9412
08/03/2025 16:30;0.9116
08/03/2025 16:45;0.8984
08/03/2025 17:00;1.1311
08/03/2025 17:15;1.2165
08/03/2025 17:30;1.1165
08/03/2025 17:45;1.1758
08/03/2025 18:00;1.4836
08/03/2025 18:15;1.4604
08/03/2025 18:30;1.4495
08/03/2025 18:45;1.4067
08/03/2025 19:00;1.5271
08/03/2025 19:15;1.5872
08/03/2025 19:30;1.5050
08/03/2025 19:45;1.5191
08/03/2025 20:00;1.4428
08/03/2025 20:15;1.3015
08/03/2025 20:30;1.5244
08/03/2025 20:45;1.3709
08/03/2025 21:00;1.1338
08/03/2025 21:15;1.1225
08/03/2025 21:30;1.1878
08/03/2025 21:45;1.1920
08/03/2025 22:00;0.8335
08/03/2025 22:15;0.8029
08/03/2025 22:30;0.8139
08/03/2025 22:45;0.8260
08/03/2025 23:00;0.5962
08/03/2025 23:15;0.5849
08/03/2025 23:30;0.5739
08/03/2025 23:45;0.5620
09/03/2025 00:00;0.5084
09/03/2025 00:15;0.4862
09/03/2025 00:30;0.4843
09/03/2025 00:45;0.5034
09/03/2025 01:00;0.4388
09/03/2025 01:15;0.4493
09/03/2025 01:30;0.4355
09/03/2025 01:45;0.4413
09/03/2025 02:00;0.4334
09/03/2025 02:15;0.4388
09/03/2025 02:30;0.4119
09/03/2025 02:45;0.4140
09/03/2025 03:00;0.4484
09/03/2025 03:15;0.4461
09/03/2025 03:30;0.4213
09/03/2025 03:45;0.4390
09/03/2025 04:00;0.5121
09/03/2025 04:15;0.4999
09/03/2025 04:30;0.4930
09/03/2025 04:45;0.5176
09/03/2025 05:00;0.7288
09/03/2025 05:15;0.7368
09/03/2025 05:30;0.7177
09/03/2025 05:45;0.7352
09/03/2025 06:00;1.1691
09/03/2025 06:15;1.1931
09/03/2025 06:30;1.1335
09/03/2025 06:45;1.2588
09/03/2025 07:00;1.4365
09/03/2025 07:15;1.4272
09/03/2025 07:30;1.4658
09/03/2025 07:45;1.4885
09/03/2025 08:00;1.0714
09/03/2025 08:15;1.1008
09/03/2025 08:30;1.0582
09/03/2025 08:45;1.1297
09/03/2025 09:00;0.8030
09/03/2025 09:15;0.8020
09/03/2025 09:30;0.7998
09/03/2025 09:45;0.7802
09/03/2025 10:00;0.7661
09/03/2025 10:15;0.7668
09/03/2025 10:30;0.7862
09/03/2025 10:45;0.8100
09/03/2025 11:00;0.7947
09/03/2025 11:15;0.7441
09/03/2025 11:30;0.8084
09/03/2025 11:45;0.7992
09/03/2025 12:00;0.8067
09/03/2025 12:15;0.8454
09/03/2025 12:30;0.8219
09/03/2025 12:45;0.8213
09/03/2025 13:00;0.7982
09/03/2025 13:15;0.7965
09/03/2025 13:30;0.8229
09/03/2025 13:45;0.7812
09/03/2025 14:00;0.7948
09/03/2025 14:15;0.7886
09/03/2025 14:30;0.8001
09/03/2025 14:45;0.7491
09/03/2025 15:00;0.7943
09/03/2025 15:15;0.8247
09/03/2025 15:30;0.7947
09/03/2025 15:45;0.8497
09/03/2025 16:00;0.9656
09/03/2025 16:15;0.9498
09/03/2025 16:30;0.9284
09/03/2025 16:45;0.9406
09/03/2025 17:00;1.1793
09/03/2025 17:15;1.1772
09/03/2025 17:30;1.2537
09/03/2025 17:45;1.2027
09/03/2025 18:00;1.5353
09/03/2025 18:15;1.5118
09/03/2025 18:30;1.4553
09/03/2025 18:45;1.5116
09/03/2025 19:00;1.5437
09/03/2025 19:15;1.5624
09/03/2025 19:30;1.5992
09/03/2025 19:45;1.5341
09/03/2025 20:00;1.3571
09/03/2025 20:15;1.5022
09/03/2025 20:30;1.4142
09/03/2025 20:45;1.3841
09/03/2025 21:00;1.1762
09/03/2025 21:15;1.2248
09/03/2025 21:30;1.1513
09/03/2025 21:45;1.2299
09/03/2025 22:00;0.8499
09/03/2025 22:15;0.8250
09/03/2025 22:30;0.8535
09/03/2025 22:45;0.8465
09/03/2025 23:00;0.5898
09/03/2025 23:15;0.6152
09/03/2025 23:30;0.5949
09/03/2025 23:45;0.5838
10/03/2025 00:00;0.5313
10/03/2025 00:15;0.5384
10/03/2025 00:30;0.5297
10/03/2025 00:45;0.5276
10/03/2025 01:00;0.4875
10/03/2025 01:15;0.4712
10/03/2025 01:30;0.4858
10/03/2025 01:45;0.4813
10/03/2025 02:00;0.4654
10/03/2025 02:15;0.4652
10/03/2025 02:30;0.4495
10/03/2025 02:45;0.4378
10/03/2025 03:00;0.4706
10/03/2025 03:15;0.4855
10/03/2025 03:30;0.4903
10/03/2025 03:45;0.4704
10/03/2025 04:00;0.5439
10/03/2025 04:15;0.5351
10/03/2025 04:30;0.5241
10/03/2025 04:45;0.5195
10/03/2025 05:00;0.7657
10/03/2025 05:15;0.7630
10/03/2025 05:30;0.7584
10/03/2025 05:45;0.7978
10/03/2025 06:00;1.3001
10/03/2025 06:15;1.4573
10/03/2025 06:30;1.4366
10/03/2025 06:45;1.3487
10/03/2025 07:00;1.6500
10/03/2025 07:15;1.5937
10/03/2025 07:30;1.5220
10/03/2025 07:45;1.6793
10/03/2025 08:00;1.1725
10/03/2025 08:15;1.1575
10/03/2025 08:30;1.1757
10/03/2025 08:45;1.1830
10/03/2025 09:00;0.8710
10/03/2025 09:15;0.8835
10/03/2025 09:30;0.9285
10/03/2025 09:45;0.9051
10/03/2025 10:00;0.8358
10/03/2025 10:15;0.8667
10/03/2025 10:30;0.8728
10/03/2025 10:45;0.8205
10/03/2025 11:00;0.8651
10/03/2025 11:15;0.8970
10/03/2025 11:30;0.9017
10/03/2025 11:45;0.8951
10/03/2025 12:00;0.9378
10/03/2025 12:15;0.8665
10/03/2025 12:30;0.8981
10/03/2025 12:45;0.9229
10/03/2025 13:00;0.8595
10/03/2025 13:15;0.8500
10/03/2025 13:30;0.8912
10/03/2025 13:45;0.8812
10/03/2025 14:00;0.8105
10/03/2025 14:15;0.8048
10/03/2025 14:30;0.8676
10/03/2025 14:45;0.8234
10/03/2025 15:00;0.8657
10/03/2025 15:15;0.9009
10/03/2025 15:30;0.8521
10/03/2025 15:45;0.9171
10/03/2025 16:00;1.0364
10/03/2025 16:15;1.0314
10/03/2025 16:30;0.9934
10/03/2025 16:45;1.0699
10/03/2025 17:00;1.4268
10/03/2025 17:15;1.3507
10/03/2025 17:30;1.3594
10/03/2025 17:45;1.3753
10/03/2025 18:00;1.7335
10/03/2025 18:15;1.6243
10/03/2025 18:30;1.7534
10/03/2025 18:45;1.6733
10/03/2025 19:00;1.7412
10/03/2025 19:15;1.8249
10/03/2025 19:30;1.8294
10/03/2025 19:45;1.8273
10/03/2025 20:00;1.5740
10/03/2025 20:15;1.6894
10/03/2025 20:30;1.6003
10/03/2025 20:45;1.6394
10/03/2025 21:00;1.3695
10/03/2025 21:15;1.2468
10/03/2025 21:30;1.3881
10/03/2025 21:45;1.3394
10/03/2025 22:00;0.9472
10/03/2025 22:15;0.9227
10/03/2025 22:30;0.9705
10/03/2025 22:45;0.8950
10/03/2025 23:00;0.6317
10/03/2025 23:15;0.6383
10/03/2025 23:30;0.6097
10/03/2025 23:45;0.6191
11/03/2025 00:00;0.4895
11/03/2025 00:15;0.5080
11/03/2025 00:30;0.4795
11/03/2025 00:45;0.5015
11/03/2025 01:00;0.4342
11/03/2025 01:15;0.4377
11/03/2025 01:30;0.4395
11/03/2025 01:45;0.4373
11/03/2025 02:00;0.4169
11/03/2025 02:15;0.4391
11/03/2025 02:30;0.4292
11/03/2025 02:45;0.4210
11/03/2025 03:00;0.4485
11/03/2025 03:15;0.4497
11/03/2025 03:30;0.4441
11/03/2025 03:45;0.4337
11/03/2025 04:00;0.4926
11/03/2025 04:15;0.5082
11/03/2025 04:30;0.4895
11/03/2025 04:45;0.4979
11/03/2025 05:00;0.7202
11/03/2025 05:15;0.7077
11/03/2025 05:30;0.7121
11/03/2025 05:45;0.7541
11/03/2025 06:00;1.2505
11/03/2025 06:15;1.2989
11/03/2025 06:30;1.2426
11/03/2025 06:45;1.2942
11/03/2025 07:00;1.4776
11/03/2025 07:15;1.5015
11/03/2025 07:30;1.5453
11/03/2025 07:45;1.5133
11/03/2025 08:00;1.1042
11/03/2025 08:15;1.1406
11/03/2025 08:30;1.0747
11/03/2025 08:45;1.0689
11/03/2025 09:00;0.8399
11/03/2025 09:15;0.8485
11/03/2025 09:30;0.8541
11/03/2025 09:45;0.8718
11/03/2025 10:00;0.7878
11/03/2025 10:15;0.7765
11/03/2025 10:30;0.7459
11/03/2025 10:45;0.8000
11/03/2025 11:00;0.8216
11/03/2025 11:15;0.8251
11/03/2025 11:30;0.8094
11/03/2025 11:45;0.7630
11/03/2025 12:00;0.8614
11/03/2025 12:15;0.9007
11/03/2025 12:30;0.8512
11/03/2025 12:45;0.8863
11/03/2025 13:00;0.7769
11/03/2025 13:15;0.8025
11/03/2025 13:30;0.8519
11/03/2025 13:45;0.8468
11/03/2025 14:00;0.7669
11/03/2025 14:15;0.7647
11/03/2025 14:30;0.8176
11/03/2025 14:45;0.7799
11/03/2025 15:00;0.8770
11/03/2025 15:15;0.8148
11/03/2025 15:30;0.8449
11/03/2025 15:45;0.8672
11/03/2025 16:00;0.9183
11/03/2025 16:15;0.9499
11/03/2025 16:30;0.8957
11/03/2025 16:45;0.9517
11/03/2025 17:00;1.3044
11/03/2025 17:15;1.2757
11/03/2025 17:30;1.2501
11/03/2025 17:45;1.2627
11/03/2025 18:00;1.6036
11/03/2025 18:15;1.5936
11/03/2025 18:30;1.5282
11/03/2025 18:45;1.6335
11/03/2025 19:00;1.5874
11/03/2025 19:15;1.6956
11/03/2025 19:30;1.6890
11/03/2025 19:45;1.5968
11/03/2025 20:00;1.4865
11/03/2025 20:15;1.4613
11/03/2025 20:30;1.5388
11/03/2025 20:45;1.4677
11/03/2025 21:00;1.2878
11/03/2025 21:15;1.1939
11/03/2025 21:30;1.2483
11/03/2025 21:45;1.2807
11/03/2025 22:00;0.8894
11/03/2025 22:15;0.8725
11/03/2025 22:30;0.9170
11/03/2025 22:45;0.8739
11/03/2025 23:00;0.5920
11/03/2025 23:15;0.5979
11/03/2025 23:30;0.5851
11/03/2025 23:45;0.5919
12/03/2025 00:00;0.5361
12/03/2025 00:15;0.5486
12/03/2025 00:30;0.5720
12/03/2025 00:45;0.5439
12/03/2025 01:00;0.4820
12/03/2025 01:15;0.4613
12/03/2025 01:30;0.4700
12/03/2025 01:45;0.4813
12/03/2025 02:00;0.4655
12/03/2025 02:15;0.4495
12/03/2025 02:30;0.4484
12/03/2025 02:45;0.4649
12/03/2025 03:00;0.4865
12/03/2025 03:15;0.4754
12/03/2025 03:30;0.4800
12/03/2025 03:45;0.4782
12/03/2025 04:00;0.5411
12/03/2025 04:15;0.4916
12/03/2025 04:30;0.5361
12/03/2025 04:45;0.5241
12/03/2025 05:00;0.7576
12/03/2025 05:15;0.8010
12/03/2025 05:30;0.7546
12/03/2025 05:45;0.7691
12/03/2025 06:00;1.3229
12/03/2025 06:15;1.3908
12/03/2025 06:30;1.3218
12/03/2025 06:45;1.4346
12/03/2025 07:00;1.6635
12/03/2025 07:15;1.5910
12/03/2025 07:30;1.6121
12/03/2025 07:45;1.5344
12/03/2025 08:00;1.1980
12/03/2025 08:15;1.2211
12/03/2025 08:30;1.1417
12/03/2025 08:45;1.2379
12/03/2025 09:00;0.8992
12/03/2025 09:15;0.9329
12/03/2025 09:30;0.9107
12/03/2025 09:45;0.9096
12/03/2025 10:00;0.8654
12/03/2025 10:15;0.8336
12/03/2025 10:30;0.8345
12/03/2025 10:45;0.8234
12/03/2025 11:00;0.8972
12/03/2025 11:15;0.8818
12/03/2025 11:30;0.8707
12/03/2025 11:45;0.9175
12/03/2025 12:00;0.9060
12/03/2025 12:15;0.9116
12/03/2025 12:30;0.8729
12/03/2025 12:45;0.9024
12/03/2025 13:00;0.8871
12/03/2025 13:15;0.8919
12/03/2025 13:30;0.8482
12/03/2025 13:45;0.9060
12/03/2025 14:00;0.8635
12/03/2025 14:15;0.8329
12/03/2025 14:30;0.8353
12/03/2025 14:45;0.8583
12/03/2025 15:00;0.9242
12/03/2025 15:15;0.9240
12/03/2025 15:30;0.9365
12/03/2025 15:45;0.9052
12/03/2025 16:00;0.9870
12/03/2025 16:15;0.9911
12/03/2025 16:30;0.9951
12/03/2025 16:45;1.0682
12/03/2025 17:00;1.3699
12/03/2025 17:15;1.3711
12/03/2025 17:30;1.3668
12/03/2025 17:45;1.3731
12/03/2025 18:00;1.9116
12/03/2025 18:15;1.6595
12/03/2025 18:30;1.6964
12/03/2025 18:45;1.6969
12/03/2025 19:00;1.8182
12/03/2025 19:15;1.8941
12/03/2025 19:30;1.7391
12/03/2025 19:45;1.7566
12/03/2025 20:00;1.7016
12/03/2025 20:15;1.5255
12/03/2025 20:30;1.6146
12/03/2025 20:45;1.6146
12/03/2025 21:00;1.4110
12/03/2025 21:15;1.3396
12/03/2025 21:30;1.3012
12/03/2025 21:45;1.2948
12/03/2025 22:00;0.9260
12/03/2025 22:15;0.9340
12/03/2025 22:30;0.9631
12/03/2025 22:45;0.9482
12/03/2025 23:00;0.6495
12/03/2025 23:15;0.6448
12/03/2025 23:30;0.6266
12/03/2025 23:45;0.6297
13/03/2025 00:00;0.5126
13/03/2025 00:15;0.4982
13/03/2025 00:30;0.5160
13/03/2025 00:45;0.5228
13/03/2025 01:00;0.4756
13/03/2025 01:15;0.4709
13/03/2025 01:30;0.4588
13/03/2025 01:45;0.4311
13/03/2025 02:00;0.4389
13/03/2025 02:15;0.4458
13/03/2025 02:30;0.4344
13/03/2025 02:45;0.4325
13/03/2025 03:00;0.4538
13/03/2025 03:15;0.4628
13/03/2025 03:30;0.4678
13/03/2025 03:45;0.4410
13/03/2025 04:00;0.5401
13/03/2025 04:15;0.5026
13/03/2025 04:30;0.4922
13/03/2025 04:45;0.5042
13/03/2025 05:00;0.7946
13/03/2025 05:15;0.7361
13/03/2025 05:30;0.7513
13/03/2025 05:45;0.7389
13/03/2025 06:00;1.3235
13/03/2025 06:15;1.2086
13/03/2025 06:30;1.2923
13/03/2025 06:45;1.3529
13/03/2025 07:00;1.5641
13/03/2025 07:15;1.6064
13/03/2025 07:30;1.5306
13/03/2025 07:45;1.5218
13/03/2025 08:00;1.1605
13/03/2025 08:15;1.1605
13/03/2025 08:30;1.1272
13/03/2025 08:45;1.1605
13/03/2025 09:00;0.9042
13/03/2025 09:15;0.8693
13/03/2025 09:30;0.8993
13/03/2025 09:45;0.8747
13/03/2025 10:00;0.7784
13/03/2025 10:15;0.8274
13/03/2025 10:30;0.8038
13/03/2025 10:45;0.8403
13/03/2025 11:00;0.8496
13/03/2025 11:15;0.8755
13/03/2025 11:30;0.8263
13/03/2025 11:45;0.8870
13/03/2025 12:00;0.8288
13/03/2025 12:15;0.8944
13/03/2025 12:30;0.8559
13/03/2025 12:45;0.8631
13/03/2025 13:00;0.7976
13/03/2025 13:15;0.8244
13/03/2025 13:30;0.8255
13/03/2025 13:45;0.8083
13/03/2025 14:00;0.7474
13/03/2025 14:15;0.8315
13/03/2025 14:30;0.8227
13/03/2025 14:45;0.8102
13/03/2025 15:00;0.8540
13/03/2025 15:15;0.8920
13/03/2025 15:30;0.8932
13/03/2025 15:45;0.8612
13/03/2025 16:00;0.9965
13/03/2025 16:15;0.9579
13/03/2025 16:30;0.9169
13/03/2025 16:45;0.9944
13/03/2025 17:00;1.3239
13/03/2025 17:15;1.2368
13/03/2025 17:30;1.3104
13/03/2025 17:45;1.3158
13/03/2025 18:00;1.6221
13/03/2025 18:15;1.6319
13/03/2025 18:30;1.6473
13/03/2025 18:45;1.6429
13/03/2025 19:00;1.7766
13/03/2025 19:15;1.6821
13/03/2025 19:30;1.6562
13/03/2025 19:45;1.7292
13/03/2025 20:00;1.5766
13/03/2025 20:15;1.6427
13/03/2025 20:30;1.5103
13/03/2025 20:45;1.6158
13/03/2025 21:00;1.3409
13/03/2025 21:15;1.2044
13/03/2025 21:30;1.3029
13/03/2025 21:45;1.2998
13/03/2025 22:00;0.8950
13/03/2025 22:15;0.9084
13/03/2025 22:30;0.9104
13/03/2025 22:45;0.9151
13/03/2025 23:00;0.6232
13/03/2025 23:15;0.6052
13/03/2025 23:30;0.6015
13/03/2025 23:45;0.6104
14/03/2025 00:00;0.5233
14/03/2025 00:15;0.5098
14/03/2025 00:30;0.5080
14/03/2025 00:45;0.4992
14/03/2025 01:00;0.4721
14/03/2025 01:15;0.4523
14/03/2025 01:30;0.4623
14/03/2025 01:45;0.4394
14/03/2025 02:00;0.4488
14/03/2025 02:15;0.4516
14/03/2025 02:30;0.4375
14/03/2025 02:45;0.4338
14/03/2025 03:00;0.4518
14/03/2025 03:15;0.4653
14/03/2025 03:30;0.4792
14/03/2025 03:45;0.4720
14/03/2025 04:00;0.4995
14/03/2025 04:15;0.5135
14/03/2025 04:30;0.5106
14/03/2025 04:45;0.5175
14/03/2025 05:00;0.7844
14/03/2025 05:15;0.8028
14/03/2025 05:30;0.7604
14/03/2025 05:45;0.7489
14/03/2025 06:00;1.2734
14/03/2025 06:15;1.3377
14/03/2025 06:30;1.3106
14/03/2025 06:45;1.3635
14/03/2025 07:00;1.5984
14/03/2025 07:15;1.5713
14/03/2025 07:30;1.6416
14/03/2025 07:45;1.6101
14/03/2025 08:00;1.2456
14/03/2025 08:15;1.2518
14/03/2025 08:30;1.1577
14/03/2025 08:45;1.2084
14/03/2025 09:00;0.9040
14/03/2025 09:15;0.8341
14/03/2025 09:30;0.9094
14/03/2025 09:45;0.8714
14/03/2025 10:00;0.8223
14/03/2025 10:15;0.8352
14/03/2025 10:30;0.8198
14/03/2025 10:45;0.8180
14/03/2025 11:00;0.8734
14/03/2025 11:15;0.8365
14/03/2025 11:30;0.8569
14/03/2025 11:45;0.8687
14/03/2025 12:00;0.8945
14/03/2025 12:15;0.8880
14/03/2025 12:30;0.8826
14/03/2025 12:45;0.9264
14/03/2025 13:00;0.8416
14/03/2025 13:15;0.8880
14/03/2025 13:30;0.8854
14/03/2025 13:45;0.8429
14/03/2025 14:00;0.7877
14/03/2025 14:15;0.7841
14/03/2025 14:30;0.8486
14/03/2025 14:45;0.8516
14/03/2025 15:00;0.8868
14/03/2025 15:15;0.8495
14/03/2025 15:30;0.8906
14/03/2025 15:45;0.8838
14/03/2025 16:00;1.0547
14/03/2025 16:15;1.0095
14/03/2025 16:30;1.0232
14/03/2025 16:45;1.0031
14/03/2025 17:00;1.2978
14/03/2025 17:15;1.3496
14/03/2025 17:30;1.3235
14/03/2025 17:45;1.3342
14/03/2025 18:00;1.6544
14/03/2025 18:15;1.7640
14/03/2025 18:30;1.7022
14/03/2025 18:45;1.6184
14/03/2025 19:00;1.6977
14/03/2025 19:15;1.8106
14/03/2025 19:30;1.7825
14/03/2025 19:45;1.8316
14/03/2025 20:00;1.6696
14/03/2025 20:15;1.5668
14/03/2025 20:30;1.5295
14/03/2025 20:45;1.6058
14/03/2025 21:00;1.2823
14/03/2025 21:15;1.3578
14/03/2025 21:30;1.3089
14/03/2025 21:45;1.2337
14/03/2025 22:00;0.9222
14/03/2025 22:15;0.9680
14/03/2025 22:30;0.9526
14/03/2025 22:45;0.8770
14/03/2025 23:00;0.6186
14/03/2025 23:15;0.6287
14/03/2025 23:30;0.6300
14/03/2025 23:45;0.6424
15/03/2025 00:00;0.5244
15/03/2025 00:15;0.5328
15/03/2025 00:30;0.5456
15/03/2025 00:45;0.5402
15/03/2025 01:00;0.4726
15/03/2025 01:15;0.4635
15/03/2025 01:30;0.4755
15/03/2025 01:45;0.4721
15/03/2025 02:00;0.4635
15/03/2025 02:15;0.4464
15/03/2025 02:30;0.4527
15/03/2025 02:45;0.4737
15/03/2025 03:00;0.4732
15/03/2025 03:15;0.4810
15/03/2025 03:30;0.4635
15/03/2025 03:45;0.4611
15/03/2025 04:00;0.5284
15/03/2025 04:15;0.5386
15/03/2025 04:30;0.5406
15/03/2025 04:45;0.5264
15/03/2025 05:00;0.7993
15/03/2025 05:15;0.7544
15/03/2025 05:30;0.7819
15/03/2025 05:45;0.7577
15/03/2025 06:00;1.2696
15/03/2025 06:15;1.3758
15/03/2025 06:30;1.3599
15/03/2025 06:45;1.3171
15/03/2025 07:00;1.5025
15/03/2025 07:15;1.5249
15/03/2025 07:30;1.4914
15/03/2025 07:45;1.6296
15/03/2025 08:00;1.1311
15/03/2025 08:15;1.1595
15/03/2025 08:30;1.2113
15/03/2025 08:45;1.1126
15/03/2025 09:00;0.9045
15/03/2025 09:15;0.9229
15/03/2025 09:30;0.8981
15/03/2025 09:45;0.8866
15/03/2025 10:00;0.8634
15/03/2025 10:15;0.8128
15/03/2025 10:30;0.8670
15/03/2025 10:45;0.8142
15/03/2025 11:00;0.8490
15/03/2025 11:15;0.8266
15/03/2025 11:30;0.8443
15/03/2025 11:45;0.8531
15/03/2025 12:00;0.8411
15/03/2025 12:15;0.8498
15/03/2025 12:30;0.8933
15/03/2025 12:45;0.8586
15/03/2025 13:00;0.8666
15/03/2025 13:15;0.8604
15/03/2025 13:30;0.7955
15/03/2025 13:45;0.8444
15/03/2025 14:00;0.8353
15/03/2025 14:15;0.8418
15/03/2025 14:30;0.8355
15/03/2025 14:45;0.8307
15/03/2025 15:00;0.8643
15/03/2025 15:15;0.8946
15/03/2025 15:30;0.8585
15/03/2025 15:45;0.8633
15/03/2025 16:00;0.9800
15/03/2025 16:15;0.9988
15/03/2025 16:30;0.9647
15/03/2025 16:45;0.9842
15/03/2025 17:00;1.3076
15/03/2025 17:15;1.3397
15/03/2025 17:30;1.2600
15/03/2025 17:45;1.2685
15/03/2025 18:00;1.6153
15/03/2025 18:15;1.6006
15/03/2025 18:30;1.5599
15/03/2025 18:45;1.5535
15/03/2025 19:00;1.7087
15/03/2025 19:15;1.8338
15/03/2025 19:30;1.6023
15/03/2025 19:45;1.7236
15/03/2025 20:00;1.4818
15/03/2025 20:15;1.4557
15/03/2025 20:30;1.5190
15/03/2025 20:45;1.5082
15/03/2025 21:00;1.2340
15/03/2025 21:15;1.3588
15/03/2025 21:30;1.2798
15/03/2025 21:45;1.3105
15/03/2025 22:00;0.8906
15/03/2025 22:15;0.9473
15/03/2025 22:30;0.9141
15/03/2025 22:45;0.8657
15/03/2025 23:00;0.6120
15/03/2025 23:15;0.6289
15/03/2025 23:30;0.6548
15/03/2025 23:45;0.6445
16/03/2025 00:00;0.5543
16/03/2025 00:15;0.5228
16/03/2025 00:30;0.5290
16/03/2025 00:45;0.5270
16/03/2025 01:00;0.4954
16/03/2025 01:15;0.4625
16/03/2025 01:30;0.4754
16/03/2025 01:45;0.4599
16/03/2025 02:00;0.4589
16/03/2025 02:15;0.4676
16/03/2025 02:30;0.4754
16/03/2025 02:45;0.4683
16/03/2025 03:00;0.4864
16/03/2025 03:15;0.4832
16/03/2025 03:30;0.4733
16/03/2025 03:45;0.4881
16/03/2025 04:00;0.5548
16/03/2025 04:15;0.5346
16/03/2025 04:30;0.5554
16/03/2025 04:45;0.5347
16/03/2025 05:00;0.7688
16/03/2025 05:15;0.7616
16/03/2025 05:30;0.7735
16/03/2025 05:45;0.7715
16/03/2025 06:00;1.1980
16/03/2025 06:15;1.2577
16/03/2025 06:30;1.3025
16/03/2025 06:45;1.3000
16/03/2025 07:00;1.5575
16/03/2025 07:15;1.5363
16/03/2025 07:30;1.5290
16/03/2025 07:45;1.5371
16/03/2025 08:00;1.1620
16/03/2025 08:15;1.1635
16/03/2025 08:30;1.2019
16/03/2025 08:45;1.1950
16/03/2025 09:00;0.9027
16/03/2025 09:15;0.9084
16/03/2025 09:30;0.8783
16/03/2025 09:45;0.8619
16/03/2025 10:00;0.8101
16/03/2025 10:15;0.8326
16/03/2025 10:30;0.8384
16/03/2025 10:45;0.8088
16/03/2025 11:00;0.9098
16/03/2025 11:15;0.8395
16/03/2025 11:30;0.8429
16/03/2025 11:45;0.8411
16/03/2025 12:00;0.8825
16/03/2025 12:15;0.8897
16/03/2025 12:30;0.8771
16/03/2025 12:45;0.9067
16/03/2025 13:00;0.8419
16/03/2025 13:15;0.8538
16/03/2025 13:30;0.8061
16/03/2025 13:45;0.8926
16/03/2025 14:00;0.8215
16/03/2025 14:15;0.8332
16/03/2025 14:30;0.8788
16/03/2025 14:45;0.8399
16/03/2025 15:00;0.8667
16/03/2025 15:15;0.8887
16/03/2025 15:30;0.8617
16/03/2025 15:45;0.9011
16/03/2025 16:00;0.9724
16/03/2025 16:15;1.0187
16/03/2025 16:30;0.9609
16/03/2025 16:45;0.9952
16/03/2025 17:00;1.2973
16/03/2025 17:15;1.2855
16/03/2025 17:30;1.3273
16/03/2025 17:45;1.3254
16/03/2025 18:00;1.6807
16/03/2025 18:15;1.6760
16/03/2025 18:30;1.5939
16/03/2025 18:45;1.6216
16/03/2025 19:00;1.6473
16/03/2025 19:15;1.7089
16/03/2025 19:30;1.6931
16/03/2025 19:45;1.7171
16/03/2025 20:00;1.4853
16/03/2025 20:15;1.5506
16/03/2025 20:30;1.6137
16/03/2025 20:45;1.5863
16/03/2025 21:00;1.3077
16/03/2025 21:15;1.2819
16/03/2025 21:30;1.2394
16/03/2025 21:45;1.2475
16/03/2025 22:00;0.8988
16/03/2025 22:15;0.9430
16/03/2025 22:30;0.9233
16/03/2025 22:45;0.9193
16/03/2025 23:00;0.6499
16/03/2025 23:15;0.6182
16/03/2025 23:30;0.6395
16/03/2025 23:45;0.6416
17/03/2025 00:00;0.5226
17/03/2025 00:15;0.5407
17/03/2025 00:30;0.5302
17/03/2025 00:45;0.5250
17/03/2025 01:00;0.4442
17/03/2025 01:15;0.4692
17/03/2025 01:30;0.4512
17/03/2025 01:45;0.4465
17/03/2025 02:00;0.4281
17/03/2025 02:15;0.4455
17/03/2025 02:30;0.4495
17/03/2025 02:45;0.4578
17/03/2025 03:00;0.4733
17/03/2025 03:15;0.4609
17/03/2025 03:30;0.4504
17/03/2025 03:45;0.4937
17/03/2025 04:00;0.5346
17/03/2025 04:15;0.5318
17/03/2025 04:30;0.5218
17/03/2025 04:45;0.5181
17/03/2025 05:00;0.7857
17/03/2025 05:15;0.7620
17/03/2025 05:30;0.7629
17/03/2025 05:45;0.7426
17/03/2025 06:00;1.3791
17/03/2025 06:15;1.3118
17/03/2025 06:30;1.2698
17/03/2025 06:45;1.3182
17/03/2025 07:00;1.6372
17/03/2025 07:15;1.6238
17/03/2025 07:30;1.7181
17/03/2025 07:45;1.5766
17/03/2025 08:00;1.2428
17/03/2025 08:15;1.1637
17/03/2025 08:30;1.1977
17/03/2025 08:45;1.2218
17/03/2025 09:00;0.9020
17/03/2025 09:15;0.9191
17/03/2025 09:30;0.9027
17/03/2025 09:45;0.9171
17/03/2025 10:00;0.7972
17/03/2025 10:15;0.8841
17/03/2025 10:30;0.8755
17/03/2025 10:45;0.7848
17/03/2025 11:00;0.8833
17/03/2025 11:15;0.8933
17/03/2025 11:30;0.8667
17/03/2025 11:45;0.8741
17/03/2025 12:00;0.8668
17/03/2025 12:15;0.8960
17/03/2025 12:30;0.9039
17/03/2025 12:45;0.8591
17/03/2025 13:00;0.8626
17/03/2025 13:15;0.8808
17/03/2025 13:30;0.8192
17/03/2025 13:45;0.8439
17/03/2025 14:00;0.8514
17/03/2025 14:15;0.8232
17/03/2025 14:30;0.8372
17/03/2025 14:45;0.8436
17/03/2025 15:00;0.9115
17/03/2025 15:15;0.8512
17/03/2025 15:30;0.8696
17/03/2025 15:45;0.8934
17/03/2025 16:00;0.9551
17/03/2025 16:15;1.0092
17/03/2025 16:30;0.9797
17/03/2025 16:45;0.9934
17/03/2025 17:00;1.3923
17/03/2025 17:15;1.3304
17/03/2025 17:30;1.3400
17/03/2025 17:45;1.3649
17/03/2025 18:00;1.6999
17/03/2025 18:15;1.6190
17/03/2025 18:30;1.7126
17/03/2025 18:45;1.7673
17/03/2025 19:00;1.6944
17/03/2025 19:15;1.8377
17/03/2025 19:30;1.7961
17/03/2025 19:45;1.6993
17/03/2025 20:00;1.6652
17/03/2025 20:15;1.6219
17/03/2025 20:30;1.5848
17/03/2025 20:45;1.6581
17/03/2025 21:00;1.2676
17/03/2025 21:15;1.2917
17/03/2025 21:30;1.3058
17/03/2025 21:45;1.2934
17/03/2025 22:00;0.9099
17/03/2025 22:15;0.8866
17/03/2025 22:30;0.8961
17/03/2025 22:45;0.9097
17/03/2025 23:00;0.6267
17/03/2025 23:15;0.6201
17/03/2025 23:30;0.6031
17/03/2025 23:45;0.6347
18/03/2025 00:00;0.5345
18/03/2025 00:15;0.5610
18/03/2025 00:30;0.5289
18/03/2025 00:45;0.5608
18/03/2025 01:00;0.4754
18/03/2025 01:15;0.4711
18/03/2025 01:30;0.4585
18/03/2025 01:45;0.4812
18/03/2025 02:00;0.4543
18/03/2025 02:15;0.4540
18/03/2025 02:30;0.4659
18/03/2025 02:45;0.4650
18/03/2025 03:00;0.4727
18/03/2025 03:15;0.4698
18/03/2025 03:30;0.4766
18/03/2025 03:45;0.4823
18/03/2025 04:00;0.5424
18/03/2025 04:15;0.5280
18/03/2025 04:30;0.5307
18/03/2025 04:45;0.5267
18/03/2025 05:00;0.7697
18/03/2025 05:15;0.7815
18/03/2025 05:30;0.8044
18/03/2025 05:45;0.7782
18/03/2025 06:00;1.4008
18/03/2025 06:15;1.3740
18/03/2025 06:30;1.3101
18/03/2025 06:45;1.4221
18/03/2025 07:00;1.6021
18/03/2025 07:15;1.6574
18/03/2025 07:30;1.6255
18/03/2025 07:45;1.4666
18/03/2025 08:00;1.2471
18/03/2025 08:15;1.1979
18/03/2025 08:30;1.1902
18/03/2025 08:45;1.1851
18/03/2025 09:00;0.9588
18/03/2025 09:15;0.9421
18/03/2025 09:30;0.8693
18/03/2025 09:45;0.9229
18/03/2025 10:00;0.8862
18/03/2025 10:15;0.8633
18/03/2025 10:30;0.8750
18/03/2025 10:45;0.8725
18/03/2025 11:00;0.8611
18/03/2025 11:15;0.9148
18/03/2025 11:30;0.9257
18/03/2025 11:45;0.9435
18/03/2025 12:00;0.9072
18/03/2025 12:15;0.9503
18/03/2025 12:30;0.9336
18/03/2025 12:45;0.9394
18/03/2025 13:00;0.9141
18/03/2025 13:15;0.8906
18/03/2025 13:30;0.8579
18/03/2025 13:45;0.8686
18/03/2025 14:00;0.8944
18/03/2025 14:15;0.8391
18/03/2025 14:30;0.8307
18/03/2025 14:45;0.8131
18/03/2025 15:00;0.9470
18/03/2025 15:15;0.8542
18/03/2025 15:30;0.8644
18/03/2025 15:45;0.9163
18/03/2025 16:00;1.0143
18/03/2025 16:15;1.0012
18/03/2025 16:30;1.0503
18/03/2025 16:45;1.0814
18/03/2025 17:00;1.4256
18/03/2025 17:15;1.2996
18/03/2025 17:30;1.3496
18/03/2025 17:45;1.3646
18/03/2025 18:00;1.7367
18/03/2025 18:15;1.7115
18/03/2025 18:30;1.8475
18/03/2025 18:45;1.7363
18/03/2025 19:00;1.8690
18/03/2025 19:15;1.8490
18/03/2025 19:30;1.7678
18/03/2025 19:45;1.8624
18/03/2025 20:00;1.6123
18/03/2025 20:15;1.6210
18/03/2025 20:30;1.6384
18/03/2025 20:45;1.6591
18/03/2025 21:00;1.3909
18/03/2025 21:15;1.3433
18/03/2025 21:30;1.3745
18/03/2025 21:45;1.2959
18/03/2025 22:00;0.9551
18/03/2025 22:15;0.9802
18/03/2025 22:30;0.9629
18/03/2025 22:45;0.9552
18/03/2025 23:00;0.6563
18/03/2025 23:15;0.6608
18/03/2025 23:30;0.6317
18/03/2025 23:45;0.6596
19/03/2025 00:00;0.5089
19/03/2025 00:15;0.5217
19/03/2025 00:30;0.5352
19/03/2025 00:45;0.5200
19/03/2025 01:00;0.4674
19/03/2025 01:15;0.4645
19/03/2025 01:30;0.4441
19/03/2025 01:45;0.4666
19/03/2025 02:00;0.4431
19/03/2025 02:15;0.4729
19/03/2025 02:30;0.4540
19/03/2025 02:45;0.4579
19/03/2025 03:00;0.4516
19/03/2025 03:15;0.4735
19/03/2025 03:30;0.4744
19/03/2025 03:45;0.4628
19/03/2025 04:00;0.5112
19/03/2025 04:15;0.5172
19/03/2025 04:30;0.5346
19/03/2025 04:45;0.5081
19/03/2025 05:00;0.7514
19/03/2025 05:15;0.8102
19/03/2025 05:30;0.8041
19/03/2025 05:45;0.7571
19/03/2025 06:00;1.3161
19/03/2025 06:15;1.2625
19/03/2025 06:30;1.2934
19/03/2025 06:45;1.3458
19/03/2025 07:00;1.6025
19/03/2025 07:15;1.6252
19/03/2025 07:30;1.6003
19/03/2025 07:45;1.7021
19/03/2025 08:00;1.1825
19/03/2025 08:15;1.2507
19/03/2025 08:30;1.1988
19/03/2025 08:45;1.2215
19/03/2025 09:00;0.8810
19/03/2025 09:15;0.8938
19/03/2025 09:30;0.8708
19/03/2025 09:45;0.9033
19/03/2025 10:00;0.8277
19/03/2025 10:15;0.8182
19/03/2025 10:30;0.8253
19/03/2025 10:45;0.8181
19/03/2025 11:00;0.8552
19/03/2025 11:15;0.8791
19/03/2025 11:30;0.9533
19/03/2025 11:45;0.9220
19/03/2025 12:00;0.9015
19/03/2025 12:15;0.8805
19/03/2025 12:30;0.8615
19/03/2025 12:45;0.8931
19/03/2025 13:00;0.9085
19/03/2025 13:15;0.8751
19/03/2025 13:30;0.8608
19/03/2025 13:45;0.8838
19/03/2025 14:00;0.8361
19/03/2025 14:15;0.8139
19/03/2025 14:30;0.8670
19/03/2025 14:45;0.8346
19/03/2025 15:00;0.9175
19/03/2025 15:15;0.9207
19/03/2025 15:30;0.8743
19/03/2025 15:45;0.9251
19/03/2025 16:00;1.0255
19/03/2025 16:15;1.0071
19/03/2025 16:30;1.0323
19/03/2025 16:45;1.0555
19/03/2025 17:00;1.2976
19/03/2025 17:15;1.3073
19/03/2025 17:30;1.3426
19/03/2025 17:45;1.3187
19/03/2025 18:00;1.6299
19/03/2025 18:15;1.6232
19/03/2025 18:30;1.6863
19/03/2025 18:45;1.6837
19/03/2025 19:00;1.8690
19/03/2025 19:15;1.7650
19/03/2025 19:30;1.6758
19/03/2025 19:45;1.8021
19/03/2025 20:00;1.6561
19/03/2025 20:15;1.5903
19/03/2025 20:30;1.6408
19/03/2025 20:45;1.6190
19/03/2025 21:00;1.3896
19/03/2025 21:15;1.2598
19/03/2025 21:30;1.3752
19/03/2025 21:45;1.2599
19/03/2025 22:00;0.9264
19/03/2025 22:15;0.9208
19/03/2025 22:30;0.8909
19/03/2025 22:45;0.9622
19/03/2025 23:00;0.6349
19/03/2025 23:15;0.6371
19/03/2025 23:30;0.6117
19/03/2025 23:45;0.6177
20/03/2025 00:00;0.5115
20/03/2025 00:15;0.4909
20/03/2025 00:30;0.5158
20/03/2025 00:45;0.5101
20/03/2025 01:00;0.4542
20/03/2025 01:15;0.4668
20/03/2025 01:30;0.4621
20/03/2025 01:45;0.4771
20/03/2025 02:00;0.4310
20/03/2025 02:15;0.4129
20/03/2025 02:30;0.4453
20/03/2025 02:45;0.4400
20/03/2025 03:00;0.4418
20/03/2025 03:15;0.4544
20/03/2025 03:30;0.4401
20/03/2025 03:45;0.4645
20/03/2025 04:00;0.4958
20/03/2025 04:15;0.5089
20/03/2025 04:30;0.5063
20/03/2025 04:45;0.5012
20/03/2025 05:00;0.7639
20/03/2025 05:15;0.7301
20/03/2025 05:30;0.7586
20/03/2025 05:45;0.7515
20/03/2025 06:00;1.2018
20/03/2025 06:15;1.3054
20/03/2025 06:30;1.2924
20/03/2025 06:45;1.1915
20/03/2025 07:00;1.5831
20/03/2025 07:15;1.5379
20/03/2025 07:30;1.5624
20/03/2025 07:45;1.6318
20/03/2025 08:00;1.2120
20/03/2025 08:15;1.1961
20/03/2025 08:30;1.2210
20/03/2025 08:45;1.2474
20/03/2025 09:00;0.8707
20/03/2025 09:15;0.8459
20/03/2025 09:30;0.9062
20/03/2025 09:45;0.8515
20/03/2025 10:00;0.8416
20/03/2025 10:15;0.8118
20/03/2025 10:30;0.8268
20/03/2025 10:45;0.7898
20/03/2025 11:00;0.8830
20/03/2025 11:15;0.8445
20/03/2025 11:30;0.8863
20/03/2025 11:45;0.8658
20/03/2025 12:00;0.9323
20/03/2025 12:15;0.9429
20/03/2025 12:30;0.8903
20/03/2025 12:45;0.8812
20/03/2025 13:00;0.8164
20/03/2025 13:15;0.8480
20/03/2025 13:30;0.8772
20/03/2025 13:45;0.8148
20/03/2025 14:00;0.8426
20/03/2025 14:15;0.8503
20/03/2025 14:30;0.8389
20/03/2025 14:45;0.8377
20/03/2025 15:00;0.8719
20/03/2025 15:15;0.9187
20/03/2025 15:30;0.9067
20/03/2025 15:45;0.8478
20/03/2025 16:00;0.9702
20/03/2025 16:15;0.9912
20/03/2025 16:30;0.9291
20/03/2025 16:45;1.0309
20/03/2025 17:00;1.2772
20/03/2025 17:15;1.3634
20/03/2025 17:30;1.2964
20/03/2025 17:45;1.2717
20/03/2025 18:00;1.6453
20/03/2025 18:15;1.6671
20/03/2025 18:30;1.6581
20/03/2025 18:45;1.6826
20/03/2025 19:00;1.7888
20/03/2025 19:15;1.7301
20/03/2025 19:30;1.7327
20/03/2025 19:45;1.7526
20/03/2025 20:00;1.5154
20/03/2025 20:15;1.6483
20/03/2025 20:30;1.5430
20/03/2025 20:45;1.6149
20/03/2025 21:00;1.2624
20/03/2025 21:15;1.2485
20/03/2025 21:30;1.2832
20/03/2025 21:45;1.2960
20/03/2025 22:00;0.8852
20/03/2025 22:15;0.8716
20/03/2025 22:30;0.9551
20/03/2025 22:45;0.9271
20/03/2025 23:00;0.6174
20/03/2025 23:15;0.6183
20/03/2025 23:30;0.6074
20/03/2025 23:45;0.6302
21/03/2025 00:00;0.5134
21/03/2025 00:15;0.5219
21/03/2025 00:30;0.5392
21/03/2025 00:45;0.5286
21/03/2025 01:00;0.4866
21/03/2025 01:15;0.4769
21/03/2025 01:30;0.4698
21/03/2025 01:45;0.4630
21/03/2025 02:00;0.4604
21/03/2025 02:15;0.4575
21/03/2025 02:30;0.4475
21/03/2025 02:45;0.4618
21/03/2025 03:00;0.5002
21/03/2025 03:15;0.4863
21/03/2025 03:30;0.4786
21/03/2025 03:45;0.4682
21/03/2025 04:00;0.5464
21/03/2025 04:15;0.5285
21/03/2025 04:30;0.5276
21/03/2025 04:45;0.5211
21/03/2025 05:00;0.7625
21/03/2025 05:15;0.7781
21/03/2025 05:30;0.7555
21/03/2025 05:45;0.7695
21/03/2025 06:00;1.3770
21/03/2025 06:15;1.3413
21/03/2025 06:30;1.3029
21/03/2025 06:45;1.2818
21/03/2025 07:00;1.6055
21/03/2025 07:15;1.6241
21/03/2025 07:30;1.7258
21/03/2025 07:45;1.6081
21/03/2025 08:00;1.2042
21/03/2025 08:15;1.1224
21/03/2025 08:30;1.2752
21/03/2025 08:45;1.2644
21/03/2025 09:00;0.9351
21/03/2025 09:15;0.9490
21/03/2025 09:30;0.9227
21/03/2025 09:45;0.8992
21/03/2025 10:00;0.8323
21/03/2025 10:15;0.8441
21/03/2025 10:30;0.8774
21/03/2025 10:45;0.8885
21/03/2025 11:00;0.9112
21/03/2025 11:15;0.9337
21/03/2025 11:30;0.8895
21/03/2025 11:45;0.8758
21/03/2025 12:00;0.8909
21/03/2025 12:15;0.9703
21/03/2025 12:30;0.9517
21/03/2025 12:45;0.9537
21/03/2025 13:00;0.9392
21/03/2025 13:15;0.9065
21/03/2025 13:30;0.8609
21/03/2025 13:45;0.8372
21/03/2025 14:00;0.8631
21/03/2025 14:15;0.8615
21/03/2025 14:30;0.8934
21/03/2025 14:45;0.8529
21/03/2025 15:00;0.9049
21/03/2025 15:15;0.9017
21/03/2025 15:30;0.9004
21/03/2025 15:45;0.8804
21/03/2025 16:00;1.0208
21/03/2025 16:15;1.0609
21/03/2025 16:30;1.0609
21/03/2025 16:45;1.0309
21/03/2025 17:00;1.3790
21/03/2025 17:15;1.3585
21/03/2025 17:30;1.2983
21/03/2025 17:45;1.3800
21/03/2025 18:00;1.7876
21/03/2025 18:15;1.7341
21/03/2025 18:30;1.6454
21/03/2025 18:45;1.7788
21/03/2025 19:00;1.7285
21/03/2025 19:15;1.8622
21/03/2025 19:30;1.8082
21/03/2025 19:45;1.9222
21/03/2025 20:00;1.6388
21/03/2025 20:15;1.5700
21/03/2025 20:30;1.6905
21/03/2025 20:45;1.6832
21/03/2025 21:00;1.4006
21/03/2025 21:15;1.3099
21/03/2025 21:30;1.4094
21/03/2025 21:45;1.3349
21/03/2025 22:00;0.9902
21/03/2025 22:15;0.9247
21/03/2025 22:30;0.9439
21/03/2025 22:45;0.9648
21/03/2025 23:00;0.6356
21/03/2025 23:15;0.6603
21/03/2025 23:30;0.6519
21/03/2025 23:45;0.6275
22/03/2025 00:00;0.5175
22/03/2025 00:15;0.5146
22/03/2025 00:30;0.5104
22/03/2025 00:45;0.5151
22/03/2025 01:00;0.4548
22/03/2025 01:15;0.4434
22/03/2025 01:30;0.4414
22/03/2025 01:45;0.4753
22/03/2025 02:00;0.4488
22/03/2025 02:15;0.4523
22/03/2025 02:30;0.4544
22/03/2025 02:45;0.4448
22/03/2025 03:00;0.4687
22/03/2025 03:15;0.4497
22/03/2025 03:30;0.4679
22/03/2025 03:45;0.4872
22/03/2025 04:00;0.5509
22/03/2025 04:15;0.5191
22/03/2025 04:30;0.5234
22/03/2025 04:45;0.5286
22/03/2025 05:00;0.7726
22/03/2025 05:15;0.7424
22/03/2025 05:30;0.7721
22/03/2025 05:45;0.7540
22/03/2025 06:00;1.2470
22/03/2025 06:15;1.2966
22/03/2025 06:30;1.2882
22/03/2025 06:45;1.2520
22/03/2025 07:00;1.5017
22/03/2025 07:15;1.5345
22/03/2025 07:30;1.4817
22/03/2025 07:45;1.3923
22/03/2025 08:00;1.1724
22/03/2025 08:15;1.1802
22/03/2025 08:30;1.1641
22/03/2025 08:45;1.1832
22/03/2025 09:00;0.8796
22/03/2025 09:15;0.8631
22/03/2025 09:30;0.8336
22/03/2025 09:45;0.8876
22/03/2025 10:00;0.8111
22/03/2025 10:15;0.8118
22/03/2025 10:30;0.8161
22/03/2025 10:45;0.8079
22/03/2025 11:00;0.8358
22/03/2025 11:15;0.8898
22/03/2025 11:30;0.8279
22/03/2025 11:45;0.8166
22/03/2025 12:00;0.8568
22/03/2025 12:15;0.8743
22/03/2025 12:30;0.8289
22/03/2025 12:45;0.8545
22/03/2025 13:00;0.8119
22/03/2025 13:15;0.8617
22/03/2025 13:30;0.8171
22/03/2025 13:45;0.8173
22/03/2025 14:00;0.8419
22/03/2025 14:15;0.7830
22/03/2025 14:30;0.8358
22/03/2025 14:45;0.8154
22/03/2025 15:00;0.8816
22/03/2025 15:15;0.8476
22/03/2025 15:30;0.8666
22/03/2025 15:45;0.8652
22/03/2025 16:00;0.9579
22/03/2025 16:15;0.9706
22/03/2025 16:30;1.0115
22/03/2025 16:45;1.0240
22/03/2025 17:00;1.2183
22/03/2025 17:15;1.2519
22/03/2025 17:30;1.1908
22/03/2025 17:45;1.2646
22/03/2025 18:00;1.6356
22/03/2025 18:15;1.5637
22/03/2025 18:30;1.5101
22/03/2025 18:45;1.5914
22/03/2025 19:00;1.6476
22/03/2025 19:15;1.5962
22/03/2025 19:30;1.7570
22/03/2025 19:45;1.6484
22/03/2025 20:00;1.4985
22/03/2025 20:15;1.4392
22/03/2025 20:30;1.5186
22/03/2025 20:45;1.4820
22/03/2025 21:00;1.3184
22/03/2025 21:15;1.2420
22/03/2025 21:30;1.2141
22/03/2025 21:45;1.2632
22/03/2025 22:00;0.8631
22/03/2025 22:15;0.8746
22/03/2025 22:30;0.8834
22/03/2025 22:45;0.9070
22/03/2025 23:00;0.5865
22/03/2025 23:15;0.6436
22/03/2025 23:30;0.6232
22/03/2025 23:45;0.6251
23/03/2025 00:00;0.5158
23/03/2025 00:15;0.5006
23/03/2025 00:30;0.5172
23/03/2025 00:45;0.5132
23/03/2025 01:00;0.4656
23/03/2025 01:15;0.4378
23/03/2025 01:30;0.4522
23/03/2025 01:45;0.4439
23/03/2025 02:00;0.4504
23/03/2025 02:15;0.4369
23/03/2025 02:30;0.4263
23/03/2025 02:45;0.4510
23/03/2025 03:00;0.4644
23/03/2025 03:15;0.4704
23/03/2025 03:30;0.4536
23/03/2025 03:45;0.4595
23/03/2025 04:00;0.5302
23/03/2025 04:15;0.5030
23/03/2025 04:30;0.5273
23/03/2025 04:45;0.5238
23/03/2025 05:00;0.7553
23/03/2025 05:15;0.7211
23/03/2025 05:30;0.7077
23/03/2025 05:45;0.7589
23/03/2025 06:00;1.2860
23/03/2025 06:15;1.2018
23/03/2025 06:30;1.2440
23/03/2025 06:45;1.2044
23/03/2025 07:00;1.4115
23/03/2025 07:15;1.4696
23/03/2025 07:30;1.4297
23/03/2025 07:45;1.5011
23/03/2025 08:00;1.0981
23/03/2025 08:15;1.1056
23/03/2025 08:30;1.1490
23/03/2025 08:45;1.1427
23/03/2025 09:00;0.8626
23/03/2025 09:15;0.8299
23/03/2025 09:30;0.8284
23/03/2025 09:45;0.8029
23/03/2025 10:00;0.8343
23/03/2025 10:15;0.7979
23/03/2025 10:30;0.8127
23/03/2025 10:45;0.7733
23/03/2025 11:00;0.8433
23/03/2025 11:15;0.7938
23/03/2025 11:30;0.7900
23/03/2025 11:45;0.8122
23/03/2025 12:00;0.8485
23/03/2025 12:15;0.8168
23/03/2025 12:30;0.8641
23/03/2025 12:45;0.8501
23/03/2025 13:00;0.8417
23/03/2025 13:15;0.8346
23/03/2025 13:30;0.8144
23/03/2025 13:45;0.8116
23/03/2025 14:00;0.7966
23/03/2025 14:15;0.8046
23/03/2025 14:30;0.7888
23/03/2025 14:45;0.8198
23/03/2025 15:00;0.8209
23/03/2025 15:15;0.8195
23/03/2025 15:30;0.8367
23/03/2025 15:45;0.8309
23/03/2025 16:00;0.9709
23/03/2025 16:15;0.9733
23/03/2025 16:30;0.9627
23/03/2025 16:45;0.9145
23/03/2025 17:00;1.2841
23/03/2025 17:15;1.2668
23/03/2025 17:30;1.2325
23/03/2025 17:45;1.2378
23/03/2025 18:00;1.4916
23/03/2025 18:15;1.5523
23/03/2025 18:30;1.5962
23/03/2025 18:45;1.5615
23/03/2025 19:00;1.6627
23/03/2025 19:15;1.5715
23/03/2025 19:30;1.7047
23/03/2025 19:45;1.5875
23/03/2025 20:00;1.5229
23/03/2025 20:15;1.4510
23/03/2025 20:30;1.4934
23/03/2025 20:45;1.4745
23/03/2025 21:00;1.2051
23/03/2025 21:15;1.2290
23/03/2025 21:30;1.2011
23/03/2025 21:45;1.2004
23/03/2025 22:00;0.8742
23/03/2025 22:15;0.8375
23/03/2025 22:30;0.8412
23/03/2025 22:45;0.8975
23/03/2025 23:00;0.6117
23/03/2025 23:15;0.6323
23/03/2025 23:30;0.5837
23/03/2025 23:45;0.6137
24/03/2025 00:00;0.5927
24/03/2025 00:15;0.6043
24/03/2025 00:30;0.6416
24/03/2025 00:45;0.6060
24/03/2025 01:00;0.5344
24/03/2025 01:15;0.5412
24/03/2025 01:30;0.5480
24/03/2025 01:45;0.5529
24/03/2025 02:00;0.5218
24/03/2025 02:15;0.5244
24/03/2025 02:30;0.5078
24/03/2025 02:45;0.4943
24/03/2025 03:00;0.5418
24/03/2025 03:15;0.5521
24/03/2025 03:30;0.5622
24/03/2025 03:45;0.5413
24/03/2025 04:00;0.5805
24/03/2025 04:15;0.5929
24/03/2025 04:30;0.6020
24/03/2025 04:45;0.6047
24/03/2025 05:00;0.9074
24/03/2025 05:15;0.9036
24/03/2025 05:30;0.9029
24/03/2025 05:45;0.9418
24/03/2025 06:00;1.5009
24/03/2025 06:15;1.4895
24/03/2025 06:30;1.4884
24/03/2025 06:45;1.4818
24/03/2025 07:00;1.7721
24/03/2025 07:15;1.7827
24/03/2025 07:30;1.8109
24/03/2025 07:45;1.8694
24/03/2025 08:00;1.4118
24/03/2025 08:15;1.4716
24/03/2025 08:30;1.3427
24/03/2025 08:45;1.4275
24/03/2025 09:00;1.0184
24/03/2025 09:15;1.0460
24/03/2025 09:30;0.9700
24/03/2025 09:45;1.0185
24/03/2025 10:00;0.9397
24/03/2025 10:15;0.9178
24/03/2025 10:30;0.9428
24/03/2025 10:45;0.9415
24/03/2025 11:00;1.0051
24/03/2025 11:15;0.9820
24/03/2025 11:30;1.0267
24/03/2025 11:45;1.0893
24/03/2025 12:00;1.0367
24/03/2025 12:15;1.0476
24/03/2025 12:30;1.0793
24/03/2025 12:45;1.0608
24/03/2025 13:00;0.9540
24/03/2025 13:15;1.0721
24/03/2025 13:30;1.0286
24/03/2025 13:45;1.0753
24/03/2025 14:00;0.9341
24/03/2025 14:15;0.9703
24/03/2025 14:30;0.9584
24/03/2025 14:45;0.9517
24/03/2025 15:00;1.0680
24/03/2025 15:15;0.9869
24/03/2025 15:30;1.0144
24/03/2025 15:45;0.9823
24/03/2025 16:00;1.1449
24/03/2025 16:15;1.2243
24/03/2025 16:30;1.1609
24/03/2025 16:45;1.1468
24/03/2025 17:00;1.5042
24/03/2025 17:15;1.6128
24/03/2025 17:30;1.5159
24/03/2025 17:45;1.5863
24/03/2025 18:00;1.9548
24/03/2025 18:15;2.0624
24/03/2025 18:30;2.0289
24/03/2025 18:45;2.0587
24/03/2025 19:00;2.1042
24/03/2025 19:15;2.0115
24/03/2025 19:30;2.0430
24/03/2025 19:45;2.0508
24/03/2025 20:00;1.8516
24/03/2025 20:15;1.9069
24/03/2025 20:30;1.6882
24/03/2025 20:45;1.8408
24/03/2025 21:00;1.5572
24/03/2025 21:15;1.5613
24/03/2025 21:30;1.5279
24/03/2025 21:45;1.4844
24/03/2025 22:00;1.0584
24/03/2025 22:15;1.0904
24/03/2025 22:30;1.0383
24/03/2025 22:45;1.1031
24/03/2025 23:00;0.6959
24/03/2025 23:15;0.7205
24/03/2025 23:30;0.6936
24/03/2025 23:45;0.7125
25/03/2025 00:00;0.5500
25/03/2025 00:15;0.5732
25/03/2025 00:30;0.5638
25/03/2025 00:45;0.5776
25/03/2025 01:00;0.5128
25/03/2025 01:15;0.5056
25/03/2025 01:30;0.5017
25/03/2025 01:45;0.5022
25/03/2025 02:00;0.4891
25/03/2025 02:15;0.4912
25/03/2025 02:30;0.5002
25/03/2025 02:45;0.4628
25/03/2025 03:00;0.5163
25/03/2025 03:15;0.5209
25/03/2025 03:30;0.5243
25/03/2025 03:45;0.4850
25/03/2025 04:00;0.5613
25/03/2025 04:15;0.5571
25/03/2025 04:30;0.5776
25/03/2025 04:45;0.5694
25/03/2025 05:00;0.8308
25/03/2025 05:15;0.8322
25/03/2025 05:30;0.8092
25/03/2025 05:45;0.8295
25/03/2025 06:00;1.3381
25/03/2025 06:15;1.4401
25/03/2025 06:30;1.4611
25/03/2025 06:45;1.3624
25/03/2025 07:00;1.7033
25/03/2025 07:15;1.6812
25/03/2025 07:30;1.6969
25/03/2025 07:45;1.6940
25/03/2025 08:00;1.2988
25/03/2025 08:15;1.2392
25/03/2025 08:30;1.2970
25/03/2025 08:45;1.2709
25/03/2025 09:00;0.9902
25/03/2025 09:15;0.9768
25/03/2025 09:30;0.9379
25/03/2025 09:45;0.9614
25/03/2025 10:00;0.9014
25/03/2025 10:15;0.8841
25/03/2025 10:30;0.9178
25/03/2025 10:45;0.8990
25/03/2025 11:00;0.9639
25/03/2025 11:15;0.9037
25/03/2025 11:30;0.8842
25/03/2025 11:45;0.9013
25/03/2025 12:00;0.9445
25/03/2025 12:15;0.9960
25/03/2025 12:30;0.9755
25/03/2025 12:45;0.8781
25/03/2025 13:00;0.8996
25/03/2025 13:15;0.9052
25/03/2025 13:30;0.9552
25/03/2025 13:45;0.8837
25/03/2025 14:00;0.9017
25/03/2025 14:15;0.8734
25/03/2025 14:30;0.9470
25/03/2025 14:45;0.9084
25/03/2025 15:00;0.9236
25/03/2025 15:15;0.9621
25/03/2025 15:30;0.9258
25/03/2025 15:45;0.9320
25/03/2025 16:00;1.0359
25/03/2025 16:15;1.0709
25/03/2025 16:30;1.1352
25/03/2025 16:45;1.0403
25/03/2025 17:00;1.4334
25/03/2025 17:15;1.3950
25/03/2025 17:30;1.3534
25/03/2025 17:45;1.4462
25/03/2025 18:00;1.8087
25/03/2025 18:15;1.8265
25/03/2025 18:30;1.6744
25/03/2025 18:45;1.9253
25/03/2025 19:00;1.7432
25/03/2025 19:15;1.8417
25/03/2025 19:30;1.7609
25/03/2025 19:45;1.8121
25/03/2025 20:00;1.6652
25/03/2025 20:15;1.7246
25/03/2025 20:30;1.6308
25/03/2025 20:45;1.5639
25/03/2025 21:00;1.3877
25/03/2025 21:15;1.3609
25/03/2025 21:30;1.3741
25/03/2025 21:45;1.3938
25/03/2025 22:00;1.0077
25/03/2025 22:15;0.9474
25/03/2025 22:30;0.9740
25/03/2025 22:45;1.0125
25/03/2025 23:00;0.6790
25/03/2025 23:15;0.6526
25/03/2025 23:30;0.6613
25/03/2025 23:45;0.6155
26/03/2025 00:00;0.5633
26/03/2025 00:15;0.5873
26/03/2025 00:30;0.5854
26/03/2025 00:45;0.5657
26/03/2025 01:00;0.5333
26/03/2025 01:15;0.4990
26/03/2025 01:30;0.5226
26/03/2025 01:45;0.4964
26/03/2025 02:00;0.4897
26/03/2025 02:15;0.5091
26/03/2025 02:30;0.5147
26/03/2025 02:45;0.4943
26/03/2025 03:00;0.5315
26/03/2025 03:15;0.5267
26/03/2025 03:30;0.5195
26/03/2025 03:45;0.5305
26/03/2025 04:00;0.5784
26/03/2025 04:15;0.5965
26/03/2025 04:30;0.5870
26/03/2025 04:45;0.5605
26/03/2025 05:00;0.8196
26/03/2025 05:15;0.8646
26/03/2025 05:30;0.8634
26/03/2025 05:45;0.8448
26/03/2025 06:00;1.4326
26/03/2025 06:15;1.4825
26/03/2025 06:30;1.4512
26/03/2025 06:45;1.4577
26/03/2025 07:00;1.7108
26/03/2025 07:15;1.7469
26/03/2025 07:30;1.7160
26/03/2025 07:45;1.6195
26/03/2025 08:00;1.2823
26/03/2025 08:15;1.2907
26/03/2025 08:30;1.2664
26/03/2025 08:45;1.2833
26/03/2025 09:00;1.0460
26/03/2025 09:15;0.9335
26/03/2025 09:30;0.9657
26/03/2025 09:45;1.0307
26/03/2025 10:00;0.8889
26/03/2025 10:15;0.8845
26/03/2025 10:30;0.8714
26/03/2025 10:45;0.8989
26/03/2025 11:00;0.9556
26/03/2025 11:15;0.9448
26/03/2025 11:30;0.9454
26/03/2025 11:45;0.9513
26/03/2025 12:00;0.9858
26/03/2025 12:15;0.9864
26/03/2025 12:30;0.9890
26/03/2025 12:45;0.9264
26/03/2025 13:00;0.9771
26/03/2025 13:15;0.9229
26/03/2025 13:30;0.9387
26/03/2025 13:45;0.9308
26/03/2025 14:00;0.9672
26/03/2025 14:15;0.9090
26/03/2025 14:30;0.9113
26/03/2025 14:45;0.9059
26/03/2025 15:00;0.9727
26/03/2025 15:15;0.9837
26/03/2025 15:30;0.9813
26/03/2025 15:45;0.9756
26/03/2025 16:00;1.1272
26/03/2025 16:15;1.1635
26/03/2025 16:30;1.0704
26/03/2025 16:45;1.0814
26/03/2025 17:00;1.4801
26/03/2025 17:15;1.4501
26/03/2025 17:30;1.4680
26/03/2025 17:45;1.4401
26/03/2025 18:00;1.7765
26/03/2025 18:15;1.8171
26/03/2025 18:30;1.6994
26/03/2025 18:45;1.9464
26/03/2025 19:00;1.8143
26/03/2025 19:15;1.9136
26/03/2025 19:30;1.8649
26/03/2025 19:45;1.8486
26/03/2025 20:00;1.7403
26/03/2025 20:15;1.7487
26/03/2025 20:30;1.6553
26/03/2025 20:45;1.6679
26/03/2025 21:00;1.4549
26/03/2025 21:15;1.3680
26/03/2025 21:30;1.4004
26/03/2025 21:45;1.3715
26/03/2025 22:00;0.9730
26/03/2025 22:15;1.0179
26/03/2025 22:30;1.0214
26/03/2025 22:45;1.0125
26/03/2025 23:00;0.6726
26/03/2025 23:15;0.7213
26/03/2025 23:30;0.6954
26/03/2025 23:45;0.6911
27/03/2025 00:00;0.5504
27/03/2025 00:15;0.5676
27/03/2025 00:30;0.5756
27/03/2025 00:45;0.5516
27/03/2025 01:00;0.5067
27/03/2025 01:15;0.4770
27/03/2025 01:30;0.4949
27/03/2025 01:45;0.4838
27/03/2025 02:00;0.4976
27/03/2025 02:15;0.4840
27/03/2025 02:30;0.4782
27/03/2025 02:45;0.4739
27/03/2025 03:00;0.5046
27/03/2025 03:15;0.5209
27/03/2025 03:30;0.5074
27/03/2025 03:45;0.5088
27/03/2025 04:00;0.5562
27/03/2025 04:15;0.5425
27/03/2025 04:30;0.5476
27/03/2025 04:45;0.5415
27/03/2025 05:00;0.8224
27/03/2025 05:15;0.8554
27/03/2025 05:30;0.8280
27/03/2025 05:45;0.7872
27/03/2025 06:00;1.5207
27/03/2025 06:15;1.3648
27/03/2025 06:30;1.3450
27/03/2025 06:45;1.4728
27/03/2025 07:00;1.6701
27/03/2025 07:15;1.6979
27/03/2025 07:30;1.7844
27/03/2025 07:45;1.6694
27/03/2025 08:00;1.2474
27/03/2025 08:15;1.3693
27/03/2025 08:30;1.2656
27/03/2025 08:45;1.2127
27/03/2025 09:00;0.9562
27/03/2025 09:15;0.9680
27/03/2025 09:30;0.9774
27/03/2025 09:45;0.9447
27/03/2025 10:00;0.8820
27/03/2025 10:15;0.8880
27/03/2025 10:30;0.8615
27/03/2025 10:45;0.8529
27/03/2025 11:00;0.9113
27/03/2025 11:15;0.9229
27/03/2025 11:30;0.9479
27/03/2025 11:45;0.8979
27/03/2025 12:00;0.9049
27/03/2025 12:15;0.9364
27/03/2025 12:30;0.9499
27/03/2025 12:45;0.8925
27/03/2025 13:00;0.8660
27/03/2025 13:15;0.9374
27/03/2025 13:30;0.8895
27/03/2025 13:45;0.8961
27/03/2025 14:00;0.9053
27/03/2025 14:15;0.8810
27/03/2025 14:30;0.8713
27/03/2025 14:45;0.8859
27/03/2025 15:00;0.9768
27/03/2025 15:15;0.9182
27/03/2025 15:30;0.9533
27/03/2025 15:45;0.9193
27/03/2025 16:00;1.0540
27/03/2025 16:15;1.0754
27/03/2025 16:30;1.0447
27/03/2025 16:45;1.0994
27/03/2025 17:00;1.3350
27/03/2025 17:15;1.3446
27/03/2025 17:30;1.3436
27/03/2025 17:45;1.3340
27/03/2025 18:00;1.7317
27/03/2025 18:15;1.7000
27/03/2025 18:30;1.8916
27/03/2025 18:45;1.6690
27/03/2025 19:00;1.9637
27/03/2025 19:15;1.9269
27/03/2025 19:30;1.7795
27/03/2025 19:45;1.7816
27/03/2025 20:00;1.6290
27/03/2025 20:15;1.6672
27/03/2025 20:30;1.6836
27/03/2025 20:45;1.6797
27/03/2025 21:00;1.3634
27/03/2025 21:15;1.3485
27/03/2025 21:30;1.4159
27/03/2025 21:45;1.4441
27/03/2025 22:00;0.9385
27/03/2025 22:15;0.9535
27/03/2025 22:30;0.9221
27/03/2025 22:45;1.0059
27/03/2025 23:00;0.6556
27/03/2025 23:15;0.6758
27/03/2025 23:30;0.6705
27/03/2025 23:45;0.6772
28/03/2025 00:00;0.5913
28/03/2025 00:15;0.5560
28/03/2025 00:30;0.5590
28/03/2025 00:45;0.5717
28/03/2025 01:00;0.4996
28/03/2025 01:15;0.4926
28/03/2025 01:30;0.5084
28/03/2025 01:45;0.5010
28/03/2025 02:00;0.4713
28/03/2025 02:15;0.4917
28/03/2025 02:30;0.4791
28/03/2025 02:45;0.4922
28/03/2025 03:00;0.4940
28/03/2025 03:15;0.5159
28/03/2025 03:30;0.5201
28/03/2025 03:45;0.5065
28/03/2025 04:00;0.5737
28/03/2025 04:15;0.5865
28/03/2025 04:30;0.5989
28/03/2025 04:45;0.5630
28/03/2025 05:00;0.7893
28/03/2025 05:15;0.8587
28/03/2025 05:30;0.8233
28/03/2025 05:45;0.8481
28/03/2025 06:00;1.4167
28/03/2025 06:15;1.3950
28/03/2025 06:30;1.4752
28/03/2025 06:45;1.3812
28/03/2025 07:00;1.6842
28/03/2025 07:15;1.7683
28/03/2025 07:30;1.7704
28/03/2025 07:45;1.6136
28/03/2025 08:00;1.2864
28/03/2025 08:15;1.2809
28/03/2025 08:30;1.3354
28/03/2025 08:45;1.3133
28/03/2025 09:00;0.9760
28/03/2025 09:15;0.9954
28/03/2025 09:30;0.9483
28/03/2025 09:45;0.9836
28/03/2025 10:00;0.9365
28/03/2025 10:15;0.9002
28/03/2025 10:30;0.9177
28/03/2025 10:45;0.8861
28/03/2025 11:00;0.9442
28/03/2025 11:15;0.9112
28/03/2025 11:30;0.9372
28/03/2025 11:45;0.9666
28/03/2025 12:00;0.9584
28/03/2025 12:15;0.9227
28/03/2025 12:30;0.9265
28/03/2025 12:45;0.9540
28/03/2025 13:00;0.9271
28/03/2025 13:15;0.8975
28/03/2025 13:30;0.9095
28/03/2025 13:45;0.9507
28/03/2025 14:00;0.9223
28/03/2025 14:15;0.9234
28/03/2025 14:30;0.8962
28/03/2025 14:45;0.8908
28/03/2025 15:00;0.9770
28/03/2025 15:15;0.9120
28/03/2025 15:30;0.9162
28/03/2025 15:45;0.9596
28/03/2025 16:00;1.0732
28/03/2025 16:15;1.1085
28/03/2025 16:30;1.1013
28/03/2025 16:45;1.0573
28/03/2025 17:00;1.4300
28/03/2025 17:15;1.4250
28/03/2025 17:30;1.4128
28/03/2025 17:45;1.3510
28/03/2025 18:00;1.8100
28/03/2025 18:15;1.8166
28/03/2025 18:30;1.7278
28/03/2025 18:45;1.8151
28/03/2025 19:00;1.9108
28/03/2025 19:15;1.9141
28/03/2025 19:30;1.9470
28/03/2025 19:45;1.9376
28/03/2025 20:00;1.7260
28/03/2025 20:15;1.6330
28/03/2025 20:30;1.7106
28/03/2025 20:45;1.8005
28/03/2025 21:00;1.4855
28/03/2025 21:15;1.4316
28/03/2025 21:30;1.3421
28/03/2025 21:45;1.3937
28/03/2025 22:00;0.9572
28/03/2025 22:15;0.9582
28/03/2025 22:30;0.9910
28/03/2025 22:45;0.9898
28/03/2025 23:00;0.6858
28/03/2025 23:15;0.6636
28/03/2025 23:30;0.6951
28/03/2025 23:45;0.6635
29/03/2025 00:00;0.5318
29/03/2025 00:15;0.5301
29/03/2025 00:30;0.5293
29/03/2025 00:45;0.5395
29/03/2025 01:00;0.4797
29/03/2025 01:15;0.4761
29/03/2025 01:30;0.4891
29/03/2025 01:45;0.4799
29/03/2025 02:00;0.4781
29/03/2025 02:15;0.4853
29/03/2025 02:30;0.4854
29/03/2025 02:45;0.4618
29/03/2025 03:00;0.4780
29/03/2025 03:15;0.4759
29/03/2025 03:30;0.4894
29/03/2025 03:45;0.4816
29/03/2025 04:00;0.5456
29/03/2025 04:15;0.5500
29/03/2025 04:30;0.5637
29/03/2025 04:45;0.5432
29/03/2025 05:00;0.7809
29/03/2025 05:15;0.7692
29/03/2025 05:30;0.8040
29/03/2025 05:45;0.7823
29/03/2025 06:00;1.3277
29/03/2025 06:15;1.2863
29/03/2025 06:30;1.2358
29/03/2025 06:45;1.3711
29/03/2025 07:00;1.5451
29/03/2025 07:15;1.6167
29/03/2025 07:30;1.6611
29/03/2025 07:45;1.5758
29/03/2025 08:00;1.1492
29/03/2025 08:15;1.2777
29/03/2025 08:30;1.1465
29/03/2025 08:45;1.1634
29/03/2025 09:00;0.8794
29/03/2025 09:15;0.9263
29/03/2025 09:30;0.8633
29/03/2025 09:45;0.8497
29/03/2025 10:00;0.8803
29/03/2025 10:15;0.8324
29/03/2025 10:30;0.8730
29/03/2025 10:45;0.8498
29/03/2025 11:00;0.8932
29/03/2025 11:15;0.8716
29/03/2025 11:30;0.9040
29/03/2025 11:45;0.8796
29/03/2025 12:00;0.8678
29/03/2025 12:15;0.9187
29/03/2025 12:30;0.8831
29/03/2025 12:45;0.9035
29/03/2025 13:00;0.8994
29/03/2025 13:15;0.9098
29/03/2025 13:30;0.8946
29/03/2025 13:45;0.8494
29/03/2025 14:00;0.8202
29/03/2025 14:15;0.8316
29/03/2025 14:30;0.8303
29/03/2025 14:45;0.8195
29/03/2025 15:00;0.8892
29/03/2025 15:15;0.8662
29/03/2025 15:30;0.8820
29/03/2025 15:45;0.8918
29/03/2025 16:00;1.0241
29/03/2025 16:15;1.0338
29/03/2025 16:30;0.9952
29/03/2025 16:45;1.0412
29/03/2025 17:00;1.2808
29/03/2025 17:15;1.3191
29/03/2025 17:30;1.3294
29/03/2025 17:45;1.3423
29/03/2025 18:00;1.6611
29/03/2025 18:15;1.7225
29/03/2025 18:30;1.5845
29/03/2025 18:45;1.5848
29/03/2025 19:00;1.7690
29/03/2025 19:15;1.7698
29/03/2025 19:30;1.6931
29/03/2025 19:45;1.6390
29/03/2025 20:00;1.5324
29/03/2025 20:15;1.5214
29/03/2025 20:30;1.5989
29/03/2025 20:45;1.6404
29/03/2025 21:00;1.2294
29/03/2025 21:15;1.2883
29/03/2025 21:30;1.2906
29/03/2025 21:45;1.2979
29/03/2025 22:00;0.9010
29/03/2025 22:15;0.9330
29/03/2025 22:30;0.9110
29/03/2025 22:45;0.8701
29/03/2025 23:00;0.6257
29/03/2025 23:15;0.6353
29/03/2025 23:30;0.6556
29/03/2025 23:45;0.6480
30/03/2025 00:00;0.5744
30/03/2025 00:15;0.5732
30/03/2025 00:30;0.5981
30/03/2025 00:45;0.5527
30/03/2025 01:00;0.5230
30/03/2025 01:15;0.5368
30/03/2025 01:30;0.5303
30/03/2025 01:45;0.5381
30/03/2025 03:00;0.5326
30/03/2025 03:15;0.5314
30/03/2025 03:30;0.5219
30/03/2025 03:45;0.5470
30/03/2025 04:00;0.5895
30/03/2025 04:15;0.5855
30/03/2025 04:30;0.5890
30/03/2025 04:45;0.6222
30/03/2025 05:00;0.8396
30/03/2025 05:15;0.8625
30/03/2025 05:30;0.8424
30/03/2025 05:45;0.8812
30/03/2025 06:00;1.3882
30/03/2025 06:15;1.4549
30/03/2025 06:30;1.3642
30/03/2025 06:45;1.3668
30/03/2025 07:00;1.7199
30/03/2025 07:15;1.7247
30/03/2025 07:30;1.6185
30/03/2025 07:45;1.7384
30/03/2025 08:00;1.2782
30/03/2025 08:15;1.2411
30/03/2025 08:30;1.3327
30/03/2025 08:45;1.2928
30/03/2025 09:00;0.9190
30/03/2025 09:15;1.0003
30/03/2025 09:30;0.9505
30/03/2025 09:45;0.9451
30/03/2025 10:00;0.8781
30/03/2025 10:15;0.9020
30/03/2025 10:30;0.8755
30/03/2025 10:45;0.9071
30/03/2025 11:00;0.9329
30/03/2025 11:15;0.9340
30/03/2025 11:30;0.9385
30/03/2025 11:45;0.9654
30/03/2025 12:00;0.9844
30/03/2025 12:15;0.9573
30/03/2025 12:30;0.9841
30/03/2025 12:45;0.9583
30/03/2025 13:00;0.9404
30/03/2025 13:15;0.8955
30/03/2025 13:30;0.9535
30/03/2025 13:45;0.9523
30/03/2025 14:00;0.9079
30/03/2025 14:15;0.8160
30/03/2025 14:30;0.9096
30/03/2025 14:45;0.9166
30/03/2025 15:00;0.9652
30/03/2025 15:15;0.9436
30/03/2025 15:30;0.9082
30/03/2025 15:45;0.9582
30/03/2025 16:00;1.0720
30/03/2025 16:15;1.1123
30/03/2025 16:30;1.0765
30/03/2025 16:45;1.0816
30/03/2025 17:00;1.4217
30/03/2025 17:15;1.3692
30/03/2025 17:30;1.4815
30/03/2025 17:45;1.4260
30/03/2025 18:00;1.7681
30/03/2025 18:15;1.7476
30/03/2025 18:30;1.8831
30/03/2025 18:45;1.6847
30/03/2025 19:00;1.8803
30/03/2025 19:15;1.9226
30/03/2025 19:30;1.8654
30/03/2025 19:45;1.8532
30/03/2025 20:00;1.5398
30/03/2025 20:15;1.7301
30/03/2025 20:30;1.6520
30/03/2025 20:45;1.6869
30/03/2025 21:00;1.3680
30/03/2025 21:15;1.4178
30/03/2025 21:30;1.4193
30/03/2025 21:45;1.3603
30/03/2025 22:00;0.9986
30/03/2025 22:15;1.0049
30/03/2025 22:30;1.0183
30/03/2025 22:45;0.9574
30/03/2025 23:00;0.7010
30/03/2025 23:15;0.6641
30/03/2025 23:30;0.6718
30/03/2025 23:45;0.7078
31/03/2025 00:00;0.5697
31/03/2025 00:15;0.5733
31/03/2025 00:30;0.5751
31/03/2025 00:45;0.5802
31/03/2025 01:00;0.5221
31/03/2025 01:15;0.5089
31/03/2025 01:30;0.4994
31/03/2025 01:45;0.5163
31/03/2025 02:00;0.5060
31/03/2025 02:15;0.5067
31/03/2025 02:30;0.5157
31/03/2025 02:45;0.5098
31/03/2025 03:00;0.5222
31/03/2025 03:15;0.5077
31/03/2025 03:30;0.5456
31/03/2025 03:45;0.5127
31/03/2025 04:00;0.5582
31/03/2025 04:15;0.5777
31/03/2025 04:30;0.5829
31/03/2025 04:45;0.5685
31/03/2025 05:00;0.8402
31/03/2025 05:15;0.8678
31/03/2025 05:30;0.8741
31/03/2025 05:45;0.8614
31/03/2025 06:00;1.5128
31/03/2025 06:15;1.5069
31/03/2025 06:30;1.4417
31/03/2025 06:45;1.4261
31/03/2025 07:00;1.7405
31/03/2025 07:15;1.7314
31/03/2025 07:30;1.7456
31/03/2025 07:45;1.7564
31/03/2025 08:00;1.3757
31/03/2025 08:15;1.3029
31/03/2025 08:30;1.3151
31/03/2025 08:45;1.4428
31/03/2025 09:00;1.0046
31/03/2025 09:15;0.9773
31/03/2025 09:30;0.9258
31/03/2025 09:45;1.0014
31/03/2025 10:00;0.9465
31/03/2025 10:15;1.0099
31/03/2025 10:30;0.9322
31/03/2025 10:45;0.9418
31/03/2025 11:00;0.9599
31/03/2025 11:15;0.9827
31/03/2025 11:30;0.9563
31/03/2025 11:45;0.9458
31/03/2025 12:00;1.0027
31/03/2025 12:15;0.9859
31/03/2025 12:30;0.9992
31/03/2025 12:45;1.0000
31/03/2025 13:00;0.9322
31/03/2025 13:15;0.9502
31/03/2025 13:30;0.9443
31/03/2025 13:45;0.9313
31/03/2025 14:00;0.9320
31/03/2025 14:15;0.9103
31/03/2025 14:30;0.9264
31/03/2025 14:45;0.8890
31/03/2025 15:00;0.9737
31/03/2025 15:15;0.9737
31/03/2025 15:30;0.9952
31/03/2025 15:45;0.9429
31/03/2025 16:00;1.1168
31/03/2025 16:15;1.1145
31/03/2025 16:30;1.0961
31/03/2025 16:45;1.1511
31/03/2025 17:00;1.3649
31/03/2025 17:15;1.4846
31/03/2025 17:30;1.5182
31/03/2025 17:45;1.4614
31/03/2025 18:00;1.8791
31/03/2025 18:15;1.9202
31/03/2025 18:30;1.9254
31/03/2025 18:45;1.7704
31/03/2025 19:00;2.0309
31/03/2025 19:15;1.9075
31/03/2025 19:30;1.8325
31/03/2025 19:45;1.8956
31/03/2025 20:00;1.7862
31/03/2025 20:15;1.7417
31/03/2025 20:30;1.8641
31/03/2025 20:45;1.7007
31/03/2025 21:00;1.4771
31/03/2025 21:15;1.4786
31/03/2025 21:30;1.4675
31/03/2025 21:45;1.3731
31/03/2025 22:00;0.9995
31/03/2025 22:15;1.0092
31/03/2025 22:30;1.0172
31/03/2025 22:45;0.9782
31/03/2025 23:00;0.6991
31/03/2025 23:15;0.6875
31/03/2025 23:30;0.7128
31/03/2025 23:45;0.6911
01/04/2025 00:00;0.4839
01/04/2025 00:15;0.4708
01/04/2025 00:30;0.4683
01/04/2025 00:45;0.4775
01/04/2025 01:00;0.4188
01/04/2025 01:15;0.4201
01/04/2025 01:30;0.4171
01/04/2025 01:45;0.4159
01/04/2025 02:00;0.4164
01/04/2025 02:15;0.4152
01/04/2025 02:30;0.4134
01/04/2025 02:45;0.4120
01/04/2025 03:00;0.4228
01/04/2025 03:15;0.4183
01/04/2025 03:30;0.4100
01/04/2025 03:45;0.4036
01/04/2025 04:00;0.4608
01/04/2025 04:15;0.4671
01/04/2025 04:30;0.4736
01/04/2025 04:45;0.4762
01/04/2025 05:00;0.6938
01/04/2025 05:15;0.7039
01/04/2025 05:30;0.7180
01/04/2025 05:45;0.6798
01/04/2025 06:00;1.1758
01/04/2025 06:15;1.2056
01/04/2025 06:30;1.2032
01/04/2025 06:45;1.2624
01/04/2025 07:00;1.4459
01/04/2025 07:15;1.4917
01/04/2025 07:30;1.4551
01/04/2025 07:45;1.5666
01/04/2025 08:00;1.1205
01/04/2025 08:15;1.1265
01/04/2025 08:30;1.0924
01/04/2025 08:45;1.1116
01/04/2025 09:00;0.8102
01/04/2025 09:15;0.8152
01/04/2025 09:30;0.8796
01/04/2025 09:45;0.7763
01/04/2025 10:00;0.7790
01/04/2025 10:15;0.8180
01/04/2025 10:30;0.7635
01/04/2025 10:45;0.7570
01/04/2025 11:00;0.8135
01/04/2025 11:15;0.8108
01/04/2025 11:30;0.8037
01/04/2025 11:45;0.8082
01/04/2025 12:00;0.8264
01/04/2025 12:15;0.7947
01/04/2025 12:30;0.8453
01/04/2025 12:45;0.7813
01/04/2025 13:00;0.7890
01/04/2025 13:15;0.7639
01/04/2025 13:30;0.8594
01/04/2025 13:45;0.7930
01/04/2025 14:00;0.7723
01/04/2025 14:15;0.7752
01/04/2025 14:30;0.7910
01/04/2025 14:45;0.7920
01/04/2025 15:00;0.8095
01/04/2025 15:15;0.8466
01/04/2025 15:30;0.8278
01/04/2025 15:45;0.8770
01/04/2025 16:00;0.9656
01/04/2025 16:15;0.8975
01/04/2025 16:30;0.9179
01/04/2025 16:45;0.9431
01/04/2025 17:00;1.2565
01/04/2025 17:15;1.2550
01/04/2025 17:30;1.2503
01/04/2025 17:45;1.2407
01/04/2025 18:00;1.5558
01/04/2025 18:15;1.6820
01/04/2025 18:30;1.5610
01/04/2025 18:45;1.5342
01/04/2025 19:00;1.5600
01/04/2025 19:15;1.6072
01/04/2025 19:30;1.5904
01/04/2025 19:45;1.6010
01/04/2025 20:00;1.5059
01/04/2025 20:15;1.4059
01/04/2025 20:30;1.3545
01/04/2025 20:45;1.5087
01/04/2025 21:00;1.2170
01/04/2025 21:15;1.2865
01/04/2025 21:30;1.3095
01/04/2025 21:45;1.2019
01/04/2025 22:00;0.8527
01/04/2025 22:15;0.8318
01/04/2025 22:30;0.8510
01/04/2025 22:45;0.8426
01/04/2025 23:00;0.5753
01/04/2025 23:15;0.5921
01/04/2025 23:30;0.5855
01/04/2025 23:45;0.5877
02/04/2025 00:00;0.4981
02/04/2025 00:15;0.4812
02/04/2025 00:30;0.4696
02/04/2025 00:45;0.4928
02/04/2025 01:00;0.4317
02/04/2025 01:15;0.4276
02/04/2025 01:30;0.4574
02/04/2025 01:45;0.4294
02/04/2025 02:00;0.4222
02/04/2025 02:15;0.4193
02/04/2025 02:30;0.4106
02/04/2025 02:45;0.4224
02/04/2025 03:00;0.4331
02/04/2025 03:15;0.4385
02/04/2025 03:30;0.4237
02/04/2025 03:45;0.4388
02/04/2025 04:00;0.4883
02/04/2025 04:15;0.4855
02/04/2025 04:30;0.4910
02/04/2025 04:45;0.4890
02/04/2025 05:00;0.7394
02/04/2025 05:15;0.7351
02/04/2025 05:30;0.7260
02/04/2025 05:45;0.7022
02/04/2025 06:00;1.3124
02/04/2025 06:15;1.2763
02/04/2025 06:30;1.3384
02/04/2025 06:45;1.2891
02/04/2025 07:00;1.5013
02/04/2025 07:15;1.4784
02/04/2025 07:30;1.5166
02/04/2025 07:45;1.5483
02/04/2025 08:00;1.1466
02/04/2025 08:15;1.1452
02/04/2025 08:30;1.0850
02/04/2025 08:45;1.1461
02/04/2025 09:00;0.8902
02/04/2025 09:15;0.8175
02/04/2025 09:30;0.8183
02/04/2025 09:45;0.8090
02/04/2025 10:00;0.8131
02/04/2025 10:15;0.7829
02/04/2025 10:30;0.7677
02/04/2025 10:45;0.7778
02/04/2025 11:00;0.8923
02/04/2025 11:15;0.8260
02/04/2025 11:30;0.8366
02/04/2025 11:45;0.8369
02/04/2025 12:00;0.8547
02/04/2025 12:15;0.8193
02/04/2025 12:30;0.8058
02/04/2025 12:45;0.8897
02/04/2025 13:00;0.7993
02/04/2025 13:15;0.8452
02/04/2025 13:30;0.8147
02/04/2025 13:45;0.8302
02/04/2025 14:00;0.7851
02/04/2025 14:15;0.7754
02/04/2025 14:30;0.7814
02/04/2025 14:45;0.7890
02/04/2025 15:00;0.8347
02/04/2025 15:15;0.8711
02/04/2025 15:30;0.8538
02/04/2025 15:45;0.8418
02/04/2025 16:00;0.9498
02/04/2025 16:15;1.0263
02/04/2025 16:30;1.0076
02/04/2025 16:45;0.9649
02/04/2025 17:00;1.3079
02/04/2025 17:15;1.3178
02/04/2025 17:30;1.2916
02/04/2025 17:45;1.2563
02/04/2025 18:00;1.5708
02/04/2025 18:15;1.5941
02/04/2025 18:30;1.6562
02/04/2025 18:45;1.7400
02/04/2025 19:00;1.7594
02/04/2025 19:15;1.8078
02/04/2025 19:30;1.7650
02/04/2025 19:45;1.5799
02/04/2025 20:00;1.5517
02/04/2025 20:15;1.5857
02/04/2025 20:30;1.4358
02/04/2025 20:45;1.5442
02/04/2025 21:00;1.2182
02/04/2025 21:15;1.2595
02/04/2025 21:30;1.2650
02/04/2025 21:45;1.3074
02/04/2025 22:00;0.8786
02/04/2025 22:15;0.8870
02/04/2025 22:30;0.8621
02/04/2025 22:45;0.8732
02/04/2025 23:00;0.5836
02/04/2025 23:15;0.5935
02/04/2025 23:30;0.6066
02/04/2025 23:45;0.5876
03/04/2025 00:00;0.4842
03/04/2025 00:15;0.4911
03/04/2025 00:30;0.4685
03/04/2025 00:45;0.4707
03/04/2025 01:00;0.4255
03/04/2025 01:15;0.4294
03/04/2025 01:30;0.4174
03/04/2025 01:45;0.4171
03/04/2025 02:00;0.3950
03/04/2025 02:15;0.4037
03/04/2025 02:30;0.3985
03/04/2025 02:45;0.4096
03/04/2025 03:00;0.4301
03/04/2025 03:15;0.4249
03/04/2025 03:30;0.4116
03/04/2025 03:45;0.4242
03/04/2025 04:00;0.4632
03/04/2025 04:15;0.4830
03/04/2025 04:30;0.4482
03/04/2025 04:45;0.4604
03/04/2025 05:00;0.6715
03/04/2025 05:15;0.7128
03/04/2025 05:30;0.7008
03/04/2025 05:45;0.6657
03/04/2025 06:00;1.2526
03/04/2025 06:15;1.1490
03/04/2025 06:30;1.2448
03/04/2025 06:45;1.1594
03/04/2025 07:00;1.4403
03/04/2025 07:15;1.5201
03/04/2025 07:30;1.4182
03/04/2025 07:45;1.5626
03/04/2025 08:00;1.1702
03/04/2025 08:15;1.0799
03/04/2025 08:30;1.1226
03/04/2025 08:45;1.1509
03/04/2025 09:00;0.8454
03/04/2025 09:15;0.8379
03/04/2025 09:30;0.8060
03/04/2025 09:45;0.8319
03/04/2025 10:00;0.8005
03/04/2025 10:15;0.7789
03/04/2025 10:30;0.7608
03/04/2025 10:45;0.7578
03/04/2025 11:00;0.8013
03/04/2025 11:15;0.7924
03/04/2025 11:30;0.8108
03/04/2025 11:45;0.7963
03/04/2025 12:00;0.8351
03/04/2025 12:15;0.8247
03/04/2025 12:30;0.8209
03/04/2025 12:45;0.8323
03/04/2025 13:00;0.7738
03/04/2025 13:15;0.8044
03/04/2025 13:30;0.8171
03/04/2025 13:45;0.8047
03/04/2025 14:00;0.7508
03/04/2025 14:15;0.7725
03/04/2025 14:30;0.7582
03/04/2025 14:45;0.7655
03/04/2025 15:00;0.8205
03/04/2025 15:15;0.8148
03/04/2025 15:30;0.7955
03/04/2025 15:45;0.8329
03/04/2025 16:00;0.9289
03/04/2025 16:15;0.9408
03/04/2025 16:30;0.9733
03/04/2025 16:45;0.9581
03/04/2025 17:00;1.2255
03/04/2025 17:15;1.2323
03/04/2025 17:30;1.1959
03/04/2025 17:45;1.2392
03/04/2025 18:00;1.5857
03/04/2025 18:15;1.6785
03/04/2025 18:30;1.6276
03/04/2025 18:45;1.4760
03/04/2025 19:00;1.6974
03/04/2025 19:15;1.7114
03/04/2025 19:30;1.7649
03/04/2025 19:45;1.6453
03/04/2025 20:00;1.4700
03/04/2025 20:15;1.4777
03/04/2025 20:30;1.4809
03/04/2025 20:45;1.4670
03/04/2025 21:00;1.1895
03/04/2025 21:15;1.1592
03/04/2025 21:30;1.2433
03/04/2025 21:45;1.2219
03/04/2025 22:00;0.8135
03/04/2025 22:15;0.8530
03/04/2025 22:30;0.8626
03/04/2025 22:45;0.8223
03/04/2025 23:00;0.5752
03/04/2025 23:15;0.5841
03/04/2025 23:30;0.6024
03/04/2025 23:45;0.5679
04/04/2025 00:00;0.5027
04/04/2025 00:15;0.4946
04/04/2025 00:30;0.5044
04/04/2025 00:45;0.5244
04/04/2025 01:00;0.4464
04/04/2025 01:15;0.4440
04/04/2025 01:30;0.4554
04/04/2025 01:45;0.4344
04/04/2025 02:00;0.4400
04/04/2025 02:15;0.4423
04/04/2025 02:30;0.4401
04/04/2025 02:45;0.4277
04/04/2025 03:00;0.4462
04/04/2025 03:15;0.4573
04/04/2025 03:30;0.4501
04/04/2025 03:45;0.4554
04/04/2025 04:00;0.4918
04/04/2025 04:15;0.5000
04/04/2025 04:30;0.5089
04/04/2025 04:45;0.5023
04/04/2025 05:00;0.7364
04/04/2025 05:15;0.7210
04/04/2025 05:30;0.7312
04/04/2025 05:45;0.7383
04/04/2025 06:00;1.3462
04/04/2025 06:15;1.3445
04/04/2025 06:30;1.3200
04/04/2025 06:45;1.2307
04/04/2025 07:00;1.6172
04/04/2025 07:15;1.6233
04/04/2025 07:30;1.7085
04/04/2025 07:45;1.5324
04/04/2025 08:00;1.1400
04/04/2025 08:15;1.2476
04/04/2025 08:30;1.2512
04/04/2025 08:45;1.2223
04/04/2025 09:00;0.8545
04/04/2025 09:15;0.8788
04/04/2025 09:30;0.8902
04/04/2025 09:45;0.9431
04/04/2025 10:00;0.8407
04/04/2025 10:15;0.8308
04/04/2025 10:30;0.8293
04/04/2025 10:45;0.8709
04/04/2025 11:00;0.8950
04/04/2025 11:15;0.9046
04/04/2025 11:30;0.8641
04/04/2025 11:45;0.8632
04/04/2025 12:00;0.8780
04/04/2025 12:15;0.9037
04/04/2025 12:30;0.8629
04/04/2025 12:45;0.8816
04/04/2025 13:00;0.8730
04/04/2025 13:15;0.8605
04/04/2025 13:30;0.8725
04/04/2025 13:45;0.8396
04/04/2025 14:00;0.8092
04/04/2025 14:15;0.8008
04/04/2025 14:30;0.8278
04/04/2025 14:45;0.8227
04/04/2025 15:00;0.8296
04/04/2025 15:15;0.8868
04/04/2025 15:30;0.8861
04/04/2025 15:45;0.9073
04/04/2025 16:00;0.9960
04/04/2025 16:15;0.9983
04/04/2025 16:30;1.0133
04/04/2025 16:45;0.9821
04/04/2025 17:00;1.3812
04/04/2025 17:15;1.2640
04/04/2025 17:30;1.4039
04/04/2025 17:45;1.3602
04/04/2025 18:00;1.7358
04/04/2025 18:15;1.6665
04/04/2025 18:30;1.6570
04/04/2025 18:45;1.7917
04/04/2025 19:00;1.7277
04/04/2025 19:15;1.8123
04/04/2025 19:30;1.7920
04/04/2025 19:45;1.7284
04/04/2025 20:00;1.6485
04/04/2025 20:15;1.5160
04/04/2025 20:30;1.6473
04/04/2025 20:45;1.5579
04/04/2025 21:00;1.4059
04/04/2025 21:15;1.2800
04/04/2025 21:30;1.3316
04/04/2025 21:45;1.3724
04/04/2025 22:00;0.9731
04/04/2025 22:15;0.9562
04/04/2025 22:30;0.9366
04/04/2025 22:45;0.8822
04/04/2025 23:00;0.5998
04/04/2025 23:15;0.6258
04/04/2025 23:30;0.6132
04/04/2025 23:45;0.6053
05/04/2025 00:00;0.5072
05/04/2025 00:15;0.5184
05/04/2025 00:30;0.5064
05/04/2025 00:45;0.5078
05/04/2025 01:00;0.4676
05/04/2025 01:15;0.4572
05/04/2025 01:30;0.4613
05/04/2025 01:45;0.4612
05/04/2025 02:00;0.4484
05/04/2025 02:15;0.4490
05/04/2025 02:30;0.4441
05/04/2025 02:45;0.4495
05/04/2025 03:00;0.4614
05/04/2025 03:15;0.4581
05/04/2025 03:30;0.4687
05/04/2025 03:45;0.4686
05/04/2025 04:00;0.5133
05/04/2025 04:15;0.4910
05/04/2025 04:30;0.5166
05/04/2025 04:45;0.5119
05/04/2025 05:00;0.7296
05/04/2025 05:15;0.7350
05/04/2025 05:30;0.7675
05/04/2025 05:45;0.7288
05/04/2025 06:00;1.2564
05/04/2025 06:15;1.2759
05/04/2025 06:30;1.3154
05/04/2025 06:45;1.2722
05/04/2025 07:00;1.5371
05/04/2025 07:15;1.5808
05/04/2025 07:30;1.4382
05/04/2025 07:45;1.6009
05/04/2025 08:00;1.1942
05/04/2025 08:15;1.1636
05/04/2025 08:30;1.2415
05/04/2025 08:45;1.1883
05/04/2025 09:00;0.8710
05/04/2025 09:15;0.8679
05/04/2025 09:30;0.8608
05/04/2025 09:45;0.8359
05/04/2025 10:00;0.8060
05/04/2025 10:15;0.8021
05/04/2025 10:30;0.8583
05/04/2025 10:45;0.7838
05/04/2025 11:00;0.8427
05/04/2025 11:15;0.8793
05/04/2025 11:30;0.8428
05/04/2025 11:45;0.8730
05/04/2025 12:00;0.9102
05/04/2025 12:15;0.9252
05/04/2025 12:30;0.8801
05/04/2025 12:45;0.8866
05/04/2025 13:00;0.8307
05/04/2025 13:15;0.9072
05/04/2025 13:30;0.8495
05/04/2025 13:45;0.7921
05/04/2025 14:00;0.8050
05/04/2025 14:15;0.8217
05/04/2025 14:30;0.8093
05/04/2025 14:45;0.8180
05/04/2025 15:00;0.8381
05/04/2025 15:15;0.8835
05/04/2025 15:30;0.8389
05/04/2025 15:45;0.8619
05/04/2025 16:00;0.9841
05/04/2025 16:15;0.9823
05/04/2025 16:30;0.9715
05/04/2025 16:45;0.9895
05/04/2025 17:00;1.3738
05/04/2025 17:15;1.2633
05/04/2025 17:30;1.3153
05/04/2025 17:45;1.2240
05/04/2025 18:00;1.7238
05/04/2025 18:15;1.6760
05/04/2025 18:30;1.7359
05/04/2025 18:45;1.7165
05/04/2025 19:00;1.8532
05/04/2025 19:15;1.6971
05/04/2025 19:30;1.7175
05/04/2025 19:45;1.6852
05/04/2025 20:00;1.5308
05/04/2025 20:15;1.4775
05/04/2025 20:30;1.4669
05/04/2025 20:45;1.6242
05/04/2025 21:00;1.2987
05/04/2025 21:15;1.3126
05/04/2025 21:30;1.3051
05/04/2025 21:45;1.3259
05/04/2025 22:00;0.9029
05/04/2025 22:15;0.8865
05/04/2025 22:30;0.9072
05/04/2025 22:45;0.9299
05/04/2025 23:00;0.6156
05/04/2025 23:15;0.6135
05/04/2025 23:30;0.6283
05/04/2025 23:45;0.6030
06/04/2025 00:00;0.4336
06/04/2025 00:15;0.4514
06/04/2025 00:30;0.4467
06/04/2025 00:45;0.4452
06/04/2025 01:00;0.4073
06/04/2025 01:15;0.3986
06/04/2025 01:30;0.4133
06/04/2025 01:45;0.4104
06/04/2025 02:00;0.4033
06/04/2025 02:15;0.4022
06/04/2025 02:30;0.4011
06/04/2025 02:45;0.3902
06/04/2025 03:00;0.3998
06/04/2025 03:15;0.3925
06/04/2025 03:30;0.4116
06/04/2025 03:45;0.4051
06/04/2025 04:00;0.4557
06/04/2025 04:15;0.4534
06/04/2025 04:30;0.4448
06/04/2025 04:45;0.4543
06/04/2025 05:00;0.6870
06/04/2025 05:15;0.6673
06/04/2025 05:30;0.6279
06/04/2025 05:45;0.6715
06/04/2025 06:00;1.1286
06/04/2025 06:15;1.1370
06/04/2025 06:30;1.0970
06/04/2025 06:45;1.1246
06/04/2025 07:00;1.3089
06/04/2025 07:15;1.4039
06/04/2025 07:30;1.3388
06/04/2025 07:45;1.2399
06/04/2025 08:00;1.0272
06/04/2025 08:15;0.9673
06/04/2025 08:30;1.0151
06/04/2025 08:45;0.9975
06/04/2025 09:00;0.7347
06/04/2025 09:15;0.7898
06/04/2025 09:30;0.7955
06/04/2025 09:45;0.7118
06/04/2025 10:00;0.7077
06/04/2025 10:15;0.6794
06/04/2025 10:30;0.7110
06/04/2025 10:45;0.6885
06/04/2025 11:00;0.7232
06/04/2025 11:15;0.7385
06/04/2025 11:30;0.7333
06/04/2025 11:45;0.7478
06/04/2025 12:00;0.7590
06/04/2025 12:15;0.7692
06/04/2025 12:30;0.7554
06/04/2025 12:45;0.8119
06/04/2025 13:00;0.7619
06/04/2025 13:15;0.7705
06/04/2025 13:30;0.7009
06/04/2025 13:45;0.7322
06/04/2025 14:00;0.7029
06/04/2025 14:15;0.7091
06/04/2025 14:30;0.7046
06/04/2025 14:45;0.7432
06/04/2025 15:00;0.7625
06/04/2025 15:15;0.7275
06/04/2025 15:30;0.7402
06/04/2025 15:45;0.7033
06/04/2025 16:00;0.8383
06/04/2025 16:15;0.8882
06/04/2025 16:30;0.8485
06/04/2025 16:45;0.8526
06/04/2025 17:00;1.1196
06/04/2025 17:15;1.1724
06/04/2025 17:30;1.1011
06/04/2025 17:45;1.1294
06/04/2025 18:00;1.4199
06/04/2025 18:15;1.4293
06/04/2025 18:30;1.4392
06/04/2025 18:45;1.4245
06/04/2025 19:00;1.5028
06/04/2025 19:15;1.4710
06/04/2025 19:30;1.6490
06/04/2025 19:45;1.4165
06/04/2025 20:00;1.2503
06/04/2025 20:15;1.3339
06/04/2025 20:30;1.3637
06/04/2025 20:45;1.3306
06/04/2025 21:00;1.0914
06/04/2025 21:15;1.1410
06/04/2025 21:30;1.1292
06/04/2025 21:45;1.0747
06/04/2025 22:00;0.7628
06/04/2025 22:15;0.7651
06/04/2025 22:30;0.7998
06/04/2025 22:45;0.7360
06/04/2025 23:00;0.5333
06/04/2025 23:15;0.5323
06/04/2025 23:30;0.4958
06/04/2025 23:45;0.5517
07/04/2025 00:00;0.4849
07/04/2025 00:15;0.4800
07/04/2025 00:30;0.4590
07/04/2025 00:45;0.4545
07/04/2025 01:00;0.4109
07/04/2025 01:15;0.4091
07/04/2025 01:30;0.4285
07/04/2025 01:45;0.4152
07/04/2025 02:00;0.4117
07/04/2025 02:15;0.4055
07/04/2025 02:30;0.4052
07/04/2025 02:45;0.4135
07/04/2025 03:00;0.4208
07/04/2025 03:15;0.4228
07/04/2025 03:30;0.4286
07/04/2025 03:45;0.4222
07/04/2025 04:00;0.4582
07/04/2025 04:15;0.4746
07/04/2025 04:30;0.4811
07/04/2025 04:45;0.4771
07/04/2025 05:00;0.7145
07/04/2025 05:15;0.7046
07/04/2025 05:30;0.6679
07/04/2025 05:45;0.6744
07/04/2025 06:00;1.1221
07/04/2025 06:15;1.1496
07/04/2025 06:30;1.1672
07/04/2025 06:45;1.1629
07/04/2025 07:00;1.3708
07/04/2025 07:15;1.4743
07/04/2025 07:30;1.4567
07/04/2025 07:45;1.3344
07/04/2025 08:00;1.1128
07/04/2025 08:15;1.1226
07/04/2025 08:30;1.0601
07/04/2025 08:45;1.0991
07/04/2025 09:00;0.8050
07/04/2025 09:15;0.8394
07/04/2025 09:30;0.7925
07/04/2025 09:45;0.7829
07/04/2025 10:00;0.7756
07/04/2025 10:15;0.7435
07/04/2025 10:30;0.7687
07/04/2025 10:45;0.7944
07/04/2025 11:00;0.7669
07/04/2025 11:15;0.7440
07/04/2025 11:30;0.7330
07/04/2025 11:45;0.7883
07/04/2025 12:00;0.8083
07/04/2025 12:15;0.7776
07/04/2025 12:30;0.7510
07/04/2025 12:45;0.8059
07/04/2025 13:00;0.7826
07/04/2025 13:15;0.7829
07/04/2025 13:30;0.7922
07/04/2025 13:45;0.7990
07/04/2025 14:00;0.6927
07/04/2025 14:15;0.7528
07/04/2025 14:30;0.7183
07/04/2025 14:45;0.7354
07/04/2025 15:00;0.8328
07/04/2025 15:15;0.8051
07/04/2025 15:30;0.7903
07/04/2025 15:45;0.8251
07/04/2025 16:00;0.8581
07/04/2025 16:15;0.8759
07/04/2025 16:30;0.8914
07/04/2025 16:45;0.9048
07/04/2025 17:00;1.1833
07/04/2025 17:15;1.1138
07/04/2025 17:30;1.1681
07/04/2025 17:45;1.1410
07/04/2025 18:00;1.5556
07/04/2025 18:15;1.5280
07/04/2025 18:30;1.6118
07/04/2025 18:45;1.4905
07/04/2025 19:00;1.5255
07/04/2025 19:15;1.5828
07/04/2025 19:30;1.5518
07/04/2025 19:45;1.5329
07/04/2025 20:00;1.3664
07/04/2025 20:15;1.4236
07/04/2025 20:30;1.4066
07/04/2025 20:45;1.4961
07/04/2025 21:00;1.1752
07/04/2025 21:15;1.1964
07/04/2025 21:30;1.1434
07/04/2025 21:45;1.1319
07/04/2025 22:00;0.7948
07/04/2025 22:15;0.7957
07/04/2025 22:30;0.8362
07/04/2025 22:45;0.8242
07/04/2025 23:00;0.5848
07/04/2025 23:15;0.5655
07/04/2025 23:30;0.5601
07/04/2025 23:45;0.5897
08/04/2025 00:00;0.5185
08/04/2025 00:15;0.5175
08/04/2025 00:30;0.5202
08/04/2025 00:45;0.5133
08/04/2025 01:00;0.4596
08/04/2025 01:15;0.4465
08/04/2025 01:30;0.4288
08/04/2025 01:45;0.4461
08/04/2025 02:00;0.4288
08/04/2025 02:15;0.4436
08/04/2025 02:30;0.4409
08/04/2025 02:45;0.4360
08/04/2025 03:00;0.4352
08/04/2025 03:15;0.4388
08/04/2025 03:30;0.4516
08/04/2025 03:45;0.4552
08/04/2025 04:00;0.5166
08/04/2025 04:15;0.5078
08/04/2025 04:30;0.5060
08/04/2025 04:45;0.4924
08/04/2025 05:00;0.7799
08/04/2025 05:15;0.7341
08/04/2025 05:30;0.7645
08/04/2025 05:45;0.7380
08/04/2025 06:00;1.2656
08/04/2025 06:15;1.2907
08/04/2025 06:30;1.2305
08/04/2025 06:45;1.2642
08/04/2025 07:00;1.5588
08/04/2025 07:15;1.5367
08/04/2025 07:30;1.6321
08/04/2025 07:45;1.5274
08/04/2025 08:00;1.0930
08/04/2025 08:15;1.1955
08/04/2025 08:30;1.1710
08/04/2025 08:45;1.1443
08/04/2025 09:00;0.8644
08/04/2025 09:15;0.8682
08/04/2025 09:30;0.8979
08/04/2025 09:45;0.8969
08/04/2025 10:00;0.7636
08/04/2025 10:15;0.7849
08/04/2025 10:30;0.8162
08/04/2025 10:45;0.8292
08/04/2025 11:00;0.8349
08/04/2025 11:15;0.8100
08/04/2025 11:30;0.7994
08/04/2025 11:45;0.8303
08/04/2025 12:00;0.8330
08/04/2025 12:15;0.8981
08/04/2025 12:30;0.8963
08/04/2025 12:45;0.8816
08/04/2025 13:00;0.8307
08/04/2025 13:15;0.8870
08/04/2025 13:30;0.8295
08/04/2025 13:45;0.8327
08/04/2025 14:00;0.7363
08/04/2025 14:15;0.8037
08/04/2025 14:30;0.8240
08/04/2025 14:45;0.8518
08/04/2025 15:00;0.8838
08/04/2025 15:15;0.8553
08/04/2025 15:30;0.8586
08/04/2025 15:45;0.8435
08/04/2025 16:00;0.9983
08/04/2025 16:15;0.9501
08/04/2025 16:30;1.0218
08/04/2025 16:45;1.0155
08/04/2025 17:00;1.3867
08/04/2025 17:15;1.2949
08/04/2025 17:30;1.2049
08/04/2025 17:45;1.3068
08/04/2025 18:00;1.6956
08/04/2025 18:15;1.5712
08/04/2025 18:30;1.5523
08/04/2025 18:45;1.6581
08/04/2025 19:00;1.6690
08/04/2025 19:15;1.7267
08/04/2025 19:30;1.6715
08/04/2025 19:45;1.6634
08/04/2025 20:00;1.5356
08/04/2025 20:15;1.4963
08/04/2025 20:30;1.4251
08/04/2025 20:45;1.4584
08/04/2025 21:00;1.2857
08/04/2025 21:15;1.2917
08/04/2025 21:30;1.2551
08/04/2025 21:45;1.2892
08/04/2025 22:00;0.9187
08/04/2025 22:15;0.9219
08/04/2025 22:30;0.9274
08/04/2025 22:45;0.8963
08/04/2025 23:00;0.6069
08/04/2025 23:15;0.6010
08/04/2025 23:30;0.6133
08/04/2025 23:45;0.6019
09/04/2025 00:00;0.4408
09/04/2025 00:15;0.4530
09/04/2025 00:30;0.4643
09/04/2025 00:45;0.4662
09/04/2025 01:00;0.4010
09/04/2025 01:15;0.4012
09/04/2025 01:30;0.3973
09/04/2025 01:45;0.4010
09/04/2025 02:00;0.3822
09/04/2025 02:15;0.3885
09/04/2025 02:30;0.3897
09/04/2025 02:45;0.3906
09/04/2025 03:00;0.3945
09/04/2025 03:15;0.4078
09/04/2025 03:30;0.4057
09/04/2025 03:45;0.3943
09/04/2025 04:00;0.4536
09/04/2025 04:15;0.4402
09/04/2025 04:30;0.4519
09/04/2025 04:45;0.4372
09/04/2025 05:00;0.6570
09/04/2025 05:15;0.6415
09/04/2025 05:30;0.6184
09/04/2025 05:45;0.6455
09/04/2025 06:00;1.1376
09/04/2025 06:15;1.1043
09/04/2025 06:30;1.1335
09/04/2025 06:45;1.1285
09/04/2025 07:00;1.3748
09/04/2025 07:15;1.3564
09/04/2025 07:30;1.3457
09/04/2025 07:45;1.3741
09/04/2025 08:00;0.9945
09/04/2025 08:15;1.0691
09/04/2025 08:30;1.0340
09/04/2025 08:45;0.9750
09/04/2025 09:00;0.7517
09/04/2025 09:15;0.7854
09/04/2025 09:30;0.7599
09/04/2025 09:45;0.7929
09/04/2025 10:00;0.7043
09/04/2025 10:15;0.7061
09/04/2025 10:30;0.6750
09/04/2025 10:45;0.7106
09/04/2025 11:00;0.7692
09/04/2025 11:15;0.7501
09/04/2025 11:30;0.7703
09/04/2025 11:45;0.7307
09/04/2025 12:00;0.7537
09/04/2025 12:15;0.7890
09/04/2025 12:30;0.7410
09/04/2025 12:45;0.7955
09/04/2025 13:00;0.7623
09/04/2025 13:15;0.7591
09/04/2025 13:30;0.7458
09/04/2025 13:45;0.7387
09/04/2025 14:00;0.7393
09/04/2025 14:15;0.7019
09/04/2025 14:30;0.7178
09/04/2025 14:45;0.7391
09/04/2025 15:00;0.7613
09/04/2025 15:15;0.7532
09/04/2025 15:30;0.7539
09/04/2025 15:45;0.7571
09/04/2025 16:00;0.9039
09/04/2025 16:15;0.8904
09/04/2025 16:30;0.8717
09/04/2025 16:45;0.8443
09/04/2025 17:00;1.1524
09/04/2025 17:15;1.1700
09/04/2025 17:30;1.1688
09/04/2025 17:45;1.0797
09/04/2025 18:00;1.4499
09/04/2025 18:15;1.4738
09/04/2025 18:30;1.5104
09/04/2025 18:45;1.4673
09/04/2025 19:00;1.4797
09/04/2025 19:15;1.4919
09/04/2025 19:30;1.5358
09/04/2025 19:45;1.5182
09/04/2025 20:00;1.3575
09/04/2025 20:15;1.4364
09/04/2025 20:30;1.3874
09/04/2025 20:45;1.3379
09/04/2025 21:00;1.1885
09/04/2025 21:15;1.1690
09/04/2025 21:30;1.1205
09/04/2025 21:45;1.1480
09/04/2025 22:00;0.8194
09/04/2025 22:15;0.7836
09/04/2025 22:30;0.7884
09/04/2025 22:45;0.7827
09/04/2025 23:00;0.5560
09/04/2025 23:15;0.5365
09/04/2025 23:30;0.5310
09/04/2025 23:45;0.5473
10/04/2025 00:00;0.4011
10/04/2025 00:15;0.4187
10/04/2025 00:30;0.4020
10/04/2025 00:45;0.4142
10/04/2025 01:00;0.3440
10/04/2025 01:15;0.3442
10/04/2025 01:30;0.3526
10/04/2025 01:45;0.3479
10/04/2025 02:00;0.3364
10/04/2025 02:15;0.3385
10/04/2025 02:30;0.3436
10/04/2025 02:45;0.3341
10/04/2025 03:00;0.3525
10/04/2025 03:15;0.3441
10/04/2025 03:30;0.3443
10/04/2025 03:45;0.3526
10/04/2025 04:00;0.3873
10/04/2025 04:15;0.3752
10/04/2025 04:30;0.3811
10/04/2025 04:45;0.3845
10/04/2025 05:00;0.5655
10/04/2025 05:15;0.5368
10/04/2025 05:30;0.5691
10/04/2025 05:45;0.5710
10/04/2025 06:00;0.9461
10/04/2025 06:15;0.9964
10/04/2025 06:30;0.9548
10/04/2025 06:45;1.0045
10/04/2025 07:00;1.2492
10/04/2025 07:15;1.2127
10/04/2025 07:30;1.1936
10/04/2025 07:45;1.2674
10/04/2025 08:00;0.8943
10/04/2025 08:15;0.9381
10/04/2025 08:30;0.9174
10/04/2025 08:45;0.8923
10/04/2025 09:00;0.6492
10/04/2025 09:15;0.6794
10/04/2025 09:30;0.6708
10/04/2025 09:45;0.6627
10/04/2025 10:00;0.6223
10/04/2025 10:15;0.6286
10/04/2025 10:30;0.6288
10/04/2025 10:45;0.5984
10/04/2025 11:00;0.6433
10/04/2025 11:15;0.6685
10/04/2025 11:30;0.6590
10/04/2025 11:45;0.6598
10/04/2025 12:00;0.6701
10/04/2025 12:15;0.7031
10/04/2025 12:30;0.6827
10/04/2025 12:45;0.6626
10/04/2025 13:00;0.6959
10/04/2025 13:15;0.6193
10/04/2025 13:30;0.6277
10/04/2025 13:45;0.6457
10/04/2025 14:00;0.6285
10/04/2025 14:15;0.6160
10/04/2025 14:30;0.6123
10/04/2025 14:45;0.6077
10/04/2025 15:00;0.6569
10/04/2025 15:15;0.6501
10/04/2025 15:30;0.6269
10/04/2025 15:45;0.6618
10/04/2025 16:00;0.7493
10/04/2025 16:15;0.7679
10/04/2025 16:30;0.7374
10/04/2025 16:45;0.7082
10/04/2025 17:00;1.0245
10/04/2025 17:15;0.9929
10/04/2025 17:30;1.0227
10/04/2025 17:45;1.0363
10/04/2025 18:00;1.3502
10/04/2025 18:15;1.3102
10/04/2025 18:30;1.2338
10/04/2025 18:45;1.3748
10/04/2025 19:00;1.3426
10/04/2025 19:15;1.3556
10/04/2025 19:30;1.3915
10/04/2025 19:45;1.3368
10/04/2025 20:00;1.1922
10/04/2025 20:15;1.3054
10/04/2025 20:30;1.2089
10/04/2025 20:45;1.2122
10/04/2025 21:00;1.0192
10/04/2025 21:15;0.9774
10/04/2025 21:30;1.0704
10/04/2025 21:45;0.9781
10/04/2025 22:00;0.6777
10/04/2025 22:15;0.6866
10/04/2025 22:30;0.7306
10/04/2025 22:45;0.6959
10/04/2025 23:00;0.4833
10/04/2025 23:15;0.4798
10/04/2025 23:30;0.4828
10/04/2025 23:45;0.4762
11/04/2025 00:00;0.4769
11/04/2025 00:15;0.4769
11/04/2025 00:30;0.4710
11/04/2025 00:45;0.4596
11/04/2025 01:00;0.4184
11/04/2025 01:15;0.4266
11/04/2025 01:30;0.4222
11/04/2025 01:45;0.4210
11/04/2025 02:00;0.4212
11/04/2025 02:15;0.4048
11/04/2025 02:30;0.3967
11/04/2025 02:45;0.4062
11/04/2025 03:00;0.4237
11/04/2025 03:15;0.4042
11/04/2025 03:30;0.4213
11/04/2025 03:45;0.4196
11/04/2025 04:00;0.4598
11/04/2025 04:15;0.4541
11/04/2025 04:30;0.4636
11/04/2025 04:45;0.4523
11/04/2025 05:00;0.6548
11/04/2025 05:15;0.7165
11/04/2025 05:30;0.6977
11/04/2025 05:45;0.6862
11/04/2025 06:00;1.2529
11/04/2025 06:15;1.2802
11/04/2025 06:30;1.2134
11/04/2025 06:45;1.2524
11/04/2025 07:00;1.4531
11/04/2025 07:15;1.4180
11/04/2025 07:30;1.5353
11/04/2025 07:45;1.5408
11/04/2025 08:00;1.1384
11/04/2025 08:15;1.0331
11/04/2025 08:30;1.0789
11/04/2025 08:45;1.1423
11/04/2025 09:00;0.8161
11/04/2025 09:15;0.7750
11/04/2025 09:30;0.8596
11/04/2025 09:45;0.8171
11/04/2025 10:00;0.8193
11/04/2025 10:15;0.7692
11/04/2025 10:30;0.8221
11/04/2025 10:45;0.7690
11/04/2025 11:00;0.8256
11/04/2025 11:15;0.8043
11/04/2025 11:30;0.8021
11/04/2025 11:45;0.7795
11/04/2025 12:00;0.8794
11/04/2025 12:15;0.8222
11/04/2025 12:30;0.7833
11/04/2025 12:45;0.8150
11/04/2025 13:00;0.7610
11/04/2025 13:15;0.8039
11/04/2025 13:30;0.7927
11/04/2025 13:45;0.8030
11/04/2025 14:00;0.7856
11/04/2025 14:15;0.7440
11/04/2025 14:30;0.7807
11/04/2025 14:45;0.7493
11/04/2025 15:00;0.7627
11/04/2025 15:15;0.8007
11/04/2025 15:30;0.7989
11/04/2025 15:45;0.8108
11/04/2025 16:00;0.9606
11/04/2025 16:15;0.9136
11/04/2025 16:30;0.9356
11/04/2025 16:45;0.9382
11/04/2025 17:00;1.2305
11/04/2025 17:15;1.2666
11/04/2025 17:30;1.3032
11/04/2025 17:45;1.2975
11/04/2025 18:00;1.6312
11/04/2025 18:15;1.5923
11/04/2025 18:30;1.5713
11/04/2025 18:45;1.6222
11/04/2025 19:00;1.6749
11/04/2025 19:15;1.7303
11/04/2025 19:30;1.5304
11/04/2025 19:45;1.6271
11/04/2025 20:00;1.6043
11/04/2025 20:15;1.5292
11/04/2025 20:30;1.6062
11/04/2025 20:45;1.5892
11/04/2025 21:00;1.2227
11/04/2025 21:15;1.2593
11/04/2025 21:30;1.2225
11/04/2025 21:45;1.3027
11/04/2025 22:00;0.8380
11/04/2025 22:15;0.8780
11/04/2025 22:30;0.8576
11/04/2025 22:45;0.8585
11/04/2025 23:00;0.5730
11/04/2025 23:15;0.5705
11/04/2025 23:30;0.5834
11/04/2025 23:45;0.5676
12/04/2025 00:00;0.4211
12/04/2025 00:15;0.4214
12/04/2025 00:30;0.4056
12/04/2025 00:45;0.4199
12/04/2025 01:00;0.3652
12/04/2025 01:15;0.3703
12/04/2025 01:30;0.3664
12/04/2025 01:45;0.3609
12/04/2025 02:00;0.3551
12/04/2025 02:15;0.3488
12/04/2025 02:30;0.3506
12/04/2025 02:45;0.3562
12/04/2025 03:00;0.3675
12/04/2025 03:15;0.3639
12/04/2025 03:30;0.3626
12/04/2025 03:45;0.3694
12/04/2025 04:00;0.4056
12/04/2025 04:15;0.3988
12/04/2025 04:30;0.4008
12/04/2025 04:45;0.4020
12/04/2025 05:00;0.5907
12/04/2025 05:15;0.6097
12/04/2025 05:30;0.6078
12/04/2025 05:45;0.5984
12/04/2025 06:00;0.9719
12/04/2025 06:15;0.9984
12/04/2025 06:30;0.9775
12/04/2025 06:45;1.0043
12/04/2025 07:00;1.2023
12/04/2025 07:15;1.2288
12/04/2025 07:30;1.1657
12/04/2025 07:45;1.1873
12/04/2025 08:00;0.9340
12/04/2025 08:15;0.9252
12/04/2025 08:30;0.9220
12/04/2025 08:45;0.9306
12/04/2025 09:00;0.6909
12/04/2025 09:15;0.6933
12/04/2025 09:30;0.6859
12/04/2025 09:45;0.6724
12/04/2025 10:00;0.6560
12/04/2025 10:15;0.6536
12/04/2025 10:30;0.6508
12/04/2025 10:45;0.6400
12/04/2025 11:00;0.6786
12/04/2025 11:15;0.6659
12/04/2025 11:30;0.6891
12/04/2025 11:45;0.6831
12/04/2025 12:00;0.7190
12/04/2025 12:15;0.6756
12/04/2025 12:30;0.7107
12/04/2025 12:45;0.7067
12/04/2025 13:00;0.6802
12/04/2025 13:15;0.7118
12/04/2025 13:30;0.6727
12/04/2025 13:45;0.6775
12/04/2025 14:00;0.6692
12/04/2025 14:15;0.6336
12/04/2025 14:30;0.6500
12/04/2025 14:45;0.6599
12/04/2025 15:00;0.6562
12/04/2025 15:15;0.6887
12/04/2025 15:30;0.6975
12/04/2025 15:45;0.7018
12/04/2025 16:00;0.7938
12/04/2025 16:15;0.7428
12/04/2025 16:30;0.7973
12/04/2025 16:45;0.7546
12/04/2025 17:00;0.9604
12/04/2025 17:15;1.0054
12/04/2025 17:30;1.0278
12/04/2025 17:45;1.0794
12/04/2025 18:00;1.2938
12/04/2025 18:15;1.2550
12/04/2025 18:30;1.3415
12/04/2025 18:45;1.2974
12/04/2025 19:00;1.3569
12/04/2025 19:15;1.3597
12/04/2025 19:30;1.4111
12/04/2025 19:45;1.3414
12/04/2025 20:00;1.2247
12/04/2025 20:15;1.2592
12/04/2025 20:30;1.2694
12/04/2025 20:45;1.2036
12/04/2025 21:00;1.0339
12/04/2025 21:15;1.0022
12/04/2025 21:30;1.0457
12/04/2025 21:45;1.0276
12/04/2025 22:00;0.7048
12/04/2025 22:15;0.7251
12/04/2025 22:30;0.7005
12/04/2025 22:45;0.7677
12/04/2025 23:00;0.4873
12/04/2025 23:15;0.4904
12/04/2025 23:30;0.5077
12/04/2025 23:45;0.5122
13/04/2025 00:00;0.4266
13/04/2025 00:15;0.4345
13/04/2025 00:30;0.4358
13/04/2025 00:45;0.4393
13/04/2025 01:00;0.4008
13/04/2025 01:15;0.3763
13/04/2025 01:30;0.3837
13/04/2025 01:45;0.3873
13/04/2025 02:00;0.3940
13/04/2025 02:15;0.3920
13/04/2025 02:30;0.3889
13/04/2025 02:45;0.3848
13/04/2025 03:00;0.3832
13/04/2025 03:15;0.3991
13/04/2025 03:30;0.3806
13/04/2025 03:45;0.4029
13/04/2025 04:00;0.4259
13/04/2025 04:15;0.4306
13/04/2025 04:30;0.4428
13/04/2025 04:45;0.4286
13/04/2025 05:00;0.6152
13/04/2025 05:15;0.6389
13/04/2025 05:30;0.6452
13/04/2025 05:45;0.6491
13/04/2025 06:00;1.0925
13/04/2025 06:15;1.0270
13/04/2025 06:30;1.1315
13/04/2025 06:45;1.1480
13/04/2025 07:00;1.3205
13/04/2025 07:15;1.3730
13/04/2025 07:30;1.2500
13/04/2025 07:45;1.2328
13/04/2025 08:00;1.0058
13/04/2025 08:15;1.0043
13/04/2025 08:30;0.9793
13/04/2025 08:45;0.9357
13/04/2025 09:00;0.7515
13/04/2025 09:15;0.7182
13/04/2025 09:30;0.7356
13/04/2025 09:45;0.7387
13/04/2025 10:00;0.6866
13/04/2025 10:15;0.6830
13/04/2025 10:30;0.6892
13/04/2025 10:45;0.6989
13/04/2025 11:00;0.7334
13/04/2025 11:15;0.7355
13/04/2025 11:30;0.7179
13/04/2025 11:45;0.6663
13/04/2025 12:00;0.7468
13/04/2025 12:15;0.7229
13/04/2025 12:30;0.7155
13/04/2025 12:45;0.7310
13/04/2025 13:00;0.7160
13/04/2025 13:15;0.7069
13/04/2025 13:30;0.7209
13/04/2025 13:45;0.7208
13/04/2025 14:00;0.6937
13/04/2025 14:15;0.6842
13/04/2025 14:30;0.7083
13/04/2025 14:45;0.6882
13/04/2025 15:00;0.7383
13/04/2025 15:15;0.7234
13/04/2025 15:30;0.7344
13/04/2025 15:45;0.7556
13/04/2025 16:00;0.8208
13/04/2025 16:15;0.8357
13/04/2025 16:30;0.8310
13/04/2025 16:45;0.8529
13/04/2025 17:00;1.1832
13/04/2025 17:15;1.0637
13/04/2025 17:30;1.0778
13/04/2025 17:45;1.0590
13/04/2025 18:00;1.3326
13/04/2025 18:15;1.4671
13/04/2025 18:30;1.4528
13/04/2025 18:45;1.3738
13/04/2025 19:00;1.4536
13/04/2025 19:15;1.4003
13/04/2025 19:30;1.4892
13/04/2025 19:45;1.3972
13/04/2025 20:00;1.3386
13/04/2025 20:15;1.2625
13/04/2025 20:30;1.4073
13/04/2025 20:45;1.3690
13/04/2025 21:00;1.0858
13/04/2025 21:15;1.0225
13/04/2025 21:30;1.1179
13/04/2025 21:45;1.0669
13/04/2025 22:00;0.7668
13/04/2025 22:15;0.7939
13/04/2025 22:30;0.7262
13/04/2025 22:45;0.7556
13/04/2025 23:00;0.5045
13/04/2025 23:15;0.5332
13/04/2025 23:30;0.5320
13/04/2025 23:45;0.5352
14/04/2025 00:00;0.4436
14/04/2025 00:15;0.4379
14/04/2025 00:30;0.4443
14/04/2025 00:45;0.4195
14/04/2025 01:00;0.3964
14/04/2025 01:15;0.3942
14/04/2025 01:30;0.3835
14/04/2025 01:45;0.3966
14/04/2025 02:00;0.3899
14/04/2025 02:15;0.4060
14/04/2025 02:30;0.3803
14/04/2025 02:45;0.3984
14/04/2025 03:00;0.3884
14/04/2025 03:15;0.4002
14/04/2025 03:30;0.3871
14/04/2025 03:45;0.3927
14/04/2025 04:00;0.4365
14/04/2025 04:15;0.4423
14/04/2025 04:30;0.4375
14/04/2025 04:45;0.4378
14/04/2025 05:00;0.6324
14/04/2025 05:15;0.6576
14/04/2025 05:30;0.6418
14/04/2025 05:45;0.6359
14/04/2025 06:00;1.1411
14/04/2025 06:15;1.1540
14/04/2025 06:30;1.1416
14/04/2025 06:45;1.1185
14/04/2025 07:00;1.3138
14/04/2025 07:15;1.3495
14/04/2025 07:30;1.4126
14/04/2025 07:45;1.3609
14/04/2025 08:00;1.0740
14/04/2025 08:15;1.0357
14/04/2025 08:30;0.9857
14/04/2025 08:45;0.9893
14/04/2025 09:00;0.7579
14/04/2025 09:15;0.7528
14/04/2025 09:30;0.7940
14/04/2025 09:45;0.7438
14/04/2025 10:00;0.7414
14/04/2025 10:15;0.7073
14/04/2025 10:30;0.7077
14/04/2025 10:45;0.7326
14/04/2025 11:00;0.7359
14/04/2025 11:15;0.7169
14/04/2025 11:30;0.7532
14/04/2025 11:45;0.7288
14/04/2025 12:00;0.7623
14/04/2025 12:15;0.7644
14/04/2025 12:30;0.7746
14/04/2025 12:45;0.7732
14/04/2025 13:00;0.7471
14/04/2025 13:15;0.7467
14/04/2025 13:30;0.7657
14/04/2025 13:45;0.7150
14/04/2025 14:00;0.7012
14/04/2025 14:15;0.7321
14/04/2025 14:30;0.7393
14/04/2025 14:45;0.7068
14/04/2025 15:00;0.7551
14/04/2025 15:15;0.7268
14/04/2025 15:30;0.7625
14/04/2025 15:45;0.7594
14/04/2025 16:00;0.8205
14/04/2025 16:15;0.8326
14/04/2025 16:30;0.8718
14/04/2025 16:45;0.7991
14/04/2025 17:00;1.1444
14/04/2025 17:15;1.1308
14/04/2025 17:30;1.1869
14/04/2025 17:45;1.1549
14/04/2025 18:00;1.4886
14/04/2025 18:15;1.4785
14/04/2025 18:30;1.5143
14/04/2025 18:45;1.5196
14/04/2025 19:00;1.5216
14/04/2025 19:15;1.4265
14/04/2025 19:30;1.7031
14/04/2025 19:45;1.5751
14/04/2025 20:00;1.4653
14/04/2025 20:15;1.3803
14/04/2025 20:30;1.3459
14/04/2025 20:45;1.4041
14/04/2025 21:00;1.1364
14/04/2025 21:15;1.1509
14/04/2025 21:30;1.0616
14/04/2025 21:45;1.1121
14/04/2025 22:00;0.8185
14/04/2025 22:15;0.7769
14/04/2025 22:30;0.8189
14/04/2025 22:45;0.7965
14/04/2025 23:00;0.5335
14/04/2025 23:15;0.5532
14/04/2025 23:30;0.5229
14/04/2025 23:45;0.5221
15/04/2025 00:00;0.4244
15/04/2025 00:15;0.4321
15/04/2025 00:30;0.4256
15/04/2025 00:45;0.4296
15/04/2025 01:00;0.3821
15/04/2025 01:15;0.3906
15/04/2025 01:30;0.3683
15/04/2025 01:45;0.3887
15/04/2025 02:00;0.3568
15/04/2025 02:15;0.3652
15/04/2025 02:30;0.3609
15/04/2025 02:45;0.3606
15/04/2025 03:00;0.3682
15/04/2025 03:15;0.3678
15/04/2025 03:30;0.3745
15/04/2025 03:45;0.3800
15/04/2025 04:00;0.4260
15/04/2025 04:15;0.4050
15/04/2025 04:30;0.4144
15/04/2025 04:45;0.4117
15/04/2025 05:00;0.5870
15/04/2025 05:15;0.5998
15/04/2025 05:30;0.5947
15/04/2025 05:45;0.6229
15/04/2025 06:00;1.0820
15/04/2025 06:15;1.0464
15/04/2025 06:30;1.0996
15/04/2025 06:45;1.0722
15/04/2025 07:00;1.2478
15/04/2025 07:15;1.3642
15/04/2025 07:30;1.2699
15/04/2025 07:45;1.3603
15/04/2025 08:00;0.9925
15/04/2025 08:15;0.9601
15/04/2025 08:30;0.9287
15/04/2025 08:45;0.9727
15/04/2025 09:00;0.7293
15/04/2025 09:15;0.7150
15/04/2025 09:30;0.6920
15/04/2025 09:45;0.6816
15/04/2025 10:00;0.6827
15/04/2025 10:15;0.7082
15/04/2025 10:30;0.6641
15/04/2025 10:45;0.6512
15/04/2025 11:00;0.6961
15/04/2025 11:15;0.7052
15/04/2025 11:30;0.7137
15/04/2025 11:45;0.7018
15/04/2025 12:00;0.7816
15/04/2025 12:15;0.6931
15/04/2025 12:30;0.7082
15/04/2025 12:45;0.7146
15/04/2025 13:00;0.7268
15/04/2025 13:15;0.7201
15/04/2025 13:30;0.6949
15/04/2025 13:45;0.6795
15/04/2025 14:00;0.6515
15/04/2025 14:15;0.6516
15/04/2025 14:30;0.6533
15/04/2025 14:45;0.7049
15/04/2025 15:00;0.7423
15/04/2025 15:15;0.7266
15/04/2025 15:30;0.6996
15/04/2025 15:45;0.6972
15/04/2025 16:00;0.8212
15/04/2025 16:15;0.8236
15/04/2025 16:30;0.8576
15/04/2025 16:45;0.8420
15/04/2025 17:00;1.0966
15/04/2025 17:15;1.0384
15/04/2025 17:30;1.0518
15/04/2025 17:45;1.0822
15/04/2025 18:00;1.3225
15/04/2025 18:15;1.3113
15/04/2025 18:30;1.3937
15/04/2025 18:45;1.3168
15/04/2025 19:00;1.4342
15/04/2025 19:15;1.4948
15/04/2025 19:30;1.4088
15/04/2025 19:45;1.4460
15/04/2025 20:00;1.3127
15/04/2025 20:15;1.3654
15/04/2025 20:30;1.3390
15/04/2025 20:45;1.3504
15/04/2025 21:00;1.1035
15/04/2025 21:15;1.1161
15/04/2025 21:30;1.0922
15/04/2025 21:45;1.0709
15/04/2025 22:00;0.7733
15/04/2025 22:15;0.7279
15/04/2025 22:30;0.7343
15/04/2025 22:45;0.7513
15/04/2025 23:00;0.4970
15/04/2025 23:15;0.5047
15/04/2025 23:30;0.5232
15/04/2025 23:45;0.5044
16/04/2025 00:00;0.4256
16/04/2025 00:15;0.4234
16/04/2025 00:30;0.4250
16/04/2025 00:45;0.4307
16/04/2025 01:00;0.3925
16/04/2025 01:15;0.3855
16/04/2025 01:30;0.3840
16/04/2025 01:45;0.3998
16/04/2025 02:00;0.3765
16/04/2025 02:15;0.3826
16/04/2025 02:30;0.3856
16/04/2025 02:45;0.3771
16/04/2025 03:00;0.4042
16/04/2025 03:15;0.3903
16/04/2025 03:30;0.3785
16/04/2025 03:45;0.3848
16/04/2025 04:00;0.4274
16/04/2025 04:15;0.4323
16/04/2025 04:30;0.4406
16/04/2025 04:45;0.4351
16/04/2025 05:00;0.6380
16/04/2025 05:15;0.6076
16/04/2025 05:30;0.6647
16/04/2025 05:45;0.6345
16/04/2025 06:00;1.0944
16/04/2025 06:15;1.0560
16/04/2025 06:30;1.1431
16/04/2025 06:45;1.1348
16/04/2025 07:00;1.3685
16/04/2025 07:15;1.3199
16/04/2025 07:30;1.3100
16/04/2025 07:45;1.3322
16/04/2025 08:00;1.0242
16/04/2025 08:15;0.9458
16/04/2025 08:30;1.0152
16/04/2025 08:45;1.0020
16/04/2025 09:00;0.7776
16/04/2025 09:15;0.7381
16/04/2025 09:30;0.7280
16/04/2025 09:45;0.7495
16/04/2025 10:00;0.7083
16/04/2025 10:15;0.7187
16/04/2025 10:30;0.6872
16/04/2025 10:45;0.7083
16/04/2025 11:00;0.7515
16/04/2025 11:15;0.7276
16/04/2025 11:30;0.7004
16/04/2025 11:45;0.6991
16/04/2025 12:00;0.7373
16/04/2025 12:15;0.7636
16/04/2025 12:30;0.7780
16/04/2025 12:45;0.7716
16/04/2025 13:00;0.7294
16/04/2025 13:15;0.7192
16/04/2025 13:30;0.7095
16/04/2025 13:45;0.7301
16/04/2025 14:00;0.6803
16/04/2025 14:15;0.7023
16/04/2025 14:30;0.6798
16/04/2025 14:45;0.7359
16/04/2025 15:00;0.7192
16/04/2025 15:15;0.7468
16/04/2025 15:30;0.7482
16/04/2025 15:45;0.7389
16/04/2025 16:00;0.7859
16/04/2025 16:15;0.8442
16/04/2025 16:30;0.8327
16/04/2025 16:45;0.8404
16/04/2025 17:00;1.0712
16/04/2025 17:15;1.1067
16/04/2025 17:30;1.1527
16/04/2025 17:45;1.1893
16/04/2025 18:00;1.3569
16/04/2025 18:15;1.4657
16/04/2025 18:30;1.5049
16/04/2025 18:45;1.4149
16/04/2025 19:00;1.5282
16/04/2025 19:15;1.4990
16/04/2025 19:30;1.5119
16/04/2025 19:45;1.4391
16/04/2025 20:00;1.3881
16/04/2025 20:15;1.3021
16/04/2025 20:30;1.2830
16/04/2025 20:45;1.2395
16/04/2025 21:00;1.0972
16/04/2025 21:15;1.0930
16/04/2025 21:30;1.1336
16/04/2025 21:45;1.1574
16/04/2025 22:00;0.7702
16/04/2025 22:15;0.7793
16/04/2025 22:30;0.8311
16/04/2025 22:45;0.7955
16/04/2025 23:00;0.5203
16/04/2025 23:15;0.5223
16/04/2025 23:30;0.4990
16/04/2025 23:45;0.5280
17/04/2025 00:00;0.4488
17/04/2025 00:15;0.4504
17/04/2025 00:30;0.4289
17/04/2025 00:45;0.4465
17/04/2025 01:00;0.3948
17/04/2025 01:15;0.3887
17/04/2025 01:30;0.3838
17/04/2025 01:45;0.3832
17/04/2025 02:00;0.3663
17/04/2025 02:15;0.3857
17/04/2025 02:30;0.3680
17/04/2025 02:45;0.3780
17/04/2025 03:00;0.3861
17/04/2025 03:15;0.3664
17/04/2025 03:30;0.3810
17/04/2025 03:45;0.3853
17/04/2025 04:00;0.4270
17/04/2025 04:15;0.4233
17/04/2025 04:30;0.4325
17/04/2025 04:45;0.4238
17/04/2025 05:00;0.6412
17/04/2025 05:15;0.6537
17/04/2025 05:30;0.6223
17/04/2025 05:45;0.6417
17/04/2025 06:00;1.0889
17/04/2025 06:15;1.0889
17/04/2025 06:30;1.0462
17/04/2025 06:45;1.0937
17/04/2025 07:00;1.3527
17/04/2025 07:15;1.3611
17/04/2025 07:30;1.3581
17/04/2025 07:45;1.3160
17/04/2025 08:00;0.9430
17/04/2025 08:15;0.9914
17/04/2025 08:30;0.9804
17/04/2025 08:45;1.0072
17/04/2025 09:00;0.7481
17/04/2025 09:15;0.7697
17/04/2025 09:30;0.7575
17/04/2025 09:45;0.7622
17/04/2025 10:00;0.6570
17/04/2025 10:15;0.6708
17/04/2025 10:30;0.6841
17/04/2025 10:45;0.6714
17/04/2025 11:00;0.7028
17/04/2025 11:15;0.7471
17/04/2025 11:30;0.7327
17/04/2025 11:45;0.7110
17/04/2025 12:00;0.7555
17/04/2025 12:15;0.7957
17/04/2025 12:30;0.7743
17/04/2025 12:45;0.7755
17/04/2025 13:00;0.7098
17/04/2025 13:15;0.7266
17/04/2025 13:30;0.6962
17/04/2025 13:45;0.7476
17/04/2025 14:00;0.6843
17/04/2025 14:15;0.6741
17/04/2025 14:30;0.7172
17/04/2025 14:45;0.7029
17/04/2025 15:00;0.7428
17/04/2025 15:15;0.7826
17/04/2025 15:30;0.6971
17/04/2025 15:45;0.7389
17/04/2025 16:00;0.8259
17/04/2025 16:15;0.8258
17/04/2025 16:30;0.8791
17/04/2025 16:45;0.8597
17/04/2025 17:00;1.1101
17/04/2025 17:15;1.1225
17/04/2025 17:30;1.0847
17/04/2025 17:45;1.1788
17/04/2025 18:00;1.4448
17/04/2025 18:15;1.3651
17/04/2025 18:30;1.4282
17/04/2025 18:45;1.3668
17/04/2025 19:00;1.5006
17/04/2025 19:15;1.4569
17/04/2025 19:30;1.4251
17/04/2025 19:45;1.4856
17/04/2025 20:00;1.3882
17/04/2025 20:15;1.3560
17/04/2025 20:30;1.4126
17/04/2025 20:45;1.2436
17/04/2025 21:00;1.0447
17/04/2025 21:15;1.1117
17/04/2025 21:30;1.1252
17/04/2025 21:45;1.1073
17/04/2025 22:00;0.7572
17/04/2025 22:15;0.7907
17/04/2025 22:30;0.7646
17/04/2025 22:45;0.7895
17/04/2025 23:00;0.5330
17/04/2025 23:15;0.5356
17/04/2025 23:30;0.5071
17/04/2025 23:45;0.5299
18/04/2025 00:00;0.4456
18/04/2025 00:15;0.4275
18/04/2025 00:30;0.4314
18/04/2025 00:45;0.4445
18/04/2025 01:00;0.3821
18/04/2025 01:15;0.3706
18/04/2025 01:30;0.3862
18/04/2025 01:45;0.3636
18/04/2025 02:00;0.3565
18/04/2025 02:15;0.3582
18/04/2025 02:30;0.3641
18/04/2025 02:45;0.3681
18/04/2025 03:00;0.3577
18/04/2025 03:15;0.3801
18/04/2025 03:30;0.3675
18/04/2025 03:45;0.3734
18/04/2025 04:00;0.4158
18/04/2025 04:15;0.4079
18/04/2025 04:30;0.4030
18/04/2025 04:45;0.4142
18/04/2025 05:00;0.6504
18/04/2025 05:15;0.5950
18/04/2025 05:30;0.6034
18/04/2025 05:45;0.6036
18/04/2025 06:00;1.0232
18/04/2025 06:15;1.0924
18/04/2025 06:30;1.0803
18/04/2025 06:45;1.1467
18/04/2025 07:00;1.3062
18/04/2025 07:15;1.3007
18/04/2025 07:30;1.3023
18/04/2025 07:45;1.2855
18/04/2025 08:00;0.9305
18/04/2025 08:15;1.0174
18/04/2025 08:30;1.0079
18/04/2025 08:45;1.0317
18/04/2025 09:00;0.7095
18/04/2025 09:15;0.7423
18/04/2025 09:30;0.6933
18/04/2025 09:45;0.7368
18/04/2025 10:00;0.6666
18/04/2025 10:15;0.6990
18/04/2025 10:30;0.6960
18/04/2025 10:45;0.6798
18/04/2025 11:00;0.6962
18/04/2025 11:15;0.6788
18/04/2025 11:30;0.7307
18/04/2025 11:45;0.7176
18/04/2025 12:00;0.7376
18/04/2025 12:15;0.7236
18/04/2025 12:30;0.7522
18/04/2025 12:45;0.7444
18/04/2025 13:00;0.6868
18/04/2025 13:15;0.7378
18/04/2025 13:30;0.7441
18/04/2025 13:45;0.7197
18/04/2025 14:00;0.6770
18/04/2025 14:15;0.6694
18/04/2025 14:30;0.7342
18/04/2025 14:45;0.6957
18/04/2025 15:00;0.7068
18/04/2025 15:15;0.7197
18/04/2025 15:30;0.7484
18/04/2025 15:45;0.7142
18/04/2025 16:00;0.8359
18/04/2025 16:15;0.8621
18/04/2025 16:30;0.8457
18/04/2025 16:45;0.8189
18/04/2025 17:00;1.1021
18/04/2025 17:15;1.1209
18/04/2025 17:30;1.0531
18/04/2025 17:45;1.1408
18/04/2025 18:00;1.4076
18/04/2025 18:15;1.3489
18/04/2025 18:30;1.4246
18/04/2025 18:45;1.5132
18/04/2025 19:00;1.3713
18/04/2025 19:15;1.3346
18/04/2025 19:30;1.5294
18/04/2025 19:45;1.4512
18/04/2025 20:00;1.4079
18/04/2025 20:15;1.3637
18/04/2025 20:30;1.4117
18/04/2025 20:45;1.4314
18/04/2025 21:00;1.1232
18/04/2025 21:15;1.0641
18/04/2025 21:30;1.1434
18/04/2025 21:45;1.0474
18/04/2025 22:00;0.7688
18/04/2025 22:15;0.7424
18/04/2025 22:30;0.7662
18/04/2025 22:45;0.7731
18/04/2025 23:00;0.5394
18/04/2025 23:15;0.5075
18/04/2025 23:30;0.4979
18/04/2025 23:45;0.4909
19/04/2025 00:00;0.4723
19/04/2025 00:15;0.4812
19/04/2025 00:30;0.4671
19/04/2025 00:45;0.4730
19/04/2025 01:00;0.4101
19/04/2025 01:15;0.4143
19/04/2025 01:30;0.4196
19/04/2025 01:45;0.4166
19/04/2025 02:00;0.4102
19/04/2025 02:15;0.4124
19/04/2025 02:30;0.4073
19/04/2025 02:45;0.4018
19/04/2025 03:00;0.4171
19/04/2025 03:15;0.4044
19/04/2025 03:30;0.4217
19/04/2025 03:45;0.4184
19/04/2025 04:00;0.4560
19/04/2025 04:15;0.4604
19/04/2025 04:30;0.4724
19/04/2025 04:45;0.4724
19/04/2025 05:00;0.6979
19/04/2025 05:15;0.6616
19/04/2025 05:30;0.6806
19/04/2025 05:45;0.6884
19/04/2025 06:00;1.1560
19/04/2025 06:15;1.1048
19/04/2025 06:30;1.1661
19/04/2025 06:45;1.1111
19/04/2025 07:00;1.3320
19/04/2025 07:15;1.4385
19/04/2025 07:30;1.4240
19/04/2025 07:45;1.4688
19/04/2025 08:00;1.1062
19/04/2025 08:15;1.0325
19/04/2025 08:30;1.0581
19/04/2025 08:45;1.0024
19/04/2025 09:00;0.7948
19/04/2025 09:15;0.7756
19/04/2025 09:30;0.7762
19/04/2025 09:45;0.7998
19/04/2025 10:00;0.7422
19/04/2025 10:15;0.7267
19/04/2025 10:30;0.7517
19/04/2025 10:45;0.7457
19/04/2025 11:00;0.7711
19/04/2025 11:15;0.7781
19/04/2025 11:30;0.7492
19/04/2025 11:45;0.7504
19/04/2025 12:00;0.7779
19/04/2025 12:15;0.8112
19/04/2025 12:30;0.7686
19/04/2025 12:45;0.8249
19/04/2025 13:00;0.7846
19/04/2025 13:15;0.7568
19/04/2025 13:30;0.7444
19/04/2025 13:45;0.7829
19/04/2025 14:00;0.7209
19/04/2025 14:15;0.7378
19/04/2025 14:30;0.7174
19/04/2025 14:45;0.7201
19/04/2025 15:00;0.7806
19/04/2025 15:15;0.7990
19/04/2025 15:30;0.8256
19/04/2025 15:45;0.7554
19/04/2025 16:00;0.9327
19/04/2025 16:15;0.8885
19/04/2025 16:30;0.8551
19/04/2025 16:45;0.8615
19/04/2025 17:00;1.1633
19/04/2025 17:15;1.1782
19/04/2025 17:30;1.1721
19/04/2025 17:45;1.0857
19/04/2025 18:00;1.5493
19/04/2025 18:15;1.5097
19/04/2025 18:30;1.5552
19/04/2025 18:45;1.4242
19/04/2025 19:00;1.5123
19/04/2025 19:15;1.5755
19/04/2025 19:30;1.5220
19/04/2025 19:45;1.6565
19/04/2025 20:00;1.4473
19/04/2025 20:15;1.4239
19/04/2025 20:30;1.3866
19/04/2025 20:45;1.4747
19/04/2025 21:00;1.1737
19/04/2025 21:15;1.1881
19/04/2025 21:30;1.1612
19/04/2025 21:45;1.1441
19/04/2025 22:00;0.8261
19/04/2025 22:15;0.8351
19/04/2025 22:30;0.8285
19/04/2025 22:45;0.8072
19/04/2025 23:00;0.5587
19/04/2025 23:15;0.5652
19/04/2025 23:30;0.5721
19/04/2025 23:45;0.5557
20/04/2025 00:00;0.4144
20/04/2025 00:15;0.4238
20/04/2025 00:30;0.4320
20/04/2025 00:45;0.4209
20/04/2025 01:00;0.3732
20/04/2025 01:15;0.3766
20/04/2025 01:30;0.3833
20/04/2025 01:45;0.3726
20/04/2025 02:00;0.3809
20/04/2025 02:15;0.3703
20/04/2025 02:30;0.3758
20/04/2025 02:45;0.3701
20/04/2025 03:00;0.3826
20/04/2025 03:15;0.3922
20/04/2025 03:30;0.3855
20/04/2025 03:45;0.3770
20/04/2025 04:00;0.4048
20/04/2025 04:15;0.4086
20/04/2025 04:30;0.4286
20/04/2025 04:45;0.4178
20/04/2025 05:00;0.5912
20/04/2025 05:15;0.6147
20/04/2025 05:30;0.5998
20/04/2025 05:45;0.5853
20/04/2025 06:00;1.0087
20/04/2025 06:15;1.0197
20/04/2025 06:30;0.9647
20/04/2025 06:45;1.0522
20/04/2025 07:00;1.1967
20/04/2025 07:15;1.2023
20/04/2025 07:30;1.2899
20/04/2025 07:45;1.2872
20/04/2025 08:00;0.8960
20/04/2025 08:15;0.9218
20/04/2025 08:30;0.9056
20/04/2025 08:45;0.9631
20/04/2025 09:00;0.6925
20/04/2025 09:15;0.7251
20/04/2025 09:30;0.6899
20/04/2025 09:45;0.6755
20/04/2025 10:00;0.6787
20/04/2025 10:15;0.7006
20/04/2025 10:30;0.6485
20/04/2025 10:45;0.6572
20/04/2025 11:00;0.6806
20/04/2025 11:15;0.7019
20/04/2025 11:30;0.6953
20/04/2025 11:45;0.6456
20/04/2025 12:00;0.6936
20/04/2025 12:15;0.7089
20/04/2025 12:30;0.6961
20/04/2025 12:45;0.6786
20/04/2025 13:00;0.7098
20/04/2025 13:15;0.6922
20/04/2025 13:30;0.6521
20/04/2025 13:45;0.6839
20/04/2025 14:00;0.6627
20/04/2025 14:15;0.6575
20/04/2025 14:30;0.6895
20/04/2025 14:45;0.6338
20/04/2025 15:00;0.7082
20/04/2025 15:15;0.7023
20/04/2025 15:30;0.6886
20/04/2025 15:45;0.7219
20/04/2025 16:00;0.8037
20/04/2025 16:15;0.8198
20/04/2025 16:30;0.7836
20/04/2025 16:45;0.7892
20/04/2025 17:00;1.0618
20/04/2025 17:15;1.0983
20/04/2025 17:30;1.0134
20/04/2025 17:45;1.0448
20/04/2025 18:00;1.3305
20/04/2025 18:15;1.2726
20/04/2025 18:30;1.3804
20/04/2025 18:45;1.3427
20/04/2025 19:00;1.3857
20/04/2025 19:15;1.2877
20/04/2025 19:30;1.3556
20/04/2025 19:45;1.4154
20/04/2025 20:00;1.2449
20/04/2025 20:15;1.2445
20/04/2025 20:30;1.2673
20/04/2025 20:45;1.2802
20/04/2025 21:00;1.0418
20/04/2025 21:15;1.0026
20/04/2025 21:30;1.0305
20/04/2025 21:45;1.0221
20/04/2025 22:00;0.7225
20/04/2025 22:15;0.7140
20/04/2025 22:30;0.7457
20/04/2025 22:45;0.7477
20/04/2025 23:00;0.5012
20/04/2025 23:15;0.4964
20/04/2025 23:30;0.4836
20/04/2025 23:45;0.5123
21/04/2025 00:00;0.4242
21/04/2025 00:15;0.4292
21/04/2025 00:30;0.4321
21/04/2025 00:45;0.4390
21/04/2025 01:00;0.3904
21/04/2025 01:15;0.4011
21/04/2025 01:30;0.3844
21/04/2025 01:45;0.3876
21/04/2025 02:00;0.3744
21/04/2025 02:15;0.3652
21/04/2025 02:30;0.3822
21/04/2025 02:45;0.3652
21/04/2025 03:00;0.4004
21/04/2025 03:15;0.3808
21/04/2025 03:30;0.3744
21/04/2025 03:45;0.3732
21/04/2025 04:00;0.4190
21/04/2025 04:15;0.4275
21/04/2025 04:30;0.4293
21/04/2025 04:45;0.4170
21/04/2025 05:00;0.6454
21/04/2025 05:15;0.6351
21/04/2025 05:30;0.6232
21/04/2025 05:45;0.6212
21/04/2025 06:00;1.0085
21/04/2025 06:15;1.1232
21/04/2025 06:30;1.0933
21/04/2025 06:45;1.1012
21/04/2025 07:00;1.3238
21/04/2025 07:15;1.3238
21/04/2025 07:30;1.3601
21/04/2025 07:45;1.2639
21/04/2025 08:00;0.9975
21/04/2025 08:15;0.9508
21/04/2025 08:30;0.9676
21/04/2025 08:45;0.9538
21/04/2025 09:00;0.7618
21/04/2025 09:15;0.7714
21/04/2025 09:30;0.7580
21/04/2025 09:45;0.7287
21/04/2025 10:00;0.6524
21/04/2025 10:15;0.6721
21/04/2025 10:30;0.6952
21/04/2025 10:45;0.6942
21/04/2025 11:00;0.7292
21/04/2025 11:15;0.7430
21/04/2025 11:30;0.7218
21/04/2025 11:45;0.7234
21/04/2025 12:00;0.8214
21/04/2025 12:15;0.7168
21/04/2025 12:30;0.7695
21/04/2025 12:45;0.7427
21/04/2025 13:00;0.7304
21/04/2025 13:15;0.7125
21/04/2025 13:30;0.7096
21/04/2025 13:45;0.7257
21/04/2025 14:00;0.6954
21/04/2025 14:15;0.7015
21/04/2025 14:30;0.7007
21/04/2025 14:45;0.6924
21/04/2025 15:00;0.7283
21/04/2025 15:15;0.7227
21/04/2025 15:30;0.7340
21/04/2025 15:45;0.7428
21/04/2025 16:00;0.8713
21/04/2025 16:15;0.8102
21/04/2025 16:30;0.8374
21/04/2025 16:45;0.8022
21/04/2025 17:00;1.0914
21/04/2025 17:15;1.1228
21/04/2025 17:30;1.1694
21/04/2025 17:45;1.1301
21/04/2025 18:00;1.3990
21/04/2025 18:15;1.4616
21/04/2025 18:30;1.3151
21/04/2025 18:45;1.4231
21/04/2025 19:00;1.4586
21/04/2025 19:15;1.4633
21/04/2025 19:30;1.5603
21/04/2025 19:45;1.4914
21/04/2025 20:00;1.2966
21/04/2025 20:15;1.3337
21/04/2025 20:30;1.3041
21/04/2025 20:45;1.2541
21/04/2025 21:00;1.1058
21/04/2025 21:15;1.0445
21/04/2025 21:30;1.0520
21/04/2025 21:45;1.0991
21/04/2025 22:00;0.7831
21/04/2025 22:15;0.7928
21/04/2025 22:30;0.7603
21/04/2025 22:45;0.7657
21/04/2025 23:00;0.5179
21/04/2025 23:15;0.5403
21/04/2025 23:30;0.5264
21/04/2025 23:45;0.5080
22/04/2025 00:00;0.4480
22/04/2025 00:15;0.4713
22/04/2025 00:30;0.4711
22/04/2025 00:45;0.4615
22/04/2025 01:00;0.4022
22/04/2025 01:15;0.4144
22/04/2025 01:30;0.4099
22/04/2025 01:45;0.4102
22/04/2025 02:00;0.3924
22/04/2025 02:15;0.4046
22/04/2025 02:30;0.4032
22/04/2025 02:45;0.3984
22/04/2025 03:00;0.4030
22/04/2025 03:15;0.4017
22/04/2025 03:30;0.4185
22/04/2025 03:45;0.4134
22/04/2025 04:00;0.4375
22/04/2025 04:15;0.4661
22/04/2025 04:30;0.4580
22/04/2025 04:45;0.4569
22/04/2025 05:00;0.6848
22/04/2025 05:15;0.6952
22/04/2025 05:30;0.6818
22/04/2025 05:45;0.6568
22/04/2025 06:00;1.1339
22/04/2025 06:15;1.2703
22/04/2025 06:30;1.2386
22/04/2025 06:45;1.2748
22/04/2025 07:00;1.4490
22/04/2025 07:15;1.4888
22/04/2025 07:30;1.5046
22/04/2025 07:45;1.4682
22/04/2025 08:00;1.0559
22/04/2025 08:15;1.0690
22/04/2025 08:30;1.0854
22/04/2025 08:45;1.0593
22/04/2025 09:00;0.8167
22/04/2025 09:15;0.8367
22/04/2025 09:30;0.8424
22/04/2025 09:45;0.8159
22/04/2025 10:00;0.7392
22/04/2025 10:15;0.7948
22/04/2025 10:30;0.7510
22/04/2025 10:45;0.7764
22/04/2025 11:00;0.8038
22/04/2025 11:15;0.8226
22/04/2025 11:30;0.8060
22/04/2025 11:45;0.7822
22/04/2025 12:00;0.8610
22/04/2025 12:15;0.8464
22/04/2025 12:30;0.8493
22/04/2025 12:45;0.8617
22/04/2025 13:00;0.8061
22/04/2025 13:15;0.8401
22/04/2025 13:30;0.7926
22/04/2025 13:45;0.8337
22/04/2025 14:00;0.7467
22/04/2025 14:15;0.7486
22/04/2025 14:30;0.7267
22/04/2025 14:45;0.8093
22/04/2025 15:00;0.8115
22/04/2025 15:15;0.7872
22/04/2025 15:30;0.8434
22/04/2025 15:45;0.8406
22/04/2025 16:00;0.9227
22/04/2025 16:15;0.9199
22/04/2025 16:30;0.9475
22/04/2025 16:45;0.9109
22/04/2025 17:00;1.3605
22/04/2025 17:15;1.2384
22/04/2025 17:30;1.2501
22/04/2025 17:45;1.3074
22/04/2025 18:00;1.6131
22/04/2025 18:15;1.5945
22/04/2025 18:30;1.5776
22/04/2025 18:45;1.7151
22/04/2025 19:00;1.6796
22/04/2025 19:15;1.7652
22/04/2025 19:30;1.6562
22/04/2025 19:45;1.7255
22/04/2025 20:00;1.5021
22/04/2025 20:15;1.4532
22/04/2025 20:30;1.5547
22/04/2025 20:45;1.4788
22/04/2025 21:00;1.1743
22/04/2025 21:15;1.2576
22/04/2025 21:30;1.2134
22/04/2025 21:45;1.1362
22/04/2025 22:00;0.8273
22/04/2025 22:15;0.8748
22/04/2025 22:30;0.8329
22/04/2025 22:45;0.8608
22/04/2025 23:00;0.5852
22/04/2025 23:15;0.5637
22/04/2025 23:30;0.5719
22/04/2025 23:45;0.5669
23/04/2025 00:00;0.4538
23/04/2025 00:15;0.4465
23/04/2025 00:30;0.4261
23/04/2025 00:45;0.4231
23/04/2025 01:00;0.3929
23/04/2025 01:15;0.3768
23/04/2025 01:30;0.3934
23/04/2025 01:45;0.3824
23/04/2025 02:00;0.3755
23/04/2025 02:15;0.3715
23/04/2025 02:30;0.3830
23/04/2025 02:45;0.3733
23/04/2025 03:00;0.3777
23/04/2025 03:15;0.3933
23/04/2025 03:30;0.3953
23/04/2025 03:45;0.3870
23/04/2025 04:00;0.4277
23/04/2025 04:15;0.4154
23/04/2025 04:30;0.4358
23/04/2025 04:45;0.4259
23/04/2025 05:00;0.6155
23/04/2025 05:15;0.6395
23/04/2025 05:30;0.6638
23/04/2025 05:45;0.6547
23/04/2025 06:00;1.2184
23/04/2025 06:15;1.1988
23/04/2025 06:30;1.1130
23/04/2025 06:45;1.1084
23/04/2025 07:00;1.4258
23/04/2025 07:15;1.3470
23/04/2025 07:30;1.4029
23/04/2025 07:45;1.3901
23/04/2025 08:00;0.9783
23/04/2025 08:15;0.9839
23/04/2025 08:30;0.9983
23/04/2025 08:45;1.0227
23/04/2025 09:00;0.7579
23/04/2025 09:15;0.8158
23/04/2025 09:30;0.7259
23/04/2025 09:45;0.7513
23/04/2025 10:00;0.7423
23/04/2025 10:15;0.7479
23/04/2025 10:30;0.7159
23/04/2025 10:45;0.7053
23/04/2025 11:00;0.7587
23/04/2025 11:15;0.7402
23/04/2025 11:30;0.7556
23/04/2025 11:45;0.7194
23/04/2025 12:00;0.7420
23/04/2025 12:15;0.7906
23/04/2025 12:30;0.7696
23/04/2025 12:45;0.8073
23/04/2025 13:00;0.7693
23/04/2025 13:15;0.7324
23/04/2025 13:30;0.7482
23/04/2025 13:45;0.7518
23/04/2025 14:00;0.7146
23/04/2025 14:15;0.7206
23/04/2025 14:30;0.7166
23/04/2025 14:45;0.7216
23/04/2025 15:00;0.7750
23/04/2025 15:15;0.7428
23/04/2025 15:30;0.7787
23/04/2025 15:45;0.7661
23/04/2025 16:00;0.8910
23/04/2025 16:15;0.9223
23/04/2025 16:30;0.8640
23/04/2025 16:45;0.8268
23/04/2025 17:00;1.1183
23/04/2025 17:15;1.1351
23/04/2025 17:30;1.2372
23/04/2025 17:45;1.1543
23/04/2025 18:00;1.4651
23/04/2025 18:15;1.5110
23/04/2025 18:30;1.5439
23/04/2025 18:45;1.4834
23/04/2025 19:00;1.5292
23/04/2025 19:15;1.5530
23/04/2025 19:30;1.6255
23/04/2025 19:45;1.6467
23/04/2025 20:00;1.4456
23/04/2025 20:15;1.4623
23/04/2025 20:30;1.3968
23/04/2025 20:45;1.4084
23/04/2025 21:00;1.1880
23/04/2025 21:15;1.0975
23/04/2025 21:30;1.0956
23/04/2025 21:45;1.1252
23/04/2025 22:00;0.8167
23/04/2025 22:15;0.7926
23/04/2025 22:30;0.8098
23/04/2025 22:45;0.7606
23/04/2025 23:00;0.5419
23/04/2025 23:15;0.5152
23/04/2025 23:30;0.5536
23/04/2025 23:45;0.5425
24/04/2025 00:00;0.4398
24/04/2025 00:15;0.4358
24/04/2025 00:30;0.4398
24/04/2025 00:45;0.4407
24/04/2025 01:00;0.3987
24/04/2025 01:15;0.3972
24/04/2025 01:30;0.4026
24/04/2025 01:45;0.4094
24/04/2025 02:00;0.3975
24/04/2025 02:15;0.3975
24/04/2025 02:30;0.4006
24/04/2025 02:45;0.3996
24/04/2025 03:00;0.4091
24/04/2025 03:15;0.4068
24/04/2025 03:30;0.4062
24/04/2025 03:45;0.4109
24/04/2025 04:00;0.4462
24/04/2025 04:15;0.4464
24/04/2025 04:30;0.4421
24/04/2025 04:45;0.4405
24/04/2025 05:00;0.6707
24/04/2025 05:15;0.6629
24/04/2025 05:30;0.6652
24/04/2025 05:45;0.6822
24/04/2025 06:00;1.1412
24/04/2025 06:15;1.2171
24/04/2025 06:30;1.1664
24/04/2025 06:45;1.2512
24/04/2025 07:00;1.5120
24/04/2025 07:15;1.5128
24/04/2025 07:30;1.4859
24/04/2025 07:45;1.4883
24/04/2025 08:00;1.0867
24/04/2025 08:15;1.0592
24/04/2025 08:30;1.0386
24/04/2025 08:45;1.0974
24/04/2025 09:00;0.7712
24/04/2025 09:15;0.7845
24/04/2025 09:30;0.7560
24/04/2025 09:45;0.7573
24/04/2025 10:00;0.7608
24/04/2025 10:15;0.7502
24/04/2025 10:30;0.7139
24/04/2025 10:45;0.7350
24/04/2025 11:00;0.7879
24/04/2025 11:15;0.7754
24/04/2025 11:30;0.7968
24/04/2025 11:45;0.7570
24/04/2025 12:00;0.7731
24/04/2025 12:15;0.8066
24/04/2025 12:30;0.7610
24/04/2025 12:45;0.8122
24/04/2025 13:00;0.7904
24/04/2025 13:15;0.7641
24/04/2025 13:30;0.7775
24/04/2025 13:45;0.7838
24/04/2025 14:00;0.7223
24/04/2025 14:15;0.7459
24/04/2025 14:30;0.7423
24/04/2025 14:45;0.7659
24/04/2025 15:00;0.8039
24/04/2025 15:15;0.7592
24/04/2025 15:30;0.7484
24/04/2025 15:45;0.8414
24/04/2025 16:00;0.8554
24/04/2025 16:15;0.8815
24/04/2025 16:30;0.9489
24/04/2025 16:45;0.9110
24/04/2025 17:00;1.2057
24/04/2025 17:15;1.2387
24/04/2025 17:30;1.1428
24/04/2025 17:45;1.2428
24/04/2025 18:00;1.5016
24/04/2025 18:15;1.5696
24/04/2025 18:30;1.5250
24/04/2025 18:45;1.5948
24/04/2025 19:00;1.5986
24/04/2025 19:15;1.7197
24/04/2025 19:30;1.7327
24/04/2025 19:45;1.6262
24/04/2025 20:00;1.4209
24/04/2025 20:15;1.5216
24/04/2025 20:30;1.3445
24/04/2025 20:45;1.5092
24/04/2025 21:00;1.2525
24/04/2025 21:15;1.1809
24/04/2025 21:30;1.1901
24/04/2025 21:45;1.1747
24/04/2025 22:00;0.8145
24/04/2025 22:15;0.8204
24/04/2025 22:30;0.7875
24/04/2025 22:45;0.8650
24/04/2025 23:00;0.5502
24/04/2025 23:15;0.5437
24/04/2025 23:30;0.5685
24/04/2025 23:45;0.5484
25/04/2025 00:00;0.4442
25/04/2025 00:15;0.4463
25/04/2025 00:30;0.4405
25/04/2025 00:45;0.4415
25/04/2025 01:00;0.3741
25/04/2025 01:15;0.3826
25/04/2025 01:30;0.3760
25/04/2025 01:45;0.3799
25/04/2025 02:00;0.3719
25/04/2025 02:15;0.3605
25/04/2025 02:30;0.3725
25/04/2025 02:45;0.3686
25/04/2025 03:00;0.3775
25/04/2025 03:15;0.3652
25/04/2025 03:30;0.3828
25/04/2025 03:45;0.3775
25/04/2025 04:00;0.4235
25/04/2025 04:15;0.4186
25/04/2025 04:30;0.4107
25/04/2025 04:45;0.4162
25/04/2025 05:00;0.6318
25/04/2025 05:15;0.6522
25/04/2025 05:30;0.6351
25/04/2025 05:45;0.6616
25/04/2025 06:00;1.0584
25/04/2025 06:15;1.1052
25/04/2025 06:30;1.1415
25/04/2025 06:45;1.1625
25/04/2025 07:00;1.4045
25/04/2025 07:15;1.4038
25/04/2025 07:30;1.4039
25/04/2025 07:45;1.4139
25/04/2025 08:00;1.1132
25/04/2025 08:15;1.0129
25/04/2025 08:30;1.0456
25/04/2025 08:45;1.0944
25/04/2025 09:00;0.7566
25/04/2025 09:15;0.7780
25/04/2025 09:30;0.7707
25/04/2025 09:45;0.7335
25/04/2025 10:00;0.7241
25/04/2025 10:15;0.6758
25/04/2025 10:30;0.7261
25/04/2025 10:45;0.7440
25/04/2025 11:00;0.7429
25/04/2025 11:15;0.7330
25/04/2025 11:30;0.7252
25/04/2025 11:45;0.7553
25/04/2025 12:00;0.7176
25/04/2025 12:15;0.7958
25/04/2025 12:30;0.7860
25/04/2025 12:45;0.7706
25/04/2025 13:00;0.7555
25/04/2025 13:15;0.7820
25/04/2025 13:30;0.7803
25/04/2025 13:45;0.7294
25/04/2025 14:00;0.7202
25/04/2025 14:15;0.7225
25/04/2025 14:30;0.7023
25/04/2025 14:45;0.7302
25/04/2025 15:00;0.7651
25/04/2025 15:15;0.7048
25/04/2025 15:30;0.7540
25/04/2025 15:45;0.7519
25/04/2025 16:00;0.8949
25/04/2025 16:15;0.8826
25/04/2025 16:30;0.8642
25/04/2025 16:45;0.8597
25/04/2025 17:00;1.1125
25/04/2025 17:15;1.1205
25/04/2025 17:30;1.2120
25/04/2025 17:45;1.1475
25/04/2025 18:00;1.5235
25/04/2025 18:15;1.4246
25/04/2025 18:30;1.5498
25/04/2025 18:45;1.5964
25/04/2025 19:00;1.6121
25/04/2025 19:15;1.6068
25/04/2025 19:30;1.6228
25/04/2025 19:45;1.5648
25/04/2025 20:00;1.3313
25/04/2025 20:15;1.3780
25/04/2025 20:30;1.4243
25/04/2025 20:45;1.4059
25/04/2025 21:00;1.1060
25/04/2025 21:15;1.1769
25/04/2025 21:30;1.1169
25/04/2025 21:45;1.1574
25/04/2025 22:00;0.7936
25/04/2025 22:15;0.7705
25/04/2025 22:30;0.8132
25/04/2025 22:45;0.8450
25/04/2025 23:00;0.5090
25/04/2025 23:15;0.5194
25/04/2025 23:30;0.5173
25/04/2025 23:45;0.5202
26/04/2025 00:00;0.5012
26/04/2025 00:15;0.5043
26/04/2025 00:30;0.4966
26/04/2025 00:45;0.5206
26/04/2025 01:00;0.4745
26/04/2025 01:15;0.4648
26/04/2025 01:30;0.4850
26/04/2025 01:45;0.4662
26/04/2025 02:00;0.4647
26/04/2025 02:15;0.4647
26/04/2025 02:30;0.4507
26/04/2025 02:45;0.4680
26/04/2025 03:00;0.4708
26/04/2025 03:15;0.4764
26/04/2025 03:30;0.4752
26/04/2025 03:45;0.4737
26/04/2025 04:00;0.5197
26/04/2025 04:15;0.5360
26/04/2025 04:30;0.5123
26/04/2025 04:45;0.5478
26/04/2025 05:00;0.7522
26/04/2025 05:15;0.7762
26/04/2025 05:30;0.7687
26/04/2025 05:45;0.7816
26/04/2025 06:00;1.3357
26/04/2025 06:15;1.3165
26/04/2025 06:30;1.3171
26/04/2025 06:45;1.4346
26/04/2025 07:00;1.6095
26/04/2025 07:15;1.5663
26/04/2025 07:30;1.5646
26/04/2025 07:45;1.5982
26/04/2025 08:00;1.2202
26/04/2025 08:15;1.2189
26/04/2025 08:30;1.2403
26/04/2025 08:45;1.1735
26/04/2025 09:00;0.9183
26/04/2025 09:15;0.9229
26/04/2025 09:30;0.8952
26/04/2025 09:45;0.9583
26/04/2025 10:00;0.8370
26/04/2025 10:15;0.8839
26/04/2025 10:30;0.8527
26/04/2025 10:45;0.8336
26/04/2025 11:00;0.9262
26/04/2025 11:15;0.8884
26/04/2025 11:30;0.8621
26/04/2025 11:45;0.8466
26/04/2025 12:00;0.8670
26/04/2025 12:15;0.9170
26/04/2025 12:30;0.8894
26/04/2025 12:45;0.9355
26/04/2025 13:00;0.8707
26/04/2025 13:15;0.8680
26/04/2025 13:30;0.8578
26/04/2025 13:45;0.8783
26/04/2025 14:00;0.8784
26/04/2025 14:15;0.8966
26/04/2025 14:30;0.8414
26/04/2025 14:45;0.8077
26/04/2025 15:00;0.9157
26/04/2025 15:15;0.8911
26/04/2025 15:30;0.8653
26/04/2025 15:45;0.8709
26/04/2025 16:00;1.0377
26/04/2025 16:15;1.0324
26/04/2025 16:30;0.9925
26/04/2025 16:45;1.0227
26/04/2025 17:00;1.3082
26/04/2025 17:15;1.3760
26/04/2025 17:30;1.3354
26/04/2025 17:45;1.3794
26/04/2025 18:00;1.6589
26/04/2025 18:15;1.6149
26/04/2025 18:30;1.5820
26/04/2025 18:45;1.7158
26/04/2025 19:00;1.7015
26/04/2025 19:15;1.8329
26/04/2025 19:30;1.8034
26/04/2025 19:45;1.8392
26/04/2025 20:00;1.5833
26/04/2025 20:15;1.6597
26/04/2025 20:30;1.6221
26/04/2025 20:45;1.5519
26/04/2025 21:00;1.2790
26/04/2025 21:15;1.2101
26/04/2025 21:30;1.3146
26/04/2025 21:45;1.3995
26/04/2025 22:00;0.9225
26/04/2025 22:15;0.9647
26/04/2025 22:30;0.9257
26/04/2025 22:45;0.9139
26/04/2025 23:00;0.6214
26/04/2025 23:15;0.6390
26/04/2025 23:30;0.6228
26/04/2025 23:45;0.6448
27/04/2025 00:00;0.4410
27/04/2025 00:15;0.4649
27/04/2025 00:30;0.4528
27/04/2025 00:45;0.4614
27/04/2025 01:00;0.3966
27/04/2025 01:15;0.4048
27/04/2025 01:30;0.3945
27/04/2025 01:45;0.3992
27/04/2025 02:00;0.3822
27/04/2025 02:15;0.3871
27/04/2025 02:30;0.3916
27/04/2025 02:45;0.3874
27/04/2025 03:00;0.4091
27/04/2025 03:15;0.4003
27/04/2025 03:30;0.3943
27/04/2025 03:45;0.3855
27/04/2025 04:00;0.4425
27/04/2025 04:15;0.4507
27/04/2025 04:30;0.4435
27/04/2025 04:45;0.4408
27/04/2025 05:00;0.6372
27/04/2025 05:15;0.6383
27/04/2025 05:30;0.6785
27/04/2025 05:45;0.6502
27/04/2025 06:00;1.1508
27/04/2025 06:15;1.1266
27/04/2025 06:30;1.0827
27/04/2025 06:45;1.1030
27/04/2025 07:00;1.3421
27/04/2025 07:15;1.2723
27/04/2025 07:30;1.3578
27/04/2025 07:45;1.3228
27/04/2025 08:00;1.0761
27/04/2025 08:15;1.0592
27/04/2025 08:30;1.0329
27/04/2025 08:45;0.9601
27/04/2025 09:00;0.7355
27/04/2025 09:15;0.7513
27/04/2025 09:30;0.7418
27/04/2025 09:45;0.7129
27/04/2025 10:00;0.7275
27/04/2025 10:15;0.6785
27/04/2025 10:30;0.7289
27/04/2025 10:45;0.6753
27/04/2025 11:00;0.7601
27/04/2025 11:15;0.7176
27/04/2025 11:30;0.7142
27/04/2025 11:45;0.7966
27/04/2025 12:00;0.7401
27/04/2025 12:15;0.7511
27/04/2025 12:30;0.7699
27/04/2025 12:45;0.7319
27/04/2025 13:00;0.7244
27/04/2025 13:15;0.7056
27/04/2025 13:30;0.7263
27/04/2025 13:45;0.7235
27/04/2025 14:00;0.6985
27/04/2025 14:15;0.6924
27/04/2025 14:30;0.7133
27/04/2025 14:45;0.7166
27/04/2025 15:00;0.7040
27/04/2025 15:15;0.7381
27/04/2025 15:30;0.7616
27/04/2025 15:45;0.7377
27/04/2025 16:00;0.8176
27/04/2025 16:15;0.8180
27/04/2025 16:30;0.8781
27/04/2025 16:45;0.8311
27/04/2025 17:00;1.0860
27/04/2025 17:15;1.1441
27/04/2025 17:30;1.0353
27/04/2025 17:45;1.1474
27/04/2025 18:00;1.4098
27/04/2025 18:15;1.3716
27/04/2025 18:30;1.4196
27/04/2025 18:45;1.3345
27/04/2025 19:00;1.4518
27/04/2025 19:15;1.5712
27/04/2025 19:30;1.4713
27/04/2025 19:45;1.5243
27/04/2025 20:00;1.3072
27/04/2025 20:15;1.2918
27/04/2025 20:30;1.3837
27/04/2025 20:45;1.1576
27/04/2025 21:00;1.1557
27/04/2025 21:15;1.1712
27/04/2025 21:30;1.0746
27/04/2025 21:45;1.1029
27/04/2025 22:00;0.7920
27/04/2025 22:15;0.8100
27/04/2025 22:30;0.7606
27/04/2025 22:45;0.7442
27/04/2025 23:00;0.5306
27/04/2025 23:15;0.5364
27/04/2025 23:30;0.5366
27/04/2025 23:45;0.5218
28/04/2025 00:00;0.4650
28/04/2025 00:15;0.4607
28/04/2025 00:30;0.4624
28/04/2025 00:45;0.4511
28/04/2025 01:00;0.4057
28/04/2025 01:15;0.3974
28/04/2025 01:30;0.4138
28/04/2025 01:45;0.4005
28/04/2025 02:00;0.3867
28/04/2025 02:15;0.3965
28/04/2025 02:30;0.3803
28/04/2025 02:45;0.3938
28/04/2025 03:00;0.3838
28/04/2025 03:15;0.4048
28/04/2025 03:30;0.4074
28/04/2025 03:45;0.3948
28/04/2025 04:00;0.4374
28/04/2025 04:15;0.4409
28/04/2025 04:30;0.4507
28/04/2025 04:45;0.4664
28/04/2025 05:00;0.6826
28/04/2025 05:15;0.6860
28/04/2025 05:30;0.6554
28/04/2025 05:45;0.6670
28/04/2025 06:00;1.2022
28/04/2025 06:15;1.1845
28/04/2025 06:30;1.1461
28/04/2025 06:45;1.1713
28/04/2025 07:00;1.4848
28/04/2025 07:15;1.3642
28/04/2025 07:30;1.3910
28/04/2025 07:45;1.4658
28/04/2025 08:00;1.0454
28/04/2025 08:15;1.0652
28/04/2025 08:30;1.0497
28/04/2025 08:45;1.1024
28/04/2025 09:00;0.8376
28/04/2025 09:15;0.7936
28/04/2025 09:30;0.7899
28/04/2025 09:45;0.7962
28/04/2025 10:00;0.7456
28/04/2025 10:15;0.7351
28/04/2025 10:30;0.7690
28/04/2025 10:45;0.7512
28/04/2025 11:00;0.7535
28/04/2025 11:15;0.7799
28/04/2025 11:30;0.7767
28/04/2025 11:45;0.7528
28/04/2025 12:00;0.7838
28/04/2025 12:15;0.8342
28/04/2025 12:30;0.7808
28/04/2025 12:45;0.7962
28/04/2025 13:00;0.7784
28/04/2025 13:15;0.8270
28/04/2025 13:30;0.7715
28/04/2025 13:45;0.7839
28/04/2025 14:00;0.7612
28/04/2025 14:15;0.7189
28/04/2025 14:30;0.7270
28/04/2025 14:45;0.7676
28/04/2025 15:00;0.7608
28/04/2025 15:15;0.8034
28/04/2025 15:30;0.7580
28/04/2025 15:45;0.7479
28/04/2025 16:00;0.9398
28/04/2025 16:15;0.8695
28/04/2025 16:30;0.9031
28/04/2025 16:45;0.9100
28/04/2025 17:00;1.3002
28/04/2025 17:15;1.2037
28/04/2025 17:30;1.2355
28/04/2025 17:45;1.2279
28/04/2025 18:00;1.5243
28/04/2025 18:15;1.5483
28/04/2025 18:30;1.5413
28/04/2025 18:45;1.4001
28/04/2025 19:00;1.6414
28/04/2025 19:15;1.6029
28/04/2025 19:30;1.5320
28/04/2025 19:45;1.7326
28/04/2025 20:00;1.4748
28/04/2025 20:15;1.5441
28/04/2025 20:30;1.4888
28/04/2025 20:45;1.4183
28/04/2025 21:00;1.1923
28/04/2025 21:15;1.1972
28/04/2025 21:30;1.2161
28/04/2025 21:45;1.1922
28/04/2025 22:00;0.7992
28/04/2025 22:15;0.8180
28/04/2025 22:30;0.8297
28/04/2025 22:45;0.8563
28/04/2025 23:00;0.5551
28/04/2025 23:15;0.5486
28/04/2025 23:30;0.5764
28/04/2025 23:45;0.5484
29/04/2025 00:00;0.5347
29/04/2025 00:15;0.4974
29/04/2025 00:30;0.5197
29/04/2025 00:45;0.5195
29/04/2025 01:00;0.4437
29/04/2025 01:15;0.4434
29/04/2025 01:30;0.4624
29/04/2025 01:45;0.4583
29/04/2025 02:00;0.4405
29/04/2025 02:15;0.4256
29/04/2025 02:30;0.4256
29/04/2025 02:45;0.4463
29/04/2025 03:00;0.4773
29/04/2025 03:15;0.4703
29/04/2025 03:30;0.4820
29/04/2025 03:45;0.4685
29/04/2025 04:00;0.4942
29/04/2025 04:15;0.5241
29/04/2025 04:30;0.5200
29/04/2025 04:45;0.5128
29/04/2025 05:00;0.7371
29/04/2025 05:15;0.7729
29/04/2025 05:30;0.7851
29/04/2025 05:45;0.7463
29/04/2025 06:00;1.3258
29/04/2025 06:15;1.2566
29/04/2025 06:30;1.2653
29/04/2025 06:45;1.3740
29/04/2025 07:00;1.6171
29/04/2025 07:15;1.6504
29/04/2025 07:30;1.5464
29/04/2025 07:45;1.6342
29/04/2025 08:00;1.1730
29/04/2025 08:15;1.1980
29/04/2025 08:30;1.1944
29/04/2025 08:45;1.2966
29/04/2025 09:00;0.8885
29/04/2025 09:15;0.9287
29/04/2025 09:30;0.8651
29/04/2025 09:45;0.9106
29/04/2025 10:00;0.8584
29/04/2025 10:15;0.8450
29/04/2025 10:30;0.8059
29/04/2025 10:45;0.8194
29/04/2025 11:00;0.8801
29/04/2025 11:15;0.8969
29/04/2025 11:30;0.8585
29/04/2025 11:45;0.8964
29/04/2025 12:00;0.8683
29/04/2025 12:15;0.8829
29/04/2025 12:30;0.9085
29/04/2025 12:45;0.8860
29/04/2025 13:00;0.8770
29/04/2025 13:15;0.9056
29/04/2025 13:30;0.8453
29/04/2025 13:45;0.8611
29/04/2025 14:00;0.8340
29/04/2025 14:15;0.8339
29/04/2025 14:30;0.8364
29/04/2025 14:45;0.8135
29/04/2025 15:00;0.8923
29/04/2025 15:15;0.8699
29/04/2025 15:30;0.8997
29/04/2025 15:45;0.8947
29/04/2025 16:00;1.0608
29/04/2025 16:15;1.0127
29/04/2025 16:30;1.0329
29/04/2025 16:45;1.0694
29/04/2025 17:00;1.2320
29/04/2025 17:15;1.3511
29/04/2025 17:30;1.2794
29/04/2025 17:45;1.3463
29/04/2025 18:00;1.7896
29/04/2025 18:15;1.7107
29/04/2025 18:30;1.6786
29/04/2025 18:45;1.7089
29/04/2025 19:00;1.8948
29/04/2025 19:15;1.8905
29/04/2025 19:30;1.8184
29/04/2025 19:45;1.8060
29/04/2025 20:00;1.6735
29/04/2025 20:15;1.6962
29/04/2025 20:30;1.6200
29/04/2025 20:45;1.6412
29/04/2025 21:00;1.3121
29/04/2025 21:15;1.3160
29/04/2025 21:30;1.3020
29/04/2025 21:45;1.3124
29/04/2025 22:00;0.8765
29/04/2025 22:15;0.9502
29/04/2025 22:30;0.8957
29/04/2025 22:45;0.9117
29/04/2025 23:00;0.6225
29/04/2025 23:15;0.6328
29/04/2025 23:30;0.6354
29/04/2025 23:45;0.6254
30/04/2025 00:00;0.5172
30/04/2025 00:15;0.5094
30/04/2025 00:30;0.4997
30/04/2025 00:45;0.5154
30/04/2025 01:00;0.4642
30/04/2025 01:15;0.4511
30/04/2025 01:30;0.4475
30/04/2025 01:45;0.4592
30/04/2025 02:00;0.4406
30/04/2025 02:15;0.4369
30/04/2025 02:30;0.4552
30/04/2025 02:45;0.4450
30/04/2025 03:00;0.4536
30/04/2025 03:15;0.4621
30/04/2025 03:30;0.4559
30/04/2025 03:45;0.4687
30/04/2025 04:00;0.5182
30/04/2025 04:15;0.5177
30/04/2025 04:30;0.5115
30/04/2025 04:45;0.5156
30/04/2025 05:00;0.7940
30/04/2025 05:15;0.7735
30/04/2025 05:30;0.7663
30/04/2025 05:45;0.8144
30/04/2025 06:00;1.3436
30/04/2025 06:15;1.2817
30/04/2025 06:30;1.2912
30/04/2025 06:45;1.3252
30/04/2025 07:00;1.6100
30/04/2025 07:15;1.7056
30/04/2025 07:30;1.5867
30/04/2025 07:45;1.6268
30/04/2025 08:00;1.2605
30/04/2025 08:15;1.2164
30/04/2025 08:30;1.1978
30/04/2025 08:45;1.2782
30/04/2025 09:00;0.8975
30/04/2025 09:15;0.8906
30/04/2025 09:30;0.9091
30/04/2025 09:45;0.8684
30/04/2025 10:00;0.8262
30/04/2025 10:15;0.8462
30/04/2025 10:30;0.8519
30/04/2025 10:45;0.8517
30/04/2025 11:00;0.8930
30/04/2025 11:15;0.9198
30/04/2025 11:30;0.8162
30/04/2025 11:45;0.9160
30/04/2025 12:00;0.9022
30/04/2025 12:15;0.8465
30/04/2025 12:30;0.8917
30/04/2025 12:45;0.8947
30/04/2025 13:00;0.9027
30/04/2025 13:15;0.9040
30/04/2025 13:30;0.8516
30/04/2025 13:45;0.8094
30/04/2025 14:00;0.8373
30/04/2025 14:15;0.8523
30/04/2025 14:30;0.8657
30/04/2025 14:45;0.8419
30/04/2025 15:00;0.8787
30/04/2025 15:15;0.8935
30/04/2025 15:30;0.8497
30/04/2025 15:45;0.9151
30/04/2025 16:00;1.0467
30/04/2025 16:15;1.0008
30/04/2025 16:30;1.0267
30/04/2025 16:45;0.9870
30/04/2025 17:00;1.2899
30/04/2025 17:15;1.4374
30/04/2025 17:30;1.3443
30/04/2025 17:45;1.3081
30/04/2025 18:00;1.8328
30/04/2025 18:15;1.7909
30/04/2025 18:30;1.6625
30/04/2025 18:45;1.7217
30/04/2025 19:00;1.7904
30/04/2025 19:15;1.8645
30/04/2025 19:30;1.7949
30/04/2025 19:45;1.7827
30/04/2025 20:00;1.5638
30/04/2025 20:15;1.5950
30/04/2025 20:30;1.5643
30/04/2025 20:45;1.7420
30/04/2025 21:00;1.3967
30/04/2025 21:15;1.3776
30/04/2025 21:30;1.3895
30/04/2025 21:45;1.3423
30/04/2025 22:00;0.9557
30/04/2025 22:15;0.9492
30/04/2025 22:30;0.9244
30/04/2025 22:45;0.9591
30/04/2025 23:00;0.6171
30/04/2025 23:15;0.6228
30/04/2025 23:30;0.6198
30/04/2025 23:45;0.6147
01/05/2025 00:00;0.4132
01/05/2025 00:15;0.3958
01/05/2025 00:30;0.4095
01/05/2025 00:45;0.4110
01/05/2025 01:00;0.3597
01/05/2025 01:15;0.3603
01/05/2025 01:30;0.3469
01/05/2025 01:45;0.3436
01/05/2025 02:00;0.3443
01/05/2025 02:15;0.3517
01/05/2025 02:30;0.3524
01/05/2025 02:45;0.3339
01/05/2025 03:00;0.3522
01/05/2025 03:15;0.3484
01/05/2025 03:30;0.3550
01/05/2025 03:45;0.3484
01/05/2025 04:00;0.3992
01/05/2025 04:15;0.3939
01/05/2025 04:30;0.3794
01/05/2025 04:45;0.3988
01/05/2025 05:00;0.5966
01/05/2025 05:15;0.6020
01/05/2025 05:30;0.6081
01/05/2025 05:45;0.5906
01/05/2025 06:00;1.0848
01/05/2025 06:15;1.0643
01/05/2025 06:30;1.1184
01/05/2025 06:45;1.0975
01/05/2025 07:00;1.3029
01/05/2025 07:15;1.3324
01/05/2025 07:30;1.2903
01/05/2025 07:45;1.2927
01/05/2025 08:00;1.0632
01/05/2025 08:15;0.9786
01/05/2025 08:30;1.0012
01/05/2025 08:45;1.0078
01/05/2025 09:00;0.7292
01/05/2025 09:15;0.7397
01/05/2025 09:30;0.7261
01/05/2025 09:45;0.7049
01/05/2025 10:00;0.6835
01/05/2025 10:15;0.6708
01/05/2025 10:30;0.6696
01/05/2025 10:45;0.6789
01/05/2025 11:00;0.7238
01/05/2025 11:15;0.6941
01/05/2025 11:30;0.6958
01/05/2025 11:45;0.6805
01/05/2025 12:00;0.7190
01/05/2025 12:15;0.7239
01/05/2025 12:30;0.7210
01/05/2025 12:45;0.7327
01/05/2025 13:00;0.7126
01/05/2025 13:15;0.7012
01/05/2025 13:30;0.7092
01/05/2025 13:45;0.6831
01/05/2025 14:00;0.6537
01/05/2025 14:15;0.6807
01/05/2025 14:30;0.6755
01/05/2025 14:45;0.6618
01/05/2025 15:00;0.7115
01/05/2025 15:15;0.7021
01/05/2025 15:30;0.7043
01/05/2025 15:45;0.6805
01/05/2025 16:00;0.8066
01/05/2025 16:15;0.8041
01/05/2025 16:30;0.8116
01/05/2025 16:45;0.8239
01/05/2025 17:00;1.1620
01/05/2025 17:15;1.0909
01/05/2025 17:30;1.1040
01/05/2025 17:45;1.1499
01/05/2025 18:00;1.5455
01/05/2025 18:15;1.4112
01/05/2025 18:30;1.4728
01/05/2025 18:45;1.3500
01/05/2025 19:00;1.4997
01/05/2025 19:15;1.4785
01/05/2025 19:30;1.6390
01/05/2025 19:45;1.4698
01/05/2025 20:00;1.3785
01/05/2025 20:15;1.2911
01/05/2025 20:30;1.2937
01/05/2025 20:45;1.3676
01/05/2025 21:00;1.0721
01/05/2025 21:15;1.0927
01/05/2025 21:30;1.0760
01/05/2025 21:45;1.0689
01/05/2025 22:00;0.7844
01/05/2025 22:15;0.7849
01/05/2025 22:30;0.7994
01/05/2025 22:45;0.7616
01/05/2025 23:00;0.4977
01/05/2025 23:15;0.4900
01/05/2025 23:30;0.4850
01/05/2025 23:45;0.5157
02/05/2025 00:00;0.4458
02/05/2025 00:15;0.4439
02/05/2025 00:30;0.4609
02/05/2025 00:45;0.4462
02/05/2025 01:00;0.3972
02/05/2025 01:15;0.4002
02/05/2025 01:30;0.3978
02/05/2025 01:45;0.3958
02/05/2025 02:00;0.4007
02/05/2025 02:15;0.3841
02/05/2025 02:30;0.3647
02/05/2025 02:45;0.3702
02/05/2025 03:00;0.3872
02/05/2025 03:15;0.3795
02/05/2025 03:30;0.3802
02/05/2025 03:45;0.3716
02/05/2025 04:00;0.4283
02/05/2025 04:15;0.4255
02/05/2025 04:30;0.4354
02/05/2025 04:45;0.4350
02/05/2025 05:00;0.6725
02/05/2025 05:15;0.6787
02/05/2025 05:30;0.6692
02/05/2025 05:45;0.6766
02/05/2025 06:00;1.1929
02/05/2025 06:15;1.2730
02/05/2025 06:30;1.2425
02/05/2025 06:45;1.3258
02/05/2025 07:00;1.4251
02/05/2025 07:15;1.4460
02/05/2025 07:30;1.5336
02/05/2025 07:45;1.5099
02/05/2025 08:00;1.0986
02/05/2025 08:15;1.0866
02/05/2025 08:30;1.0979
02/05/2025 08:45;1.0975
02/05/2025 09:00;0.7998
02/05/2025 09:15;0.7978
02/05/2025 09:30;0.8011
02/05/2025 09:45;0.8116
02/05/2025 10:00;0.7439
02/05/2025 10:15;0.7595
02/05/2025 10:30;0.7610
02/05/2025 10:45;0.7799
02/05/2025 11:00;0.7876
02/05/2025 11:15;0.7948
02/05/2025 11:30;0.7749
02/05/2025 11:45;0.7777
02/05/2025 12:00;0.8525
02/05/2025 12:15;0.8401
02/05/2025 12:30;0.8357
02/05/2025 12:45;0.8160
02/05/2025 13:00;0.8206
02/05/2025 13:15;0.7875
02/05/2025 13:30;0.7983
02/05/2025 13:45;0.8060
02/05/2025 14:00;0.7735
02/05/2025 14:15;0.7333
02/05/2025 14:30;0.7603
02/05/2025 14:45;0.7920
02/05/2025 15:00;0.7914
02/05/2025 15:15;0.7886
02/05/2025 15:30;0.8191
02/05/2025 15:45;0.8327
02/05/2025 16:00;0.9506
02/05/2025 16:15;0.8930
02/05/2025 16:30;0.9359
02/05/2025 16:45;0.9302
02/05/2025 17:00;1.1686
02/05/2025 17:15;1.1685
02/05/2025 17:30;1.1300
02/05/2025 17:45;1.2265
02/05/2025 18:00;1.6452
02/05/2025 18:15;1.7029
02/05/2025 18:30;1.5813
02/05/2025 18:45;1.5110
02/05/2025 19:00;1.6201
02/05/2025 19:15;1.8135
02/05/2025 19:30;1.8542
02/05/2025 19:45;1.7386
02/05/2025 20:00;1.5708
02/05/2025 20:15;1.5842
02/05/2025 20:30;1.4939
02/05/2025 20:45;1.5705
02/05/2025 21:00;1.2368
02/05/2025 21:15;1.2584
02/05/2025 21:30;1.2627
02/05/2025 21:45;1.2412
02/05/2025 22:00;0.8244
02/05/2025 22:15;0.8687
02/05/2025 22:30;0.8350
02/05/2025 22:45;0.8613
02/05/2025 23:00;0.5456
02/05/2025 23:15;0.5692
02/05/2025 23:30;0.5590
02/05/2025 23:45;0.5831
03/05/2025 00:00;0.3607
03/05/2025 00:15;0.3767
03/05/2025 00:30;0.3790
03/05/2025 00:45;0.3747
03/05/2025 01:00;0.3320
03/05/2025 01:15;0.3414
03/05/2025 01:30;0.3320
03/05/2025 01:45;0.3376
03/05/2025 02:00;0.3232
03/05/2025 02:15;0.3198
03/05/2025 02:30;0.3309
03/05/2025 02:45;0.3267
03/05/2025 03:00;0.3378
03/05/2025 03:15;0.3393
03/05/2025 03:30;0.3323
03/05/2025 03:45;0.3325
03/05/2025 04:00;0.3708
03/05/2025 04:15;0.3639
03/05/2025 04:30;0.3559
03/05/2025 04:45;0.3672
03/05/2025 05:00;0.5265
03/05/2025 05:15;0.5540
03/05/2025 05:30;0.5458
03/05/2025 05:45;0.5617
03/05/2025 06:00;0.9517
03/05/2025 06:15;0.9748
03/05/2025 06:30;1.0468
03/05/2025 06:45;0.8861
03/05/2025 07:00;1.1487
03/05/2025 07:15;1.2345
03/05/2025 07:30;1.2449
03/05/2025 07:45;1.2358
03/05/2025 08:00;0.8596
03/05/2025 08:15;0.8544
03/05/2025 08:30;0.9388
03/05/2025 08:45;0.8462
03/05/2025 09:00;0.6506
03/05/2025 09:15;0.6397
03/05/2025 09:30;0.6733
03/05/2025 09:45;0.6818
03/05/2025 10:00;0.6306
03/05/2025 10:15;0.6273
03/05/2025 10:30;0.6384
03/05/2025 10:45;0.6203
03/05/2025 11:00;0.6594
03/05/2025 11:15;0.6614
03/05/2025 11:30;0.6240
03/05/2025 11:45;0.6479
03/05/2025 12:00;0.6865
03/05/2025 12:15;0.6574
03/05/2025 12:30;0.6567
03/05/2025 12:45;0.7039
03/05/2025 13:00;0.6151
03/05/2025 13:15;0.6485
03/05/2025 13:30;0.6256
03/05/2025 13:45;0.6634
03/05/2025 14:00;0.6066
03/05/2025 14:15;0.5898
03/05/2025 14:30;0.6434
03/05/2025 14:45;0.6210
03/05/2025 15:00;0.6642
03/05/2025 15:15;0.6535
03/05/2025 15:30;0.6274
03/05/2025 15:45;0.6504
03/05/2025 16:00;0.7674
03/05/2025 16:15;0.7260
03/05/2025 16:30;0.7152
03/05/2025 16:45;0.7259
03/05/2025 17:00;0.9902
03/05/2025 17:15;0.9529
03/05/2025 17:30;1.0372
03/05/2025 17:45;0.9901
03/05/2025 18:00;1.3154
03/05/2025 18:15;1.3317
03/05/2025 18:30;1.2893
03/05/2025 18:45;1.3225
03/05/2025 19:00;1.3704
03/05/2025 19:15;1.3560
03/05/2025 19:30;1.2903
03/05/2025 19:45;1.3343
03/05/2025 20:00;1.2513
03/05/2025 20:15;1.2602
03/05/2025 20:30;1.2224
03/05/2025 20:45;1.2939
03/05/2025 21:00;1.0009
03/05/2025 21:15;1.0638
03/05/2025 21:30;1.0461
03/05/2025 21:45;0.9865
03/05/2025 22:00;0.6906
03/05/2025 22:15;0.6817
03/05/2025 22:30;0.6763
03/05/2025 22:45;0.6700
03/05/2025 23:00;0.4552
03/05/2025 23:15;0.4618
03/05/2025 23:30;0.4688
03/05/2025 23:45;0.4671
04/05/2025 00:00;0.4403
04/05/2025 00:15;0.4151
04/05/2025 00:30;0.4190
04/05/2025 00:45;0.4164
04/05/2025 01:00;0.3722
04/05/2025 01:15;0.3743
04/05/2025 01:30;0.3589
04/05/2025 01:45;0.3761
04/05/2025 02:00;0.3636
04/05/2025 02:15;0.3638
04/05/2025 02:30;0.3660
04/05/2025 02:45;0.3571
04/05/2025 03:00;0.3652
04/05/2025 03:15;0.3719
04/05/2025 03:30;0.3583
04/05/2025 03:45;0.3809
04/05/2025 04:00;0.4182
04/05/2025 04:15;0.4017
04/05/2025 04:30;0.4108
04/05/2025 04:45;0.4193
04/05/2025 05:00;0.6015
04/05/2025 05:15;0.5875
04/05/2025 05:30;0.6130
04/05/2025 05:45;0.5976
04/05/2025 06:00;1.0666
04/05/2025 06:15;1.0572
04/05/2025 06:30;1.0718
04/05/2025 06:45;1.0864
04/05/2025 07:00;1.2950
04/05/2025 07:15;1.3321
04/05/2025 07:30;1.3041
04/05/2025 07:45;1.3530
04/05/2025 08:00;1.0214
04/05/2025 08:15;0.9370
04/05/2025 08:30;0.9871
04/05/2025 08:45;0.9245
04/05/2025 09:00;0.6805
04/05/2025 09:15;0.7272
04/05/2025 09:30;0.7545
04/05/2025 09:45;0.7221
04/05/2025 10:00;0.6969
04/05/2025 10:15;0.7180
04/05/2025 10:30;0.6625
04/05/2025 10:45;0.6847
04/05/2025 11:00;0.7224
04/05/2025 11:15;0.7244
04/05/2025 11:30;0.7011
04/05/2025 11:45;0.6707
04/05/2025 12:00;0.7121
04/05/2025 12:15;0.7512
04/05/2025 12:30;0.7739
04/05/2025 12:45;0.7136
04/05/2025 13:00;0.7147
04/05/2025 13:15;0.7213
04/05/2025 13:30;0.7405
04/05/2025 13:45;0.6905
04/05/2025 14:00;0.6754
04/05/2025 14:15;0.6693
04/05/2025 14:30;0.6859
04/05/2025 14:45;0.6664
04/05/2025 15:00;0.7230
04/05/2025 15:15;0.7235
04/05/2025 15:30;0.7193
04/05/2025 15:45;0.7166
04/05/2025 16:00;0.8117
04/05/2025 16:15;0.8118
04/05/2025 16:30;0.8148
04/05/2025 16:45;0.8230
04/05/2025 17:00;1.1535
04/05/2025 17:15;1.1047
04/05/2025 17:30;1.1029
04/05/2025 17:45;1.0616
04/05/2025 18:00;1.4132
04/05/2025 18:15;1.4476
04/05/2025 18:30;1.4998
04/05/2025 18:45;1.4734
04/05/2025 19:00;1.5722
04/05/2025 19:15;1.4910
04/05/2025 19:30;1.4980
04/05/2025 19:45;1.4592
04/05/2025 20:00;1.3175
04/05/2025 20:15;1.2839
04/05/2025 20:30;1.3106
04/05/2025 20:45;1.3474
04/05/2025 21:00;1.1569
04/05/2025 21:15;1.1433
04/05/2025 21:30;1.0811
04/05/2025 21:45;1.1016
04/05/2025 22:00;0.7758
04/05/2025 22:15;0.7705
04/05/2025 22:30;0.7363
04/05/2025 22:45;0.7769
04/05/2025 23:00;0.5141
04/05/2025 23:15;0.5193
04/05/2025 23:30;0.5183
04/05/2025 23:45;0.5048
05/05/2025 00:00;0.4321
05/05/2025 00:15;0.4286
05/05/2025 00:30;0.4445
05/05/2025 00:45;0.4388
05/05/2025 01:00;0.3864
05/05/2025 01:15;0.3861
05/05/2025 01:30;0.3920
05/05/2025 01:45;0.3836
05/05/2025 02:00;0.3805
05/05/2025 02:15;0.3624
05/05/2025 02:30;0.3692
05/05/2025 02:45;0.3724
05/05/2025 03:00;0.3818
05/05/2025 03:15;0.3826
05/05/2025 03:30;0.3742
05/05/2025 03:45;0.3872
05/05/2025 04:00;0.4206
05/05/2025 04:15;0.4256
05/05/2025 04:30;0.4141
05/05/2025 04:45;0.4256
05/05/2025 05:00;0.6358
05/05/2025 05:15;0.6236
05/05/2025 05:30;0.6686
05/05/2025 05:45;0.6752
05/05/2025 06:00;1.1999
05/05/2025 06:15;1.2552
05/05/2025 06:30;1.1526
05/05/2025 06:45;1.2454
05/05/2025 07:00;1.5147
05/05/2025 07:15;1.4120
05/05/2025 07:30;1.4789
05/05/2025 07:45;1.4711
05/05/2025 08:00;1.0526
05/05/2025 08:15;1.0609
05/05/2025 08:30;1.0618
05/05/2025 08:45;1.0507
05/05/2025 09:00;0.7776
05/05/2025 09:15;0.8261
05/05/2025 09:30;0.7671
05/05/2025 09:45;0.7579
05/05/2025 10:00;0.7580
05/05/2025 10:15;0.7636
05/05/2025 10:30;0.7151
05/05/2025 10:45;0.7575
05/05/2025 11:00;0.7792
05/05/2025 11:15;0.7596
05/05/2025 11:30;0.7964
05/05/2025 11:45;0.7832
05/05/2025 12:00;0.8005
05/05/2025 12:15;0.7765
05/05/2025 12:30;0.8057
05/05/2025 12:45;0.8122
05/05/2025 13:00;0.7715
05/05/2025 13:15;0.7881
05/05/2025 13:30;0.7607
05/05/2025 13:45;0.7763
05/05/2025 14:00;0.7340
05/05/2025 14:15;0.6952
05/05/2025 14:30;0.7472
05/05/2025 14:45;0.7409
05/05/2025 15:00;0.7680
05/05/2025 15:15;0.7664
05/05/2025 15:30;0.7642
05/05/2025 15:45;0.7671
05/05/2025 16:00;0.9215
05/05/2025 16:15;0.9300
05/05/2025 16:30;0.9085
05/05/2025 16:45;0.8718
05/05/2025 17:00;1.1891
05/05/2025 17:15;1.2291
05/05/2025 17:30;1.2169
05/05/2025 17:45;1.1272
05/05/2025 18:00;1.6029
05/05/2025 18:15;1.5127
05/05/2025 18:30;1.5821
05/05/2025 18:45;1.5435
05/05/2025 19:00;1.7409
05/05/2025 19:15;1.6559
05/05/2025 19:30;1.6395
05/05/2025 19:45;1.6529
05/05/2025 20:00;1.5804
05/05/2025 20:15;1.4392
05/05/2025 20:30;1.5236
05/05/2025 20:45;1.4619
05/05/2025 21:00;1.3018
05/05/2025 21:15;1.2671
05/05/2025 21:30;1.1536
05/05/2025 21:45;1.1531
05/05/2025 22:00;0.8710
05/05/2025 22:15;0.8971
05/05/2025 22:30;0.8458
05/05/2025 22:45;0.8051
05/05/2025 23:00;0.5514
05/05/2025 23:15;0.5273
05/05/2025 23:30;0.5668
05/05/2025 23:45;0.5439
06/05/2025 00:00;0.4155
06/05/2025 00:15;0.3985
06/05/2025 00:30;0.3927
06/05/2025 00:45;0.3955
06/05/2025 01:00;0.3425
06/05/2025 01:15;0.3465
06/05/2025 01:30;0.3534
06/05/2025 01:45;0.3619
06/05/2025 02:00;0.3473
06/05/2025 02:15;0.3403
06/05/2025 02:30;0.3390
06/05/2025 02:45;0.3431
06/05/2025 03:00;0.3487
06/05/2025 03:15;0.3496
06/05/2025 03:30;0.3623
06/05/2025 03:45;0.3446
06/05/2025 04:00;0.3830
06/05/2025 04:15;0.3945
06/05/2025 04:30;0.3984
06/05/2025 04:45;0.3815
06/05/2025 05:00;0.5759
06/05/2025 05:15;0.5820
06/05/2025 05:30;0.5671
06/05/2025 05:45;0.6015
06/05/2025 06:00;1.0995
06/05/2025 06:15;1.0785
06/05/2025 06:30;1.0921
06/05/2025 06:45;1.0271
06/05/2025 07:00;1.2825
06/05/2025 07:15;1.3701
06/05/2025 07:30;1.3039
06/05/2025 07:45;1.2363
06/05/2025 08:00;1.0229
06/05/2025 08:15;0.9830
06/05/2025 08:30;0.9847
06/05/2025 08:45;1.0220
06/05/2025 09:00;0.7055
06/05/2025 09:15;0.7041
06/05/2025 09:30;0.6954
06/05/2025 09:45;0.7317
06/05/2025 10:00;0.6631
06/05/2025 10:15;0.6945
06/05/2025 10:30;0.6714
06/05/2025 10:45;0.6739
06/05/2025 11:00;0.6841
06/05/2025 11:15;0.6546
06/05/2025 11:30;0.6816
06/05/2025 11:45;0.7041
06/05/2025 12:00;0.6844
06/05/2025 12:15;0.7234
06/05/2025 12:30;0.7228
06/05/2025 12:45;0.7472
06/05/2025 13:00;0.7001
06/05/2025 13:15;0.7041
06/05/2025 13:30;0.7153
06/05/2025 13:45;0.6932
06/05/2025 14:00;0.6625
06/05/2025 14:15;0.6681
06/05/2025 14:30;0.6936
06/05/2025 14:45;0.6664
06/05/2025 15:00;0.6659
06/05/2025 15:15;0.6894
06/05/2025 15:30;0.7009
06/05/2025 15:45;0.7438
06/05/2025 16:00;0.7879
06/05/2025 16:15;0.8034
06/05/2025 16:30;0.7832
06/05/2025 16:45;0.8115
06/05/2025 17:00;1.1621
06/05/2025 17:15;1.0772
06/05/2025 17:30;1.0893
06/05/2025 17:45;1.0819
06/05/2025 18:00;1.3786
06/05/2025 18:15;1.3384
06/05/2025 18:30;1.5157
06/05/2025 18:45;1.4576
06/05/2025 19:00;1.5831
06/05/2025 19:15;1.4850
06/05/2025 19:30;1.5088
06/05/2025 19:45;1.4900
06/05/2025 20:00;1.3110
06/05/2025 20:15;1.4269
06/05/2025 20:30;1.4539
06/05/2025 20:45;1.3157
06/05/2025 21:00;1.0681
06/05/2025 21:15;1.0303
06/05/2025 21:30;1.0559
06/05/2025 21:45;1.1575
06/05/2025 22:00;0.7487
06/05/2025 22:15;0.7836
06/05/2025 22:30;0.7682
06/05/2025 22:45;0.7409
06/05/2025 23:00;0.4932
06/05/2025 23:15;0.4921
06/05/2025 23:30;0.4970
06/05/2025 23:45;0.5133
07/05/2025 00:00;0.4091
07/05/2025 00:15;0.4275
07/05/2025 00:30;0.4292
07/05/2025 00:45;0.4380
07/05/2025 01:00;0.3644
07/05/2025 01:15;0.3644
07/05/2025 01:30;0.3739
07/05/2025 01:45;0.3689
07/05/2025 02:00;0.3496
07/05/2025 02:15;0.3572
07/05/2025 02:30;0.3506
07/05/2025 02:45;0.3526
07/05/2025 03:00;0.3684
07/05/2025 03:15;0.3651
07/05/2025 03:30;0.3713
07/05/2025 03:45;0.3565
07/05/2025 04:00;0.3921
07/05/2025 04:15;0.4017
07/05/2025 04:30;0.4096
07/05/2025 04:45;0.3974
07/05/2025 05:00;0.6278
07/05/2025 05:15;0.6182
07/05/2025 05:30;0.6197
07/05/2025 05:45;0.5843
07/05/2025 06:00;1.2011
07/05/2025 06:15;1.1915
07/05/2025 06:30;1.1218
07/05/2025 06:45;1.1284
07/05/2025 07:00;1.3066
07/05/2025 07:15;1.3715
07/05/2025 07:30;1.4230
07/05/2025 07:45;1.3848
07/05/2025 08:00;0.9681
07/05/2025 08:15;1.0102
07/05/2025 08:30;1.0191
07/05/2025 08:45;1.0319
07/05/2025 09:00;0.7407
07/05/2025 09:15;0.8090
07/05/2025 09:30;0.7438
07/05/2025 09:45;0.7312
07/05/2025 10:00;0.6973
07/05/2025 10:15;0.7046
07/05/2025 10:30;0.7032
07/05/2025 10:45;0.7313
07/05/2025 11:00;0.7207
07/05/2025 11:15;0.7447
07/05/2025 11:30;0.7357
07/05/2025 11:45;0.7109
07/05/2025 12:00;0.7580
07/05/2025 12:15;0.7485
07/05/2025 12:30;0.7603
07/05/2025 12:45;0.7645
07/05/2025 13:00;0.7619
07/05/2025 13:15;0.7306
07/05/2025 13:30;0.7278
07/05/2025 13:45;0.7185
07/05/2025 14:00;0.7184
07/05/2025 14:15;0.7375
07/05/2025 14:30;0.7218
07/05/2025 14:45;0.7234
07/05/2025 15:00;0.7438
07/05/2025 15:15;0.7069
07/05/2025 15:30;0.7558
07/05/2025 15:45;0.7817
07/05/2025 16:00;0.8737
07/05/2025 16:15;0.9238
07/05/2025 16:30;0.8691
07/05/2025 16:45;0.8683
07/05/2025 17:00;1.1085
07/05/2025 17:15;1.1719
07/05/2025 17:30;1.1497
07/05/2025 17:45;1.1707
07/05/2025 18:00;1.4717
07/05/2025 18:15;1.5434
07/05/2025 18:30;1.4315
07/05/2025 18:45;1.4413
07/05/2025 19:00;1.5708
07/05/2025 19:15;1.5744
07/05/2025 19:30;1.6354
07/05/2025 19:45;1.6134
07/05/2025 20:00;1.4389
07/05/2025 20:15;1.4341
07/05/2025 20:30;1.3949
07/05/2025 20:45;1.4811
07/05/2025 21:00;1.0556
07/05/2025 21:15;1.1177
07/05/2025 21:30;1.1680
07/05/2025 21:45;1.2217
07/05/2025 22:00;0.8244
07/05/2025 22:15;0.8008
07/05/2025 22:30;0.7891
07/05/2025 22:45;0.7642
07/05/2025 23:00;0.5064
07/05/2025 23:15;0.5132
07/05/2025 23:30;0.5260
07/05/2025 23:45;0.5213
08/05/2025 00:00;0.4048
08/05/2025 00:15;0.4146
08/05/2025 00:30;0.3940
08/05/2025 00:45;0.4002
08/05/2025 01:00;0.3591
08/05/2025 01:15;0.3557
08/05/2025 01:30;0.3495
08/05/2025 01:45;0.3569
08/05/2025 02:00;0.3329
08/05/2025 02:15;0.3323
08/05/2025 02:30;0.3387
08/05/2025 02:45;0.3364
08/05/2025 03:00;0.3365
08/05/2025 03:15;0.3440
08/05/2025 03:30;0.3519
08/05/2025 03:45;0.3471
08/05/2025 04:00;0.3748
08/05/2025 04:15;0.3820
08/05/2025 04:30;0.3801
08/05/2025 04:45;0.3882
08/05/2025 05:00;0.6029
08/05/2025 05:15;0.5794
08/05/2025 05:30;0.5983
08/05/2025 05:45;0.6189
08/05/2025 06:00;1.0061
08/05/2025 06:15;1.0896
08/05/2025 06:30;1.0764
08/05/2025 06:45;1.0492
08/05/2025 07:00;1.2760
08/05/2025 07:15;1.4271
08/05/2025 07:30;1.3134
08/05/2025 07:45;1.4323
08/05/2025 08:00;1.0065
08/05/2025 08:15;1.0423
08/05/2025 08:30;1.0105
08/05/2025 08:45;0.9927
08/05/2025 09:00;0.6998
08/05/2025 09:15;0.7100
08/05/2025 09:30;0.6682
08/05/2025 09:45;0.7429
08/05/2025 10:00;0.6635
08/05/2025 10:15;0.6709
08/05/2025 10:30;0.7021
08/05/2025 10:45;0.6534
08/05/2025 11:00;0.7188
08/05/2025 11:15;0.6810
08/05/2025 11:30;0.7019
08/05/2025 11:45;0.7026
08/05/2025 12:00;0.6814
08/05/2025 12:15;0.7408
08/05/2025 12:30;0.7523
08/05/2025 12:45;0.6967
08/05/2025 13:00;0.7105
08/05/2025 13:15;0.6948
08/05/2025 13:30;0.7387
08/05/2025 13:45;0.6977
08/05/2025 14:00;0.6721
08/05/2025 14:15;0.6751
08/05/2025 14:30;0.6790
08/05/2025 14:45;0.7117
08/05/2025 15:00;0.7229
08/05/2025 15:15;0.6923
08/05/2025 15:30;0.6928
08/05/2025 15:45;0.7041
08/05/2025 16:00;0.8358
08/05/2025 16:15;0.7933
08/05/2025 16:30;0.8246
08/05/2025 16:45;0.7890
08/05/2025 17:00;1.0854
08/05/2025 17:15;1.1383
08/05/2025 17:30;1.0712
08/05/2025 17:45;1.1218
08/05/2025 18:00;1.4448
08/05/2025 18:15;1.3438
08/05/2025 18:30;1.3727
08/05/2025 18:45;1.5255
08/05/2025 19:00;1.5103
08/05/2025 19:15;1.5526
08/05/2025 19:30;1.5374
08/05/2025 19:45;1.5717
08/05/2025 20:00;1.4409
08/05/2025 20:15;1.3897
08/05/2025 20:30;1.4262
08/05/2025 20:45;1.3563
08/05/2025 21:00;1.0647
08/05/2025 21:15;1.1856
08/05/2025 21:30;1.1132
08/05/2025 21:45;1.1375
08/05/2025 22:00;0.7771
08/05/2025 22:15;0.7357
08/05/2025 22:30;0.7593
08/05/2025 22:45;0.7297
08/05/2025 23:00;0.5136
08/05/2025 23:15;0.4797
08/05/2025 23:30;0.4721
08/05/2025 23:45;0.5148
09/05/2025 00:00;0.4052
09/05/2025 00:15;0.4063
09/05/2025 00:30;0.4133
09/05/2025 00:45;0.4125
09/05/2025 01:00;0.3605
09/05/2025 01:15;0.3681
09/05/2025 01:30;0.3651
09/05/2025 01:45;0.3581
09/05/2025 02:00;0.3492
09/05/2025 02:15;0.3502
09/05/2025 02:30;0.3345
09/05/2025 02:45;0.3450
09/05/2025 03:00;0.3520
09/05/2025 03:15;0.3400
09/05/2025 03:30;0.3523
09/05/2025 03:45;0.3450
09/05/2025 04:00;0.3843
09/05/2025 04:15;0.3918
09/05/2025 04:30;0.3791
09/05/2025 04:45;0.3872
09/05/2025 05:00;0.6172
09/05/2025 05:15;0.6016
09/05/2025 05:30;0.6057
09/05/2025 05:45;0.5557
09/05/2025 06:00;1.1180
09/05/2025 06:15;1.1918
09/05/2025 06:30;1.0828
09/05/2025 06:45;1.1485
09/05/2025 07:00;1.4234
09/05/2025 07:15;1.4071
09/05/2025 07:30;1.4016
09/05/2025 07:45;1.3450
09/05/2025 08:00;1.0015
09/05/2025 08:15;1.0129
09/05/2025 08:30;1.0057
09/05/2025 08:45;1.0086
09/05/2025 09:00;0.7702
09/05/2025 09:15;0.7244
09/05/2025 09:30;0.7371
09/05/2025 09:45;0.7147
09/05/2025 10:00;0.6951
09/05/2025 10:15;0.6994
09/05/2025 10:30;0.7006
09/05/2025 10:45;0.6999
09/05/2025 11:00;0.7138
09/05/2025 11:15;0.7207
09/05/2025 11:30;0.6876
09/05/2025 11:45;0.7455
09/05/2025 12:00;0.7637
09/05/2025 12:15;0.7990
09/05/2025 12:30;0.7528
09/05/2025 12:45;0.7437
09/05/2025 13:00;0.7508
09/05/2025 13:15;0.7234
09/05/2025 13:30;0.7335
09/05/2025 13:45;0.7741
09/05/2025 14:00;0.6975
09/05/2025 14:15;0.7132
09/05/2025 14:30;0.7115
09/05/2025 14:45;0.6927
09/05/2025 15:00;0.7524
09/05/2025 15:15;0.7161
09/05/2025 15:30;0.7371
09/05/2025 15:45;0.7687
09/05/2025 16:00;0.8614
09/05/2025 16:15;0.8066
09/05/2025 16:30;0.8461
09/05/2025 16:45;0.8664
09/05/2025 17:00;1.2401
09/05/2025 17:15;1.1265
09/05/2025 17:30;1.1213
09/05/2025 17:45;1.0227
09/05/2025 18:00;1.4932
09/05/2025 18:15;1.4683
09/05/2025 18:30;1.4272
09/05/2025 18:45;1.5244
09/05/2025 19:00;1.6757
09/05/2025 19:15;1.5953
09/05/2025 19:30;1.6292
09/05/2025 19:45;1.5061
09/05/2025 20:00;1.3587
09/05/2025 20:15;1.3083
09/05/2025 20:30;1.3544
09/05/2025 20:45;1.4127
09/05/2025 21:00;1.1601
09/05/2025 21:15;1.1569
09/05/2025 21:30;1.1794
09/05/2025 21:45;1.1225
09/05/2025 22:00;0.7639
09/05/2025 22:15;0.8014
09/05/2025 22:30;0.7541
09/05/2025 22:45;0.7914
09/05/2025 23:00;0.5238
09/05/2025 23:15;0.5249
09/05/2025 23:30;0.5167
09/05/2025 23:45;0.5112
10/05/2025 00:00;0.3536
10/05/2025 00:15;0.3526
10/05/2025 00:30;0.3434
10/05/2025 00:45;0.3655
10/05/2025 01:00;0.3119
10/05/2025 01:15;0.3067
10/05/2025 01:30;0.3220
10/05/2025 01:45;0.3020
10/05/2025 02:00;0.3054
10/05/2025 02:15;0.3047
10/05/2025 02:30;0.2994
10/05/2025 02:45;0.3077
10/05/2025 03:00;0.2999
10/05/2025 03:15;0.3062
10/05/2025 03:30;0.3062
10/05/2025 03:45;0.3110
10/05/2025 04:00;0.3385
10/05/2025 04:15;0.3417
10/05/2025 04:30;0.3349
10/05/2025 04:45;0.3417
10/05/2025 05:00;0.5026
10/05/2025 05:15;0.4973
10/05/2025 05:30;0.5218
10/05/2025 05:45;0.5247
10/05/2025 06:00;0.9857
10/05/2025 06:15;0.8970
10/05/2025 06:30;0.9190
10/05/2025 06:45;0.9173
10/05/2025 07:00;1.1675
10/05/2025 07:15;1.1923
10/05/2025 07:30;1.1813
10/05/2025 07:45;1.0945
10/05/2025 08:00;0.8514
10/05/2025 08:15;0.8609
10/05/2025 08:30;0.8020
10/05/2025 08:45;0.8387
10/05/2025 09:00;0.6079
10/05/2025 09:15;0.6355
10/05/2025 09:30;0.6100
10/05/2025 09:45;0.6433
10/05/2025 10:00;0.5900
10/05/2025 10:15;0.5917
10/05/2025 10:30;0.5836
10/05/2025 10:45;0.5765
10/05/2025 11:00;0.6246
10/05/2025 11:15;0.6043
10/05/2025 11:30;0.5983
10/05/2025 11:45;0.5904
10/05/2025 12:00;0.6576
10/05/2025 12:15;0.6196
10/05/2025 12:30;0.6380
10/05/2025 12:45;0.6154
10/05/2025 13:00;0.6111
10/05/2025 13:15;0.6275
10/05/2025 13:30;0.6253
10/05/2025 13:45;0.6090
10/05/2025 14:00;0.5861
10/05/2025 14:15;0.5856
10/05/2025 14:30;0.5978
10/05/2025 14:45;0.5689
10/05/2025 15:00;0.6237
10/05/2025 15:15;0.6153
10/05/2025 15:30;0.5974
10/05/2025 15:45;0.6081
10/05/2025 16:00;0.6965
10/05/2025 16:15;0.7109
10/05/2025 16:30;0.7185
10/05/2025 16:45;0.7044
10/05/2025 17:00;0.8933
10/05/2025 17:15;0.9739
10/05/2025 17:30;0.9525
10/05/2025 17:45;0.9369
10/05/2025 18:00;1.2165
10/05/2025 18:15;1.2359
10/05/2025 18:30;1.2473
10/05/2025 18:45;1.2864
10/05/2025 19:00;1.3206
10/05/2025 19:15;1.3454
10/05/2025 19:30;1.2983
10/05/2025 19:45;1.3518
10/05/2025 20:00;1.2002
10/05/2025 20:15;1.2141
10/05/2025 20:30;1.1894
10/05/2025 20:45;1.2730
10/05/2025 21:00;0.9823
10/05/2025 21:15;0.9564
10/05/2025 21:30;0.9815
10/05/2025 21:45;0.9943
10/05/2025 22:00;0.6725
10/05/2025 22:15;0.6287
10/05/2025 22:30;0.6539
10/05/2025 22:45;0.6304
10/05/2025 23:00;0.4505
10/05/2025 23:15;0.4225
10/05/2025 23:30;0.4305
10/05/2025 23:45;0.4362
11/05/2025 00:00;0.4179
11/05/2025 00:15;0.4246
11/05/2025 00:30;0.4277
11/05/2025 00:45;0.4322
11/05/2025 01:00;0.3664
11/05/2025 01:15;0.3738
11/05/2025 01:30;0.3752
11/05/2025 01:45;0.3776
11/05/2025 02:00;0.3635
11/05/2025 02:15;0.3656
11/05/2025 02:30;0.3579
11/05/2025 02:45;0.3664
11/05/2025 03:00;0.3657
11/05/2025 03:15;0.3681
11/05/2025 03:30;0.3630
11/05/2025 03:45;0.3784
11/05/2025 04:00;0.4252
11/05/2025 04:15;0.4075
11/05/2025 04:30;0.4099
11/05/2025 04:45;0.4042
11/05/2025 05:00;0.6072
11/05/2025 05:15;0.5708
11/05/2025 05:30;0.5982
11/05/2025 05:45;0.6190
11/05/2025 06:00;1.0527
11/05/2025 06:15;1.0526
11/05/2025 06:30;1.1612
11/05/2025 06:45;1.0853
11/05/2025 07:00;1.3296
11/05/2025 07:15;1.2588
11/05/2025 07:30;1.3223
11/05/2025 07:45;1.3109
11/05/2025 08:00;1.0172
11/05/2025 08:15;1.0076
11/05/2025 08:30;0.9666
11/05/2025 08:45;0.9948
11/05/2025 09:00;0.7345
11/05/2025 09:15;0.7677
11/05/2025 09:30;0.7024
11/05/2025 09:45;0.7183
11/05/2025 10:00;0.6769
11/05/2025 10:15;0.6983
11/05/2025 10:30;0.7189
11/05/2025 10:45;0.6906
11/05/2025 11:00;0.6960
11/05/2025 11:15;0.6992
11/05/2025 11:30;0.7412
11/05/2025 11:45;0.7125
11/05/2025 12:00;0.7160
11/05/2025 12:15;0.7606
11/05/2025 12:30;0.7559
11/05/2025 12:45;0.6832
11/05/2025 13:00;0.6783
11/05/2025 13:15;0.7256
11/05/2025 13:30;0.7249
11/05/2025 13:45;0.7150
11/05/2025 14:00;0.6964
11/05/2025 14:15;0.6465
11/05/2025 14:30;0.6872
11/05/2025 14:45;0.7392
11/05/2025 15:00;0.7204
11/05/2025 15:15;0.6957
11/05/2025 15:30;0.6937
11/05/2025 15:45;0.6841
11/05/2025 16:00;0.7779
11/05/2025 16:15;0.8484
11/05/2025 16:30;0.7870
11/05/2025 16:45;0.8598
11/05/2025 17:00;1.1615
11/05/2025 17:15;1.1198
11/05/2025 17:30;1.0565
11/05/2025 17:45;1.0873
11/05/2025 18:00;1.4401
11/05/2025 18:15;1.3520
11/05/2025 18:30;1.3930
11/05/2025 18:45;1.3467
11/05/2025 19:00;1.5313
11/05/2025 19:15;1.5413
11/05/2025 19:30;1.4393
11/05/2025 19:45;1.4993
11/05/2025 20:00;1.2143
11/05/2025 20:15;1.4329
11/05/2025 20:30;1.3107
11/05/2025 20:45;1.3330
11/05/2025 21:00;1.1446
11/05/2025 21:15;1.0987
11/05/2025 21:30;1.1236
11/05/2025 21:45;1.1588
11/05/2025 22:00;0.7691
11/05/2025 22:15;0.7766
11/05/2025 22:30;0.7664
11/05/2025 22:45;0.7291
11/05/2025 23:00;0.5133
11/05/2025 23:15;0.5124
11/05/2025 23:30;0.5250
11/05/2025 23:45;0.5094
12/05/2025 00:00;0.4076
12/05/2025 00:15;0.4285
12/05/2025 00:30;0.4224
12/05/2025 00:45;0.4398
12/05/2025 01:00;0.3740
12/05/2025 01:15;0.3625
12/05/2025 01:30;0.3722
12/05/2025 01:45;0.3598
12/05/2025 02:00;0.3550
12/05/2025 02:15;0.3521
12/05/2025 02:30;0.3456
12/05/2025 02:45;0.3569
12/05/2025 03:00;0.3576
12/05/2025 03:15;0.3585
12/05/2025 03:30;0.3651
12/05/2025 03:45;0.3610
12/05/2025 04:00;0.4027
12/05/2025 04:15;0.4001
12/05/2025 04:30;0.3995
12/05/2025 04:45;0.4012
12/05/2025 05:00;0.5789
12/05/2025 05:15;0.6352
12/05/2025 05:30;0.6253
12/05/2025 05:45;0.6141
12/05/2025 06:00;1.1726
12/05/2025 06:15;1.1597
12/05/2025 06:30;1.2248
12/05/2025 06:45;1.1196
12/05/2025 07:00;1.4768
12/05/2025 07:15;1.3645
12/05/2025 07:30;1.3971
12/05/2025 07:45;1.3563
12/05/2025 08:00;1.0783
12/05/2025 08:15;1.0232
12/05/2025 08:30;1.0237
12/05/2025 08:45;1.0044
12/05/2025 09:00;0.7735
12/05/2025 09:15;0.7602
12/05/2025 09:30;0.7711
12/05/2025 09:45;0.7644
12/05/2025 10:00;0.7166
12/05/2025 10:15;0.6527
12/05/2025 10:30;0.6955
12/05/2025 10:45;0.7117
12/05/2025 11:00;0.7369
12/05/2025 11:15;0.7304
12/05/2025 11:30;0.7427
12/05/2025 11:45;0.7364
12/05/2025 12:00;0.7991
12/05/2025 12:15;0.7698
12/05/2025 12:30;0.8011
12/05/2025 12:45;0.8001
12/05/2025 13:00;0.7826
12/05/2025 13:15;0.7391
12/05/2025 13:30;0.6986
12/05/2025 13:45;0.7417
12/05/2025 14:00;0.7245
12/05/2025 14:15;0.7043
12/05/2025 14:30;0.6685
12/05/2025 14:45;0.7188
12/05/2025 15:00;0.7353
12/05/2025 15:15;0.7395
12/05/2025 15:30;0.7268
12/05/2025 15:45;0.7241
12/05/2025 16:00;0.8340
12/05/2025 16:15;0.8519
12/05/2025 16:30;0.8495
12/05/2025 16:45;0.8429
12/05/2025 17:00;1.2037
12/05/2025 17:15;1.2899
12/05/2025 17:30;1.1642
12/05/2025 17:45;1.0503
12/05/2025 18:00;1.4528
12/05/2025 18:15;1.4770
12/05/2025 18:30;1.5481
12/05/2025 18:45;1.5047
12/05/2025 19:00;1.6955
12/05/2025 19:15;1.6335
12/05/2025 19:30;1.5402
12/05/2025 19:45;1.5621
12/05/2025 20:00;1.5163
12/05/2025 20:15;1.3916
12/05/2025 20:30;1.3577
12/05/2025 20:45;1.4619
12/05/2025 21:00;1.1477
12/05/2025 21:15;1.1442
12/05/2025 21:30;1.1487
12/05/2025 21:45;1.1817
12/05/2025 22:00;0.7356
12/05/2025 22:15;0.8046
12/05/2025 22:30;0.7961
12/05/2025 22:45;0.8167
12/05/2025 23:00;0.5077
12/05/2025 23:15;0.5427
12/05/2025 23:30;0.5381
12/05/2025 23:45;0.5066
13/05/2025 00:00;0.3801
13/05/2025 00:15;0.3787
13/05/2025 00:30;0.3828
13/05/2025 00:45;0.3716
13/05/2025 01:00;0.3326
13/05/2025 01:15;0.3356
13/05/2025 01:30;0.3401
13/05/2025 01:45;0.3330
13/05/2025 02:00;0.3177
13/05/2025 02:15;0.3246
13/05/2025 02:30;0.3197
13/05/2025 02:45;0.3168
13/05/2025 03:00;0.3220
13/05/2025 03:15;0.3274
13/05/2025 03:30;0.3279
13/05/2025 03:45;0.3258
13/05/2025 04:00;0.3658
13/05/2025 04:15;0.3673
13/05/2025 04:30;0.3690
13/05/2025 04:45;0.3632
13/05/2025 05:00;0.5502
13/05/2025 05:15;0.5528
13/05/2025 05:30;0.5580
13/05/2025 05:45;0.5407
13/05/2025 06:00;1.0050
13/05/2025 06:15;1.0744
13/05/2025 06:30;1.0380
13/05/2025 06:45;1.0280
13/05/2025 07:00;1.1771
13/05/2025 07:15;1.3335
13/05/2025 07:30;1.2483
13/05/2025 07:45;1.2399
13/05/2025 08:00;0.8621
13/05/2025 08:15;0.9555
13/05/2025 08:30;0.9643
13/05/2025 08:45;0.9318
13/05/2025 09:00;0.6732
13/05/2025 09:15;0.6441
13/05/2025 09:30;0.6665
13/05/2025 09:45;0.6527
13/05/2025 10:00;0.6030
13/05/2025 10:15;0.6428
13/05/2025 10:30;0.6763
13/05/2025 10:45;0.6636
13/05/2025 11:00;0.6550
13/05/2025 11:15;0.6632
13/05/2025 11:30;0.6898
13/05/2025 11:45;0.6728
13/05/2025 12:00;0.6783
13/05/2025 12:15;0.6993
13/05/2025 12:30;0.6932
13/05/2025 12:45;0.6949
13/05/2025 13:00;0.6843
13/05/2025 13:15;0.6986
13/05/2025 13:30;0.6700
13/05/2025 13:45;0.6897
13/05/2025 14:00;0.6211
13/05/2025 14:15;0.6714
13/05/2025 14:30;0.6502
13/05/2025 14:45;0.6353
13/05/2025 15:00;0.6309
13/05/2025 15:15;0.6476
13/05/2025 15:30;0.6777
13/05/2025 15:45;0.7130
13/05/2025 16:00;0.7592
13/05/2025 16:15;0.7520
13/05/2025 16:30;0.7620
13/05/2025 16:45;0.7670
13/05/2025 17:00;1.0337
13/05/2025 17:15;1.0762
13/05/2025 17:30;1.0790
13/05/2025 17:45;1.0260
13/05/2025 18:00;1.4367
13/05/2025 18:15;1.4645
13/05/2025 18:30;1.3324
13/05/2025 18:45;1.3915
13/05/2025 19:00;1.5156
13/05/2025 19:15;1.4462
13/05/2025 19:30;1.4139
13/05/2025 19:45;1.5191
13/05/2025 20:00;1.3584
13/05/2025 20:15;1.2700
13/05/2025 20:30;1.2783
13/05/2025 20:45;1.3065
13/05/2025 21:00;1.0637
13/05/2025 21:15;1.0830
13/05/2025 21:30;1.0525
13/05/2025 21:45;1.1012
13/05/2025 22:00;0.7209
13/05/2025 22:15;0.7400
13/05/2025 22:30;0.7507
13/05/2025 22:45;0.6999
13/05/2025 23:00;0.4856
13/05/2025 23:15;0.4949
13/05/2025 23:30;0.4822
13/05/2025 23:45;0.4761
14/05/2025 00:00;0.4049
14/05/2025 00:15;0.4066
14/05/2025 00:30;0.4004
14/05/2025 00:45;0.4015
14/05/2025 01:00;0.3609
14/05/2025 01:15;0.3717
14/05/2025 01:30;0.3615
14/05/2025 01:45;0.3583
14/05/2025 02:00;0.3432
14/05/2025 02:15;0.3451
14/05/2025 02:30;0.3505
14/05/2025 02:45;0.3472
14/05/2025 03:00;0.3525
14/05/2025 03:15;0.3568
14/05/2025 03:30;0.3456
14/05/2025 03:45;0.3544
14/05/2025 04:00;0.4035
14/05/2025 04:15;0.4005
14/05/2025 04:30;0.4033
14/05/2025 04:45;0.3899
14/05/2025 05:00;0.6261
14/05/2025 05:15;0.6065
14/05/2025 05:30;0.6189
14/05/2025 05:45;0.5918
14/05/2025 06:00;1.1198
14/05/2025 06:15;1.1510
14/05/2025 06:30;1.1362
14/05/2025 06:45;1.1771
14/05/2025 07:00;1.3641
14/05/2025 07:15;1.3180
14/05/2025 07:30;1.3615
14/05/2025 07:45;1.3966
14/05/2025 08:00;1.0116
14/05/2025 08:15;1.0322
14/05/2025 08:30;1.0211
14/05/2025 08:45;1.0396
14/05/2025 09:00;0.7302
14/05/2025 09:15;0.7297
14/05/2025 09:30;0.7229
14/05/2025 09:45;0.7317
14/05/2025 10:00;0.6758
14/05/2025 10:15;0.6961
14/05/2025 10:30;0.7132
14/05/2025 10:45;0.6837
14/05/2025 11:00;0.6786
14/05/2025 11:15;0.7258
14/05/2025 11:30;0.7706
14/05/2025 11:45;0.7113
14/05/2025 12:00;0.7238
14/05/2025 12:15;0.7304
14/05/2025 12:30;0.7092
14/05/2025 12:45;0.8139
14/05/2025 13:00;0.7138
14/05/2025 13:15;0.7434
14/05/2025 13:30;0.7431
14/05/2025 13:45;0.7020
14/05/2025 14:00;0.6612
14/05/2025 14:15;0.6707
14/05/2025 14:30;0.7574
14/05/2025 14:45;0.6937
14/05/2025 15:00;0.7458
14/05/2025 15:15;0.7260
14/05/2025 15:30;0.7133
14/05/2025 15:45;0.6812
14/05/2025 16:00;0.8327
14/05/2025 16:15;0.8335
14/05/2025 16:30;0.8546
14/05/2025 16:45;0.8247
14/05/2025 17:00;1.1401
14/05/2025 17:15;1.1402
14/05/2025 17:30;1.1128
14/05/2025 17:45;1.1366
14/05/2025 18:00;1.4116
14/05/2025 18:15;1.4548
14/05/2025 18:30;1.4986
14/05/2025 18:45;1.5475
14/05/2025 19:00;1.4452
14/05/2025 19:15;1.5627
14/05/2025 19:30;1.5979
14/05/2025 19:45;1.5768
14/05/2025 20:00;1.4100
14/05/2025 20:15;1.4460
14/05/2025 20:30;1.4023
14/05/2025 20:45;1.3589
14/05/2025 21:00;1.1194
14/05/2025 21:15;1.1760
14/05/2025 21:30;1.1284
14/05/2025 21:45;1.1174
14/05/2025 22:00;0.8147
14/05/2025 22:15;0.7699
14/05/2025 22:30;0.7877
14/05/2025 22:45;0.7752
14/05/2025 23:00;0.5102
14/05/2025 23:15;0.5235
14/05/2025 23:30;0.5147
14/05/2025 23:45;0.5067
15/05/2025 00:00;0.4200
15/05/2025 00:15;0.4238
15/05/2025 00:30;0.4204
15/05/2025 00:45;0.4258
15/05/2025 01:00;0.3668
15/05/2025 01:15;0.3719
15/05/2025 01:30;0.3526
15/05/2025 01:45;0.3678
15/05/2025 02:00;0.3560
15/05/2025 02:15;0.3599
15/05/2025 02:30;0.3622
15/05/2025 02:45;0.3541
15/05/2025 03:00;0.3669
15/05/2025 03:15;0.3714
15/05/2025 03:30;0.3709
15/05/2025 03:45;0.3600
15/05/2025 04:00;0.3969
15/05/2025 04:15;0.3950
15/05/2025 04:30;0.3970
15/05/2025 04:45;0.4172
15/05/2025 05:00;0.6089
15/05/2025 05:15;0.6186
15/05/2025 05:30;0.5974
15/05/2025 05:45;0.6269
15/05/2025 06:00;1.1574
15/05/2025 06:15;1.1527
15/05/2025 06:30;1.1198
15/05/2025 06:45;1.1616
15/05/2025 07:00;1.3338
15/05/2025 07:15;1.3304
15/05/2025 07:30;1.3307
15/05/2025 07:45;1.4348
15/05/2025 08:00;1.0413
15/05/2025 08:15;0.9987
15/05/2025 08:30;1.0158
15/05/2025 08:45;1.0299
15/05/2025 09:00;0.7573
15/05/2025 09:15;0.7297
15/05/2025 09:30;0.7704
15/05/2025 09:45;0.7645
15/05/2025 10:00;0.7103
15/05/2025 10:15;0.6965
15/05/2025 10:30;0.7251
15/05/2025 10:45;0.7001
15/05/2025 11:00;0.7568
15/05/2025 11:15;0.6974
15/05/2025 11:30;0.7493
15/05/2025 11:45;0.7506
15/05/2025 12:00;0.7695
15/05/2025 12:15;0.7891
15/05/2025 12:30;0.7213
15/05/2025 12:45;0.7577
15/05/2025 13:00;0.7878
15/05/2025 13:15;0.7601
15/05/2025 13:30;0.7740
15/05/2025 13:45;0.7869
15/05/2025 14:00;0.7118
15/05/2025 14:15;0.7370
15/05/2025 14:30;0.7319
15/05/2025 14:45;0.7052
15/05/2025 15:00;0.7629
15/05/2025 15:15;0.7857
15/05/2025 15:30;0.7384
15/05/2025 15:45;0.7267
15/05/2025 16:00;0.8625
15/05/2025 16:15;0.8450
15/05/2025 16:30;0.8767
15/05/2025 16:45;0.8798
15/05/2025 17:00;1.1078
15/05/2025 17:15;1.1179
15/05/2025 17:30;1.1226
15/05/2025 17:45;1.1598
15/05/2025 18:00;1.5370
15/05/2025 18:15;1.5751
15/05/2025 18:30;1.4259
15/05/2025 18:45;1.4836
15/05/2025 19:00;1.5897
15/05/2025 19:15;1.6844
15/05/2025 19:30;1.5701
15/05/2025 19:45;1.6121
15/05/2025 20:00;1.4531
15/05/2025 20:15;1.5560
15/05/2025 20:30;1.4243
15/05/2025 20:45;1.4195
15/05/2025 21:00;1.2557
15/05/2025 21:15;1.1130
15/05/2025 21:30;1.1378
15/05/2025 21:45;1.1677
15/05/2025 22:00;0.8112
15/05/2025 22:15;0.7854
15/05/2025 22:30;0.7774
15/05/2025 22:45;0.7651
15/05/2025 23:00;0.5296
15/05/2025 23:15;0.5256
15/05/2025 23:30;0.5439
15/05/2025 23:45;0.5018
16/05/2025 00:00;0.4341
16/05/2025 00:15;0.4292
16/05/2025 00:30;0.4296
16/05/2025 00:45;0.4277
16/05/2025 01:00;0.3914
16/05/2025 01:15;0.3726
16/05/2025 01:30;0.3910
16/05/2025 01:45;0.3751
16/05/2025 02:00;0.3716
16/05/2025 02:15;0.3634
16/05/2025 02:30;0.3667
16/05/2025 02:45;0.3667
16/05/2025 03:00;0.3659
16/05/2025 03:15;0.3764
16/05/2025 03:30;0.3670
16/05/2025 03:45;0.3614
16/05/2025 04:00;0.4103
16/05/2025 04:15;0.4142
16/05/2025 04:30;0.4109
16/05/2025 04:45;0.3983
16/05/2025 05:00;0.6548
16/05/2025 05:15;0.6271
16/05/2025 05:30;0.6367
16/05/2025 05:45;0.6457
16/05/2025 06:00;1.2468
16/05/2025 06:15;1.0645
16/05/2025 06:30;1.1616
16/05/2025 06:45;1.2237
16/05/2025 07:00;1.4853
16/05/2025 07:15;1.4561
16/05/2025 07:30;1.3854
16/05/2025 07:45;1.4218
16/05/2025 08:00;1.1068
16/05/2025 08:15;1.0577
16/05/2025 08:30;1.1024
16/05/2025 08:45;1.0450
16/05/2025 09:00;0.7867
16/05/2025 09:15;0.7909
16/05/2025 09:30;0.7750
16/05/2025 09:45;0.7620
16/05/2025 10:00;0.7356
16/05/2025 10:15;0.7492
16/05/2025 10:30;0.7467
16/05/2025 10:45;0.7204
16/05/2025 11:00;0.7376
16/05/2025 11:15;0.7668
16/05/2025 11:30;0.7738
16/05/2025 11:45;0.7729
16/05/2025 12:00;0.7875
16/05/2025 12:15;0.7780
16/05/2025 12:30;0.7799
16/05/2025 12:45;0.7612
16/05/2025 13:00;0.7884
16/05/2025 13:15;0.7528
16/05/2025 13:30;0.7678
16/05/2025 13:45;0.7365
16/05/2025 14:00;0.7355
16/05/2025 14:15;0.7596
16/05/2025 14:30;0.7377
16/05/2025 14:45;0.6940
16/05/2025 15:00;0.7464
16/05/2025 15:15;0.7729
16/05/2025 15:30;0.7753
16/05/2025 15:45;0.7763
16/05/2025 16:00;0.9203
16/05/2025 16:15;0.8627
16/05/2025 16:30;0.9021
16/05/2025 16:45;0.8951
16/05/2025 17:00;1.1760
16/05/2025 17:15;1.2409
16/05/2025 17:30;1.2344
16/05/2025 17:45;1.1450
16/05/2025 18:00;1.4300
16/05/2025 18:15;1.5254
16/05/2025 18:30;1.6738
16/05/2025 18:45;1.5823
16/05/2025 19:00;1.7028
16/05/2025 19:15;1.6579
16/05/2025 19:30;1.6525
16/05/2025 19:45;1.5828
16/05/2025 20:00;1.5253
16/05/2025 20:15;1.4045
16/05/2025 20:30;1.4853
16/05/2025 20:45;1.4965
16/05/2025 21:00;1.1193
16/05/2025 21:15;1.2138
16/05/2025 21:30;1.2124
16/05/2025 21:45;1.2153
16/05/2025 22:00;0.8201
16/05/2025 22:15;0.7991
16/05/2025 22:30;0.8361
16/05/2025 22:45;0.8301
16/05/2025 23:00;0.5347
16/05/2025 23:15;0.5568
16/05/2025 23:30;0.5597
16/05/2025 23:45;0.5324
17/05/2025 00:00;0.4286
17/05/2025 00:15;0.4503
17/05/2025 00:30;0.4273
17/05/2025 00:45;0.4353
17/05/2025 01:00;0.3967
17/05/2025 01:15;0.3919
17/05/2025 01:30;0.3925
17/05/2025 01:45;0.3892
17/05/2025 02:00;0.3792
17/05/2025 02:15;0.3806
17/05/2025 02:30;0.3723
17/05/2025 02:45;0.3643
17/05/2025 03:00;0.3725
17/05/2025 03:15;0.3922
17/05/2025 03:30;0.4015
17/05/2025 03:45;0.3849
17/05/2025 04:00;0.4174
17/05/2025 04:15;0.4348
17/05/2025 04:30;0.4304
17/05/2025 04:45;0.4304
17/05/2025 05:00;0.6204
17/05/2025 05:15;0.6659
17/05/2025 05:30;0.6346
17/05/2025 05:45;0.6522
17/05/2025 06:00;1.1576
17/05/2025 06:15;1.1764
17/05/2025 06:30;1.1661
17/05/2025 06:45;1.1694
17/05/2025 07:00;1.3774
17/05/2025 07:15;1.4609
17/05/2025 07:30;1.3511
17/05/2025 07:45;1.4818
17/05/2025 08:00;1.0846
17/05/2025 08:15;1.0209
17/05/2025 08:30;1.0910
17/05/2025 08:45;1.0295
17/05/2025 09:00;0.7775
17/05/2025 09:15;0.7432
17/05/2025 09:30;0.7514
17/05/2025 09:45;0.8006
17/05/2025 10:00;0.7219
17/05/2025 10:15;0.7514
17/05/2025 10:30;0.6931
17/05/2025 10:45;0.7178
17/05/2025 11:00;0.7683
17/05/2025 11:15;0.7502
17/05/2025 11:30;0.7695
17/05/2025 11:45;0.7907
17/05/2025 12:00;0.7464
17/05/2025 12:15;0.7920
17/05/2025 12:30;0.8116
17/05/2025 12:45;0.7819
17/05/2025 13:00;0.7880
17/05/2025 13:15;0.7595
17/05/2025 13:30;0.7318
17/05/2025 13:45;0.7469
17/05/2025 14:00;0.7358
17/05/2025 14:15;0.7379
17/05/2025 14:30;0.7456
17/05/2025 14:45;0.6844
17/05/2025 15:00;0.7856
17/05/2025 15:15;0.7685
17/05/2025 15:30;0.7766
17/05/2025 15:45;0.7928
17/05/2025 16:00;0.8163
17/05/2025 16:15;0.8879
17/05/2025 16:30;0.8753
17/05/2025 16:45;0.8675
17/05/2025 17:00;1.1451
17/05/2025 17:15;1.2249
17/05/2025 17:30;1.1497
17/05/2025 17:45;1.1989
17/05/2025 18:00;1.4511
17/05/2025 18:15;1.5110
17/05/2025 18:30;1.4541
17/05/2025 18:45;1.4712
17/05/2025 19:00;1.4926
17/05/2025 19:15;1.5827
17/05/2025 19:30;1.6843
17/05/2025 19:45;1.6904
17/05/2025 20:00;1.4104
17/05/2025 20:15;1.5652
17/05/2025 20:30;1.4289
17/05/2025 20:45;1.3128
17/05/2025 21:00;1.1578
17/05/2025 21:15;1.1913
17/05/2025 21:30;1.1067
17/05/2025 21:45;1.2002
17/05/2025 22:00;0.8141
17/05/2025 22:15;0.8411
17/05/2025 22:30;0.8149
17/05/2025 22:45;0.7604
17/05/2025 23:00;0.5384
17/05/2025 23:15;0.5372
17/05/2025 23:30;0.5325
17/05/2025 23:45;0.5451
18/05/2025 00:00;0.3852
18/05/2025 00:15;0.4053
18/05/2025 00:30;0.4068
18/05/2025 00:45;0.4012
18/05/2025 01:00;0.3594
18/05/2025 01:15;0.3535
18/05/2025 01:30;0.3535
18/05/2025 01:45;0.3480
18/05/2025 02:00;0.3338
18/05/2025 02:15;0.3368
18/05/2025 02:30;0.3396
18/05/2025 02:45;0.3390
18/05/2025 03:00;0.3405
18/05/2025 03:15;0.3361
18/05/2025 03:30;0.3534
18/05/2025 03:45;0.3389
18/05/2025 04:00;0.3864
18/05/2025 04:15;0.3898
18/05/2025 04:30;0.3793
18/05/2025 04:45;0.3903
18/05/2025 05:00;0.5702
18/05/2025 05:15;0.5738
18/05/2025 05:30;0.5654
18/05/2025 05:45;0.5716
18/05/2025 06:00;0.9870
18/05/2025 06:15;0.9756
18/05/2025 06:30;1.0500
18/05/2025 06:45;0.9554
18/05/2025 07:00;1.2436
18/05/2025 07:15;1.2764
18/05/2025 07:30;1.2456
18/05/2025 07:45;1.2084
18/05/2025 08:00;0.9304
18/05/2025 08:15;0.8935
18/05/2025 08:30;0.9450
18/05/2025 08:45;0.9022
18/05/2025 09:00;0.6946
18/05/2025 09:15;0.6877
18/05/2025 09:30;0.6850
18/05/2025 09:45;0.6731
18/05/2025 10:00;0.6593
18/05/2025 10:15;0.6355
18/05/2025 10:30;0.6500
18/05/2025 10:45;0.6594
18/05/2025 11:00;0.6868
18/05/2025 11:15;0.6933
18/05/2025 11:30;0.7012
18/05/2025 11:45;0.6786
18/05/2025 12:00;0.7256
18/05/2025 12:15;0.6898
18/05/2025 12:30;0.6933
18/05/2025 12:45;0.7078
18/05/2025 13:00;0.6697
18/05/2025 13:15;0.6473
18/05/2025 13:30;0.6702
18/05/2025 13:45;0.6903
18/05/2025 14:00;0.6382
18/05/2025 14:15;0.6247
18/05/2025 14:30;0.6218
18/05/2025 14:45;0.6617
18/05/2025 15:00;0.6641
18/05/2025 15:15;0.6551
18/05/2025 15:30;0.6763
18/05/2025 15:45;0.6967
18/05/2025 16:00;0.7955
18/05/2025 16:15;0.7199
18/05/2025 16:30;0.7307
18/05/2025 16:45;0.7649
18/05/2025 17:00;1.0692
18/05/2025 17:15;1.0338
18/05/2025 17:30;1.0360
18/05/2025 17:45;1.0595
18/05/2025 18:00;1.3540
18/05/2025 18:15;1.3252
18/05/2025 18:30;1.4437
18/05/2025 18:45;1.3865
18/05/2025 19:00;1.4259
18/05/2025 19:15;1.3196
18/05/2025 19:30;1.4211
18/05/2025 19:45;1.4128
18/05/2025 20:00;1.3351
18/05/2025 20:15;1.2679
18/05/2025 20:30;1.2000
18/05/2025 20:45;1.1919
18/05/2025 21:00;1.0223
18/05/2025 21:15;0.9294
18/05/2025 21:30;1.0832
18/05/2025 21:45;1.0419
18/05/2025 22:00;0.7080
18/05/2025 22:15;0.7254
18/05/2025 22:30;0.7093
18/05/2025 22:45;0.7274
18/05/2025 23:00;0.4722
18/05/2025 23:15;0.4759
18/05/2025 23:30;0.4693
18/05/2025 23:45;0.4922
19/05/2025 00:00;0.3926
19/05/2025 00:15;0.3843
19/05/2025 00:30;0.3812
19/05/2025 00:45;0.3877
19/05/2025 01:00;0.3491
19/05/2025 01:15;0.3356
19/05/2025 01:30;0.3485
19/05/2025 01:45;0.3430
19/05/2025 02:00;0.3339
19/05/2025 02:15;0.3313
19/05/2025 02:30;0.3430
19/05/2025 02:45;0.3387
19/05/2025 03:00;0.3390
19/05/2025 03:15;0.3331
19/05/2025 03:30;0.3471
19/05/2025 03:45;0.3389
19/05/2025 04:00;0.3646
19/05/2025 04:15;0.3682
19/05/2025 04:30;0.3684
19/05/2025 04:45;0.3781
19/05/2025 05:00;0.5711
19/05/2025 05:15;0.5654
19/05/2025 05:30;0.5881
19/05/2025 05:45;0.5703
19/05/2025 06:00;1.0312
19/05/2025 06:15;1.0839
19/05/2025 06:30;1.1049
19/05/2025 06:45;1.0846
19/05/2025 07:00;1.2660
19/05/2025 07:15;1.2133
19/05/2025 07:30;1.2264
19/05/2025 07:45;1.3506
19/05/2025 08:00;0.9300
19/05/2025 08:15;0.8788
19/05/2025 08:30;0.9719
19/05/2025 08:45;0.9401
19/05/2025 09:00;0.7133
19/05/2025 09:15;0.6920
19/05/2025 09:30;0.6586
19/05/2025 09:45;0.6373
19/05/2025 10:00;0.6440
19/05/2025 10:15;0.6469
19/05/2025 10:30;0.6584
19/05/2025 10:45;0.6143
19/05/2025 11:00;0.7007
19/05/2025 11:15;0.6984
19/05/2025 11:30;0.7153
19/05/2025 11:45;0.6637
19/05/2025 12:00;0.7050
19/05/2025 12:15;0.6973
19/05/2025 12:30;0.6984
19/05/2025 12:45;0.7258
19/05/2025 13:00;0.6534
19/05/2025 13:15;0.6533
19/05/2025 13:30;0.6649
19/05/2025 13:45;0.6623
19/05/2025 14:00;0.6585
19/05/2025 14:15;0.6345
19/05/2025 14:30;0.6523
19/05/2025 14:45;0.6635
19/05/2025 15:00;0.6667
19/05/2025 15:15;0.6968
19/05/2025 15:30;0.6758
19/05/2025 15:45;0.6920
19/05/2025 16:00;0.7811
19/05/2025 16:15;0.7982
19/05/2025 16:30;0.7842
19/05/2025 16:45;0.7660
19/05/2025 17:00;1.0334
19/05/2025 17:15;1.0686
19/05/2025 17:30;1.0095
19/05/2025 17:45;0.9927
19/05/2025 18:00;1.4090
19/05/2025 18:15;1.4650
19/05/2025 18:30;1.2827
19/05/2025 18:45;1.2983
19/05/2025 19:00;1.4792
19/05/2025 19:15;1.4763
19/05/2025 19:30;1.5413
19/05/2025 19:45;1.4717
19/05/2025 20:00;1.3515
19/05/2025 20:15;1.3326
19/05/2025 20:30;1.2692
19/05/2025 20:45;1.2381
19/05/2025 21:00;1.1186
19/05/2025 21:15;1.0977
19/05/2025 21:30;1.0308
19/05/2025 21:45;1.0671
19/05/2025 22:00;0.7261
19/05/2025 22:15;0.7412
19/05/2025 22:30;0.7573
19/05/2025 22:45;0.7048
19/05/2025 23:00;0.4821
19/05/2025 23:15;0.4605
19/05/2025 23:30;0.4799
19/05/2025 23:45;0.4895
20/05/2025 00:00;0.4571
20/05/2025 00:15;0.4351
20/05/2025 00:30;0.4499
20/05/2025 00:45;0.4685
20/05/2025 01:00;0.3928
20/05/2025 01:15;0.3858
20/05/2025 01:30;0.3786
20/05/2025 01:45;0.3860
20/05/2025 02:00;0.3707
20/05/2025 02:15;0.3659
20/05/2025 02:30;0.3826
20/05/2025 02:45;0.3708
20/05/2025 03:00;0.3774
20/05/2025 03:15;0.3832
20/05/2025 03:30;0.3742
20/05/2025 03:45;0.3756
20/05/2025 04:00;0.4123
20/05/2025 04:15;0.4252
20/05/2025 04:30;0.4122
20/05/2025 04:45;0.4075
20/05/2025 05:00;0.6194
20/05/2025 05:15;0.6467
20/05/2025 05:30;0.6902
20/05/2025 05:45;0.6196
20/05/2025 06:00;1.1934
20/05/2025 06:15;1.0976
20/05/2025 06:30;1.1063
20/05/2025 06:45;1.2354
20/05/2025 07:00;1.5296
20/05/2025 07:15;1.4612
20/05/2025 07:30;1.5395
20/05/2025 07:45;1.5061
20/05/2025 08:00;1.1113
20/05/2025 08:15;1.0925
20/05/2025 08:30;1.0843
20/05/2025 08:45;1.0598
20/05/2025 09:00;0.8018
20/05/2025 09:15;0.7912
20/05/2025 09:30;0.7948
20/05/2025 09:45;0.8196
20/05/2025 10:00;0.7432
20/05/2025 10:15;0.7700
20/05/2025 10:30;0.7730
20/05/2025 10:45;0.7515
20/05/2025 11:00;0.7781
20/05/2025 11:15;0.7573
20/05/2025 11:30;0.7982
20/05/2025 11:45;0.7482
20/05/2025 12:00;0.8525
20/05/2025 12:15;0.8180
20/05/2025 12:30;0.8085
20/05/2025 12:45;0.8034
20/05/2025 13:00;0.8476
20/05/2025 13:15;0.7826
20/05/2025 13:30;0.7888
20/05/2025 13:45;0.7569
20/05/2025 14:00;0.7563
20/05/2025 14:15;0.7262
20/05/2025 14:30;0.7772
20/05/2025 14:45;0.7545
20/05/2025 15:00;0.7453
20/05/2025 15:15;0.7378
20/05/2025 15:30;0.7982
20/05/2025 15:45;0.8122
20/05/2025 16:00;0.8716
20/05/2025 16:15;0.9021
20/05/2025 16:30;0.8831
20/05/2025 16:45;0.9191
20/05/2025 17:00;1.2619
20/05/2025 17:15;1.3033
20/05/2025 17:30;1.2453
20/05/2025 17:45;1.2366
20/05/2025 18:00;1.6247
20/05/2025 18:15;1.5851
20/05/2025 18:30;1.6227
20/05/2025 18:45;1.5575
20/05/2025 19:00;1.6997
20/05/2025 19:15;1.8167
20/05/2025 19:30;1.7749
20/05/2025 19:45;1.7254
20/05/2025 20:00;1.5917
20/05/2025 20:15;1.5211
20/05/2025 20:30;1.6021
20/05/2025 20:45;1.4879
20/05/2025 21:00;1.2973
20/05/2025 21:15;1.1757
20/05/2025 21:30;1.2471
20/05/2025 21:45;1.2318
20/05/2025 22:00;0.8224
20/05/2025 22:15;0.7877
20/05/2025 22:30;0.8317
20/05/2025 22:45;0.8283
20/05/2025 23:00;0.5610
20/05/2025 23:15;0.5433
20/05/2025 23:30;0.5467
20/05/2025 23:45;0.5209
21/05/2025 00:00;0.4077
21/05/2025 00:15;0.4102
21/05/2025 00:30;0.4122
21/05/2025 00:45;0.4180
21/05/2025 01:00;0.3465
21/05/2025 01:15;0.3600
21/05/2025 01:30;0.3616
21/05/2025 01:45;0.3483
21/05/2025 02:00;0.3393
21/05/2025 02:15;0.3344
21/05/2025 02:30;0.3441
21/05/2025 02:45;0.3399
21/05/2025 03:00;0.3400
21/05/2025 03:15;0.3438
21/05/2025 03:30;0.3396
21/05/2025 03:45;0.3445
21/05/2025 04:00;0.3919
21/05/2025 04:15;0.3859
21/05/2025 04:30;0.3905
21/05/2025 04:45;0.3772
21/05/2025 05:00;0.5847
21/05/2025 05:15;0.5952
21/05/2025 05:30;0.5866
21/05/2025 05:45;0.6144
21/05/2025 06:00;1.0594
21/05/2025 06:15;1.0166
21/05/2025 06:30;1.1619
21/05/2025 06:45;1.0715
21/05/2025 07:00;1.3875
21/05/2025 07:15;1.3311
21/05/2025 07:30;1.3827
21/05/2025 07:45;1.4161
21/05/2025 08:00;1.0067
21/05/2025 08:15;1.0169
21/05/2025 08:30;0.9972
21/05/2025 08:45;0.9546
21/05/2025 09:00;0.7234
21/05/2025 09:15;0.7120
21/05/2025 09:30;0.7340
21/05/2025 09:45;0.7192
21/05/2025 10:00;0.6982
21/05/2025 10:15;0.6297
21/05/2025 10:30;0.7032
21/05/2025 10:45;0.7077
21/05/2025 11:00;0.7120
21/05/2025 11:15;0.7018
21/05/2025 11:30;0.7162
21/05/2025 11:45;0.7124
21/05/2025 12:00;0.7353
21/05/2025 12:15;0.7473
21/05/2025 12:30;0.7353
21/05/2025 12:45;0.7752
21/05/2025 13:00;0.7083
21/05/2025 13:15;0.6929
21/05/2025 13:30;0.7325
21/05/2025 13:45;0.7377
21/05/2025 14:00;0.7069
21/05/2025 14:15;0.7019
21/05/2025 14:30;0.6981
21/05/2025 14:45;0.6644
21/05/2025 15:00;0.6866
21/05/2025 15:15;0.7421
21/05/2025 15:30;0.6687
21/05/2025 15:45;0.7657
21/05/2025 16:00;0.8425
21/05/2025 16:15;0.7937
21/05/2025 16:30;0.8401
21/05/2025 16:45;0.8268
21/05/2025 17:00;1.1034
21/05/2025 17:15;1.1210
21/05/2025 17:30;1.1970
21/05/2025 17:45;1.1389
21/05/2025 18:00;1.5164
21/05/2025 18:15;1.5894
21/05/2025 18:30;1.4834
21/05/2025 18:45;1.4675
21/05/2025 19:00;1.5483
21/05/2025 19:15;1.6102
21/05/2025 19:30;1.6408
21/05/2025 19:45;1.5079
21/05/2025 20:00;1.4369
21/05/2025 20:15;1.3761
21/05/2025 20:30;1.3919
21/05/2025 20:45;1.3666
21/05/2025 21:00;1.1439
21/05/2025 21:15;1.1842
21/05/2025 21:30;1.2137
21/05/2025 21:45;1.1078
21/05/2025 22:00;0.7756
21/05/2025 22:15;0.7396
21/05/2025 22:30;0.7205
21/05/2025 22:45;0.7858
21/05/2025 23:00;0.5208
21/05/2025 23:15;0.4823
21/05/2025 23:30;0.4989
21/05/2025 23:45;0.5024
22/05/2025 00:00;0.3908
22/05/2025 00:15;0.3925
22/05/2025 00:30;0.3946
22/05/2025 00:45;0.3917
22/05/2025 01:00;0.3402
22/05/2025 01:15;0.3372
22/05/2025 01:30;0.3341
22/05/2025 01:45;0.3392
22/05/2025 02:00;0.3356
22/05/2025 02:15;0.3270
22/05/2025 02:30;0.3220
22/05/2025 02:45;0.3285
22/05/2025 03:00;0.3325
22/05/2025 03:15;0.3238
22/05/2025 03:30;0.3303
22/05/2025 03:45;0.3262
22/05/2025 04:00;0.3713
22/05/2025 04:15;0.3697
22/05/2025 04:30;0.3721
22/05/2025 04:45;0.3657
22/05/2025 05:00;0.5886
22/05/2025 05:15;0.5590
22/05/2025 05:30;0.5480
22/05/2025 05:45;0.5667
22/05/2025 06:00;1.0474
22/05/2025 06:15;1.0423
22/05/2025 06:30;1.1278
22/05/2025 06:45;1.0856
22/05/2025 07:00;1.2225
22/05/2025 07:15;1.3752
22/05/2025 07:30;1.3521
22/05/2025 07:45;1.2633
22/05/2025 08:00;0.9347
22/05/2025 08:15;0.9136
22/05/2025 08:30;0.9915
22/05/2025 08:45;0.8838
22/05/2025 09:00;0.7165
22/05/2025 09:15;0.6853
22/05/2025 09:30;0.7219
22/05/2025 09:45;0.7053
22/05/2025 10:00;0.6612
22/05/2025 10:15;0.6498
22/05/2025 10:30;0.6534
22/05/2025 10:45;0.6308
22/05/2025 11:00;0.6959
22/05/2025 11:15;0.6818
22/05/2025 11:30;0.6897
22/05/2025 11:45;0.6850
22/05/2025 12:00;0.7015
22/05/2025 12:15;0.7531
22/05/2025 12:30;0.7424
22/05/2025 12:45;0.7262
22/05/2025 13:00;0.6803
22/05/2025 13:15;0.6719
22/05/2025 13:30;0.7210
22/05/2025 13:45;0.7005
22/05/2025 14:00;0.6331
22/05/2025 14:15;0.6632
22/05/2025 14:30;0.6349
22/05/2025 14:45;0.6248
22/05/2025 15:00;0.6911
22/05/2025 15:15;0.6904
22/05/2025 15:30;0.6965
22/05/2025 15:45;0.6460
22/05/2025 16:00;0.8753
22/05/2025 16:15;0.7659
22/05/2025 16:30;0.7752
22/05/2025 16:45;0.7929
22/05/2025 17:00;1.0847
22/05/2025 17:15;1.0640
22/05/2025 17:30;1.0862
22/05/2025 17:45;1.0713
22/05/2025 18:00;1.4439
22/05/2025 18:15;1.3830
22/05/2025 18:30;1.4216
22/05/2025 18:45;1.4090
22/05/2025 19:00;1.5233
22/05/2025 19:15;1.4123
22/05/2025 19:30;1.5287
22/05/2025 19:45;1.5519
22/05/2025 20:00;1.3881
22/05/2025 20:15;1.3866
22/05/2025 20:30;1.3896
22/05/2025 20:45;1.3254
22/05/2025 21:00;1.0616
22/05/2025 21:15;1.1819
22/05/2025 21:30;1.1175
22/05/2025 21:45;1.1428
22/05/2025 22:00;0.7623
22/05/2025 22:15;0.7028
22/05/2025 22:30;0.6941
22/05/2025 22:45;0.7372
22/05/2025 23:00;0.4764
22/05/2025 23:15;0.4888
22/05/2025 23:30;0.5066
22/05/2025 23:45;0.4856
23/05/2025 00:00;0.4155
23/05/2025 00:15;0.4097
23/05/2025 00:30;0.4061
23/05/2025 00:45;0.4048
23/05/2025 01:00;0.3474
23/05/2025 01:15;0.3516
23/05/2025 01:30;0.3438
23/05/2025 01:45;0.3682
23/05/2025 02:00;0.3384
23/05/2025 02:15;0.3419
23/05/2025 02:30;0.3440
23/05/2025 02:45;0.3441
23/05/2025 03:00;0.3439
23/05/2025 03:15;0.3412
23/05/2025 03:30;0.3492
23/05/2025 03:45;0.3463
23/05/2025 04:00;0.3791
23/05/2025 04:15;0.3776
23/05/2025 04:30;0.3807
23/05/2025 04:45;0.3933
23/05/2025 05:00;0.5867
23/05/2025 05:15;0.6151
23/05/2025 05:30;0.6060
23/05/2025 05:45;0.6066
23/05/2025 06:00;1.0821
23/05/2025 06:15;1.0740
23/05/2025 06:30;1.1198
23/05/2025 06:45;1.0630
23/05/2025 07:00;1.3612
23/05/2025 07:15;1.3096
23/05/2025 07:30;1.2874
23/05/2025 07:45;1.4449
23/05/2025 08:00;1.0180
23/05/2025 08:15;1.0139
23/05/2025 08:30;0.9671
23/05/2025 08:45;1.0010
23/05/2025 09:00;0.7355
23/05/2025 09:15;0.6871
23/05/2025 09:30;0.6835
23/05/2025 09:45;0.7778
23/05/2025 10:00;0.6342
23/05/2025 10:15;0.7364
23/05/2025 10:30;0.7245
23/05/2025 10:45;0.6805
23/05/2025 11:00;0.7157
23/05/2025 11:15;0.7136
23/05/2025 11:30;0.6940
23/05/2025 11:45;0.7230
23/05/2025 12:00;0.7631
23/05/2025 12:15;0.7515
23/05/2025 12:30;0.7241
23/05/2025 12:45;0.7534
23/05/2025 13:00;0.7457
23/05/2025 13:15;0.7417
23/05/2025 13:30;0.7703
23/05/2025 13:45;0.6889
23/05/2025 14:00;0.6990
23/05/2025 14:15;0.6852
23/05/2025 14:30;0.6950
23/05/2025 14:45;0.6725
23/05/2025 15:00;0.7915
23/05/2025 15:15;0.7648
23/05/2025 15:30;0.7256
23/05/2025 15:45;0.7024
23/05/2025 16:00;0.8178
23/05/2025 16:15;0.8326
23/05/2025 16:30;0.8308
23/05/2025 16:45;0.8233
23/05/2025 17:00;1.1427
23/05/2025 17:15;1.0603
23/05/2025 17:30;1.1329
23/05/2025 17:45;1.0562
23/05/2025 18:00;1.4953
23/05/2025 18:15;1.4446
23/05/2025 18:30;1.4939
23/05/2025 18:45;1.5490
23/05/2025 19:00;1.6938
23/05/2025 19:15;1.6545
23/05/2025 19:30;1.5589
23/05/2025 19:45;1.6431
23/05/2025 20:00;1.4434
23/05/2025 20:15;1.4016
23/05/2025 20:30;1.4872
23/05/2025 20:45;1.3300
23/05/2025 21:00;1.1605
23/05/2025 21:15;1.1718
23/05/2025 21:30;1.0859
23/05/2025 21:45;1.1470
23/05/2025 22:00;0.7560
23/05/2025 22:15;0.7831
23/05/2025 22:30;0.7776
23/05/2025 22:45;0.7794
23/05/2025 23:00;0.4877
23/05/2025 23:15;0.4816
23/05/2025 23:30;0.5155
23/05/2025 23:45;0.5076
24/05/2025 00:00;0.3870
24/05/2025 00:15;0.3959
24/05/2025 00:30;0.3943
24/05/2025 00:45;0.3748
24/05/2025 01:00;0.3473
24/05/2025 01:15;0.3458
24/05/2025 01:30;0.3604
24/05/2025 01:45;0.3331
24/05/2025 02:00;0.3332
24/05/2025 02:15;0.3231
24/05/2025 02:30;0.3481
24/05/2025 02:45;0.3460
24/05/2025 03:00;0.3454
24/05/2025 03:15;0.3532
24/05/2025 03:30;0.3411
24/05/2025 03:45;0.3452
24/05/2025 04:00;0.3791
24/05/2025 04:15;0.3673
24/05/2025 04:30;0.3847
24/05/2025 04:45;0.3734
24/05/2025 05:00;0.5614
24/05/2025 05:15;0.5777
24/05/2025 05:30;0.5971
24/05/2025 05:45;0.6090
24/05/2025 06:00;1.0696
24/05/2025 06:15;1.0093
24/05/2025 06:30;1.0393
24/05/2025 06:45;1.0419
24/05/2025 07:00;1.2387
24/05/2025 07:15;1.3120
24/05/2025 07:30;1.2447
24/05/2025 07:45;1.2968
24/05/2025 08:00;0.9577
24/05/2025 08:15;0.9733
24/05/2025 08:30;0.9653
24/05/2025 08:45;0.9311
24/05/2025 09:00;0.6632
24/05/2025 09:15;0.6677
24/05/2025 09:30;0.6675
24/05/2025 09:45;0.6988
24/05/2025 10:00;0.6581
24/05/2025 10:15;0.6346
24/05/2025 10:30;0.6393
24/05/2025 10:45;0.6550
24/05/2025 11:00;0.6952
24/05/2025 11:15;0.6836
24/05/2025 11:30;0.6685
24/05/2025 11:45;0.6521
24/05/2025 12:00;0.7608
24/05/2025 12:15;0.7137
24/05/2025 12:30;0.6968
24/05/2025 12:45;0.6731
24/05/2025 13:00;0.7108
24/05/2025 13:15;0.6557
24/05/2025 13:30;0.6509
24/05/2025 13:45;0.6465
24/05/2025 14:00;0.6552
24/05/2025 14:15;0.6553
24/05/2025 14:30;0.6518
24/05/2025 14:45;0.6705
24/05/2025 15:00;0.6786
24/05/2025 15:15;0.6711
24/05/2025 15:30;0.7025
24/05/2025 15:45;0.7071
24/05/2025 16:00;0.7968
24/05/2025 16:15;0.7704
24/05/2025 16:30;0.7793
24/05/2025 16:45;0.7760
24/05/2025 17:00;0.9892
24/05/2025 17:15;0.9956
24/05/2025 17:30;1.0834
24/05/2025 17:45;1.0250
24/05/2025 18:00;1.3044
24/05/2025 18:15;1.3436
24/05/2025 18:30;1.4182
24/05/2025 18:45;1.3379
24/05/2025 19:00;1.4325
24/05/2025 19:15;1.4441
24/05/2025 19:30;1.4177
24/05/2025 19:45;1.5232
24/05/2025 20:00;1.2499
24/05/2025 20:15;1.3179
24/05/2025 20:30;1.2428
24/05/2025 20:45;1.3393
24/05/2025 21:00;1.0890
24/05/2025 21:15;1.0741
24/05/2025 21:30;0.9780
24/05/2025 21:45;1.0066
24/05/2025 22:00;0.7297
24/05/2025 22:15;0.7186
24/05/2025 22:30;0.7352
24/05/2025 22:45;0.7147
24/05/2025 23:00;0.5039
24/05/2025 23:15;0.4798
24/05/2025 23:30;0.4847
24/05/2025 23:45;0.4956
25/05/2025 00:00;0.4010
25/05/2025 00:15;0.3989
25/05/2025 00:30;0.3998
25/05/2025 00:45;0.3992
25/05/2025 01:00;0.3504
25/05/2025 01:15;0.3533
25/05/2025 01:30;0.3567
25/05/2025 01:45;0.3539
25/05/2025 02:00;0.3371
25/05/2025 02:15;0.3426
25/05/2025 02:30;0.3386
25/05/2025 02:45;0.3413
25/05/2025 03:00;0.3499
25/05/2025 03:15;0.3570
25/05/2025 03:30;0.3434
25/05/2025 03:45;0.3512
25/05/2025 04:00;0.3753
25/05/2025 04:15;0.3867
25/05/2025 04:30;0.3803
25/05/2025 04:45;0.3765
25/05/2025 05:00;0.5631
25/05/2025 05:15;0.5660
25/05/2025 05:30;0.5651
25/05/2025 05:45;0.5652
25/05/2025 06:00;1.0126
25/05/2025 06:15;1.0239
25/05/2025 06:30;1.0463
25/05/2025 06:45;0.9608
25/05/2025 07:00;1.2880
25/05/2025 07:15;1.2686
25/05/2025 07:30;1.1334
25/05/2025 07:45;1.1599
25/05/2025 08:00;0.8944
25/05/2025 08:15;0.8915
25/05/2025 08:30;0.9369
25/05/2025 08:45;0.8238
25/05/2025 09:00;0.6551
25/05/2025 09:15;0.7135
25/05/2025 09:30;0.6640
25/05/2025 09:45;0.6998
25/05/2025 10:00;0.6496
25/05/2025 10:15;0.6465
25/05/2025 10:30;0.6291
25/05/2025 10:45;0.6258
25/05/2025 11:00;0.7033
25/05/2025 11:15;0.6566
25/05/2025 11:30;0.6888
25/05/2025 11:45;0.6976
25/05/2025 12:00;0.6909
25/05/2025 12:15;0.7138
25/05/2025 12:30;0.6735
25/05/2025 12:45;0.6828
25/05/2025 13:00;0.6692
25/05/2025 13:15;0.6771
25/05/2025 13:30;0.6641
25/05/2025 13:45;0.6736
25/05/2025 14:00;0.6661
25/05/2025 14:15;0.6132
25/05/2025 14:30;0.6509
25/05/2025 14:45;0.6562
25/05/2025 15:00;0.6505
25/05/2025 15:15;0.6948
25/05/2025 15:30;0.6936
25/05/2025 15:45;0.6672
25/05/2025 16:00;0.7742
25/05/2025 16:15;0.8067
25/05/2025 16:30;0.7887
25/05/2025 16:45;0.8143
25/05/2025 17:00;1.0283
25/05/2025 17:15;1.0273
25/05/2025 17:30;1.1100
25/05/2025 17:45;1.0172
25/05/2025 18:00;1.3086
25/05/2025 18:15;1.3276
25/05/2025 18:30;1.4066
25/05/2025 18:45;1.4197
25/05/2025 19:00;1.4903
25/05/2025 19:15;1.4454
25/05/2025 19:30;1.5391
25/05/2025 19:45;1.4061
25/05/2025 20:00;1.2423
25/05/2025 20:15;1.2894
25/05/2025 20:30;1.2616
25/05/2025 20:45;1.2736
25/05/2025 21:00;1.0490
25/05/2025 21:15;1.0959
25/05/2025 21:30;1.1439
25/05/2025 21:45;1.0512
25/05/2025 22:00;0.7133
25/05/2025 22:15;0.7200
25/05/2025 22:30;0.7240
25/05/2025 22:45;0.7001
25/05/2025 23:00;0.4813
25/05/2025 23:15;0.4880
25/05/2025 23:30;0.4867
25/05/2025 23:45;0.4749
26/05/2025 00:00;0.4446
26/05/2025 00:15;0.4237
26/05/2025 00:30;0.4272
26/05/2025 00:45;0.4253
26/05/2025 01:00;0.3817
26/05/2025 01:15;0.3814
26/05/2025 01:30;0.3872
26/05/2025 01:45;0.3819
26/05/2025 02:00;0.3634
26/05/2025 02:15;0.3703
26/05/2025 02:30;0.3618
26/05/2025 02:45;0.3593
26/05/2025 03:00;0.3772
26/05/2025 03:15;0.3658
26/05/2025 03:30;0.3869
26/05/2025 03:45;0.3719
26/05/2025 04:00;0.4176
26/05/2025 04:15;0.4139
26/05/2025 04:30;0.4270
26/05/2025 04:45;0.4084
26/05/2025 05:00;0.6486
26/05/2025 05:15;0.6107
26/05/2025 05:30;0.6334
26/05/2025 05:45;0.6187
26/05/2025 06:00;1.1414
26/05/2025 06:15;1.1630
26/05/2025 06:30;1.1934
26/05/2025 06:45;1.1114
26/05/2025 07:00;1.4545
26/05/2025 07:15;1.3924
26/05/2025 07:30;1.4940
26/05/2025 07:45;1.5240
26/05/2025 08:00;1.1713
26/05/2025 08:15;1.0620
26/05/2025 08:30;1.0702
26/05/2025 08:45;0.9944
26/05/2025 09:00;0.7798
26/05/2025 09:15;0.7798
26/05/2025 09:30;0.7590
26/05/2025 09:45;0.7539
26/05/2025 10:00;0.7610
26/05/2025 10:15;0.7260
26/05/2025 10:30;0.7066
26/05/2025 10:45;0.7150
26/05/2025 11:00;0.7505
26/05/2025 11:15;0.7601
26/05/2025 11:30;0.7624
26/05/2025 11:45;0.7672
26/05/2025 12:00;0.7912
26/05/2025 12:15;0.7736
26/05/2025 12:30;0.8163
26/05/2025 12:45;0.8259
26/05/2025 13:00;0.7755
26/05/2025 13:15;0.7820
26/05/2025 13:30;0.7387
26/05/2025 13:45;0.7709
26/05/2025 14:00;0.7170
26/05/2025 14:15;0.7285
26/05/2025 14:30;0.6817
26/05/2025 14:45;0.7226
26/05/2025 15:00;0.7194
26/05/2025 15:15;0.8118
26/05/2025 15:30;0.7351
26/05/2025 15:45;0.7712
26/05/2025 16:00;0.8876
26/05/2025 16:15;0.8971
26/05/2025 16:30;0.8848
26/05/2025 16:45;0.8687
26/05/2025 17:00;1.1836
26/05/2025 17:15;1.1520
26/05/2025 17:30;1.1601
26/05/2025 17:45;1.1476
26/05/2025 18:00;1.4632
26/05/2025 18:15;1.5473
26/05/2025 18:30;1.4481
26/05/2025 18:45;1.5492
26/05/2025 19:00;1.5798
26/05/2025 19:15;1.5290
26/05/2025 19:30;1.6345
26/05/2025 19:45;1.7007
26/05/2025 20:00;1.4772
26/05/2025 20:15;1.4536
26/05/2025 20:30;1.5307
26/05/2025 20:45;1.5444
26/05/2025 21:00;1.1783
26/05/2025 21:15;1.1644
26/05/2025 21:30;1.1803
26/05/2025 21:45;1.1921
26/05/2025 22:00;0.7881
26/05/2025 22:15;0.8685
26/05/2025 22:30;0.8721
26/05/2025 22:45;0.7878
26/05/2025 23:00;0.5257
26/05/2025 23:15;0.5257
26/05/2025 23:30;0.5525
26/05/2025 23:45;0.5506
27/05/2025 00:00;0.4183
27/05/2025 00:15;0.4234
27/05/2025 00:30;0.4350
27/05/2025 00:45;0.4226
27/05/2025 01:00;0.3631
27/05/2025 01:15;0.3676
27/05/2025 01:30;0.3617
27/05/2025 01:45;0.3648
27/05/2025 02:00;0.3508
27/05/2025 02:15;0.3557
27/05/2025 02:30;0.3611
27/05/2025 02:45;0.3470
27/05/2025 03:00;0.3587
27/05/2025 03:15;0.3665
27/05/2025 03:30;0.3620
27/05/2025 03:45;0.3760
27/05/2025 04:00;0.4032
27/05/2025 04:15;0.4048
27/05/2025 04:30;0.3945
27/05/2025 04:45;0.4076
27/05/2025 05:00;0.6123
27/05/2025 05:15;0.6320
27/05/2025 05:30;0.6274
27/05/2025 05:45;0.6071
27/05/2025 06:00;1.0941
27/05/2025 06:15;1.1367
27/05/2025 06:30;1.1315
27/05/2025 06:45;1.0411
27/05/2025 07:00;1.3222
27/05/2025 07:15;1.5126
27/05/2025 07:30;1.4903
27/05/2025 07:45;1.3910
27/05/2025 08:00;0.9914
27/05/2025 08:15;0.9367
27/05/2025 08:30;1.0711
27/05/2025 08:45;1.0960
27/05/2025 09:00;0.7604
27/05/2025 09:15;0.7274
27/05/2025 09:30;0.7249
27/05/2025 09:45;0.7170
27/05/2025 10:00;0.7245
27/05/2025 10:15;0.6973
27/05/2025 10:30;0.6876
27/05/2025 10:45;0.7168
27/05/2025 11:00;0.7003
27/05/2025 11:15;0.7275
27/05/2025 11:30;0.7523
27/05/2025 11:45;0.7565
27/05/2025 12:00;0.7964
27/05/2025 12:15;0.7555
27/05/2025 12:30;0.7493
27/05/2025 12:45;0.7773
27/05/2025 13:00;0.7568
27/05/2025 13:15;0.7379
27/05/2025 13:30;0.7267
27/05/2025 13:45;0.7243
27/05/2025 14:00;0.7130
27/05/2025 14:15;0.7509
27/05/2025 14:30;0.7432
27/05/2025 14:45;0.7392
27/05/2025 15:00;0.8041
27/05/2025 15:15;0.7259
27/05/2025 15:30;0.7726
27/05/2025 15:45;0.7293
27/05/2025 16:00;0.8932
27/05/2025 16:15;0.7917
27/05/2025 16:30;0.8474
27/05/2025 16:45;0.8412
27/05/2025 17:00;1.1707
27/05/2025 17:15;1.1560
27/05/2025 17:30;1.1718
27/05/2025 17:45;1.2132
27/05/2025 18:00;1.5776
27/05/2025 18:15;1.4839
27/05/2025 18:30;1.5049
27/05/2025 18:45;1.5490
27/05/2025 19:00;1.5568
27/05/2025 19:15;1.4824
27/05/2025 19:30;1.4870
27/05/2025 19:45;1.5186
27/05/2025 20:00;1.4321
27/05/2025 20:15;1.4911
27/05/2025 20:30;1.3588
27/05/2025 20:45;1.4610
27/05/2025 21:00;1.1922
27/05/2025 21:15;1.1283
27/05/2025 21:30;1.2120
27/05/2025 21:45;1.0687
27/05/2025 22:00;0.7957
27/05/2025 22:15;0.8400
27/05/2025 22:30;0.7847
27/05/2025 22:45;0.7718
27/05/2025 23:00;0.5334
27/05/2025 23:15;0.5190
27/05/2025 23:30;0.5468
27/05/2025 23:45;0.5229
28/05/2025 00:00;0.4008
28/05/2025 00:15;0.4130
28/05/2025 00:30;0.3902
28/05/2025 00:45;0.3962
28/05/2025 01:00;0.3574
28/05/2025 01:15;0.3497
28/05/2025 01:30;0.3564
28/05/2025 01:45;0.3582
28/05/2025 02:00;0.3489
28/05/2025 02:15;0.3498
28/05/2025 02:30;0.3391
28/05/2025 02:45;0.3445
28/05/2025 03:00;0.3476
28/05/2025 03:15;0.3469
28/05/2025 03:30;0.3446
28/05/2025 03:45;0.3573
28/05/2025 04:00;0.3972
28/05/2025 04:15;0.3725
28/05/2025 04:30;0.3785
28/05/2025 04:45;0.3792
28/05/2025 05:00;0.6171
28/05/2025 05:15;0.5753
28/05/2025 05:30;0.5808
28/05/2025 05:45;0.5928
28/05/2025 06:00;1.0547
28/05/2025 06:15;1.1500
28/05/2025 06:30;1.1114
28/05/2025 06:45;1.0640
28/05/2025 07:00;1.3189
28/05/2025 07:15;1.2743
28/05/2025 07:30;1.3299
28/05/2025 07:45;1.3448
28/05/2025 08:00;0.9744
28/05/2025 08:15;0.9600
28/05/2025 08:30;1.0035
28/05/2025 08:45;0.9558
28/05/2025 09:00;0.6861
28/05/2025 09:15;0.7142
28/05/2025 09:30;0.7364
28/05/2025 09:45;0.7125
28/05/2025 10:00;0.6744
28/05/2025 10:15;0.6663
28/05/2025 10:30;0.6612
28/05/2025 10:45;0.6903
28/05/2025 11:00;0.7378
28/05/2025 11:15;0.7284
28/05/2025 11:30;0.7371
28/05/2025 11:45;0.7133
28/05/2025 12:00;0.7293
28/05/2025 12:15;0.7719
28/05/2025 12:30;0.7535
28/05/2025 12:45;0.7503
28/05/2025 13:00;0.7045
28/05/2025 13:15;0.7425
28/05/2025 13:30;0.6676
28/05/2025 13:45;0.6598
28/05/2025 14:00;0.7024
28/05/2025 14:15;0.6805
28/05/2025 14:30;0.6749
28/05/2025 14:45;0.6766
28/05/2025 15:00;0.7194
28/05/2025 15:15;0.7204
28/05/2025 15:30;0.7163
28/05/2025 15:45;0.7239
28/05/2025 16:00;0.8448
28/05/2025 16:15;0.8140
28/05/2025 16:30;0.8349
28/05/2025 16:45;0.8284
28/05/2025 17:00;1.1326
28/05/2025 17:15;1.1178
28/05/2025 17:30;1.1739
28/05/2025 17:45;1.1350
28/05/2025 18:00;1.4345
28/05/2025 18:15;1.3817
28/05/2025 18:30;1.4705
28/05/2025 18:45;1.5472
28/05/2025 19:00;1.5819
28/05/2025 19:15;1.5944
28/05/2025 19:30;1.4426
28/05/2025 19:45;1.5995
28/05/2025 20:00;1.4425
28/05/2025 20:15;1.2857
28/05/2025 20:30;1.4783
28/05/2025 20:45;1.4106
28/05/2025 21:00;1.1502
28/05/2025 21:15;1.1185
28/05/2025 21:30;1.1576
28/05/2025 21:45;1.1410
28/05/2025 22:00;0.7766
28/05/2025 22:15;0.7623
28/05/2025 22:30;0.7633
28/05/2025 22:45;0.7236
28/05/2025 23:00;0.5160
28/05/2025 23:15;0.4761
28/05/2025 23:30;0.4711
28/05/2025 23:45;0.5101
29/05/2025 00:00;0.3981
29/05/2025 00:15;0.3989
29/05/2025 00:30;0.4150
29/05/2025 00:45;0.4193
29/05/2025 01:00;0.3560
29/05/2025 01:15;0.3529
29/05/2025 01:30;0.3513
29/05/2025 01:45;0.3527
29/05/2025 02:00;0.3407
29/05/2025 02:15;0.3420
29/05/2025 02:30;0.3385
29/05/2025 02:45;0.3357
29/05/2025 03:00;0.3450
29/05/2025 03:15;0.3498
29/05/2025 03:30;0.3482
29/05/2025 03:45;0.3493
29/05/2025 04:00;0.3771
29/05/2025 04:15;0.3724
29/05/2025 04:30;0.4030
29/05/2025 04:45;0.3954
29/05/2025 05:00;0.5888
29/05/2025 05:15;0.5864
29/05/2025 05:30;0.5780
29/05/2025 05:45;0.5901
29/05/2025 06:00;1.0815
29/05/2025 06:15;1.1249
29/05/2025 06:30;1.0724
29/05/2025 06:45;1.0557
29/05/2025 07:00;1.3808
29/05/2025 07:15;1.2414
29/05/2025 07:30;1.3228
29/05/2025 07:45;1.3504
29/05/2025 08:00;0.9722
29/05/2025 08:15;0.9415
29/05/2025 08:30;0.9758
29/05/2025 08:45;0.9725
29/05/2025 09:00;0.7176
29/05/2025 09:15;0.7203
29/05/2025 09:30;0.7083
29/05/2025 09:45;0.6760
29/05/2025 10:00;0.6393
29/05/2025 10:15;0.6588
29/05/2025 10:30;0.6790
29/05/2025 10:45;0.6493
29/05/2025 11:00;0.7067
29/05/2025 11:15;0.6719
29/05/2025 11:30;0.6769
29/05/2025 11:45;0.7023
29/05/2025 12:00;0.7364
29/05/2025 12:15;0.7738
29/05/2025 12:30;0.6990
29/05/2025 12:45;0.7301
29/05/2025 13:00;0.7102
29/05/2025 13:15;0.7422
29/05/2025 13:30;0.7120
29/05/2025 13:45;0.7070
29/05/2025 14:00;0.6815
29/05/2025 14:15;0.6593
29/05/2025 14:30;0.6800
29/05/2025 14:45;0.6397
29/05/2025 15:00;0.6926
29/05/2025 15:15;0.7420
29/05/2025 15:30;0.7197
29/05/2025 15:45;0.7360
29/05/2025 16:00;0.8240
29/05/2025 16:15;0.8474
29/05/2025 16:30;0.8011
29/05/2025 16:45;0.8352
29/05/2025 17:00;1.1393
29/05/2025 17:15;1.1188
29/05/2025 17:30;1.0260
29/05/2025 17:45;1.1806
29/05/2025 18:00;1.4370
29/05/2025 18:15;1.4908
29/05/2025 18:30;1.4102
29/05/2025 18:45;1.3698
29/05/2025 19:00;1.4897
29/05/2025 19:15;1.5607
29/05/2025 19:30;1.5600
29/05/2025 19:45;1.5646
29/05/2025 20:00;1.3562
29/05/2025 20:15;1.3632
29/05/2025 20:30;1.3753
29/05/2025 20:45;1.4028
29/05/2025 21:00;1.1735
29/05/2025 21:15;1.0615
29/05/2025 21:30;1.1687
29/05/2025 21:45;1.1349
29/05/2025 22:00;0.7720
29/05/2025 22:15;0.7816
29/05/2025 22:30;0.7816
29/05/2025 22:45;0.7410
29/05/2025 23:00;0.5160
29/05/2025 23:15;0.5091
29/05/2025 23:30;0.4800
29/05/2025 23:45;0.4662
30/05/2025 00:00;0.4455
30/05/2025 00:15;0.4485
30/05/2025 00:30;0.4826
30/05/2025 00:45;0.4643
30/05/2025 01:00;0.3865
30/05/2025 01:15;0.3933
30/05/2025 01:30;0.3876
30/05/2025 01:45;0.3905
30/05/2025 02:00;0.3683
30/05/2025 02:15;0.3732
30/05/2025 02:30;0.3791
30/05/2025 02:45;0.3663
30/05/2025 03:00;0.3903
30/05/2025 03:15;0.3839
30/05/2025 03:30;0.3967
30/05/2025 03:45;0.3742
30/05/2025 04:00;0.4118
30/05/2025 04:15;0.4339
30/05/2025 04:30;0.4251
30/05/2025 04:45;0.4123
30/05/2025 05:00;0.6574
30/05/2025 05:15;0.6604
30/05/2025 05:30;0.6449
30/05/2025 05:45;0.6643
30/05/2025 06:00;1.2452
30/05/2025 06:15;1.2011
30/05/2025 06:30;1.2456
30/05/2025 06:45;1.1797
30/05/2025 07:00;1.5185
30/05/2025 07:15;1.4466
30/05/2025 07:30;1.4927
30/05/2025 07:45;1.5877
30/05/2025 08:00;1.1100
30/05/2025 08:15;1.1052
30/05/2025 08:30;1.1073
30/05/2025 08:45;1.1491
30/05/2025 09:00;0.7591
30/05/2025 09:15;0.7870
30/05/2025 09:30;0.7766
30/05/2025 09:45;0.7759
30/05/2025 10:00;0.7457
30/05/2025 10:15;0.7590
30/05/2025 10:30;0.7468
30/05/2025 10:45;0.7660
30/05/2025 11:00;0.8291
30/05/2025 11:15;0.8106
30/05/2025 11:30;0.7792
30/05/2025 11:45;0.7629
30/05/2025 12:00;0.8538
30/05/2025 12:15;0.8134
30/05/2025 12:30;0.7979
30/05/2025 12:45;0.8625
30/05/2025 13:00;0.8073
30/05/2025 13:15;0.8148
30/05/2025 13:30;0.8052
30/05/2025 13:45;0.7613
30/05/2025 14:00;0.7929
30/05/2025 14:15;0.7482
30/05/2025 14:30;0.7599
30/05/2025 14:45;0.7290
30/05/2025 15:00;0.7990
30/05/2025 15:15;0.7923
30/05/2025 15:30;0.7879
30/05/2025 15:45;0.7688
30/05/2025 16:00;0.9278
30/05/2025 16:15;0.9384
30/05/2025 16:30;0.9387
30/05/2025 16:45;0.8988
30/05/2025 17:00;1.2682
30/05/2025 17:15;1.2275
30/05/2025 17:30;1.2210
30/05/2025 17:45;1.1896
30/05/2025 18:00;1.6425
30/05/2025 18:15;1.6206
30/05/2025 18:30;1.5531
30/05/2025 18:45;1.7604
30/05/2025 19:00;1.9344
30/05/2025 19:15;1.8815
30/05/2025 19:30;1.5983
30/05/2025 19:45;1.5748
30/05/2025 20:00;1.5149
30/05/2025 20:15;1.6261
30/05/2025 20:30;1.5487
30/05/2025 20:45;1.5352
30/05/2025 21:00;1.3611
30/05/2025 21:15;1.3042
30/05/2025 21:30;1.2037
30/05/2025 21:45;1.2654
30/05/2025 22:00;0.8399
30/05/2025 22:15;0.8713
30/05/2025 22:30;0.8073
30/05/2025 22:45;0.8712
30/05/2025 23:00;0.5558
30/05/2025 23:15;0.5372
30/05/2025 23:30;0.5872
30/05/2025 23:45;0.5607
31/05/2025 00:00;0.3767
31/05/2025 00:15;0.3708
31/05/2025 00:30;0.3775
31/05/2025 00:45;0.3845
31/05/2025 01:00;0.3400
31/05/2025 01:15;0.3342
31/05/2025 01:30;0.3384
31/05/2025 01:45;0.3373
31/05/2025 02:00;0.3161
31/05/2025 02:15;0.3300
31/05/2025 02:30;0.3281
31/05/2025 02:45;0.3238
31/05/2025 03:00;0.3391
31/05/2025 03:15;0.3344
31/05/2025 03:30;0.3337
31/05/2025 03:45;0.3417
31/05/2025 04:00;0.3586
31/05/2025 04:15;0.3656
31/05/2025 04:30;0.3568
31/05/2025 04:45;0.3745
31/05/2025 05:00;0.5688
31/05/2025 05:15;0.5708
31/05/2025 05:30;0.5665
31/05/2025 05:45;0.5364
31/05/2025 06:00;0.9865
31/05/2025 06:15;0.9766
31/05/2025 06:30;0.9961
31/05/2025 06:45;0.9776
31/05/2025 07:00;1.1851
31/05/2025 07:15;1.2671
31/05/2025 07:30;1.2654
31/05/2025 07:45;1.2892
31/05/2025 08:00;0.8930
31/05/2025 08:15;0.9160
31/05/2025 08:30;0.8876
31/05/2025 08:45;0.9419
31/05/2025 09:00;0.6507
31/05/2025 09:15;0.6861
31/05/2025 09:30;0.6934
31/05/2025 09:45;0.6877
31/05/2025 10:00;0.6445
31/05/2025 10:15;0.5909
31/05/2025 10:30;0.6241
31/05/2025 10:45;0.6170
31/05/2025 11:00;0.6704
31/05/2025 11:15;0.6384
31/05/2025 11:30;0.6617
31/05/2025 11:45;0.6523
31/05/2025 12:00;0.6709
31/05/2025 12:15;0.6728
31/05/2025 12:30;0.6839
31/05/2025 12:45;0.6584
31/05/2025 13:00;0.6672
31/05/2025 13:15;0.6305
31/05/2025 13:30;0.6602
31/05/2025 13:45;0.6683
31/05/2025 14:00;0.6023
31/05/2025 14:15;0.6235
31/05/2025 14:30;0.6527
31/05/2025 14:45;0.6502
31/05/2025 15:00;0.6618
31/05/2025 15:15;0.6934
31/05/2025 15:30;0.6596
31/05/2025 15:45;0.6900
31/05/2025 16:00;0.7441
31/05/2025 16:15;0.7775
31/05/2025 16:30;0.7374
31/05/2025 16:45;0.7327
31/05/2025 17:00;1.0608
31/05/2025 17:15;0.9604
31/05/2025 17:30;1.0637
31/05/2025 17:45;1.0291
31/05/2025 18:00;1.3611
31/05/2025 18:15;1.3609
31/05/2025 18:30;1.3138
31/05/2025 18:45;1.3339
31/05/2025 19:00;1.4323
31/05/2025 19:15;1.4060
31/05/2025 19:30;1.4085
31/05/2025 19:45;1.5767
31/05/2025 20:00;1.3060
31/05/2025 20:15;1.3111
31/05/2025 20:30;1.2604
31/05/2025 20:45;1.2836
31/05/2025 21:00;1.0441
31/05/2025 21:15;0.9931
31/05/2025 21:30;0.9907
31/05/2025 21:45;0.9437
31/05/2025 22:00;0.7143
31/05/2025 22:15;0.7238
31/05/2025 22:30;0.7288
31/05/2025 22:45;0.7125
31/05/2025 23:00;0.4679
31/05/2025 23:15;0.4647
31/05/2025 23:30;0.4464
31/05/2025 23:45;0.4840
01/06/2025 00:00;0.3336
01/06/2025 00:15;0.3217
01/06/2025 00:30;0.3264
01/06/2025 00:45;0.3227
01/06/2025 01:00;0.2895
01/06/2025 01:15;0.2808
01/06/2025 01:30;0.2902
01/06/2025 01:45;0.2867
01/06/2025 02:00;0.2751
01/06/2025 02:15;0.2770
01/06/2025 02:30;0.2826
01/06/2025 02:45;0.2796
01/06/2025 03:00;0.2762
01/06/2025 03:15;0.2738
01/06/2025 03:30;0.2793
01/06/2025 03:45;0.2745
01/06/2025 04:00;0.3068
01/06/2025 04:15;0.3082
01/06/2025 04:30;0.3074
01/06/2025 04:45;0.3098
01/06/2025 05:00;0.4569
01/06/2025 05:15;0.4518
01/06/2025 05:30;0.4685
01/06/2025 05:45;0.4747
01/06/2025 06:00;0.8386
01/06/2025 06:15;0.8362
01/06/2025 06:30;0.8445
01/06/2025 06:45;0.8986
01/06/2025 07:00;1.0353
01/06/2025 07:15;0.9990
01/06/2025 07:30;1.0280
01/06/2025 07:45;1.0385
01/06/2025 08:00;0.7708
01/06/2025 08:15;0.7793
01/06/2025 08:30;0.7262
01/06/2025 08:45;0.7934
01/06/2025 09:00;0.5380
01/06/2025 09:15;0.5763
01/06/2025 09:30;0.5762
01/06/2025 09:45;0.5897
01/06/2025 10:00;0.5428
01/06/2025 10:15;0.5166
01/06/2025 10:30;0.5262
01/06/2025 10:45;0.5410
01/06/2025 11:00;0.5274
01/06/2025 11:15;0.5812
01/06/2025 11:30;0.5729
01/06/2025 11:45;0.5909
01/06/2025 12:00;0.5575
01/06/2025 12:15;0.6124
01/06/2025 12:30;0.5555
01/06/2025 12:45;0.5486
01/06/2025 13:00;0.5241
01/06/2025 13:15;0.5515
01/06/2025 13:30;0.5697
01/06/2025 13:45;0.5876
01/06/2025 14:00;0.5435
01/06/2025 14:15;0.5256
01/06/2025 14:30;0.5206
01/06/2025 14:45;0.5382
01/06/2025 15:00;0.5560
01/06/2025 15:15;0.5605
01/06/2025 15:30;0.5770
01/06/2025 15:45;0.5850
01/06/2025 16:00;0.6563
01/06/2025 16:15;0.6455
01/06/2025 16:30;0.6208
01/06/2025 16:45;0.6590
01/06/2025 17:00;0.8127
01/06/2025 17:15;0.9056
01/06/2025 17:30;0.8925
01/06/2025 17:45;0.9294
01/06/2025 18:00;1.1330
01/06/2025 18:15;1.1406
01/06/2025 18:30;1.1917
01/06/2025 18:45;1.2240
01/06/2025 19:00;1.1392
01/06/2025 19:15;1.2090
01/06/2025 19:30;1.2563
01/06/2025 19:45;1.1575
01/06/2025 20:00;1.0678
01/06/2025 20:15;1.0295
01/06/2025 20:30;1.1162
01/06/2025 20:45;1.1496
01/06/2025 21:00;0.8778
01/06/2025 21:15;0.9059
01/06/2025 21:30;0.8492
01/06/2025 21:45;0.9130
01/06/2025 22:00;0.5737
01/06/2025 22:15;0.5748
01/06/2025 22:30;0.6013
01/06/2025 22:45;0.6526
01/06/2025 23:00;0.4071
01/06/2025 23:15;0.3939
01/06/2025 23:30;0.4079
01/06/2025 23:45;0.4136
02/06/2025 00:00;0.3520
02/06/2025 00:15;0.3587
02/06/2025 00:30;0.3588
02/06/2025 00:45;0.3555
02/06/2025 01:00;0.3200
02/06/2025 01:15;0.3148
02/06/2025 01:30;0.3064
02/06/2025 01:45;0.3205
02/06/2025 02:00;0.3105
02/06/2025 02:15;0.3086
02/06/2025 02:30;0.3036
02/06/2025 02:45;0.3046
02/06/2025 03:00;0.3070
02/06/2025 03:15;0.3097
02/06/2025 03:30;0.2980
02/06/2025 03:45;0.2989
02/06/2025 04:00;0.3263
02/06/2025 04:15;0.3493
02/06/2025 04:30;0.3398
02/06/2025 04:45;0.3363
02/06/2025 05:00;0.5329
02/06/2025 05:15;0.5229
02/06/2025 05:30;0.5312
02/06/2025 05:45;0.5006
02/06/2025 06:00;1.0387
02/06/2025 06:15;1.0042
02/06/2025 06:30;0.9915
02/06/2025 06:45;0.9286
02/06/2025 07:00;1.2558
02/06/2025 07:15;1.1641
02/06/2025 07:30;1.2121
02/06/2025 07:45;1.1561
02/06/2025 08:00;0.9565
02/06/2025 08:15;0.8992
02/06/2025 08:30;0.8426
02/06/2025 08:45;0.8336
02/06/2025 09:00;0.6086
02/06/2025 09:15;0.6621
02/06/2025 09:30;0.6147
02/06/2025 09:45;0.6670
02/06/2025 10:00;0.6163
02/06/2025 10:15;0.5969
02/06/2025 10:30;0.5954
02/06/2025 10:45;0.6061
02/06/2025 11:00;0.6580
02/06/2025 11:15;0.6382
02/06/2025 11:30;0.6506
02/06/2025 11:45;0.6367
02/06/2025 12:00;0.6574
02/06/2025 12:15;0.6926
02/06/2025 12:30;0.6904
02/06/2025 12:45;0.6470
02/06/2025 13:00;0.6245
02/06/2025 13:15;0.6596
02/06/2025 13:30;0.6314
02/06/2025 13:45;0.5695
02/06/2025 14:00;0.6246
02/06/2025 14:15;0.6045
02/06/2025 14:30;0.5948
02/06/2025 14:45;0.6365
02/06/2025 15:00;0.6510
02/06/2025 15:15;0.6459
02/06/2025 15:30;0.6292
02/06/2025 15:45;0.6691
02/06/2025 16:00;0.7420
02/06/2025 16:15;0.7227
02/06/2025 16:30;0.7286
02/06/2025 16:45;0.6853
02/06/2025 17:00;1.0649
02/06/2025 17:15;1.0085
02/06/2025 17:30;0.9793
02/06/2025 17:45;0.9886
02/06/2025 18:00;1.3393
02/06/2025 18:15;1.2897
02/06/2025 18:30;1.4278
02/06/2025 18:45;1.3451
02/06/2025 19:00;1.3668
02/06/2025 19:15;1.3528
02/06/2025 19:30;1.4065
02/06/2025 19:45;1.3730
02/06/2025 20:00;1.2001
02/06/2025 20:15;1.1429
02/06/2025 20:30;1.2944
02/06/2025 20:45;1.2043
02/06/2025 21:00;0.9901
02/06/2025 21:15;1.0549
02/06/2025 21:30;0.9692
02/06/2025 21:45;1.0551
02/06/2025 22:00;0.6927
02/06/2025 22:15;0.6902
02/06/2025 22:30;0.7082
02/06/2025 22:45;0.6985
02/06/2025 23:00;0.4593
02/06/2025 23:15;0.4434
02/06/2025 23:30;0.4491
02/06/2025 23:45;0.4570
03/06/2025 00:00;0.3905
03/06/2025 00:15;0.3978
03/06/2025 00:30;0.3742
03/06/2025 00:45;0.3938
03/06/2025 01:00;0.3496
03/06/2025 01:15;0.3340
03/06/2025 01:30;0.3450
03/06/2025 01:45;0.3438
03/06/2025 02:00;0.3277
03/06/2025 02:15;0.3314
03/06/2025 02:30;0.3183
03/06/2025 02:45;0.3319
03/06/2025 03:00;0.3347
03/06/2025 03:15;0.3346
03/06/2025 03:30;0.3445
03/06/2025 03:45;0.3353
03/06/2025 04:00;0.3542
03/06/2025 04:15;0.3577
03/06/2025 04:30;0.3598
03/06/2025 04:45;0.3496
03/06/2025 05:00;0.6063
03/06/2025 05:15;0.5657
03/06/2025 05:30;0.5624
03/06/2025 05:45;0.5806
03/06/2025 06:00;1.1271
03/06/2025 06:15;1.1027
03/06/2025 06:30;1.0786
03/06/2025 06:45;1.0906
03/06/2025 07:00;1.3830
03/06/2025 07:15;1.3523
03/06/2025 07:30;1.3808
03/06/2025 07:45;1.2938
03/06/2025 08:00;0.9743
03/06/2025 08:15;0.9842
03/06/2025 08:30;0.9570
03/06/2025 08:45;0.9160
03/06/2025 09:00;0.6935
03/06/2025 09:15;0.7234
03/06/2025 09:30;0.7170
03/06/2025 09:45;0.6865
03/06/2025 10:00;0.6579
03/06/2025 10:15;0.6914
03/06/2025 10:30;0.7015
03/06/2025 10:45;0.6397
03/06/2025 11:00;0.6709
03/06/2025 11:15;0.6814
03/06/2025 11:30;0.7048
03/06/2025 11:45;0.6999
03/06/2025 12:00;0.7443
03/06/2025 12:15;0.7725
03/06/2025 12:30;0.7022
03/06/2025 12:45;0.7594
03/06/2025 13:00;0.6871
03/06/2025 13:15;0.7083
03/06/2025 13:30;0.7333
03/06/2025 13:45;0.6764
03/06/2025 14:00;0.6823
03/06/2025 14:15;0.6656
03/06/2025 14:30;0.6707
03/06/2025 14:45;0.6916
03/06/2025 15:00;0.7051
03/06/2025 15:15;0.7008
03/06/2025 15:30;0.7143
03/06/2025 15:45;0.6778
03/06/2025 16:00;0.8446
03/06/2025 16:15;0.8156
03/06/2025 16:30;0.8129
03/06/2025 16:45;0.8195
03/06/2025 17:00;1.1001
03/06/2025 17:15;1.1085
03/06/2025 17:30;1.1021
03/06/2025 17:45;1.1564
03/06/2025 18:00;1.3994
03/06/2025 18:15;1.5658
03/06/2025 18:30;1.4396
03/06/2025 18:45;1.3904
03/06/2025 19:00;1.5408
03/06/2025 19:15;1.5825
03/06/2025 19:30;1.6383
03/06/2025 19:45;1.5183
03/06/2025 20:00;1.3601
03/06/2025 20:15;1.3299
03/06/2025 20:30;1.3944
03/06/2025 20:45;1.3714
03/06/2025 21:00;1.1229
03/06/2025 21:15;1.1003
03/06/2025 21:30;1.0967
03/06/2025 21:45;1.0632
03/06/2025 22:00;0.7783
03/06/2025 22:15;0.7981
03/06/2025 22:30;0.7636
03/06/2025 22:45;0.7896
03/06/2025 23:00;0.5002
03/06/2025 23:15;0.4955
03/06/2025 23:30;0.4995
03/06/2025 23:45;0.4972
04/06/2025 00:00;0.4154
04/06/2025 00:15;0.4289
04/06/2025 00:30;0.4361
04/06/2025 00:45;0.4196
04/06/2025 01:00;0.3707
04/06/2025 01:15;0.3651
04/06/2025 01:30;0.3544
04/06/2025 01:45;0.3711
04/06/2025 02:00;0.3540
04/06/2025 02:15;0.3673
04/06/2025 02:30;0.3651
04/06/2025 02:45;0.3671
04/06/2025 03:00;0.3663
04/06/2025 03:15;0.3615
04/06/2025 03:30;0.3560
04/06/2025 03:45;0.3797
04/06/2025 04:00;0.3953
04/06/2025 04:15;0.3993
04/06/2025 04:30;0.4033
04/06/2025 04:45;0.4066
04/06/2025 05:00;0.6244
04/06/2025 05:15;0.6040
04/06/2025 05:30;0.5916
04/06/2025 05:45;0.6369
04/06/2025 06:00;1.2047
04/06/2025 06:15;1.1658
04/06/2025 06:30;1.1769
04/06/2025 06:45;1.1403
04/06/2025 07:00;1.5368
04/06/2025 07:15;1.4665
04/06/2025 07:30;1.3307
04/06/2025 07:45;1.3663
04/06/2025 08:00;1.0685
04/06/2025 08:15;1.0882
04/06/2025 08:30;1.1423
04/06/2025 08:45;1.0144
04/06/2025 09:00;0.8071
04/06/2025 09:15;0.7281
04/06/2025 09:30;0.7367
04/06/2025 09:45;0.7718
04/06/2025 10:00;0.7146
04/06/2025 10:15;0.7630
04/06/2025 10:30;0.7523
04/06/2025 10:45;0.7290
04/06/2025 11:00;0.7553
04/06/2025 11:15;0.7891
04/06/2025 11:30;0.8084
04/06/2025 11:45;0.7994
04/06/2025 12:00;0.8240
04/06/2025 12:15;0.7733
04/06/2025 12:30;0.7911
04/06/2025 12:45;0.7543
04/06/2025 13:00;0.7569
04/06/2025 13:15;0.7853
04/06/2025 13:30;0.7767
04/06/2025 13:45;0.7578
04/06/2025 14:00;0.6820
04/06/2025 14:15;0.7160
04/06/2025 14:30;0.7193
04/06/2025 14:45;0.7298
04/06/2025 15:00;0.7702
04/06/2025 15:15;0.8011
04/06/2025 15:30;0.7896
04/06/2025 15:45;0.7580
04/06/2025 16:00;0.9001
04/06/2025 16:15;0.8870
04/06/2025 16:30;0.8536
04/06/2025 16:45;0.8953
04/06/2025 17:00;1.1759
04/06/2025 17:15;1.1166
04/06/2025 17:30;1.2082
04/06/2025 17:45;1.1615
04/06/2025 18:00;1.5817
04/06/2025 18:15;1.5710
04/06/2025 18:30;1.5660
04/06/2025 18:45;1.5606
04/06/2025 19:00;1.7845
04/06/2025 19:15;1.6893
04/06/2025 19:30;1.6785
04/06/2025 19:45;1.7268
04/06/2025 20:00;1.4820
04/06/2025 20:15;1.4359
04/06/2025 20:30;1.5861
04/06/2025 20:45;1.4709
04/06/2025 21:00;1.2057
04/06/2025 21:15;1.1927
04/06/2025 21:30;1.1866
04/06/2025 21:45;1.2436
04/06/2025 22:00;0.8345
04/06/2025 22:15;0.8311
04/06/2025 22:30;0.8290
04/06/2025 22:45;0.8176
04/06/2025 23:00;0.5167
04/06/2025 23:15;0.5260
04/06/2025 23:30;0.5099
04/06/2025 23:45;0.5385
05/06/2025 00:00;0.3808
05/06/2025 00:15;0.3941
05/06/2025 00:30;0.3759
05/06/2025 00:45;0.3888
05/06/2025 01:00;0.3279
05/06/2025 01:15;0.3386
05/06/2025 01:30;0.3207
05/06/2025 01:45;0.3400
05/06/2025 02:00;0.3110
05/06/2025 02:15;0.3267
05/06/2025 02:30;0.3289
05/06/2025 02:45;0.3304
05/06/2025 03:00;0.3221
05/06/2025 03:15;0.3171
05/06/2025 03:30;0.3208
05/06/2025 03:45;0.3222
05/06/2025 04:00;0.3687
05/06/2025 04:15;0.3557
05/06/2025 04:30;0.3588
05/06/2025 04:45;0.3560
05/06/2025 05:00;0.5509
05/06/2025 05:15;0.5698
05/06/2025 05:30;0.5462
05/06/2025 05:45;0.5537
05/06/2025 06:00;1.0307
05/06/2025 06:15;1.0547
05/06/2025 06:30;1.0357
05/06/2025 06:45;1.0864
05/06/2025 07:00;1.3491
05/06/2025 07:15;1.3423
05/06/2025 07:30;1.2969
05/06/2025 07:45;1.3044
05/06/2025 08:00;0.9884
05/06/2025 08:15;0.9127
05/06/2025 08:30;0.9263
05/06/2025 08:45;0.9487
05/06/2025 09:00;0.7106
05/06/2025 09:15;0.6936
05/06/2025 09:30;0.7042
05/06/2025 09:45;0.7357
05/06/2025 10:00;0.6565
05/06/2025 10:15;0.6474
05/06/2025 10:30;0.6646
05/06/2025 10:45;0.6579
05/06/2025 11:00;0.6655
05/06/2025 11:15;0.7070
05/06/2025 11:30;0.6741
05/06/2025 11:45;0.6661
05/06/2025 12:00;0.7741
05/06/2025 12:15;0.7409
05/06/2025 12:30;0.7105
05/06/2025 12:45;0.6887
05/06/2025 13:00;0.6886
05/06/2025 13:15;0.6819
05/06/2025 13:30;0.6617
05/06/2025 13:45;0.6522
05/06/2025 14:00;0.7034
05/06/2025 14:15;0.6535
05/06/2025 14:30;0.6763
05/06/2025 14:45;0.6814
05/06/2025 15:00;0.6454
05/06/2025 15:15;0.6602
05/06/2025 15:30;0.6815
05/06/2025 15:45;0.6382
05/06/2025 16:00;0.7646
05/06/2025 16:15;0.8264
05/06/2025 16:30;0.7889
05/06/2025 16:45;0.7664
05/06/2025 17:00;1.0291
05/06/2025 17:15;1.1502
05/06/2025 17:30;1.1043
05/06/2025 17:45;1.1392
05/06/2025 18:00;1.3380
05/06/2025 18:15;1.4558
05/06/2025 18:30;1.5689
05/06/2025 18:45;1.4346
05/06/2025 19:00;1.6023
05/06/2025 19:15;1.5210
05/06/2025 19:30;1.5696
05/06/2025 19:45;1.5832
05/06/2025 20:00;1.4716
05/06/2025 20:15;1.3642
05/06/2025 20:30;1.3259
05/06/2025 20:45;1.3914
05/06/2025 21:00;1.1139
05/06/2025 21:15;1.0663
05/06/2025 21:30;1.0878
05/06/2025 21:45;1.0977
05/06/2025 22:00;0.7482
05/06/2025 22:15;0.7158
05/06/2025 22:30;0.7642
05/06/2025 22:45;0.7319
05/06/2025 23:00;0.4951
05/06/2025 23:15;0.4662
05/06/2025 23:30;0.4654
05/06/2025 23:45;0.5013
06/06/2025 00:00;0.3692
06/06/2025 00:15;0.3884
06/06/2025 00:30;0.3770
06/06/2025 00:45;0.3915
06/06/2025 01:00;0.3295
06/06/2025 01:15;0.3207
06/06/2025 01:30;0.3115
06/06/2025 01:45;0.3241
06/06/2025 02:00;0.3124
06/06/2025 02:15;0.3122
06/06/2025 02:30;0.3115
06/06/2025 02:45;0.2995
06/06/2025 03:00;0.3083
06/06/2025 03:15;0.3083
06/06/2025 03:30;0.3076
06/06/2025 03:45;0.3221
06/06/2025 04:00;0.3479
06/06/2025 04:15;0.3491
06/06/2025 04:30;0.3448
06/06/2025 04:45;0.3514
06/06/2025 05:00;0.5317
06/06/2025 05:15;0.5536
06/06/2025 05:30;0.5642
06/06/2025 05:45;0.5339
06/06/2025 06:00;1.0824
06/06/2025 06:15;1.0167
06/06/2025 06:30;1.0452
06/06/2025 06:45;1.0262
06/06/2025 07:00;1.2642
06/06/2025 07:15;1.3599
06/06/2025 07:30;1.2823
06/06/2025 07:45;1.2430
06/06/2025 08:00;0.9237
06/06/2025 08:15;0.9673
06/06/2025 08:30;0.9386
06/06/2025 08:45;0.8715
06/06/2025 09:00;0.6648
06/06/2025 09:15;0.6885
06/06/2025 09:30;0.6781
06/06/2025 09:45;0.6539
06/06/2025 10:00;0.6696
06/06/2025 10:15;0.6558
06/06/2025 10:30;0.6228
06/06/2025 10:45;0.6447
06/06/2025 11:00;0.6815
06/06/2025 11:15;0.6726
06/06/2025 11:30;0.6892
06/06/2025 11:45;0.6630
06/06/2025 12:00;0.6681
06/06/2025 12:15;0.7105
06/06/2025 12:30;0.6803
06/06/2025 12:45;0.7027
06/06/2025 13:00;0.7056
06/06/2025 13:15;0.6961
06/06/2025 13:30;0.6802
06/06/2025 13:45;0.6204
06/06/2025 14:00;0.6187
06/06/2025 14:15;0.6344
06/06/2025 14:30;0.6636
06/06/2025 14:45;0.6517
06/06/2025 15:00;0.6727
06/06/2025 15:15;0.6236
06/06/2025 15:30;0.6986
06/06/2025 15:45;0.6499
06/06/2025 16:00;0.7833
06/06/2025 16:15;0.8278
06/06/2025 16:30;0.8202
06/06/2025 16:45;0.7892
06/06/2025 17:00;0.9490
06/06/2025 17:15;1.0237
06/06/2025 17:30;1.0972
06/06/2025 17:45;1.0388
06/06/2025 18:00;1.4236
06/06/2025 18:15;1.4114
06/06/2025 18:30;1.3878
06/06/2025 18:45;1.3931
06/06/2025 19:00;1.5863
06/06/2025 19:15;1.5221
06/06/2025 19:30;1.5121
06/06/2025 19:45;1.4206
06/06/2025 20:00;1.2755
06/06/2025 20:15;1.2668
06/06/2025 20:30;1.2574
06/06/2025 20:45;1.2532
06/06/2025 21:00;0.9665
06/06/2025 21:15;1.0529
06/06/2025 21:30;1.0539
06/06/2025 21:45;1.0888
06/06/2025 22:00;0.6872
06/06/2025 22:15;0.7331
06/06/2025 22:30;0.7308
06/06/2025 22:45;0.7167
06/06/2025 23:00;0.4595
06/06/2025 23:15;0.4561
06/06/2025 23:30;0.4419
06/06/2025 23:45;0.4563
07/06/2025 00:00;0.3835
07/06/2025 00:15;0.4016
07/06/2025 00:30;0.3940
07/06/2025 00:45;0.3989
07/06/2025 01:00;0.3438
07/06/2025 01:15;0.3484
07/06/2025 01:30;0.3384
07/06/2025 01:45;0.3266
07/06/2025 02:00;0.3269
07/06/2025 02:15;0.3326
07/06/2025 02:30;0.3321
07/06/2025 02:45;0.3173
07/06/2025 03:00;0.3315
07/06/2025 03:15;0.3345
07/06/2025 03:30;0.3269
07/06/2025 03:45;0.3271
07/06/2025 04:00;0.3732
07/06/2025 04:15;0.3690
07/06/2025 04:30;0.3713
07/06/2025 04:45;0.3554
07/06/2025 05:00;0.5653
07/06/2025 05:15;0.5325
07/06/2025 05:30;0.5631
07/06/2025 05:45;0.6041
07/06/2025 06:00;1.0096
07/06/2025 06:15;1.0071
07/06/2025 06:30;1.0546
07/06/2025 06:45;1.0367
07/06/2025 07:00;1.3291
07/06/2025 07:15;1.3050
07/06/2025 07:30;1.2981
07/06/2025 07:45;1.2475
07/06/2025 08:00;0.9394
07/06/2025 08:15;0.8960
07/06/2025 08:30;0.9704
07/06/2025 08:45;0.9655
07/06/2025 09:00;0.7098
07/06/2025 09:15;0.6576
07/06/2025 09:30;0.7071
07/06/2025 09:45;0.6887
07/06/2025 10:00;0.6822
07/06/2025 10:15;0.6593
07/06/2025 10:30;0.6739
07/06/2025 10:45;0.6169
07/06/2025 11:00;0.6883
07/06/2025 11:15;0.6489
07/06/2025 11:30;0.6493
07/06/2025 11:45;0.6606
07/06/2025 12:00;0.7549
07/06/2025 12:15;0.6965
07/06/2025 12:30;0.7309
07/06/2025 12:45;0.7140
07/06/2025 13:00;0.6624
07/06/2025 13:15;0.6728
07/06/2025 13:30;0.6483
07/06/2025 13:45;0.6814
07/06/2025 14:00;0.6616
07/06/2025 14:15;0.6414
07/06/2025 14:30;0.6607
07/06/2025 14:45;0.6960
07/06/2025 15:00;0.7284
07/06/2025 15:15;0.7034
07/06/2025 15:30;0.6464
07/06/2025 15:45;0.6806
07/06/2025 16:00;0.7693
07/06/2025 16:15;0.8137
07/06/2025 16:30;0.7661
07/06/2025 16:45;0.7736
07/06/2025 17:00;1.1281
07/06/2025 17:15;1.0647
07/06/2025 17:30;1.0610
07/06/2025 17:45;1.0532
07/06/2025 18:00;1.3893
07/06/2025 18:15;1.3964
07/06/2025 18:30;1.4351
07/06/2025 18:45;1.4700
07/06/2025 19:00;1.4967
07/06/2025 19:15;1.5737
07/06/2025 19:30;1.4624
07/06/2025 19:45;1.4396
07/06/2025 20:00;1.3530
07/06/2025 20:15;1.3386
07/06/2025 20:30;1.3258
07/06/2025 20:45;1.3621
07/06/2025 21:00;1.0706
07/06/2025 21:15;1.1401
07/06/2025 21:30;1.0745
07/06/2025 21:45;1.0753
07/06/2025 22:00;0.7257
07/06/2025 22:15;0.7249
07/06/2025 22:30;0.7532
07/06/2025 22:45;0.7124
07/06/2025 23:00;0.4762
07/06/2025 23:15;0.4831
07/06/2025 23:30;0.4808
07/06/2025 23:45;0.4893
08/06/2025 00:00;0.3707
08/06/2025 00:15;0.3579
08/06/2025 00:30;0.3672
08/06/2025 00:45;0.3714
08/06/2025 01:00;0.3272
08/06/2025 01:15;0.3256
08/06/2025 01:30;0.3129
08/06/2025 01:45;0.3202
08/06/2025 02:00;0.3131
08/06/2025 02:15;0.3154
08/06/2025 02:30;0.3162
08/06/2025 02:45;0.3095
08/06/2025 03:00;0.3199
08/06/2025 03:15;0.3152
08/06/2025 03:30;0.3086
08/06/2025 03:45;0.3132
08/06/2025 04:00;0.3567
08/06/2025 04:15;0.3418
08/06/2025 04:30;0.3593
08/06/2025 04:45;0.3485
08/06/2025 05:00;0.5167
08/06/2025 05:15;0.5360
08/06/2025 05:30;0.5245
08/06/2025 05:45;0.5167
08/06/2025 06:00;0.9225
08/06/2025 06:15;0.9307
08/06/2025 06:30;0.9966
08/06/2025 06:45;0.9383
08/06/2025 07:00;1.2048
08/06/2025 07:15;1.1625
08/06/2025 07:30;1.1816
08/06/2025 07:45;1.1307
08/06/2025 08:00;0.8771
08/06/2025 08:15;0.9303
08/06/2025 08:30;0.8886
08/06/2025 08:45;0.8457
08/06/2025 09:00;0.6275
08/06/2025 09:15;0.6357
08/06/2025 09:30;0.6512
08/06/2025 09:45;0.6362
08/06/2025 10:00;0.6032
08/06/2025 10:15;0.6239
08/06/2025 10:30;0.6070
08/06/2025 10:45;0.6085
08/06/2025 11:00;0.6697
08/06/2025 11:15;0.6373
08/06/2025 11:30;0.6334
08/06/2025 11:45;0.6385
08/06/2025 12:00;0.6312
08/06/2025 12:15;0.6756
08/06/2025 12:30;0.6180
08/06/2025 12:45;0.6518
08/06/2025 13:00;0.6355
08/06/2025 13:15;0.6565
08/06/2025 13:30;0.6212
08/06/2025 13:45;0.6190
08/06/2025 14:00;0.6066
08/06/2025 14:15;0.5950
08/06/2025 14:30;0.6065
08/06/2025 14:45;0.6013
08/06/2025 15:00;0.5973
08/06/2025 15:15;0.6197
08/06/2025 15:30;0.6455
08/06/2025 15:45;0.6414
08/06/2025 16:00;0.7352
08/06/2025 16:15;0.7461
08/06/2025 16:30;0.7278
08/06/2025 16:45;0.7505
08/06/2025 17:00;1.0582
08/06/2025 17:15;0.9728
08/06/2025 17:30;0.9908
08/06/2025 17:45;1.0506
08/06/2025 18:00;1.2150
08/06/2025 18:15;1.2777
08/06/2025 18:30;1.2956
08/06/2025 18:45;1.2518
08/06/2025 19:00;1.4294
08/06/2025 19:15;1.4224
08/06/2025 19:30;1.3127
08/06/2025 19:45;1.3804
08/06/2025 20:00;1.1631
08/06/2025 20:15;1.2260
08/06/2025 20:30;1.2462
08/06/2025 20:45;1.2905
08/06/2025 21:00;1.0259
08/06/2025 21:15;1.0273
08/06/2025 21:30;1.0239
08/06/2025 21:45;1.0263
08/06/2025 22:00;0.7074
08/06/2025 22:15;0.6825
08/06/2025 22:30;0.7108
08/06/2025 22:45;0.6580
08/06/2025 23:00;0.4540
08/06/2025 23:15;0.4590
08/06/2025 23:30;0.4635
08/06/2025 23:45;0.4236
09/06/2025 00:00;0.3693
09/06/2025 00:15;0.3700
09/06/2025 00:30;0.3793
09/06/2025 00:45;0.3598
09/06/2025 01:00;0.3238
09/06/2025 01:15;0.3224
09/06/2025 01:30;0.3283
09/06/2025 01:45;0.3223
09/06/2025 02:00;0.3128
09/06/2025 02:15;0.3135
09/06/2025 02:30;0.3125
09/06/2025 02:45;0.3120
09/06/2025 03:00;0.3190
09/06/2025 03:15;0.3145
09/06/2025 03:30;0.3138
09/06/2025 03:45;0.3214
09/06/2025 04:00;0.3443
09/06/2025 04:15;0.3442
09/06/2025 04:30;0.3408
09/06/2025 04:45;0.3439
09/06/2025 05:00;0.5413
09/06/2025 05:15;0.5562
09/06/2025 05:30;0.5669
09/06/2025 05:45;0.5579
09/06/2025 06:00;0.9515
09/06/2025 06:15;0.9880
09/06/2025 06:30;1.0287
09/06/2025 06:45;1.0771
09/06/2025 07:00;1.2845
09/06/2025 07:15;1.1939
09/06/2025 07:30;1.2612
09/06/2025 07:45;1.1692
09/06/2025 08:00;0.9631
09/06/2025 08:15;0.9531
09/06/2025 08:30;0.9274
09/06/2025 08:45;0.9088
09/06/2025 09:00;0.6692
09/06/2025 09:15;0.6488
09/06/2025 09:30;0.6336
09/06/2025 09:45;0.6562
09/06/2025 10:00;0.6354
09/06/2025 10:15;0.6128
09/06/2025 10:30;0.6738
09/06/2025 10:45;0.6161
09/06/2025 11:00;0.6716
09/06/2025 11:15;0.6352
09/06/2025 11:30;0.6773
09/06/2025 11:45;0.6732
09/06/2025 12:00;0.7003
09/06/2025 12:15;0.6456
09/06/2025 12:30;0.7205
09/06/2025 12:45;0.6469
09/06/2025 13:00;0.6823
09/06/2025 13:15;0.6633
09/06/2025 13:30;0.6681
09/06/2025 13:45;0.6652
09/06/2025 14:00;0.6242
09/06/2025 14:15;0.6046
09/06/2025 14:30;0.6133
09/06/2025 14:45;0.6256
09/06/2025 15:00;0.6761
09/06/2025 15:15;0.6493
09/06/2025 15:30;0.6603
09/06/2025 15:45;0.6618
09/06/2025 16:00;0.7703
09/06/2025 16:15;0.7576
09/06/2025 16:30;0.7453
09/06/2025 16:45;0.8324
09/06/2025 17:00;1.0485
09/06/2025 17:15;1.0216
09/06/2025 17:30;1.0323
09/06/2025 17:45;1.0424
09/06/2025 18:00;1.3785
09/06/2025 18:15;1.3676
09/06/2025 18:30;1.3361
09/06/2025 18:45;1.4130
09/06/2025 19:00;1.5069
09/06/2025 19:15;1.3974
09/06/2025 19:30;1.4266
09/06/2025 19:45;1.4169
09/06/2025 20:00;1.3379
09/06/2025 20:15;1.3422
09/06/2025 20:30;1.3496
09/06/2025 20:45;1.2702
09/06/2025 21:00;1.0656
09/06/2025 21:15;1.0795
09/06/2025 21:30;1.0444
09/06/2025 21:45;1.0750
09/06/2025 22:00;0.7158
09/06/2025 22:15;0.7061
09/06/2025 22:30;0.6945
09/06/2025 22:45;0.7297
09/06/2025 23:00;0.4652
09/06/2025 23:15;0.4808
09/06/2025 23:30;0.4696
09/06/2025 23:45;0.4611
10/06/2025 00:00;0.3778
10/06/2025 00:15;0.3734
10/06/2025 00:30;0.3625
10/06/2025 00:45;0.3577
10/06/2025 01:00;0.3203
10/06/2025 01:15;0.3206
10/06/2025 01:30;0.3165
10/06/2025 01:45;0.3211
10/06/2025 02:00;0.3139
10/06/2025 02:15;0.3056
10/06/2025 02:30;0.3077
10/06/2025 02:45;0.3036
10/06/2025 03:00;0.3175
10/06/2025 03:15;0.3180
10/06/2025 03:30;0.3146
10/06/2025 03:45;0.3181
10/06/2025 04:00;0.3438
10/06/2025 04:15;0.3435
10/06/2025 04:30;0.3475
10/06/2025 04:45;0.3540
10/06/2025 05:00;0.5404
10/06/2025 05:15;0.5062
10/06/2025 05:30;0.5490
10/06/2025 05:45;0.5316
10/06/2025 06:00;0.9649
10/06/2025 06:15;0.9970
10/06/2025 06:30;1.0041
10/06/2025 06:45;0.9777
10/06/2025 07:00;1.2056
10/06/2025 07:15;1.1812
10/06/2025 07:30;1.1825
10/06/2025 07:45;1.1778
10/06/2025 08:00;0.8888
10/06/2025 08:15;0.8626
10/06/2025 08:30;0.9042
10/06/2025 08:45;0.9105
10/06/2025 09:00;0.6382
10/06/2025 09:15;0.6752
10/06/2025 09:30;0.6154
10/06/2025 09:45;0.6551
10/06/2025 10:00;0.6411
10/06/2025 10:15;0.6313
10/06/2025 10:30;0.6096
10/06/2025 10:45;0.6258
10/06/2025 11:00;0.6224
10/06/2025 11:15;0.6653
10/06/2025 11:30;0.6090
10/06/2025 11:45;0.6366
10/06/2025 12:00;0.6793
10/06/2025 12:15;0.6571
10/06/2025 12:30;0.6654
10/06/2025 12:45;0.7024
10/06/2025 13:00;0.6588
10/06/2025 13:15;0.6091
10/06/2025 13:30;0.6592
10/06/2025 13:45;0.6174
10/06/2025 14:00;0.6579
10/06/2025 14:15;0.6170
10/06/2025 14:30;0.6080
10/06/2025 14:45;0.6365
10/06/2025 15:00;0.6320
10/06/2025 15:15;0.6265
10/06/2025 15:30;0.6682
10/06/2025 15:45;0.6374
10/06/2025 16:00;0.7535
10/06/2025 16:15;0.7173
10/06/2025 16:30;0.7518
10/06/2025 16:45;0.7490
10/06/2025 17:00;1.0442
10/06/2025 17:15;1.0636
10/06/2025 17:30;1.0620
10/06/2025 17:45;1.0898
10/06/2025 18:00;1.4482
10/06/2025 18:15;1.3193
10/06/2025 18:30;1.3224
10/06/2025 18:45;1.2575
10/06/2025 19:00;1.4311
10/06/2025 19:15;1.4647
10/06/2025 19:30;1.4295
10/06/2025 19:45;1.4000
10/06/2025 20:00;1.2652
10/06/2025 20:15;1.2406
10/06/2025 20:30;1.2947
10/06/2025 20:45;1.2232
10/06/2025 21:00;1.0050
10/06/2025 21:15;1.0005
10/06/2025 21:30;1.0948
10/06/2025 21:45;1.0031
10/06/2025 22:00;0.7522
10/06/2025 22:15;0.6621
10/06/2025 22:30;0.6950
10/06/2025 22:45;0.6985
10/06/2025 23:00;0.4490
10/06/2025 23:15;0.4468
10/06/2025 23:30;0.4393
10/06/2025 23:45;0.4485
11/06/2025 00:00;0.3741
11/06/2025 00:15;0.3800
11/06/2025 00:30;0.3749
11/06/2025 00:45;0.3721
11/06/2025 01:00;0.3231
11/06/2025 01:15;0.3275
11/06/2025 01:30;0.3396
11/06/2025 01:45;0.3423
11/06/2025 02:00;0.3158
11/06/2025 02:15;0.3101
11/06/2025 02:30;0.3118
11/06/2025 02:45;0.3182
11/06/2025 03:00;0.3297
11/06/2025 03:15;0.3237
11/06/2025 03:30;0.3191
11/06/2025 03:45;0.3102
11/06/2025 04:00;0.3486
11/06/2025 04:15;0.3501
11/06/2025 04:30;0.3521
11/06/2025 04:45;0.3570
11/06/2025 05:00;0.5344
11/06/2025 05:15;0.5465
11/06/2025 05:30;0.5486
11/06/2025 05:45;0.5410
11/06/2025 06:00;0.9673
11/06/2025 06:15;1.0586
11/06/2025 06:30;1.0462
11/06/2025 06:45;1.0328
11/06/2025 07:00;1.4121
11/06/2025 07:15;1.3145
11/06/2025 07:30;1.2042
11/06/2025 07:45;1.1815
11/06/2025 08:00;0.9706
11/06/2025 08:15;0.9244
11/06/2025 08:30;0.9341
11/06/2025 08:45;0.9431
11/06/2025 09:00;0.6821
11/06/2025 09:15;0.7103
11/06/2025 09:30;0.6589
11/06/2025 09:45;0.6944
11/06/2025 10:00;0.6403
11/06/2025 10:15;0.6654
11/06/2025 10:30;0.6265
11/06/2025 10:45;0.6488
11/06/2025 11:00;0.6337
11/06/2025 11:15;0.6705
11/06/2025 11:30;0.6705
11/06/2025 11:45;0.6351
11/06/2025 12:00;0.6847
11/06/2025 12:15;0.7223
11/06/2025 12:30;0.7062
11/06/2025 12:45;0.6942
11/06/2025 13:00;0.6334
11/06/2025 13:15;0.7069
11/06/2025 13:30;0.7087
11/06/2025 13:45;0.6731
11/06/2025 14:00;0.6002
11/06/2025 14:15;0.6579
11/06/2025 14:30;0.6220
11/06/2025 14:45;0.6087
11/06/2025 15:00;0.6570
11/06/2025 15:15;0.6935
11/06/2025 15:30;0.6839
11/06/2025 15:45;0.7105
11/06/2025 16:00;0.8029
11/06/2025 16:15;0.8114
11/06/2025 16:30;0.7990
11/06/2025 16:45;0.8165
11/06/2025 17:00;1.0543
11/06/2025 17:15;1.0652
11/06/2025 17:30;1.0941
11/06/2025 17:45;1.0485
11/06/2025 18:00;1.2912
11/06/2025 18:15;1.3643
11/06/2025 18:30;1.3339
11/06/2025 18:45;1.4480
11/06/2025 19:00;1.4044
11/06/2025 19:15;1.4361
11/06/2025 19:30;1.5120
11/06/2025 19:45;1.5245
11/06/2025 20:00;1.2261
11/06/2025 20:15;1.3005
11/06/2025 20:30;1.3435
11/06/2025 20:45;1.3092
11/06/2025 21:00;1.0457
11/06/2025 21:15;1.0850
11/06/2025 21:30;1.0695
11/06/2025 21:45;1.0520
11/06/2025 22:00;0.7156
11/06/2025 22:15;0.7284
11/06/2025 22:30;0.7176
11/06/2025 22:45;0.6953
11/06/2025 23:00;0.4655
11/06/2025 23:15;0.4615
11/06/2025 23:30;0.4692
11/06/2025 23:45;0.4557
12/06/2025 00:00;0.4021
12/06/2025 00:15;0.3983
12/06/2025 00:30;0.4036
12/06/2025 00:45;0.3903
12/06/2025 01:00;0.3480
12/06/2025 01:15;0.3478
12/06/2025 01:30;0.3483
12/06/2025 01:45;0.3509
12/06/2025 02:00;0.3391
12/06/2025 02:15;0.3315
12/06/2025 02:30;0.3369
12/06/2025 02:45;0.3253
12/06/2025 03:00;0.3387
12/06/2025 03:15;0.3447
12/06/2025 03:30;0.3361
12/06/2025 03:45;0.3362
12/06/2025 04:00;0.3706
12/06/2025 04:15;0.3665
12/06/2025 04:30;0.3728
12/06/2025 04:45;0.3710
12/06/2025 05:00;0.5825
12/06/2025 05:15;0.5599
12/06/2025 05:30;0.5687
12/06/2025 05:45;0.6073
12/06/2025 06:00;1.0933
12/06/2025 06:15;1.0895
12/06/2025 06:30;1.0843
12/06/2025 06:45;1.0933
12/06/2025 07:00;1.3380
12/06/2025 07:15;1.4487
12/06/2025 07:30;1.3022
12/06/2025 07:45;1.3796
12/06/2025 08:00;0.9258
12/06/2025 08:15;0.9572
12/06/2025 08:30;0.9064
12/06/2025 08:45;1.0240
12/06/2025 09:00;0.7079
12/06/2025 09:15;0.7267
12/06/2025 09:30;0.7113
12/06/2025 09:45;0.6984
12/06/2025 10:00;0.6787
12/06/2025 10:15;0.6815
12/06/2025 10:30;0.6755
12/06/2025 10:45;0.7019
12/06/2025 11:00;0.6988
12/06/2025 11:15;0.6923
12/06/2025 11:30;0.7373
12/06/2025 11:45;0.7167
12/06/2025 12:00;0.7386
12/06/2025 12:15;0.7311
12/06/2025 12:30;0.7355
12/06/2025 12:45;0.7592
12/06/2025 13:00;0.7312
12/06/2025 13:15;0.6914
12/06/2025 13:30;0.7425
12/06/2025 13:45;0.7029
12/06/2025 14:00;0.6851
12/06/2025 14:15;0.7088
12/06/2025 14:30;0.6820
12/06/2025 14:45;0.7211
12/06/2025 15:00;0.7402
12/06/2025 15:15;0.6929
12/06/2025 15:30;0.7083
12/06/2025 15:45;0.7151
12/06/2025 16:00;0.8074
12/06/2025 16:15;0.8413
12/06/2025 16:30;0.8477
12/06/2025 16:45;0.8226
12/06/2025 17:00;1.0559
12/06/2025 17:15;1.1314
12/06/2025 17:30;1.0926
12/06/2025 17:45;1.0703
12/06/2025 18:00;1.4754
12/06/2025 18:15;1.4141
12/06/2025 18:30;1.5471
12/06/2025 18:45;1.5034
12/06/2025 19:00;1.6001
12/06/2025 19:15;1.6448
12/06/2025 19:30;1.5474
12/06/2025 19:45;1.5920
12/06/2025 20:00;1.3634
12/06/2025 20:15;1.4568
12/06/2025 20:30;1.4173
12/06/2025 20:45;1.3664
12/06/2025 21:00;1.1409
12/06/2025 21:15;1.0933
12/06/2025 21:30;1.1344
12/06/2025 21:45;1.0663
12/06/2025 22:00;0.7414
12/06/2025 22:15;0.7450
12/06/2025 22:30;0.7957
12/06/2025 22:45;0.7537
12/06/2025 23:00;0.4680
12/06/2025 23:15;0.5088
12/06/2025 23:30;0.4838
12/06/2025 23:45;0.4859
13/06/2025 00:00;0.3659
13/06/2025 00:15;0.3784
13/06/2025 00:30;0.3617
13/06/2025 00:45;0.3719
13/06/2025 01:00;0.3118
13/06/2025 01:15;0.3103
13/06/2025 01:30;0.3014
13/06/2025 01:45;0.3056
13/06/2025 02:00;0.2987
13/06/2025 02:15;0.2978
13/06/2025 02:30;0.2847
13/06/2025 02:45;0.2985
13/06/2025 03:00;0.2971
13/06/2025 03:15;0.2912
13/06/2025 03:30;0.2978
13/06/2025 03:45;0.2957
13/06/2025 04:00;0.3305
13/06/2025 04:15;0.3234
13/06/2025 04:30;0.3368
13/06/2025 04:45;0.3325
13/06/2025 05:00;0.5280
13/06/2025 05:15;0.5043
13/06/2025 05:30;0.4958
13/06/2025 05:45;0.5363
13/06/2025 06:00;1.0018
13/06/2025 06:15;0.9650
13/06/2025 06:30;1.0293
13/06/2025 06:45;0.9990
13/06/2025 07:00;1.1940
13/06/2025 07:15;1.3026
13/06/2025 07:30;1.2479
13/06/2025 07:45;1.2730
13/06/2025 08:00;0.9110
13/06/2025 08:15;0.8559
13/06/2025 08:30;0.9030
13/06/2025 08:45;0.8983
13/06/2025 09:00;0.6334
13/06/2025 09:15;0.6323
13/06/2025 09:30;0.6671
13/06/2025 09:45;0.6585
13/06/2025 10:00;0.6460
13/06/2025 10:15;0.6402
13/06/2025 10:30;0.6417
13/06/2025 10:45;0.6016
13/06/2025 11:00;0.6513
13/06/2025 11:15;0.6302
13/06/2025 11:30;0.6518
13/06/2025 11:45;0.6792
13/06/2025 12:00;0.6725
13/06/2025 12:15;0.6639
13/06/2025 12:30;0.6754
13/06/2025 12:45;0.6421
13/06/2025 13:00;0.6147
13/06/2025 13:15;0.6407
13/06/2025 13:30;0.6422
13/06/2025 13:45;0.6780
13/06/2025 14:00;0.6040
13/06/2025 14:15;0.5876
13/06/2025 14:30;0.5823
13/06/2025 14:45;0.6696
13/06/2025 15:00;0.6599
13/06/2025 15:15;0.6619
13/06/2025 15:30;0.6901
13/06/2025 15:45;0.6431
13/06/2025 16:00;0.7122
13/06/2025 16:15;0.7611
13/06/2025 16:30;0.7622
13/06/2025 16:45;0.7396
13/06/2025 17:00;1.1050
13/06/2025 17:15;1.0409
13/06/2025 17:30;1.0138
13/06/2025 17:45;1.0021
13/06/2025 18:00;1.3441
13/06/2025 18:15;1.3061
13/06/2025 18:30;1.3065
13/06/2025 18:45;1.2162
13/06/2025 19:00;1.3872
13/06/2025 19:15;1.3457
13/06/2025 19:30;1.4169
13/06/2025 19:45;1.3948
13/06/2025 20:00;1.2739
13/06/2025 20:15;1.3060
13/06/2025 20:30;1.2270
13/06/2025 20:45;1.3206
13/06/2025 21:00;1.0162
13/06/2025 21:15;1.0008
13/06/2025 21:30;1.0481
13/06/2025 21:45;1.0459
13/06/2025 22:00;0.6833
13/06/2025 22:15;0.7117
13/06/2025 22:30;0.7195
13/06/2025 22:45;0.7124
13/06/2025 23:00;0.4604
13/06/2025 23:15;0.4468
13/06/2025 23:30;0.4389
13/06/2025 23:45;0.4709
14/06/2025 00:00;0.3651
14/06/2025 00:15;0.3644
14/06/2025 00:30;0.3549
14/06/2025 00:45;0.3688
14/06/2025 01:00;0.3275
14/06/2025 01:15;0.3289
14/06/2025 01:30;0.3254
14/06/2025 01:45;0.3254
14/06/2025 02:00;0.3153
14/06/2025 02:15;0.3240
14/06/2025 02:30;0.3162
14/06/2025 02:45;0.2996
14/06/2025 03:00;0.3196
14/06/2025 03:15;0.3203
14/06/2025 03:30;0.3199
14/06/2025 03:45;0.3173
14/06/2025 04:00;0.3452
14/06/2025 04:15;0.3298
14/06/2025 04:30;0.3473
14/06/2025 04:45;0.3512
14/06/2025 05:00;0.5200
14/06/2025 05:15;0.5323
14/06/2025 05:30;0.5018
14/06/2025 05:45;0.5131
14/06/2025 06:00;0.9534
14/06/2025 06:15;1.0493
14/06/2025 06:30;0.9823
14/06/2025 06:45;0.9656
14/06/2025 07:00;1.1905
14/06/2025 07:15;1.2139
14/06/2025 07:30;1.1951
14/06/2025 07:45;1.3636
14/06/2025 08:00;0.9407
14/06/2025 08:15;0.8592
14/06/2025 08:30;0.8956
14/06/2025 08:45;0.9518
14/06/2025 09:00;0.6641
14/06/2025 09:15;0.6431
14/06/2025 09:30;0.6401
14/06/2025 09:45;0.6740
14/06/2025 10:00;0.6046
14/06/2025 10:15;0.6020
14/06/2025 10:30;0.5776
14/06/2025 10:45;0.6363
14/06/2025 11:00;0.6743
14/06/2025 11:15;0.6801
14/06/2025 11:30;0.6304
14/06/2025 11:45;0.6313
14/06/2025 12:00;0.6770
14/06/2025 12:15;0.6673
14/06/2025 12:30;0.7040
14/06/2025 12:45;0.6750
14/06/2025 13:00;0.6431
14/06/2025 13:15;0.6155
14/06/2025 13:30;0.6840
14/06/2025 13:45;0.6429
14/06/2025 14:00;0.6057
14/06/2025 14:15;0.6080
14/06/2025 14:30;0.6171
14/06/2025 14:45;0.5926
14/06/2025 15:00;0.6513
14/06/2025 15:15;0.6309
14/06/2025 15:30;0.6332
14/06/2025 15:45;0.6591
14/06/2025 16:00;0.7920
14/06/2025 16:15;0.7467
14/06/2025 16:30;0.7318
14/06/2025 16:45;0.7098
14/06/2025 17:00;0.9682
14/06/2025 17:15;0.9715
14/06/2025 17:30;1.0555
14/06/2025 17:45;0.9688
14/06/2025 18:00;1.3978
14/06/2025 18:15;1.3450
14/06/2025 18:30;1.3091
14/06/2025 18:45;1.2826
14/06/2025 19:00;1.3847
14/06/2025 19:15;1.4215
14/06/2025 19:30;1.3709
14/06/2025 19:45;1.4491
14/06/2025 20:00;1.2077
14/06/2025 20:15;1.2749
14/06/2025 20:30;1.3204
14/06/2025 20:45;1.2612
14/06/2025 21:00;1.0504
14/06/2025 21:15;1.0073
14/06/2025 21:30;1.1138
14/06/2025 21:45;0.9952
14/06/2025 22:00;0.7110
14/06/2025 22:15;0.6602
14/06/2025 22:30;0.6470
14/06/2025 22:45;0.7040
14/06/2025 23:00;0.4569
14/06/2025 23:15;0.4639
14/06/2025 23:30;0.4564
14/06/2025 23:45;0.4554
15/06/2025 00:00;0.3555
15/06/2025 00:15;0.3473
15/06/2025 00:30;0.3495
15/06/2025 00:45;0.3549
15/06/2025 01:00;0.3062
15/06/2025 01:15;0.3031
15/06/2025 01:30;0.2989
15/06/2025 01:45;0.3079
15/06/2025 02:00;0.2863
15/06/2025 02:15;0.2816
15/06/2025 02:30;0.3047
15/06/2025 02:45;0.2965
15/06/2025 03:00;0.2959
15/06/2025 03:15;0.2914
15/06/2025 03:30;0.2977
15/06/2025 03:45;0.3038
15/06/2025 04:00;0.3232
15/06/2025 04:15;0.3283
15/06/2025 04:30;0.3334
15/06/2025 04:45;0.3317
15/06/2025 05:00;0.4947
15/06/2025 05:15;0.5148
15/06/2025 05:30;0.5052
15/06/2025 05:45;0.5093
15/06/2025 06:00;0.9339
15/06/2025 06:15;0.9624
15/06/2025 06:30;0.9201
15/06/2025 06:45;0.8592
15/06/2025 07:00;1.2039
15/06/2025 07:15;1.1507
15/06/2025 07:30;1.0610
15/06/2025 07:45;1.1752
15/06/2025 08:00;0.8420
15/06/2025 08:15;0.8567
15/06/2025 08:30;0.8927
15/06/2025 08:45;0.8250
15/06/2025 09:00;0.6085
15/06/2025 09:15;0.6062
15/06/2025 09:30;0.6455
15/06/2025 09:45;0.5979
15/06/2025 10:00;0.5942
15/06/2025 10:15;0.5994
15/06/2025 10:30;0.5932
15/06/2025 10:45;0.5774
15/06/2025 11:00;0.5743
15/06/2025 11:15;0.6130
15/06/2025 11:30;0.5867
15/06/2025 11:45;0.6030
15/06/2025 12:00;0.6428
15/06/2025 12:15;0.6381
15/06/2025 12:30;0.6588
15/06/2025 12:45;0.6202
15/06/2025 13:00;0.5961
15/06/2025 13:15;0.5787
15/06/2025 13:30;0.6403
15/06/2025 13:45;0.6030
15/06/2025 14:00;0.5944
15/06/2025 14:15;0.6005
15/06/2025 14:30;0.5659
15/06/2025 14:45;0.6232
15/06/2025 15:00;0.6150
15/06/2025 15:15;0.6115
15/06/2025 15:30;0.5873
15/06/2025 15:45;0.5864
15/06/2025 16:00;0.6766
15/06/2025 16:15;0.6559
15/06/2025 16:30;0.6958
15/06/2025 16:45;0.6955
15/06/2025 17:00;0.9443
15/06/2025 17:15;0.9784
15/06/2025 17:30;0.9054
15/06/2025 17:45;0.9302
15/06/2025 18:00;1.2275
15/06/2025 18:15;1.2218
15/06/2025 18:30;1.2568
15/06/2025 18:45;1.2721
15/06/2025 19:00;1.3613
15/06/2025 19:15;1.3217
15/06/2025 19:30;1.3383
15/06/2025 19:45;1.3162
15/06/2025 20:00;1.2498
15/06/2025 20:15;1.1664
15/06/2025 20:30;1.1988
15/06/2025 20:45;1.1051
15/06/2025 21:00;0.9484
15/06/2025 21:15;0.9458
15/06/2025 21:30;0.9182
15/06/2025 21:45;0.9666
15/06/2025 22:00;0.6375
15/06/2025 22:15;0.6746
15/06/2025 22:30;0.6761
15/06/2025 22:45;0.6507
15/06/2025 23:00;0.4212
15/06/2025 23:15;0.4345
15/06/2025 23:30;0.4208
15/06/2025 23:45;0.4470
16/06/2025 00:00;0.3893
16/06/2025 00:15;0.3926
16/06/2025 00:30;0.3946
16/06/2025 00:45;0.3899
16/06/2025 01:00;0.3366
16/06/2025 01:15;0.3379
16/06/2025 01:30;0.3366
16/06/2025 01:45;0.3286
16/06/2025 02:00;0.3265
16/06/2025 02:15;0.3198
16/06/2025 02:30;0.3247
16/06/2025 02:45;0.3157
16/06/2025 03:00;0.3285
16/06/2025 03:15;0.3245
16/06/2025 03:30;0.3240
16/06/2025 03:45;0.3175
16/06/2025 04:00;0.3593
16/06/2025 04:15;0.3533
16/06/2025 04:30;0.3717
16/06/2025 04:45;0.3592
16/06/2025 05:00;0.5745
16/06/2025 05:15;0.5705
16/06/2025 05:30;0.5752
16/06/2025 05:45;0.5655
16/06/2025 06:00;0.9956
16/06/2025 06:15;1.0557
16/06/2025 06:30;1.0240
16/06/2025 06:45;1.0920
16/06/2025 07:00;1.4138
16/06/2025 07:15;1.2957
16/06/2025 07:30;1.2299
16/06/2025 07:45;1.2700
16/06/2025 08:00;1.0089
16/06/2025 08:15;0.9491
16/06/2025 08:30;0.9852
16/06/2025 08:45;0.9330
16/06/2025 09:00;0.6736
16/06/2025 09:15;0.6990
16/06/2025 09:30;0.7003
16/06/2025 09:45;0.7103
16/06/2025 10:00;0.6474
16/06/2025 10:15;0.6641
16/06/2025 10:30;0.6633
16/06/2025 10:45;0.6736
16/06/2025 11:00;0.7124
16/06/2025 11:15;0.7083
16/06/2025 11:30;0.7157
16/06/2025 11:45;0.6648
16/06/2025 12:00;0.6622
16/06/2025 12:15;0.7348
16/06/2025 12:30;0.7601
16/06/2025 12:45;0.8150
16/06/2025 13:00;0.6870
16/06/2025 13:15;0.7010
16/06/2025 13:30;0.6778
16/06/2025 13:45;0.6584
16/06/2025 14:00;0.6352
16/06/2025 14:15;0.6741
16/06/2025 14:30;0.6852
16/06/2025 14:45;0.6402
16/06/2025 15:00;0.7065
16/06/2025 15:15;0.6970
16/06/2025 15:30;0.7050
16/06/2025 15:45;0.6299
16/06/2025 16:00;0.7993
16/06/2025 16:15;0.8024
16/06/2025 16:30;0.7709
16/06/2025 16:45;0.8219
16/06/2025 17:00;1.0629
16/06/2025 17:15;1.0819
16/06/2025 17:30;1.0879
16/06/2025 17:45;1.0963
16/06/2025 18:00;1.3847
16/06/2025 18:15;1.4458
16/06/2025 18:30;1.4659
16/06/2025 18:45;1.4329
16/06/2025 19:00;1.5761
16/06/2025 19:15;1.4520
16/06/2025 19:30;1.6367
16/06/2025 19:45;1.4514
16/06/2025 20:00;1.3914
16/06/2025 20:15;1.4819
16/06/2025 20:30;1.3970
16/06/2025 20:45;1.3388
16/06/2025 21:00;1.1307
16/06/2025 21:15;1.0368
16/06/2025 21:30;1.1226
16/06/2025 21:45;1.1462
16/06/2025 22:00;0.7607
16/06/2025 22:15;0.7373
16/06/2025 22:30;0.7489
16/06/2025 22:45;0.7592
16/06/2025 23:00;0.4973
16/06/2025 23:15;0.4995
16/06/2025 23:30;0.4891
16/06/2025 23:45;0.4979
17/06/2025 00:00;0.3943
17/06/2025 00:15;0.3933
17/06/2025 00:30;0.3859
17/06/2025 00:45;0.3775
17/06/2025 01:00;0.3455
17/06/2025 01:15;0.3446
17/06/2025 01:30;0.3314
17/06/2025 01:45;0.3419
17/06/2025 02:00;0.3348
17/06/2025 02:15;0.3280
17/06/2025 02:30;0.3317
17/06/2025 02:45;0.3252
17/06/2025 03:00;0.3294
17/06/2025 03:15;0.3304
17/06/2025 03:30;0.3363
17/06/2025 03:45;0.3342
17/06/2025 04:00;0.3690
17/06/2025 04:15;0.3674
17/06/2025 04:30;0.3725
17/06/2025 04:45;0.3742
17/06/2025 05:00;0.5491
17/06/2025 05:15;0.5665
17/06/2025 05:30;0.5756
17/06/2025 05:45;0.5828
17/06/2025 06:00;1.0393
17/06/2025 06:15;1.0642
17/06/2025 06:30;1.0191
17/06/2025 06:45;1.1194
17/06/2025 07:00;1.3538
17/06/2025 07:15;1.3023
17/06/2025 07:30;1.2334
17/06/2025 07:45;1.3160
17/06/2025 08:00;0.9652
17/06/2025 08:15;0.9680
17/06/2025 08:30;0.9570
17/06/2025 08:45;0.9329
17/06/2025 09:00;0.6766
17/06/2025 09:15;0.6922
17/06/2025 09:30;0.6687
17/06/2025 09:45;0.7001
17/06/2025 10:00;0.6664
17/06/2025 10:15;0.6583
17/06/2025 10:30;0.6418
17/06/2025 10:45;0.6541
17/06/2025 11:00;0.7015
17/06/2025 11:15;0.7287
17/06/2025 11:30;0.7062
17/06/2025 11:45;0.6727
17/06/2025 12:00;0.7585
17/06/2025 12:15;0.7098
17/06/2025 12:30;0.6983
17/06/2025 12:45;0.7310
17/06/2025 13:00;0.7116
17/06/2025 13:15;0.6967
17/06/2025 13:30;0.7130
17/06/2025 13:45;0.6733
17/06/2025 14:00;0.6476
17/06/2025 14:15;0.6452
17/06/2025 14:30;0.6795
17/06/2025 14:45;0.6763
17/06/2025 15:00;0.6962
17/06/2025 15:15;0.6918
17/06/2025 15:30;0.7082
17/06/2025 15:45;0.7172
17/06/2025 16:00;0.8375
17/06/2025 16:15;0.7924
17/06/2025 16:30;0.8056
17/06/2025 16:45;0.7806
17/06/2025 17:00;1.1352
17/06/2025 17:15;1.1319
17/06/2025 17:30;1.1178
17/06/2025 17:45;1.1349
17/06/2025 18:00;1.5357
17/06/2025 18:15;1.4494
17/06/2025 18:30;1.4274
17/06/2025 18:45;1.5036
17/06/2025 19:00;1.4352
17/06/2025 19:15;1.4499
17/06/2025 19:30;1.5937
17/06/2025 19:45;1.4873
17/06/2025 20:00;1.3339
17/06/2025 20:15;1.3363
17/06/2025 20:30;1.3482
17/06/2025 20:45;1.4692
17/06/2025 21:00;1.0990
17/06/2025 21:15;1.1407
17/06/2025 21:30;1.0907
17/06/2025 21:45;1.0440
17/06/2025 22:00;0.7482
17/06/2025 22:15;0.7421
17/06/2025 22:30;0.7247
17/06/2025 22:45;0.6983
17/06/2025 23:00;0.4939
17/06/2025 23:15;0.4964
17/06/2025 23:30;0.4834
17/06/2025 23:45;0.5089
18/06/2025 00:00;0.3936
18/06/2025 00:15;0.3995
18/06/2025 00:30;0.3939
18/06/2025 00:45;0.4003
18/06/2025 01:00;0.3504
18/06/2025 01:15;0.3534
18/06/2025 01:30;0.3456
18/06/2025 01:45;0.3474
18/06/2025 02:00;0.3397
18/06/2025 02:15;0.3434
18/06/2025 02:30;0.3352
18/06/2025 02:45;0.3297
18/06/2025 03:00;0.3366
18/06/2025 03:15;0.3409
18/06/2025 03:30;0.3419
18/06/2025 03:45;0.3406
18/06/2025 04:00;0.3691
18/06/2025 04:15;0.3657
18/06/2025 04:30;0.3839
18/06/2025 04:45;0.3714
18/06/2025 05:00;0.5973
18/06/2025 05:15;0.5818
18/06/2025 05:30;0.6097
18/06/2025 05:45;0.5729
18/06/2025 06:00;1.1052
18/06/2025 06:15;1.1097
18/06/2025 06:30;1.0884
18/06/2025 06:45;1.1405
18/06/2025 07:00;1.3347
18/06/2025 07:15;1.3639
18/06/2025 07:30;1.3174
18/06/2025 07:45;1.3481
18/06/2025 08:00;0.9830
18/06/2025 08:15;0.9571
18/06/2025 08:30;1.0089
18/06/2025 08:45;1.0257
18/06/2025 09:00;0.7080
18/06/2025 09:15;0.7377
18/06/2025 09:30;0.7421
18/06/2025 09:45;0.7136
18/06/2025 10:00;0.7067
18/06/2025 10:15;0.6971
18/06/2025 10:30;0.6563
18/06/2025 10:45;0.7037
18/06/2025 11:00;0.6990
18/06/2025 11:15;0.7421
18/06/2025 11:30;0.7260
18/06/2025 11:45;0.6816
18/06/2025 12:00;0.7252
18/06/2025 12:15;0.7523
18/06/2025 12:30;0.7330
18/06/2025 12:45;0.7506
18/06/2025 13:00;0.7340
18/06/2025 13:15;0.7418
18/06/2025 13:30;0.7154
18/06/2025 13:45;0.7344
18/06/2025 14:00;0.7154
18/06/2025 14:15;0.6944
18/06/2025 14:30;0.6667
18/06/2025 14:45;0.6683
18/06/2025 15:00;0.7196
18/06/2025 15:15;0.6944
18/06/2025 15:30;0.7029
18/06/2025 15:45;0.7050
18/06/2025 16:00;0.7993
18/06/2025 16:15;0.8496
18/06/2025 16:30;0.8250
18/06/2025 16:45;0.8162
18/06/2025 17:00;1.1435
18/06/2025 17:15;1.0563
18/06/2025 17:30;1.1479
18/06/2025 17:45;1.1830
18/06/2025 18:00;1.4467
18/06/2025 18:15;1.4736
18/06/2025 18:30;1.3705
18/06/2025 18:45;1.5260
18/06/2025 19:00;1.5433
18/06/2025 19:15;1.5836
18/06/2025 19:30;1.5100
18/06/2025 19:45;1.6564
18/06/2025 20:00;1.5399
18/06/2025 20:15;1.4440
18/06/2025 20:30;1.3983
18/06/2025 20:45;1.3659
18/06/2025 21:00;1.2009
18/06/2025 21:15;1.1693
18/06/2025 21:30;1.1598
18/06/2025 21:45;1.1714
18/06/2025 22:00;0.7784
18/06/2025 22:15;0.7721
18/06/2025 22:30;0.7638
18/06/2025 22:45;0.8194
18/06/2025 23:00;0.5160
18/06/2025 23:15;0.5011
18/06/2025 23:30;0.5050
18/06/2025 23:45;0.5159
19/06/2025 00:00;0.3649
19/06/2025 00:15;0.3478
19/06/2025 00:30;0.3555
19/06/2025 00:45;0.3500
19/06/2025 01:00;0.3131
19/06/2025 01:15;0.3114
19/06/2025 01:30;0.3069
19/06/2025 01:45;0.3220
19/06/2025 02:00;0.3060
19/06/2025 02:15;0.3011
19/06/2025 02:30;0.2986
19/06/2025 02:45;0.3064
19/06/2025 03:00;0.3070
19/06/2025 03:15;0.2953
19/06/2025 03:30;0.3005
19/06/2025 03:45;0.3071
19/06/2025 04:00;0.3373
19/06/2025 04:15;0.3346
19/06/2025 04:30;0.3432
19/06/2025 04:45;0.3344
19/06/2025 05:00;0.5428
19/06/2025 05:15;0.5408
19/06/2025 05:30;0.5162
19/06/2025 05:45;0.5363
19/06/2025 06:00;0.9934
19/06/2025 06:15;0.9530
19/06/2025 06:30;0.9673
19/06/2025 06:45;0.9454
19/06/2025 07:00;1.1387
19/06/2025 07:15;1.2146
19/06/2025 07:30;1.2017
19/06/2025 07:45;1.2537
19/06/2025 08:00;0.8591
19/06/2025 08:15;0.8710
19/06/2025 08:30;0.8675
19/06/2025 08:45;0.8881
19/06/2025 09:00;0.6621
19/06/2025 09:15;0.6372
19/06/2025 09:30;0.6091
19/06/2025 09:45;0.6736
19/06/2025 10:00;0.6161
19/06/2025 10:15;0.6372
19/06/2025 10:30;0.5832
19/06/2025 10:45;0.5984
19/06/2025 11:00;0.6524
19/06/2025 11:15;0.6399
19/06/2025 11:30;0.6620
19/06/2025 11:45;0.6392
19/06/2025 12:00;0.6083
19/06/2025 12:15;0.6540
19/06/2025 12:30;0.6424
19/06/2025 12:45;0.6760
19/06/2025 13:00;0.6648
19/06/2025 13:15;0.6166
19/06/2025 13:30;0.6551
19/06/2025 13:45;0.6546
19/06/2025 14:00;0.6095
19/06/2025 14:15;0.6367
19/06/2025 14:30;0.6005
19/06/2025 14:45;0.6155
19/06/2025 15:00;0.6285
19/06/2025 15:15;0.6799
19/06/2025 15:30;0.6296
19/06/2025 15:45;0.6502
19/06/2025 16:00;0.6839
19/06/2025 16:15;0.7348
19/06/2025 16:30;0.7624
19/06/2025 16:45;0.7469
19/06/2025 17:00;1.0414
19/06/2025 17:15;0.9731
19/06/2025 17:30;1.0394
19/06/2025 17:45;0.9971
19/06/2025 18:00;1.2573
19/06/2025 18:15;1.2677
19/06/2025 18:30;1.2832
19/06/2025 18:45;1.3873
19/06/2025 19:00;1.5336
19/06/2025 19:15;1.5013
19/06/2025 19:30;1.4263
19/06/2025 19:45;1.4842
19/06/2025 20:00;1.2336
19/06/2025 20:15;1.2571
19/06/2025 20:30;1.2791
19/06/2025 20:45;1.3506
19/06/2025 21:00;0.9844
19/06/2025 21:15;0.9838
19/06/2025 21:30;0.9861
19/06/2025 21:45;1.0504
19/06/2025 22:00;0.7141
19/06/2025 22:15;0.7041
19/06/2025 22:30;0.7026
19/06/2025 22:45;0.7140
19/06/2025 23:00;0.4610
19/06/2025 23:15;0.4379
19/06/2025 23:30;0.4368
19/06/2025 23:45;0.4407
20/06/2025 00:00;0.3725
20/06/2025 00:15;0.3571
20/06/2025 00:30;0.3669
20/06/2025 00:45;0.3508
20/06/2025 01:00;0.3133
20/06/2025 01:15;0.3151
20/06/2025 01:30;0.3212
20/06/2025 01:45;0.3107
20/06/2025 02:00;0.3014
20/06/2025 02:15;0.3016
20/06/2025 02:30;0.3011
20/06/2025 02:45;0.2963
20/06/2025 03:00;0.2943
20/06/2025 03:15;0.3096
20/06/2025 03:30;0.3039
20/06/2025 03:45;0.2890
20/06/2025 04:00;0.3354
20/06/2025 04:15;0.3213
20/06/2025 04:30;0.3406
20/06/2025 04:45;0.3286
20/06/2025 05:00;0.5435
20/06/2025 05:15;0.5051
20/06/2025 05:30;0.5183
20/06/2025 05:45;0.5319
20/06/2025 06:00;0.9635
20/06/2025 06:15;1.0440
20/06/2025 06:30;0.9957
20/06/2025 06:45;0.9222
20/06/2025 07:00;1.2158
20/06/2025 07:15;1.3220
20/06/2025 07:30;1.3295
20/06/2025 07:45;1.2148
20/06/2025 08:00;0.9184
20/06/2025 08:15;0.8826
20/06/2025 08:30;0.8709
20/06/2025 08:45;0.9433
20/06/2025 09:00;0.6347
20/06/2025 09:15;0.6428
20/06/2025 09:30;0.6753
20/06/2025 09:45;0.6914
20/06/2025 10:00;0.6391
20/06/2025 10:15;0.6284
20/06/2025 10:30;0.6071
20/06/2025 10:45;0.6052
20/06/2025 11:00;0.6641
20/06/2025 11:15;0.7021
20/06/2025 11:30;0.6474
20/06/2025 11:45;0.6616
20/06/2025 12:00;0.6363
20/06/2025 12:15;0.6855
20/06/2025 12:30;0.6649
20/06/2025 12:45;0.7023
20/06/2025 13:00;0.6563
20/06/2025 13:15;0.6397
20/06/2025 13:30;0.6566
20/06/2025 13:45;0.6727
20/06/2025 14:00;0.6118
20/06/2025 14:15;0.6143
20/06/2025 14:30;0.6048
20/06/2025 14:45;0.6121
20/06/2025 15:00;0.6603
20/06/2025 15:15;0.6286
20/06/2025 15:30;0.6773
20/06/2025 15:45;0.6452
20/06/2025 16:00;0.7243
20/06/2025 16:15;0.7273
20/06/2025 16:30;0.7353
20/06/2025 16:45;0.7837
20/06/2025 17:00;1.0646
20/06/2025 17:15;1.0310
20/06/2025 17:30;1.0796
20/06/2025 17:45;1.0822
20/06/2025 18:00;1.3393
20/06/2025 18:15;1.3777
20/06/2025 18:30;1.3936
20/06/2025 18:45;1.3537
20/06/2025 19:00;1.5094
20/06/2025 19:15;1.4277
20/06/2025 19:30;1.3344
20/06/2025 19:45;1.5314
20/06/2025 20:00;1.2687
20/06/2025 20:15;1.2790
20/06/2025 20:30;1.2624
20/06/2025 20:45;1.2605
20/06/2025 21:00;1.1003
20/06/2025 21:15;1.0883
20/06/2025 21:30;1.0297
20/06/2025 21:45;1.0594
20/06/2025 22:00;0.6888
20/06/2025 22:15;0.7050
20/06/2025 22:30;0.7043
20/06/2025 22:45;0.7316
20/06/2025 23:00;0.4428
20/06/2025 23:15;0.4568
20/06/2025 23:30;0.4480
20/06/2025 23:45;0.4593
21/06/2025 00:00;0.3517
21/06/2025 00:15;0.3496
21/06/2025 00:30;0.3513
21/06/2025 00:45;0.3416
21/06/2025 01:00;0.3063
21/06/2025 01:15;0.3132
21/06/2025 01:30;0.3093
21/06/2025 01:45;0.3067
21/06/2025 02:00;0.3011
21/06/2025 02:15;0.2965
21/06/2025 02:30;0.3062
21/06/2025 02:45;0.3049
21/06/2025 03:00;0.3064
21/06/2025 03:15;0.3022
21/06/2025 03:30;0.3150
21/06/2025 03:45;0.3194
21/06/2025 04:00;0.3354
21/06/2025 04:15;0.3393
21/06/2025 04:30;0.3393
21/06/2025 04:45;0.3334
21/06/2025 05:00;0.5358
21/06/2025 05:15;0.5124
21/06/2025 05:30;0.4956
21/06/2025 05:45;0.5345
21/06/2025 06:00;0.9033
21/06/2025 06:15;0.8308
21/06/2025 06:30;0.9321
21/06/2025 06:45;0.9492
21/06/2025 07:00;1.2382
21/06/2025 07:15;1.1456
21/06/2025 07:30;1.1484
21/06/2025 07:45;1.2260
21/06/2025 08:00;0.8093
21/06/2025 08:15;0.8525
21/06/2025 08:30;0.8369
21/06/2025 08:45;0.8491
21/06/2025 09:00;0.6382
21/06/2025 09:15;0.6303
21/06/2025 09:30;0.6087
21/06/2025 09:45;0.5992
21/06/2025 10:00;0.5839
21/06/2025 10:15;0.5612
21/06/2025 10:30;0.5899
21/06/2025 10:45;0.6294
21/06/2025 11:00;0.6457
21/06/2025 11:15;0.6397
21/06/2025 11:30;0.6217
21/06/2025 11:45;0.6239
21/06/2025 12:00;0.6180
21/06/2025 12:15;0.6514
21/06/2025 12:30;0.6416
21/06/2025 12:45;0.6090
21/06/2025 13:00;0.6149
21/06/2025 13:15;0.6130
21/06/2025 13:30;0.6228
21/06/2025 13:45;0.5826
21/06/2025 14:00;0.5659
21/06/2025 14:15;0.6268
21/06/2025 14:30;0.5981
21/06/2025 14:45;0.5897
21/06/2025 15:00;0.6056
21/06/2025 15:15;0.6057
21/06/2025 15:30;0.6054
21/06/2025 15:45;0.5949
21/06/2025 16:00;0.6882
21/06/2025 16:15;0.7127
21/06/2025 16:30;0.7183
21/06/2025 16:45;0.7301
21/06/2025 17:00;0.9542
21/06/2025 17:15;0.9598
21/06/2025 17:30;1.0698
21/06/2025 17:45;0.9423
21/06/2025 18:00;1.3263
21/06/2025 18:15;1.2379
21/06/2025 18:30;1.2009
21/06/2025 18:45;1.3327
21/06/2025 19:00;1.3619
21/06/2025 19:15;1.4370
21/06/2025 19:30;1.3828
21/06/2025 19:45;1.2941
21/06/2025 20:00;1.1620
21/06/2025 20:15;1.2658
21/06/2025 20:30;1.1965
21/06/2025 20:45;1.2088
21/06/2025 21:00;0.9914
21/06/2025 21:15;1.0196
21/06/2025 21:30;0.9929
21/06/2025 21:45;0.9660
21/06/2025 22:00;0.7002
21/06/2025 22:15;0.6491
21/06/2025 22:30;0.6715
21/06/2025 22:45;0.6920
21/06/2025 23:00;0.4551
21/06/2025 23:15;0.4454
21/06/2025 23:30;0.4525
21/06/2025 23:45;0.4239
22/06/2025 00:00;0.3642
22/06/2025 00:15;0.3620
22/06/2025 00:30;0.3557
22/06/2025 00:45;0.3677
22/06/2025 01:00;0.3105
22/06/2025 01:15;0.3157
22/06/2025 01:30;0.3200
22/06/2025 01:45;0.3156
22/06/2025 02:00;0.3148
22/06/2025 02:15;0.3110
22/06/2025 02:30;0.3079
22/06/2025 02:45;0.3135
22/06/2025 03:00;0.3165
22/06/2025 03:15;0.3106
22/06/2025 03:30;0.3067
22/06/2025 03:45;0.3108
22/06/2025 04:00;0.3374
22/06/2025 04:15;0.3419
22/06/2025 04:30;0.3375
22/06/2025 04:45;0.3421
22/06/2025 05:00;0.5365
22/06/2025 05:15;0.5038
22/06/2025 05:30;0.5251
22/06/2025 05:45;0.5076
22/06/2025 06:00;0.9723
22/06/2025 06:15;0.9340
22/06/2025 06:30;0.9727
22/06/2025 06:45;0.9391
22/06/2025 07:00;1.1452
22/06/2025 07:15;1.1079
22/06/2025 07:30;1.2016
22/06/2025 07:45;1.0960
22/06/2025 08:00;0.8245
22/06/2025 08:15;0.8948
22/06/2025 08:30;0.8928
22/06/2025 08:45;0.8560
22/06/2025 09:00;0.6238
22/06/2025 09:15;0.6221
22/06/2025 09:30;0.6317
22/06/2025 09:45;0.6006
22/06/2025 10:00;0.5883
22/06/2025 10:15;0.5974
22/06/2025 10:30;0.5854
22/06/2025 10:45;0.6105
22/06/2025 11:00;0.6376
22/06/2025 11:15;0.6185
22/06/2025 11:30;0.6500
22/06/2025 11:45;0.5852
22/06/2025 12:00;0.6648
22/06/2025 12:15;0.6346
22/06/2025 12:30;0.6399
22/06/2025 12:45;0.6501
22/06/2025 13:00;0.6009
22/06/2025 13:15;0.6188
22/06/2025 13:30;0.6455
22/06/2025 13:45;0.6398
22/06/2025 14:00;0.5885
22/06/2025 14:15;0.5953
22/06/2025 14:30;0.6110
22/06/2025 14:45;0.5913
22/06/2025 15:00;0.6563
22/06/2025 15:15;0.6133
22/06/2025 15:30;0.5979
22/06/2025 15:45;0.6315
22/06/2025 16:00;0.7119
22/06/2025 16:15;0.7316
22/06/2025 16:30;0.6889
22/06/2025 16:45;0.7136
22/06/2025 17:00;0.9705
22/06/2025 17:15;0.9230
22/06/2025 17:30;0.9823
22/06/2025 17:45;0.8519
22/06/2025 18:00;1.2689
22/06/2025 18:15;1.2883
22/06/2025 18:30;1.3009
22/06/2025 18:45;1.2180
22/06/2025 19:00;1.3678
22/06/2025 19:15;1.3807
22/06/2025 19:30;1.3740
22/06/2025 19:45;1.4010
22/06/2025 20:00;1.2239
22/06/2025 20:15;1.2000
22/06/2025 20:30;1.1619
22/06/2025 20:45;1.1230
22/06/2025 21:00;0.8970
22/06/2025 21:15;0.9602
22/06/2025 21:30;0.8998
22/06/2025 21:45;1.0286
22/06/2025 22:00;0.7004
22/06/2025 22:15;0.6771
22/06/2025 22:30;0.6376
22/06/2025 22:45;0.6637
22/06/2025 23:00;0.4515
22/06/2025 23:15;0.4525
22/06/2025 23:30;0.4507
22/06/2025 23:45;0.4454
23/06/2025 00:00;0.3819
23/06/2025 00:15;0.3886
23/06/2025 00:30;0.3772
23/06/2025 00:45;0.3937
23/06/2025 01:00;0.3291
23/06/2025 01:15;0.3352
23/06/2025 01:30;0.3259
23/06/2025 01:45;0.3286
23/06/2025 02:00;0.3216
23/06/2025 02:15;0.3284
23/06/2025 02:30;0.3284
23/06/2025 02:45;0.3216
23/06/2025 03:00;0.3160
23/06/2025 03:15;0.3224
23/06/2025 03:30;0.3230
23/06/2025 03:45;0.3129
23/06/2025 04:00;0.3457
23/06/2025 04:15;0.3491
23/06/2025 04:30;0.3609
23/06/2025 04:45;0.3571
23/06/2025 05:00;0.5592
23/06/2025 05:15;0.5588
23/06/2025 05:30;0.5696
23/06/2025 05:45;0.5527
23/06/2025 06:00;0.9718
23/06/2025 06:15;1.0243
23/06/2025 06:30;1.0469
23/06/2025 06:45;1.0216
23/06/2025 07:00;1.4373
23/06/2025 07:15;1.2546
23/06/2025 07:30;1.2604
23/06/2025 07:45;1.2452
23/06/2025 08:00;0.9378
23/06/2025 08:15;0.9063
23/06/2025 08:30;0.9373
23/06/2025 08:45;1.0174
23/06/2025 09:00;0.6782
23/06/2025 09:15;0.6927
23/06/2025 09:30;0.6733
23/06/2025 09:45;0.7008
23/06/2025 10:00;0.6608
23/06/2025 10:15;0.6412
23/06/2025 10:30;0.6381
23/06/2025 10:45;0.7001
23/06/2025 11:00;0.6765
23/06/2025 11:15;0.6581
23/06/2025 11:30;0.6738
23/06/2025 11:45;0.6337
23/06/2025 12:00;0.7104
23/06/2025 12:15;0.6989
23/06/2025 12:30;0.7032
23/06/2025 12:45;0.7057
23/06/2025 13:00;0.6949
23/06/2025 13:15;0.6534
23/06/2025 13:30;0.6381
23/06/2025 13:45;0.6620
23/06/2025 14:00;0.6567
23/06/2025 14:15;0.6860
23/06/2025 14:30;0.6387
23/06/2025 14:45;0.6550
23/06/2025 15:00;0.6814
23/06/2025 15:15;0.6681
23/06/2025 15:30;0.7240
23/06/2025 15:45;0.6616
23/06/2025 16:00;0.7877
23/06/2025 16:15;0.7465
23/06/2025 16:30;0.7762
23/06/2025 16:45;0.7972
23/06/2025 17:00;1.1243
23/06/2025 17:15;0.9967
23/06/2025 17:30;1.0943
23/06/2025 17:45;1.1401
23/06/2025 18:00;1.4121
23/06/2025 18:15;1.4580
23/06/2025 18:30;1.4231
23/06/2025 18:45;1.3270
23/06/2025 19:00;1.5674
23/06/2025 19:15;1.4662
23/06/2025 19:30;1.5002
23/06/2025 19:45;1.5480
23/06/2025 20:00;1.3785
23/06/2025 20:15;1.2977
23/06/2025 20:30;1.3316
23/06/2025 20:45;1.4003
23/06/2025 21:00;1.0453
23/06/2025 21:15;1.0750
23/06/2025 21:30;1.1356
23/06/2025 21:45;1.0779
23/06/2025 22:00;0.7387
23/06/2025 22:15;0.7373
23/06/2025 22:30;0.7396
23/06/2025 22:45;0.6938
23/06/2025 23:00;0.4703
23/06/2025 23:15;0.4596
23/06/2025 23:30;0.4645
23/06/2025 23:45;0.4761
24/06/2025 00:00;0.3770
24/06/2025 00:15;0.3618
24/06/2025 00:30;0.3821
24/06/2025 00:45;0.3708
24/06/2025 01:00;0.3261
24/06/2025 01:15;0.3236
24/06/2025 01:30;0.3338
24/06/2025 01:45;0.3224
24/06/2025 02:00;0.3164
24/06/2025 02:15;0.3125
24/06/2025 02:30;0.3157
24/06/2025 02:45;0.3301
24/06/2025 03:00;0.3191
24/06/2025 03:15;0.3210
24/06/2025 03:30;0.3122
24/06/2025 03:45;0.3227
24/06/2025 04:00;0.3520
24/06/2025 04:15;0.3390
24/06/2025 04:30;0.3498
24/06/2025 04:45;0.3532
24/06/2025 05:00;0.5280
24/06/2025 05:15;0.5578
24/06/2025 05:30;0.5580
24/06/2025 05:45;0.5374
24/06/2025 06:00;1.0377
24/06/2025 06:15;1.0333
24/06/2025 06:30;0.9972
24/06/2025 06:45;1.0443
24/06/2025 07:00;1.3129
24/06/2025 07:15;1.3253
24/06/2025 07:30;1.2748
24/06/2025 07:45;1.3056
24/06/2025 08:00;0.9737
24/06/2025 08:15;0.9540
24/06/2025 08:30;0.9497
24/06/2025 08:45;0.9230
24/06/2025 09:00;0.6904
24/06/2025 09:15;0.6689
24/06/2025 09:30;0.6832
24/06/2025 09:45;0.6888
24/06/2025 10:00;0.6556
24/06/2025 10:15;0.7071
24/06/2025 10:30;0.6496
24/06/2025 10:45;0.6448
24/06/2025 11:00;0.6809
24/06/2025 11:15;0.6908
24/06/2025 11:30;0.6623
24/06/2025 11:45;0.6481
24/06/2025 12:00;0.7099
24/06/2025 12:15;0.7278
24/06/2025 12:30;0.7153
24/06/2025 12:45;0.6893
24/06/2025 13:00;0.6702
24/06/2025 13:15;0.6801
24/06/2025 13:30;0.6737
24/06/2025 13:45;0.6463
24/06/2025 14:00;0.6529
24/06/2025 14:15;0.6771
24/06/2025 14:30;0.6081
24/06/2025 14:45;0.6130
24/06/2025 15:00;0.6566
24/06/2025 15:15;0.7068
24/06/2025 15:30;0.6594
24/06/2025 15:45;0.7046
24/06/2025 16:00;0.7607
24/06/2025 16:15;0.7862
24/06/2025 16:30;0.7980
24/06/2025 16:45;0.7588
24/06/2025 17:00;1.0367
24/06/2025 17:15;1.1060
24/06/2025 17:30;1.0522
24/06/2025 17:45;1.1075
24/06/2025 18:00;1.4683
24/06/2025 18:15;1.4634
24/06/2025 18:30;1.3236
24/06/2025 18:45;1.3917
24/06/2025 19:00;1.4919
24/06/2025 19:15;1.4544
24/06/2025 19:30;1.4403
24/06/2025 19:45;1.4591
24/06/2025 20:00;1.3446
24/06/2025 20:15;1.3922
24/06/2025 20:30;1.3692
24/06/2025 20:45;1.2917
24/06/2025 21:00;1.0504
24/06/2025 21:15;0.9947
24/06/2025 21:30;1.0766
24/06/2025 21:45;1.1211
24/06/2025 22:00;0.7007
24/06/2025 22:15;0.7034
24/06/2025 22:30;0.7351
24/06/2025 22:45;0.6983
24/06/2025 23:00;0.5050
24/06/2025 23:15;0.4660
24/06/2025 23:30;0.4714
24/06/2025 23:45;0.4636
25/06/2025 00:00;0.3754
25/06/2025 00:15;0.3811
25/06/2025 00:30;0.3677
25/06/2025 00:45;0.3632
25/06/2025 01:00;0.3168
25/06/2025 01:15;0.3178
25/06/2025 01:30;0.3134
25/06/2025 01:45;0.3145
25/06/2025 02:00;0.2994
25/06/2025 02:15;0.2964
25/06/2025 02:30;0.2977
25/06/2025 02:45;0.2970
25/06/2025 03:00;0.2986
25/06/2025 03:15;0.2962
25/06/2025 03:30;0.3046
25/06/2025 03:45;0.2992
25/06/2025 04:00;0.3313
25/06/2025 04:15;0.3195
25/06/2025 04:30;0.3294
25/06/2025 04:45;0.3294
25/06/2025 05:00;0.5246
25/06/2025 05:15;0.5219
25/06/2025 05:30;0.5331
25/06/2025 05:45;0.5246
25/06/2025 06:00;0.9418
25/06/2025 06:15;0.9776
25/06/2025 06:30;0.9475
25/06/2025 06:45;1.0645
25/06/2025 07:00;1.2462
25/06/2025 07:15;1.1378
25/06/2025 07:30;1.2067
25/06/2025 07:45;1.1734
25/06/2025 08:00;0.8731
25/06/2025 08:15;0.8403
25/06/2025 08:30;0.8458
25/06/2025 08:45;0.8835
25/06/2025 09:00;0.6214
25/06/2025 09:15;0.6757
25/06/2025 09:30;0.6739
25/06/2025 09:45;0.6432
25/06/2025 10:00;0.6491
25/06/2025 10:15;0.6056
25/06/2025 10:30;0.6123
25/06/2025 10:45;0.5847
25/06/2025 11:00;0.6190
25/06/2025 11:15;0.6378
25/06/2025 11:30;0.6489
25/06/2025 11:45;0.6206
25/06/2025 12:00;0.5978
25/06/2025 12:15;0.6266
25/06/2025 12:30;0.6647
25/06/2025 12:45;0.6778
25/06/2025 13:00;0.6891
25/06/2025 13:15;0.5995
25/06/2025 13:30;0.6272
25/06/2025 13:45;0.6414
25/06/2025 14:00;0.6119
25/06/2025 14:15;0.6137
25/06/2025 14:30;0.6147
25/06/2025 14:45;0.6047
25/06/2025 15:00;0.6265
25/06/2025 15:15;0.6515
25/06/2025 15:30;0.6325
25/06/2025 15:45;0.6371
25/06/2025 16:00;0.7129
25/06/2025 16:15;0.7216
25/06/2025 16:30;0.7615
25/06/2025 16:45;0.7117
25/06/2025 17:00;1.0250
25/06/2025 17:15;0.9077
25/06/2025 17:30;0.9521
25/06/2025 17:45;1.0174
25/06/2025 18:00;1.3297
25/06/2025 18:15;1.3904
25/06/2025 18:30;1.5153
25/06/2025 18:45;1.3978
25/06/2025 19:00;1.4391
25/06/2025 19:15;1.5648
25/06/2025 19:30;1.4073
25/06/2025 19:45;1.4625
25/06/2025 20:00;1.2993
25/06/2025 20:15;1.2415
25/06/2025 20:30;1.2777
25/06/2025 20:45;1.1971
25/06/2025 21:00;1.0155
25/06/2025 21:15;0.9593
25/06/2025 21:30;0.9368
25/06/2025 21:45;1.0111
25/06/2025 22:00;0.7105
25/06/2025 22:15;0.6806
25/06/2025 22:30;0.6775
25/06/2025 22:45;0.6868
25/06/2025 23:00;0.4314
25/06/2025 23:15;0.4475
25/06/2025 23:30;0.4496
25/06/2025 23:45;0.4279
26/06/2025 00:00;0.4013
26/06/2025 00:15;0.3809
26/06/2025 00:30;0.3871
26/06/2025 00:45;0.3885
26/06/2025 01:00;0.3286
26/06/2025 01:15;0.3487
26/06/2025 01:30;0.3438
26/06/2025 01:45;0.3428
26/06/2025 02:00;0.3267
26/06/2025 02:15;0.3233
26/06/2025 02:30;0.3288
26/06/2025 02:45;0.3344
26/06/2025 03:00;0.3300
26/06/2025 03:15;0.3295
26/06/2025 03:30;0.3288
26/06/2025 03:45;0.3225
26/06/2025 04:00;0.3505
26/06/2025 04:15;0.3472
26/06/2025 04:30;0.3569
26/06/2025 04:45;0.3692
26/06/2025 05:00;0.5751
26/06/2025 05:15;0.5394
26/06/2025 05:30;0.5745
26/06/2025 05:45;0.5677
26/06/2025 06:00;1.1129
26/06/2025 06:15;1.0741
26/06/2025 06:30;1.0767
26/06/2025 06:45;1.0638
26/06/2025 07:00;1.3570
26/06/2025 07:15;1.3057
26/06/2025 07:30;1.3508
26/06/2025 07:45;1.3326
26/06/2025 08:00;0.9573
26/06/2025 08:15;0.9931
26/06/2025 08:30;0.9392
26/06/2025 08:45;1.0111
26/06/2025 09:00;0.7127
26/06/2025 09:15;0.7276
26/06/2025 09:30;0.6741
26/06/2025 09:45;0.6953
26/06/2025 10:00;0.6736
26/06/2025 10:15;0.6994
26/06/2025 10:30;0.6207
26/06/2025 10:45;0.7199
26/06/2025 11:00;0.6801
26/06/2025 11:15;0.7049
26/06/2025 11:30;0.6820
26/06/2025 11:45;0.7305
26/06/2025 12:00;0.7122
26/06/2025 12:15;0.7575
26/06/2025 12:30;0.6780
26/06/2025 12:45;0.7380
26/06/2025 13:00;0.6881
26/06/2025 13:15;0.7328
26/06/2025 13:30;0.7072
26/06/2025 13:45;0.6822
26/06/2025 14:00;0.6749
26/06/2025 14:15;0.6732
26/06/2025 14:30;0.7008
26/06/2025 14:45;0.6608
26/06/2025 15:00;0.6920
26/06/2025 15:15;0.6955
26/06/2025 15:30;0.7238
26/06/2025 15:45;0.6948
26/06/2025 16:00;0.8519
26/06/2025 16:15;0.8190
26/06/2025 16:30;0.8242
26/06/2025 16:45;0.8296
26/06/2025 17:00;1.0424
26/06/2025 17:15;1.1577
26/06/2025 17:30;1.1811
26/06/2025 17:45;1.0611
26/06/2025 18:00;1.4157
26/06/2025 18:15;1.3891
26/06/2025 18:30;1.4700
26/06/2025 18:45;1.3777
26/06/2025 19:00;1.4873
26/06/2025 19:15;1.5301
26/06/2025 19:30;1.6223
26/06/2025 19:45;1.6288
26/06/2025 20:00;1.4430
26/06/2025 20:15;1.4443
26/06/2025 20:30;1.5124
26/06/2025 20:45;1.4696
26/06/2025 21:00;1.1435
26/06/2025 21:15;1.1127
26/06/2025 21:30;1.1934
26/06/2025 21:45;1.1328
26/06/2025 22:00;0.7077
26/06/2025 22:15;0.7827
26/06/2025 22:30;0.7508
26/06/2025 22:45;0.7609
26/06/2025 23:00;0.4911
26/06/2025 23:15;0.5014
26/06/2025 23:30;0.4788
26/06/2025 23:45;0.4877
27/06/2025 00:00;0.3823
27/06/2025 00:15;0.3636
27/06/2025 00:30;0.3639
27/06/2025 00:45;0.3683
27/06/2025 01:00;0.3174
27/06/2025 01:15;0.3133
27/06/2025 01:30;0.3282
27/06/2025 01:45;0.3251
27/06/2025 02:00;0.3051
27/06/2025 02:15;0.3017
27/06/2025 02:30;0.3003
27/06/2025 02:45;0.3121
27/06/2025 03:00;0.3145
27/06/2025 03:15;0.3046
27/06/2025 03:30;0.3113
27/06/2025 03:45;0.3107
27/06/2025 04:00;0.3376
27/06/2025 04:15;0.3339
27/06/2025 04:30;0.3382
27/06/2025 04:45;0.3579
27/06/2025 05:00;0.5252
27/06/2025 05:15;0.5424
27/06/2025 05:30;0.5794
27/06/2025 05:45;0.5528
27/06/2025 06:00;1.0771
27/06/2025 06:15;1.0741
27/06/2025 06:30;1.0145
27/06/2025 06:45;1.0436
27/06/2025 07:00;1.3291
27/06/2025 07:15;1.2985
27/06/2025 07:30;1.3139
27/06/2025 07:45;1.3387
27/06/2025 08:00;0.9847
27/06/2025 08:15;0.9522
27/06/2025 08:30;0.9639
27/06/2025 08:45;0.9070
27/06/2025 09:00;0.6505
27/06/2025 09:15;0.6540
27/06/2025 09:30;0.6876
27/06/2025 09:45;0.6921
27/06/2025 10:00;0.6738
27/06/2025 10:15;0.6380
27/06/2025 10:30;0.6110
27/06/2025 10:45;0.6240
27/06/2025 11:00;0.6861
27/06/2025 11:15;0.6749
27/06/2025 11:30;0.6716
27/06/2025 11:45;0.6801
27/06/2025 12:00;0.7135
27/06/2025 12:15;0.7261
27/06/2025 12:30;0.6936
27/06/2025 12:45;0.7264
27/06/2025 13:00;0.6743
27/06/2025 13:15;0.6946
27/06/2025 13:30;0.6820
27/06/2025 13:45;0.6851
27/06/2025 14:00;0.6322
27/06/2025 14:15;0.6688
27/06/2025 14:30;0.6455
27/06/2025 14:45;0.6720
27/06/2025 15:00;0.6839
27/06/2025 15:15;0.6967
27/06/2025 15:30;0.6843
27/06/2025 15:45;0.6434
27/06/2025 16:00;0.7871
27/06/2025 16:15;0.7889
27/06/2025 16:30;0.8024
27/06/2025 16:45;0.8097
27/06/2025 17:00;1.0589
27/06/2025 17:15;1.0929
27/06/2025 17:30;1.0849
27/06/2025 17:45;1.1532
27/06/2025 18:00;1.4618
27/06/2025 18:15;1.3215
27/06/2025 18:30;1.4897
27/06/2025 18:45;1.2771
27/06/2025 19:00;1.5595
27/06/2025 19:15;1.4805
27/06/2025 19:30;1.4321
27/06/2025 19:45;1.3484
27/06/2025 20:00;1.2313
27/06/2025 20:15;1.3924
27/06/2025 20:30;1.3172
27/06/2025 20:45;1.3192
27/06/2025 21:00;1.0318
27/06/2025 21:15;1.0838
27/06/2025 21:30;1.0804
27/06/2025 21:45;1.0951
27/06/2025 22:00;0.7287
27/06/2025 22:15;0.7788
27/06/2025 22:30;0.7482
27/06/2025 22:45;0.7175
27/06/2025 23:00;0.4514
27/06/2025 23:15;0.4623
27/06/2025 23:30;0.4574
27/06/2025 23:45;0.4482
28/06/2025 00:00;0.3574
28/06/2025 00:15;0.3489
28/06/2025 00:30;0.3555
28/06/2025 00:45;0.3575
28/06/2025 01:00;0.3128
28/06/2025 01:15;0.3011
28/06/2025 01:30;0.3077
28/06/2025 01:45;0.3122
28/06/2025 02:00;0.2953
28/06/2025 02:15;0.2993
28/06/2025 02:30;0.2990
28/06/2025 02:45;0.3014
28/06/2025 03:00;0.3081
28/06/2025 03:15;0.3051
28/06/2025 03:30;0.3010
28/06/2025 03:45;0.3119
28/06/2025 04:00;0.3350
28/06/2025 04:15;0.3303
28/06/2025 04:30;0.3329
28/06/2025 04:45;0.3295
28/06/2025 05:00;0.5209
28/06/2025 05:15;0.5169
28/06/2025 05:30;0.5240
28/06/2025 05:45;0.5176
28/06/2025 06:00;0.9376
28/06/2025 06:15;0.9061
28/06/2025 06:30;0.9543
28/06/2025 06:45;0.9124
28/06/2025 07:00;1.2147
28/06/2025 07:15;1.1833
28/06/2025 07:30;1.1277
28/06/2025 07:45;1.1560
28/06/2025 08:00;0.8218
28/06/2025 08:15;0.8583
28/06/2025 08:30;0.8766
28/06/2025 08:45;0.8409
28/06/2025 09:00;0.6069
28/06/2025 09:15;0.6132
28/06/2025 09:30;0.6316
28/06/2025 09:45;0.6274
28/06/2025 10:00;0.6139
28/06/2025 10:15;0.5822
28/06/2025 10:30;0.6183
28/06/2025 10:45;0.5887
28/06/2025 11:00;0.6441
28/06/2025 11:15;0.6047
28/06/2025 11:30;0.6821
28/06/2025 11:45;0.6428
28/06/2025 12:00;0.6371
28/06/2025 12:15;0.6452
28/06/2025 12:30;0.6264
28/06/2025 12:45;0.6622
28/06/2025 13:00;0.6279
28/06/2025 13:15;0.6158
28/06/2025 13:30;0.6643
28/06/2025 13:45;0.6278
28/06/2025 14:00;0.5997
28/06/2025 14:15;0.5987
28/06/2025 14:30;0.5765
28/06/2025 14:45;0.5957
28/06/2025 15:00;0.6572
28/06/2025 15:15;0.6136
28/06/2025 15:30;0.6140
28/06/2025 15:45;0.6031
28/06/2025 16:00;0.6814
28/06/2025 16:15;0.7221
28/06/2025 16:30;0.7153
28/06/2025 16:45;0.7556
28/06/2025 17:00;0.9368
28/06/2025 17:15;0.9633
28/06/2025 17:30;0.9134
28/06/2025 17:45;0.9675
28/06/2025 18:00;1.2677
28/06/2025 18:15;1.2563
28/06/2025 18:30;1.2925
28/06/2025 18:45;1.3267
28/06/2025 19:00;1.3415
28/06/2025 19:15;1.3446
28/06/2025 19:30;1.2503
28/06/2025 19:45;1.2576
28/06/2025 20:00;1.1793
28/06/2025 20:15;1.2257
28/06/2025 20:30;1.1118
28/06/2025 20:45;1.2405
28/06/2025 21:00;0.9298
28/06/2025 21:15;0.9429
28/06/2025 21:30;0.9333
28/06/2025 21:45;1.0256
28/06/2025 22:00;0.6415
28/06/2025 22:15;0.6372
28/06/2025 22:30;0.6850
28/06/2025 22:45;0.6596
28/06/2025 23:00;0.4308
28/06/2025 23:15;0.4350
28/06/2025 23:30;0.4280
28/06/2025 23:45;0.4488
29/06/2025 00:00;0.3636
29/06/2025 00:15;0.3708
29/06/2025 00:30;0.3734
29/06/2025 00:45;0.3773
29/06/2025 01:00;0.3371
29/06/2025 01:15;0.3445
29/06/2025 01:30;0.3453
29/06/2025 01:45;0.3387
29/06/2025 02:00;0.3370
29/06/2025 02:15;0.3256
29/06/2025 02:30;0.3253
29/06/2025 02:45;0.3235
29/06/2025 03:00;0.3340
29/06/2025 03:15;0.3241
29/06/2025 03:30;0.3244
29/06/2025 03:45;0.3320
29/06/2025 04:00;0.3579
29/06/2025 04:15;0.3650
29/06/2025 04:30;0.3531
29/06/2025 04:45;0.3518
29/06/2025 05:00;0.5616
29/06/2025 05:15;0.5458
29/06/2025 05:30;0.5638
29/06/2025 05:45;0.5399
29/06/2025 06:00;0.9431
29/06/2025 06:15;0.9877
29/06/2025 06:30;0.9776
29/06/2025 06:45;0.9615
29/06/2025 07:00;1.2854
29/06/2025 07:15;1.2703
29/06/2025 07:30;1.2169
29/06/2025 07:45;1.2570
29/06/2025 08:00;0.8879
29/06/2025 08:15;0.8666
29/06/2025 08:30;0.9362
29/06/2025 08:45;0.8902
29/06/2025 09:00;0.6815
29/06/2025 09:15;0.6421
29/06/2025 09:30;0.6765
29/06/2025 09:45;0.6778
29/06/2025 10:00;0.6521
29/06/2025 10:15;0.6323
29/06/2025 10:30;0.6099
29/06/2025 10:45;0.6143
29/06/2025 11:00;0.6653
29/06/2025 11:15;0.6560
29/06/2025 11:30;0.6424
29/06/2025 11:45;0.6455
29/06/2025 12:00;0.6934
29/06/2025 12:15;0.6452
29/06/2025 12:30;0.6518
29/06/2025 12:45;0.6651
29/06/2025 13:00;0.6498
29/06/2025 13:15;0.6656
29/06/2025 13:30;0.6925
29/06/2025 13:45;0.6474
29/06/2025 14:00;0.6391
29/06/2025 14:15;0.6281
29/06/2025 14:30;0.6423
29/06/2025 14:45;0.6619
29/06/2025 15:00;0.6549
29/06/2025 15:15;0.7045
29/06/2025 15:30;0.6821
29/06/2025 15:45;0.6873
29/06/2025 16:00;0.7784
29/06/2025 16:15;0.7171
29/06/2025 16:30;0.7396
29/06/2025 16:45;0.7261
29/06/2025 17:00;1.0063
29/06/2025 17:15;0.9837
29/06/2025 17:30;1.0482
29/06/2025 17:45;1.0081
29/06/2025 18:00;1.4724
29/06/2025 18:15;1.3657
29/06/2025 18:30;1.3144
29/06/2025 18:45;1.3978
29/06/2025 19:00;1.4509
29/06/2025 19:15;1.5352
29/06/2025 19:30;1.5141
29/06/2025 19:45;1.4322
29/06/2025 20:00;1.3100
29/06/2025 20:15;1.2873
29/06/2025 20:30;1.2613
29/06/2025 20:45;1.3024
29/06/2025 21:00;1.0508
29/06/2025 21:15;1.0294
29/06/2025 21:30;1.0541
29/06/2025 21:45;0.9707
29/06/2025 22:00;0.7457
29/06/2025 22:15;0.6975
29/06/2025 22:30;0.7056
29/06/2025 22:45;0.7123
29/06/2025 23:00;0.4727
29/06/2025 23:15;0.4798
29/06/2025 23:30;0.4502
29/06/2025 23:45;0.4655
30/06/2025 00:00;0.4024
30/06/2025 00:15;0.4030
30/06/2025 00:30;0.4022
30/06/2025 00:45;0.3826
30/06/2025 01:00;0.3620
30/06/2025 01:15;0.3573
30/06/2025 01:30;0.3527
30/06/2025 01:45;0.3562
30/06/2025 02:00;0.3531
30/06/2025 02:15;0.3351
30/06/2025 02:30;0.3368
30/06/2025 02:45;0.3517
30/06/2025 03:00;0.3388
30/06/2025 03:15;0.3392
30/06/2025 03:30;0.3416
30/06/2025 03:45;0.3515
30/06/2025 04:00;0.3867
30/06/2025 04:15;0.3964
30/06/2025 04:30;0.3784
30/06/2025 04:45;0.3842
30/06/2025 05:00;0.5884
30/06/2025 05:15;0.5817
30/06/2025 05:30;0.5844
30/06/2025 05:45;0.5795
30/06/2025 06:00;1.0003
30/06/2025 06:15;1.0610
30/06/2025 06:30;1.0614
30/06/2025 06:45;1.0833
30/06/2025 07:00;1.4925
30/06/2025 07:15;1.3755
30/06/2025 07:30;1.4161
30/06/2025 07:45;1.3753
30/06/2025 08:00;1.0410
30/06/2025 08:15;1.0451
30/06/2025 08:30;1.0562
30/06/2025 08:45;0.9892
30/06/2025 09:00;0.7261
30/06/2025 09:15;0.7551
30/06/2025 09:30;0.6607
30/06/2025 09:45;0.6938
30/06/2025 10:00;0.7277
30/06/2025 10:15;0.7223
30/06/2025 10:30;0.7147
30/06/2025 10:45;0.6948
30/06/2025 11:00;0.6828
30/06/2025 11:15;0.7409
30/06/2025 11:30;0.7168
30/06/2025 11:45;0.6689
30/06/2025 12:00;0.7571
30/06/2025 12:15;0.7657
30/06/2025 12:30;0.7541
30/06/2025 12:45;0.7767
30/06/2025 13:00;0.7191
30/06/2025 13:15;0.7447
30/06/2025 13:30;0.7037
30/06/2025 13:45;0.6883
30/06/2025 14:00;0.6971
30/06/2025 14:15;0.6710
30/06/2025 14:30;0.6859
30/06/2025 14:45;0.6845
30/06/2025 15:00;0.7452
30/06/2025 15:15;0.7364
30/06/2025 15:30;0.6868
30/06/2025 15:45;0.7220
30/06/2025 16:00;0.8227
30/06/2025 16:15;0.8542
30/06/2025 16:30;0.7544
30/06/2025 16:45;0.8502
30/06/2025 17:00;1.0775
30/06/2025 17:15;1.1627
30/06/2025 17:30;1.1546
30/06/2025 17:45;1.1194
30/06/2025 18:00;1.5473
30/06/2025 18:15;1.4832
30/06/2025 18:30;1.4298
30/06/2025 18:45;1.3900
30/06/2025 19:00;1.6098
30/06/2025 19:15;1.5530
30/06/2025 19:30;1.5521
30/06/2025 19:45;1.7062
30/06/2025 20:00;1.3668
30/06/2025 20:15;1.4192
30/06/2025 20:30;1.4325
30/06/2025 20:45;1.4395
30/06/2025 21:00;1.2138
30/06/2025 21:15;1.1658
30/06/2025 21:30;1.1860
30/06/2025 21:45;1.1719
30/06/2025 22:00;0.7797
30/06/2025 22:15;0.8033
30/06/2025 22:30;0.8238
30/06/2025 22:45;0.7381
30/06/2025 23:00;0.5033
30/06/2025 23:15;0.5199
30/06/2025 23:30;0.5273
30/06/2025 23:45;0.5005
01/07/2025 00:00;0.4053
01/07/2025 00:15;0.3801
01/07/2025 00:30;0.3937
01/07/2025 00:45;0.3977
01/07/2025 01:00;0.3514
01/07/2025 01:15;0.3417
01/07/2025 01:30;0.3387
01/07/2025 01:45;0.3385
01/07/2025 02:00;0.3288
01/07/2025 02:15;0.3244
01/07/2025 02:30;0.3320
01/07/2025 02:45;0.3317
01/07/2025 03:00;0.3396
01/07/2025 03:15;0.3307
01/07/2025 03:30;0.3316
01/07/2025 03:45;0.3275
01/07/2025 04:00;0.3663
01/07/2025 04:15;0.3656
01/07/2025 04:30;0.3563
01/07/2025 04:45;0.3636
01/07/2025 05:00;0.5661
01/07/2025 05:15;0.5794
01/07/2025 05:30;0.5549
01/07/2025 05:45;0.6033
01/07/2025 06:00;1.0395
01/07/2025 06:15;1.0710
01/07/2025 06:30;1.0904
01/07/2025 06:45;1.0665
01/07/2025 07:00;1.2595
01/07/2025 07:15;1.1989
01/07/2025 07:30;1.2876
01/07/2025 07:45;1.2614
01/07/2025 08:00;0.9449
01/07/2025 08:15;0.9865
01/07/2025 08:30;1.0021
01/07/2025 08:45;0.9921
01/07/2025 09:00;0.7411
01/07/2025 09:15;0.7724
01/07/2025 09:30;0.7373
01/07/2025 09:45;0.7296
01/07/2025 10:00;0.6749
01/07/2025 10:15;0.7083
01/07/2025 10:30;0.6450
01/07/2025 10:45;0.6783
01/07/2025 11:00;0.7158
01/07/2025 11:15;0.7685
01/07/2025 11:30;0.6734
01/07/2025 11:45;0.7062
01/07/2025 12:00;0.7173
01/07/2025 12:15;0.7577
01/07/2025 12:30;0.7508
01/07/2025 12:45;0.7253
01/07/2025 13:00;0.7011
01/07/2025 13:15;0.6889
01/07/2025 13:30;0.6769
01/07/2025 13:45;0.7562
01/07/2025 14:00;0.7171
01/07/2025 14:15;0.6802
01/07/2025 14:30;0.7108
01/07/2025 14:45;0.6991
01/07/2025 15:00;0.7316
01/07/2025 15:15;0.6738
01/07/2025 15:30;0.7381
01/07/2025 15:45;0.6632
01/07/2025 16:00;0.7921
01/07/2025 16:15;0.8073
01/07/2025 16:30;0.8070
01/07/2025 16:45;0.7995
01/07/2025 17:00;1.1797
01/07/2025 17:15;1.1215
01/07/2025 17:30;1.1340
01/07/2025 17:45;1.0695
01/07/2025 18:00;1.4289
01/07/2025 18:15;1.4809
01/07/2025 18:30;1.4249
01/07/2025 18:45;1.5143
01/07/2025 19:00;1.5837
01/07/2025 19:15;1.5708
01/07/2025 19:30;1.6447
01/07/2025 19:45;1.6377
01/07/2025 20:00;1.4745
01/07/2025 20:15;1.3933
01/07/2025 20:30;1.4071
01/07/2025 20:45;1.4267
01/07/2025 21:00;1.1105
01/07/2025 21:15;1.1439
01/07/2025 21:30;1.1348
01/07/2025 21:45;1.1588
01/07/2025 22:00;0.7860
01/07/2025 22:15;0.7445
01/07/2025 22:30;0.7736
01/07/2025 22:45;0.7109
01/07/2025 23:00;0.5014
01/07/2025 23:15;0.4997
01/07/2025 23:30;0.5028
01/07/2025 23:45;0.4898
02/07/2025 00:00;0.3329
02/07/2025 00:15;0.3334
02/07/2025 00:30;0.3386
02/07/2025 00:45;0.3388
02/07/2025 01:00;0.2960
02/07/2025 01:15;0.3010
02/07/2025 01:30;0.3032
02/07/2025 01:45;0.3115
02/07/2025 02:00;0.2960
02/07/2025 02:15;0.2968
02/07/2025 02:30;0.2931
02/07/2025 02:45;0.2946
02/07/2025 03:00;0.2859
02/07/2025 03:15;0.2953
02/07/2025 03:30;0.2986
02/07/2025 03:45;0.2906
02/07/2025 04:00;0.3253
02/07/2025 04:15;0.3271
02/07/2025 04:30;0.3174
02/07/2025 04:45;0.3195
02/07/2025 05:00;0.5058
02/07/2025 05:15;0.5073
02/07/2025 05:30;0.5139
02/07/2025 05:45;0.4851
02/07/2025 06:00;0.9490
02/07/2025 06:15;0.9341
02/07/2025 06:30;0.9048
02/07/2025 06:45;0.8980
02/07/2025 07:00;1.2265
02/07/2025 07:15;1.1367
02/07/2025 07:30;1.2275
02/07/2025 07:45;1.2103
02/07/2025 08:00;0.8434
02/07/2025 08:15;0.9126
02/07/2025 08:30;0.8586
02/07/2025 08:45;0.9094
02/07/2025 09:00;0.6168
02/07/2025 09:15;0.6426
02/07/2025 09:30;0.6440
02/07/2025 09:45;0.6459
02/07/2025 10:00;0.5911
02/07/2025 10:15;0.5952
02/07/2025 10:30;0.5759
02/07/2025 10:45;0.6002
02/07/2025 11:00;0.6661
02/07/2025 11:15;0.6143
02/07/2025 11:30;0.6211
02/07/2025 11:45;0.6149
02/07/2025 12:00;0.6521
02/07/2025 12:15;0.6769
02/07/2025 12:30;0.6607
02/07/2025 12:45;0.7157
02/07/2025 13:00;0.6271
02/07/2025 13:15;0.6393
02/07/2025 13:30;0.6478
02/07/2025 13:45;0.6138
02/07/2025 14:00;0.5888
02/07/2025 14:15;0.6162
02/07/2025 14:30;0.5959
02/07/2025 14:45;0.6227
02/07/2025 15:00;0.6308
02/07/2025 15:15;0.5937
02/07/2025 15:30;0.6089
02/07/2025 15:45;0.6134
02/07/2025 16:00;0.6969
02/07/2025 16:15;0.7203
02/07/2025 16:30;0.6919
02/07/2025 16:45;0.7373
02/07/2025 17:00;1.0024
02/07/2025 17:15;1.0601
02/07/2025 17:30;0.9086
02/07/2025 17:45;0.9482
02/07/2025 18:00;1.1755
02/07/2025 18:15;1.2235
02/07/2025 18:30;1.3753
02/07/2025 18:45;1.3334
02/07/2025 19:00;1.2923
02/07/2025 19:15;1.4068
02/07/2025 19:30;1.4355
02/07/2025 19:45;1.2703
02/07/2025 20:00;1.2832
02/07/2025 20:15;1.2264
02/07/2025 20:30;1.2897
02/07/2025 20:45;1.1903
02/07/2025 21:00;0.9835
02/07/2025 21:15;0.9463
02/07/2025 21:30;0.9868
02/07/2025 21:45;1.0556
02/07/2025 22:00;0.6558
02/07/2025 22:15;0.6591
02/07/2025 22:30;0.6770
02/07/2025 22:45;0.6827
02/07/2025 23:00;0.4277
02/07/2025 23:15;0.4208
02/07/2025 23:30;0.4472
02/07/2025 23:45;0.4557
03/07/2025 00:00;0.3493
03/07/2025 00:15;0.3507
03/07/2025 00:30;0.3496
03/07/2025 00:45;0.3446
03/07/2025 01:00;0.3158
03/07/2025 01:15;0.3113
03/07/2025 01:30;0.3073
03/07/2025 01:45;0.3175
03/07/2025 02:00;0.2981
03/07/2025 02:15;0.2930
03/07/2025 02:30;0.2963
03/07/2025 02:45;0.2933
03/07/2025 03:00;0.2879
03/07/2025 03:15;0.2992
03/07/2025 03:30;0.2985
03/07/2025 03:45;0.2897
03/07/2025 04:00;0.3215
03/07/2025 04:15;0.3249
03/07/2025 04:30;0.3301
03/07/2025 04:45;0.3339
03/07/2025 05:00;0.5219
03/07/2025 05:15;0.5079
03/07/2025 05:30;0.5240
03/07/2025 05:45;0.5313
03/07/2025 06:00;0.9157
03/07/2025 06:15;0.9212
03/07/2025 06:30;0.9977
03/07/2025 06:45;0.9953
03/07/2025 07:00;1.2838
03/07/2025 07:15;1.2153
03/07/2025 07:30;1.1774
03/07/2025 07:45;1.2684
03/07/2025 08:00;0.8652
03/07/2025 08:15;0.8988
03/07/2025 08:30;0.8601
03/07/2025 08:45;0.9172
03/07/2025 09:00;0.6195
03/07/2025 09:15;0.6460
03/07/2025 09:30;0.6518
03/07/2025 09:45;0.6409
03/07/2025 10:00;0.6130
03/07/2025 10:15;0.5946
03/07/2025 10:30;0.5609
03/07/2025 10:45;0.6080
03/07/2025 11:00;0.6617
03/07/2025 11:15;0.6506
03/07/2025 11:30;0.6638
03/07/2025 11:45;0.6289
03/07/2025 12:00;0.6676
03/07/2025 12:15;0.6540
03/07/2025 12:30;0.6787
03/07/2025 12:45;0.6381
03/07/2025 13:00;0.6062
03/07/2025 13:15;0.6407
03/07/2025 13:30;0.6294
03/07/2025 13:45;0.6606
03/07/2025 14:00;0.5900
03/07/2025 14:15;0.5986
03/07/2025 14:30;0.6024
03/07/2025 14:45;0.6000
03/07/2025 15:00;0.6231
03/07/2025 15:15;0.6506
03/07/2025 15:30;0.6295
03/07/2025 15:45;0.6129
03/07/2025 16:00;0.7005
03/07/2025 16:15;0.7024
03/07/2025 16:30;0.7105
03/07/2025 16:45;0.7547
03/07/2025 17:00;0.9765
03/07/2025 17:15;0.9046
03/07/2025 17:30;1.0267
03/07/2025 17:45;0.9935
03/07/2025 18:00;1.3251
03/07/2025 18:15;1.2789
03/07/2025 18:30;1.3518
03/07/2025 18:45;1.2920
03/07/2025 19:00;1.5446
03/07/2025 19:15;1.3977
03/07/2025 19:30;1.4092
03/07/2025 19:45;1.3682
03/07/2025 20:00;1.2539
03/07/2025 20:15;1.2633
03/07/2025 20:30;1.2851
03/07/2025 20:45;1.1862
03/07/2025 21:00;1.0696
03/07/2025 21:15;1.0584
03/07/2025 21:30;1.0570
03/07/2025 21:45;1.0420
03/07/2025 22:00;0.6937
03/07/2025 22:15;0.6604
03/07/2025 22:30;0.6955
03/07/2025 22:45;0.6788
03/07/2025 23:00;0.4262
03/07/2025 23:15;0.4447
03/07/2025 23:30;0.4258
03/07/2025 23:45;0.4415
04/07/2025 00:00;0.3609
04/07/2025 00:15;0.3631
04/07/2025 00:30;0.3573
04/07/2025 00:45;0.3610
04/07/2025 01:00;0.3164
04/07/2025 01:15;0.3102
04/07/2025 01:30;0.3076
04/07/2025 01:45;0.3102
04/07/2025 02:00;0.3053
04/07/2025 02:15;0.3009
04/07/2025 02:30;0.2972
04/07/2025 02:45;0.3031
04/07/2025 03:00;0.2984
04/07/2025 03:15;0.3028
04/07/2025 03:30;0.2990
04/07/2025 03:45;0.3018
04/07/2025 04:00;0.3308
04/07/2025 04:15;0.3459
04/07/2025 04:30;0.3322
04/07/2025 04:45;0.3436
04/07/2025 05:00;0.5537
04/07/2025 05:15;0.5013
04/07/2025 05:30;0.5423
04/07/2025 05:45;0.5094
04/07/2025 06:00;0.9966
04/07/2025 06:15;0.9949
04/07/2025 06:30;0.9644
04/07/2025 06:45;0.9835
04/07/2025 07:00;1.2898
04/07/2025 07:15;1.1970
04/07/2025 07:30;1.1896
04/07/2025 07:45;1.2840
04/07/2025 08:00;0.9301
04/07/2025 08:15;0.8794
04/07/2025 08:30;0.9445
04/07/2025 08:45;0.9461
04/07/2025 09:00;0.7053
04/07/2025 09:15;0.6457
04/07/2025 09:30;0.6569
04/07/2025 09:45;0.6686
04/07/2025 10:00;0.6374
04/07/2025 10:15;0.6069
04/07/2025 10:30;0.6262
04/07/2025 10:45;0.6658
04/07/2025 11:00;0.6264
04/07/2025 11:15;0.6314
04/07/2025 11:30;0.6440
04/07/2025 11:45;0.6338
04/07/2025 12:00;0.6658
04/07/2025 12:15;0.6849
04/07/2025 12:30;0.6314
04/07/2025 12:45;0.6706
04/07/2025 13:00;0.6733
04/07/2025 13:15;0.6638
04/07/2025 13:30;0.6768
04/07/2025 13:45;0.6460
04/07/2025 14:00;0.6043
04/07/2025 14:15;0.6086
04/07/2025 14:30;0.6344
04/07/2025 14:45;0.5925
04/07/2025 15:00;0.6280
04/07/2025 15:15;0.6231
04/07/2025 15:30;0.6338
04/07/2025 15:45;0.6607
04/07/2025 16:00;0.7847
04/07/2025 16:15;0.7643
04/07/2025 16:30;0.7243
04/07/2025 16:45;0.7087
04/07/2025 17:00;1.0465
04/07/2025 17:15;1.0227
04/07/2025 17:30;1.0469
04/07/2025 17:45;1.0693
04/07/2025 18:00;1.3568
04/07/2025 18:15;1.3637
04/07/2025 18:30;1.2932
04/07/2025 18:45;1.3349
04/07/2025 19:00;1.3539
04/07/2025 19:15;1.4201
04/07/2025 19:30;1.3272
04/07/2025 19:45;1.4561
04/07/2025 20:00;1.3183
04/07/2025 20:15;1.3496
04/07/2025 20:30;1.3507
04/07/2025 20:45;1.3125
04/07/2025 21:00;1.0211
04/07/2025 21:15;1.0468
04/07/2025 21:30;1.0012
04/07/2025 21:45;1.1597
04/07/2025 22:00;0.6882
04/07/2025 22:15;0.6603
04/07/2025 22:30;0.7214
04/07/2025 22:45;0.7083
04/07/2025 23:00;0.4603
04/07/2025 23:15;0.4793
04/07/2025 23:30;0.4504
04/07/2025 23:45;0.4489
05/07/2025 00:00;0.3672
05/07/2025 00:15;0.3432
05/07/2025 00:30;0.3497
05/07/2025 00:45;0.3589
05/07/2025 01:00;0.3135
05/07/2025 01:15;0.3150
05/07/2025 01:30;0.3153
05/07/2025 01:45;0.3120
05/07/2025 02:00;0.2977
05/07/2025 02:15;0.3100
05/07/2025 02:30;0.3013
05/07/2025 02:45;0.3023
05/07/2025 03:00;0.3027
05/07/2025 03:15;0.2976
05/07/2025 03:30;0.3055
05/07/2025 03:45;0.2963
05/07/2025 04:00;0.3333
05/07/2025 04:15;0.3311
05/07/2025 04:30;0.3279
05/07/2025 04:45;0.3252
05/07/2025 05:00;0.5029
05/07/2025 05:15;0.5169
05/07/2025 05:30;0.5190
05/07/2025 05:45;0.5201
05/07/2025 06:00;0.9781
05/07/2025 06:15;0.9565
05/07/2025 06:30;0.9297
05/07/2025 06:45;0.9521
05/07/2025 07:00;1.1497
05/07/2025 07:15;1.1587
05/07/2025 07:30;1.1279
05/07/2025 07:45;1.0814
05/07/2025 08:00;0.8355
05/07/2025 08:15;0.8779
05/07/2025 08:30;0.9105
05/07/2025 08:45;0.8571
05/07/2025 09:00;0.6151
05/07/2025 09:15;0.6190
05/07/2025 09:30;0.6056
05/07/2025 09:45;0.6460
05/07/2025 10:00;0.5698
05/07/2025 10:15;0.6003
05/07/2025 10:30;0.5985
05/07/2025 10:45;0.6011
05/07/2025 11:00;0.5992
05/07/2025 11:15;0.6485
05/07/2025 11:30;0.6447
05/07/2025 11:45;0.5764
05/07/2025 12:00;0.6639
05/07/2025 12:15;0.6969
05/07/2025 12:30;0.6608
05/07/2025 12:45;0.6363
05/07/2025 13:00;0.6265
05/07/2025 13:15;0.6145
05/07/2025 13:30;0.6078
05/07/2025 13:45;0.6011
05/07/2025 14:00;0.5865
05/07/2025 14:15;0.5899
05/07/2025 14:30;0.6137
05/07/2025 14:45;0.5626
05/07/2025 15:00;0.6452
05/07/2025 15:15;0.6241
05/07/2025 15:30;0.6257
05/07/2025 15:45;0.6291
05/07/2025 16:00;0.7059
05/07/2025 16:15;0.7352
05/07/2025 16:30;0.7183
05/07/2025 16:45;0.7431
05/07/2025 17:00;0.8968
05/07/2025 17:15;0.9958
05/07/2025 17:30;0.9171
05/07/2025 17:45;1.0105
05/07/2025 18:00;1.2270
05/07/2025 18:15;1.3020
05/07/2025 18:30;1.2370
05/07/2025 18:45;1.2394
05/07/2025 19:00;1.4275
05/07/2025 19:15;1.2877
05/07/2025 19:30;1.4954
05/07/2025 19:45;1.3351
05/07/2025 20:00;1.1797
05/07/2025 20:15;1.1981
05/07/2025 20:30;1.2428
05/07/2025 20:45;1.3113
05/07/2025 21:00;0.9835
05/07/2025 21:15;0.9652
05/07/2025 21:30;0.9961
05/07/2025 21:45;0.9862
05/07/2025 22:00;0.6303
05/07/2025 22:15;0.6861
05/07/2025 22:30;0.6715
05/07/2025 22:45;0.6654
05/07/2025 23:00;0.4344
05/07/2025 23:15;0.4300
05/07/2025 23:30;0.4486
05/07/2025 23:45;0.4494
06/07/2025 00:00;0.3408
06/07/2025 00:15;0.3437
06/07/2025 00:30;0.3365
06/07/2025 00:45;0.3332
06/07/2025 01:00;0.2870
06/07/2025 01:15;0.2986
06/07/2025 01:30;0.2992
06/07/2025 01:45;0.2961
06/07/2025 02:00;0.2864
06/07/2025 02:15;0.2900
06/07/2025 02:30;0.2902
06/07/2025 02:45;0.2961
06/07/2025 03:00;0.2900
06/07/2025 03:15;0.2875
06/07/2025 03:30;0.2876
06/07/2025 03:45;0.2814
06/07/2025 04:00;0.3107
06/07/2025 04:15;0.3208
06/07/2025 04:30;0.3148
06/07/2025 04:45;0.3182
06/07/2025 05:00;0.4827
06/07/2025 05:15;0.4603
06/07/2025 05:30;0.5064
06/07/2025 05:45;0.4827
06/07/2025 06:00;0.8832
06/07/2025 06:15;0.8648
06/07/2025 06:30;0.9639
06/07/2025 06:45;0.9181
06/07/2025 07:00;1.1226
06/07/2025 07:15;1.0258
06/07/2025 07:30;1.1358
06/07/2025 07:45;1.0676
06/07/2025 08:00;0.8375
06/07/2025 08:15;0.8056
06/07/2025 08:30;0.8246
06/07/2025 08:45;0.8042
06/07/2025 09:00;0.5901
06/07/2025 09:15;0.5852
06/07/2025 09:30;0.5850
06/07/2025 09:45;0.5806
06/07/2025 10:00;0.5541
06/07/2025 10:15;0.5775
06/07/2025 10:30;0.5555
06/07/2025 10:45;0.5827
06/07/2025 11:00;0.5896
06/07/2025 11:15;0.6015
06/07/2025 11:30;0.5433
06/07/2025 11:45;0.5470
06/07/2025 12:00;0.6499
06/07/2025 12:15;0.6013
06/07/2025 12:30;0.5764
06/07/2025 12:45;0.6390
06/07/2025 13:00;0.5915
06/07/2025 13:15;0.5728
06/07/2025 13:30;0.6007
06/07/2025 13:45;0.5526
06/07/2025 14:00;0.5275
06/07/2025 14:15;0.5565
06/07/2025 14:30;0.5679
06/07/2025 14:45;0.5755
06/07/2025 15:00;0.5742
06/07/2025 15:15;0.6099
06/07/2025 15:30;0.5849
06/07/2025 15:45;0.5850
06/07/2025 16:00;0.6586
06/07/2025 16:15;0.6810
06/07/2025 16:30;0.6716
06/07/2025 16:45;0.6635
06/07/2025 17:00;0.9032
06/07/2025 17:15;0.8902
06/07/2025 17:30;0.8943
06/07/2025 17:45;0.9314
06/07/2025 18:00;1.2316
06/07/2025 18:15;1.2147
06/07/2025 18:30;1.1351
06/07/2025 18:45;1.1923
06/07/2025 19:00;1.2110
06/07/2025 19:15;1.2394
06/07/2025 19:30;1.2813
06/07/2025 19:45;1.2289
06/07/2025 20:00;1.1280
06/07/2025 20:15;1.1524
06/07/2025 20:30;1.1177
06/07/2025 20:45;1.1691
06/07/2025 21:00;0.8996
06/07/2025 21:15;0.8677
06/07/2025 21:30;0.9317
06/07/2025 21:45;0.8602
06/07/2025 22:00;0.6429
06/07/2025 22:15;0.6452
06/07/2025 22:30;0.6112
06/07/2025 22:45;0.6623
06/07/2025 23:00;0.3977
06/07/2025 23:15;0.4201
06/07/2025 23:30;0.3994
06/07/2025 23:45;0.3918
07/07/2025 00:00;0.3718
07/07/2025 00:15;0.3738
07/07/2025 00:30;0.3685
07/07/2025 00:45;0.3609
07/07/2025 01:00;0.3187
07/07/2025 01:15;0.3158
07/07/2025 01:30;0.3354
07/07/2025 01:45;0.3201
07/07/2025 02:00;0.3115
07/07/2025 02:15;0.3163
07/07/2025 02:30;0.3096
07/07/2025 02:45;0.3095
07/07/2025 03:00;0.3100
07/07/2025 03:15;0.3130
07/07/2025 03:30;0.3113
07/07/2025 03:45;0.3141
07/07/2025 04:00;0.3471
07/07/2025 04:15;0.3408
07/07/2025 04:30;0.3464
07/07/2025 04:45;0.3413
07/07/2025 05:00;0.5261
07/07/2025 05:15;0.5521
07/07/2025 05:30;0.5394
07/07/2025 05:45;0.5407
07/07/2025 06:00;1.0096
07/07/2025 06:15;1.0405
07/07/2025 06:30;1.0680
07/07/2025 06:45;1.0678
07/07/2025 07:00;1.2274
07/07/2025 07:15;1.2782
07/07/2025 07:30;1.2330
07/07/2025 07:45;1.2311
07/07/2025 08:00;0.9190
07/07/2025 08:15;0.9189
07/07/2025 08:30;0.9528
07/07/2025 08:45;0.9119
07/07/2025 09:00;0.6607
07/07/2025 09:15;0.6548
07/07/2025 09:30;0.6626
07/07/2025 09:45;0.6990
07/07/2025 10:00;0.6371
07/07/2025 10:15;0.6126
07/07/2025 10:30;0.6553
07/07/2025 10:45;0.6798
07/07/2025 11:00;0.6742
07/07/2025 11:15;0.6736
07/07/2025 11:30;0.6806
07/07/2025 11:45;0.6772
07/07/2025 12:00;0.6889
07/07/2025 12:15;0.6568
07/07/2025 12:30;0.7602
07/07/2025 12:45;0.6881
07/07/2025 13:00;0.6926
07/07/2025 13:15;0.6629
07/07/2025 13:30;0.6596
07/07/2025 13:45;0.6278
07/07/2025 14:00;0.6291
07/07/2025 14:15;0.6583
07/07/2025 14:30;0.6388
07/07/2025 14:45;0.6498
07/07/2025 15:00;0.6773
07/07/2025 15:15;0.6917
07/07/2025 15:30;0.6520
07/07/2025 15:45;0.6487
07/07/2025 16:00;0.7552
07/07/2025 16:15;0.7985
07/07/2025 16:30;0.7484
07/07/2025 16:45;0.8260
07/07/2025 17:00;1.0322
07/07/2025 17:15;1.0722
07/07/2025 17:30;1.1294
07/07/2025 17:45;1.0907
07/07/2025 18:00;1.4090
07/07/2025 18:15;1.3956
07/07/2025 18:30;1.4715
07/07/2025 18:45;1.4326
07/07/2025 19:00;1.4224
07/07/2025 19:15;1.3273
07/07/2025 19:30;1.4692
07/07/2025 19:45;1.4374
07/07/2025 20:00;1.2672
07/07/2025 20:15;1.3627
07/07/2025 20:30;1.2822
07/07/2025 20:45;1.3824
07/07/2025 21:00;1.0374
07/07/2025 21:15;1.0706
07/07/2025 21:30;1.0957
07/07/2025 21:45;1.0575
07/07/2025 22:00;0.7166
07/07/2025 22:15;0.6835
07/07/2025 22:30;0.6961
07/07/2025 22:45;0.7696
07/07/2025 23:00;0.4855
07/07/2025 23:15;0.4660
07/07/2025 23:30;0.4775
07/07/2025 23:45;0.4553
08/07/2025 00:00;0.3572
08/07/2025 00:15;0.3615
08/07/2025 00:30;0.3622
08/07/2025 00:45;0.3752
08/07/2025 01:00;0.3227
08/07/2025 01:15;0.3076
08/07/2025 01:30;0.3036
08/07/2025 01:45;0.3207
08/07/2025 02:00;0.3032
08/07/2025 02:15;0.3091
08/07/2025 02:30;0.3132
08/07/2025 02:45;0.3019
08/07/2025 03:00;0.3023
08/07/2025 03:15;0.3089
08/07/2025 03:30;0.3091
08/07/2025 03:45;0.3150
08/07/2025 04:00;0.3339
08/07/2025 04:15;0.3246
08/07/2025 04:30;0.3408
08/07/2025 04:45;0.3439
08/07/2025 05:00;0.5264
08/07/2025 05:15;0.5426
08/07/2025 05:30;0.5146
08/07/2025 05:45;0.5542
08/07/2025 06:00;1.0422
08/07/2025 06:15;0.9844
08/07/2025 06:30;1.0459
08/07/2025 06:45;1.0582
08/07/2025 07:00;1.3122
08/07/2025 07:15;1.2638
08/07/2025 07:30;1.2205
08/07/2025 07:45;1.2260
08/07/2025 08:00;0.9073
08/07/2025 08:15;0.9188
08/07/2025 08:30;0.8621
08/07/2025 08:45;0.9532
08/07/2025 09:00;0.6430
08/07/2025 09:15;0.6396
08/07/2025 09:30;0.6508
08/07/2025 09:45;0.6552
08/07/2025 10:00;0.5892
08/07/2025 10:15;0.6518
08/07/2025 10:30;0.6219
08/07/2025 10:45;0.6071
08/07/2025 11:00;0.6782
08/07/2025 11:15;0.6163
08/07/2025 11:30;0.6489
08/07/2025 11:45;0.6357
08/07/2025 12:00;0.7060
08/07/2025 12:15;0.6699
08/07/2025 12:30;0.6975
08/07/2025 12:45;0.6917
08/07/2025 13:00;0.6651
08/07/2025 13:15;0.6612
08/07/2025 13:30;0.6289
08/07/2025 13:45;0.6558
08/07/2025 14:00;0.6098
08/07/2025 14:15;0.6379
08/07/2025 14:30;0.6219
08/07/2025 14:45;0.6195
08/07/2025 15:00;0.6803
08/07/2025 15:15;0.6044
08/07/2025 15:30;0.6446
08/07/2025 15:45;0.6669
08/07/2025 16:00;0.7330
08/07/2025 16:15;0.7542
08/07/2025 16:30;0.7447
08/07/2025 16:45;0.7279
08/07/2025 17:00;1.0124
08/07/2025 17:15;1.0641
08/07/2025 17:30;0.9876
08/07/2025 17:45;1.0036
08/07/2025 18:00;1.3849
08/07/2025 18:15;1.3916
08/07/2025 18:30;1.4279
08/07/2025 18:45;1.3733
08/07/2025 19:00;1.4260
08/07/2025 19:15;1.5333
08/07/2025 19:30;1.4539
08/07/2025 19:45;1.4319
08/07/2025 20:00;1.3820
08/07/2025 20:15;1.2828
08/07/2025 20:30;1.2614
08/07/2025 20:45;1.2614
08/07/2025 21:00;1.0544
08/07/2025 21:15;1.1196
08/07/2025 21:30;1.0497
08/07/2025 21:45;1.0103
08/07/2025 22:00;0.7243
08/07/2025 22:15;0.6984
08/07/2025 22:30;0.7599
08/07/2025 22:45;0.7139
08/07/2025 23:00;0.4591
08/07/2025 23:15;0.4598
08/07/2025 23:30;0.4411
08/07/2025 23:45;0.4546
09/07/2025 00:00;0.3832
09/07/2025 00:15;0.3814
09/07/2025 00:30;0.3850
09/07/2025 00:45;0.3900
09/07/2025 01:00;0.3222
09/07/2025 01:15;0.3399
09/07/2025 01:30;0.3415
09/07/2025 01:45;0.3319
09/07/2025 02:00;0.3279
09/07/2025 02:15;0.3300
09/07/2025 02:30;0.3179
09/07/2025 02:45;0.3180
09/07/2025 03:00;0.3172
09/07/2025 03:15;0.3173
09/07/2025 03:30;0.3185
09/07/2025 03:45;0.3157
09/07/2025 04:00;0.3599
09/07/2025 04:15;0.3599
09/07/2025 04:30;0.3519
09/07/2025 04:45;0.3605
09/07/2025 05:00;0.5704
09/07/2025 05:15;0.5710
09/07/2025 05:30;0.5707
09/07/2025 05:45;0.5599
09/07/2025 06:00;0.9923
09/07/2025 06:15;1.0792
09/07/2025 06:30;1.0339
09/07/2025 06:45;1.0001
09/07/2025 07:00;1.3199
09/07/2025 07:15;1.3074
09/07/2025 07:30;1.3417
09/07/2025 07:45;1.3169
09/07/2025 08:00;0.9942
09/07/2025 08:15;0.9213
09/07/2025 08:30;0.9340
09/07/2025 08:45;0.8940
09/07/2025 09:00;0.6828
09/07/2025 09:15;0.6509
09/07/2025 09:30;0.7484
09/07/2025 09:45;0.6609
09/07/2025 10:00;0.6379
09/07/2025 10:15;0.6955
09/07/2025 10:30;0.6991
09/07/2025 10:45;0.6257
09/07/2025 11:00;0.6417
09/07/2025 11:15;0.7132
09/07/2025 11:30;0.6929
09/07/2025 11:45;0.6559
09/07/2025 12:00;0.7297
09/07/2025 12:15;0.6564
09/07/2025 12:30;0.7385
09/07/2025 12:45;0.7266
09/07/2025 13:00;0.7139
09/07/2025 13:15;0.6822
09/07/2025 13:30;0.7161
09/07/2025 13:45;0.6847
09/07/2025 14:00;0.6683
09/07/2025 14:15;0.6693
09/07/2025 14:30;0.6650
09/07/2025 14:45;0.6349
09/07/2025 15:00;0.6776
09/07/2025 15:15;0.6674
09/07/2025 15:30;0.6882
09/07/2025 15:45;0.6784
09/07/2025 16:00;0.8041
09/07/2025 16:15;0.7911
09/07/2025 16:30;0.8056
09/07/2025 16:45;0.7972
09/07/2025 17:00;1.0145
09/07/2025 17:15;1.0862
09/07/2025 17:30;1.0917
09/07/2025 17:45;1.1035
09/07/2025 18:00;1.3958
09/07/2025 18:15;1.5369
09/07/2025 18:30;1.4816
09/07/2025 18:45;1.4078
09/07/2025 19:00;1.5336
09/07/2025 19:15;1.5555
09/07/2025 19:30;1.4495
09/07/2025 19:45;1.4576
09/07/2025 20:00;1.3794
09/07/2025 20:15;1.2874
09/07/2025 20:30;1.2940
09/07/2025 20:45;1.2902
09/07/2025 21:00;1.0594
09/07/2025 21:15;1.1014
09/07/2025 21:30;1.0622
09/07/2025 21:45;1.0836
09/07/2025 22:00;0.7022
09/07/2025 22:15;0.7467
09/07/2025 22:30;0.7236
09/07/2025 22:45;0.7112
09/07/2025 23:00;0.4786
09/07/2025 23:15;0.4786
09/07/2025 23:30;0.4847
09/07/2025 23:45;0.4693
10/07/2025 00:00;0.3332
10/07/2025 00:15;0.3396
10/07/2025 00:30;0.3418
10/07/2025 00:45;0.3431
10/07/2025 01:00;0.2957
10/07/2025 01:15;0.2948
10/07/2025 01:30;0.2882
10/07/2025 01:45;0.2902
10/07/2025 02:00;0.2899
10/07/2025 02:15;0.2813
10/07/2025 02:30;0.2916
10/07/2025 02:45;0.2759
10/07/2025 03:00;0.2815
10/07/2025 03:15;0.2895
10/07/2025 03:30;0.2890
10/07/2025 03:45;0.2942
10/07/2025 04:00;0.3144
10/07/2025 04:15;0.3163
10/07/2025 04:30;0.3190
10/07/2025 04:45;0.3239
10/07/2025 05:00;0.4944
10/07/2025 05:15;0.4844
10/07/2025 05:30;0.4580
10/07/2025 05:45;0.4871
10/07/2025 06:00;0.9044
10/07/2025 06:15;0.8638
10/07/2025 06:30;0.9577
10/07/2025 06:45;0.9608
10/07/2025 07:00;1.2234
10/07/2025 07:15;1.1055
10/07/2025 07:30;1.1124
10/07/2025 07:45;1.1542
10/07/2025 08:00;0.8298
10/07/2025 08:15;0.9244
10/07/2025 08:30;0.7850
10/07/2025 08:45;0.8633
10/07/2025 09:00;0.6681
10/07/2025 09:15;0.6336
10/07/2025 09:30;0.5715
10/07/2025 09:45;0.6045
10/07/2025 10:00;0.5888
10/07/2025 10:15;0.5625
10/07/2025 10:30;0.6156
10/07/2025 10:45;0.5985
10/07/2025 11:00;0.6118
10/07/2025 11:15;0.6177
10/07/2025 11:30;0.5848
10/07/2025 11:45;0.6317
10/07/2025 12:00;0.6419
10/07/2025 12:15;0.6346
10/07/2025 12:30;0.6713
10/07/2025 12:45;0.6443
10/07/2025 13:00;0.6023
10/07/2025 13:15;0.5769
10/07/2025 13:30;0.6030
10/07/2025 13:45;0.6106
10/07/2025 14:00;0.5634
10/07/2025 14:15;0.6108
10/07/2025 14:30;0.6045
10/07/2025 14:45;0.5999
10/07/2025 15:00;0.5989
10/07/2025 15:15;0.5905
10/07/2025 15:30;0.5887
10/07/2025 15:45;0.6199
10/07/2025 16:00;0.7254
10/07/2025 16:15;0.7055
10/07/2025 16:30;0.7376
10/07/2025 16:45;0.6823
10/07/2025 17:00;0.9614
10/07/2025 17:15;1.0360
10/07/2025 17:30;0.9458
10/07/2025 17:45;1.0170
10/07/2025 18:00;1.2413
10/07/2025 18:15;1.1772
10/07/2025 18:30;1.2416
10/07/2025 18:45;1.3372
10/07/2025 19:00;1.3621
10/07/2025 19:15;1.3845
10/07/2025 19:30;1.2911
10/07/2025 19:45;1.3368
10/07/2025 20:00;1.2721
10/07/2025 20:15;1.1787
10/07/2025 20:30;1.2456
10/07/2025 20:45;1.1879
10/07/2025 21:00;0.9501
10/07/2025 21:15;0.9420
10/07/2025 21:30;1.0029
10/07/2025 21:45;0.9599
10/07/2025 22:00;0.6742
10/07/2025 22:15;0.6639
10/07/2025 22:30;0.6553
10/07/2025 22:45;0.7087
10/07/2025 23:00;0.4356
10/07/2025 23:15;0.4246
10/07/2025 23:30;0.4197
10/07/2025 23:45;0.4340
11/07/2025 00:00;0.4193
11/07/2025 00:15;0.4138
11/07/2025 00:30;0.4085
11/07/2025 00:45;0.4065
11/07/2025 01:00;0.3498
11/07/2025 01:15;0.3496
11/07/2025 01:30;0.3546
11/07/2025 01:45;0.3487
11/07/2025 02:00;0.3428
11/07/2025 02:15;0.3414
11/07/2025 02:30;0.3265
11/07/2025 02:45;0.3297
11/07/2025 03:00;0.3473
11/07/2025 03:15;0.3323
11/07/2025 03:30;0.3264
11/07/2025 03:45;0.3431
11/07/2025 04:00;0.3653
11/07/2025 04:15;0.3654
11/07/2025 04:30;0.3750
11/07/2025 04:45;0.3623
11/07/2025 05:00;0.5549
11/07/2025 05:15;0.5730
11/07/2025 05:30;0.5704
11/07/2025 05:45;0.5748
11/07/2025 06:00;1.1877
11/07/2025 06:15;1.0813
11/07/2025 06:30;1.1373
11/07/2025 06:45;1.1198
11/07/2025 07:00;1.4137
11/07/2025 07:15;1.4079
11/07/2025 07:30;1.4663
11/07/2025 07:45;1.3802
11/07/2025 08:00;0.9867
11/07/2025 08:15;0.9582
11/07/2025 08:30;0.9459
11/07/2025 08:45;1.0057
11/07/2025 09:00;0.7187
11/07/2025 09:15;0.7630
11/07/2025 09:30;0.7033
11/07/2025 09:45;0.6901
11/07/2025 10:00;0.6858
11/07/2025 10:15;0.7223
11/07/2025 10:30;0.6862
11/07/2025 10:45;0.6706
11/07/2025 11:00;0.7143
11/07/2025 11:15;0.7219
11/07/2025 11:30;0.7155
11/07/2025 11:45;0.7407
11/07/2025 12:00;0.7443
11/07/2025 12:15;0.7577
11/07/2025 12:30;0.7856
11/07/2025 12:45;0.7588
11/07/2025 13:00;0.7141
11/07/2025 13:15;0.7320
11/07/2025 13:30;0.7636
11/07/2025 13:45;0.6826
11/07/2025 14:00;0.6961
11/07/2025 14:15;0.7085
11/07/2025 14:30;0.6676
11/07/2025 14:45;0.7167
11/07/2025 15:00;0.7379
11/07/2025 15:15;0.7664
11/07/2025 15:30;0.7311
11/07/2025 15:45;0.7346
11/07/2025 16:00;0.8008
11/07/2025 16:15;0.7893
11/07/2025 16:30;0.8262
11/07/2025 16:45;0.8564
11/07/2025 17:00;1.1273
11/07/2025 17:15;1.1413
11/07/2025 17:30;1.1426
11/07/2025 17:45;1.1165
11/07/2025 18:00;1.6438
11/07/2025 18:15;1.4497
11/07/2025 18:30;1.6009
11/07/2025 18:45;1.4296
11/07/2025 19:00;1.6765
11/07/2025 19:15;1.6293
11/07/2025 19:30;1.6058
11/07/2025 19:45;1.6989
11/07/2025 20:00;1.4467
11/07/2025 20:15;1.3867
11/07/2025 20:30;1.3424
11/07/2025 20:45;1.4093
11/07/2025 21:00;1.1842
11/07/2025 21:15;1.1662
11/07/2025 21:30;1.1172
11/07/2025 21:45;1.2468
11/07/2025 22:00;0.8038
11/07/2025 22:15;0.7660
11/07/2025 22:30;0.8171
11/07/2025 22:45;0.7859
11/07/2025 23:00;0.4982
11/07/2025 23:15;0.4855
11/07/2025 23:30;0.4980
11/07/2025 23:45;0.4975
12/07/2025 00:00;0.3684
12/07/2025 00:15;0.3438
12/07/2025 00:30;0.3567
12/07/2025 00:45;0.3412
12/07/2025 01:00;0.3136
12/07/2025 01:15;0.3050
12/07/2025 01:30;0.2996
12/07/2025 01:45;0.3066
12/07/2025 02:00;0.2976
12/07/2025 02:15;0.2967
12/07/2025 02:30;0.3034
12/07/2025 02:45;0.2977
12/07/2025 03:00;0.2967
12/07/2025 03:15;0.2984
12/07/2025 03:30;0.2940
12/07/2025 03:45;0.2923
12/07/2025 04:00;0.3324
12/07/2025 04:15;0.3205
12/07/2025 04:30;0.3270
12/07/2025 04:45;0.3283
12/07/2025 05:00;0.5017
12/07/2025 05:15;0.5169
12/07/2025 05:30;0.5176
12/07/2025 05:45;0.4880
12/07/2025 06:00;0.9376
12/07/2025 06:15;0.9591
12/07/2025 06:30;0.9354
12/07/2025 06:45;0.9113
12/07/2025 07:00;1.2010
12/07/2025 07:15;1.1465
12/07/2025 07:30;1.1536
12/07/2025 07:45;1.1863
12/07/2025 08:00;0.8411
12/07/2025 08:15;0.9202
12/07/2025 08:30;0.8475
12/07/2025 08:45;0.8785
12/07/2025 09:00;0.6049
12/07/2025 09:15;0.6134
12/07/2025 09:30;0.6138
12/07/2025 09:45;0.6060
12/07/2025 10:00;0.5532
12/07/2025 10:15;0.5832
12/07/2025 10:30;0.5811
12/07/2025 10:45;0.6115
12/07/2025 11:00;0.6305
12/07/2025 11:15;0.6102
12/07/2025 11:30;0.6222
12/07/2025 11:45;0.6139
12/07/2025 12:00;0.6815
12/07/2025 12:15;0.6401
12/07/2025 12:30;0.6490
12/07/2025 12:45;0.6507
12/07/2025 13:00;0.6187
12/07/2025 13:15;0.6221
12/07/2025 13:30;0.5953
12/07/2025 13:45;0.6215
12/07/2025 14:00;0.6238
12/07/2025 14:15;0.5965
12/07/2025 14:30;0.5864
12/07/2025 14:45;0.5707
12/07/2025 15:00;0.6408
12/07/2025 15:15;0.5808
12/07/2025 15:30;0.6236
12/07/2025 15:45;0.6047
12/07/2025 16:00;0.6832
12/07/2025 16:15;0.7331
12/07/2025 16:30;0.6885
12/07/2025 16:45;0.6884
12/07/2025 17:00;0.9507
12/07/2025 17:15;0.9490
12/07/2025 17:30;0.9361
12/07/2025 17:45;0.9725
12/07/2025 18:00;1.2225
12/07/2025 18:15;1.2951
12/07/2025 18:30;1.3245
12/07/2025 18:45;1.2772
12/07/2025 19:00;1.3425
12/07/2025 19:15;1.2881
12/07/2025 19:30;1.3024
12/07/2025 19:45;1.3900
12/07/2025 20:00;1.2649
12/07/2025 20:15;1.1526
12/07/2025 20:30;1.1923
12/07/2025 20:45;1.0815
12/07/2025 21:00;1.0117
12/07/2025 21:15;0.9739
12/07/2025 21:30;0.9912
12/07/2025 21:45;0.9521
12/07/2025 22:00;0.6630
12/07/2025 22:15;0.6600
12/07/2025 22:30;0.6474
12/07/2025 22:45;0.6441
12/07/2025 23:00;0.4439
12/07/2025 23:15;0.4424
12/07/2025 23:30;0.4351
12/07/2025 23:45;0.4362
13/07/2025 00:00;0.3682
13/07/2025 00:15;0.3651
13/07/2025 00:30;0.3663
13/07/2025 00:45;0.3598
13/07/2025 01:00;0.3215
13/07/2025 01:15;0.3259
13/07/2025 01:30;0.3213
13/07/2025 01:45;0.3150
13/07/2025 02:00;0.3152
13/07/2025 02:15;0.3114
13/07/2025 02:30;0.2968
13/07/2025 02:45;0.3108
13/07/2025 03:00;0.3156
13/07/2025 03:15;0.3139
13/07/2025 03:30;0.3147
13/07/2025 03:45;0.3076
13/07/2025 04:00;0.3373
13/07/2025 04:15;0.3421
13/07/2025 04:30;0.3404
13/07/2025 04:45;0.3467
13/07/2025 05:00;0.5161
13/07/2025 05:15;0.5206
13/07/2025 05:30;0.5267
13/07/2025 05:45;0.5207
13/07/2025 06:00;0.9384
13/07/2025 06:15;0.9496
13/07/2025 06:30;0.9290
13/07/2025 06:45;0.8932
13/07/2025 07:00;1.2015
13/07/2025 07:15;1.1830
13/07/2025 07:30;1.1125
13/07/2025 07:45;1.1843
13/07/2025 08:00;0.8929
13/07/2025 08:15;0.9012
13/07/2025 08:30;0.8357
13/07/2025 08:45;0.9129
13/07/2025 09:00;0.6195
13/07/2025 09:15;0.6229
13/07/2025 09:30;0.6153
13/07/2025 09:45;0.6158
13/07/2025 10:00;0.6355
13/07/2025 10:15;0.6127
13/07/2025 10:30;0.6006
13/07/2025 10:45;0.5878
13/07/2025 11:00;0.6189
13/07/2025 11:15;0.6739
13/07/2025 11:30;0.6777
13/07/2025 11:45;0.6332
13/07/2025 12:00;0.6818
13/07/2025 12:15;0.6576
13/07/2025 12:30;0.6289
13/07/2025 12:45;0.6872
13/07/2025 13:00;0.6496
13/07/2025 13:15;0.6438
13/07/2025 13:30;0.6465
13/07/2025 13:45;0.6355
13/07/2025 14:00;0.6047
13/07/2025 14:15;0.5990
13/07/2025 14:30;0.6074
13/07/2025 14:45;0.6011
13/07/2025 15:00;0.6443
13/07/2025 15:15;0.6337
13/07/2025 15:30;0.6069
13/07/2025 15:45;0.6367
13/07/2025 16:00;0.7422
13/07/2025 16:15;0.7426
13/07/2025 16:30;0.6977
13/07/2025 16:45;0.7309
13/07/2025 17:00;0.9789
13/07/2025 17:15;0.9634
13/07/2025 17:30;0.9588
13/07/2025 17:45;0.9994
13/07/2025 18:00;1.4082
13/07/2025 18:15;1.3458
13/07/2025 18:30;1.3590
13/07/2025 18:45;1.3574
13/07/2025 19:00;1.3988
13/07/2025 19:15;1.3367
13/07/2025 19:30;1.3849
13/07/2025 19:45;1.4090
13/07/2025 20:00;1.2461
13/07/2025 20:15;1.3005
13/07/2025 20:30;1.1858
13/07/2025 20:45;1.2153
13/07/2025 21:00;1.0132
13/07/2025 21:15;0.9983
13/07/2025 21:30;0.9770
13/07/2025 21:45;0.9549
13/07/2025 22:00;0.6650
13/07/2025 22:15;0.6784
13/07/2025 22:30;0.6735
13/07/2025 22:45;0.6834
13/07/2025 23:00;0.4523
13/07/2025 23:15;0.4396
13/07/2025 23:30;0.4359
13/07/2025 23:45;0.4489
14/07/2025 00:00;0.3259
14/07/2025 00:15;0.3341
14/07/2025 00:30;0.3202
14/07/2025 00:45;0.3309
14/07/2025 01:00;0.2940
14/07/2025 01:15;0.2826
14/07/2025 01:30;0.2898
14/07/2025 01:45;0.2963
14/07/2025 02:00;0.2762
14/07/2025 02:15;0.2775
14/07/2025 02:30;0.2872
14/07/2025 02:45;0.2856
14/07/2025 03:00;0.2789
14/07/2025 03:15;0.2826
14/07/2025 03:30;0.2801
14/07/2025 03:45;0.2797
14/07/2025 04:00;0.3102
14/07/2025 04:15;0.3056
14/07/2025 04:30;0.3101
14/07/2025 04:45;0.3066
14/07/2025 05:00;0.4754
14/07/2025 05:15;0.5173
14/07/2025 05:30;0.4894
14/07/2025 05:45;0.4938
14/07/2025 06:00;0.8753
14/07/2025 06:15;0.8596
14/07/2025 06:30;0.8452
14/07/2025 06:45;0.8730
14/07/2025 07:00;1.1298
14/07/2025 07:15;1.1429
14/07/2025 07:30;1.1705
14/07/2025 07:45;1.1021
14/07/2025 08:00;0.8082
14/07/2025 08:15;0.8611
14/07/2025 08:30;0.8226
14/07/2025 08:45;0.8558
14/07/2025 09:00;0.6170
14/07/2025 09:15;0.5763
14/07/2025 09:30;0.5864
14/07/2025 09:45;0.6086
14/07/2025 10:00;0.5597
14/07/2025 10:15;0.5875
14/07/2025 10:30;0.5423
14/07/2025 10:45;0.6130
14/07/2025 11:00;0.5885
14/07/2025 11:15;0.6003
14/07/2025 11:30;0.5665
14/07/2025 11:45;0.5956
14/07/2025 12:00;0.6331
14/07/2025 12:15;0.6234
14/07/2025 12:30;0.6347
14/07/2025 12:45;0.6715
14/07/2025 13:00;0.6131
14/07/2025 13:15;0.5815
14/07/2025 13:30;0.6129
14/07/2025 13:45;0.5888
14/07/2025 14:00;0.5798
14/07/2025 14:15;0.5319
14/07/2025 14:30;0.6029
14/07/2025 14:45;0.5922
14/07/2025 15:00;0.5933
14/07/2025 15:15;0.6055
14/07/2025 15:30;0.5708
14/07/2025 15:45;0.6185
14/07/2025 16:00;0.6996
14/07/2025 16:15;0.6818
14/07/2025 16:30;0.6753
14/07/2025 16:45;0.7096
14/07/2025 17:00;0.9526
14/07/2025 17:15;1.0211
14/07/2025 17:30;0.9414
14/07/2025 17:45;0.9734
14/07/2025 18:00;1.2297
14/07/2025 18:15;1.2982
14/07/2025 18:30;1.2554
14/07/2025 18:45;1.2177
14/07/2025 19:00;1.3092
14/07/2025 19:15;1.2785
14/07/2025 19:30;1.3351
14/07/2025 19:45;1.3637
14/07/2025 20:00;1.1984
14/07/2025 20:15;1.2486
14/07/2025 20:30;1.2068
14/07/2025 20:45;1.2239
14/07/2025 21:00;0.9794
14/07/2025 21:15;0.9309
14/07/2025 21:30;0.9369
14/07/2025 21:45;0.9231
14/07/2025 22:00;0.6706
14/07/2025 22:15;0.6478
14/07/2025 22:30;0.6661
14/07/2025 22:45;0.6388
14/07/2025 23:00;0.4065
14/07/2025 23:15;0.4155
14/07/2025 23:30;0.4066
14/07/2025 23:45;0.4180
15/07/2025 00:00;0.3369
15/07/2025 00:15;0.3399
15/07/2025 00:30;0.3341
15/07/2025 00:45;0.3342
15/07/2025 01:00;0.2926
15/07/2025 01:15;0.3007
15/07/2025 01:30;0.2969
15/07/2025 01:45;0.2940
15/07/2025 02:00;0.2871
15/07/2025 02:15;0.2911
15/07/2025 02:30;0.2914
15/07/2025 02:45;0.2904
15/07/2025 03:00;0.2889
15/07/2025 03:15;0.2860
15/07/2025 03:30;0.2888
15/07/2025 03:45;0.2886
15/07/2025 04:00;0.3139
15/07/2025 04:15;0.3123
15/07/2025 04:30;0.3121
15/07/2025 04:45;0.3115
15/07/2025 05:00;0.4509
15/07/2025 05:15;0.4744
15/07/2025 05:30;0.4728
15/07/2025 05:45;0.4716
15/07/2025 06:00;0.8193
15/07/2025 06:15;0.8340
15/07/2025 06:30;0.8099
15/07/2025 06:45;0.8650
15/07/2025 07:00;0.9917
15/07/2025 07:15;1.0099
15/07/2025 07:30;1.0250
15/07/2025 07:45;1.0450
15/07/2025 08:00;0.8044
15/07/2025 08:15;0.7503
15/07/2025 08:30;0.7730
15/07/2025 08:45;0.7612
15/07/2025 09:00;0.5446
15/07/2025 09:15;0.5858
15/07/2025 09:30;0.5622
15/07/2025 09:45;0.5529
15/07/2025 10:00;0.5350
15/07/2025 10:15;0.5264
15/07/2025 10:30;0.5403
15/07/2025 10:45;0.5277
15/07/2025 11:00;0.5519
15/07/2025 11:15;0.5689
15/07/2025 11:30;0.5419
15/07/2025 11:45;0.5499
15/07/2025 12:00;0.5977
15/07/2025 12:15;0.5855
15/07/2025 12:30;0.5564
15/07/2025 12:45;0.5902
15/07/2025 13:00;0.5443
15/07/2025 13:15;0.5226
15/07/2025 13:30;0.5364
15/07/2025 13:45;0.5415
15/07/2025 14:00;0.5134
15/07/2025 14:15;0.5065
15/07/2025 14:30;0.5563
15/07/2025 14:45;0.4979
15/07/2025 15:00;0.5650
15/07/2025 15:15;0.5636
15/07/2025 15:30;0.5650
15/07/2025 15:45;0.5533
15/07/2025 16:00;0.6653
15/07/2025 16:15;0.6524
15/07/2025 16:30;0.6472
15/07/2025 16:45;0.6069
15/07/2025 17:00;0.8391
15/07/2025 17:15;0.8800
15/07/2025 17:30;0.8593
15/07/2025 17:45;0.8980
15/07/2025 18:00;1.1075
15/07/2025 18:15;1.0848
15/07/2025 18:30;1.0973
15/07/2025 18:45;1.0441
15/07/2025 19:00;1.1456
15/07/2025 19:15;1.1753
15/07/2025 19:30;1.1349
15/07/2025 19:45;1.3006
15/07/2025 20:00;1.0051
15/07/2025 20:15;1.0654
15/07/2025 20:30;1.0288
15/07/2025 20:45;1.0532
15/07/2025 21:00;0.8442
15/07/2025 21:15;0.8735
15/07/2025 21:30;0.8525
15/07/2025 21:45;0.8797
15/07/2025 22:00;0.5738
15/07/2025 22:15;0.5905
15/07/2025 22:30;0.5931
15/07/2025 22:45;0.5960
15/07/2025 23:00;0.3956
15/07/2025 23:15;0.3919
15/07/2025 23:30;0.3953
15/07/2025 23:45;0.3899
16/07/2025 00:00;0.3266
16/07/2025 00:15;0.3328
16/07/2025 00:30;0.3266
16/07/2025 00:45;0.3332
16/07/2025 01:00;0.3006
16/07/2025 01:15;0.3037
16/07/2025 01:30;0.3005
16/07/2025 01:45;0.3003
16/07/2025 02:00;0.2899
16/07/2025 02:15;0.2907
16/07/2025 02:30;0.2859
16/07/2025 02:45;0.2880
16/07/2025 03:00;0.2968
16/07/2025 03:15;0.2977
16/07/2025 03:30;0.2893
16/07/2025 03:45;0.2883
16/07/2025 04:00;0.3149
16/07/2025 04:15;0.3236
16/07/2025 04:30;0.3166
16/07/2025 04:45;0.3234
16/07/2025 05:00;0.4789
16/07/2025 05:15;0.4712
16/07/2025 05:30;0.4669
16/07/2025 05:45;0.4807
16/07/2025 06:00;0.8264
16/07/2025 06:15;0.8575
16/07/2025 06:30;0.8510
16/07/2025 06:45;0.8462
16/07/2025 07:00;1.0411
16/07/2025 07:15;0.9904
16/07/2025 07:30;1.0405
16/07/2025 07:45;1.0109
16/07/2025 08:00;0.7809
16/07/2025 08:15;0.8023
16/07/2025 08:30;0.7723
16/07/2025 08:45;0.8107
16/07/2025 09:00;0.5684
16/07/2025 09:15;0.5674
16/07/2025 09:30;0.5802
16/07/2025 09:45;0.5753
16/07/2025 10:00;0.5483
16/07/2025 10:15;0.5430
16/07/2025 10:30;0.5571
16/07/2025 10:45;0.5476
16/07/2025 11:00;0.5569
16/07/2025 11:15;0.5498
16/07/2025 11:30;0.5687
16/07/2025 11:45;0.5659
16/07/2025 12:00;0.5800
16/07/2025 12:15;0.6060
16/07/2025 12:30;0.5987
16/07/2025 12:45;0.5721
16/07/2025 13:00;0.5564
16/07/2025 13:15;0.5689
16/07/2025 13:30;0.5822
16/07/2025 13:45;0.5491
16/07/2025 14:00;0.5420
16/07/2025 14:15;0.5310
16/07/2025 14:30;0.5499
16/07/2025 14:45;0.5743
16/07/2025 15:00;0.5521
16/07/2025 15:15;0.5486
16/07/2025 15:30;0.5655
16/07/2025 15:45;0.5826
16/07/2025 16:00;0.6702
16/07/2025 16:15;0.6285
16/07/2025 16:30;0.6467
16/07/2025 16:45;0.6800
16/07/2025 17:00;0.8584
16/07/2025 17:15;0.8843
16/07/2025 17:30;0.8571
16/07/2025 17:45;0.8236
16/07/2025 18:00;1.2283
16/07/2025 18:15;1.1452
16/07/2025 18:30;1.1282
16/07/2025 18:45;1.1303
16/07/2025 19:00;1.2515
16/07/2025 19:15;1.1869
16/07/2025 19:30;1.2114
16/07/2025 19:45;1.1788
16/07/2025 20:00;1.0771
16/07/2025 20:15;1.0894
16/07/2025 20:30;1.0378
16/07/2025 20:45;1.0143
16/07/2025 21:00;0.8440
16/07/2025 21:15;0.8508
16/07/2025 21:30;0.9127
16/07/2025 21:45;0.9031
16/07/2025 22:00;0.6211
16/07/2025 22:15;0.6137
16/07/2025 22:30;0.6001
16/07/2025 22:45;0.6346
16/07/2025 23:00;0.4180
16/07/2025 23:15;0.4152
16/07/2025 23:30;0.4109
16/07/2025 23:45;0.4213
17/07/2025 00:00;0.3319
17/07/2025 00:15;0.3285
17/07/2025 00:30;0.3316
17/07/2025 00:45;0.3301
17/07/2025 01:00;0.2851
17/07/2025 01:15;0.2973
17/07/2025 01:30;0.2851
17/07/2025 01:45;0.2939
17/07/2025 02:00;0.2868
17/07/2025 02:15;0.2804
17/07/2025 02:30;0.2810
17/07/2025 02:45;0.2821
17/07/2025 03:00;0.2820
17/07/2025 03:15;0.2837
17/07/2025 03:30;0.2969
17/07/2025 03:45;0.2895
17/07/2025 04:00;0.3094
17/07/2025 04:15;0.3036
17/07/2025 04:30;0.3044
17/07/2025 04:45;0.3127
17/07/2025 05:00;0.4766
17/07/2025 05:15;0.4542
17/07/2025 05:30;0.4591
17/07/2025 05:45;0.4468
17/07/2025 06:00;0.7993
17/07/2025 06:15;0.7840
17/07/2025 06:30;0.7961
17/07/2025 06:45;0.8012
17/07/2025 07:00;1.0193
17/07/2025 07:15;1.0687
17/07/2025 07:30;0.9858
17/07/2025 07:45;0.9577
17/07/2025 08:00;0.7755
17/07/2025 08:15;0.7398
17/07/2025 08:30;0.7815
17/07/2025 08:45;0.7443
17/07/2025 09:00;0.5716
17/07/2025 09:15;0.5651
17/07/2025 09:30;0.5552
17/07/2025 09:45;0.5538
17/07/2025 10:00;0.5278
17/07/2025 10:15;0.5268
17/07/2025 10:30;0.5441
17/07/2025 10:45;0.5259
17/07/2025 11:00;0.5642
17/07/2025 11:15;0.5523
17/07/2025 11:30;0.5458
17/07/2025 11:45;0.5583
17/07/2025 12:00;0.5866
17/07/2025 12:15;0.5599
17/07/2025 12:30;0.5533
17/07/2025 12:45;0.5654
17/07/2025 13:00;0.5378
17/07/2025 13:15;0.5963
17/07/2025 13:30;0.5622
17/07/2025 13:45;0.5452
17/07/2025 14:00;0.4994
17/07/2025 14:15;0.5347
17/07/2025 14:30;0.5217
17/07/2025 14:45;0.5282
17/07/2025 15:00;0.5698
17/07/2025 15:15;0.5484
17/07/2025 15:30;0.5695
17/07/2025 15:45;0.5335
17/07/2025 16:00;0.6219
17/07/2025 16:15;0.6236
17/07/2025 16:30;0.6399
17/07/2025 16:45;0.6525
17/07/2025 17:00;0.8317
17/07/2025 17:15;0.8427
17/07/2025 17:30;0.8530
17/07/2025 17:45;0.8441
17/07/2025 18:00;1.0951
17/07/2025 18:15;1.1096
17/07/2025 18:30;1.0914
17/07/2025 18:45;1.0780
17/07/2025 19:00;1.1934
17/07/2025 19:15;1.1496
17/07/2025 19:30;1.1995
17/07/2025 19:45;1.2080
17/07/2025 20:00;1.0655
17/07/2025 20:15;1.1213
17/07/2025 20:30;1.0907
17/07/2025 20:45;0.9872
17/07/2025 21:00;0.9038
17/07/2025 21:15;0.8801
17/07/2025 21:30;0.8594
17/07/2025 21:45;0.8616
17/07/2025 22:00;0.5979
17/07/2025 22:15;0.5995
17/07/2025 22:30;0.6161
17/07/2025 22:45;0.5817
17/07/2025 23:00;0.3951
17/07/2025 23:15;0.3881
17/07/2025 23:30;0.3876
17/07/2025 23:45;0.3804
18/07/2025 00:00;0.3398
18/07/2025 00:15;0.3284
18/07/2025 00:30;0.3330
18/07/2025 00:45;0.3316
18/07/2025 01:00;0.2935
18/07/2025 01:15;0.2993
18/07/2025 01:30;0.2988
18/07/2025 01:45;0.2989
18/07/2025 02:00;0.2933
18/07/2025 02:15;0.2916
18/07/2025 02:30;0.2885
18/07/2025 02:45;0.2911
18/07/2025 03:00;0.2977
18/07/2025 03:15;0.2905
18/07/2025 03:30;0.2875
18/07/2025 03:45;0.2989
18/07/2025 04:00;0.3163
18/07/2025 04:15;0.3167
18/07/2025 04:30;0.3191
18/07/2025 04:45;0.3281
18/07/2025 05:00;0.4944
18/07/2025 05:15;0.4773
18/07/2025 05:30;0.4935
18/07/2025 05:45;0.4825
18/07/2025 06:00;0.7925
18/07/2025 06:15;0.8588
18/07/2025 06:30;0.7775
18/07/2025 06:45;0.8229
18/07/2025 07:00;1.0595
18/07/2025 07:15;0.9815
18/07/2025 07:30;1.0419
18/07/2025 07:45;1.0636
18/07/2025 08:00;0.8022
18/07/2025 08:15;0.7570
18/07/2025 08:30;0.7514
18/07/2025 08:45;0.7840
18/07/2025 09:00;0.6071
18/07/2025 09:15;0.5930
18/07/2025 09:30;0.5649
18/07/2025 09:45;0.5590
18/07/2025 10:00;0.5454
18/07/2025 10:15;0.5642
18/07/2025 10:30;0.5509
18/07/2025 10:45;0.5477
18/07/2025 11:00;0.5828
18/07/2025 11:15;0.5735
18/07/2025 11:30;0.5750
18/07/2025 11:45;0.5567
18/07/2025 12:00;0.6245
18/07/2025 12:15;0.5920
18/07/2025 12:30;0.5995
18/07/2025 12:45;0.5759
18/07/2025 13:00;0.5627
18/07/2025 13:15;0.5685
18/07/2025 13:30;0.5818
18/07/2025 13:45;0.5719
18/07/2025 14:00;0.5602
18/07/2025 14:15;0.5492
18/07/2025 14:30;0.5302
18/07/2025 14:45;0.5394
18/07/2025 15:00;0.5680
18/07/2025 15:15;0.5752
18/07/2025 15:30;0.5956
18/07/2025 15:45;0.5998
18/07/2025 16:00;0.6391
18/07/2025 16:15;0.6172
18/07/2025 16:30;0.6549
18/07/2025 16:45;0.6278
18/07/2025 17:00;0.9100
18/07/2025 17:15;0.8832
18/07/2025 17:30;0.8386
18/07/2025 17:45;0.9010
18/07/2025 18:00;1.0983
18/07/2025 18:15;1.1497
18/07/2025 18:30;1.1563
18/07/2025 18:45;1.1297
18/07/2025 19:00;1.1223
18/07/2025 19:15;1.2214
18/07/2025 19:30;1.2323
18/07/2025 19:45;1.1945
18/07/2025 20:00;1.1312
18/07/2025 20:15;1.0865
18/07/2025 20:30;1.1202
18/07/2025 20:45;1.1713
18/07/2025 21:00;0.8897
18/07/2025 21:15;0.8986
18/07/2025 21:30;0.7915
18/07/2025 21:45;0.8641
18/07/2025 22:00;0.6137
18/07/2025 22:15;0.6111
18/07/2025 22:30;0.5987
18/07/2025 22:45;0.6007
18/07/2025 23:00;0.4130
18/07/2025 23:15;0.4099
18/07/2025 23:30;0.4045
18/07/2025 23:45;0.4208
19/07/2025 00:00;0.3283
19/07/2025 00:15;0.3417
19/07/2025 00:30;0.3388
19/07/2025 00:45;0.3419
19/07/2025 01:00;0.2988
19/07/2025 01:15;0.2994
19/07/2025 01:30;0.3036
19/07/2025 01:45;0.2974
19/07/2025 02:00;0.2876
19/07/2025 02:15;0.2980
19/07/2025 02:30;0.2828
19/07/2025 02:45;0.2993
19/07/2025 03:00;0.2997
19/07/2025 03:15;0.2983
19/07/2025 03:30;0.2944
19/07/2025 03:45;0.2946
19/07/2025 04:00;0.3149
19/07/2025 04:15;0.3172
19/07/2025 04:30;0.3237
19/07/2025 04:45;0.3188
19/07/2025 05:00;0.4643
19/07/2025 05:15;0.4577
19/07/2025 05:30;0.4832
19/07/2025 05:45;0.4783
19/07/2025 06:00;0.7980
19/07/2025 06:15;0.8146
19/07/2025 06:30;0.8188
19/07/2025 06:45;0.7844
19/07/2025 07:00;1.0085
19/07/2025 07:15;0.9621
19/07/2025 07:30;0.9803
19/07/2025 07:45;1.0313
19/07/2025 08:00;0.7420
19/07/2025 08:15;0.6998
19/07/2025 08:30;0.7694
19/07/2025 08:45;0.7791
19/07/2025 09:00;0.5676
19/07/2025 09:15;0.5415
19/07/2025 09:30;0.5581
19/07/2025 09:45;0.5433
19/07/2025 10:00;0.5186
19/07/2025 10:15;0.5346
19/07/2025 10:30;0.5407
19/07/2025 10:45;0.5343
19/07/2025 11:00;0.5542
19/07/2025 11:15;0.5509
19/07/2025 11:30;0.5345
19/07/2025 11:45;0.5517
19/07/2025 12:00;0.5393
19/07/2025 12:15;0.5551
19/07/2025 12:30;0.5621
19/07/2025 12:45;0.5864
19/07/2025 13:00;0.5661
19/07/2025 13:15;0.5474
19/07/2025 13:30;0.5555
19/07/2025 13:45;0.5702
19/07/2025 14:00;0.5358
19/07/2025 14:15;0.5260
19/07/2025 14:30;0.5272
19/07/2025 14:45;0.5186
19/07/2025 15:00;0.5259
19/07/2025 15:15;0.5399
19/07/2025 15:30;0.5298
19/07/2025 15:45;0.5582
19/07/2025 16:00;0.6137
19/07/2025 16:15;0.6230
19/07/2025 16:30;0.6200
19/07/2025 16:45;0.6333
19/07/2025 17:00;0.8427
19/07/2025 17:15;0.8795
19/07/2025 17:30;0.8839
19/07/2025 17:45;0.8363
19/07/2025 18:00;1.0417
19/07/2025 18:15;1.1158
19/07/2025 18:30;1.0854
19/07/2025 18:45;1.0733
19/07/2025 19:00;1.1997
19/07/2025 19:15;1.2495
19/07/2025 19:30;1.1942
19/07/2025 19:45;1.2027
19/07/2025 20:00;0.9987
19/07/2025 20:15;1.1145
19/07/2025 20:30;0.9683
19/07/2025 20:45;1.0167
19/07/2025 21:00;0.8716
19/07/2025 21:15;0.8063
19/07/2025 21:30;0.8573
19/07/2025 21:45;0.8022
19/07/2025 22:00;0.6201
19/07/2025 22:15;0.5859
19/07/2025 22:30;0.5743
19/07/2025 22:45;0.6114
19/07/2025 23:00;0.3953
19/07/2025 23:15;0.4010
19/07/2025 23:30;0.4085
19/07/2025 23:45;0.3915
20/07/2025 00:00;0.3111
20/07/2025 00:15;0.3130
20/07/2025 00:30;0.3124
20/07/2025 00:45;0.3206
20/07/2025 01:00;0.2784
20/07/2025 01:15;0.2843
20/07/2025 01:30;0.2827
20/07/2025 01:45;0.2764
20/07/2025 02:00;0.2751
20/07/2025 02:15;0.2797
20/07/2025 02:30;0.2768
20/07/2025 02:45;0.2716
20/07/2025 03:00;0.2778
20/07/2025 03:15;0.2733
20/07/2025 03:30;0.2811
20/07/2025 03:45;0.2771
20/07/2025 04:00;0.3032
20/07/2025 04:15;0.2983
20/07/2025 04:30;0.2951
20/07/2025 04:45;0.3060
20/07/2025 05:00;0.4463
20/07/2025 05:15;0.4234
20/07/2025 05:30;0.4159
20/07/2025 05:45;0.4351
20/07/2025 06:00;0.7644
20/07/2025 06:15;0.7368
20/07/2025 06:30;0.8119
20/07/2025 06:45;0.7748
20/07/2025 07:00;0.8998
20/07/2025 07:15;0.9265
20/07/2025 07:30;0.8822
20/07/2025 07:45;0.9116
20/07/2025 08:00;0.6929
20/07/2025 08:15;0.6966
20/07/2025 08:30;0.6833
20/07/2025 08:45;0.6764
20/07/2025 09:00;0.5190
20/07/2025 09:15;0.5054
20/07/2025 09:30;0.5273
20/07/2025 09:45;0.5243
20/07/2025 10:00;0.4869
20/07/2025 10:15;0.4798
20/07/2025 10:30;0.4947
20/07/2025 10:45;0.5054
20/07/2025 11:00;0.5026
20/07/2025 11:15;0.4980
20/07/2025 11:30;0.4705
20/07/2025 11:45;0.4942
20/07/2025 12:00;0.5092
20/07/2025 12:15;0.5217
20/07/2025 12:30;0.5193
20/07/2025 12:45;0.5097
20/07/2025 13:00;0.5050
20/07/2025 13:15;0.5147
20/07/2025 13:30;0.4971
20/07/2025 13:45;0.5006
20/07/2025 14:00;0.4881
20/07/2025 14:15;0.4930
20/07/2025 14:30;0.5092
20/07/2025 14:45;0.5063
20/07/2025 15:00;0.5244
20/07/2025 15:15;0.5306
20/07/2025 15:30;0.5005
20/07/2025 15:45;0.5009
20/07/2025 16:00;0.5741
20/07/2025 16:15;0.5569
20/07/2025 16:30;0.5532
20/07/2025 16:45;0.6037
20/07/2025 17:00;0.7598
20/07/2025 17:15;0.7636
20/07/2025 17:30;0.7861
20/07/2025 17:45;0.7920
20/07/2025 18:00;0.9676
20/07/2025 18:15;0.9977
20/07/2025 18:30;1.0151
20/07/2025 18:45;1.0011
20/07/2025 19:00;1.0716
20/07/2025 19:15;1.0338
20/07/2025 19:30;1.0109
20/07/2025 19:45;0.9925
20/07/2025 20:00;0.9610
20/07/2025 20:15;0.9294
20/07/2025 20:30;0.9419
20/07/2025 20:45;0.9720
20/07/2025 21:00;0.7510
20/07/2025 21:15;0.7905
20/07/2025 21:30;0.7429
20/07/2025 21:45;0.7951
20/07/2025 22:00;0.5581
20/07/2025 22:15;0.5628
20/07/2025 22:30;0.5668
20/07/2025 22:45;0.5353
20/07/2025 23:00;0.3624
20/07/2025 23:15;0.3771
20/07/2025 23:30;0.3811
20/07/2025 23:45;0.3782
21/07/2025 00:00;0.3281
21/07/2025 00:15;0.3340
21/07/2025 00:30;0.3350
21/07/2025 00:45;0.3373
21/07/2025 01:00;0.2898
21/07/2025 01:15;0.2972
21/07/2025 01:30;0.2871
21/07/2025 01:45;0.2942
21/07/2025 02:00;0.2842
21/07/2025 02:15;0.2897
21/07/2025 02:30;0.2887
21/07/2025 02:45;0.2865
21/07/2025 03:00;0.2948
21/07/2025 03:15;0.2936
21/07/2025 03:30;0.2833
21/07/2025 03:45;0.2925
21/07/2025 04:00;0.3195
21/07/2025 04:15;0.3103
21/07/2025 04:30;0.3117
21/07/2025 04:45;0.3090
21/07/2025 05:00;0.4583
21/07/2025 05:15;0.4592
21/07/2025 05:30;0.4689
21/07/2025 05:45;0.4544
21/07/2025 06:00;0.8520
21/07/2025 06:15;0.7872
21/07/2025 06:30;0.7816
21/07/2025 06:45;0.8619
21/07/2025 07:00;0.9825
21/07/2025 07:15;0.9928
21/07/2025 07:30;0.9928
21/07/2025 07:45;0.9833
21/07/2025 08:00;0.7232
21/07/2025 08:15;0.7644
21/07/2025 08:30;0.7754
21/07/2025 08:45;0.7473
21/07/2025 09:00;0.5675
21/07/2025 09:15;0.5616
21/07/2025 09:30;0.5473
21/07/2025 09:45;0.5559
21/07/2025 10:00;0.5433
21/07/2025 10:15;0.5151
21/07/2025 10:30;0.5263
21/07/2025 10:45;0.5463
21/07/2025 11:00;0.5451
21/07/2025 11:15;0.5513
21/07/2025 11:30;0.5491
21/07/2025 11:45;0.5532
21/07/2025 12:00;0.5889
21/07/2025 12:15;0.5817
21/07/2025 12:30;0.5600
21/07/2025 12:45;0.5487
21/07/2025 13:00;0.5507
21/07/2025 13:15;0.5560
21/07/2025 13:30;0.5654
21/07/2025 13:45;0.5523
21/07/2025 14:00;0.5431
21/07/2025 14:15;0.5444
21/07/2025 14:30;0.5440
21/07/2025 14:45;0.5132
21/07/2025 15:00;0.5647
21/07/2025 15:15;0.5683
21/07/2025 15:30;0.5815
21/07/2025 15:45;0.5675
21/07/2025 16:00;0.6530
21/07/2025 16:15;0.6398
21/07/2025 16:30;0.6471
21/07/2025 16:45;0.6318
21/07/2025 17:00;0.8592
21/07/2025 17:15;0.8668
21/07/2025 17:30;0.8686
21/07/2025 17:45;0.7874
21/07/2025 18:00;1.0956
21/07/2025 18:15;1.0711
21/07/2025 18:30;1.1126
21/07/2025 18:45;1.0794
21/07/2025 19:00;1.2275
21/07/2025 19:15;1.1246
21/07/2025 19:30;1.1566
21/07/2025 19:45;1.1716
21/07/2025 20:00;0.9660
21/07/2025 20:15;1.1108
21/07/2025 20:30;1.0402
21/07/2025 20:45;1.0513
21/07/2025 21:00;0.8349
21/07/2025 21:15;0.8578
21/07/2025 21:30;0.8675
21/07/2025 21:45;0.8395
21/07/2025 22:00;0.5877
21/07/2025 22:15;0.5834
21/07/2025 22:30;0.5977
21/07/2025 22:45;0.6135
21/07/2025 23:00;0.4094
21/07/2025 23:15;0.3850
21/07/2025 23:30;0.3852
21/07/2025 23:45;0.3974
22/07/2025 00:00;0.3521
22/07/2025 00:15;0.3426
22/07/2025 00:30;0.3434
22/07/2025 00:45;0.3478
22/07/2025 01:00;0.3103
22/07/2025 01:15;0.3134
22/07/2025 01:30;0.3086
22/07/2025 01:45;0.3112
22/07/2025 02:00;0.3051
22/07/2025 02:15;0.3021
22/07/2025 02:30;0.3022
22/07/2025 02:45;0.3019
22/07/2025 03:00;0.3022
22/07/2025 03:15;0.3056
22/07/2025 03:30;0.3074
22/07/2025 03:45;0.3033
22/07/2025 04:00;0.3339
22/07/2025 04:15;0.3321
22/07/2025 04:30;0.3274
22/07/2025 04:45;0.3325
22/07/2025 05:00;0.4789
22/07/2025 05:15;0.4899
22/07/2025 05:30;0.4938
22/07/2025 05:45;0.4898
22/07/2025 06:00;0.8246
22/07/2025 06:15;0.8525
22/07/2025 06:30;0.8547
22/07/2025 06:45;0.8596
22/07/2025 07:00;1.0333
22/07/2025 07:15;1.0525
22/07/2025 07:30;0.9800
22/07/2025 07:45;1.0468
22/07/2025 08:00;0.8258
22/07/2025 08:15;0.7640
22/07/2025 08:30;0.7826
22/07/2025 08:45;0.7420
22/07/2025 09:00;0.5787
22/07/2025 09:15;0.5796
22/07/2025 09:30;0.5631
22/07/2025 09:45;0.5670
22/07/2025 10:00;0.5594
22/07/2025 10:15;0.5709
22/07/2025 10:30;0.5832
22/07/2025 10:45;0.5534
22/07/2025 11:00;0.5385
22/07/2025 11:15;0.5826
22/07/2025 11:30;0.6169
22/07/2025 11:45;0.5674
22/07/2025 12:00;0.5948
22/07/2025 12:15;0.6241
22/07/2025 12:30;0.6117
22/07/2025 12:45;0.5730
22/07/2025 13:00;0.5709
22/07/2025 13:15;0.5646
22/07/2025 13:30;0.6077
22/07/2025 13:45;0.5596
22/07/2025 14:00;0.5477
22/07/2025 14:15;0.5676
22/07/2025 14:30;0.5557
22/07/2025 14:45;0.5327
22/07/2025 15:00;0.5744
22/07/2025 15:15;0.5823
22/07/2025 15:30;0.5853
22/07/2025 15:45;0.5922
22/07/2025 16:00;0.6421
22/07/2025 16:15;0.6602
22/07/2025 16:30;0.6527
22/07/2025 16:45;0.6719
22/07/2025 17:00;0.8827
22/07/2025 17:15;0.9529
22/07/2025 17:30;0.8373
22/07/2025 17:45;0.8728
22/07/2025 18:00;1.1917
22/07/2025 18:15;1.1499
22/07/2025 18:30;1.1119
22/07/2025 18:45;1.1386
22/07/2025 19:00;1.2506
22/07/2025 19:15;1.2634
22/07/2025 19:30;1.1885
22/07/2025 19:45;1.1702
22/07/2025 20:00;1.0503
22/07/2025 20:15;1.0379
22/07/2025 20:30;1.1256
22/07/2025 20:45;1.0903
22/07/2025 21:00;0.9585
22/07/2025 21:15;0.8863
22/07/2025 21:30;0.8838
22/07/2025 21:45;0.8984
22/07/2025 22:00;0.6177
22/07/2025 22:15;0.6318
22/07/2025 22:30;0.6090
22/07/2025 22:45;0.6286
22/07/2025 23:00;0.4060
22/07/2025 23:15;0.4253
22/07/2025 23:30;0.4273
22/07/2025 23:45;0.4080
23/07/2025 00:00;0.3213
23/07/2025 00:15;0.3263
23/07/2025 00:30;0.3192
23/07/2025 00:45;0.3254
23/07/2025 01:00;0.2912
23/07/2025 01:15;0.2953
23/07/2025 01:30;0.3000
23/07/2025 01:45;0.2905
23/07/2025 02:00;0.2782
23/07/2025 02:15;0.2869
23/07/2025 02:30;0.2798
23/07/2025 02:45;0.2778
23/07/2025 03:00;0.2873
23/07/2025 03:15;0.2763
23/07/2025 03:30;0.2819
23/07/2025 03:45;0.2834
23/07/2025 04:00;0.3030
23/07/2025 04:15;0.3113
23/07/2025 04:30;0.3069
23/07/2025 04:45;0.3015
23/07/2025 05:00;0.4485
23/07/2025 05:15;0.4523
23/07/2025 05:30;0.4442
23/07/2025 05:45;0.4763
23/07/2025 06:00;0.8235
23/07/2025 06:15;0.7816
23/07/2025 06:30;0.8391
23/07/2025 06:45;0.8048
23/07/2025 07:00;0.9535
23/07/2025 07:15;0.9824
23/07/2025 07:30;0.9769
23/07/2025 07:45;1.0194
23/07/2025 08:00;0.7202
23/07/2025 08:15;0.7036
23/07/2025 08:30;0.7263
23/07/2025 08:45;0.7233
23/07/2025 09:00;0.5582
23/07/2025 09:15;0.5383
23/07/2025 09:30;0.5401
23/07/2025 09:45;0.5408
23/07/2025 10:00;0.5234
23/07/2025 10:15;0.5052
23/07/2025 10:30;0.5217
23/07/2025 10:45;0.5548
23/07/2025 11:00;0.5442
23/07/2025 11:15;0.5549
23/07/2025 11:30;0.5283
23/07/2025 11:45;0.5173
23/07/2025 12:00;0.5772
23/07/2025 12:15;0.5985
23/07/2025 12:30;0.5627
23/07/2025 12:45;0.5627
23/07/2025 13:00;0.5468
23/07/2025 13:15;0.5557
23/07/2025 13:30;0.5534
23/07/2025 13:45;0.5302
23/07/2025 14:00;0.5493
23/07/2025 14:15;0.5366
23/07/2025 14:30;0.5370
23/07/2025 14:45;0.5181
23/07/2025 15:00;0.5339
23/07/2025 15:15;0.5322
23/07/2025 15:30;0.5426
23/07/2025 15:45;0.5515
23/07/2025 16:00;0.6019
23/07/2025 16:15;0.6002
23/07/2025 16:30;0.5999
23/07/2025 16:45;0.5926
23/07/2025 17:00;0.8615
23/07/2025 17:15;0.8373
23/07/2025 17:30;0.8262
23/07/2025 17:45;0.8228
23/07/2025 18:00;1.0982
23/07/2025 18:15;1.0908
23/07/2025 18:30;1.0694
23/07/2025 18:45;1.1266
23/07/2025 19:00;1.1119
23/07/2025 19:15;1.1031
23/07/2025 19:30;1.1826
23/07/2025 19:45;1.1281
23/07/2025 20:00;1.0063
23/07/2025 20:15;1.0454
23/07/2025 20:30;0.9981
23/07/2025 20:45;1.0067
23/07/2025 21:00;0.8116
23/07/2025 21:15;0.8481
23/07/2025 21:30;0.8547
23/07/2025 21:45;0.8026
23/07/2025 22:00;0.6004
23/07/2025 22:15;0.5786
23/07/2025 22:30;0.5744
23/07/2025 22:45;0.5819
23/07/2025 23:00;0.3923
23/07/2025 23:15;0.3911
23/07/2025 23:30;0.3921
23/07/2025 23:45;0.4042
24/07/2025 00:00;0.3357
24/07/2025 00:15;0.3488
24/07/2025 00:30;0.3355
24/07/2025 00:45;0.3388
24/07/2025 01:00;0.2971
24/07/2025 01:15;0.3048
24/07/2025 01:30;0.2936
24/07/2025 01:45;0.3039
24/07/2025 02:00;0.2945
24/07/2025 02:15;0.2916
24/07/2025 02:30;0.2994
24/07/2025 02:45;0.2890
24/07/2025 03:00;0.2932
24/07/2025 03:15;0.2912
24/07/2025 03:30;0.2869
24/07/2025 03:45;0.2968
24/07/2025 04:00;0.3221
24/07/2025 04:15;0.3237
24/07/2025 04:30;0.3272
24/07/2025 04:45;0.3134
24/07/2025 05:00;0.4778
24/07/2025 05:15;0.4789
24/07/2025 05:30;0.4619
24/07/2025 05:45;0.4861
24/07/2025 06:00;0.7950
24/07/2025 06:15;0.8393
24/07/2025 06:30;0.8411
24/07/2025 06:45;0.8519
24/07/2025 07:00;1.0290
24/07/2025 07:15;0.9706
24/07/2025 07:30;1.0546
24/07/2025 07:45;1.0100
24/07/2025 08:00;0.7261
24/07/2025 08:15;0.7908
24/07/2025 08:30;0.7375
24/07/2025 08:45;0.7552
24/07/2025 09:00;0.5482
24/07/2025 09:15;0.5917
24/07/2025 09:30;0.5945
24/07/2025 09:45;0.5806
24/07/2025 10:00;0.5376
24/07/2025 10:15;0.5223
24/07/2025 10:30;0.5395
24/07/2025 10:45;0.5604
24/07/2025 11:00;0.5408
24/07/2025 11:15;0.5791
24/07/2025 11:30;0.5771
24/07/2025 11:45;0.5754
24/07/2025 12:00;0.6096
24/07/2025 12:15;0.5577
24/07/2025 12:30;0.5779
24/07/2025 12:45;0.6179
24/07/2025 13:00;0.5855
24/07/2025 13:15;0.5747
24/07/2025 13:30;0.5363
24/07/2025 13:45;0.5612
24/07/2025 14:00;0.5502
24/07/2025 14:15;0.5470
24/07/2025 14:30;0.5414
24/07/2025 14:45;0.5624
24/07/2025 15:00;0.5772
24/07/2025 15:15;0.5736
24/07/2025 15:30;0.5400
24/07/2025 15:45;0.5629
24/07/2025 16:00;0.6469
24/07/2025 16:15;0.6547
24/07/2025 16:30;0.6367
24/07/2025 16:45;0.6577
24/07/2025 17:00;0.8644
24/07/2025 17:15;0.8412
24/07/2025 17:30;0.8947
24/07/2025 17:45;0.8519
24/07/2025 18:00;1.1360
24/07/2025 18:15;1.1400
24/07/2025 18:30;1.1406
24/07/2025 18:45;1.1368
24/07/2025 19:00;1.1998
24/07/2025 19:15;1.1472
24/07/2025 19:30;1.1725
24/07/2025 19:45;1.2548
24/07/2025 20:00;1.0931
24/07/2025 20:15;1.0776
24/07/2025 20:30;1.0585
24/07/2025 20:45;1.0371
24/07/2025 21:00;0.8889
24/07/2025 21:15;0.8710
24/07/2025 21:30;0.8682
24/07/2025 21:45;0.8407
24/07/2025 22:00;0.6022
24/07/2025 22:15;0.6313
24/07/2025 22:30;0.6115
24/07/2025 22:45;0.5770
24/07/2025 23:00;0.4225
24/07/2025 23:15;0.4173
24/07/2025 23:30;0.4055
24/07/2025 23:45;0.4206
25/07/2025 00:00;0.3187
25/07/2025 00:15;0.3348
25/07/2025 00:30;0.3279
25/07/2025 00:45;0.3207
25/07/2025 01:00;0.2976
25/07/2025 01:15;0.2888
25/07/2025 01:30;0.2913
25/07/2025 01:45;0.2901
25/07/2025 02:00;0.2842
25/07/2025 02:15;0.2802
25/07/2025 02:30;0.2818
25/07/2025 02:45;0.2779
25/07/2025 03:00;0.2782
25/07/2025 03:15;0.2881
25/07/2025 03:30;0.2785
25/07/2025 03:45;0.2876
25/07/2025 04:00;0.3058
25/07/2025 04:15;0.3157
25/07/2025 04:30;0.3086
25/07/2025 04:45;0.3174
25/07/2025 05:00;0.4609
25/07/2025 05:15;0.4645
25/07/2025 05:30;0.4572
25/07/2025 05:45;0.4576
25/07/2025 06:00;0.8628
25/07/2025 06:15;0.8532
25/07/2025 06:30;0.8373
25/07/2025 06:45;0.8347
25/07/2025 07:00;1.0585
25/07/2025 07:15;1.0222
25/07/2025 07:30;1.0362
25/07/2025 07:45;1.0176
25/07/2025 08:00;0.7369
25/07/2025 08:15;0.7713
25/07/2025 08:30;0.7505
25/07/2025 08:45;0.7350
25/07/2025 09:00;0.5389
25/07/2025 09:15;0.5849
25/07/2025 09:30;0.5543
25/07/2025 09:45;0.5424
25/07/2025 10:00;0.5165
25/07/2025 10:15;0.5323
25/07/2025 10:30;0.5060
25/07/2025 10:45;0.5263
25/07/2025 11:00;0.5419
25/07/2025 11:15;0.5611
25/07/2025 11:30;0.5636
25/07/2025 11:45;0.5680
25/07/2025 12:00;0.6077
25/07/2025 12:15;0.5884
25/07/2025 12:30;0.5783
25/07/2025 12:45;0.5813
25/07/2025 13:00;0.5255
25/07/2025 13:15;0.5702
25/07/2025 13:30;0.5584
25/07/2025 13:45;0.5481
25/07/2025 14:00;0.5605
25/07/2025 14:15;0.5094
25/07/2025 14:30;0.4937
25/07/2025 14:45;0.5242
25/07/2025 15:00;0.5435
25/07/2025 15:15;0.5065
25/07/2025 15:30;0.5457
25/07/2025 15:45;0.5591
25/07/2025 16:00;0.6273
25/07/2025 16:15;0.6237
25/07/2025 16:30;0.6305
25/07/2025 16:45;0.6183
25/07/2025 17:00;0.8541
25/07/2025 17:15;0.8548
25/07/2025 17:30;0.8620
25/07/2025 17:45;0.8525
25/07/2025 18:00;1.0307
25/07/2025 18:15;1.1499
25/07/2025 18:30;1.1097
25/07/2025 18:45;1.1422
25/07/2025 19:00;1.0895
25/07/2025 19:15;1.2060
25/07/2025 19:30;1.1257
25/07/2025 19:45;1.0706
25/07/2025 20:00;1.0739
25/07/2025 20:15;0.9955
25/07/2025 20:30;1.0085
25/07/2025 20:45;1.0051
25/07/2025 21:00;0.8402
25/07/2025 21:15;0.8461
25/07/2025 21:30;0.8621
25/07/2025 21:45;0.8348
25/07/2025 22:00;0.5777
25/07/2025 22:15;0.6198
25/07/2025 22:30;0.6213
25/07/2025 22:45;0.5864
25/07/2025 23:00;0.3993
25/07/2025 23:15;0.4210
25/07/2025 23:30;0.3900
25/07/2025 23:45;0.4050
26/07/2025 00:00;0.3392
26/07/2025 00:15;0.3518
26/07/2025 00:30;0.3472
26/07/2025 00:45;0.3416
26/07/2025 01:00;0.3094
26/07/2025 01:15;0.3175
26/07/2025 01:30;0.3064
26/07/2025 01:45;0.3128
26/07/2025 02:00;0.3033
26/07/2025 02:15;0.2965
26/07/2025 02:30;0.3049
26/07/2025 02:45;0.3055
26/07/2025 03:00;0.2980
26/07/2025 03:15;0.3111
26/07/2025 03:30;0.3097
26/07/2025 03:45;0.3083
26/07/2025 04:00;0.3328
26/07/2025 04:15;0.3462
26/07/2025 04:30;0.3290
26/07/2025 04:45;0.3344
26/07/2025 05:00;0.4795
26/07/2025 05:15;0.5076
26/07/2025 05:30;0.4915
26/07/2025 05:45;0.4997
26/07/2025 06:00;0.8022
26/07/2025 06:15;0.8444
26/07/2025 06:30;0.8095
26/07/2025 06:45;0.8230
26/07/2025 07:00;0.9495
26/07/2025 07:15;0.9953
26/07/2025 07:30;0.9927
26/07/2025 07:45;0.9599
26/07/2025 08:00;0.7155
26/07/2025 08:15;0.7905
26/07/2025 08:30;0.7371
26/07/2025 08:45;0.7538
26/07/2025 09:00;0.6068
26/07/2025 09:15;0.5915
26/07/2025 09:30;0.5672
26/07/2025 09:45;0.5543
26/07/2025 10:00;0.5508
26/07/2025 10:15;0.5360
26/07/2025 10:30;0.5645
26/07/2025 10:45;0.5686
26/07/2025 11:00;0.5730
26/07/2025 11:15;0.5479
26/07/2025 11:30;0.5620
26/07/2025 11:45;0.5733
26/07/2025 12:00;0.5963
26/07/2025 12:15;0.5856
26/07/2025 12:30;0.5677
26/07/2025 12:45;0.5781
26/07/2025 13:00;0.5756
26/07/2025 13:15;0.5994
26/07/2025 13:30;0.5720
26/07/2025 13:45;0.5702
26/07/2025 14:00;0.5480
26/07/2025 14:15;0.5617
26/07/2025 14:30;0.5504
26/07/2025 14:45;0.5634
26/07/2025 15:00;0.5580
26/07/2025 15:15;0.5642
26/07/2025 15:30;0.5596
26/07/2025 15:45;0.5635
26/07/2025 16:00;0.6437
26/07/2025 16:15;0.6575
26/07/2025 16:30;0.6682
26/07/2025 16:45;0.6393
26/07/2025 17:00;0.8973
26/07/2025 17:15;0.8831
26/07/2025 17:30;0.8720
26/07/2025 17:45;0.8961
26/07/2025 18:00;1.1810
26/07/2025 18:15;1.1003
26/07/2025 18:30;1.0983
26/07/2025 18:45;1.0745
26/07/2025 19:00;1.1943
26/07/2025 19:15;1.1558
26/07/2025 19:30;1.1285
26/07/2025 19:45;1.2392
26/07/2025 20:00;1.0069
26/07/2025 20:15;1.0913
26/07/2025 20:30;1.0587
26/07/2025 20:45;1.0528
26/07/2025 21:00;0.8902
26/07/2025 21:15;0.8669
26/07/2025 21:30;0.8466
26/07/2025 21:45;0.8672
26/07/2025 22:00;0.6305
26/07/2025 22:15;0.6080
26/07/2025 22:30;0.6175
26/07/2025 22:45;0.6239
26/07/2025 23:00;0.4296
26/07/2025 23:15;0.4154
26/07/2025 23:30;0.4107
26/07/2025 23:45;0.4144
27/07/2025 00:00;0.3313
27/07/2025 00:15;0.3210
27/07/2025 00:30;0.3393
27/07/2025 00:45;0.3232
27/07/2025 01:00;0.2766
27/07/2025 01:15;0.2858
27/07/2025 01:30;0.2885
27/07/2025 01:45;0.2838
27/07/2025 02:00;0.2758
27/07/2025 02:15;0.2786
27/07/2025 02:30;0.2715
27/07/2025 02:45;0.2741
27/07/2025 03:00;0.2843
27/07/2025 03:15;0.2882
27/07/2025 03:30;0.2767
27/07/2025 03:45;0.2766
27/07/2025 04:00;0.2989
27/07/2025 04:15;0.3050
27/07/2025 04:30;0.3095
27/07/2025 04:45;0.3002
27/07/2025 05:00;0.4368
27/07/2025 05:15;0.4202
27/07/2025 05:30;0.4418
27/07/2025 05:45;0.4403
27/07/2025 06:00;0.7688
27/07/2025 06:15;0.7851
27/07/2025 06:30;0.7561
27/07/2025 06:45;0.7417
27/07/2025 07:00;0.9200
27/07/2025 07:15;0.8916
27/07/2025 07:30;0.8573
27/07/2025 07:45;0.9227
27/07/2025 08:00;0.6922
27/07/2025 08:15;0.7195
27/07/2025 08:30;0.6759
27/07/2025 08:45;0.6542
27/07/2025 09:00;0.5168
27/07/2025 09:15;0.5029
27/07/2025 09:30;0.5112
27/07/2025 09:45;0.5061
27/07/2025 10:00;0.4954
27/07/2025 10:15;0.4913
27/07/2025 10:30;0.4922
27/07/2025 10:45;0.4980
27/07/2025 11:00;0.5182
27/07/2025 11:15;0.5131
27/07/2025 11:30;0.5134
27/07/2025 11:45;0.5044
27/07/2025 12:00;0.5284
27/07/2025 12:15;0.5215
27/07/2025 12:30;0.5247
27/07/2025 12:45;0.5399
27/07/2025 13:00;0.5155
27/07/2025 13:15;0.5200
27/07/2025 13:30;0.4880
27/07/2025 13:45;0.5218
27/07/2025 14:00;0.4848
27/07/2025 14:15;0.5104
27/07/2025 14:30;0.5081
27/07/2025 14:45;0.5012
27/07/2025 15:00;0.5479
27/07/2025 15:15;0.5226
27/07/2025 15:30;0.5091
27/07/2025 15:45;0.5384
27/07/2025 16:00;0.6050
27/07/2025 16:15;0.5732
27/07/2025 16:30;0.6130
27/07/2025 16:45;0.5912
27/07/2025 17:00;0.7743
27/07/2025 17:15;0.7709
27/07/2025 17:30;0.8121
27/07/2025 17:45;0.8075
27/07/2025 18:00;1.0057
27/07/2025 18:15;0.9637
27/07/2025 18:30;1.0642
27/07/2025 18:45;1.0096
27/07/2025 19:00;1.0580
27/07/2025 19:15;0.9914
27/07/2025 19:30;1.0740
27/07/2025 19:45;1.1158
27/07/2025 20:00;0.9840
27/07/2025 20:15;0.9399
27/07/2025 20:30;0.9805
27/07/2025 20:45;0.9409
27/07/2025 21:00;0.7766
27/07/2025 21:15;0.8108
27/07/2025 21:30;0.8060
27/07/2025 21:45;0.7799
27/07/2025 22:00;0.5377
27/07/2025 22:15;0.5574
27/07/2025 22:30;0.5493
27/07/2025 22:45;0.5636
27/07/2025 23:00;0.3824
27/07/2025 23:15;0.3855
27/07/2025 23:30;0.3851
27/07/2025 23:45;0.3856
28/07/2025 00:00;0.3286
28/07/2025 00:15;0.3387
28/07/2025 00:30;0.3289
28/07/2025 00:45;0.3309
28/07/2025 01:00;0.2887
28/07/2025 01:15;0.2892
28/07/2025 01:30;0.3056
28/07/2025 01:45;0.2887
28/07/2025 02:00;0.2811
28/07/2025 02:15;0.2814
28/07/2025 02:30;0.2882
28/07/2025 02:45;0.2875
28/07/2025 03:00;0.2775
28/07/2025 03:15;0.2815
28/07/2025 03:30;0.2847
28/07/2025 03:45;0.2809
28/07/2025 04:00;0.3021
28/07/2025 04:15;0.3091
28/07/2025 04:30;0.3188
28/07/2025 04:45;0.3112
28/07/2025 05:00;0.4924
28/07/2025 05:15;0.4767
28/07/2025 05:30;0.4746
28/07/2025 05:45;0.4495
28/07/2025 06:00;0.8267
28/07/2025 06:15;0.8135
28/07/2025 06:30;0.8716
28/07/2025 06:45;0.8240
28/07/2025 07:00;1.0443
28/07/2025 07:15;1.0207
28/07/2025 07:30;0.9828
28/07/2025 07:45;1.0002
28/07/2025 08:00;0.7486
28/07/2025 08:15;0.7554
28/07/2025 08:30;0.7578
28/07/2025 08:45;0.7859
28/07/2025 09:00;0.5601
28/07/2025 09:15;0.5610
28/07/2025 09:30;0.5682
28/07/2025 09:45;0.5249
28/07/2025 10:00;0.5064
28/07/2025 10:15;0.5288
28/07/2025 10:30;0.5165
28/07/2025 10:45;0.5228
28/07/2025 11:00;0.5429
28/07/2025 11:15;0.5310
28/07/2025 11:30;0.5516
28/07/2025 11:45;0.5466
28/07/2025 12:00;0.5815
28/07/2025 12:15;0.5738
28/07/2025 12:30;0.5763
28/07/2025 12:45;0.6246
28/07/2025 13:00;0.5426
28/07/2025 13:15;0.5660
28/07/2025 13:30;0.5650
28/07/2025 13:45;0.5292
28/07/2025 14:00;0.5469
28/07/2025 14:15;0.5275
28/07/2025 14:30;0.5494
28/07/2025 14:45;0.5172
28/07/2025 15:00;0.5399
28/07/2025 15:15;0.5384
28/07/2025 15:30;0.5418
28/07/2025 15:45;0.5691
28/07/2025 16:00;0.6105
28/07/2025 16:15;0.6022
28/07/2025 16:30;0.6108
28/07/2025 16:45;0.6268
28/07/2025 17:00;0.8759
28/07/2025 17:15;0.8295
28/07/2025 17:30;0.8536
28/07/2025 17:45;0.8451
28/07/2025 18:00;1.1335
28/07/2025 18:15;1.1937
28/07/2025 18:30;1.1078
28/07/2025 18:45;1.0917
28/07/2025 19:00;1.1470
28/07/2025 19:15;1.1675
28/07/2025 19:30;1.0845
28/07/2025 19:45;1.1995
28/07/2025 20:00;1.0206
28/07/2025 20:15;0.9917
28/07/2025 20:30;1.1390
28/07/2025 20:45;1.0272
28/07/2025 21:00;0.8520
28/07/2025 21:15;0.8319
28/07/2025 21:30;0.8221
28/07/2025 21:45;0.8596
28/07/2025 22:00;0.5937
28/07/2025 22:15;0.6095
28/07/2025 22:30;0.5739
28/07/2025 22:45;0.5934
28/07/2025 23:00;0.3922
28/07/2025 23:15;0.4054
28/07/2025 23:30;0.4024
28/07/2025 23:45;0.3954
29/07/2025 00:00;0.3284
29/07/2025 00:15;0.3191
29/07/2025 00:30;0.3177
29/07/2025 00:45;0.3206
29/07/2025 01:00;0.2858
29/07/2025 01:15;0.2861
29/07/2025 01:30;0.2860
29/07/2025 01:45;0.2986
29/07/2025 02:00;0.2800
29/07/2025 02:15;0.2848
29/07/2025 02:30;0.2859
29/07/2025 02:45;0.2817
29/07/2025 03:00;0.2805
29/07/2025 03:15;0.2823
29/07/2025 03:30;0.2820
29/07/2025 03:45;0.2801
29/07/2025 04:00;0.3031
29/07/2025 04:15;0.3071
29/07/2025 04:30;0.3009
29/07/2025 04:45;0.3036
29/07/2025 05:00;0.4344
29/07/2025 05:15;0.4442
29/07/2025 05:30;0.4790
29/07/2025 05:45;0.4498
29/07/2025 06:00;0.8130
29/07/2025 06:15;0.8194
29/07/2025 06:30;0.7874
29/07/2025 06:45;0.8039
29/07/2025 07:00;1.0103
29/07/2025 07:15;0.9993
29/07/2025 07:30;1.0035
29/07/2025 07:45;1.0110
29/07/2025 08:00;0.7393
29/07/2025 08:15;0.7748
29/07/2025 08:30;0.7627
29/07/2025 08:45;0.7298
29/07/2025 09:00;0.5633
29/07/2025 09:15;0.5221
29/07/2025 09:30;0.5194
29/07/2025 09:45;0.5279
29/07/2025 10:00;0.5196
29/07/2025 10:15;0.5186
29/07/2025 10:30;0.5124
29/07/2025 10:45;0.5185
29/07/2025 11:00;0.5449
29/07/2025 11:15;0.5492
29/07/2025 11:30;0.5391
29/07/2025 11:45;0.5278
29/07/2025 12:00;0.5864
29/07/2025 12:15;0.5591
29/07/2025 12:30;0.5524
29/07/2025 12:45;0.5715
29/07/2025 13:00;0.5483
29/07/2025 13:15;0.5490
29/07/2025 13:30;0.5340
29/07/2025 13:45;0.5367
29/07/2025 14:00;0.5168
29/07/2025 14:15;0.5386
29/07/2025 14:30;0.5345
29/07/2025 14:45;0.5205
29/07/2025 15:00;0.5708
29/07/2025 15:15;0.5202
29/07/2025 15:30;0.5382
29/07/2025 15:45;0.5364
29/07/2025 16:00;0.6375
29/07/2025 16:15;0.6189
29/07/2025 16:30;0.6124
29/07/2025 16:45;0.6220
29/07/2025 17:00;0.8535
29/07/2025 17:15;0.8084
29/07/2025 17:30;0.8510
29/07/2025 17:45;0.8833
29/07/2025 18:00;1.1157
29/07/2025 18:15;1.0036
29/07/2025 18:30;1.2048
29/07/2025 18:45;1.0732
29/07/2025 19:00;1.1351
29/07/2025 19:15;1.1173
29/07/2025 19:30;1.1550
29/07/2025 19:45;1.1431
29/07/2025 20:00;1.0223
29/07/2025 20:15;1.0311
29/07/2025 20:30;1.1116
29/07/2025 20:45;0.9947
29/07/2025 21:00;0.8163
29/07/2025 21:15;0.8500
29/07/2025 21:30;0.8411
29/07/2025 21:45;0.8850
29/07/2025 22:00;0.5853
29/07/2025 22:15;0.5923
29/07/2025 22:30;0.5815
29/07/2025 22:45;0.5967
29/07/2025 23:00;0.3837
29/07/2025 23:15;0.3866
29/07/2025 23:30;0.4052
29/07/2025 23:45;0.3834
30/07/2025 00:00;0.3263
30/07/2025 00:15;0.3348
30/07/2025 00:30;0.3363
30/07/2025 00:45;0.3263
30/07/2025 01:00;0.2901
30/07/2025 01:15;0.2945
30/07/2025 01:30;0.2931
30/07/2025 01:45;0.2957
30/07/2025 02:00;0.2876
30/07/2025 02:15;0.2793
30/07/2025 02:30;0.2867
30/07/2025 02:45;0.2831
30/07/2025 03:00;0.2927
30/07/2025 03:15;0.2890
30/07/2025 03:30;0.2843
30/07/2025 03:45;0.2884
30/07/2025 04:00;0.3121
30/07/2025 04:15;0.3160
30/07/2025 04:30;0.3099
30/07/2025 04:45;0.3100
30/07/2025 05:00;0.4565
30/07/2025 05:15;0.4758
30/07/2025 05:30;0.4562
30/07/2025 05:45;0.4853
30/07/2025 06:00;0.8100
30/07/2025 06:15;0.7844
30/07/2025 06:30;0.8484
30/07/2025 06:45;0.8310
30/07/2025 07:00;0.9773
30/07/2025 07:15;0.9499
30/07/2025 07:30;1.0180
30/07/2025 07:45;0.9860
30/07/2025 08:00;0.7425
30/07/2025 08:15;0.7665
30/07/2025 08:30;0.7719
30/07/2025 08:45;0.7304
30/07/2025 09:00;0.5610
30/07/2025 09:15;0.5804
30/07/2025 09:30;0.5629
30/07/2025 09:45;0.5535
30/07/2025 10:00;0.5470
30/07/2025 10:15;0.5525
30/07/2025 10:30;0.5563
30/07/2025 10:45;0.5286
30/07/2025 11:00;0.5485
30/07/2025 11:15;0.5317
30/07/2025 11:30;0.5418
30/07/2025 11:45;0.5538
30/07/2025 12:00;0.5863
30/07/2025 12:15;0.6031
30/07/2025 12:30;0.5717
30/07/2025 12:45;0.5751
30/07/2025 13:00;0.5828
30/07/2025 13:15;0.5781
30/07/2025 13:30;0.5513
30/07/2025 13:45;0.5500
30/07/2025 14:00;0.5433
30/07/2025 14:15;0.5580
30/07/2025 14:30;0.5297
30/07/2025 14:45;0.5443
30/07/2025 15:00;0.5567
30/07/2025 15:15;0.5640
30/07/2025 15:30;0.5782
30/07/2025 15:45;0.5430
30/07/2025 16:00;0.6298
30/07/2025 16:15;0.6308
30/07/2025 16:30;0.6490
30/07/2025 16:45;0.6670
30/07/2025 17:00;0.8406
30/07/2025 17:15;0.8867
30/07/2025 17:30;0.7879
30/07/2025 17:45;0.8032
30/07/2025 18:00;1.1039
30/07/2025 18:15;1.0195
30/07/2025 18:30;1.1125
30/07/2025 18:45;1.1150
30/07/2025 19:00;1.1405
30/07/2025 19:15;1.2622
30/07/2025 19:30;1.2362
30/07/2025 19:45;1.0834
30/07/2025 20:00;1.1110
30/07/2025 20:15;1.0610
30/07/2025 20:30;1.0750
30/07/2025 20:45;1.0253
30/07/2025 21:00;0.9115
30/07/2025 21:15;0.8818
30/07/2025 21:30;0.8486
30/07/2025 21:45;0.8506
30/07/2025 22:00;0.5820
30/07/2025 22:15;0.6088
30/07/2025 22:30;0.6038
30/07/2025 22:45;0.5938
30/07/2025 23:00;0.3954
30/07/2025 23:15;0.4054
30/07/2025 23:30;0.3946
30/07/2025 23:45;0.4141
31/07/2025 00:00;0.3420
31/07/2025 00:15;0.3502
31/07/2025 00:30;0.3550
31/07/2025 00:45;0.3450
31/07/2025 01:00;0.3130
31/07/2025 01:15;0.3163
31/07/2025 01:30;0.3155
31/07/2025 01:45;0.3234
31/07/2025 02:00;0.3013
31/07/2025 02:15;0.3049
31/07/2025 02:30;0.3063
31/07/2025 02:45;0.3007
31/07/2025 03:00;0.3103
31/07/2025 03:15;0.3085
31/07/2025 03:30;0.3066
31/07/2025 03:45;0.3081
31/07/2025 04:00;0.3420
31/07/2025 04:15;0.3277
31/07/2025 04:30;0.3288
31/07/2025 04:45;0.3317
31/07/2025 05:00;0.4810
31/07/2025 05:15;0.4913
31/07/2025 05:30;0.4829
31/07/2025 05:45;0.5046
31/07/2025 06:00;0.9053
31/07/2025 06:15;0.8217
31/07/2025 06:30;0.9119
31/07/2025 06:45;0.8427
31/07/2025 07:00;1.1077
31/07/2025 07:15;1.0876
31/07/2025 07:30;1.0586
31/07/2025 07:45;0.9674
31/07/2025 08:00;0.8061
31/07/2025 08:15;0.8207
31/07/2025 08:30;0.8039
31/07/2025 08:45;0.8200
31/07/2025 09:00;0.5948
31/07/2025 09:15;0.6135
31/07/2025 09:30;0.5934
31/07/2025 09:45;0.6168
31/07/2025 10:00;0.5729
31/07/2025 10:15;0.5808
31/07/2025 10:30;0.5883
31/07/2025 10:45;0.5364
31/07/2025 11:00;0.6016
31/07/2025 11:15;0.5663
31/07/2025 11:30;0.5950
31/07/2025 11:45;0.5888
31/07/2025 12:00;0.6188
31/07/2025 12:15;0.5886
31/07/2025 12:30;0.6261
31/07/2025 12:45;0.5896
31/07/2025 13:00;0.5979
31/07/2025 13:15;0.5889
31/07/2025 13:30;0.5705
31/07/2025 13:45;0.5664
31/07/2025 14:00;0.5638
31/07/2025 14:15;0.5931
31/07/2025 14:30;0.5751
31/07/2025 14:45;0.5845
31/07/2025 15:00;0.6053
31/07/2025 15:15;0.6007
31/07/2025 15:30;0.5939
31/07/2025 15:45;0.5826
31/07/2025 16:00;0.6932
31/07/2025 16:15;0.6453
31/07/2025 16:30;0.6859
31/07/2025 16:45;0.6782
31/07/2025 17:00;0.9375
31/07/2025 17:15;0.9307
31/07/2025 17:30;0.8792
31/07/2025 17:45;0.9262
31/07/2025 18:00;1.1439
31/07/2025 18:15;1.0890
31/07/2025 18:30;1.1411
31/07/2025 18:45;1.1908
31/07/2025 19:00;1.2693
31/07/2025 19:15;1.2111
31/07/2025 19:30;1.2357
31/07/2025 19:45;1.2516
31/07/2025 20:00;1.0727
31/07/2025 20:15;1.1414
31/07/2025 20:30;1.1059
31/07/2025 20:45;1.1772
31/07/2025 21:00;0.9112
31/07/2025 21:15;0.9382
31/07/2025 21:30;0.9278
31/07/2025 21:45;0.9506
31/07/2025 22:00;0.5921
31/07/2025 22:15;0.6468
31/07/2025 22:30;0.6424
31/07/2025 22:45;0.6426
31/07/2025 23:00;0.4302
31/07/2025 23:15;0.4270
31/07/2025 23:30;0.4240
31/07/2025 23:45;0.4316
01/08/2025 00:00;0.3617
01/08/2025 00:15;0.3557
01/08/2025 00:30;0.3597
01/08/2025 00:45;0.3467
01/08/2025 01:00;0.3198
01/08/2025 01:15;0.3231
01/08/2025 01:30;0.3182
01/08/2025 01:45;0.3174
01/08/2025 02:00;0.3147
01/08/2025 02:15;0.3171
01/08/2025 02:30;0.3167
01/08/2025 02:45;0.3019
01/08/2025 03:00;0.3241
01/08/2025 03:15;0.3210
01/08/2025 03:30;0.3161
01/08/2025 03:45;0.3139
01/08/2025 04:00;0.3475
01/08/2025 04:15;0.3373
01/08/2025 04:30;0.3336
01/08/2025 04:45;0.3402
01/08/2025 05:00;0.5219
01/08/2025 05:15;0.5091
01/08/2025 05:30;0.5166
01/08/2025 05:45;0.5188
01/08/2025 06:00;0.8925
01/08/2025 06:15;0.9328
01/08/2025 06:30;0.9409
01/08/2025 06:45;0.9106
01/08/2025 07:00;1.1498
01/08/2025 07:15;1.1175
01/08/2025 07:30;1.1958
01/08/2025 07:45;1.0524
01/08/2025 08:00;0.8544
01/08/2025 08:15;0.8637
01/08/2025 08:30;0.8252
01/08/2025 08:45;0.8443
01/08/2025 09:00;0.6332
01/08/2025 09:15;0.5937
01/08/2025 09:30;0.6108
01/08/2025 09:45;0.6118
01/08/2025 10:00;0.5668
01/08/2025 10:15;0.5996
01/08/2025 10:30;0.6046
01/08/2025 10:45;0.5911
01/08/2025 11:00;0.5675
01/08/2025 11:15;0.6182
01/08/2025 11:30;0.6038
01/08/2025 11:45;0.5806
01/08/2025 12:00;0.6590
01/08/2025 12:15;0.6761
01/08/2025 12:30;0.6614
01/08/2025 12:45;0.6328
01/08/2025 13:00;0.6369
01/08/2025 13:15;0.6141
01/08/2025 13:30;0.6398
01/08/2025 13:45;0.6210
01/08/2025 14:00;0.5774
01/08/2025 14:15;0.5867
01/08/2025 14:30;0.5974
01/08/2025 14:45;0.5835
01/08/2025 15:00;0.6523
01/08/2025 15:15;0.6098
01/08/2025 15:30;0.6212
01/08/2025 15:45;0.5974
01/08/2025 16:00;0.6945
01/08/2025 16:15;0.7525
01/08/2025 16:30;0.6837
01/08/2025 16:45;0.6735
01/08/2025 17:00;0.9731
01/08/2025 17:15;0.9776
01/08/2025 17:30;1.0035
01/08/2025 17:45;0.9151
01/08/2025 18:00;1.1677
01/08/2025 18:15;1.1859
01/08/2025 18:30;1.2236
01/08/2025 18:45;1.2208
01/08/2025 19:00;1.2704
01/08/2025 19:15;1.2129
01/08/2025 19:30;1.3046
01/08/2025 19:45;1.2819
01/08/2025 20:00;1.1155
01/08/2025 20:15;1.1145
01/08/2025 20:30;1.1376
01/08/2025 20:45;1.1590
01/08/2025 21:00;0.9470
01/08/2025 21:15;0.9437
01/08/2025 21:30;0.9573
01/08/2025 21:45;0.9605
01/08/2025 22:00;0.6706
01/08/2025 22:15;0.6475
01/08/2025 22:30;0.6329
01/08/2025 22:45;0.6886
01/08/2025 23:00;0.4614
01/08/2025 23:15;0.4421
01/08/2025 23:30;0.4455
01/08/2025 23:45;0.4570
02/08/2025 00:00;0.3184
02/08/2025 00:15;0.3118
02/08/2025 00:30;0.3178
02/08/2025 00:45;0.3115
02/08/2025 01:00;0.2888
02/08/2025 01:15;0.2852
02/08/2025 01:30;0.2840
02/08/2025 01:45;0.2847
02/08/2025 02:00;0.2756
02/08/2025 02:15;0.2738
02/08/2025 02:30;0.2822
02/08/2025 02:45;0.2732
02/08/2025 03:00;0.2877
02/08/2025 03:15;0.2802
02/08/2025 03:30;0.2725
02/08/2025 03:45;0.2783
02/08/2025 04:00;0.3001
02/08/2025 04:15;0.2989
02/08/2025 04:30;0.2997
02/08/2025 04:45;0.3057
02/08/2025 05:00;0.4546
02/08/2025 05:15;0.4359
02/08/2025 05:30;0.4460
02/08/2025 05:45;0.4410
02/08/2025 06:00;0.7545
02/08/2025 06:15;0.7185
02/08/2025 06:30;0.7720
02/08/2025 06:45;0.7444
02/08/2025 07:00;0.8886
02/08/2025 07:15;0.9344
02/08/2025 07:30;0.9248
02/08/2025 07:45;0.9165
02/08/2025 08:00;0.7017
02/08/2025 08:15;0.7067
02/08/2025 08:30;0.7240
02/08/2025 08:45;0.7306
02/08/2025 09:00;0.5186
02/08/2025 09:15;0.5312
02/08/2025 09:30;0.5133
02/08/2025 09:45;0.5259
02/08/2025 10:00;0.5025
02/08/2025 10:15;0.5016
02/08/2025 10:30;0.5029
02/08/2025 10:45;0.5230
02/08/2025 11:00;0.5317
02/08/2025 11:15;0.4991
02/08/2025 11:30;0.5008
02/08/2025 11:45;0.5094
02/08/2025 12:00;0.5221
02/08/2025 12:15;0.5330
02/08/2025 12:30;0.5219
02/08/2025 12:45;0.5130
02/08/2025 13:00;0.5090
02/08/2025 13:15;0.5341
02/08/2025 13:30;0.5079
02/08/2025 13:45;0.5155
02/08/2025 14:00;0.5164
02/08/2025 14:15;0.5014
02/08/2025 14:30;0.4961
02/08/2025 14:45;0.5104
02/08/2025 15:00;0.5193
02/08/2025 15:15;0.5362
02/08/2025 15:30;0.4988
02/08/2025 15:45;0.5437
02/08/2025 16:00;0.5578
02/08/2025 16:15;0.6110
02/08/2025 16:30;0.5532
02/08/2025 16:45;0.5735
02/08/2025 17:00;0.7819
02/08/2025 17:15;0.7848
02/08/2025 17:30;0.7727
02/08/2025 17:45;0.8073
02/08/2025 18:00;0.9960
02/08/2025 18:15;1.0084
02/08/2025 18:30;1.0290
02/08/2025 18:45;0.9693
02/08/2025 19:00;1.0833
02/08/2025 19:15;1.1293
02/08/2025 19:30;1.0746
02/08/2025 19:45;1.1008
02/08/2025 20:00;1.0165
02/08/2025 20:15;0.9869
02/08/2025 20:30;0.9516
02/08/2025 20:45;0.9650
02/08/2025 21:00;0.7393
02/08/2025 21:15;0.8200
02/08/2025 21:30;0.8519
02/08/2025 21:45;0.8122
02/08/2025 22:00;0.5624
02/08/2025 22:15;0.5336
02/08/2025 22:30;0.5353
02/08/2025 22:45;0.5647
02/08/2025 23:00;0.3964
02/08/2025 23:15;0.3783
02/08/2025 23:30;0.3893
02/08/2025 23:45;0.3794
03/08/2025 00:00;0.3104
03/08/2025 00:15;0.3192
03/08/2025 00:30;0.3231
03/08/2025 00:45;0.3177
03/08/2025 01:00;0.2920
03/08/2025 01:15;0.2851
03/08/2025 01:30;0.2878
03/08/2025 01:45;0.2862
03/08/2025 02:00;0.2762
03/08/2025 02:15;0.2834
03/08/2025 02:30;0.2866
03/08/2025 02:45;0.2756
03/08/2025 03:00;0.2792
03/08/2025 03:15;0.2884
03/08/2025 03:30;0.2842
03/08/2025 03:45;0.2808
03/08/2025 04:00;0.3045
03/08/2025 04:15;0.3033
03/08/2025 04:30;0.3068
03/08/2025 04:45;0.3024
03/08/2025 05:00;0.4536
03/08/2025 05:15;0.4574
03/08/2025 05:30;0.4538
03/08/2025 05:45;0.4474
03/08/2025 06:00;0.7290
03/08/2025 06:15;0.7503
03/08/2025 06:30;0.7786
03/08/2025 06:45;0.7629
03/08/2025 07:00;0.9147
03/08/2025 07:15;1.0088
03/08/2025 07:30;0.8574
03/08/2025 07:45;0.9669
03/08/2025 08:00;0.6822
03/08/2025 08:15;0.7141
03/08/2025 08:30;0.6740
03/08/2025 08:45;0.6885
03/08/2025 09:00;0.5184
03/08/2025 09:15;0.5246
03/08/2025 09:30;0.5280
03/08/2025 09:45;0.5440
03/08/2025 10:00;0.5183
03/08/2025 10:15;0.5196
03/08/2025 10:30;0.5211
03/08/2025 10:45;0.5216
03/08/2025 11:00;0.5464
03/08/2025 11:15;0.5157
03/08/2025 11:30;0.5194
03/08/2025 11:45;0.5280
03/08/2025 12:00;0.5162
03/08/2025 12:15;0.5266
03/08/2025 12:30;0.5432
03/08/2025 12:45;0.5367
03/08/2025 13:00;0.5217
03/08/2025 13:15;0.5261
03/08/2025 13:30;0.5374
03/08/2025 13:45;0.5083
03/08/2025 14:00;0.4838
03/08/2025 14:15;0.5228
03/08/2025 14:30;0.5052
03/08/2025 14:45;0.5034
03/08/2025 15:00;0.5076
03/08/2025 15:15;0.5288
03/08/2025 15:30;0.5195
03/08/2025 15:45;0.5029
03/08/2025 16:00;0.6237
03/08/2025 16:15;0.5947
03/08/2025 16:30;0.5864
03/08/2025 16:45;0.6143
03/08/2025 17:00;0.7532
03/08/2025 17:15;0.7436
03/08/2025 17:30;0.7471
03/08/2025 17:45;0.8109
03/08/2025 18:00;0.9935
03/08/2025 18:15;1.0135
03/08/2025 18:30;0.9783
03/08/2025 18:45;0.9543
03/08/2025 19:00;1.0670
03/08/2025 19:15;1.0139
03/08/2025 19:30;1.1119
03/08/2025 19:45;0.9974
03/08/2025 20:00;0.9546
03/08/2025 20:15;1.0118
03/08/2025 20:30;0.9747
03/08/2025 20:45;0.9621
03/08/2025 21:00;0.7937
03/08/2025 21:15;0.8018
03/08/2025 21:30;0.7957
03/08/2025 21:45;0.8021
03/08/2025 22:00;0.5362
03/08/2025 22:15;0.5526
03/08/2025 22:30;0.5766
03/08/2025 22:45;0.5526
03/08/2025 23:00;0.4007
03/08/2025 23:15;0.3824
03/08/2025 23:30;0.3878
03/08/2025 23:45;0.3756
04/08/2025 00:00;0.3340
04/08/2025 00:15;0.3413
04/08/2025 00:30;0.3423
04/08/2025 00:45;0.3397
04/08/2025 01:00;0.2967
04/08/2025 01:15;0.3011
04/08/2025 01:30;0.2978
04/08/2025 01:45;0.3052
04/08/2025 02:00;0.2890
04/08/2025 02:15;0.2911
04/08/2025 02:30;0.3001
04/08/2025 02:45;0.2927
04/08/2025 03:00;0.2936
04/08/2025 03:15;0.3021
04/08/2025 03:30;0.3009
04/08/2025 03:45;0.2912
04/08/2025 04:00;0.3238
04/08/2025 04:15;0.3299
04/08/2025 04:30;0.3254
04/08/2025 04:45;0.3270
04/08/2025 05:00;0.4675
04/08/2025 05:15;0.4764
04/08/2025 05:30;0.4765
04/08/2025 05:45;0.5142
04/08/2025 06:00;0.8027
04/08/2025 06:15;0.8441
04/08/2025 06:30;0.8312
04/08/2025 06:45;0.8160
04/08/2025 07:00;1.0674
04/08/2025 07:15;1.0433
04/08/2025 07:30;0.9951
04/08/2025 07:45;1.0201
04/08/2025 08:00;0.7388
04/08/2025 08:15;0.8205
04/08/2025 08:30;0.7878
04/08/2025 08:45;0.7713
04/08/2025 09:00;0.5468
04/08/2025 09:15;0.5741
04/08/2025 09:30;0.5963
04/08/2025 09:45;0.5671
04/08/2025 10:00;0.5463
04/08/2025 10:15;0.5736
04/08/2025 10:30;0.5466
04/08/2025 10:45;0.5296
04/08/2025 11:00;0.5517
04/08/2025 11:15;0.5549
04/08/2025 11:30;0.5643
04/08/2025 11:45;0.5717
04/08/2025 12:00;0.5704
04/08/2025 12:15;0.6180
04/08/2025 12:30;0.5903
04/08/2025 12:45;0.5847
04/08/2025 13:00;0.5813
04/08/2025 13:15;0.5587
04/08/2025 13:30;0.5829
04/08/2025 13:45;0.5775
04/08/2025 14:00;0.5290
04/08/2025 14:15;0.5384
04/08/2025 14:30;0.5665
04/08/2025 14:45;0.5612
04/08/2025 15:00;0.6086
04/08/2025 15:15;0.5617
04/08/2025 15:30;0.5685
04/08/2025 15:45;0.5334
04/08/2025 16:00;0.6521
04/08/2025 16:15;0.6539
04/08/2025 16:30;0.6778
04/08/2025 16:45;0.6882
04/08/2025 17:00;0.8925
04/08/2025 17:15;0.8541
04/08/2025 17:30;0.8960
04/08/2025 17:45;0.8749
04/08/2025 18:00;1.1253
04/08/2025 18:15;1.1342
04/08/2025 18:30;1.1605
04/08/2025 18:45;1.1591
04/08/2025 19:00;1.2007
04/08/2025 19:15;1.1685
04/08/2025 19:30;1.2033
04/08/2025 19:45;1.1721
04/08/2025 20:00;1.1119
04/08/2025 20:15;1.1149
04/08/2025 20:30;1.0859
04/08/2025 20:45;1.1048
04/08/2025 21:00;0.8805
04/08/2025 21:15;0.8544
04/08/2025 21:30;0.8552
04/08/2025 21:45;0.8825
04/08/2025 22:00;0.6338
04/08/2025 22:15;0.6183
04/08/2025 22:30;0.6222
04/08/2025 22:45;0.6297
04/08/2025 23:00;0.4062
04/08/2025 23:15;0.4327
04/08/2025 23:30;0.3983
04/08/2025 23:45;0.4140
05/08/2025 00:00;0.3784
05/08/2025 00:15;0.3480
05/08/2025 00:30;0.3619
05/08/2025 00:45;0.3611
05/08/2025 01:00;0.3241
05/08/2025 01:15;0.3213
05/08/2025 01:30;0.3192
05/08/2025 01:45;0.3238
05/08/2025 02:00;0.3122
05/08/2025 02:15;0.3114
05/08/2025 02:30;0.3114
05/08/2025 02:45;0.3160
05/08/2025 03:00;0.3167
05/08/2025 03:15;0.3131
05/08/2025 03:30;0.3224
05/08/2025 03:45;0.3114
05/08/2025 04:00;0.3455
05/08/2025 04:15;0.3386
05/08/2025 04:30;0.3382
05/08/2025 04:45;0.3467
05/08/2025 05:00;0.5087
05/08/2025 05:15;0.5108
05/08/2025 05:30;0.4925
05/08/2025 05:45;0.5108
05/08/2025 06:00;0.8900
05/08/2025 06:15;0.9512
05/08/2025 06:30;0.8632
05/08/2025 06:45;0.9162
05/08/2025 07:00;1.1567
05/08/2025 07:15;1.1271
05/08/2025 07:30;1.1096
05/08/2025 07:45;1.1422
05/08/2025 08:00;0.8342
05/08/2025 08:15;0.8504
05/08/2025 08:30;0.8525
05/08/2025 08:45;0.8700
05/08/2025 09:00;0.6213
05/08/2025 09:15;0.6065
05/08/2025 09:30;0.5946
05/08/2025 09:45;0.5853
05/08/2025 10:00;0.5833
05/08/2025 10:15;0.5762
05/08/2025 10:30;0.5689
05/08/2025 10:45;0.5729
05/08/2025 11:00;0.5944
05/08/2025 11:15;0.5984
05/08/2025 11:30;0.6169
05/08/2025 11:45;0.6215
05/08/2025 12:00;0.6152
05/08/2025 12:15;0.6501
05/08/2025 12:30;0.6303
05/08/2025 12:45;0.6474
05/08/2025 13:00;0.6150
05/08/2025 13:15;0.6002
05/08/2025 13:30;0.5767
05/08/2025 13:45;0.6137
05/08/2025 14:00;0.5799
05/08/2025 14:15;0.5875
05/08/2025 14:30;0.5659
05/08/2025 14:45;0.5844
05/08/2025 15:00;0.6093
05/08/2025 15:15;0.6132
05/08/2025 15:30;0.5758
05/08/2025 15:45;0.6072
05/08/2025 16:00;0.7123
05/08/2025 16:15;0.7176
05/08/2025 16:30;0.7243
05/08/2025 16:45;0.6910
05/08/2025 17:00;0.9328
05/08/2025 17:15;0.8660
05/08/2025 17:30;0.9458
05/08/2025 17:45;0.9315
05/08/2025 18:00;1.2027
05/08/2025 18:15;1.2337
05/08/2025 18:30;1.2322
05/08/2025 18:45;1.2429
05/08/2025 19:00;1.2880
05/08/2025 19:15;1.2919
05/08/2025 19:30;1.2405
05/08/2025 19:45;1.2358
05/08/2025 20:00;1.1663
05/08/2025 20:15;1.1244
05/08/2025 20:30;1.1145
05/08/2025 20:45;1.1699
05/08/2025 21:00;0.9634
05/08/2025 21:15;0.9498
05/08/2025 21:30;0.9216
05/08/2025 21:45;0.9068
05/08/2025 22:00;0.6781
05/08/2025 22:15;0.6808
05/08/2025 22:30;0.6488
05/08/2025 22:45;0.6475
05/08/2025 23:00;0.4474
05/08/2025 23:15;0.4255
05/08/2025 23:30;0.4410
05/08/2025 23:45;0.4244
06/08/2025 00:00;0.3268
06/08/2025 00:15;0.3230
06/08/2025 00:30;0.3034
06/08/2025 00:45;0.3146
06/08/2025 01:00;0.2894
06/08/2025 01:15;0.2799
06/08/2025 01:30;0.2809
06/08/2025 01:45;0.2800
06/08/2025 02:00;0.2703
06/08/2025 02:15;0.2601
06/08/2025 02:30;0.2753
06/08/2025 02:45;0.2746
06/08/2025 03:00;0.2735
06/08/2025 03:15;0.2735
06/08/2025 03:30;0.2711
06/08/2025 03:45;0.2779
06/08/2025 04:00;0.3009
06/08/2025 04:15;0.3051
06/08/2025 04:30;0.3018
06/08/2025 04:45;0.2917
06/08/2025 05:00;0.4308
06/08/2025 05:15;0.4316
06/08/2025 05:30;0.4602
06/08/2025 05:45;0.4383
06/08/2025 06:00;0.8101
06/08/2025 06:15;0.7546
06/08/2025 06:30;0.8224
06/08/2025 06:45;0.7461
06/08/2025 07:00;0.9668
06/08/2025 07:15;0.9396
06/08/2025 07:30;0.9420
06/08/2025 07:45;0.8722
06/08/2025 08:00;0.6968
06/08/2025 08:15;0.7253
06/08/2025 08:30;0.6885
06/08/2025 08:45;0.6907
06/08/2025 09:00;0.5515
06/08/2025 09:15;0.5085
06/08/2025 09:30;0.5437
06/08/2025 09:45;0.5290
06/08/2025 10:00;0.4911
06/08/2025 10:15;0.5228
06/08/2025 10:30;0.5316
06/08/2025 10:45;0.5009
06/08/2025 11:00;0.5197
06/08/2025 11:15;0.5245
06/08/2025 11:30;0.5226
06/08/2025 11:45;0.5183
06/08/2025 12:00;0.5389
06/08/2025 12:15;0.5676
06/08/2025 12:30;0.5545
06/08/2025 12:45;0.5566
06/08/2025 13:00;0.5123
06/08/2025 13:15;0.5239
06/08/2025 13:30;0.5369
06/08/2025 13:45;0.5250
06/08/2025 14:00;0.5134
06/08/2025 14:15;0.4982
06/08/2025 14:30;0.4968
06/08/2025 14:45;0.4981
06/08/2025 15:00;0.5395
06/08/2025 15:15;0.5197
06/08/2025 15:30;0.5255
06/08/2025 15:45;0.5217
06/08/2025 16:00;0.6331
06/08/2025 16:15;0.6046
06/08/2025 16:30;0.6138
06/08/2025 16:45;0.6171
06/08/2025 17:00;0.8413
06/08/2025 17:15;0.8423
06/08/2025 17:30;0.8368
06/08/2025 17:45;0.7949
06/08/2025 18:00;1.0804
06/08/2025 18:15;0.9783
06/08/2025 18:30;1.0795
06/08/2025 18:45;1.0465
06/08/2025 19:00;1.2046
06/08/2025 19:15;1.1024
06/08/2025 19:30;1.0963
06/08/2025 19:45;1.0968
06/08/2025 20:00;0.9803
06/08/2025 20:15;1.0017
06/08/2025 20:30;1.0076
06/08/2025 20:45;0.9860
06/08/2025 21:00;0.8399
06/08/2025 21:15;0.8425
06/08/2025 21:30;0.8122
06/08/2025 21:45;0.8363
06/08/2025 22:00;0.5665
06/08/2025 22:15;0.5544
06/08/2025 22:30;0.5766
06/08/2025 22:45;0.5562
06/08/2025 23:00;0.3909
06/08/2025 23:15;0.3752
06/08/2025 23:30;0.3920
06/08/2025 23:45;0.3974
07/08/2025 00:00;0.3306
07/08/2025 00:15;0.3222
07/08/2025 00:30;0.3320
07/08/2025 00:45;0.3335
07/08/2025 01:00;0.2993
07/08/2025 01:15;0.2947
07/08/2025 01:30;0.2911
07/08/2025 01:45;0.2939
07/08/2025 02:00;0.2832
07/08/2025 02:15;0.2877
07/08/2025 02:30;0.2856
07/08/2025 02:45;0.2809
07/08/2025 03:00;0.2860
07/08/2025 03:15;0.2773
07/08/2025 03:30;0.2814
07/08/2025 03:45;0.2852
07/08/2025 04:00;0.3123
07/08/2025 04:15;0.3116
07/08/2025 04:30;0.3171
07/08/2025 04:45;0.3189
07/08/2025 05:00;0.4498
07/08/2025 05:15;0.4712
07/08/2025 05:30;0.4412
07/08/2025 05:45;0.4607
07/08/2025 06:00;0.8046
07/08/2025 06:15;0.8148
07/08/2025 06:30;0.8062
07/08/2025 06:45;0.8374
07/08/2025 07:00;1.0552
07/08/2025 07:15;1.0490
07/08/2025 07:30;0.9855
07/08/2025 07:45;0.9933
07/08/2025 08:00;0.7439
07/08/2025 08:15;0.7442
07/08/2025 08:30;0.7378
07/08/2025 08:45;0.7609
07/08/2025 09:00;0.5368
07/08/2025 09:15;0.5344
07/08/2025 09:30;0.5595
07/08/2025 09:45;0.5345
07/08/2025 10:00;0.5218
07/08/2025 10:15;0.5149
07/08/2025 10:30;0.5040
07/08/2025 10:45;0.5205
07/08/2025 11:00;0.5593
07/08/2025 11:15;0.5398
07/08/2025 11:30;0.5288
07/08/2025 11:45;0.5588
07/08/2025 12:00;0.5697
07/08/2025 12:15;0.5583
07/08/2025 12:30;0.5324
07/08/2025 12:45;0.5892
07/08/2025 13:00;0.5181
07/08/2025 13:15;0.5488
07/08/2025 13:30;0.5433
07/08/2025 13:45;0.5407
07/08/2025 14:00;0.5203
07/08/2025 14:15;0.5295
07/08/2025 14:30;0.5152
07/08/2025 14:45;0.5043
07/08/2025 15:00;0.5555
07/08/2025 15:15;0.5786
07/08/2025 15:30;0.5386
07/08/2025 15:45;0.5653
07/08/2025 16:00;0.6256
07/08/2025 16:15;0.6383
07/08/2025 16:30;0.6537
07/08/2025 16:45;0.6189
07/08/2025 17:00;0.8676
07/08/2025 17:15;0.8749
07/08/2025 17:30;0.8573
07/08/2025 17:45;0.8451
07/08/2025 18:00;1.1263
07/08/2025 18:15;1.0541
07/08/2025 18:30;1.0820
07/08/2025 18:45;1.1145
07/08/2025 19:00;1.1483
07/08/2025 19:15;1.1188
07/08/2025 19:30;1.1902
07/08/2025 19:45;1.0991
07/08/2025 20:00;1.0706
07/08/2025 20:15;1.0371
07/08/2025 20:30;1.0324
07/08/2025 20:45;1.0934
07/08/2025 21:00;0.8887
07/08/2025 21:15;0.8211
07/08/2025 21:30;0.8236
07/08/2025 21:45;0.8199
07/08/2025 22:00;0.5775
07/08/2025 22:15;0.6056
07/08/2025 22:30;0.5653
07/08/2025 22:45;0.5618
07/08/2025 23:00;0.3978
07/08/2025 23:15;0.3951
07/08/2025 23:30;0.4029
07/08/2025 23:45;0.3847
08/08/2025 00:00;0.3203
08/08/2025 00:15;0.3380
08/08/2025 00:30;0.3370
08/08/2025 00:45;0.3277
08/08/2025 01:00;0.2855
08/08/2025 01:15;0.2842
08/08/2025 01:30;0.2932
08/08/2025 01:45;0.2887
08/08/2025 02:00;0.2755
08/08/2025 02:15;0.2819
08/08/2025 02:30;0.2776
08/08/2025 02:45;0.2761
08/08/2025 03:00;0.2835
08/08/2025 03:15;0.2838
08/08/2025 03:30;0.2831
08/08/2025 03:45;0.2764
08/08/2025 04:00;0.3029
08/08/2025 04:15;0.3036
08/08/2025 04:30;0.3079
08/08/2025 04:45;0.3085
08/08/2025 05:00;0.4639
08/08/2025 05:15;0.4558
08/08/2025 05:30;0.4453
08/08/2025 05:45;0.4557
08/08/2025 06:00;0.8511
08/08/2025 06:15;0.7904
08/08/2025 06:30;0.8121
08/08/2025 06:45;0.7954
08/08/2025 07:00;0.9766
08/08/2025 07:15;0.9889
08/08/2025 07:30;1.0559
08/08/2025 07:45;0.9929
08/08/2025 08:00;0.7454
08/08/2025 08:15;0.7685
08/08/2025 08:30;0.7082
08/08/2025 08:45;0.7358
08/08/2025 09:00;0.5605
08/08/2025 09:15;0.5350
08/08/2025 09:30;0.5518
08/08/2025 09:45;0.5352
08/08/2025 10:00;0.5238
08/08/2025 10:15;0.5142
08/08/2025 10:30;0.5458
08/08/2025 10:45;0.5290
08/08/2025 11:00;0.5555
08/08/2025 11:15;0.5325
08/08/2025 11:30;0.5423
08/08/2025 11:45;0.5350
08/08/2025 12:00;0.5471
08/08/2025 12:15;0.5421
08/08/2025 12:30;0.5818
08/08/2025 12:45;0.5743
08/08/2025 13:00;0.5360
08/08/2025 13:15;0.5435
08/08/2025 13:30;0.5419
08/08/2025 13:45;0.5299
08/08/2025 14:00;0.5121
08/08/2025 14:15;0.5648
08/08/2025 14:30;0.5185
08/08/2025 14:45;0.5249
08/08/2025 15:00;0.5280
08/08/2025 15:15;0.5875
08/08/2025 15:30;0.5281
08/08/2025 15:45;0.5376
08/08/2025 16:00;0.6027
08/08/2025 16:15;0.6247
08/08/2025 16:30;0.6552
08/08/2025 16:45;0.6604
08/08/2025 17:00;0.8077
08/08/2025 17:15;0.8466
08/08/2025 17:30;0.8534
08/08/2025 17:45;0.8544
08/08/2025 18:00;1.1310
08/08/2025 18:15;1.0998
08/08/2025 18:30;1.1241
08/08/2025 18:45;1.0983
08/08/2025 19:00;1.2129
08/08/2025 19:15;1.1205
08/08/2025 19:30;1.1326
08/08/2025 19:45;1.1257
08/08/2025 20:00;1.0271
08/08/2025 20:15;1.0689
08/08/2025 20:30;1.0348
08/08/2025 20:45;1.0281
08/08/2025 21:00;0.8192
08/08/2025 21:15;0.8195
08/08/2025 21:30;0.8880
08/08/2025 21:45;0.8379
08/08/2025 22:00;0.5905
08/08/2025 22:15;0.5954
08/08/2025 22:30;0.6120
08/08/2025 22:45;0.5566
08/08/2025 23:00;0.3849
08/08/2025 23:15;0.3987
08/08/2025 23:30;0.3851
08/08/2025 23:45;0.4050
09/08/2025 00:00;0.3062
09/08/2025 00:15;0.3003
09/08/2025 00:30;0.2886
09/08/2025 00:45;0.2974
09/08/2025 01:00;0.2670
09/08/2025 01:15;0.2655
09/08/2025 01:30;0.2591
09/08/2025 01:45;0.2619
09/08/2025 02:00;0.2566
09/08/2025 02:15;0.2551
09/08/2025 02:30;0.2532
09/08/2025 02:45;0.2622
09/08/2025 03:00;0.2601
09/08/2025 03:15;0.2617
09/08/2025 03:30;0.2609
09/08/2025 03:45;0.2533
09/08/2025 04:00;0.2855
09/08/2025 04:15;0.2860
09/08/2025 04:30;0.2739
09/08/2025 04:45;0.2861
09/08/2025 05:00;0.4171
09/08/2025 05:15;0.4056
09/08/2025 05:30;0.4078
09/08/2025 05:45;0.4221
09/08/2025 06:00;0.6885
09/08/2025 06:15;0.6809
09/08/2025 06:30;0.7293
09/08/2025 06:45;0.7247
09/08/2025 07:00;0.8599
09/08/2025 07:15;0.8337
09/08/2025 07:30;0.8671
09/08/2025 07:45;0.8801
09/08/2025 08:00;0.6265
09/08/2025 08:15;0.6491
09/08/2025 08:30;0.6883
09/08/2025 08:45;0.6287
09/08/2025 09:00;0.5002
09/08/2025 09:15;0.4953
09/08/2025 09:30;0.4978
09/08/2025 09:45;0.4956
09/08/2025 10:00;0.4557
09/08/2025 10:15;0.4725
09/08/2025 10:30;0.4774
09/08/2025 10:45;0.4669
09/08/2025 11:00;0.4830
09/08/2025 11:15;0.4750
09/08/2025 11:30;0.4959
09/08/2025 11:45;0.5080
09/08/2025 12:00;0.5052
09/08/2025 12:15;0.5073
09/08/2025 12:30;0.5152
09/08/2025 12:45;0.5096
09/08/2025 13:00;0.4998
09/08/2025 13:15;0.4933
09/08/2025 13:30;0.4731
09/08/2025 13:45;0.4808
09/08/2025 14:00;0.4559
09/08/2025 14:15;0.4551
09/08/2025 14:30;0.4711
09/08/2025 14:45;0.4774
09/08/2025 15:00;0.4954
09/08/2025 15:15;0.4793
09/08/2025 15:30;0.4670
09/08/2025 15:45;0.5068
09/08/2025 16:00;0.5707
09/08/2025 16:15;0.5632
09/08/2025 16:30;0.5588
09/08/2025 16:45;0.5849
09/08/2025 17:00;0.7374
09/08/2025 17:15;0.7126
09/08/2025 17:30;0.7383
09/08/2025 17:45;0.7365
09/08/2025 18:00;0.9482
09/08/2025 18:15;0.9648
09/08/2025 18:30;0.8988
09/08/2025 18:45;0.9667
09/08/2025 19:00;1.0133
09/08/2025 19:15;1.0089
09/08/2025 19:30;1.0524
09/08/2025 19:45;0.9783
09/08/2025 20:00;0.8251
09/08/2025 20:15;0.9347
09/08/2025 20:30;0.9532
09/08/2025 20:45;0.8839
09/08/2025 21:00;0.7544
09/08/2025 21:15;0.7419
09/08/2025 21:30;0.7712
09/08/2025 21:45;0.7322
09/08/2025 22:00;0.5100
09/08/2025 22:15;0.5367
09/08/2025 22:30;0.5241
09/08/2025 22:45;0.5265
09/08/2025 23:00;0.3498
09/08/2025 23:15;0.3563
09/08/2025 23:30;0.3666
09/08/2025 23:45;0.3464
10/08/2025 00:00;0.3055
10/08/2025 00:15;0.2974
10/08/2025 00:30;0.3119
10/08/2025 00:45;0.3046
10/08/2025 01:00;0.2735
10/08/2025 01:15;0.2780
10/08/2025 01:30;0.2671
10/08/2025 01:45;0.2661
10/08/2025 02:00;0.2609
10/08/2025 02:15;0.2631
10/08/2025 02:30;0.2582
10/08/2025 02:45;0.2643
10/08/2025 03:00;0.2702
10/08/2025 03:15;0.2664
10/08/2025 03:30;0.2704
10/08/2025 03:45;0.2660
10/08/2025 04:00;0.2882
10/08/2025 04:15;0.2792
10/08/2025 04:30;0.2817
10/08/2025 04:45;0.2912
10/08/2025 05:00;0.4157
10/08/2025 05:15;0.4157
10/08/2025 05:30;0.4337
10/08/2025 05:45;0.4281
10/08/2025 06:00;0.6711
10/08/2025 06:15;0.7006
10/08/2025 06:30;0.6966
10/08/2025 06:45;0.7368
10/08/2025 07:00;0.8900
10/08/2025 07:15;0.9000
10/08/2025 07:30;0.8674
10/08/2025 07:45;0.8806
10/08/2025 08:00;0.6358
10/08/2025 08:15;0.6480
10/08/2025 08:30;0.6401
10/08/2025 08:45;0.6770
10/08/2025 09:00;0.4805
10/08/2025 09:15;0.4898
10/08/2025 09:30;0.4742
10/08/2025 09:45;0.4942
10/08/2025 10:00;0.4735
10/08/2025 10:15;0.4723
10/08/2025 10:30;0.4629
10/08/2025 10:45;0.4709
10/08/2025 11:00;0.4882
10/08/2025 11:15;0.4867
10/08/2025 11:30;0.5084
10/08/2025 11:45;0.4959
10/08/2025 12:00;0.5032
10/08/2025 12:15;0.5162
10/08/2025 12:30;0.5087
10/08/2025 12:45;0.5185
10/08/2025 13:00;0.5158
10/08/2025 13:15;0.4569
10/08/2025 13:30;0.5021
10/08/2025 13:45;0.4916
10/08/2025 14:00;0.4846
10/08/2025 14:15;0.4766
10/08/2025 14:30;0.4729
10/08/2025 14:45;0.4887
10/08/2025 15:00;0.4951
10/08/2025 15:15;0.5058
10/08/2025 15:30;0.5033
10/08/2025 15:45;0.4850
10/08/2025 16:00;0.5649
10/08/2025 16:15;0.5619
10/08/2025 16:30;0.5620
10/08/2025 16:45;0.5649
10/08/2025 17:00;0.7621
10/08/2025 17:15;0.7269
10/08/2025 17:30;0.7542
10/08/2025 17:45;0.7395
10/08/2025 18:00;0.9028
10/08/2025 18:15;1.0199
10/08/2025 18:30;0.9419
10/08/2025 18:45;0.9416
10/08/2025 19:00;1.0232
10/08/2025 19:15;1.0722
10/08/2025 19:30;0.9674
10/08/2025 19:45;1.0809
10/08/2025 20:00;0.9351
10/08/2025 20:15;0.9369
10/08/2025 20:30;0.8884
10/08/2025 20:45;0.9871
10/08/2025 21:00;0.7816
10/08/2025 21:15;0.7707
10/08/2025 21:30;0.7616
10/08/2025 21:45;0.7643
10/08/2025 22:00;0.5246
10/08/2025 22:15;0.5535
10/08/2025 22:30;0.5316
10/08/2025 22:45;0.5238
10/08/2025 23:00;0.3565
10/08/2025 23:15;0.3646
10/08/2025 23:30;0.3711
10/08/2025 23:45;0.3689
11/08/2025 00:00;0.3277
11/08/2025 00:15;0.3382
11/08/2025 00:30;0.3476
11/08/2025 00:45;0.3231
11/08/2025 01:00;0.2955
11/08/2025 01:15;0.2973
11/08/2025 01:30;0.3076
11/08/2025 01:45;0.3062
11/08/2025 02:00;0.2956
11/08/2025 02:15;0.2881
11/08/2025 02:30;0.2939
11/08/2025 02:45;0.2927
11/08/2025 03:00;0.2997
11/08/2025 03:15;0.2902
11/08/2025 03:30;0.2951
11/08/2025 03:45;0.2847
11/08/2025 04:00;0.3120
11/08/2025 04:15;0.3223
11/08/2025 04:30;0.3144
11/08/2025 04:45;0.3097
11/08/2025 05:00;0.4747
11/08/2025 05:15;0.4808
11/08/2025 05:30;0.4861
11/08/2025 05:45;0.4981
11/08/2025 06:00;0.8569
11/08/2025 06:15;0.8334
11/08/2025 06:30;0.8479
11/08/2025 06:45;0.8176
11/08/2025 07:00;1.0107
11/08/2025 07:15;1.0740
11/08/2025 07:30;1.0306
11/08/2025 07:45;1.0356
11/08/2025 08:00;0.7697
11/08/2025 08:15;0.7527
11/08/2025 08:30;0.7880
11/08/2025 08:45;0.7660
11/08/2025 09:00;0.5670
11/08/2025 09:15;0.5467
11/08/2025 09:30;0.5798
11/08/2025 09:45;0.5785
11/08/2025 10:00;0.5229
11/08/2025 10:15;0.5384
11/08/2025 10:30;0.5367
11/08/2025 10:45;0.5621
11/08/2025 11:00;0.5845
11/08/2025 11:15;0.5672
11/08/2025 11:30;0.5403
11/08/2025 11:45;0.5450
11/08/2025 12:00;0.6102
11/08/2025 12:15;0.5844
11/08/2025 12:30;0.5739
11/08/2025 12:45;0.6154
11/08/2025 13:00;0.5864
11/08/2025 13:15;0.5465
11/08/2025 13:30;0.5771
11/08/2025 13:45;0.5616
11/08/2025 14:00;0.5211
11/08/2025 14:15;0.5370
11/08/2025 14:30;0.5730
11/08/2025 14:45;0.5232
11/08/2025 15:00;0.5962
11/08/2025 15:15;0.5547
11/08/2025 15:30;0.5507
11/08/2025 15:45;0.5577
11/08/2025 16:00;0.6661
11/08/2025 16:15;0.6500
11/08/2025 16:30;0.6264
11/08/2025 16:45;0.6331
11/08/2025 17:00;0.9201
11/08/2025 17:15;0.8803
11/08/2025 17:30;0.8599
11/08/2025 17:45;0.8557
11/08/2025 18:00;1.1376
11/08/2025 18:15;1.1418
11/08/2025 18:30;1.1199
11/08/2025 18:45;1.1167
11/08/2025 19:00;1.2145
11/08/2025 19:15;1.1449
11/08/2025 19:30;1.2426
11/08/2025 19:45;1.1475
11/08/2025 20:00;1.0693
11/08/2025 20:15;1.0767
11/08/2025 20:30;1.0467
11/08/2025 20:45;1.0759
11/08/2025 21:00;0.8346
11/08/2025 21:15;0.8663
11/08/2025 21:30;0.8878
11/08/2025 21:45;0.9097
11/08/2025 22:00;0.6094
11/08/2025 22:15;0.6223
11/08/2025 22:30;0.6107
11/08/2025 22:45;0.6065
11/08/2025 23:00;0.4237
11/08/2025 23:15;0.4026
11/08/2025 23:30;0.4157
11/08/2025 23:45;0.4039
12/08/2025 00:00;0.3309
12/08/2025 00:15;0.3418
12/08/2025 00:30;0.3213
12/08/2025 00:45;0.3337
12/08/2025 01:00;0.3068
12/08/2025 01:15;0.3003
12/08/2025 01:30;0.3057
12/08/2025 01:45;0.3032
12/08/2025 02:00;0.2953
12/08/2025 02:15;0.3030
12/08/2025 02:30;0.3041
12/08/2025 02:45;0.2976
12/08/2025 03:00;0.2988
12/08/2025 03:15;0.3052
12/08/2025 03:30;0.3017
12/08/2025 03:45;0.3056
12/08/2025 04:00;0.3257
12/08/2025 04:15;0.3188
12/08/2025 04:30;0.3244
12/08/2025 04:45;0.3302
12/08/2025 05:00;0.4775
12/08/2025 05:15;0.4746
12/08/2025 05:30;0.4824
12/08/2025 05:45;0.4987
12/08/2025 06:00;0.8531
12/08/2025 06:15;0.8440
12/08/2025 06:30;0.8514
12/08/2025 06:45;0.8196
12/08/2025 07:00;1.0180
12/08/2025 07:15;0.9991
12/08/2025 07:30;1.0699
12/08/2025 07:45;1.0247
12/08/2025 08:00;0.8030
12/08/2025 08:15;0.8198
12/08/2025 08:30;0.7549
12/08/2025 08:45;0.7773
12/08/2025 09:00;0.6018
12/08/2025 09:15;0.5628
12/08/2025 09:30;0.5400
12/08/2025 09:45;0.5614
12/08/2025 10:00;0.5051
12/08/2025 10:15;0.5602
12/08/2025 10:30;0.5527
12/08/2025 10:45;0.5729
12/08/2025 11:00;0.5542
12/08/2025 11:15;0.5953
12/08/2025 11:30;0.5516
12/08/2025 11:45;0.5843
12/08/2025 12:00;0.6264
12/08/2025 12:15;0.5856
12/08/2025 12:30;0.5861
12/08/2025 12:45;0.6239
12/08/2025 13:00;0.5845
12/08/2025 13:15;0.5861
12/08/2025 13:30;0.6020
12/08/2025 13:45;0.5540
12/08/2025 14:00;0.5642
12/08/2025 14:15;0.5400
12/08/2025 14:30;0.5565
12/08/2025 14:45;0.5430
12/08/2025 15:00;0.5733
12/08/2025 15:15;0.5439
12/08/2025 15:30;0.5641
12/08/2025 15:45;0.5616
12/08/2025 16:00;0.6459
12/08/2025 16:15;0.6664
12/08/2025 16:30;0.6557
12/08/2025 16:45;0.6547
12/08/2025 17:00;0.9232
12/08/2025 17:15;0.9234
12/08/2025 17:30;0.8975
12/08/2025 17:45;0.8915
12/08/2025 18:00;1.1709
12/08/2025 18:15;1.2076
12/08/2025 18:30;1.1521
12/08/2025 18:45;1.1777
12/08/2025 19:00;1.1778
12/08/2025 19:15;1.2071
12/08/2025 19:30;1.2171
12/08/2025 19:45;1.2193
12/08/2025 20:00;1.1227
12/08/2025 20:15;1.0908
12/08/2025 20:30;1.0707
12/08/2025 20:45;1.0376
12/08/2025 21:00;0.8814
12/08/2025 21:15;0.8835
12/08/2025 21:30;0.8905
12/08/2025 21:45;0.8653
12/08/2025 22:00;0.6331
12/08/2025 22:15;0.6155
12/08/2025 22:30;0.6145
12/08/2025 22:45;0.6111
12/08/2025 23:00;0.4066
12/08/2025 23:15;0.4119
12/08/2025 23:30;0.4056
12/08/2025 23:45;0.4126
13/08/2025 00:00;0.3459
13/08/2025 00:15;0.3464
13/08/2025 00:30;0.3476
13/08/2025 00:45;0.3409
13/08/2025 01:00;0.3082
13/08/2025 01:15;0.3037
13/08/2025 01:30;0.3129
13/08/2025 01:45;0.3036
13/08/2025 02:00;0.3027
13/08/2025 02:15;0.2937
13/08/2025 02:30;0.2967
13/08/2025 02:45;0.2905
13/08/2025 03:00;0.2968
13/08/2025 03:15;0.2982
13/08/2025 03:30;0.2986
13/08/2025 03:45;0.2955
13/08/2025 04:00;0.3256
13/08/2025 04:15;0.3303
13/08/2025 04:30;0.3239
13/08/2025 04:45;0.3227
13/08/2025 05:00;0.4823
13/08/2025 05:15;0.4891
13/08/2025 05:30;0.4735
13/08/2025 05:45;0.4833
13/08/2025 06:00;0.8362
13/08/2025 06:15;0.8250
13/08/2025 06:30;0.8001
13/08/2025 06:45;0.8496
13/08/2025 07:00;1.0342
13/08/2025 07:15;1.0182
13/08/2025 07:30;1.0419
13/08/2025 07:45;1.0348
13/08/2025 08:00;0.7984
13/08/2025 08:15;0.7680
13/08/2025 08:30;0.8278
13/08/2025 08:45;0.8095
13/08/2025 09:00;0.5920
13/08/2025 09:15;0.5937
13/08/2025 09:30;0.5814
13/08/2025 09:45;0.5603
13/08/2025 10:00;0.5487
13/08/2025 10:15;0.5661
13/08/2025 10:30;0.5512
13/08/2025 10:45;0.5716
13/08/2025 11:00;0.5767
13/08/2025 11:15;0.5796
13/08/2025 11:30;0.5787
13/08/2025 11:45;0.5748
13/08/2025 12:00;0.6143
13/08/2025 12:15;0.6082
13/08/2025 12:30;0.6162
13/08/2025 12:45;0.6019
13/08/2025 13:00;0.5650
13/08/2025 13:15;0.5579
13/08/2025 13:30;0.5702
13/08/2025 13:45;0.5733
13/08/2025 14:00;0.5502
13/08/2025 14:15;0.5643
13/08/2025 14:30;0.5367
13/08/2025 14:45;0.5804
13/08/2025 15:00;0.5736
13/08/2025 15:15;0.5844
13/08/2025 15:30;0.5893
13/08/2025 15:45;0.5702
13/08/2025 16:00;0.6521
13/08/2025 16:15;0.6832
13/08/2025 16:30;0.6614
13/08/2025 16:45;0.6452
13/08/2025 17:00;0.9415
13/08/2025 17:15;0.9115
13/08/2025 17:30;0.8610
13/08/2025 17:45;0.8680
13/08/2025 18:00;1.2106
13/08/2025 18:15;1.1229
13/08/2025 18:30;1.1226
13/08/2025 18:45;1.2012
13/08/2025 19:00;1.1320
13/08/2025 19:15;1.2040
13/08/2025 19:30;1.2315
13/08/2025 19:45;1.1423
13/08/2025 20:00;1.1300
13/08/2025 20:15;1.1004
13/08/2025 20:30;1.1295
13/08/2025 20:45;1.1032
13/08/2025 21:00;0.8786
13/08/2025 21:15;0.9157
13/08/2025 21:30;0.8870
13/08/2025 21:45;0.8778
13/08/2025 22:00;0.6271
13/08/2025 22:15;0.6270
13/08/2025 22:30;0.6283
13/08/2025 22:45;0.6179
13/08/2025 23:00;0.4127
13/08/2025 23:15;0.4173
13/08/2025 23:30;0.4023
13/08/2025 23:45;0.4084
14/08/2025 00:00;0.3324
14/08/2025 00:15;0.3361
14/08/2025 00:30;0.3318
14/08/2025 00:45;0.3347
14/08/2025 01:00;0.2972
14/08/2025 01:15;0.3013
14/08/2025 01:30;0.2967
14/08/2025 01:45;0.3043
14/08/2025 02:00;0.2937
14/08/2025 02:15;0.2922
14/08/2025 02:30;0.2967
14/08/2025 02:45;0.2965
14/08/2025 03:00;0.2926
14/08/2025 03:15;0.2910
14/08/2025 03:30;0.2869
14/08/2025 03:45;0.2905
14/08/2025 04:00;0.3147
14/08/2025 04:15;0.3173
14/08/2025 04:30;0.3155
14/08/2025 04:45;0.3214
14/08/2025 05:00;0.4696
14/08/2025 05:15;0.4744
14/08/2025 05:30;0.4782
14/08/2025 05:45;0.4943
14/08/2025 06:00;0.8078
14/08/2025 06:15;0.8372
14/08/2025 06:30;0.8032
14/08/2025 06:45;0.8647
14/08/2025 07:00;0.9872
14/08/2025 07:15;0.9962
14/08/2025 07:30;0.9825
14/08/2025 07:45;1.0729
14/08/2025 08:00;0.7182
14/08/2025 08:15;0.7360
14/08/2025 08:30;0.7718
14/08/2025 08:45;0.7612
14/08/2025 09:00;0.5594
14/08/2025 09:15;0.5789
14/08/2025 09:30;0.5998
14/08/2025 09:45;0.5498
14/08/2025 10:00;0.5333
14/08/2025 10:15;0.5268
14/08/2025 10:30;0.5439
14/08/2025 10:45;0.5275
14/08/2025 11:00;0.5418
14/08/2025 11:15;0.5658
14/08/2025 11:30;0.5682
14/08/2025 11:45;0.5678
14/08/2025 12:00;0.6003
14/08/2025 12:15;0.5796
14/08/2025 12:30;0.5953
14/08/2025 12:45;0.5734
14/08/2025 13:00;0.5475
14/08/2025 13:15;0.5548
14/08/2025 13:30;0.5707
14/08/2025 13:45;0.5635
14/08/2025 14:00;0.5521
14/08/2025 14:15;0.5643
14/08/2025 14:30;0.5435
14/08/2025 14:45;0.5611
14/08/2025 15:00;0.5777
14/08/2025 15:15;0.5861
14/08/2025 15:30;0.5603
14/08/2025 15:45;0.5352
14/08/2025 16:00;0.6418
14/08/2025 16:15;0.6279
14/08/2025 16:30;0.6325
14/08/2025 16:45;0.6297
14/08/2025 17:00;0.8571
14/08/2025 17:15;0.8296
14/08/2025 17:30;0.8314
14/08/2025 17:45;0.9057
14/08/2025 18:00;1.0753
14/08/2025 18:15;1.1366
14/08/2025 18:30;1.0778
14/08/2025 18:45;1.2077
14/08/2025 19:00;1.1770
14/08/2025 19:15;1.2109
14/08/2025 19:30;1.1336
14/08/2025 19:45;1.1757
14/08/2025 20:00;1.0723
14/08/2025 20:15;1.0375
14/08/2025 20:30;1.0136
14/08/2025 20:45;1.0522
14/08/2025 21:00;0.8821
14/08/2025 21:15;0.9191
14/08/2025 21:30;0.9059
14/08/2025 21:45;0.9437
14/08/2025 22:00;0.6089
14/08/2025 22:15;0.6137
14/08/2025 22:30;0.6231
14/08/2025 22:45;0.6080
14/08/2025 23:00;0.4212
14/08/2025 23:15;0.3991
14/08/2025 23:30;0.4009
14/08/2025 23:45;0.4169
15/08/2025 00:00;0.3533
15/08/2025 00:15;0.3534
15/08/2025 00:30;0.3572
15/08/2025 00:45;0.3546
15/08/2025 01:00;0.3094
15/08/2025 01:15;0.3015
15/08/2025 01:30;0.3060
15/08/2025 01:45;0.3056
15/08/2025 02:00;0.2948
15/08/2025 02:15;0.3010
15/08/2025 02:30;0.3024
15/08/2025 02:45;0.2986
15/08/2025 03:00;0.3087
15/08/2025 03:15;0.3058
15/08/2025 03:30;0.2940
15/08/2025 03:45;0.3017
15/08/2025 04:00;0.3292
15/08/2025 04:15;0.3258
15/08/2025 04:30;0.3304
15/08/2025 04:45;0.3322
15/08/2025 05:00;0.5032
15/08/2025 05:15;0.5084
15/08/2025 05:30;0.4928
15/08/2025 05:45;0.4944
15/08/2025 06:00;0.8632
15/08/2025 06:15;0.8567
15/08/2025 06:30;0.9249
15/08/2025 06:45;0.8380
15/08/2025 07:00;1.1182
15/08/2025 07:15;1.1303
15/08/2025 07:30;1.0593
15/08/2025 07:45;1.0993
15/08/2025 08:00;0.8129
15/08/2025 08:15;0.7711
15/08/2025 08:30;0.7448
15/08/2025 08:45;0.8025
15/08/2025 09:00;0.5875
15/08/2025 09:15;0.5901
15/08/2025 09:30;0.5987
15/08/2025 09:45;0.5733
15/08/2025 10:00;0.5668
15/08/2025 10:15;0.5536
15/08/2025 10:30;0.5678
15/08/2025 10:45;0.5515
15/08/2025 11:00;0.5867
15/08/2025 11:15;0.5771
15/08/2025 11:30;0.6230
15/08/2025 11:45;0.5951
15/08/2025 12:00;0.6135
15/08/2025 12:15;0.6204
15/08/2025 12:30;0.6104
15/08/2025 12:45;0.6271
15/08/2025 13:00;0.5764
15/08/2025 13:15;0.5784
15/08/2025 13:30;0.5831
15/08/2025 13:45;0.5490
15/08/2025 14:00;0.5667
15/08/2025 14:15;0.5770
15/08/2025 14:30;0.5653
15/08/2025 14:45;0.5782
15/08/2025 15:00;0.6356
15/08/2025 15:15;0.5953
15/08/2025 15:30;0.6064
15/08/2025 15:45;0.6114
15/08/2025 16:00;0.6671
15/08/2025 16:15;0.6636
15/08/2025 16:30;0.6540
15/08/2025 16:45;0.6907
15/08/2025 17:00;0.8985
15/08/2025 17:15;0.9379
15/08/2025 17:30;0.8556
15/08/2025 17:45;0.9052
15/08/2025 18:00;1.1895
15/08/2025 18:15;1.1982
15/08/2025 18:30;1.2236
15/08/2025 18:45;1.1390
15/08/2025 19:00;1.2032
15/08/2025 19:15;1.2307
15/08/2025 19:30;1.2272
15/08/2025 19:45;1.1859
15/08/2025 20:00;1.0850
15/08/2025 20:15;1.1621
15/08/2025 20:30;1.0932
15/08/2025 20:45;1.1346
15/08/2025 21:00;0.9260
15/08/2025 21:15;0.9166
15/08/2025 21:30;0.8506
15/08/2025 21:45;0.9439
15/08/2025 22:00;0.5747
15/08/2025 22:15;0.6304
15/08/2025 22:30;0.6423
15/08/2025 22:45;0.6319
15/08/2025 23:00;0.4412
15/08/2025 23:15;0.4325
15/08/2025 23:30;0.4109
15/08/2025 23:45;0.4243
16/08/2025 00:00;0.3465
16/08/2025 00:15;0.3333
16/08/2025 00:30;0.3420
16/08/2025 00:45;0.3459
16/08/2025 01:00;0.3058
16/08/2025 01:15;0.3005
16/08/2025 01:30;0.2950
16/08/2025 01:45;0.3018
16/08/2025 02:00;0.2920
16/08/2025 02:15;0.2977
16/08/2025 02:30;0.2976
16/08/2025 02:45;0.2940
16/08/2025 03:00;0.2987
16/08/2025 03:15;0.2917
16/08/2025 03:30;0.2888
16/08/2025 03:45;0.2971
16/08/2025 04:00;0.3301
16/08/2025 04:15;0.3153
16/08/2025 04:30;0.3174
16/08/2025 04:45;0.3217
16/08/2025 05:00;0.4597
16/08/2025 05:15;0.4752
16/08/2025 05:30;0.4707
16/08/2025 05:45;0.4471
16/08/2025 06:00;0.8047
16/08/2025 06:15;0.8346
16/08/2025 06:30;0.7870
16/08/2025 06:45;0.8211
16/08/2025 07:00;0.9801
16/08/2025 07:15;0.9957
16/08/2025 07:30;0.9922
16/08/2025 07:45;1.0203
16/08/2025 08:00;0.7156
16/08/2025 08:15;0.7699
16/08/2025 08:30;0.7333
16/08/2025 08:45;0.7428
16/08/2025 09:00;0.5602
16/08/2025 09:15;0.5566
16/08/2025 09:30;0.5543
16/08/2025 09:45;0.5107
16/08/2025 10:00;0.5301
16/08/2025 10:15;0.5687
16/08/2025 10:30;0.5251
16/08/2025 10:45;0.5121
16/08/2025 11:00;0.5408
16/08/2025 11:15;0.5456
16/08/2025 11:30;0.5794
16/08/2025 11:45;0.5317
16/08/2025 12:00;0.6337
16/08/2025 12:15;0.5852
16/08/2025 12:30;0.5809
16/08/2025 12:45;0.5766
16/08/2025 13:00;0.5324
16/08/2025 13:15;0.5311
16/08/2025 13:30;0.5629
16/08/2025 13:45;0.5559
16/08/2025 14:00;0.5531
16/08/2025 14:15;0.5194
16/08/2025 14:30;0.5398
16/08/2025 14:45;0.5341
16/08/2025 15:00;0.5527
16/08/2025 15:15;0.5667
16/08/2025 15:30;0.5816
16/08/2025 15:45;0.5482
16/08/2025 16:00;0.6167
16/08/2025 16:15;0.6401
16/08/2025 16:30;0.5860
16/08/2025 16:45;0.6621
16/08/2025 17:00;0.7899
16/08/2025 17:15;0.8470
16/08/2025 17:30;0.8808
16/08/2025 17:45;0.8571
16/08/2025 18:00;1.1315
16/08/2025 18:15;1.1001
16/08/2025 18:30;1.0993
16/08/2025 18:45;1.1146
16/08/2025 19:00;1.1527
16/08/2025 19:15;1.1176
16/08/2025 19:30;1.1240
16/08/2025 19:45;1.1844
16/08/2025 20:00;0.9848
16/08/2025 20:15;1.0297
16/08/2025 20:30;1.0410
16/08/2025 20:45;1.0241
16/08/2025 21:00;0.8372
16/08/2025 21:15;0.8325
16/08/2025 21:30;0.8764
16/08/2025 21:45;0.8674
16/08/2025 22:00;0.5985
16/08/2025 22:15;0.6091
16/08/2025 22:30;0.5726
16/08/2025 22:45;0.5878
16/08/2025 23:00;0.4041
16/08/2025 23:15;0.4069
16/08/2025 23:30;0.4034
16/08/2025 23:45;0.3852
17/08/2025 00:00;0.3236
17/08/2025 00:15;0.3368
17/08/2025 00:30;0.3277
17/08/2025 00:45;0.3331
17/08/2025 01:00;0.2990
17/08/2025 01:15;0.2929
17/08/2025 01:30;0.2927
17/08/2025 01:45;0.2935
17/08/2025 02:00;0.2916
17/08/2025 02:15;0.2946
17/08/2025 02:30;0.2863
17/08/2025 02:45;0.2905
17/08/2025 03:00;0.2899
17/08/2025 03:15;0.2884
17/08/2025 03:30;0.2872
17/08/2025 03:45;0.2873
17/08/2025 04:00;0.3174
17/08/2025 04:15;0.3089
17/08/2025 04:30;0.3264
17/08/2025 04:45;0.3156
17/08/2025 05:00;0.4590
17/08/2025 05:15;0.4521
17/08/2025 05:30;0.4591
17/08/2025 05:45;0.4609
17/08/2025 06:00;0.7565
17/08/2025 06:15;0.8369
17/08/2025 06:30;0.7589
17/08/2025 06:45;0.7425
17/08/2025 07:00;0.9353
17/08/2025 07:15;0.9224
17/08/2025 07:30;0.9067
17/08/2025 07:45;1.0041
17/08/2025 08:00;0.7056
17/08/2025 08:15;0.7255
17/08/2025 08:30;0.7216
17/08/2025 08:45;0.7068
17/08/2025 09:00;0.5288
17/08/2025 09:15;0.5334
17/08/2025 09:30;0.5566
17/08/2025 09:45;0.5608
17/08/2025 10:00;0.5106
17/08/2025 10:15;0.5324
17/08/2025 10:30;0.5052
17/08/2025 10:45;0.4838
17/08/2025 11:00;0.5319
17/08/2025 11:15;0.5654
17/08/2025 11:30;0.5456
17/08/2025 11:45;0.5595
17/08/2025 12:00;0.5765
17/08/2025 12:15;0.5552
17/08/2025 12:30;0.5465
17/08/2025 12:45;0.5594
17/08/2025 13:00;0.5456
17/08/2025 13:15;0.5395
17/08/2025 13:30;0.5381
17/08/2025 13:45;0.5281
17/08/2025 14:00;0.5249
17/08/2025 14:15;0.5052
17/08/2025 14:30;0.5177
17/08/2025 14:45;0.4828
17/08/2025 15:00;0.5395
17/08/2025 15:15;0.5193
17/08/2025 15:30;0.5206
17/08/2025 15:45;0.5511
17/08/2025 16:00;0.6316
17/08/2025 16:15;0.6030
17/08/2025 16:30;0.5956
17/08/2025 16:45;0.6232
17/08/2025 17:00;0.7966
17/08/2025 17:15;0.7632
17/08/2025 17:30;0.8171
17/08/2025 17:45;0.8445
17/08/2025 18:00;1.0371
17/08/2025 18:15;0.9877
17/08/2025 18:30;1.0576
17/08/2025 18:45;1.0345
17/08/2025 19:00;1.1043
17/08/2025 19:15;1.1194
17/08/2025 19:30;1.0984
17/08/2025 19:45;1.0995
17/08/2025 20:00;1.0300
17/08/2025 20:15;0.9771
17/08/2025 20:30;0.9931
17/08/2025 20:45;0.9774
17/08/2025 21:00;0.8509
17/08/2025 21:15;0.8597
17/08/2025 21:30;0.8193
17/08/2025 21:45;0.8470
17/08/2025 22:00;0.5791
17/08/2025 22:15;0.5722
17/08/2025 22:30;0.5915
17/08/2025 22:45;0.5726
17/08/2025 23:00;0.3910
17/08/2025 23:15;0.4048
17/08/2025 23:30;0.3922
17/08/2025 23:45;0.3999
18/08/2025 00:00;0.3611
18/08/2025 00:15;0.3495
18/08/2025 00:30;0.3610
18/08/2025 00:45;0.3631
18/08/2025 01:00;0.3166
18/08/2025 01:15;0.3212
18/08/2025 01:30;0.3192
18/08/2025 01:45;0.3150
18/08/2025 02:00;0.3106
18/08/2025 02:15;0.3051
18/08/2025 02:30;0.3058
18/08/2025 02:45;0.3104
18/08/2025 03:00;0.3175
18/08/2025 03:15;0.3070
18/08/2025 03:30;0.3218
18/08/2025 03:45;0.3106
18/08/2025 04:00;0.3397
18/08/2025 04:15;0.3436
18/08/2025 04:30;0.3423
18/08/2025 04:45;0.3415
18/08/2025 05:00;0.4985
18/08/2025 05:15;0.5092
18/08/2025 05:30;0.5083
18/08/2025 05:45;0.5213
18/08/2025 06:00;0.8783
18/08/2025 06:15;0.9117
18/08/2025 06:30;0.8730
18/08/2025 06:45;0.8948
18/08/2025 07:00;1.1817
18/08/2025 07:15;1.1289
18/08/2025 07:30;1.0702
18/08/2025 07:45;1.0936
18/08/2025 08:00;0.7745
18/08/2025 08:15;0.8549
18/08/2025 08:30;0.7880
18/08/2025 08:45;0.8191
18/08/2025 09:00;0.6122
18/08/2025 09:15;0.5751
18/08/2025 09:30;0.6185
18/08/2025 09:45;0.5930
18/08/2025 10:00;0.5815
18/08/2025 10:15;0.5818
18/08/2025 10:30;0.5710
18/08/2025 10:45;0.5548
18/08/2025 11:00;0.6031
18/08/2025 11:15;0.6065
18/08/2025 11:30;0.5863
18/08/2025 11:45;0.5940
18/08/2025 12:00;0.6163
18/08/2025 12:15;0.5959
18/08/2025 12:30;0.6479
18/08/2025 12:45;0.6223
18/08/2025 13:00;0.6032
18/08/2025 13:15;0.5880
18/08/2025 13:30;0.5900
18/08/2025 13:45;0.6154
18/08/2025 14:00;0.5707
18/08/2025 14:15;0.5535
18/08/2025 14:30;0.5688
18/08/2025 14:45;0.5564
18/08/2025 15:00;0.6029
18/08/2025 15:15;0.5653
18/08/2025 15:30;0.5661
18/08/2025 15:45;0.6236
18/08/2025 16:00;0.7022
18/08/2025 16:15;0.6876
18/08/2025 16:30;0.6707
18/08/2025 16:45;0.6808
18/08/2025 17:00;0.9180
18/08/2025 17:15;0.9076
18/08/2025 17:30;0.9404
18/08/2025 17:45;0.8811
18/08/2025 18:00;1.2898
18/08/2025 18:15;1.1945
18/08/2025 18:30;1.1787
18/08/2025 18:45;1.1306
18/08/2025 19:00;1.3173
18/08/2025 19:15;1.2943
18/08/2025 19:30;1.3094
18/08/2025 19:45;1.2977
18/08/2025 20:00;1.1013
18/08/2025 20:15;1.1986
18/08/2025 20:30;1.1797
18/08/2025 20:45;1.1246
18/08/2025 21:00;0.9402
18/08/2025 21:15;0.8731
18/08/2025 21:30;0.9617
18/08/2025 21:45;1.0052
18/08/2025 22:00;0.6556
18/08/2025 22:15;0.6666
18/08/2025 22:30;0.6736
18/08/2025 22:45;0.6513
18/08/2025 23:00;0.4327
18/08/2025 23:15;0.4301
18/08/2025 23:30;0.4367
18/08/2025 23:45;0.4264
19/08/2025 00:00;0.3711
19/08/2025 00:15;0.3700
19/08/2025 00:30;0.3594
19/08/2025 00:45;0.3602
19/08/2025 01:00;0.3288
19/08/2025 01:15;0.3295
19/08/2025 01:30;0.3433
19/08/2025 01:45;0.3290
19/08/2025 02:00;0.3172
19/08/2025 02:15;0.3201
19/08/2025 02:30;0.3204
19/08/2025 02:45;0.3168
19/08/2025 03:00;0.3202
19/08/2025 03:15;0.3224
19/08/2025 03:30;0.3206
19/08/2025 03:45;0.3232
19/08/2025 04:00;0.3549
19/08/2025 04:15;0.3513
19/08/2025 04:30;0.3453
19/08/2025 04:45;0.3463
19/08/2025 05:00;0.5060
19/08/2025 05:15;0.5177
19/08/2025 05:30;0.4989
19/08/2025 05:45;0.5270
19/08/2025 06:00;0.8929
19/08/2025 06:15;0.8864
19/08/2025 06:30;0.8968
19/08/2025 06:45;0.8919
19/08/2025 07:00;1.1127
19/08/2025 07:15;1.0722
19/08/2025 07:30;1.0903
19/08/2025 07:45;1.1423
19/08/2025 08:00;0.8442
19/08/2025 08:15;0.8240
19/08/2025 08:30;0.8154
19/08/2025 08:45;0.8658
19/08/2025 09:00;0.5785
19/08/2025 09:15;0.6358
19/08/2025 09:30;0.6286
19/08/2025 09:45;0.6304
19/08/2025 10:00;0.5966
19/08/2025 10:15;0.6093
19/08/2025 10:30;0.5858
19/08/2025 10:45;0.5718
19/08/2025 11:00;0.6107
19/08/2025 11:15;0.5892
19/08/2025 11:30;0.6258
19/08/2025 11:45;0.6239
19/08/2025 12:00;0.6604
19/08/2025 12:15;0.6657
19/08/2025 12:30;0.6078
19/08/2025 12:45;0.6482
19/08/2025 13:00;0.6250
19/08/2025 13:15;0.6091
19/08/2025 13:30;0.6089
19/08/2025 13:45;0.5860
19/08/2025 14:00;0.5870
19/08/2025 14:15;0.6155
19/08/2025 14:30;0.5868
19/08/2025 14:45;0.5852
19/08/2025 15:00;0.6373
19/08/2025 15:15;0.6051
19/08/2025 15:30;0.6032
19/08/2025 15:45;0.6098
19/08/2025 16:00;0.7173
19/08/2025 16:15;0.7185
19/08/2025 16:30;0.7071
19/08/2025 16:45;0.7079
19/08/2025 17:00;0.9341
19/08/2025 17:15;0.9313
19/08/2025 17:30;0.9563
19/08/2025 17:45;0.9763
19/08/2025 18:00;1.2860
19/08/2025 18:15;1.2580
19/08/2025 18:30;1.2150
19/08/2025 18:45;1.2382
19/08/2025 19:00;1.2786
19/08/2025 19:15;1.3022
19/08/2025 19:30;1.3012
19/08/2025 19:45;1.2182
19/08/2025 20:00;1.1861
19/08/2025 20:15;1.2348
19/08/2025 20:30;1.1248
19/08/2025 20:45;1.2054
19/08/2025 21:00;0.8967
19/08/2025 21:15;0.9830
19/08/2025 21:30;0.9637
19/08/2025 21:45;0.9988
19/08/2025 22:00;0.6514
19/08/2025 22:15;0.6848
19/08/2025 22:30;0.6699
19/08/2025 22:45;0.6356
19/08/2025 23:00;0.4348
19/08/2025 23:15;0.4408
19/08/2025 23:30;0.4473
19/08/2025 23:45;0.4438
20/08/2025 00:00;0.3306
20/08/2025 00:15;0.3301
20/08/2025 00:30;0.3093
20/08/2025 00:45;0.3228
20/08/2025 01:00;0.2838
20/08/2025 01:15;0.2778
20/08/2025 01:30;0.2787
20/08/2025 01:45;0.2912
20/08/2025 02:00;0.2679
20/08/2025 02:15;0.2748
20/08/2025 02:30;0.2750
20/08/2025 02:45;0.2722
20/08/2025 03:00;0.2698
20/08/2025 03:15;0.2694
20/08/2025 03:30;0.2755
20/08/2025 03:45;0.2746
20/08/2025 04:00;0.2953
20/08/2025 04:15;0.2951
20/08/2025 04:30;0.2983
20/08/2025 04:45;0.2955
20/08/2025 05:00;0.4527
20/08/2025 05:15;0.4323
20/08/2025 05:30;0.4465
20/08/2025 05:45;0.4412
20/08/2025 06:00;0.7160
20/08/2025 06:15;0.8059
20/08/2025 06:30;0.7851
20/08/2025 06:45;0.7506
20/08/2025 07:00;0.9686
20/08/2025 07:15;0.9674
20/08/2025 07:30;0.9673
20/08/2025 07:45;1.0149
20/08/2025 08:00;0.6968
20/08/2025 08:15;0.7409
20/08/2025 08:30;0.7343
20/08/2025 08:45;0.7070
20/08/2025 09:00;0.5071
20/08/2025 09:15;0.5302
20/08/2025 09:30;0.5584
20/08/2025 09:45;0.5256
20/08/2025 10:00;0.5107
20/08/2025 10:15;0.5043
20/08/2025 10:30;0.5268
20/08/2025 10:45;0.5144
20/08/2025 11:00;0.5431
20/08/2025 11:15;0.5591
20/08/2025 11:30;0.5248
20/08/2025 11:45;0.5245
20/08/2025 12:00;0.5672
20/08/2025 12:15;0.5081
20/08/2025 12:30;0.5685
20/08/2025 12:45;0.5731
20/08/2025 13:00;0.4990
20/08/2025 13:15;0.5348
20/08/2025 13:30;0.5295
20/08/2025 13:45;0.5680
20/08/2025 14:00;0.5123
20/08/2025 14:15;0.5161
20/08/2025 14:30;0.5337
20/08/2025 14:45;0.5101
20/08/2025 15:00;0.5513
20/08/2025 15:15;0.5135
20/08/2025 15:30;0.5201
20/08/2025 15:45;0.5478
20/08/2025 16:00;0.6304
20/08/2025 16:15;0.5783
20/08/2025 16:30;0.6011
20/08/2025 16:45;0.6054
20/08/2025 17:00;0.7707
20/08/2025 17:15;0.8679
20/08/2025 17:30;0.7929
20/08/2025 17:45;0.7879
20/08/2025 18:00;1.0405
20/08/2025 18:15;1.1101
20/08/2025 18:30;1.1017
20/08/2025 18:45;1.0932
20/08/2025 19:00;1.1199
20/08/2025 19:15;1.0529
20/08/2025 19:30;1.1607
20/08/2025 19:45;1.0458
20/08/2025 20:00;0.9587
20/08/2025 20:15;1.0679
20/08/2025 20:30;1.0783
20/08/2025 20:45;1.0277
20/08/2025 21:00;0.8326
20/08/2025 21:15;0.8494
20/08/2025 21:30;0.8463
20/08/2025 21:45;0.7812
20/08/2025 22:00;0.5536
20/08/2025 22:15;0.5463
20/08/2025 22:30;0.5900
20/08/2025 22:45;0.5669
20/08/2025 23:00;0.3951
20/08/2025 23:15;0.3784
20/08/2025 23:30;0.3859
20/08/2025 23:45;0.3840
21/08/2025 00:00;0.3347
21/08/2025 00:15;0.3308
21/08/2025 00:30;0.3345
21/08/2025 00:45;0.3314
21/08/2025 01:00;0.2992
21/08/2025 01:15;0.2951
21/08/2025 01:30;0.2970
21/08/2025 01:45;0.2967
21/08/2025 02:00;0.2802
21/08/2025 02:15;0.2850
21/08/2025 02:30;0.2856
21/08/2025 02:45;0.2957
21/08/2025 03:00;0.2922
21/08/2025 03:15;0.2856
21/08/2025 03:30;0.2920
21/08/2025 03:45;0.2869
21/08/2025 04:00;0.3119
21/08/2025 04:15;0.3116
21/08/2025 04:30;0.3137
21/08/2025 04:45;0.3174
21/08/2025 05:00;0.4641
21/08/2025 05:15;0.4726
21/08/2025 05:30;0.4638
21/08/2025 05:45;0.4740
21/08/2025 06:00;0.8067
21/08/2025 06:15;0.8367
21/08/2025 06:30;0.8161
21/08/2025 06:45;0.7850
21/08/2025 07:00;0.9667
21/08/2025 07:15;1.0505
21/08/2025 07:30;1.0160
21/08/2025 07:45;1.0379
21/08/2025 08:00;0.7104
21/08/2025 08:15;0.7769
21/08/2025 08:30;0.7552
21/08/2025 08:45;0.7552
21/08/2025 09:00;0.5611
21/08/2025 09:15;0.5884
21/08/2025 09:30;0.5806
21/08/2025 09:45;0.5640
21/08/2025 10:00;0.5238
21/08/2025 10:15;0.5494
21/08/2025 10:30;0.5490
21/08/2025 10:45;0.5562
21/08/2025 11:00;0.5444
21/08/2025 11:15;0.5351
21/08/2025 11:30;0.5596
21/08/2025 11:45;0.5668
21/08/2025 12:00;0.5872
21/08/2025 12:15;0.5974
21/08/2025 12:30;0.5849
21/08/2025 12:45;0.6085
21/08/2025 13:00;0.5651
21/08/2025 13:15;0.5652
21/08/2025 13:30;0.5762
21/08/2025 13:45;0.5652
21/08/2025 14:00;0.5229
21/08/2025 14:15;0.5233
21/08/2025 14:30;0.5417
21/08/2025 14:45;0.5565
21/08/2025 15:00;0.5751
21/08/2025 15:15;0.5479
21/08/2025 15:30;0.5597
21/08/2025 15:45;0.5685
21/08/2025 16:00;0.6675
21/08/2025 16:15;0.6307
21/08/2025 16:30;0.6244
21/08/2025 16:45;0.6090
21/08/2025 17:00;0.8853
21/08/2025 17:15;0.8747
21/08/2025 17:30;0.9003
21/08/2025 17:45;0.8811
21/08/2025 18:00;1.1704
21/08/2025 18:15;1.1676
21/08/2025 18:30;1.1045
21/08/2025 18:45;1.1118
21/08/2025 19:00;1.1493
21/08/2025 19:15;1.2638
21/08/2025 19:30;1.1544
21/08/2025 19:45;1.2311
21/08/2025 20:00;1.0626
21/08/2025 20:15;1.1453
21/08/2025 20:30;1.1040
21/08/2025 20:45;1.0103
21/08/2025 21:00;0.8690
21/08/2025 21:15;0.8535
21/08/2025 21:30;0.8370
21/08/2025 21:45;0.8717
21/08/2025 22:00;0.6150
21/08/2025 22:15;0.6164
21/08/2025 22:30;0.6225
21/08/2025 22:45;0.6265
21/08/2025 23:00;0.4228
21/08/2025 23:15;0.3995
21/08/2025 23:30;0.4048
21/08/2025 23:45;0.4116
22/08/2025 00:00;0.3215
22/08/2025 00:15;0.3274
22/08/2025 00:30;0.3255
22/08/2025 00:45;0.3290
22/08/2025 01:00;0.2892
22/08/2025 01:15;0.2918
22/08/2025 01:30;0.2944
22/08/2025 01:45;0.2914
22/08/2025 02:00;0.2776
22/08/2025 02:15;0.2749
22/08/2025 02:30;0.2808
22/08/2025 02:45;0.2761
22/08/2025 03:00;0.2821
22/08/2025 03:15;0.2852
22/08/2025 03:30;0.2838
22/08/2025 03:45;0.2816
22/08/2025 04:00;0.3057
22/08/2025 04:15;0.3014
22/08/2025 04:30;0.3033
22/08/2025 04:45;0.2973
22/08/2025 05:00;0.4519
22/08/2025 05:15;0.4576
22/08/2025 05:30;0.4661
22/08/2025 05:45;0.4489
22/08/2025 06:00;0.8282
22/08/2025 06:15;0.7741
22/08/2025 06:30;0.8133
22/08/2025 06:45;0.7289
22/08/2025 07:00;0.9838
22/08/2025 07:15;0.9692
22/08/2025 07:30;1.0325
22/08/2025 07:45;0.9669
22/08/2025 08:00;0.7644
22/08/2025 08:15;0.7837
22/08/2025 08:30;0.7484
22/08/2025 08:45;0.7879
22/08/2025 09:00;0.5821
22/08/2025 09:15;0.5507
22/08/2025 09:30;0.5378
22/08/2025 09:45;0.5613
22/08/2025 10:00;0.5179
22/08/2025 10:15;0.5107
22/08/2025 10:30;0.5130
22/08/2025 10:45;0.5374
22/08/2025 11:00;0.5495
22/08/2025 11:15;0.5580
22/08/2025 11:30;0.5554
22/08/2025 11:45;0.5771
22/08/2025 12:00;0.5582
22/08/2025 12:15;0.5813
22/08/2025 12:30;0.5871
22/08/2025 12:45;0.5852
22/08/2025 13:00;0.5450
22/08/2025 13:15;0.5680
22/08/2025 13:30;0.5713
22/08/2025 13:45;0.5459
22/08/2025 14:00;0.5258
22/08/2025 14:15;0.5283
22/08/2025 14:30;0.5389
22/08/2025 14:45;0.5150
22/08/2025 15:00;0.5905
22/08/2025 15:15;0.5488
22/08/2025 15:30;0.5312
22/08/2025 15:45;0.5323
22/08/2025 16:00;0.6433
22/08/2025 16:15;0.5981
22/08/2025 16:30;0.6117
22/08/2025 16:45;0.6598
22/08/2025 17:00;0.8407
22/08/2025 17:15;0.8124
22/08/2025 17:30;0.8661
22/08/2025 17:45;0.8796
22/08/2025 18:00;1.1180
22/08/2025 18:15;1.1075
22/08/2025 18:30;1.1025
22/08/2025 18:45;1.1174
22/08/2025 19:00;1.2283
22/08/2025 19:15;1.2129
22/08/2025 19:30;1.1569
22/08/2025 19:45;1.1659
22/08/2025 20:00;1.0456
22/08/2025 20:15;1.0609
22/08/2025 20:30;1.0169
22/08/2025 20:45;0.9549
22/08/2025 21:00;0.8353
22/08/2025 21:15;0.8709
22/08/2025 21:30;0.8666
22/08/2025 21:45;0.8670
22/08/2025 22:00;0.5762
22/08/2025 22:15;0.5659
22/08/2025 22:30;0.5890
22/08/2025 22:45;0.5800
22/08/2025 23:00;0.3857
22/08/2025 23:15;0.4030
22/08/2025 23:30;0.3945
22/08/2025 23:45;0.3925
23/08/2025 00:00;0.3170
23/08/2025 00:15;0.3163
23/08/2025 00:30;0.3211
23/08/2025 00:45;0.3262
23/08/2025 01:00;0.2932
23/08/2025 01:15;0.2943
23/08/2025 01:30;0.2950
23/08/2025 01:45;0.2856
23/08/2025 02:00;0.2830
23/08/2025 02:15;0.2796
23/08/2025 02:30;0.2851
23/08/2025 02:45;0.2814
23/08/2025 03:00;0.2868
23/08/2025 03:15;0.2838
23/08/2025 03:30;0.2812
23/08/2025 03:45;0.2843
23/08/2025 04:00;0.3084
23/08/2025 04:15;0.3073
23/08/2025 04:30;0.3016
23/08/2025 04:45;0.3082
23/08/2025 05:00;0.4630
23/08/2025 05:15;0.4408
23/08/2025 05:30;0.4390
23/08/2025 05:45;0.4487
23/08/2025 06:00;0.7548
23/08/2025 06:15;0.7188
23/08/2025 06:30;0.8246
23/08/2025 06:45;0.7504
23/08/2025 07:00;0.9878
23/08/2025 07:15;0.9615
23/08/2025 07:30;1.0040
23/08/2025 07:45;0.9825
23/08/2025 08:00;0.7442
23/08/2025 08:15;0.7078
23/08/2025 08:30;0.7107
23/08/2025 08:45;0.6741
23/08/2025 09:00;0.5447
23/08/2025 09:15;0.5393
23/08/2025 09:30;0.5435
23/08/2025 09:45;0.5202
23/08/2025 10:00;0.5208
23/08/2025 10:15;0.5139
23/08/2025 10:30;0.5071
23/08/2025 10:45;0.5067
23/08/2025 11:00;0.5382
23/08/2025 11:15;0.5258
23/08/2025 11:30;0.5180
23/08/2025 11:45;0.5418
23/08/2025 12:00;0.5429
23/08/2025 12:15;0.5785
23/08/2025 12:30;0.5855
23/08/2025 12:45;0.5719
23/08/2025 13:00;0.5267
23/08/2025 13:15;0.5340
23/08/2025 13:30;0.5400
23/08/2025 13:45;0.5402
23/08/2025 14:00;0.5273
23/08/2025 14:15;0.5114
23/08/2025 14:30;0.5089
23/08/2025 14:45;0.5123
23/08/2025 15:00;0.5750
23/08/2025 15:15;0.5343
23/08/2025 15:30;0.5408
23/08/2025 15:45;0.5574
23/08/2025 16:00;0.6118
23/08/2025 16:15;0.5838
23/08/2025 16:30;0.5901
23/08/2025 16:45;0.6266
23/08/2025 17:00;0.8040
23/08/2025 17:15;0.8180
23/08/2025 17:30;0.8305
23/08/2025 17:45;0.7697
23/08/2025 18:00;0.9882
23/08/2025 18:15;1.0963
23/08/2025 18:30;1.0358
23/08/2025 18:45;1.0227
23/08/2025 19:00;1.1681
23/08/2025 19:15;1.1275
23/08/2025 19:30;1.1850
23/08/2025 19:45;1.1584
23/08/2025 20:00;0.9959
23/08/2025 20:15;1.0228
23/08/2025 20:30;1.0292
23/08/2025 20:45;1.0274
23/08/2025 21:00;0.8260
23/08/2025 21:15;0.8397
23/08/2025 21:30;0.8442
23/08/2025 21:45;0.8236
23/08/2025 22:00;0.5764
23/08/2025 22:15;0.5713
23/08/2025 22:30;0.5737
23/08/2025 22:45;0.5786
23/08/2025 23:00;0.3827
23/08/2025 23:15;0.3886
23/08/2025 23:30;0.3856
23/08/2025 23:45;0.4022
24/08/2025 00:00;0.3250
24/08/2025 00:15;0.3201
24/08/2025 00:30;0.3177
24/08/2025 00:45;0.3216
24/08/2025 01:00;0.2936
24/08/2025 01:15;0.2887
24/08/2025 01:30;0.2788
24/08/2025 01:45;0.2865
24/08/2025 02:00;0.2876
24/08/2025 02:15;0.2871
24/08/2025 02:30;0.2764
24/08/2025 02:45;0.2845
24/08/2025 03:00;0.2883
24/08/2025 03:15;0.2914
24/08/2025 03:30;0.2973
24/08/2025 03:45;0.2831
24/08/2025 04:00;0.3083
24/08/2025 04:15;0.3016
24/08/2025 04:30;0.3088
24/08/2025 04:45;0.3133
24/08/2025 05:00;0.4475
24/08/2025 05:15;0.4289
24/08/2025 05:30;0.4624
24/08/2025 05:45;0.4474
24/08/2025 06:00;0.7757
24/08/2025 06:15;0.8066
24/08/2025 06:30;0.7767
24/08/2025 06:45;0.7123
24/08/2025 07:00;0.9039
24/08/2025 07:15;0.9257
24/08/2025 07:30;0.9361
24/08/2025 07:45;0.9261
24/08/2025 08:00;0.6730
24/08/2025 08:15;0.6974
24/08/2025 08:30;0.7534
24/08/2025 08:45;0.6935
24/08/2025 09:00;0.5142
24/08/2025 09:15;0.5316
24/08/2025 09:30;0.5580
24/08/2025 09:45;0.5290
24/08/2025 10:00;0.5050
24/08/2025 10:15;0.5101
24/08/2025 10:30;0.5067
24/08/2025 10:45;0.4949
24/08/2025 11:00;0.5414
24/08/2025 11:15;0.5174
24/08/2025 11:30;0.5239
24/08/2025 11:45;0.5341
24/08/2025 12:00;0.5591
24/08/2025 12:15;0.5533
24/08/2025 12:30;0.5679
24/08/2025 12:45;0.5436
24/08/2025 13:00;0.5124
24/08/2025 13:15;0.5272
24/08/2025 13:30;0.5433
24/08/2025 13:45;0.5007
24/08/2025 14:00;0.5128
24/08/2025 14:15;0.5096
24/08/2025 14:30;0.5024
24/08/2025 14:45;0.5013
24/08/2025 15:00;0.5188
24/08/2025 15:15;0.5390
24/08/2025 15:30;0.5172
24/08/2025 15:45;0.5531
24/08/2025 16:00;0.6004
24/08/2025 16:15;0.5816
24/08/2025 16:30;0.5962
24/08/2025 16:45;0.6097
24/08/2025 17:00;0.7865
24/08/2025 17:15;0.8382
24/08/2025 17:30;0.7963
24/08/2025 17:45;0.8185
24/08/2025 18:00;0.9789
24/08/2025 18:15;0.9852
24/08/2025 18:30;1.0745
24/08/2025 18:45;1.0427
24/08/2025 19:00;1.0660
24/08/2025 19:15;1.1217
24/08/2025 19:30;1.0878
24/08/2025 19:45;1.0863
24/08/2025 20:00;0.9457
24/08/2025 20:15;1.0157
24/08/2025 20:30;0.9469
24/08/2025 20:45;0.8914
24/08/2025 21:00;0.7901
24/08/2025 21:15;0.8363
24/08/2025 21:30;0.8109
24/08/2025 21:45;0.8515
24/08/2025 22:00;0.5817
24/08/2025 22:15;0.5484
24/08/2025 22:30;0.5670
24/08/2025 22:45;0.5705
24/08/2025 23:00;0.3890
24/08/2025 23:15;0.3868
24/08/2025 23:30;0.3907
24/08/2025 23:45;0.3703
25/08/2025 00:00;0.3026
25/08/2025 00:15;0.3086
25/08/2025 00:30;0.3049
25/08/2025 00:45;0.3112
25/08/2025 01:00;0.2764
25/08/2025 01:15;0.2687
25/08/2025 01:30;0.2699
25/08/2025 01:45;0.2722
25/08/2025 02:00;0.2614
25/08/2025 02:15;0.2618
25/08/2025 02:30;0.2644
25/08/2025 02:45;0.2591
25/08/2025 03:00;0.2676
25/08/2025 03:15;0.2614
25/08/2025 03:30;0.2695
25/08/2025 03:45;0.2625
25/08/2025 04:00;0.2842
25/08/2025 04:15;0.2773
25/08/2025 04:30;0.2847
25/08/2025 04:45;0.2795
25/08/2025 05:00;0.4295
25/08/2025 05:15;0.4146
25/08/2025 05:30;0.4254
25/08/2025 05:45;0.4475
25/08/2025 06:00;0.7596
25/08/2025 06:15;0.7110
25/08/2025 06:30;0.7644
25/08/2025 06:45;0.7343
25/08/2025 07:00;0.9362
25/08/2025 07:15;0.9035
25/08/2025 07:30;0.9766
25/08/2025 07:45;0.9686
25/08/2025 08:00;0.7376
25/08/2025 08:15;0.6772
25/08/2025 08:30;0.7141
25/08/2025 08:45;0.6882
25/08/2025 09:00;0.5190
25/08/2025 09:15;0.5074
25/08/2025 09:30;0.4872
25/08/2025 09:45;0.5087
25/08/2025 10:00;0.4692
25/08/2025 10:15;0.4802
25/08/2025 10:30;0.4892
25/08/2025 10:45;0.4843
25/08/2025 11:00;0.5257
25/08/2025 11:15;0.5135
25/08/2025 11:30;0.5091
25/08/2025 11:45;0.5088
25/08/2025 12:00;0.5458
25/08/2025 12:15;0.5424
25/08/2025 12:30;0.5412
25/08/2025 12:45;0.5415
25/08/2025 13:00;0.5136
25/08/2025 13:15;0.5145
25/08/2025 13:30;0.5110
25/08/2025 13:45;0.5151
25/08/2025 14:00;0.5054
25/08/2025 14:15;0.4883
25/08/2025 14:30;0.4888
25/08/2025 14:45;0.4891
25/08/2025 15:00;0.5048
25/08/2025 15:15;0.5168
25/08/2025 15:30;0.5263
25/08/2025 15:45;0.4832
25/08/2025 16:00;0.5681
25/08/2025 16:15;0.5845
25/08/2025 16:30;0.5833
25/08/2025 16:45;0.5864
25/08/2025 17:00;0.7681
25/08/2025 17:15;0.8060
25/08/2025 17:30;0.7889
25/08/2025 17:45;0.8140
25/08/2025 18:00;1.0376
25/08/2025 18:15;1.0542
25/08/2025 18:30;0.9957
25/08/2025 18:45;1.0234
25/08/2025 19:00;1.0118
25/08/2025 19:15;1.0823
25/08/2025 19:30;1.1241
25/08/2025 19:45;1.1472
25/08/2025 20:00;0.9553
25/08/2025 20:15;1.0154
25/08/2025 20:30;0.9929
25/08/2025 20:45;0.9621
25/08/2025 21:00;0.7967
25/08/2025 21:15;0.7743
25/08/2025 21:30;0.7677
25/08/2025 21:45;0.7912
25/08/2025 22:00;0.5363
25/08/2025 22:15;0.5718
25/08/2025 22:30;0.5509
25/08/2025 22:45;0.5853
25/08/2025 23:00;0.3780
25/08/2025 23:15;0.3807
25/08/2025 23:30;0.3619
25/08/2025 23:45;0.3627
26/08/2025 00:00;0.3190
26/08/2025 00:15;0.3267
26/08/2025 00:30;0.3275
26/08/2025 00:45;0.3129
26/08/2025 01:00;0.2808
26/08/2025 01:15;0.2815
26/08/2025 01:30;0.2838
26/08/2025 01:45;0.2798
26/08/2025 02:00;0.2741
26/08/2025 02:15;0.2818
26/08/2025 02:30;0.2742
26/08/2025 02:45;0.2785
26/08/2025 03:00;0.2678
26/08/2025 03:15;0.2720
26/08/2025 03:30;0.2647
26/08/2025 03:45;0.2749
26/08/2025 04:00;0.3013
26/08/2025 04:15;0.2936
26/08/2025 04:30;0.2962
26/08/2025 04:45;0.2967
26/08/2025 05:00;0.4462
26/08/2025 05:15;0.4460
26/08/2025 05:30;0.4325
26/08/2025 05:45;0.4287
26/08/2025 06:00;0.7925
26/08/2025 06:15;0.7990
26/08/2025 06:30;0.8288
26/08/2025 06:45;0.8652
26/08/2025 07:00;0.9623
26/08/2025 07:15;0.9715
26/08/2025 07:30;0.9978
26/08/2025 07:45;0.9686
26/08/2025 08:00;0.7088
26/08/2025 08:15;0.7256
26/08/2025 08:30;0.6999
26/08/2025 08:45;0.7151
26/08/2025 09:00;0.5434
26/08/2025 09:15;0.5552
26/08/2025 09:30;0.5300
26/08/2025 09:45;0.5257
26/08/2025 10:00;0.5021
26/08/2025 10:15;0.5002
26/08/2025 10:30;0.5104
26/08/2025 10:45;0.5242
26/08/2025 11:00;0.5156
26/08/2025 11:15;0.5492
26/08/2025 11:30;0.5418
26/08/2025 11:45;0.5046
26/08/2025 12:00;0.5950
26/08/2025 12:15;0.5456
26/08/2025 12:30;0.5719
26/08/2025 12:45;0.5613
26/08/2025 13:00;0.5339
26/08/2025 13:15;0.5196
26/08/2025 13:30;0.5129
26/08/2025 13:45;0.5163
26/08/2025 14:00;0.5297
26/08/2025 14:15;0.5305
26/08/2025 14:30;0.4833
26/08/2025 14:45;0.4976
26/08/2025 15:00;0.5202
26/08/2025 15:15;0.4948
26/08/2025 15:30;0.5632
26/08/2025 15:45;0.5276
26/08/2025 16:00;0.6102
26/08/2025 16:15;0.5944
26/08/2025 16:30;0.6188
26/08/2025 16:45;0.5937
26/08/2025 17:00;0.8449
26/08/2025 17:15;0.7927
26/08/2025 17:30;0.8536
26/08/2025 17:45;0.8097
26/08/2025 18:00;1.0137
26/08/2025 18:15;1.0878
26/08/2025 18:30;1.0847
26/08/2025 18:45;1.0346
26/08/2025 19:00;1.1297
26/08/2025 19:15;1.1246
26/08/2025 19:30;1.1176
26/08/2025 19:45;1.1506
26/08/2025 20:00;1.0105
26/08/2025 20:15;1.0554
26/08/2025 20:30;0.9932
26/08/2025 20:45;0.9522
26/08/2025 21:00;0.8298
26/08/2025 21:15;0.8239
26/08/2025 21:30;0.8474
26/08/2025 21:45;0.8521
26/08/2025 22:00;0.5559
26/08/2025 22:15;0.5691
26/08/2025 22:30;0.5938
26/08/2025 22:45;0.5538
26/08/2025 23:00;0.3724
26/08/2025 23:15;0.3991
26/08/2025 23:30;0.3939
26/08/2025 23:45;0.3821
27/08/2025 00:00;0.3357
27/08/2025 00:15;0.3151
27/08/2025 00:30;0.3207
27/08/2025 00:45;0.3228
27/08/2025 01:00;0.2837
27/08/2025 01:15;0.2904
27/08/2025 01:30;0.2976
27/08/2025 01:45;0.2904
27/08/2025 02:00;0.2884
27/08/2025 02:15;0.2817
27/08/2025 02:30;0.2845
27/08/2025 02:45;0.2727
27/08/2025 03:00;0.2872
27/08/2025 03:15;0.2814
27/08/2025 03:30;0.2890
27/08/2025 03:45;0.2853
27/08/2025 04:00;0.3149
27/08/2025 04:15;0.3069
27/08/2025 04:30;0.3015
27/08/2025 04:45;0.3140
27/08/2025 05:00;0.4686
27/08/2025 05:15;0.4632
27/08/2025 05:30;0.4524
27/08/2025 05:45;0.4495
27/08/2025 06:00;0.8416
27/08/2025 06:15;0.7631
27/08/2025 06:30;0.7980
27/08/2025 06:45;0.7864
27/08/2025 07:00;1.0762
27/08/2025 07:15;1.0179
27/08/2025 07:30;0.9870
27/08/2025 07:45;0.9929
27/08/2025 08:00;0.7625
27/08/2025 08:15;0.7795
27/08/2025 08:30;0.7709
27/08/2025 08:45;0.7715
27/08/2025 09:00;0.5514
27/08/2025 09:15;0.5585
27/08/2025 09:30;0.5607
27/08/2025 09:45;0.5430
27/08/2025 10:00;0.5427
27/08/2025 10:15;0.5453
27/08/2025 10:30;0.5316
27/08/2025 10:45;0.5261
27/08/2025 11:00;0.5447
27/08/2025 11:15;0.5541
27/08/2025 11:30;0.5806
27/08/2025 11:45;0.5459
27/08/2025 12:00;0.5751
27/08/2025 12:15;0.5785
27/08/2025 12:30;0.5716
27/08/2025 12:45;0.5875
27/08/2025 13:00;0.5448
27/08/2025 13:15;0.5570
27/08/2025 13:30;0.5493
27/08/2025 13:45;0.5355
27/08/2025 14:00;0.5347
27/08/2025 14:15;0.5387
27/08/2025 14:30;0.5192
27/08/2025 14:45;0.5368
27/08/2025 15:00;0.5605
27/08/2025 15:15;0.5396
27/08/2025 15:30;0.5448
27/08/2025 15:45;0.5435
27/08/2025 16:00;0.6355
27/08/2025 16:15;0.6126
27/08/2025 16:30;0.5938
27/08/2025 16:45;0.6171
27/08/2025 17:00;0.8058
27/08/2025 17:15;0.8676
27/08/2025 17:30;0.9172
27/08/2025 17:45;0.8980
27/08/2025 18:00;1.1410
27/08/2025 18:15;1.1157
27/08/2025 18:30;1.1006
27/08/2025 18:45;1.1070
27/08/2025 19:00;1.1752
27/08/2025 19:15;1.2321
27/08/2025 19:30;1.1186
27/08/2025 19:45;1.0930
27/08/2025 20:00;1.0129
27/08/2025 20:15;1.0754
27/08/2025 20:30;1.0708
27/08/2025 20:45;1.0155
27/08/2025 21:00;0.7985
27/08/2025 21:15;0.8642
27/08/2025 21:30;0.8210
27/08/2025 21:45;0.8605
27/08/2025 22:00;0.6037
27/08/2025 22:15;0.5646
27/08/2025 22:30;0.5863
27/08/2025 22:45;0.5977
27/08/2025 23:00;0.4138
27/08/2025 23:15;0.3968
27/08/2025 23:30;0.4022
27/08/2025 23:45;0.4055
28/08/2025 00:00;0.3635
28/08/2025 00:15;0.3655
28/08/2025 00:30;0.3447
28/08/2025 00:45;0.3517
28/08/2025 01:00;0.3215
28/08/2025 01:15;0.3267
28/08/2025 01:30;0.3335
28/08/2025 01:45;0.3203
28/08/2025 02:00;0.3132
28/08/2025 02:15;0.3107
28/08/2025 02:30;0.3137
28/08/2025 02:45;0.3097
28/08/2025 03:00;0.3165
28/08/2025 03:15;0.3143
28/08/2025 03:30;0.3203
28/08/2025 03:45;0.3246
28/08/2025 04:00;0.3496
28/08/2025 04:15;0.3450
28/08/2025 04:30;0.3425
28/08/2025 04:45;0.3509
28/08/2025 05:00;0.5051
28/08/2025 05:15;0.5081
28/08/2025 05:30;0.4982
28/08/2025 05:45;0.5062
28/08/2025 06:00;0.9112
28/08/2025 06:15;0.9269
28/08/2025 06:30;0.9382
28/08/2025 06:45;0.8835
28/08/2025 07:00;1.1223
28/08/2025 07:15;1.0708
28/08/2025 07:30;1.0715
28/08/2025 07:45;1.1305
28/08/2025 08:00;0.8129
28/08/2025 08:15;0.8348
28/08/2025 08:30;0.8683
28/08/2025 08:45;0.8745
28/08/2025 09:00;0.6110
28/08/2025 09:15;0.6059
28/08/2025 09:30;0.6133
28/08/2025 09:45;0.6265
28/08/2025 10:00;0.6018
28/08/2025 10:15;0.6200
28/08/2025 10:30;0.6028
28/08/2025 10:45;0.5714
28/08/2025 11:00;0.5987
28/08/2025 11:15;0.5763
28/08/2025 11:30;0.5828
28/08/2025 11:45;0.6232
28/08/2025 12:00;0.6361
28/08/2025 12:15;0.6161
28/08/2025 12:30;0.6303
28/08/2025 12:45;0.6339
28/08/2025 13:00;0.6250
28/08/2025 13:15;0.6195
28/08/2025 13:30;0.6273
28/08/2025 13:45;0.6300
28/08/2025 14:00;0.6064
28/08/2025 14:15;0.5881
28/08/2025 14:30;0.5883
28/08/2025 14:45;0.5683
28/08/2025 15:00;0.5931
28/08/2025 15:15;0.5743
28/08/2025 15:30;0.6492
28/08/2025 15:45;0.6268
28/08/2025 16:00;0.7370
28/08/2025 16:15;0.6822
28/08/2025 16:30;0.6892
28/08/2025 16:45;0.7040
28/08/2025 17:00;0.9656
28/08/2025 17:15;0.9744
28/08/2025 17:30;0.8770
28/08/2025 17:45;0.9319
28/08/2025 18:00;1.2057
28/08/2025 18:15;1.2225
28/08/2025 18:30;1.2582
28/08/2025 18:45;1.1936
28/08/2025 19:00;1.2790
28/08/2025 19:15;1.2629
28/08/2025 19:30;1.3015
28/08/2025 19:45;1.2144
28/08/2025 20:00;1.0668
28/08/2025 20:15;1.1506
28/08/2025 20:30;1.1898
28/08/2025 20:45;1.1338
28/08/2025 21:00;1.0279
28/08/2025 21:15;0.9157
28/08/2025 21:30;0.9503
28/08/2025 21:45;0.9223
28/08/2025 22:00;0.6275
28/08/2025 22:15;0.6284
28/08/2025 22:30;0.6589
28/08/2025 22:45;0.6418
28/08/2025 23:00;0.4453
28/08/2025 23:15;0.4266
28/08/2025 23:30;0.4437
28/08/2025 23:45;0.4482
29/08/2025 00:00;0.3492
29/08/2025 00:15;0.3445
29/08/2025 00:30;0.3492
29/08/2025 00:45;0.3486
29/08/2025 01:00;0.3052
29/08/2025 01:15;0.3104
29/08/2025 01:30;0.3002
29/08/2025 01:45;0.3052
29/08/2025 02:00;0.2979
29/08/2025 02:15;0.2942
29/08/2025 02:30;0.3067
29/08/2025 02:45;0.3018
29/08/2025 03:00;0.3060
29/08/2025 03:15;0.3058
29/08/2025 03:30;0.3036
29/08/2025 03:45;0.2982
29/08/2025 04:00;0.3291
29/08/2025 04:15;0.3255
29/08/2025 04:30;0.3266
29/08/2025 04:45;0.3314
29/08/2025 05:00;0.5081
29/08/2025 05:15;0.5012
29/08/2025 05:30;0.4987
29/08/2025 05:45;0.5044
29/08/2025 06:00;0.8735
29/08/2025 06:15;0.9044
29/08/2025 06:30;0.8303
29/08/2025 06:45;0.8920
29/08/2025 07:00;1.1037
29/08/2025 07:15;1.0625
29/08/2025 07:30;1.0529
29/08/2025 07:45;1.0893
29/08/2025 08:00;0.7679
29/08/2025 08:15;0.8130
29/08/2025 08:30;0.7945
29/08/2025 08:45;0.7528
29/08/2025 09:00;0.5981
29/08/2025 09:15;0.5756
29/08/2025 09:30;0.6043
29/08/2025 09:45;0.6053
29/08/2025 10:00;0.5749
29/08/2025 10:15;0.5543
29/08/2025 10:30;0.5451
29/08/2025 10:45;0.5682
29/08/2025 11:00;0.5731
29/08/2025 11:15;0.5696
29/08/2025 11:30;0.6158
29/08/2025 11:45;0.5835
29/08/2025 12:00;0.6059
29/08/2025 12:15;0.5843
29/08/2025 12:30;0.6281
29/08/2025 12:45;0.6020
29/08/2025 13:00;0.5559
29/08/2025 13:15;0.5884
29/08/2025 13:30;0.5909
29/08/2025 13:45;0.5896
29/08/2025 14:00;0.5383
29/08/2025 14:15;0.5617
29/08/2025 14:30;0.5587
29/08/2025 14:45;0.5381
29/08/2025 15:00;0.6015
29/08/2025 15:15;0.5650
29/08/2025 15:30;0.5996
29/08/2025 15:45;0.6111
29/08/2025 16:00;0.6599
29/08/2025 16:15;0.6563
29/08/2025 16:30;0.6815
29/08/2025 16:45;0.6812
29/08/2025 17:00;0.9039
29/08/2025 17:15;0.9331
29/08/2025 17:30;0.8736
29/08/2025 17:45;0.9189
29/08/2025 18:00;1.1971
29/08/2025 18:15;1.1675
29/08/2025 18:30;1.1732
29/08/2025 18:45;1.2132
29/08/2025 19:00;1.1977
29/08/2025 19:15;1.2215
29/08/2025 19:30;1.2977
29/08/2025 19:45;1.2763
29/08/2025 20:00;1.0752
29/08/2025 20:15;1.1379
29/08/2025 20:30;1.1072
29/08/2025 20:45;1.1481
29/08/2025 21:00;0.9652
29/08/2025 21:15;0.8873
29/08/2025 21:30;0.8894
29/08/2025 21:45;0.9376
29/08/2025 22:00;0.6021
29/08/2025 22:15;0.6108
29/08/2025 22:30;0.6543
29/08/2025 22:45;0.6476
29/08/2025 23:00;0.4208
29/08/2025 23:15;0.4206
29/08/2025 23:30;0.4259
29/08/2025 23:45;0.4273
30/08/2025 00:00;0.3205
30/08/2025 00:15;0.3113
30/08/2025 00:30;0.3076
30/08/2025 00:45;0.3087
30/08/2025 01:00;0.2763
30/08/2025 01:15;0.2745
30/08/2025 01:30;0.2769
30/08/2025 01:45;0.2748
30/08/2025 02:00;0.2695
30/08/2025 02:15;0.2674
30/08/2025 02:30;0.2646
30/08/2025 02:45;0.2718
30/08/2025 03:00;0.2717
30/08/2025 03:15;0.2745
30/08/2025 03:30;0.2815
30/08/2025 03:45;0.2742
30/08/2025 04:00;0.2988
30/08/2025 04:15;0.3030
30/08/2025 04:30;0.3020
30/08/2025 04:45;0.2981
30/08/2025 05:00;0.4441
30/08/2025 05:15;0.4235
30/08/2025 05:30;0.4079
30/08/2025 05:45;0.4375
30/08/2025 06:00;0.7273
30/08/2025 06:15;0.7877
30/08/2025 06:30;0.7280
30/08/2025 06:45;0.7289
30/08/2025 07:00;0.9012
30/08/2025 07:15;0.9059
30/08/2025 07:30;0.9178
30/08/2025 07:45;0.9208
30/08/2025 08:00;0.6856
30/08/2025 08:15;0.6965
30/08/2025 08:30;0.6933
30/08/2025 08:45;0.6876
30/08/2025 09:00;0.4991
30/08/2025 09:15;0.5240
30/08/2025 09:30;0.5081
30/08/2025 09:45;0.5047
30/08/2025 10:00;0.4877
30/08/2025 10:15;0.4822
30/08/2025 10:30;0.4931
30/08/2025 10:45;0.5026
30/08/2025 11:00;0.4660
30/08/2025 11:15;0.5129
30/08/2025 11:30;0.5364
30/08/2025 11:45;0.5196
30/08/2025 12:00;0.5163
30/08/2025 12:15;0.5169
30/08/2025 12:30;0.5062
30/08/2025 12:45;0.5443
30/08/2025 13:00;0.5260
30/08/2025 13:15;0.5227
30/08/2025 13:30;0.4937
30/08/2025 13:45;0.4930
30/08/2025 14:00;0.4910
30/08/2025 14:15;0.5186
30/08/2025 14:30;0.4728
30/08/2025 14:45;0.5046
30/08/2025 15:00;0.5211
30/08/2025 15:15;0.5198
30/08/2025 15:30;0.5020
30/08/2025 15:45;0.4739
30/08/2025 16:00;0.6171
30/08/2025 16:15;0.6264
30/08/2025 16:30;0.5997
30/08/2025 16:45;0.5960
30/08/2025 17:00;0.7645
30/08/2025 17:15;0.7881
30/08/2025 17:30;0.7594
30/08/2025 17:45;0.7927
30/08/2025 18:00;0.9948
30/08/2025 18:15;1.1011
30/08/2025 18:30;0.9639
30/08/2025 18:45;0.9955
30/08/2025 19:00;1.0685
30/08/2025 19:15;1.0234
30/08/2025 19:30;0.9579
30/08/2025 19:45;1.1148
30/08/2025 20:00;0.9871
30/08/2025 20:15;0.9676
30/08/2025 20:30;0.8864
30/08/2025 20:45;0.9905
30/08/2025 21:00;0.7628
30/08/2025 21:15;0.7556
30/08/2025 21:30;0.8230
30/08/2025 21:45;0.7833
30/08/2025 22:00;0.5384
30/08/2025 22:15;0.5488
30/08/2025 22:30;0.5521
30/08/2025 22:45;0.5630
30/08/2025 23:00;0.3718
30/08/2025 23:15;0.3816
30/08/2025 23:30;0.3753
30/08/2025 23:45;0.3745
31/08/2025 00:00;0.3179
31/08/2025 00:15;0.3153
31/08/2025 00:30;0.3201
31/08/2025 00:45;0.3175
31/08/2025 01:00;0.2822
31/08/2025 01:15;0.2835
31/08/2025 01:30;0.2838
31/08/2025 01:45;0.2851
31/08/2025 02:00;0.2773
31/08/2025 02:15;0.2725
31/08/2025 02:30;0.2720
31/08/2025 02:45;0.2770
31/08/2025 03:00;0.2660
31/08/2025 03:15;0.2728
31/08/2025 03:30;0.2802
31/08/2025 03:45;0.2701
31/08/2025 04:00;0.3046
31/08/2025 04:15;0.2964
31/08/2025 04:30;0.3016
31/08/2025 04:45;0.2957
31/08/2025 05:00;0.4309
31/08/2025 05:15;0.4319
31/08/2025 05:30;0.4381
31/08/2025 05:45;0.4438
31/08/2025 06:00;0.7327
31/08/2025 06:15;0.7313
31/08/2025 06:30;0.7597
31/08/2025 06:45;0.7668
31/08/2025 07:00;0.8624
31/08/2025 07:15;0.8888
31/08/2025 07:30;0.8936
31/08/2025 07:45;0.9549
31/08/2025 08:00;0.6800
31/08/2025 08:15;0.6775
31/08/2025 08:30;0.6769
31/08/2025 08:45;0.6320
31/08/2025 09:00;0.5267
31/08/2025 09:15;0.4932
31/08/2025 09:30;0.5215
31/08/2025 09:45;0.4988
31/08/2025 10:00;0.4842
31/08/2025 10:15;0.4861
31/08/2025 10:30;0.4837
31/08/2025 10:45;0.4924
31/08/2025 11:00;0.5215
31/08/2025 11:15;0.4962
31/08/2025 11:30;0.5301
31/08/2025 11:45;0.5205
31/08/2025 12:00;0.5213
31/08/2025 12:15;0.5447
31/08/2025 12:30;0.5266
31/08/2025 12:45;0.5221
31/08/2025 13:00;0.5081
31/08/2025 13:15;0.5238
31/08/2025 13:30;0.5337
31/08/2025 13:45;0.5335
31/08/2025 14:00;0.5111
31/08/2025 14:15;0.4824
31/08/2025 14:30;0.4695
31/08/2025 14:45;0.4819
31/08/2025 15:00;0.5171
31/08/2025 15:15;0.4953
31/08/2025 15:30;0.5261
31/08/2025 15:45;0.5068
31/08/2025 16:00;0.5406
31/08/2025 16:15;0.5877
31/08/2025 16:30;0.5816
31/08/2025 16:45;0.6076
31/08/2025 17:00;0.7636
31/08/2025 17:15;0.7323
31/08/2025 17:30;0.7682
31/08/2025 17:45;0.8017
31/08/2025 18:00;0.9495
31/08/2025 18:15;0.9696
31/08/2025 18:30;1.0451
31/08/2025 18:45;1.0006
31/08/2025 19:00;1.0498
31/08/2025 19:15;1.0539
31/08/2025 19:30;0.9618
31/08/2025 19:45;1.0892
31/08/2025 20:00;0.9639
31/08/2025 20:15;0.9014
31/08/2025 20:30;0.8643
31/08/2025 20:45;0.9615
31/08/2025 21:00;0.7737
31/08/2025 21:15;0.8381
31/08/2025 21:30;0.7714
31/08/2025 21:45;0.7939
31/08/2025 22:00;0.5283
31/08/2025 22:15;0.5434
31/08/2025 22:30;0.5799
31/08/2025 22:45;0.5478
31/08/2025 23:00;0.3819
31/08/2025 23:15;0.3636
31/08/2025 23:30;0.3599
31/08/2025 23:45;0.3572
01/09/2025 00:00;0.3998
01/09/2025 00:15;0.4017
01/09/2025 00:30;0.4046
01/09/2025 00:45;0.4105
01/09/2025 01:00;0.3564
01/09/2025 01:15;0.3521
01/09/2025 01:30;0.3520
01/09/2025 01:45;0.3510
01/09/2025 02:00;0.3371
01/09/2025 02:15;0.3434
01/09/2025 02:30;0.3375
01/09/2025 02:45;0.3414
01/09/2025 03:00;0.3447
01/09/2025 03:15;0.3434
01/09/2025 03:30;0.3420
01/09/2025 03:45;0.3413
01/09/2025 04:00;0.3956
01/09/2025 04:15;0.3835
01/09/2025 04:30;0.3721
01/09/2025 04:45;0.3781
01/09/2025 05:00;0.5962
01/09/2025 05:15;0.5844
01/09/2025 05:30;0.5710
01/09/2025 05:45;0.5914
01/09/2025 06:00;1.0284
01/09/2025 06:15;1.0975
01/09/2025 06:30;1.0700
01/09/2025 06:45;1.0216
01/09/2025 07:00;1.1880
01/09/2025 07:15;1.3385
01/09/2025 07:30;1.2811
01/09/2025 07:45;1.3071
01/09/2025 08:00;0.9759
01/09/2025 08:15;0.9894
01/09/2025 08:30;0.9080
01/09/2025 08:45;0.9469
01/09/2025 09:00;0.6825
01/09/2025 09:15;0.7262
01/09/2025 09:30;0.7065
01/09/2025 09:45;0.7396
01/09/2025 10:00;0.6687
01/09/2025 10:15;0.6693
01/09/2025 10:30;0.6757
01/09/2025 10:45;0.6404
01/09/2025 11:00;0.7077
01/09/2025 11:15;0.6675
01/09/2025 11:30;0.7053
01/09/2025 11:45;0.6534
01/09/2025 12:00;0.7335
01/09/2025 12:15;0.7101
01/09/2025 12:30;0.7128
01/09/2025 12:45;0.7379
01/09/2025 13:00;0.6950
01/09/2025 13:15;0.7205
01/09/2025 13:30;0.6722
01/09/2025 13:45;0.7068
01/09/2025 14:00;0.6457
01/09/2025 14:15;0.6854
01/09/2025 14:30;0.6771
01/09/2025 14:45;0.6541
01/09/2025 15:00;0.6931
01/09/2025 15:15;0.7071
01/09/2025 15:30;0.7223
01/09/2025 15:45;0.7023
01/09/2025 16:00;0.8000
01/09/2025 16:15;0.7898
01/09/2025 16:30;0.8105
01/09/2025 16:45;0.8097
01/09/2025 17:00;1.0874
01/09/2025 17:15;1.0625
01/09/2025 17:30;1.1119
01/09/2025 17:45;1.1399
01/09/2025 18:00;1.3614
01/09/2025 18:15;1.3203
01/09/2025 18:30;1.3230
01/09/2025 18:45;1.4442
01/09/2025 19:00;1.4375
01/09/2025 19:15;1.4862
01/09/2025 19:30;1.5316
01/09/2025 19:45;1.5364
01/09/2025 20:00;1.3823
01/09/2025 20:15;1.4585
01/09/2025 20:30;1.2775
01/09/2025 20:45;1.2657
01/09/2025 21:00;1.0596
01/09/2025 21:15;1.0528
01/09/2025 21:30;1.1026
01/09/2025 21:45;1.0870
01/09/2025 22:00;0.7528
01/09/2025 22:15;0.7058
01/09/2025 22:30;0.7596
01/09/2025 22:45;0.7571
01/09/2025 23:00;0.4846
01/09/2025 23:15;0.4909
01/09/2025 23:30;0.4876
01/09/2025 23:45;0.4698
02/09/2025 00:00;0.4541
02/09/2025 00:15;0.4460
02/09/2025 00:30;0.4529
02/09/2025 00:45;0.4340
02/09/2025 01:00;0.3891
02/09/2025 01:15;0.3985
02/09/2025 01:30;0.4024
02/09/2025 01:45;0.4125
02/09/2025 02:00;0.3886
02/09/2025 02:15;0.3815
02/09/2025 02:30;0.3809
02/09/2025 02:45;0.3853
02/09/2025 03:00;0.3929
02/09/2025 03:15;0.3966
02/09/2025 03:30;0.3975
02/09/2025 03:45;0.3904
02/09/2025 04:00;0.4403
02/09/2025 04:15;0.4400
02/09/2025 04:30;0.4389
02/09/2025 04:45;0.4403
02/09/2025 05:00;0.6606
02/09/2025 05:15;0.6664
02/09/2025 05:30;0.6797
02/09/2025 05:45;0.6585
02/09/2025 06:00;1.1315
02/09/2025 06:15;1.1511
02/09/2025 06:30;1.1884
02/09/2025 06:45;1.2198
02/09/2025 07:00;1.4616
02/09/2025 07:15;1.5188
02/09/2025 07:30;1.4733
02/09/2025 07:45;1.4516
02/09/2025 08:00;1.0504
02/09/2025 08:15;1.1267
02/09/2025 08:30;1.1297
02/09/2025 08:45;1.1276
02/09/2025 09:00;0.8066
02/09/2025 09:15;0.8039
02/09/2025 09:30;0.7662
02/09/2025 09:45;0.8145
02/09/2025 10:00;0.7518
02/09/2025 10:15;0.7726
02/09/2025 10:30;0.7898
02/09/2025 10:45;0.7489
02/09/2025 11:00;0.8140
02/09/2025 11:15;0.7536
02/09/2025 11:30;0.8190
02/09/2025 11:45;0.7633
02/09/2025 12:00;0.7628
02/09/2025 12:15;0.8381
02/09/2025 12:30;0.8395
02/09/2025 12:45;0.8121
02/09/2025 13:00;0.7445
02/09/2025 13:15;0.7800
02/09/2025 13:30;0.7673
02/09/2025 13:45;0.7798
02/09/2025 14:00;0.7627
02/09/2025 14:15;0.7752
02/09/2025 14:30;0.7505
02/09/2025 14:45;0.7351
02/09/2025 15:00;0.7750
02/09/2025 15:15;0.7948
02/09/2025 15:30;0.7999
02/09/2025 15:45;0.7166
02/09/2025 16:00;0.9180
02/09/2025 16:15;0.8620
02/09/2025 16:30;0.8956
02/09/2025 16:45;0.8989
02/09/2025 17:00;1.2253
02/09/2025 17:15;1.2099
02/09/2025 17:30;1.2417
02/09/2025 17:45;1.3136
02/09/2025 18:00;1.6536
02/09/2025 18:15;1.5983
02/09/2025 18:30;1.6075
02/09/2025 18:45;1.6093
02/09/2025 19:00;1.7579
02/09/2025 19:15;1.8663
02/09/2025 19:30;1.7327
02/09/2025 19:45;1.7634
02/09/2025 20:00;1.4921
02/09/2025 20:15;1.5018
02/09/2025 20:30;1.4976
02/09/2025 20:45;1.5955
02/09/2025 21:00;1.1110
02/09/2025 21:15;1.2709
02/09/2025 21:30;1.2240
02/09/2025 21:45;1.2705
02/09/2025 22:00;0.8944
02/09/2025 22:15;0.8744
02/09/2025 22:30;0.8327
02/09/2025 22:45;0.8552
02/09/2025 23:00;0.5515
02/09/2025 23:15;0.5865
02/09/2025 23:30;0.5580
02/09/2025 23:45;0.5692
03/09/2025 00:00;0.4472
03/09/2025 00:15;0.4475
03/09/2025 00:30;0.4555
03/09/2025 00:45;0.4446
03/09/2025 01:00;0.3876
03/09/2025 01:15;0.3959
03/09/2025 01:30;0.3792
03/09/2025 01:45;0.3842
03/09/2025 02:00;0.3777
03/09/2025 02:15;0.3830
03/09/2025 02:30;0.3629
03/09/2025 02:45;0.3734
03/09/2025 03:00;0.3770
03/09/2025 03:15;0.3785
03/09/2025 03:30;0.3802
03/09/2025 03:45;0.3839
03/09/2025 04:00;0.4206
03/09/2025 04:15;0.4291
03/09/2025 04:30;0.4192
03/09/2025 04:45;0.4229
03/09/2025 05:00;0.6465
03/09/2025 05:15;0.6406
03/09/2025 05:30;0.6253
03/09/2025 05:45;0.6240
03/09/2025 06:00;1.0844
03/09/2025 06:15;1.1436
03/09/2025 06:30;1.1632
03/09/2025 06:45;1.1583
03/09/2025 07:00;1.4705
03/09/2025 07:15;1.4518
03/09/2025 07:30;1.4417
03/09/2025 07:45;1.4199
03/09/2025 08:00;1.0586
03/09/2025 08:15;1.0209
03/09/2025 08:30;1.0635
03/09/2025 08:45;1.1259
03/09/2025 09:00;0.7966
03/09/2025 09:15;0.8217
03/09/2025 09:30;0.7587
03/09/2025 09:45;0.8222
03/09/2025 10:00;0.7123
03/09/2025 10:15;0.7854
03/09/2025 10:30;0.7456
03/09/2025 10:45;0.7588
03/09/2025 11:00;0.7491
03/09/2025 11:15;0.7901
03/09/2025 11:30;0.7740
03/09/2025 11:45;0.8171
03/09/2025 12:00;0.7714
03/09/2025 12:15;0.8182
03/09/2025 12:30;0.7674
03/09/2025 12:45;0.7920
03/09/2025 13:00;0.7767
03/09/2025 13:15;0.7446
03/09/2025 13:30;0.7486
03/09/2025 13:45;0.7641
03/09/2025 14:00;0.7255
03/09/2025 14:15;0.7403
03/09/2025 14:30;0.7347
03/09/2025 14:45;0.7069
03/09/2025 15:00;0.7664
03/09/2025 15:15;0.7904
03/09/2025 15:30;0.7754
03/09/2025 15:45;0.7557
03/09/2025 16:00;0.9157
03/09/2025 16:15;0.8811
03/09/2025 16:30;0.8984
03/09/2025 16:45;0.8945
03/09/2025 17:00;1.2299
03/09/2025 17:15;1.1813
03/09/2025 17:30;1.1955
03/09/2025 17:45;1.2051
03/09/2025 18:00;1.6341
03/09/2025 18:15;1.6356
03/09/2025 18:30;1.5176
03/09/2025 18:45;1.5050
03/09/2025 19:00;1.6379
03/09/2025 19:15;1.6833
03/09/2025 19:30;1.6584
03/09/2025 19:45;1.6585
03/09/2025 20:00;1.5634
03/09/2025 20:15;1.3975
03/09/2025 20:30;1.5032
03/09/2025 20:45;1.4029
03/09/2025 21:00;1.2241
03/09/2025 21:15;1.1958
03/09/2025 21:30;1.1607
03/09/2025 21:45;1.2389
03/09/2025 22:00;0.8227
03/09/2025 22:15;0.8579
03/09/2025 22:30;0.8173
03/09/2025 22:45;0.8300
03/09/2025 23:00;0.5375
03/09/2025 23:15;0.5415
03/09/2025 23:30;0.5599
03/09/2025 23:45;0.5382
04/09/2025 00:00;0.3819
04/09/2025 00:15;0.3859
04/09/2025 00:30;0.3841
04/09/2025 00:45;0.4057
04/09/2025 01:00;0.3492
04/09/2025 01:15;0.3406
04/09/2025 01:30;0.3509
04/09/2025 01:45;0.3499
04/09/2025 02:00;0.3330
04/09/2025 02:15;0.3391
04/09/2025 02:30;0.3414
04/09/2025 02:45;0.3323
04/09/2025 03:00;0.3469
04/09/2025 03:15;0.3397
04/09/2025 03:30;0.3325
04/09/2025 03:45;0.3431
04/09/2025 04:00;0.3725
04/09/2025 04:15;0.3723
04/09/2025 04:30;0.3799
04/09/2025 04:45;0.3660
04/09/2025 05:00;0.5892
04/09/2025 05:15;0.5627
04/09/2025 05:30;0.5872
04/09/2025 05:45;0.5862
04/09/2025 06:00;1.0418
04/09/2025 06:15;1.0544
04/09/2025 06:30;1.0023
04/09/2025 06:45;1.0263
04/09/2025 07:00;1.3005
04/09/2025 07:15;1.2127
04/09/2025 07:30;1.3210
04/09/2025 07:45;1.2903
04/09/2025 08:00;0.9535
04/09/2025 08:15;0.9426
04/09/2025 08:30;0.9354
04/09/2025 08:45;0.9764
04/09/2025 09:00;0.6807
04/09/2025 09:15;0.6669
04/09/2025 09:30;0.7162
04/09/2025 09:45;0.6866
04/09/2025 10:00;0.6585
04/09/2025 10:15;0.7071
04/09/2025 10:30;0.6653
04/09/2025 10:45;0.6178
04/09/2025 11:00;0.7056
04/09/2025 11:15;0.7058
04/09/2025 11:30;0.6817
04/09/2025 11:45;0.6860
04/09/2025 12:00;0.7201
04/09/2025 12:15;0.7223
04/09/2025 12:30;0.6681
04/09/2025 12:45;0.7230
04/09/2025 13:00;0.6785
04/09/2025 13:15;0.6962
04/09/2025 13:30;0.7117
04/09/2025 13:45;0.7017
04/09/2025 14:00;0.6557
04/09/2025 14:15;0.6331
04/09/2025 14:30;0.6250
04/09/2025 14:45;0.6844
04/09/2025 15:00;0.6919
04/09/2025 15:15;0.6772
04/09/2025 15:30;0.7068
04/09/2025 15:45;0.6780
04/09/2025 16:00;0.7668
04/09/2025 16:15;0.7857
04/09/2025 16:30;0.7992
04/09/2025 16:45;0.7987
04/09/2025 17:00;1.0747
04/09/2025 17:15;1.0463
04/09/2025 17:30;1.1096
04/09/2025 17:45;1.0639
04/09/2025 18:00;1.4379
04/09/2025 18:15;1.4877
04/09/2025 18:30;1.4986
04/09/2025 18:45;1.3775
04/09/2025 19:00;1.4741
04/09/2025 19:15;1.3965
04/09/2025 19:30;1.4157
04/09/2025 19:45;1.4604
04/09/2025 20:00;1.3934
04/09/2025 20:15;1.3219
04/09/2025 20:30;1.3961
04/09/2025 20:45;1.3587
04/09/2025 21:00;1.1514
04/09/2025 21:15;1.0677
04/09/2025 21:30;1.0987
04/09/2025 21:45;1.2063
04/09/2025 22:00;0.7452
04/09/2025 22:15;0.7559
04/09/2025 22:30;0.7633
04/09/2025 22:45;0.7184
04/09/2025 23:00;0.5140
04/09/2025 23:15;0.4530
04/09/2025 23:30;0.4887
04/09/2025 23:45;0.4950
05/09/2025 00:00;0.4493
05/09/2025 00:15;0.4387
05/09/2025 00:30;0.4490
05/09/2025 00:45;0.4509
05/09/2025 01:00;0.4076
05/09/2025 01:15;0.3949
05/09/2025 01:30;0.4050
05/09/2025 01:45;0.3874
05/09/2025 02:00;0.3780
05/09/2025 02:15;0.3842
05/09/2025 02:30;0.4025
05/09/2025 02:45;0.3822
05/09/2025 03:00;0.3881
05/09/2025 03:15;0.4007
05/09/2025 03:30;0.3945
05/09/2025 03:45;0.3955
05/09/2025 04:00;0.4297
05/09/2025 04:15;0.4269
05/09/2025 04:30;0.4425
05/09/2025 04:45;0.4376
05/09/2025 05:00;0.6707
05/09/2025 05:15;0.6782
05/09/2025 05:30;0.6780
05/09/2025 05:45;0.6630
05/09/2025 06:00;1.2573
05/09/2025 06:15;1.1932
05/09/2025 06:30;1.2416
05/09/2025 06:45;1.2988
05/09/2025 07:00;1.5912
05/09/2025 07:15;1.6392
05/09/2025 07:30;1.5547
05/09/2025 07:45;1.4620
05/09/2025 08:00;1.0826
05/09/2025 08:15;1.0718
05/09/2025 08:30;1.1061
05/09/2025 08:45;1.0777
05/09/2025 09:00;0.8544
05/09/2025 09:15;0.8379
05/09/2025 09:30;0.8107
05/09/2025 09:45;0.8039
05/09/2025 10:00;0.7539
05/09/2025 10:15;0.7689
05/09/2025 10:30;0.7461
05/09/2025 10:45;0.7773
05/09/2025 11:00;0.7900
05/09/2025 11:15;0.7811
05/09/2025 11:30;0.7658
05/09/2025 11:45;0.8030
05/09/2025 12:00;0.8063
05/09/2025 12:15;0.8020
05/09/2025 12:30;0.8368
05/09/2025 12:45;0.8367
05/09/2025 13:00;0.8306
05/09/2025 13:15;0.7882
05/09/2025 13:30;0.7693
05/09/2025 13:45;0.7880
05/09/2025 14:00;0.7748
05/09/2025 14:15;0.7162
05/09/2025 14:30;0.7470
05/09/2025 14:45;0.7603
05/09/2025 15:00;0.7869
05/09/2025 15:15;0.8195
05/09/2025 15:30;0.8067
05/09/2025 15:45;0.8045
05/09/2025 16:00;0.9084
05/09/2025 16:15;0.9369
05/09/2025 16:30;0.9541
05/09/2025 16:45;0.9188
05/09/2025 17:00;1.3007
05/09/2025 17:15;1.2518
05/09/2025 17:30;1.2951
05/09/2025 17:45;1.2368
05/09/2025 18:00;1.6891
05/09/2025 18:15;1.5115
05/09/2025 18:30;1.5606
05/09/2025 18:45;1.5971
05/09/2025 19:00;1.7761
05/09/2025 19:15;1.6932
05/09/2025 19:30;1.6388
05/09/2025 19:45;1.7621
05/09/2025 20:00;1.6183
05/09/2025 20:15;1.6352
05/09/2025 20:30;1.6160
05/09/2025 20:45;1.4951
05/09/2025 21:00;1.3240
05/09/2025 21:15;1.2250
05/09/2025 21:30;1.2306
05/09/2025 21:45;1.1301
05/09/2025 22:00;0.9043
05/09/2025 22:15;0.8709
05/09/2025 22:30;0.8719
05/09/2025 22:45;0.8890
05/09/2025 23:00;0.5629
05/09/2025 23:15;0.5577
05/09/2025 23:30;0.5535
05/09/2025 23:45;0.5448
06/09/2025 00:00;0.4087
06/09/2025 00:15;0.4116
06/09/2025 00:30;0.4276
06/09/2025 00:45;0.4095
06/09/2025 01:00;0.3732
06/09/2025 01:15;0.3620
06/09/2025 01:30;0.3610
06/09/2025 01:45;0.3698
06/09/2025 02:00;0.3562
06/09/2025 02:15;0.3632
06/09/2025 02:30;0.3624
06/09/2025 02:45;0.3563
06/09/2025 03:00;0.3647
06/09/2025 03:15;0.3535
06/09/2025 03:30;0.3560
06/09/2025 03:45;0.3620
06/09/2025 04:00;0.4076
06/09/2025 04:15;0.3993
06/09/2025 04:30;0.4097
06/09/2025 04:45;0.3998
06/09/2025 05:00;0.6194
06/09/2025 05:15;0.6007
06/09/2025 05:30;0.6208
06/09/2025 05:45;0.6217
06/09/2025 06:00;1.1473
06/09/2025 06:15;1.0612
06/09/2025 06:30;1.0528
06/09/2025 06:45;1.1487
06/09/2025 07:00;1.3351
06/09/2025 07:15;1.2925
06/09/2025 07:30;1.2618
06/09/2025 07:45;1.2861
06/09/2025 08:00;0.9638
06/09/2025 08:15;1.0017
06/09/2025 08:30;0.9354
06/09/2025 08:45;0.9890
06/09/2025 09:00;0.7191
06/09/2025 09:15;0.6932
06/09/2025 09:30;0.7412
06/09/2025 09:45;0.7242
06/09/2025 10:00;0.6621
06/09/2025 10:15;0.6850
06/09/2025 10:30;0.6983
06/09/2025 10:45;0.6750
06/09/2025 11:00;0.6935
06/09/2025 11:15;0.6841
06/09/2025 11:30;0.6999
06/09/2025 11:45;0.7378
06/09/2025 12:00;0.7294
06/09/2025 12:15;0.7087
06/09/2025 12:30;0.7322
06/09/2025 12:45;0.7195
06/09/2025 13:00;0.7090
06/09/2025 13:15;0.7580
06/09/2025 13:30;0.6911
06/09/2025 13:45;0.7079
06/09/2025 14:00;0.6700
06/09/2025 14:15;0.7287
06/09/2025 14:30;0.6956
06/09/2025 14:45;0.6621
06/09/2025 15:00;0.7284
06/09/2025 15:15;0.6961
06/09/2025 15:30;0.6948
06/09/2025 15:45;0.7627
06/09/2025 16:00;0.7763
06/09/2025 16:15;0.8598
06/09/2025 16:30;0.8183
06/09/2025 16:45;0.8132
06/09/2025 17:00;1.1215
06/09/2025 17:15;1.0843
06/09/2025 17:30;1.0579
06/09/2025 17:45;1.1386
06/09/2025 18:00;1.4444
06/09/2025 18:15;1.3210
06/09/2025 18:30;1.3565
06/09/2025 18:45;1.3250
06/09/2025 19:00;1.4162
06/09/2025 19:15;1.4977
06/09/2025 19:30;1.5689
06/09/2025 19:45;1.4272
06/09/2025 20:00;1.3260
06/09/2025 20:15;1.2922
06/09/2025 20:30;1.3022
06/09/2025 20:45;1.4040
06/09/2025 21:00;1.1550
06/09/2025 21:15;1.1058
06/09/2025 21:30;1.1382
06/09/2025 21:45;1.1004
06/09/2025 22:00;0.7491
06/09/2025 22:15;0.7456
06/09/2025 22:30;0.7519
06/09/2025 22:45;0.7733
06/09/2025 23:00;0.5214
06/09/2025 23:15;0.5109
06/09/2025 23:30;0.4955
06/09/2025 23:45;0.5176
07/09/2025 00:00;0.4306
07/09/2025 00:15;0.4213
07/09/2025 00:30;0.4343
07/09/2025 00:45;0.4276
07/09/2025 01:00;0.3792
07/09/2025 01:15;0.3820
07/09/2025 01:30;0.3672
07/09/2025 01:45;0.3675
07/09/2025 02:00;0.3637
07/09/2025 02:15;0.3629
07/09/2025 02:30;0.3598
07/09/2025 02:45;0.3683
07/09/2025 03:00;0.3706
07/09/2025 03:15;0.3728
07/09/2025 03:30;0.3705
07/09/2025 03:45;0.3753
07/09/2025 04:00;0.4229
07/09/2025 04:15;0.4039
07/09/2025 04:30;0.4247
07/09/2025 04:45;0.4058
07/09/2025 05:00;0.5960
07/09/2025 05:15;0.5851
07/09/2025 05:30;0.6369
07/09/2025 05:45;0.5882
07/09/2025 06:00;1.0622
07/09/2025 06:15;1.1049
07/09/2025 06:30;1.0344
07/09/2025 06:45;1.0678
07/09/2025 07:00;1.2516
07/09/2025 07:15;1.3349
07/09/2025 07:30;1.3139
07/09/2025 07:45;1.2875
07/09/2025 08:00;0.9636
07/09/2025 08:15;0.9749
07/09/2025 08:30;0.9986
07/09/2025 08:45;0.9050
07/09/2025 09:00;0.6976
07/09/2025 09:15;0.7170
07/09/2025 09:30;0.7394
07/09/2025 09:45;0.7528
07/09/2025 10:00;0.6674
07/09/2025 10:15;0.7022
07/09/2025 10:30;0.6869
07/09/2025 10:45;0.6761
07/09/2025 11:00;0.6710
07/09/2025 11:15;0.7192
07/09/2025 11:30;0.6773
07/09/2025 11:45;0.6728
07/09/2025 12:00;0.7984
07/09/2025 12:15;0.7499
07/09/2025 12:30;0.7273
07/09/2025 12:45;0.7530
07/09/2025 13:00;0.7111
07/09/2025 13:15;0.6840
07/09/2025 13:30;0.7422
07/09/2025 13:45;0.7239
07/09/2025 14:00;0.6710
07/09/2025 14:15;0.6822
07/09/2025 14:30;0.6874
07/09/2025 14:45;0.6756
07/09/2025 15:00;0.6974
07/09/2025 15:15;0.7241
07/09/2025 15:30;0.7016
07/09/2025 15:45;0.7163
07/09/2025 16:00;0.8037
07/09/2025 16:15;0.7943
07/09/2025 16:30;0.7662
07/09/2025 16:45;0.7714
07/09/2025 17:00;1.1520
07/09/2025 17:15;1.0745
07/09/2025 17:30;1.1384
07/09/2025 17:45;1.0786
07/09/2025 18:00;1.3168
07/09/2025 18:15;1.4101
07/09/2025 18:30;1.4249
07/09/2025 18:45;1.4107
07/09/2025 19:00;1.5164
07/09/2025 19:15;1.4972
07/09/2025 19:30;1.5019
07/09/2025 19:45;1.4593
07/09/2025 20:00;1.3160
07/09/2025 20:15;1.2821
07/09/2025 20:30;1.3392
07/09/2025 20:45;1.2777
07/09/2025 21:00;1.0435
07/09/2025 21:15;1.1051
07/09/2025 21:30;1.1000
07/09/2025 21:45;1.0384
07/09/2025 22:00;0.7610
07/09/2025 22:15;0.7715
07/09/2025 22:30;0.7668
07/09/2025 22:45;0.7803
07/09/2025 23:00;0.5173
07/09/2025 23:15;0.5447
07/09/2025 23:30;0.5112
07/09/2025 23:45;0.5051
08/09/2025 00:00;0.4361
08/09/2025 00:15;0.4367
08/09/2025 00:30;0.4300
08/09/2025 00:45;0.4401
08/09/2025 01:00;0.3816
08/09/2025 01:15;0.3763
08/09/2025 01:30;0.3786
08/09/2025 01:45;0.3836
08/09/2025 02:00;0.3657
08/09/2025 02:15;0.3735
08/09/2025 02:30;0.3802
08/09/2025 02:45;0.3734
08/09/2025 03:00;0.3744
08/09/2025 03:15;0.3715
08/09/2025 03:30;0.3778
08/09/2025 03:45;0.3785
08/09/2025 04:00;0.4314
08/09/2025 04:15;0.4219
08/09/2025 04:30;0.4245
08/09/2025 04:45;0.4195
08/09/2025 05:00;0.6193
08/09/2025 05:15;0.6228
08/09/2025 05:30;0.6386
08/09/2025 05:45;0.6284
08/09/2025 06:00;1.2227
08/09/2025 06:15;1.1227
08/09/2025 06:30;1.1750
08/09/2025 06:45;1.1683
08/09/2025 07:00;1.5252
08/09/2025 07:15;1.3671
08/09/2025 07:30;1.3803
08/09/2025 07:45;1.3808
08/09/2025 08:00;1.0196
08/09/2025 08:15;1.0441
08/09/2025 08:30;1.0243
08/09/2025 08:45;1.0686
08/09/2025 09:00;0.7940
08/09/2025 09:15;0.7574
08/09/2025 09:30;0.7909
08/09/2025 09:45;0.7615
08/09/2025 10:00;0.7486
08/09/2025 10:15;0.7284
08/09/2025 10:30;0.7290
08/09/2025 10:45;0.7596
08/09/2025 11:00;0.7788
08/09/2025 11:15;0.7313
08/09/2025 11:30;0.8133
08/09/2025 11:45;0.7624
08/09/2025 12:00;0.7455
08/09/2025 12:15;0.8088
08/09/2025 12:30;0.7605
08/09/2025 12:45;0.7462
08/09/2025 13:00;0.7307
08/09/2025 13:15;0.7568
08/09/2025 13:30;0.7752
08/09/2025 13:45;0.7680
08/09/2025 14:00;0.6946
08/09/2025 14:15;0.7035
08/09/2025 14:30;0.6810
08/09/2025 14:45;0.7863
08/09/2025 15:00;0.7619
08/09/2025 15:15;0.7990
08/09/2025 15:30;0.7714
08/09/2025 15:45;0.7770
08/09/2025 16:00;0.8999
08/09/2025 16:15;0.8875
08/09/2025 16:30;0.8514
08/09/2025 16:45;0.8288
08/09/2025 17:00;1.0863
08/09/2025 17:15;1.1928
08/09/2025 17:30;1.1669
08/09/2025 17:45;1.2223
08/09/2025 18:00;1.5215
08/09/2025 18:15;1.4985
08/09/2025 18:30;1.5089
08/09/2025 18:45;1.3644
08/09/2025 19:00;1.5995
08/09/2025 19:15;1.7219
08/09/2025 19:30;1.6050
08/09/2025 19:45;1.6883
08/09/2025 20:00;1.4458
08/09/2025 20:15;1.4688
08/09/2025 20:30;1.4818
08/09/2025 20:45;1.4196
08/09/2025 21:00;1.1627
08/09/2025 21:15;1.1826
08/09/2025 21:30;1.1734
08/09/2025 21:45;1.1411
08/09/2025 22:00;0.7958
08/09/2025 22:15;0.7841
08/09/2025 22:30;0.8309
08/09/2025 22:45;0.8018
08/09/2025 23:00;0.5131
08/09/2025 23:15;0.5276
08/09/2025 23:30;0.5461
08/09/2025 23:45;0.5261
09/09/2025 00:00;0.3917
09/09/2025 00:15;0.3996
09/09/2025 00:30;0.3958
09/09/2025 00:45;0.3897
09/09/2025 01:00;0.3345
09/09/2025 01:15;0.3400
09/09/2025 01:30;0.3361
09/09/2025 01:45;0.3295
09/09/2025 02:00;0.3265
09/09/2025 02:15;0.3295
09/09/2025 02:30;0.3325
09/09/2025 02:45;0.3252
09/09/2025 03:00;0.3307
09/09/2025 03:15;0.3216
09/09/2025 03:30;0.3275
09/09/2025 03:45;0.3256
09/09/2025 04:00;0.3650
09/09/2025 04:15;0.3590
09/09/2025 04:30;0.3698
09/09/2025 04:45;0.3526
09/09/2025 05:00;0.5524
09/09/2025 05:15;0.5676
09/09/2025 05:30;0.5345
09/09/2025 05:45;0.5708
09/09/2025 06:00;0.9999
09/09/2025 06:15;0.9884
09/09/2025 06:30;1.0540
09/09/2025 06:45;0.9917
09/09/2025 07:00;1.2184
09/09/2025 07:15;1.2684
09/09/2025 07:30;1.2919
09/09/2025 07:45;1.2461
09/09/2025 08:00;0.8972
09/09/2025 08:15;0.9799
09/09/2025 08:30;0.9402
09/09/2025 08:45;0.8810
09/09/2025 09:00;0.7051
09/09/2025 09:15;0.6906
09/09/2025 09:30;0.6914
09/09/2025 09:45;0.6933
09/09/2025 10:00;0.6080
09/09/2025 10:15;0.5939
09/09/2025 10:30;0.6475
09/09/2025 10:45;0.6667
09/09/2025 11:00;0.6618
09/09/2025 11:15;0.6789
09/09/2025 11:30;0.6893
09/09/2025 11:45;0.6826
09/09/2025 12:00;0.7028
09/09/2025 12:15;0.6585
09/09/2025 12:30;0.7076
09/09/2025 12:45;0.7253
09/09/2025 13:00;0.6781
09/09/2025 13:15;0.6369
09/09/2025 13:30;0.6659
09/09/2025 13:45;0.6823
09/09/2025 14:00;0.6188
09/09/2025 14:15;0.6462
09/09/2025 14:30;0.6258
09/09/2025 14:45;0.6385
09/09/2025 15:00;0.6724
09/09/2025 15:15;0.6562
09/09/2025 15:30;0.6625
09/09/2025 15:45;0.6731
09/09/2025 16:00;0.7863
09/09/2025 16:15;0.7588
09/09/2025 16:30;0.7415
09/09/2025 16:45;0.7494
09/09/2025 17:00;1.0345
09/09/2025 17:15;1.1313
09/09/2025 17:30;1.0147
09/09/2025 17:45;1.1213
09/09/2025 18:00;1.2945
09/09/2025 18:15;1.3810
09/09/2025 18:30;1.4805
09/09/2025 18:45;1.4116
09/09/2025 19:00;1.4523
09/09/2025 19:15;1.4126
09/09/2025 19:30;1.3795
09/09/2025 19:45;1.4687
09/09/2025 20:00;1.2592
09/09/2025 20:15;1.3142
09/09/2025 20:30;1.2948
09/09/2025 20:45;1.3428
09/09/2025 21:00;1.0753
09/09/2025 21:15;1.0007
09/09/2025 21:30;1.1114
09/09/2025 21:45;1.0647
09/09/2025 22:00;0.7237
09/09/2025 22:15;0.6783
09/09/2025 22:30;0.7080
09/09/2025 22:45;0.6749
09/09/2025 23:00;0.4867
09/09/2025 23:15;0.4851
09/09/2025 23:30;0.4595
09/09/2025 23:45;0.4889
10/09/2025 00:00;0.3979
10/09/2025 00:15;0.3903
10/09/2025 00:30;0.3875
10/09/2025 00:45;0.3953
10/09/2025 01:00;0.3533
10/09/2025 01:15;0.3443
10/09/2025 01:30;0.3476
10/09/2025 01:45;0.3499
10/09/2025 02:00;0.3423
10/09/2025 02:15;0.3451
10/09/2025 02:30;0.3339
10/09/2025 02:45;0.3372
10/09/2025 03:00;0.3470
10/09/2025 03:15;0.3340
10/09/2025 03:30;0.3383
10/09/2025 03:45;0.3446
10/09/2025 04:00;0.3868
10/09/2025 04:15;0.3792
10/09/2025 04:30;0.3692
10/09/2025 04:45;0.3701
10/09/2025 05:00;0.5880
10/09/2025 05:15;0.5829
10/09/2025 05:30;0.6067
10/09/2025 05:45;0.5658
10/09/2025 06:00;1.1276
10/09/2025 06:15;1.0562
10/09/2025 06:30;1.0557
10/09/2025 06:45;1.0185
10/09/2025 07:00;1.2909
10/09/2025 07:15;1.3032
10/09/2025 07:30;1.3057
10/09/2025 07:45;1.3655
10/09/2025 08:00;0.9624
10/09/2025 08:15;0.9773
10/09/2025 08:30;0.9862
10/09/2025 08:45;1.0317
10/09/2025 09:00;0.7146
10/09/2025 09:15;0.7050
10/09/2025 09:30;0.7152
10/09/2025 09:45;0.7264
10/09/2025 10:00;0.6816
10/09/2025 10:15;0.6856
10/09/2025 10:30;0.6361
10/09/2025 10:45;0.6670
10/09/2025 11:00;0.7048
10/09/2025 11:15;0.7341
10/09/2025 11:30;0.7058
10/09/2025 11:45;0.7085
10/09/2025 12:00;0.7187
10/09/2025 12:15;0.7407
10/09/2025 12:30;0.7879
10/09/2025 12:45;0.7522
10/09/2025 13:00;0.6847
10/09/2025 13:15;0.6803
10/09/2025 13:30;0.6894
10/09/2025 13:45;0.6631
10/09/2025 14:00;0.6571
10/09/2025 14:15;0.7106
10/09/2025 14:30;0.6601
10/09/2025 14:45;0.6633
10/09/2025 15:00;0.7149
10/09/2025 15:15;0.6992
10/09/2025 15:30;0.7069
10/09/2025 15:45;0.6795
10/09/2025 16:00;0.8370
10/09/2025 16:15;0.8313
10/09/2025 16:30;0.8498
10/09/2025 16:45;0.8365
10/09/2025 17:00;1.1143
10/09/2025 17:15;1.0380
10/09/2025 17:30;1.0428
10/09/2025 17:45;1.1319
10/09/2025 18:00;1.2923
10/09/2025 18:15;1.3640
10/09/2025 18:30;1.4536
10/09/2025 18:45;1.4968
10/09/2025 19:00;1.5406
10/09/2025 19:15;1.5012
10/09/2025 19:30;1.4458
10/09/2025 19:45;1.4934
10/09/2025 20:00;1.3749
10/09/2025 20:15;1.3442
10/09/2025 20:30;1.4232
10/09/2025 20:45;1.3424
10/09/2025 21:00;1.1007
10/09/2025 21:15;1.1483
10/09/2025 21:30;1.0920
10/09/2025 21:45;1.0404
10/09/2025 22:00;0.7918
10/09/2025 22:15;0.7487
10/09/2025 22:30;0.7310
10/09/2025 22:45;0.7025
10/09/2025 23:00;0.4997
10/09/2025 23:15;0.5124
10/09/2025 23:30;0.4820
10/09/2025 23:45;0.5087
11/09/2025 00:00;0.4200
11/09/2025 00:15;0.4036
11/09/2025 00:30;0.4259
11/09/2025 00:45;0.4193
11/09/2025 01:00;0.3581
11/09/2025 01:15;0.3562
11/09/2025 01:30;0.3565
11/09/2025 01:45;0.3560
11/09/2025 02:00;0.3520
11/09/2025 02:15;0.3413
11/09/2025 02:30;0.3454
11/09/2025 02:45;0.3408
11/09/2025 03:00;0.3568
11/09/2025 03:15;0.3603
11/09/2025 03:30;0.3442
11/09/2025 03:45;0.3431
11/09/2025 04:00;0.3931
11/09/2025 04:15;0.4078
11/09/2025 04:30;0.3958
11/09/2025 04:45;0.3925
11/09/2025 05:00;0.5978
11/09/2025 05:15;0.6060
11/09/2025 05:30;0.6114
11/09/2025 05:45;0.6057
11/09/2025 06:00;1.0857
11/09/2025 06:15;0.9702
11/09/2025 06:30;1.0693
11/09/2025 06:45;1.0258
11/09/2025 07:00;1.2669
11/09/2025 07:15;1.3337
11/09/2025 07:30;1.2592
11/09/2025 07:45;1.4381
11/09/2025 08:00;1.0090
11/09/2025 08:15;0.9647
11/09/2025 08:30;1.0214
11/09/2025 08:45;1.0242
11/09/2025 09:00;0.7519
11/09/2025 09:15;0.7413
11/09/2025 09:30;0.7508
11/09/2025 09:45;0.7057
11/09/2025 10:00;0.6746
11/09/2025 10:15;0.6931
11/09/2025 10:30;0.6650
11/09/2025 10:45;0.6772
11/09/2025 11:00;0.7270
11/09/2025 11:15;0.7556
11/09/2025 11:30;0.7174
11/09/2025 11:45;0.7313
11/09/2025 12:00;0.7658
11/09/2025 12:15;0.7754
11/09/2025 12:30;0.7016
11/09/2025 12:45;0.7637
11/09/2025 13:00;0.7270
11/09/2025 13:15;0.7126
11/09/2025 13:30;0.7304
11/09/2025 13:45;0.6751
11/09/2025 14:00;0.7142
11/09/2025 14:15;0.6676
11/09/2025 14:30;0.7118
11/09/2025 14:45;0.6775
11/09/2025 15:00;0.7156
11/09/2025 15:15;0.7344
11/09/2025 15:30;0.7020
11/09/2025 15:45;0.6935
11/09/2025 16:00;0.8401
11/09/2025 16:15;0.8149
11/09/2025 16:30;0.8385
11/09/2025 16:45;0.8335
11/09/2025 17:00;1.1776
11/09/2025 17:15;1.0996
11/09/2025 17:30;1.1549
11/09/2025 17:45;1.1509
11/09/2025 18:00;1.5492
11/09/2025 18:15;1.5001
11/09/2025 18:30;1.5106
11/09/2025 18:45;1.4667
11/09/2025 19:00;1.5029
11/09/2025 19:15;1.5912
11/09/2025 19:30;1.5202
11/09/2025 19:45;1.5278
11/09/2025 20:00;1.4552
11/09/2025 20:15;1.4564
11/09/2025 20:30;1.3787
11/09/2025 20:45;1.4049
11/09/2025 21:00;1.1327
11/09/2025 21:15;1.1406
11/09/2025 21:30;1.1778
11/09/2025 21:45;1.1548
11/09/2025 22:00;0.7860
11/09/2025 22:15;0.7492
11/09/2025 22:30;0.8110
11/09/2025 22:45;0.7527
11/09/2025 23:00;0.5129
11/09/2025 23:15;0.5169
11/09/2025 23:30;0.5341
11/09/2025 23:45;0.5100
12/09/2025 00:00;0.3937
12/09/2025 00:15;0.4026
12/09/2025 00:30;0.3826
12/09/2025 00:45;0.3915
12/09/2025 01:00;0.3445
12/09/2025 01:15;0.3421
12/09/2025 01:30;0.3355
12/09/2025 01:45;0.3449
12/09/2025 02:00;0.3368
12/09/2025 02:15;0.3289
12/09/2025 02:30;0.3331
12/09/2025 02:45;0.3322
12/09/2025 03:00;0.3449
12/09/2025 03:15;0.3413
12/09/2025 03:30;0.3334
12/09/2025 03:45;0.3515
12/09/2025 04:00;0.3785
12/09/2025 04:15;0.3981
12/09/2025 04:30;0.3854
12/09/2025 04:45;0.3745
12/09/2025 05:00;0.5701
12/09/2025 05:15;0.5911
12/09/2025 05:30;0.6072
12/09/2025 05:45;0.5694
12/09/2025 06:00;1.0488
12/09/2025 06:15;1.0762
12/09/2025 06:30;1.1580
12/09/2025 06:45;1.0677
12/09/2025 07:00;1.3059
12/09/2025 07:15;1.3258
12/09/2025 07:30;1.3693
12/09/2025 07:45;1.2828
12/09/2025 08:00;0.9407
12/09/2025 08:15;1.0437
12/09/2025 08:30;1.0022
12/09/2025 08:45;1.0107
12/09/2025 09:00;0.7434
12/09/2025 09:15;0.6977
12/09/2025 09:30;0.7309
12/09/2025 09:45;0.6777
12/09/2025 10:00;0.6701
12/09/2025 10:15;0.6894
12/09/2025 10:30;0.6531
12/09/2025 10:45;0.6770
12/09/2025 11:00;0.6750
12/09/2025 11:15;0.7018
12/09/2025 11:30;0.6799
12/09/2025 11:45;0.6891
12/09/2025 12:00;0.7043
12/09/2025 12:15;0.7451
12/09/2025 12:30;0.7180
12/09/2025 12:45;0.6990
12/09/2025 13:00;0.7364
12/09/2025 13:15;0.7311
12/09/2025 13:30;0.6778
12/09/2025 13:45;0.7178
12/09/2025 14:00;0.6868
12/09/2025 14:15;0.6425
12/09/2025 14:30;0.6697
12/09/2025 14:45;0.6632
12/09/2025 15:00;0.6981
12/09/2025 15:15;0.6724
12/09/2025 15:30;0.6600
12/09/2025 15:45;0.7327
12/09/2025 16:00;0.8255
12/09/2025 16:15;0.8320
12/09/2025 16:30;0.8093
12/09/2025 16:45;0.8318
12/09/2025 17:00;1.0950
12/09/2025 17:15;1.1681
12/09/2025 17:30;1.1347
12/09/2025 17:45;1.0386
12/09/2025 18:00;1.4698
12/09/2025 18:15;1.4073
12/09/2025 18:30;1.3109
12/09/2025 18:45;1.4884
12/09/2025 19:00;1.6810
12/09/2025 19:15;1.4517
12/09/2025 19:30;1.5766
12/09/2025 19:45;1.4993
12/09/2025 20:00;1.4784
12/09/2025 20:15;1.4233
12/09/2025 20:30;1.3274
12/09/2025 20:45;1.3609
12/09/2025 21:00;1.0863
12/09/2025 21:15;1.0645
12/09/2025 21:30;1.0874
12/09/2025 21:45;1.1129
12/09/2025 22:00;0.7292
12/09/2025 22:15;0.7290
12/09/2025 22:30;0.7712
12/09/2025 22:45;0.7732
12/09/2025 23:00;0.5049
12/09/2025 23:15;0.4845
12/09/2025 23:30;0.4611
12/09/2025 23:45;0.4725
13/09/2025 00:00;0.3928
13/09/2025 00:15;0.4060
13/09/2025 00:30;0.3918
13/09/2025 00:45;0.3966
13/09/2025 01:00;0.3582
13/09/2025 01:15;0.3666
13/09/2025 01:30;0.3596
13/09/2025 01:45;0.3668
13/09/2025 02:00;0.3532
13/09/2025 02:15;0.3455
13/09/2025 02:30;0.3495
13/09/2025 02:45;0.3629
13/09/2025 03:00;0.3639
13/09/2025 03:15;0.3540
13/09/2025 03:30;0.3683
13/09/2025 03:45;0.3630
13/09/2025 04:00;0.3924
13/09/2025 04:15;0.4006
13/09/2025 04:30;0.3891
13/09/2025 04:45;0.3974
13/09/2025 05:00;0.5893
13/09/2025 05:15;0.6133
13/09/2025 05:30;0.6056
13/09/2025 05:45;0.6016
13/09/2025 06:00;1.0387
13/09/2025 06:15;1.1340
13/09/2025 06:30;1.1048
13/09/2025 06:45;0.9881
13/09/2025 07:00;1.3192
13/09/2025 07:15;1.1915
13/09/2025 07:30;1.3203
13/09/2025 07:45;1.2719
13/09/2025 08:00;0.9154
13/09/2025 08:15;0.9143
13/09/2025 08:30;0.9962
13/09/2025 08:45;0.9580
13/09/2025 09:00;0.7384
13/09/2025 09:15;0.7020
13/09/2025 09:30;0.7137
13/09/2025 09:45;0.6914
13/09/2025 10:00;0.6654
13/09/2025 10:15;0.6733
13/09/2025 10:30;0.6671
13/09/2025 10:45;0.6837
13/09/2025 11:00;0.7046
13/09/2025 11:15;0.6624
13/09/2025 11:30;0.6921
13/09/2025 11:45;0.6679
13/09/2025 12:00;0.7951
13/09/2025 12:15;0.7270
13/09/2025 12:30;0.7362
13/09/2025 12:45;0.7220
13/09/2025 13:00;0.6635
13/09/2025 13:15;0.6929
13/09/2025 13:30;0.6968
13/09/2025 13:45;0.6988
13/09/2025 14:00;0.6383
13/09/2025 14:15;0.7007
13/09/2025 14:30;0.6742
13/09/2025 14:45;0.7128
13/09/2025 15:00;0.7080
13/09/2025 15:15;0.6390
13/09/2025 15:30;0.7025
13/09/2025 15:45;0.7165
13/09/2025 16:00;0.7891
13/09/2025 16:15;0.7456
13/09/2025 16:30;0.8080
13/09/2025 16:45;0.7761
13/09/2025 17:00;1.0718
13/09/2025 17:15;1.0489
13/09/2025 17:30;1.0542
13/09/2025 17:45;1.0769
13/09/2025 18:00;1.3563
13/09/2025 18:15;1.3779
13/09/2025 18:30;1.3795
13/09/2025 18:45;1.3598
13/09/2025 19:00;1.4993
13/09/2025 19:15;1.3632
13/09/2025 19:30;1.3129
13/09/2025 19:45;1.4961
13/09/2025 20:00;1.2878
13/09/2025 20:15;1.2714
13/09/2025 20:30;1.3705
13/09/2025 20:45;1.3395
13/09/2025 21:00;1.0781
13/09/2025 21:15;1.0353
13/09/2025 21:30;1.0716
13/09/2025 21:45;1.0906
13/09/2025 22:00;0.7213
13/09/2025 22:15;0.6960
13/09/2025 22:30;0.7468
13/09/2025 22:45;0.7552
13/09/2025 23:00;0.5121
13/09/2025 23:15;0.4867
13/09/2025 23:30;0.4901
13/09/2025 23:45;0.5035
14/09/2025 00:00;0.4765
14/09/2025 00:15;0.4515
14/09/2025 00:30;0.4464
14/09/2025 00:45;0.4603
14/09/2025 01:00;0.3929
14/09/2025 01:15;0.4039
14/09/2025 01:30;0.3946
14/09/2025 01:45;0.4115
14/09/2025 02:00;0.4022
14/09/2025 02:15;0.3976
14/09/2025 02:30;0.3895
14/09/2025 02:45;0.3955
14/09/2025 03:00;0.4111
14/09/2025 03:15;0.4010
14/09/2025 03:30;0.4075
14/09/2025 03:45;0.4104
14/09/2025 04:00;0.4438
14/09/2025 04:15;0.4363
14/09/2025 04:30;0.4425
14/09/2025 04:45;0.4472
14/09/2025 05:00;0.6688
14/09/2025 05:15;0.6692
14/09/2025 05:30;0.6849
14/09/2025 05:45;0.6773
14/09/2025 06:00;1.2562
14/09/2025 06:15;1.1568
14/09/2025 06:30;1.1597
14/09/2025 06:45;1.1134
14/09/2025 07:00;1.3776
14/09/2025 07:15;1.4087
14/09/2025 07:30;1.3720
14/09/2025 07:45;1.3726
14/09/2025 08:00;1.0836
14/09/2025 08:15;1.0869
14/09/2025 08:30;1.0451
14/09/2025 08:45;1.0989
14/09/2025 09:00;0.7604
14/09/2025 09:15;0.7539
14/09/2025 09:30;0.8059
14/09/2025 09:45;0.8352
14/09/2025 10:00;0.7296
14/09/2025 10:15;0.7296
14/09/2025 10:30;0.7410
14/09/2025 10:45;0.6991
14/09/2025 11:00;0.7323
14/09/2025 11:15;0.7692
14/09/2025 11:30;0.7564
14/09/2025 11:45;0.7905
14/09/2025 12:00;0.8667
14/09/2025 12:15;0.7980
14/09/2025 12:30;0.8111
14/09/2025 12:45;0.8129
14/09/2025 13:00;0.7999
14/09/2025 13:15;0.7486
14/09/2025 13:30;0.8077
14/09/2025 13:45;0.7732
14/09/2025 14:00;0.7403
14/09/2025 14:15;0.7301
14/09/2025 14:30;0.7459
14/09/2025 14:45;0.7358
14/09/2025 15:00;0.8303
14/09/2025 15:15;0.7709
14/09/2025 15:30;0.8031
14/09/2025 15:45;0.7336
14/09/2025 16:00;0.8918
14/09/2025 16:15;0.8699
14/09/2025 16:30;0.9210
14/09/2025 16:45;0.8908
14/09/2025 17:00;1.1493
14/09/2025 17:15;1.1411
14/09/2025 17:30;1.2000
14/09/2025 17:45;1.1877
14/09/2025 18:00;1.4288
14/09/2025 18:15;1.5251
14/09/2025 18:30;1.5715
14/09/2025 18:45;1.6526
14/09/2025 19:00;1.6847
14/09/2025 19:15;1.5991
14/09/2025 19:30;1.6763
14/09/2025 19:45;1.5866
14/09/2025 20:00;1.5027
14/09/2025 20:15;1.4137
14/09/2025 20:30;1.4610
14/09/2025 20:45;1.4931
14/09/2025 21:00;1.1314
14/09/2025 21:15;1.1983
14/09/2025 21:30;1.1685
14/09/2025 21:45;1.2649
14/09/2025 22:00;0.8581
14/09/2025 22:15;0.8212
14/09/2025 22:30;0.8195
14/09/2025 22:45;0.8051
14/09/2025 23:00;0.5410
14/09/2025 23:15;0.5560
14/09/2025 23:30;0.5827
14/09/2025 23:45;0.5528
15/09/2025 00:00;0.4268
15/09/2025 00:15;0.4338
15/09/2025 00:30;0.4456
15/09/2025 00:45;0.4465
15/09/2025 01:00;0.3702
15/09/2025 01:15;0.3714
15/09/2025 01:30;0.3733
15/09/2025 01:45;0.3741
15/09/2025 02:00;0.3630
15/09/2025 02:15;0.3640
15/09/2025 02:30;0.3707
15/09/2025 02:45;0.3564
15/09/2025 03:00;0.3650
15/09/2025 03:15;0.3637
15/09/2025 03:30;0.3634
15/09/2025 03:45;0.3634
15/09/2025 04:00;0.4119
15/09/2025 04:15;0.3951
15/09/2025 04:30;0.4136
15/09/2025 04:45;0.4156
15/09/2025 05:00;0.6342
15/09/2025 05:15;0.6531
15/09/2025 05:30;0.6297
15/09/2025 05:45;0.6274
15/09/2025 06:00;1.0652
15/09/2025 06:15;1.1226
15/09/2025 06:30;1.1051
15/09/2025 06:45;1.1808
15/09/2025 07:00;1.3478
15/09/2025 07:15;1.4290
15/09/2025 07:30;1.4070
15/09/2025 07:45;1.3657
15/09/2025 08:00;1.0184
15/09/2025 08:15;1.0024
15/09/2025 08:30;1.1347
15/09/2025 08:45;1.0132
15/09/2025 09:00;0.7543
15/09/2025 09:15;0.7805
15/09/2025 09:30;0.8384
15/09/2025 09:45;0.7445
15/09/2025 10:00;0.7056
15/09/2025 10:15;0.7246
15/09/2025 10:30;0.7065
15/09/2025 10:45;0.7213
15/09/2025 11:00;0.7656
15/09/2025 11:15;0.7686
15/09/2025 11:30;0.7607
15/09/2025 11:45;0.7419
15/09/2025 12:00;0.7606
15/09/2025 12:15;0.7509
15/09/2025 12:30;0.8165
15/09/2025 12:45;0.7557
15/09/2025 13:00;0.7582
15/09/2025 13:15;0.7232
15/09/2025 13:30;0.7661
15/09/2025 13:45;0.7179
15/09/2025 14:00;0.7326
15/09/2025 14:15;0.7369
15/09/2025 14:30;0.7472
15/09/2025 14:45;0.7071
15/09/2025 15:00;0.7377
15/09/2025 15:15;0.7825
15/09/2025 15:30;0.7577
15/09/2025 15:45;0.7463
15/09/2025 16:00;0.8492
15/09/2025 16:15;0.8111
15/09/2025 16:30;0.9014
15/09/2025 16:45;0.8432
15/09/2025 17:00;1.1391
15/09/2025 17:15;1.1614
15/09/2025 17:30;1.2317
15/09/2025 17:45;1.2392
15/09/2025 18:00;1.5279
15/09/2025 18:15;1.5483
15/09/2025 18:30;1.4774
15/09/2025 18:45;1.5307
15/09/2025 19:00;1.6623
15/09/2025 19:15;1.4904
15/09/2025 19:30;1.5921
15/09/2025 19:45;1.6666
15/09/2025 20:00;1.4316
15/09/2025 20:15;1.5123
15/09/2025 20:30;1.3991
15/09/2025 20:45;1.4211
15/09/2025 21:00;1.1749
15/09/2025 21:15;1.1935
15/09/2025 21:30;1.2566
15/09/2025 21:45;1.2010
15/09/2025 22:00;0.7672
15/09/2025 22:15;0.8348
15/09/2025 22:30;0.7870
15/09/2025 22:45;0.8022
15/09/2025 23:00;0.5427
15/09/2025 23:15;0.5226
15/09/2025 23:30;0.4962
15/09/2025 23:45;0.5619
16/09/2025 00:00;0.4096
16/09/2025 00:15;0.4071
16/09/2025 00:30;0.4160
16/09/2025 00:45;0.4079
16/09/2025 01:00;0.3665
16/09/2025 01:15;0.3637
16/09/2025 01:30;0.3674
16/09/2025 01:45;0.3705
16/09/2025 02:00;0.3466
16/09/2025 02:15;0.3400
16/09/2025 02:30;0.3459
16/09/2025 02:45;0.3519
16/09/2025 03:00;0.3435
16/09/2025 03:15;0.3523
16/09/2025 03:30;0.3474
16/09/2025 03:45;0.3526
16/09/2025 04:00;0.3959
16/09/2025 04:15;0.3877
16/09/2025 04:30;0.3925
16/09/2025 04:45;0.3985
16/09/2025 05:00;0.5945
16/09/2025 05:15;0.5697
16/09/2025 05:30;0.5957
16/09/2025 05:45;0.6181
16/09/2025 06:00;1.1230
16/09/2025 06:15;1.0608
16/09/2025 06:30;1.0931
16/09/2025 06:45;1.1093
16/09/2025 07:00;1.3976
16/09/2025 07:15;1.3655
16/09/2025 07:30;1.3514
16/09/2025 07:45;1.4207
16/09/2025 08:00;0.9995
16/09/2025 08:15;0.9748
16/09/2025 08:30;0.9915
16/09/2025 08:45;0.9998
16/09/2025 09:00;0.7141
16/09/2025 09:15;0.7333
16/09/2025 09:30;0.7258
16/09/2025 09:45;0.7041
16/09/2025 10:00;0.6562
16/09/2025 10:15;0.7105
16/09/2025 10:30;0.6830
16/09/2025 10:45;0.7012
16/09/2025 11:00;0.6961
16/09/2025 11:15;0.6994
16/09/2025 11:30;0.6979
16/09/2025 11:45;0.6839
16/09/2025 12:00;0.7200
16/09/2025 12:15;0.7281
16/09/2025 12:30;0.7345
16/09/2025 12:45;0.7903
16/09/2025 13:00;0.7277
16/09/2025 13:15;0.7094
16/09/2025 13:30;0.6909
16/09/2025 13:45;0.7141
16/09/2025 14:00;0.6776
16/09/2025 14:15;0.7144
16/09/2025 14:30;0.7089
16/09/2025 14:45;0.7004
16/09/2025 15:00;0.7335
16/09/2025 15:15;0.7249
16/09/2025 15:30;0.7270
16/09/2025 15:45;0.6988
16/09/2025 16:00;0.8590
16/09/2025 16:15;0.8463
16/09/2025 16:30;0.8413
16/09/2025 16:45;0.8584
16/09/2025 17:00;1.1382
16/09/2025 17:15;1.0833
16/09/2025 17:30;1.1654
16/09/2025 17:45;1.1550
16/09/2025 18:00;1.4400
16/09/2025 18:15;1.4464
16/09/2025 18:30;1.4786
16/09/2025 18:45;1.4298
16/09/2025 19:00;1.5742
16/09/2025 19:15;1.6065
16/09/2025 19:30;1.4869
16/09/2025 19:45;1.6773
16/09/2025 20:00;1.4686
16/09/2025 20:15;1.4016
16/09/2025 20:30;1.3612
16/09/2025 20:45;1.3173
16/09/2025 21:00;1.0872
16/09/2025 21:15;1.1684
16/09/2025 21:30;1.1477
16/09/2025 21:45;1.1501
16/09/2025 22:00;0.8030
16/09/2025 22:15;0.7855
16/09/2025 22:30;0.7491
16/09/2025 22:45;0.7918
16/09/2025 23:00;0.5121
16/09/2025 23:15;0.5054
16/09/2025 23:30;0.5054
16/09/2025 23:45;0.4758
17/09/2025 00:00;0.4310
17/09/2025 00:15;0.4071
17/09/2025 00:30;0.4142
17/09/2025 00:45;0.4062
17/09/2025 01:00;0.3673
17/09/2025 01:15;0.3771
17/09/2025 01:30;0.3588
17/09/2025 01:45;0.3745
17/09/2025 02:00;0.3577
17/09/2025 02:15;0.3434
17/09/2025 02:30;0.3647
17/09/2025 02:45;0.3616
17/09/2025 03:00;0.3597
17/09/2025 03:15;0.3694
17/09/2025 03:30;0.3594
17/09/2025 03:45;0.3626
17/09/2025 04:00;0.4017
17/09/2025 04:15;0.4050
17/09/2025 04:30;0.4058
17/09/2025 04:45;0.3971
17/09/2025 05:00;0.6171
17/09/2025 05:15;0.6308
17/09/2025 05:30;0.6081
17/09/2025 05:45;0.6164
17/09/2025 06:00;1.1155
17/09/2025 06:15;1.0850
17/09/2025 06:30;1.1446
17/09/2025 06:45;1.1883
17/09/2025 07:00;1.3702
17/09/2025 07:15;1.4158
17/09/2025 07:30;1.3180
17/09/2025 07:45;1.3297
17/09/2025 08:00;1.0577
17/09/2025 08:15;1.0012
17/09/2025 08:30;0.9861
17/09/2025 08:45;1.0671
17/09/2025 09:00;0.7087
17/09/2025 09:15;0.7397
17/09/2025 09:30;0.7495
17/09/2025 09:45;0.6944
17/09/2025 10:00;0.6614
17/09/2025 10:15;0.6353
17/09/2025 10:30;0.7272
17/09/2025 10:45;0.7223
17/09/2025 11:00;0.7461
17/09/2025 11:15;0.7400
17/09/2025 11:30;0.7217
17/09/2025 11:45;0.7317
17/09/2025 12:00;0.7871
17/09/2025 12:15;0.7582
17/09/2025 12:30;0.7638
17/09/2025 12:45;0.6931
17/09/2025 13:00;0.6731
17/09/2025 13:15;0.7393
17/09/2025 13:30;0.7359
17/09/2025 13:45;0.6820
17/09/2025 14:00;0.7117
17/09/2025 14:15;0.7116
17/09/2025 14:30;0.7134
17/09/2025 14:45;0.7126
17/09/2025 15:00;0.7727
17/09/2025 15:15;0.7568
17/09/2025 15:30;0.7410
17/09/2025 15:45;0.7478
17/09/2025 16:00;0.8722
17/09/2025 16:15;0.8581
17/09/2025 16:30;0.7538
17/09/2025 16:45;0.8056
17/09/2025 17:00;1.1591
17/09/2025 17:15;1.0725
17/09/2025 17:30;1.1491
17/09/2025 17:45;1.1263
17/09/2025 18:00;1.5556
17/09/2025 18:15;1.4548
17/09/2025 18:30;1.3887
17/09/2025 18:45;1.5030
17/09/2025 19:00;1.5755
17/09/2025 19:15;1.5340
17/09/2025 19:30;1.5548
17/09/2025 19:45;1.6458
17/09/2025 20:00;1.4478
17/09/2025 20:15;1.3405
17/09/2025 20:30;1.4764
17/09/2025 20:45;1.4291
17/09/2025 21:00;1.1593
17/09/2025 21:15;1.1554
17/09/2025 21:30;1.1484
17/09/2025 21:45;1.1994
17/09/2025 22:00;0.7793
17/09/2025 22:15;0.8110
17/09/2025 22:30;0.7789
17/09/2025 22:45;0.8003
17/09/2025 23:00;0.5199
17/09/2025 23:15;0.5016
17/09/2025 23:30;0.5108
17/09/2025 23:45;0.5115
18/09/2025 00:00;0.4027
18/09/2025 00:15;0.4210
18/09/2025 00:30;0.4012
18/09/2025 00:45;0.4170
18/09/2025 01:00;0.3661
18/09/2025 01:15;0.3701
18/09/2025 01:30;0.3611
18/09/2025 01:45;0.3619
18/09/2025 02:00;0.3476
18/09/2025 02:15;0.3498
18/09/2025 02:30;0.3505
18/09/2025 02:45;0.3593
18/09/2025 03:00;0.3699
18/09/2025 03:15;0.3648
18/09/2025 03:30;0.3514
18/09/2025 03:45;0.3589
18/09/2025 04:00;0.3914
18/09/2025 04:15;0.3994
18/09/2025 04:30;0.4099
18/09/2025 04:45;0.4052
18/09/2025 05:00;0.6217
18/09/2025 05:15;0.6090
18/09/2025 05:30;0.5943
18/09/2025 05:45;0.6136
18/09/2025 06:00;1.0995
18/09/2025 06:15;1.0991
18/09/2025 06:30;1.0942
18/09/2025 06:45;1.0823
18/09/2025 07:00;1.2413
18/09/2025 07:15;1.3652
18/09/2025 07:30;1.3601
18/09/2025 07:45;1.3720
18/09/2025 08:00;1.0375
18/09/2025 08:15;1.0766
18/09/2025 08:30;1.0072
18/09/2025 08:45;0.9931
18/09/2025 09:00;0.7514
18/09/2025 09:15;0.7403
18/09/2025 09:30;0.7957
18/09/2025 09:45;0.7639
18/09/2025 10:00;0.6894
18/09/2025 10:15;0.6794
18/09/2025 10:30;0.7210
18/09/2025 10:45;0.7029
18/09/2025 11:00;0.7396
18/09/2025 11:15;0.6833
18/09/2025 11:30;0.7272
18/09/2025 11:45;0.7259
18/09/2025 12:00;0.7836
18/09/2025 12:15;0.7720
18/09/2025 12:30;0.8093
18/09/2025 12:45;0.7814
18/09/2025 13:00;0.7296
18/09/2025 13:15;0.7279
18/09/2025 13:30;0.7465
18/09/2025 13:45;0.7379
18/09/2025 14:00;0.6895
18/09/2025 14:15;0.6767
18/09/2025 14:30;0.7089
18/09/2025 14:45;0.6944
18/09/2025 15:00;0.7637
18/09/2025 15:15;0.7488
18/09/2025 15:30;0.7485
18/09/2025 15:45;0.7467
18/09/2025 16:00;0.8315
18/09/2025 16:15;0.8532
18/09/2025 16:30;0.8307
18/09/2025 16:45;0.7897
18/09/2025 17:00;1.1753
18/09/2025 17:15;1.1325
18/09/2025 17:30;1.1367
18/09/2025 17:45;1.0848
18/09/2025 18:00;1.4223
18/09/2025 18:15;1.4414
18/09/2025 18:30;1.4275
18/09/2025 18:45;1.4708
18/09/2025 19:00;1.6690
18/09/2025 19:15;1.5264
18/09/2025 19:30;1.5324
18/09/2025 19:45;1.5564
18/09/2025 20:00;1.3576
18/09/2025 20:15;1.4392
18/09/2025 20:30;1.4126
18/09/2025 20:45;1.3775
18/09/2025 21:00;1.0856
18/09/2025 21:15;1.1146
18/09/2025 21:30;1.1736
18/09/2025 21:45;1.1904
18/09/2025 22:00;0.7867
18/09/2025 22:15;0.7176
18/09/2025 22:30;0.7869
18/09/2025 22:45;0.8121
18/09/2025 23:00;0.4990
18/09/2025 23:15;0.5280
18/09/2025 23:30;0.5164
18/09/2025 23:45;0.5150
19/09/2025 00:00;0.4197
19/09/2025 00:15;0.4345
19/09/2025 00:30;0.4249
19/09/2025 00:45;0.4324
19/09/2025 01:00;0.3858
19/09/2025 01:15;0.3705
19/09/2025 01:30;0.3693
19/09/2025 01:45;0.3801
19/09/2025 02:00;0.3637
19/09/2025 02:15;0.3611
19/09/2025 02:30;0.3596
19/09/2025 02:45;0.3583
19/09/2025 03:00;0.3738
19/09/2025 03:15;0.3748
19/09/2025 03:30;0.3734
19/09/2025 03:45;0.3650
19/09/2025 04:00;0.4027
19/09/2025 04:15;0.4032
19/09/2025 04:30;0.3875
19/09/2025 04:45;0.4118
19/09/2025 05:00;0.6440
19/09/2025 05:15;0.6199
19/09/2025 05:30;0.6355
19/09/2025 05:45;0.6036
19/09/2025 06:00;1.2435
19/09/2025 06:15;1.1422
19/09/2025 06:30;1.1258
19/09/2025 06:45;1.2336
19/09/2025 07:00;1.4093
19/09/2025 07:15;1.4347
19/09/2025 07:30;1.3420
19/09/2025 07:45;1.3779
19/09/2025 08:00;1.0180
19/09/2025 08:15;1.1029
19/09/2025 08:30;1.0685
19/09/2025 08:45;1.0605
19/09/2025 09:00;0.7582
19/09/2025 09:15;0.7921
19/09/2025 09:30;0.7430
19/09/2025 09:45;0.7805
19/09/2025 10:00;0.7302
19/09/2025 10:15;0.7135
19/09/2025 10:30;0.6991
19/09/2025 10:45;0.6871
19/09/2025 11:00;0.8098
19/09/2025 11:15;0.7470
19/09/2025 11:30;0.7052
19/09/2025 11:45;0.7336
19/09/2025 12:00;0.7680
19/09/2025 12:15;0.7970
19/09/2025 12:30;0.7542
19/09/2025 12:45;0.7714
19/09/2025 13:00;0.7290
19/09/2025 13:15;0.7398
19/09/2025 13:30;0.7545
19/09/2025 13:45;0.7673
19/09/2025 14:00;0.7361
19/09/2025 14:15;0.6964
19/09/2025 14:30;0.7062
19/09/2025 14:45;0.7224
19/09/2025 15:00;0.7190
19/09/2025 15:15;0.8357
19/09/2025 15:30;0.7517
19/09/2025 15:45;0.8084
19/09/2025 16:00;0.8939
19/09/2025 16:15;0.9046
19/09/2025 16:30;0.8362
19/09/2025 16:45;0.8612
19/09/2025 17:00;1.0677
19/09/2025 17:15;1.1693
19/09/2025 17:30;1.2411
19/09/2025 17:45;1.1945
19/09/2025 18:00;1.5071
19/09/2025 18:15;1.5251
19/09/2025 18:30;1.4432
19/09/2025 18:45;1.4864
19/09/2025 19:00;1.5930
19/09/2025 19:15;1.6069
19/09/2025 19:30;1.5999
19/09/2025 19:45;1.5777
19/09/2025 20:00;1.4560
19/09/2025 20:15;1.4553
19/09/2025 20:30;1.4395
19/09/2025 20:45;1.4851
19/09/2025 21:00;1.1387
19/09/2025 21:15;1.2065
19/09/2025 21:30;1.1443
19/09/2025 21:45;1.1457
19/09/2025 22:00;0.8093
19/09/2025 22:15;0.7629
19/09/2025 22:30;0.8048
19/09/2025 22:45;0.7946
19/09/2025 23:00;0.5072
19/09/2025 23:15;0.5175
19/09/2025 23:30;0.5323
19/09/2025 23:45;0.5349
20/09/2025 00:00;0.3922
20/09/2025 00:15;0.4089
20/09/2025 00:30;0.3879
20/09/2025 00:45;0.3957
20/09/2025 01:00;0.3516
20/09/2025 01:15;0.3553
20/09/2025 01:30;0.3530
20/09/2025 01:45;0.3558
20/09/2025 02:00;0.3412
20/09/2025 02:15;0.3526
20/09/2025 02:30;0.3406
20/09/2025 02:45;0.3405
20/09/2025 03:00;0.3441
20/09/2025 03:15;0.3472
20/09/2025 03:30;0.3506
20/09/2025 03:45;0.3501
20/09/2025 04:00;0.3924
20/09/2025 04:15;0.3808
20/09/2025 04:30;0.3958
20/09/2025 04:45;0.3938
20/09/2025 05:00;0.5731
20/09/2025 05:15;0.5613
20/09/2025 05:30;0.5786
20/09/2025 05:45;0.5841
20/09/2025 06:00;1.0464
20/09/2025 06:15;0.9950
20/09/2025 06:30;1.0120
20/09/2025 06:45;1.0113
20/09/2025 07:00;1.3848
20/09/2025 07:15;1.2496
20/09/2025 07:30;1.3406
20/09/2025 07:45;1.2668
20/09/2025 08:00;0.9213
20/09/2025 08:15;0.9332
20/09/2025 08:30;0.9515
20/09/2025 08:45;0.8960
20/09/2025 09:00;0.7022
20/09/2025 09:15;0.6955
20/09/2025 09:30;0.6740
20/09/2025 09:45;0.6855
20/09/2025 10:00;0.6374
20/09/2025 10:15;0.6441
20/09/2025 10:30;0.6312
20/09/2025 10:45;0.6436
20/09/2025 11:00;0.6723
20/09/2025 11:15;0.6501
20/09/2025 11:30;0.6545
20/09/2025 11:45;0.6617
20/09/2025 12:00;0.7204
20/09/2025 12:15;0.6832
20/09/2025 12:30;0.6654
20/09/2025 12:45;0.7312
20/09/2025 13:00;0.6640
20/09/2025 13:15;0.6821
20/09/2025 13:30;0.6807
20/09/2025 13:45;0.6727
20/09/2025 14:00;0.6411
20/09/2025 14:15;0.6372
20/09/2025 14:30;0.6306
20/09/2025 14:45;0.6931
20/09/2025 15:00;0.6273
20/09/2025 15:15;0.7297
20/09/2025 15:30;0.6759
20/09/2025 15:45;0.6855
20/09/2025 16:00;0.7837
20/09/2025 16:15;0.7809
20/09/2025 16:30;0.8176
20/09/2025 16:45;0.7591
20/09/2025 17:00;1.0748
20/09/2025 17:15;1.0474
20/09/2025 17:30;1.0237
20/09/2025 17:45;1.0261
20/09/2025 18:00;1.2658
20/09/2025 18:15;1.3375
20/09/2025 18:30;1.4250
20/09/2025 18:45;1.3113
20/09/2025 19:00;1.4500
20/09/2025 19:15;1.4326
20/09/2025 19:30;1.4606
20/09/2025 19:45;1.4010
20/09/2025 20:00;1.2769
20/09/2025 20:15;1.2771
20/09/2025 20:30;1.2415
20/09/2025 20:45;1.2634
20/09/2025 21:00;1.0153
20/09/2025 21:15;1.0424
20/09/2025 21:30;1.0932
20/09/2025 21:45;1.0253
20/09/2025 22:00;0.7175
20/09/2025 22:15;0.7403
20/09/2025 22:30;0.7359
20/09/2025 22:45;0.7103
20/09/2025 23:00;0.4803
20/09/2025 23:15;0.4927
20/09/2025 23:30;0.5013
20/09/2025 23:45;0.4802
21/09/2025 00:00;0.4118
21/09/2025 00:15;0.4147
21/09/2025 00:30;0.4162
21/09/2025 00:45;0.4082
21/09/2025 01:00;0.3906
21/09/2025 01:15;0.3964
21/09/2025 01:30;0.3857
21/09/2025 01:45;0.3870
21/09/2025 02:00;0.3747
21/09/2025 02:15;0.3782
21/09/2025 02:30;0.3823
21/09/2025 02:45;0.3819
21/09/2025 03:00;0.3819
21/09/2025 03:15;0.3848
21/09/2025 03:30;0.3933
21/09/2025 03:45;0.3795
21/09/2025 04:00;0.4254
21/09/2025 04:15;0.4331
21/09/2025 04:30;0.4202
21/09/2025 04:45;0.4358
21/09/2025 05:00;0.6342
21/09/2025 05:15;0.6542
21/09/2025 05:30;0.6228
21/09/2025 05:45;0.6480
21/09/2025 06:00;1.0777
21/09/2025 06:15;1.1109
21/09/2025 06:30;1.1084
21/09/2025 06:45;1.0951
21/09/2025 07:00;1.2491
21/09/2025 07:15;1.3363
21/09/2025 07:30;1.1690
21/09/2025 07:45;1.3948
21/09/2025 08:00;1.0223
21/09/2025 08:15;0.9816
21/09/2025 08:30;0.9383
21/09/2025 08:45;0.9825
21/09/2025 09:00;0.7379
21/09/2025 09:15;0.7544
21/09/2025 09:30;0.7530
21/09/2025 09:45;0.7577
21/09/2025 10:00;0.6624
21/09/2025 10:15;0.7232
21/09/2025 10:30;0.7009
21/09/2025 10:45;0.6937
21/09/2025 11:00;0.7467
21/09/2025 11:15;0.7263
21/09/2025 11:30;0.7293
21/09/2025 11:45;0.6984
21/09/2025 12:00;0.7754
21/09/2025 12:15;0.7551
21/09/2025 12:30;0.7435
21/09/2025 12:45;0.7950
21/09/2025 13:00;0.6937
21/09/2025 13:15;0.7392
21/09/2025 13:30;0.7082
21/09/2025 13:45;0.6937
21/09/2025 14:00;0.7286
21/09/2025 14:15;0.6680
21/09/2025 14:30;0.7001
21/09/2025 14:45;0.6709
21/09/2025 15:00;0.7249
21/09/2025 15:15;0.7294
21/09/2025 15:30;0.7189
21/09/2025 15:45;0.7242
21/09/2025 16:00;0.8849
21/09/2025 16:15;0.8204
21/09/2025 16:30;0.8261
21/09/2025 16:45;0.8423
21/09/2025 17:00;1.0863
21/09/2025 17:15;1.1777
21/09/2025 17:30;1.1468
21/09/2025 17:45;1.1137
21/09/2025 18:00;1.3134
21/09/2025 18:15;1.4251
21/09/2025 18:30;1.4451
21/09/2025 18:45;1.4222
21/09/2025 19:00;1.4839
21/09/2025 19:15;1.4303
21/09/2025 19:30;1.4551
21/09/2025 19:45;1.5599
21/09/2025 20:00;1.3448
21/09/2025 20:15;1.3836
21/09/2025 20:30;1.3769
21/09/2025 20:45;1.3681
21/09/2025 21:00;1.1703
21/09/2025 21:15;1.1104
21/09/2025 21:30;1.0981
21/09/2025 21:45;1.1664
21/09/2025 22:00;0.7808
21/09/2025 22:15;0.7674
21/09/2025 22:30;0.7496
21/09/2025 22:45;0.8028
21/09/2025 23:00;0.5401
21/09/2025 23:15;0.5352
21/09/2025 23:30;0.5294
21/09/2025 23:45;0.5318
22/09/2025 00:00;0.4365
22/09/2025 00:15;0.4303
22/09/2025 00:30;0.4305
22/09/2025 00:45;0.4260
22/09/2025 01:00;0.3765
22/09/2025 01:15;0.3759
22/09/2025 01:30;0.3675
22/09/2025 01:45;0.3714
22/09/2025 02:00;0.3582
22/09/2025 02:15;0.3568
22/09/2025 02:30;0.3626
22/09/2025 02:45;0.3681
22/09/2025 03:00;0.3760
22/09/2025 03:15;0.3724
22/09/2025 03:30;0.3611
22/09/2025 03:45;0.3698
22/09/2025 04:00;0.4190
22/09/2025 04:15;0.3975
22/09/2025 04:30;0.4135
22/09/2025 04:45;0.4075
22/09/2025 05:00;0.6012
22/09/2025 05:15;0.6232
22/09/2025 05:30;0.6401
22/09/2025 05:45;0.6279
22/09/2025 06:00;1.0574
22/09/2025 06:15;1.0350
22/09/2025 06:30;1.1089
22/09/2025 06:45;1.1077
22/09/2025 07:00;1.3973
22/09/2025 07:15;1.4178
22/09/2025 07:30;1.3556
22/09/2025 07:45;1.2911
22/09/2025 08:00;0.9432
22/09/2025 08:15;1.0277
22/09/2025 08:30;1.0815
22/09/2025 08:45;1.0696
22/09/2025 09:00;0.7409
22/09/2025 09:15;0.7725
22/09/2025 09:30;0.7404
22/09/2025 09:45;0.7394
22/09/2025 10:00;0.6945
22/09/2025 10:15;0.7171
22/09/2025 10:30;0.7005
22/09/2025 10:45;0.7099
22/09/2025 11:00;0.7099
22/09/2025 11:15;0.7439
22/09/2025 11:30;0.7072
22/09/2025 11:45;0.7577
22/09/2025 12:00;0.8143
22/09/2025 12:15;0.7611
22/09/2025 12:30;0.7599
22/09/2025 12:45;0.7964
22/09/2025 13:00;0.7087
22/09/2025 13:15;0.7290
22/09/2025 13:30;0.7692
22/09/2025 13:45;0.7361
22/09/2025 14:00;0.6993
22/09/2025 14:15;0.6897
22/09/2025 14:30;0.6902
22/09/2025 14:45;0.6977
22/09/2025 15:00;0.7419
22/09/2025 15:15;0.7253
22/09/2025 15:30;0.7421
22/09/2025 15:45;0.7361
22/09/2025 16:00;0.8684
22/09/2025 16:15;0.8282
22/09/2025 16:30;0.8684
22/09/2025 16:45;0.8435
22/09/2025 17:00;1.1147
22/09/2025 17:15;1.1813
22/09/2025 17:30;1.2151
22/09/2025 17:45;1.1630
22/09/2025 18:00;1.5705
22/09/2025 18:15;1.5457
22/09/2025 18:30;1.5318
22/09/2025 18:45;1.3958
22/09/2025 19:00;1.4477
22/09/2025 19:15;1.5455
22/09/2025 19:30;1.4851
22/09/2025 19:45;1.4870
22/09/2025 20:00;1.3465
22/09/2025 20:15;1.3799
22/09/2025 20:30;1.4457
22/09/2025 20:45;1.3162
22/09/2025 21:00;1.1230
22/09/2025 21:15;1.0360
22/09/2025 21:30;1.1336
22/09/2025 21:45;1.1350
22/09/2025 22:00;0.8126
22/09/2025 22:15;0.7977
22/09/2025 22:30;0.7666
22/09/2025 22:45;0.8059
22/09/2025 23:00;0.5124
22/09/2025 23:15;0.5288
22/09/2025 23:30;0.5257
22/09/2025 23:45;0.5319
23/09/2025 00:00;0.4551
23/09/2025 00:15;0.4551
23/09/2025 00:30;0.4559
23/09/2025 00:45;0.4537
23/09/2025 01:00;0.3926
23/09/2025 01:15;0.4044
23/09/2025 01:30;0.4079
23/09/2025 01:45;0.3901
23/09/2025 02:00;0.3905
23/09/2025 02:15;0.3986
23/09/2025 02:30;0.3894
23/09/2025 02:45;0.3964
23/09/2025 03:00;0.4017
23/09/2025 03:15;0.3920
23/09/2025 03:30;0.3881
23/09/2025 03:45;0.3908
23/09/2025 04:00;0.4281
23/09/2025 04:15;0.4452
23/09/2025 04:30;0.4320
23/09/2025 04:45;0.4335
23/09/2025 05:00;0.6451
23/09/2025 05:15;0.6481
23/09/2025 05:30;0.6768
23/09/2025 05:45;0.7025
23/09/2025 06:00;1.1880
23/09/2025 06:15;1.1815
23/09/2025 06:30;1.1943
23/09/2025 06:45;1.1770
23/09/2025 07:00;1.3719
23/09/2025 07:15;1.4145
23/09/2025 07:30;1.4243
23/09/2025 07:45;1.5320
23/09/2025 08:00;1.0511
23/09/2025 08:15;1.0947
23/09/2025 08:30;1.0281
23/09/2025 08:45;1.0146
23/09/2025 09:00;0.7865
23/09/2025 09:15;0.7864
23/09/2025 09:30;0.8179
23/09/2025 09:45;0.8012
23/09/2025 10:00;0.7486
23/09/2025 10:15;0.7765
23/09/2025 10:30;0.7440
23/09/2025 10:45;0.7135
23/09/2025 11:00;0.7790
23/09/2025 11:15;0.7790
23/09/2025 11:30;0.7120
23/09/2025 11:45;0.7716
23/09/2025 12:00;0.8037
23/09/2025 12:15;0.8292
23/09/2025 12:30;0.7693
23/09/2025 12:45;0.8042
23/09/2025 13:00;0.7899
23/09/2025 13:15;0.7823
23/09/2025 13:30;0.7431
23/09/2025 13:45;0.7834
23/09/2025 14:00;0.7100
23/09/2025 14:15;0.7778
23/09/2025 14:30;0.7408
23/09/2025 14:45;0.7651
23/09/2025 15:00;0.7504
23/09/2025 15:15;0.7705
23/09/2025 15:30;0.7816
23/09/2025 15:45;0.7547
23/09/2025 16:00;0.8979
23/09/2025 16:15;0.9056
23/09/2025 16:30;0.8805
23/09/2025 16:45;0.9204
23/09/2025 17:00;1.2189
23/09/2025 17:15;1.2098
23/09/2025 17:30;1.2011
23/09/2025 17:45;1.1932
23/09/2025 18:00;1.4828
23/09/2025 18:15;1.5129
23/09/2025 18:30;1.7630
23/09/2025 18:45;1.4437
23/09/2025 19:00;1.5147
23/09/2025 19:15;1.7182
23/09/2025 19:30;1.7460
23/09/2025 19:45;1.6445
23/09/2025 20:00;1.4796
23/09/2025 20:15;1.4254
23/09/2025 20:30;1.4525
23/09/2025 20:45;1.5059
23/09/2025 21:00;1.1428
23/09/2025 21:15;1.2211
23/09/2025 21:30;1.2498
23/09/2025 21:45;1.1760
23/09/2025 22:00;0.8081
23/09/2025 22:15;0.8198
23/09/2025 22:30;0.8200
23/09/2025 22:45;0.8332
23/09/2025 23:00;0.5509
23/09/2025 23:15;0.5650
23/09/2025 23:30;0.5574
23/09/2025 23:45;0.5357
24/09/2025 00:00;0.4468
24/09/2025 00:15;0.4238
24/09/2025 00:30;0.4443
24/09/2025 00:45;0.4435
24/09/2025 01:00;0.3855
24/09/2025 01:15;0.3906
24/09/2025 01:30;0.3855
24/09/2025 01:45;0.3934
24/09/2025 02:00;0.3722
24/09/2025 02:15;0.3661
24/09/2025 02:30;0.3797
24/09/2025 02:45;0.3722
24/09/2025 03:00;0.3890
24/09/2025 03:15;0.3763
24/09/2025 03:30;0.3879
24/09/2025 03:45;0.3885
24/09/2025 04:00;0.4218
24/09/2025 04:15;0.4153
24/09/2025 04:30;0.4325
24/09/2025 04:45;0.4317
24/09/2025 05:00;0.6424
24/09/2025 05:15;0.6355
24/09/2025 05:30;0.6507
24/09/2025 05:45;0.6314
24/09/2025 06:00;1.1515
24/09/2025 06:15;1.1464
24/09/2025 06:30;1.1394
24/09/2025 06:45;1.1855
24/09/2025 07:00;1.5385
24/09/2025 07:15;1.3263
24/09/2025 07:30;1.3123
24/09/2025 07:45;1.3738
24/09/2025 08:00;1.0488
24/09/2025 08:15;1.0501
24/09/2025 08:30;1.0731
24/09/2025 08:45;1.0563
24/09/2025 09:00;0.7603
24/09/2025 09:15;0.8049
24/09/2025 09:30;0.7482
24/09/2025 09:45;0.8143
24/09/2025 10:00;0.7314
24/09/2025 10:15;0.7395
24/09/2025 10:30;0.7281
24/09/2025 10:45;0.7056
24/09/2025 11:00;0.7680
24/09/2025 11:15;0.7509
24/09/2025 11:30;0.7673
24/09/2025 11:45;0.7542
24/09/2025 12:00;0.7590
24/09/2025 12:15;0.7878
24/09/2025 12:30;0.7976
24/09/2025 12:45;0.7632
24/09/2025 13:00;0.8032
24/09/2025 13:15;0.7737
24/09/2025 13:30;0.6894
24/09/2025 13:45;0.7553
24/09/2025 14:00;0.7588
24/09/2025 14:15;0.7397
24/09/2025 14:30;0.7503
24/09/2025 14:45;0.7480
24/09/2025 15:00;0.7622
24/09/2025 15:15;0.7750
24/09/2025 15:30;0.7132
24/09/2025 15:45;0.7520
24/09/2025 16:00;0.9073
24/09/2025 16:15;0.8568
24/09/2025 16:30;0.8395
24/09/2025 16:45;0.9072
24/09/2025 17:00;1.1802
24/09/2025 17:15;1.1931
24/09/2025 17:30;1.2021
24/09/2025 17:45;1.1289
24/09/2025 18:00;1.5016
24/09/2025 18:15;1.6132
24/09/2025 18:30;1.5654
24/09/2025 18:45;1.5352
24/09/2025 19:00;1.6166
24/09/2025 19:15;1.5658
24/09/2025 19:30;1.6362
24/09/2025 19:45;1.6461
24/09/2025 20:00;1.4325
24/09/2025 20:15;1.4448
24/09/2025 20:30;1.4576
24/09/2025 20:45;1.4161
24/09/2025 21:00;1.2258
24/09/2025 21:15;1.2318
24/09/2025 21:30;1.1250
24/09/2025 21:45;1.2085
24/09/2025 22:00;0.7994
24/09/2025 22:15;0.8135
24/09/2025 22:30;0.7487
24/09/2025 22:45;0.8417
24/09/2025 23:00;0.5350
24/09/2025 23:15;0.5223
24/09/2025 23:30;0.5243
24/09/2025 23:45;0.5508
25/09/2025 00:00;0.4310
25/09/2025 00:15;0.4405
25/09/2025 00:30;0.4318
25/09/2025 00:45;0.4504
25/09/2025 01:00;0.3798
25/09/2025 01:15;0.3837
25/09/2025 01:30;0.3857
25/09/2025 01:45;0.3927
25/09/2025 02:00;0.3731
25/09/2025 02:15;0.3756
25/09/2025 02:30;0.3726
25/09/2025 02:45;0.3703
25/09/2025 03:00;0.3807
25/09/2025 03:15;0.3827
25/09/2025 03:30;0.3825
25/09/2025 03:45;0.3786
25/09/2025 04:00;0.4182
25/09/2025 04:15;0.4209
25/09/2025 04:30;0.4202
25/09/2025 04:45;0.4293
25/09/2025 05:00;0.6138
25/09/2025 05:15;0.6270
25/09/2025 05:30;0.6413
25/09/2025 05:45;0.6485
25/09/2025 06:00;1.1096
25/09/2025 06:15;1.1240
25/09/2025 06:30;1.2054
25/09/2025 06:45;1.2093
25/09/2025 07:00;1.4035
25/09/2025 07:15;1.4395
25/09/2025 07:30;1.4679
25/09/2025 07:45;1.5583
25/09/2025 08:00;1.0562
25/09/2025 08:15;1.0443
25/09/2025 08:30;1.0569
25/09/2025 08:45;1.1009
25/09/2025 09:00;0.7953
25/09/2025 09:15;0.7819
25/09/2025 09:30;0.7921
25/09/2025 09:45;0.7672
25/09/2025 10:00;0.7225
25/09/2025 10:15;0.7045
25/09/2025 10:30;0.7318
25/09/2025 10:45;0.7348
25/09/2025 11:00;0.7662
25/09/2025 11:15;0.6987
25/09/2025 11:30;0.7740
25/09/2025 11:45;0.7753
25/09/2025 12:00;0.7566
25/09/2025 12:15;0.8177
25/09/2025 12:30;0.7453
25/09/2025 12:45;0.7586
25/09/2025 13:00;0.7685
25/09/2025 13:15;0.7556
25/09/2025 13:30;0.7839
25/09/2025 13:45;0.7044
25/09/2025 14:00;0.7176
25/09/2025 14:15;0.7441
25/09/2025 14:30;0.6922
25/09/2025 14:45;0.7170
25/09/2025 15:00;0.7601
25/09/2025 15:15;0.7589
25/09/2025 15:30;0.7639
25/09/2025 15:45;0.7786
25/09/2025 16:00;0.8427
25/09/2025 16:15;0.9363
25/09/2025 16:30;0.8568
25/09/2025 16:45;0.8782
25/09/2025 17:00;1.2026
25/09/2025 17:15;1.2078
25/09/2025 17:30;1.1861
25/09/2025 17:45;1.1806
25/09/2025 18:00;1.5835
25/09/2025 18:15;1.5321
25/09/2025 18:30;1.5452
25/09/2025 18:45;1.5307
25/09/2025 19:00;1.6124
25/09/2025 19:15;1.6328
25/09/2025 19:30;1.6056
25/09/2025 19:45;1.6536
25/09/2025 20:00;1.4266
25/09/2025 20:15;1.4113
25/09/2025 20:30;1.3713
25/09/2025 20:45;1.4489
25/09/2025 21:00;1.1552
25/09/2025 21:15;1.1604
25/09/2025 21:30;1.1930
25/09/2025 21:45;1.1451
25/09/2025 22:00;0.7970
25/09/2025 22:15;0.8039
25/09/2025 22:30;0.8001
25/09/2025 22:45;0.8063
25/09/2025 23:00;0.5324
25/09/2025 23:15;0.5336
25/09/2025 23:30;0.5269
25/09/2025 23:45;0.5144
26/09/2025 00:00;0.4428
26/09/2025 00:15;0.4642
26/09/2025 00:30;0.4426
26/09/2025 00:45;0.4428
26/09/2025 01:00;0.3895
26/09/2025 01:15;0.3957
26/09/2025 01:30;0.3960
26/09/2025 01:45;0.4116
26/09/2025 02:00;0.3879
26/09/2025 02:15;0.3709
26/09/2025 02:30;0.3789
26/09/2025 02:45;0.3933
26/09/2025 03:00;0.3966
26/09/2025 03:15;0.3837
26/09/2025 03:30;0.3906
26/09/2025 03:45;0.3835
26/09/2025 04:00;0.4362
26/09/2025 04:15;0.4395
26/09/2025 04:30;0.4242
26/09/2025 04:45;0.4373
26/09/2025 05:00;0.6501
26/09/2025 05:15;0.6830
26/09/2025 05:30;0.6592
26/09/2025 05:45;0.6566
26/09/2025 06:00;1.1952
26/09/2025 06:15;1.2596
26/09/2025 06:30;1.2378
26/09/2025 06:45;1.2348
26/09/2025 07:00;1.5401
26/09/2025 07:15;1.5079
26/09/2025 07:30;1.5044
26/09/2025 07:45;1.5749
26/09/2025 08:00;1.0568
26/09/2025 08:15;1.1169
26/09/2025 08:30;1.1269
26/09/2025 08:45;1.1149
26/09/2025 09:00;0.7753
26/09/2025 09:15;0.8104
26/09/2025 09:30;0.8319
26/09/2025 09:45;0.7660
26/09/2025 10:00;0.7740
26/09/2025 10:15;0.7804
26/09/2025 10:30;0.7580
26/09/2025 10:45;0.7347
26/09/2025 11:00;0.7632
26/09/2025 11:15;0.7465
26/09/2025 11:30;0.7799
26/09/2025 11:45;0.8186
26/09/2025 12:00;0.7975
26/09/2025 12:15;0.8501
26/09/2025 12:30;0.8017
26/09/2025 12:45;0.8034
26/09/2025 13:00;0.8005
26/09/2025 13:15;0.8175
26/09/2025 13:30;0.7596
26/09/2025 13:45;0.7572
26/09/2025 14:00;0.7694
26/09/2025 14:15;0.7534
26/09/2025 14:30;0.7362
26/09/2025 14:45;0.7480
26/09/2025 15:00;0.8234
26/09/2025 15:15;0.7764
26/09/2025 15:30;0.8048
26/09/2025 15:45;0.8044
26/09/2025 16:00;0.9074
26/09/2025 16:15;0.9348
26/09/2025 16:30;0.9748
26/09/2025 16:45;0.9183
26/09/2025 17:00;1.3221
26/09/2025 17:15;1.2609
26/09/2025 17:30;1.2160
26/09/2025 17:45;1.2615
26/09/2025 18:00;1.5693
26/09/2025 18:15;1.6094
26/09/2025 18:30;1.6270
26/09/2025 18:45;1.6250
26/09/2025 19:00;1.6388
26/09/2025 19:15;1.7390
26/09/2025 19:30;1.7855
26/09/2025 19:45;1.7148
26/09/2025 20:00;1.4212
26/09/2025 20:15;1.5496
26/09/2025 20:30;1.4147
26/09/2025 20:45;1.4047
26/09/2025 21:00;1.3070
26/09/2025 21:15;1.2173
26/09/2025 21:30;1.2385
26/09/2025 21:45;1.2361
26/09/2025 22:00;0.8378
26/09/2025 22:15;0.8558
26/09/2025 22:30;0.8407
26/09/2025 22:45;0.8249
26/09/2025 23:00;0.5798
26/09/2025 23:15;0.5423
26/09/2025 23:30;0.5543
26/09/2025 23:45;0.5504
27/09/2025 00:00;0.4652
27/09/2025 00:15;0.4285
27/09/2025 00:30;0.4350
27/09/2025 00:45;0.4309
27/09/2025 01:00;0.3844
27/09/2025 01:15;0.3820
27/09/2025 01:30;0.3644
27/09/2025 01:45;0.3705
27/09/2025 02:00;0.3752
27/09/2025 02:15;0.3732
27/09/2025 02:30;0.3748
27/09/2025 02:45;0.3659
27/09/2025 03:00;0.3888
27/09/2025 03:15;0.3736
27/09/2025 03:30;0.3754
27/09/2025 03:45;0.3805
27/09/2025 04:00;0.4177
27/09/2025 04:15;0.4322
27/09/2025 04:30;0.4189
27/09/2025 04:45;0.4112
27/09/2025 05:00;0.6114
27/09/2025 05:15;0.6342
27/09/2025 05:30;0.6285
27/09/2025 05:45;0.6059
27/09/2025 06:00;1.1031
27/09/2025 06:15;1.1373
27/09/2025 06:30;1.1771
27/09/2025 06:45;1.1325
27/09/2025 07:00;1.4692
27/09/2025 07:15;1.3406
27/09/2025 07:30;1.3286
27/09/2025 07:45;1.3392
27/09/2025 08:00;0.9875
27/09/2025 08:15;0.9661
27/09/2025 08:30;1.0820
27/09/2025 08:45;1.0280
27/09/2025 09:00;0.7970
27/09/2025 09:15;0.7752
27/09/2025 09:30;0.7419
27/09/2025 09:45;0.6986
27/09/2025 10:00;0.6970
27/09/2025 10:15;0.7113
27/09/2025 10:30;0.7307
27/09/2025 10:45;0.7383
27/09/2025 11:00;0.7272
27/09/2025 11:15;0.7217
27/09/2025 11:30;0.7174
27/09/2025 11:45;0.7113
27/09/2025 12:00;0.7300
27/09/2025 12:15;0.7227
27/09/2025 12:30;0.7525
27/09/2025 12:45;0.7252
27/09/2025 13:00;0.7298
27/09/2025 13:15;0.7631
27/09/2025 13:30;0.7263
27/09/2025 13:45;0.7358
27/09/2025 14:00;0.7431
27/09/2025 14:15;0.7517
27/09/2025 14:30;0.6503
27/09/2025 14:45;0.7032
27/09/2025 15:00;0.7615
27/09/2025 15:15;0.6962
27/09/2025 15:30;0.7558
27/09/2025 15:45;0.7545
27/09/2025 16:00;0.8255
27/09/2025 16:15;0.8788
27/09/2025 16:30;0.8597
27/09/2025 16:45;0.8382
27/09/2025 17:00;1.1403
27/09/2025 17:15;1.1357
27/09/2025 17:30;1.1035
27/09/2025 17:45;1.1677
27/09/2025 18:00;1.5094
27/09/2025 18:15;1.4264
27/09/2025 18:30;1.4453
27/09/2025 18:45;1.4249
27/09/2025 19:00;1.5542
27/09/2025 19:15;1.5414
27/09/2025 19:30;1.5625
27/09/2025 19:45;1.4546
27/09/2025 20:00;1.3978
27/09/2025 20:15;1.3731
27/09/2025 20:30;1.3645
27/09/2025 20:45;1.4535
27/09/2025 21:00;1.1417
27/09/2025 21:15;1.1430
27/09/2025 21:30;1.1209
27/09/2025 21:45;1.1356
27/09/2025 22:00;0.7590
27/09/2025 22:15;0.8108
27/09/2025 22:30;0.7908
27/09/2025 22:45;0.7733
27/09/2025 23:00;0.5432
27/09/2025 23:15;0.5249
27/09/2025 23:30;0.5270
27/09/2025 23:45;0.5098
28/09/2025 00:00;0.4130
28/09/2025 00:15;0.4093
28/09/2025 00:30;0.4166
28/09/2025 00:45;0.4122
28/09/2025 01:00;0.3757
28/09/2025 01:15;0.3694
28/09/2025 01:30;0.3753
28/09/2025 01:45;0.3833
28/09/2025 02:00;0.3840
28/09/2025 02:15;0.3718
28/09/2025 02:30;0.3623
28/09/2025 02:45;0.3554
28/09/2025 03:00;0.3742
28/09/2025 03:15;0.3699
28/09/2025 03:30;0.3772
28/09/2025 03:45;0.3688
28/09/2025 04:00;0.4316
28/09/2025 04:15;0.4211
28/09/2025 04:30;0.4227
28/09/2025 04:45;0.4159
28/09/2025 05:00;0.6368
28/09/2025 05:15;0.6124
28/09/2025 05:30;0.6167
28/09/2025 05:45;0.6052
28/09/2025 06:00;1.1122
28/09/2025 06:15;1.0641
28/09/2025 06:30;1.1262
28/09/2025 06:45;1.0317
28/09/2025 07:00;1.3502
28/09/2025 07:15;1.2726
28/09/2025 07:30;1.3041
28/09/2025 07:45;1.2607
28/09/2025 08:00;1.0157
28/09/2025 08:15;0.9384
28/09/2025 08:30;1.0285
28/09/2025 08:45;1.0161
28/09/2025 09:00;0.6840
28/09/2025 09:15;0.6903
28/09/2025 09:30;0.7594
28/09/2025 09:45;0.7651
28/09/2025 10:00;0.6731
28/09/2025 10:15;0.7074
28/09/2025 10:30;0.6782
28/09/2025 10:45;0.6865
28/09/2025 11:00;0.7162
28/09/2025 11:15;0.7055
28/09/2025 11:30;0.7121
28/09/2025 11:45;0.7494
28/09/2025 12:00;0.7323
28/09/2025 12:15;0.7754
28/09/2025 12:30;0.7561
28/09/2025 12:45;0.7115
28/09/2025 13:00;0.7122
28/09/2025 13:15;0.7394
28/09/2025 13:30;0.6904
28/09/2025 13:45;0.6780
28/09/2025 14:00;0.6998
28/09/2025 14:15;0.6799
28/09/2025 14:30;0.6800
28/09/2025 14:45;0.6677
28/09/2025 15:00;0.6971
28/09/2025 15:15;0.7138
28/09/2025 15:30;0.6897
28/09/2025 15:45;0.7086
28/09/2025 16:00;0.7845
28/09/2025 16:15;0.7945
28/09/2025 16:30;0.8467
28/09/2025 16:45;0.8044
28/09/2025 17:00;1.0693
28/09/2025 17:15;1.0833
28/09/2025 17:30;1.0460
28/09/2025 17:45;1.1061
28/09/2025 18:00;1.4009
28/09/2025 18:15;1.4097
28/09/2025 18:30;1.2881
28/09/2025 18:45;1.3740
28/09/2025 19:00;1.4298
28/09/2025 19:15;1.4235
28/09/2025 19:30;1.4365
28/09/2025 19:45;1.4258
28/09/2025 20:00;1.2679
28/09/2025 20:15;1.3118
28/09/2025 20:30;1.3136
28/09/2025 20:45;1.2791
28/09/2025 21:00;0.9972
28/09/2025 21:15;1.0475
28/09/2025 21:30;1.1180
28/09/2025 21:45;1.0959
28/09/2025 22:00;0.7744
28/09/2025 22:15;0.7725
28/09/2025 22:30;0.7473
28/09/2025 22:45;0.7741
28/09/2025 23:00;0.5002
28/09/2025 23:15;0.4911
28/09/2025 23:30;0.5199
28/09/2025 23:45;0.5121
29/09/2025 00:00;0.4577
29/09/2025 00:15;0.4689
29/09/2025 00:30;0.4646
29/09/2025 00:45;0.4641
29/09/2025 01:00;0.4082
29/09/2025 01:15;0.3790
29/09/2025 01:30;0.3901
29/09/2025 01:45;0.3937
29/09/2025 02:00;0.3803
29/09/2025 02:15;0.3838
29/09/2025 02:30;0.3821
29/09/2025 02:45;0.3937
29/09/2025 03:00;0.3825
29/09/2025 03:15;0.3857
29/09/2025 03:30;0.3903
29/09/2025 03:45;0.3882
29/09/2025 04:00;0.4408
29/09/2025 04:15;0.4403
29/09/2025 04:30;0.4362
29/09/2025 04:45;0.4262
29/09/2025 05:00;0.6552
29/09/2025 05:15;0.6559
29/09/2025 05:30;0.6693
29/09/2025 05:45;0.6568
29/09/2025 06:00;1.2169
29/09/2025 06:15;1.1496
29/09/2025 06:30;1.2374
29/09/2025 06:45;1.2007
29/09/2025 07:00;1.4938
29/09/2025 07:15;1.4366
29/09/2025 07:30;1.4916
29/09/2025 07:45;1.4155
29/09/2025 08:00;1.0334
29/09/2025 08:15;1.1294
29/09/2025 08:30;1.0872
29/09/2025 08:45;1.1182
29/09/2025 09:00;0.8115
29/09/2025 09:15;0.8118
29/09/2025 09:30;0.8016
29/09/2025 09:45;0.7719
29/09/2025 10:00;0.7233
29/09/2025 10:15;0.7260
29/09/2025 10:30;0.7656
29/09/2025 10:45;0.7843
29/09/2025 11:00;0.7639
29/09/2025 11:15;0.7777
29/09/2025 11:30;0.7597
29/09/2025 11:45;0.7638
29/09/2025 12:00;0.7714
29/09/2025 12:15;0.8038
29/09/2025 12:30;0.8653
29/09/2025 12:45;0.8062
29/09/2025 13:00;0.7796
29/09/2025 13:15;0.8233
29/09/2025 13:30;0.7543
29/09/2025 13:45;0.7405
29/09/2025 14:00;0.7571
29/09/2025 14:15;0.6993
29/09/2025 14:30;0.7482
29/09/2025 14:45;0.7591
29/09/2025 15:00;0.7611
29/09/2025 15:15;0.7636
29/09/2025 15:30;0.7560
29/09/2025 15:45;0.8481
29/09/2025 16:00;0.9179
29/09/2025 16:15;0.9141
29/09/2025 16:30;0.9129
29/09/2025 16:45;0.8776
29/09/2025 17:00;1.2374
29/09/2025 17:15;1.2440
29/09/2025 17:30;1.2583
29/09/2025 17:45;1.1992
29/09/2025 18:00;1.4949
29/09/2025 18:15;1.5260
29/09/2025 18:30;1.5367
29/09/2025 18:45;1.4199
29/09/2025 19:00;1.6405
29/09/2025 19:15;1.7255
29/09/2025 19:30;1.6127
29/09/2025 19:45;1.5725
29/09/2025 20:00;1.5848
29/09/2025 20:15;1.5323
29/09/2025 20:30;1.6031
29/09/2025 20:45;1.5513
29/09/2025 21:00;1.2206
29/09/2025 21:15;1.2634
29/09/2025 21:30;1.2815
29/09/2025 21:45;1.1533
29/09/2025 22:00;0.8540
29/09/2025 22:15;0.8179
29/09/2025 22:30;0.8491
29/09/2025 22:45;0.8355
29/09/2025 23:00;0.5626
29/09/2025 23:15;0.5523
29/09/2025 23:30;0.5769
29/09/2025 23:45;0.5470
30/09/2025 00:00;0.4359
30/09/2025 00:15;0.4430
30/09/2025 00:30;0.4280
30/09/2025 00:45;0.4356
30/09/2025 01:00;0.3860
30/09/2025 01:15;0.4045
30/09/2025 01:30;0.3933
30/09/2025 01:45;0.3937
30/09/2025 02:00;0.3865
30/09/2025 02:15;0.3842
30/09/2025 02:30;0.3737
30/09/2025 02:45;0.3765
30/09/2025 03:00;0.3845
30/09/2025 03:15;0.3824
30/09/2025 03:30;0.3860
30/09/2025 03:45;0.3852
30/09/2025 04:00;0.4238
30/09/2025 04:15;0.4345
30/09/2025 04:30;0.4205
30/09/2025 04:45;0.4340
30/09/2025 05:00;0.6403
30/09/2025 05:15;0.6278
30/09/2025 05:30;0.6577
30/09/2025 05:45;0.6571
30/09/2025 06:00;1.2071
30/09/2025 06:15;1.1480
30/09/2025 06:30;1.2218
30/09/2025 06:45;1.0785
30/09/2025 07:00;1.4585
30/09/2025 07:15;1.3805
30/09/2025 07:30;1.3764
30/09/2025 07:45;1.4381
30/09/2025 08:00;1.1440
30/09/2025 08:15;1.0532
30/09/2025 08:30;1.0827
30/09/2025 08:45;1.0875
30/09/2025 09:00;0.8223
30/09/2025 09:15;0.7779
30/09/2025 09:30;0.7742
30/09/2025 09:45;0.8273
30/09/2025 10:00;0.7027
30/09/2025 10:15;0.6953
30/09/2025 10:30;0.7374
30/09/2025 10:45;0.7327
30/09/2025 11:00;0.7518
30/09/2025 11:15;0.7490
30/09/2025 11:30;0.7950
30/09/2025 11:45;0.7251
30/09/2025 12:00;0.8102
30/09/2025 12:15;0.8368
30/09/2025 12:30;0.7722
30/09/2025 12:45;0.7863
30/09/2025 13:00;0.8042
30/09/2025 13:15;0.7409
30/09/2025 13:30;0.7549
30/09/2025 13:45;0.8206
30/09/2025 14:00;0.7102
30/09/2025 14:15;0.7479
30/09/2025 14:30;0.7657
30/09/2025 14:45;0.7342
30/09/2025 15:00;0.7932
30/09/2025 15:15;0.7553
30/09/2025 15:30;0.7493
30/09/2025 15:45;0.7762
30/09/2025 16:00;0.8448
30/09/2025 16:15;0.8960
30/09/2025 16:30;0.9157
30/09/2025 16:45;0.8404
30/09/2025 17:00;1.2050
30/09/2025 17:15;1.2118
30/09/2025 17:30;1.2435
30/09/2025 17:45;1.1814
30/09/2025 18:00;1.5382
30/09/2025 18:15;1.5825
30/09/2025 18:30;1.6272
30/09/2025 18:45;1.5320
30/09/2025 19:00;1.7645
30/09/2025 19:15;1.5723
30/09/2025 19:30;1.5312
30/09/2025 19:45;1.7586
30/09/2025 20:00;1.5645
30/09/2025 20:15;1.4480
30/09/2025 20:30;1.5200
30/09/2025 20:45;1.5313
30/09/2025 21:00;1.2564
30/09/2025 21:15;1.2790
30/09/2025 21:30;1.1441
30/09/2025 21:45;1.2022
30/09/2025 22:00;0.8314
30/09/2025 22:15;0.8020
30/09/2025 22:30;0.7755
30/09/2025 22:45;0.7838
30/09/2025 23:00;0.5474
30/09/2025 23:15;0.5552
30/09/2025 23:30;0.5307
30/09/2025 23:45;0.5555
01/10/2025 00:00;0.5292
01/10/2025 00:15;0.5238
01/10/2025 00:30;0.5332
01/10/2025 00:45;0.5403
01/10/2025 01:00;0.4613
01/10/2025 01:15;0.4443
01/10/2025 01:30;0.4582
01/10/2025 01:45;0.4686
01/10/2025 02:00;0.4354
01/10/2025 02:15;0.4400
01/10/2025 02:30;0.4576
01/10/2025 02:45;0.4450
01/10/2025 03:00;0.4430
01/10/2025 03:15;0.4559
01/10/2025 03:30;0.4492
01/10/2025 03:45;0.4553
01/10/2025 04:00;0.5161
01/10/2025 04:15;0.5089
01/10/2025 04:30;0.4925
01/10/2025 04:45;0.4989
01/10/2025 05:00;0.7423
01/10/2025 05:15;0.7853
01/10/2025 05:30;0.7458
01/10/2025 05:45;0.7626
01/10/2025 06:00;1.2588
01/10/2025 06:15;1.3537
01/10/2025 06:30;1.3693
01/10/2025 06:45;1.3701
01/10/2025 07:00;1.6494
01/10/2025 07:15;1.6497
01/10/2025 07:30;1.6195
01/10/2025 07:45;1.6518
01/10/2025 08:00;1.1416
01/10/2025 08:15;1.2656
01/10/2025 08:30;1.0941
01/10/2025 08:45;1.2453
01/10/2025 09:00;0.8954
01/10/2025 09:15;0.9174
01/10/2025 09:30;0.9104
01/10/2025 09:45;0.8659
01/10/2025 10:00;0.8235
01/10/2025 10:15;0.8179
01/10/2025 10:30;0.8392
01/10/2025 10:45;0.8370
01/10/2025 11:00;0.8433
01/10/2025 11:15;0.8619
01/10/2025 11:30;0.8620
01/10/2025 11:45;0.8516
01/10/2025 12:00;0.8903
01/10/2025 12:15;0.9412
01/10/2025 12:30;0.8990
01/10/2025 12:45;0.8744
01/10/2025 13:00;0.8470
01/10/2025 13:15;0.8532
01/10/2025 13:30;0.8450
01/10/2025 13:45;0.8672
01/10/2025 14:00;0.8481
01/10/2025 14:15;0.8448
01/10/2025 14:30;0.8291
01/10/2025 14:45;0.8477
01/10/2025 15:00;0.8626
01/10/2025 15:15;0.8828
01/10/2025 15:30;0.8643
01/10/2025 15:45;0.8534
01/10/2025 16:00;1.0034
01/10/2025 16:15;0.9592
01/10/2025 16:30;1.0430
01/10/2025 16:45;0.9513
01/10/2025 17:00;1.3535
01/10/2025 17:15;1.3261
01/10/2025 17:30;1.2891
01/10/2025 17:45;1.3401
01/10/2025 18:00;1.7012
01/10/2025 18:15;1.7715
01/10/2025 18:30;1.8586
01/10/2025 18:45;1.7211
01/10/2025 19:00;1.9696
01/10/2025 19:15;1.7267
01/10/2025 19:30;1.8899
01/10/2025 19:45;1.8307
01/10/2025 20:00;1.5652
01/10/2025 20:15;1.5801
01/10/2025 20:30;1.6111
01/10/2025 20:45;1.7759
01/10/2025 21:00;1.2308
01/10/2025 21:15;1.2773
01/10/2025 21:30;1.3031
01/10/2025 21:45;1.3271
01/10/2025 22:00;0.9331
01/10/2025 22:15;0.9470
01/10/2025 22:30;0.8860
01/10/2025 22:45;0.8998
01/10/2025 23:00;0.6329
01/10/2025 23:15;0.6495
01/10/2025 23:30;0.6183
01/10/2025 23:45;0.6056
02/10/2025 00:00;0.4461
02/10/2025 00:15;0.4561
02/10/2025 00:30;0.4581
02/10/2025 00:45;0.4496
02/10/2025 01:00;0.4189
02/10/2025 01:15;0.4191
02/10/2025 01:30;0.4136
02/10/2025 01:45;0.4074
02/10/2025 02:00;0.3888
02/10/2025 02:15;0.3926
02/10/2025 02:30;0.4116
02/10/2025 02:45;0.3987
02/10/2025 03:00;0.4201
02/10/2025 03:15;0.4099
02/10/2025 03:30;0.4144
02/10/2025 03:45;0.4139
02/10/2025 04:00;0.4682
02/10/2025 04:15;0.4516
02/10/2025 04:30;0.4692
02/10/2025 04:45;0.4628
02/10/2025 05:00;0.6885
02/10/2025 05:15;0.6788
02/10/2025 05:30;0.7151
02/10/2025 05:45;0.6986
02/10/2025 06:00;1.1634
02/10/2025 06:15;1.0780
02/10/2025 06:30;1.1751
02/10/2025 06:45;1.1428
02/10/2025 07:00;1.4207
02/10/2025 07:15;1.4754
02/10/2025 07:30;1.5257
02/10/2025 07:45;1.3467
02/10/2025 08:00;1.0984
02/10/2025 08:15;1.1088
02/10/2025 08:30;1.1383
02/10/2025 08:45;1.0782
02/10/2025 09:00;0.7833
02/10/2025 09:15;0.7975
02/10/2025 09:30;0.8391
02/10/2025 09:45;0.8181
02/10/2025 10:00;0.7467
02/10/2025 10:15;0.7887
02/10/2025 10:30;0.7370
02/10/2025 10:45;0.7958
02/10/2025 11:00;0.7745
02/10/2025 11:15;0.7646
02/10/2025 11:30;0.7610
02/10/2025 11:45;0.8463
02/10/2025 12:00;0.8404
02/10/2025 12:15;0.8390
02/10/2025 12:30;0.8649
02/10/2025 12:45;0.8101
02/10/2025 13:00;0.8145
02/10/2025 13:15;0.8004
02/10/2025 13:30;0.8010
02/10/2025 13:45;0.7585
02/10/2025 14:00;0.7435
02/10/2025 14:15;0.7962
02/10/2025 14:30;0.7345
02/10/2025 14:45;0.7715
02/10/2025 15:00;0.8193
02/10/2025 15:15;0.8171
02/10/2025 15:30;0.8380
02/10/2025 15:45;0.7784
02/10/2025 16:00;0.8870
02/10/2025 16:15;0.9239
02/10/2025 16:30;0.9271
02/10/2025 16:45;0.9467
02/10/2025 17:00;1.1785
02/10/2025 17:15;1.2145
02/10/2025 17:30;1.1671
02/10/2025 17:45;1.1585
02/10/2025 18:00;1.6169
02/10/2025 18:15;1.5180
02/10/2025 18:30;1.6191
02/10/2025 18:45;1.5096
02/10/2025 19:00;1.6728
02/10/2025 19:15;1.6840
02/10/2025 19:30;1.5912
02/10/2025 19:45;1.6790
02/10/2025 20:00;1.3937
02/10/2025 20:15;1.4177
02/10/2025 20:30;1.4258
02/10/2025 20:45;1.4775
02/10/2025 21:00;1.1746
02/10/2025 21:15;1.1864
02/10/2025 21:30;1.1884
02/10/2025 21:45;1.2518
02/10/2025 22:00;0.8546
02/10/2025 22:15;0.8291
02/10/2025 22:30;0.8434
02/10/2025 22:45;0.8394
02/10/2025 23:00;0.5579
02/10/2025 23:15;0.5549
02/10/2025 23:30;0.5374
02/10/2025 23:45;0.5766
03/10/2025 00:00;0.5607
03/10/2025 00:15;0.5318
03/10/2025 00:30;0.5305
03/10/2025 00:45;0.5418
03/10/2025 01:00;0.4782
03/10/2025 01:15;0.4808
03/10/2025 01:30;0.4744
03/10/2025 01:45;0.4732
03/10/2025 02:00;0.4648
03/10/2025 02:15;0.4747
03/10/2025 02:30;0.4566
03/10/2025 02:45;0.4441
03/10/2025 03:00;0.4965
03/10/2025 03:15;0.4681
03/10/2025 03:30;0.4825
03/10/2025 03:45;0.4947
03/10/2025 04:00;0.5284
03/10/2025 04:15;0.5240
03/10/2025 04:30;0.5221
03/10/2025 04:45;0.5142
03/10/2025 05:00;0.7718
03/10/2025 05:15;0.8137
03/10/2025 05:30;0.8154
03/10/2025 05:45;0.7950
03/10/2025 06:00;1.4385
03/10/2025 06:15;1.4051
03/10/2025 06:30;1.3262
03/10/2025 06:45;1.4026
03/10/2025 07:00;1.7053
03/10/2025 07:15;1.6790
03/10/2025 07:30;1.7083
03/10/2025 07:45;1.6501
03/10/2025 08:00;1.2959
03/10/2025 08:15;1.3135
03/10/2025 08:30;1.3335
03/10/2025 08:45;1.3041
03/10/2025 09:00;0.9140
03/10/2025 09:15;0.9621
03/10/2025 09:30;0.9241
03/10/2025 09:45;1.0197
03/10/2025 10:00;0.8501
03/10/2025 10:15;0.8886
03/10/2025 10:30;0.8654
03/10/2025 10:45;0.8869
03/10/2025 11:00;0.9425
03/10/2025 11:15;0.9278
03/10/2025 11:30;0.9532
03/10/2025 11:45;0.8908
03/10/2025 12:00;0.9652
03/10/2025 12:15;0.9580
03/10/2025 12:30;0.9663
03/10/2025 12:45;0.8930
03/10/2025 13:00;0.9507
03/10/2025 13:15;0.9481
03/10/2025 13:30;0.8948
03/10/2025 13:45;0.9158
03/10/2025 14:00;0.8741
03/10/2025 14:15;0.8383
03/10/2025 14:30;0.8799
03/10/2025 14:45;0.9077
03/10/2025 15:00;0.8821
03/10/2025 15:15;0.9395
03/10/2025 15:30;0.8519
03/10/2025 15:45;0.9429
03/10/2025 16:00;1.1200
03/10/2025 16:15;1.0571
03/10/2025 16:30;1.0240
03/10/2025 16:45;1.0748
03/10/2025 17:00;1.4486
03/10/2025 17:15;1.3528
03/10/2025 17:30;1.4758
03/10/2025 17:45;1.3895
03/10/2025 18:00;1.8502
03/10/2025 18:15;1.8202
03/10/2025 18:30;1.8588
03/10/2025 18:45;1.7407
03/10/2025 19:00;1.8751
03/10/2025 19:15;1.8066
03/10/2025 19:30;1.7774
03/10/2025 19:45;1.8834
03/10/2025 20:00;1.7205
03/10/2025 20:15;1.7194
03/10/2025 20:30;1.6799
03/10/2025 20:45;1.7284
03/10/2025 21:00;1.4157
03/10/2025 21:15;1.4098
03/10/2025 21:30;1.4172
03/10/2025 21:45;1.4587
03/10/2025 22:00;0.9624
03/10/2025 22:15;0.9644
03/10/2025 22:30;0.9737
03/10/2025 22:45;0.9614
03/10/2025 23:00;0.6479
03/10/2025 23:15;0.6658
03/10/2025 23:30;0.6720
03/10/2025 23:45;0.6882
04/10/2025 00:00;0.4648
04/10/2025 00:15;0.4644
04/10/2025 00:30;0.4772
04/10/2025 00:45;0.4781
04/10/2025 01:00;0.4209
04/10/2025 01:15;0.4308
04/10/2025 01:30;0.4356
04/10/2025 01:45;0.4345
04/10/2025 02:00;0.4071
04/10/2025 02:15;0.4296
04/10/2025 02:30;0.4161
04/10/2025 02:45;0.4092
04/10/2025 03:00;0.4203
04/10/2025 03:15;0.4326
04/10/2025 03:30;0.4313
04/10/2025 03:45;0.4153
04/10/2025 04:00;0.4825
04/10/2025 04:15;0.4646
04/10/2025 04:30;0.4794
04/10/2025 04:45;0.4568
04/10/2025 05:00;0.7343
04/10/2025 05:15;0.7072
04/10/2025 05:30;0.6726
04/10/2025 05:45;0.6899
04/10/2025 06:00;1.1699
04/10/2025 06:15;1.2452
04/10/2025 06:30;1.1938
04/10/2025 06:45;1.1268
04/10/2025 07:00;1.3883
04/10/2025 07:15;1.4420
04/10/2025 07:30;1.4381
04/10/2025 07:45;1.4061
04/10/2025 08:00;1.0321
04/10/2025 08:15;1.0559
04/10/2025 08:30;1.0978
04/10/2025 08:45;1.0858
04/10/2025 09:00;0.8028
04/10/2025 09:15;0.7988
04/10/2025 09:30;0.7794
04/10/2025 09:45;0.7807
04/10/2025 10:00;0.7338
04/10/2025 10:15;0.7503
04/10/2025 10:30;0.7468
04/10/2025 10:45;0.7725
04/10/2025 11:00;0.7640
04/10/2025 11:15;0.7853
04/10/2025 11:30;0.7669
04/10/2025 11:45;0.7765
04/10/2025 12:00;0.8092
04/10/2025 12:15;0.8043
04/10/2025 12:30;0.8478
04/10/2025 12:45;0.7894
04/10/2025 13:00;0.7557
04/10/2025 13:15;0.7968
04/10/2025 13:30;0.7431
04/10/2025 13:45;0.7904
04/10/2025 14:00;0.7447
04/10/2025 14:15;0.7569
04/10/2025 14:30;0.7593
04/10/2025 14:45;0.6965
04/10/2025 15:00;0.7370
04/10/2025 15:15;0.7762
04/10/2025 15:30;0.7691
04/10/2025 15:45;0.7790
04/10/2025 16:00;0.8970
04/10/2025 16:15;0.8766
04/10/2025 16:30;0.9009
04/10/2025 16:45;0.8929
04/10/2025 17:00;1.2139
04/10/2025 17:15;1.1796
04/10/2025 17:30;1.2100
04/10/2025 17:45;1.1324
04/10/2025 18:00;1.5164
04/10/2025 18:15;1.5060
04/10/2025 18:30;1.4262
04/10/2025 18:45;1.4819
04/10/2025 19:00;1.4935
04/10/2025 19:15;1.4657
04/10/2025 19:30;1.5624
04/10/2025 19:45;1.4975
04/10/2025 20:00;1.4114
04/10/2025 20:15;1.4116
04/10/2025 20:30;1.4239
04/10/2025 20:45;1.4837
04/10/2025 21:00;1.1382
04/10/2025 21:15;1.1269
04/10/2025 21:30;1.1711
04/10/2025 21:45;1.1334
04/10/2025 22:00;0.8352
04/10/2025 22:15;0.7964
04/10/2025 22:30;0.8291
04/10/2025 22:45;0.8370
04/10/2025 23:00;0.5576
04/10/2025 23:15;0.5571
04/10/2025 23:30;0.5618
04/10/2025 23:45;0.5593
05/10/2025 00:00;0.5281
05/10/2025 00:15;0.5368
05/10/2025 00:30;0.5395
05/10/2025 00:45;0.5545
05/10/2025 01:00;0.4725
05/10/2025 01:15;0.4470
05/10/2025 01:30;0.4615
05/10/2025 01:45;0.4698
05/10/2025 02:00;0.4605
05/10/2025 02:15;0.4512
05/10/2025 02:30;0.4767
05/10/2025 02:45;0.4595
05/10/2025 03:00;0.4748
05/10/2025 03:15;0.4668
05/10/2025 03:30;0.4794
05/10/2025 03:45;0.4638
05/10/2025 04:00;0.5417
05/10/2025 04:15;0.5099
05/10/2025 04:30;0.5425
05/10/2025 04:45;0.5318
05/10/2025 05:00;0.7558
05/10/2025 05:15;0.7371
05/10/2025 05:30;0.7452
05/10/2025 05:45;0.7455
05/10/2025 06:00;1.2673
05/10/2025 06:15;1.2912
05/10/2025 06:30;1.2968
05/10/2025 06:45;1.2936
05/10/2025 07:00;1.4820
05/10/2025 07:15;1.5754
05/10/2025 07:30;1.4719
05/10/2025 07:45;1.5488
05/10/2025 08:00;1.2300
05/10/2025 08:15;1.1093
05/10/2025 08:30;1.1997
05/10/2025 08:45;1.1261
05/10/2025 09:00;0.8767
05/10/2025 09:15;0.9244
05/10/2025 09:30;0.8806
05/10/2025 09:45;0.8768
05/10/2025 10:00;0.8379
05/10/2025 10:15;0.8048
05/10/2025 10:30;0.8434
05/10/2025 10:45;0.7949
05/10/2025 11:00;0.8489
05/10/2025 11:15;0.8612
05/10/2025 11:30;0.8389
05/10/2025 11:45;0.8546
05/10/2025 12:00;0.9016
05/10/2025 12:15;0.9055
05/10/2025 12:30;0.8839
05/10/2025 12:45;0.8866
05/10/2025 13:00;0.8412
05/10/2025 13:15;0.8051
05/10/2025 13:30;0.8669
05/10/2025 13:45;0.8406
05/10/2025 14:00;0.8066
05/10/2025 14:15;0.8033
05/10/2025 14:30;0.8526
05/10/2025 14:45;0.8349
05/10/2025 15:00;0.8415
05/10/2025 15:15;0.9139
05/10/2025 15:30;0.8897
05/10/2025 15:45;0.8319
05/10/2025 16:00;0.9609
05/10/2025 16:15;1.0209
05/10/2025 16:30;1.0048
05/10/2025 16:45;1.0385
05/10/2025 17:00;1.2571
05/10/2025 17:15;1.2408
05/10/2025 17:30;1.3264
05/10/2025 17:45;1.3278
05/10/2025 18:00;1.6300
05/10/2025 18:15;1.6373
05/10/2025 18:30;1.5922
05/10/2025 18:45;1.6993
05/10/2025 19:00;1.6287
05/10/2025 19:15;1.6792
05/10/2025 19:30;1.6713
05/10/2025 19:45;1.8363
05/10/2025 20:00;1.5048
05/10/2025 20:15;1.5658
05/10/2025 20:30;1.5627
05/10/2025 20:45;1.5322
05/10/2025 21:00;1.2533
05/10/2025 21:15;1.2596
05/10/2025 21:30;1.2950
05/10/2025 21:45;1.2572
05/10/2025 22:00;0.8946
05/10/2025 22:15;0.9019
05/10/2025 22:30;0.9026
05/10/2025 22:45;0.9401
05/10/2025 23:00;0.6266
05/10/2025 23:15;0.6384
05/10/2025 23:30;0.6287
05/10/2025 23:45;0.6382
06/10/2025 00:00;0.5511
06/10/2025 00:15;0.5468
06/10/2025 00:30;0.5629
06/10/2025 00:45;0.5719
06/10/2025 01:00;0.5109
06/10/2025 01:15;0.5125
06/10/2025 01:30;0.5076
06/10/2025 01:45;0.5093
06/10/2025 02:00;0.5017
06/10/2025 02:15;0.5190
06/10/2025 02:30;0.5055
06/10/2025 02:45;0.4870
06/10/2025 03:00;0.5021
06/10/2025 03:15;0.4876
06/10/2025 03:30;0.5213
06/10/2025 03:45;0.5259
06/10/2025 04:00;0.5884
06/10/2025 04:15;0.5752
06/10/2025 04:30;0.5597
06/10/2025 04:45;0.5627
06/10/2025 05:00;0.8284
06/10/2025 05:15;0.8418
06/10/2025 05:30;0.8384
06/10/2025 05:45;0.8357
06/10/2025 06:00;1.5120
06/10/2025 06:15;1.3921
06/10/2025 06:30;1.4332
06/10/2025 06:45;1.4591
06/10/2025 07:00;1.8413
06/10/2025 07:15;1.7833
06/10/2025 07:30;1.8081
06/10/2025 07:45;1.7856
06/10/2025 08:00;1.3713
06/10/2025 08:15;1.2693
06/10/2025 08:30;1.3842
06/10/2025 08:45;1.3691
06/10/2025 09:00;1.0540
06/10/2025 09:15;1.0076
06/10/2025 09:30;0.9634
06/10/2025 09:45;0.9775
06/10/2025 10:00;0.9474
06/10/2025 10:15;0.9105
06/10/2025 10:30;0.9178
06/10/2025 10:45;0.9281
06/10/2025 11:00;0.8978
06/10/2025 11:15;0.9458
06/10/2025 11:30;0.9395
06/10/2025 11:45;0.9704
06/10/2025 12:00;0.9928
06/10/2025 12:15;0.9520
06/10/2025 12:30;0.9885
06/10/2025 12:45;0.9570
06/10/2025 13:00;0.9569
06/10/2025 13:15;0.9780
06/10/2025 13:30;0.9208
06/10/2025 13:45;0.9246
06/10/2025 14:00;0.9174
06/10/2025 14:15;0.8945
06/10/2025 14:30;0.9286
06/10/2025 14:45;0.9027
06/10/2025 15:00;0.9299
06/10/2025 15:15;0.9860
06/10/2025 15:30;0.9438
06/10/2025 15:45;0.9465
06/10/2025 16:00;1.1199
06/10/2025 16:15;1.1437
06/10/2025 16:30;1.0936
06/10/2025 16:45;1.1457
06/10/2025 17:00;1.3929
06/10/2025 17:15;1.4321
06/10/2025 17:30;1.4414
06/10/2025 17:45;1.4437
06/10/2025 18:00;1.9524
06/10/2025 18:15;1.9185
06/10/2025 18:30;1.9620
06/10/2025 18:45;1.8124
06/10/2025 19:00;2.0325
06/10/2025 19:15;1.9790
06/10/2025 19:30;1.9766
06/10/2025 19:45;1.9227
06/10/2025 20:00;1.8774
06/10/2025 20:15;1.7099
06/10/2025 20:30;1.8504
06/10/2025 20:45;1.8761
06/10/2025 21:00;1.4360
06/10/2025 21:15;1.4833
06/10/2025 21:30;1.4418
06/10/2025 21:45;1.4454
06/10/2025 22:00;1.0075
06/10/2025 22:15;1.0174
06/10/2025 22:30;1.0389
06/10/2025 22:45;1.0217
06/10/2025 23:00;0.6627
06/10/2025 23:15;0.6816
06/10/2025 23:30;0.6777
06/10/2025 23:45;0.7169
07/10/2025 00:00;0.5648
07/10/2025 00:15;0.5480
07/10/2025 00:30;0.5417
07/10/2025 00:45;0.5436
07/10/2025 01:00;0.4892
07/10/2025 01:15;0.4849
07/10/2025 01:30;0.4906
07/10/2025 01:45;0.4874
07/10/2025 02:00;0.4888
07/10/2025 02:15;0.4945
07/10/2025 02:30;0.4590
07/10/2025 02:45;0.4876
07/10/2025 03:00;0.4792
07/10/2025 03:15;0.5020
07/10/2025 03:30;0.4890
07/10/2025 03:45;0.5052
07/10/2025 04:00;0.5336
07/10/2025 04:15;0.5547
07/10/2025 04:30;0.5585
07/10/2025 04:45;0.5665
07/10/2025 05:00;0.8602
07/10/2025 05:15;0.7953
07/10/2025 05:30;0.8285
07/10/2025 05:45;0.8235
07/10/2025 06:00;1.4000
07/10/2025 06:15;1.3917
07/10/2025 06:30;1.3269
07/10/2025 06:45;1.4336
07/10/2025 07:00;1.7799
07/10/2025 07:15;1.6256
07/10/2025 07:30;1.7563
07/10/2025 07:45;1.6845
07/10/2025 08:00;1.2868
07/10/2025 08:15;1.3530
07/10/2025 08:30;1.2786
07/10/2025 08:45;1.2839
07/10/2025 09:00;0.9200
07/10/2025 09:15;0.9689
07/10/2025 09:30;0.9344
07/10/2025 09:45;0.9966
07/10/2025 10:00;0.8873
07/10/2025 10:15;0.8829
07/10/2025 10:30;0.8268
07/10/2025 10:45;0.8647
07/10/2025 11:00;0.9595
07/10/2025 11:15;0.9242
07/10/2025 11:30;0.9590
07/10/2025 11:45;0.9071
07/10/2025 12:00;0.9186
07/10/2025 12:15;0.9094
07/10/2025 12:30;0.9583
07/10/2025 12:45;0.9696
07/10/2025 13:00;0.9367
07/10/2025 13:15;0.8938
07/10/2025 13:30;0.9178
07/10/2025 13:45;0.9168
07/10/2025 14:00;0.8754
07/10/2025 14:15;0.9074
07/10/2025 14:30;0.9076
07/10/2025 14:45;0.8674
07/10/2025 15:00;0.9482
07/10/2025 15:15;0.9024
07/10/2025 15:30;0.9464
07/10/2025 15:45;0.9417
07/10/2025 16:00;1.0591
07/10/2025 16:15;1.0827
07/10/2025 16:30;1.0974
07/10/2025 16:45;1.0996
07/10/2025 17:00;1.4691
07/10/2025 17:15;1.4277
07/10/2025 17:30;1.3598
07/10/2025 17:45;1.3694
07/10/2025 18:00;1.9558
07/10/2025 18:15;1.8333
07/10/2025 18:30;1.8824
07/10/2025 18:45;1.8368
07/10/2025 19:00;1.8264
07/10/2025 19:15;1.8603
07/10/2025 19:30;1.9081
07/10/2025 19:45;1.7993
07/10/2025 20:00;1.7122
07/10/2025 20:15;1.7859
07/10/2025 20:30;1.6588
07/10/2025 20:45;1.6942
07/10/2025 21:00;1.2988
07/10/2025 21:15;1.3891
07/10/2025 21:30;1.3409
07/10/2025 21:45;1.4112
07/10/2025 22:00;0.9690
07/10/2025 22:15;0.9984
07/10/2025 22:30;0.9936
07/10/2025 22:45;0.9854
07/10/2025 23:00;0.6479
07/10/2025 23:15;0.6868
07/10/2025 23:30;0.6599
07/10/2025 23:45;0.6945
08/10/2025 00:00;0.5614
08/10/2025 00:15;0.5707
08/10/2025 00:30;0.5761
08/10/2025 00:45;0.5743
08/10/2025 01:00;0.5192
08/10/2025 01:15;0.5098
08/10/2025 01:30;0.5079
08/10/2025 01:45;0.5319
08/10/2025 02:00;0.4951
08/10/2025 02:15;0.4831
08/10/2025 02:30;0.4924
08/10/2025 02:45;0.4844
08/10/2025 03:00;0.5085
08/10/2025 03:15;0.4895
08/10/2025 03:30;0.5268
08/10/2025 03:45;0.5037
08/10/2025 04:00;0.5646
08/10/2025 04:15;0.5744
08/10/2025 04:30;0.5703
08/10/2025 04:45;0.5513
08/10/2025 05:00;0.8533
08/10/2025 05:15;0.8456
08/10/2025 05:30;0.8479
08/10/2025 05:45;0.8529
08/10/2025 06:00;1.5822
08/10/2025 06:15;1.4678
08/10/2025 06:30;1.5012
08/10/2025 06:45;1.4856
08/10/2025 07:00;1.8766
08/10/2025 07:15;1.7223
08/10/2025 07:30;1.8882
08/10/2025 07:45;1.9168
08/10/2025 08:00;1.3831
08/10/2025 08:15;1.4077
08/10/2025 08:30;1.3223
08/10/2025 08:45;1.3454
08/10/2025 09:00;0.9892
08/10/2025 09:15;0.9861
08/10/2025 09:30;1.0482
08/10/2025 09:45;0.9967
08/10/2025 10:00;0.9246
08/10/2025 10:15;0.9648
08/10/2025 10:30;0.9271
08/10/2025 10:45;0.9339
08/10/2025 11:00;0.9483
08/10/2025 11:15;1.0441
08/10/2025 11:30;0.9742
08/10/2025 11:45;0.9993
08/10/2025 12:00;0.9783
08/10/2025 12:15;1.1144
08/10/2025 12:30;0.9926
08/10/2025 12:45;1.0018
08/10/2025 13:00;0.9138
08/10/2025 13:15;0.9568
08/10/2025 13:30;0.9992
08/10/2025 13:45;0.9692
08/10/2025 14:00;0.9835
08/10/2025 14:15;0.9228
08/10/2025 14:30;0.9872
08/10/2025 14:45;0.9380
08/10/2025 15:00;1.0123
08/10/2025 15:15;1.0386
08/10/2025 15:30;0.9681
08/10/2025 15:45;0.9685
08/10/2025 16:00;1.1224
08/10/2025 16:15;1.1698
08/10/2025 16:30;1.2067
08/10/2025 16:45;1.2345
08/10/2025 17:00;1.4788
08/10/2025 17:15;1.4836
08/10/2025 17:30;1.5888
08/10/2025 17:45;1.5212
08/10/2025 18:00;2.0076
08/10/2025 18:15;2.0852
08/10/2025 18:30;1.9655
08/10/2025 18:45;1.9788
08/10/2025 19:00;2.1767
08/10/2025 19:15;1.9857
08/10/2025 19:30;2.1539
08/10/2025 19:45;2.0311
08/10/2025 20:00;2.0234
08/10/2025 20:15;1.6865
08/10/2025 20:30;1.9297
08/10/2025 20:45;1.9475
08/10/2025 21:00;1.5672
08/10/2025 21:15;1.5166
08/10/2025 21:30;1.4394
08/10/2025 21:45;1.4399
08/10/2025 22:00;1.0585
08/10/2025 22:15;1.0075
08/10/2025 22:30;1.0210
08/10/2025 22:45;1.0463
08/10/2025 23:00;0.6957
08/10/2025 23:15;0.6822
08/10/2025 23:30;0.7170
08/10/2025 23:45;0.6758
09/10/2025 00:00;0.5686
09/10/2025 00:15;0.5461
09/10/2025 00:30;0.5533
09/10/2025 00:45;0.5448
09/10/2025 01:00;0.4877
09/10/2025 01:15;0.5067
09/10/2025 01:30;0.5030
09/10/2025 01:45;0.5049
09/10/2025 02:00;0.5006
09/10/2025 02:15;0.5081
09/10/2025 02:30;0.4977
09/10/2025 02:45;0.4696
09/10/2025 03:00;0.4966
09/10/2025 03:15;0.4951
09/10/2025 03:30;0.4940
09/10/2025 03:45;0.5125
09/10/2025 04:00;0.5558
09/10/2025 04:15;0.5666
09/10/2025 04:30;0.5754
09/10/2025 04:45;0.5637
09/10/2025 05:00;0.8285
09/10/2025 05:15;0.8602
09/10/2025 05:30;0.8085
09/10/2025 05:45;0.8902
09/10/2025 06:00;1.4612
09/10/2025 06:15;1.4398
09/10/2025 06:30;1.4177
09/10/2025 06:45;1.5229
09/10/2025 07:00;1.7961
09/10/2025 07:15;1.7339
09/10/2025 07:30;1.7579
09/10/2025 07:45;1.7352
09/10/2025 08:00;1.3595
09/10/2025 08:15;1.3496
09/10/2025 08:30;1.2603
09/10/2025 08:45;1.2752
09/10/2025 09:00;0.9419
09/10/2025 09:15;0.9512
09/10/2025 09:30;1.0021
09/10/2025 09:45;0.9402
09/10/2025 10:00;0.9012
09/10/2025 10:15;0.8830
09/10/2025 10:30;0.8930
09/10/2025 10:45;0.9131
09/10/2025 11:00;0.9472
09/10/2025 11:15;0.9502
09/10/2025 11:30;0.9516
09/10/2025 11:45;0.8808
09/10/2025 12:00;0.9673
09/10/2025 12:15;0.9505
09/10/2025 12:30;0.9726
09/10/2025 12:45;0.9959
09/10/2025 13:00;0.9607
09/10/2025 13:15;0.9727
09/10/2025 13:30;0.9771
09/10/2025 13:45;0.9218
09/10/2025 14:00;0.8433
09/10/2025 14:15;0.9258
09/10/2025 14:30;0.8826
09/10/2025 14:45;0.9586
09/10/2025 15:00;0.9476
09/10/2025 15:15;0.9453
09/10/2025 15:30;0.9728
09/10/2025 15:45;0.9535
09/10/2025 16:00;1.1186
09/10/2025 16:15;1.0999
09/10/2025 16:30;1.0609
09/10/2025 16:45;1.1516
09/10/2025 17:00;1.5248
09/10/2025 17:15;1.5034
09/10/2025 17:30;1.4206
09/10/2025 17:45;1.4598
09/10/2025 18:00;1.8880
09/10/2025 18:15;1.8369
09/10/2025 18:30;1.8580
09/10/2025 18:45;1.8692
09/10/2025 19:00;1.9295
09/10/2025 19:15;1.9597
09/10/2025 19:30;1.8461
09/10/2025 19:45;2.0734
09/10/2025 20:00;1.8314
09/10/2025 20:15;1.6584
09/10/2025 20:30;1.7403
09/10/2025 20:45;1.6958
09/10/2025 21:00;1.4591
09/10/2025 21:15;1.4273
09/10/2025 21:30;1.3541
09/10/2025 21:45;1.4490
09/10/2025 22:00;0.9850
09/10/2025 22:15;1.0133
09/10/2025 22:30;1.0062
09/10/2025 22:45;1.0015
09/10/2025 23:00;0.6688
09/10/2025 23:15;0.7191
09/10/2025 23:30;0.6771
09/10/2025 23:45;0.6753
10/10/2025 00:00;0.5146
10/10/2025 00:15;0.5362
10/10/2025 00:30;0.5276
10/10/2025 00:45;0.5198
10/10/2025 01:00;0.4507
10/10/2025 01:15;0.4715
10/10/2025 01:30;0.4559
10/10/2025 01:45;0.4687
10/10/2025 02:00;0.4407
10/10/2025 02:15;0.4682
10/10/2025 02:30;0.4470
10/10/2025 02:45;0.4465
10/10/2025 03:00;0.4648
10/10/2025 03:15;0.4816
10/10/2025 03:30;0.4627
10/10/2025 03:45;0.4687
10/10/2025 04:00;0.5206
10/10/2025 04:15;0.5029
10/10/2025 04:30;0.5180
10/10/2025 04:45;0.5330
10/10/2025 05:00;0.7169
10/10/2025 05:15;0.7578
10/10/2025 05:30;0.7924
10/10/2025 05:45;0.7730
10/10/2025 06:00;1.3661
10/10/2025 06:15;1.3384
10/10/2025 06:30;1.2734
10/10/2025 06:45;1.3588
10/10/2025 07:00;1.5751
10/10/2025 07:15;1.5638
10/10/2025 07:30;1.6645
10/10/2025 07:45;1.6809
10/10/2025 08:00;1.2232
10/10/2025 08:15;1.2693
10/10/2025 08:30;1.2110
10/10/2025 08:45;1.1612
10/10/2025 09:00;0.9105
10/10/2025 09:15;0.8541
10/10/2025 09:30;0.9120
10/10/2025 09:45;0.8712
10/10/2025 10:00;0.8262
10/10/2025 10:15;0.8230
10/10/2025 10:30;0.8280
10/10/2025 10:45;0.8631
10/10/2025 11:00;0.8875
10/10/2025 11:15;0.8486
10/10/2025 11:30;0.8437
10/10/2025 11:45;0.8717
10/10/2025 12:00;0.9329
10/10/2025 12:15;0.8965
10/10/2025 12:30;0.8646
10/10/2025 12:45;0.9000
10/10/2025 13:00;0.9177
10/10/2025 13:15;0.8808
10/10/2025 13:30;0.8737
10/10/2025 13:45;0.9004
10/10/2025 14:00;0.8473
10/10/2025 14:15;0.8380
10/10/2025 14:30;0.8171
10/10/2025 14:45;0.7860
10/10/2025 15:00;0.8554
10/10/2025 15:15;0.9104
10/10/2025 15:30;0.9050
10/10/2025 15:45;0.8799
10/10/2025 16:00;1.0088
10/10/2025 16:15;0.9898
10/10/2025 16:30;0.9708
10/10/2025 16:45;1.0121
10/10/2025 17:00;1.3210
10/10/2025 17:15;1.2953
10/10/2025 17:30;1.3209
10/10/2025 17:45;1.3497
10/10/2025 18:00;1.6510
10/10/2025 18:15;1.7043
10/10/2025 18:30;1.6866
10/10/2025 18:45;1.6752
10/10/2025 19:00;1.8721
10/10/2025 19:15;1.8699
10/10/2025 19:30;1.7221
10/10/2025 19:45;1.7394
10/10/2025 20:00;1.5758
10/10/2025 20:15;1.6135
10/10/2025 20:30;1.5716
10/10/2025 20:45;1.5810
10/10/2025 21:00;1.3316
10/10/2025 21:15;1.3537
10/10/2025 21:30;1.2656
10/10/2025 21:45;1.3044
10/10/2025 22:00;0.9227
10/10/2025 22:15;0.8916
10/10/2025 22:30;0.9250
10/10/2025 22:45;0.8903
10/10/2025 23:00;0.6476
10/10/2025 23:15;0.6421
10/10/2025 23:30;0.6145
10/10/2025 23:45;0.6489
11/10/2025 00:00;0.5352
11/10/2025 00:15;0.5093
11/10/2025 00:30;0.5377
11/10/2025 00:45;0.5504
11/10/2025 01:00;0.4485
11/10/2025 01:15;0.4541
11/10/2025 01:30;0.4577
11/10/2025 01:45;0.4422
11/10/2025 02:00;0.4453
11/10/2025 02:15;0.4578
11/10/2025 02:30;0.4437
11/10/2025 02:45;0.4330
11/10/2025 03:00;0.4694
11/10/2025 03:15;0.4498
11/10/2025 03:30;0.4688
11/10/2025 03:45;0.4578
11/10/2025 04:00;0.4988
11/10/2025 04:15;0.5255
11/10/2025 04:30;0.5331
11/10/2025 04:45;0.5350
11/10/2025 05:00;0.7056
11/10/2025 05:15;0.7557
11/10/2025 05:30;0.7712
11/10/2025 05:45;0.7856
11/10/2025 06:00;1.2024
11/10/2025 06:15;1.2554
11/10/2025 06:30;1.2121
11/10/2025 06:45;1.1963
11/10/2025 07:00;1.4871
11/10/2025 07:15;1.3209
11/10/2025 07:30;1.5691
11/10/2025 07:45;1.5012
11/10/2025 08:00;1.1637
11/10/2025 08:15;1.1375
11/10/2025 08:30;1.1498
11/10/2025 08:45;1.1775
11/10/2025 09:00;0.8779
11/10/2025 09:15;0.8475
11/10/2025 09:30;0.8211
11/10/2025 09:45;0.8469
11/10/2025 10:00;0.7763
11/10/2025 10:15;0.7894
11/10/2025 10:30;0.8161
11/10/2025 10:45;0.8342
11/10/2025 11:00;0.7872
11/10/2025 11:15;0.8229
11/10/2025 11:30;0.8376
11/10/2025 11:45;0.8182
11/10/2025 12:00;0.8578
11/10/2025 12:15;0.8792
11/10/2025 12:30;0.8875
11/10/2025 12:45;0.8696
11/10/2025 13:00;0.8348
11/10/2025 13:15;0.8273
11/10/2025 13:30;0.8528
11/10/2025 13:45;0.8171
11/10/2025 14:00;0.8016
11/10/2025 14:15;0.8384
11/10/2025 14:30;0.7709
11/10/2025 14:45;0.7814
11/10/2025 15:00;0.8721
11/10/2025 15:15;0.8419
11/10/2025 15:30;0.8208
11/10/2025 15:45;0.8125
11/10/2025 16:00;0.9647
11/10/2025 16:15;0.9412
11/10/2025 16:30;0.9509
11/10/2025 16:45;0.9514
11/10/2025 17:00;1.2735
11/10/2025 17:15;1.3781
11/10/2025 17:30;1.1868
11/10/2025 17:45;1.2696
11/10/2025 18:00;1.5718
11/10/2025 18:15;1.4292
11/10/2025 18:30;1.5659
11/10/2025 18:45;1.6928
11/10/2025 19:00;1.6350
11/10/2025 19:15;1.7325
11/10/2025 19:30;1.6835
11/10/2025 19:45;1.6814
11/10/2025 20:00;1.5502
11/10/2025 20:15;1.5298
11/10/2025 20:30;1.5873
11/10/2025 20:45;1.4447
11/10/2025 21:00;1.2271
11/10/2025 21:15;1.2065
11/10/2025 21:30;1.2270
11/10/2025 21:45;1.3032
11/10/2025 22:00;0.9257
11/10/2025 22:15;0.8680
11/10/2025 22:30;0.8818
11/10/2025 22:45;0.8350
11/10/2025 23:00;0.6145
11/10/2025 23:15;0.6387
11/10/2025 23:30;0.5864
11/10/2025 23:45;0.6191
12/10/2025 00:00;0.4825
12/10/2025 00:15;0.4953
12/10/2025 00:30;0.4864
12/10/2025 00:45;0.4740
12/10/2025 01:00;0.4225
12/10/2025 01:15;0.4121
12/10/2025 01:30;0.4140
12/10/2025 01:45;0.4221
12/10/2025 02:00;0.4191
12/10/2025 02:15;0.4180
12/10/2025 02:30;0.4156
12/10/2025 02:45;0.4180
12/10/2025 03:00;0.4439
12/10/2025 03:15;0.4108
12/10/2025 03:30;0.4321
12/10/2025 03:45;0.4316
12/10/2025 04:00;0.4836
12/10/2025 04:15;0.4901
12/10/2025 04:30;0.4976
12/10/2025 04:45;0.4869
12/10/2025 05:00;0.7251
12/10/2025 05:15;0.7128
12/10/2025 05:30;0.7016
12/10/2025 05:45;0.6769
12/10/2025 06:00;1.1643
12/10/2025 06:15;1.1788
12/10/2025 06:30;1.1285
12/10/2025 06:45;1.1313
12/10/2025 07:00;1.3867
12/10/2025 07:15;1.3615
12/10/2025 07:30;1.4089
12/10/2025 07:45;1.3820
12/10/2025 08:00;1.0592
12/10/2025 08:15;1.0965
12/10/2025 08:30;1.0709
12/10/2025 08:45;1.0845
12/10/2025 09:00;0.8183
12/10/2025 09:15;0.7800
12/10/2025 09:30;0.7907
12/10/2025 09:45;0.7948
12/10/2025 10:00;0.7335
12/10/2025 10:15;0.7376
12/10/2025 10:30;0.7781
12/10/2025 10:45;0.7657
12/10/2025 11:00;0.7811
12/10/2025 11:15;0.8046
12/10/2025 11:30;0.7834
12/10/2025 11:45;0.7750
12/10/2025 12:00;0.8185
12/10/2025 12:15;0.7878
12/10/2025 12:30;0.7829
12/10/2025 12:45;0.8404
12/10/2025 13:00;0.8072
12/10/2025 13:15;0.7564
12/10/2025 13:30;0.7657
12/10/2025 13:45;0.7771
12/10/2025 14:00;0.7832
12/10/2025 14:15;0.7731
12/10/2025 14:30;0.7519
12/10/2025 14:45;0.7568
12/10/2025 15:00;0.8080
12/10/2025 15:15;0.8074
12/10/2025 15:30;0.8154
12/10/2025 15:45;0.7697
12/10/2025 16:00;0.9396
12/10/2025 16:15;0.9020
12/10/2025 16:30;0.9335
12/10/2025 16:45;0.9139
12/10/2025 17:00;1.1595
12/10/2025 17:15;1.1735
12/10/2025 17:30;1.2471
12/10/2025 17:45;1.1926
12/10/2025 18:00;1.5191
12/10/2025 18:15;1.5239
12/10/2025 18:30;1.5335
12/10/2025 18:45;1.5107
12/10/2025 19:00;1.6336
12/10/2025 19:15;1.4358
12/10/2025 19:30;1.5919
12/10/2025 19:45;1.5535
12/10/2025 20:00;1.4024
12/10/2025 20:15;1.4255
12/10/2025 20:30;1.3979
12/10/2025 20:45;1.3362
12/10/2025 21:00;1.0872
12/10/2025 21:15;1.1621
12/10/2025 21:30;1.1754
12/10/2025 21:45;1.0984
12/10/2025 22:00;0.8185
12/10/2025 22:15;0.8014
12/10/2025 22:30;0.8046
12/10/2025 22:45;0.8637
12/10/2025 23:00;0.5940
12/10/2025 23:15;0.5777
12/10/2025 23:30;0.5701
12/10/2025 23:45;0.5670
13/10/2025 00:00;0.5178
13/10/2025 00:15;0.5240
13/10/2025 00:30;0.5403
13/10/2025 00:45;0.5309
13/10/2025 01:00;0.4654
13/10/2025 01:15;0.4452
13/10/2025 01:30;0.4410
13/10/2025 01:45;0.4437
13/10/2025 02:00;0.4411
13/10/2025 02:15;0.4482
13/10/2025 02:30;0.4402
13/10/2025 02:45;0.4391
13/10/2025 03:00;0.4558
13/10/2025 03:15;0.4675
13/10/2025 03:30;0.4767
13/10/2025 03:45;0.4765
13/10/2025 04:00;0.5193
13/10/2025 04:15;0.5074
13/10/2025 04:30;0.5065
13/10/2025 04:45;0.5132
13/10/2025 05:00;0.7462
13/10/2025 05:15;0.7829
13/10/2025 05:30;0.7274
13/10/2025 05:45;0.7688
13/10/2025 06:00;1.2260
13/10/2025 06:15;1.3122
13/10/2025 06:30;1.3596
13/10/2025 06:45;1.3321
13/10/2025 07:00;1.6956
13/10/2025 07:15;1.5286
13/10/2025 07:30;1.5507
13/10/2025 07:45;1.5190
13/10/2025 08:00;1.2104
13/10/2025 08:15;1.2456
13/10/2025 08:30;1.1294
13/10/2025 08:45;1.1687
13/10/2025 09:00;0.8745
13/10/2025 09:15;0.8725
13/10/2025 09:30;0.8875
13/10/2025 09:45;0.8834
13/10/2025 10:00;0.8134
13/10/2025 10:15;0.8109
13/10/2025 10:30;0.8323
13/10/2025 10:45;0.8427
13/10/2025 11:00;0.8541
13/10/2025 11:15;0.8668
13/10/2025 11:30;0.8879
13/10/2025 11:45;0.8701
13/10/2025 12:00;0.8676
13/10/2025 12:15;0.8827
13/10/2025 12:30;0.8685
13/10/2025 12:45;0.9339
13/10/2025 13:00;0.8565
13/10/2025 13:15;0.8890
13/10/2025 13:30;0.8556
13/10/2025 13:45;0.8350
13/10/2025 14:00;0.8573
13/10/2025 14:15;0.8125
13/10/2025 14:30;0.8121
13/10/2025 14:45;0.8105
13/10/2025 15:00;0.8585
13/10/2025 15:15;0.8619
13/10/2025 15:30;0.8684
13/10/2025 15:45;0.8777
13/10/2025 16:00;0.9634
13/10/2025 16:15;1.0111
13/10/2025 16:30;0.9986
13/10/2025 16:45;0.9847
13/10/2025 17:00;1.2959
13/10/2025 17:15;1.3045
13/10/2025 17:30;1.3046
13/10/2025 17:45;1.3825
13/10/2025 18:00;1.6277
13/10/2025 18:15;1.7197
13/10/2025 18:30;1.6592
13/10/2025 18:45;1.7559
13/10/2025 19:00;1.7617
13/10/2025 19:15;1.7912
13/10/2025 19:30;1.8522
13/10/2025 19:45;1.7414
13/10/2025 20:00;1.5992
13/10/2025 20:15;1.5646
13/10/2025 20:30;1.6708
13/10/2025 20:45;1.7228
13/10/2025 21:00;1.3418
13/10/2025 21:15;1.3738
13/10/2025 21:30;1.3908
13/10/2025 21:45;1.3406
13/10/2025 22:00;0.9384
13/10/2025 22:15;0.8976
13/10/2025 22:30;0.9155
13/10/2025 22:45;0.9642
13/10/2025 23:00;0.6277
13/10/2025 23:15;0.5996
13/10/2025 23:30;0.6361
13/10/2025 23:45;0.6189
14/10/2025 00:00;0.4921
14/10/2025 00:15;0.5075
14/10/2025 00:30;0.4915
14/10/2025 00:45;0.4923
14/10/2025 01:00;0.4187
14/10/2025 01:15;0.4290
14/10/2025 01:30;0.4267
14/10/2025 01:45;0.4523
14/10/2025 02:00;0.4193
14/10/2025 02:15;0.4158
14/10/2025 02:30;0.4321
14/10/2025 02:45;0.4134
14/10/2025 03:00;0.4247
14/10/2025 03:15;0.4488
14/10/2025 03:30;0.4322
14/10/2025 03:45;0.4440
14/10/2025 04:00;0.4923
14/10/2025 04:15;0.4862
14/10/2025 04:30;0.4888
14/10/2025 04:45;0.4826
14/10/2025 05:00;0.7026
14/10/2025 05:15;0.7074
14/10/2025 05:30;0.6938
14/10/2025 05:45;0.6761
14/10/2025 06:00;1.2079
14/10/2025 06:15;1.2219
14/10/2025 06:30;1.2659
14/10/2025 06:45;1.2390
14/10/2025 07:00;1.5139
14/10/2025 07:15;1.6110
14/10/2025 07:30;1.5039
14/10/2025 07:45;1.4327
14/10/2025 08:00;1.1647
14/10/2025 08:15;1.1277
14/10/2025 08:30;1.2379
14/10/2025 08:45;1.1260
14/10/2025 09:00;0.8658
14/10/2025 09:15;0.8079
14/10/2025 09:30;0.8461
14/10/2025 09:45;0.8026
14/10/2025 10:00;0.7872
14/10/2025 10:15;0.7782
14/10/2025 10:30;0.8173
14/10/2025 10:45;0.7711
14/10/2025 11:00;0.8331
14/10/2025 11:15;0.8285
14/10/2025 11:30;0.8052
14/10/2025 11:45;0.8698
14/10/2025 12:00;0.8278
14/10/2025 12:15;0.8423
14/10/2025 12:30;0.8681
14/10/2025 12:45;0.8314
14/10/2025 13:00;0.8129
14/10/2025 13:15;0.8317
14/10/2025 13:30;0.8324
14/10/2025 13:45;0.8267
14/10/2025 14:00;0.7704
14/10/2025 14:15;0.7725
14/10/2025 14:30;0.8364
14/10/2025 14:45;0.8084
14/10/2025 15:00;0.8617
14/10/2025 15:15;0.8763
14/10/2025 15:30;0.8864
14/10/2025 15:45;0.8193
14/10/2025 16:00;0.9417
14/10/2025 16:15;0.9837
14/10/2025 16:30;0.9462
14/10/2025 16:45;0.9597
14/10/2025 17:00;1.2871
14/10/2025 17:15;1.2567
14/10/2025 17:30;1.2954
14/10/2025 17:45;1.2967
14/10/2025 18:00;1.7407
14/10/2025 18:15;1.7280
14/10/2025 18:30;1.6869
14/10/2025 18:45;1.6625
14/10/2025 19:00;1.7482
14/10/2025 19:15;1.7090
14/10/2025 19:30;1.7227
14/10/2025 19:45;1.7099
14/10/2025 20:00;1.5302
14/10/2025 20:15;1.5454
14/10/2025 20:30;1.5272
14/10/2025 20:45;1.5680
14/10/2025 21:00;1.3455
14/10/2025 21:15;1.3247
14/10/2025 21:30;1.3208
14/10/2025 21:45;1.2816
14/10/2025 22:00;0.8529
14/10/2025 22:15;0.8702
14/10/2025 22:30;0.8942
14/10/2025 22:45;0.8923
14/10/2025 23:00;0.5818
14/10/2025 23:15;0.5817
14/10/2025 23:30;0.6100
14/10/2025 23:45;0.5711
15/10/2025 00:00;0.4995
15/10/2025 00:15;0.5344
15/10/2025 00:30;0.5268
15/10/2025 00:45;0.4933
15/10/2025 01:00;0.4928
15/10/2025 01:15;0.5087
15/10/2025 01:30;0.5041
15/10/2025 01:45;0.4680
15/10/2025 02:00;0.4641
15/10/2025 02:15;0.4666
15/10/2025 02:30;0.4764
15/10/2025 02:45;0.4891
15/10/2025 03:00;0.4747
15/10/2025 03:15;0.4796
15/10/2025 03:30;0.4797
15/10/2025 03:45;0.4761
15/10/2025 04:00;0.5424
15/10/2025 04:15;0.5603
15/10/2025 04:30;0.5487
15/10/2025 04:45;0.5549
15/10/2025 05:00;0.7870
15/10/2025 05:15;0.8102
15/10/2025 05:30;0.7867
15/10/2025 05:45;0.8301
15/10/2025 06:00;1.4000
15/10/2025 06:15;1.3417
15/10/2025 06:30;1.3722
15/10/2025 06:45;1.3543
15/10/2025 07:00;1.6425
15/10/2025 07:15;1.7152
15/10/2025 07:30;1.7185
15/10/2025 07:45;1.6100
15/10/2025 08:00;1.2851
15/10/2025 08:15;1.2965
15/10/2025 08:30;1.2770
15/10/2025 08:45;1.2674
15/10/2025 09:00;0.9354
15/10/2025 09:15;0.8906
15/10/2025 09:30;0.9716
15/10/2025 09:45;0.9833
15/10/2025 10:00;0.8823
15/10/2025 10:15;0.8864
15/10/2025 10:30;0.8996
15/10/2025 10:45;0.8844
15/10/2025 11:00;0.9263
15/10/2025 11:15;0.9301
15/10/2025 11:30;0.9200
15/10/2025 11:45;0.9076
15/10/2025 12:00;0.9432
15/10/2025 12:15;0.9431
15/10/2025 12:30;0.9043
15/10/2025 12:45;0.8787
15/10/2025 13:00;0.8577
15/10/2025 13:15;0.9725
15/10/2025 13:30;0.8896
15/10/2025 13:45;0.9037
15/10/2025 14:00;0.8600
15/10/2025 14:15;0.8893
15/10/2025 14:30;0.8888
15/10/2025 14:45;0.9098
15/10/2025 15:00;0.9278
15/10/2025 15:15;0.9346
15/10/2025 15:30;0.9097
15/10/2025 15:45;0.9591
15/10/2025 16:00;1.0372
15/10/2025 16:15;1.1139
15/10/2025 16:30;1.0433
15/10/2025 16:45;1.0374
15/10/2025 17:00;1.3393
15/10/2025 17:15;1.3692
15/10/2025 17:30;1.4396
15/10/2025 17:45;1.3673
15/10/2025 18:00;1.8504
15/10/2025 18:15;1.7767
15/10/2025 18:30;1.8667
15/10/2025 18:45;1.9489
15/10/2025 19:00;1.8573
15/10/2025 19:15;1.8232
15/10/2025 19:30;1.8663
15/10/2025 19:45;1.8362
15/10/2025 20:00;1.7204
15/10/2025 20:15;1.6803
15/10/2025 20:30;1.6555
15/10/2025 20:45;1.6749
15/10/2025 21:00;1.3884
15/10/2025 21:15;1.3543
15/10/2025 21:30;1.3601
15/10/2025 21:45;1.3989
15/10/2025 22:00;0.9552
15/10/2025 22:15;0.9797
15/10/2025 22:30;0.9495
15/10/2025 22:45;0.9850
15/10/2025 23:00;0.6610
15/10/2025 23:15;0.6204
15/10/2025 23:30;0.6540
15/10/2025 23:45;0.6723
16/10/2025 00:00;0.5485
16/10/2025 00:15;0.5471
16/10/2025 00:30;0.5541
16/10/2025 00:45;0.5464
16/10/2025 01:00;0.4580
16/10/2025 01:15;0.4717
16/10/2025 01:30;0.4622
16/10/2025 01:45;0.4607
16/10/2025 02:00;0.4575
16/10/2025 02:15;0.4738
16/10/2025 02:30;0.4658
16/10/2025 02:45;0.4563
16/10/2025 03:00;0.4696
16/10/2025 03:15;0.4804
16/10/2025 03:30;0.4707
16/10/2025 03:45;0.4627
16/10/2025 04:00;0.5420
16/10/2025 04:15;0.5366
16/10/2025 04:30;0.5305
16/10/2025 04:45;0.5421
16/10/2025 05:00;0.8231
16/10/2025 05:15;0.7742
16/10/2025 05:30;0.7898
16/10/2025 05:45;0.7959
16/10/2025 06:00;1.3778
16/10/2025 06:15;1.3613
16/10/2025 06:30;1.3701
16/10/2025 06:45;1.4547
16/10/2025 07:00;1.5817
16/10/2025 07:15;1.6249
16/10/2025 07:30;1.6510
16/10/2025 07:45;1.6259
16/10/2025 08:00;1.1377
16/10/2025 08:15;1.3036
16/10/2025 08:30;1.2177
16/10/2025 08:45;1.3363
16/10/2025 09:00;0.9200
16/10/2025 09:15;0.8906
16/10/2025 09:30;0.8868
16/10/2025 09:45;0.9501
16/10/2025 10:00;0.8677
16/10/2025 10:15;0.8694
16/10/2025 10:30;0.8373
16/10/2025 10:45;0.8666
16/10/2025 11:00;0.8747
16/10/2025 11:15;0.8919
16/10/2025 11:30;0.9187
16/10/2025 11:45;0.9173
16/10/2025 12:00;0.9054
16/10/2025 12:15;0.8587
16/10/2025 12:30;0.8993
16/10/2025 12:45;0.9010
16/10/2025 13:00;0.8623
16/10/2025 13:15;0.8818
16/10/2025 13:30;0.8700
16/10/2025 13:45;0.8995
16/10/2025 14:00;0.8806
16/10/2025 14:15;0.8172
16/10/2025 14:30;0.8533
16/10/2025 14:45;0.8465
16/10/2025 15:00;0.8829
16/10/2025 15:15;0.9118
16/10/2025 15:30;0.8957
16/10/2025 15:45;0.8849
16/10/2025 16:00;1.0004
16/10/2025 16:15;1.0651
16/10/2025 16:30;1.1023
16/10/2025 16:45;1.0528
16/10/2025 17:00;1.3418
16/10/2025 17:15;1.3560
16/10/2025 17:30;1.3679
16/10/2025 17:45;1.3805
16/10/2025 18:00;1.7212
16/10/2025 18:15;1.7894
16/10/2025 18:30;1.6843
16/10/2025 18:45;1.7486
16/10/2025 19:00;1.8215
16/10/2025 19:15;1.7816
16/10/2025 19:30;1.8757
16/10/2025 19:45;1.8925
16/10/2025 20:00;1.5858
16/10/2025 20:15;1.7278
16/10/2025 20:30;1.6123
16/10/2025 20:45;1.6301
16/10/2025 21:00;1.3472
16/10/2025 21:15;1.2162
16/10/2025 21:30;1.3976
16/10/2025 21:45;1.3506
16/10/2025 22:00;0.9134
16/10/2025 22:15;0.9533
16/10/2025 22:30;0.9535
16/10/2025 22:45;0.9496
16/10/2025 23:00;0.6843
16/10/2025 23:15;0.6337
16/10/2025 23:30;0.6525
16/10/2025 23:45;0.6466
17/10/2025 00:00;0.5337
17/10/2025 00:15;0.5418
17/10/2025 00:30;0.5520
17/10/2025 00:45;0.5233
17/10/2025 01:00;0.4901
17/10/2025 01:15;0.4928
17/10/2025 01:30;0.4767
17/10/2025 01:45;0.4772
17/10/2025 02:00;0.4757
17/10/2025 02:15;0.4626
17/10/2025 02:30;0.4597
17/10/2025 02:45;0.4721
17/10/2025 03:00;0.4876
17/10/2025 03:15;0.4908
17/10/2025 03:30;0.5109
17/10/2025 03:45;0.4791
17/10/2025 04:00;0.5506
17/10/2025 04:15;0.5668
17/10/2025 04:30;0.5524
17/10/2025 04:45;0.5596
17/10/2025 05:00;0.8151
17/10/2025 05:15;0.8348
17/10/2025 05:30;0.8420
17/10/2025 05:45;0.8099
17/10/2025 06:00;1.4761
17/10/2025 06:15;1.4643
17/10/2025 06:30;1.3927
17/10/2025 06:45;1.5162
17/10/2025 07:00;1.6914
17/10/2025 07:15;1.7146
17/10/2025 07:30;1.6354
17/10/2025 07:45;1.5941
17/10/2025 08:00;1.2325
17/10/2025 08:15;1.2743
17/10/2025 08:30;1.2552
17/10/2025 08:45;1.1810
17/10/2025 09:00;0.8960
17/10/2025 09:15;0.9202
17/10/2025 09:30;0.8913
17/10/2025 09:45;0.9303
17/10/2025 10:00;0.9042
17/10/2025 10:15;0.8579
17/10/2025 10:30;0.8484
17/10/2025 10:45;0.8848
17/10/2025 11:00;0.8659
17/10/2025 11:15;0.9187
17/10/2025 11:30;0.9029
17/10/2025 11:45;0.8478
17/10/2025 12:00;0.9421
17/10/2025 12:15;0.9390
17/10/2025 12:30;0.9282
17/10/2025 12:45;0.9080
17/10/2025 13:00;0.8846
17/10/2025 13:15;0.8719
17/10/2025 13:30;0.9265
17/10/2025 13:45;0.9030
17/10/2025 14:00;0.8567
17/10/2025 14:15;0.8852
17/10/2025 14:30;0.8653
17/10/2025 14:45;0.8306
17/10/2025 15:00;0.8696
17/10/2025 15:15;0.9006
17/10/2025 15:30;0.8900
17/10/2025 15:45;0.8534
17/10/2025 16:00;0.9986
17/10/2025 16:15;1.0239
17/10/2025 16:30;1.0255
17/10/2025 16:45;1.0795
17/10/2025 17:00;1.3591
17/10/2025 17:15;1.3437
17/10/2025 17:30;1.4345
17/10/2025 17:45;1.4808
17/10/2025 18:00;1.7046
17/10/2025 18:15;1.7864
17/10/2025 18:30;1.6903
17/10/2025 18:45;1.7591
17/10/2025 19:00;1.7931
17/10/2025 19:15;1.8866
17/10/2025 19:30;1.8390
17/10/2025 19:45;1.7763
17/10/2025 20:00;1.6572
17/10/2025 20:15;1.6962
17/10/2025 20:30;1.7025
17/10/2025 20:45;1.8066
17/10/2025 21:00;1.3994
17/10/2025 21:15;1.3070
17/10/2025 21:30;1.3705
17/10/2025 21:45;1.3978
17/10/2025 22:00;0.9968
17/10/2025 22:15;1.0251
17/10/2025 22:30;0.9817
17/10/2025 22:45;1.0173
17/10/2025 23:00;0.6728
17/10/2025 23:15;0.6651
17/10/2025 23:30;0.6620
17/10/2025 23:45;0.6425
18/10/2025 00:00;0.5654
18/10/2025 00:15;0.5518
18/10/2025 00:30;0.5570
18/10/2025 00:45;0.5622
18/10/2025 01:00;0.4848
18/10/2025 01:15;0.4732
18/10/2025 01:30;0.4816
18/10/2025 01:45;0.4583
18/10/2025 02:00;0.4740
18/10/2025 02:15;0.4655
18/10/2025 02:30;0.4715
18/10/2025 02:45;0.4906
18/10/2025 03:00;0.4900
18/10/2025 03:15;0.4691
18/10/2025 03:30;0.4819
18/10/2025 03:45;0.4811
18/10/2025 04:00;0.5404
18/10/2025 04:15;0.5406
18/10/2025 04:30;0.5351
18/10/2025 04:45;0.5387
18/10/2025 05:00;0.8090
18/10/2025 05:15;0.8090
18/10/2025 05:30;0.8090
18/10/2025 05:45;0.7815
18/10/2025 06:00;1.3641
18/10/2025 06:15;1.3958
18/10/2025 06:30;1.3929
18/10/2025 06:45;1.2985
18/10/2025 07:00;1.6050
18/10/2025 07:15;1.6356
18/10/2025 07:30;1.7116
18/10/2025 07:45;1.6980
18/10/2025 08:00;1.2409
18/10/2025 08:15;1.1805
18/10/2025 08:30;1.3233
18/10/2025 08:45;1.2467
18/10/2025 09:00;0.9202
18/10/2025 09:15;0.9282
18/10/2025 09:30;0.9215
18/10/2025 09:45;0.9518
18/10/2025 10:00;0.8608
18/10/2025 10:15;0.8805
18/10/2025 10:30;0.8903
18/10/2025 10:45;0.8397
18/10/2025 11:00;0.9002
18/10/2025 11:15;0.9093
18/10/2025 11:30;0.8661
18/10/2025 11:45;0.9033
18/10/2025 12:00;0.9356
18/10/2025 12:15;0.9084
18/10/2025 12:30;0.9322
18/10/2025 12:45;0.9269
18/10/2025 13:00;0.9297
18/10/2025 13:15;0.8999
18/10/2025 13:30;0.8310
18/10/2025 13:45;0.9036
18/10/2025 14:00;0.8672
18/10/2025 14:15;0.8543
18/10/2025 14:30;0.8882
18/10/2025 14:45;0.8595
18/10/2025 15:00;0.9017
18/10/2025 15:15;0.9454
18/10/2025 15:30;0.8883
18/10/2025 15:45;0.9060
18/10/2025 16:00;1.0624
18/10/2025 16:15;1.0386
18/10/2025 16:30;1.0641
18/10/2025 16:45;1.0392
18/10/2025 17:00;1.2851
18/10/2025 17:15;1.3966
18/10/2025 17:30;1.4307
18/10/2025 17:45;1.3914
18/10/2025 18:00;1.7502
18/10/2025 18:15;1.7958
18/10/2025 18:30;1.6927
18/10/2025 18:45;1.7536
18/10/2025 19:00;1.9002
18/10/2025 19:15;1.8179
18/10/2025 19:30;1.8537
18/10/2025 19:45;1.8562
18/10/2025 20:00;1.5145
18/10/2025 20:15;1.6193
18/10/2025 20:30;1.6652
18/10/2025 20:45;1.6100
18/10/2025 21:00;1.3762
18/10/2025 21:15;1.3306
18/10/2025 21:30;1.4390
18/10/2025 21:45;1.3207
18/10/2025 22:00;0.8760
18/10/2025 22:15;0.9353
18/10/2025 22:30;0.9335
18/10/2025 22:45;0.9571
18/10/2025 23:00;0.6733
18/10/2025 23:15;0.6546
18/10/2025 23:30;0.6596
18/10/2025 23:45;0.6533
19/10/2025 00:00;0.4611
19/10/2025 00:15;0.4620
19/10/2025 00:30;0.4711
19/10/2025 00:45;0.4509
19/10/2025 01:00;0.4030
19/10/2025 01:15;0.4187
19/10/2025 01:30;0.4068
19/10/2025 01:45;0.4137
19/10/2025 02:00;0.4116
19/10/2025 02:15;0.3924
19/10/2025 02:30;0.4112
19/10/2025 02:45;0.3985
19/10/2025 03:00;0.4152
19/10/2025 03:15;0.4069
19/10/2025 03:30;0.3971
19/10/2025 03:45;0.4051
19/10/2025 04:00;0.4690
19/10/2025 04:15;0.4765
19/10/2025 04:30;0.4354
19/10/2025 04:45;0.4528
19/10/2025 05:00;0.6708
19/10/2025 05:15;0.6683
19/10/2025 05:30;0.6279
19/10/2025 05:45;0.6667
19/10/2025 06:00;1.1753
19/10/2025 06:15;1.1296
19/10/2025 06:30;1.1109
19/10/2025 06:45;1.1308
19/10/2025 07:00;1.3044
19/10/2025 07:15;1.3423
19/10/2025 07:30;1.3817
19/10/2025 07:45;1.3501
19/10/2025 08:00;1.0427
19/10/2025 08:15;1.0292
19/10/2025 08:30;0.9958
19/10/2025 08:45;1.0505
19/10/2025 09:00;0.7383
19/10/2025 09:15;0.7719
19/10/2025 09:30;0.7898
19/10/2025 09:45;0.8064
19/10/2025 10:00;0.7261
19/10/2025 10:15;0.6956
19/10/2025 10:30;0.7115
19/10/2025 10:45;0.7204
19/10/2025 11:00;0.7420
19/10/2025 11:15;0.7464
19/10/2025 11:30;0.7599
19/10/2025 11:45;0.7283
19/10/2025 12:00;0.7863
19/10/2025 12:15;0.8151
19/10/2025 12:30;0.7611
19/10/2025 12:45;0.7805
19/10/2025 13:00;0.7693
19/10/2025 13:15;0.7257
19/10/2025 13:30;0.7566
19/10/2025 13:45;0.7664
19/10/2025 14:00;0.7285
19/10/2025 14:15;0.7237
19/10/2025 14:30;0.7145
19/10/2025 14:45;0.6948
19/10/2025 15:00;0.7208
19/10/2025 15:15;0.7322
19/10/2025 15:30;0.7318
19/10/2025 15:45;0.7020
19/10/2025 16:00;0.8568
19/10/2025 16:15;0.8190
19/10/2025 16:30;0.8607
19/10/2025 16:45;0.8762
19/10/2025 17:00;1.1428
19/10/2025 17:15;1.1464
19/10/2025 17:30;1.1508
19/10/2025 17:45;1.1353
19/10/2025 18:00;1.4591
19/10/2025 18:15;1.4278
19/10/2025 18:30;1.4026
19/10/2025 18:45;1.4171
19/10/2025 19:00;1.4583
19/10/2025 19:15;1.5447
19/10/2025 19:30;1.5664
19/10/2025 19:45;1.4578
19/10/2025 20:00;1.3946
19/10/2025 20:15;1.3678
19/10/2025 20:30;1.3463
19/10/2025 20:45;1.4341
19/10/2025 21:00;1.1512
19/10/2025 21:15;1.1662
19/10/2025 21:30;1.1408
19/10/2025 21:45;1.1638
19/10/2025 22:00;0.7876
19/10/2025 22:15;0.7799
19/10/2025 22:30;0.8282
19/10/2025 22:45;0.7798
19/10/2025 23:00;0.5356
19/10/2025 23:15;0.5240
19/10/2025 23:30;0.5484
19/10/2025 23:45;0.5461
20/10/2025 00:00;0.4872
20/10/2025 00:15;0.4755
20/10/2025 00:30;0.4775
20/10/2025 00:45;0.4706
20/10/2025 01:00;0.4462
20/10/2025 01:15;0.4319
20/10/2025 01:30;0.4093
20/10/2025 01:45;0.4318
20/10/2025 02:00;0.4105
20/10/2025 02:15;0.4154
20/10/2025 02:30;0.4253
20/10/2025 02:45;0.4188
20/10/2025 03:00;0.4243
20/10/2025 03:15;0.4230
20/10/2025 03:30;0.4294
20/10/2025 03:45;0.4458
20/10/2025 04:00;0.4728
20/10/2025 04:15;0.4815
20/10/2025 04:30;0.4762
20/10/2025 04:45;0.4841
20/10/2025 05:00;0.7197
20/10/2025 05:15;0.7351
20/10/2025 05:30;0.7251
20/10/2025 05:45;0.7028
20/10/2025 06:00;1.2294
20/10/2025 06:15;1.2449
20/10/2025 06:30;1.2191
20/10/2025 06:45;1.1926
20/10/2025 07:00;1.4236
20/10/2025 07:15;1.4981
20/10/2025 07:30;1.5067
20/10/2025 07:45;1.6146
20/10/2025 08:00;1.1176
20/10/2025 08:15;1.1658
20/10/2025 08:30;1.0742
20/10/2025 08:45;1.1424
20/10/2025 09:00;0.8732
20/10/2025 09:15;0.8409
20/10/2025 09:30;0.8255
20/10/2025 09:45;0.7984
20/10/2025 10:00;0.7965
20/10/2025 10:15;0.7633
20/10/2025 10:30;0.7425
20/10/2025 10:45;0.7812
20/10/2025 11:00;0.8107
20/10/2025 11:15;0.8255
20/10/2025 11:30;0.7929
20/10/2025 11:45;0.7927
20/10/2025 12:00;0.8799
20/10/2025 12:15;0.8647
20/10/2025 12:30;0.8356
20/10/2025 12:45;0.8293
20/10/2025 13:00;0.8166
20/10/2025 13:15;0.7677
20/10/2025 13:30;0.8642
20/10/2025 13:45;0.8298
20/10/2025 14:00;0.7609
20/10/2025 14:15;0.7725
20/10/2025 14:30;0.7959
20/10/2025 14:45;0.8268
20/10/2025 15:00;0.8290
20/10/2025 15:15;0.8207
20/10/2025 15:30;0.8229
20/10/2025 15:45;0.8337
20/10/2025 16:00;0.9509
20/10/2025 16:15;0.9824
20/10/2025 16:30;0.9048
20/10/2025 16:45;0.9188
20/10/2025 17:00;1.2775
20/10/2025 17:15;1.2044
20/10/2025 17:30;1.3078
20/10/2025 17:45;1.2453
20/10/2025 18:00;1.6224
20/10/2025 18:15;1.6830
20/10/2025 18:30;1.5819
20/10/2025 18:45;1.6044
20/10/2025 19:00;1.6299
20/10/2025 19:15;1.6824
20/10/2025 19:30;1.6528
20/10/2025 19:45;1.7425
20/10/2025 20:00;1.4525
20/10/2025 20:15;1.4865
20/10/2025 20:30;1.3991
20/10/2025 20:45;1.5643
20/10/2025 21:00;1.2409
20/10/2025 21:15;1.2598
20/10/2025 21:30;1.2208
20/10/2025 21:45;1.3070
20/10/2025 22:00;0.8537
20/10/2025 22:15;0.9189
20/10/2025 22:30;0.8440
20/10/2025 22:45;0.8582
20/10/2025 23:00;0.6221
20/10/2025 23:15;0.5910
20/10/2025 23:30;0.5685
20/10/2025 23:45;0.5634
21/10/2025 00:00;0.4982
21/10/2025 00:15;0.5232
21/10/2025 00:30;0.5122
21/10/2025 00:45;0.5021
21/10/2025 01:00;0.4431
21/10/2025 01:15;0.4391
21/10/2025 01:30;0.4339
21/10/2025 01:45;0.4472
21/10/2025 02:00;0.4296
21/10/2025 02:15;0.4381
21/10/2025 02:30;0.4307
21/10/2025 02:45;0.4380
21/10/2025 03:00;0.4310
21/10/2025 03:15;0.4334
21/10/2025 03:30;0.4400
21/10/2025 03:45;0.4666
21/10/2025 04:00;0.5090
21/10/2025 04:15;0.5099
21/10/2025 04:30;0.5011
21/10/2025 04:45;0.5037
21/10/2025 05:00;0.7565
21/10/2025 05:15;0.7380
21/10/2025 05:30;0.7791
21/10/2025 05:45;0.7628
21/10/2025 06:00;1.3328
21/10/2025 06:15;1.2982
21/10/2025 06:30;1.2753
21/10/2025 06:45;1.2677
21/10/2025 07:00;1.5852
21/10/2025 07:15;1.5710
21/10/2025 07:30;1.5999
21/10/2025 07:45;1.5030
21/10/2025 08:00;1.1175
21/10/2025 08:15;1.2013
21/10/2025 08:30;1.2585
21/10/2025 08:45;1.1796
21/10/2025 09:00;0.8561
21/10/2025 09:15;0.8967
21/10/2025 09:30;0.8267
21/10/2025 09:45;0.8832
21/10/2025 10:00;0.7855
21/10/2025 10:15;0.8175
21/10/2025 10:30;0.8033
21/10/2025 10:45;0.7744
21/10/2025 11:00;0.8444
21/10/2025 11:15;0.8143
21/10/2025 11:30;0.8476
21/10/2025 11:45;0.8300
21/10/2025 12:00;0.8345
21/10/2025 12:15;0.9027
21/10/2025 12:30;0.8832
21/10/2025 12:45;0.8638
21/10/2025 13:00;0.8401
21/10/2025 13:15;0.8499
21/10/2025 13:30;0.8113
21/10/2025 13:45;0.8029
21/10/2025 14:00;0.8200
21/10/2025 14:15;0.7752
21/10/2025 14:30;0.8151
21/10/2025 14:45;0.8242
21/10/2025 15:00;0.8301
21/10/2025 15:15;0.8836
21/10/2025 15:30;0.8582
21/10/2025 15:45;0.8607
21/10/2025 16:00;0.9777
21/10/2025 16:15;0.9772
21/10/2025 16:30;1.0075
21/10/2025 16:45;0.9724
21/10/2025 17:00;1.3129
21/10/2025 17:15;1.3096
21/10/2025 17:30;1.2403
21/10/2025 17:45;1.3478
21/10/2025 18:00;1.7740
21/10/2025 18:15;1.6358
21/10/2025 18:30;1.6366
21/10/2025 18:45;1.6212
21/10/2025 19:00;1.6764
21/10/2025 19:15;1.7130
21/10/2025 19:30;1.7979
21/10/2025 19:45;1.8613
21/10/2025 20:00;1.5533
21/10/2025 20:15;1.6167
21/10/2025 20:30;1.5421
21/10/2025 20:45;1.5753
21/10/2025 21:00;1.2331
21/10/2025 21:15;1.3394
21/10/2025 21:30;1.2622
21/10/2025 21:45;1.3077
21/10/2025 22:00;0.8983
21/10/2025 22:15;0.8518
21/10/2025 22:30;0.8495
21/10/2025 22:45;0.8536
21/10/2025 23:00;0.5916
21/10/2025 23:15;0.5989
21/10/2025 23:30;0.5979
21/10/2025 23:45;0.6110
22/10/2025 00:00;0.5107
22/10/2025 00:15;0.5092
22/10/2025 00:30;0.5063
22/10/2025 00:45;0.5222
22/10/2025 01:00;0.4749
22/10/2025 01:15;0.4469
22/10/2025 01:30;0.4498
22/10/2025 01:45;0.4447
22/10/2025 02:00;0.4564
22/10/2025 02:15;0.4606
22/10/2025 02:30;0.4398
22/10/2025 02:45;0.4440
22/10/2025 03:00;0.4579
22/10/2025 03:15;0.4804
22/10/2025 03:30;0.4489
22/10/2025 03:45;0.4775
22/10/2025 04:00;0.5035
22/10/2025 04:15;0.5040
22/10/2025 04:30;0.5148
22/10/2025 04:45;0.5049
22/10/2025 05:00;0.7631
22/10/2025 05:15;0.7207
22/10/2025 05:30;0.7400
22/10/2025 05:45;0.7402
22/10/2025 06:00;1.2857
22/10/2025 06:15;1.2378
22/10/2025 06:30;1.2724
22/10/2025 06:45;1.2642
22/10/2025 07:00;1.6320
22/10/2025 07:15;1.6331
22/10/2025 07:30;1.5750
22/10/2025 07:45;1.6272
22/10/2025 08:00;1.1864
22/10/2025 08:15;1.1746
22/10/2025 08:30;1.1867
22/10/2025 08:45;1.1898
22/10/2025 09:00;0.8739
22/10/2025 09:15;0.9026
22/10/2025 09:30;0.8517
22/10/2025 09:45;0.9069
22/10/2025 10:00;0.8016
22/10/2025 10:15;0.8470
22/10/2025 10:30;0.8249
22/10/2025 10:45;0.8370
22/10/2025 11:00;0.8524
22/10/2025 11:15;0.8515
22/10/2025 11:30;0.8380
22/10/2025 11:45;0.8527
22/10/2025 12:00;0.9339
22/10/2025 12:15;0.8921
22/10/2025 12:30;0.8696
22/10/2025 12:45;0.8932
22/10/2025 13:00;0.8973
22/10/2025 13:15;0.8410
22/10/2025 13:30;0.8611
22/10/2025 13:45;0.8545
22/10/2025 14:00;0.8427
22/10/2025 14:15;0.8449
22/10/2025 14:30;0.8189
22/10/2025 14:45;0.8134
22/10/2025 15:00;0.8956
22/10/2025 15:15;0.8863
22/10/2025 15:30;0.8898
22/10/2025 15:45;0.9279
22/10/2025 16:00;0.9869
22/10/2025 16:15;0.9956
22/10/2025 16:30;0.9999
22/10/2025 16:45;0.9891
22/10/2025 17:00;1.3320
22/10/2025 17:15;1.3538
22/10/2025 17:30;1.3562
22/10/2025 17:45;1.3273
22/10/2025 18:00;1.8110
22/10/2025 18:15;1.6450
22/10/2025 18:30;1.5609
22/10/2025 18:45;1.6442
22/10/2025 19:00;1.7324
22/10/2025 19:15;1.8104
22/10/2025 19:30;1.8005
22/10/2025 19:45;1.7835
22/10/2025 20:00;1.6877
22/10/2025 20:15;1.6738
22/10/2025 20:30;1.6728
22/10/2025 20:45;1.5397
22/10/2025 21:00;1.3673
22/10/2025 21:15;1.3614
22/10/2025 21:30;1.3474
22/10/2025 21:45;1.3391
22/10/2025 22:00;0.8826
22/10/2025 22:15;0.8774
22/10/2025 22:30;0.9311
22/10/2025 22:45;0.8934
22/10/2025 23:00;0.6105
22/10/2025 23:15;0.6160
22/10/2025 23:30;0.6387
22/10/2025 23:45;0.6439
23/10/2025 00:00;0.4934
23/10/2025 00:15;0.5383
23/10/2025 00:30;0.5075
23/10/2025 00:45;0.5057
23/10/2025 01:00;0.4839
23/10/2025 01:15;0.4811
23/10/2025 01:30;0.4985
23/10/2025 01:45;0.4904
23/10/2025 02:00;0.4606
23/10/2025 02:15;0.4786
23/10/2025 02:30;0.4576
23/10/2025 02:45;0.4729
23/10/2025 03:00;0.4826
23/10/2025 03:15;0.4821
23/10/2025 03:30;0.4749
23/10/2025 03:45;0.4923
23/10/2025 04:00;0.5421
23/10/2025 04:15;0.5385
23/10/2025 04:30;0.5465
23/10/2025 04:45;0.5447
23/10/2025 05:00;0.8064
23/10/2025 05:15;0.7782
23/10/2025 05:30;0.7962
23/10/2025 05:45;0.7790
23/10/2025 06:00;1.3267
23/10/2025 06:15;1.3871
23/10/2025 06:30;1.3917
23/10/2025 06:45;1.3166
23/10/2025 07:00;1.6462
23/10/2025 07:15;1.6416
23/10/2025 07:30;1.6403
23/10/2025 07:45;1.5873
23/10/2025 08:00;1.2782
23/10/2025 08:15;1.2173
23/10/2025 08:30;1.1990
23/10/2025 08:45;1.2473
23/10/2025 09:00;0.9457
23/10/2025 09:15;0.9572
23/10/2025 09:30;0.9573
23/10/2025 09:45;0.9373
23/10/2025 10:00;0.8509
23/10/2025 10:15;0.8530
23/10/2025 10:30;0.9019
23/10/2025 10:45;0.8748
23/10/2025 11:00;0.8813
23/10/2025 11:15;0.9012
23/10/2025 11:30;0.8950
23/10/2025 11:45;0.9087
23/10/2025 12:00;0.9680
23/10/2025 12:15;0.9161
23/10/2025 12:30;0.8951
23/10/2025 12:45;0.9012
23/10/2025 13:00;0.8993
23/10/2025 13:15;0.9016
23/10/2025 13:30;0.9134
23/10/2025 13:45;0.8961
23/10/2025 14:00;0.8064
23/10/2025 14:15;0.8240
23/10/2025 14:30;0.8346
23/10/2025 14:45;0.8889
23/10/2025 15:00;0.8989
23/10/2025 15:15;0.8992
23/10/2025 15:30;0.9304
23/10/2025 15:45;0.8560
23/10/2025 16:00;1.0603
23/10/2025 16:15;1.0582
23/10/2025 16:30;1.0357
23/10/2025 16:45;1.0232
23/10/2025 17:00;1.4022
23/10/2025 17:15;1.3852
23/10/2025 17:30;1.3598
23/10/2025 17:45;1.4548
23/10/2025 18:00;1.7839
23/10/2025 18:15;1.8515
23/10/2025 18:30;1.7603
23/10/2025 18:45;1.7517
23/10/2025 19:00;1.9359
23/10/2025 19:15;1.8502
23/10/2025 19:30;1.7780
23/10/2025 19:45;1.7565
23/10/2025 20:00;1.6111
23/10/2025 20:15;1.6958
23/10/2025 20:30;1.7179
23/10/2025 20:45;1.6078
23/10/2025 21:00;1.3999
23/10/2025 21:15;1.4250
23/10/2025 21:30;1.2836
23/10/2025 21:45;1.3493
23/10/2025 22:00;0.9524
23/10/2025 22:15;0.9451
23/10/2025 22:30;0.9838
23/10/2025 22:45;1.0046
23/10/2025 23:00;0.6537
23/10/2025 23:15;0.6657
23/10/2025 23:30;0.6156
23/10/2025 23:45;0.6522
24/10/2025 00:00;0.5622
24/10/2025 00:15;0.5679
24/10/2025 00:30;0.5464
24/10/2025 00:45;0.5508
24/10/2025 01:00;0.5011
24/10/2025 01:15;0.4696
24/10/2025 01:30;0.4841
24/10/2025 01:45;0.4851
24/10/2025 02:00;0.4691
24/10/2025 02:15;0.4731
24/10/2025 02:30;0.4721
24/10/2025 02:45;0.4516
24/10/2025 03:00;0.4815
24/10/2025 03:15;0.4668
24/10/2025 03:30;0.4972
24/10/2025 03:45;0.4824
24/10/2025 04:00;0.5600
24/10/2025 04:15;0.5246
24/10/2025 04:30;0.5395
24/10/2025 04:45;0.5320
24/10/2025 05:00;0.8183
24/10/2025 05:15;0.8339
24/10/2025 05:30;0.7914
24/10/2025 05:45;0.8248
24/10/2025 06:00;1.3875
24/10/2025 06:15;1.4500
24/10/2025 06:30;1.2878
24/10/2025 06:45;1.3529
24/10/2025 07:00;1.7232
24/10/2025 07:15;1.5753
24/10/2025 07:30;1.7853
24/10/2025 07:45;1.7205
24/10/2025 08:00;1.2203
24/10/2025 08:15;1.2629
24/10/2025 08:30;1.2773
24/10/2025 08:45;1.2698
24/10/2025 09:00;0.9742
24/10/2025 09:15;0.9508
24/10/2025 09:30;0.9396
24/10/2025 09:45;0.9485
24/10/2025 10:00;0.8333
24/10/2025 10:15;0.8880
24/10/2025 10:30;0.9118
24/10/2025 10:45;0.8827
24/10/2025 11:00;0.9057
24/10/2025 11:15;0.9587
24/10/2025 11:30;0.9277
24/10/2025 11:45;0.9327
24/10/2025 12:00;0.9540
24/10/2025 12:15;0.9737
24/10/2025 12:30;0.9649
24/10/2025 12:45;0.9874
24/10/2025 13:00;0.9218
24/10/2025 13:15;0.9137
24/10/2025 13:30;0.9554
24/10/2025 13:45;0.9184
24/10/2025 14:00;0.8630
24/10/2025 14:15;0.8794
24/10/2025 14:30;0.9104
24/10/2025 14:45;0.8645
24/10/2025 15:00;0.9356
24/10/2025 15:15;0.9857
24/10/2025 15:30;0.9388
24/10/2025 15:45;0.9329
24/10/2025 16:00;1.1312
24/10/2025 16:15;1.0519
24/10/2025 16:30;1.0620
24/10/2025 16:45;1.0318
24/10/2025 17:00;1.3976
24/10/2025 17:15;1.4967
24/10/2025 17:30;1.4351
24/10/2025 17:45;1.4458
24/10/2025 18:00;1.9022
24/10/2025 18:15;1.9420
24/10/2025 18:30;1.7583
24/10/2025 18:45;1.9265
24/10/2025 19:00;1.7968
24/10/2025 19:15;1.7262
24/10/2025 19:30;1.9098
24/10/2025 19:45;1.8994
24/10/2025 20:00;1.6912
24/10/2025 20:15;1.6506
24/10/2025 20:30;1.6106
24/10/2025 20:45;1.8005
24/10/2025 21:00;1.3554
24/10/2025 21:15;1.4100
24/10/2025 21:30;1.3976
24/10/2025 21:45;1.4239
24/10/2025 22:00;1.0112
24/10/2025 22:15;0.9312
24/10/2025 22:30;0.9088
24/10/2025 22:45;1.0055
24/10/2025 23:00;0.6401
24/10/2025 23:15;0.6643
24/10/2025 23:30;0.6571
24/10/2025 23:45;0.6373
25/10/2025 00:00;0.5408
25/10/2025 00:15;0.5641
25/10/2025 00:30;0.5711
25/10/2025 00:45;0.5520
25/10/2025 01:00;0.4869
25/10/2025 01:15;0.4924
25/10/2025 01:30;0.4884
25/10/2025 01:45;0.4877
25/10/2025 02:00;0.4958
25/10/2025 02:15;0.4829
25/10/2025 02:30;0.4881
25/10/2025 02:45;0.4961
25/10/2025 03:00;0.4898
25/10/2025 03:15;0.4954
25/10/2025 03:30;0.5039
25/10/2025 03:45;0.5155
25/10/2025 04:00;0.5366
25/10/2025 04:15;0.5700
25/10/2025 04:30;0.5621
25/10/2025 04:45;0.5688
25/10/2025 05:00;0.8224
25/10/2025 05:15;0.8015
25/10/2025 05:30;0.8129
25/10/2025 05:45;0.8072
25/10/2025 06:00;1.3239
25/10/2025 06:15;1.3880
25/10/2025 06:30;1.3397
25/10/2025 06:45;1.3556
25/10/2025 07:00;1.6683
25/10/2025 07:15;1.6919
25/10/2025 07:30;1.6362
25/10/2025 07:45;1.6720
25/10/2025 08:00;1.2252
25/10/2025 08:15;1.2252
25/10/2025 08:30;1.2919
25/10/2025 08:45;1.1690
25/10/2025 09:00;0.9109
25/10/2025 09:15;0.9320
25/10/2025 09:30;0.9458
25/10/2025 09:45;0.9305
25/10/2025 10:00;0.9061
25/10/2025 10:15;0.8204
25/10/2025 10:30;0.9085
25/10/2025 10:45;0.8480
25/10/2025 11:00;0.8705
25/10/2025 11:15;0.8950
25/10/2025 11:30;0.9019
25/10/2025 11:45;0.8708
25/10/2025 12:00;0.9234
25/10/2025 12:15;0.9443
25/10/2025 12:30;0.9551
25/10/2025 12:45;0.8937
25/10/2025 13:00;0.9262
25/10/2025 13:15;0.9137
25/10/2025 13:30;0.9452
25/10/2025 13:45;0.9174
25/10/2025 14:00;0.8586
25/10/2025 14:15;0.8663
25/10/2025 14:30;0.8503
25/10/2025 14:45;0.9034
25/10/2025 15:00;0.9390
25/10/2025 15:15;0.9254
25/10/2025 15:30;0.9250
25/10/2025 15:45;0.9411
25/10/2025 16:00;0.9951
25/10/2025 16:15;1.0529
25/10/2025 16:30;0.9992
25/10/2025 16:45;1.0838
25/10/2025 17:00;1.3579
25/10/2025 17:15;1.3630
25/10/2025 17:30;1.3527
25/10/2025 17:45;1.3628
25/10/2025 18:00;1.6327
25/10/2025 18:15;1.7093
25/10/2025 18:30;1.6934
25/10/2025 18:45;1.7699
25/10/2025 19:00;1.8300
25/10/2025 19:15;1.8141
25/10/2025 19:30;1.7961
25/10/2025 19:45;1.8700
25/10/2025 20:00;1.5638
25/10/2025 20:15;1.6124
25/10/2025 20:30;1.5863
25/10/2025 20:45;1.6647
25/10/2025 21:00;1.3803
25/10/2025 21:15;1.3890
25/10/2025 21:30;1.3481
25/10/2025 21:45;1.4091
25/10/2025 22:00;0.9382
25/10/2025 22:15;0.9751
25/10/2025 22:30;0.9627
25/10/2025 22:45;0.9218
25/10/2025 23:00;0.6773
25/10/2025 23:15;0.6369
25/10/2025 23:30;0.6726
25/10/2025 23:45;0.6254
26/10/2025 00:00;0.5278
26/10/2025 00:15;0.5135
26/10/2025 00:30;0.5408
26/10/2025 00:45;0.5383
26/10/2025 01:00;0.4682
26/10/2025 01:15;0.4815
26/10/2025 01:30;0.4866
26/10/2025 01:45;0.4775
26/10/2025 02:00;0.4673
26/10/2025 02:15;0.4485
26/10/2025 02:30;0.4643
26/10/2025 02:45;0.4727
26/10/2025 02:00;0.4654
26/10/2025 02:15;0.4791
26/10/2025 02:30;0.4611
26/10/2025 02:45;0.4628
26/10/2025 03:00;0.4926
26/10/2025 03:15;0.4813
26/10/2025 03:30;0.4954
26/10/2025 03:45;0.4869
26/10/2025 04:00;0.5348
26/10/2025 04:15;0.5201
26/10/2025 04:30;0.5511
26/10/2025 04:45;0.5208
26/10/2025 05:00;0.7639
26/10/2025 05:15;0.7791
26/10/2025 05:30;0.7637
26/10/2025 05:45;0.7771
26/10/2025 06:00;1.2979
26/10/2025 06:15;1.3127
26/10/2025 06:30;1.3356
26/10/2025 06:45;1.3055
26/10/2025 07:00;1.6103
26/10/2025 07:15;1.5288
26/10/2025 07:30;1.5579
26/10/2025 07:45;1.5503
26/10/2025 08:00;1.1967
26/10/2025 08:15;1.1568
26/10/2025 08:30;1.1989
26/10/2025 08:45;1.1681
26/10/2025 09:00;0.8873
26/10/2025 09:15;0.9321
26/10/2025 09:30;0.8938
26/10/2025 09:45;0.8779
26/10/2025 10:00;0.8474
26/10/2025 10:15;0.8566
26/10/2025 10:30;0.8478
26/10/2025 10:45;0.8530
26/10/2025 11:00;0.8906
26/10/2025 11:15;0.8327
26/10/2025 11:30;0.8663
26/10/2025 11:45;0.8902
26/10/2025 12:00;0.8950
26/10/2025 12:15;0.8674
26/10/2025 12:30;0.8815
26/10/2025 12:45;0.9278
26/10/2025 13:00;0.8528
26/10/2025 13:15;0.8580
26/10/2025 13:30;0.8430
26/10/2025 13:45;0.8816
26/10/2025 14:00;0.8565
26/10/2025 14:15;0.8385
26/10/2025 14:30;0.8361
26/10/2025 14:45;0.8413
26/10/2025 15:00;0.8602
26/10/2025 15:15;0.8747
26/10/2025 15:30;0.8896
26/10/2025 15:45;0.8756
26/10/2025 16:00;0.9819
26/10/2025 16:15;1.0173
26/10/2025 16:30;0.9943
26/10/2025 16:45;1.0372
26/10/2025 17:00;1.2696
26/10/2025 17:15;1.2616
26/10/2025 17:30;1.3325
26/10/2025 17:45;1.2701
26/10/2025 18:00;1.6123
26/10/2025 18:15;1.6703
26/10/2025 18:30;1.6301
26/10/2025 18:45;1.6402
26/10/2025 19:00;1.7080
26/10/2025 19:15;1.6538
26/10/2025 19:30;1.6438
26/10/2025 19:45;1.6167
26/10/2025 20:00;1.4841
26/10/2025 20:15;1.4855
26/10/2025 20:30;1.6644
26/10/2025 20:45;1.5399
26/10/2025 21:00;1.2741
26/10/2025 21:15;1.3477
26/10/2025 21:30;1.3191
26/10/2025 21:45;1.2843
26/10/2025 22:00;0.9049
26/10/2025 22:15;0.9063
26/10/2025 22:30;0.9168
26/10/2025 22:45;0.9327
26/10/2025 23:00;0.6353
26/10/2025 23:15;0.6131
26/10/2025 23:30;0.6407
26/10/2025 23:45;0.6190
27/10/2025 00:00;0.5276
27/10/2025 00:15;0.5218
27/10/2025 00:30;0.5182
27/10/2025 00:45;0.5195
27/10/2025 01:00;0.4579
27/10/2025 01:15;0.4606
27/10/2025 01:30;0.4666
27/10/2025 01:45;0.4688
27/10/2025 02:00;0.4330
27/10/2025 02:15;0.4450
27/10/2025 02:30;0.4622
27/10/2025 02:45;0.4593
27/10/2025 03:00;0.4798
27/10/2025 03:15;0.4594
27/10/2025 03:30;0.4717
27/10/2025 03:45;0.4757
27/10/2025 04:00;0.5274
27/10/2025 04:15;0.5172
27/10/2025 04:30;0.5303
27/10/2025 04:45;0.5433
27/10/2025 05:00;0.7788
27/10/2025 05:15;0.7917
27/10/2025 05:30;0.7714
27/10/2025 05:45;0.7670
27/10/2025 06:00;1.3149
27/10/2025 06:15;1.3195
27/10/2025 06:30;1.2799
27/10/2025 06:45;1.2670
27/10/2025 07:00;1.6428
27/10/2025 07:15;1.6970
27/10/2025 07:30;1.6337
27/10/2025 07:45;1.6615
27/10/2025 08:00;1.2307
27/10/2025 08:15;1.2166
27/10/2025 08:30;1.2049
27/10/2025 08:45;1.2047
27/10/2025 09:00;0.9315
27/10/2025 09:15;0.8899
27/10/2025 09:30;0.8899
27/10/2025 09:45;0.8426
27/10/2025 10:00;0.8230
27/10/2025 10:15;0.8675
27/10/2025 10:30;0.8397
27/10/2025 10:45;0.8057
27/10/2025 11:00;0.8478
27/10/2025 11:15;0.8772
27/10/2025 11:30;0.8815
27/10/2025 11:45;0.8784
27/10/2025 12:00;0.8532
27/10/2025 12:15;0.9324
27/10/2025 12:30;0.8644
27/10/2025 12:45;0.8829
27/10/2025 13:00;0.8618
27/10/2025 13:15;0.8410
27/10/2025 13:30;0.8542
27/10/2025 13:45;0.8369
27/10/2025 14:00;0.8226
27/10/2025 14:15;0.8098
27/10/2025 14:30;0.8384
27/10/2025 14:45;0.8525
27/10/2025 15:00;0.8888
27/10/2025 15:15;0.8817
27/10/2025 15:30;0.8565
27/10/2025 15:45;0.9067
27/10/2025 16:00;1.0638
27/10/2025 16:15;1.0368
27/10/2025 16:30;0.9420
27/10/2025 16:45;0.9905
27/10/2025 17:00;1.2541
27/10/2025 17:15;1.3243
27/10/2025 17:30;1.2358
27/10/2025 17:45;1.3431
27/10/2025 18:00;1.5501
27/10/2025 18:15;1.6763
27/10/2025 18:30;1.6103
27/10/2025 18:45;1.6739
27/10/2025 19:00;1.6474
27/10/2025 19:15;1.7258
27/10/2025 19:30;1.7504
27/10/2025 19:45;1.6977
27/10/2025 20:00;1.5277
27/10/2025 20:15;1.6085
27/10/2025 20:30;1.6096
27/10/2025 20:45;1.5754
27/10/2025 21:00;1.2794
27/10/2025 21:15;1.2534
27/10/2025 21:30;1.3177
27/10/2025 21:45;1.2699
27/10/2025 22:00;0.8862
27/10/2025 22:15;0.9280
27/10/2025 22:30;0.8804
27/10/2025 22:45;0.9089
27/10/2025 23:00;0.5883
27/10/2025 23:15;0.6088
27/10/2025 23:30;0.6301
27/10/2025 23:45;0.6413
28/10/2025 00:00;0.5592
28/10/2025 00:15;0.5644
28/10/2025 00:30;0.5520
28/10/2025 00:45;0.5557
28/10/2025 01:00;0.4798
28/10/2025 01:15;0.4931
28/10/2025 01:30;0.5116
28/10/2025 01:45;0.5097
28/10/2025 02:00;0.4822
28/10/2025 02:15;0.4655
28/10/2025 02:30;0.4671
28/10/2025 02:45;0.4806
28/10/2025 03:00;0.4898
28/10/2025 03:15;0.5310
28/10/2025 03:30;0.5002
28/10/2025 03:45;0.5206
28/10/2025 04:00;0.5479
28/10/2025 04:15;0.5565
28/10/2025 04:30;0.5519
28/10/2025 04:45;0.5644
28/10/2025 05:00;0.8146
28/10/2025 05:15;0.8298
28/10/2025 05:30;0.8278
28/10/2025 05:45;0.8182
28/10/2025 06:00;1.4015
28/10/2025 06:15;1.4199
28/10/2025 06:30;1.3237
28/10/2025 06:45;1.3714
28/10/2025 07:00;1.7405
28/10/2025 07:15;1.7018
28/10/2025 07:30;1.7625
28/10/2025 07:45;1.5974
28/10/2025 08:00;1.2372
28/10/2025 08:15;1.3140
28/10/2025 08:30;1.2841
28/10/2025 08:45;1.2777
28/10/2025 09:00;0.9705
28/10/2025 09:15;0.9120
28/10/2025 09:30;0.9590
28/10/2025 09:45;0.9442
28/10/2025 10:00;0.8495
28/10/2025 10:15;0.8894
28/10/2025 10:30;0.8662
28/10/2025 10:45;0.9239
28/10/2025 11:00;0.9084
28/10/2025 11:15;0.9418
28/10/2025 11:30;0.9000
28/10/2025 11:45;0.9321
28/10/2025 12:00;0.9212
28/10/2025 12:15;0.9387
28/10/2025 12:30;0.9415
28/10/2025 12:45;0.9466
28/10/2025 13:00;0.9219
28/10/2025 13:15;0.9793
28/10/2025 13:30;0.9099
28/10/2025 13:45;0.9359
28/10/2025 14:00;0.8834
28/10/2025 14:15;0.8956
28/10/2025 14:30;0.8809
28/10/2025 14:45;0.8550
28/10/2025 15:00;0.9937
28/10/2025 15:15;0.9185
28/10/2025 15:30;0.9047
28/10/2025 15:45;0.9228
28/10/2025 16:00;1.0615
28/10/2025 16:15;1.0553
28/10/2025 16:30;1.0697
28/10/2025 16:45;1.1191
28/10/2025 17:00;1.5286
28/10/2025 17:15;1.4528
28/10/2025 17:30;1.3387
28/10/2025 17:45;1.4128
28/10/2025 18:00;1.7777
28/10/2025 18:15;1.7366
28/10/2025 18:30;1.7510
28/10/2025 18:45;1.7646
28/10/2025 19:00;1.9256
28/10/2025 19:15;1.7459
28/10/2025 19:30;1.7966
28/10/2025 19:45;1.8081
28/10/2025 20:00;1.7675
28/10/2025 20:15;1.6945
28/10/2025 20:30;1.6237
28/10/2025 20:45;1.6652
28/10/2025 21:00;1.3999
28/10/2025 21:15;1.3654
28/10/2025 21:30;1.3654
28/10/2025 21:45;1.4063
28/10/2025 22:00;0.9841
28/10/2025 22:15;0.9830
28/10/2025 22:30;0.9641
28/10/2025 22:45;0.9852
28/10/2025 23:00;0.6658
28/10/2025 23:15;0.6802
28/10/2025 23:30;0.6533
28/10/2025 23:45;0.6671
29/10/2025 00:00;0.5052
29/10/2025 00:15;0.5325
29/10/2025 00:30;0.5450
29/10/2025 00:45;0.5437
29/10/2025 01:00;0.4869
29/10/2025 01:15;0.4545
29/10/2025 01:30;0.4603
29/10/2025 01:45;0.4746
29/10/2025 02:00;0.4833
29/10/2025 02:15;0.4503
29/10/2025 02:30;0.4381
29/10/2025 02:45;0.4425
29/10/2025 03:00;0.4891
29/10/2025 03:15;0.4653
29/10/2025 03:30;0.4704
29/10/2025 03:45;0.4606
29/10/2025 04:00;0.5384
29/10/2025 04:15;0.5387
29/10/2025 04:30;0.5206
29/10/2025 04:45;0.5413
29/10/2025 05:00;0.7942
29/10/2025 05:15;0.8065
29/10/2025 05:30;0.8210
29/10/2025 05:45;0.8149
29/10/2025 06:00;1.3470
29/10/2025 06:15;1.3965
29/10/2025 06:30;1.3337
29/10/2025 06:45;1.4242
29/10/2025 07:00;1.5992
29/10/2025 07:15;1.7458
29/10/2025 07:30;1.6403
29/10/2025 07:45;1.6792
29/10/2025 08:00;1.2438
29/10/2025 08:15;1.1987
29/10/2025 08:30;1.3099
29/10/2025 08:45;1.3158
29/10/2025 09:00;0.9096
29/10/2025 09:15;0.9262
29/10/2025 09:30;0.9286
29/10/2025 09:45;0.9126
29/10/2025 10:00;0.8447
29/10/2025 10:15;0.8340
29/10/2025 10:30;0.8504
29/10/2025 10:45;0.9052
29/10/2025 11:00;0.8668
29/10/2025 11:15;0.8765
29/10/2025 11:30;0.8858
29/10/2025 11:45;0.8815
29/10/2025 12:00;0.8627
29/10/2025 12:15;0.9211
29/10/2025 12:30;0.9248
29/10/2025 12:45;0.9250
29/10/2025 13:00;0.8525
29/10/2025 13:15;0.9401
29/10/2025 13:30;0.8961
29/10/2025 13:45;0.8851
29/10/2025 14:00;0.8594
29/10/2025 14:15;0.8552
29/10/2025 14:30;0.8548
29/10/2025 14:45;0.8739
29/10/2025 15:00;0.8969
29/10/2025 15:15;0.8873
29/10/2025 15:30;0.9136
29/10/2025 15:45;0.8839
29/10/2025 16:00;1.0372
29/10/2025 16:15;1.0865
29/10/2025 16:30;1.0688
29/10/2025 16:45;1.0352
29/10/2025 17:00;1.3740
29/10/2025 17:15;1.3330
29/10/2025 17:30;1.3812
29/10/2025 17:45;1.4039
29/10/2025 18:00;1.8147
29/10/2025 18:15;1.8223
29/10/2025 18:30;1.6532
29/10/2025 18:45;1.7690
29/10/2025 19:00;1.7529
29/10/2025 19:15;1.7415
29/10/2025 19:30;1.8293
29/10/2025 19:45;1.7629
29/10/2025 20:00;1.5530
29/10/2025 20:15;1.7026
29/10/2025 20:30;1.5859
29/10/2025 20:45;1.7036
29/10/2025 21:00;1.3079
29/10/2025 21:15;1.2993
29/10/2025 21:30;1.3383
29/10/2025 21:45;1.3634
29/10/2025 22:00;0.9083
29/10/2025 22:15;0.9272
29/10/2025 22:30;0.9371
29/10/2025 22:45;0.9010
29/10/2025 23:00;0.6555
29/10/2025 23:15;0.6462
29/10/2025 23:30;0.6433
29/10/2025 23:45;0.6344
30/10/2025 00:00;0.5503
30/10/2025 00:15;0.5491
30/10/2025 00:30;0.5577
30/10/2025 00:45;0.5634
30/10/2025 01:00;0.4901
30/10/2025 01:15;0.4855
30/10/2025 01:30;0.4760
30/10/2025 01:45;0.4889
30/10/2025 02:00;0.4611
30/10/2025 02:15;0.4809
30/10/2025 02:30;0.4750
30/10/2025 02:45;0.4696
30/10/2025 03:00;0.4918
30/10/2025 03:15;0.4910
30/10/2025 03:30;0.4861
30/10/2025 03:45;0.5090
30/10/2025 04:00;0.5561
30/10/2025 04:15;0.5461
30/10/2025 04:30;0.5481
30/10/2025 04:45;0.5350
30/10/2025 05:00;0.8201
30/10/2025 05:15;0.7909
30/10/2025 05:30;0.8250
30/10/2025 05:45;0.8476
30/10/2025 06:00;1.4123
30/10/2025 06:15;1.3736
30/10/2025 06:30;1.4373
30/10/2025 06:45;1.3101
30/10/2025 07:00;1.5871
30/10/2025 07:15;1.7216
30/10/2025 07:30;1.6753
30/10/2025 07:45;1.7305
30/10/2025 08:00;1.2283
30/10/2025 08:15;1.2117
30/10/2025 08:30;1.3256
30/10/2025 08:45;1.2580
30/10/2025 09:00;0.8897
30/10/2025 09:15;0.9353
30/10/2025 09:30;0.9123
30/10/2025 09:45;0.9866
30/10/2025 10:00;0.8842
30/10/2025 10:15;0.8876
30/10/2025 10:30;0.8428
30/10/2025 10:45;0.8414
30/10/2025 11:00;0.9069
30/10/2025 11:15;0.9470
30/10/2025 11:30;0.8887
30/10/2025 11:45;0.8727
30/10/2025 12:00;0.8834
30/10/2025 12:15;0.9300
30/10/2025 12:30;0.9367
30/10/2025 12:45;0.9119
30/10/2025 13:00;0.8658
30/10/2025 13:15;0.8965
30/10/2025 13:30;0.8764
30/10/2025 13:45;0.9388
30/10/2025 14:00;0.8902
30/10/2025 14:15;0.8725
30/10/2025 14:30;0.8816
30/10/2025 14:45;0.9091
30/10/2025 15:00;0.9216
30/10/2025 15:15;0.8980
30/10/2025 15:30;0.9272
30/10/2025 15:45;0.9328
30/10/2025 16:00;1.0139
30/10/2025 16:15;1.0263
30/10/2025 16:30;1.0484
30/10/2025 16:45;1.1305
30/10/2025 17:00;1.4331
30/10/2025 17:15;1.3869
30/10/2025 17:30;1.3630
30/10/2025 17:45;1.4178
30/10/2025 18:00;1.8553
30/10/2025 18:15;1.7785
30/10/2025 18:30;1.7517
30/10/2025 18:45;1.8346
30/10/2025 19:00;1.9106
30/10/2025 19:15;1.8975
30/10/2025 19:30;1.8003
30/10/2025 19:45;1.8103
30/10/2025 20:00;1.6230
30/10/2025 20:15;1.6670
30/10/2025 20:30;1.7305
30/10/2025 20:45;1.5916
30/10/2025 21:00;1.4558
30/10/2025 21:15;1.3456
30/10/2025 21:30;1.3513
30/10/2025 21:45;1.4316
30/10/2025 22:00;1.0041
30/10/2025 22:15;0.9878
30/10/2025 22:30;0.9799
30/10/2025 22:45;0.9481
30/10/2025 23:00;0.6641
30/10/2025 23:15;0.6515
30/10/2025 23:30;0.6517
30/10/2025 23:45;0.6604
31/10/2025 00:00;0.5850
31/10/2025 00:15;0.5612
31/10/2025 00:30;0.5653
31/10/2025 00:45;0.5682
31/10/2025 01:00;0.4909
31/10/2025 01:15;0.5163
31/10/2025 01:30;0.5052
31/10/2025 01:45;0.4899
31/10/2025 02:00;0.4892
31/10/2025 02:15;0.5075
31/10/2025 02:30;0.4828
31/10/2025 02:45;0.4840
31/10/2025 03:00;0.5128
31/10/2025 03:15;0.5273
31/10/2025 03:30;0.5109
31/10/2025 03:45;0.4988
31/10/2025 04:00;0.5500
31/10/2025 04:15;0.5566
31/10/2025 04:30;0.5628
31/10/2025 04:45;0.5640
31/10/2025 05:00;0.8602
31/10/2025 05:15;0.8794
31/10/2025 05:30;0.8597
31/10/2025 05:45;0.8568
31/10/2025 06:00;1.5441
31/10/2025 06:15;1.4759
31/10/2025 06:30;1.4910
31/10/2025 06:45;1.4480
31/10/2025 07:00;2.0067
31/10/2025 07:15;1.7841
31/10/2025 07:30;1.8417
31/10/2025 07:45;1.8035
31/10/2025 08:00;1.2902
31/10/2025 08:15;1.3817
31/10/2025 08:30;1.3605
31/10/2025 08:45;1.3625
31/10/2025 09:00;0.9607
31/10/2025 09:15;0.9994
31/10/2025 09:30;1.0218
31/10/2025 09:45;0.9711
31/10/2025 10:00;0.9301
31/10/2025 10:15;0.9183
31/10/2025 10:30;0.9291
31/10/2025 10:45;0.9305
31/10/2025 11:00;0.9652
31/10/2025 11:15;0.9815
31/10/2025 11:30;0.9749
31/10/2025 11:45;0.9939
31/10/2025 12:00;1.0009
31/10/2025 12:15;0.9665
31/10/2025 12:30;0.9520
31/10/2025 12:45;1.0111
31/10/2025 13:00;0.9489
31/10/2025 13:15;0.9299
31/10/2025 13:30;0.9903
31/10/2025 13:45;0.9267
31/10/2025 14:00;0.9230
31/10/2025 14:15;0.9091
31/10/2025 14:30;0.9724
31/10/2025 14:45;0.9069
31/10/2025 15:00;0.9633
31/10/2025 15:15;0.9907
31/10/2025 15:30;0.9300
31/10/2025 15:45;0.9661
31/10/2025 16:00;1.1196
31/10/2025 16:15;1.1234
31/10/2025 16:30;1.0984
31/10/2025 16:45;1.1282
31/10/2025 17:00;1.4348
31/10/2025 17:15;1.5032
31/10/2025 17:30;1.5390
31/10/2025 17:45;1.4903
31/10/2025 18:00;1.8817
31/10/2025 18:15;1.9251
31/10/2025 18:30;1.8099
31/10/2025 18:45;1.9380
31/10/2025 19:00;1.9271
31/10/2025 19:15;1.9447
31/10/2025 19:30;2.0902
31/10/2025 19:45;2.0093
31/10/2025 20:00;1.8526
31/10/2025 20:15;1.8213
31/10/2025 20:30;1.7243
31/10/2025 20:45;1.7760
31/10/2025 21:00;1.4788
31/10/2025 21:15;1.4932
31/10/2025 21:30;1.4824
31/10/2025 21:45;1.4762
31/10/2025 22:00;1.0280
31/10/2025 22:15;0.9945
31/10/2025 22:30;1.0253
31/10/2025 22:45;1.0116
31/10/2025 23:00;0.7061
31/10/2025 23:15;0.6639
31/10/2025 23:30;0.6836
31/10/2025 23:45;0.7122
01/11/2025 00:00;0.5700
01/11/2025 00:15;0.5602
01/11/2025 00:30;0.6013
01/11/2025 00:45;0.5907
01/11/2025 01:00;0.5130
01/11/2025 01:15;0.4980
01/11/2025 01:30;0.5071
01/11/2025 01:45;0.5173
01/11/2025 02:00;0.5022
01/11/2025 02:15;0.5195
01/11/2025 02:30;0.5042
01/11/2025 02:45;0.5049
01/11/2025 03:00;0.5076
01/11/2025 03:15;0.5450
01/11/2025 03:30;0.5367
01/11/2025 03:45;0.5309
01/11/2025 04:00;0.6015
01/11/2025 04:15;0.5892
01/11/2025 04:30;0.5746
01/11/2025 04:45;0.5895
01/11/2025 05:00;0.8219
01/11/2025 05:15;0.8294
01/11/2025 05:30;0.8645
01/11/2025 05:45;0.8082
01/11/2025 06:00;1.4200
01/11/2025 06:15;1.3907
01/11/2025 06:30;1.3992
01/11/2025 06:45;1.4004
01/11/2025 07:00;1.6762
01/11/2025 07:15;1.6937
01/11/2025 07:30;1.5986
01/11/2025 07:45;1.7156
01/11/2025 08:00;1.3039
01/11/2025 08:15;1.2924
01/11/2025 08:30;1.2247
01/11/2025 08:45;1.2852
01/11/2025 09:00;0.9485
01/11/2025 09:15;1.0252
01/11/2025 09:30;0.9438
01/11/2025 09:45;0.9697
01/11/2025 10:00;0.8956
01/11/2025 10:15;0.9036
01/11/2025 10:30;0.8813
01/11/2025 10:45;0.8868
01/11/2025 11:00;0.9295
01/11/2025 11:15;0.9551
01/11/2025 11:30;0.9285
01/11/2025 11:45;0.9160
01/11/2025 12:00;0.9060
01/11/2025 12:15;0.9383
01/11/2025 12:30;0.9437
01/11/2025 12:45;0.9566
01/11/2025 13:00;0.9140
01/11/2025 13:15;0.8925
01/11/2025 13:30;0.9170
01/11/2025 13:45;0.9624
01/11/2025 14:00;0.9062
01/11/2025 14:15;0.8186
01/11/2025 14:30;0.8883
01/11/2025 14:45;0.8795
01/11/2025 15:00;0.9468
01/11/2025 15:15;0.8799
01/11/2025 15:30;0.9848
01/11/2025 15:45;0.9050
01/11/2025 16:00;1.0899
01/11/2025 16:15;1.1083
01/11/2025 16:30;1.0652
01/11/2025 16:45;1.1108
01/11/2025 17:00;1.4889
01/11/2025 17:15;1.4188
01/11/2025 17:30;1.4571
01/11/2025 17:45;1.4011
01/11/2025 18:00;1.6693
01/11/2025 18:15;1.7607
01/11/2025 18:30;1.7003
01/11/2025 18:45;1.6502
01/11/2025 19:00;1.7231
01/11/2025 19:15;1.7302
01/11/2025 19:30;1.7623
01/11/2025 19:45;1.8787
01/11/2025 20:00;1.5201
01/11/2025 20:15;1.7088
01/11/2025 20:30;1.6167
01/11/2025 20:45;1.6662
01/11/2025 21:00;1.3619
01/11/2025 21:15;1.3744
01/11/2025 21:30;1.3292
01/11/2025 21:45;1.3698
01/11/2025 22:00;0.9632
01/11/2025 22:15;1.0021
01/11/2025 22:30;1.0172
01/11/2025 22:45;0.9918
01/11/2025 23:00;0.6793
01/11/2025 23:15;0.6937
01/11/2025 23:30;0.7136
01/11/2025 23:45;0.6821
02/11/2025 00:00;0.5548
02/11/2025 00:15;0.5525
02/11/2025 00:30;0.5348
02/11/2025 00:45;0.5475
02/11/2025 01:00;0.4850
02/11/2025 01:15;0.4787
02/11/2025 01:30;0.4930
02/11/2025 01:45;0.4848
02/11/2025 02:00;0.4696
02/11/2025 02:15;0.4749
02/11/2025 02:30;0.4805
02/11/2025 02:45;0.4697
02/11/2025 03:00;0.5062
02/11/2025 03:15;0.4908
02/11/2025 03:30;0.5000
02/11/2025 03:45;0.5112
02/11/2025 04:00;0.5562
02/11/2025 04:15;0.5716
02/11/2025 04:30;0.5663
02/11/2025 04:45;0.5506
02/11/2025 05:00;0.7825
02/11/2025 05:15;0.8225
02/11/2025 05:30;0.7675
02/11/2025 05:45;0.7772
02/11/2025 06:00;1.2199
02/11/2025 06:15;1.2301
02/11/2025 06:30;1.3250
02/11/2025 06:45;1.2004
02/11/2025 07:00;1.4793
02/11/2025 07:15;1.4449
02/11/2025 07:30;1.5146
02/11/2025 07:45;1.5470
02/11/2025 08:00;1.0856
02/11/2025 08:15;1.1235
02/11/2025 08:30;1.1923
02/11/2025 08:45;1.1427
02/11/2025 09:00;0.8501
02/11/2025 09:15;0.8602
02/11/2025 09:30;0.8644
02/11/2025 09:45;0.9178
02/11/2025 10:00;0.8168
02/11/2025 10:15;0.7877
02/11/2025 10:30;0.7936
02/11/2025 10:45;0.8305
02/11/2025 11:00;0.8509
02/11/2025 11:15;0.7652
02/11/2025 11:30;0.8357
02/11/2025 11:45;0.8337
02/11/2025 12:00;0.9080
02/11/2025 12:15;0.9036
02/11/2025 12:30;0.8653
02/11/2025 12:45;0.8548
02/11/2025 13:00;0.8661
02/11/2025 13:15;0.8577
02/11/2025 13:30;0.7942
02/11/2025 13:45;0.8426
02/11/2025 14:00;0.8151
02/11/2025 14:15;0.8037
02/11/2025 14:30;0.7707
02/11/2025 14:45;0.8110
02/11/2025 15:00;0.8044
02/11/2025 15:15;0.8862
02/11/2025 15:30;0.8521
02/11/2025 15:45;0.8372
02/11/2025 16:00;0.9736
02/11/2025 16:15;0.9840
02/11/2025 16:30;1.0003
02/11/2025 16:45;0.9674
02/11/2025 17:00;1.2906
02/11/2025 17:15;1.3006
02/11/2025 17:30;1.2722
02/11/2025 17:45;1.2533
02/11/2025 18:00;1.5288
02/11/2025 18:15;1.6261
02/11/2025 18:30;1.5552
02/11/2025 18:45;1.6033
02/11/2025 19:00;1.6892
02/11/2025 19:15;1.6426
02/11/2025 19:30;1.6220
02/11/2025 19:45;1.5409
02/11/2025 20:00;1.4690
02/11/2025 20:15;1.4883
02/11/2025 20:30;1.5042
02/11/2025 20:45;1.4984
02/11/2025 21:00;1.2634
02/11/2025 21:15;1.2380
02/11/2025 21:30;1.2464
02/11/2025 21:45;1.2216
02/11/2025 22:00;0.9076
02/11/2025 22:15;0.8940
02/11/2025 22:30;0.9151
02/11/2025 22:45;0.8928
02/11/2025 23:00;0.6180
02/11/2025 23:15;0.6591
02/11/2025 23:30;0.6172
02/11/2025 23:45;0.6324
03/11/2025 00:00;0.5521
03/11/2025 00:15;0.5432
03/11/2025 00:30;0.5385
03/11/2025 00:45;0.5297
03/11/2025 01:00;0.4737
03/11/2025 01:15;0.4682
03/11/2025 01:30;0.4682
03/11/2025 01:45;0.4700
03/11/2025 02:00;0.4745
03/11/2025 02:15;0.4542
03/11/2025 02:30;0.4682
03/11/2025 02:45;0.4711
03/11/2025 03:00;0.4872
03/11/2025 03:15;0.4657
03/11/2025 03:30;0.4743
03/11/2025 03:45;0.4773
03/11/2025 04:00;0.5401
03/11/2025 04:15;0.5485
03/11/2025 04:30;0.5450
03/11/2025 04:45;0.5342
03/11/2025 05:00;0.7622
03/11/2025 05:15;0.7898
03/11/2025 05:30;0.8216
03/11/2025 05:45;0.7917
03/11/2025 06:00;1.3217
03/11/2025 06:15;1.3477
03/11/2025 06:30;1.2549
03/11/2025 06:45;1.3396
03/11/2025 07:00;1.6942
03/11/2025 07:15;1.6513
03/11/2025 07:30;1.6188
03/11/2025 07:45;1.6175
03/11/2025 08:00;1.2442
03/11/2025 08:15;1.1487
03/11/2025 08:30;1.2338
03/11/2025 08:45;1.1570
03/11/2025 09:00;0.9118
03/11/2025 09:15;0.9325
03/11/2025 09:30;0.9007
03/11/2025 09:45;0.8621
03/11/2025 10:00;0.8659
03/11/2025 10:15;0.8616
03/11/2025 10:30;0.8412
03/11/2025 10:45;0.8084
03/11/2025 11:00;0.8632
03/11/2025 11:15;0.8943
03/11/2025 11:30;0.9061
03/11/2025 11:45;0.9114
03/11/2025 12:00;0.8495
03/11/2025 12:15;0.9079
03/11/2025 12:30;0.8728
03/11/2025 12:45;0.9451
03/11/2025 13:00;0.8827
03/11/2025 13:15;0.9126
03/11/2025 13:30;0.8888
03/11/2025 13:45;0.9217
03/11/2025 14:00;0.8760
03/11/2025 14:15;0.8292
03/11/2025 14:30;0.8517
03/11/2025 14:45;0.8831
03/11/2025 15:00;0.8684
03/11/2025 15:15;0.9077
03/11/2025 15:30;0.8627
03/11/2025 15:45;0.8909
03/11/2025 16:00;0.9873
03/11/2025 16:15;1.0457
03/11/2025 16:30;1.0681
03/11/2025 16:45;1.0678
03/11/2025 17:00;1.3729
03/11/2025 17:15;1.2892
03/11/2025 17:30;1.3284
03/11/2025 17:45;1.3725
03/11/2025 18:00;1.6520
03/11/2025 18:15;1.6190
03/11/2025 18:30;1.7151
03/11/2025 18:45;1.6920
03/11/2025 19:00;1.7453
03/11/2025 19:15;1.8609
03/11/2025 19:30;1.7576
03/11/2025 19:45;1.6730
03/11/2025 20:00;1.6804
03/11/2025 20:15;1.7432
03/11/2025 20:30;1.6711
03/11/2025 20:45;1.6833
03/11/2025 21:00;1.4138
03/11/2025 21:15;1.3050
03/11/2025 21:30;1.2631
03/11/2025 21:45;1.3296
03/11/2025 22:00;0.9284
03/11/2025 22:15;0.9215
03/11/2025 22:30;0.9495
03/11/2025 22:45;0.9296
03/11/2025 23:00;0.6559
03/11/2025 23:15;0.6376
03/11/2025 23:30;0.6270
03/11/2025 23:45;0.6242
04/11/2025 00:00;0.5689
04/11/2025 00:15;0.5738
04/11/2025 00:30;0.5969
04/11/2025 00:45;0.6231
04/11/2025 01:00;0.5235
04/11/2025 01:15;0.5211
04/11/2025 01:30;0.5128
04/11/2025 01:45;0.5342
04/11/2025 02:00;0.5068
04/11/2025 02:15;0.5193
04/11/2025 02:30;0.5214
04/11/2025 02:45;0.4909
04/11/2025 03:00;0.5361
04/11/2025 03:15;0.5356
04/11/2025 03:30;0.5252
04/11/2025 03:45;0.5250
04/11/2025 04:00;0.6170
04/11/2025 04:15;0.5915
04/11/2025 04:30;0.6397
04/11/2025 04:45;0.6071
04/11/2025 05:00;0.8547
04/11/2025 05:15;0.9081
04/11/2025 05:30;0.8528
04/11/2025 05:45;0.8678
04/11/2025 06:00;1.4216
04/11/2025 06:15;1.4738
04/11/2025 06:30;1.4018
04/11/2025 06:45;1.4645
04/11/2025 07:00;1.7444
04/11/2025 07:15;1.7318
04/11/2025 07:30;1.6892
04/11/2025 07:45;1.8619
04/11/2025 08:00;1.3026
04/11/2025 08:15;1.2643
04/11/2025 08:30;1.3314
04/11/2025 08:45;1.3534
04/11/2025 09:00;0.9794
04/11/2025 09:15;0.9987
04/11/2025 09:30;0.9977
04/11/2025 09:45;0.9970
04/11/2025 10:00;0.8829
04/11/2025 10:15;0.9249
04/11/2025 10:30;0.8836
04/11/2025 10:45;0.9021
04/11/2025 11:00;0.9791
04/11/2025 11:15;0.9567
04/11/2025 11:30;0.9210
04/11/2025 11:45;0.9363
04/11/2025 12:00;0.9908
04/11/2025 12:15;0.9921
04/11/2025 12:30;1.0003
04/11/2025 12:45;1.0033
04/11/2025 13:00;0.9503
04/11/2025 13:15;0.9543
04/11/2025 13:30;0.9507
04/11/2025 13:45;0.9316
04/11/2025 14:00;0.9251
04/11/2025 14:15;0.9168
04/11/2025 14:30;0.8927
04/11/2025 14:45;0.9059
04/11/2025 15:00;0.9591
04/11/2025 15:15;0.9856
04/11/2025 15:30;0.9978
04/11/2025 15:45;0.9314
04/11/2025 16:00;1.0787
04/11/2025 16:15;1.0691
04/11/2025 16:30;1.0849
04/11/2025 16:45;1.1261
04/11/2025 17:00;1.4634
04/11/2025 17:15;1.4267
04/11/2025 17:30;1.5283
04/11/2025 17:45;1.4261
04/11/2025 18:00;1.8810
04/11/2025 18:15;1.8071
04/11/2025 18:30;1.7635
04/11/2025 18:45;2.1060
04/11/2025 19:00;1.8251
04/11/2025 19:15;1.8843
04/11/2025 19:30;1.9283
04/11/2025 19:45;1.9016
04/11/2025 20:00;1.7617
04/11/2025 20:15;1.7434
04/11/2025 20:30;1.6720
04/11/2025 20:45;1.7137
04/11/2025 21:00;1.4414
04/11/2025 21:15;1.4205
04/11/2025 21:30;1.4566
04/11/2025 21:45;1.4032
04/11/2025 22:00;0.9934
04/11/2025 22:15;1.0200
04/11/2025 22:30;1.0022
04/11/2025 22:45;0.9868
04/11/2025 23:00;0.7032
04/11/2025 23:15;0.6918
04/11/2025 23:30;0.6809
04/11/2025 23:45;0.7019
05/11/2025 00:00;0.5837
05/11/2025 00:15;0.5652
05/11/2025 00:30;0.5744
05/11/2025 00:45;0.5786
05/11/2025 01:00;0.5098
05/11/2025 01:15;0.5167
05/11/2025 01:30;0.5215
05/11/2025 01:45;0.5097
05/11/2025 02:00;0.5186
05/11/2025 02:15;0.4968
05/11/2025 02:30;0.4979
05/11/2025 02:45;0.5015
05/11/2025 03:00;0.5208
05/11/2025 03:15;0.5225
05/11/2025 03:30;0.5333
05/11/2025 03:45;0.5166
05/11/2025 04:00;0.5853
05/11/2025 04:15;0.6097
05/11/2025 04:30;0.5631
05/11/2025 04:45;0.5617
05/11/2025 05:00;0.8537
05/11/2025 05:15;0.8452
05/11/2025 05:30;0.8581
05/11/2025 05:45;0.8664
05/11/2025 06:00;1.4532
05/11/2025 06:15;1.3506
05/11/2025 06:30;1.4461
05/11/2025 06:45;1.4830
05/11/2025 07:00;1.7339
05/11/2025 07:15;1.7141
05/11/2025 07:30;1.7504
05/11/2025 07:45;1.7708
05/11/2025 08:00;1.3299
05/11/2025 08:15;1.2893
05/11/2025 08:30;1.2522
05/11/2025 08:45;1.3005
05/11/2025 09:00;0.9804
05/11/2025 09:15;0.9787
05/11/2025 09:30;1.0222
05/11/2025 09:45;1.0099
05/11/2025 10:00;0.8554
05/11/2025 10:15;0.9262
05/11/2025 10:30;0.8817
05/11/2025 10:45;0.8680
05/11/2025 11:00;0.9266
05/11/2025 11:15;0.9572
05/11/2025 11:30;0.9603
05/11/2025 11:45;0.8987
05/11/2025 12:00;0.9469
05/11/2025 12:15;0.9855
05/11/2025 12:30;0.9623
05/11/2025 12:45;0.9362
05/11/2025 13:00;0.9541
05/11/2025 13:15;0.9673
05/11/2025 13:30;0.9498
05/11/2025 13:45;0.9320
05/11/2025 14:00;0.9207
05/11/2025 14:15;0.9425
05/11/2025 14:30;0.8995
05/11/2025 14:45;0.9140
05/11/2025 15:00;0.9593
05/11/2025 15:15;0.9445
05/11/2025 15:30;0.8992
05/11/2025 15:45;0.9331
05/11/2025 16:00;1.0695
05/11/2025 16:15;1.0710
05/11/2025 16:30;1.0764
05/11/2025 16:45;1.1532
05/11/2025 17:00;1.3753
05/11/2025 17:15;1.4676
05/11/2025 17:30;1.4368
05/11/2025 17:45;1.4669
05/11/2025 18:00;1.6988
05/11/2025 18:15;1.7615
05/11/2025 18:30;1.7266
05/11/2025 18:45;1.8062
05/11/2025 19:00;1.8320
05/11/2025 19:15;1.9072
05/11/2025 19:30;1.9153
05/11/2025 19:45;1.8474
05/11/2025 20:00;1.7179
05/11/2025 20:15;1.6821
05/11/2025 20:30;1.7895
05/11/2025 20:45;1.7641
05/11/2025 21:00;1.3853
05/11/2025 21:15;1.3481
05/11/2025 21:30;1.5055
05/11/2025 21:45;1.4096
05/11/2025 22:00;0.9671
05/11/2025 22:15;1.0175
05/11/2025 22:30;0.9529
05/11/2025 22:45;1.0401
05/11/2025 23:00;0.6737
05/11/2025 23:15;0.7214
05/11/2025 23:30;0.6898
05/11/2025 23:45;0.6582
06/11/2025 00:00;0.5479
06/11/2025 00:15;0.5716
06/11/2025 00:30;0.5625
06/11/2025 00:45;0.5518
06/11/2025 01:00;0.5037
06/11/2025 01:15;0.5032
06/11/2025 01:30;0.5034
06/11/2025 01:45;0.5177
06/11/2025 02:00;0.4757
06/11/2025 02:15;0.4733
06/11/2025 02:30;0.4967
06/11/2025 02:45;0.4736
06/11/2025 03:00;0.5359
06/11/2025 03:15;0.5211
06/11/2025 03:30;0.5294
06/11/2025 03:45;0.5190
06/11/2025 04:00;0.6049
06/11/2025 04:15;0.5787
06/11/2025 04:30;0.5605
06/11/2025 04:45;0.5696
06/11/2025 05:00;0.8464
06/11/2025 05:15;0.8375
06/11/2025 05:30;0.8149
06/11/2025 05:45;0.8679
06/11/2025 06:00;1.4316
06/11/2025 06:15;1.3861
06/11/2025 06:30;1.4407
06/11/2025 06:45;1.2631
06/11/2025 07:00;1.6623
06/11/2025 07:15;1.8043
06/11/2025 07:30;1.6827
06/11/2025 07:45;1.7036
06/11/2025 08:00;1.3755
06/11/2025 08:15;1.3044
06/11/2025 08:30;1.3093
06/11/2025 08:45;1.4017
06/11/2025 09:00;1.0055
06/11/2025 09:15;0.9374
06/11/2025 09:30;0.9765
06/11/2025 09:45;0.9327
06/11/2025 10:00;0.8856
06/11/2025 10:15;0.9207
06/11/2025 10:30;0.9508
06/11/2025 10:45;0.9065
06/11/2025 11:00;0.9238
06/11/2025 11:15;0.9052
06/11/2025 11:30;0.9167
06/11/2025 11:45;0.9264
06/11/2025 12:00;0.9687
06/11/2025 12:15;0.9342
06/11/2025 12:30;0.9173
06/11/2025 12:45;0.9788
06/11/2025 13:00;0.8885
06/11/2025 13:15;0.9285
06/11/2025 13:30;0.8714
06/11/2025 13:45;0.9238
06/11/2025 14:00;0.9047
06/11/2025 14:15;0.9182
06/11/2025 14:30;0.8839
06/11/2025 14:45;0.8449
06/11/2025 15:00;0.9654
06/11/2025 15:15;0.9486
06/11/2025 15:30;0.9954
06/11/2025 15:45;0.9288
06/11/2025 16:00;1.0883
06/11/2025 16:15;1.0511
06/11/2025 16:30;1.0253
06/11/2025 16:45;1.0401
06/11/2025 17:00;1.4041
06/11/2025 17:15;1.3540
06/11/2025 17:30;1.3656
06/11/2025 17:45;1.3999
06/11/2025 18:00;1.6614
06/11/2025 18:15;1.7075
06/11/2025 18:30;1.7764
06/11/2025 18:45;1.8397
06/11/2025 19:00;1.8801
06/11/2025 19:15;1.7703
06/11/2025 19:30;1.9272
06/11/2025 19:45;1.8049
06/11/2025 20:00;1.5463
06/11/2025 20:15;1.6409
06/11/2025 20:30;1.6830
06/11/2025 20:45;1.6226
06/11/2025 21:00;1.2947
06/11/2025 21:15;1.3809
06/11/2025 21:30;1.3804
06/11/2025 21:45;1.2852
06/11/2025 22:00;0.9983
06/11/2025 22:15;0.9724
06/11/2025 22:30;1.0016
06/11/2025 22:45;1.0063
06/11/2025 23:00;0.6547
06/11/2025 23:15;0.6781
06/11/2025 23:30;0.6646
06/11/2025 23:45;0.6660
07/11/2025 00:00;0.6235
07/11/2025 00:15;0.5965
07/11/2025 00:30;0.6140
07/11/2025 00:45;0.6002
07/11/2025 01:00;0.5367
07/11/2025 01:15;0.5344
07/11/2025 01:30;0.5303
07/11/2025 01:45;0.5122
07/11/2025 02:00;0.5075
07/11/2025 02:15;0.5350
07/11/2025 02:30;0.5143
07/11/2025 02:45;0.5329
07/11/2025 03:00;0.5478
07/11/2025 03:15;0.5420
07/11/2025 03:30;0.5080
07/11/2025 03:45;0.5209
07/11/2025 04:00;0.5779
07/11/2025 04:15;0.6013
07/11/2025 04:30;0.5708
07/11/2025 04:45;0.6094
07/11/2025 05:00;0.8825
07/11/2025 05:15;0.9155
07/11/2025 05:30;0.9021
07/11/2025 05:45;0.9181
07/11/2025 06:00;1.4646
07/11/2025 06:15;1.4776
07/11/2025 06:30;1.5107
07/11/2025 06:45;1.5170
07/11/2025 07:00;1.7246
07/11/2025 07:15;1.8827
07/11/2025 07:30;1.7956
07/11/2025 07:45;1.6426
07/11/2025 08:00;1.4594
07/11/2025 08:15;1.3908
07/11/2025 08:30;1.3068
07/11/2025 08:45;1.3541
07/11/2025 09:00;0.9934
07/11/2025 09:15;1.0118
07/11/2025 09:30;0.9887
07/11/2025 09:45;0.9653
07/11/2025 10:00;0.9673
07/11/2025 10:15;0.9409
07/11/2025 10:30;0.9792
07/11/2025 10:45;0.9468
07/11/2025 11:00;0.9989
07/11/2025 11:15;0.9727
07/11/2025 11:30;0.9752
07/11/2025 11:45;0.9483
07/11/2025 12:00;1.0433
07/11/2025 12:15;0.9994
07/11/2025 12:30;1.0386
07/11/2025 12:45;1.0496
07/11/2025 13:00;0.9992
07/11/2025 13:15;0.9592
07/11/2025 13:30;0.9602
07/11/2025 13:45;0.9775
07/11/2025 14:00;0.9040
07/11/2025 14:15;0.9256
07/11/2025 14:30;0.9091
07/11/2025 14:45;0.9236
07/11/2025 15:00;0.9704
07/11/2025 15:15;1.0303
07/11/2025 15:30;1.0174
07/11/2025 15:45;1.0347
07/11/2025 16:00;1.0964
07/11/2025 16:15;1.1435
07/11/2025 16:30;1.1906
07/11/2025 16:45;1.2154
07/11/2025 17:00;1.4770
07/11/2025 17:15;1.4281
07/11/2025 17:30;1.4347
07/11/2025 17:45;1.4557
07/11/2025 18:00;1.8994
07/11/2025 18:15;1.9508
07/11/2025 18:30;1.9749
07/11/2025 18:45;1.8298
07/11/2025 19:00;2.0111
07/11/2025 19:15;1.9131
07/11/2025 19:30;1.9546
07/11/2025 19:45;1.9979
07/11/2025 20:00;1.9406
07/11/2025 20:15;1.8070
07/11/2025 20:30;1.7768
07/11/2025 20:45;1.7835
07/11/2025 21:00;1.4780
07/11/2025 21:15;1.4891
07/11/2025 21:30;1.4177
07/11/2025 21:45;1.5249
07/11/2025 22:00;1.0107
07/11/2025 22:15;1.0887
07/11/2025 22:30;1.0772
07/11/2025 22:45;1.0778
07/11/2025 23:00;0.7547
07/11/2025 23:15;0.7312
07/11/2025 23:30;0.7224
07/11/2025 23:45;0.7275
08/11/2025 00:00;0.6406
08/11/2025 00:15;0.6350
08/11/2025 00:30;0.6517
08/11/2025 00:45;0.6368
08/11/2025 01:00;0.5605
08/11/2025 01:15;0.5700
08/11/2025 01:30;0.5582
08/11/2025 01:45;0.5970
08/11/2025 02:00;0.5382
08/11/2025 02:15;0.5427
08/11/2025 02:30;0.5532
08/11/2025 02:45;0.5615
08/11/2025 03:00;0.5727
08/11/2025 03:15;0.5896
08/11/2025 03:30;0.5848
08/11/2025 03:45;0.5675
08/11/2025 04:00;0.6798
08/11/2025 04:15;0.6668
08/11/2025 04:30;0.6424
08/11/2025 04:45;0.6592
08/11/2025 05:00;0.9791
08/11/2025 05:15;0.9272
08/11/2025 05:30;0.9384
08/11/2025 05:45;0.9831
08/11/2025 06:00;1.4344
08/11/2025 06:15;1.5702
08/11/2025 06:30;1.5122
08/11/2025 06:45;1.5660
08/11/2025 07:00;1.8818
08/11/2025 07:15;1.9354
08/11/2025 07:30;1.8990
08/11/2025 07:45;1.8825
08/11/2025 08:00;1.4349
08/11/2025 08:15;1.3909
08/11/2025 08:30;1.3679
08/11/2025 08:45;1.3608
08/11/2025 09:00;1.0688
08/11/2025 09:15;1.0884
08/11/2025 09:30;1.0522
08/11/2025 09:45;1.1051
08/11/2025 10:00;0.9922
08/11/2025 10:15;1.0141
08/11/2025 10:30;1.0535
08/11/2025 10:45;0.9821
08/11/2025 11:00;0.9990
08/11/2025 11:15;1.0044
08/11/2025 11:30;1.0036
08/11/2025 11:45;1.0348
08/11/2025 12:00;1.0455
08/11/2025 12:15;1.0241
08/11/2025 12:30;1.0378
08/11/2025 12:45;1.1158
08/11/2025 13:00;1.0271
08/11/2025 13:15;1.0160
08/11/2025 13:30;1.0428
08/11/2025 13:45;1.0732
08/11/2025 14:00;1.0186
08/11/2025 14:15;0.9789
08/11/2025 14:30;0.9813
08/11/2025 14:45;1.0055
08/11/2025 15:00;1.0732
08/11/2025 15:15;1.0644
08/11/2025 15:30;1.0447
08/11/2025 15:45;1.0568
08/11/2025 16:00;1.1218
08/11/2025 16:15;1.1914
08/11/2025 16:30;1.1988
08/11/2025 16:45;1.2184
08/11/2025 17:00;1.4911
08/11/2025 17:15;1.5245
08/11/2025 17:30;1.5784
08/11/2025 17:45;1.5208
08/11/2025 18:00;2.0145
08/11/2025 18:15;1.9088
08/11/2025 18:30;1.8992
08/11/2025 18:45;1.9741
08/11/2025 19:00;2.0223
08/11/2025 19:15;2.0210
08/11/2025 19:30;1.9917
08/11/2025 19:45;1.9376
08/11/2025 20:00;1.7340
08/11/2025 20:15;1.8287
08/11/2025 20:30;1.8731
08/11/2025 20:45;1.7893
08/11/2025 21:00;1.5806
08/11/2025 21:15;1.5234
08/11/2025 21:30;1.4778
08/11/2025 21:45;1.5470
08/11/2025 22:00;1.0582
08/11/2025 22:15;1.0778
08/11/2025 22:30;1.0831
08/11/2025 22:45;1.0737
08/11/2025 23:00;0.7227
08/11/2025 23:15;0.7423
08/11/2025 23:30;0.7552
08/11/2025 23:45;0.7709
09/11/2025 00:00;0.5899
09/11/2025 00:15;0.6081
09/11/2025 00:30;0.5996
09/11/2025 00:45;0.6039
09/11/2025 01:00;0.5277
09/11/2025 01:15;0.5307
09/11/2025 01:30;0.5552
09/11/2025 01:45;0.5476
09/11/2025 02:00;0.5406
09/11/2025 02:15;0.5310
09/11/2025 02:30;0.5336
09/11/2025 02:45;0.5403
09/11/2025 03:00;0.5618
09/11/2025 03:15;0.5387
09/11/2025 03:30;0.5377
09/11/2025 03:45;0.5576
09/11/2025 04:00;0.6550
09/11/2025 04:15;0.6212
09/11/2025 04:30;0.6464
09/11/2025 04:45;0.6235
09/11/2025 05:00;0.9337
09/11/2025 05:15;0.8899
09/11/2025 05:30;0.8692
09/11/2025 05:45;0.9014
09/11/2025 06:00;1.5237
09/11/2025 06:15;1.4363
09/11/2025 06:30;1.4554
09/11/2025 06:45;1.4531
09/11/2025 07:00;1.6845
09/11/2025 07:15;1.7394
09/11/2025 07:30;1.6645
09/11/2025 07:45;1.7497
09/11/2025 08:00;1.3520
09/11/2025 08:15;1.2768
09/11/2025 08:30;1.3446
09/11/2025 08:45;1.2632
09/11/2025 09:00;1.0519
09/11/2025 09:15;0.9827
09/11/2025 09:30;1.0048
09/11/2025 09:45;1.0295
09/11/2025 10:00;0.9726
09/11/2025 10:15;0.9372
09/11/2025 10:30;0.9749
09/11/2025 10:45;0.9457
09/11/2025 11:00;1.0450
09/11/2025 11:15;0.9674
09/11/2025 11:30;0.9368
09/11/2025 11:45;0.9936
09/11/2025 12:00;1.0145
09/11/2025 12:15;0.9746
09/11/2025 12:30;1.0150
09/11/2025 12:45;1.0354
09/11/2025 13:00;0.9649
09/11/2025 13:15;0.9741
09/11/2025 13:30;0.9441
09/11/2025 13:45;0.9507
09/11/2025 14:00;0.9512
09/11/2025 14:15;0.9320
09/11/2025 14:30;0.9199
09/11/2025 14:45;0.9435
09/11/2025 15:00;1.0445
09/11/2025 15:15;0.9733
09/11/2025 15:30;1.0103
09/11/2025 15:45;0.9524
09/11/2025 16:00;1.1625
09/11/2025 16:15;1.0688
09/11/2025 16:30;1.1155
09/11/2025 16:45;1.1358
09/11/2025 17:00;1.4478
09/11/2025 17:15;1.4369
09/11/2025 17:30;1.4486
09/11/2025 17:45;1.4422
09/11/2025 18:00;1.6876
09/11/2025 18:15;1.8087
09/11/2025 18:30;1.7575
09/11/2025 18:45;1.7891
09/11/2025 19:00;1.9279
09/11/2025 19:15;1.9711
09/11/2025 19:30;1.8972
09/11/2025 19:45;1.8909
09/11/2025 20:00;1.5921
09/11/2025 20:15;1.6110
09/11/2025 20:30;1.7109
09/11/2025 20:45;1.6235
09/11/2025 21:00;1.4541
09/11/2025 21:15;1.4022
09/11/2025 21:30;1.4817
09/11/2025 21:45;1.3596
09/11/2025 22:00;1.0210
09/11/2025 22:15;1.0278
09/11/2025 22:30;1.0407
09/11/2025 22:45;0.9948
09/11/2025 23:00;0.7257
09/11/2025 23:15;0.7319
09/11/2025 23:30;0.6875
09/11/2025 23:45;0.7171
10/11/2025 00:00;0.6470
10/11/2025 00:15;0.6399
10/11/2025 00:30;0.6028
10/11/2025 00:45;0.6315
10/11/2025 01:00;0.5482
10/11/2025 01:15;0.5442
10/11/2025 01:30;0.5525
10/11/2025 01:45;0.5520
10/11/2025 02:00;0.5326
10/11/2025 02:15;0.5410
10/11/2025 02:30;0.5578
10/11/2025 02:45;0.5555
10/11/2025 03:00;0.5679
10/11/2025 03:15;0.5689
10/11/2025 03:30;0.5729
10/11/2025 03:45;0.5618
10/11/2025 04:00;0.6730
10/11/2025 04:15;0.6349
10/11/2025 04:30;0.6251
10/11/2025 04:45;0.6077
10/11/2025 05:00;0.9242
10/11/2025 05:15;0.9133
10/11/2025 05:30;0.9700
10/11/2025 05:45;0.9423
10/11/2025 06:00;1.4918
10/11/2025 06:15;1.5615
10/11/2025 06:30;1.5517
10/11/2025 06:45;1.4439
10/11/2025 07:00;1.8844
10/11/2025 07:15;1.8385
10/11/2025 07:30;1.9454
10/11/2025 07:45;1.7507
10/11/2025 08:00;1.4775
10/11/2025 08:15;1.3785
10/11/2025 08:30;1.5032
10/11/2025 08:45;1.3639
10/11/2025 09:00;1.0828
10/11/2025 09:15;1.1373
10/11/2025 09:30;1.0979
10/11/2025 09:45;1.0730
10/11/2025 10:00;0.9998
10/11/2025 10:15;0.9747
10/11/2025 10:30;1.0141
10/11/2025 10:45;0.9968
10/11/2025 11:00;1.0862
10/11/2025 11:15;0.9803
10/11/2025 11:30;1.1140
10/11/2025 11:45;0.9798
10/11/2025 12:00;1.0495
10/11/2025 12:15;1.0140
10/11/2025 12:30;1.0532
10/11/2025 12:45;1.0295
10/11/2025 13:00;1.0280
10/11/2025 13:15;1.0409
10/11/2025 13:30;1.0482
10/11/2025 13:45;1.0357
10/11/2025 14:00;0.9311
10/11/2025 14:15;0.9957
10/11/2025 14:30;1.0201
10/11/2025 14:45;0.9349
10/11/2025 15:00;1.0741
10/11/2025 15:15;1.0880
10/11/2025 15:30;1.0385
10/11/2025 15:45;1.0502
10/11/2025 16:00;1.1592
10/11/2025 16:15;1.2426
10/11/2025 16:30;1.1923
10/11/2025 16:45;1.1720
10/11/2025 17:00;1.5658
10/11/2025 17:15;1.6023
10/11/2025 17:30;1.4636
10/11/2025 17:45;1.4962
10/11/2025 18:00;1.8338
10/11/2025 18:15;2.0432
10/11/2025 18:30;1.9733
10/11/2025 18:45;2.0343
10/11/2025 19:00;1.9610
10/11/2025 19:15;2.0306
10/11/2025 19:30;1.9861
10/11/2025 19:45;2.1245
10/11/2025 20:00;1.7802
10/11/2025 20:15;1.8165
10/11/2025 20:30;1.7895
10/11/2025 20:45;1.8714
10/11/2025 21:00;1.4892
10/11/2025 21:15;1.5721
10/11/2025 21:30;1.6291
10/11/2025 21:45;1.5657
10/11/2025 22:00;1.1449
10/11/2025 22:15;1.0804
10/11/2025 22:30;1.1189
10/11/2025 22:45;1.1045
10/11/2025 23:00;0.7193
10/11/2025 23:15;0.7763
10/11/2025 23:30;0.7155
10/11/2025 23:45;0.7286
11/11/2025 00:00;0.5529
11/11/2025 00:15;0.5827
11/11/2025 00:30;0.5702
11/11/2025 00:45;0.5730
11/11/2025 01:00;0.5045
11/11/2025 01:15;0.4968
11/11/2025 01:30;0.4994
11/11/2025 01:45;0.4904
11/11/2025 02:00;0.4708
11/11/2025 02:15;0.4766
11/11/2025 02:30;0.4836
11/11/2025 02:45;0.5024
11/11/2025 03:00;0.4922
11/11/2025 03:15;0.5264
11/11/2025 03:30;0.5374
11/11/2025 03:45;0.5047
11/11/2025 04:00;0.5993
11/11/2025 04:15;0.5863
11/11/2025 04:30;0.5532
11/11/2025 04:45;0.5704
11/11/2025 05:00;0.8291
11/11/2025 05:15;0.8556
11/11/2025 05:30;0.8489
11/11/2025 05:45;0.8095
11/11/2025 06:00;1.4386
11/11/2025 06:15;1.4078
11/11/2025 06:30;1.3846
11/11/2025 06:45;1.3680
11/11/2025 07:00;1.5222
11/11/2025 07:15;1.6888
11/11/2025 07:30;1.6815
11/11/2025 07:45;1.7424
11/11/2025 08:00;1.2038
11/11/2025 08:15;1.2012
11/11/2025 08:30;1.3076
11/11/2025 08:45;1.2174
11/11/2025 09:00;0.9382
11/11/2025 09:15;0.9428
11/11/2025 09:30;0.9593
11/11/2025 09:45;0.9417
11/11/2025 10:00;0.8869
11/11/2025 10:15;0.9063
11/11/2025 10:30;0.8744
11/11/2025 10:45;0.9403
11/11/2025 11:00;0.8847
11/11/2025 11:15;0.8818
11/11/2025 11:30;0.9372
11/11/2025 11:45;0.9211
11/11/2025 12:00;0.9422
11/11/2025 12:15;0.9374
11/11/2025 12:30;0.9528
11/11/2025 12:45;0.9974
11/11/2025 13:00;0.9263
11/11/2025 13:15;0.9323
11/11/2025 13:30;0.9224
11/11/2025 13:45;0.9173
11/11/2025 14:00;0.9170
11/11/2025 14:15;0.8847
11/11/2025 14:30;0.8724
11/11/2025 14:45;0.8450
11/11/2025 15:00;0.9198
11/11/2025 15:15;0.9501
11/11/2025 15:30;0.9718
11/11/2025 15:45;0.9122
11/11/2025 16:00;1.0867
11/11/2025 16:15;1.0904
11/11/2025 16:30;1.0729
11/11/2025 16:45;1.0582
11/11/2025 17:00;1.3979
11/11/2025 17:15;1.3968
11/11/2025 17:30;1.3323
11/11/2025 17:45;1.3787
11/11/2025 18:00;1.7849
11/11/2025 18:15;1.7353
11/11/2025 18:30;1.7428
11/11/2025 18:45;1.7478
11/11/2025 19:00;1.8657
11/11/2025 19:15;1.8068
11/11/2025 19:30;1.8981
11/11/2025 19:45;1.8766
11/11/2025 20:00;1.6496
11/11/2025 20:15;1.5717
11/11/2025 20:30;1.6273
11/11/2025 20:45;1.5434
11/11/2025 21:00;1.3067
11/11/2025 21:15;1.3497
11/11/2025 21:30;1.3621
11/11/2025 21:45;1.3406
11/11/2025 22:00;0.9691
11/11/2025 22:15;0.9508
11/11/2025 22:30;0.9362
11/11/2025 22:45;1.0059
11/11/2025 23:00;0.6604
11/11/2025 23:15;0.6757
11/11/2025 23:30;0.6346
11/11/2025 23:45;0.6536
12/11/2025 00:00;0.6303
12/11/2025 00:15;0.6181
12/11/2025 00:30;0.6843
12/11/2025 00:45;0.6304
12/11/2025 01:00;0.5683
12/11/2025 01:15;0.5626
12/11/2025 01:30;0.5571
12/11/2025 01:45;0.5795
12/11/2025 02:00;0.5737
12/11/2025 02:15;0.5561
12/11/2025 02:30;0.5737
12/11/2025 02:45;0.5481
12/11/2025 03:00;0.5839
12/11/2025 03:15;0.5783
12/11/2025 03:30;0.5946
12/11/2025 03:45;0.5726
12/11/2025 04:00;0.6529
12/11/2025 04:15;0.6581
12/11/2025 04:30;0.6653
12/11/2025 04:45;0.6368
12/11/2025 05:00;0.9761
12/11/2025 05:15;0.9338
12/11/2025 05:30;0.9649
12/11/2025 05:45;0.9549
12/11/2025 06:00;1.5117
12/11/2025 06:15;1.5806
12/11/2025 06:30;1.5649
12/11/2025 06:45;1.5240
12/11/2025 07:00;1.9424
12/11/2025 07:15;1.9260
12/11/2025 07:30;1.9790
12/11/2025 07:45;1.8698
12/11/2025 08:00;1.4732
12/11/2025 08:15;1.3775
12/11/2025 08:30;1.4432
12/11/2025 08:45;1.4128
12/11/2025 09:00;1.1211
12/11/2025 09:15;1.1031
12/11/2025 09:30;1.0811
12/11/2025 09:45;1.1427
12/11/2025 10:00;1.0612
12/11/2025 10:15;1.0270
12/11/2025 10:30;1.0134
12/11/2025 10:45;1.0271
12/11/2025 11:00;1.0504
12/11/2025 11:15;1.0305
12/11/2025 11:30;1.0172
12/11/2025 11:45;1.0502
12/11/2025 12:00;1.1553
12/11/2025 12:15;1.1238
12/11/2025 12:30;1.0456
12/11/2025 12:45;1.0699
12/11/2025 13:00;1.1011
12/11/2025 13:15;1.0283
12/11/2025 13:30;1.0344
12/11/2025 13:45;1.0746
12/11/2025 14:00;1.0502
12/11/2025 14:15;1.0061
12/11/2025 14:30;1.0055
12/11/2025 14:45;1.0254
12/11/2025 15:00;1.0810
12/11/2025 15:15;1.0360
12/11/2025 15:30;1.0873
12/11/2025 15:45;1.0259
12/11/2025 16:00;1.3239
12/11/2025 16:15;1.1736
12/11/2025 16:30;1.2020
12/11/2025 16:45;1.2472
12/11/2025 17:00;1.5582
12/11/2025 17:15;1.6073
12/11/2025 17:30;1.5100
12/11/2025 17:45;1.6146
12/11/2025 18:00;1.9159
12/11/2025 18:15;2.0156
12/11/2025 18:30;2.0528
12/11/2025 18:45;2.0987
12/11/2025 19:00;2.0547
12/11/2025 19:15;2.0307
12/11/2025 19:30;2.0510
12/11/2025 19:45;2.1651
12/11/2025 20:00;2.0444
12/11/2025 20:15;1.8868
12/11/2025 20:30;1.9246
12/11/2025 20:45;1.8903
12/11/2025 21:00;1.5753
12/11/2025 21:15;1.6279
12/11/2025 21:30;1.5908
12/11/2025 21:45;1.5985
12/11/2025 22:00;1.0723
12/11/2025 22:15;1.0720
12/11/2025 22:30;1.1464
12/11/2025 22:45;1.0788
12/11/2025 23:00;0.7454
12/11/2025 23:15;0.7878
12/11/2025 23:30;0.7866
12/11/2025 23:45;0.7369
13/11/2025 00:00;0.6123
13/11/2025 00:15;0.6271
13/11/2025 00:30;0.5985
13/11/2025 00:45;0.6183
13/11/2025 01:00;0.5416
13/11/2025 01:15;0.5395
13/11/2025 01:30;0.5530
13/11/2025 01:45;0.5570
13/11/2025 02:00;0.5581
13/11/2025 02:15;0.5320
13/11/2025 02:30;0.5203
13/11/2025 02:45;0.5460
13/11/2025 03:00;0.5769
13/11/2025 03:15;0.5525
13/11/2025 03:30;0.5464
13/11/2025 03:45;0.5667
13/11/2025 04:00;0.6199
13/11/2025 04:15;0.6165
13/11/2025 04:30;0.6190
13/11/2025 04:45;0.6091
13/11/2025 05:00;0.9064
13/11/2025 05:15;0.9084
13/11/2025 05:30;0.8821
13/11/2025 05:45;0.9391
13/11/2025 06:00;1.4389
13/11/2025 06:15;1.4586
13/11/2025 06:30;1.5007
13/11/2025 06:45;1.5026
13/11/2025 07:00;1.8888
13/11/2025 07:15;1.9021
13/11/2025 07:30;1.7843
13/11/2025 07:45;1.8930
13/11/2025 08:00;1.4168
13/11/2025 08:15;1.4076
13/11/2025 08:30;1.3652
13/11/2025 08:45;1.3509
13/11/2025 09:00;1.1213
13/11/2025 09:15;1.0387
13/11/2025 09:30;1.0256
13/11/2025 09:45;1.0594
13/11/2025 10:00;1.0227
13/11/2025 10:15;0.9908
13/11/2025 10:30;0.9892
13/11/2025 10:45;0.9420
13/11/2025 11:00;0.9929
13/11/2025 11:15;0.9674
13/11/2025 11:30;0.9165
13/11/2025 11:45;1.0535
13/11/2025 12:00;1.0071
13/11/2025 12:15;1.0195
13/11/2025 12:30;1.0553
13/11/2025 12:45;0.9799
13/11/2025 13:00;1.0053
13/11/2025 13:15;1.0017
13/11/2025 13:30;0.9852
13/11/2025 13:45;1.0116
13/11/2025 14:00;0.9605
13/11/2025 14:15;0.9416
13/11/2025 14:30;0.9747
13/11/2025 14:45;0.9857
13/11/2025 15:00;1.0209
13/11/2025 15:15;1.0145
13/11/2025 15:30;1.0335
13/11/2025 15:45;1.0839
13/11/2025 16:00;1.1547
13/11/2025 16:15;1.1259
13/11/2025 16:30;1.1611
13/11/2025 16:45;1.1777
13/11/2025 17:00;1.4242
13/11/2025 17:15;1.5096
13/11/2025 17:30;1.5491
13/11/2025 17:45;1.6058
13/11/2025 18:00;1.9564
13/11/2025 18:15;1.8932
13/11/2025 18:30;1.8503
13/11/2025 18:45;1.9743
13/11/2025 19:00;2.0114
13/11/2025 19:15;2.0140
13/11/2025 19:30;1.9770
13/11/2025 19:45;1.9939
13/11/2025 20:00;1.7731
13/11/2025 20:15;1.7279
13/11/2025 20:30;1.8147
13/11/2025 20:45;1.7545
13/11/2025 21:00;1.4729
13/11/2025 21:15;1.4693
13/11/2025 21:30;1.4445
13/11/2025 21:45;1.4568
13/11/2025 22:00;1.0269
13/11/2025 22:15;1.0941
13/11/2025 22:30;1.0662
13/11/2025 22:45;1.0611
13/11/2025 23:00;0.7255
13/11/2025 23:15;0.7459
13/11/2025 23:30;0.7442
13/11/2025 23:45;0.7132
14/11/2025 00:00;0.6199
14/11/2025 00:15;0.6012
14/11/2025 00:30;0.5863
14/11/2025 00:45;0.6198
14/11/2025 01:00;0.5290
14/11/2025 01:15;0.5481
14/11/2025 01:30;0.5413
14/11/2025 01:45;0.5566
14/11/2025 02:00;0.5456
14/11/2025 02:15;0.5217
14/11/2025 02:30;0.5342
14/11/2025 02:45;0.5213
14/11/2025 03:00;0.5370
14/11/2025 03:15;0.5506
14/11/2025 03:30;0.5491
14/11/2025 03:45;0.5504
14/11/2025 04:00;0.5996
14/11/2025 04:15;0.6415
14/11/2025 04:30;0.6115
14/11/2025 04:45;0.5897
14/11/2025 05:00;0.9072
14/11/2025 05:15;0.9557
14/11/2025 05:30;0.9288
14/11/2025 05:45;0.9033
14/11/2025 06:00;1.4926
14/11/2025 06:15;1.5126
14/11/2025 06:30;1.4599
14/11/2025 06:45;1.5714
14/11/2025 07:00;1.8614
14/11/2025 07:15;1.8427
14/11/2025 07:30;1.8744
14/11/2025 07:45;1.8429
14/11/2025 08:00;1.4272
14/11/2025 08:15;1.3664
14/11/2025 08:30;1.2977
14/11/2025 08:45;1.3883
14/11/2025 09:00;1.0521
14/11/2025 09:15;1.1276
14/11/2025 09:30;1.0767
14/11/2025 09:45;1.0031
14/11/2025 10:00;0.9642
14/11/2025 10:15;0.9467
14/11/2025 10:30;0.9777
14/11/2025 10:45;1.0055
14/11/2025 11:00;0.9737
14/11/2025 11:15;1.0319
14/11/2025 11:30;1.0361
14/11/2025 11:45;1.0166
14/11/2025 12:00;1.0169
14/11/2025 12:15;1.0624
14/11/2025 12:30;1.0240
14/11/2025 12:45;1.0700
14/11/2025 13:00;0.9872
14/11/2025 13:15;1.0257
14/11/2025 13:30;1.0271
14/11/2025 13:45;0.9528
14/11/2025 14:00;0.9280
14/11/2025 14:15;0.9931
14/11/2025 14:30;1.0168
14/11/2025 14:45;0.9749
14/11/2025 15:00;1.0458
14/11/2025 15:15;1.0782
14/11/2025 15:30;0.9964
14/11/2025 15:45;1.0653
14/11/2025 16:00;1.1598
14/11/2025 16:15;1.2195
14/11/2025 16:30;1.1176
14/11/2025 16:45;1.1786
14/11/2025 17:00;1.5816
14/11/2025 17:15;1.5973
14/11/2025 17:30;1.5526
14/11/2025 17:45;1.5149
14/11/2025 18:00;1.8606
14/11/2025 18:15;1.9503
14/11/2025 18:30;1.9833
14/11/2025 18:45;1.9938
14/11/2025 19:00;1.9603
14/11/2025 19:15;2.0313
14/11/2025 19:30;2.0087
14/11/2025 19:45;1.9920
14/11/2025 20:00;1.9777
14/11/2025 20:15;1.7748
14/11/2025 20:30;1.8466
14/11/2025 20:45;1.7807
14/11/2025 21:00;1.5169
14/11/2025 21:15;1.4678
14/11/2025 21:30;1.4937
14/11/2025 21:45;1.5519
14/11/2025 22:00;1.0683
14/11/2025 22:15;1.0831
14/11/2025 22:30;1.0799
14/11/2025 22:45;1.1000
14/11/2025 23:00;0.7346
14/11/2025 23:15;0.7236
14/11/2025 23:30;0.7208
14/11/2025 23:45;0.7428
15/11/2025 00:00;0.5599
15/11/2025 00:15;0.5418
15/11/2025 00:30;0.5739
15/11/2025 00:45;0.5691
15/11/2025 01:00;0.4957
15/11/2025 01:15;0.4786
15/11/2025 01:30;0.4876
15/11/2025 01:45;0.4921
15/11/2025 02:00;0.4912
15/11/2025 02:15;0.4855
15/11/2025 02:30;0.4899
15/11/2025 02:45;0.4935
15/11/2025 03:00;0.5004
15/11/2025 03:15;0.4929
15/11/2025 03:30;0.5022
15/11/2025 03:45;0.5043
15/11/2025 04:00;0.5385
15/11/2025 04:15;0.5515
15/11/2025 04:30;0.5709
15/11/2025 04:45;0.5532
15/11/2025 05:00;0.8264
15/11/2025 05:15;0.7784
15/11/2025 05:30;0.8156
15/11/2025 05:45;0.8173
15/11/2025 06:00;1.3192
15/11/2025 06:15;1.2463
15/11/2025 06:30;1.3253
15/11/2025 06:45;1.3201
15/11/2025 07:00;1.5172
15/11/2025 07:15;1.6435
15/11/2025 07:30;1.6816
15/11/2025 07:45;1.6177
15/11/2025 08:00;1.2068
15/11/2025 08:15;1.2267
15/11/2025 08:30;1.3105
15/11/2025 08:45;1.2528
15/11/2025 09:00;0.9013
15/11/2025 09:15;0.8759
15/11/2025 09:30;0.9081
15/11/2025 09:45;0.8859
15/11/2025 10:00;0.8902
15/11/2025 10:15;0.8605
15/11/2025 10:30;0.8540
15/11/2025 10:45;0.8382
15/11/2025 11:00;0.9463
15/11/2025 11:15;0.9156
15/11/2025 11:30;0.8744
15/11/2025 11:45;0.8819
15/11/2025 12:00;0.9479
15/11/2025 12:15;0.9051
15/11/2025 12:30;0.8709
15/11/2025 12:45;0.8843
15/11/2025 13:00;0.9190
15/11/2025 13:15;0.9218
15/11/2025 13:30;0.8755
15/11/2025 13:45;0.8670
15/11/2025 14:00;0.8344
15/11/2025 14:15;0.8549
15/11/2025 14:30;0.8930
15/11/2025 14:45;0.8544
15/11/2025 15:00;0.9186
15/11/2025 15:15;0.8862
15/11/2025 15:30;0.9270
15/11/2025 15:45;0.9100
15/11/2025 16:00;1.0011
15/11/2025 16:15;1.0605
15/11/2025 16:30;1.0196
15/11/2025 16:45;1.0741
15/11/2025 17:00;1.3103
15/11/2025 17:15;1.3213
15/11/2025 17:30;1.3044
15/11/2025 17:45;1.3161
15/11/2025 18:00;1.6201
15/11/2025 18:15;1.6510
15/11/2025 18:30;1.6800
15/11/2025 18:45;1.7157
15/11/2025 19:00;1.6621
15/11/2025 19:15;1.7496
15/11/2025 19:30;1.7228
15/11/2025 19:45;1.6840
15/11/2025 20:00;1.5415
15/11/2025 20:15;1.5700
15/11/2025 20:30;1.5482
15/11/2025 20:45;1.5656
15/11/2025 21:00;1.3545
15/11/2025 21:15;1.3105
15/11/2025 21:30;1.3121
15/11/2025 21:45;1.3219
15/11/2025 22:00;0.9350
15/11/2025 22:15;0.9471
15/11/2025 22:30;0.8848
15/11/2025 22:45;0.8910
15/11/2025 23:00;0.6721
15/11/2025 23:15;0.6227
15/11/2025 23:30;0.6631
15/11/2025 23:45;0.6510
16/11/2025 00:00;0.5655
16/11/2025 00:15;0.6117
16/11/2025 00:30;0.5736
16/11/2025 00:45;0.6104
16/11/2025 01:00;0.5004
16/11/2025 01:15;0.5320
16/11/2025 01:30;0.5058
16/11/2025 01:45;0.4988
16/11/2025 02:00;0.4879
16/11/2025 02:15;0.5042
16/11/2025 02:30;0.5123
16/11/2025 02:45;0.4981
16/11/2025 03:00;0.4983
16/11/2025 03:15;0.5238
16/11/2025 03:30;0.5306
16/11/2025 03:45;0.5091
16/11/2025 04:00;0.5731
16/11/2025 04:15;0.5730
16/11/2025 04:30;0.5835
16/11/2025 04:45;0.6052
16/11/2025 05:00;0.8394
16/11/2025 05:15;0.7924
16/11/2025 05:30;0.8150
16/11/2025 05:45;0.8540
16/11/2025 06:00;1.4355
16/11/2025 06:15;1.3727
16/11/2025 06:30;1.4089
16/11/2025 06:45;1.4155
16/11/2025 07:00;1.5886
16/11/2025 07:15;1.6155
16/11/2025 07:30;1.5868
16/11/2025 07:45;1.5889
16/11/2025 08:00;1.2353
16/11/2025 08:15;1.2449
16/11/2025 08:30;1.2305
16/11/2025 08:45;1.2717
16/11/2025 09:00;0.8702
16/11/2025 09:15;0.9820
16/11/2025 09:30;0.9610
16/11/2025 09:45;0.9217
16/11/2025 10:00;0.9074
16/11/2025 10:15;0.8909
16/11/2025 10:30;0.9156
16/11/2025 10:45;0.8675
16/11/2025 11:00;0.9126
16/11/2025 11:15;0.8964
16/11/2025 11:30;0.9019
16/11/2025 11:45;0.8804
16/11/2025 12:00;0.9374
16/11/2025 12:15;0.9508
16/11/2025 12:30;0.9182
16/11/2025 12:45;0.9087
16/11/2025 13:00;0.8838
16/11/2025 13:15;0.8989
16/11/2025 13:30;0.9334
16/11/2025 13:45;0.9208
16/11/2025 14:00;0.9076
16/11/2025 14:15;0.8763
16/11/2025 14:30;0.8951
16/11/2025 14:45;0.8827
16/11/2025 15:00;0.9390
16/11/2025 15:15;0.9084
16/11/2025 15:30;0.9376
16/11/2025 15:45;0.9204
16/11/2025 16:00;1.1395
16/11/2025 16:15;1.0256
16/11/2025 16:30;1.0767
16/11/2025 16:45;1.0936
16/11/2025 17:00;1.3836
16/11/2025 17:15;1.3736
16/11/2025 17:30;1.3592
16/11/2025 17:45;1.3873
16/11/2025 18:00;1.7164
16/11/2025 18:15;1.6808
16/11/2025 18:30;1.6255
16/11/2025 18:45;1.6858
16/11/2025 19:00;1.7417
16/11/2025 19:15;1.8267
16/11/2025 19:30;1.8232
16/11/2025 19:45;1.7290
16/11/2025 20:00;1.6312
16/11/2025 20:15;1.6067
16/11/2025 20:30;1.6084
16/11/2025 20:45;1.6838
16/11/2025 21:00;1.3986
16/11/2025 21:15;1.3220
16/11/2025 21:30;1.3538
16/11/2025 21:45;1.3451
16/11/2025 22:00;0.9563
16/11/2025 22:15;1.0051
16/11/2025 22:30;0.9305
16/11/2025 22:45;0.9447
16/11/2025 23:00;0.6656
16/11/2025 23:15;0.6344
16/11/2025 23:30;0.6774
16/11/2025 23:45;0.6694
17/11/2025 00:00;0.6183
17/11/2025 00:15;0.6179
17/11/2025 00:30;0.6323
17/11/2025 00:45;0.6154
17/11/2025 01:00;0.5459
17/11/2025 01:15;0.5519
17/11/2025 01:30;0.5286
17/11/2025 01:45;0.5374
17/11/2025 02:00;0.5515
17/11/2025 02:15;0.5231
17/11/2025 02:30;0.5052
17/11/2025 02:45;0.5457
17/11/2025 03:00;0.5616
17/11/2025 03:15;0.5575
17/11/2025 03:30;0.5443
17/11/2025 03:45;0.5334
17/11/2025 04:00;0.6049
17/11/2025 04:15;0.6267
17/11/2025 04:30;0.6078
17/11/2025 04:45;0.6078
17/11/2025 05:00;0.8799
17/11/2025 05:15;0.9388
17/11/2025 05:30;0.8851
17/11/2025 05:45;0.9230
17/11/2025 06:00;1.5127
17/11/2025 06:15;1.4686
17/11/2025 06:30;1.5226
17/11/2025 06:45;1.5738
17/11/2025 07:00;1.8150
17/11/2025 07:15;1.8296
17/11/2025 07:30;1.8650
17/11/2025 07:45;1.7563
17/11/2025 08:00;1.4650
17/11/2025 08:15;1.3250
17/11/2025 08:30;1.3372
17/11/2025 08:45;1.3690
17/11/2025 09:00;1.0319
17/11/2025 09:15;1.0341
17/11/2025 09:30;1.0626
17/11/2025 09:45;1.0253
17/11/2025 10:00;0.9513
17/11/2025 10:15;0.9692
17/11/2025 10:30;0.9449
17/11/2025 10:45;0.9474
17/11/2025 11:00;0.9717
17/11/2025 11:15;1.0133
17/11/2025 11:30;1.0043
17/11/2025 11:45;0.9781
17/11/2025 12:00;1.0597
17/11/2025 12:15;1.0409
17/11/2025 12:30;1.0243
17/11/2025 12:45;1.0530
17/11/2025 13:00;1.0091
17/11/2025 13:15;1.0211
17/11/2025 13:30;1.0221
17/11/2025 13:45;0.9853
17/11/2025 14:00;0.9629
17/11/2025 14:15;0.9728
17/11/2025 14:30;0.9391
17/11/2025 14:45;0.9924
17/11/2025 15:00;1.0686
17/11/2025 15:15;1.0163
17/11/2025 15:30;1.0585
17/11/2025 15:45;1.0508
17/11/2025 16:00;1.2085
17/11/2025 16:15;1.1642
17/11/2025 16:30;1.1898
17/11/2025 16:45;1.1397
17/11/2025 17:00;1.5483
17/11/2025 17:15;1.5601
17/11/2025 17:30;1.5035
17/11/2025 17:45;1.4667
17/11/2025 18:00;1.9287
17/11/2025 18:15;1.9664
17/11/2025 18:30;1.8334
17/11/2025 18:45;1.9036
17/11/2025 19:00;2.1076
17/11/2025 19:15;1.9440
17/11/2025 19:30;2.1353
17/11/2025 19:45;2.0017
17/11/2025 20:00;1.7063
17/11/2025 20:15;1.8005
17/11/2025 20:30;1.8506
17/11/2025 20:45;1.7407
17/11/2025 21:00;1.4933
17/11/2025 21:15;1.5330
17/11/2025 21:30;1.4663
17/11/2025 21:45;1.5753
17/11/2025 22:00;1.0447
17/11/2025 22:15;1.0998
17/11/2025 22:30;1.0674
17/11/2025 22:45;1.0321
17/11/2025 23:00;0.7275
17/11/2025 23:15;0.7372
17/11/2025 23:30;0.7188
17/11/2025 23:45;0.7486
18/11/2025 00:00;0.6026
18/11/2025 00:15;0.5955
18/11/2025 00:30;0.5925
18/11/2025 00:45;0.5915
18/11/2025 01:00;0.5462
18/11/2025 01:15;0.5330
18/11/2025 01:30;0.5211
18/11/2025 01:45;0.5389
18/11/2025 02:00;0.5108
18/11/2025 02:15;0.5161
18/11/2025 02:30;0.5157
18/11/2025 02:45;0.4923
18/11/2025 03:00;0.5344
18/11/2025 03:15;0.5486
18/11/2025 03:30;0.5448
18/11/2025 03:45;0.5515
18/11/2025 04:00;0.6027
18/11/2025 04:15;0.6190
18/11/2025 04:30;0.6106
18/11/2025 04:45;0.5855
18/11/2025 05:00;0.8839
18/11/2025 05:15;0.9390
18/11/2025 05:30;0.8869
18/11/2025 05:45;0.8638
18/11/2025 06:00;1.4356
18/11/2025 06:15;1.4866
18/11/2025 06:30;1.4239
18/11/2025 06:45;1.4196
18/11/2025 07:00;1.8020
18/11/2025 07:15;1.8605
18/11/2025 07:30;1.7384
18/11/2025 07:45;1.7941
18/11/2025 08:00;1.3820
18/11/2025 08:15;1.3704
18/11/2025 08:30;1.3294
18/11/2025 08:45;1.2667
18/11/2025 09:00;1.0392
18/11/2025 09:15;1.0176
18/11/2025 09:30;1.0055
18/11/2025 09:45;1.0520
18/11/2025 10:00;0.9238
18/11/2025 10:15;0.8937
18/11/2025 10:30;0.9591
18/11/2025 10:45;0.9098
18/11/2025 11:00;0.9492
18/11/2025 11:15;0.9849
18/11/2025 11:30;0.9656
18/11/2025 11:45;0.9539
18/11/2025 12:00;1.0433
18/11/2025 12:15;1.0471
18/11/2025 12:30;1.0532
18/11/2025 12:45;1.0037
18/11/2025 13:00;0.9339
18/11/2025 13:15;0.9479
18/11/2025 13:30;0.9847
18/11/2025 13:45;0.9713
18/11/2025 14:00;0.8916
18/11/2025 14:15;0.9220
18/11/2025 14:30;0.9466
18/11/2025 14:45;0.9004
18/11/2025 15:00;1.0257
18/11/2025 15:15;0.9595
18/11/2025 15:30;0.9679
18/11/2025 15:45;0.9432
18/11/2025 16:00;1.1081
18/11/2025 16:15;1.1350
18/11/2025 16:30;1.1208
18/11/2025 16:45;1.1429
18/11/2025 17:00;1.4659
18/11/2025 17:15;1.4013
18/11/2025 17:30;1.4873
18/11/2025 17:45;1.4587
18/11/2025 18:00;1.8240
18/11/2025 18:15;1.9179
18/11/2025 18:30;1.8321
18/11/2025 18:45;1.8919
18/11/2025 19:00;2.0063
18/11/2025 19:15;1.9900
18/11/2025 19:30;1.9276
18/11/2025 19:45;1.9523
18/11/2025 20:00;1.8067
18/11/2025 20:15;1.6993
18/11/2025 20:30;1.7352
18/11/2025 20:45;1.7573
18/11/2025 21:00;1.5084
18/11/2025 21:15;1.4817
18/11/2025 21:30;1.4137
18/11/2025 21:45;1.4260
18/11/2025 22:00;0.9876
18/11/2025 22:15;1.0238
18/11/2025 22:30;0.9982
18/11/2025 22:45;0.9565
18/11/2025 23:00;0.6848
18/11/2025 23:15;0.6956
18/11/2025 23:30;0.7168
18/11/2025 23:45;0.6911
19/11/2025 00:00;0.5629
19/11/2025 00:15;0.5495
19/11/2025 00:30;0.5854
19/11/2025 00:45;0.5481
19/11/2025 01:00;0.5112
19/11/2025 01:15;0.5084
19/11/2025 01:30;0.5138
19/11/2025 01:45;0.4983
19/11/2025 02:00;0.4636
19/11/2025 02:15;0.4878
19/11/2025 02:30;0.4930
19/11/2025 02:45;0.4929
19/11/2025 03:00;0.5174
19/11/2025 03:15;0.5084
19/11/2025 03:30;0.5267
19/11/2025 03:45;0.5015
19/11/2025 04:00;0.5661
19/11/2025 04:15;0.5996
19/11/2025 04:30;0.5833
19/11/2025 04:45;0.5913
19/11/2025 05:00;0.8474
19/11/2025 05:15;0.8366
19/11/2025 05:30;0.8233
19/11/2025 05:45;0.8228
19/11/2025 06:00;1.4146
19/11/2025 06:15;1.4146
19/11/2025 06:30;1.4155
19/11/2025 06:45;1.4210
19/11/2025 07:00;1.7150
19/11/2025 07:15;1.6772
19/11/2025 07:30;1.6232
19/11/2025 07:45;1.6705
19/11/2025 08:00;1.2710
19/11/2025 08:15;1.2216
19/11/2025 08:30;1.1881
19/11/2025 08:45;1.2298
19/11/2025 09:00;0.9719
19/11/2025 09:15;0.9182
19/11/2025 09:30;0.9327
19/11/2025 09:45;0.9748
19/11/2025 10:00;0.8922
19/11/2025 10:15;0.8850
19/11/2025 10:30;0.8781
19/11/2025 10:45;0.9228
19/11/2025 11:00;0.9424
19/11/2025 11:15;0.9566
19/11/2025 11:30;0.9690
19/11/2025 11:45;0.9747
19/11/2025 12:00;0.9616
19/11/2025 12:15;0.9173
19/11/2025 12:30;0.8727
19/11/2025 12:45;0.9667
19/11/2025 13:00;0.9738
19/11/2025 13:15;0.9113
19/11/2025 13:30;0.8699
19/11/2025 13:45;0.9788
19/11/2025 14:00;0.8570
19/11/2025 14:15;0.8963
19/11/2025 14:30;0.9104
19/11/2025 14:45;0.9286
19/11/2025 15:00;0.9474
19/11/2025 15:15;0.8900
19/11/2025 15:30;0.9515
19/11/2025 15:45;0.9524
19/11/2025 16:00;1.0621
19/11/2025 16:15;1.0707
19/11/2025 16:30;1.0251
19/11/2025 16:45;1.0695
19/11/2025 17:00;1.3838
19/11/2025 17:15;1.4542
19/11/2025 17:30;1.4564
19/11/2025 17:45;1.4181
19/11/2025 18:00;1.7042
19/11/2025 18:15;1.8295
19/11/2025 18:30;1.7620
19/11/2025 18:45;1.9101
19/11/2025 19:00;1.8566
19/11/2025 19:15;1.8918
19/11/2025 19:30;1.8576
19/11/2025 19:45;1.8890
19/11/2025 20:00;1.5986
19/11/2025 20:15;1.6548
19/11/2025 20:30;1.6562
19/11/2025 20:45;1.6278
19/11/2025 21:00;1.4041
19/11/2025 21:15;1.2757
19/11/2025 21:30;1.3498
19/11/2025 21:45;1.3955
19/11/2025 22:00;1.0036
19/11/2025 22:15;0.9441
19/11/2025 22:30;0.9453
19/11/2025 22:45;0.9733
19/11/2025 23:00;0.6588
19/11/2025 23:15;0.6596
19/11/2025 23:30;0.6661
19/11/2025 23:45;0.6836
20/11/2025 00:00;0.5663
20/11/2025 00:15;0.5270
20/11/2025 00:30;0.5267
20/11/2025 00:45;0.5584
20/11/2025 01:00;0.4813
20/11/2025 01:15;0.4871
20/11/2025 01:30;0.4866
20/11/2025 01:45;0.4775
20/11/2025 02:00;0.4841
20/11/2025 02:15;0.4775
20/11/2025 02:30;0.4847
20/11/2025 02:45;0.4856
20/11/2025 03:00;0.4990
20/11/2025 03:15;0.4857
20/11/2025 03:30;0.4739
20/11/2025 03:45;0.4983
20/11/2025 04:00;0.5615
20/11/2025 04:15;0.5432
20/11/2025 04:30;0.5349
20/11/2025 04:45;0.5776
20/11/2025 05:00;0.8076
20/11/2025 05:15;0.8464
20/11/2025 05:30;0.7961
20/11/2025 05:45;0.7855
20/11/2025 06:00;1.2944
20/11/2025 06:15;1.2701
20/11/2025 06:30;1.3740
20/11/2025 06:45;1.3111
20/11/2025 07:00;1.4732
20/11/2025 07:15;1.6739
20/11/2025 07:30;1.6372
20/11/2025 07:45;1.6096
20/11/2025 08:00;1.2430
20/11/2025 08:15;1.2262
20/11/2025 08:30;1.2635
20/11/2025 08:45;1.1801
20/11/2025 09:00;0.9483
20/11/2025 09:15;0.8934
20/11/2025 09:30;0.9028
20/11/2025 09:45;0.9292
20/11/2025 10:00;0.8762
20/11/2025 10:15;0.8701
20/11/2025 10:30;0.8730
20/11/2025 10:45;0.8133
20/11/2025 11:00;0.8988
20/11/2025 11:15;0.8780
20/11/2025 11:30;0.9353
20/11/2025 11:45;0.9055
20/11/2025 12:00;0.9449
20/11/2025 12:15;0.9096
20/11/2025 12:30;0.9161
20/11/2025 12:45;0.9827
20/11/2025 13:00;0.9004
20/11/2025 13:15;0.9128
20/11/2025 13:30;0.8981
20/11/2025 13:45;0.8610
20/11/2025 14:00;0.8211
20/11/2025 14:15;0.8426
20/11/2025 14:30;0.8594
20/11/2025 14:45;0.8650
20/11/2025 15:00;0.9424
20/11/2025 15:15;0.9661
20/11/2025 15:30;0.8971
20/11/2025 15:45;0.9196
20/11/2025 16:00;1.0180
20/11/2025 16:15;1.0437
20/11/2025 16:30;1.0467
20/11/2025 16:45;1.0387
20/11/2025 17:00;1.3812
20/11/2025 17:15;1.3457
20/11/2025 17:30;1.3769
20/11/2025 17:45;1.2857
20/11/2025 18:00;1.6595
20/11/2025 18:15;1.6902
20/11/2025 18:30;1.7678
20/11/2025 18:45;1.7113
20/11/2025 19:00;1.7190
20/11/2025 19:15;1.7447
20/11/2025 19:30;1.7329
20/11/2025 19:45;1.7845
20/11/2025 20:00;1.5794
20/11/2025 20:15;1.5842
20/11/2025 20:30;1.6431
20/11/2025 20:45;1.5556
20/11/2025 21:00;1.2777
20/11/2025 21:15;1.3061
20/11/2025 21:30;1.2961
20/11/2025 21:45;1.3321
20/11/2025 22:00;0.9392
20/11/2025 22:15;0.9481
20/11/2025 22:30;0.8765
20/11/2025 22:45;0.9595
20/11/2025 23:00;0.6821
20/11/2025 23:15;0.6674
20/11/2025 23:30;0.6509
20/11/2025 23:45;0.6560
21/11/2025 00:00;0.6150
21/11/2025 00:15;0.6006
21/11/2025 00:30;0.5784
21/11/2025 00:45;0.5959
21/11/2025 01:00;0.5125
21/11/2025 01:15;0.5374
21/11/2025 01:30;0.5201
21/11/2025 01:45;0.5147
21/11/2025 02:00;0.5296
21/11/2025 02:15;0.5343
21/11/2025 02:30;0.5094
21/11/2025 02:45;0.5253
21/11/2025 03:00;0.5250
21/11/2025 03:15;0.5373
21/11/2025 03:30;0.5339
21/11/2025 03:45;0.5414
21/11/2025 04:00;0.5968
21/11/2025 04:15;0.6076
21/11/2025 04:30;0.6177
21/11/2025 04:45;0.6146
21/11/2025 05:00;0.8843
21/11/2025 05:15;0.9237
21/11/2025 05:30;0.8664
21/11/2025 05:45;0.9179
21/11/2025 06:00;1.4667
21/11/2025 06:15;1.4762
21/11/2025 06:30;1.4567
21/11/2025 06:45;1.5196
21/11/2025 07:00;1.6840
21/11/2025 07:15;1.8500
21/11/2025 07:30;1.8873
21/11/2025 07:45;1.7327
21/11/2025 08:00;1.3658
21/11/2025 08:15;1.3835
21/11/2025 08:30;1.3495
21/11/2025 08:45;1.3418
21/11/2025 09:00;1.0196
21/11/2025 09:15;1.0831
21/11/2025 09:30;1.0133
21/11/2025 09:45;1.0120
21/11/2025 10:00;0.9232
21/11/2025 10:15;0.9551
21/11/2025 10:30;0.9705
21/11/2025 10:45;0.9362
21/11/2025 11:00;0.9976
21/11/2025 11:15;0.9483
21/11/2025 11:30;0.9704
21/11/2025 11:45;0.9641
21/11/2025 12:00;1.0158
21/11/2025 12:15;0.9840
21/11/2025 12:30;0.9666
21/11/2025 12:45;1.0252
21/11/2025 13:00;0.9847
21/11/2025 13:15;0.9894
21/11/2025 13:30;0.9640
21/11/2025 13:45;1.0283
21/11/2025 14:00;0.9441
21/11/2025 14:15;0.9655
21/11/2025 14:30;0.9234
21/11/2025 14:45;0.8905
21/11/2025 15:00;0.9958
21/11/2025 15:15;0.9596
21/11/2025 15:30;1.0086
21/11/2025 15:45;0.9934
21/11/2025 16:00;1.1064
21/11/2025 16:15;1.1107
21/11/2025 16:30;1.1148
21/11/2025 16:45;1.1132
21/11/2025 17:00;1.4306
21/11/2025 17:15;1.5284
21/11/2025 17:30;1.5038
21/11/2025 17:45;1.4870
21/11/2025 18:00;1.8657
21/11/2025 18:15;1.9051
21/11/2025 18:30;1.8809
21/11/2025 18:45;1.9611
21/11/2025 19:00;1.9587
21/11/2025 19:15;2.0078
21/11/2025 19:30;1.9536
21/11/2025 19:45;1.9511
21/11/2025 20:00;1.8869
21/11/2025 20:15;1.8275
21/11/2025 20:30;1.6645
21/11/2025 20:45;1.8093
21/11/2025 21:00;1.5052
21/11/2025 21:15;1.4502
21/11/2025 21:30;1.5669
21/11/2025 21:45;1.4932
21/11/2025 22:00;1.0402
21/11/2025 22:15;1.0541
21/11/2025 22:30;1.0552
21/11/2025 22:45;1.0426
21/11/2025 23:00;0.7113
21/11/2025 23:15;0.7037
21/11/2025 23:30;0.7358
21/11/2025 23:45;0.6910
22/11/2025 00:00;0.6026
22/11/2025 00:15;0.5743
22/11/2025 00:30;0.5880
22/11/2025 00:45;0.6011
22/11/2025 01:00;0.5280
22/11/2025 01:15;0.4993
22/11/2025 01:30;0.5257
22/11/2025 01:45;0.5058
22/11/2025 02:00;0.5227
22/11/2025 02:15;0.5206
22/11/2025 02:30;0.5133
22/11/2025 02:45;0.4890
22/11/2025 03:00;0.5228
22/11/2025 03:15;0.5306
22/11/2025 03:30;0.5537
22/11/2025 03:45;0.5397
22/11/2025 04:00;0.6093
22/11/2025 04:15;0.5946
22/11/2025 04:30;0.5923
22/11/2025 04:45;0.5755
22/11/2025 05:00;0.8612
22/11/2025 05:15;0.8481
22/11/2025 05:30;0.8286
22/11/2025 05:45;0.8805
22/11/2025 06:00;1.4159
22/11/2025 06:15;1.4485
22/11/2025 06:30;1.4587
22/11/2025 06:45;1.3478
22/11/2025 07:00;1.6497
22/11/2025 07:15;1.8025
22/11/2025 07:30;1.6585
22/11/2025 07:45;1.7760
22/11/2025 08:00;1.2381
22/11/2025 08:15;1.3025
22/11/2025 08:30;1.3202
22/11/2025 08:45;1.3196
22/11/2025 09:00;0.9545
22/11/2025 09:15;0.9996
22/11/2025 09:30;0.9692
22/11/2025 09:45;0.9462
22/11/2025 10:00;0.8872
22/11/2025 10:15;0.9257
22/11/2025 10:30;0.8961
22/11/2025 10:45;0.8863
22/11/2025 11:00;0.9419
22/11/2025 11:15;0.9230
22/11/2025 11:30;0.9207
22/11/2025 11:45;0.9236
22/11/2025 12:00;0.9537
22/11/2025 12:15;0.9501
22/11/2025 12:30;0.9748
22/11/2025 12:45;0.9987
22/11/2025 13:00;0.9260
22/11/2025 13:15;0.9115
22/11/2025 13:30;0.9206
22/11/2025 13:45;0.9268
22/11/2025 14:00;0.8864
22/11/2025 14:15;0.9208
22/11/2025 14:30;0.8747
22/11/2025 14:45;0.9223
22/11/2025 15:00;0.9642
22/11/2025 15:15;0.9195
22/11/2025 15:30;0.9557
22/11/2025 15:45;0.9498
22/11/2025 16:00;1.0867
22/11/2025 16:15;1.0642
22/11/2025 16:30;1.1185
22/11/2025 16:45;1.0987
22/11/2025 17:00;1.4115
22/11/2025 17:15;1.3928
22/11/2025 17:30;1.3585
22/11/2025 17:45;1.4250
22/11/2025 18:00;1.7685
22/11/2025 18:15;1.6711
22/11/2025 18:30;1.7609
22/11/2025 18:45;1.6962
22/11/2025 19:00;1.7712
22/11/2025 19:15;1.7826
22/11/2025 19:30;1.7647
22/11/2025 19:45;1.8446
22/11/2025 20:00;1.6855
22/11/2025 20:15;1.6269
22/11/2025 20:30;1.6056
22/11/2025 20:45;1.6450
22/11/2025 21:00;1.3326
22/11/2025 21:15;1.2995
22/11/2025 21:30;1.3105
22/11/2025 21:45;1.3407
22/11/2025 22:00;1.0046
22/11/2025 22:15;1.0078
22/11/2025 22:30;1.0119
22/11/2025 22:45;0.9789
22/11/2025 23:00;0.6992
22/11/2025 23:15;0.6652
22/11/2025 23:30;0.7154
22/11/2025 23:45;0.6999
23/11/2025 00:00;0.6337
23/11/2025 00:15;0.6496
23/11/2025 00:30;0.6212
23/11/2025 00:45;0.6368
23/11/2025 01:00;0.5583
23/11/2025 01:15;0.5524
23/11/2025 01:30;0.5691
23/11/2025 01:45;0.5618
23/11/2025 02:00;0.5310
23/11/2025 02:15;0.5555
23/11/2025 02:30;0.5479
23/11/2025 02:45;0.5602
23/11/2025 03:00;0.5718
23/11/2025 03:15;0.5912
23/11/2025 03:30;0.5980
23/11/2025 03:45;0.5822
23/11/2025 04:00;0.6581
23/11/2025 04:15;0.6557
23/11/2025 04:30;0.6582
23/11/2025 04:45;0.6726
23/11/2025 05:00;0.9468
23/11/2025 05:15;0.8734
23/11/2025 05:30;0.9220
23/11/2025 05:45;0.8985
23/11/2025 06:00;1.4800
23/11/2025 06:15;1.4588
23/11/2025 06:30;1.5398
23/11/2025 06:45;1.5877
23/11/2025 07:00;1.7417
23/11/2025 07:15;1.8667
23/11/2025 07:30;1.9105
23/11/2025 07:45;1.7843
23/11/2025 08:00;1.3678
23/11/2025 08:15;1.3681
23/11/2025 08:30;1.4039
23/11/2025 08:45;1.3836
23/11/2025 09:00;1.0886
23/11/2025 09:15;1.0741
23/11/2025 09:30;1.0645
23/11/2025 09:45;1.0523
23/11/2025 10:00;1.0123
23/11/2025 10:15;0.9657
23/11/2025 10:30;1.0032
23/11/2025 10:45;0.9807
23/11/2025 11:00;0.9884
23/11/2025 11:15;0.9973
23/11/2025 11:30;0.9962
23/11/2025 11:45;1.0493
23/11/2025 12:00;0.9936
23/11/2025 12:15;1.0615
23/11/2025 12:30;1.0120
23/11/2025 12:45;1.0087
23/11/2025 13:00;0.9525
23/11/2025 13:15;1.0306
23/11/2025 13:30;0.9927
23/11/2025 13:45;1.0295
23/11/2025 14:00;0.9292
23/11/2025 14:15;0.9640
23/11/2025 14:30;0.9747
23/11/2025 14:45;1.0166
23/11/2025 15:00;0.9920
23/11/2025 15:15;1.0373
23/11/2025 15:30;1.0896
23/11/2025 15:45;1.0442
23/11/2025 16:00;1.1901
23/11/2025 16:15;1.1785
23/11/2025 16:30;1.1986
23/11/2025 16:45;1.1736
23/11/2025 17:00;1.5503
23/11/2025 17:15;1.5777
23/11/2025 17:30;1.4818
23/11/2025 17:45;1.5660
23/11/2025 18:00;1.8825
23/11/2025 18:15;1.8747
23/11/2025 18:30;1.8329
23/11/2025 18:45;1.9676
23/11/2025 19:00;2.0132
23/11/2025 19:15;2.0327
23/11/2025 19:30;1.9871
23/11/2025 19:45;1.9534
23/11/2025 20:00;1.8361
23/11/2025 20:15;1.7541
23/11/2025 20:30;1.7358
23/11/2025 20:45;1.8866
23/11/2025 21:00;1.5076
23/11/2025 21:15;1.4824
23/11/2025 21:30;1.5263
23/11/2025 21:45;1.4962
23/11/2025 22:00;1.0664
23/11/2025 22:15;1.0860
23/11/2025 22:30;1.0901
23/11/2025 22:45;1.0694
23/11/2025 23:00;0.7686
23/11/2025 23:15;0.7812
23/11/2025 23:30;0.7454
23/11/2025 23:45;0.7454
24/11/2025 00:00;0.5632
24/11/2025 00:15;0.5933
24/11/2025 00:30;0.5734
24/11/2025 00:45;0.5700
24/11/2025 01:00;0.5085
24/11/2025 01:15;0.5029
24/11/2025 01:30;0.5240
24/11/2025 01:45;0.4977
24/11/2025 02:00;0.5063
24/11/2025 02:15;0.4890
24/11/2025 02:30;0.5043
24/11/2025 02:45;0.4930
24/11/2025 03:00;0.5138
24/11/2025 03:15;0.4982
24/11/2025 03:30;0.5213
24/11/2025 03:45;0.5232
24/11/2025 04:00;0.5897
24/11/2025 04:15;0.5966
24/11/2025 04:30;0.5746
24/11/2025 04:45;0.5663
24/11/2025 05:00;0.8311
24/11/2025 05:15;0.8147
24/11/2025 05:30;0.8618
24/11/2025 05:45;0.8286
24/11/2025 06:00;1.4742
24/11/2025 06:15;1.4301
24/11/2025 06:30;1.4273
24/11/2025 06:45;1.3645
24/11/2025 07:00;1.7238
24/11/2025 07:15;1.7193
24/11/2025 07:30;1.6320
24/11/2025 07:45;1.7036
24/11/2025 08:00;1.2256
24/11/2025 08:15;1.3052
24/11/2025 08:30;1.3430
24/11/2025 08:45;1.2826
24/11/2025 09:00;0.9905
24/11/2025 09:15;0.9442
24/11/2025 09:30;0.9887
24/11/2025 09:45;1.0090
24/11/2025 10:00;0.8928
24/11/2025 10:15;0.9049
24/11/2025 10:30;0.8699
24/11/2025 10:45;0.8712
24/11/2025 11:00;0.9512
24/11/2025 11:15;0.9180
24/11/2025 11:30;0.9612
24/11/2025 11:45;0.9180
24/11/2025 12:00;0.9185
24/11/2025 12:15;0.9450
24/11/2025 12:30;1.0383
24/11/2025 12:45;0.9570
24/11/2025 13:00;0.9044
24/11/2025 13:15;0.9450
24/11/2025 13:30;0.8942
24/11/2025 13:45;0.9228
24/11/2025 14:00;0.8868
24/11/2025 14:15;0.9107
24/11/2025 14:30;0.8834
24/11/2025 14:45;0.8569
24/11/2025 15:00;0.9340
24/11/2025 15:15;0.9694
24/11/2025 15:30;0.9532
24/11/2025 15:45;0.9412
24/11/2025 16:00;1.1356
24/11/2025 16:15;1.0530
24/11/2025 16:30;1.1097
24/11/2025 16:45;1.1430
24/11/2025 17:00;1.4680
24/11/2025 17:15;1.4576
24/11/2025 17:30;1.4893
24/11/2025 17:45;1.4858
24/11/2025 18:00;1.7563
24/11/2025 18:15;1.8535
24/11/2025 18:30;1.8290
24/11/2025 18:45;1.8596
24/11/2025 19:00;1.8306
24/11/2025 19:15;1.8514
24/11/2025 19:30;1.8534
24/11/2025 19:45;1.8320
24/11/2025 20:00;1.6390
24/11/2025 20:15;1.7634
24/11/2025 20:30;1.5636
24/11/2025 20:45;1.7441
24/11/2025 21:00;1.3807
24/11/2025 21:15;1.5113
24/11/2025 21:30;1.4704
24/11/2025 21:45;1.4214
24/11/2025 22:00;0.9487
24/11/2025 22:15;0.9623
24/11/2025 22:30;1.0256
24/11/2025 22:45;0.9512
24/11/2025 23:00;0.6975
24/11/2025 23:15;0.6877
24/11/2025 23:30;0.6848
24/11/2025 23:45;0.6644
25/11/2025 00:00;0.6030
25/11/2025 00:15;0.5902
25/11/2025 00:30;0.6254
25/11/2025 00:45;0.6116
25/11/2025 01:00;0.5431
25/11/2025 01:15;0.5467
25/11/2025 01:30;0.5340
25/11/2025 01:45;0.5292
25/11/2025 02:00;0.5408
25/11/2025 02:15;0.5617
25/11/2025 02:30;0.5116
25/11/2025 02:45;0.5357
25/11/2025 03:00;0.5542
25/11/2025 03:15;0.5518
25/11/2025 03:30;0.5686
25/11/2025 03:45;0.5418
25/11/2025 04:00;0.6502
25/11/2025 04:15;0.5963
25/11/2025 04:30;0.6233
25/11/2025 04:45;0.6029
25/11/2025 05:00;0.9098
25/11/2025 05:15;0.8977
25/11/2025 05:30;0.8930
25/11/2025 05:45;0.9352
25/11/2025 06:00;1.5600
25/11/2025 06:15;1.5461
25/11/2025 06:30;1.4758
25/11/2025 06:45;1.5248
25/11/2025 07:00;1.8787
25/11/2025 07:15;1.7788
25/11/2025 07:30;1.7779
25/11/2025 07:45;1.7157
25/11/2025 08:00;1.3933
25/11/2025 08:15;1.4330
25/11/2025 08:30;1.4394
25/11/2025 08:45;1.4164
25/11/2025 09:00;1.0876
25/11/2025 09:15;1.0845
25/11/2025 09:30;1.0870
25/11/2025 09:45;1.0746
25/11/2025 10:00;1.0118
25/11/2025 10:15;0.9505
25/11/2025 10:30;0.9409
25/11/2025 10:45;0.9941
25/11/2025 11:00;0.9860
25/11/2025 11:15;1.0326
25/11/2025 11:30;0.9430
25/11/2025 11:45;1.0523
25/11/2025 12:00;1.0223
25/11/2025 12:15;1.0428
25/11/2025 12:30;1.0745
25/11/2025 12:45;1.0389
25/11/2025 13:00;0.9529
25/11/2025 13:15;0.9928
25/11/2025 13:30;1.0129
25/11/2025 13:45;0.9820
25/11/2025 14:00;0.9670
25/11/2025 14:15;1.0082
25/11/2025 14:30;0.9629
25/11/2025 14:45;0.9741
25/11/2025 15:00;1.0689
25/11/2025 15:15;1.0031
25/11/2025 15:30;0.9837
25/11/2025 15:45;1.0235
25/11/2025 16:00;1.1473
25/11/2025 16:15;1.1778
25/11/2025 16:30;1.1335
25/11/2025 16:45;1.1346
25/11/2025 17:00;1.4176
25/11/2025 17:15;1.4956
25/11/2025 17:30;1.4916
25/11/2025 17:45;1.5490
25/11/2025 18:00;1.9359
25/11/2025 18:15;1.9421
25/11/2025 18:30;1.9810
25/11/2025 18:45;1.9769
25/11/2025 19:00;2.0825
25/11/2025 19:15;2.0351
25/11/2025 19:30;2.0975
25/11/2025 19:45;2.0502
25/11/2025 20:00;1.7771
25/11/2025 20:15;1.8195
25/11/2025 20:30;1.8296
25/11/2025 20:45;1.8936
25/11/2025 21:00;1.5243
25/11/2025 21:15;1.5219
25/11/2025 21:30;1.4176
25/11/2025 21:45;1.4977
25/11/2025 22:00;1.0054
25/11/2025 22:15;1.0589
25/11/2025 22:30;1.0927
25/11/2025 22:45;1.0963
25/11/2025 23:00;0.7593
25/11/2025 23:15;0.7275
25/11/2025 23:30;0.7084
25/11/2025 23:45;0.7467
26/11/2025 00:00;0.5571
26/11/2025 00:15;0.5768
26/11/2025 00:30;0.5588
26/11/2025 00:45;0.5692
26/11/2025 01:00;0.5186
26/11/2025 01:15;0.4939
26/11/2025 01:30;0.4930
26/11/2025 01:45;0.4915
26/11/2025 02:00;0.4940
26/11/2025 02:15;0.4853
26/11/2025 02:30;0.4749
26/11/2025 02:45;0.4755
26/11/2025 03:00;0.5209
26/11/2025 03:15;0.4827
26/11/2025 03:30;0.5260
26/11/2025 03:45;0.5022
26/11/2025 04:00;0.5800
26/11/2025 04:15;0.5469
26/11/2025 04:30;0.5345
26/11/2025 04:45;0.5558
26/11/2025 05:00;0.8566
26/11/2025 05:15;0.8654
26/11/2025 05:30;0.8494
26/11/2025 05:45;0.8449
26/11/2025 06:00;1.4777
26/11/2025 06:15;1.3588
26/11/2025 06:30;1.4645
26/11/2025 06:45;1.3325
26/11/2025 07:00;1.7131
26/11/2025 07:15;1.6830
26/11/2025 07:30;1.5976
26/11/2025 07:45;1.7277
26/11/2025 08:00;1.2493
26/11/2025 08:15;1.2972
26/11/2025 08:30;1.3099
26/11/2025 08:45;1.3304
26/11/2025 09:00;0.9844
26/11/2025 09:15;0.9513
26/11/2025 09:30;0.9372
26/11/2025 09:45;0.9673
26/11/2025 10:00;0.8681
26/11/2025 10:15;0.8491
26/11/2025 10:30;0.8955
26/11/2025 10:45;0.8882
26/11/2025 11:00;0.9525
26/11/2025 11:15;0.9205
26/11/2025 11:30;0.8766
26/11/2025 11:45;0.9493
26/11/2025 12:00;0.9795
26/11/2025 12:15;0.9633
26/11/2025 12:30;0.9171
26/11/2025 12:45;0.9651
26/11/2025 13:00;0.8968
26/11/2025 13:15;0.8997
26/11/2025 13:30;0.9569
26/11/2025 13:45;0.8979
26/11/2025 14:00;0.8795
26/11/2025 14:15;0.8916
26/11/2025 14:30;0.8746
26/11/2025 14:45;0.9236
26/11/2025 15:00;0.9240
26/11/2025 15:15;0.9749
26/11/2025 15:30;0.9582
26/11/2025 15:45;0.9323
26/11/2025 16:00;1.0526
26/11/2025 16:15;1.0374
26/11/2025 16:30;1.0698
26/11/2025 16:45;1.0754
26/11/2025 17:00;1.4049
26/11/2025 17:15;1.4808
26/11/2025 17:30;1.4278
26/11/2025 17:45;1.4561
26/11/2025 18:00;1.8503
26/11/2025 18:15;1.8968
26/11/2025 18:30;1.6371
26/11/2025 18:45;1.7527
26/11/2025 19:00;1.7973
26/11/2025 19:15;1.8121
26/11/2025 19:30;1.8909
26/11/2025 19:45;1.8903
26/11/2025 20:00;1.6119
26/11/2025 20:15;1.6319
26/11/2025 20:30;1.6929
26/11/2025 20:45;1.7418
26/11/2025 21:00;1.3943
26/11/2025 21:15;1.4799
26/11/2025 21:30;1.3545
26/11/2025 21:45;1.3511
26/11/2025 22:00;1.0078
26/11/2025 22:15;0.9726
26/11/2025 22:30;1.0318
26/11/2025 22:45;0.9876
26/11/2025 23:00;0.6789
26/11/2025 23:15;0.6649
26/11/2025 23:30;0.7045
26/11/2025 23:45;0.6668
27/11/2025 00:00;0.6096
27/11/2025 00:15;0.5990
27/11/2025 00:30;0.6161
27/11/2025 00:45;0.5831
27/11/2025 01:00;0.5333
27/11/2025 01:15;0.5495
27/11/2025 01:30;0.5257
27/11/2025 01:45;0.5334
27/11/2025 02:00;0.5051
27/11/2025 02:15;0.5217
27/11/2025 02:30;0.4968
27/11/2025 02:45;0.5165
27/11/2025 03:00;0.5552
27/11/2025 03:15;0.5529
27/11/2025 03:30;0.5302
27/11/2025 03:45;0.5246
27/11/2025 04:00;0.6102
27/11/2025 04:15;0.5970
27/11/2025 04:30;0.6004
27/11/2025 04:45;0.5918
27/11/2025 05:00;0.8422
27/11/2025 05:15;0.8787
27/11/2025 05:30;0.8843
27/11/2025 05:45;0.8582
27/11/2025 06:00;1.4255
27/11/2025 06:15;1.4951
27/11/2025 06:30;1.5257
27/11/2025 06:45;1.4109
27/11/2025 07:00;1.7506
27/11/2025 07:15;1.7533
27/11/2025 07:30;1.7922
27/11/2025 07:45;1.6454
27/11/2025 08:00;1.3335
27/11/2025 08:15;1.3133
27/11/2025 08:30;1.3205
27/11/2025 08:45;1.3038
27/11/2025 09:00;1.0166
27/11/2025 09:15;1.0193
27/11/2025 09:30;1.0073
27/11/2025 09:45;1.0418
27/11/2025 10:00;0.9204
27/11/2025 10:15;0.9167
27/11/2025 10:30;0.9046
27/11/2025 10:45;0.9563
27/11/2025 11:00;0.9749
27/11/2025 11:15;0.9853
27/11/2025 11:30;0.9353
27/11/2025 11:45;0.9945
27/11/2025 12:00;0.9726
27/11/2025 12:15;1.0259
27/11/2025 12:30;1.0125
27/11/2025 12:45;1.0407
27/11/2025 13:00;0.9887
27/11/2025 13:15;1.0184
27/11/2025 13:30;0.9739
27/11/2025 13:45;0.9751
27/11/2025 14:00;0.9518
27/11/2025 14:15;0.9648
27/11/2025 14:30;0.9222
27/11/2025 14:45;0.9710
27/11/2025 15:00;0.9737
27/11/2025 15:15;0.9744
27/11/2025 15:30;0.9882
27/11/2025 15:45;1.0086
27/11/2025 16:00;1.1430
27/11/2025 16:15;1.1610
27/11/2025 16:30;1.1456
27/11/2025 16:45;1.1061
27/11/2025 17:00;1.4474
27/11/2025 17:15;1.4082
27/11/2025 17:30;1.5401
27/11/2025 17:45;1.5464
27/11/2025 18:00;1.8185
27/11/2025 18:15;1.8948
27/11/2025 18:30;1.8086
27/11/2025 18:45;2.0103
27/11/2025 19:00;1.9208
27/11/2025 19:15;1.7758
27/11/2025 19:30;2.0489
27/11/2025 19:45;2.0816
27/11/2025 20:00;1.7344
27/11/2025 20:15;1.8195
27/11/2025 20:30;1.8100
27/11/2025 20:45;1.7160
27/11/2025 21:00;1.4674
27/11/2025 21:15;1.3867
27/11/2025 21:30;1.5104
27/11/2025 21:45;1.3898
27/11/2025 22:00;1.0016
27/11/2025 22:15;1.0087
27/11/2025 22:30;1.0078
27/11/2025 22:45;0.9595
27/11/2025 23:00;0.7025
27/11/2025 23:15;0.7034
27/11/2025 23:30;0.6845
27/11/2025 23:45;0.7102
28/11/2025 00:00;0.5365
28/11/2025 00:15;0.5446
28/11/2025 00:30;0.5593
28/11/2025 00:45;0.5450
28/11/2025 01:00;0.4775
28/11/2025 01:15;0.4847
28/11/2025 01:30;0.4916
28/11/2025 01:45;0.4939
28/11/2025 02:00;0.4830
28/11/2025 02:15;0.4499
28/11/2025 02:30;0.4719
28/11/2025 02:45;0.4766
28/11/2025 03:00;0.5059
28/11/2025 03:15;0.4914
28/11/2025 03:30;0.4821
28/11/2025 03:45;0.4788
28/11/2025 04:00;0.5562
28/11/2025 04:15;0.5658
28/11/2025 04:30;0.5728
28/11/2025 04:45;0.5436
28/11/2025 05:00;0.8339
28/11/2025 05:15;0.7775
28/11/2025 05:30;0.8357
28/11/2025 05:45;0.8065
28/11/2025 06:00;1.3881
28/11/2025 06:15;1.4470
28/11/2025 06:30;1.3497
28/11/2025 06:45;1.3446
28/11/2025 07:00;1.7437
28/11/2025 07:15;1.7024
28/11/2025 07:30;1.6051
28/11/2025 07:45;1.6022
28/11/2025 08:00;1.2096
28/11/2025 08:15;1.2220
28/11/2025 08:30;1.3305
28/11/2025 08:45;1.2403
28/11/2025 09:00;0.9257
28/11/2025 09:15;0.9298
28/11/2025 09:30;0.9241
28/11/2025 09:45;0.9545
28/11/2025 10:00;0.8596
28/11/2025 10:15;0.9069
28/11/2025 10:30;0.8222
28/11/2025 10:45;0.8447
28/11/2025 11:00;0.8500
28/11/2025 11:15;0.9338
28/11/2025 11:30;0.8696
28/11/2025 11:45;0.8950
28/11/2025 12:00;0.9384
28/11/2025 12:15;0.8904
28/11/2025 12:30;0.8818
28/11/2025 12:45;0.9457
28/11/2025 13:00;0.8918
28/11/2025 13:15;0.8781
28/11/2025 13:30;0.9396
28/11/2025 13:45;0.9088
28/11/2025 14:00;0.9288
28/11/2025 14:15;0.8445
28/11/2025 14:30;0.8795
28/11/2025 14:45;0.8758
28/11/2025 15:00;0.9136
28/11/2025 15:15;0.8871
28/11/2025 15:30;0.9327
28/11/2025 15:45;0.9271
28/11/2025 16:00;1.0439
28/11/2025 16:15;1.0758
28/11/2025 16:30;1.0882
28/11/2025 16:45;1.0495
28/11/2025 17:00;1.3597
28/11/2025 17:15;1.3642
28/11/2025 17:30;1.3166
28/11/2025 17:45;1.3785
28/11/2025 18:00;1.7582
28/11/2025 18:15;1.8150
28/11/2025 18:30;1.6626
28/11/2025 18:45;1.8609
28/11/2025 19:00;1.8690
28/11/2025 19:15;1.8279
28/11/2025 19:30;1.8715
28/11/2025 19:45;1.8433
28/11/2025 20:00;1.6986
28/11/2025 20:15;1.6511
28/11/2025 20:30;1.6187
28/11/2025 20:45;1.6439
28/11/2025 21:00;1.4428
28/11/2025 21:15;1.2733
28/11/2025 21:30;1.3209
28/11/2025 21:45;1.3225
28/11/2025 22:00;0.9439
28/11/2025 22:15;0.9488
28/11/2025 22:30;0.9261
28/11/2025 22:45;0.9250
28/11/2025 23:00;0.6271
28/11/2025 23:15;0.6617
28/11/2025 23:30;0.6692
28/11/2025 23:45;0.6563
29/11/2025 00:00;0.5750
29/11/2025 00:15;0.5930
29/11/2025 00:30;0.5761
29/11/2025 00:45;0.5801
29/11/2025 01:00;0.5310
29/11/2025 01:15;0.5426
29/11/2025 01:30;0.5390
29/11/2025 01:45;0.5216
29/11/2025 02:00;0.5172
29/11/2025 02:15;0.5242
29/11/2025 02:30;0.5090
29/11/2025 02:45;0.5011
29/11/2025 03:00;0.5133
29/11/2025 03:15;0.5377
29/11/2025 03:30;0.5289
29/11/2025 03:45;0.5534
29/11/2025 04:00;0.6089
29/11/2025 04:15;0.5867
29/11/2025 04:30;0.6115
29/11/2025 04:45;0.5933
29/11/2025 05:00;0.8830
29/11/2025 05:15;0.8489
29/11/2025 05:30;0.8643
29/11/2025 05:45;0.9128
29/11/2025 06:00;1.4312
29/11/2025 06:15;1.3933
29/11/2025 06:30;1.4087
29/11/2025 06:45;1.4709
29/11/2025 07:00;1.7149
29/11/2025 07:15;1.8166
29/11/2025 07:30;1.7401
29/11/2025 07:45;1.7050
29/11/2025 08:00;1.3290
29/11/2025 08:15;1.3502
29/11/2025 08:30;1.2321
29/11/2025 08:45;1.3044
29/11/2025 09:00;0.9518
29/11/2025 09:15;1.0312
29/11/2025 09:30;0.9944
29/11/2025 09:45;0.9814
29/11/2025 10:00;0.9486
29/11/2025 10:15;0.9232
29/11/2025 10:30;0.8759
29/11/2025 10:45;0.9476
29/11/2025 11:00;0.9391
29/11/2025 11:15;0.9732
29/11/2025 11:30;0.9572
29/11/2025 11:45;0.9339
29/11/2025 12:00;0.9650
29/11/2025 12:15;1.0372
29/11/2025 12:30;0.9981
29/11/2025 12:45;1.0059
29/11/2025 13:00;0.8923
29/11/2025 13:15;0.9960
29/11/2025 13:30;0.9170
29/11/2025 13:45;0.9537
29/11/2025 14:00;0.9486
29/11/2025 14:15;0.9610
29/11/2025 14:30;0.9183
29/11/2025 14:45;0.9498
29/11/2025 15:00;0.9693
29/11/2025 15:15;0.9710
29/11/2025 15:30;0.9761
29/11/2025 15:45;0.9174
29/11/2025 16:00;1.0794
29/11/2025 16:15;1.0268
29/11/2025 16:30;1.0917
29/11/2025 16:45;1.1206
29/11/2025 17:00;1.4694
29/11/2025 17:15;1.5067
29/11/2025 17:30;1.4702
29/11/2025 17:45;1.4699
29/11/2025 18:00;1.7821
29/11/2025 18:15;1.8608
29/11/2025 18:30;1.9006
29/11/2025 18:45;1.8717
29/11/2025 19:00;1.8614
29/11/2025 19:15;1.8719
29/11/2025 19:30;1.9336
29/11/2025 19:45;1.8832
29/11/2025 20:00;1.7105
29/11/2025 20:15;1.6108
29/11/2025 20:30;1.7408
29/11/2025 20:45;1.6347
29/11/2025 21:00;1.3987
29/11/2025 21:15;1.4845
29/11/2025 21:30;1.3800
29/11/2025 21:45;1.3974
29/11/2025 22:00;0.9709
29/11/2025 22:15;1.0486
29/11/2025 22:30;1.0018
29/11/2025 22:45;1.0443
29/11/2025 23:00;0.6926
29/11/2025 23:15;0.6720
29/11/2025 23:30;0.6690
29/11/2025 23:45;0.6754
30/11/2025 00:00;0.5362
30/11/2025 00:15;0.5294
30/11/2025 00:30;0.5452
30/11/2025 00:45;0.5626
30/11/2025 01:00;0.5018
30/11/2025 01:15;0.4881
30/11/2025 01:30;0.5033
30/11/2025 01:45;0.4837
30/11/2025 02:00;0.4841
30/11/2025 02:15;0.4761
30/11/2025 02:30;0.4963
30/11/2025 02:45;0.4717
30/11/2025 03:00;0.4998
30/11/2025 03:15;0.5093
30/11/2025 03:30;0.5157
30/11/2025 03:45;0.5006
30/11/2025 04:00;0.5471
30/11/2025 04:15;0.5494
30/11/2025 04:30;0.5640
30/11/2025 04:45;0.5630
30/11/2025 05:00;0.8016
30/11/2025 05:15;0.8194
30/11/2025 05:30;0.8189
30/11/2025 05:45;0.7832
30/11/2025 06:00;1.2893
30/11/2025 06:15;1.3575
30/11/2025 06:30;1.3115
30/11/2025 06:45;1.2942
30/11/2025 07:00;1.5702
30/11/2025 07:15;1.5341
30/11/2025 07:30;1.5194
30/11/2025 07:45;1.5519
30/11/2025 08:00;1.1597
30/11/2025 08:15;1.1960
30/11/2025 08:30;1.1762
30/11/2025 08:45;1.2257
30/11/2025 09:00;0.9200
30/11/2025 09:15;0.8925
30/11/2025 09:30;0.8621
30/11/2025 09:45;0.9242
30/11/2025 10:00;0.8253
30/11/2025 10:15;0.8579
30/11/2025 10:30;0.8550
30/11/2025 10:45;0.8759
30/11/2025 11:00;0.9012
30/11/2025 11:15;0.8738
30/11/2025 11:30;0.8808
30/11/2025 11:45;0.8191
30/11/2025 12:00;0.8499
30/11/2025 12:15;0.9287
30/11/2025 12:30;0.8617
30/11/2025 12:45;0.8383
30/11/2025 13:00;0.8700
30/11/2025 13:15;0.8240
30/11/2025 13:30;0.8799
30/11/2025 13:45;0.8659
30/11/2025 14:00;0.8436
30/11/2025 14:15;0.8232
30/11/2025 14:30;0.8728
30/11/2025 14:45;0.8208
30/11/2025 15:00;0.9234
30/11/2025 15:15;0.9044
30/11/2025 15:30;0.9230
30/11/2025 15:45;0.9225
30/11/2025 16:00;0.9737
30/11/2025 16:15;0.9867
30/11/2025 16:30;0.9995
30/11/2025 16:45;1.0240
30/11/2025 17:00;1.3126
30/11/2025 17:15;1.3084
30/11/2025 17:30;1.2636
30/11/2025 17:45;1.3414
30/11/2025 18:00;1.6551
30/11/2025 18:15;1.6440
30/11/2025 18:30;1.6582
30/11/2025 18:45;1.5616
30/11/2025 19:00;1.7190
30/11/2025 19:15;1.7497
30/11/2025 19:30;1.7398
30/11/2025 19:45;1.6923
30/11/2025 20:00;1.5263
30/11/2025 20:15;1.5857
30/11/2025 20:30;1.4954
30/11/2025 20:45;1.5289
30/11/2025 21:00;1.3448
30/11/2025 21:15;1.2315
30/11/2025 21:30;1.3280
30/11/2025 21:45;1.3052
30/11/2025 22:00;0.8899
30/11/2025 22:15;0.9312
30/11/2025 22:30;0.8954
30/11/2025 22:45;0.9699
30/11/2025 23:00;0.6547
30/11/2025 23:15;0.6275
30/11/2025 23:30;0.6358
30/11/2025 23:45;0.6412
01/12/2025 00:00;0.6066
01/12/2025 00:15;0.6184
01/12/2025 00:30;0.6036
01/12/2025 00:45;0.5710
01/12/2025 01:00;0.5225
01/12/2025 01:15;0.5219
01/12/2025 01:30;0.5319
01/12/2025 01:45;0.5168
01/12/2025 02:00;0.5032
01/12/2025 02:15;0.5133
01/12/2025 02:30;0.5117
01/12/2025 02:45;0.5397
01/12/2025 03:00;0.5255
01/12/2025 03:15;0.5273
01/12/2025 03:30;0.5525
01/12/2025 03:45;0.5384
01/12/2025 04:00;0.6074
01/12/2025 04:15;0.6303
01/12/2025 04:30;0.6173
01/12/2025 04:45;0.6245
01/12/2025 05:00;0.8737
01/12/2025 05:15;0.9297
01/12/2025 05:30;0.8337
01/12/2025 05:45;0.8312
01/12/2025 06:00;1.4792
01/12/2025 06:15;1.4910
01/12/2025 06:30;1.4749
01/12/2025 06:45;1.3852
01/12/2025 07:00;1.7168
01/12/2025 07:15;1.8199
01/12/2025 07:30;1.6647
01/12/2025 07:45;1.8409
01/12/2025 08:00;1.4008
01/12/2025 08:15;1.3236
01/12/2025 08:30;1.3493
01/12/2025 08:45;1.3481
01/12/2025 09:00;1.0250
01/12/2025 09:15;1.0087
01/12/2025 09:30;0.9920
01/12/2025 09:45;1.0344
01/12/2025 10:00;0.9151
01/12/2025 10:15;0.9157
01/12/2025 10:30;0.9093
01/12/2025 10:45;0.9890
01/12/2025 11:00;0.9520
01/12/2025 11:15;0.9375
01/12/2025 11:30;0.9590
01/12/2025 11:45;1.0216
01/12/2025 12:00;1.0210
01/12/2025 12:15;0.9750
01/12/2025 12:30;1.0242
01/12/2025 12:45;1.0001
01/12/2025 13:00;0.9853
01/12/2025 13:15;1.0570
01/12/2025 13:30;0.9941
01/12/2025 13:45;0.9994
01/12/2025 14:00;0.9785
01/12/2025 14:15;0.9323
01/12/2025 14:30;0.9465
01/12/2025 14:45;0.9392
01/12/2025 15:00;1.0007
01/12/2025 15:15;0.9744
01/12/2025 15:30;0.9679
01/12/2025 15:45;0.9872
01/12/2025 16:00;1.1743
01/12/2025 16:15;1.0879
01/12/2025 16:30;1.0960
01/12/2025 16:45;1.1073
01/12/2025 17:00;1.5760
01/12/2025 17:15;1.4224
01/12/2025 17:30;1.4311
01/12/2025 17:45;1.4675
01/12/2025 18:00;1.8114
01/12/2025 18:15;1.8752
01/12/2025 18:30;1.8783
01/12/2025 18:45;1.8029
01/12/2025 19:00;1.8934
01/12/2025 19:15;1.9241
01/12/2025 19:30;1.8520
01/12/2025 19:45;1.9581
01/12/2025 20:00;1.6668
01/12/2025 20:15;1.7949
01/12/2025 20:30;1.7832
01/12/2025 20:45;1.8004
01/12/2025 21:00;1.4045
01/12/2025 21:15;1.4717
01/12/2025 21:30;1.4250
01/12/2025 21:45;1.4649
01/12/2025 22:00;1.0437
01/12/2025 22:15;1.0088
01/12/2025 22:30;1.0334
01/12/2025 22:45;1.0125
01/12/2025 23:00;0.7343
01/12/2025 23:15;0.7029
01/12/2025 23:30;0.6730
01/12/2025 23:45;0.7291
02/12/2025 00:00;0.7059
02/12/2025 00:15;0.7108
02/12/2025 00:30;0.6929
02/12/2025 00:45;0.6517
02/12/2025 01:00;0.6044
02/12/2025 01:15;0.6479
02/12/2025 01:30;0.6178
02/12/2025 01:45;0.6198
02/12/2025 02:00;0.5682
02/12/2025 02:15;0.5823
02/12/2025 02:30;0.5692
02/12/2025 02:45;0.6048
02/12/2025 03:00;0.6236
02/12/2025 03:15;0.6574
02/12/2025 03:30;0.6391
02/12/2025 03:45;0.6423
02/12/2025 04:00;0.6931
02/12/2025 04:15;0.6751
02/12/2025 04:30;0.6968
02/12/2025 04:45;0.7211
02/12/2025 05:00;1.0354
02/12/2025 05:15;0.9698
02/12/2025 05:30;1.0095
02/12/2025 05:45;1.0291
02/12/2025 06:00;1.6528
02/12/2025 06:15;1.6994
02/12/2025 06:30;1.6086
02/12/2025 06:45;1.6233
02/12/2025 07:00;1.9112
02/12/2025 07:15;1.9925
02/12/2025 07:30;1.8249
02/12/2025 07:45;1.9286
02/12/2025 08:00;1.5614
02/12/2025 08:15;1.5162
02/12/2025 08:30;1.5267
02/12/2025 08:45;1.4944
02/12/2025 09:00;1.2095
02/12/2025 09:15;1.1704
02/12/2025 09:30;1.1720
02/12/2025 09:45;1.1530
02/12/2025 10:00;1.0545
02/12/2025 10:15;1.0335
02/12/2025 10:30;1.0501
02/12/2025 10:45;1.0625
02/12/2025 11:00;1.1289
02/12/2025 11:15;1.1080
02/12/2025 11:30;1.0663
02/12/2025 11:45;1.0981
02/12/2025 12:00;1.1047
02/12/2025 12:15;1.1074
02/12/2025 12:30;1.0946
02/12/2025 12:45;1.0761
02/12/2025 13:00;1.1219
02/12/2025 13:15;1.0358
02/12/2025 13:30;1.1367
02/12/2025 13:45;1.0994
02/12/2025 14:00;0.9872
02/12/2025 14:15;1.0310
02/12/2025 14:30;1.0673
02/12/2025 14:45;1.0236
02/12/2025 15:00;1.1186
02/12/2025 15:15;1.1137
02/12/2025 15:30;1.1383
02/12/2025 15:45;1.0685
02/12/2025 16:00;1.2499
02/12/2025 16:15;1.2641
02/12/2025 16:30;1.2635
02/12/2025 16:45;1.3193
02/12/2025 17:00;1.6280
02/12/2025 17:15;1.5641
02/12/2025 17:30;1.5923
02/12/2025 17:45;1.5553
02/12/2025 18:00;2.0148
02/12/2025 18:15;1.9705
02/12/2025 18:30;2.0709
02/12/2025 18:45;1.8839
02/12/2025 19:00;2.1438
02/12/2025 19:15;2.0209
02/12/2025 19:30;2.0989
02/12/2025 19:45;1.9442
02/12/2025 20:00;1.9301
02/12/2025 20:15;1.9196
02/12/2025 20:30;1.8849
02/12/2025 20:45;1.9323
02/12/2025 21:00;1.5426
02/12/2025 21:15;1.5809
02/12/2025 21:30;1.5492
02/12/2025 21:45;1.5405
02/12/2025 22:00;1.1266
02/12/2025 22:15;1.1280
02/12/2025 22:30;1.1385
02/12/2025 22:45;1.1820
02/12/2025 23:00;0.7980
02/12/2025 23:15;0.8195
02/12/2025 23:30;0.7850
02/12/2025 23:45;0.8119
03/12/2025 00:00;0.6892
03/12/2025 00:15;0.6358
03/12/2025 00:30;0.6251
03/12/2025 00:45;0.6548
03/12/2025 01:00;0.5762
03/12/2025 01:15;0.5811
03/12/2025 01:30;0.5907
03/12/2025 01:45;0.5932
03/12/2025 02:00;0.5813
03/12/2025 02:15;0.5910
03/12/2025 02:30;0.5688
03/12/2025 02:45;0.5393
03/12/2025 03:00;0.5996
03/12/2025 03:15;0.5798
03/12/2025 03:30;0.6051
03/12/2025 03:45;0.6031
03/12/2025 04:00;0.7092
03/12/2025 04:15;0.6385
03/12/2025 04:30;0.6752
03/12/2025 04:45;0.6901
03/12/2025 05:00;0.9649
03/12/2025 05:15;0.9747
03/12/2025 05:30;1.0324
03/12/2025 05:45;0.9899
03/12/2025 06:00;1.5857
03/12/2025 06:15;1.5063
03/12/2025 06:30;1.5828
03/12/2025 06:45;1.4989
03/12/2025 07:00;1.9863
03/12/2025 07:15;1.8907
03/12/2025 07:30;1.9340
03/12/2025 07:45;1.9747
03/12/2025 08:00;1.4866
03/12/2025 08:15;1.4215
03/12/2025 08:30;1.4451
03/12/2025 08:45;1.4820
03/12/2025 09:00;1.1298
03/12/2025 09:15;1.1325
03/12/2025 09:30;1.0995
03/12/2025 09:45;1.0740
03/12/2025 10:00;1.0177
03/12/2025 10:15;1.0308
03/12/2025 10:30;0.9898
03/12/2025 10:45;0.9990
03/12/2025 11:00;1.0992
03/12/2025 11:15;1.0586
03/12/2025 11:30;1.0172
03/12/2025 11:45;1.0599
03/12/2025 12:00;1.0879
03/12/2025 12:15;1.0846
03/12/2025 12:30;1.1322
03/12/2025 12:45;1.0205
03/12/2025 13:00;1.0840
03/12/2025 13:15;1.0842
03/12/2025 13:30;1.0413
03/12/2025 13:45;1.0209
03/12/2025 14:00;1.0346
03/12/2025 14:15;0.9822
03/12/2025 14:30;1.0035
03/12/2025 14:45;1.0529
03/12/2025 15:00;1.0811
03/12/2025 15:15;1.0510
03/12/2025 15:30;1.0262
03/12/2025 15:45;1.0458
03/12/2025 16:00;1.2598
03/12/2025 16:15;1.2183
03/12/2025 16:30;1.2169
03/12/2025 16:45;1.1670
03/12/2025 17:00;1.6505
03/12/2025 17:15;1.5056
03/12/2025 17:30;1.6800
03/12/2025 17:45;1.5571
03/12/2025 18:00;1.9948
03/12/2025 18:15;1.9381
03/12/2025 18:30;1.9816
03/12/2025 18:45;1.9153
03/12/2025 19:00;2.0029
03/12/2025 19:15;1.9591
03/12/2025 19:30;1.9835
03/12/2025 19:45;2.0787
03/12/2025 20:00;1.8075
03/12/2025 20:15;1.9217
03/12/2025 20:30;1.8941
03/12/2025 20:45;1.8497
03/12/2025 21:00;1.5641
03/12/2025 21:15;1.5403
03/12/2025 21:30;1.5414
03/12/2025 21:45;1.4799
03/12/2025 22:00;1.0665
03/12/2025 22:15;1.0832
03/12/2025 22:30;1.1580
03/12/2025 22:45;1.0908
03/12/2025 23:00;0.7671
03/12/2025 23:15;0.7687
03/12/2025 23:30;0.7796
03/12/2025 23:45;0.7745
04/12/2025 00:00;0.6434
04/12/2025 00:15;0.6731
04/12/2025 00:30;0.6691
04/12/2025 00:45;0.6664
04/12/2025 01:00;0.5669
04/12/2025 01:15;0.5907
04/12/2025 01:30;0.6028
04/12/2025 01:45;0.5892
04/12/2025 02:00;0.5870
04/12/2025 02:15;0.5699
04/12/2025 02:30;0.5784
04/12/2025 02:45;0.6076
04/12/2025 03:00;0.6190
04/12/2025 03:15;0.6039
04/12/2025 03:30;0.6464
04/12/2025 03:45;0.5905
04/12/2025 04:00;0.6715
04/12/2025 04:15;0.6670
04/12/2025 04:30;0.7173
04/12/2025 04:45;0.7167
04/12/2025 05:00;0.9700
04/12/2025 05:15;0.9517
04/12/2025 05:30;1.0054
04/12/2025 05:45;0.9634
04/12/2025 06:00;1.5583
04/12/2025 06:15;1.5624
04/12/2025 06:30;1.6450
04/12/2025 06:45;1.6127
04/12/2025 07:00;1.8814
04/12/2025 07:15;1.8581
04/12/2025 07:30;1.8238
04/12/2025 07:45;2.0152
04/12/2025 08:00;1.4746
04/12/2025 08:15;1.4180
04/12/2025 08:30;1.4147
04/12/2025 08:45;1.4970
04/12/2025 09:00;1.0568
04/12/2025 09:15;1.1322
04/12/2025 09:30;1.0781
04/12/2025 09:45;1.0626
04/12/2025 10:00;1.0162
04/12/2025 10:15;0.9937
04/12/2025 10:30;1.0217
04/12/2025 10:45;1.0519
04/12/2025 11:00;1.0729
04/12/2025 11:15;1.1102
04/12/2025 11:30;1.0585
04/12/2025 11:45;1.0337
04/12/2025 12:00;1.1597
04/12/2025 12:15;1.1604
04/12/2025 12:30;1.0862
04/12/2025 12:45;1.0551
04/12/2025 13:00;1.0507
04/12/2025 13:15;1.0632
04/12/2025 13:30;1.0213
04/12/2025 13:45;1.0448
04/12/2025 14:00;1.0005
04/12/2025 14:15;1.0166
04/12/2025 14:30;1.0670
04/12/2025 14:45;1.0573
04/12/2025 15:00;1.0791
04/12/2025 15:15;1.0975
04/12/2025 15:30;1.0933
04/12/2025 15:45;1.0325
04/12/2025 16:00;1.2279
04/12/2025 16:15;1.2395
04/12/2025 16:30;1.2665
04/12/2025 16:45;1.2705
04/12/2025 17:00;1.7300
04/12/2025 17:15;1.6018
04/12/2025 17:30;1.6477
04/12/2025 17:45;1.5754
04/12/2025 18:00;2.0055
04/12/2025 18:15;2.0061
04/12/2025 18:30;1.8840
04/12/2025 18:45;2.0662
04/12/2025 19:00;2.0233
04/12/2025 19:15;2.0512
04/12/2025 19:30;2.0545
04/12/2025 19:45;1.9952
04/12/2025 20:00;1.8227
04/12/2025 20:15;1.8601
04/12/2025 20:30;1.7722
04/12/2025 20:45;1.9469
04/12/2025 21:00;1.5553
04/12/2025 21:15;1.6094
04/12/2025 21:30;1.5736
04/12/2025 21:45;1.4586
04/12/2025 22:00;1.0875
04/12/2025 22:15;1.1243
04/12/2025 22:30;1.1347
04/12/2025 22:45;1.0998
04/12/2025 23:00;0.7712
04/12/2025 23:15;0.7962
04/12/2025 23:30;0.7627
04/12/2025 23:45;0.7555
05/12/2025 00:00;0.6900
05/12/2025 00:15;0.6655
05/12/2025 00:30;0.6715
05/12/2025 00:45;0.6568
05/12/2025 01:00;0.6228
05/12/2025 01:15;0.6181
05/12/2025 01:30;0.5977
05/12/2025 01:45;0.6069
05/12/2025 02:00;0.5732
05/12/2025 02:15;0.6005
05/12/2025 02:30;0.5794
05/12/2025 02:45;0.5588
05/12/2025 03:00;0.6130
05/12/2025 03:15;0.6264
05/12/2025 03:30;0.6275
05/12/2025 03:45;0.6161
05/12/2025 04:00;0.6677
05/12/2025 04:15;0.6931
05/12/2025 04:30;0.7020
05/12/2025 04:45;0.6918
05/12/2025 05:00;1.0312
05/12/2025 05:15;0.9445
05/12/2025 05:30;0.9634
05/12/2025 05:45;0.9943
05/12/2025 06:00;1.6204
05/12/2025 06:15;1.6102
05/12/2025 06:30;1.6272
05/12/2025 06:45;1.6400
05/12/2025 07:00;1.9689
05/12/2025 07:15;1.8953
05/12/2025 07:30;1.9652
05/12/2025 07:45;2.0065
05/12/2025 08:00;1.4871
05/12/2025 08:15;1.4809
05/12/2025 08:30;1.5311
05/12/2025 08:45;1.4966
05/12/2025 09:00;1.1478
05/12/2025 09:15;1.0971
05/12/2025 09:30;1.1332
05/12/2025 09:45;1.1690
05/12/2025 10:00;1.0548
05/12/2025 10:15;1.0505
05/12/2025 10:30;1.0467
05/12/2025 10:45;1.0543
05/12/2025 11:00;1.1284
05/12/2025 11:15;1.0709
05/12/2025 11:30;1.1219
05/12/2025 11:45;1.1111
05/12/2025 12:00;1.1570
05/12/2025 12:15;1.1291
05/12/2025 12:30;1.1134
05/12/2025 12:45;1.1663
05/12/2025 13:00;1.1255
05/12/2025 13:15;1.0762
05/12/2025 13:30;1.1150
05/12/2025 13:45;1.0725
05/12/2025 14:00;1.0464
05/12/2025 14:15;1.0839
05/12/2025 14:30;1.0067
05/12/2025 14:45;1.0243
05/12/2025 15:00;1.0948
05/12/2025 15:15;1.1627
05/12/2025 15:30;1.1236
05/12/2025 15:45;1.1596
05/12/2025 16:00;1.1822
05/12/2025 16:15;1.3303
05/12/2025 16:30;1.1777
05/12/2025 16:45;1.2083
05/12/2025 17:00;1.7091
05/12/2025 17:15;1.5834
05/12/2025 17:30;1.6647
05/12/2025 17:45;1.5565
05/12/2025 18:00;2.1220
05/12/2025 18:15;1.9224
05/12/2025 18:30;2.0752
05/12/2025 18:45;2.0935
05/12/2025 19:00;1.9664
05/12/2025 19:15;2.1139
05/12/2025 19:30;2.0982
05/12/2025 19:45;1.9995
05/12/2025 20:00;1.9861
05/12/2025 20:15;1.9891
05/12/2025 20:30;2.0091
05/12/2025 20:45;1.9441
05/12/2025 21:00;1.5915
05/12/2025 21:15;1.5092
05/12/2025 21:30;1.7008
05/12/2025 21:45;1.5317
05/12/2025 22:00;1.1041
05/12/2025 22:15;1.1024
05/12/2025 22:30;1.1618
05/12/2025 22:45;1.1784
05/12/2025 23:00;0.7939
05/12/2025 23:15;0.8154
05/12/2025 23:30;0.7895
05/12/2025 23:45;0.8113
06/12/2025 00:00;0.5883
06/12/2025 00:15;0.6247
06/12/2025 00:30;0.5930
06/12/2025 00:45;0.6322
06/12/2025 01:00;0.5502
06/12/2025 01:15;0.5194
06/12/2025 01:30;0.5525
06/12/2025 01:45;0.5471
06/12/2025 02:00;0.5373
06/12/2025 02:15;0.5557
06/12/2025 02:30;0.5303
06/12/2025 02:45;0.5399
06/12/2025 03:00;0.5622
06/12/2025 03:15;0.5471
06/12/2025 03:30;0.5597
06/12/2025 03:45;0.5575
06/12/2025 04:00;0.6374
06/12/2025 04:15;0.6117
06/12/2025 04:30;0.6031
06/12/2025 04:45;0.6078
06/12/2025 05:00;0.9189
06/12/2025 05:15;0.9196
06/12/2025 05:30;0.9027
06/12/2025 05:45;0.9000
06/12/2025 06:00;1.4551
06/12/2025 06:15;1.4317
06/12/2025 06:30;1.4848
06/12/2025 06:45;1.4638
06/12/2025 07:00;1.7983
06/12/2025 07:15;1.8417
06/12/2025 07:30;1.7031
06/12/2025 07:45;1.7860
06/12/2025 08:00;1.3118
06/12/2025 08:15;1.2783
06/12/2025 08:30;1.3743
06/12/2025 08:45;1.3305
06/12/2025 09:00;1.0151
06/12/2025 09:15;0.9716
06/12/2025 09:30;0.9837
06/12/2025 09:45;1.0426
06/12/2025 10:00;0.9066
06/12/2025 10:15;0.9581
06/12/2025 10:30;0.9007
06/12/2025 10:45;0.9322
06/12/2025 11:00;0.9928
06/12/2025 11:15;0.9491
06/12/2025 11:30;0.9346
06/12/2025 11:45;0.9462
06/12/2025 12:00;1.0234
06/12/2025 12:15;0.9651
06/12/2025 12:30;0.9793
06/12/2025 12:45;0.9638
06/12/2025 13:00;0.9739
06/12/2025 13:15;0.9971
06/12/2025 13:30;1.0239
06/12/2025 13:45;0.9400
06/12/2025 14:00;0.8839
06/12/2025 14:15;0.9200
06/12/2025 14:30;0.9783
06/12/2025 14:45;0.9014
06/12/2025 15:00;0.9932
06/12/2025 15:15;0.9919
06/12/2025 15:30;1.0290
06/12/2025 15:45;1.0196
06/12/2025 16:00;1.0834
06/12/2025 16:15;1.1223
06/12/2025 16:30;1.1182
06/12/2025 16:45;1.0980
06/12/2025 17:00;1.4763
06/12/2025 17:15;1.5362
06/12/2025 17:30;1.3924
06/12/2025 17:45;1.4578
06/12/2025 18:00;1.8286
06/12/2025 18:15;1.7904
06/12/2025 18:30;1.7758
06/12/2025 18:45;1.7935
06/12/2025 19:00;1.8780
06/12/2025 19:15;1.9160
06/12/2025 19:30;1.7983
06/12/2025 19:45;1.8089
06/12/2025 20:00;1.7099
06/12/2025 20:15;1.5724
06/12/2025 20:30;1.6890
06/12/2025 20:45;1.7177
06/12/2025 21:00;1.3623
06/12/2025 21:15;1.3741
06/12/2025 21:30;1.4663
06/12/2025 21:45;1.4747
06/12/2025 22:00;1.0463
06/12/2025 22:15;1.0081
06/12/2025 22:30;1.0173
06/12/2025 22:45;0.9804
06/12/2025 23:00;0.7227
06/12/2025 23:15;0.7032
06/12/2025 23:30;0.7084
06/12/2025 23:45;0.7123
07/12/2025 00:00;0.5559
07/12/2025 00:15;0.5509
07/12/2025 00:30;0.5565
07/12/2025 00:45;0.5503
07/12/2025 01:00;0.4999
07/12/2025 01:15;0.4941
07/12/2025 01:30;0.5012
07/12/2025 01:45;0.4784
07/12/2025 02:00;0.4822
07/12/2025 02:15;0.4716
07/12/2025 02:30;0.4542
07/12/2025 02:45;0.4798
07/12/2025 03:00;0.4989
07/12/2025 03:15;0.4890
07/12/2025 03:30;0.5002
07/12/2025 03:45;0.4891
07/12/2025 04:00;0.5670
07/12/2025 04:15;0.5584
07/12/2025 04:30;0.5519
07/12/2025 04:45;0.5752
07/12/2025 05:00;0.8208
07/12/2025 05:15;0.8165
07/12/2025 05:30;0.7877
07/12/2025 05:45;0.8416
07/12/2025 06:00;1.3454
07/12/2025 06:15;1.3023
07/12/2025 06:30;1.2515
07/12/2025 06:45;1.3308
07/12/2025 07:00;1.5500
07/12/2025 07:15;1.5618
07/12/2025 07:30;1.5757
07/12/2025 07:45;1.5486
07/12/2025 08:00;1.2223
07/12/2025 08:15;1.1996
07/12/2025 08:30;1.1734
07/12/2025 08:45;1.1887
07/12/2025 09:00;0.8996
07/12/2025 09:15;0.8996
07/12/2025 09:30;0.8952
07/12/2025 09:45;0.8866
07/12/2025 10:00;0.8048
07/12/2025 10:15;0.8466
07/12/2025 10:30;0.8341
07/12/2025 10:45;0.8534
07/12/2025 11:00;0.8714
07/12/2025 11:15;0.8879
07/12/2025 11:30;0.8847
07/12/2025 11:45;0.9118
07/12/2025 12:00;0.8691
07/12/2025 12:15;0.9328
07/12/2025 12:30;0.8787
07/12/2025 12:45;0.8835
07/12/2025 13:00;0.8207
07/12/2025 13:15;0.8870
07/12/2025 13:30;0.8682
07/12/2025 13:45;0.8399
07/12/2025 14:00;0.8316
07/12/2025 14:15;0.8529
07/12/2025 14:30;0.8419
07/12/2025 14:45;0.8314
07/12/2025 15:00;0.8760
07/12/2025 15:15;0.9256
07/12/2025 15:30;0.8660
07/12/2025 15:45;0.8842
07/12/2025 16:00;1.0118
07/12/2025 16:15;1.0040
07/12/2025 16:30;1.0087
07/12/2025 16:45;0.9514
07/12/2025 17:00;1.3076
07/12/2025 17:15;1.3264
07/12/2025 17:30;1.2565
07/12/2025 17:45;1.3018
07/12/2025 18:00;1.6082
07/12/2025 18:15;1.6048
07/12/2025 18:30;1.6597
07/12/2025 18:45;1.6584
07/12/2025 19:00;1.7257
07/12/2025 19:15;1.6408
07/12/2025 19:30;1.6913
07/12/2025 19:45;1.6979
07/12/2025 20:00;1.5590
07/12/2025 20:15;1.5888
07/12/2025 20:30;1.5231
07/12/2025 20:45;1.5696
07/12/2025 21:00;1.2993
07/12/2025 21:15;1.3043
07/12/2025 21:30;1.3027
07/12/2025 21:45;1.2387
07/12/2025 22:00;0.8787
07/12/2025 22:15;0.8909
07/12/2025 22:30;0.8829
07/12/2025 22:45;0.9429
07/12/2025 23:00;0.6117
07/12/2025 23:15;0.6279
07/12/2025 23:30;0.6562
07/12/2025 23:45;0.6335
08/12/2025 00:00;0.6714
08/12/2025 00:15;0.6809
08/12/2025 00:30;0.6902
08/12/2025 00:45;0.6819
08/12/2025 01:00;0.5925
08/12/2025 01:15;0.5980
08/12/2025 01:30;0.5896
08/12/2025 01:45;0.6325
08/12/2025 02:00;0.5947
08/12/2025 02:15;0.5848
08/12/2025 02:30;0.5921
08/12/2025 02:45;0.6070
08/12/2025 03:00;0.6225
08/12/2025 03:15;0.5964
08/12/2025 03:30;0.6233
08/12/2025 03:45;0.6199
08/12/2025 04:00;0.7145
08/12/2025 04:15;0.6807
08/12/2025 04:30;0.6625
08/12/2025 04:45;0.6710
08/12/2025 05:00;0.9819
08/12/2025 05:15;1.0163
08/12/2025 05:30;1.0335
08/12/2025 05:45;1.0345
08/12/2025 06:00;1.7275
08/12/2025 06:15;1.6783
08/12/2025 06:30;1.6441
08/12/2025 06:45;1.5993
08/12/2025 07:00;2.0682
08/12/2025 07:15;1.9992
08/12/2025 07:30;1.9883
08/12/2025 07:45;2.0817
08/12/2025 08:00;1.5520
08/12/2025 08:15;1.5486
08/12/2025 08:30;1.5797
08/12/2025 08:45;1.5010
08/12/2025 09:00;1.1223
08/12/2025 09:15;1.1715
08/12/2025 09:30;1.1638
08/12/2025 09:45;1.1553
08/12/2025 10:00;1.0804
08/12/2025 10:15;1.0840
08/12/2025 10:30;1.1274
08/12/2025 10:45;1.0589
08/12/2025 11:00;1.1365
08/12/2025 11:15;1.0716
08/12/2025 11:30;1.1492
08/12/2025 11:45;1.0893
08/12/2025 12:00;1.0511
08/12/2025 12:15;1.1557
08/12/2025 12:30;1.1048
08/12/2025 12:45;1.1612
08/12/2025 13:00;1.1346
08/12/2025 13:15;1.0697
08/12/2025 13:30;1.1322
08/12/2025 13:45;1.0989
08/12/2025 14:00;1.0919
08/12/2025 14:15;1.0520
08/12/2025 14:30;1.0738
08/12/2025 14:45;1.0598
08/12/2025 15:00;1.1150
08/12/2025 15:15;1.1310
08/12/2025 15:30;1.1033
08/12/2025 15:45;1.1156
08/12/2025 16:00;1.3112
08/12/2025 16:15;1.2909
08/12/2025 16:30;1.1691
08/12/2025 16:45;1.2786
08/12/2025 17:00;1.7678
08/12/2025 17:15;1.5689
08/12/2025 17:30;1.6623
08/12/2025 17:45;1.7066
08/12/2025 18:00;2.1403
08/12/2025 18:15;2.0437
08/12/2025 18:30;2.0140
08/12/2025 18:45;2.1288
08/12/2025 19:00;2.1992
08/12/2025 19:15;2.2845
08/12/2025 19:30;2.2123
08/12/2025 19:45;2.1156
08/12/2025 20:00;1.9282
08/12/2025 20:15;2.0702
08/12/2025 20:30;1.9268
08/12/2025 20:45;2.0464
08/12/2025 21:00;1.6622
08/12/2025 21:15;1.6435
08/12/2025 21:30;1.6361
08/12/2025 21:45;1.5975
08/12/2025 22:00;1.2063
08/12/2025 22:15;1.1898
08/12/2025 22:30;1.2015
08/12/2025 22:45;1.1602
08/12/2025 23:00;0.8196
08/12/2025 23:15;0.7920
08/12/2025 23:30;0.8052
08/12/2025 23:45;0.8652
09/12/2025 00:00;0.5495
09/12/2025 00:15;0.5366
09/12/2025 00:30;0.5729
09/12/2025 00:45;0.5400
09/12/2025 01:00;0.4839
09/12/2025 01:15;0.5037
09/12/2025 01:30;0.4841
09/12/2025 01:45;0.4930
09/12/2025 02:00;0.4622
09/12/2025 02:15;0.4703
09/12/2025 02:30;0.4892
09/12/2025 02:45;0.4787
09/12/2025 03:00;0.4913
09/12/2025 03:15;0.4988
09/12/2025 03:30;0.4914
09/12/2025 03:45;0.4942
09/12/2025 04:00;0.5624
09/12/2025 04:15;0.5782
09/12/2025 04:30;0.5703
09/12/2025 04:45;0.5508
09/12/2025 05:00;0.7877
09/12/2025 05:15;0.8667
09/12/2025 05:30;0.8123
09/12/2025 05:45;0.8008
09/12/2025 06:00;1.4294
09/12/2025 06:15;1.3866
09/12/2025 06:30;1.3763
09/12/2025 06:45;1.4213
09/12/2025 07:00;1.7187
09/12/2025 07:15;1.6451
09/12/2025 07:30;1.5305
09/12/2025 07:45;1.6008
09/12/2025 08:00;1.3186
09/12/2025 08:15;1.2135
09/12/2025 08:30;1.2687
09/12/2025 08:45;1.1939
09/12/2025 09:00;0.8887
09/12/2025 09:15;0.9038
09/12/2025 09:30;0.9313
09/12/2025 09:45;0.9747
09/12/2025 10:00;0.8701
09/12/2025 10:15;0.8400
09/12/2025 10:30;0.8758
09/12/2025 10:45;0.9156
09/12/2025 11:00;0.9277
09/12/2025 11:15;0.9048
09/12/2025 11:30;0.9163
09/12/2025 11:45;0.9265
09/12/2025 12:00;0.9679
09/12/2025 12:15;0.9246
09/12/2025 12:30;0.9735
09/12/2025 12:45;0.9605
09/12/2025 13:00;0.8982
09/12/2025 13:15;0.9300
09/12/2025 13:30;0.8667
09/12/2025 13:45;0.9336
09/12/2025 14:00;0.8957
09/12/2025 14:15;0.8777
09/12/2025 14:30;0.8770
09/12/2025 14:45;0.9240
09/12/2025 15:00;0.9509
09/12/2025 15:15;0.9241
09/12/2025 15:30;0.9463
09/12/2025 15:45;0.9200
09/12/2025 16:00;1.0551
09/12/2025 16:15;1.0898
09/12/2025 16:30;1.0211
09/12/2025 16:45;1.0548
09/12/2025 17:00;1.4187
09/12/2025 17:15;1.3792
09/12/2025 17:30;1.3977
09/12/2025 17:45;1.3688
09/12/2025 18:00;1.8260
09/12/2025 18:15;1.6776
09/12/2025 18:30;1.7617
09/12/2025 18:45;1.7356
09/12/2025 19:00;1.8569
09/12/2025 19:15;1.8277
09/12/2025 19:30;1.8686
09/12/2025 19:45;1.8434
09/12/2025 20:00;1.5924
09/12/2025 20:15;1.6811
09/12/2025 20:30;1.5559
09/12/2025 20:45;1.6391
09/12/2025 21:00;1.3635
09/12/2025 21:15;1.3145
09/12/2025 21:30;1.3872
09/12/2025 21:45;1.3638
09/12/2025 22:00;0.9268
09/12/2025 22:15;0.9799
09/12/2025 22:30;0.9512
09/12/2025 22:45;0.9647
09/12/2025 23:00;0.6403
09/12/2025 23:15;0.6531
09/12/2025 23:30;0.6368
09/12/2025 23:45;0.6441
10/12/2025 00:00;0.6053
10/12/2025 00:15;0.5930
10/12/2025 00:30;0.5561
10/12/2025 00:45;0.5678
10/12/2025 01:00;0.5112
10/12/2025 01:15;0.5078
10/12/2025 01:30;0.5300
10/12/2025 01:45;0.5176
10/12/2025 02:00;0.5260
10/12/2025 02:15;0.5119
10/12/2025 02:30;0.4920
10/12/2025 02:45;0.4972
10/12/2025 03:00;0.5142
10/12/2025 03:15;0.5286
10/12/2025 03:30;0.5229
10/12/2025 03:45;0.5215
10/12/2025 04:00;0.6170
10/12/2025 04:15;0.5651
10/12/2025 04:30;0.5710
10/12/2025 04:45;0.5805
10/12/2025 05:00;0.8310
10/12/2025 05:15;0.8996
10/12/2025 05:30;0.8396
10/12/2025 05:45;0.8853
10/12/2025 06:00;1.4910
10/12/2025 06:15;1.4664
10/12/2025 06:30;1.3713
10/12/2025 06:45;1.4663
10/12/2025 07:00;1.7718
10/12/2025 07:15;1.8148
10/12/2025 07:30;1.8207
10/12/2025 07:45;1.7200
10/12/2025 08:00;1.3638
10/12/2025 08:15;1.2057
10/12/2025 08:30;1.3141
10/12/2025 08:45;1.3395
10/12/2025 09:00;1.0063
10/12/2025 09:15;0.9673
10/12/2025 09:30;1.0224
10/12/2025 09:45;1.0158
10/12/2025 10:00;0.8885
10/12/2025 10:15;0.8545
10/12/2025 10:30;0.8853
10/12/2025 10:45;0.9553
10/12/2025 11:00;0.9284
10/12/2025 11:15;0.8925
10/12/2025 11:30;0.9429
10/12/2025 11:45;0.9335
10/12/2025 12:00;0.9484
10/12/2025 12:15;0.9304
10/12/2025 12:30;1.0093
10/12/2025 12:45;0.9419
10/12/2025 13:00;0.9626
10/12/2025 13:15;0.9517
10/12/2025 13:30;0.9362
10/12/2025 13:45;1.0001
10/12/2025 14:00;0.9074
10/12/2025 14:15;0.9154
10/12/2025 14:30;0.9223
10/12/2025 14:45;0.8932
10/12/2025 15:00;0.9836
10/12/2025 15:15;1.0023
10/12/2025 15:30;0.9488
10/12/2025 15:45;0.9193
10/12/2025 16:00;1.1030
10/12/2025 16:15;1.0809
10/12/2025 16:30;1.1146
10/12/2025 16:45;1.0860
10/12/2025 17:00;1.4975
10/12/2025 17:15;1.4465
10/12/2025 17:30;1.4612
10/12/2025 17:45;1.4869
10/12/2025 18:00;1.8290
10/12/2025 18:15;1.7904
10/12/2025 18:30;1.7406
10/12/2025 18:45;1.7928
10/12/2025 19:00;1.7568
10/12/2025 19:15;1.9664
10/12/2025 19:30;1.9458
10/12/2025 19:45;1.8144
10/12/2025 20:00;1.7681
10/12/2025 20:15;1.7511
10/12/2025 20:30;1.7788
10/12/2025 20:45;1.6437
10/12/2025 21:00;1.4057
10/12/2025 21:15;1.4434
10/12/2025 21:30;1.4279
10/12/2025 21:45;1.3759
10/12/2025 22:00;0.9856
10/12/2025 22:15;1.0138
10/12/2025 22:30;1.0129
10/12/2025 22:45;1.0167
10/12/2025 23:00;0.7190
10/12/2025 23:15;0.6950
10/12/2025 23:30;0.6719
10/12/2025 23:45;0.6569
11/12/2025 00:00;0.6434
11/12/2025 00:15;0.6388
11/12/2025 00:30;0.6044
11/12/2025 00:45;0.6082
11/12/2025 01:00;0.5482
11/12/2025 01:15;0.5424
11/12/2025 01:30;0.5432
11/12/2025 01:45;0.5473
11/12/2025 02:00;0.5365
11/12/2025 02:15;0.5479
11/12/2025 02:30;0.5358
11/12/2025 02:45;0.5436
11/12/2025 03:00;0.5609
11/12/2025 03:15;0.5461
11/12/2025 03:30;0.5583
11/12/2025 03:45;0.5715
11/12/2025 04:00;0.6299
11/12/2025 04:15;0.6368
11/12/2025 04:30;0.6512
11/12/2025 04:45;0.6213
11/12/2025 05:00;0.9585
11/12/2025 05:15;0.9201
11/12/2025 05:30;0.9591
11/12/2025 05:45;0.8710
11/12/2025 06:00;1.3927
11/12/2025 06:15;1.5672
11/12/2025 06:30;1.4000
11/12/2025 06:45;1.5681
11/12/2025 07:00;1.7972
11/12/2025 07:15;1.8300
11/12/2025 07:30;1.9439
11/12/2025 07:45;1.8683
11/12/2025 08:00;1.4096
11/12/2025 08:15;1.3832
11/12/2025 08:30;1.2683
11/12/2025 08:45;1.4273
11/12/2025 09:00;1.0687
11/12/2025 09:15;1.0451
11/12/2025 09:30;1.0618
11/12/2025 09:45;1.0703
11/12/2025 10:00;1.0127
11/12/2025 10:15;0.9897
11/12/2025 10:30;1.0389
11/12/2025 10:45;0.9922
11/12/2025 11:00;0.9945
11/12/2025 11:15;1.0359
11/12/2025 11:30;1.0491
11/12/2025 11:45;1.0095
11/12/2025 12:00;1.0372
11/12/2025 12:15;1.1158
11/12/2025 12:30;1.0310
11/12/2025 12:45;1.0411
11/12/2025 13:00;0.9941
11/12/2025 13:15;1.0241
11/12/2025 13:30;0.9534
11/12/2025 13:45;0.9668
11/12/2025 14:00;0.9499
11/12/2025 14:15;0.9898
11/12/2025 14:30;0.9683
11/12/2025 14:45;0.9521
11/12/2025 15:00;1.0224
11/12/2025 15:15;0.9642
11/12/2025 15:30;1.0165
11/12/2025 15:45;1.0239
11/12/2025 16:00;1.1403
11/12/2025 16:15;1.1804
11/12/2025 16:30;1.1692
11/12/2025 16:45;1.1630
11/12/2025 17:00;1.5448
11/12/2025 17:15;1.5023
11/12/2025 17:30;1.5626
11/12/2025 17:45;1.4553
11/12/2025 18:00;2.0079
11/12/2025 18:15;1.8969
11/12/2025 18:30;1.9091
11/12/2025 18:45;1.9855
11/12/2025 19:00;2.0369
11/12/2025 19:15;2.1006
11/12/2025 19:30;2.0594
11/12/2025 19:45;1.8995
11/12/2025 20:00;1.8128
11/12/2025 20:15;1.8338
11/12/2025 20:30;1.7767
11/12/2025 20:45;1.8495
11/12/2025 21:00;1.5431
11/12/2025 21:15;1.4392
11/12/2025 21:30;1.5123
11/12/2025 21:45;1.4317
11/12/2025 22:00;1.0204
11/12/2025 22:15;1.0350
11/12/2025 22:30;1.0730
11/12/2025 22:45;1.0568
11/12/2025 23:00;0.7588
11/12/2025 23:15;0.7117
11/12/2025 23:30;0.7264
11/12/2025 23:45;0.7280
12/12/2025 00:00;0.5644
12/12/2025 00:15;0.5758
12/12/2025 00:30;0.5747
12/12/2025 00:45;0.5781
12/12/2025 01:00;0.5001
12/12/2025 01:15;0.4729
12/12/2025 01:30;0.5160
12/12/2025 01:45;0.5367
12/12/2025 02:00;0.5000
12/12/2025 02:15;0.4744
12/12/2025 02:30;0.4843
12/12/2025 02:45;0.4879
12/12/2025 03:00;0.5210
12/12/2025 03:15;0.5189
12/12/2025 03:30;0.5214
12/12/2025 03:45;0.5040
12/12/2025 04:00;0.5635
12/12/2025 04:15;0.5932
12/12/2025 04:30;0.5646
12/12/2025 04:45;0.5678
12/12/2025 05:00;0.8670
12/12/2025 05:15;0.8175
12/12/2025 05:30;0.8869
12/12/2025 05:45;0.8025
12/12/2025 06:00;1.3621
12/12/2025 06:15;1.3989
12/12/2025 06:30;1.4445
12/12/2025 06:45;1.5474
12/12/2025 07:00;1.7441
12/12/2025 07:15;1.6176
12/12/2025 07:30;1.8207
12/12/2025 07:45;1.7064
12/12/2025 08:00;1.2541
12/12/2025 08:15;1.3761
12/12/2025 08:30;1.2861
12/12/2025 08:45;1.2999
12/12/2025 09:00;0.9473
12/12/2025 09:15;0.9636
12/12/2025 09:30;0.9558
12/12/2025 09:45;0.9787
12/12/2025 10:00;0.8828
12/12/2025 10:15;0.8709
12/12/2025 10:30;0.9006
12/12/2025 10:45;0.8943
12/12/2025 11:00;0.9319
12/12/2025 11:15;0.9822
12/12/2025 11:30;0.9386
12/12/2025 11:45;0.9284
12/12/2025 12:00;0.9731
12/12/2025 12:15;0.9655
12/12/2025 12:30;0.9805
12/12/2025 12:45;0.9663
12/12/2025 13:00;0.9564
12/12/2025 13:15;0.9222
12/12/2025 13:30;0.9740
12/12/2025 13:45;0.9543
12/12/2025 14:00;0.8792
12/12/2025 14:15;0.9115
12/12/2025 14:30;0.8594
12/12/2025 14:45;0.8513
12/12/2025 15:00;0.9725
12/12/2025 15:15;0.9302
12/12/2025 15:30;0.9633
12/12/2025 15:45;0.9870
12/12/2025 16:00;1.0878
12/12/2025 16:15;1.0903
12/12/2025 16:30;1.0454
12/12/2025 16:45;1.0663
12/12/2025 17:00;1.4048
12/12/2025 17:15;1.3736
12/12/2025 17:30;1.3942
12/12/2025 17:45;1.3867
12/12/2025 18:00;1.8028
12/12/2025 18:15;1.7528
12/12/2025 18:30;1.8285
12/12/2025 18:45;1.8194
12/12/2025 19:00;1.9535
12/12/2025 19:15;1.8567
12/12/2025 19:30;1.9293
12/12/2025 19:45;1.9381
12/12/2025 20:00;1.6879
12/12/2025 20:15;1.7166
12/12/2025 20:30;1.7499
12/12/2025 20:45;1.6455
12/12/2025 21:00;1.4194
12/12/2025 21:15;1.3666
12/12/2025 21:30;1.4390
12/12/2025 21:45;1.3515
12/12/2025 22:00;0.9926
12/12/2025 22:15;1.0255
12/12/2025 22:30;0.9382
12/12/2025 22:45;1.0218
12/12/2025 23:00;0.6354
12/12/2025 23:15;0.6970
12/12/2025 23:30;0.7002
12/12/2025 23:45;0.6694
13/12/2025 00:00;0.6172
13/12/2025 00:15;0.6238
13/12/2025 00:30;0.6244
13/12/2025 00:45;0.6388
13/12/2025 01:00;0.5430
13/12/2025 01:15;0.5408
13/12/2025 01:30;0.5518
13/12/2025 01:45;0.5699
13/12/2025 02:00;0.5439
13/12/2025 02:15;0.5280
13/12/2025 02:30;0.5419
13/12/2025 02:45;0.5177
13/12/2025 03:00;0.5633
13/12/2025 03:15;0.5789
13/12/2025 03:30;0.5823
13/12/2025 03:45;0.5638
13/12/2025 04:00;0.6478
13/12/2025 04:15;0.6533
13/12/2025 04:30;0.6385
13/12/2025 04:45;0.6191
13/12/2025 05:00;0.9225
13/12/2025 05:15;0.9100
13/12/2025 05:30;0.8872
13/12/2025 05:45;0.8783
13/12/2025 06:00;1.5247
13/12/2025 06:15;1.3965
13/12/2025 06:30;1.4707
13/12/2025 06:45;1.4510
13/12/2025 07:00;1.8793
13/12/2025 07:15;1.7133
13/12/2025 07:30;1.8165
13/12/2025 07:45;1.6936
13/12/2025 08:00;1.3038
13/12/2025 08:15;1.3087
13/12/2025 08:30;1.2579
13/12/2025 08:45;1.3308
13/12/2025 09:00;1.0016
13/12/2025 09:15;0.9934
13/12/2025 09:30;1.0199
13/12/2025 09:45;1.0544
13/12/2025 10:00;0.9070
13/12/2025 10:15;0.8962
13/12/2025 10:30;0.9332
13/12/2025 10:45;0.9429
13/12/2025 11:00;0.9586
13/12/2025 11:15;0.9916
13/12/2025 11:30;0.9722
13/12/2025 11:45;0.9151
13/12/2025 12:00;1.0440
13/12/2025 12:15;1.0133
13/12/2025 12:30;0.9918
13/12/2025 12:45;0.9802
13/12/2025 13:00;0.9515
13/12/2025 13:15;0.9728
13/12/2025 13:30;0.9667
13/12/2025 13:45;0.9868
13/12/2025 14:00;0.9235
13/12/2025 14:15;0.9581
13/12/2025 14:30;0.9549
13/12/2025 14:45;0.8648
13/12/2025 15:00;0.9627
13/12/2025 15:15;1.0489
13/12/2025 15:30;0.9673
13/12/2025 15:45;0.9954
13/12/2025 16:00;1.0948
13/12/2025 16:15;1.1097
13/12/2025 16:30;1.1227
13/12/2025 16:45;1.1176
13/12/2025 17:00;1.3806
13/12/2025 17:15;1.5136
13/12/2025 17:30;1.4640
13/12/2025 17:45;1.5466
13/12/2025 18:00;1.8665
13/12/2025 18:15;1.9001
13/12/2025 18:30;1.7812
13/12/2025 18:45;1.8501
13/12/2025 19:00;1.8338
13/12/2025 19:15;1.8968
13/12/2025 19:30;1.9693
13/12/2025 19:45;1.9502
13/12/2025 20:00;1.7245
13/12/2025 20:15;1.6965
13/12/2025 20:30;1.8072
13/12/2025 20:45;1.8478
13/12/2025 21:00;1.4690
13/12/2025 21:15;1.5034
13/12/2025 21:30;1.4852
13/12/2025 21:45;1.4439
13/12/2025 22:00;1.0435
13/12/2025 22:15;1.0752
13/12/2025 22:30;1.0106
13/12/2025 22:45;1.0845
13/12/2025 23:00;0.7159
13/12/2025 23:15;0.7160
13/12/2025 23:30;0.7037
13/12/2025 23:45;0.7052
14/12/2025 00:00;0.5380
14/12/2025 00:15;0.5441
14/12/2025 00:30;0.5517
14/12/2025 00:45;0.5453
14/12/2025 01:00;0.4724
14/12/2025 01:15;0.4971
14/12/2025 01:30;0.4829
14/12/2025 01:45;0.5123
14/12/2025 02:00;0.4805
14/12/2025 02:15;0.4809
14/12/2025 02:30;0.4827
14/12/2025 02:45;0.4863
14/12/2025 03:00;0.5058
14/12/2025 03:15;0.5073
14/12/2025 03:30;0.4704
14/12/2025 03:45;0.5062
14/12/2025 04:00;0.5549
14/12/2025 04:15;0.5642
14/12/2025 04:30;0.5811
14/12/2025 04:45;0.5414
14/12/2025 05:00;0.8056
14/12/2025 05:15;0.7689
14/12/2025 05:30;0.7788
14/12/2025 05:45;0.7817
14/12/2025 06:00;1.3872
14/12/2025 06:15;1.2631
14/12/2025 06:30;1.3707
14/12/2025 06:45;1.3355
14/12/2025 07:00;1.6008
14/12/2025 07:15;1.6429
14/12/2025 07:30;1.5799
14/12/2025 07:45;1.5107
14/12/2025 08:00;1.2020
14/12/2025 08:15;1.1474
14/12/2025 08:30;1.1922
14/12/2025 08:45;1.2177
14/12/2025 09:00;0.9005
14/12/2025 09:15;0.9197
14/12/2025 09:30;0.9331
14/12/2025 09:45;0.9255
14/12/2025 10:00;0.8341
14/12/2025 10:15;0.8448
14/12/2025 10:30;0.8235
14/12/2025 10:45;0.8512
14/12/2025 11:00;0.8383
14/12/2025 11:15;0.8839
14/12/2025 11:30;0.8935
14/12/2025 11:45;0.8583
14/12/2025 12:00;0.9028
14/12/2025 12:15;0.8903
14/12/2025 12:30;0.9187
14/12/2025 12:45;0.9059
14/12/2025 13:00;0.9116
14/12/2025 13:15;0.8782
14/12/2025 13:30;0.8832
14/12/2025 13:45;0.8901
14/12/2025 14:00;0.8908
14/12/2025 14:15;0.8711
14/12/2025 14:30;0.8337
14/12/2025 14:45;0.8285
14/12/2025 15:00;0.8897
14/12/2025 15:15;0.9165
14/12/2025 15:30;0.8916
14/12/2025 15:45;0.8953
14/12/2025 16:00;1.0038
14/12/2025 16:15;1.0276
14/12/2025 16:30;1.0044
14/12/2025 16:45;1.0083
14/12/2025 17:00;1.3089
14/12/2025 17:15;1.3366
14/12/2025 17:30;1.3186
14/12/2025 17:45;1.3334
14/12/2025 18:00;1.6639
14/12/2025 18:15;1.6200
14/12/2025 18:30;1.6673
14/12/2025 18:45;1.7388
14/12/2025 19:00;1.7536
14/12/2025 19:15;1.7814
14/12/2025 19:30;1.8405
14/12/2025 19:45;1.6979
14/12/2025 20:00;1.5475
14/12/2025 20:15;1.4814
14/12/2025 20:30;1.5808
14/12/2025 20:45;1.5593
14/12/2025 21:00;1.4328
14/12/2025 21:15;1.3314
14/12/2025 21:30;1.3781
14/12/2025 21:45;1.3195
14/12/2025 22:00;0.9614
14/12/2025 22:15;0.8927
14/12/2025 22:30;0.8945
14/12/2025 22:45;0.9224
14/12/2025 23:00;0.6414
14/12/2025 23:15;0.6488
14/12/2025 23:30;0.6497
14/12/2025 23:45;0.6395
15/12/2025 00:00;0.5256
15/12/2025 00:15;0.5257
15/12/2025 00:30;0.5222
15/12/2025 00:45;0.5432
15/12/2025 01:00;0.4717
15/12/2025 01:15;0.4727
15/12/2025 01:30;0.4659
15/12/2025 01:45;0.4680
15/12/2025 02:00;0.4635
15/12/2025 02:15;0.4690
15/12/2025 02:30;0.4631
15/12/2025 02:45;0.4588
15/12/2025 03:00;0.4752
15/12/2025 03:15;0.4790
15/12/2025 03:30;0.4826
15/12/2025 03:45;0.4664
15/12/2025 04:00;0.5382
15/12/2025 04:15;0.5230
15/12/2025 04:30;0.5122
15/12/2025 04:45;0.5284
15/12/2025 05:00;0.7778
15/12/2025 05:15;0.8095
15/12/2025 05:30;0.8079
15/12/2025 05:45;0.7629
15/12/2025 06:00;1.3500
15/12/2025 06:15;1.2965
15/12/2025 06:30;1.3606
15/12/2025 06:45;1.2397
15/12/2025 07:00;1.6312
15/12/2025 07:15;1.5514
15/12/2025 07:30;1.5459
15/12/2025 07:45;1.5220
15/12/2025 08:00;1.1891
15/12/2025 08:15;1.1719
15/12/2025 08:30;1.1556
15/12/2025 08:45;1.1722
15/12/2025 09:00;0.9119
15/12/2025 09:15;0.9397
15/12/2025 09:30;0.8547
15/12/2025 09:45;0.8633
15/12/2025 10:00;0.9077
15/12/2025 10:15;0.8503
15/12/2025 10:30;0.8676
15/12/2025 10:45;0.8370
15/12/2025 11:00;0.9187
15/12/2025 11:15;0.8685
15/12/2025 11:30;0.8862
15/12/2025 11:45;0.9018
15/12/2025 12:00;0.9381
15/12/2025 12:15;0.8849
15/12/2025 12:30;0.9182
15/12/2025 12:45;0.9295
15/12/2025 13:00;0.8964
15/12/2025 13:15;0.9132
15/12/2025 13:30;0.8827
15/12/2025 13:45;0.9112
15/12/2025 14:00;0.8536
15/12/2025 14:15;0.8482
15/12/2025 14:30;0.8998
15/12/2025 14:45;0.8921
15/12/2025 15:00;0.9014
15/12/2025 15:15;0.8584
15/12/2025 15:30;0.8986
15/12/2025 15:45;0.9109
15/12/2025 16:00;1.0344
15/12/2025 16:15;0.9845
15/12/2025 16:30;1.0427
15/12/2025 16:45;0.9928
15/12/2025 17:00;1.3523
15/12/2025 17:15;1.2650
15/12/2025 17:30;1.3916
15/12/2025 17:45;1.3125
15/12/2025 18:00;1.8848
15/12/2025 18:15;1.6347
15/12/2025 18:30;1.6783
15/12/2025 18:45;1.7285
15/12/2025 19:00;1.7286
15/12/2025 19:15;1.7222
15/12/2025 19:30;1.9434
15/12/2025 19:45;1.7909
15/12/2025 20:00;1.6273
15/12/2025 20:15;1.6395
15/12/2025 20:30;1.6106
15/12/2025 20:45;1.6230
15/12/2025 21:00;1.3362
15/12/2025 21:15;1.3274
15/12/2025 21:30;1.3201
15/12/2025 21:45;1.3478
15/12/2025 22:00;0.9121
15/12/2025 22:15;0.9605
15/12/2025 22:30;0.9551
15/12/2025 22:45;0.8980
15/12/2025 23:00;0.6413
15/12/2025 23:15;0.6503
15/12/2025 23:30;0.6320
15/12/2025 23:45;0.6423
16/12/2025 00:00;0.5028
16/12/2025 00:15;0.5068
16/12/2025 00:30;0.4939
16/12/2025 00:45;0.5074
16/12/2025 01:00;0.4301
16/12/2025 01:15;0.4440
16/12/2025 01:30;0.4321
16/12/2025 01:45;0.4229
16/12/2025 02:00;0.4357
16/12/2025 02:15;0.4411
16/12/2025 02:30;0.4311
16/12/2025 02:45;0.4268
16/12/2025 03:00;0.4380
16/12/2025 03:15;0.4423
16/12/2025 03:30;0.4270
16/12/2025 03:45;0.4421
16/12/2025 04:00;0.4993
16/12/2025 04:15;0.4941
16/12/2025 04:30;0.4906
16/12/2025 04:45;0.4838
16/12/2025 05:00;0.7384
16/12/2025 05:15;0.7329
16/12/2025 05:30;0.7156
16/12/2025 05:45;0.7492
16/12/2025 06:00;1.2145
16/12/2025 06:15;1.2126
16/12/2025 06:30;1.2556
16/12/2025 06:45;1.1992
16/12/2025 07:00;1.4083
16/12/2025 07:15;1.5889
16/12/2025 07:30;1.5357
16/12/2025 07:45;1.4564
16/12/2025 08:00;1.1845
16/12/2025 08:15;1.1436
16/12/2025 08:30;1.1755
16/12/2025 08:45;1.1713
16/12/2025 09:00;0.8499
16/12/2025 09:15;0.7959
16/12/2025 09:30;0.8117
16/12/2025 09:45;0.8272
16/12/2025 10:00;0.7724
16/12/2025 10:15;0.8076
16/12/2025 10:30;0.8113
16/12/2025 10:45;0.7725
16/12/2025 11:00;0.7953
16/12/2025 11:15;0.8105
16/12/2025 11:30;0.8282
16/12/2025 11:45;0.8215
16/12/2025 12:00;0.8372
16/12/2025 12:15;0.8613
16/12/2025 12:30;0.8675
16/12/2025 12:45;0.8393
16/12/2025 13:00;0.8546
16/12/2025 13:15;0.8157
16/12/2025 13:30;0.8457
16/12/2025 13:45;0.8048
16/12/2025 14:00;0.8104
16/12/2025 14:15;0.7996
16/12/2025 14:30;0.7848
16/12/2025 14:45;0.8083
16/12/2025 15:00;0.8404
16/12/2025 15:15;0.7978
16/12/2025 15:30;0.8293
16/12/2025 15:45;0.8685
16/12/2025 16:00;0.9139
16/12/2025 16:15;0.9922
16/12/2025 16:30;0.9471
16/12/2025 16:45;0.9362
16/12/2025 17:00;1.2975
16/12/2025 17:15;1.2737
16/12/2025 17:30;1.2212
16/12/2025 17:45;1.2597
16/12/2025 18:00;1.6992
16/12/2025 18:15;1.5095
16/12/2025 18:30;1.6831
16/12/2025 18:45;1.6007
16/12/2025 19:00;1.6279
16/12/2025 19:15;1.6146
16/12/2025 19:30;1.6614
16/12/2025 19:45;1.6480
16/12/2025 20:00;1.5204
16/12/2025 20:15;1.4755
16/12/2025 20:30;1.6403
16/12/2025 20:45;1.5834
16/12/2025 21:00;1.1766
16/12/2025 21:15;1.3403
16/12/2025 21:30;1.2994
16/12/2025 21:45;1.2723
16/12/2025 22:00;0.8846
16/12/2025 22:15;0.9116
16/12/2025 22:30;0.8766
16/12/2025 22:45;0.8494
16/12/2025 23:00;0.6153
16/12/2025 23:15;0.5951
16/12/2025 23:30;0.6012
16/12/2025 23:45;0.5896
17/12/2025 00:00;0.5565
17/12/2025 00:15;0.5503
17/12/2025 00:30;0.5626
17/12/2025 00:45;0.5445
17/12/2025 01:00;0.4980
17/12/2025 01:15;0.4944
17/12/2025 01:30;0.4982
17/12/2025 01:45;0.4596
17/12/2025 02:00;0.4845
17/12/2025 02:15;0.4981
17/12/2025 02:30;0.4799
17/12/2025 02:45;0.4944
17/12/2025 03:00;0.4978
17/12/2025 03:15;0.4988
17/12/2025 03:30;0.4870
17/12/2025 03:45;0.4727
17/12/2025 04:00;0.5625
17/12/2025 04:15;0.5583
17/12/2025 04:30;0.5760
17/12/2025 04:45;0.5688
17/12/2025 05:00;0.8140
17/12/2025 05:15;0.8322
17/12/2025 05:30;0.8247
17/12/2025 05:45;0.7974
17/12/2025 06:00;1.3620
17/12/2025 06:15;1.4358
17/12/2025 06:30;1.3978
17/12/2025 06:45;1.3715
17/12/2025 07:00;1.7007
17/12/2025 07:15;1.6284
17/12/2025 07:30;1.5639
17/12/2025 07:45;1.6628
17/12/2025 08:00;1.2133
17/12/2025 08:15;1.2969
17/12/2025 08:30;1.2389
17/12/2025 08:45;1.2953
17/12/2025 09:00;0.9498
17/12/2025 09:15;0.9431
17/12/2025 09:30;0.8783
17/12/2025 09:45;0.9089
17/12/2025 10:00;0.8830
17/12/2025 10:15;0.8829
17/12/2025 10:30;0.9061
17/12/2025 10:45;0.8993
17/12/2025 11:00;0.9429
17/12/2025 11:15;0.8921
17/12/2025 11:30;0.9386
17/12/2025 11:45;0.8788
17/12/2025 12:00;0.9865
17/12/2025 12:15;0.9726
17/12/2025 12:30;1.0014
17/12/2025 12:45;0.9403
17/12/2025 13:00;0.8761
17/12/2025 13:15;0.9225
17/12/2025 13:30;0.9062
17/12/2025 13:45;0.9294
17/12/2025 14:00;0.8698
17/12/2025 14:15;0.8737
17/12/2025 14:30;0.8931
17/12/2025 14:45;0.8726
17/12/2025 15:00;0.9273
17/12/2025 15:15;0.9351
17/12/2025 15:30;0.9012
17/12/2025 15:45;0.9408
17/12/2025 16:00;1.0447
17/12/2025 16:15;1.0418
17/12/2025 16:30;1.0284
17/12/2025 16:45;1.1070
17/12/2025 17:00;1.4089
17/12/2025 17:15;1.4265
17/12/2025 17:30;1.3961
17/12/2025 17:45;1.3707
17/12/2025 18:00;1.7933
17/12/2025 18:15;1.7872
17/12/2025 18:30;1.8579
17/12/2025 18:45;1.8076
17/12/2025 19:00;1.8956
17/12/2025 19:15;1.6980
17/12/2025 19:30;1.8132
17/12/2025 19:45;1.8793
17/12/2025 20:00;1.7022
17/12/2025 20:15;1.6485
17/12/2025 20:30;1.6982
17/12/2025 20:45;1.7034
17/12/2025 21:00;1.2514
17/12/2025 21:15;1.3912
17/12/2025 21:30;1.4436
17/12/2025 21:45;1.4437
17/12/2025 22:00;0.9902
17/12/2025 22:15;0.9683
17/12/2025 22:30;0.9450
17/12/2025 22:45;0.9562
17/12/2025 23:00;0.6730
17/12/2025 23:15;0.6656
17/12/2025 23:30;0.6590
17/12/2025 23:45;0.6807
18/12/2025 00:00;0.5849
18/12/2025 00:15;0.6180
18/12/2025 00:30;0.6101
18/12/2025 00:45;0.6015
18/12/2025 01:00;0.5329
18/12/2025 01:15;0.5509
18/12/2025 01:30;0.5561
18/12/2025 01:45;0.5495
18/12/2025 02:00;0.5363
18/12/2025 02:15;0.5462
18/12/2025 02:30;0.5317
18/12/2025 02:45;0.5068
18/12/2025 03:00;0.5552
18/12/2025 03:15;0.5514
18/12/2025 03:30;0.5590
18/12/2025 03:45;0.5408
18/12/2025 04:00;0.6256
18/12/2025 04:15;0.6009
18/12/2025 04:30;0.6114
18/12/2025 04:45;0.6102
18/12/2025 05:00;0.8996
18/12/2025 05:15;0.9227
18/12/2025 05:30;0.9207
18/12/2025 05:45;0.9265
18/12/2025 06:00;1.5150
18/12/2025 06:15;1.5422
18/12/2025 06:30;1.4834
18/12/2025 06:45;1.5169
18/12/2025 07:00;1.7513
18/12/2025 07:15;1.8049
18/12/2025 07:30;1.8120
18/12/2025 07:45;1.7518
18/12/2025 08:00;1.3574
18/12/2025 08:15;1.2976
18/12/2025 08:30;1.4055
18/12/2025 08:45;1.3864
18/12/2025 09:00;1.0817
18/12/2025 09:15;1.0472
18/12/2025 09:30;1.0361
18/12/2025 09:45;0.9635
18/12/2025 10:00;0.9487
18/12/2025 10:15;0.9703
18/12/2025 10:30;0.9298
18/12/2025 10:45;0.9663
18/12/2025 11:00;0.9764
18/12/2025 11:15;0.9677
18/12/2025 11:30;0.9895
18/12/2025 11:45;0.9957
18/12/2025 12:00;0.9981
18/12/2025 12:15;1.0467
18/12/2025 12:30;1.0401
18/12/2025 12:45;0.9847
18/12/2025 13:00;0.9693
18/12/2025 13:15;1.0380
18/12/2025 13:30;1.0212
18/12/2025 13:45;1.0187
18/12/2025 14:00;0.9884
18/12/2025 14:15;0.9720
18/12/2025 14:30;0.9650
18/12/2025 14:45;0.9817
18/12/2025 15:00;1.0133
18/12/2025 15:15;1.0036
18/12/2025 15:30;1.0113
18/12/2025 15:45;1.0170
18/12/2025 16:00;1.1776
18/12/2025 16:15;1.1704
18/12/2025 16:30;1.0744
18/12/2025 16:45;1.1126
18/12/2025 17:00;1.5490
18/12/2025 17:15;1.5083
18/12/2025 17:30;1.4381
18/12/2025 17:45;1.5066
18/12/2025 18:00;1.8264
18/12/2025 18:15;1.8355
18/12/2025 18:30;1.7919
18/12/2025 18:45;1.8505
18/12/2025 19:00;1.8980
18/12/2025 19:15;1.9266
18/12/2025 19:30;1.8944
18/12/2025 19:45;1.9552
18/12/2025 20:00;1.8521
18/12/2025 20:15;1.6716
18/12/2025 20:30;1.8038
18/12/2025 20:45;1.7375
18/12/2025 21:00;1.3756
18/12/2025 21:15;1.4529
18/12/2025 21:30;1.4825
18/12/2025 21:45;1.5130
18/12/2025 22:00;1.0501
18/12/2025 22:15;1.0259
18/12/2025 22:30;1.0204
18/12/2025 22:45;1.0311
18/12/2025 23:00;0.7255
18/12/2025 23:15;0.7369
18/12/2025 23:30;0.7296
18/12/2025 23:45;0.7241
19/12/2025 00:00;0.5458
19/12/2025 00:15;0.5521
19/12/2025 00:30;0.5284
19/12/2025 00:45;0.5407
19/12/2025 01:00;0.4497
19/12/2025 01:15;0.4807
19/12/2025 01:30;0.4901
19/12/2025 01:45;0.4884
19/12/2025 02:00;0.4394
19/12/2025 02:15;0.4802
19/12/2025 02:30;0.4867
19/12/2025 02:45;0.4738
19/12/2025 03:00;0.4816
19/12/2025 03:15;0.4923
19/12/2025 03:30;0.4813
19/12/2025 03:45;0.4883
19/12/2025 04:00;0.5559
19/12/2025 04:15;0.5386
19/12/2025 04:30;0.5387
19/12/2025 04:45;0.5466
19/12/2025 05:00;0.7944
19/12/2025 05:15;0.8077
19/12/2025 05:30;0.7610
19/12/2025 05:45;0.7939
19/12/2025 06:00;1.3673
19/12/2025 06:15;1.3979
19/12/2025 06:30;1.3430
19/12/2025 06:45;1.4156
19/12/2025 07:00;1.6393
19/12/2025 07:15;1.5934
19/12/2025 07:30;1.6695
19/12/2025 07:45;1.8067
19/12/2025 08:00;1.2475
19/12/2025 08:15;1.3283
19/12/2025 08:30;1.1901
19/12/2025 08:45;1.3063
19/12/2025 09:00;0.9266
19/12/2025 09:15;0.9285
19/12/2025 09:30;0.9161
19/12/2025 09:45;0.9673
19/12/2025 10:00;0.8326
19/12/2025 10:15;0.8294
19/12/2025 10:30;0.8637
19/12/2025 10:45;0.8476
19/12/2025 11:00;0.8823
19/12/2025 11:15;0.9253
19/12/2025 11:30;0.8846
19/12/2025 11:45;0.8863
19/12/2025 12:00;0.9355
19/12/2025 12:15;0.8814
19/12/2025 12:30;0.9522
19/12/2025 12:45;0.9379
19/12/2025 13:00;0.9100
19/12/2025 13:15;0.9034
19/12/2025 13:30;0.9180
19/12/2025 13:45;0.8821
19/12/2025 14:00;0.7985
19/12/2025 14:15;0.8468
19/12/2025 14:30;0.8387
19/12/2025 14:45;0.8611
19/12/2025 15:00;0.8442
19/12/2025 15:15;0.9180
19/12/2025 15:30;0.8803
19/12/2025 15:45;0.8871
19/12/2025 16:00;1.0283
19/12/2025 16:15;1.0135
19/12/2025 16:30;0.9918
19/12/2025 16:45;1.0497
19/12/2025 17:00;1.2901
19/12/2025 17:15;1.3531
19/12/2025 17:30;1.3256
19/12/2025 17:45;1.4596
19/12/2025 18:00;1.7197
19/12/2025 18:15;1.7211
19/12/2025 18:30;1.6645
19/12/2025 18:45;1.6183
19/12/2025 19:00;1.7634
19/12/2025 19:15;1.8191
19/12/2025 19:30;1.8046
19/12/2025 19:45;1.7455
19/12/2025 20:00;1.5971
19/12/2025 20:15;1.6331
19/12/2025 20:30;1.6376
19/12/2025 20:45;1.6025
19/12/2025 21:00;1.3091
19/12/2025 21:15;1.2720
19/12/2025 21:30;1.3001
19/12/2025 21:45;1.3442
19/12/2025 22:00;0.9285
19/12/2025 22:15;0.9168
19/12/2025 22:30;0.9216
19/12/2025 22:45;0.9442
19/12/2025 23:00;0.6516
19/12/2025 23:15;0.6558
19/12/2025 23:30;0.6091
19/12/2025 23:45;0.6733
20/12/2025 00:00;0.6333
20/12/2025 00:15;0.6344
20/12/2025 00:30;0.5913
20/12/2025 00:45;0.5984
20/12/2025 01:00;0.5334
20/12/2025 01:15;0.5644
20/12/2025 01:30;0.5582
20/12/2025 01:45;0.5587
20/12/2025 02:00;0.5453
20/12/2025 02:15;0.5360
20/12/2025 02:30;0.5363
20/12/2025 02:45;0.5270
20/12/2025 03:00;0.5658
20/12/2025 03:15;0.5290
20/12/2025 03:30;0.5510
20/12/2025 03:45;0.5475
20/12/2025 04:00;0.6031
20/12/2025 04:15;0.6162
20/12/2025 04:30;0.6449
20/12/2025 04:45;0.5905
20/12/2025 05:00;0.8853
20/12/2025 05:15;0.8999
20/12/2025 05:30;0.9005
20/12/2025 05:45;0.8985
20/12/2025 06:00;1.4400
20/12/2025 06:15;1.4095
20/12/2025 06:30;1.4779
20/12/2025 06:45;1.4745
20/12/2025 07:00;1.7134
20/12/2025 07:15;1.8306
20/12/2025 07:30;1.8190
20/12/2025 07:45;1.7573
20/12/2025 08:00;1.3572
20/12/2025 08:15;1.3894
20/12/2025 08:30;1.3141
20/12/2025 08:45;1.3800
20/12/2025 09:00;1.0034
20/12/2025 09:15;1.0293
20/12/2025 09:30;0.9855
20/12/2025 09:45;0.9988
20/12/2025 10:00;0.9306
20/12/2025 10:15;0.9338
20/12/2025 10:30;0.9520
20/12/2025 10:45;0.9765
20/12/2025 11:00;0.9400
20/12/2025 11:15;0.9810
20/12/2025 11:30;0.9553
20/12/2025 11:45;0.9804
20/12/2025 12:00;0.9984
20/12/2025 12:15;1.0226
20/12/2025 12:30;0.9180
20/12/2025 12:45;1.0239
20/12/2025 13:00;0.9115
20/12/2025 13:15;0.9523
20/12/2025 13:30;1.0071
20/12/2025 13:45;0.9735
20/12/2025 14:00;0.9666
20/12/2025 14:15;0.9135
20/12/2025 14:30;0.9442
20/12/2025 14:45;0.9085
20/12/2025 15:00;1.0112
20/12/2025 15:15;0.9789
20/12/2025 15:30;0.9720
20/12/2025 15:45;0.9558
20/12/2025 16:00;1.0689
20/12/2025 16:15;1.1593
20/12/2025 16:30;1.1141
20/12/2025 16:45;1.1116
20/12/2025 17:00;1.4331
20/12/2025 17:15;1.3847
20/12/2025 17:30;1.4454
20/12/2025 17:45;1.4581
20/12/2025 18:00;1.7179
20/12/2025 18:15;1.7981
20/12/2025 18:30;1.7623
20/12/2025 18:45;1.7369
20/12/2025 19:00;1.8588
20/12/2025 19:15;1.8495
20/12/2025 19:30;1.8557
20/12/2025 19:45;1.9849
20/12/2025 20:00;1.6459
20/12/2025 20:15;1.6857
20/12/2025 20:30;1.6468
20/12/2025 20:45;1.6865
20/12/2025 21:00;1.4758
20/12/2025 21:15;1.3806
20/12/2025 21:30;1.5689
20/12/2025 21:45;1.4240
20/12/2025 22:00;1.0270
20/12/2025 22:15;1.0177
20/12/2025 22:30;1.0233
20/12/2025 22:45;1.0104
20/12/2025 23:00;0.7110
20/12/2025 23:15;0.7074
20/12/2025 23:30;0.6915
20/12/2025 23:45;0.6788
21/12/2025 00:00;0.6068
21/12/2025 00:15;0.6006
21/12/2025 00:30;0.6134
21/12/2025 00:45;0.5982
21/12/2025 01:00;0.5272
21/12/2025 01:15;0.5584
21/12/2025 01:30;0.5762
21/12/2025 01:45;0.5366
21/12/2025 02:00;0.5424
21/12/2025 02:15;0.5367
21/12/2025 02:30;0.5249
21/12/2025 02:45;0.5426
21/12/2025 03:00;0.5770
21/12/2025 03:15;0.5523
21/12/2025 03:30;0.5548
21/12/2025 03:45;0.5698
21/12/2025 04:00;0.6085
21/12/2025 04:15;0.6250
21/12/2025 04:30;0.6431
21/12/2025 04:45;0.6254
21/12/2025 05:00;0.9327
21/12/2025 05:15;0.8888
21/12/2025 05:30;0.9298
21/12/2025 05:45;0.8465
21/12/2025 06:00;1.3775
21/12/2025 06:15;1.4085
21/12/2025 06:30;1.4668
21/12/2025 06:45;1.5177
21/12/2025 07:00;1.6680
21/12/2025 07:15;1.8113
21/12/2025 07:30;1.7113
21/12/2025 07:45;1.6245
21/12/2025 08:00;1.3708
21/12/2025 08:15;1.3436
21/12/2025 08:30;1.3580
21/12/2025 08:45;1.2526
21/12/2025 09:00;0.9353
21/12/2025 09:15;0.9958
21/12/2025 09:30;1.0156
21/12/2025 09:45;0.9981
21/12/2025 10:00;0.9210
21/12/2025 10:15;0.9333
21/12/2025 10:30;0.8852
21/12/2025 10:45;0.9251
21/12/2025 11:00;0.9893
21/12/2025 11:15;0.9743
21/12/2025 11:30;0.9420
21/12/2025 11:45;0.9462
21/12/2025 12:00;0.9856
21/12/2025 12:15;0.9759
21/12/2025 12:30;0.9883
21/12/2025 12:45;1.0102
21/12/2025 13:00;0.9251
21/12/2025 13:15;0.9791
21/12/2025 13:30;0.9339
21/12/2025 13:45;0.9773
21/12/2025 14:00;0.9222
21/12/2025 14:15;0.9230
21/12/2025 14:30;0.9601
21/12/2025 14:45;0.9775
21/12/2025 15:00;0.9983
21/12/2025 15:15;1.0029
21/12/2025 15:30;0.9586
21/12/2025 15:45;0.9860
21/12/2025 16:00;1.1140
21/12/2025 16:15;1.0829
21/12/2025 16:30;1.1108
21/12/2025 16:45;1.1299
21/12/2025 17:00;1.5355
21/12/2025 17:15;1.4481
21/12/2025 17:30;1.4478
21/12/2025 17:45;1.4009
21/12/2025 18:00;1.8495
21/12/2025 18:15;1.8138
21/12/2025 18:30;1.8116
21/12/2025 18:45;1.6880
21/12/2025 19:00;1.9216
21/12/2025 19:15;1.8664
21/12/2025 19:30;1.8400
21/12/2025 19:45;1.8948
21/12/2025 20:00;1.7083
21/12/2025 20:15;1.6864
21/12/2025 20:30;1.7284
21/12/2025 20:45;1.6437
21/12/2025 21:00;1.4167
21/12/2025 21:15;1.3761
21/12/2025 21:30;1.4554
21/12/2025 21:45;1.4717
21/12/2025 22:00;1.0513
21/12/2025 22:15;0.9840
21/12/2025 22:30;1.0401
21/12/2025 22:45;1.0166
21/12/2025 23:00;0.7305
21/12/2025 23:15;0.7072
21/12/2025 23:30;0.6996
21/12/2025 23:45;0.7104
22/12/2025 00:00;0.6111
22/12/2025 00:15;0.5688
22/12/2025 00:30;0.5987
22/12/2025 00:45;0.5739
22/12/2025 01:00;0.4962
22/12/2025 01:15;0.5218
22/12/2025 01:30;0.5185
22/12/2025 01:45;0.4918
22/12/2025 02:00;0.5041
22/12/2025 02:15;0.5105
22/12/2025 02:30;0.5079
22/12/2025 02:45;0.5084
22/12/2025 03:00;0.5200
22/12/2025 03:15;0.5312
22/12/2025 03:30;0.5164
22/12/2025 03:45;0.5411
22/12/2025 04:00;0.6230
22/12/2025 04:15;0.5932
22/12/2025 04:30;0.6001
22/12/2025 04:45;0.5808
22/12/2025 05:00;0.8796
22/12/2025 05:15;0.8751
22/12/2025 05:30;0.8504
22/12/2025 05:45;0.8468
22/12/2025 06:00;1.3995
22/12/2025 06:15;1.5001
22/12/2025 06:30;1.3971
22/12/2025 06:45;1.4272
22/12/2025 07:00;1.8096
22/12/2025 07:15;1.7025
22/12/2025 07:30;1.7222
22/12/2025 07:45;1.6291
22/12/2025 08:00;1.3184
22/12/2025 08:15;1.3551
22/12/2025 08:30;1.3126
22/12/2025 08:45;1.3347
22/12/2025 09:00;0.9658
22/12/2025 09:15;0.9747
22/12/2025 09:30;0.9912
22/12/2025 09:45;1.0150
22/12/2025 10:00;0.9168
22/12/2025 10:15;0.9065
22/12/2025 10:30;0.8950
22/12/2025 10:45;0.9015
22/12/2025 11:00;0.9219
22/12/2025 11:15;0.9567
22/12/2025 11:30;0.9793
22/12/2025 11:45;0.8915
22/12/2025 12:00;0.9622
22/12/2025 12:15;0.9704
22/12/2025 12:30;0.9547
22/12/2025 12:45;1.0238
22/12/2025 13:00;0.8798
22/12/2025 13:15;1.0014
22/12/2025 13:30;0.9084
22/12/2025 13:45;0.9036
22/12/2025 14:00;0.9061
22/12/2025 14:15;0.9133
22/12/2025 14:30;0.9426
22/12/2025 14:45;0.9120
22/12/2025 15:00;0.9851
22/12/2025 15:15;0.9882
22/12/2025 15:30;0.9756
22/12/2025 15:45;0.9501
22/12/2025 16:00;1.0346
22/12/2025 16:15;1.1080
22/12/2025 16:30;1.0876
22/12/2025 16:45;1.1651
22/12/2025 17:00;1.4206
22/12/2025 17:15;1.4654
22/12/2025 17:30;1.4010
22/12/2025 17:45;1.3826
22/12/2025 18:00;1.7570
22/12/2025 18:15;1.7577
22/12/2025 18:30;1.7994
22/12/2025 18:45;1.8063
22/12/2025 19:00;1.8315
22/12/2025 19:15;1.7981
22/12/2025 19:30;1.8055
22/12/2025 19:45;1.7937
22/12/2025 20:00;1.7658
22/12/2025 20:15;1.7233
22/12/2025 20:30;1.6828
22/12/2025 20:45;1.7391
22/12/2025 21:00;1.4673
22/12/2025 21:15;1.3659
22/12/2025 21:30;1.4766
22/12/2025 21:45;1.3771
22/12/2025 22:00;1.0240
22/12/2025 22:15;1.0091
22/12/2025 22:30;0.9971
22/12/2025 22:45;0.9808
22/12/2025 23:00;0.6568
22/12/2025 23:15;0.7107
22/12/2025 23:30;0.6765
22/12/2025 23:45;0.6985
23/12/2025 00:00;0.6455
23/12/2025 00:15;0.6810
23/12/2025 00:30;0.6390
23/12/2025 00:45;0.6649
23/12/2025 01:00;0.5971
23/12/2025 01:15;0.6063
23/12/2025 01:30;0.5823
23/12/2025 01:45;0.5732
23/12/2025 02:00;0.5863
23/12/2025 02:15;0.5800
23/12/2025 02:30;0.5629
23/12/2025 02:45;0.5593
23/12/2025 03:00;0.5992
23/12/2025 03:15;0.6041
23/12/2025 03:30;0.5697
23/12/2025 03:45;0.5877
23/12/2025 04:00;0.6942
23/12/2025 04:15;0.6807
23/12/2025 04:30;0.6370
23/12/2025 04:45;0.6746
23/12/2025 05:00;0.9548
23/12/2025 05:15;0.9529
23/12/2025 05:30;0.9572
23/12/2025 05:45;0.9865
23/12/2025 06:00;1.6540
23/12/2025 06:15;1.5097
23/12/2025 06:30;1.6300
23/12/2025 06:45;1.6139
23/12/2025 07:00;1.8465
23/12/2025 07:15;1.8803
23/12/2025 07:30;1.8859
23/12/2025 07:45;1.7982
23/12/2025 08:00;1.4497
23/12/2025 08:15;1.4611
23/12/2025 08:30;1.4675
23/12/2025 08:45;1.4513
23/12/2025 09:00;1.1380
23/12/2025 09:15;1.0733
23/12/2025 09:30;1.0486
23/12/2025 09:45;1.0688
23/12/2025 10:00;1.0337
23/12/2025 10:15;1.0160
23/12/2025 10:30;1.0511
23/12/2025 10:45;1.0602
23/12/2025 11:00;1.0098
23/12/2025 11:15;1.0721
23/12/2025 11:30;1.0564
23/12/2025 11:45;1.0581
23/12/2025 12:00;1.0334
23/12/2025 12:15;1.1166
23/12/2025 12:30;1.1256
23/12/2025 12:45;1.0357
23/12/2025 13:00;1.0637
23/12/2025 13:15;1.1634
23/12/2025 13:30;1.0513
23/12/2025 13:45;1.1094
23/12/2025 14:00;0.9872
23/12/2025 14:15;1.0327
23/12/2025 14:30;1.0369
23/12/2025 14:45;1.0601
23/12/2025 15:00;1.0673
23/12/2025 15:15;1.0737
23/12/2025 15:30;1.0209
23/12/2025 15:45;1.0362
23/12/2025 16:00;1.2459
23/12/2025 16:15;1.2505
23/12/2025 16:30;1.2095
23/12/2025 16:45;1.3029
23/12/2025 17:00;1.6514
23/12/2025 17:15;1.5379
23/12/2025 17:30;1.5349
23/12/2025 17:45;1.6000
23/12/2025 18:00;2.0458
23/12/2025 18:15;2.0217
23/12/2025 18:30;1.9879
23/12/2025 18:45;1.9031
23/12/2025 19:00;2.0066
23/12/2025 19:15;2.0495
23/12/2025 19:30;2.0158
23/12/2025 19:45;2.1481
23/12/2025 20:00;1.8887
23/12/2025 20:15;1.7815
23/12/2025 20:30;1.9032
23/12/2025 20:45;1.8263
23/12/2025 21:00;1.5095
23/12/2025 21:15;1.6714
23/12/2025 21:30;1.6100
23/12/2025 21:45;1.5609
23/12/2025 22:00;1.0686
23/12/2025 22:15;1.1117
23/12/2025 22:30;1.0556
23/12/2025 22:45;1.1357
23/12/2025 23:00;0.7776
23/12/2025 23:15;0.7757
23/12/2025 23:30;0.7966
23/12/2025 23:45;0.7907
24/12/2025 00:00;0.6810
24/12/2025 00:15;0.6784
24/12/2025 00:30;0.6767
24/12/2025 00:45;0.6717
24/12/2025 01:00;0.5978
24/12/2025 01:15;0.6004
24/12/2025 01:30;0.6121
24/12/2025 01:45;0.6070
24/12/2025 02:00;0.5647
24/12/2025 02:15;0.5841
24/12/2025 02:30;0.5945
24/12/2025 02:45;0.5832
24/12/2025 03:00;0.6231
24/12/2025 03:15;0.6247
24/12/2025 03:30;0.6221
24/12/2025 03:45;0.6245
24/12/2025 04:00;0.7056
24/12/2025 04:15;0.7087
24/12/2025 04:30;0.7127
24/12/2025 04:45;0.6992
24/12/2025 05:00;0.9840
24/12/2025 05:15;1.0336
24/12/2025 05:30;0.9969
24/12/2025 05:45;0.9781
24/12/2025 06:00;1.7183
24/12/2025 06:15;1.7138
24/12/2025 06:30;1.7162
24/12/2025 06:45;1.7914
24/12/2025 07:00;2.0663
24/12/2025 07:15;2.1080
24/12/2025 07:30;2.0516
24/12/2025 07:45;2.0493
24/12/2025 08:00;1.6009
24/12/2025 08:15;1.5727
24/12/2025 08:30;1.5202
24/12/2025 08:45;1.6183
24/12/2025 09:00;1.2091
24/12/2025 09:15;1.1483
24/12/2025 09:30;1.1322
24/12/2025 09:45;1.1851
24/12/2025 10:00;1.0774
24/12/2025 10:15;1.0445
24/12/2025 10:30;1.1576
24/12/2025 10:45;1.0451
24/12/2025 11:00;1.0979
24/12/2025 11:15;1.1699
24/12/2025 11:30;1.1092
24/12/2025 11:45;1.1818
24/12/2025 12:00;1.1697
24/12/2025 12:15;1.1994
24/12/2025 12:30;1.2185
24/12/2025 12:45;1.1560
24/12/2025 13:00;1.1114
24/12/2025 13:15;1.0660
24/12/2025 13:30;1.1038
24/12/2025 13:45;1.1961
24/12/2025 14:00;1.0654
24/12/2025 14:15;1.1224
24/12/2025 14:30;1.0548
24/12/2025 14:45;1.1211
24/12/2025 15:00;1.1949
24/12/2025 15:15;1.2009
24/12/2025 15:30;1.1577
24/12/2025 15:45;1.1345
24/12/2025 16:00;1.2790
24/12/2025 16:15;1.2988
24/12/2025 16:30;1.3119
24/12/2025 16:45;1.3383
24/12/2025 17:00;1.6660
24/12/2025 17:15;1.6434
24/12/2025 17:30;1.7347
24/12/2025 17:45;1.7079
24/12/2025 18:00;2.0721
24/12/2025 18:15;2.1338
24/12/2025 18:30;2.1884
24/12/2025 18:45;2.1624
24/12/2025 19:00;2.2236
24/12/2025 19:15;2.1456
24/12/2025 19:30;2.3105
24/12/2025 19:45;2.3409
24/12/2025 20:00;2.2207
24/12/2025 20:15;1.9933
24/12/2025 20:30;1.9283
24/12/2025 20:45;2.0996
24/12/2025 21:00;1.7265
24/12/2025 21:15;1.6704
24/12/2025 21:30;1.5772
24/12/2025 21:45;1.7092
24/12/2025 22:00;1.2207
24/12/2025 22:15;1.1346
24/12/2025 22:30;1.1624
24/12/2025 22:45;1.1672
24/12/2025 23:00;0.8174
24/12/2025 23:15;0.7830
24/12/2025 23:30;0.8314
24/12/2025 23:45;0.8518
25/12/2025 00:00;0.6633
25/12/2025 00:15;0.6266
25/12/2025 00:30;0.6495
25/12/2025 00:45;0.6309
25/12/2025 01:00;0.5509
25/12/2025 01:15;0.5733
25/12/2025 01:30;0.5590
25/12/2025 01:45;0.5540
25/12/2025 02:00;0.5717
25/12/2025 02:15;0.5477
25/12/2025 02:30;0.5585
25/12/2025 02:45;0.5481
25/12/2025 03:00;0.5671
25/12/2025 03:15;0.5745
25/12/2025 03:30;0.6019
25/12/2025 03:45;0.5668
25/12/2025 04:00;0.6273
25/12/2025 04:15;0.6822
25/12/2025 04:30;0.6392
25/12/2025 04:45;0.6463
25/12/2025 05:00;0.9595
25/12/2025 05:15;0.9970
25/12/2025 05:30;0.9469
25/12/2025 05:45;0.9688
25/12/2025 06:00;1.6421
25/12/2025 06:15;1.5057
25/12/2025 06:30;1.5449
25/12/2025 06:45;1.6519
25/12/2025 07:00;1.9202
25/12/2025 07:15;1.9830
25/12/2025 07:30;1.9779
25/12/2025 07:45;1.8421
25/12/2025 08:00;1.3407
25/12/2025 08:15;1.4083
25/12/2025 08:30;1.4507
25/12/2025 08:45;1.4616
25/12/2025 09:00;1.0706
25/12/2025 09:15;1.0877
25/12/2025 09:30;1.0807
25/12/2025 09:45;1.1332
25/12/2025 10:00;0.9817
25/12/2025 10:15;1.0590
25/12/2025 10:30;1.0441
25/12/2025 10:45;0.9852
25/12/2025 11:00;1.0149
25/12/2025 11:15;1.0626
25/12/2025 11:30;1.0892
25/12/2025 11:45;1.0381
25/12/2025 12:00;1.1303
25/12/2025 12:15;1.0995
25/12/2025 12:30;1.0822
25/12/2025 12:45;1.0657
25/12/2025 13:00;1.0946
25/12/2025 13:15;1.0913
25/12/2025 13:30;1.0891
25/12/2025 13:45;1.0224
25/12/2025 14:00;1.0498
25/12/2025 14:15;1.0565
25/12/2025 14:30;0.9998
25/12/2025 14:45;1.0313
25/12/2025 15:00;1.0973
25/12/2025 15:15;1.0602
25/12/2025 15:30;1.0534
25/12/2025 15:45;1.0242
25/12/2025 16:00;1.1502
25/12/2025 16:15;1.2218
25/12/2025 16:30;1.2323
25/12/2025 16:45;1.2077
25/12/2025 17:00;1.6419
25/12/2025 17:15;1.6433
25/12/2025 17:30;1.6749
25/12/2025 17:45;1.5788
25/12/2025 18:00;1.9539
25/12/2025 18:15;1.9215
25/12/2025 18:30;1.9175
25/12/2025 18:45;1.9757
25/12/2025 19:00;1.9279
25/12/2025 19:15;2.0534
25/12/2025 19:30;2.0862
25/12/2025 19:45;2.1787
25/12/2025 20:00;2.0720
25/12/2025 20:15;1.9570
25/12/2025 20:30;1.9044
25/12/2025 20:45;1.8422
25/12/2025 21:00;1.6317
25/12/2025 21:15;1.5121
25/12/2025 21:30;1.5627
25/12/2025 21:45;1.5105
25/12/2025 22:00;1.0700
25/12/2025 22:15;1.1152
25/12/2025 22:30;1.0632
25/12/2025 22:45;1.1023
25/12/2025 23:00;0.7936
25/12/2025 23:15;0.7844
25/12/2025 23:30;0.7720
25/12/2025 23:45;0.7875
26/12/2025 00:00;0.5672
26/12/2025 00:15;0.5835
26/12/2025 00:30;0.5633
26/12/2025 00:45;0.5868
26/12/2025 01:00;0.5396
26/12/2025 01:15;0.4838
26/12/2025 01:30;0.5027
26/12/2025 01:45;0.5342
26/12/2025 02:00;0.5031
26/12/2025 02:15;0.5107
26/12/2025 02:30;0.4941
26/12/2025 02:45;0.4799
26/12/2025 03:00;0.5068
26/12/2025 03:15;0.5087
26/12/2025 03:30;0.5081
26/12/2025 03:45;0.5020
26/12/2025 04:00;0.6022
26/12/2025 04:15;0.5808
26/12/2025 04:30;0.5632
26/12/2025 04:45;0.5843
26/12/2025 05:00;0.8244
26/12/2025 05:15;0.8383
26/12/2025 05:30;0.8662
26/12/2025 05:45;0.8751
26/12/2025 06:00;1.4463
26/12/2025 06:15;1.4147
26/12/2025 06:30;1.4751
26/12/2025 06:45;1.4129
26/12/2025 07:00;1.7598
26/12/2025 07:15;1.7999
26/12/2025 07:30;1.8560
26/12/2025 07:45;1.6463
26/12/2025 08:00;1.3409
26/12/2025 08:15;1.2759
26/12/2025 08:30;1.3081
26/12/2025 08:45;1.3268
26/12/2025 09:00;0.9267
26/12/2025 09:15;0.9660
26/12/2025 09:30;1.0376
26/12/2025 09:45;1.0079
26/12/2025 10:00;0.9372
26/12/2025 10:15;0.8930
26/12/2025 10:30;0.9018
26/12/2025 10:45;0.9230
26/12/2025 11:00;0.9607
26/12/2025 11:15;0.9866
26/12/2025 11:30;0.9687
26/12/2025 11:45;0.9764
26/12/2025 12:00;1.0905
26/12/2025 12:15;0.9619
26/12/2025 12:30;0.9876
26/12/2025 12:45;1.0180
26/12/2025 13:00;0.9509
26/12/2025 13:15;0.9924
26/12/2025 13:30;0.9942
26/12/2025 13:45;0.9398
26/12/2025 14:00;0.8966
26/12/2025 14:15;0.9403
26/12/2025 14:30;0.9123
26/12/2025 14:45;0.9124
26/12/2025 15:00;0.9952
26/12/2025 15:15;0.9665
26/12/2025 15:30;0.9950
26/12/2025 15:45;0.9583
26/12/2025 16:00;1.1330
26/12/2025 16:15;1.1646
26/12/2025 16:30;1.1613
26/12/2025 16:45;1.1730
26/12/2025 17:00;1.4064
26/12/2025 17:15;1.4911
26/12/2025 17:30;1.5060
26/12/2025 17:45;1.4725
26/12/2025 18:00;1.8559
26/12/2025 18:15;1.7909
26/12/2025 18:30;1.8972
26/12/2025 18:45;1.7910
26/12/2025 19:00;1.8522
26/12/2025 19:15;1.8846
26/12/2025 19:30;1.8336
26/12/2025 19:45;1.9568
26/12/2025 20:00;1.8380
26/12/2025 20:15;1.6824
26/12/2025 20:30;1.6916
26/12/2025 20:45;1.7922
26/12/2025 21:00;1.4032
26/12/2025 21:15;1.4759
26/12/2025 21:30;1.4211
26/12/2025 21:45;1.4977
26/12/2025 22:00;1.0155
26/12/2025 22:15;1.0306
26/12/2025 22:30;1.0081
26/12/2025 22:45;1.0482
26/12/2025 23:00;0.6852
26/12/2025 23:15;0.6899
26/12/2025 23:30;0.7080
26/12/2025 23:45;0.6852
27/12/2025 00:00;0.6212
27/12/2025 00:15;0.6301
27/12/2025 00:30;0.6015
27/12/2025 00:45;0.6183
27/12/2025 01:00;0.5510
27/12/2025 01:15;0.5192
27/12/2025 01:30;0.5595
27/12/2025 01:45;0.5647
27/12/2025 02:00;0.5234
27/12/2025 02:15;0.5538
27/12/2025 02:30;0.5429
27/12/2025 02:45;0.5181
27/12/2025 03:00;0.5406
27/12/2025 03:15;0.5345
27/12/2025 03:30;0.5750
27/12/2025 03:45;0.5611
27/12/2025 04:00;0.6599
27/12/2025 04:15;0.6323
27/12/2025 04:30;0.6388
27/12/2025 04:45;0.6353
27/12/2025 05:00;0.9421
27/12/2025 05:15;0.8938
27/12/2025 05:30;0.8847
27/12/2025 05:45;0.9399
27/12/2025 06:00;1.4834
27/12/2025 06:15;1.5461
27/12/2025 06:30;1.5118
27/12/2025 06:45;1.5257
27/12/2025 07:00;1.8840
27/12/2025 07:15;1.7713
27/12/2025 07:30;1.8207
27/12/2025 07:45;1.7846
27/12/2025 08:00;1.3678
27/12/2025 08:15;1.3683
27/12/2025 08:30;1.4045
27/12/2025 08:45;1.3549
27/12/2025 09:00;1.0146
27/12/2025 09:15;1.0774
27/12/2025 09:30;1.0273
27/12/2025 09:45;0.9991
27/12/2025 10:00;0.9738
27/12/2025 10:15;0.9680
27/12/2025 10:30;0.9273
27/12/2025 10:45;1.0144
27/12/2025 11:00;0.9783
27/12/2025 11:15;0.9833
27/12/2025 11:30;0.9899
27/12/2025 11:45;1.0673
27/12/2025 12:00;1.0241
27/12/2025 12:15;1.0182
27/12/2025 12:30;0.9940
27/12/2025 12:45;1.0295
27/12/2025 13:00;0.9825
27/12/2025 13:15;0.9810
27/12/2025 13:30;0.9974
27/12/2025 13:45;1.0100
27/12/2025 14:00;0.9256
27/12/2025 14:15;0.9255
27/12/2025 14:30;0.9279
27/12/2025 14:45;0.9679
27/12/2025 15:00;0.9983
27/12/2025 15:15;1.0110
27/12/2025 15:30;1.0275
27/12/2025 15:45;1.0058
27/12/2025 16:00;1.1759
27/12/2025 16:15;1.2049
27/12/2025 16:30;1.1677
27/12/2025 16:45;1.2026
27/12/2025 17:00;1.5521
27/12/2025 17:15;1.4900
27/12/2025 17:30;1.4300
27/12/2025 17:45;1.4876
27/12/2025 18:00;1.9126
27/12/2025 18:15;1.9400
27/12/2025 18:30;1.8179
27/12/2025 18:45;1.9461
27/12/2025 19:00;1.9615
27/12/2025 19:15;1.9032
27/12/2025 19:30;2.0063
27/12/2025 19:45;1.8454
27/12/2025 20:00;1.7444
27/12/2025 20:15;1.7844
27/12/2025 20:30;1.8089
27/12/2025 20:45;1.7522
27/12/2025 21:00;1.4746
27/12/2025 21:15;1.4761
27/12/2025 21:30;1.4456
27/12/2025 21:45;1.4945
27/12/2025 22:00;1.0305
27/12/2025 22:15;1.0819
27/12/2025 22:30;1.0753
27/12/2025 22:45;1.0570
27/12/2025 23:00;0.6948
27/12/2025 23:15;0.7186
27/12/2025 23:30;0.7335
27/12/2025 23:45;0.7497
28/12/2025 00:00;0.6680
28/12/2025 00:15;0.6185
28/12/2025 00:30;0.6286
28/12/2025 00:45;0.6491
28/12/2025 01:00;0.5473
28/12/2025 01:15;0.5701
28/12/2025 01:30;0.5728
28/12/2025 01:45;0.5507
28/12/2025 02:00;0.5621
28/12/2025 02:15;0.5636
28/12/2025 02:30;0.5530
28/12/2025 02:45;0.5637
28/12/2025 03:00;0.5469
28/12/2025 03:15;0.5720
28/12/2025 03:30;0.5808
28/12/2025 03:45;0.5927
28/12/2025 04:00;0.6483
28/12/2025 04:15;0.6725
28/12/2025 04:30;0.6198
28/12/2025 04:45;0.6620
28/12/2025 05:00;0.8954
28/12/2025 05:15;0.9573
28/12/2025 05:30;0.9299
28/12/2025 05:45;0.9107
28/12/2025 06:00;1.5366
28/12/2025 06:15;1.5515
28/12/2025 06:30;1.4860
28/12/2025 06:45;1.6489
28/12/2025 07:00;1.8174
28/12/2025 07:15;1.8043
28/12/2025 07:30;1.8288
28/12/2025 07:45;1.8018
28/12/2025 08:00;1.4144
28/12/2025 08:15;1.3774
28/12/2025 08:30;1.4025
28/12/2025 08:45;1.4312
28/12/2025 09:00;1.0528
28/12/2025 09:15;1.0913
28/12/2025 09:30;1.0588
28/12/2025 09:45;1.0771
28/12/2025 10:00;0.9965
28/12/2025 10:15;1.0101
28/12/2025 10:30;0.9814
28/12/2025 10:45;1.0163
28/12/2025 11:00;0.9849
28/12/2025 11:15;1.0182
28/12/2025 11:30;1.0637
28/12/2025 11:45;0.9725
28/12/2025 12:00;1.0710
28/12/2025 12:15;1.0202
28/12/2025 12:30;1.0705
28/12/2025 12:45;1.0147
28/12/2025 13:00;1.0460
28/12/2025 13:15;1.0504
28/12/2025 13:30;1.0151
28/12/2025 13:45;0.9967
28/12/2025 14:00;0.9719
28/12/2025 14:15;1.0194
28/12/2025 14:30;1.0151
28/12/2025 14:45;0.9714
28/12/2025 15:00;1.0162
28/12/2025 15:15;1.0647
28/12/2025 15:30;1.0001
28/12/2025 15:45;1.0094
28/12/2025 16:00;1.2096
28/12/2025 16:15;1.2173
28/12/2025 16:30;1.2070
28/12/2025 16:45;1.2423
28/12/2025 17:00;1.5433
28/12/2025 17:15;1.5048
28/12/2025 17:30;1.4360
28/12/2025 17:45;1.5277
28/12/2025 18:00;1.9025
28/12/2025 18:15;1.9479
28/12/2025 18:30;1.8564
28/12/2025 18:45;1.9861
28/12/2025 19:00;1.9564
28/12/2025 19:15;1.9793
28/12/2025 19:30;1.9349
28/12/2025 19:45;2.0325
28/12/2025 20:00;1.9048
28/12/2025 20:15;1.8061
28/12/2025 20:30;1.9300
28/12/2025 20:45;1.7216
28/12/2025 21:00;1.5074
28/12/2025 21:15;1.5153
28/12/2025 21:30;1.5666
28/12/2025 21:45;1.4776
28/12/2025 22:00;1.0882
28/12/2025 22:15;1.0109
28/12/2025 22:30;1.1079
28/12/2025 22:45;1.1242
28/12/2025 23:00;0.7724
28/12/2025 23:15;0.7661
28/12/2025 23:30;0.8041
28/12/2025 23:45;0.7348
29/12/2025 00:00;0.5696
29/12/2025 00:15;0.5861
29/12/2025 00:30;0.5729
29/12/2025 00:45;0.5685
29/12/2025 01:00;0.5163
29/12/2025 01:15;0.4926
29/12/2025 01:30;0.5256
29/12/2025 01:45;0.5014
29/12/2025 02:00;0.4935
29/12/2025 02:15;0.4947
29/12/2025 02:30;0.4886
29/12/2025 02:45;0.4926
29/12/2025 03:00;0.5097
29/12/2025 03:15;0.4870
29/12/2025 03:30;0.4851
29/12/2025 03:45;0.5160
29/12/2025 04:00;0.5682
29/12/2025 04:15;0.5452
29/12/2025 04:30;0.5614
29/12/2025 04:45;0.5716
29/12/2025 05:00;0.8378
29/12/2025 05:15;0.8201
29/12/2025 05:30;0.8243
29/12/2025 05:45;0.8447
29/12/2025 06:00;1.4573
29/12/2025 06:15;1.3897
29/12/2025 06:30;1.4865
29/12/2025 06:45;1.3408
29/12/2025 07:00;1.6661
29/12/2025 07:15;1.7127
29/12/2025 07:30;1.6794
29/12/2025 07:45;1.6840
29/12/2025 08:00;1.3480
29/12/2025 08:15;1.2883
29/12/2025 08:30;1.3216
29/12/2025 08:45;1.2803
29/12/2025 09:00;0.9188
29/12/2025 09:15;0.9538
29/12/2025 09:30;0.9855
29/12/2025 09:45;0.9486
29/12/2025 10:00;0.8737
29/12/2025 10:15;0.8480
29/12/2025 10:30;0.8682
29/12/2025 10:45;0.8921
29/12/2025 11:00;0.9303
29/12/2025 11:15;0.8925
29/12/2025 11:30;0.9382
29/12/2025 11:45;0.9589
29/12/2025 12:00;0.9503
29/12/2025 12:15;0.9484
29/12/2025 12:30;0.9420
29/12/2025 12:45;0.9514
29/12/2025 13:00;0.8810
29/12/2025 13:15;0.9305
29/12/2025 13:30;0.9103
29/12/2025 13:45;0.9162
29/12/2025 14:00;0.9111
29/12/2025 14:15;0.9060
29/12/2025 14:30;0.8561
29/12/2025 14:45;0.9039
29/12/2025 15:00;0.9499
29/12/2025 15:15;0.9116
29/12/2025 15:30;0.9668
29/12/2025 15:45;0.9957
29/12/2025 16:00;1.1133
29/12/2025 16:15;1.0436
29/12/2025 16:30;1.0736
29/12/2025 16:45;1.0395
29/12/2025 17:00;1.3894
29/12/2025 17:15;1.4234
29/12/2025 17:30;1.3130
29/12/2025 17:45;1.3781
29/12/2025 18:00;1.7408
29/12/2025 18:15;1.7921
29/12/2025 18:30;1.8356
29/12/2025 18:45;1.7015
29/12/2025 19:00;1.7691
29/12/2025 19:15;1.8424
29/12/2025 19:30;1.9257
29/12/2025 19:45;1.9594
29/12/2025 20:00;1.7660
29/12/2025 20:15;1.6039
29/12/2025 20:30;1.5954
29/12/2025 20:45;1.6408
29/12/2025 21:00;1.4005
29/12/2025 21:15;1.4039
29/12/2025 21:30;1.3931
29/12/2025 21:45;1.3990
29/12/2025 22:00;0.9584
29/12/2025 22:15;0.9701
29/12/2025 22:30;0.9385
29/12/2025 22:45;1.0005
29/12/2025 23:00;0.6441
29/12/2025 23:15;0.6851
29/12/2025 23:30;0.6709
29/12/2025 23:45;0.6644
30/12/2025 00:00;0.5260
30/12/2025 00:15;0.4843
30/12/2025 00:30;0.4999
30/12/2025 00:45;0.5035
30/12/2025 01:00;0.4447
30/12/2025 01:15;0.4558
30/12/2025 01:30;0.4495
30/12/2025 01:45;0.4330
30/12/2025 02:00;0.4370
30/12/2025 02:15;0.4246
30/12/2025 02:30;0.4259
30/12/2025 02:45;0.4364
30/12/2025 03:00;0.4619
30/12/2025 03:15;0.4742
30/12/2025 03:30;0.4580
30/12/2025 03:45;0.4442
30/12/2025 04:00;0.4954
30/12/2025 04:15;0.5046
30/12/2025 04:30;0.5157
30/12/2025 04:45;0.4957
30/12/2025 05:00;0.7694
30/12/2025 05:15;0.7413
30/12/2025 05:30;0.7210
30/12/2025 05:45;0.7747
30/12/2025 06:00;1.3122
30/12/2025 06:15;1.3190
30/12/2025 06:30;1.2885
30/12/2025 06:45;1.2283
30/12/2025 07:00;1.5776
30/12/2025 07:15;1.5925
30/12/2025 07:30;1.5139
30/12/2025 07:45;1.5836
30/12/2025 08:00;1.2070
30/12/2025 08:15;1.1620
30/12/2025 08:30;1.1268
30/12/2025 08:45;1.1445
30/12/2025 09:00;0.8518
30/12/2025 09:15;0.8863
30/12/2025 09:30;0.8733
30/12/2025 09:45;0.8471
30/12/2025 10:00;0.8293
30/12/2025 10:15;0.7743
30/12/2025 10:30;0.8233
30/12/2025 10:45;0.8269
30/12/2025 11:00;0.8377
30/12/2025 11:15;0.8346
30/12/2025 11:30;0.8358
30/12/2025 11:45;0.8423
30/12/2025 12:00;0.9415
30/12/2025 12:15;0.9046
30/12/2025 12:30;0.8755
30/12/2025 12:45;0.8819
30/12/2025 13:00;0.7999
30/12/2025 13:15;0.8658
30/12/2025 13:30;0.8267
30/12/2025 13:45;0.8317
30/12/2025 14:00;0.8344
30/12/2025 14:15;0.8263
30/12/2025 14:30;0.7939
30/12/2025 14:45;0.8023
30/12/2025 15:00;0.8283
30/12/2025 15:15;0.8647
30/12/2025 15:30;0.7791
30/12/2025 15:45;0.8513
30/12/2025 16:00;1.0057
30/12/2025 16:15;0.9655
30/12/2025 16:30;0.9405
30/12/2025 16:45;0.9984
30/12/2025 17:00;1.3596
30/12/2025 17:15;1.2861
30/12/2025 17:30;1.2998
30/12/2025 17:45;1.3287
30/12/2025 18:00;1.6490
30/12/2025 18:15;1.6923
30/12/2025 18:30;1.7811
30/12/2025 18:45;1.6474
30/12/2025 19:00;1.8356
30/12/2025 19:15;1.7556
30/12/2025 19:30;1.7668
30/12/2025 19:45;1.7389
30/12/2025 20:00;1.5465
30/12/2025 20:15;1.5500
30/12/2025 20:30;1.6452
30/12/2025 20:45;1.6326
30/12/2025 21:00;1.2842
30/12/2025 21:15;1.3078
30/12/2025 21:30;1.2698
30/12/2025 21:45;1.2992
30/12/2025 22:00;0.9417
30/12/2025 22:15;0.8879
30/12/2025 22:30;0.9239
30/12/2025 22:45;0.9245
30/12/2025 23:00;0.6181
30/12/2025 23:15;0.6168
30/12/2025 23:30;0.6098
30/12/2025 23:45;0.6242
31/12/2025 00:00;0.5193
31/12/2025 00:15;0.4973
31/12/2025 00:30;0.5006
31/12/2025 00:45;0.4933
31/12/2025 01:00;0.4229
31/12/2025 01:15;0.4381
31/12/2025 01:30;0.4334
31/12/2025 01:45;0.4301
31/12/2025 02:00;0.4294
31/12/2025 02:15;0.4251
31/12/2025 02:30;0.4182
31/12/2025 02:45;0.4266
31/12/2025 03:00;0.4498
31/12/2025 03:15;0.4467
31/12/2025 03:30;0.4430
31/12/2025 03:45;0.4569
31/12/2025 04:00;0.5177
31/12/2025 04:15;0.4912
31/12/2025 04:30;0.4985
31/12/2025 04:45;0.4927
31/12/2025 05:00;0.7561
31/12/2025 05:15;0.7398
31/12/2025 05:30;0.7627
31/12/2025 05:45;0.7310
31/12/2025 06:00;1.3034
31/12/2025 06:15;1.2086
31/12/2025 06:30;1.2921
31/12/2025 06:45;1.1923
31/12/2025 07:00;1.5741
31/12/2025 07:15;1.5535
31/12/2025 07:30;1.5066
31/12/2025 07:45;1.5747
31/12/2025 08:00;1.1368
31/12/2025 08:15;1.2187
31/12/2025 08:30;1.1947
31/12/2025 08:45;1.2084
31/12/2025 09:00;0.8954
31/12/2025 09:15;0.8793
31/12/2025 09:30;0.8559
31/12/2025 09:45;0.9097
31/12/2025 10:00;0.8146
31/12/2025 10:15;0.8051
31/12/2025 10:30;0.8115
31/12/2025 10:45;0.8088
31/12/2025 11:00;0.8128
31/12/2025 11:15;0.8450
31/12/2025 11:30;0.8377
31/12/2025 11:45;0.8315
31/12/2025 12:00;0.8733
31/12/2025 12:15;0.8499
31/12/2025 12:30;0.8839
31/12/2025 12:45;0.9067
31/12/2025 13:00;0.8407
31/12/2025 13:15;0.8411
31/12/2025 13:30;0.9003
31/12/2025 13:45;0.7914
31/12/2025 14:00;0.8182
31/12/2025 14:15;0.8174
31/12/2025 14:30;0.7994
31/12/2025 14:45;0.7854
31/12/2025 15:00;0.8367
31/12/2025 15:15;0.8749
31/12/2025 15:30;0.8330
31/12/2025 15:45;0.8352
31/12/2025 16:00;0.9337
31/12/2025 16:15;0.9783
31/12/2025 16:30;1.0354
31/12/2025 16:45;0.9908
31/12/2025 17:00;1.2789
31/12/2025 17:15;1.2672
31/12/2025 17:30;1.3334
31/12/2025 17:45;1.3036
31/12/2025 18:00;1.6436
31/12/2025 18:15;1.5339
31/12/2025 18:30;1.5976
31/12/2025 18:45;1.6009
31/12/2025 19:00;1.7325
31/12/2025 19:15;1.7561
31/12/2025 19:30;1.6635
31/12/2025 19:45;1.7811
31/12/2025 20:00;1.6029
31/12/2025 20:15;1.5346
31/12/2025 20:30;1.4375
31/12/2025 20:45;1.5425
31/12/2025 21:00;1.1851
31/12/2025 21:15;1.3022
31/12/2025 21:30;1.2807
31/12/2025 21:45;1.2759
31/12/2025 22:00;0.8680
31/12/2025 22:15;0.9016
31/12/2025 22:30;0.8771
31/12/2025 22:45;0.8862
31/12/2025 23:00;0.5934
31/12/2025 23:15;0.6043
31/12/2025 23:30;0.5884
31/12/2025 23:45;0.5939
