timestamp;price
2025-01-01 00:00:00;10.62
2025-01-01 00:15:00;10.62
2025-01-01 00:30:00;10.62
2025-01-01 00:45:00;10.62
2025-01-01 01:00:00;10.27
2025-01-01 01:15:00;10.27
2025-01-01 01:30:00;10.27
2025-01-01 01:45:00;10.27
2025-01-01 02:00:00;8.38
2025-01-01 02:15:00;8.38
2025-01-01 02:30:00;8.38
2025-01-01 02:45:00;8.38
2025-01-01 03:00:00;6.61
2025-01-01 03:15:00;6.61
2025-01-01 03:30:00;6.61
2025-01-01 03:45:00;6.61
2025-01-01 04:00:00;2.29
2025-01-01 04:15:00;2.29
2025-01-01 04:30:00;2.29
2025-01-01 04:45:00;2.29
2025-01-01 05:00:00;3.01
2025-01-01 05:15:00;3.01
2025-01-01 05:30:00;3.01
2025-01-01 05:45:00;3.01
2025-01-01 06:00:00;3.52
2025-01-01 06:15:00;3.52
2025-01-01 06:30:00;3.52
2025-01-01 06:45:00;3.52
2025-01-01 07:00:00;2.55
2025-01-01 07:15:00;2.55
2025-01-01 07:30:00;2.55
2025-01-01 07:45:00;2.55
2025-01-01 08:00:00;4.24
2025-01-01 08:15:00;4.24
2025-01-01 08:30:00;4.24
2025-01-01 08:45:00;4.24
2025-01-01 09:00:00;7.50
2025-01-01 09:15:00;7.50
2025-01-01 09:30:00;7.50
2025-01-01 09:45:00;7.50
2025-01-01 10:00:00;15.91
2025-01-01 10:15:00;15.91
2025-01-01 10:30:00;15.91
2025-01-01 10:45:00;15.91
2025-01-01 11:00:00;20.59
2025-01-01 11:15:00;20.59
2025-01-01 11:30:00;20.59
2025-01-01 11:45:00;20.59
2025-01-01 12:00:00;29.94
2025-01-01 12:15:00;29.94
2025-01-01 12:30:00;29.94
2025-01-01 12:45:00;29.94
2025-01-01 13:00:00;37.14
2025-01-01 13:15:00;37.14
2025-01-01 13:30:00;37.14
2025-01-01 13:45:00;37.14
2025-01-01 14:00:00;26.32
2025-01-01 14:15:00;26.32
2025-01-01 14:30:00;26.32
2025-01-01 14:45:00;26.32
2025-01-01 15:00:00;22.10
2025-01-01 15:15:00;22.10
2025-01-01 15:30:00;22.10
2025-01-01 15:45:00;22.10
2025-01-01 16:00:00;19.28
2025-01-01 16:15:00;19.28
2025-01-01 16:30:00;19.28
2025-01-01 16:45:00;19.28
2025-01-01 17:00:00;41.92
2025-01-01 17:15:00;41.92
2025-01-01 17:30:00;41.92
2025-01-01 17:45:00;41.92
2025-01-01 18:00:00;57.95
2025-01-01 18:15:00;57.95
2025-01-01 18:30:00;57.95
2025-01-01 18:45:00;57.95
2025-01-01 19:00:00;59.23
2025-01-01 19:15:00;59.23
2025-01-01 19:30:00;59.23
2025-01-01 19:45:00;59.23
2025-01-01 20:00:00;45.86
2025-01-01 20:15:00;45.86
2025-01-01 20:30:00;45.86
2025-01-01 20:45:00;45.86
2025-01-01 21:00:00;38.46
2025-01-01 21:15:00;38.46
2025-01-01 21:30:00;38.46
2025-01-01 21:45:00;38.46
2025-01-01 22:00:00;32.07
2025-01-01 22:15:00;32.07
2025-01-01 22:30:00;32.07
2025-01-01 22:45:00;32.07
2025-01-01 23:00:00;25.49
2025-01-01 23:15:00;25.49
2025-01-01 23:30:00;25.49
2025-01-01 23:45:00;25.49
2025-01-02 00:00:00;46.42
2025-01-02 00:15:00;46.42
2025-01-02 00:30:00;46.42
2025-01-02 00:45:00;46.42
2025-01-02 01:00:00;61.27
2025-01-02 01:15:00;61.27
2025-01-02 01:30:00;61.27
2025-01-02 01:45:00;61.27
2025-01-02 02:00:00;62.37
2025-01-02 02:15:00;62.37
2025-01-02 02:30:00;62.37
2025-01-02 02:45:00;62.37
2025-01-02 03:00:00;59.83
2025-01-02 03:15:00;59.83
2025-01-02 03:30:00;59.83
2025-01-02 03:45:00;59.83
2025-01-02 04:00:00;52.61
2025-01-02 04:15:00;52.61
2025-01-02 04:30:00;52.61
2025-01-02 04:45:00;52.61
2025-01-02 05:00:00;61.63
2025-01-02 05:15:00;61.63
2025-01-02 05:30:00;61.63
2025-01-02 05:45:00;61.63
2025-01-02 06:00:00;103.55
2025-01-02 06:15:00;103.55
2025-01-02 06:30:00;103.55
2025-01-02 06:45:00;103.55
2025-01-02 07:00:00;129.62
2025-01-02 07:15:00;129.62
2025-01-02 07:30:00;129.62
2025-01-02 07:45:00;129.62
2025-01-02 08:00:00;142.71
2025-01-02 08:15:00;142.71
2025-01-02 08:30:00;142.71
2025-01-02 08:45:00;142.71
2025-01-02 09:00:00;141.40
2025-01-02 09:15:00;141.40
2025-01-02 09:30:00;141.40
2025-01-02 09:45:00;141.40
2025-01-02 10:00:00;130.25
2025-01-02 10:15:00;130.25
2025-01-02 10:30:00;130.25
2025-01-02 10:45:00;130.25
2025-01-02 11:00:00;130.60
2025-01-02 11:15:00;130.60
2025-01-02 11:30:00;130.60
2025-01-02 11:45:00;130.60
2025-01-02 12:00:00;133.89
2025-01-02 12:15:00;133.89
2025-01-02 12:30:00;133.89
2025-01-02 12:45:00;133.89
2025-01-02 13:00:00;124.11
2025-01-02 13:15:00;124.11
2025-01-02 13:30:00;124.11
2025-01-02 13:45:00;124.11
2025-01-02 14:00:00;126.45
2025-01-02 14:15:00;126.45
2025-01-02 14:30:00;126.45
2025-01-02 14:45:00;126.45
2025-01-02 15:00:00;130.11
2025-01-02 15:15:00;130.11
2025-01-02 15:30:00;130.11
2025-01-02 15:45:00;130.11
2025-01-02 16:00:00;139.04
2025-01-02 16:15:00;139.04
2025-01-02 16:30:00;139.04
2025-01-02 16:45:00;139.04
2025-01-02 17:00:00;153.13
2025-01-02 17:15:00;153.13
2025-01-02 17:30:00;153.13
2025-01-02 17:45:00;153.13
2025-01-02 18:00:00;153.04
2025-01-02 18:15:00;153.04
2025-01-02 18:30:00;153.04
2025-01-02 18:45:00;153.04
2025-01-02 19:00:00;153.06
2025-01-02 19:15:00;153.06
2025-01-02 19:30:00;153.06
2025-01-02 19:45:00;153.06
2025-01-02 20:00:00;131.07
2025-01-02 20:15:00;131.07
2025-01-02 20:30:00;131.07
2025-01-02 20:45:00;131.07
2025-01-02 21:00:00;120.23
2025-01-02 21:15:00;120.23
2025-01-02 21:30:00;120.23
2025-01-02 21:45:00;120.23
2025-01-02 22:00:00;117.97
2025-01-02 22:15:00;117.97
2025-01-02 22:30:00;117.97
2025-01-02 22:45:00;117.97
2025-01-02 23:00:00;112.03
2025-01-02 23:15:00;112.03
2025-01-02 23:30:00;112.03
2025-01-02 23:45:00;112.03
2025-01-03 00:00:00;105.68
2025-01-03 00:15:00;105.68
2025-01-03 00:30:00;105.68
2025-01-03 00:45:00;105.68
2025-01-03 01:00:00;98.54
2025-01-03 01:15:00;98.54
2025-01-03 01:30:00;98.54
2025-01-03 01:45:00;98.54
2025-01-03 02:00:00;92.04
2025-01-03 02:15:00;92.04
2025-01-03 02:30:00;92.04
2025-01-03 02:45:00;92.04
2025-01-03 03:00:00;89.37
2025-01-03 03:15:00;89.37
2025-01-03 03:30:00;89.37
2025-01-03 03:45:00;89.37
2025-01-03 04:00:00;80.99
2025-01-03 04:15:00;80.99
2025-01-03 04:30:00;80.99
2025-01-03 04:45:00;80.99
2025-01-03 05:00:00;99.97
2025-01-03 05:15:00;99.97
2025-01-03 05:30:00;99.97
2025-01-03 05:45:00;99.97
2025-01-03 06:00:00;108.81
2025-01-03 06:15:00;108.81
2025-01-03 06:30:00;108.81
2025-01-03 06:45:00;108.81
2025-01-03 07:00:00;113.19
2025-01-03 07:15:00;113.19
2025-01-03 07:30:00;113.19
2025-01-03 07:45:00;113.19
2025-01-03 08:00:00;117.00
2025-01-03 08:15:00;117.00
2025-01-03 08:30:00;117.00
2025-01-03 08:45:00;117.00
2025-01-03 09:00:00;147.51
2025-01-03 09:15:00;147.51
2025-01-03 09:30:00;147.51
2025-01-03 09:45:00;147.51
2025-01-03 10:00:00;145.19
2025-01-03 10:15:00;145.19
2025-01-03 10:30:00;145.19
2025-01-03 10:45:00;145.19
2025-01-03 11:00:00;101.44
2025-01-03 11:15:00;101.44
2025-01-03 11:30:00;101.44
2025-01-03 11:45:00;101.44
2025-01-03 12:00:00;95.63
2025-01-03 12:15:00;95.63
2025-01-03 12:30:00;95.63
2025-01-03 12:45:00;95.63
2025-01-03 13:00:00;97.72
2025-01-03 13:15:00;97.72
2025-01-03 13:30:00;97.72
2025-01-03 13:45:00;97.72
2025-01-03 14:00:00;101.95
2025-01-03 14:15:00;101.95
2025-01-03 14:30:00;101.95
2025-01-03 14:45:00;101.95
2025-01-03 15:00:00;119.96
2025-01-03 15:15:00;119.96
2025-01-03 15:30:00;119.96
2025-01-03 15:45:00;119.96
2025-01-03 16:00:00;133.32
2025-01-03 16:15:00;133.32
2025-01-03 16:30:00;133.32
2025-01-03 16:45:00;133.32
2025-01-03 17:00:00;158.28
2025-01-03 17:15:00;158.28
2025-01-03 17:30:00;158.28
2025-01-03 17:45:00;158.28
2025-01-03 18:00:00;166.95
2025-01-03 18:15:00;166.95
2025-01-03 18:30:00;166.95
2025-01-03 18:45:00;166.95
2025-01-03 19:00:00;161.94
2025-01-03 19:15:00;161.94
2025-01-03 19:30:00;161.94
2025-01-03 19:45:00;161.94
2025-01-03 20:00:00;147.31
2025-01-03 20:15:00;147.31
2025-01-03 20:30:00;147.31
2025-01-03 20:45:00;147.31
2025-01-03 21:00:00;124.91
2025-01-03 21:15:00;124.91
2025-01-03 21:30:00;124.91
2025-01-03 21:45:00;124.91
2025-01-03 22:00:00;138.25
2025-01-03 22:15:00;138.25
2025-01-03 22:30:00;138.25
2025-01-03 22:45:00;138.25
2025-01-03 23:00:00;136.75
2025-01-03 23:15:00;136.75
2025-01-03 23:30:00;136.75
2025-01-03 23:45:00;136.75
2025-01-04 00:00:00;115.00
2025-01-04 00:15:00;115.00
2025-01-04 00:30:00;115.00
2025-01-04 00:45:00;115.00
2025-01-04 01:00:00;105.11
2025-01-04 01:15:00;105.11
2025-01-04 01:30:00;105.11
2025-01-04 01:45:00;105.11
2025-01-04 02:00:00;96.77
2025-01-04 02:15:00;96.77
2025-01-04 02:30:00;96.77
2025-01-04 02:45:00;96.77
2025-01-04 03:00:00;94.70
2025-01-04 03:15:00;94.70
2025-01-04 03:30:00;94.70
2025-01-04 03:45:00;94.70
2025-01-04 04:00:00;96.32
2025-01-04 04:15:00;96.32
2025-01-04 04:30:00;96.32
2025-01-04 04:45:00;96.32
2025-01-04 05:00:00;102.40
2025-01-04 05:15:00;102.40
2025-01-04 05:30:00;102.40
2025-01-04 05:45:00;102.40
2025-01-04 06:00:00;110.78
2025-01-04 06:15:00;110.78
2025-01-04 06:30:00;110.78
2025-01-04 06:45:00;110.78
2025-01-04 07:00:00;120.10
2025-01-04 07:15:00;120.10
2025-01-04 07:30:00;120.10
2025-01-04 07:45:00;120.10
2025-01-04 08:00:00;128.39
2025-01-04 08:15:00;128.39
2025-01-04 08:30:00;128.39
2025-01-04 08:45:00;128.39
2025-01-04 09:00:00;130.75
2025-01-04 09:15:00;130.75
2025-01-04 09:30:00;130.75
2025-01-04 09:45:00;130.75
2025-01-04 10:00:00;130.34
2025-01-04 10:15:00;130.34
2025-01-04 10:30:00;130.34
2025-01-04 10:45:00;130.34
2025-01-04 11:00:00;128.29
2025-01-04 11:15:00;128.29
2025-01-04 11:30:00;128.29
2025-01-04 11:45:00;128.29
2025-01-04 12:00:00;130.03
2025-01-04 12:15:00;130.03
2025-01-04 12:30:00;130.03
2025-01-04 12:45:00;130.03
2025-01-04 13:00:00;129.85
2025-01-04 13:15:00;129.85
2025-01-04 13:30:00;129.85
2025-01-04 13:45:00;129.85
2025-01-04 14:00:00;136.40
2025-01-04 14:15:00;136.40
2025-01-04 14:30:00;136.40
2025-01-04 14:45:00;136.40
2025-01-04 15:00:00;138.81
2025-01-04 15:15:00;138.81
2025-01-04 15:30:00;138.81
2025-01-04 15:45:00;138.81
2025-01-04 16:00:00;136.85
2025-01-04 16:15:00;136.85
2025-01-04 16:30:00;136.85
2025-01-04 16:45:00;136.85
2025-01-04 17:00:00;142.53
2025-01-04 17:15:00;142.53
2025-01-04 17:30:00;142.53
2025-01-04 17:45:00;142.53
2025-01-04 18:00:00;144.38
2025-01-04 18:15:00;144.38
2025-01-04 18:30:00;144.38
2025-01-04 18:45:00;144.38
2025-01-04 19:00:00;138.84
2025-01-04 19:15:00;138.84
2025-01-04 19:30:00;138.84
2025-01-04 19:45:00;138.84
2025-01-04 20:00:00;129.99
2025-01-04 20:15:00;129.99
2025-01-04 20:30:00;129.99
2025-01-04 20:45:00;129.99
2025-01-04 21:00:00;123.33
2025-01-04 21:15:00;123.33
2025-01-04 21:30:00;123.33
2025-01-04 21:45:00;123.33
2025-01-04 22:00:00;118.76
2025-01-04 22:15:00;118.76
2025-01-04 22:30:00;118.76
2025-01-04 22:45:00;118.76
2025-01-04 23:00:00;109.70
2025-01-04 23:15:00;109.70
2025-01-04 23:30:00;109.70
2025-01-04 23:45:00;109.70
2025-01-05 00:00:00;106.68
2025-01-05 00:15:00;106.68
2025-01-05 00:30:00;106.68
2025-01-05 00:45:00;106.68
2025-01-05 01:00:00;81.88
2025-01-05 01:15:00;81.88
2025-01-05 01:30:00;81.88
2025-01-05 01:45:00;81.88
2025-01-05 02:00:00;74.60
2025-01-05 02:15:00;74.60
2025-01-05 02:30:00;74.60
2025-01-05 02:45:00;74.60
2025-01-05 03:00:00;63.59
2025-01-05 03:15:00;63.59
2025-01-05 03:30:00;63.59
2025-01-05 03:45:00;63.59
2025-01-05 04:00:00;58.84
2025-01-05 04:15:00;58.84
2025-01-05 04:30:00;58.84
2025-01-05 04:45:00;58.84
2025-01-05 05:00:00;51.18
2025-01-05 05:15:00;51.18
2025-01-05 05:30:00;51.18
2025-01-05 05:45:00;51.18
2025-01-05 06:00:00;49.58
2025-01-05 06:15:00;49.58
2025-01-05 06:30:00;49.58
2025-01-05 06:45:00;49.58
2025-01-05 07:00:00;54.29
2025-01-05 07:15:00;54.29
2025-01-05 07:30:00;54.29
2025-01-05 07:45:00;54.29
2025-01-05 08:00:00;62.20
2025-01-05 08:15:00;62.20
2025-01-05 08:30:00;62.20
2025-01-05 08:45:00;62.20
2025-01-05 09:00:00;62.60
2025-01-05 09:15:00;62.60
2025-01-05 09:30:00;62.60
2025-01-05 09:45:00;62.60
2025-01-05 10:00:00;64.17
2025-01-05 10:15:00;64.17
2025-01-05 10:30:00;64.17
2025-01-05 10:45:00;64.17
2025-01-05 11:00:00;60.18
2025-01-05 11:15:00;60.18
2025-01-05 11:30:00;60.18
2025-01-05 11:45:00;60.18
2025-01-05 12:00:00;68.20
2025-01-05 12:15:00;68.20
2025-01-05 12:30:00;68.20
2025-01-05 12:45:00;68.20
2025-01-05 13:00:00;59.23
2025-01-05 13:15:00;59.23
2025-01-05 13:30:00;59.23
2025-01-05 13:45:00;59.23
2025-01-05 14:00:00;52.71
2025-01-05 14:15:00;52.71
2025-01-05 14:30:00;52.71
2025-01-05 14:45:00;52.71
2025-01-05 15:00:00;37.25
2025-01-05 15:15:00;37.25
2025-01-05 15:30:00;37.25
2025-01-05 15:45:00;37.25
2025-01-05 16:00:00;39.38
2025-01-05 16:15:00;39.38
2025-01-05 16:30:00;39.38
2025-01-05 16:45:00;39.38
2025-01-05 17:00:00;59.60
2025-01-05 17:15:00;59.60
2025-01-05 17:30:00;59.60
2025-01-05 17:45:00;59.60
2025-01-05 18:00:00;62.25
2025-01-05 18:15:00;62.25
2025-01-05 18:30:00;62.25
2025-01-05 18:45:00;62.25
2025-01-05 19:00:00;54.18
2025-01-05 19:15:00;54.18
2025-01-05 19:30:00;54.18
2025-01-05 19:45:00;54.18
2025-01-05 20:00:00;44.50
2025-01-05 20:15:00;44.50
2025-01-05 20:30:00;44.50
2025-01-05 20:45:00;44.50
2025-01-05 21:00:00;42.97
2025-01-05 21:15:00;42.97
2025-01-05 21:30:00;42.97
2025-01-05 21:45:00;42.97
2025-01-05 22:00:00;34.88
2025-01-05 22:15:00;34.88
2025-01-05 22:30:00;34.88
2025-01-05 22:45:00;34.88
2025-01-05 23:00:00;20.36
2025-01-05 23:15:00;20.36
2025-01-05 23:30:00;20.36
2025-01-05 23:45:00;20.36
2025-01-06 00:00:00;16.66
2025-01-06 00:15:00;16.66
2025-01-06 00:30:00;16.66
2025-01-06 00:45:00;16.66
2025-01-06 01:00:00;8.35
2025-01-06 01:15:00;8.35
2025-01-06 01:30:00;8.35
2025-01-06 01:45:00;8.35
2025-01-06 02:00:00;4.90
2025-01-06 02:15:00;4.90
2025-01-06 02:30:00;4.90
2025-01-06 02:45:00;4.90
2025-01-06 03:00:00;2.77
2025-01-06 03:15:00;2.77
2025-01-06 03:30:00;2.77
2025-01-06 03:45:00;2.77
2025-01-06 04:00:00;2.51
2025-01-06 04:15:00;2.51
2025-01-06 04:30:00;2.51
2025-01-06 04:45:00;2.51
2025-01-06 05:00:00;4.39
2025-01-06 05:15:00;4.39
2025-01-06 05:30:00;4.39
2025-01-06 05:45:00;4.39
2025-01-06 06:00:00;10.53
2025-01-06 06:15:00;10.53
2025-01-06 06:30:00;10.53
2025-01-06 06:45:00;10.53
2025-01-06 07:00:00;36.70
2025-01-06 07:15:00;36.70
2025-01-06 07:30:00;36.70
2025-01-06 07:45:00;36.70
2025-01-06 08:00:00;58.15
2025-01-06 08:15:00;58.15
2025-01-06 08:30:00;58.15
2025-01-06 08:45:00;58.15
2025-01-06 09:00:00;53.71
2025-01-06 09:15:00;53.71
2025-01-06 09:30:00;53.71
2025-01-06 09:45:00;53.71
2025-01-06 10:00:00;43.81
2025-01-06 10:15:00;43.81
2025-01-06 10:30:00;43.81
2025-01-06 10:45:00;43.81
2025-01-06 11:00:00;35.10
2025-01-06 11:15:00;35.10
2025-01-06 11:30:00;35.10
2025-01-06 11:45:00;35.10
2025-01-06 12:00:00;33.12
2025-01-06 12:15:00;33.12
2025-01-06 12:30:00;33.12
2025-01-06 12:45:00;33.12
2025-01-06 13:00:00;31.32
2025-01-06 13:15:00;31.32
2025-01-06 13:30:00;31.32
2025-01-06 13:45:00;31.32
2025-01-06 14:00:00;35.30
2025-01-06 14:15:00;35.30
2025-01-06 14:30:00;35.30
2025-01-06 14:45:00;35.30
2025-01-06 15:00:00;37.23
2025-01-06 15:15:00;37.23
2025-01-06 15:30:00;37.23
2025-01-06 15:45:00;37.23
2025-01-06 16:00:00;44.05
2025-01-06 16:15:00;44.05
2025-01-06 16:30:00;44.05
2025-01-06 16:45:00;44.05
2025-01-06 17:00:00;71.89
2025-01-06 17:15:00;71.89
2025-01-06 17:30:00;71.89
2025-01-06 17:45:00;71.89
2025-01-06 18:00:00;108.20
2025-01-06 18:15:00;108.20
2025-01-06 18:30:00;108.20
2025-01-06 18:45:00;108.20
2025-01-06 19:00:00;94.83
2025-01-06 19:15:00;94.83
2025-01-06 19:30:00;94.83
2025-01-06 19:45:00;94.83
2025-01-06 20:00:00;74.32
2025-01-06 20:15:00;74.32
2025-01-06 20:30:00;74.32
2025-01-06 20:45:00;74.32
2025-01-06 21:00:00;53.68
2025-01-06 21:15:00;53.68
2025-01-06 21:30:00;53.68
2025-01-06 21:45:00;53.68
2025-01-06 22:00:00;53.28
2025-01-06 22:15:00;53.28
2025-01-06 22:30:00;53.28
2025-01-06 22:45:00;53.28
2025-01-06 23:00:00;37.00
2025-01-06 23:15:00;37.00
2025-01-06 23:30:00;37.00
2025-01-06 23:45:00;37.00
2025-01-07 00:00:00;20.06
2025-01-07 00:15:00;20.06
2025-01-07 00:30:00;20.06
2025-01-07 00:45:00;20.06
2025-01-07 01:00:00;6.25
2025-01-07 01:15:00;6.25
2025-01-07 01:30:00;6.25
2025-01-07 01:45:00;6.25
2025-01-07 02:00:00;10.40
2025-01-07 02:15:00;10.40
2025-01-07 02:30:00;10.40
2025-01-07 02:45:00;10.40
2025-01-07 03:00:00;5.21
2025-01-07 03:15:00;5.21
2025-01-07 03:30:00;5.21
2025-01-07 03:45:00;5.21
2025-01-07 04:00:00;0.56
2025-01-07 04:15:00;0.56
2025-01-07 04:30:00;0.56
2025-01-07 04:45:00;0.56
2025-01-07 05:00:00;8.28
2025-01-07 05:15:00;8.28
2025-01-07 05:30:00;8.28
2025-01-07 05:45:00;8.28
2025-01-07 06:00:00;56.86
2025-01-07 06:15:00;56.86
2025-01-07 06:30:00;56.86
2025-01-07 06:45:00;56.86
2025-01-07 07:00:00;99.55
2025-01-07 07:15:00;99.55
2025-01-07 07:30:00;99.55
2025-01-07 07:45:00;99.55
2025-01-07 08:00:00;125.91
2025-01-07 08:15:00;125.91
2025-01-07 08:30:00;125.91
2025-01-07 08:45:00;125.91
2025-01-07 09:00:00;111.92
2025-01-07 09:15:00;111.92
2025-01-07 09:30:00;111.92
2025-01-07 09:45:00;111.92
2025-01-07 10:00:00;98.21
2025-01-07 10:15:00;98.21
2025-01-07 10:30:00;98.21
2025-01-07 10:45:00;98.21
2025-01-07 11:00:00;74.91
2025-01-07 11:15:00;74.91
2025-01-07 11:30:00;74.91
2025-01-07 11:45:00;74.91
2025-01-07 12:00:00;68.96
2025-01-07 12:15:00;68.96
2025-01-07 12:30:00;68.96
2025-01-07 12:45:00;68.96
2025-01-07 13:00:00;69.10
2025-01-07 13:15:00;69.10
2025-01-07 13:30:00;69.10
2025-01-07 13:45:00;69.10
2025-01-07 14:00:00;76.42
2025-01-07 14:15:00;76.42
2025-01-07 14:30:00;76.42
2025-01-07 14:45:00;76.42
2025-01-07 15:00:00;83.16
2025-01-07 15:15:00;83.16
2025-01-07 15:30:00;83.16
2025-01-07 15:45:00;83.16
2025-01-07 16:00:00;104.34
2025-01-07 16:15:00;104.34
2025-01-07 16:30:00;104.34
2025-01-07 16:45:00;104.34
2025-01-07 17:00:00;124.83
2025-01-07 17:15:00;124.83
2025-01-07 17:30:00;124.83
2025-01-07 17:45:00;124.83
2025-01-07 18:00:00;140.00
2025-01-07 18:15:00;140.00
2025-01-07 18:30:00;140.00
2025-01-07 18:45:00;140.00
2025-01-07 19:00:00;144.12
2025-01-07 19:15:00;144.12
2025-01-07 19:30:00;144.12
2025-01-07 19:45:00;144.12
2025-01-07 20:00:00;120.06
2025-01-07 20:15:00;120.06
2025-01-07 20:30:00;120.06
2025-01-07 20:45:00;120.06
2025-01-07 21:00:00;105.70
2025-01-07 21:15:00;105.70
2025-01-07 21:30:00;105.70
2025-01-07 21:45:00;105.70
2025-01-07 22:00:00;111.04
2025-01-07 22:15:00;111.04
2025-01-07 22:30:00;111.04
2025-01-07 22:45:00;111.04
2025-01-07 23:00:00;107.09
2025-01-07 23:15:00;107.09
2025-01-07 23:30:00;107.09
2025-01-07 23:45:00;107.09
2025-01-08 00:00:00;75.65
2025-01-08 00:15:00;75.65
2025-01-08 00:30:00;75.65
2025-01-08 00:45:00;75.65
2025-01-08 01:00:00;75.07
2025-01-08 01:15:00;75.07
2025-01-08 01:30:00;75.07
2025-01-08 01:45:00;75.07
2025-01-08 02:00:00;64.12
2025-01-08 02:15:00;64.12
2025-01-08 02:30:00;64.12
2025-01-08 02:45:00;64.12
2025-01-08 03:00:00;54.55
2025-01-08 03:15:00;54.55
2025-01-08 03:30:00;54.55
2025-01-08 03:45:00;54.55
2025-01-08 04:00:00;62.93
2025-01-08 04:15:00;62.93
2025-01-08 04:30:00;62.93
2025-01-08 04:45:00;62.93
2025-01-08 05:00:00;69.41
2025-01-08 05:15:00;69.41
2025-01-08 05:30:00;69.41
2025-01-08 05:45:00;69.41
2025-01-08 06:00:00;100.00
2025-01-08 06:15:00;100.00
2025-01-08 06:30:00;100.00
2025-01-08 06:45:00;100.00
2025-01-08 07:00:00;132.35
2025-01-08 07:15:00;132.35
2025-01-08 07:30:00;132.35
2025-01-08 07:45:00;132.35
2025-01-08 08:00:00;136.47
2025-01-08 08:15:00;136.47
2025-01-08 08:30:00;136.47
2025-01-08 08:45:00;136.47
2025-01-08 09:00:00;143.80
2025-01-08 09:15:00;143.80
2025-01-08 09:30:00;143.80
2025-01-08 09:45:00;143.80
2025-01-08 10:00:00;142.88
2025-01-08 10:15:00;142.88
2025-01-08 10:30:00;142.88
2025-01-08 10:45:00;142.88
2025-01-08 11:00:00;106.89
2025-01-08 11:15:00;106.89
2025-01-08 11:30:00;106.89
2025-01-08 11:45:00;106.89
2025-01-08 12:00:00;100.44
2025-01-08 12:15:00;100.44
2025-01-08 12:30:00;100.44
2025-01-08 12:45:00;100.44
2025-01-08 13:00:00;100.59
2025-01-08 13:15:00;100.59
2025-01-08 13:30:00;100.59
2025-01-08 13:45:00;100.59
2025-01-08 14:00:00;110.28
2025-01-08 14:15:00;110.28
2025-01-08 14:30:00;110.28
2025-01-08 14:45:00;110.28
2025-01-08 15:00:00;127.80
2025-01-08 15:15:00;127.80
2025-01-08 15:30:00;127.80
2025-01-08 15:45:00;127.80
2025-01-08 16:00:00;135.41
2025-01-08 16:15:00;135.41
2025-01-08 16:30:00;135.41
2025-01-08 16:45:00;135.41
2025-01-08 17:00:00;153.67
2025-01-08 17:15:00;153.67
2025-01-08 17:30:00;153.67
2025-01-08 17:45:00;153.67
2025-01-08 18:00:00;151.86
2025-01-08 18:15:00;151.86
2025-01-08 18:30:00;151.86
2025-01-08 18:45:00;151.86
2025-01-08 19:00:00;137.60
2025-01-08 19:15:00;137.60
2025-01-08 19:30:00;137.60
2025-01-08 19:45:00;137.60
2025-01-08 20:00:00;129.58
2025-01-08 20:15:00;129.58
2025-01-08 20:30:00;129.58
2025-01-08 20:45:00;129.58
2025-01-08 21:00:00;118.70
2025-01-08 21:15:00;118.70
2025-01-08 21:30:00;118.70
2025-01-08 21:45:00;118.70
2025-01-08 22:00:00;113.19
2025-01-08 22:15:00;113.19
2025-01-08 22:30:00;113.19
2025-01-08 22:45:00;113.19
2025-01-08 23:00:00;100.13
2025-01-08 23:15:00;100.13
2025-01-08 23:30:00;100.13
2025-01-08 23:45:00;100.13
2025-01-09 00:00:00;93.56
2025-01-09 00:15:00;93.56
2025-01-09 00:30:00;93.56
2025-01-09 00:45:00;93.56
2025-01-09 01:00:00;91.23
2025-01-09 01:15:00;91.23
2025-01-09 01:30:00;91.23
2025-01-09 01:45:00;91.23
2025-01-09 02:00:00;87.54
2025-01-09 02:15:00;87.54
2025-01-09 02:30:00;87.54
2025-01-09 02:45:00;87.54
2025-01-09 03:00:00;78.21
2025-01-09 03:15:00;78.21
2025-01-09 03:30:00;78.21
2025-01-09 03:45:00;78.21
2025-01-09 04:00:00;76.69
2025-01-09 04:15:00;76.69
2025-01-09 04:30:00;76.69
2025-01-09 04:45:00;76.69
2025-01-09 05:00:00;84.45
2025-01-09 05:15:00;84.45
2025-01-09 05:30:00;84.45
2025-01-09 05:45:00;84.45
2025-01-09 06:00:00;89.37
2025-01-09 06:15:00;89.37
2025-01-09 06:30:00;89.37
2025-01-09 06:45:00;89.37
2025-01-09 07:00:00;113.71
2025-01-09 07:15:00;113.71
2025-01-09 07:30:00;113.71
2025-01-09 07:45:00;113.71
2025-01-09 08:00:00;126.29
2025-01-09 08:15:00;126.29
2025-01-09 08:30:00;126.29
2025-01-09 08:45:00;126.29
2025-01-09 09:00:00;123.71
2025-01-09 09:15:00;123.71
2025-01-09 09:30:00;123.71
2025-01-09 09:45:00;123.71
2025-01-09 10:00:00;117.40
2025-01-09 10:15:00;117.40
2025-01-09 10:30:00;117.40
2025-01-09 10:45:00;117.40
2025-01-09 11:00:00;110.30
2025-01-09 11:15:00;110.30
2025-01-09 11:30:00;110.30
2025-01-09 11:45:00;110.30
2025-01-09 12:00:00;108.11
2025-01-09 12:15:00;108.11
2025-01-09 12:30:00;108.11
2025-01-09 12:45:00;108.11
2025-01-09 13:00:00;98.97
2025-01-09 13:15:00;98.97
2025-01-09 13:30:00;98.97
2025-01-09 13:45:00;98.97
2025-01-09 14:00:00;98.13
2025-01-09 14:15:00;98.13
2025-01-09 14:30:00;98.13
2025-01-09 14:45:00;98.13
2025-01-09 15:00:00;103.68
2025-01-09 15:15:00;103.68
2025-01-09 15:30:00;103.68
2025-01-09 15:45:00;103.68
2025-01-09 16:00:00;115.01
2025-01-09 16:15:00;115.01
2025-01-09 16:30:00;115.01
2025-01-09 16:45:00;115.01
2025-01-09 17:00:00;131.25
2025-01-09 17:15:00;131.25
2025-01-09 17:30:00;131.25
2025-01-09 17:45:00;131.25
2025-01-09 18:00:00;135.64
2025-01-09 18:15:00;135.64
2025-01-09 18:30:00;135.64
2025-01-09 18:45:00;135.64
2025-01-09 19:00:00;143.18
2025-01-09 19:15:00;143.18
2025-01-09 19:30:00;143.18
2025-01-09 19:45:00;143.18
2025-01-09 20:00:00;119.98
2025-01-09 20:15:00;119.98
2025-01-09 20:30:00;119.98
2025-01-09 20:45:00;119.98
2025-01-09 21:00:00;105.39
2025-01-09 21:15:00;105.39
2025-01-09 21:30:00;105.39
2025-01-09 21:45:00;105.39
2025-01-09 22:00:00;101.50
2025-01-09 22:15:00;101.50
2025-01-09 22:30:00;101.50
2025-01-09 22:45:00;101.50
2025-01-09 23:00:00;100.00
2025-01-09 23:15:00;100.00
2025-01-09 23:30:00;100.00
2025-01-09 23:45:00;100.00
2025-01-10 00:00:00;87.68
2025-01-10 00:15:00;87.68
2025-01-10 00:30:00;87.68
2025-01-10 00:45:00;87.68
2025-01-10 01:00:00;80.24
2025-01-10 01:15:00;80.24
2025-01-10 01:30:00;80.24
2025-01-10 01:45:00;80.24
2025-01-10 02:00:00;71.70
2025-01-10 02:15:00;71.70
2025-01-10 02:30:00;71.70
2025-01-10 02:45:00;71.70
2025-01-10 03:00:00;69.51
2025-01-10 03:15:00;69.51
2025-01-10 03:30:00;69.51
2025-01-10 03:45:00;69.51
2025-01-10 04:00:00;69.98
2025-01-10 04:15:00;69.98
2025-01-10 04:30:00;69.98
2025-01-10 04:45:00;69.98
2025-01-10 05:00:00;84.48
2025-01-10 05:15:00;84.48
2025-01-10 05:30:00;84.48
2025-01-10 05:45:00;84.48
2025-01-10 06:00:00;100.93
2025-01-10 06:15:00;100.93
2025-01-10 06:30:00;100.93
2025-01-10 06:45:00;100.93
2025-01-10 07:00:00;125.33
2025-01-10 07:15:00;125.33
2025-01-10 07:30:00;125.33
2025-01-10 07:45:00;125.33
2025-01-10 08:00:00;139.92
2025-01-10 08:15:00;139.92
2025-01-10 08:30:00;139.92
2025-01-10 08:45:00;139.92
2025-01-10 09:00:00;137.07
2025-01-10 09:15:00;137.07
2025-01-10 09:30:00;137.07
2025-01-10 09:45:00;137.07
2025-01-10 10:00:00;123.57
2025-01-10 10:15:00;123.57
2025-01-10 10:30:00;123.57
2025-01-10 10:45:00;123.57
2025-01-10 11:00:00;113.59
2025-01-10 11:15:00;113.59
2025-01-10 11:30:00;113.59
2025-01-10 11:45:00;113.59
2025-01-10 12:00:00;107.43
2025-01-10 12:15:00;107.43
2025-01-10 12:30:00;107.43
2025-01-10 12:45:00;107.43
2025-01-10 13:00:00;105.01
2025-01-10 13:15:00;105.01
2025-01-10 13:30:00;105.01
2025-01-10 13:45:00;105.01
2025-01-10 14:00:00;110.01
2025-01-10 14:15:00;110.01
2025-01-10 14:30:00;110.01
2025-01-10 14:45:00;110.01
2025-01-10 15:00:00;128.69
2025-01-10 15:15:00;128.69
2025-01-10 15:30:00;128.69
2025-01-10 15:45:00;128.69
2025-01-10 16:00:00;135.21
2025-01-10 16:15:00;135.21
2025-01-10 16:30:00;135.21
2025-01-10 16:45:00;135.21
2025-01-10 17:00:00;142.63
2025-01-10 17:15:00;142.63
2025-01-10 17:30:00;142.63
2025-01-10 17:45:00;142.63
2025-01-10 18:00:00;144.20
2025-01-10 18:15:00;144.20
2025-01-10 18:30:00;144.20
2025-01-10 18:45:00;144.20
2025-01-10 19:00:00;141.16
2025-01-10 19:15:00;141.16
2025-01-10 19:30:00;141.16
2025-01-10 19:45:00;141.16
2025-01-10 20:00:00;134.82
2025-01-10 20:15:00;134.82
2025-01-10 20:30:00;134.82
2025-01-10 20:45:00;134.82
2025-01-10 21:00:00;122.51
2025-01-10 21:15:00;122.51
2025-01-10 21:30:00;122.51
2025-01-10 21:45:00;122.51
2025-01-10 22:00:00;119.78
2025-01-10 22:15:00;119.78
2025-01-10 22:30:00;119.78
2025-01-10 22:45:00;119.78
2025-01-10 23:00:00;111.86
2025-01-10 23:15:00;111.86
2025-01-10 23:30:00;111.86
2025-01-10 23:45:00;111.86
2025-01-11 00:00:00;114.57
2025-01-11 00:15:00;114.57
2025-01-11 00:30:00;114.57
2025-01-11 00:45:00;114.57
2025-01-11 01:00:00;101.36
2025-01-11 01:15:00;101.36
2025-01-11 01:30:00;101.36
2025-01-11 01:45:00;101.36
2025-01-11 02:00:00;96.41
2025-01-11 02:15:00;96.41
2025-01-11 02:30:00;96.41
2025-01-11 02:45:00;96.41
2025-01-11 03:00:00;92.51
2025-01-11 03:15:00;92.51
2025-01-11 03:30:00;92.51
2025-01-11 03:45:00;92.51
2025-01-11 04:00:00;91.51
2025-01-11 04:15:00;91.51
2025-01-11 04:30:00;91.51
2025-01-11 04:45:00;91.51
2025-01-11 05:00:00;93.35
2025-01-11 05:15:00;93.35
2025-01-11 05:30:00;93.35
2025-01-11 05:45:00;93.35
2025-01-11 06:00:00;98.37
2025-01-11 06:15:00;98.37
2025-01-11 06:30:00;98.37
2025-01-11 06:45:00;98.37
2025-01-11 07:00:00;107.80
2025-01-11 07:15:00;107.80
2025-01-11 07:30:00;107.80
2025-01-11 07:45:00;107.80
2025-01-11 08:00:00;120.00
2025-01-11 08:15:00;120.00
2025-01-11 08:30:00;120.00
2025-01-11 08:45:00;120.00
2025-01-11 09:00:00;126.28
2025-01-11 09:15:00;126.28
2025-01-11 09:30:00;126.28
2025-01-11 09:45:00;126.28
2025-01-11 10:00:00;122.94
2025-01-11 10:15:00;122.94
2025-01-11 10:30:00;122.94
2025-01-11 10:45:00;122.94
2025-01-11 11:00:00;101.25
2025-01-11 11:15:00;101.25
2025-01-11 11:30:00;101.25
2025-01-11 11:45:00;101.25
2025-01-11 12:00:00;97.40
2025-01-11 12:15:00;97.40
2025-01-11 12:30:00;97.40
2025-01-11 12:45:00;97.40
2025-01-11 13:00:00;93.15
2025-01-11 13:15:00;93.15
2025-01-11 13:30:00;93.15
2025-01-11 13:45:00;93.15
2025-01-11 14:00:00;95.61
2025-01-11 14:15:00;95.61
2025-01-11 14:30:00;95.61
2025-01-11 14:45:00;95.61
2025-01-11 15:00:00;105.10
2025-01-11 15:15:00;105.10
2025-01-11 15:30:00;105.10
2025-01-11 15:45:00;105.10
2025-01-11 16:00:00;112.71
2025-01-11 16:15:00;112.71
2025-01-11 16:30:00;112.71
2025-01-11 16:45:00;112.71
2025-01-11 17:00:00;120.39
2025-01-11 17:15:00;120.39
2025-01-11 17:30:00;120.39
2025-01-11 17:45:00;120.39
2025-01-11 18:00:00;123.71
2025-01-11 18:15:00;123.71
2025-01-11 18:30:00;123.71
2025-01-11 18:45:00;123.71
2025-01-11 19:00:00;127.20
2025-01-11 19:15:00;127.20
2025-01-11 19:30:00;127.20
2025-01-11 19:45:00;127.20
2025-01-11 20:00:00;123.90
2025-01-11 20:15:00;123.90
2025-01-11 20:30:00;123.90
2025-01-11 20:45:00;123.90
2025-01-11 21:00:00;122.84
2025-01-11 21:15:00;122.84
2025-01-11 21:30:00;122.84
2025-01-11 21:45:00;122.84
2025-01-11 22:00:00;119.00
2025-01-11 22:15:00;119.00
2025-01-11 22:30:00;119.00
2025-01-11 22:45:00;119.00
2025-01-11 23:00:00;105.99
2025-01-11 23:15:00;105.99
2025-01-11 23:30:00;105.99
2025-01-11 23:45:00;105.99
2025-01-12 00:00:00;125.53
2025-01-12 00:15:00;125.53
2025-01-12 00:30:00;125.53
2025-01-12 00:45:00;125.53
2025-01-12 01:00:00;106.58
2025-01-12 01:15:00;106.58
2025-01-12 01:30:00;106.58
2025-01-12 01:45:00;106.58
2025-01-12 02:00:00;91.62
2025-01-12 02:15:00;91.62
2025-01-12 02:30:00;91.62
2025-01-12 02:45:00;91.62
2025-01-12 03:00:00;86.75
2025-01-12 03:15:00;86.75
2025-01-12 03:30:00;86.75
2025-01-12 03:45:00;86.75
2025-01-12 04:00:00;85.00
2025-01-12 04:15:00;85.00
2025-01-12 04:30:00;85.00
2025-01-12 04:45:00;85.00
2025-01-12 05:00:00;86.64
2025-01-12 05:15:00;86.64
2025-01-12 05:30:00;86.64
2025-01-12 05:45:00;86.64
2025-01-12 06:00:00;92.39
2025-01-12 06:15:00;92.39
2025-01-12 06:30:00;92.39
2025-01-12 06:45:00;92.39
2025-01-12 07:00:00;101.75
2025-01-12 07:15:00;101.75
2025-01-12 07:30:00;101.75
2025-01-12 07:45:00;101.75
2025-01-12 08:00:00;114.83
2025-01-12 08:15:00;114.83
2025-01-12 08:30:00;114.83
2025-01-12 08:45:00;114.83
2025-01-12 09:00:00;120.07
2025-01-12 09:15:00;120.07
2025-01-12 09:30:00;120.07
2025-01-12 09:45:00;120.07
2025-01-12 10:00:00;117.77
2025-01-12 10:15:00;117.77
2025-01-12 10:30:00;117.77
2025-01-12 10:45:00;117.77
2025-01-12 11:00:00;105.61
2025-01-12 11:15:00;105.61
2025-01-12 11:30:00;105.61
2025-01-12 11:45:00;105.61
2025-01-12 12:00:00;102.99
2025-01-12 12:15:00;102.99
2025-01-12 12:30:00;102.99
2025-01-12 12:45:00;102.99
2025-01-12 13:00:00;99.61
2025-01-12 13:15:00;99.61
2025-01-12 13:30:00;99.61
2025-01-12 13:45:00;99.61
2025-01-12 14:00:00;102.41
2025-01-12 14:15:00;102.41
2025-01-12 14:30:00;102.41
2025-01-12 14:45:00;102.41
2025-01-12 15:00:00;114.54
2025-01-12 15:15:00;114.54
2025-01-12 15:30:00;114.54
2025-01-12 15:45:00;114.54
2025-01-12 16:00:00;127.07
2025-01-12 16:15:00;127.07
2025-01-12 16:30:00;127.07
2025-01-12 16:45:00;127.07
2025-01-12 17:00:00;136.09
2025-01-12 17:15:00;136.09
2025-01-12 17:30:00;136.09
2025-01-12 17:45:00;136.09
2025-01-12 18:00:00;146.66
2025-01-12 18:15:00;146.66
2025-01-12 18:30:00;146.66
2025-01-12 18:45:00;146.66
2025-01-12 19:00:00;142.22
2025-01-12 19:15:00;142.22
2025-01-12 19:30:00;142.22
2025-01-12 19:45:00;142.22
2025-01-12 20:00:00;132.08
2025-01-12 20:15:00;132.08
2025-01-12 20:30:00;132.08
2025-01-12 20:45:00;132.08
2025-01-12 21:00:00;126.51
2025-01-12 21:15:00;126.51
2025-01-12 21:30:00;126.51
2025-01-12 21:45:00;126.51
2025-01-12 22:00:00;120.05
2025-01-12 22:15:00;120.05
2025-01-12 22:30:00;120.05
2025-01-12 22:45:00;120.05
2025-01-12 23:00:00;114.90
2025-01-12 23:15:00;114.90
2025-01-12 23:30:00;114.90
2025-01-12 23:45:00;114.90
2025-01-13 00:00:00;112.39
2025-01-13 00:15:00;112.39
2025-01-13 00:30:00;112.39
2025-01-13 00:45:00;112.39
2025-01-13 01:00:00;105.07
2025-01-13 01:15:00;105.07
2025-01-13 01:30:00;105.07
2025-01-13 01:45:00;105.07
2025-01-13 02:00:00;104.46
2025-01-13 02:15:00;104.46
2025-01-13 02:30:00;104.46
2025-01-13 02:45:00;104.46
2025-01-13 03:00:00;100.37
2025-01-13 03:15:00;100.37
2025-01-13 03:30:00;100.37
2025-01-13 03:45:00;100.37
2025-01-13 04:00:00;100.00
2025-01-13 04:15:00;100.00
2025-01-13 04:30:00;100.00
2025-01-13 04:45:00;100.00
2025-01-13 05:00:00;109.86
2025-01-13 05:15:00;109.86
2025-01-13 05:30:00;109.86
2025-01-13 05:45:00;109.86
2025-01-13 06:00:00;134.75
2025-01-13 06:15:00;134.75
2025-01-13 06:30:00;134.75
2025-01-13 06:45:00;134.75
2025-01-13 07:00:00;162.04
2025-01-13 07:15:00;162.04
2025-01-13 07:30:00;162.04
2025-01-13 07:45:00;162.04
2025-01-13 08:00:00;199.77
2025-01-13 08:15:00;199.77
2025-01-13 08:30:00;199.77
2025-01-13 08:45:00;199.77
2025-01-13 09:00:00;156.72
2025-01-13 09:15:00;156.72
2025-01-13 09:30:00;156.72
2025-01-13 09:45:00;156.72
2025-01-13 10:00:00;133.34
2025-01-13 10:15:00;133.34
2025-01-13 10:30:00;133.34
2025-01-13 10:45:00;133.34
2025-01-13 11:00:00;115.81
2025-01-13 11:15:00;115.81
2025-01-13 11:30:00;115.81
2025-01-13 11:45:00;115.81
2025-01-13 12:00:00;105.16
2025-01-13 12:15:00;105.16
2025-01-13 12:30:00;105.16
2025-01-13 12:45:00;105.16
2025-01-13 13:00:00;103.64
2025-01-13 13:15:00;103.64
2025-01-13 13:30:00;103.64
2025-01-13 13:45:00;103.64
2025-01-13 14:00:00;105.80
2025-01-13 14:15:00;105.80
2025-01-13 14:30:00;105.80
2025-01-13 14:45:00;105.80
2025-01-13 15:00:00;122.20
2025-01-13 15:15:00;122.20
2025-01-13 15:30:00;122.20
2025-01-13 15:45:00;122.20
2025-01-13 16:00:00;132.46
2025-01-13 16:15:00;132.46
2025-01-13 16:30:00;132.46
2025-01-13 16:45:00;132.46
2025-01-13 17:00:00;148.75
2025-01-13 17:15:00;148.75
2025-01-13 17:30:00;148.75
2025-01-13 17:45:00;148.75
2025-01-13 18:00:00;157.65
2025-01-13 18:15:00;157.65
2025-01-13 18:30:00;157.65
2025-01-13 18:45:00;157.65
2025-01-13 19:00:00;159.88
2025-01-13 19:15:00;159.88
2025-01-13 19:30:00;159.88
2025-01-13 19:45:00;159.88
2025-01-13 20:00:00;142.46
2025-01-13 20:15:00;142.46
2025-01-13 20:30:00;142.46
2025-01-13 20:45:00;142.46
2025-01-13 21:00:00;122.50
2025-01-13 21:15:00;122.50
2025-01-13 21:30:00;122.50
2025-01-13 21:45:00;122.50
2025-01-13 22:00:00;121.81
2025-01-13 22:15:00;121.81
2025-01-13 22:30:00;121.81
2025-01-13 22:45:00;121.81
2025-01-13 23:00:00;121.70
2025-01-13 23:15:00;121.70
2025-01-13 23:30:00;121.70
2025-01-13 23:45:00;121.70
2025-01-14 00:00:00;122.03
2025-01-14 00:15:00;122.03
2025-01-14 00:30:00;122.03
2025-01-14 00:45:00;122.03
2025-01-14 01:00:00;117.71
2025-01-14 01:15:00;117.71
2025-01-14 01:30:00;117.71
2025-01-14 01:45:00;117.71
2025-01-14 02:00:00;114.34
2025-01-14 02:15:00;114.34
2025-01-14 02:30:00;114.34
2025-01-14 02:45:00;114.34
2025-01-14 03:00:00;112.03
2025-01-14 03:15:00;112.03
2025-01-14 03:30:00;112.03
2025-01-14 03:45:00;112.03
2025-01-14 04:00:00;112.21
2025-01-14 04:15:00;112.21
2025-01-14 04:30:00;112.21
2025-01-14 04:45:00;112.21
2025-01-14 05:00:00;114.34
2025-01-14 05:15:00;114.34
2025-01-14 05:30:00;114.34
2025-01-14 05:45:00;114.34
2025-01-14 06:00:00;137.76
2025-01-14 06:15:00;137.76
2025-01-14 06:30:00;137.76
2025-01-14 06:45:00;137.76
2025-01-14 07:00:00;160.84
2025-01-14 07:15:00;160.84
2025-01-14 07:30:00;160.84
2025-01-14 07:45:00;160.84
2025-01-14 08:00:00;186.54
2025-01-14 08:15:00;186.54
2025-01-14 08:30:00;186.54
2025-01-14 08:45:00;186.54
2025-01-14 09:00:00;152.46
2025-01-14 09:15:00;152.46
2025-01-14 09:30:00;152.46
2025-01-14 09:45:00;152.46
2025-01-14 10:00:00;133.59
2025-01-14 10:15:00;133.59
2025-01-14 10:30:00;133.59
2025-01-14 10:45:00;133.59
2025-01-14 11:00:00;114.15
2025-01-14 11:15:00;114.15
2025-01-14 11:30:00;114.15
2025-01-14 11:45:00;114.15
2025-01-14 12:00:00;111.87
2025-01-14 12:15:00;111.87
2025-01-14 12:30:00;111.87
2025-01-14 12:45:00;111.87
2025-01-14 13:00:00;111.31
2025-01-14 13:15:00;111.31
2025-01-14 13:30:00;111.31
2025-01-14 13:45:00;111.31
2025-01-14 14:00:00;115.85
2025-01-14 14:15:00;115.85
2025-01-14 14:30:00;115.85
2025-01-14 14:45:00;115.85
2025-01-14 15:00:00;127.36
2025-01-14 15:15:00;127.36
2025-01-14 15:30:00;127.36
2025-01-14 15:45:00;127.36
2025-01-14 16:00:00;143.58
2025-01-14 16:15:00;143.58
2025-01-14 16:30:00;143.58
2025-01-14 16:45:00;143.58
2025-01-14 17:00:00;167.73
2025-01-14 17:15:00;167.73
2025-01-14 17:30:00;167.73
2025-01-14 17:45:00;167.73
2025-01-14 18:00:00;186.82
2025-01-14 18:15:00;186.82
2025-01-14 18:30:00;186.82
2025-01-14 18:45:00;186.82
2025-01-14 19:00:00;188.82
2025-01-14 19:15:00;188.82
2025-01-14 19:30:00;188.82
2025-01-14 19:45:00;188.82
2025-01-14 20:00:00;152.40
2025-01-14 20:15:00;152.40
2025-01-14 20:30:00;152.40
2025-01-14 20:45:00;152.40
2025-01-14 21:00:00;126.13
2025-01-14 21:15:00;126.13
2025-01-14 21:30:00;126.13
2025-01-14 21:45:00;126.13
2025-01-14 22:00:00;134.43
2025-01-14 22:15:00;134.43
2025-01-14 22:30:00;134.43
2025-01-14 22:45:00;134.43
2025-01-14 23:00:00;122.03
2025-01-14 23:15:00;122.03
2025-01-14 23:30:00;122.03
2025-01-14 23:45:00;122.03
2025-01-15 00:00:00;119.94
2025-01-15 00:15:00;119.94
2025-01-15 00:30:00;119.94
2025-01-15 00:45:00;119.94
2025-01-15 01:00:00;124.48
2025-01-15 01:15:00;124.48
2025-01-15 01:30:00;124.48
2025-01-15 01:45:00;124.48
2025-01-15 02:00:00;119.68
2025-01-15 02:15:00;119.68
2025-01-15 02:30:00;119.68
2025-01-15 02:45:00;119.68
2025-01-15 03:00:00;109.86
2025-01-15 03:15:00;109.86
2025-01-15 03:30:00;109.86
2025-01-15 03:45:00;109.86
2025-01-15 04:00:00;111.69
2025-01-15 04:15:00;111.69
2025-01-15 04:30:00;111.69
2025-01-15 04:45:00;111.69
2025-01-15 05:00:00;117.77
2025-01-15 05:15:00;117.77
2025-01-15 05:30:00;117.77
2025-01-15 05:45:00;117.77
2025-01-15 06:00:00;135.02
2025-01-15 06:15:00;135.02
2025-01-15 06:30:00;135.02
2025-01-15 06:45:00;135.02
2025-01-15 07:00:00;191.90
2025-01-15 07:15:00;191.90
2025-01-15 07:30:00;191.90
2025-01-15 07:45:00;191.90
2025-01-15 08:00:00;287.10
2025-01-15 08:15:00;287.10
2025-01-15 08:30:00;287.10
2025-01-15 08:45:00;287.10
2025-01-15 09:00:00;285.11
2025-01-15 09:15:00;285.11
2025-01-15 09:30:00;285.11
2025-01-15 09:45:00;285.11
2025-01-15 10:00:00;261.94
2025-01-15 10:15:00;261.94
2025-01-15 10:30:00;261.94
2025-01-15 10:45:00;261.94
2025-01-15 11:00:00;221.55
2025-01-15 11:15:00;221.55
2025-01-15 11:30:00;221.55
2025-01-15 11:45:00;221.55
2025-01-15 12:00:00;201.44
2025-01-15 12:15:00;201.44
2025-01-15 12:30:00;201.44
2025-01-15 12:45:00;201.44
2025-01-15 13:00:00;192.81
2025-01-15 13:15:00;192.81
2025-01-15 13:30:00;192.81
2025-01-15 13:45:00;192.81
2025-01-15 14:00:00;212.11
2025-01-15 14:15:00;212.11
2025-01-15 14:30:00;212.11
2025-01-15 14:45:00;212.11
2025-01-15 15:00:00;202.24
2025-01-15 15:15:00;202.24
2025-01-15 15:30:00;202.24
2025-01-15 15:45:00;202.24
2025-01-15 16:00:00;210.48
2025-01-15 16:15:00;210.48
2025-01-15 16:30:00;210.48
2025-01-15 16:45:00;210.48
2025-01-15 17:00:00;261.84
2025-01-15 17:15:00;261.84
2025-01-15 17:30:00;261.84
2025-01-15 17:45:00;261.84
2025-01-15 18:00:00;260.73
2025-01-15 18:15:00;260.73
2025-01-15 18:30:00;260.73
2025-01-15 18:45:00;260.73
2025-01-15 19:00:00;235.89
2025-01-15 19:15:00;235.89
2025-01-15 19:30:00;235.89
2025-01-15 19:45:00;235.89
2025-01-15 20:00:00;173.65
2025-01-15 20:15:00;173.65
2025-01-15 20:30:00;173.65
2025-01-15 20:45:00;173.65
2025-01-15 21:00:00;150.94
2025-01-15 21:15:00;150.94
2025-01-15 21:30:00;150.94
2025-01-15 21:45:00;150.94
2025-01-15 22:00:00;139.67
2025-01-15 22:15:00;139.67
2025-01-15 22:30:00;139.67
2025-01-15 22:45:00;139.67
2025-01-15 23:00:00;123.90
2025-01-15 23:15:00;123.90
2025-01-15 23:30:00;123.90
2025-01-15 23:45:00;123.90
2025-01-16 00:00:00;125.10
2025-01-16 00:15:00;125.10
2025-01-16 00:30:00;125.10
2025-01-16 00:45:00;125.10
2025-01-16 01:00:00;118.86
2025-01-16 01:15:00;118.86
2025-01-16 01:30:00;118.86
2025-01-16 01:45:00;118.86
2025-01-16 02:00:00;111.20
2025-01-16 02:15:00;111.20
2025-01-16 02:30:00;111.20
2025-01-16 02:45:00;111.20
2025-01-16 03:00:00;104.22
2025-01-16 03:15:00;104.22
2025-01-16 03:30:00;104.22
2025-01-16 03:45:00;104.22
2025-01-16 04:00:00;103.00
2025-01-16 04:15:00;103.00
2025-01-16 04:30:00;103.00
2025-01-16 04:45:00;103.00
2025-01-16 05:00:00;114.54
2025-01-16 05:15:00;114.54
2025-01-16 05:30:00;114.54
2025-01-16 05:45:00;114.54
2025-01-16 06:00:00;130.41
2025-01-16 06:15:00;130.41
2025-01-16 06:30:00;130.41
2025-01-16 06:45:00;130.41
2025-01-16 07:00:00;157.54
2025-01-16 07:15:00;157.54
2025-01-16 07:30:00;157.54
2025-01-16 07:45:00;157.54
2025-01-16 08:00:00;199.79
2025-01-16 08:15:00;199.79
2025-01-16 08:30:00;199.79
2025-01-16 08:45:00;199.79
2025-01-16 09:00:00;175.00
2025-01-16 09:15:00;175.00
2025-01-16 09:30:00;175.00
2025-01-16 09:45:00;175.00
2025-01-16 10:00:00;151.90
2025-01-16 10:15:00;151.90
2025-01-16 10:30:00;151.90
2025-01-16 10:45:00;151.90
2025-01-16 11:00:00;140.64
2025-01-16 11:15:00;140.64
2025-01-16 11:30:00;140.64
2025-01-16 11:45:00;140.64
2025-01-16 12:00:00;130.92
2025-01-16 12:15:00;130.92
2025-01-16 12:30:00;130.92
2025-01-16 12:45:00;130.92
2025-01-16 13:00:00;126.15
2025-01-16 13:15:00;126.15
2025-01-16 13:30:00;126.15
2025-01-16 13:45:00;126.15
2025-01-16 14:00:00;124.25
2025-01-16 14:15:00;124.25
2025-01-16 14:30:00;124.25
2025-01-16 14:45:00;124.25
2025-01-16 15:00:00;136.67
2025-01-16 15:15:00;136.67
2025-01-16 15:30:00;136.67
2025-01-16 15:45:00;136.67
2025-01-16 16:00:00;153.88
2025-01-16 16:15:00;153.88
2025-01-16 16:30:00;153.88
2025-01-16 16:45:00;153.88
2025-01-16 17:00:00;174.60
2025-01-16 17:15:00;174.60
2025-01-16 17:30:00;174.60
2025-01-16 17:45:00;174.60
2025-01-16 18:00:00;184.32
2025-01-16 18:15:00;184.32
2025-01-16 18:30:00;184.32
2025-01-16 18:45:00;184.32
2025-01-16 19:00:00;179.97
2025-01-16 19:15:00;179.97
2025-01-16 19:30:00;179.97
2025-01-16 19:45:00;179.97
2025-01-16 20:00:00;159.60
2025-01-16 20:15:00;159.60
2025-01-16 20:30:00;159.60
2025-01-16 20:45:00;159.60
2025-01-16 21:00:00;141.96
2025-01-16 21:15:00;141.96
2025-01-16 21:30:00;141.96
2025-01-16 21:45:00;141.96
2025-01-16 22:00:00;135.68
2025-01-16 22:15:00;135.68
2025-01-16 22:30:00;135.68
2025-01-16 22:45:00;135.68
2025-01-16 23:00:00;124.12
2025-01-16 23:15:00;124.12
2025-01-16 23:30:00;124.12
2025-01-16 23:45:00;124.12
2025-01-17 00:00:00;107.11
2025-01-17 00:15:00;107.11
2025-01-17 00:30:00;107.11
2025-01-17 00:45:00;107.11
2025-01-17 01:00:00;113.26
2025-01-17 01:15:00;113.26
2025-01-17 01:30:00;113.26
2025-01-17 01:45:00;113.26
2025-01-17 02:00:00;109.61
2025-01-17 02:15:00;109.61
2025-01-17 02:30:00;109.61
2025-01-17 02:45:00;109.61
2025-01-17 03:00:00;109.22
2025-01-17 03:15:00;109.22
2025-01-17 03:30:00;109.22
2025-01-17 03:45:00;109.22
2025-01-17 04:00:00;108.87
2025-01-17 04:15:00;108.87
2025-01-17 04:30:00;108.87
2025-01-17 04:45:00;108.87
2025-01-17 05:00:00;113.13
2025-01-17 05:15:00;113.13
2025-01-17 05:30:00;113.13
2025-01-17 05:45:00;113.13
2025-01-17 06:00:00;140.80
2025-01-17 06:15:00;140.80
2025-01-17 06:30:00;140.80
2025-01-17 06:45:00;140.80
2025-01-17 07:00:00;175.01
2025-01-17 07:15:00;175.01
2025-01-17 07:30:00;175.01
2025-01-17 07:45:00;175.01
2025-01-17 08:00:00;208.13
2025-01-17 08:15:00;208.13
2025-01-17 08:30:00;208.13
2025-01-17 08:45:00;208.13
2025-01-17 09:00:00;175.34
2025-01-17 09:15:00;175.34
2025-01-17 09:30:00;175.34
2025-01-17 09:45:00;175.34
2025-01-17 10:00:00;153.04
2025-01-17 10:15:00;153.04
2025-01-17 10:30:00;153.04
2025-01-17 10:45:00;153.04
2025-01-17 11:00:00;138.67
2025-01-17 11:15:00;138.67
2025-01-17 11:30:00;138.67
2025-01-17 11:45:00;138.67
2025-01-17 12:00:00;126.44
2025-01-17 12:15:00;126.44
2025-01-17 12:30:00;126.44
2025-01-17 12:45:00;126.44
2025-01-17 13:00:00;124.03
2025-01-17 13:15:00;124.03
2025-01-17 13:30:00;124.03
2025-01-17 13:45:00;124.03
2025-01-17 14:00:00;128.81
2025-01-17 14:15:00;128.81
2025-01-17 14:30:00;128.81
2025-01-17 14:45:00;128.81
2025-01-17 15:00:00;137.75
2025-01-17 15:15:00;137.75
2025-01-17 15:30:00;137.75
2025-01-17 15:45:00;137.75
2025-01-17 16:00:00;150.00
2025-01-17 16:15:00;150.00
2025-01-17 16:30:00;150.00
2025-01-17 16:45:00;150.00
2025-01-17 17:00:00;174.70
2025-01-17 17:15:00;174.70
2025-01-17 17:30:00;174.70
2025-01-17 17:45:00;174.70
2025-01-17 18:00:00;179.92
2025-01-17 18:15:00;179.92
2025-01-17 18:30:00;179.92
2025-01-17 18:45:00;179.92
2025-01-17 19:00:00;174.22
2025-01-17 19:15:00;174.22
2025-01-17 19:30:00;174.22
2025-01-17 19:45:00;174.22
2025-01-17 20:00:00;157.91
2025-01-17 20:15:00;157.91
2025-01-17 20:30:00;157.91
2025-01-17 20:45:00;157.91
2025-01-17 21:00:00;145.00
2025-01-17 21:15:00;145.00
2025-01-17 21:30:00;145.00
2025-01-17 21:45:00;145.00
2025-01-17 22:00:00;139.97
2025-01-17 22:15:00;139.97
2025-01-17 22:30:00;139.97
2025-01-17 22:45:00;139.97
2025-01-17 23:00:00;126.96
2025-01-17 23:15:00;126.96
2025-01-17 23:30:00;126.96
2025-01-17 23:45:00;126.96
2025-01-18 00:00:00;125.38
2025-01-18 00:15:00;125.38
2025-01-18 00:30:00;125.38
2025-01-18 00:45:00;125.38
2025-01-18 01:00:00;121.06
2025-01-18 01:15:00;121.06
2025-01-18 01:30:00;121.06
2025-01-18 01:45:00;121.06
2025-01-18 02:00:00;121.02
2025-01-18 02:15:00;121.02
2025-01-18 02:30:00;121.02
2025-01-18 02:45:00;121.02
2025-01-18 03:00:00;118.85
2025-01-18 03:15:00;118.85
2025-01-18 03:30:00;118.85
2025-01-18 03:45:00;118.85
2025-01-18 04:00:00;116.52
2025-01-18 04:15:00;116.52
2025-01-18 04:30:00;116.52
2025-01-18 04:45:00;116.52
2025-01-18 05:00:00;119.78
2025-01-18 05:15:00;119.78
2025-01-18 05:30:00;119.78
2025-01-18 05:45:00;119.78
2025-01-18 06:00:00;119.87
2025-01-18 06:15:00;119.87
2025-01-18 06:30:00;119.87
2025-01-18 06:45:00;119.87
2025-01-18 07:00:00;133.61
2025-01-18 07:15:00;133.61
2025-01-18 07:30:00;133.61
2025-01-18 07:45:00;133.61
2025-01-18 08:00:00;145.67
2025-01-18 08:15:00;145.67
2025-01-18 08:30:00;145.67
2025-01-18 08:45:00;145.67
2025-01-18 09:00:00;144.10
2025-01-18 09:15:00;144.10
2025-01-18 09:30:00;144.10
2025-01-18 09:45:00;144.10
2025-01-18 10:00:00;131.50
2025-01-18 10:15:00;131.50
2025-01-18 10:30:00;131.50
2025-01-18 10:45:00;131.50
2025-01-18 11:00:00;121.58
2025-01-18 11:15:00;121.58
2025-01-18 11:30:00;121.58
2025-01-18 11:45:00;121.58
2025-01-18 12:00:00;118.87
2025-01-18 12:15:00;118.87
2025-01-18 12:30:00;118.87
2025-01-18 12:45:00;118.87
2025-01-18 13:00:00;115.01
2025-01-18 13:15:00;115.01
2025-01-18 13:30:00;115.01
2025-01-18 13:45:00;115.01
2025-01-18 14:00:00;118.78
2025-01-18 14:15:00;118.78
2025-01-18 14:30:00;118.78
2025-01-18 14:45:00;118.78
2025-01-18 15:00:00;128.29
2025-01-18 15:15:00;128.29
2025-01-18 15:30:00;128.29
2025-01-18 15:45:00;128.29
2025-01-18 16:00:00;131.29
2025-01-18 16:15:00;131.29
2025-01-18 16:30:00;131.29
2025-01-18 16:45:00;131.29
2025-01-18 17:00:00;152.54
2025-01-18 17:15:00;152.54
2025-01-18 17:30:00;152.54
2025-01-18 17:45:00;152.54
2025-01-18 18:00:00;167.57
2025-01-18 18:15:00;167.57
2025-01-18 18:30:00;167.57
2025-01-18 18:45:00;167.57
2025-01-18 19:00:00;167.85
2025-01-18 19:15:00;167.85
2025-01-18 19:30:00;167.85
2025-01-18 19:45:00;167.85
2025-01-18 20:00:00;156.12
2025-01-18 20:15:00;156.12
2025-01-18 20:30:00;156.12
2025-01-18 20:45:00;156.12
2025-01-18 21:00:00;143.42
2025-01-18 21:15:00;143.42
2025-01-18 21:30:00;143.42
2025-01-18 21:45:00;143.42
2025-01-18 22:00:00;136.40
2025-01-18 22:15:00;136.40
2025-01-18 22:30:00;136.40
2025-01-18 22:45:00;136.40
2025-01-18 23:00:00;129.36
2025-01-18 23:15:00;129.36
2025-01-18 23:30:00;129.36
2025-01-18 23:45:00;129.36
2025-01-19 00:00:00;129.75
2025-01-19 00:15:00;129.75
2025-01-19 00:30:00;129.75
2025-01-19 00:45:00;129.75
2025-01-19 01:00:00;124.29
2025-01-19 01:15:00;124.29
2025-01-19 01:30:00;124.29
2025-01-19 01:45:00;124.29
2025-01-19 02:00:00;123.12
2025-01-19 02:15:00;123.12
2025-01-19 02:30:00;123.12
2025-01-19 02:45:00;123.12
2025-01-19 03:00:00;121.24
2025-01-19 03:15:00;121.24
2025-01-19 03:30:00;121.24
2025-01-19 03:45:00;121.24
2025-01-19 04:00:00;120.18
2025-01-19 04:15:00;120.18
2025-01-19 04:30:00;120.18
2025-01-19 04:45:00;120.18
2025-01-19 05:00:00;120.00
2025-01-19 05:15:00;120.00
2025-01-19 05:30:00;120.00
2025-01-19 05:45:00;120.00
2025-01-19 06:00:00;121.59
2025-01-19 06:15:00;121.59
2025-01-19 06:30:00;121.59
2025-01-19 06:45:00;121.59
2025-01-19 07:00:00;123.41
2025-01-19 07:15:00;123.41
2025-01-19 07:30:00;123.41
2025-01-19 07:45:00;123.41
2025-01-19 08:00:00;123.60
2025-01-19 08:15:00;123.60
2025-01-19 08:30:00;123.60
2025-01-19 08:45:00;123.60
2025-01-19 09:00:00;125.26
2025-01-19 09:15:00;125.26
2025-01-19 09:30:00;125.26
2025-01-19 09:45:00;125.26
2025-01-19 10:00:00;125.33
2025-01-19 10:15:00;125.33
2025-01-19 10:30:00;125.33
2025-01-19 10:45:00;125.33
2025-01-19 11:00:00;122.08
2025-01-19 11:15:00;122.08
2025-01-19 11:30:00;122.08
2025-01-19 11:45:00;122.08
2025-01-19 12:00:00;112.25
2025-01-19 12:15:00;112.25
2025-01-19 12:30:00;112.25
2025-01-19 12:45:00;112.25
2025-01-19 13:00:00;107.51
2025-01-19 13:15:00;107.51
2025-01-19 13:30:00;107.51
2025-01-19 13:45:00;107.51
2025-01-19 14:00:00;116.81
2025-01-19 14:15:00;116.81
2025-01-19 14:30:00;116.81
2025-01-19 14:45:00;116.81
2025-01-19 15:00:00;122.93
2025-01-19 15:15:00;122.93
2025-01-19 15:30:00;122.93
2025-01-19 15:45:00;122.93
2025-01-19 16:00:00;135.20
2025-01-19 16:15:00;135.20
2025-01-19 16:30:00;135.20
2025-01-19 16:45:00;135.20
2025-01-19 17:00:00;148.14
2025-01-19 17:15:00;148.14
2025-01-19 17:30:00;148.14
2025-01-19 17:45:00;148.14
2025-01-19 18:00:00;159.37
2025-01-19 18:15:00;159.37
2025-01-19 18:30:00;159.37
2025-01-19 18:45:00;159.37
2025-01-19 19:00:00;156.98
2025-01-19 19:15:00;156.98
2025-01-19 19:30:00;156.98
2025-01-19 19:45:00;156.98
2025-01-19 20:00:00;149.57
2025-01-19 20:15:00;149.57
2025-01-19 20:30:00;149.57
2025-01-19 20:45:00;149.57
2025-01-19 21:00:00;139.85
2025-01-19 21:15:00;139.85
2025-01-19 21:30:00;139.85
2025-01-19 21:45:00;139.85
2025-01-19 22:00:00;131.31
2025-01-19 22:15:00;131.31
2025-01-19 22:30:00;131.31
2025-01-19 22:45:00;131.31
2025-01-19 23:00:00;123.04
2025-01-19 23:15:00;123.04
2025-01-19 23:30:00;123.04
2025-01-19 23:45:00;123.04
2025-01-20 00:00:00;122.28
2025-01-20 00:15:00;122.28
2025-01-20 00:30:00;122.28
2025-01-20 00:45:00;122.28
2025-01-20 01:00:00;119.47
2025-01-20 01:15:00;119.47
2025-01-20 01:30:00;119.47
2025-01-20 01:45:00;119.47
2025-01-20 02:00:00;116.57
2025-01-20 02:15:00;116.57
2025-01-20 02:30:00;116.57
2025-01-20 02:45:00;116.57
2025-01-20 03:00:00;114.41
2025-01-20 03:15:00;114.41
2025-01-20 03:30:00;114.41
2025-01-20 03:45:00;114.41
2025-01-20 04:00:00;115.45
2025-01-20 04:15:00;115.45
2025-01-20 04:30:00;115.45
2025-01-20 04:45:00;115.45
2025-01-20 05:00:00;124.54
2025-01-20 05:15:00;124.54
2025-01-20 05:30:00;124.54
2025-01-20 05:45:00;124.54
2025-01-20 06:00:00;146.30
2025-01-20 06:15:00;146.30
2025-01-20 06:30:00;146.30
2025-01-20 06:45:00;146.30
2025-01-20 07:00:00;220.07
2025-01-20 07:15:00;220.07
2025-01-20 07:30:00;220.07
2025-01-20 07:45:00;220.07
2025-01-20 08:00:00;338.48
2025-01-20 08:15:00;338.48
2025-01-20 08:30:00;338.48
2025-01-20 08:45:00;338.48
2025-01-20 09:00:00;289.94
2025-01-20 09:15:00;289.94
2025-01-20 09:30:00;289.94
2025-01-20 09:45:00;289.94
2025-01-20 10:00:00;236.29
2025-01-20 10:15:00;236.29
2025-01-20 10:30:00;236.29
2025-01-20 10:45:00;236.29
2025-01-20 11:00:00;187.93
2025-01-20 11:15:00;187.93
2025-01-20 11:30:00;187.93
2025-01-20 11:45:00;187.93
2025-01-20 12:00:00;176.28
2025-01-20 12:15:00;176.28
2025-01-20 12:30:00;176.28
2025-01-20 12:45:00;176.28
2025-01-20 13:00:00;171.39
2025-01-20 13:15:00;171.39
2025-01-20 13:30:00;171.39
2025-01-20 13:45:00;171.39
2025-01-20 14:00:00;187.90
2025-01-20 14:15:00;187.90
2025-01-20 14:30:00;187.90
2025-01-20 14:45:00;187.90
2025-01-20 15:00:00;239.34
2025-01-20 15:15:00;239.34
2025-01-20 15:30:00;239.34
2025-01-20 15:45:00;239.34
2025-01-20 16:00:00;294.08
2025-01-20 16:15:00;294.08
2025-01-20 16:30:00;294.08
2025-01-20 16:45:00;294.08
2025-01-20 17:00:00;379.99
2025-01-20 17:15:00;379.99
2025-01-20 17:30:00;379.99
2025-01-20 17:45:00;379.99
2025-01-20 18:00:00;473.28
2025-01-20 18:15:00;473.28
2025-01-20 18:30:00;473.28
2025-01-20 18:45:00;473.28
2025-01-20 19:00:00;295.57
2025-01-20 19:15:00;295.57
2025-01-20 19:30:00;295.57
2025-01-20 19:45:00;295.57
2025-01-20 20:00:00;220.00
2025-01-20 20:15:00;220.00
2025-01-20 20:30:00;220.00
2025-01-20 20:45:00;220.00
2025-01-20 21:00:00;170.00
2025-01-20 21:15:00;170.00
2025-01-20 21:30:00;170.00
2025-01-20 21:45:00;170.00
2025-01-20 22:00:00;153.09
2025-01-20 22:15:00;153.09
2025-01-20 22:30:00;153.09
2025-01-20 22:45:00;153.09
2025-01-20 23:00:00;138.87
2025-01-20 23:15:00;138.87
2025-01-20 23:30:00;138.87
2025-01-20 23:45:00;138.87
2025-01-21 00:00:00;141.36
2025-01-21 00:15:00;141.36
2025-01-21 00:30:00;141.36
2025-01-21 00:45:00;141.36
2025-01-21 01:00:00;136.28
2025-01-21 01:15:00;136.28
2025-01-21 01:30:00;136.28
2025-01-21 01:45:00;136.28
2025-01-21 02:00:00;129.29
2025-01-21 02:15:00;129.29
2025-01-21 02:30:00;129.29
2025-01-21 02:45:00;129.29
2025-01-21 03:00:00;118.38
2025-01-21 03:15:00;118.38
2025-01-21 03:30:00;118.38
2025-01-21 03:45:00;118.38
2025-01-21 04:00:00;114.69
2025-01-21 04:15:00;114.69
2025-01-21 04:30:00;114.69
2025-01-21 04:45:00;114.69
2025-01-21 05:00:00;122.43
2025-01-21 05:15:00;122.43
2025-01-21 05:30:00;122.43
2025-01-21 05:45:00;122.43
2025-01-21 06:00:00;139.40
2025-01-21 06:15:00;139.40
2025-01-21 06:30:00;139.40
2025-01-21 06:45:00;139.40
2025-01-21 07:00:00;180.40
2025-01-21 07:15:00;180.40
2025-01-21 07:30:00;180.40
2025-01-21 07:45:00;180.40
2025-01-21 08:00:00;244.40
2025-01-21 08:15:00;244.40
2025-01-21 08:30:00;244.40
2025-01-21 08:45:00;244.40
2025-01-21 09:00:00;211.34
2025-01-21 09:15:00;211.34
2025-01-21 09:30:00;211.34
2025-01-21 09:45:00;211.34
2025-01-21 10:00:00;199.15
2025-01-21 10:15:00;199.15
2025-01-21 10:30:00;199.15
2025-01-21 10:45:00;199.15
2025-01-21 11:00:00;163.39
2025-01-21 11:15:00;163.39
2025-01-21 11:30:00;163.39
2025-01-21 11:45:00;163.39
2025-01-21 12:00:00;149.41
2025-01-21 12:15:00;149.41
2025-01-21 12:30:00;149.41
2025-01-21 12:45:00;149.41
2025-01-21 13:00:00;144.33
2025-01-21 13:15:00;144.33
2025-01-21 13:30:00;144.33
2025-01-21 13:45:00;144.33
2025-01-21 14:00:00;150.05
2025-01-21 14:15:00;150.05
2025-01-21 14:30:00;150.05
2025-01-21 14:45:00;150.05
2025-01-21 15:00:00;165.99
2025-01-21 15:15:00;165.99
2025-01-21 15:30:00;165.99
2025-01-21 15:45:00;165.99
2025-01-21 16:00:00;177.34
2025-01-21 16:15:00;177.34
2025-01-21 16:30:00;177.34
2025-01-21 16:45:00;177.34
2025-01-21 17:00:00;232.75
2025-01-21 17:15:00;232.75
2025-01-21 17:30:00;232.75
2025-01-21 17:45:00;232.75
2025-01-21 18:00:00;222.68
2025-01-21 18:15:00;222.68
2025-01-21 18:30:00;222.68
2025-01-21 18:45:00;222.68
2025-01-21 19:00:00;192.62
2025-01-21 19:15:00;192.62
2025-01-21 19:30:00;192.62
2025-01-21 19:45:00;192.62
2025-01-21 20:00:00;165.01
2025-01-21 20:15:00;165.01
2025-01-21 20:30:00;165.01
2025-01-21 20:45:00;165.01
2025-01-21 21:00:00;149.77
2025-01-21 21:15:00;149.77
2025-01-21 21:30:00;149.77
2025-01-21 21:45:00;149.77
2025-01-21 22:00:00;137.49
2025-01-21 22:15:00;137.49
2025-01-21 22:30:00;137.49
2025-01-21 22:45:00;137.49
2025-01-21 23:00:00;125.50
2025-01-21 23:15:00;125.50
2025-01-21 23:30:00;125.50
2025-01-21 23:45:00;125.50
2025-01-22 00:00:00;126.78
2025-01-22 00:15:00;126.78
2025-01-22 00:30:00;126.78
2025-01-22 00:45:00;126.78
2025-01-22 01:00:00;122.65
2025-01-22 01:15:00;122.65
2025-01-22 01:30:00;122.65
2025-01-22 01:45:00;122.65
2025-01-22 02:00:00;116.29
2025-01-22 02:15:00;116.29
2025-01-22 02:30:00;116.29
2025-01-22 02:45:00;116.29
2025-01-22 03:00:00;113.48
2025-01-22 03:15:00;113.48
2025-01-22 03:30:00;113.48
2025-01-22 03:45:00;113.48
2025-01-22 04:00:00;113.87
2025-01-22 04:15:00;113.87
2025-01-22 04:30:00;113.87
2025-01-22 04:45:00;113.87
2025-01-22 05:00:00;122.60
2025-01-22 05:15:00;122.60
2025-01-22 05:30:00;122.60
2025-01-22 05:45:00;122.60
2025-01-22 06:00:00;130.23
2025-01-22 06:15:00;130.23
2025-01-22 06:30:00;130.23
2025-01-22 06:45:00;130.23
2025-01-22 07:00:00;161.61
2025-01-22 07:15:00;161.61
2025-01-22 07:30:00;161.61
2025-01-22 07:45:00;161.61
2025-01-22 08:00:00;212.87
2025-01-22 08:15:00;212.87
2025-01-22 08:30:00;212.87
2025-01-22 08:45:00;212.87
2025-01-22 09:00:00;199.41
2025-01-22 09:15:00;199.41
2025-01-22 09:30:00;199.41
2025-01-22 09:45:00;199.41
2025-01-22 10:00:00;179.06
2025-01-22 10:15:00;179.06
2025-01-22 10:30:00;179.06
2025-01-22 10:45:00;179.06
2025-01-22 11:00:00;172.94
2025-01-22 11:15:00;172.94
2025-01-22 11:30:00;172.94
2025-01-22 11:45:00;172.94
2025-01-22 12:00:00;165.00
2025-01-22 12:15:00;165.00
2025-01-22 12:30:00;165.00
2025-01-22 12:45:00;165.00
2025-01-22 13:00:00;170.00
2025-01-22 13:15:00;170.00
2025-01-22 13:30:00;170.00
2025-01-22 13:45:00;170.00
2025-01-22 14:00:00;178.06
2025-01-22 14:15:00;178.06
2025-01-22 14:30:00;178.06
2025-01-22 14:45:00;178.06
2025-01-22 15:00:00;188.61
2025-01-22 15:15:00;188.61
2025-01-22 15:30:00;188.61
2025-01-22 15:45:00;188.61
2025-01-22 16:00:00;176.34
2025-01-22 16:15:00;176.34
2025-01-22 16:30:00;176.34
2025-01-22 16:45:00;176.34
2025-01-22 17:00:00;168.33
2025-01-22 17:15:00;168.33
2025-01-22 17:30:00;168.33
2025-01-22 17:45:00;168.33
2025-01-22 18:00:00;166.12
2025-01-22 18:15:00;166.12
2025-01-22 18:30:00;166.12
2025-01-22 18:45:00;166.12
2025-01-22 19:00:00;167.08
2025-01-22 19:15:00;167.08
2025-01-22 19:30:00;167.08
2025-01-22 19:45:00;167.08
2025-01-22 20:00:00;137.07
2025-01-22 20:15:00;137.07
2025-01-22 20:30:00;137.07
2025-01-22 20:45:00;137.07
2025-01-22 21:00:00;127.78
2025-01-22 21:15:00;127.78
2025-01-22 21:30:00;127.78
2025-01-22 21:45:00;127.78
2025-01-22 22:00:00;129.01
2025-01-22 22:15:00;129.01
2025-01-22 22:30:00;129.01
2025-01-22 22:45:00;129.01
2025-01-22 23:00:00;115.49
2025-01-22 23:15:00;115.49
2025-01-22 23:30:00;115.49
2025-01-22 23:45:00;115.49
2025-01-23 00:00:00;114.17
2025-01-23 00:15:00;114.17
2025-01-23 00:30:00;114.17
2025-01-23 00:45:00;114.17
2025-01-23 01:00:00;109.34
2025-01-23 01:15:00;109.34
2025-01-23 01:30:00;109.34
2025-01-23 01:45:00;109.34
2025-01-23 02:00:00;105.67
2025-01-23 02:15:00;105.67
2025-01-23 02:30:00;105.67
2025-01-23 02:45:00;105.67
2025-01-23 03:00:00;100.17
2025-01-23 03:15:00;100.17
2025-01-23 03:30:00;100.17
2025-01-23 03:45:00;100.17
2025-01-23 04:00:00;97.99
2025-01-23 04:15:00;97.99
2025-01-23 04:30:00;97.99
2025-01-23 04:45:00;97.99
2025-01-23 05:00:00;100.88
2025-01-23 05:15:00;100.88
2025-01-23 05:30:00;100.88
2025-01-23 05:45:00;100.88
2025-01-23 06:00:00;110.58
2025-01-23 06:15:00;110.58
2025-01-23 06:30:00;110.58
2025-01-23 06:45:00;110.58
2025-01-23 07:00:00;139.67
2025-01-23 07:15:00;139.67
2025-01-23 07:30:00;139.67
2025-01-23 07:45:00;139.67
2025-01-23 08:00:00;159.71
2025-01-23 08:15:00;159.71
2025-01-23 08:30:00;159.71
2025-01-23 08:45:00;159.71
2025-01-23 09:00:00;156.46
2025-01-23 09:15:00;156.46
2025-01-23 09:30:00;156.46
2025-01-23 09:45:00;156.46
2025-01-23 10:00:00;136.00
2025-01-23 10:15:00;136.00
2025-01-23 10:30:00;136.00
2025-01-23 10:45:00;136.00
2025-01-23 11:00:00;124.83
2025-01-23 11:15:00;124.83
2025-01-23 11:30:00;124.83
2025-01-23 11:45:00;124.83
2025-01-23 12:00:00;104.18
2025-01-23 12:15:00;104.18
2025-01-23 12:30:00;104.18
2025-01-23 12:45:00;104.18
2025-01-23 13:00:00;96.39
2025-01-23 13:15:00;96.39
2025-01-23 13:30:00;96.39
2025-01-23 13:45:00;96.39
2025-01-23 14:00:00;94.79
2025-01-23 14:15:00;94.79
2025-01-23 14:30:00;94.79
2025-01-23 14:45:00;94.79
2025-01-23 15:00:00;95.61
2025-01-23 15:15:00;95.61
2025-01-23 15:30:00;95.61
2025-01-23 15:45:00;95.61
2025-01-23 16:00:00;95.71
2025-01-23 16:15:00;95.71
2025-01-23 16:30:00;95.71
2025-01-23 16:45:00;95.71
2025-01-23 17:00:00;111.41
2025-01-23 17:15:00;111.41
2025-01-23 17:30:00;111.41
2025-01-23 17:45:00;111.41
2025-01-23 18:00:00;119.29
2025-01-23 18:15:00;119.29
2025-01-23 18:30:00;119.29
2025-01-23 18:45:00;119.29
2025-01-23 19:00:00;113.06
2025-01-23 19:15:00;113.06
2025-01-23 19:30:00;113.06
2025-01-23 19:45:00;113.06
2025-01-23 20:00:00;93.34
2025-01-23 20:15:00;93.34
2025-01-23 20:30:00;93.34
2025-01-23 20:45:00;93.34
2025-01-23 21:00:00;79.89
2025-01-23 21:15:00;79.89
2025-01-23 21:30:00;79.89
2025-01-23 21:45:00;79.89
2025-01-23 22:00:00;81.01
2025-01-23 22:15:00;81.01
2025-01-23 22:30:00;81.01
2025-01-23 22:45:00;81.01
2025-01-23 23:00:00;61.85
2025-01-23 23:15:00;61.85
2025-01-23 23:30:00;61.85
2025-01-23 23:45:00;61.85
2025-01-24 00:00:00;72.37
2025-01-24 00:15:00;72.37
2025-01-24 00:30:00;72.37
2025-01-24 00:45:00;72.37
2025-01-24 01:00:00;60.21
2025-01-24 01:15:00;60.21
2025-01-24 01:30:00;60.21
2025-01-24 01:45:00;60.21
2025-01-24 02:00:00;45.62
2025-01-24 02:15:00;45.62
2025-01-24 02:30:00;45.62
2025-01-24 02:45:00;45.62
2025-01-24 03:00:00;41.21
2025-01-24 03:15:00;41.21
2025-01-24 03:30:00;41.21
2025-01-24 03:45:00;41.21
2025-01-24 04:00:00;40.05
2025-01-24 04:15:00;40.05
2025-01-24 04:30:00;40.05
2025-01-24 04:45:00;40.05
2025-01-24 05:00:00;61.93
2025-01-24 05:15:00;61.93
2025-01-24 05:30:00;61.93
2025-01-24 05:45:00;61.93
2025-01-24 06:00:00;70.47
2025-01-24 06:15:00;70.47
2025-01-24 06:30:00;70.47
2025-01-24 06:45:00;70.47
2025-01-24 07:00:00;104.84
2025-01-24 07:15:00;104.84
2025-01-24 07:30:00;104.84
2025-01-24 07:45:00;104.84
2025-01-24 08:00:00;108.28
2025-01-24 08:15:00;108.28
2025-01-24 08:30:00;108.28
2025-01-24 08:45:00;108.28
2025-01-24 09:00:00;96.14
2025-01-24 09:15:00;96.14
2025-01-24 09:30:00;96.14
2025-01-24 09:45:00;96.14
2025-01-24 10:00:00;91.27
2025-01-24 10:15:00;91.27
2025-01-24 10:30:00;91.27
2025-01-24 10:45:00;91.27
2025-01-24 11:00:00;80.40
2025-01-24 11:15:00;80.40
2025-01-24 11:30:00;80.40
2025-01-24 11:45:00;80.40
2025-01-24 12:00:00;79.23
2025-01-24 12:15:00;79.23
2025-01-24 12:30:00;79.23
2025-01-24 12:45:00;79.23
2025-01-24 13:00:00;77.26
2025-01-24 13:15:00;77.26
2025-01-24 13:30:00;77.26
2025-01-24 13:45:00;77.26
2025-01-24 14:00:00;76.66
2025-01-24 14:15:00;76.66
2025-01-24 14:30:00;76.66
2025-01-24 14:45:00;76.66
2025-01-24 15:00:00;75.90
2025-01-24 15:15:00;75.90
2025-01-24 15:30:00;75.90
2025-01-24 15:45:00;75.90
2025-01-24 16:00:00;77.13
2025-01-24 16:15:00;77.13
2025-01-24 16:30:00;77.13
2025-01-24 16:45:00;77.13
2025-01-24 17:00:00;90.17
2025-01-24 17:15:00;90.17
2025-01-24 17:30:00;90.17
2025-01-24 17:45:00;90.17
2025-01-24 18:00:00;95.00
2025-01-24 18:15:00;95.00
2025-01-24 18:30:00;95.00
2025-01-24 18:45:00;95.00
2025-01-24 19:00:00;96.85
2025-01-24 19:15:00;96.85
2025-01-24 19:30:00;96.85
2025-01-24 19:45:00;96.85
2025-01-24 20:00:00;89.75
2025-01-24 20:15:00;89.75
2025-01-24 20:30:00;89.75
2025-01-24 20:45:00;89.75
2025-01-24 21:00:00;84.65
2025-01-24 21:15:00;84.65
2025-01-24 21:30:00;84.65
2025-01-24 21:45:00;84.65
2025-01-24 22:00:00;94.45
2025-01-24 22:15:00;94.45
2025-01-24 22:30:00;94.45
2025-01-24 22:45:00;94.45
2025-01-24 23:00:00;88.55
2025-01-24 23:15:00;88.55
2025-01-24 23:30:00;88.55
2025-01-24 23:45:00;88.55
2025-01-25 00:00:00;57.91
2025-01-25 00:15:00;57.91
2025-01-25 00:30:00;57.91
2025-01-25 00:45:00;57.91
2025-01-25 01:00:00;64.90
2025-01-25 01:15:00;64.90
2025-01-25 01:30:00;64.90
2025-01-25 01:45:00;64.90
2025-01-25 02:00:00;69.40
2025-01-25 02:15:00;69.40
2025-01-25 02:30:00;69.40
2025-01-25 02:45:00;69.40
2025-01-25 03:00:00;73.76
2025-01-25 03:15:00;73.76
2025-01-25 03:30:00;73.76
2025-01-25 03:45:00;73.76
2025-01-25 04:00:00;59.70
2025-01-25 04:15:00;59.70
2025-01-25 04:30:00;59.70
2025-01-25 04:45:00;59.70
2025-01-25 05:00:00;60.09
2025-01-25 05:15:00;60.09
2025-01-25 05:30:00;60.09
2025-01-25 05:45:00;60.09
2025-01-25 06:00:00;64.70
2025-01-25 06:15:00;64.70
2025-01-25 06:30:00;64.70
2025-01-25 06:45:00;64.70
2025-01-25 07:00:00;69.20
2025-01-25 07:15:00;69.20
2025-01-25 07:30:00;69.20
2025-01-25 07:45:00;69.20
2025-01-25 08:00:00;81.16
2025-01-25 08:15:00;81.16
2025-01-25 08:30:00;81.16
2025-01-25 08:45:00;81.16
2025-01-25 09:00:00;83.98
2025-01-25 09:15:00;83.98
2025-01-25 09:30:00;83.98
2025-01-25 09:45:00;83.98
2025-01-25 10:00:00;80.40
2025-01-25 10:15:00;80.40
2025-01-25 10:30:00;80.40
2025-01-25 10:45:00;80.40
2025-01-25 11:00:00;83.50
2025-01-25 11:15:00;83.50
2025-01-25 11:30:00;83.50
2025-01-25 11:45:00;83.50
2025-01-25 12:00:00;80.00
2025-01-25 12:15:00;80.00
2025-01-25 12:30:00;80.00
2025-01-25 12:45:00;80.00
2025-01-25 13:00:00;81.01
2025-01-25 13:15:00;81.01
2025-01-25 13:30:00;81.01
2025-01-25 13:45:00;81.01
2025-01-25 14:00:00;81.15
2025-01-25 14:15:00;81.15
2025-01-25 14:30:00;81.15
2025-01-25 14:45:00;81.15
2025-01-25 15:00:00;95.78
2025-01-25 15:15:00;95.78
2025-01-25 15:30:00;95.78
2025-01-25 15:45:00;95.78
2025-01-25 16:00:00;115.04
2025-01-25 16:15:00;115.04
2025-01-25 16:30:00;115.04
2025-01-25 16:45:00;115.04
2025-01-25 17:00:00;134.60
2025-01-25 17:15:00;134.60
2025-01-25 17:30:00;134.60
2025-01-25 17:45:00;134.60
2025-01-25 18:00:00;144.96
2025-01-25 18:15:00;144.96
2025-01-25 18:30:00;144.96
2025-01-25 18:45:00;144.96
2025-01-25 19:00:00;142.63
2025-01-25 19:15:00;142.63
2025-01-25 19:30:00;142.63
2025-01-25 19:45:00;142.63
2025-01-25 20:00:00;126.30
2025-01-25 20:15:00;126.30
2025-01-25 20:30:00;126.30
2025-01-25 20:45:00;126.30
2025-01-25 21:00:00;121.63
2025-01-25 21:15:00;121.63
2025-01-25 21:30:00;121.63
2025-01-25 21:45:00;121.63
2025-01-25 22:00:00;119.52
2025-01-25 22:15:00;119.52
2025-01-25 22:30:00;119.52
2025-01-25 22:45:00;119.52
2025-01-25 23:00:00;110.45
2025-01-25 23:15:00;110.45
2025-01-25 23:30:00;110.45
2025-01-25 23:45:00;110.45
2025-01-26 00:00:00;108.98
2025-01-26 00:15:00;108.98
2025-01-26 00:30:00;108.98
2025-01-26 00:45:00;108.98
2025-01-26 01:00:00;101.36
2025-01-26 01:15:00;101.36
2025-01-26 01:30:00;101.36
2025-01-26 01:45:00;101.36
2025-01-26 02:00:00;89.00
2025-01-26 02:15:00;89.00
2025-01-26 02:30:00;89.00
2025-01-26 02:45:00;89.00
2025-01-26 03:00:00;90.59
2025-01-26 03:15:00;90.59
2025-01-26 03:30:00;90.59
2025-01-26 03:45:00;90.59
2025-01-26 04:00:00;82.62
2025-01-26 04:15:00;82.62
2025-01-26 04:30:00;82.62
2025-01-26 04:45:00;82.62
2025-01-26 05:00:00;86.41
2025-01-26 05:15:00;86.41
2025-01-26 05:30:00;86.41
2025-01-26 05:45:00;86.41
2025-01-26 06:00:00;91.90
2025-01-26 06:15:00;91.90
2025-01-26 06:30:00;91.90
2025-01-26 06:45:00;91.90
2025-01-26 07:00:00;97.86
2025-01-26 07:15:00;97.86
2025-01-26 07:30:00;97.86
2025-01-26 07:45:00;97.86
2025-01-26 08:00:00;97.71
2025-01-26 08:15:00;97.71
2025-01-26 08:30:00;97.71
2025-01-26 08:45:00;97.71
2025-01-26 09:00:00;95.58
2025-01-26 09:15:00;95.58
2025-01-26 09:30:00;95.58
2025-01-26 09:45:00;95.58
2025-01-26 10:00:00;83.64
2025-01-26 10:15:00;83.64
2025-01-26 10:30:00;83.64
2025-01-26 10:45:00;83.64
2025-01-26 11:00:00;96.16
2025-01-26 11:15:00;96.16
2025-01-26 11:30:00;96.16
2025-01-26 11:45:00;96.16
2025-01-26 12:00:00;93.48
2025-01-26 12:15:00;93.48
2025-01-26 12:30:00;93.48
2025-01-26 12:45:00;93.48
2025-01-26 13:00:00;73.21
2025-01-26 13:15:00;73.21
2025-01-26 13:30:00;73.21
2025-01-26 13:45:00;73.21
2025-01-26 14:00:00;71.52
2025-01-26 14:15:00;71.52
2025-01-26 14:30:00;71.52
2025-01-26 14:45:00;71.52
2025-01-26 15:00:00;85.03
2025-01-26 15:15:00;85.03
2025-01-26 15:30:00;85.03
2025-01-26 15:45:00;85.03
2025-01-26 16:00:00;94.96
2025-01-26 16:15:00;94.96
2025-01-26 16:30:00;94.96
2025-01-26 16:45:00;94.96
2025-01-26 17:00:00;103.45
2025-01-26 17:15:00;103.45
2025-01-26 17:30:00;103.45
2025-01-26 17:45:00;103.45
2025-01-26 18:00:00;100.45
2025-01-26 18:15:00;100.45
2025-01-26 18:30:00;100.45
2025-01-26 18:45:00;100.45
2025-01-26 19:00:00;76.78
2025-01-26 19:15:00;76.78
2025-01-26 19:30:00;76.78
2025-01-26 19:45:00;76.78
2025-01-26 20:00:00;66.87
2025-01-26 20:15:00;66.87
2025-01-26 20:30:00;66.87
2025-01-26 20:45:00;66.87
2025-01-26 21:00:00;57.58
2025-01-26 21:15:00;57.58
2025-01-26 21:30:00;57.58
2025-01-26 21:45:00;57.58
2025-01-26 22:00:00;43.16
2025-01-26 22:15:00;43.16
2025-01-26 22:30:00;43.16
2025-01-26 22:45:00;43.16
2025-01-26 23:00:00;24.08
2025-01-26 23:15:00;24.08
2025-01-26 23:30:00;24.08
2025-01-26 23:45:00;24.08
2025-01-27 00:00:00;34.08
2025-01-27 00:15:00;34.08
2025-01-27 00:30:00;34.08
2025-01-27 00:45:00;34.08
2025-01-27 01:00:00;28.12
2025-01-27 01:15:00;28.12
2025-01-27 01:30:00;28.12
2025-01-27 01:45:00;28.12
2025-01-27 02:00:00;14.93
2025-01-27 02:15:00;14.93
2025-01-27 02:30:00;14.93
2025-01-27 02:45:00;14.93
2025-01-27 03:00:00;11.69
2025-01-27 03:15:00;11.69
2025-01-27 03:30:00;11.69
2025-01-27 03:45:00;11.69
2025-01-27 04:00:00;8.94
2025-01-27 04:15:00;8.94
2025-01-27 04:30:00;8.94
2025-01-27 04:45:00;8.94
2025-01-27 05:00:00;18.86
2025-01-27 05:15:00;18.86
2025-01-27 05:30:00;18.86
2025-01-27 05:45:00;18.86
2025-01-27 06:00:00;35.01
2025-01-27 06:15:00;35.01
2025-01-27 06:30:00;35.01
2025-01-27 06:45:00;35.01
2025-01-27 07:00:00;54.94
2025-01-27 07:15:00;54.94
2025-01-27 07:30:00;54.94
2025-01-27 07:45:00;54.94
2025-01-27 08:00:00;67.00
2025-01-27 08:15:00;67.00
2025-01-27 08:30:00;67.00
2025-01-27 08:45:00;67.00
2025-01-27 09:00:00;60.43
2025-01-27 09:15:00;60.43
2025-01-27 09:30:00;60.43
2025-01-27 09:45:00;60.43
2025-01-27 10:00:00;44.09
2025-01-27 10:15:00;44.09
2025-01-27 10:30:00;44.09
2025-01-27 10:45:00;44.09
2025-01-27 11:00:00;38.69
2025-01-27 11:15:00;38.69
2025-01-27 11:30:00;38.69
2025-01-27 11:45:00;38.69
2025-01-27 12:00:00;37.00
2025-01-27 12:15:00;37.00
2025-01-27 12:30:00;37.00
2025-01-27 12:45:00;37.00
2025-01-27 13:00:00;37.84
2025-01-27 13:15:00;37.84
2025-01-27 13:30:00;37.84
2025-01-27 13:45:00;37.84
2025-01-27 14:00:00;44.52
2025-01-27 14:15:00;44.52
2025-01-27 14:30:00;44.52
2025-01-27 14:45:00;44.52
2025-01-27 15:00:00;68.45
2025-01-27 15:15:00;68.45
2025-01-27 15:30:00;68.45
2025-01-27 15:45:00;68.45
2025-01-27 16:00:00;81.85
2025-01-27 16:15:00;81.85
2025-01-27 16:30:00;81.85
2025-01-27 16:45:00;81.85
2025-01-27 17:00:00;101.74
2025-01-27 17:15:00;101.74
2025-01-27 17:30:00;101.74
2025-01-27 17:45:00;101.74
2025-01-27 18:00:00;102.41
2025-01-27 18:15:00;102.41
2025-01-27 18:30:00;102.41
2025-01-27 18:45:00;102.41
2025-01-27 19:00:00;90.24
2025-01-27 19:15:00;90.24
2025-01-27 19:30:00;90.24
2025-01-27 19:45:00;90.24
2025-01-27 20:00:00;80.87
2025-01-27 20:15:00;80.87
2025-01-27 20:30:00;80.87
2025-01-27 20:45:00;80.87
2025-01-27 21:00:00;72.90
2025-01-27 21:15:00;72.90
2025-01-27 21:30:00;72.90
2025-01-27 21:45:00;72.90
2025-01-27 22:00:00;69.41
2025-01-27 22:15:00;69.41
2025-01-27 22:30:00;69.41
2025-01-27 22:45:00;69.41
2025-01-27 23:00:00;56.26
2025-01-27 23:15:00;56.26
2025-01-27 23:30:00;56.26
2025-01-27 23:45:00;56.26
2025-01-28 00:00:00;39.27
2025-01-28 00:15:00;39.27
2025-01-28 00:30:00;39.27
2025-01-28 00:45:00;39.27
2025-01-28 01:00:00;32.86
2025-01-28 01:15:00;32.86
2025-01-28 01:30:00;32.86
2025-01-28 01:45:00;32.86
2025-01-28 02:00:00;23.75
2025-01-28 02:15:00;23.75
2025-01-28 02:30:00;23.75
2025-01-28 02:45:00;23.75
2025-01-28 03:00:00;28.79
2025-01-28 03:15:00;28.79
2025-01-28 03:30:00;28.79
2025-01-28 03:45:00;28.79
2025-01-28 04:00:00;29.70
2025-01-28 04:15:00;29.70
2025-01-28 04:30:00;29.70
2025-01-28 04:45:00;29.70
2025-01-28 05:00:00;28.78
2025-01-28 05:15:00;28.78
2025-01-28 05:30:00;28.78
2025-01-28 05:45:00;28.78
2025-01-28 06:00:00;47.24
2025-01-28 06:15:00;47.24
2025-01-28 06:30:00;47.24
2025-01-28 06:45:00;47.24
2025-01-28 07:00:00;72.06
2025-01-28 07:15:00;72.06
2025-01-28 07:30:00;72.06
2025-01-28 07:45:00;72.06
2025-01-28 08:00:00;94.31
2025-01-28 08:15:00;94.31
2025-01-28 08:30:00;94.31
2025-01-28 08:45:00;94.31
2025-01-28 09:00:00;87.62
2025-01-28 09:15:00;87.62
2025-01-28 09:30:00;87.62
2025-01-28 09:45:00;87.62
2025-01-28 10:00:00;91.20
2025-01-28 10:15:00;91.20
2025-01-28 10:30:00;91.20
2025-01-28 10:45:00;91.20
2025-01-28 11:00:00;89.95
2025-01-28 11:15:00;89.95
2025-01-28 11:30:00;89.95
2025-01-28 11:45:00;89.95
2025-01-28 12:00:00;92.93
2025-01-28 12:15:00;92.93
2025-01-28 12:30:00;92.93
2025-01-28 12:45:00;92.93
2025-01-28 13:00:00;89.86
2025-01-28 13:15:00;89.86
2025-01-28 13:30:00;89.86
2025-01-28 13:45:00;89.86
2025-01-28 14:00:00;92.32
2025-01-28 14:15:00;92.32
2025-01-28 14:30:00;92.32
2025-01-28 14:45:00;92.32
2025-01-28 15:00:00;69.00
2025-01-28 15:15:00;69.00
2025-01-28 15:30:00;69.00
2025-01-28 15:45:00;69.00
2025-01-28 16:00:00;89.71
2025-01-28 16:15:00;89.71
2025-01-28 16:30:00;89.71
2025-01-28 16:45:00;89.71
2025-01-28 17:00:00;75.95
2025-01-28 17:15:00;75.95
2025-01-28 17:30:00;75.95
2025-01-28 17:45:00;75.95
2025-01-28 18:00:00;110.39
2025-01-28 18:15:00;110.39
2025-01-28 18:30:00;110.39
2025-01-28 18:45:00;110.39
2025-01-28 19:00:00;111.34
2025-01-28 19:15:00;111.34
2025-01-28 19:30:00;111.34
2025-01-28 19:45:00;111.34
2025-01-28 20:00:00;84.51
2025-01-28 20:15:00;84.51
2025-01-28 20:30:00;84.51
2025-01-28 20:45:00;84.51
2025-01-28 21:00:00;62.52
2025-01-28 21:15:00;62.52
2025-01-28 21:30:00;62.52
2025-01-28 21:45:00;62.52
2025-01-28 22:00:00;50.94
2025-01-28 22:15:00;50.94
2025-01-28 22:30:00;50.94
2025-01-28 22:45:00;50.94
2025-01-28 23:00:00;52.27
2025-01-28 23:15:00;52.27
2025-01-28 23:30:00;52.27
2025-01-28 23:45:00;52.27
2025-01-29 00:00:00;70.27
2025-01-29 00:15:00;70.27
2025-01-29 00:30:00;70.27
2025-01-29 00:45:00;70.27
2025-01-29 01:00:00;66.56
2025-01-29 01:15:00;66.56
2025-01-29 01:30:00;66.56
2025-01-29 01:45:00;66.56
2025-01-29 02:00:00;59.86
2025-01-29 02:15:00;59.86
2025-01-29 02:30:00;59.86
2025-01-29 02:45:00;59.86
2025-01-29 03:00:00;53.31
2025-01-29 03:15:00;53.31
2025-01-29 03:30:00;53.31
2025-01-29 03:45:00;53.31
2025-01-29 04:00:00;57.14
2025-01-29 04:15:00;57.14
2025-01-29 04:30:00;57.14
2025-01-29 04:45:00;57.14
2025-01-29 05:00:00;62.79
2025-01-29 05:15:00;62.79
2025-01-29 05:30:00;62.79
2025-01-29 05:45:00;62.79
2025-01-29 06:00:00;76.17
2025-01-29 06:15:00;76.17
2025-01-29 06:30:00;76.17
2025-01-29 06:45:00;76.17
2025-01-29 07:00:00;101.32
2025-01-29 07:15:00;101.32
2025-01-29 07:30:00;101.32
2025-01-29 07:45:00;101.32
2025-01-29 08:00:00;131.23
2025-01-29 08:15:00;131.23
2025-01-29 08:30:00;131.23
2025-01-29 08:45:00;131.23
2025-01-29 09:00:00;115.35
2025-01-29 09:15:00;115.35
2025-01-29 09:30:00;115.35
2025-01-29 09:45:00;115.35
2025-01-29 10:00:00;90.35
2025-01-29 10:15:00;90.35
2025-01-29 10:30:00;90.35
2025-01-29 10:45:00;90.35
2025-01-29 11:00:00;78.58
2025-01-29 11:15:00;78.58
2025-01-29 11:30:00;78.58
2025-01-29 11:45:00;78.58
2025-01-29 12:00:00;82.05
2025-01-29 12:15:00;82.05
2025-01-29 12:30:00;82.05
2025-01-29 12:45:00;82.05
2025-01-29 13:00:00;83.04
2025-01-29 13:15:00;83.04
2025-01-29 13:30:00;83.04
2025-01-29 13:45:00;83.04
2025-01-29 14:00:00;84.60
2025-01-29 14:15:00;84.60
2025-01-29 14:30:00;84.60
2025-01-29 14:45:00;84.60
2025-01-29 15:00:00;99.36
2025-01-29 15:15:00;99.36
2025-01-29 15:30:00;99.36
2025-01-29 15:45:00;99.36
2025-01-29 16:00:00;125.54
2025-01-29 16:15:00;125.54
2025-01-29 16:30:00;125.54
2025-01-29 16:45:00;125.54
2025-01-29 17:00:00;150.11
2025-01-29 17:15:00;150.11
2025-01-29 17:30:00;150.11
2025-01-29 17:45:00;150.11
2025-01-29 18:00:00;151.50
2025-01-29 18:15:00;151.50
2025-01-29 18:30:00;151.50
2025-01-29 18:45:00;151.50
2025-01-29 19:00:00;147.10
2025-01-29 19:15:00;147.10
2025-01-29 19:30:00;147.10
2025-01-29 19:45:00;147.10
2025-01-29 20:00:00;134.10
2025-01-29 20:15:00;134.10
2025-01-29 20:30:00;134.10
2025-01-29 20:45:00;134.10
2025-01-29 21:00:00;124.43
2025-01-29 21:15:00;124.43
2025-01-29 21:30:00;124.43
2025-01-29 21:45:00;124.43
2025-01-29 22:00:00;115.55
2025-01-29 22:15:00;115.55
2025-01-29 22:30:00;115.55
2025-01-29 22:45:00;115.55
2025-01-29 23:00:00;101.06
2025-01-29 23:15:00;101.06
2025-01-29 23:30:00;101.06
2025-01-29 23:45:00;101.06
2025-01-30 00:00:00;108.59
2025-01-30 00:15:00;108.59
2025-01-30 00:30:00;108.59
2025-01-30 00:45:00;108.59
2025-01-30 01:00:00;105.36
2025-01-30 01:15:00;105.36
2025-01-30 01:30:00;105.36
2025-01-30 01:45:00;105.36
2025-01-30 02:00:00;99.52
2025-01-30 02:15:00;99.52
2025-01-30 02:30:00;99.52
2025-01-30 02:45:00;99.52
2025-01-30 03:00:00;89.07
2025-01-30 03:15:00;89.07
2025-01-30 03:30:00;89.07
2025-01-30 03:45:00;89.07
2025-01-30 04:00:00;84.76
2025-01-30 04:15:00;84.76
2025-01-30 04:30:00;84.76
2025-01-30 04:45:00;84.76
2025-01-30 05:00:00;94.88
2025-01-30 05:15:00;94.88
2025-01-30 05:30:00;94.88
2025-01-30 05:45:00;94.88
2025-01-30 06:00:00;127.14
2025-01-30 06:15:00;127.14
2025-01-30 06:30:00;127.14
2025-01-30 06:45:00;127.14
2025-01-30 07:00:00;148.12
2025-01-30 07:15:00;148.12
2025-01-30 07:30:00;148.12
2025-01-30 07:45:00;148.12
2025-01-30 08:00:00;160.30
2025-01-30 08:15:00;160.30
2025-01-30 08:30:00;160.30
2025-01-30 08:45:00;160.30
2025-01-30 09:00:00;152.00
2025-01-30 09:15:00;152.00
2025-01-30 09:30:00;152.00
2025-01-30 09:45:00;152.00
2025-01-30 10:00:00;134.85
2025-01-30 10:15:00;134.85
2025-01-30 10:30:00;134.85
2025-01-30 10:45:00;134.85
2025-01-30 11:00:00;123.25
2025-01-30 11:15:00;123.25
2025-01-30 11:30:00;123.25
2025-01-30 11:45:00;123.25
2025-01-30 12:00:00;115.83
2025-01-30 12:15:00;115.83
2025-01-30 12:30:00;115.83
2025-01-30 12:45:00;115.83
2025-01-30 13:00:00;113.30
2025-01-30 13:15:00;113.30
2025-01-30 13:30:00;113.30
2025-01-30 13:45:00;113.30
2025-01-30 14:00:00;122.35
2025-01-30 14:15:00;122.35
2025-01-30 14:30:00;122.35
2025-01-30 14:45:00;122.35
2025-01-30 15:00:00;133.09
2025-01-30 15:15:00;133.09
2025-01-30 15:30:00;133.09
2025-01-30 15:45:00;133.09
2025-01-30 16:00:00;134.79
2025-01-30 16:15:00;134.79
2025-01-30 16:30:00;134.79
2025-01-30 16:45:00;134.79
2025-01-30 17:00:00;166.90
2025-01-30 17:15:00;166.90
2025-01-30 17:30:00;166.90
2025-01-30 17:45:00;166.90
2025-01-30 18:00:00;179.60
2025-01-30 18:15:00;179.60
2025-01-30 18:30:00;179.60
2025-01-30 18:45:00;179.60
2025-01-30 19:00:00;161.16
2025-01-30 19:15:00;161.16
2025-01-30 19:30:00;161.16
2025-01-30 19:45:00;161.16
2025-01-30 20:00:00;147.16
2025-01-30 20:15:00;147.16
2025-01-30 20:30:00;147.16
2025-01-30 20:45:00;147.16
2025-01-30 21:00:00;131.71
2025-01-30 21:15:00;131.71
2025-01-30 21:30:00;131.71
2025-01-30 21:45:00;131.71
2025-01-30 22:00:00;125.30
2025-01-30 22:15:00;125.30
2025-01-30 22:30:00;125.30
2025-01-30 22:45:00;125.30
2025-01-30 23:00:00;120.20
2025-01-30 23:15:00;120.20
2025-01-30 23:30:00;120.20
2025-01-30 23:45:00;120.20
2025-01-31 00:00:00;120.00
2025-01-31 00:15:00;120.00
2025-01-31 00:30:00;120.00
2025-01-31 00:45:00;120.00
2025-01-31 01:00:00;116.04
2025-01-31 01:15:00;116.04
2025-01-31 01:30:00;116.04
2025-01-31 01:45:00;116.04
2025-01-31 02:00:00;113.41
2025-01-31 02:15:00;113.41
2025-01-31 02:30:00;113.41
2025-01-31 02:45:00;113.41
2025-01-31 03:00:00;109.67
2025-01-31 03:15:00;109.67
2025-01-31 03:30:00;109.67
2025-01-31 03:45:00;109.67
2025-01-31 04:00:00;112.52
2025-01-31 04:15:00;112.52
2025-01-31 04:30:00;112.52
2025-01-31 04:45:00;112.52
2025-01-31 05:00:00;118.25
2025-01-31 05:15:00;118.25
2025-01-31 05:30:00;118.25
2025-01-31 05:45:00;118.25
2025-01-31 06:00:00;129.02
2025-01-31 06:15:00;129.02
2025-01-31 06:30:00;129.02
2025-01-31 06:45:00;129.02
2025-01-31 07:00:00;153.94
2025-01-31 07:15:00;153.94
2025-01-31 07:30:00;153.94
2025-01-31 07:45:00;153.94
2025-01-31 08:00:00;163.70
2025-01-31 08:15:00;163.70
2025-01-31 08:30:00;163.70
2025-01-31 08:45:00;163.70
2025-01-31 09:00:00;154.82
2025-01-31 09:15:00;154.82
2025-01-31 09:30:00;154.82
2025-01-31 09:45:00;154.82
2025-01-31 10:00:00;130.10
2025-01-31 10:15:00;130.10
2025-01-31 10:30:00;130.10
2025-01-31 10:45:00;130.10
2025-01-31 11:00:00;126.20
2025-01-31 11:15:00;126.20
2025-01-31 11:30:00;126.20
2025-01-31 11:45:00;126.20
2025-01-31 12:00:00;120.06
2025-01-31 12:15:00;120.06
2025-01-31 12:30:00;120.06
2025-01-31 12:45:00;120.06
2025-01-31 13:00:00;121.19
2025-01-31 13:15:00;121.19
2025-01-31 13:30:00;121.19
2025-01-31 13:45:00;121.19
2025-01-31 14:00:00;118.90
2025-01-31 14:15:00;118.90
2025-01-31 14:30:00;118.90
2025-01-31 14:45:00;118.90
2025-01-31 15:00:00;138.96
2025-01-31 15:15:00;138.96
2025-01-31 15:30:00;138.96
2025-01-31 15:45:00;138.96
2025-01-31 16:00:00;142.85
2025-01-31 16:15:00;142.85
2025-01-31 16:30:00;142.85
2025-01-31 16:45:00;142.85
2025-01-31 17:00:00;151.24
2025-01-31 17:15:00;151.24
2025-01-31 17:30:00;151.24
2025-01-31 17:45:00;151.24
2025-01-31 18:00:00;184.48
2025-01-31 18:15:00;184.48
2025-01-31 18:30:00;184.48
2025-01-31 18:45:00;184.48
2025-01-31 19:00:00;178.99
2025-01-31 19:15:00;178.99
2025-01-31 19:30:00;178.99
2025-01-31 19:45:00;178.99
2025-01-31 20:00:00;162.66
2025-01-31 20:15:00;162.66
2025-01-31 20:30:00;162.66
2025-01-31 20:45:00;162.66
2025-01-31 21:00:00;152.70
2025-01-31 21:15:00;152.70
2025-01-31 21:30:00;152.70
2025-01-31 21:45:00;152.70
2025-01-31 22:00:00;144.68
2025-01-31 22:15:00;144.68
2025-01-31 22:30:00;144.68
2025-01-31 22:45:00;144.68
2025-01-31 23:00:00;131.45
2025-01-31 23:15:00;131.45
2025-01-31 23:30:00;131.45
2025-01-31 23:45:00;131.45
2025-02-01 00:00:00;137.06
2025-02-01 00:15:00;137.06
2025-02-01 00:30:00;137.06
2025-02-01 00:45:00;137.06
2025-02-01 01:00:00;129.53
2025-02-01 01:15:00;129.53
2025-02-01 01:30:00;129.53
2025-02-01 01:45:00;129.53
2025-02-01 02:00:00;124.32
2025-02-01 02:15:00;124.32
2025-02-01 02:30:00;124.32
2025-02-01 02:45:00;124.32
2025-02-01 03:00:00;118.50
2025-02-01 03:15:00;118.50
2025-02-01 03:30:00;118.50
2025-02-01 03:45:00;118.50
2025-02-01 04:00:00;114.80
2025-02-01 04:15:00;114.80
2025-02-01 04:30:00;114.80
2025-02-01 04:45:00;114.80
2025-02-01 05:00:00;116.96
2025-02-01 05:15:00;116.96
2025-02-01 05:30:00;116.96
2025-02-01 05:45:00;116.96
2025-02-01 06:00:00;126.34
2025-02-01 06:15:00;126.34
2025-02-01 06:30:00;126.34
2025-02-01 06:45:00;126.34
2025-02-01 07:00:00;144.74
2025-02-01 07:15:00;144.74
2025-02-01 07:30:00;144.74
2025-02-01 07:45:00;144.74
2025-02-01 08:00:00;153.46
2025-02-01 08:15:00;153.46
2025-02-01 08:30:00;153.46
2025-02-01 08:45:00;153.46
2025-02-01 09:00:00;142.44
2025-02-01 09:15:00;142.44
2025-02-01 09:30:00;142.44
2025-02-01 09:45:00;142.44
2025-02-01 10:00:00;128.40
2025-02-01 10:15:00;128.40
2025-02-01 10:30:00;128.40
2025-02-01 10:45:00;128.40
2025-02-01 11:00:00;120.08
2025-02-01 11:15:00;120.08
2025-02-01 11:30:00;120.08
2025-02-01 11:45:00;120.08
2025-02-01 12:00:00;110.29
2025-02-01 12:15:00;110.29
2025-02-01 12:30:00;110.29
2025-02-01 12:45:00;110.29
2025-02-01 13:00:00;103.40
2025-02-01 13:15:00;103.40
2025-02-01 13:30:00;103.40
2025-02-01 13:45:00;103.40
2025-02-01 14:00:00;113.70
2025-02-01 14:15:00;113.70
2025-02-01 14:30:00;113.70
2025-02-01 14:45:00;113.70
2025-02-01 15:00:00;125.00
2025-02-01 15:15:00;125.00
2025-02-01 15:30:00;125.00
2025-02-01 15:45:00;125.00
2025-02-01 16:00:00;144.41
2025-02-01 16:15:00;144.41
2025-02-01 16:30:00;144.41
2025-02-01 16:45:00;144.41
2025-02-01 17:00:00;149.13
2025-02-01 17:15:00;149.13
2025-02-01 17:30:00;149.13
2025-02-01 17:45:00;149.13
2025-02-01 18:00:00;161.18
2025-02-01 18:15:00;161.18
2025-02-01 18:30:00;161.18
2025-02-01 18:45:00;161.18
2025-02-01 19:00:00;162.98
2025-02-01 19:15:00;162.98
2025-02-01 19:30:00;162.98
2025-02-01 19:45:00;162.98
2025-02-01 20:00:00;156.60
2025-02-01 20:15:00;156.60
2025-02-01 20:30:00;156.60
2025-02-01 20:45:00;156.60
2025-02-01 21:00:00;145.24
2025-02-01 21:15:00;145.24
2025-02-01 21:30:00;145.24
2025-02-01 21:45:00;145.24
2025-02-01 22:00:00;141.73
2025-02-01 22:15:00;141.73
2025-02-01 22:30:00;141.73
2025-02-01 22:45:00;141.73
2025-02-01 23:00:00;131.74
2025-02-01 23:15:00;131.74
2025-02-01 23:30:00;131.74
2025-02-01 23:45:00;131.74
2025-02-02 00:00:00;133.26
2025-02-02 00:15:00;133.26
2025-02-02 00:30:00;133.26
2025-02-02 00:45:00;133.26
2025-02-02 01:00:00;126.91
2025-02-02 01:15:00;126.91
2025-02-02 01:30:00;126.91
2025-02-02 01:45:00;126.91
2025-02-02 02:00:00;122.99
2025-02-02 02:15:00;122.99
2025-02-02 02:30:00;122.99
2025-02-02 02:45:00;122.99
2025-02-02 03:00:00;120.66
2025-02-02 03:15:00;120.66
2025-02-02 03:30:00;120.66
2025-02-02 03:45:00;120.66
2025-02-02 04:00:00;122.34
2025-02-02 04:15:00;122.34
2025-02-02 04:30:00;122.34
2025-02-02 04:45:00;122.34
2025-02-02 05:00:00;123.41
2025-02-02 05:15:00;123.41
2025-02-02 05:30:00;123.41
2025-02-02 05:45:00;123.41
2025-02-02 06:00:00;128.09
2025-02-02 06:15:00;128.09
2025-02-02 06:30:00;128.09
2025-02-02 06:45:00;128.09
2025-02-02 07:00:00;135.90
2025-02-02 07:15:00;135.90
2025-02-02 07:30:00;135.90
2025-02-02 07:45:00;135.90
2025-02-02 08:00:00;137.30
2025-02-02 08:15:00;137.30
2025-02-02 08:30:00;137.30
2025-02-02 08:45:00;137.30
2025-02-02 09:00:00;137.70
2025-02-02 09:15:00;137.70
2025-02-02 09:30:00;137.70
2025-02-02 09:45:00;137.70
2025-02-02 10:00:00;130.04
2025-02-02 10:15:00;130.04
2025-02-02 10:30:00;130.04
2025-02-02 10:45:00;130.04
2025-02-02 11:00:00;129.33
2025-02-02 11:15:00;129.33
2025-02-02 11:30:00;129.33
2025-02-02 11:45:00;129.33
2025-02-02 12:00:00;122.24
2025-02-02 12:15:00;122.24
2025-02-02 12:30:00;122.24
2025-02-02 12:45:00;122.24
2025-02-02 13:00:00;111.88
2025-02-02 13:15:00;111.88
2025-02-02 13:30:00;111.88
2025-02-02 13:45:00;111.88
2025-02-02 14:00:00;114.78
2025-02-02 14:15:00;114.78
2025-02-02 14:30:00;114.78
2025-02-02 14:45:00;114.78
2025-02-02 15:00:00;121.22
2025-02-02 15:15:00;121.22
2025-02-02 15:30:00;121.22
2025-02-02 15:45:00;121.22
2025-02-02 16:00:00;137.57
2025-02-02 16:15:00;137.57
2025-02-02 16:30:00;137.57
2025-02-02 16:45:00;137.57
2025-02-02 17:00:00;155.43
2025-02-02 17:15:00;155.43
2025-02-02 17:30:00;155.43
2025-02-02 17:45:00;155.43
2025-02-02 18:00:00;168.07
2025-02-02 18:15:00;168.07
2025-02-02 18:30:00;168.07
2025-02-02 18:45:00;168.07
2025-02-02 19:00:00;173.95
2025-02-02 19:15:00;173.95
2025-02-02 19:30:00;173.95
2025-02-02 19:45:00;173.95
2025-02-02 20:00:00;165.50
2025-02-02 20:15:00;165.50
2025-02-02 20:30:00;165.50
2025-02-02 20:45:00;165.50
2025-02-02 21:00:00;155.77
2025-02-02 21:15:00;155.77
2025-02-02 21:30:00;155.77
2025-02-02 21:45:00;155.77
2025-02-02 22:00:00;148.44
2025-02-02 22:15:00;148.44
2025-02-02 22:30:00;148.44
2025-02-02 22:45:00;148.44
2025-02-02 23:00:00;133.24
2025-02-02 23:15:00;133.24
2025-02-02 23:30:00;133.24
2025-02-02 23:45:00;133.24
2025-02-03 00:00:00;129.54
2025-02-03 00:15:00;129.54
2025-02-03 00:30:00;129.54
2025-02-03 00:45:00;129.54
2025-02-03 01:00:00;126.63
2025-02-03 01:15:00;126.63
2025-02-03 01:30:00;126.63
2025-02-03 01:45:00;126.63
2025-02-03 02:00:00;124.72
2025-02-03 02:15:00;124.72
2025-02-03 02:30:00;124.72
2025-02-03 02:45:00;124.72
2025-02-03 03:00:00;120.04
2025-02-03 03:15:00;120.04
2025-02-03 03:30:00;120.04
2025-02-03 03:45:00;120.04
2025-02-03 04:00:00;123.24
2025-02-03 04:15:00;123.24
2025-02-03 04:30:00;123.24
2025-02-03 04:45:00;123.24
2025-02-03 05:00:00;127.77
2025-02-03 05:15:00;127.77
2025-02-03 05:30:00;127.77
2025-02-03 05:45:00;127.77
2025-02-03 06:00:00;159.18
2025-02-03 06:15:00;159.18
2025-02-03 06:30:00;159.18
2025-02-03 06:45:00;159.18
2025-02-03 07:00:00;207.88
2025-02-03 07:15:00;207.88
2025-02-03 07:30:00;207.88
2025-02-03 07:45:00;207.88
2025-02-03 08:00:00;243.23
2025-02-03 08:15:00;243.23
2025-02-03 08:30:00;243.23
2025-02-03 08:45:00;243.23
2025-02-03 09:00:00;178.04
2025-02-03 09:15:00;178.04
2025-02-03 09:30:00;178.04
2025-02-03 09:45:00;178.04
2025-02-03 10:00:00;149.95
2025-02-03 10:15:00;149.95
2025-02-03 10:30:00;149.95
2025-02-03 10:45:00;149.95
2025-02-03 11:00:00;127.15
2025-02-03 11:15:00;127.15
2025-02-03 11:30:00;127.15
2025-02-03 11:45:00;127.15
2025-02-03 12:00:00;117.27
2025-02-03 12:15:00;117.27
2025-02-03 12:30:00;117.27
2025-02-03 12:45:00;117.27
2025-02-03 13:00:00;115.09
2025-02-03 13:15:00;115.09
2025-02-03 13:30:00;115.09
2025-02-03 13:45:00;115.09
2025-02-03 14:00:00;121.76
2025-02-03 14:15:00;121.76
2025-02-03 14:30:00;121.76
2025-02-03 14:45:00;121.76
2025-02-03 15:00:00;134.25
2025-02-03 15:15:00;134.25
2025-02-03 15:30:00;134.25
2025-02-03 15:45:00;134.25
2025-02-03 16:00:00;146.31
2025-02-03 16:15:00;146.31
2025-02-03 16:30:00;146.31
2025-02-03 16:45:00;146.31
2025-02-03 17:00:00;186.55
2025-02-03 17:15:00;186.55
2025-02-03 17:30:00;186.55
2025-02-03 17:45:00;186.55
2025-02-03 18:00:00;200.73
2025-02-03 18:15:00;200.73
2025-02-03 18:30:00;200.73
2025-02-03 18:45:00;200.73
2025-02-03 19:00:00;201.10
2025-02-03 19:15:00;201.10
2025-02-03 19:30:00;201.10
2025-02-03 19:45:00;201.10
2025-02-03 20:00:00;167.74
2025-02-03 20:15:00;167.74
2025-02-03 20:30:00;167.74
2025-02-03 20:45:00;167.74
2025-02-03 21:00:00;153.00
2025-02-03 21:15:00;153.00
2025-02-03 21:30:00;153.00
2025-02-03 21:45:00;153.00
2025-02-03 22:00:00;144.00
2025-02-03 22:15:00;144.00
2025-02-03 22:30:00;144.00
2025-02-03 22:45:00;144.00
2025-02-03 23:00:00;135.81
2025-02-03 23:15:00;135.81
2025-02-03 23:30:00;135.81
2025-02-03 23:45:00;135.81
2025-02-04 00:00:00;132.40
2025-02-04 00:15:00;132.40
2025-02-04 00:30:00;132.40
2025-02-04 00:45:00;132.40
2025-02-04 01:00:00;125.54
2025-02-04 01:15:00;125.54
2025-02-04 01:30:00;125.54
2025-02-04 01:45:00;125.54
2025-02-04 02:00:00;123.18
2025-02-04 02:15:00;123.18
2025-02-04 02:30:00;123.18
2025-02-04 02:45:00;123.18
2025-02-04 03:00:00;123.99
2025-02-04 03:15:00;123.99
2025-02-04 03:30:00;123.99
2025-02-04 03:45:00;123.99
2025-02-04 04:00:00;123.25
2025-02-04 04:15:00;123.25
2025-02-04 04:30:00;123.25
2025-02-04 04:45:00;123.25
2025-02-04 05:00:00;127.63
2025-02-04 05:15:00;127.63
2025-02-04 05:30:00;127.63
2025-02-04 05:45:00;127.63
2025-02-04 06:00:00;153.26
2025-02-04 06:15:00;153.26
2025-02-04 06:30:00;153.26
2025-02-04 06:45:00;153.26
2025-02-04 07:00:00;181.29
2025-02-04 07:15:00;181.29
2025-02-04 07:30:00;181.29
2025-02-04 07:45:00;181.29
2025-02-04 08:00:00;211.99
2025-02-04 08:15:00;211.99
2025-02-04 08:30:00;211.99
2025-02-04 08:45:00;211.99
2025-02-04 09:00:00;163.31
2025-02-04 09:15:00;163.31
2025-02-04 09:30:00;163.31
2025-02-04 09:45:00;163.31
2025-02-04 10:00:00;136.53
2025-02-04 10:15:00;136.53
2025-02-04 10:30:00;136.53
2025-02-04 10:45:00;136.53
2025-02-04 11:00:00;127.95
2025-02-04 11:15:00;127.95
2025-02-04 11:30:00;127.95
2025-02-04 11:45:00;127.95
2025-02-04 12:00:00;123.43
2025-02-04 12:15:00;123.43
2025-02-04 12:30:00;123.43
2025-02-04 12:45:00;123.43
2025-02-04 13:00:00;113.27
2025-02-04 13:15:00;113.27
2025-02-04 13:30:00;113.27
2025-02-04 13:45:00;113.27
2025-02-04 14:00:00;120.09
2025-02-04 14:15:00;120.09
2025-02-04 14:30:00;120.09
2025-02-04 14:45:00;120.09
2025-02-04 15:00:00;122.47
2025-02-04 15:15:00;122.47
2025-02-04 15:30:00;122.47
2025-02-04 15:45:00;122.47
2025-02-04 16:00:00;121.28
2025-02-04 16:15:00;121.28
2025-02-04 16:30:00;121.28
2025-02-04 16:45:00;121.28
2025-02-04 17:00:00;140.65
2025-02-04 17:15:00;140.65
2025-02-04 17:30:00;140.65
2025-02-04 17:45:00;140.65
2025-02-04 18:00:00;175.00
2025-02-04 18:15:00;175.00
2025-02-04 18:30:00;175.00
2025-02-04 18:45:00;175.00
2025-02-04 19:00:00;172.52
2025-02-04 19:15:00;172.52
2025-02-04 19:30:00;172.52
2025-02-04 19:45:00;172.52
2025-02-04 20:00:00;151.29
2025-02-04 20:15:00;151.29
2025-02-04 20:30:00;151.29
2025-02-04 20:45:00;151.29
2025-02-04 21:00:00;132.76
2025-02-04 21:15:00;132.76
2025-02-04 21:30:00;132.76
2025-02-04 21:45:00;132.76
2025-02-04 22:00:00;142.43
2025-02-04 22:15:00;142.43
2025-02-04 22:30:00;142.43
2025-02-04 22:45:00;142.43
2025-02-04 23:00:00;138.99
2025-02-04 23:15:00;138.99
2025-02-04 23:30:00;138.99
2025-02-04 23:45:00;138.99
2025-02-05 00:00:00;131.22
2025-02-05 00:15:00;131.22
2025-02-05 00:30:00;131.22
2025-02-05 00:45:00;131.22
2025-02-05 01:00:00;121.25
2025-02-05 01:15:00;121.25
2025-02-05 01:30:00;121.25
2025-02-05 01:45:00;121.25
2025-02-05 02:00:00;117.93
2025-02-05 02:15:00;117.93
2025-02-05 02:30:00;117.93
2025-02-05 02:45:00;117.93
2025-02-05 03:00:00;117.03
2025-02-05 03:15:00;117.03
2025-02-05 03:30:00;117.03
2025-02-05 03:45:00;117.03
2025-02-05 04:00:00;117.73
2025-02-05 04:15:00;117.73
2025-02-05 04:30:00;117.73
2025-02-05 04:45:00;117.73
2025-02-05 05:00:00;123.17
2025-02-05 05:15:00;123.17
2025-02-05 05:30:00;123.17
2025-02-05 05:45:00;123.17
2025-02-05 06:00:00;139.96
2025-02-05 06:15:00;139.96
2025-02-05 06:30:00;139.96
2025-02-05 06:45:00;139.96
2025-02-05 07:00:00;168.87
2025-02-05 07:15:00;168.87
2025-02-05 07:30:00;168.87
2025-02-05 07:45:00;168.87
2025-02-05 08:00:00;180.81
2025-02-05 08:15:00;180.81
2025-02-05 08:30:00;180.81
2025-02-05 08:45:00;180.81
2025-02-05 09:00:00;159.33
2025-02-05 09:15:00;159.33
2025-02-05 09:30:00;159.33
2025-02-05 09:45:00;159.33
2025-02-05 10:00:00;145.67
2025-02-05 10:15:00;145.67
2025-02-05 10:30:00;145.67
2025-02-05 10:45:00;145.67
2025-02-05 11:00:00;140.60
2025-02-05 11:15:00;140.60
2025-02-05 11:30:00;140.60
2025-02-05 11:45:00;140.60
2025-02-05 12:00:00;131.48
2025-02-05 12:15:00;131.48
2025-02-05 12:30:00;131.48
2025-02-05 12:45:00;131.48
2025-02-05 13:00:00;126.00
2025-02-05 13:15:00;126.00
2025-02-05 13:30:00;126.00
2025-02-05 13:45:00;126.00
2025-02-05 14:00:00;128.85
2025-02-05 14:15:00;128.85
2025-02-05 14:30:00;128.85
2025-02-05 14:45:00;128.85
2025-02-05 15:00:00;144.12
2025-02-05 15:15:00;144.12
2025-02-05 15:30:00;144.12
2025-02-05 15:45:00;144.12
2025-02-05 16:00:00;153.77
2025-02-05 16:15:00;153.77
2025-02-05 16:30:00;153.77
2025-02-05 16:45:00;153.77
2025-02-05 17:00:00;175.23
2025-02-05 17:15:00;175.23
2025-02-05 17:30:00;175.23
2025-02-05 17:45:00;175.23
2025-02-05 18:00:00;189.90
2025-02-05 18:15:00;189.90
2025-02-05 18:30:00;189.90
2025-02-05 18:45:00;189.90
2025-02-05 19:00:00;189.63
2025-02-05 19:15:00;189.63
2025-02-05 19:30:00;189.63
2025-02-05 19:45:00;189.63
2025-02-05 20:00:00;170.00
2025-02-05 20:15:00;170.00
2025-02-05 20:30:00;170.00
2025-02-05 20:45:00;170.00
2025-02-05 21:00:00;155.42
2025-02-05 21:15:00;155.42
2025-02-05 21:30:00;155.42
2025-02-05 21:45:00;155.42
2025-02-05 22:00:00;143.70
2025-02-05 22:15:00;143.70
2025-02-05 22:30:00;143.70
2025-02-05 22:45:00;143.70
2025-02-05 23:00:00;137.73
2025-02-05 23:15:00;137.73
2025-02-05 23:30:00;137.73
2025-02-05 23:45:00;137.73
2025-02-06 00:00:00;133.67
2025-02-06 00:15:00;133.67
2025-02-06 00:30:00;133.67
2025-02-06 00:45:00;133.67
2025-02-06 01:00:00;131.92
2025-02-06 01:15:00;131.92
2025-02-06 01:30:00;131.92
2025-02-06 01:45:00;131.92
2025-02-06 02:00:00;126.60
2025-02-06 02:15:00;126.60
2025-02-06 02:30:00;126.60
2025-02-06 02:45:00;126.60
2025-02-06 03:00:00;125.01
2025-02-06 03:15:00;125.01
2025-02-06 03:30:00;125.01
2025-02-06 03:45:00;125.01
2025-02-06 04:00:00;125.01
2025-02-06 04:15:00;125.01
2025-02-06 04:30:00;125.01
2025-02-06 04:45:00;125.01
2025-02-06 05:00:00;128.31
2025-02-06 05:15:00;128.31
2025-02-06 05:30:00;128.31
2025-02-06 05:45:00;128.31
2025-02-06 06:00:00;142.42
2025-02-06 06:15:00;142.42
2025-02-06 06:30:00;142.42
2025-02-06 06:45:00;142.42
2025-02-06 07:00:00;180.09
2025-02-06 07:15:00;180.09
2025-02-06 07:30:00;180.09
2025-02-06 07:45:00;180.09
2025-02-06 08:00:00;213.41
2025-02-06 08:15:00;213.41
2025-02-06 08:30:00;213.41
2025-02-06 08:45:00;213.41
2025-02-06 09:00:00;178.06
2025-02-06 09:15:00;178.06
2025-02-06 09:30:00;178.06
2025-02-06 09:45:00;178.06
2025-02-06 10:00:00;158.06
2025-02-06 10:15:00;158.06
2025-02-06 10:30:00;158.06
2025-02-06 10:45:00;158.06
2025-02-06 11:00:00;136.42
2025-02-06 11:15:00;136.42
2025-02-06 11:30:00;136.42
2025-02-06 11:45:00;136.42
2025-02-06 12:00:00;128.51
2025-02-06 12:15:00;128.51
2025-02-06 12:30:00;128.51
2025-02-06 12:45:00;128.51
2025-02-06 13:00:00;121.40
2025-02-06 13:15:00;121.40
2025-02-06 13:30:00;121.40
2025-02-06 13:45:00;121.40
2025-02-06 14:00:00;132.91
2025-02-06 14:15:00;132.91
2025-02-06 14:30:00;132.91
2025-02-06 14:45:00;132.91
2025-02-06 15:00:00;128.80
2025-02-06 15:15:00;128.80
2025-02-06 15:30:00;128.80
2025-02-06 15:45:00;128.80
2025-02-06 16:00:00;127.82
2025-02-06 16:15:00;127.82
2025-02-06 16:30:00;127.82
2025-02-06 16:45:00;127.82
2025-02-06 17:00:00;152.23
2025-02-06 17:15:00;152.23
2025-02-06 17:30:00;152.23
2025-02-06 17:45:00;152.23
2025-02-06 18:00:00;170.56
2025-02-06 18:15:00;170.56
2025-02-06 18:30:00;170.56
2025-02-06 18:45:00;170.56
2025-02-06 19:00:00;163.21
2025-02-06 19:15:00;163.21
2025-02-06 19:30:00;163.21
2025-02-06 19:45:00;163.21
2025-02-06 20:00:00;142.86
2025-02-06 20:15:00;142.86
2025-02-06 20:30:00;142.86
2025-02-06 20:45:00;142.86
2025-02-06 21:00:00;133.03
2025-02-06 21:15:00;133.03
2025-02-06 21:30:00;133.03
2025-02-06 21:45:00;133.03
2025-02-06 22:00:00;134.99
2025-02-06 22:15:00;134.99
2025-02-06 22:30:00;134.99
2025-02-06 22:45:00;134.99
2025-02-06 23:00:00;121.95
2025-02-06 23:15:00;121.95
2025-02-06 23:30:00;121.95
2025-02-06 23:45:00;121.95
2025-02-07 00:00:00;126.05
2025-02-07 00:15:00;126.05
2025-02-07 00:30:00;126.05
2025-02-07 00:45:00;126.05
2025-02-07 01:00:00;112.70
2025-02-07 01:15:00;112.70
2025-02-07 01:30:00;112.70
2025-02-07 01:45:00;112.70
2025-02-07 02:00:00;108.82
2025-02-07 02:15:00;108.82
2025-02-07 02:30:00;108.82
2025-02-07 02:45:00;108.82
2025-02-07 03:00:00;105.00
2025-02-07 03:15:00;105.00
2025-02-07 03:30:00;105.00
2025-02-07 03:45:00;105.00
2025-02-07 04:00:00;105.62
2025-02-07 04:15:00;105.62
2025-02-07 04:30:00;105.62
2025-02-07 04:45:00;105.62
2025-02-07 05:00:00;106.21
2025-02-07 05:15:00;106.21
2025-02-07 05:30:00;106.21
2025-02-07 05:45:00;106.21
2025-02-07 06:00:00;115.84
2025-02-07 06:15:00;115.84
2025-02-07 06:30:00;115.84
2025-02-07 06:45:00;115.84
2025-02-07 07:00:00;143.53
2025-02-07 07:15:00;143.53
2025-02-07 07:30:00;143.53
2025-02-07 07:45:00;143.53
2025-02-07 08:00:00;164.24
2025-02-07 08:15:00;164.24
2025-02-07 08:30:00;164.24
2025-02-07 08:45:00;164.24
2025-02-07 09:00:00;150.36
2025-02-07 09:15:00;150.36
2025-02-07 09:30:00;150.36
2025-02-07 09:45:00;150.36
2025-02-07 10:00:00;139.11
2025-02-07 10:15:00;139.11
2025-02-07 10:30:00;139.11
2025-02-07 10:45:00;139.11
2025-02-07 11:00:00;132.98
2025-02-07 11:15:00;132.98
2025-02-07 11:30:00;132.98
2025-02-07 11:45:00;132.98
2025-02-07 12:00:00;130.49
2025-02-07 12:15:00;130.49
2025-02-07 12:30:00;130.49
2025-02-07 12:45:00;130.49
2025-02-07 13:00:00;120.20
2025-02-07 13:15:00;120.20
2025-02-07 13:30:00;120.20
2025-02-07 13:45:00;120.20
2025-02-07 14:00:00;126.57
2025-02-07 14:15:00;126.57
2025-02-07 14:30:00;126.57
2025-02-07 14:45:00;126.57
2025-02-07 15:00:00;121.89
2025-02-07 15:15:00;121.89
2025-02-07 15:30:00;121.89
2025-02-07 15:45:00;121.89
2025-02-07 16:00:00;128.72
2025-02-07 16:15:00;128.72
2025-02-07 16:30:00;128.72
2025-02-07 16:45:00;128.72
2025-02-07 17:00:00;144.05
2025-02-07 17:15:00;144.05
2025-02-07 17:30:00;144.05
2025-02-07 17:45:00;144.05
2025-02-07 18:00:00;150.01
2025-02-07 18:15:00;150.01
2025-02-07 18:30:00;150.01
2025-02-07 18:45:00;150.01
2025-02-07 19:00:00;153.34
2025-02-07 19:15:00;153.34
2025-02-07 19:30:00;153.34
2025-02-07 19:45:00;153.34
2025-02-07 20:00:00;154.72
2025-02-07 20:15:00;154.72
2025-02-07 20:30:00;154.72
2025-02-07 20:45:00;154.72
2025-02-07 21:00:00;153.28
2025-02-07 21:15:00;153.28
2025-02-07 21:30:00;153.28
2025-02-07 21:45:00;153.28
2025-02-07 22:00:00;155.23
2025-02-07 22:15:00;155.23
2025-02-07 22:30:00;155.23
2025-02-07 22:45:00;155.23
2025-02-07 23:00:00;133.65
2025-02-07 23:15:00;133.65
2025-02-07 23:30:00;133.65
2025-02-07 23:45:00;133.65
2025-02-08 00:00:00;124.26
2025-02-08 00:15:00;124.26
2025-02-08 00:30:00;124.26
2025-02-08 00:45:00;124.26
2025-02-08 01:00:00;107.17
2025-02-08 01:15:00;107.17
2025-02-08 01:30:00;107.17
2025-02-08 01:45:00;107.17
2025-02-08 02:00:00;91.87
2025-02-08 02:15:00;91.87
2025-02-08 02:30:00;91.87
2025-02-08 02:45:00;91.87
2025-02-08 03:00:00;99.33
2025-02-08 03:15:00;99.33
2025-02-08 03:30:00;99.33
2025-02-08 03:45:00;99.33
2025-02-08 04:00:00;89.69
2025-02-08 04:15:00;89.69
2025-02-08 04:30:00;89.69
2025-02-08 04:45:00;89.69
2025-02-08 05:00:00;90.99
2025-02-08 05:15:00;90.99
2025-02-08 05:30:00;90.99
2025-02-08 05:45:00;90.99
2025-02-08 06:00:00;98.70
2025-02-08 06:15:00;98.70
2025-02-08 06:30:00;98.70
2025-02-08 06:45:00;98.70
2025-02-08 07:00:00;120.46
2025-02-08 07:15:00;120.46
2025-02-08 07:30:00;120.46
2025-02-08 07:45:00;120.46
2025-02-08 08:00:00;124.90
2025-02-08 08:15:00;124.90
2025-02-08 08:30:00;124.90
2025-02-08 08:45:00;124.90
2025-02-08 09:00:00;135.50
2025-02-08 09:15:00;135.50
2025-02-08 09:30:00;135.50
2025-02-08 09:45:00;135.50
2025-02-08 10:00:00;148.80
2025-02-08 10:15:00;148.80
2025-02-08 10:30:00;148.80
2025-02-08 10:45:00;148.80
2025-02-08 11:00:00;158.37
2025-02-08 11:15:00;158.37
2025-02-08 11:30:00;158.37
2025-02-08 11:45:00;158.37
2025-02-08 12:00:00;162.41
2025-02-08 12:15:00;162.41
2025-02-08 12:30:00;162.41
2025-02-08 12:45:00;162.41
2025-02-08 13:00:00;129.95
2025-02-08 13:15:00;129.95
2025-02-08 13:30:00;129.95
2025-02-08 13:45:00;129.95
2025-02-08 14:00:00;117.90
2025-02-08 14:15:00;117.90
2025-02-08 14:30:00;117.90
2025-02-08 14:45:00;117.90
2025-02-08 15:00:00;118.00
2025-02-08 15:15:00;118.00
2025-02-08 15:30:00;118.00
2025-02-08 15:45:00;118.00
2025-02-08 16:00:00;141.22
2025-02-08 16:15:00;141.22
2025-02-08 16:30:00;141.22
2025-02-08 16:45:00;141.22
2025-02-08 17:00:00;150.49
2025-02-08 17:15:00;150.49
2025-02-08 17:30:00;150.49
2025-02-08 17:45:00;150.49
2025-02-08 18:00:00;160.49
2025-02-08 18:15:00;160.49
2025-02-08 18:30:00;160.49
2025-02-08 18:45:00;160.49
2025-02-08 19:00:00;165.98
2025-02-08 19:15:00;165.98
2025-02-08 19:30:00;165.98
2025-02-08 19:45:00;165.98
2025-02-08 20:00:00;162.82
2025-02-08 20:15:00;162.82
2025-02-08 20:30:00;162.82
2025-02-08 20:45:00;162.82
2025-02-08 21:00:00;149.00
2025-02-08 21:15:00;149.00
2025-02-08 21:30:00;149.00
2025-02-08 21:45:00;149.00
2025-02-08 22:00:00;147.95
2025-02-08 22:15:00;147.95
2025-02-08 22:30:00;147.95
2025-02-08 22:45:00;147.95
2025-02-08 23:00:00;143.29
2025-02-08 23:15:00;143.29
2025-02-08 23:30:00;143.29
2025-02-08 23:45:00;143.29
2025-02-09 00:00:00;135.00
2025-02-09 00:15:00;135.00
2025-02-09 00:30:00;135.00
2025-02-09 00:45:00;135.00
2025-02-09 01:00:00;136.41
2025-02-09 01:15:00;136.41
2025-02-09 01:30:00;136.41
2025-02-09 01:45:00;136.41
2025-02-09 02:00:00;135.48
2025-02-09 02:15:00;135.48
2025-02-09 02:30:00;135.48
2025-02-09 02:45:00;135.48
2025-02-09 03:00:00;119.30
2025-02-09 03:15:00;119.30
2025-02-09 03:30:00;119.30
2025-02-09 03:45:00;119.30
2025-02-09 04:00:00;116.91
2025-02-09 04:15:00;116.91
2025-02-09 04:30:00;116.91
2025-02-09 04:45:00;116.91
2025-02-09 05:00:00;117.00
2025-02-09 05:15:00;117.00
2025-02-09 05:30:00;117.00
2025-02-09 05:45:00;117.00
2025-02-09 06:00:00;117.00
2025-02-09 06:15:00;117.00
2025-02-09 06:30:00;117.00
2025-02-09 06:45:00;117.00
2025-02-09 07:00:00;133.43
2025-02-09 07:15:00;133.43
2025-02-09 07:30:00;133.43
2025-02-09 07:45:00;133.43
2025-02-09 08:00:00;136.77
2025-02-09 08:15:00;136.77
2025-02-09 08:30:00;136.77
2025-02-09 08:45:00;136.77
2025-02-09 09:00:00;124.95
2025-02-09 09:15:00;124.95
2025-02-09 09:30:00;124.95
2025-02-09 09:45:00;124.95
2025-02-09 10:00:00;124.30
2025-02-09 10:15:00;124.30
2025-02-09 10:30:00;124.30
2025-02-09 10:45:00;124.30
2025-02-09 11:00:00;133.00
2025-02-09 11:15:00;133.00
2025-02-09 11:30:00;133.00
2025-02-09 11:45:00;133.00
2025-02-09 12:00:00;148.08
2025-02-09 12:15:00;148.08
2025-02-09 12:30:00;148.08
2025-02-09 12:45:00;148.08
2025-02-09 13:00:00;136.95
2025-02-09 13:15:00;136.95
2025-02-09 13:30:00;136.95
2025-02-09 13:45:00;136.95
2025-02-09 14:00:00;109.90
2025-02-09 14:15:00;109.90
2025-02-09 14:30:00;109.90
2025-02-09 14:45:00;109.90
2025-02-09 15:00:00;120.40
2025-02-09 15:15:00;120.40
2025-02-09 15:30:00;120.40
2025-02-09 15:45:00;120.40
2025-02-09 16:00:00;142.30
2025-02-09 16:15:00;142.30
2025-02-09 16:30:00;142.30
2025-02-09 16:45:00;142.30
2025-02-09 17:00:00;149.06
2025-02-09 17:15:00;149.06
2025-02-09 17:30:00;149.06
2025-02-09 17:45:00;149.06
2025-02-09 18:00:00;162.45
2025-02-09 18:15:00;162.45
2025-02-09 18:30:00;162.45
2025-02-09 18:45:00;162.45
2025-02-09 19:00:00;178.99
2025-02-09 19:15:00;178.99
2025-02-09 19:30:00;178.99
2025-02-09 19:45:00;178.99
2025-02-09 20:00:00;156.98
2025-02-09 20:15:00;156.98
2025-02-09 20:30:00;156.98
2025-02-09 20:45:00;156.98
2025-02-09 21:00:00;142.98
2025-02-09 21:15:00;142.98
2025-02-09 21:30:00;142.98
2025-02-09 21:45:00;142.98
2025-02-09 22:00:00;143.00
2025-02-09 22:15:00;143.00
2025-02-09 22:30:00;143.00
2025-02-09 22:45:00;143.00
2025-02-09 23:00:00;135.44
2025-02-09 23:15:00;135.44
2025-02-09 23:30:00;135.44
2025-02-09 23:45:00;135.44
2025-02-10 00:00:00;128.56
2025-02-10 00:15:00;128.56
2025-02-10 00:30:00;128.56
2025-02-10 00:45:00;128.56
2025-02-10 01:00:00;134.72
2025-02-10 01:15:00;134.72
2025-02-10 01:30:00;134.72
2025-02-10 01:45:00;134.72
2025-02-10 02:00:00;131.35
2025-02-10 02:15:00;131.35
2025-02-10 02:30:00;131.35
2025-02-10 02:45:00;131.35
2025-02-10 03:00:00;120.98
2025-02-10 03:15:00;120.98
2025-02-10 03:30:00;120.98
2025-02-10 03:45:00;120.98
2025-02-10 04:00:00;120.83
2025-02-10 04:15:00;120.83
2025-02-10 04:30:00;120.83
2025-02-10 04:45:00;120.83
2025-02-10 05:00:00;125.74
2025-02-10 05:15:00;125.74
2025-02-10 05:30:00;125.74
2025-02-10 05:45:00;125.74
2025-02-10 06:00:00;145.51
2025-02-10 06:15:00;145.51
2025-02-10 06:30:00;145.51
2025-02-10 06:45:00;145.51
2025-02-10 07:00:00;167.70
2025-02-10 07:15:00;167.70
2025-02-10 07:30:00;167.70
2025-02-10 07:45:00;167.70
2025-02-10 08:00:00;181.36
2025-02-10 08:15:00;181.36
2025-02-10 08:30:00;181.36
2025-02-10 08:45:00;181.36
2025-02-10 09:00:00;163.18
2025-02-10 09:15:00;163.18
2025-02-10 09:30:00;163.18
2025-02-10 09:45:00;163.18
2025-02-10 10:00:00;169.01
2025-02-10 10:15:00;169.01
2025-02-10 10:30:00;169.01
2025-02-10 10:45:00;169.01
2025-02-10 11:00:00;178.77
2025-02-10 11:15:00;178.77
2025-02-10 11:30:00;178.77
2025-02-10 11:45:00;178.77
2025-02-10 12:00:00;171.84
2025-02-10 12:15:00;171.84
2025-02-10 12:30:00;171.84
2025-02-10 12:45:00;171.84
2025-02-10 13:00:00;150.99
2025-02-10 13:15:00;150.99
2025-02-10 13:30:00;150.99
2025-02-10 13:45:00;150.99
2025-02-10 14:00:00;127.40
2025-02-10 14:15:00;127.40
2025-02-10 14:30:00;127.40
2025-02-10 14:45:00;127.40
2025-02-10 15:00:00;132.95
2025-02-10 15:15:00;132.95
2025-02-10 15:30:00;132.95
2025-02-10 15:45:00;132.95
2025-02-10 16:00:00;135.00
2025-02-10 16:15:00;135.00
2025-02-10 16:30:00;135.00
2025-02-10 16:45:00;135.00
2025-02-10 17:00:00;138.69
2025-02-10 17:15:00;138.69
2025-02-10 17:30:00;138.69
2025-02-10 17:45:00;138.69
2025-02-10 18:00:00;177.31
2025-02-10 18:15:00;177.31
2025-02-10 18:30:00;177.31
2025-02-10 18:45:00;177.31
2025-02-10 19:00:00;224.02
2025-02-10 19:15:00;224.02
2025-02-10 19:30:00;224.02
2025-02-10 19:45:00;224.02
2025-02-10 20:00:00;203.75
2025-02-10 20:15:00;203.75
2025-02-10 20:30:00;203.75
2025-02-10 20:45:00;203.75
2025-02-10 21:00:00;188.76
2025-02-10 21:15:00;188.76
2025-02-10 21:30:00;188.76
2025-02-10 21:45:00;188.76
2025-02-10 22:00:00;186.58
2025-02-10 22:15:00;186.58
2025-02-10 22:30:00;186.58
2025-02-10 22:45:00;186.58
2025-02-10 23:00:00;157.90
2025-02-10 23:15:00;157.90
2025-02-10 23:30:00;157.90
2025-02-10 23:45:00;157.90
2025-02-11 00:00:00;143.19
2025-02-11 00:15:00;143.19
2025-02-11 00:30:00;143.19
2025-02-11 00:45:00;143.19
2025-02-11 01:00:00;147.08
2025-02-11 01:15:00;147.08
2025-02-11 01:30:00;147.08
2025-02-11 01:45:00;147.08
2025-02-11 02:00:00;135.60
2025-02-11 02:15:00;135.60
2025-02-11 02:30:00;135.60
2025-02-11 02:45:00;135.60
2025-02-11 03:00:00;127.65
2025-02-11 03:15:00;127.65
2025-02-11 03:30:00;127.65
2025-02-11 03:45:00;127.65
2025-02-11 04:00:00;119.66
2025-02-11 04:15:00;119.66
2025-02-11 04:30:00;119.66
2025-02-11 04:45:00;119.66
2025-02-11 05:00:00;124.04
2025-02-11 05:15:00;124.04
2025-02-11 05:30:00;124.04
2025-02-11 05:45:00;124.04
2025-02-11 06:00:00;128.11
2025-02-11 06:15:00;128.11
2025-02-11 06:30:00;128.11
2025-02-11 06:45:00;128.11
2025-02-11 07:00:00;143.95
2025-02-11 07:15:00;143.95
2025-02-11 07:30:00;143.95
2025-02-11 07:45:00;143.95
2025-02-11 08:00:00;159.06
2025-02-11 08:15:00;159.06
2025-02-11 08:30:00;159.06
2025-02-11 08:45:00;159.06
2025-02-11 09:00:00;163.30
2025-02-11 09:15:00;163.30
2025-02-11 09:30:00;163.30
2025-02-11 09:45:00;163.30
2025-02-11 10:00:00;196.82
2025-02-11 10:15:00;196.82
2025-02-11 10:30:00;196.82
2025-02-11 10:45:00;196.82
2025-02-11 11:00:00;187.31
2025-02-11 11:15:00;187.31
2025-02-11 11:30:00;187.31
2025-02-11 11:45:00;187.31
2025-02-11 12:00:00;170.98
2025-02-11 12:15:00;170.98
2025-02-11 12:30:00;170.98
2025-02-11 12:45:00;170.98
2025-02-11 13:00:00;153.16
2025-02-11 13:15:00;153.16
2025-02-11 13:30:00;153.16
2025-02-11 13:45:00;153.16
2025-02-11 14:00:00;137.66
2025-02-11 14:15:00;137.66
2025-02-11 14:30:00;137.66
2025-02-11 14:45:00;137.66
2025-02-11 15:00:00;144.26
2025-02-11 15:15:00;144.26
2025-02-11 15:30:00;144.26
2025-02-11 15:45:00;144.26
2025-02-11 16:00:00;145.16
2025-02-11 16:15:00;145.16
2025-02-11 16:30:00;145.16
2025-02-11 16:45:00;145.16
2025-02-11 17:00:00;161.16
2025-02-11 17:15:00;161.16
2025-02-11 17:30:00;161.16
2025-02-11 17:45:00;161.16
2025-02-11 18:00:00;173.95
2025-02-11 18:15:00;173.95
2025-02-11 18:30:00;173.95
2025-02-11 18:45:00;173.95
2025-02-11 19:00:00;202.82
2025-02-11 19:15:00;202.82
2025-02-11 19:30:00;202.82
2025-02-11 19:45:00;202.82
2025-02-11 20:00:00;175.98
2025-02-11 20:15:00;175.98
2025-02-11 20:30:00;175.98
2025-02-11 20:45:00;175.98
2025-02-11 21:00:00;155.37
2025-02-11 21:15:00;155.37
2025-02-11 21:30:00;155.37
2025-02-11 21:45:00;155.37
2025-02-11 22:00:00;146.67
2025-02-11 22:15:00;146.67
2025-02-11 22:30:00;146.67
2025-02-11 22:45:00;146.67
2025-02-11 23:00:00;131.50
2025-02-11 23:15:00;131.50
2025-02-11 23:30:00;131.50
2025-02-11 23:45:00;131.50
2025-02-12 00:00:00;130.55
2025-02-12 00:15:00;130.55
2025-02-12 00:30:00;130.55
2025-02-12 00:45:00;130.55
2025-02-12 01:00:00;127.91
2025-02-12 01:15:00;127.91
2025-02-12 01:30:00;127.91
2025-02-12 01:45:00;127.91
2025-02-12 02:00:00;126.82
2025-02-12 02:15:00;126.82
2025-02-12 02:30:00;126.82
2025-02-12 02:45:00;126.82
2025-02-12 03:00:00;126.59
2025-02-12 03:15:00;126.59
2025-02-12 03:30:00;126.59
2025-02-12 03:45:00;126.59
2025-02-12 04:00:00;128.74
2025-02-12 04:15:00;128.74
2025-02-12 04:30:00;128.74
2025-02-12 04:45:00;128.74
2025-02-12 05:00:00;131.42
2025-02-12 05:15:00;131.42
2025-02-12 05:30:00;131.42
2025-02-12 05:45:00;131.42
2025-02-12 06:00:00;150.15
2025-02-12 06:15:00;150.15
2025-02-12 06:30:00;150.15
2025-02-12 06:45:00;150.15
2025-02-12 07:00:00;163.18
2025-02-12 07:15:00;163.18
2025-02-12 07:30:00;163.18
2025-02-12 07:45:00;163.18
2025-02-12 08:00:00;180.00
2025-02-12 08:15:00;180.00
2025-02-12 08:30:00;180.00
2025-02-12 08:45:00;180.00
2025-02-12 09:00:00;174.92
2025-02-12 09:15:00;174.92
2025-02-12 09:30:00;174.92
2025-02-12 09:45:00;174.92
2025-02-12 10:00:00;163.36
2025-02-12 10:15:00;163.36
2025-02-12 10:30:00;163.36
2025-02-12 10:45:00;163.36
2025-02-12 11:00:00;152.82
2025-02-12 11:15:00;152.82
2025-02-12 11:30:00;152.82
2025-02-12 11:45:00;152.82
2025-02-12 12:00:00;141.80
2025-02-12 12:15:00;141.80
2025-02-12 12:30:00;141.80
2025-02-12 12:45:00;141.80
2025-02-12 13:00:00;142.90
2025-02-12 13:15:00;142.90
2025-02-12 13:30:00;142.90
2025-02-12 13:45:00;142.90
2025-02-12 14:00:00;150.08
2025-02-12 14:15:00;150.08
2025-02-12 14:30:00;150.08
2025-02-12 14:45:00;150.08
2025-02-12 15:00:00;160.51
2025-02-12 15:15:00;160.51
2025-02-12 15:30:00;160.51
2025-02-12 15:45:00;160.51
2025-02-12 16:00:00;172.07
2025-02-12 16:15:00;172.07
2025-02-12 16:30:00;172.07
2025-02-12 16:45:00;172.07
2025-02-12 17:00:00;171.82
2025-02-12 17:15:00;171.82
2025-02-12 17:30:00;171.82
2025-02-12 17:45:00;171.82
2025-02-12 18:00:00;198.34
2025-02-12 18:15:00;198.34
2025-02-12 18:30:00;198.34
2025-02-12 18:45:00;198.34
2025-02-12 19:00:00;193.47
2025-02-12 19:15:00;193.47
2025-02-12 19:30:00;193.47
2025-02-12 19:45:00;193.47
2025-02-12 20:00:00;175.64
2025-02-12 20:15:00;175.64
2025-02-12 20:30:00;175.64
2025-02-12 20:45:00;175.64
2025-02-12 21:00:00;156.64
2025-02-12 21:15:00;156.64
2025-02-12 21:30:00;156.64
2025-02-12 21:45:00;156.64
2025-02-12 22:00:00;151.08
2025-02-12 22:15:00;151.08
2025-02-12 22:30:00;151.08
2025-02-12 22:45:00;151.08
2025-02-12 23:00:00;142.51
2025-02-12 23:15:00;142.51
2025-02-12 23:30:00;142.51
2025-02-12 23:45:00;142.51
2025-02-13 00:00:00;137.41
2025-02-13 00:15:00;137.41
2025-02-13 00:30:00;137.41
2025-02-13 00:45:00;137.41
2025-02-13 01:00:00;133.23
2025-02-13 01:15:00;133.23
2025-02-13 01:30:00;133.23
2025-02-13 01:45:00;133.23
2025-02-13 02:00:00;138.44
2025-02-13 02:15:00;138.44
2025-02-13 02:30:00;138.44
2025-02-13 02:45:00;138.44
2025-02-13 03:00:00;131.64
2025-02-13 03:15:00;131.64
2025-02-13 03:30:00;131.64
2025-02-13 03:45:00;131.64
2025-02-13 04:00:00;132.88
2025-02-13 04:15:00;132.88
2025-02-13 04:30:00;132.88
2025-02-13 04:45:00;132.88
2025-02-13 05:00:00;136.03
2025-02-13 05:15:00;136.03
2025-02-13 05:30:00;136.03
2025-02-13 05:45:00;136.03
2025-02-13 06:00:00;143.26
2025-02-13 06:15:00;143.26
2025-02-13 06:30:00;143.26
2025-02-13 06:45:00;143.26
2025-02-13 07:00:00;172.39
2025-02-13 07:15:00;172.39
2025-02-13 07:30:00;172.39
2025-02-13 07:45:00;172.39
2025-02-13 08:00:00;206.31
2025-02-13 08:15:00;206.31
2025-02-13 08:30:00;206.31
2025-02-13 08:45:00;206.31
2025-02-13 09:00:00;190.89
2025-02-13 09:15:00;190.89
2025-02-13 09:30:00;190.89
2025-02-13 09:45:00;190.89
2025-02-13 10:00:00;192.36
2025-02-13 10:15:00;192.36
2025-02-13 10:30:00;192.36
2025-02-13 10:45:00;192.36
2025-02-13 11:00:00;176.40
2025-02-13 11:15:00;176.40
2025-02-13 11:30:00;176.40
2025-02-13 11:45:00;176.40
2025-02-13 12:00:00;166.48
2025-02-13 12:15:00;166.48
2025-02-13 12:30:00;166.48
2025-02-13 12:45:00;166.48
2025-02-13 13:00:00;161.56
2025-02-13 13:15:00;161.56
2025-02-13 13:30:00;161.56
2025-02-13 13:45:00;161.56
2025-02-13 14:00:00;159.90
2025-02-13 14:15:00;159.90
2025-02-13 14:30:00;159.90
2025-02-13 14:45:00;159.90
2025-02-13 15:00:00;161.31
2025-02-13 15:15:00;161.31
2025-02-13 15:30:00;161.31
2025-02-13 15:45:00;161.31
2025-02-13 16:00:00;156.85
2025-02-13 16:15:00;156.85
2025-02-13 16:30:00;156.85
2025-02-13 16:45:00;156.85
2025-02-13 17:00:00;178.04
2025-02-13 17:15:00;178.04
2025-02-13 17:30:00;178.04
2025-02-13 17:45:00;178.04
2025-02-13 18:00:00;194.60
2025-02-13 18:15:00;194.60
2025-02-13 18:30:00;194.60
2025-02-13 18:45:00;194.60
2025-02-13 19:00:00;196.52
2025-02-13 19:15:00;196.52
2025-02-13 19:30:00;196.52
2025-02-13 19:45:00;196.52
2025-02-13 20:00:00;177.07
2025-02-13 20:15:00;177.07
2025-02-13 20:30:00;177.07
2025-02-13 20:45:00;177.07
2025-02-13 21:00:00;162.92
2025-02-13 21:15:00;162.92
2025-02-13 21:30:00;162.92
2025-02-13 21:45:00;162.92
2025-02-13 22:00:00;153.12
2025-02-13 22:15:00;153.12
2025-02-13 22:30:00;153.12
2025-02-13 22:45:00;153.12
2025-02-13 23:00:00;138.98
2025-02-13 23:15:00;138.98
2025-02-13 23:30:00;138.98
2025-02-13 23:45:00;138.98
2025-02-14 00:00:00;136.27
2025-02-14 00:15:00;136.27
2025-02-14 00:30:00;136.27
2025-02-14 00:45:00;136.27
2025-02-14 01:00:00;132.80
2025-02-14 01:15:00;132.80
2025-02-14 01:30:00;132.80
2025-02-14 01:45:00;132.80
2025-02-14 02:00:00;127.47
2025-02-14 02:15:00;127.47
2025-02-14 02:30:00;127.47
2025-02-14 02:45:00;127.47
2025-02-14 03:00:00;123.87
2025-02-14 03:15:00;123.87
2025-02-14 03:30:00;123.87
2025-02-14 03:45:00;123.87
2025-02-14 04:00:00;125.38
2025-02-14 04:15:00;125.38
2025-02-14 04:30:00;125.38
2025-02-14 04:45:00;125.38
2025-02-14 05:00:00;136.17
2025-02-14 05:15:00;136.17
2025-02-14 05:30:00;136.17
2025-02-14 05:45:00;136.17
2025-02-14 06:00:00;151.24
2025-02-14 06:15:00;151.24
2025-02-14 06:30:00;151.24
2025-02-14 06:45:00;151.24
2025-02-14 07:00:00;184.87
2025-02-14 07:15:00;184.87
2025-02-14 07:30:00;184.87
2025-02-14 07:45:00;184.87
2025-02-14 08:00:00;218.54
2025-02-14 08:15:00;218.54
2025-02-14 08:30:00;218.54
2025-02-14 08:45:00;218.54
2025-02-14 09:00:00;192.91
2025-02-14 09:15:00;192.91
2025-02-14 09:30:00;192.91
2025-02-14 09:45:00;192.91
2025-02-14 10:00:00;172.37
2025-02-14 10:15:00;172.37
2025-02-14 10:30:00;172.37
2025-02-14 10:45:00;172.37
2025-02-14 11:00:00;157.95
2025-02-14 11:15:00;157.95
2025-02-14 11:30:00;157.95
2025-02-14 11:45:00;157.95
2025-02-14 12:00:00;148.47
2025-02-14 12:15:00;148.47
2025-02-14 12:30:00;148.47
2025-02-14 12:45:00;148.47
2025-02-14 13:00:00;143.01
2025-02-14 13:15:00;143.01
2025-02-14 13:30:00;143.01
2025-02-14 13:45:00;143.01
2025-02-14 14:00:00;147.06
2025-02-14 14:15:00;147.06
2025-02-14 14:30:00;147.06
2025-02-14 14:45:00;147.06
2025-02-14 15:00:00;144.16
2025-02-14 15:15:00;144.16
2025-02-14 15:30:00;144.16
2025-02-14 15:45:00;144.16
2025-02-14 16:00:00;162.94
2025-02-14 16:15:00;162.94
2025-02-14 16:30:00;162.94
2025-02-14 16:45:00;162.94
2025-02-14 17:00:00;206.47
2025-02-14 17:15:00;206.47
2025-02-14 17:30:00;206.47
2025-02-14 17:45:00;206.47
2025-02-14 18:00:00;225.44
2025-02-14 18:15:00;225.44
2025-02-14 18:30:00;225.44
2025-02-14 18:45:00;225.44
2025-02-14 19:00:00;210.69
2025-02-14 19:15:00;210.69
2025-02-14 19:30:00;210.69
2025-02-14 19:45:00;210.69
2025-02-14 20:00:00;183.55
2025-02-14 20:15:00;183.55
2025-02-14 20:30:00;183.55
2025-02-14 20:45:00;183.55
2025-02-14 21:00:00;161.47
2025-02-14 21:15:00;161.47
2025-02-14 21:30:00;161.47
2025-02-14 21:45:00;161.47
2025-02-14 22:00:00;153.00
2025-02-14 22:15:00;153.00
2025-02-14 22:30:00;153.00
2025-02-14 22:45:00;153.00
2025-02-14 23:00:00;140.03
2025-02-14 23:15:00;140.03
2025-02-14 23:30:00;140.03
2025-02-14 23:45:00;140.03
2025-02-15 00:00:00;131.52
2025-02-15 00:15:00;131.52
2025-02-15 00:30:00;131.52
2025-02-15 00:45:00;131.52
2025-02-15 01:00:00;126.69
2025-02-15 01:15:00;126.69
2025-02-15 01:30:00;126.69
2025-02-15 01:45:00;126.69
2025-02-15 02:00:00;117.42
2025-02-15 02:15:00;117.42
2025-02-15 02:30:00;117.42
2025-02-15 02:45:00;117.42
2025-02-15 03:00:00;113.52
2025-02-15 03:15:00;113.52
2025-02-15 03:30:00;113.52
2025-02-15 03:45:00;113.52
2025-02-15 04:00:00;113.01
2025-02-15 04:15:00;113.01
2025-02-15 04:30:00;113.01
2025-02-15 04:45:00;113.01
2025-02-15 05:00:00;115.13
2025-02-15 05:15:00;115.13
2025-02-15 05:30:00;115.13
2025-02-15 05:45:00;115.13
2025-02-15 06:00:00;126.84
2025-02-15 06:15:00;126.84
2025-02-15 06:30:00;126.84
2025-02-15 06:45:00;126.84
2025-02-15 07:00:00;142.79
2025-02-15 07:15:00;142.79
2025-02-15 07:30:00;142.79
2025-02-15 07:45:00;142.79
2025-02-15 08:00:00;142.89
2025-02-15 08:15:00;142.89
2025-02-15 08:30:00;142.89
2025-02-15 08:45:00;142.89
2025-02-15 09:00:00;136.73
2025-02-15 09:15:00;136.73
2025-02-15 09:30:00;136.73
2025-02-15 09:45:00;136.73
2025-02-15 10:00:00;124.59
2025-02-15 10:15:00;124.59
2025-02-15 10:30:00;124.59
2025-02-15 10:45:00;124.59
2025-02-15 11:00:00;118.36
2025-02-15 11:15:00;118.36
2025-02-15 11:30:00;118.36
2025-02-15 11:45:00;118.36
2025-02-15 12:00:00;112.39
2025-02-15 12:15:00;112.39
2025-02-15 12:30:00;112.39
2025-02-15 12:45:00;112.39
2025-02-15 13:00:00;110.01
2025-02-15 13:15:00;110.01
2025-02-15 13:30:00;110.01
2025-02-15 13:45:00;110.01
2025-02-15 14:00:00;113.74
2025-02-15 14:15:00;113.74
2025-02-15 14:30:00;113.74
2025-02-15 14:45:00;113.74
2025-02-15 15:00:00;121.99
2025-02-15 15:15:00;121.99
2025-02-15 15:30:00;121.99
2025-02-15 15:45:00;121.99
2025-02-15 16:00:00;136.01
2025-02-15 16:15:00;136.01
2025-02-15 16:30:00;136.01
2025-02-15 16:45:00;136.01
2025-02-15 17:00:00;154.09
2025-02-15 17:15:00;154.09
2025-02-15 17:30:00;154.09
2025-02-15 17:45:00;154.09
2025-02-15 18:00:00;167.48
2025-02-15 18:15:00;167.48
2025-02-15 18:30:00;167.48
2025-02-15 18:45:00;167.48
2025-02-15 19:00:00;160.52
2025-02-15 19:15:00;160.52
2025-02-15 19:30:00;160.52
2025-02-15 19:45:00;160.52
2025-02-15 20:00:00;138.15
2025-02-15 20:15:00;138.15
2025-02-15 20:30:00;138.15
2025-02-15 20:45:00;138.15
2025-02-15 21:00:00;126.02
2025-02-15 21:15:00;126.02
2025-02-15 21:30:00;126.02
2025-02-15 21:45:00;126.02
2025-02-15 22:00:00;131.16
2025-02-15 22:15:00;131.16
2025-02-15 22:30:00;131.16
2025-02-15 22:45:00;131.16
2025-02-15 23:00:00;124.94
2025-02-15 23:15:00;124.94
2025-02-15 23:30:00;124.94
2025-02-15 23:45:00;124.94
2025-02-16 00:00:00;134.11
2025-02-16 00:15:00;134.11
2025-02-16 00:30:00;134.11
2025-02-16 00:45:00;134.11
2025-02-16 01:00:00;128.90
2025-02-16 01:15:00;128.90
2025-02-16 01:30:00;128.90
2025-02-16 01:45:00;128.90
2025-02-16 02:00:00;123.57
2025-02-16 02:15:00;123.57
2025-02-16 02:30:00;123.57
2025-02-16 02:45:00;123.57
2025-02-16 03:00:00;119.90
2025-02-16 03:15:00;119.90
2025-02-16 03:30:00;119.90
2025-02-16 03:45:00;119.90
2025-02-16 04:00:00;119.57
2025-02-16 04:15:00;119.57
2025-02-16 04:30:00;119.57
2025-02-16 04:45:00;119.57
2025-02-16 05:00:00;120.21
2025-02-16 05:15:00;120.21
2025-02-16 05:30:00;120.21
2025-02-16 05:45:00;120.21
2025-02-16 06:00:00;120.10
2025-02-16 06:15:00;120.10
2025-02-16 06:30:00;120.10
2025-02-16 06:45:00;120.10
2025-02-16 07:00:00;127.80
2025-02-16 07:15:00;127.80
2025-02-16 07:30:00;127.80
2025-02-16 07:45:00;127.80
2025-02-16 08:00:00;129.71
2025-02-16 08:15:00;129.71
2025-02-16 08:30:00;129.71
2025-02-16 08:45:00;129.71
2025-02-16 09:00:00;130.43
2025-02-16 09:15:00;130.43
2025-02-16 09:30:00;130.43
2025-02-16 09:45:00;130.43
2025-02-16 10:00:00;123.81
2025-02-16 10:15:00;123.81
2025-02-16 10:30:00;123.81
2025-02-16 10:45:00;123.81
2025-02-16 11:00:00;116.66
2025-02-16 11:15:00;116.66
2025-02-16 11:30:00;116.66
2025-02-16 11:45:00;116.66
2025-02-16 12:00:00;121.02
2025-02-16 12:15:00;121.02
2025-02-16 12:30:00;121.02
2025-02-16 12:45:00;121.02
2025-02-16 13:00:00;107.08
2025-02-16 13:15:00;107.08
2025-02-16 13:30:00;107.08
2025-02-16 13:45:00;107.08
2025-02-16 14:00:00;107.89
2025-02-16 14:15:00;107.89
2025-02-16 14:30:00;107.89
2025-02-16 14:45:00;107.89
2025-02-16 15:00:00;120.54
2025-02-16 15:15:00;120.54
2025-02-16 15:30:00;120.54
2025-02-16 15:45:00;120.54
2025-02-16 16:00:00;129.51
2025-02-16 16:15:00;129.51
2025-02-16 16:30:00;129.51
2025-02-16 16:45:00;129.51
2025-02-16 17:00:00;144.84
2025-02-16 17:15:00;144.84
2025-02-16 17:30:00;144.84
2025-02-16 17:45:00;144.84
2025-02-16 18:00:00;160.99
2025-02-16 18:15:00;160.99
2025-02-16 18:30:00;160.99
2025-02-16 18:45:00;160.99
2025-02-16 19:00:00;161.09
2025-02-16 19:15:00;161.09
2025-02-16 19:30:00;161.09
2025-02-16 19:45:00;161.09
2025-02-16 20:00:00;154.25
2025-02-16 20:15:00;154.25
2025-02-16 20:30:00;154.25
2025-02-16 20:45:00;154.25
2025-02-16 21:00:00;139.64
2025-02-16 21:15:00;139.64
2025-02-16 21:30:00;139.64
2025-02-16 21:45:00;139.64
2025-02-16 22:00:00;137.69
2025-02-16 22:15:00;137.69
2025-02-16 22:30:00;137.69
2025-02-16 22:45:00;137.69
2025-02-16 23:00:00;131.51
2025-02-16 23:15:00;131.51
2025-02-16 23:30:00;131.51
2025-02-16 23:45:00;131.51
2025-02-17 00:00:00;128.07
2025-02-17 00:15:00;128.07
2025-02-17 00:30:00;128.07
2025-02-17 00:45:00;128.07
2025-02-17 01:00:00;121.06
2025-02-17 01:15:00;121.06
2025-02-17 01:30:00;121.06
2025-02-17 01:45:00;121.06
2025-02-17 02:00:00;120.34
2025-02-17 02:15:00;120.34
2025-02-17 02:30:00;120.34
2025-02-17 02:45:00;120.34
2025-02-17 03:00:00;122.77
2025-02-17 03:15:00;122.77
2025-02-17 03:30:00;122.77
2025-02-17 03:45:00;122.77
2025-02-17 04:00:00;125.30
2025-02-17 04:15:00;125.30
2025-02-17 04:30:00;125.30
2025-02-17 04:45:00;125.30
2025-02-17 05:00:00;128.76
2025-02-17 05:15:00;128.76
2025-02-17 05:30:00;128.76
2025-02-17 05:45:00;128.76
2025-02-17 06:00:00;148.80
2025-02-17 06:15:00;148.80
2025-02-17 06:30:00;148.80
2025-02-17 06:45:00;148.80
2025-02-17 07:00:00;204.70
2025-02-17 07:15:00;204.70
2025-02-17 07:30:00;204.70
2025-02-17 07:45:00;204.70
2025-02-17 08:00:00;209.79
2025-02-17 08:15:00;209.79
2025-02-17 08:30:00;209.79
2025-02-17 08:45:00;209.79
2025-02-17 09:00:00;171.30
2025-02-17 09:15:00;171.30
2025-02-17 09:30:00;171.30
2025-02-17 09:45:00;171.30
2025-02-17 10:00:00;139.67
2025-02-17 10:15:00;139.67
2025-02-17 10:30:00;139.67
2025-02-17 10:45:00;139.67
2025-02-17 11:00:00;117.22
2025-02-17 11:15:00;117.22
2025-02-17 11:30:00;117.22
2025-02-17 11:45:00;117.22
2025-02-17 12:00:00;109.67
2025-02-17 12:15:00;109.67
2025-02-17 12:30:00;109.67
2025-02-17 12:45:00;109.67
2025-02-17 13:00:00;106.81
2025-02-17 13:15:00;106.81
2025-02-17 13:30:00;106.81
2025-02-17 13:45:00;106.81
2025-02-17 14:00:00;111.89
2025-02-17 14:15:00;111.89
2025-02-17 14:30:00;111.89
2025-02-17 14:45:00;111.89
2025-02-17 15:00:00;128.62
2025-02-17 15:15:00;128.62
2025-02-17 15:30:00;128.62
2025-02-17 15:45:00;128.62
2025-02-17 16:00:00;143.09
2025-02-17 16:15:00;143.09
2025-02-17 16:30:00;143.09
2025-02-17 16:45:00;143.09
2025-02-17 17:00:00;181.75
2025-02-17 17:15:00;181.75
2025-02-17 17:30:00;181.75
2025-02-17 17:45:00;181.75
2025-02-17 18:00:00;235.44
2025-02-17 18:15:00;235.44
2025-02-17 18:30:00;235.44
2025-02-17 18:45:00;235.44
2025-02-17 19:00:00;215.46
2025-02-17 19:15:00;215.46
2025-02-17 19:30:00;215.46
2025-02-17 19:45:00;215.46
2025-02-17 20:00:00;177.95
2025-02-17 20:15:00;177.95
2025-02-17 20:30:00;177.95
2025-02-17 20:45:00;177.95
2025-02-17 21:00:00;155.38
2025-02-17 21:15:00;155.38
2025-02-17 21:30:00;155.38
2025-02-17 21:45:00;155.38
2025-02-17 22:00:00;139.51
2025-02-17 22:15:00;139.51
2025-02-17 22:30:00;139.51
2025-02-17 22:45:00;139.51
2025-02-17 23:00:00;130.00
2025-02-17 23:15:00;130.00
2025-02-17 23:30:00;130.00
2025-02-17 23:45:00;130.00
2025-02-18 00:00:00;133.10
2025-02-18 00:15:00;133.10
2025-02-18 00:30:00;133.10
2025-02-18 00:45:00;133.10
2025-02-18 01:00:00;125.19
2025-02-18 01:15:00;125.19
2025-02-18 01:30:00;125.19
2025-02-18 01:45:00;125.19
2025-02-18 02:00:00;123.73
2025-02-18 02:15:00;123.73
2025-02-18 02:30:00;123.73
2025-02-18 02:45:00;123.73
2025-02-18 03:00:00;116.34
2025-02-18 03:15:00;116.34
2025-02-18 03:30:00;116.34
2025-02-18 03:45:00;116.34
2025-02-18 04:00:00;114.78
2025-02-18 04:15:00;114.78
2025-02-18 04:30:00;114.78
2025-02-18 04:45:00;114.78
2025-02-18 05:00:00;121.45
2025-02-18 05:15:00;121.45
2025-02-18 05:30:00;121.45
2025-02-18 05:45:00;121.45
2025-02-18 06:00:00;132.29
2025-02-18 06:15:00;132.29
2025-02-18 06:30:00;132.29
2025-02-18 06:45:00;132.29
2025-02-18 07:00:00;170.90
2025-02-18 07:15:00;170.90
2025-02-18 07:30:00;170.90
2025-02-18 07:45:00;170.90
2025-02-18 08:00:00;193.80
2025-02-18 08:15:00;193.80
2025-02-18 08:30:00;193.80
2025-02-18 08:45:00;193.80
2025-02-18 09:00:00;143.91
2025-02-18 09:15:00;143.91
2025-02-18 09:30:00;143.91
2025-02-18 09:45:00;143.91
2025-02-18 10:00:00;125.00
2025-02-18 10:15:00;125.00
2025-02-18 10:30:00;125.00
2025-02-18 10:45:00;125.00
2025-02-18 11:00:00;110.66
2025-02-18 11:15:00;110.66
2025-02-18 11:30:00;110.66
2025-02-18 11:45:00;110.66
2025-02-18 12:00:00;100.26
2025-02-18 12:15:00;100.26
2025-02-18 12:30:00;100.26
2025-02-18 12:45:00;100.26
2025-02-18 13:00:00;91.25
2025-02-18 13:15:00;91.25
2025-02-18 13:30:00;91.25
2025-02-18 13:45:00;91.25
2025-02-18 14:00:00;100.29
2025-02-18 14:15:00;100.29
2025-02-18 14:30:00;100.29
2025-02-18 14:45:00;100.29
2025-02-18 15:00:00;111.36
2025-02-18 15:15:00;111.36
2025-02-18 15:30:00;111.36
2025-02-18 15:45:00;111.36
2025-02-18 16:00:00;126.12
2025-02-18 16:15:00;126.12
2025-02-18 16:30:00;126.12
2025-02-18 16:45:00;126.12
2025-02-18 17:00:00;152.81
2025-02-18 17:15:00;152.81
2025-02-18 17:30:00;152.81
2025-02-18 17:45:00;152.81
2025-02-18 18:00:00;169.68
2025-02-18 18:15:00;169.68
2025-02-18 18:30:00;169.68
2025-02-18 18:45:00;169.68
2025-02-18 19:00:00;156.65
2025-02-18 19:15:00;156.65
2025-02-18 19:30:00;156.65
2025-02-18 19:45:00;156.65
2025-02-18 20:00:00;142.66
2025-02-18 20:15:00;142.66
2025-02-18 20:30:00;142.66
2025-02-18 20:45:00;142.66
2025-02-18 21:00:00;131.31
2025-02-18 21:15:00;131.31
2025-02-18 21:30:00;131.31
2025-02-18 21:45:00;131.31
2025-02-18 22:00:00;122.56
2025-02-18 22:15:00;122.56
2025-02-18 22:30:00;122.56
2025-02-18 22:45:00;122.56
2025-02-18 23:00:00;115.32
2025-02-18 23:15:00;115.32
2025-02-18 23:30:00;115.32
2025-02-18 23:45:00;115.32
2025-02-19 00:00:00;105.48
2025-02-19 00:15:00;105.48
2025-02-19 00:30:00;105.48
2025-02-19 00:45:00;105.48
2025-02-19 01:00:00;100.17
2025-02-19 01:15:00;100.17
2025-02-19 01:30:00;100.17
2025-02-19 01:45:00;100.17
2025-02-19 02:00:00;100.21
2025-02-19 02:15:00;100.21
2025-02-19 02:30:00;100.21
2025-02-19 02:45:00;100.21
2025-02-19 03:00:00;98.07
2025-02-19 03:15:00;98.07
2025-02-19 03:30:00;98.07
2025-02-19 03:45:00;98.07
2025-02-19 04:00:00;95.15
2025-02-19 04:15:00;95.15
2025-02-19 04:30:00;95.15
2025-02-19 04:45:00;95.15
2025-02-19 05:00:00;99.75
2025-02-19 05:15:00;99.75
2025-02-19 05:30:00;99.75
2025-02-19 05:45:00;99.75
2025-02-19 06:00:00;116.76
2025-02-19 06:15:00;116.76
2025-02-19 06:30:00;116.76
2025-02-19 06:45:00;116.76
2025-02-19 07:00:00;149.08
2025-02-19 07:15:00;149.08
2025-02-19 07:30:00;149.08
2025-02-19 07:45:00;149.08
2025-02-19 08:00:00;166.96
2025-02-19 08:15:00;166.96
2025-02-19 08:30:00;166.96
2025-02-19 08:45:00;166.96
2025-02-19 09:00:00;135.40
2025-02-19 09:15:00;135.40
2025-02-19 09:30:00;135.40
2025-02-19 09:45:00;135.40
2025-02-19 10:00:00;118.72
2025-02-19 10:15:00;118.72
2025-02-19 10:30:00;118.72
2025-02-19 10:45:00;118.72
2025-02-19 11:00:00;115.19
2025-02-19 11:15:00;115.19
2025-02-19 11:30:00;115.19
2025-02-19 11:45:00;115.19
2025-02-19 12:00:00;118.00
2025-02-19 12:15:00;118.00
2025-02-19 12:30:00;118.00
2025-02-19 12:45:00;118.00
2025-02-19 13:00:00;105.50
2025-02-19 13:15:00;105.50
2025-02-19 13:30:00;105.50
2025-02-19 13:45:00;105.50
2025-02-19 14:00:00;102.84
2025-02-19 14:15:00;102.84
2025-02-19 14:30:00;102.84
2025-02-19 14:45:00;102.84
2025-02-19 15:00:00;118.71
2025-02-19 15:15:00;118.71
2025-02-19 15:30:00;118.71
2025-02-19 15:45:00;118.71
2025-02-19 16:00:00;115.10
2025-02-19 16:15:00;115.10
2025-02-19 16:30:00;115.10
2025-02-19 16:45:00;115.10
2025-02-19 17:00:00;132.16
2025-02-19 17:15:00;132.16
2025-02-19 17:30:00;132.16
2025-02-19 17:45:00;132.16
2025-02-19 18:00:00;147.77
2025-02-19 18:15:00;147.77
2025-02-19 18:30:00;147.77
2025-02-19 18:45:00;147.77
2025-02-19 19:00:00;147.75
2025-02-19 19:15:00;147.75
2025-02-19 19:30:00;147.75
2025-02-19 19:45:00;147.75
2025-02-19 20:00:00;124.22
2025-02-19 20:15:00;124.22
2025-02-19 20:30:00;124.22
2025-02-19 20:45:00;124.22
2025-02-19 21:00:00;116.50
2025-02-19 21:15:00;116.50
2025-02-19 21:30:00;116.50
2025-02-19 21:45:00;116.50
2025-02-19 22:00:00;116.91
2025-02-19 22:15:00;116.91
2025-02-19 22:30:00;116.91
2025-02-19 22:45:00;116.91
2025-02-19 23:00:00;103.38
2025-02-19 23:15:00;103.38
2025-02-19 23:30:00;103.38
2025-02-19 23:45:00;103.38
2025-02-20 00:00:00;88.80
2025-02-20 00:15:00;88.80
2025-02-20 00:30:00;88.80
2025-02-20 00:45:00;88.80
2025-02-20 01:00:00;87.86
2025-02-20 01:15:00;87.86
2025-02-20 01:30:00;87.86
2025-02-20 01:45:00;87.86
2025-02-20 02:00:00;87.30
2025-02-20 02:15:00;87.30
2025-02-20 02:30:00;87.30
2025-02-20 02:45:00;87.30
2025-02-20 03:00:00;85.44
2025-02-20 03:15:00;85.44
2025-02-20 03:30:00;85.44
2025-02-20 03:45:00;85.44
2025-02-20 04:00:00;83.94
2025-02-20 04:15:00;83.94
2025-02-20 04:30:00;83.94
2025-02-20 04:45:00;83.94
2025-02-20 05:00:00;85.08
2025-02-20 05:15:00;85.08
2025-02-20 05:30:00;85.08
2025-02-20 05:45:00;85.08
2025-02-20 06:00:00;92.90
2025-02-20 06:15:00;92.90
2025-02-20 06:30:00;92.90
2025-02-20 06:45:00;92.90
2025-02-20 07:00:00;111.33
2025-02-20 07:15:00;111.33
2025-02-20 07:30:00;111.33
2025-02-20 07:45:00;111.33
2025-02-20 08:00:00;130.43
2025-02-20 08:15:00;130.43
2025-02-20 08:30:00;130.43
2025-02-20 08:45:00;130.43
2025-02-20 09:00:00;118.00
2025-02-20 09:15:00;118.00
2025-02-20 09:30:00;118.00
2025-02-20 09:45:00;118.00
2025-02-20 10:00:00;99.39
2025-02-20 10:15:00;99.39
2025-02-20 10:30:00;99.39
2025-02-20 10:45:00;99.39
2025-02-20 11:00:00;87.58
2025-02-20 11:15:00;87.58
2025-02-20 11:30:00;87.58
2025-02-20 11:45:00;87.58
2025-02-20 12:00:00;87.39
2025-02-20 12:15:00;87.39
2025-02-20 12:30:00;87.39
2025-02-20 12:45:00;87.39
2025-02-20 13:00:00;84.60
2025-02-20 13:15:00;84.60
2025-02-20 13:30:00;84.60
2025-02-20 13:45:00;84.60
2025-02-20 14:00:00;85.08
2025-02-20 14:15:00;85.08
2025-02-20 14:30:00;85.08
2025-02-20 14:45:00;85.08
2025-02-20 15:00:00;89.45
2025-02-20 15:15:00;89.45
2025-02-20 15:30:00;89.45
2025-02-20 15:45:00;89.45
2025-02-20 16:00:00;95.82
2025-02-20 16:15:00;95.82
2025-02-20 16:30:00;95.82
2025-02-20 16:45:00;95.82
2025-02-20 17:00:00;111.69
2025-02-20 17:15:00;111.69
2025-02-20 17:30:00;111.69
2025-02-20 17:45:00;111.69
2025-02-20 18:00:00;119.92
2025-02-20 18:15:00;119.92
2025-02-20 18:30:00;119.92
2025-02-20 18:45:00;119.92
2025-02-20 19:00:00;128.31
2025-02-20 19:15:00;128.31
2025-02-20 19:30:00;128.31
2025-02-20 19:45:00;128.31
2025-02-20 20:00:00;115.42
2025-02-20 20:15:00;115.42
2025-02-20 20:30:00;115.42
2025-02-20 20:45:00;115.42
2025-02-20 21:00:00;98.39
2025-02-20 21:15:00;98.39
2025-02-20 21:30:00;98.39
2025-02-20 21:45:00;98.39
2025-02-20 22:00:00;94.82
2025-02-20 22:15:00;94.82
2025-02-20 22:30:00;94.82
2025-02-20 22:45:00;94.82
2025-02-20 23:00:00;85.56
2025-02-20 23:15:00;85.56
2025-02-20 23:30:00;85.56
2025-02-20 23:45:00;85.56
2025-02-21 00:00:00;74.68
2025-02-21 00:15:00;74.68
2025-02-21 00:30:00;74.68
2025-02-21 00:45:00;74.68
2025-02-21 01:00:00;70.13
2025-02-21 01:15:00;70.13
2025-02-21 01:30:00;70.13
2025-02-21 01:45:00;70.13
2025-02-21 02:00:00;73.05
2025-02-21 02:15:00;73.05
2025-02-21 02:30:00;73.05
2025-02-21 02:45:00;73.05
2025-02-21 03:00:00;72.56
2025-02-21 03:15:00;72.56
2025-02-21 03:30:00;72.56
2025-02-21 03:45:00;72.56
2025-02-21 04:00:00;69.02
2025-02-21 04:15:00;69.02
2025-02-21 04:30:00;69.02
2025-02-21 04:45:00;69.02
2025-02-21 05:00:00;68.78
2025-02-21 05:15:00;68.78
2025-02-21 05:30:00;68.78
2025-02-21 05:45:00;68.78
2025-02-21 06:00:00;72.43
2025-02-21 06:15:00;72.43
2025-02-21 06:30:00;72.43
2025-02-21 06:45:00;72.43
2025-02-21 07:00:00;100.23
2025-02-21 07:15:00;100.23
2025-02-21 07:30:00;100.23
2025-02-21 07:45:00;100.23
2025-02-21 08:00:00;103.33
2025-02-21 08:15:00;103.33
2025-02-21 08:30:00;103.33
2025-02-21 08:45:00;103.33
2025-02-21 09:00:00;107.55
2025-02-21 09:15:00;107.55
2025-02-21 09:30:00;107.55
2025-02-21 09:45:00;107.55
2025-02-21 10:00:00;88.39
2025-02-21 10:15:00;88.39
2025-02-21 10:30:00;88.39
2025-02-21 10:45:00;88.39
2025-02-21 11:00:00;72.61
2025-02-21 11:15:00;72.61
2025-02-21 11:30:00;72.61
2025-02-21 11:45:00;72.61
2025-02-21 12:00:00;66.85
2025-02-21 12:15:00;66.85
2025-02-21 12:30:00;66.85
2025-02-21 12:45:00;66.85
2025-02-21 13:00:00;63.85
2025-02-21 13:15:00;63.85
2025-02-21 13:30:00;63.85
2025-02-21 13:45:00;63.85
2025-02-21 14:00:00;63.63
2025-02-21 14:15:00;63.63
2025-02-21 14:30:00;63.63
2025-02-21 14:45:00;63.63
2025-02-21 15:00:00;71.80
2025-02-21 15:15:00;71.80
2025-02-21 15:30:00;71.80
2025-02-21 15:45:00;71.80
2025-02-21 16:00:00;88.20
2025-02-21 16:15:00;88.20
2025-02-21 16:30:00;88.20
2025-02-21 16:45:00;88.20
2025-02-21 17:00:00;95.76
2025-02-21 17:15:00;95.76
2025-02-21 17:30:00;95.76
2025-02-21 17:45:00;95.76
2025-02-21 18:00:00;101.10
2025-02-21 18:15:00;101.10
2025-02-21 18:30:00;101.10
2025-02-21 18:45:00;101.10
2025-02-21 19:00:00;88.48
2025-02-21 19:15:00;88.48
2025-02-21 19:30:00;88.48
2025-02-21 19:45:00;88.48
2025-02-21 20:00:00;84.09
2025-02-21 20:15:00;84.09
2025-02-21 20:30:00;84.09
2025-02-21 20:45:00;84.09
2025-02-21 21:00:00;72.18
2025-02-21 21:15:00;72.18
2025-02-21 21:30:00;72.18
2025-02-21 21:45:00;72.18
2025-02-21 22:00:00;71.50
2025-02-21 22:15:00;71.50
2025-02-21 22:30:00;71.50
2025-02-21 22:45:00;71.50
2025-02-21 23:00:00;67.51
2025-02-21 23:15:00;67.51
2025-02-21 23:30:00;67.51
2025-02-21 23:45:00;67.51
2025-02-22 00:00:00;55.52
2025-02-22 00:15:00;55.52
2025-02-22 00:30:00;55.52
2025-02-22 00:45:00;55.52
2025-02-22 01:00:00;50.81
2025-02-22 01:15:00;50.81
2025-02-22 01:30:00;50.81
2025-02-22 01:45:00;50.81
2025-02-22 02:00:00;49.24
2025-02-22 02:15:00;49.24
2025-02-22 02:30:00;49.24
2025-02-22 02:45:00;49.24
2025-02-22 03:00:00;42.74
2025-02-22 03:15:00;42.74
2025-02-22 03:30:00;42.74
2025-02-22 03:45:00;42.74
2025-02-22 04:00:00;41.39
2025-02-22 04:15:00;41.39
2025-02-22 04:30:00;41.39
2025-02-22 04:45:00;41.39
2025-02-22 05:00:00;51.88
2025-02-22 05:15:00;51.88
2025-02-22 05:30:00;51.88
2025-02-22 05:45:00;51.88
2025-02-22 06:00:00;56.08
2025-02-22 06:15:00;56.08
2025-02-22 06:30:00;56.08
2025-02-22 06:45:00;56.08
2025-02-22 07:00:00;66.89
2025-02-22 07:15:00;66.89
2025-02-22 07:30:00;66.89
2025-02-22 07:45:00;66.89
2025-02-22 08:00:00;71.30
2025-02-22 08:15:00;71.30
2025-02-22 08:30:00;71.30
2025-02-22 08:45:00;71.30
2025-02-22 09:00:00;75.32
2025-02-22 09:15:00;75.32
2025-02-22 09:30:00;75.32
2025-02-22 09:45:00;75.32
2025-02-22 10:00:00;70.04
2025-02-22 10:15:00;70.04
2025-02-22 10:30:00;70.04
2025-02-22 10:45:00;70.04
2025-02-22 11:00:00;70.47
2025-02-22 11:15:00;70.47
2025-02-22 11:30:00;70.47
2025-02-22 11:45:00;70.47
2025-02-22 12:00:00;69.22
2025-02-22 12:15:00;69.22
2025-02-22 12:30:00;69.22
2025-02-22 12:45:00;69.22
2025-02-22 13:00:00;60.69
2025-02-22 13:15:00;60.69
2025-02-22 13:30:00;60.69
2025-02-22 13:45:00;60.69
2025-02-22 14:00:00;67.13
2025-02-22 14:15:00;67.13
2025-02-22 14:30:00;67.13
2025-02-22 14:45:00;67.13
2025-02-22 15:00:00;79.46
2025-02-22 15:15:00;79.46
2025-02-22 15:30:00;79.46
2025-02-22 15:45:00;79.46
2025-02-22 16:00:00;92.85
2025-02-22 16:15:00;92.85
2025-02-22 16:30:00;92.85
2025-02-22 16:45:00;92.85
2025-02-22 17:00:00;116.91
2025-02-22 17:15:00;116.91
2025-02-22 17:30:00;116.91
2025-02-22 17:45:00;116.91
2025-02-22 18:00:00;126.41
2025-02-22 18:15:00;126.41
2025-02-22 18:30:00;126.41
2025-02-22 18:45:00;126.41
2025-02-22 19:00:00;133.46
2025-02-22 19:15:00;133.46
2025-02-22 19:30:00;133.46
2025-02-22 19:45:00;133.46
2025-02-22 20:00:00;125.00
2025-02-22 20:15:00;125.00
2025-02-22 20:30:00;125.00
2025-02-22 20:45:00;125.00
2025-02-22 21:00:00;110.91
2025-02-22 21:15:00;110.91
2025-02-22 21:30:00;110.91
2025-02-22 21:45:00;110.91
2025-02-22 22:00:00;109.50
2025-02-22 22:15:00;109.50
2025-02-22 22:30:00;109.50
2025-02-22 22:45:00;109.50
2025-02-22 23:00:00;106.58
2025-02-22 23:15:00;106.58
2025-02-22 23:30:00;106.58
2025-02-22 23:45:00;106.58
2025-02-23 00:00:00;100.69
2025-02-23 00:15:00;100.69
2025-02-23 00:30:00;100.69
2025-02-23 00:45:00;100.69
2025-02-23 01:00:00;90.57
2025-02-23 01:15:00;90.57
2025-02-23 01:30:00;90.57
2025-02-23 01:45:00;90.57
2025-02-23 02:00:00;87.59
2025-02-23 02:15:00;87.59
2025-02-23 02:30:00;87.59
2025-02-23 02:45:00;87.59
2025-02-23 03:00:00;83.04
2025-02-23 03:15:00;83.04
2025-02-23 03:30:00;83.04
2025-02-23 03:45:00;83.04
2025-02-23 04:00:00;83.56
2025-02-23 04:15:00;83.56
2025-02-23 04:30:00;83.56
2025-02-23 04:45:00;83.56
2025-02-23 05:00:00;85.06
2025-02-23 05:15:00;85.06
2025-02-23 05:30:00;85.06
2025-02-23 05:45:00;85.06
2025-02-23 06:00:00;86.01
2025-02-23 06:15:00;86.01
2025-02-23 06:30:00;86.01
2025-02-23 06:45:00;86.01
2025-02-23 07:00:00;100.76
2025-02-23 07:15:00;100.76
2025-02-23 07:30:00;100.76
2025-02-23 07:45:00;100.76
2025-02-23 08:00:00;102.59
2025-02-23 08:15:00;102.59
2025-02-23 08:30:00;102.59
2025-02-23 08:45:00;102.59
2025-02-23 09:00:00;88.96
2025-02-23 09:15:00;88.96
2025-02-23 09:30:00;88.96
2025-02-23 09:45:00;88.96
2025-02-23 10:00:00;73.47
2025-02-23 10:15:00;73.47
2025-02-23 10:30:00;73.47
2025-02-23 10:45:00;73.47
2025-02-23 11:00:00;65.35
2025-02-23 11:15:00;65.35
2025-02-23 11:30:00;65.35
2025-02-23 11:45:00;65.35
2025-02-23 12:00:00;57.56
2025-02-23 12:15:00;57.56
2025-02-23 12:30:00;57.56
2025-02-23 12:45:00;57.56
2025-02-23 13:00:00;48.62
2025-02-23 13:15:00;48.62
2025-02-23 13:30:00;48.62
2025-02-23 13:45:00;48.62
2025-02-23 14:00:00;43.71
2025-02-23 14:15:00;43.71
2025-02-23 14:30:00;43.71
2025-02-23 14:45:00;43.71
2025-02-23 15:00:00;51.87
2025-02-23 15:15:00;51.87
2025-02-23 15:30:00;51.87
2025-02-23 15:45:00;51.87
2025-02-23 16:00:00;69.91
2025-02-23 16:15:00;69.91
2025-02-23 16:30:00;69.91
2025-02-23 16:45:00;69.91
2025-02-23 17:00:00;89.12
2025-02-23 17:15:00;89.12
2025-02-23 17:30:00;89.12
2025-02-23 17:45:00;89.12
2025-02-23 18:00:00;125.77
2025-02-23 18:15:00;125.77
2025-02-23 18:30:00;125.77
2025-02-23 18:45:00;125.77
2025-02-23 19:00:00;119.33
2025-02-23 19:15:00;119.33
2025-02-23 19:30:00;119.33
2025-02-23 19:45:00;119.33
2025-02-23 20:00:00;97.11
2025-02-23 20:15:00;97.11
2025-02-23 20:30:00;97.11
2025-02-23 20:45:00;97.11
2025-02-23 21:00:00;78.33
2025-02-23 21:15:00;78.33
2025-02-23 21:30:00;78.33
2025-02-23 21:45:00;78.33
2025-02-23 22:00:00;75.81
2025-02-23 22:15:00;75.81
2025-02-23 22:30:00;75.81
2025-02-23 22:45:00;75.81
2025-02-23 23:00:00;64.50
2025-02-23 23:15:00;64.50
2025-02-23 23:30:00;64.50
2025-02-23 23:45:00;64.50
2025-02-24 00:00:00;34.36
2025-02-24 00:15:00;34.36
2025-02-24 00:30:00;34.36
2025-02-24 00:45:00;34.36
2025-02-24 01:00:00;40.46
2025-02-24 01:15:00;40.46
2025-02-24 01:30:00;40.46
2025-02-24 01:45:00;40.46
2025-02-24 02:00:00;28.11
2025-02-24 02:15:00;28.11
2025-02-24 02:30:00;28.11
2025-02-24 02:45:00;28.11
2025-02-24 03:00:00;20.67
2025-02-24 03:15:00;20.67
2025-02-24 03:30:00;20.67
2025-02-24 03:45:00;20.67
2025-02-24 04:00:00;27.49
2025-02-24 04:15:00;27.49
2025-02-24 04:30:00;27.49
2025-02-24 04:45:00;27.49
2025-02-24 05:00:00;20.61
2025-02-24 05:15:00;20.61
2025-02-24 05:30:00;20.61
2025-02-24 05:45:00;20.61
2025-02-24 06:00:00;62.82
2025-02-24 06:15:00;62.82
2025-02-24 06:30:00;62.82
2025-02-24 06:45:00;62.82
2025-02-24 07:00:00;93.53
2025-02-24 07:15:00;93.53
2025-02-24 07:30:00;93.53
2025-02-24 07:45:00;93.53
2025-02-24 08:00:00;112.34
2025-02-24 08:15:00;112.34
2025-02-24 08:30:00;112.34
2025-02-24 08:45:00;112.34
2025-02-24 09:00:00;96.76
2025-02-24 09:15:00;96.76
2025-02-24 09:30:00;96.76
2025-02-24 09:45:00;96.76
2025-02-24 10:00:00;84.18
2025-02-24 10:15:00;84.18
2025-02-24 10:30:00;84.18
2025-02-24 10:45:00;84.18
2025-02-24 11:00:00;86.28
2025-02-24 11:15:00;86.28
2025-02-24 11:30:00;86.28
2025-02-24 11:45:00;86.28
2025-02-24 12:00:00;84.19
2025-02-24 12:15:00;84.19
2025-02-24 12:30:00;84.19
2025-02-24 12:45:00;84.19
2025-02-24 13:00:00;85.11
2025-02-24 13:15:00;85.11
2025-02-24 13:30:00;85.11
2025-02-24 13:45:00;85.11
2025-02-24 14:00:00;88.21
2025-02-24 14:15:00;88.21
2025-02-24 14:30:00;88.21
2025-02-24 14:45:00;88.21
2025-02-24 15:00:00;93.85
2025-02-24 15:15:00;93.85
2025-02-24 15:30:00;93.85
2025-02-24 15:45:00;93.85
2025-02-24 16:00:00;104.84
2025-02-24 16:15:00;104.84
2025-02-24 16:30:00;104.84
2025-02-24 16:45:00;104.84
2025-02-24 17:00:00;115.60
2025-02-24 17:15:00;115.60
2025-02-24 17:30:00;115.60
2025-02-24 17:45:00;115.60
2025-02-24 18:00:00;142.28
2025-02-24 18:15:00;142.28
2025-02-24 18:30:00;142.28
2025-02-24 18:45:00;142.28
2025-02-24 19:00:00;153.47
2025-02-24 19:15:00;153.47
2025-02-24 19:30:00;153.47
2025-02-24 19:45:00;153.47
2025-02-24 20:00:00;131.77
2025-02-24 20:15:00;131.77
2025-02-24 20:30:00;131.77
2025-02-24 20:45:00;131.77
2025-02-24 21:00:00;113.59
2025-02-24 21:15:00;113.59
2025-02-24 21:30:00;113.59
2025-02-24 21:45:00;113.59
2025-02-24 22:00:00;111.67
2025-02-24 22:15:00;111.67
2025-02-24 22:30:00;111.67
2025-02-24 22:45:00;111.67
2025-02-24 23:00:00;107.25
2025-02-24 23:15:00;107.25
2025-02-24 23:30:00;107.25
2025-02-24 23:45:00;107.25
2025-02-25 00:00:00;90.95
2025-02-25 00:15:00;90.95
2025-02-25 00:30:00;90.95
2025-02-25 00:45:00;90.95
2025-02-25 01:00:00;90.31
2025-02-25 01:15:00;90.31
2025-02-25 01:30:00;90.31
2025-02-25 01:45:00;90.31
2025-02-25 02:00:00;91.99
2025-02-25 02:15:00;91.99
2025-02-25 02:30:00;91.99
2025-02-25 02:45:00;91.99
2025-02-25 03:00:00;91.77
2025-02-25 03:15:00;91.77
2025-02-25 03:30:00;91.77
2025-02-25 03:45:00;91.77
2025-02-25 04:00:00;92.52
2025-02-25 04:15:00;92.52
2025-02-25 04:30:00;92.52
2025-02-25 04:45:00;92.52
2025-02-25 05:00:00;102.31
2025-02-25 05:15:00;102.31
2025-02-25 05:30:00;102.31
2025-02-25 05:45:00;102.31
2025-02-25 06:00:00;125.82
2025-02-25 06:15:00;125.82
2025-02-25 06:30:00;125.82
2025-02-25 06:45:00;125.82
2025-02-25 07:00:00;142.77
2025-02-25 07:15:00;142.77
2025-02-25 07:30:00;142.77
2025-02-25 07:45:00;142.77
2025-02-25 08:00:00;153.26
2025-02-25 08:15:00;153.26
2025-02-25 08:30:00;153.26
2025-02-25 08:45:00;153.26
2025-02-25 09:00:00;146.70
2025-02-25 09:15:00;146.70
2025-02-25 09:30:00;146.70
2025-02-25 09:45:00;146.70
2025-02-25 10:00:00;131.91
2025-02-25 10:15:00;131.91
2025-02-25 10:30:00;131.91
2025-02-25 10:45:00;131.91
2025-02-25 11:00:00;119.37
2025-02-25 11:15:00;119.37
2025-02-25 11:30:00;119.37
2025-02-25 11:45:00;119.37
2025-02-25 12:00:00;114.82
2025-02-25 12:15:00;114.82
2025-02-25 12:30:00;114.82
2025-02-25 12:45:00;114.82
2025-02-25 13:00:00;112.58
2025-02-25 13:15:00;112.58
2025-02-25 13:30:00;112.58
2025-02-25 13:45:00;112.58
2025-02-25 14:00:00;117.99
2025-02-25 14:15:00;117.99
2025-02-25 14:30:00;117.99
2025-02-25 14:45:00;117.99
2025-02-25 15:00:00;127.95
2025-02-25 15:15:00;127.95
2025-02-25 15:30:00;127.95
2025-02-25 15:45:00;127.95
2025-02-25 16:00:00;122.92
2025-02-25 16:15:00;122.92
2025-02-25 16:30:00;122.92
2025-02-25 16:45:00;122.92
2025-02-25 17:00:00;143.71
2025-02-25 17:15:00;143.71
2025-02-25 17:30:00;143.71
2025-02-25 17:45:00;143.71
2025-02-25 18:00:00;167.78
2025-02-25 18:15:00;167.78
2025-02-25 18:30:00;167.78
2025-02-25 18:45:00;167.78
2025-02-25 19:00:00;161.59
2025-02-25 19:15:00;161.59
2025-02-25 19:30:00;161.59
2025-02-25 19:45:00;161.59
2025-02-25 20:00:00;144.92
2025-02-25 20:15:00;144.92
2025-02-25 20:30:00;144.92
2025-02-25 20:45:00;144.92
2025-02-25 21:00:00;129.18
2025-02-25 21:15:00;129.18
2025-02-25 21:30:00;129.18
2025-02-25 21:45:00;129.18
2025-02-25 22:00:00;124.77
2025-02-25 22:15:00;124.77
2025-02-25 22:30:00;124.77
2025-02-25 22:45:00;124.77
2025-02-25 23:00:00;110.61
2025-02-25 23:15:00;110.61
2025-02-25 23:30:00;110.61
2025-02-25 23:45:00;110.61
2025-02-26 00:00:00;116.82
2025-02-26 00:15:00;116.82
2025-02-26 00:30:00;116.82
2025-02-26 00:45:00;116.82
2025-02-26 01:00:00;109.99
2025-02-26 01:15:00;109.99
2025-02-26 01:30:00;109.99
2025-02-26 01:45:00;109.99
2025-02-26 02:00:00;109.82
2025-02-26 02:15:00;109.82
2025-02-26 02:30:00;109.82
2025-02-26 02:45:00;109.82
2025-02-26 03:00:00;107.21
2025-02-26 03:15:00;107.21
2025-02-26 03:30:00;107.21
2025-02-26 03:45:00;107.21
2025-02-26 04:00:00;108.24
2025-02-26 04:15:00;108.24
2025-02-26 04:30:00;108.24
2025-02-26 04:45:00;108.24
2025-02-26 05:00:00;111.55
2025-02-26 05:15:00;111.55
2025-02-26 05:30:00;111.55
2025-02-26 05:45:00;111.55
2025-02-26 06:00:00;126.16
2025-02-26 06:15:00;126.16
2025-02-26 06:30:00;126.16
2025-02-26 06:45:00;126.16
2025-02-26 07:00:00;146.82
2025-02-26 07:15:00;146.82
2025-02-26 07:30:00;146.82
2025-02-26 07:45:00;146.82
2025-02-26 08:00:00;155.69
2025-02-26 08:15:00;155.69
2025-02-26 08:30:00;155.69
2025-02-26 08:45:00;155.69
2025-02-26 09:00:00;141.17
2025-02-26 09:15:00;141.17
2025-02-26 09:30:00;141.17
2025-02-26 09:45:00;141.17
2025-02-26 10:00:00;127.52
2025-02-26 10:15:00;127.52
2025-02-26 10:30:00;127.52
2025-02-26 10:45:00;127.52
2025-02-26 11:00:00;108.08
2025-02-26 11:15:00;108.08
2025-02-26 11:30:00;108.08
2025-02-26 11:45:00;108.08
2025-02-26 12:00:00;98.26
2025-02-26 12:15:00;98.26
2025-02-26 12:30:00;98.26
2025-02-26 12:45:00;98.26
2025-02-26 13:00:00;92.33
2025-02-26 13:15:00;92.33
2025-02-26 13:30:00;92.33
2025-02-26 13:45:00;92.33
2025-02-26 14:00:00;93.83
2025-02-26 14:15:00;93.83
2025-02-26 14:30:00;93.83
2025-02-26 14:45:00;93.83
2025-02-26 15:00:00;109.37
2025-02-26 15:15:00;109.37
2025-02-26 15:30:00;109.37
2025-02-26 15:45:00;109.37
2025-02-26 16:00:00;117.41
2025-02-26 16:15:00;117.41
2025-02-26 16:30:00;117.41
2025-02-26 16:45:00;117.41
2025-02-26 17:00:00;123.42
2025-02-26 17:15:00;123.42
2025-02-26 17:30:00;123.42
2025-02-26 17:45:00;123.42
2025-02-26 18:00:00;145.34
2025-02-26 18:15:00;145.34
2025-02-26 18:30:00;145.34
2025-02-26 18:45:00;145.34
2025-02-26 19:00:00;157.71
2025-02-26 19:15:00;157.71
2025-02-26 19:30:00;157.71
2025-02-26 19:45:00;157.71
2025-02-26 20:00:00;134.35
2025-02-26 20:15:00;134.35
2025-02-26 20:30:00;134.35
2025-02-26 20:45:00;134.35
2025-02-26 21:00:00;117.71
2025-02-26 21:15:00;117.71
2025-02-26 21:30:00;117.71
2025-02-26 21:45:00;117.71
2025-02-26 22:00:00;121.19
2025-02-26 22:15:00;121.19
2025-02-26 22:30:00;121.19
2025-02-26 22:45:00;121.19
2025-02-26 23:00:00;112.71
2025-02-26 23:15:00;112.71
2025-02-26 23:30:00;112.71
2025-02-26 23:45:00;112.71
2025-02-27 00:00:00;101.83
2025-02-27 00:15:00;101.83
2025-02-27 00:30:00;101.83
2025-02-27 00:45:00;101.83
2025-02-27 01:00:00;103.81
2025-02-27 01:15:00;103.81
2025-02-27 01:30:00;103.81
2025-02-27 01:45:00;103.81
2025-02-27 02:00:00;101.25
2025-02-27 02:15:00;101.25
2025-02-27 02:30:00;101.25
2025-02-27 02:45:00;101.25
2025-02-27 03:00:00;99.61
2025-02-27 03:15:00;99.61
2025-02-27 03:30:00;99.61
2025-02-27 03:45:00;99.61
2025-02-27 04:00:00;100.41
2025-02-27 04:15:00;100.41
2025-02-27 04:30:00;100.41
2025-02-27 04:45:00;100.41
2025-02-27 05:00:00;105.45
2025-02-27 05:15:00;105.45
2025-02-27 05:30:00;105.45
2025-02-27 05:45:00;105.45
2025-02-27 06:00:00;115.74
2025-02-27 06:15:00;115.74
2025-02-27 06:30:00;115.74
2025-02-27 06:45:00;115.74
2025-02-27 07:00:00;148.38
2025-02-27 07:15:00;148.38
2025-02-27 07:30:00;148.38
2025-02-27 07:45:00;148.38
2025-02-27 08:00:00;159.23
2025-02-27 08:15:00;159.23
2025-02-27 08:30:00;159.23
2025-02-27 08:45:00;159.23
2025-02-27 09:00:00;138.58
2025-02-27 09:15:00;138.58
2025-02-27 09:30:00;138.58
2025-02-27 09:45:00;138.58
2025-02-27 10:00:00;123.84
2025-02-27 10:15:00;123.84
2025-02-27 10:30:00;123.84
2025-02-27 10:45:00;123.84
2025-02-27 11:00:00;107.27
2025-02-27 11:15:00;107.27
2025-02-27 11:30:00;107.27
2025-02-27 11:45:00;107.27
2025-02-27 12:00:00;99.19
2025-02-27 12:15:00;99.19
2025-02-27 12:30:00;99.19
2025-02-27 12:45:00;99.19
2025-02-27 13:00:00;103.26
2025-02-27 13:15:00;103.26
2025-02-27 13:30:00;103.26
2025-02-27 13:45:00;103.26
2025-02-27 14:00:00;100.90
2025-02-27 14:15:00;100.90
2025-02-27 14:30:00;100.90
2025-02-27 14:45:00;100.90
2025-02-27 15:00:00;106.30
2025-02-27 15:15:00;106.30
2025-02-27 15:30:00;106.30
2025-02-27 15:45:00;106.30
2025-02-27 16:00:00;120.73
2025-02-27 16:15:00;120.73
2025-02-27 16:30:00;120.73
2025-02-27 16:45:00;120.73
2025-02-27 17:00:00;134.47
2025-02-27 17:15:00;134.47
2025-02-27 17:30:00;134.47
2025-02-27 17:45:00;134.47
2025-02-27 18:00:00;153.78
2025-02-27 18:15:00;153.78
2025-02-27 18:30:00;153.78
2025-02-27 18:45:00;153.78
2025-02-27 19:00:00;155.80
2025-02-27 19:15:00;155.80
2025-02-27 19:30:00;155.80
2025-02-27 19:45:00;155.80
2025-02-27 20:00:00;136.88
2025-02-27 20:15:00;136.88
2025-02-27 20:30:00;136.88
2025-02-27 20:45:00;136.88
2025-02-27 21:00:00;123.19
2025-02-27 21:15:00;123.19
2025-02-27 21:30:00;123.19
2025-02-27 21:45:00;123.19
2025-02-27 22:00:00;115.60
2025-02-27 22:15:00;115.60
2025-02-27 22:30:00;115.60
2025-02-27 22:45:00;115.60
2025-02-27 23:00:00;110.31
2025-02-27 23:15:00;110.31
2025-02-27 23:30:00;110.31
2025-02-27 23:45:00;110.31
2025-02-28 00:00:00;115.25
2025-02-28 00:15:00;115.25
2025-02-28 00:30:00;115.25
2025-02-28 00:45:00;115.25
2025-02-28 01:00:00;110.54
2025-02-28 01:15:00;110.54
2025-02-28 01:30:00;110.54
2025-02-28 01:45:00;110.54
2025-02-28 02:00:00;109.38
2025-02-28 02:15:00;109.38
2025-02-28 02:30:00;109.38
2025-02-28 02:45:00;109.38
2025-02-28 03:00:00;106.41
2025-02-28 03:15:00;106.41
2025-02-28 03:30:00;106.41
2025-02-28 03:45:00;106.41
2025-02-28 04:00:00;109.80
2025-02-28 04:15:00;109.80
2025-02-28 04:30:00;109.80
2025-02-28 04:45:00;109.80
2025-02-28 05:00:00;110.27
2025-02-28 05:15:00;110.27
2025-02-28 05:30:00;110.27
2025-02-28 05:45:00;110.27
2025-02-28 06:00:00;124.76
2025-02-28 06:15:00;124.76
2025-02-28 06:30:00;124.76
2025-02-28 06:45:00;124.76
2025-02-28 07:00:00;143.63
2025-02-28 07:15:00;143.63
2025-02-28 07:30:00;143.63
2025-02-28 07:45:00;143.63
2025-02-28 08:00:00;157.01
2025-02-28 08:15:00;157.01
2025-02-28 08:30:00;157.01
2025-02-28 08:45:00;157.01
2025-02-28 09:00:00;138.06
2025-02-28 09:15:00;138.06
2025-02-28 09:30:00;138.06
2025-02-28 09:45:00;138.06
2025-02-28 10:00:00;120.94
2025-02-28 10:15:00;120.94
2025-02-28 10:30:00;120.94
2025-02-28 10:45:00;120.94
2025-02-28 11:00:00;108.47
2025-02-28 11:15:00;108.47
2025-02-28 11:30:00;108.47
2025-02-28 11:45:00;108.47
2025-02-28 12:00:00;100.42
2025-02-28 12:15:00;100.42
2025-02-28 12:30:00;100.42
2025-02-28 12:45:00;100.42
2025-02-28 13:00:00;95.70
2025-02-28 13:15:00;95.70
2025-02-28 13:30:00;95.70
2025-02-28 13:45:00;95.70
2025-02-28 14:00:00;98.07
2025-02-28 14:15:00;98.07
2025-02-28 14:30:00;98.07
2025-02-28 14:45:00;98.07
2025-02-28 15:00:00;108.99
2025-02-28 15:15:00;108.99
2025-02-28 15:30:00;108.99
2025-02-28 15:45:00;108.99
2025-02-28 16:00:00;122.13
2025-02-28 16:15:00;122.13
2025-02-28 16:30:00;122.13
2025-02-28 16:45:00;122.13
2025-02-28 17:00:00;131.95
2025-02-28 17:15:00;131.95
2025-02-28 17:30:00;131.95
2025-02-28 17:45:00;131.95
2025-02-28 18:00:00;140.76
2025-02-28 18:15:00;140.76
2025-02-28 18:30:00;140.76
2025-02-28 18:45:00;140.76
2025-02-28 19:00:00;154.81
2025-02-28 19:15:00;154.81
2025-02-28 19:30:00;154.81
2025-02-28 19:45:00;154.81
2025-02-28 20:00:00;138.34
2025-02-28 20:15:00;138.34
2025-02-28 20:30:00;138.34
2025-02-28 20:45:00;138.34
2025-02-28 21:00:00;130.36
2025-02-28 21:15:00;130.36
2025-02-28 21:30:00;130.36
2025-02-28 21:45:00;130.36
2025-02-28 22:00:00;124.37
2025-02-28 22:15:00;124.37
2025-02-28 22:30:00;124.37
2025-02-28 22:45:00;124.37
2025-02-28 23:00:00;116.04
2025-02-28 23:15:00;116.04
2025-02-28 23:30:00;116.04
2025-02-28 23:45:00;116.04
2025-03-01 00:00:00;125.56
2025-03-01 00:15:00;125.56
2025-03-01 00:30:00;125.56
2025-03-01 00:45:00;125.56
2025-03-01 01:00:00;118.93
2025-03-01 01:15:00;118.93
2025-03-01 01:30:00;118.93
2025-03-01 01:45:00;118.93
2025-03-01 02:00:00;116.34
2025-03-01 02:15:00;116.34
2025-03-01 02:30:00;116.34
2025-03-01 02:45:00;116.34
2025-03-01 03:00:00;108.45
2025-03-01 03:15:00;108.45
2025-03-01 03:30:00;108.45
2025-03-01 03:45:00;108.45
2025-03-01 04:00:00;107.08
2025-03-01 04:15:00;107.08
2025-03-01 04:30:00;107.08
2025-03-01 04:45:00;107.08
2025-03-01 05:00:00;110.27
2025-03-01 05:15:00;110.27
2025-03-01 05:30:00;110.27
2025-03-01 05:45:00;110.27
2025-03-01 06:00:00;116.02
2025-03-01 06:15:00;116.02
2025-03-01 06:30:00;116.02
2025-03-01 06:45:00;116.02
2025-03-01 07:00:00;132.76
2025-03-01 07:15:00;132.76
2025-03-01 07:30:00;132.76
2025-03-01 07:45:00;132.76
2025-03-01 08:00:00;134.79
2025-03-01 08:15:00;134.79
2025-03-01 08:30:00;134.79
2025-03-01 08:45:00;134.79
2025-03-01 09:00:00;131.22
2025-03-01 09:15:00;131.22
2025-03-01 09:30:00;131.22
2025-03-01 09:45:00;131.22
2025-03-01 10:00:00;116.10
2025-03-01 10:15:00;116.10
2025-03-01 10:30:00;116.10
2025-03-01 10:45:00;116.10
2025-03-01 11:00:00;103.32
2025-03-01 11:15:00;103.32
2025-03-01 11:30:00;103.32
2025-03-01 11:45:00;103.32
2025-03-01 12:00:00;96.65
2025-03-01 12:15:00;96.65
2025-03-01 12:30:00;96.65
2025-03-01 12:45:00;96.65
2025-03-01 13:00:00;88.05
2025-03-01 13:15:00;88.05
2025-03-01 13:30:00;88.05
2025-03-01 13:45:00;88.05
2025-03-01 14:00:00;83.50
2025-03-01 14:15:00;83.50
2025-03-01 14:30:00;83.50
2025-03-01 14:45:00;83.50
2025-03-01 15:00:00;89.07
2025-03-01 15:15:00;89.07
2025-03-01 15:30:00;89.07
2025-03-01 15:45:00;89.07
2025-03-01 16:00:00;106.42
2025-03-01 16:15:00;106.42
2025-03-01 16:30:00;106.42
2025-03-01 16:45:00;106.42
2025-03-01 17:00:00;128.60
2025-03-01 17:15:00;128.60
2025-03-01 17:30:00;128.60
2025-03-01 17:45:00;128.60
2025-03-01 18:00:00;136.71
2025-03-01 18:15:00;136.71
2025-03-01 18:30:00;136.71
2025-03-01 18:45:00;136.71
2025-03-01 19:00:00;138.25
2025-03-01 19:15:00;138.25
2025-03-01 19:30:00;138.25
2025-03-01 19:45:00;138.25
2025-03-01 20:00:00;131.56
2025-03-01 20:15:00;131.56
2025-03-01 20:30:00;131.56
2025-03-01 20:45:00;131.56
2025-03-01 21:00:00;123.76
2025-03-01 21:15:00;123.76
2025-03-01 21:30:00;123.76
2025-03-01 21:45:00;123.76
2025-03-01 22:00:00;121.10
2025-03-01 22:15:00;121.10
2025-03-01 22:30:00;121.10
2025-03-01 22:45:00;121.10
2025-03-01 23:00:00;119.92
2025-03-01 23:15:00;119.92
2025-03-01 23:30:00;119.92
2025-03-01 23:45:00;119.92
2025-03-02 00:00:00;124.00
2025-03-02 00:15:00;124.00
2025-03-02 00:30:00;124.00
2025-03-02 00:45:00;124.00
2025-03-02 01:00:00;107.87
2025-03-02 01:15:00;107.87
2025-03-02 01:30:00;107.87
2025-03-02 01:45:00;107.87
2025-03-02 02:00:00;99.48
2025-03-02 02:15:00;99.48
2025-03-02 02:30:00;99.48
2025-03-02 02:45:00;99.48
2025-03-02 03:00:00;93.33
2025-03-02 03:15:00;93.33
2025-03-02 03:30:00;93.33
2025-03-02 03:45:00;93.33
2025-03-02 04:00:00;94.72
2025-03-02 04:15:00;94.72
2025-03-02 04:30:00;94.72
2025-03-02 04:45:00;94.72
2025-03-02 05:00:00;94.55
2025-03-02 05:15:00;94.55
2025-03-02 05:30:00;94.55
2025-03-02 05:45:00;94.55
2025-03-02 06:00:00;96.85
2025-03-02 06:15:00;96.85
2025-03-02 06:30:00;96.85
2025-03-02 06:45:00;96.85
2025-03-02 07:00:00;103.33
2025-03-02 07:15:00;103.33
2025-03-02 07:30:00;103.33
2025-03-02 07:45:00;103.33
2025-03-02 08:00:00;103.33
2025-03-02 08:15:00;103.33
2025-03-02 08:30:00;103.33
2025-03-02 08:45:00;103.33
2025-03-02 09:00:00;89.00
2025-03-02 09:15:00;89.00
2025-03-02 09:30:00;89.00
2025-03-02 09:45:00;89.00
2025-03-02 10:00:00;68.30
2025-03-02 10:15:00;68.30
2025-03-02 10:30:00;68.30
2025-03-02 10:45:00;68.30
2025-03-02 11:00:00;49.00
2025-03-02 11:15:00;49.00
2025-03-02 11:30:00;49.00
2025-03-02 11:45:00;49.00
2025-03-02 12:00:00;27.50
2025-03-02 12:15:00;27.50
2025-03-02 12:30:00;27.50
2025-03-02 12:45:00;27.50
2025-03-02 13:00:00;-6.97
2025-03-02 13:15:00;-6.97
2025-03-02 13:30:00;-6.97
2025-03-02 13:45:00;-6.97
2025-03-02 14:00:00;-6.73
2025-03-02 14:15:00;-6.73
2025-03-02 14:30:00;-6.73
2025-03-02 14:45:00;-6.73
2025-03-02 15:00:00;50.97
2025-03-02 15:15:00;50.97
2025-03-02 15:30:00;50.97
2025-03-02 15:45:00;50.97
2025-03-02 16:00:00;79.77
2025-03-02 16:15:00;79.77
2025-03-02 16:30:00;79.77
2025-03-02 16:45:00;79.77
2025-03-02 17:00:00;119.17
2025-03-02 17:15:00;119.17
2025-03-02 17:30:00;119.17
2025-03-02 17:45:00;119.17
2025-03-02 18:00:00;139.68
2025-03-02 18:15:00;139.68
2025-03-02 18:30:00;139.68
2025-03-02 18:45:00;139.68
2025-03-02 19:00:00;146.57
2025-03-02 19:15:00;146.57
2025-03-02 19:30:00;146.57
2025-03-02 19:45:00;146.57
2025-03-02 20:00:00;133.63
2025-03-02 20:15:00;133.63
2025-03-02 20:30:00;133.63
2025-03-02 20:45:00;133.63
2025-03-02 21:00:00;120.80
2025-03-02 21:15:00;120.80
2025-03-02 21:30:00;120.80
2025-03-02 21:45:00;120.80
2025-03-02 22:00:00;120.92
2025-03-02 22:15:00;120.92
2025-03-02 22:30:00;120.92
2025-03-02 22:45:00;120.92
2025-03-02 23:00:00;112.86
2025-03-02 23:15:00;112.86
2025-03-02 23:30:00;112.86
2025-03-02 23:45:00;112.86
2025-03-03 00:00:00;108.59
2025-03-03 00:15:00;108.59
2025-03-03 00:30:00;108.59
2025-03-03 00:45:00;108.59
2025-03-03 01:00:00;104.12
2025-03-03 01:15:00;104.12
2025-03-03 01:30:00;104.12
2025-03-03 01:45:00;104.12
2025-03-03 02:00:00;103.17
2025-03-03 02:15:00;103.17
2025-03-03 02:30:00;103.17
2025-03-03 02:45:00;103.17
2025-03-03 03:00:00;100.00
2025-03-03 03:15:00;100.00
2025-03-03 03:30:00;100.00
2025-03-03 03:45:00;100.00
2025-03-03 04:00:00;103.65
2025-03-03 04:15:00;103.65
2025-03-03 04:30:00;103.65
2025-03-03 04:45:00;103.65
2025-03-03 05:00:00;116.93
2025-03-03 05:15:00;116.93
2025-03-03 05:30:00;116.93
2025-03-03 05:45:00;116.93
2025-03-03 06:00:00;137.62
2025-03-03 06:15:00;137.62
2025-03-03 06:30:00;137.62
2025-03-03 06:45:00;137.62
2025-03-03 07:00:00;163.00
2025-03-03 07:15:00;163.00
2025-03-03 07:30:00;163.00
2025-03-03 07:45:00;163.00
2025-03-03 08:00:00;148.99
2025-03-03 08:15:00;148.99
2025-03-03 08:30:00;148.99
2025-03-03 08:45:00;148.99
2025-03-03 09:00:00;122.72
2025-03-03 09:15:00;122.72
2025-03-03 09:30:00;122.72
2025-03-03 09:45:00;122.72
2025-03-03 10:00:00;100.18
2025-03-03 10:15:00;100.18
2025-03-03 10:30:00;100.18
2025-03-03 10:45:00;100.18
2025-03-03 11:00:00;67.44
2025-03-03 11:15:00;67.44
2025-03-03 11:30:00;67.44
2025-03-03 11:45:00;67.44
2025-03-03 12:00:00;8.21
2025-03-03 12:15:00;8.21
2025-03-03 12:30:00;8.21
2025-03-03 12:45:00;8.21
2025-03-03 13:00:00;36.68
2025-03-03 13:15:00;36.68
2025-03-03 13:30:00;36.68
2025-03-03 13:45:00;36.68
2025-03-03 14:00:00;62.86
2025-03-03 14:15:00;62.86
2025-03-03 14:30:00;62.86
2025-03-03 14:45:00;62.86
2025-03-03 15:00:00;85.12
2025-03-03 15:15:00;85.12
2025-03-03 15:30:00;85.12
2025-03-03 15:45:00;85.12
2025-03-03 16:00:00;106.83
2025-03-03 16:15:00;106.83
2025-03-03 16:30:00;106.83
2025-03-03 16:45:00;106.83
2025-03-03 17:00:00;136.87
2025-03-03 17:15:00;136.87
2025-03-03 17:30:00;136.87
2025-03-03 17:45:00;136.87
2025-03-03 18:00:00;168.75
2025-03-03 18:15:00;168.75
2025-03-03 18:30:00;168.75
2025-03-03 18:45:00;168.75
2025-03-03 19:00:00;175.80
2025-03-03 19:15:00;175.80
2025-03-03 19:30:00;175.80
2025-03-03 19:45:00;175.80
2025-03-03 20:00:00;150.20
2025-03-03 20:15:00;150.20
2025-03-03 20:30:00;150.20
2025-03-03 20:45:00;150.20
2025-03-03 21:00:00;127.18
2025-03-03 21:15:00;127.18
2025-03-03 21:30:00;127.18
2025-03-03 21:45:00;127.18
2025-03-03 22:00:00;125.43
2025-03-03 22:15:00;125.43
2025-03-03 22:30:00;125.43
2025-03-03 22:45:00;125.43
2025-03-03 23:00:00;123.35
2025-03-03 23:15:00;123.35
2025-03-03 23:30:00;123.35
2025-03-03 23:45:00;123.35
2025-03-04 00:00:00;121.56
2025-03-04 00:15:00;121.56
2025-03-04 00:30:00;121.56
2025-03-04 00:45:00;121.56
2025-03-04 01:00:00;110.07
2025-03-04 01:15:00;110.07
2025-03-04 01:30:00;110.07
2025-03-04 01:45:00;110.07
2025-03-04 02:00:00;104.19
2025-03-04 02:15:00;104.19
2025-03-04 02:30:00;104.19
2025-03-04 02:45:00;104.19
2025-03-04 03:00:00;105.08
2025-03-04 03:15:00;105.08
2025-03-04 03:30:00;105.08
2025-03-04 03:45:00;105.08
2025-03-04 04:00:00;100.97
2025-03-04 04:15:00;100.97
2025-03-04 04:30:00;100.97
2025-03-04 04:45:00;100.97
2025-03-04 05:00:00;110.17
2025-03-04 05:15:00;110.17
2025-03-04 05:30:00;110.17
2025-03-04 05:45:00;110.17
2025-03-04 06:00:00;135.53
2025-03-04 06:15:00;135.53
2025-03-04 06:30:00;135.53
2025-03-04 06:45:00;135.53
2025-03-04 07:00:00;169.51
2025-03-04 07:15:00;169.51
2025-03-04 07:30:00;169.51
2025-03-04 07:45:00;169.51
2025-03-04 08:00:00;141.95
2025-03-04 08:15:00;141.95
2025-03-04 08:30:00;141.95
2025-03-04 08:45:00;141.95
2025-03-04 09:00:00;120.41
2025-03-04 09:15:00;120.41
2025-03-04 09:30:00;120.41
2025-03-04 09:45:00;120.41
2025-03-04 10:00:00;100.20
2025-03-04 10:15:00;100.20
2025-03-04 10:30:00;100.20
2025-03-04 10:45:00;100.20
2025-03-04 11:00:00;82.08
2025-03-04 11:15:00;82.08
2025-03-04 11:30:00;82.08
2025-03-04 11:45:00;82.08
2025-03-04 12:00:00;19.01
2025-03-04 12:15:00;19.01
2025-03-04 12:30:00;19.01
2025-03-04 12:45:00;19.01
2025-03-04 13:00:00;0.49
2025-03-04 13:15:00;0.49
2025-03-04 13:30:00;0.49
2025-03-04 13:45:00;0.49
2025-03-04 14:00:00;54.76
2025-03-04 14:15:00;54.76
2025-03-04 14:30:00;54.76
2025-03-04 14:45:00;54.76
2025-03-04 15:00:00;81.91
2025-03-04 15:15:00;81.91
2025-03-04 15:30:00;81.91
2025-03-04 15:45:00;81.91
2025-03-04 16:00:00;108.17
2025-03-04 16:15:00;108.17
2025-03-04 16:30:00;108.17
2025-03-04 16:45:00;108.17
2025-03-04 17:00:00;139.46
2025-03-04 17:15:00;139.46
2025-03-04 17:30:00;139.46
2025-03-04 17:45:00;139.46
2025-03-04 18:00:00;170.42
2025-03-04 18:15:00;170.42
2025-03-04 18:30:00;170.42
2025-03-04 18:45:00;170.42
2025-03-04 19:00:00;164.18
2025-03-04 19:15:00;164.18
2025-03-04 19:30:00;164.18
2025-03-04 19:45:00;164.18
2025-03-04 20:00:00;134.28
2025-03-04 20:15:00;134.28
2025-03-04 20:30:00;134.28
2025-03-04 20:45:00;134.28
2025-03-04 21:00:00;115.83
2025-03-04 21:15:00;115.83
2025-03-04 21:30:00;115.83
2025-03-04 21:45:00;115.83
2025-03-04 22:00:00;114.57
2025-03-04 22:15:00;114.57
2025-03-04 22:30:00;114.57
2025-03-04 22:45:00;114.57
2025-03-04 23:00:00;107.82
2025-03-04 23:15:00;107.82
2025-03-04 23:30:00;107.82
2025-03-04 23:45:00;107.82
2025-03-05 00:00:00;92.29
2025-03-05 00:15:00;92.29
2025-03-05 00:30:00;92.29
2025-03-05 00:45:00;92.29
2025-03-05 01:00:00;90.00
2025-03-05 01:15:00;90.00
2025-03-05 01:30:00;90.00
2025-03-05 01:45:00;90.00
2025-03-05 02:00:00;85.08
2025-03-05 02:15:00;85.08
2025-03-05 02:30:00;85.08
2025-03-05 02:45:00;85.08
2025-03-05 03:00:00;81.10
2025-03-05 03:15:00;81.10
2025-03-05 03:30:00;81.10
2025-03-05 03:45:00;81.10
2025-03-05 04:00:00;83.09
2025-03-05 04:15:00;83.09
2025-03-05 04:30:00;83.09
2025-03-05 04:45:00;83.09
2025-03-05 05:00:00;93.18
2025-03-05 05:15:00;93.18
2025-03-05 05:30:00;93.18
2025-03-05 05:45:00;93.18
2025-03-05 06:00:00;117.08
2025-03-05 06:15:00;117.08
2025-03-05 06:30:00;117.08
2025-03-05 06:45:00;117.08
2025-03-05 07:00:00;140.96
2025-03-05 07:15:00;140.96
2025-03-05 07:30:00;140.96
2025-03-05 07:45:00;140.96
2025-03-05 08:00:00;153.00
2025-03-05 08:15:00;153.00
2025-03-05 08:30:00;153.00
2025-03-05 08:45:00;153.00
2025-03-05 09:00:00;124.99
2025-03-05 09:15:00;124.99
2025-03-05 09:30:00;124.99
2025-03-05 09:45:00;124.99
2025-03-05 10:00:00;91.82
2025-03-05 10:15:00;91.82
2025-03-05 10:30:00;91.82
2025-03-05 10:45:00;91.82
2025-03-05 11:00:00;-19.53
2025-03-05 11:15:00;-19.53
2025-03-05 11:30:00;-19.53
2025-03-05 11:45:00;-19.53
2025-03-05 12:00:00;-30.30
2025-03-05 12:15:00;-30.30
2025-03-05 12:30:00;-30.30
2025-03-05 12:45:00;-30.30
2025-03-05 13:00:00;-12.49
2025-03-05 13:15:00;-12.49
2025-03-05 13:30:00;-12.49
2025-03-05 13:45:00;-12.49
2025-03-05 14:00:00;0.13
2025-03-05 14:15:00;0.13
2025-03-05 14:30:00;0.13
2025-03-05 14:45:00;0.13
2025-03-05 15:00:00;49.02
2025-03-05 15:15:00;49.02
2025-03-05 15:30:00;49.02
2025-03-05 15:45:00;49.02
2025-03-05 16:00:00;84.33
2025-03-05 16:15:00;84.33
2025-03-05 16:30:00;84.33
2025-03-05 16:45:00;84.33
2025-03-05 17:00:00;123.97
2025-03-05 17:15:00;123.97
2025-03-05 17:30:00;123.97
2025-03-05 17:45:00;123.97
2025-03-05 18:00:00;142.85
2025-03-05 18:15:00;142.85
2025-03-05 18:30:00;142.85
2025-03-05 18:45:00;142.85
2025-03-05 19:00:00;146.32
2025-03-05 19:15:00;146.32
2025-03-05 19:30:00;146.32
2025-03-05 19:45:00;146.32
2025-03-05 20:00:00;122.22
2025-03-05 20:15:00;122.22
2025-03-05 20:30:00;122.22
2025-03-05 20:45:00;122.22
2025-03-05 21:00:00;108.22
2025-03-05 21:15:00;108.22
2025-03-05 21:30:00;108.22
2025-03-05 21:45:00;108.22
2025-03-05 22:00:00;108.80
2025-03-05 22:15:00;108.80
2025-03-05 22:30:00;108.80
2025-03-05 22:45:00;108.80
2025-03-05 23:00:00;97.87
2025-03-05 23:15:00;97.87
2025-03-05 23:30:00;97.87
2025-03-05 23:45:00;97.87
2025-03-06 00:00:00;84.62
2025-03-06 00:15:00;84.62
2025-03-06 00:30:00;84.62
2025-03-06 00:45:00;84.62
2025-03-06 01:00:00;83.96
2025-03-06 01:15:00;83.96
2025-03-06 01:30:00;83.96
2025-03-06 01:45:00;83.96
2025-03-06 02:00:00;83.87
2025-03-06 02:15:00;83.87
2025-03-06 02:30:00;83.87
2025-03-06 02:45:00;83.87
2025-03-06 03:00:00;82.89
2025-03-06 03:15:00;82.89
2025-03-06 03:30:00;82.89
2025-03-06 03:45:00;82.89
2025-03-06 04:00:00;87.89
2025-03-06 04:15:00;87.89
2025-03-06 04:30:00;87.89
2025-03-06 04:45:00;87.89
2025-03-06 05:00:00;92.55
2025-03-06 05:15:00;92.55
2025-03-06 05:30:00;92.55
2025-03-06 05:45:00;92.55
2025-03-06 06:00:00;128.94
2025-03-06 06:15:00;128.94
2025-03-06 06:30:00;128.94
2025-03-06 06:45:00;128.94
2025-03-06 07:00:00;144.45
2025-03-06 07:15:00;144.45
2025-03-06 07:30:00;144.45
2025-03-06 07:45:00;144.45
2025-03-06 08:00:00;108.50
2025-03-06 08:15:00;108.50
2025-03-06 08:30:00;108.50
2025-03-06 08:45:00;108.50
2025-03-06 09:00:00;78.77
2025-03-06 09:15:00;78.77
2025-03-06 09:30:00;78.77
2025-03-06 09:45:00;78.77
2025-03-06 10:00:00;50.97
2025-03-06 10:15:00;50.97
2025-03-06 10:30:00;50.97
2025-03-06 10:45:00;50.97
2025-03-06 11:00:00;0.00
2025-03-06 11:15:00;0.00
2025-03-06 11:30:00;0.00
2025-03-06 11:45:00;0.00
2025-03-06 12:00:00;-7.16
2025-03-06 12:15:00;-7.16
2025-03-06 12:30:00;-7.16
2025-03-06 12:45:00;-7.16
2025-03-06 13:00:00;-3.43
2025-03-06 13:15:00;-3.43
2025-03-06 13:30:00;-3.43
2025-03-06 13:45:00;-3.43
2025-03-06 14:00:00;13.16
2025-03-06 14:15:00;13.16
2025-03-06 14:30:00;13.16
2025-03-06 14:45:00;13.16
2025-03-06 15:00:00;63.61
2025-03-06 15:15:00;63.61
2025-03-06 15:30:00;63.61
2025-03-06 15:45:00;63.61
2025-03-06 16:00:00;97.12
2025-03-06 16:15:00;97.12
2025-03-06 16:30:00;97.12
2025-03-06 16:45:00;97.12
2025-03-06 17:00:00;128.67
2025-03-06 17:15:00;128.67
2025-03-06 17:30:00;128.67
2025-03-06 17:45:00;128.67
2025-03-06 18:00:00;136.79
2025-03-06 18:15:00;136.79
2025-03-06 18:30:00;136.79
2025-03-06 18:45:00;136.79
2025-03-06 19:00:00;150.00
2025-03-06 19:15:00;150.00
2025-03-06 19:30:00;150.00
2025-03-06 19:45:00;150.00
2025-03-06 20:00:00;128.70
2025-03-06 20:15:00;128.70
2025-03-06 20:30:00;128.70
2025-03-06 20:45:00;128.70
2025-03-06 21:00:00;101.70
2025-03-06 21:15:00;101.70
2025-03-06 21:30:00;101.70
2025-03-06 21:45:00;101.70
2025-03-06 22:00:00;100.65
2025-03-06 22:15:00;100.65
2025-03-06 22:30:00;100.65
2025-03-06 22:45:00;100.65
2025-03-06 23:00:00;90.63
2025-03-06 23:15:00;90.63
2025-03-06 23:30:00;90.63
2025-03-06 23:45:00;90.63
2025-03-07 00:00:00;84.30
2025-03-07 00:15:00;84.30
2025-03-07 00:30:00;84.30
2025-03-07 00:45:00;84.30
2025-03-07 01:00:00;83.06
2025-03-07 01:15:00;83.06
2025-03-07 01:30:00;83.06
2025-03-07 01:45:00;83.06
2025-03-07 02:00:00;83.99
2025-03-07 02:15:00;83.99
2025-03-07 02:30:00;83.99
2025-03-07 02:45:00;83.99
2025-03-07 03:00:00;82.09
2025-03-07 03:15:00;82.09
2025-03-07 03:30:00;82.09
2025-03-07 03:45:00;82.09
2025-03-07 04:00:00;91.23
2025-03-07 04:15:00;91.23
2025-03-07 04:30:00;91.23
2025-03-07 04:45:00;91.23
2025-03-07 05:00:00;104.77
2025-03-07 05:15:00;104.77
2025-03-07 05:30:00;104.77
2025-03-07 05:45:00;104.77
2025-03-07 06:00:00;113.73
2025-03-07 06:15:00;113.73
2025-03-07 06:30:00;113.73
2025-03-07 06:45:00;113.73
2025-03-07 07:00:00;135.90
2025-03-07 07:15:00;135.90
2025-03-07 07:30:00;135.90
2025-03-07 07:45:00;135.90
2025-03-07 08:00:00;117.92
2025-03-07 08:15:00;117.92
2025-03-07 08:30:00;117.92
2025-03-07 08:45:00;117.92
2025-03-07 09:00:00;82.11
2025-03-07 09:15:00;82.11
2025-03-07 09:30:00;82.11
2025-03-07 09:45:00;82.11
2025-03-07 10:00:00;63.94
2025-03-07 10:15:00;63.94
2025-03-07 10:30:00;63.94
2025-03-07 10:45:00;63.94
2025-03-07 11:00:00;31.81
2025-03-07 11:15:00;31.81
2025-03-07 11:30:00;31.81
2025-03-07 11:45:00;31.81
2025-03-07 12:00:00;12.79
2025-03-07 12:15:00;12.79
2025-03-07 12:30:00;12.79
2025-03-07 12:45:00;12.79
2025-03-07 13:00:00;7.53
2025-03-07 13:15:00;7.53
2025-03-07 13:30:00;7.53
2025-03-07 13:45:00;7.53
2025-03-07 14:00:00;33.41
2025-03-07 14:15:00;33.41
2025-03-07 14:30:00;33.41
2025-03-07 14:45:00;33.41
2025-03-07 15:00:00;69.98
2025-03-07 15:15:00;69.98
2025-03-07 15:30:00;69.98
2025-03-07 15:45:00;69.98
2025-03-07 16:00:00;102.71
2025-03-07 16:15:00;102.71
2025-03-07 16:30:00;102.71
2025-03-07 16:45:00;102.71
2025-03-07 17:00:00;114.02
2025-03-07 17:15:00;114.02
2025-03-07 17:30:00;114.02
2025-03-07 17:45:00;114.02
2025-03-07 18:00:00;162.10
2025-03-07 18:15:00;162.10
2025-03-07 18:30:00;162.10
2025-03-07 18:45:00;162.10
2025-03-07 19:00:00;157.08
2025-03-07 19:15:00;157.08
2025-03-07 19:30:00;157.08
2025-03-07 19:45:00;157.08
2025-03-07 20:00:00;128.27
2025-03-07 20:15:00;128.27
2025-03-07 20:30:00;128.27
2025-03-07 20:45:00;128.27
2025-03-07 21:00:00;109.49
2025-03-07 21:15:00;109.49
2025-03-07 21:30:00;109.49
2025-03-07 21:45:00;109.49
2025-03-07 22:00:00;103.60
2025-03-07 22:15:00;103.60
2025-03-07 22:30:00;103.60
2025-03-07 22:45:00;103.60
2025-03-07 23:00:00;97.30
2025-03-07 23:15:00;97.30
2025-03-07 23:30:00;97.30
2025-03-07 23:45:00;97.30
2025-03-08 00:00:00;113.33
2025-03-08 00:15:00;113.33
2025-03-08 00:30:00;113.33
2025-03-08 00:45:00;113.33
2025-03-08 01:00:00;95.37
2025-03-08 01:15:00;95.37
2025-03-08 01:30:00;95.37
2025-03-08 01:45:00;95.37
2025-03-08 02:00:00;90.21
2025-03-08 02:15:00;90.21
2025-03-08 02:30:00;90.21
2025-03-08 02:45:00;90.21
2025-03-08 03:00:00;90.27
2025-03-08 03:15:00;90.27
2025-03-08 03:30:00;90.27
2025-03-08 03:45:00;90.27
2025-03-08 04:00:00;90.23
2025-03-08 04:15:00;90.23
2025-03-08 04:30:00;90.23
2025-03-08 04:45:00;90.23
2025-03-08 05:00:00;93.86
2025-03-08 05:15:00;93.86
2025-03-08 05:30:00;93.86
2025-03-08 05:45:00;93.86
2025-03-08 06:00:00;106.92
2025-03-08 06:15:00;106.92
2025-03-08 06:30:00;106.92
2025-03-08 06:45:00;106.92
2025-03-08 07:00:00;103.82
2025-03-08 07:15:00;103.82
2025-03-08 07:30:00;103.82
2025-03-08 07:45:00;103.82
2025-03-08 08:00:00;98.04
2025-03-08 08:15:00;98.04
2025-03-08 08:30:00;98.04
2025-03-08 08:45:00;98.04
2025-03-08 09:00:00;72.54
2025-03-08 09:15:00;72.54
2025-03-08 09:30:00;72.54
2025-03-08 09:45:00;72.54
2025-03-08 10:00:00;18.05
2025-03-08 10:15:00;18.05
2025-03-08 10:30:00;18.05
2025-03-08 10:45:00;18.05
2025-03-08 11:00:00;1.14
2025-03-08 11:15:00;1.14
2025-03-08 11:30:00;1.14
2025-03-08 11:45:00;1.14
2025-03-08 12:00:00;-6.09
2025-03-08 12:15:00;-6.09
2025-03-08 12:30:00;-6.09
2025-03-08 12:45:00;-6.09
2025-03-08 13:00:00;-0.81
2025-03-08 13:15:00;-0.81
2025-03-08 13:30:00;-0.81
2025-03-08 13:45:00;-0.81
2025-03-08 14:00:00;0.07
2025-03-08 14:15:00;0.07
2025-03-08 14:30:00;0.07
2025-03-08 14:45:00;0.07
2025-03-08 15:00:00;39.60
2025-03-08 15:15:00;39.60
2025-03-08 15:30:00;39.60
2025-03-08 15:45:00;39.60
2025-03-08 16:00:00;76.04
2025-03-08 16:15:00;76.04
2025-03-08 16:30:00;76.04
2025-03-08 16:45:00;76.04
2025-03-08 17:00:00;121.47
2025-03-08 17:15:00;121.47
2025-03-08 17:30:00;121.47
2025-03-08 17:45:00;121.47
2025-03-08 18:00:00;134.20
2025-03-08 18:15:00;134.20
2025-03-08 18:30:00;134.20
2025-03-08 18:45:00;134.20
2025-03-08 19:00:00;112.50
2025-03-08 19:15:00;112.50
2025-03-08 19:30:00;112.50
2025-03-08 19:45:00;112.50
2025-03-08 20:00:00;91.33
2025-03-08 20:15:00;91.33
2025-03-08 20:30:00;91.33
2025-03-08 20:45:00;91.33
2025-03-08 21:00:00;83.30
2025-03-08 21:15:00;83.30
2025-03-08 21:30:00;83.30
2025-03-08 21:45:00;83.30
2025-03-08 22:00:00;82.27
2025-03-08 22:15:00;82.27
2025-03-08 22:30:00;82.27
2025-03-08 22:45:00;82.27
2025-03-08 23:00:00;80.54
2025-03-08 23:15:00;80.54
2025-03-08 23:30:00;80.54
2025-03-08 23:45:00;80.54
2025-03-09 00:00:00;78.88
2025-03-09 00:15:00;78.88
2025-03-09 00:30:00;78.88
2025-03-09 00:45:00;78.88
2025-03-09 01:00:00;80.10
2025-03-09 01:15:00;80.10
2025-03-09 01:30:00;80.10
2025-03-09 01:45:00;80.10
2025-03-09 02:00:00;78.75
2025-03-09 02:15:00;78.75
2025-03-09 02:30:00;78.75
2025-03-09 02:45:00;78.75
2025-03-09 03:00:00;85.00
2025-03-09 03:15:00;85.00
2025-03-09 03:30:00;85.00
2025-03-09 03:45:00;85.00
2025-03-09 04:00:00;86.08
2025-03-09 04:15:00;86.08
2025-03-09 04:30:00;86.08
2025-03-09 04:45:00;86.08
2025-03-09 05:00:00;88.45
2025-03-09 05:15:00;88.45
2025-03-09 05:30:00;88.45
2025-03-09 05:45:00;88.45
2025-03-09 06:00:00;88.15
2025-03-09 06:15:00;88.15
2025-03-09 06:30:00;88.15
2025-03-09 06:45:00;88.15
2025-03-09 07:00:00;83.61
2025-03-09 07:15:00;83.61
2025-03-09 07:30:00;83.61
2025-03-09 07:45:00;83.61
2025-03-09 08:00:00;60.39
2025-03-09 08:15:00;60.39
2025-03-09 08:30:00;60.39
2025-03-09 08:45:00;60.39
2025-03-09 09:00:00;29.27
2025-03-09 09:15:00;29.27
2025-03-09 09:30:00;29.27
2025-03-09 09:45:00;29.27
2025-03-09 10:00:00;10.10
2025-03-09 10:15:00;10.10
2025-03-09 10:30:00;10.10
2025-03-09 10:45:00;10.10
2025-03-09 11:00:00;-11.55
2025-03-09 11:15:00;-11.55
2025-03-09 11:30:00;-11.55
2025-03-09 11:45:00;-11.55
2025-03-09 12:00:00;-21.88
2025-03-09 12:15:00;-21.88
2025-03-09 12:30:00;-21.88
2025-03-09 12:45:00;-21.88
2025-03-09 13:00:00;-13.56
2025-03-09 13:15:00;-13.56
2025-03-09 13:30:00;-13.56
2025-03-09 13:45:00;-13.56
2025-03-09 14:00:00;-4.25
2025-03-09 14:15:00;-4.25
2025-03-09 14:30:00;-4.25
2025-03-09 14:45:00;-4.25
2025-03-09 15:00:00;17.39
2025-03-09 15:15:00;17.39
2025-03-09 15:30:00;17.39
2025-03-09 15:45:00;17.39
2025-03-09 16:00:00;75.19
2025-03-09 16:15:00;75.19
2025-03-09 16:30:00;75.19
2025-03-09 16:45:00;75.19
2025-03-09 17:00:00;104.18
2025-03-09 17:15:00;104.18
2025-03-09 17:30:00;104.18
2025-03-09 17:45:00;104.18
2025-03-09 18:00:00;122.84
2025-03-09 18:15:00;122.84
2025-03-09 18:30:00;122.84
2025-03-09 18:45:00;122.84
2025-03-09 19:00:00;133.52
2025-03-09 19:15:00;133.52
2025-03-09 19:30:00;133.52
2025-03-09 19:45:00;133.52
2025-03-09 20:00:00;129.58
2025-03-09 20:15:00;129.58
2025-03-09 20:30:00;129.58
2025-03-09 20:45:00;129.58
2025-03-09 21:00:00;120.87
2025-03-09 21:15:00;120.87
2025-03-09 21:30:00;120.87
2025-03-09 21:45:00;120.87
2025-03-09 22:00:00;108.52
2025-03-09 22:15:00;108.52
2025-03-09 22:30:00;108.52
2025-03-09 22:45:00;108.52
2025-03-09 23:00:00;101.74
2025-03-09 23:15:00;101.74
2025-03-09 23:30:00;101.74
2025-03-09 23:45:00;101.74
2025-03-10 00:00:00;93.67
2025-03-10 00:15:00;93.67
2025-03-10 00:30:00;93.67
2025-03-10 00:45:00;93.67
2025-03-10 01:00:00;90.16
2025-03-10 01:15:00;90.16
2025-03-10 01:30:00;90.16
2025-03-10 01:45:00;90.16
2025-03-10 02:00:00;90.06
2025-03-10 02:15:00;90.06
2025-03-10 02:30:00;90.06
2025-03-10 02:45:00;90.06
2025-03-10 03:00:00;89.70
2025-03-10 03:15:00;89.70
2025-03-10 03:30:00;89.70
2025-03-10 03:45:00;89.70
2025-03-10 04:00:00;86.83
2025-03-10 04:15:00;86.83
2025-03-10 04:30:00;86.83
2025-03-10 04:45:00;86.83
2025-03-10 05:00:00;97.23
2025-03-10 05:15:00;97.23
2025-03-10 05:30:00;97.23
2025-03-10 05:45:00;97.23
2025-03-10 06:00:00;130.03
2025-03-10 06:15:00;130.03
2025-03-10 06:30:00;130.03
2025-03-10 06:45:00;130.03
2025-03-10 07:00:00;143.72
2025-03-10 07:15:00;143.72
2025-03-10 07:30:00;143.72
2025-03-10 07:45:00;143.72
2025-03-10 08:00:00;132.44
2025-03-10 08:15:00;132.44
2025-03-10 08:30:00;132.44
2025-03-10 08:45:00;132.44
2025-03-10 09:00:00;97.82
2025-03-10 09:15:00;97.82
2025-03-10 09:30:00;97.82
2025-03-10 09:45:00;97.82
2025-03-10 10:00:00;84.03
2025-03-10 10:15:00;84.03
2025-03-10 10:30:00;84.03
2025-03-10 10:45:00;84.03
2025-03-10 11:00:00;77.93
2025-03-10 11:15:00;77.93
2025-03-10 11:30:00;77.93
2025-03-10 11:45:00;77.93
2025-03-10 12:00:00;76.02
2025-03-10 12:15:00;76.02
2025-03-10 12:30:00;76.02
2025-03-10 12:45:00;76.02
2025-03-10 13:00:00;77.32
2025-03-10 13:15:00;77.32
2025-03-10 13:30:00;77.32
2025-03-10 13:45:00;77.32
2025-03-10 14:00:00;81.90
2025-03-10 14:15:00;81.90
2025-03-10 14:30:00;81.90
2025-03-10 14:45:00;81.90
2025-03-10 15:00:00;89.19
2025-03-10 15:15:00;89.19
2025-03-10 15:30:00;89.19
2025-03-10 15:45:00;89.19
2025-03-10 16:00:00;110.73
2025-03-10 16:15:00;110.73
2025-03-10 16:30:00;110.73
2025-03-10 16:45:00;110.73
2025-03-10 17:00:00;122.58
2025-03-10 17:15:00;122.58
2025-03-10 17:30:00;122.58
2025-03-10 17:45:00;122.58
2025-03-10 18:00:00;147.12
2025-03-10 18:15:00;147.12
2025-03-10 18:30:00;147.12
2025-03-10 18:45:00;147.12
2025-03-10 19:00:00;155.76
2025-03-10 19:15:00;155.76
2025-03-10 19:30:00;155.76
2025-03-10 19:45:00;155.76
2025-03-10 20:00:00;130.94
2025-03-10 20:15:00;130.94
2025-03-10 20:30:00;130.94
2025-03-10 20:45:00;130.94
2025-03-10 21:00:00;115.82
2025-03-10 21:15:00;115.82
2025-03-10 21:30:00;115.82
2025-03-10 21:45:00;115.82
2025-03-10 22:00:00;104.92
2025-03-10 22:15:00;104.92
2025-03-10 22:30:00;104.92
2025-03-10 22:45:00;104.92
2025-03-10 23:00:00;96.15
2025-03-10 23:15:00;96.15
2025-03-10 23:30:00;96.15
2025-03-10 23:45:00;96.15
2025-03-11 00:00:00;100.38
2025-03-11 00:15:00;100.38
2025-03-11 00:30:00;100.38
2025-03-11 00:45:00;100.38
2025-03-11 01:00:00;97.45
2025-03-11 01:15:00;97.45
2025-03-11 01:30:00;97.45
2025-03-11 01:45:00;97.45
2025-03-11 02:00:00;97.33
2025-03-11 02:15:00;97.33
2025-03-11 02:30:00;97.33
2025-03-11 02:45:00;97.33
2025-03-11 03:00:00;97.16
2025-03-11 03:15:00;97.16
2025-03-11 03:30:00;97.16
2025-03-11 03:45:00;97.16
2025-03-11 04:00:00;96.42
2025-03-11 04:15:00;96.42
2025-03-11 04:30:00;96.42
2025-03-11 04:45:00;96.42
2025-03-11 05:00:00;104.01
2025-03-11 05:15:00;104.01
2025-03-11 05:30:00;104.01
2025-03-11 05:45:00;104.01
2025-03-11 06:00:00;102.55
2025-03-11 06:15:00;102.55
2025-03-11 06:30:00;102.55
2025-03-11 06:45:00;102.55
2025-03-11 07:00:00;125.30
2025-03-11 07:15:00;125.30
2025-03-11 07:30:00;125.30
2025-03-11 07:45:00;125.30
2025-03-11 08:00:00;134.85
2025-03-11 08:15:00;134.85
2025-03-11 08:30:00;134.85
2025-03-11 08:45:00;134.85
2025-03-11 09:00:00;123.49
2025-03-11 09:15:00;123.49
2025-03-11 09:30:00;123.49
2025-03-11 09:45:00;123.49
2025-03-11 10:00:00;101.25
2025-03-11 10:15:00;101.25
2025-03-11 10:30:00;101.25
2025-03-11 10:45:00;101.25
2025-03-11 11:00:00;96.23
2025-03-11 11:15:00;96.23
2025-03-11 11:30:00;96.23
2025-03-11 11:45:00;96.23
2025-03-11 12:00:00;94.92
2025-03-11 12:15:00;94.92
2025-03-11 12:30:00;94.92
2025-03-11 12:45:00;94.92
2025-03-11 13:00:00;95.87
2025-03-11 13:15:00;95.87
2025-03-11 13:30:00;95.87
2025-03-11 13:45:00;95.87
2025-03-11 14:00:00;98.99
2025-03-11 14:15:00;98.99
2025-03-11 14:30:00;98.99
2025-03-11 14:45:00;98.99
2025-03-11 15:00:00;105.03
2025-03-11 15:15:00;105.03
2025-03-11 15:30:00;105.03
2025-03-11 15:45:00;105.03
2025-03-11 16:00:00;115.77
2025-03-11 16:15:00;115.77
2025-03-11 16:30:00;115.77
2025-03-11 16:45:00;115.77
2025-03-11 17:00:00;118.40
2025-03-11 17:15:00;118.40
2025-03-11 17:30:00;118.40
2025-03-11 17:45:00;118.40
2025-03-11 18:00:00;147.91
2025-03-11 18:15:00;147.91
2025-03-11 18:30:00;147.91
2025-03-11 18:45:00;147.91
2025-03-11 19:00:00;167.91
2025-03-11 19:15:00;167.91
2025-03-11 19:30:00;167.91
2025-03-11 19:45:00;167.91
2025-03-11 20:00:00;142.26
2025-03-11 20:15:00;142.26
2025-03-11 20:30:00;142.26
2025-03-11 20:45:00;142.26
2025-03-11 21:00:00;128.60
2025-03-11 21:15:00;128.60
2025-03-11 21:30:00;128.60
2025-03-11 21:45:00;128.60
2025-03-11 22:00:00;117.24
2025-03-11 22:15:00;117.24
2025-03-11 22:30:00;117.24
2025-03-11 22:45:00;117.24
2025-03-11 23:00:00;106.69
2025-03-11 23:15:00;106.69
2025-03-11 23:30:00;106.69
2025-03-11 23:45:00;106.69
2025-03-12 00:00:00;100.83
2025-03-12 00:15:00;100.83
2025-03-12 00:30:00;100.83
2025-03-12 00:45:00;100.83
2025-03-12 01:00:00;98.48
2025-03-12 01:15:00;98.48
2025-03-12 01:30:00;98.48
2025-03-12 01:45:00;98.48
2025-03-12 02:00:00;96.85
2025-03-12 02:15:00;96.85
2025-03-12 02:30:00;96.85
2025-03-12 02:45:00;96.85
2025-03-12 03:00:00;95.36
2025-03-12 03:15:00;95.36
2025-03-12 03:30:00;95.36
2025-03-12 03:45:00;95.36
2025-03-12 04:00:00;97.00
2025-03-12 04:15:00;97.00
2025-03-12 04:30:00;97.00
2025-03-12 04:45:00;97.00
2025-03-12 05:00:00;102.44
2025-03-12 05:15:00;102.44
2025-03-12 05:30:00;102.44
2025-03-12 05:45:00;102.44
2025-03-12 06:00:00;118.83
2025-03-12 06:15:00;118.83
2025-03-12 06:30:00;118.83
2025-03-12 06:45:00;118.83
2025-03-12 07:00:00;134.92
2025-03-12 07:15:00;134.92
2025-03-12 07:30:00;134.92
2025-03-12 07:45:00;134.92
2025-03-12 08:00:00;137.54
2025-03-12 08:15:00;137.54
2025-03-12 08:30:00;137.54
2025-03-12 08:45:00;137.54
2025-03-12 09:00:00;125.00
2025-03-12 09:15:00;125.00
2025-03-12 09:30:00;125.00
2025-03-12 09:45:00;125.00
2025-03-12 10:00:00;102.66
2025-03-12 10:15:00;102.66
2025-03-12 10:30:00;102.66
2025-03-12 10:45:00;102.66
2025-03-12 11:00:00;99.39
2025-03-12 11:15:00;99.39
2025-03-12 11:30:00;99.39
2025-03-12 11:45:00;99.39
2025-03-12 12:00:00;97.93
2025-03-12 12:15:00;97.93
2025-03-12 12:30:00;97.93
2025-03-12 12:45:00;97.93
2025-03-12 13:00:00;97.00
2025-03-12 13:15:00;97.00
2025-03-12 13:30:00;97.00
2025-03-12 13:45:00;97.00
2025-03-12 14:00:00;99.57
2025-03-12 14:15:00;99.57
2025-03-12 14:30:00;99.57
2025-03-12 14:45:00;99.57
2025-03-12 15:00:00;107.02
2025-03-12 15:15:00;107.02
2025-03-12 15:30:00;107.02
2025-03-12 15:45:00;107.02
2025-03-12 16:00:00;116.52
2025-03-12 16:15:00;116.52
2025-03-12 16:30:00;116.52
2025-03-12 16:45:00;116.52
2025-03-12 17:00:00;127.02
2025-03-12 17:15:00;127.02
2025-03-12 17:30:00;127.02
2025-03-12 17:45:00;127.02
2025-03-12 18:00:00;171.79
2025-03-12 18:15:00;171.79
2025-03-12 18:30:00;171.79
2025-03-12 18:45:00;171.79
2025-03-12 19:00:00;177.97
2025-03-12 19:15:00;177.97
2025-03-12 19:30:00;177.97
2025-03-12 19:45:00;177.97
2025-03-12 20:00:00;147.15
2025-03-12 20:15:00;147.15
2025-03-12 20:30:00;147.15
2025-03-12 20:45:00;147.15
2025-03-12 21:00:00;132.20
2025-03-12 21:15:00;132.20
2025-03-12 21:30:00;132.20
2025-03-12 21:45:00;132.20
2025-03-12 22:00:00;120.00
2025-03-12 22:15:00;120.00
2025-03-12 22:30:00;120.00
2025-03-12 22:45:00;120.00
2025-03-12 23:00:00;109.91
2025-03-12 23:15:00;109.91
2025-03-12 23:30:00;109.91
2025-03-12 23:45:00;109.91
2025-03-13 00:00:00;108.55
2025-03-13 00:15:00;108.55
2025-03-13 00:30:00;108.55
2025-03-13 00:45:00;108.55
2025-03-13 01:00:00;102.80
2025-03-13 01:15:00;102.80
2025-03-13 01:30:00;102.80
2025-03-13 01:45:00;102.80
2025-03-13 02:00:00;100.02
2025-03-13 02:15:00;100.02
2025-03-13 02:30:00;100.02
2025-03-13 02:45:00;100.02
2025-03-13 03:00:00;96.69
2025-03-13 03:15:00;96.69
2025-03-13 03:30:00;96.69
2025-03-13 03:45:00;96.69
2025-03-13 04:00:00;96.57
2025-03-13 04:15:00;96.57
2025-03-13 04:30:00;96.57
2025-03-13 04:45:00;96.57
2025-03-13 05:00:00;104.90
2025-03-13 05:15:00;104.90
2025-03-13 05:30:00;104.90
2025-03-13 05:45:00;104.90
2025-03-13 06:00:00;129.39
2025-03-13 06:15:00;129.39
2025-03-13 06:30:00;129.39
2025-03-13 06:45:00;129.39
2025-03-13 07:00:00;155.02
2025-03-13 07:15:00;155.02
2025-03-13 07:30:00;155.02
2025-03-13 07:45:00;155.02
2025-03-13 08:00:00;156.39
2025-03-13 08:15:00;156.39
2025-03-13 08:30:00;156.39
2025-03-13 08:45:00;156.39
2025-03-13 09:00:00;137.12
2025-03-13 09:15:00;137.12
2025-03-13 09:30:00;137.12
2025-03-13 09:45:00;137.12
2025-03-13 10:00:00;123.70
2025-03-13 10:15:00;123.70
2025-03-13 10:30:00;123.70
2025-03-13 10:45:00;123.70
2025-03-13 11:00:00;114.43
2025-03-13 11:15:00;114.43
2025-03-13 11:30:00;114.43
2025-03-13 11:45:00;114.43
2025-03-13 12:00:00;108.46
2025-03-13 12:15:00;108.46
2025-03-13 12:30:00;108.46
2025-03-13 12:45:00;108.46
2025-03-13 13:00:00;104.71
2025-03-13 13:15:00;104.71
2025-03-13 13:30:00;104.71
2025-03-13 13:45:00;104.71
2025-03-13 14:00:00;105.72
2025-03-13 14:15:00;105.72
2025-03-13 14:30:00;105.72
2025-03-13 14:45:00;105.72
2025-03-13 15:00:00;106.74
2025-03-13 15:15:00;106.74
2025-03-13 15:30:00;106.74
2025-03-13 15:45:00;106.74
2025-03-13 16:00:00;113.40
2025-03-13 16:15:00;113.40
2025-03-13 16:30:00;113.40
2025-03-13 16:45:00;113.40
2025-03-13 17:00:00;134.10
2025-03-13 17:15:00;134.10
2025-03-13 17:30:00;134.10
2025-03-13 17:45:00;134.10
2025-03-13 18:00:00;166.05
2025-03-13 18:15:00;166.05
2025-03-13 18:30:00;166.05
2025-03-13 18:45:00;166.05
2025-03-13 19:00:00;173.47
2025-03-13 19:15:00;173.47
2025-03-13 19:30:00;173.47
2025-03-13 19:45:00;173.47
2025-03-13 20:00:00;149.00
2025-03-13 20:15:00;149.00
2025-03-13 20:30:00;149.00
2025-03-13 20:45:00;149.00
2025-03-13 21:00:00;135.69
2025-03-13 21:15:00;135.69
2025-03-13 21:30:00;135.69
2025-03-13 21:45:00;135.69
2025-03-13 22:00:00;123.87
2025-03-13 22:15:00;123.87
2025-03-13 22:30:00;123.87
2025-03-13 22:45:00;123.87
2025-03-13 23:00:00;112.05
2025-03-13 23:15:00;112.05
2025-03-13 23:30:00;112.05
2025-03-13 23:45:00;112.05
2025-03-14 00:00:00;109.09
2025-03-14 00:15:00;109.09
2025-03-14 00:30:00;109.09
2025-03-14 00:45:00;109.09
2025-03-14 01:00:00;106.00
2025-03-14 01:15:00;106.00
2025-03-14 01:30:00;106.00
2025-03-14 01:45:00;106.00
2025-03-14 02:00:00;105.90
2025-03-14 02:15:00;105.90
2025-03-14 02:30:00;105.90
2025-03-14 02:45:00;105.90
2025-03-14 03:00:00;103.83
2025-03-14 03:15:00;103.83
2025-03-14 03:30:00;103.83
2025-03-14 03:45:00;103.83
2025-03-14 04:00:00;105.30
2025-03-14 04:15:00;105.30
2025-03-14 04:30:00;105.30
2025-03-14 04:45:00;105.30
2025-03-14 05:00:00;113.53
2025-03-14 05:15:00;113.53
2025-03-14 05:30:00;113.53
2025-03-14 05:45:00;113.53
2025-03-14 06:00:00;138.70
2025-03-14 06:15:00;138.70
2025-03-14 06:30:00;138.70
2025-03-14 06:45:00;138.70
2025-03-14 07:00:00;155.04
2025-03-14 07:15:00;155.04
2025-03-14 07:30:00;155.04
2025-03-14 07:45:00;155.04
2025-03-14 08:00:00;153.80
2025-03-14 08:15:00;153.80
2025-03-14 08:30:00;153.80
2025-03-14 08:45:00;153.80
2025-03-14 09:00:00;131.76
2025-03-14 09:15:00;131.76
2025-03-14 09:30:00;131.76
2025-03-14 09:45:00;131.76
2025-03-14 10:00:00;111.66
2025-03-14 10:15:00;111.66
2025-03-14 10:30:00;111.66
2025-03-14 10:45:00;111.66
2025-03-14 11:00:00;107.98
2025-03-14 11:15:00;107.98
2025-03-14 11:30:00;107.98
2025-03-14 11:45:00;107.98
2025-03-14 12:00:00;107.21
2025-03-14 12:15:00;107.21
2025-03-14 12:30:00;107.21
2025-03-14 12:45:00;107.21
2025-03-14 13:00:00;102.04
2025-03-14 13:15:00;102.04
2025-03-14 13:30:00;102.04
2025-03-14 13:45:00;102.04
2025-03-14 14:00:00;107.57
2025-03-14 14:15:00;107.57
2025-03-14 14:30:00;107.57
2025-03-14 14:45:00;107.57
2025-03-14 15:00:00;105.98
2025-03-14 15:15:00;105.98
2025-03-14 15:30:00;105.98
2025-03-14 15:45:00;105.98
2025-03-14 16:00:00;117.14
2025-03-14 16:15:00;117.14
2025-03-14 16:30:00;117.14
2025-03-14 16:45:00;117.14
2025-03-14 17:00:00;125.20
2025-03-14 17:15:00;125.20
2025-03-14 17:30:00;125.20
2025-03-14 17:45:00;125.20
2025-03-14 18:00:00;144.78
2025-03-14 18:15:00;144.78
2025-03-14 18:30:00;144.78
2025-03-14 18:45:00;144.78
2025-03-14 19:00:00;150.72
2025-03-14 19:15:00;150.72
2025-03-14 19:30:00;150.72
2025-03-14 19:45:00;150.72
2025-03-14 20:00:00;130.01
2025-03-14 20:15:00;130.01
2025-03-14 20:30:00;130.01
2025-03-14 20:45:00;130.01
2025-03-14 21:00:00;111.39
2025-03-14 21:15:00;111.39
2025-03-14 21:30:00;111.39
2025-03-14 21:45:00;111.39
2025-03-14 22:00:00;114.00
2025-03-14 22:15:00;114.00
2025-03-14 22:30:00;114.00
2025-03-14 22:45:00;114.00
2025-03-14 23:00:00;105.17
2025-03-14 23:15:00;105.17
2025-03-14 23:30:00;105.17
2025-03-14 23:45:00;105.17
2025-03-15 00:00:00;112.15
2025-03-15 00:15:00;112.15
2025-03-15 00:30:00;112.15
2025-03-15 00:45:00;112.15
2025-03-15 01:00:00;103.14
2025-03-15 01:15:00;103.14
2025-03-15 01:30:00;103.14
2025-03-15 01:45:00;103.14
2025-03-15 02:00:00;96.00
2025-03-15 02:15:00;96.00
2025-03-15 02:30:00;96.00
2025-03-15 02:45:00;96.00
2025-03-15 03:00:00;89.90
2025-03-15 03:15:00;89.90
2025-03-15 03:30:00;89.90
2025-03-15 03:45:00;89.90
2025-03-15 04:00:00;86.90
2025-03-15 04:15:00;86.90
2025-03-15 04:30:00;86.90
2025-03-15 04:45:00;86.90
2025-03-15 05:00:00;90.55
2025-03-15 05:15:00;90.55
2025-03-15 05:30:00;90.55
2025-03-15 05:45:00;90.55
2025-03-15 06:00:00;97.01
2025-03-15 06:15:00;97.01
2025-03-15 06:30:00;97.01
2025-03-15 06:45:00;97.01
2025-03-15 07:00:00;99.42
2025-03-15 07:15:00;99.42
2025-03-15 07:30:00;99.42
2025-03-15 07:45:00;99.42
2025-03-15 08:00:00;98.68
2025-03-15 08:15:00;98.68
2025-03-15 08:30:00;98.68
2025-03-15 08:45:00;98.68
2025-03-15 09:00:00;86.27
2025-03-15 09:15:00;86.27
2025-03-15 09:30:00;86.27
2025-03-15 09:45:00;86.27
2025-03-15 10:00:00;72.61
2025-03-15 10:15:00;72.61
2025-03-15 10:30:00;72.61
2025-03-15 10:45:00;72.61
2025-03-15 11:00:00;66.87
2025-03-15 11:15:00;66.87
2025-03-15 11:30:00;66.87
2025-03-15 11:45:00;66.87
2025-03-15 12:00:00;57.20
2025-03-15 12:15:00;57.20
2025-03-15 12:30:00;57.20
2025-03-15 12:45:00;57.20
2025-03-15 13:00:00;48.00
2025-03-15 13:15:00;48.00
2025-03-15 13:30:00;48.00
2025-03-15 13:45:00;48.00
2025-03-15 14:00:00;54.51
2025-03-15 14:15:00;54.51
2025-03-15 14:30:00;54.51
2025-03-15 14:45:00;54.51
2025-03-15 15:00:00;63.21
2025-03-15 15:15:00;63.21
2025-03-15 15:30:00;63.21
2025-03-15 15:45:00;63.21
2025-03-15 16:00:00;78.31
2025-03-15 16:15:00;78.31
2025-03-15 16:30:00;78.31
2025-03-15 16:45:00;78.31
2025-03-15 17:00:00;111.71
2025-03-15 17:15:00;111.71
2025-03-15 17:30:00;111.71
2025-03-15 17:45:00;111.71
2025-03-15 18:00:00;125.75
2025-03-15 18:15:00;125.75
2025-03-15 18:30:00;125.75
2025-03-15 18:45:00;125.75
2025-03-15 19:00:00;132.96
2025-03-15 19:15:00;132.96
2025-03-15 19:30:00;132.96
2025-03-15 19:45:00;132.96
2025-03-15 20:00:00;121.46
2025-03-15 20:15:00;121.46
2025-03-15 20:30:00;121.46
2025-03-15 20:45:00;121.46
2025-03-15 21:00:00;108.50
2025-03-15 21:15:00;108.50
2025-03-15 21:30:00;108.50
2025-03-15 21:45:00;108.50
2025-03-15 22:00:00;105.02
2025-03-15 22:15:00;105.02
2025-03-15 22:30:00;105.02
2025-03-15 22:45:00;105.02
2025-03-15 23:00:00;95.25
2025-03-15 23:15:00;95.25
2025-03-15 23:30:00;95.25
2025-03-15 23:45:00;95.25
2025-03-16 00:00:00;90.01
2025-03-16 00:15:00;90.01
2025-03-16 00:30:00;90.01
2025-03-16 00:45:00;90.01
2025-03-16 01:00:00;85.79
2025-03-16 01:15:00;85.79
2025-03-16 01:30:00;85.79
2025-03-16 01:45:00;85.79
2025-03-16 02:00:00;79.62
2025-03-16 02:15:00;79.62
2025-03-16 02:30:00;79.62
2025-03-16 02:45:00;79.62
2025-03-16 03:00:00;78.18
2025-03-16 03:15:00;78.18
2025-03-16 03:30:00;78.18
2025-03-16 03:45:00;78.18
2025-03-16 04:00:00;78.60
2025-03-16 04:15:00;78.60
2025-03-16 04:30:00;78.60
2025-03-16 04:45:00;78.60
2025-03-16 05:00:00;80.51
2025-03-16 05:15:00;80.51
2025-03-16 05:30:00;80.51
2025-03-16 05:45:00;80.51
2025-03-16 06:00:00;85.14
2025-03-16 06:15:00;85.14
2025-03-16 06:30:00;85.14
2025-03-16 06:45:00;85.14
2025-03-16 07:00:00;82.07
2025-03-16 07:15:00;82.07
2025-03-16 07:30:00;82.07
2025-03-16 07:45:00;82.07
2025-03-16 08:00:00;77.95
2025-03-16 08:15:00;77.95
2025-03-16 08:30:00;77.95
2025-03-16 08:45:00;77.95
2025-03-16 09:00:00;57.94
2025-03-16 09:15:00;57.94
2025-03-16 09:30:00;57.94
2025-03-16 09:45:00;57.94
2025-03-16 10:00:00;24.31
2025-03-16 10:15:00;24.31
2025-03-16 10:30:00;24.31
2025-03-16 10:45:00;24.31
2025-03-16 11:00:00;-3.59
2025-03-16 11:15:00;-3.59
2025-03-16 11:30:00;-3.59
2025-03-16 11:45:00;-3.59
2025-03-16 12:00:00;-15.82
2025-03-16 12:15:00;-15.82
2025-03-16 12:30:00;-15.82
2025-03-16 12:45:00;-15.82
2025-03-16 13:00:00;-5.76
2025-03-16 13:15:00;-5.76
2025-03-16 13:30:00;-5.76
2025-03-16 13:45:00;-5.76
2025-03-16 14:00:00;-0.78
2025-03-16 14:15:00;-0.78
2025-03-16 14:30:00;-0.78
2025-03-16 14:45:00;-0.78
2025-03-16 15:00:00;31.00
2025-03-16 15:15:00;31.00
2025-03-16 15:30:00;31.00
2025-03-16 15:45:00;31.00
2025-03-16 16:00:00;69.60
2025-03-16 16:15:00;69.60
2025-03-16 16:30:00;69.60
2025-03-16 16:45:00;69.60
2025-03-16 17:00:00;108.26
2025-03-16 17:15:00;108.26
2025-03-16 17:30:00;108.26
2025-03-16 17:45:00;108.26
2025-03-16 18:00:00;124.87
2025-03-16 18:15:00;124.87
2025-03-16 18:30:00;124.87
2025-03-16 18:45:00;124.87
2025-03-16 19:00:00;140.00
2025-03-16 19:15:00;140.00
2025-03-16 19:30:00;140.00
2025-03-16 19:45:00;140.00
2025-03-16 20:00:00;135.93
2025-03-16 20:15:00;135.93
2025-03-16 20:30:00;135.93
2025-03-16 20:45:00;135.93
2025-03-16 21:00:00;119.20
2025-03-16 21:15:00;119.20
2025-03-16 21:30:00;119.20
2025-03-16 21:45:00;119.20
2025-03-16 22:00:00;113.66
2025-03-16 22:15:00;113.66
2025-03-16 22:30:00;113.66
2025-03-16 22:45:00;113.66
2025-03-16 23:00:00;97.28
2025-03-16 23:15:00;97.28
2025-03-16 23:30:00;97.28
2025-03-16 23:45:00;97.28
2025-03-17 00:00:00;108.62
2025-03-17 00:15:00;108.62
2025-03-17 00:30:00;108.62
2025-03-17 00:45:00;108.62
2025-03-17 01:00:00;104.38
2025-03-17 01:15:00;104.38
2025-03-17 01:30:00;104.38
2025-03-17 01:45:00;104.38
2025-03-17 02:00:00;91.01
2025-03-17 02:15:00;91.01
2025-03-17 02:30:00;91.01
2025-03-17 02:45:00;91.01
2025-03-17 03:00:00;80.91
2025-03-17 03:15:00;80.91
2025-03-17 03:30:00;80.91
2025-03-17 03:45:00;80.91
2025-03-17 04:00:00;85.85
2025-03-17 04:15:00;85.85
2025-03-17 04:30:00;85.85
2025-03-17 04:45:00;85.85
2025-03-17 05:00:00;103.30
2025-03-17 05:15:00;103.30
2025-03-17 05:30:00;103.30
2025-03-17 05:45:00;103.30
2025-03-17 06:00:00;135.18
2025-03-17 06:15:00;135.18
2025-03-17 06:30:00;135.18
2025-03-17 06:45:00;135.18
2025-03-17 07:00:00;152.87
2025-03-17 07:15:00;152.87
2025-03-17 07:30:00;152.87
2025-03-17 07:45:00;152.87
2025-03-17 08:00:00;149.80
2025-03-17 08:15:00;149.80
2025-03-17 08:30:00;149.80
2025-03-17 08:45:00;149.80
2025-03-17 09:00:00;124.10
2025-03-17 09:15:00;124.10
2025-03-17 09:30:00;124.10
2025-03-17 09:45:00;124.10
2025-03-17 10:00:00;93.65
2025-03-17 10:15:00;93.65
2025-03-17 10:30:00;93.65
2025-03-17 10:45:00;93.65
2025-03-17 11:00:00;88.33
2025-03-17 11:15:00;88.33
2025-03-17 11:30:00;88.33
2025-03-17 11:45:00;88.33
2025-03-17 12:00:00;87.93
2025-03-17 12:15:00;87.93
2025-03-17 12:30:00;87.93
2025-03-17 12:45:00;87.93
2025-03-17 13:00:00;77.36
2025-03-17 13:15:00;77.36
2025-03-17 13:30:00;77.36
2025-03-17 13:45:00;77.36
2025-03-17 14:00:00;50.36
2025-03-17 14:15:00;50.36
2025-03-17 14:30:00;50.36
2025-03-17 14:45:00;50.36
2025-03-17 15:00:00;69.44
2025-03-17 15:15:00;69.44
2025-03-17 15:30:00;69.44
2025-03-17 15:45:00;69.44
2025-03-17 16:00:00;90.63
2025-03-17 16:15:00;90.63
2025-03-17 16:30:00;90.63
2025-03-17 16:45:00;90.63
2025-03-17 17:00:00;127.87
2025-03-17 17:15:00;127.87
2025-03-17 17:30:00;127.87
2025-03-17 17:45:00;127.87
2025-03-17 18:00:00;150.97
2025-03-17 18:15:00;150.97
2025-03-17 18:30:00;150.97
2025-03-17 18:45:00;150.97
2025-03-17 19:00:00;170.00
2025-03-17 19:15:00;170.00
2025-03-17 19:30:00;170.00
2025-03-17 19:45:00;170.00
2025-03-17 20:00:00;141.50
2025-03-17 20:15:00;141.50
2025-03-17 20:30:00;141.50
2025-03-17 20:45:00;141.50
2025-03-17 21:00:00;115.34
2025-03-17 21:15:00;115.34
2025-03-17 21:30:00;115.34
2025-03-17 21:45:00;115.34
2025-03-17 22:00:00;107.73
2025-03-17 22:15:00;107.73
2025-03-17 22:30:00;107.73
2025-03-17 22:45:00;107.73
2025-03-17 23:00:00;93.50
2025-03-17 23:15:00;93.50
2025-03-17 23:30:00;93.50
2025-03-17 23:45:00;93.50
2025-03-18 00:00:00;92.20
2025-03-18 00:15:00;92.20
2025-03-18 00:30:00;92.20
2025-03-18 00:45:00;92.20
2025-03-18 01:00:00;89.99
2025-03-18 01:15:00;89.99
2025-03-18 01:30:00;89.99
2025-03-18 01:45:00;89.99
2025-03-18 02:00:00;91.40
2025-03-18 02:15:00;91.40
2025-03-18 02:30:00;91.40
2025-03-18 02:45:00;91.40
2025-03-18 03:00:00;87.23
2025-03-18 03:15:00;87.23
2025-03-18 03:30:00;87.23
2025-03-18 03:45:00;87.23
2025-03-18 04:00:00;91.24
2025-03-18 04:15:00;91.24
2025-03-18 04:30:00;91.24
2025-03-18 04:45:00;91.24
2025-03-18 05:00:00;109.99
2025-03-18 05:15:00;109.99
2025-03-18 05:30:00;109.99
2025-03-18 05:45:00;109.99
2025-03-18 06:00:00;138.18
2025-03-18 06:15:00;138.18
2025-03-18 06:30:00;138.18
2025-03-18 06:45:00;138.18
2025-03-18 07:00:00;136.68
2025-03-18 07:15:00;136.68
2025-03-18 07:30:00;136.68
2025-03-18 07:45:00;136.68
2025-03-18 08:00:00;108.02
2025-03-18 08:15:00;108.02
2025-03-18 08:30:00;108.02
2025-03-18 08:45:00;108.02
2025-03-18 09:00:00;72.35
2025-03-18 09:15:00;72.35
2025-03-18 09:30:00;72.35
2025-03-18 09:45:00;72.35
2025-03-18 10:00:00;18.21
2025-03-18 10:15:00;18.21
2025-03-18 10:30:00;18.21
2025-03-18 10:45:00;18.21
2025-03-18 11:00:00;-10.59
2025-03-18 11:15:00;-10.59
2025-03-18 11:30:00;-10.59
2025-03-18 11:45:00;-10.59
2025-03-18 12:00:00;-21.30
2025-03-18 12:15:00;-21.30
2025-03-18 12:30:00;-21.30
2025-03-18 12:45:00;-21.30
2025-03-18 13:00:00;-4.80
2025-03-18 13:15:00;-4.80
2025-03-18 13:30:00;-4.80
2025-03-18 13:45:00;-4.80
2025-03-18 14:00:00;5.81
2025-03-18 14:15:00;5.81
2025-03-18 14:30:00;5.81
2025-03-18 14:45:00;5.81
2025-03-18 15:00:00;43.23
2025-03-18 15:15:00;43.23
2025-03-18 15:30:00;43.23
2025-03-18 15:45:00;43.23
2025-03-18 16:00:00;82.00
2025-03-18 16:15:00;82.00
2025-03-18 16:30:00;82.00
2025-03-18 16:45:00;82.00
2025-03-18 17:00:00;122.65
2025-03-18 17:15:00;122.65
2025-03-18 17:30:00;122.65
2025-03-18 17:45:00;122.65
2025-03-18 18:00:00;136.09
2025-03-18 18:15:00;136.09
2025-03-18 18:30:00;136.09
2025-03-18 18:45:00;136.09
2025-03-18 19:00:00;157.03
2025-03-18 19:15:00;157.03
2025-03-18 19:30:00;157.03
2025-03-18 19:45:00;157.03
2025-03-18 20:00:00;141.07
2025-03-18 20:15:00;141.07
2025-03-18 20:30:00;141.07
2025-03-18 20:45:00;141.07
2025-03-18 21:00:00;117.97
2025-03-18 21:15:00;117.97
2025-03-18 21:30:00;117.97
2025-03-18 21:45:00;117.97
2025-03-18 22:00:00;109.96
2025-03-18 22:15:00;109.96
2025-03-18 22:30:00;109.96
2025-03-18 22:45:00;109.96
2025-03-18 23:00:00;100.42
2025-03-18 23:15:00;100.42
2025-03-18 23:30:00;100.42
2025-03-18 23:45:00;100.42
2025-03-19 00:00:00;105.40
2025-03-19 00:15:00;105.40
2025-03-19 00:30:00;105.40
2025-03-19 00:45:00;105.40
2025-03-19 01:00:00;100.00
2025-03-19 01:15:00;100.00
2025-03-19 01:30:00;100.00
2025-03-19 01:45:00;100.00
2025-03-19 02:00:00;97.05
2025-03-19 02:15:00;97.05
2025-03-19 02:30:00;97.05
2025-03-19 02:45:00;97.05
2025-03-19 03:00:00;96.10
2025-03-19 03:15:00;96.10
2025-03-19 03:30:00;96.10
2025-03-19 03:45:00;96.10
2025-03-19 04:00:00;99.68
2025-03-19 04:15:00;99.68
2025-03-19 04:30:00;99.68
2025-03-19 04:45:00;99.68
2025-03-19 05:00:00;116.21
2025-03-19 05:15:00;116.21
2025-03-19 05:30:00;116.21
2025-03-19 05:45:00;116.21
2025-03-19 06:00:00;145.37
2025-03-19 06:15:00;145.37
2025-03-19 06:30:00;145.37
2025-03-19 06:45:00;145.37
2025-03-19 07:00:00;145.52
2025-03-19 07:15:00;145.52
2025-03-19 07:30:00;145.52
2025-03-19 07:45:00;145.52
2025-03-19 08:00:00;108.10
2025-03-19 08:15:00;108.10
2025-03-19 08:30:00;108.10
2025-03-19 08:45:00;108.10
2025-03-19 09:00:00;77.00
2025-03-19 09:15:00;77.00
2025-03-19 09:30:00;77.00
2025-03-19 09:45:00;77.00
2025-03-19 10:00:00;26.57
2025-03-19 10:15:00;26.57
2025-03-19 10:30:00;26.57
2025-03-19 10:45:00;26.57
2025-03-19 11:00:00;0.08
2025-03-19 11:15:00;0.08
2025-03-19 11:30:00;0.08
2025-03-19 11:45:00;0.08
2025-03-19 12:00:00;-0.63
2025-03-19 12:15:00;-0.63
2025-03-19 12:30:00;-0.63
2025-03-19 12:45:00;-0.63
2025-03-19 13:00:00;-0.13
2025-03-19 13:15:00;-0.13
2025-03-19 13:30:00;-0.13
2025-03-19 13:45:00;-0.13
2025-03-19 14:00:00;1.21
2025-03-19 14:15:00;1.21
2025-03-19 14:30:00;1.21
2025-03-19 14:45:00;1.21
2025-03-19 15:00:00;56.77
2025-03-19 15:15:00;56.77
2025-03-19 15:30:00;56.77
2025-03-19 15:45:00;56.77
2025-03-19 16:00:00;94.43
2025-03-19 16:15:00;94.43
2025-03-19 16:30:00;94.43
2025-03-19 16:45:00;94.43
2025-03-19 17:00:00;129.69
2025-03-19 17:15:00;129.69
2025-03-19 17:30:00;129.69
2025-03-19 17:45:00;129.69
2025-03-19 18:00:00;189.36
2025-03-19 18:15:00;189.36
2025-03-19 18:30:00;189.36
2025-03-19 18:45:00;189.36
2025-03-19 19:00:00;188.64
2025-03-19 19:15:00;188.64
2025-03-19 19:30:00;188.64
2025-03-19 19:45:00;188.64
2025-03-19 20:00:00;138.07
2025-03-19 20:15:00;138.07
2025-03-19 20:30:00;138.07
2025-03-19 20:45:00;138.07
2025-03-19 21:00:00;123.51
2025-03-19 21:15:00;123.51
2025-03-19 21:30:00;123.51
2025-03-19 21:45:00;123.51
2025-03-19 22:00:00;112.94
2025-03-19 22:15:00;112.94
2025-03-19 22:30:00;112.94
2025-03-19 22:45:00;112.94
2025-03-19 23:00:00;105.06
2025-03-19 23:15:00;105.06
2025-03-19 23:30:00;105.06
2025-03-19 23:45:00;105.06
2025-03-20 00:00:00;102.93
2025-03-20 00:15:00;102.93
2025-03-20 00:30:00;102.93
2025-03-20 00:45:00;102.93
2025-03-20 01:00:00;89.79
2025-03-20 01:15:00;89.79
2025-03-20 01:30:00;89.79
2025-03-20 01:45:00;89.79
2025-03-20 02:00:00;89.80
2025-03-20 02:15:00;89.80
2025-03-20 02:30:00;89.80
2025-03-20 02:45:00;89.80
2025-03-20 03:00:00;88.41
2025-03-20 03:15:00;88.41
2025-03-20 03:30:00;88.41
2025-03-20 03:45:00;88.41
2025-03-20 04:00:00;83.50
2025-03-20 04:15:00;83.50
2025-03-20 04:30:00;83.50
2025-03-20 04:45:00;83.50
2025-03-20 05:00:00;102.64
2025-03-20 05:15:00;102.64
2025-03-20 05:30:00;102.64
2025-03-20 05:45:00;102.64
2025-03-20 06:00:00;128.73
2025-03-20 06:15:00;128.73
2025-03-20 06:30:00;128.73
2025-03-20 06:45:00;128.73
2025-03-20 07:00:00;131.21
2025-03-20 07:15:00;131.21
2025-03-20 07:30:00;131.21
2025-03-20 07:45:00;131.21
2025-03-20 08:00:00;98.56
2025-03-20 08:15:00;98.56
2025-03-20 08:30:00;98.56
2025-03-20 08:45:00;98.56
2025-03-20 09:00:00;72.16
2025-03-20 09:15:00;72.16
2025-03-20 09:30:00;72.16
2025-03-20 09:45:00;72.16
2025-03-20 10:00:00;33.26
2025-03-20 10:15:00;33.26
2025-03-20 10:30:00;33.26
2025-03-20 10:45:00;33.26
2025-03-20 11:00:00;3.42
2025-03-20 11:15:00;3.42
2025-03-20 11:30:00;3.42
2025-03-20 11:45:00;3.42
2025-03-20 12:00:00;0.43
2025-03-20 12:15:00;0.43
2025-03-20 12:30:00;0.43
2025-03-20 12:45:00;0.43
2025-03-20 13:00:00;0.65
2025-03-20 13:15:00;0.65
2025-03-20 13:30:00;0.65
2025-03-20 13:45:00;0.65
2025-03-20 14:00:00;13.23
2025-03-20 14:15:00;13.23
2025-03-20 14:30:00;13.23
2025-03-20 14:45:00;13.23
2025-03-20 15:00:00;61.04
2025-03-20 15:15:00;61.04
2025-03-20 15:30:00;61.04
2025-03-20 15:45:00;61.04
2025-03-20 16:00:00;94.58
2025-03-20 16:15:00;94.58
2025-03-20 16:30:00;94.58
2025-03-20 16:45:00;94.58
2025-03-20 17:00:00;126.37
2025-03-20 17:15:00;126.37
2025-03-20 17:30:00;126.37
2025-03-20 17:45:00;126.37
2025-03-20 18:00:00;167.72
2025-03-20 18:15:00;167.72
2025-03-20 18:30:00;167.72
2025-03-20 18:45:00;167.72
2025-03-20 19:00:00;167.20
2025-03-20 19:15:00;167.20
2025-03-20 19:30:00;167.20
2025-03-20 19:45:00;167.20
2025-03-20 20:00:00;134.44
2025-03-20 20:15:00;134.44
2025-03-20 20:30:00;134.44
2025-03-20 20:45:00;134.44
2025-03-20 21:00:00;118.64
2025-03-20 21:15:00;118.64
2025-03-20 21:30:00;118.64
2025-03-20 21:45:00;118.64
2025-03-20 22:00:00;109.43
2025-03-20 22:15:00;109.43
2025-03-20 22:30:00;109.43
2025-03-20 22:45:00;109.43
2025-03-20 23:00:00;98.83
2025-03-20 23:15:00;98.83
2025-03-20 23:30:00;98.83
2025-03-20 23:45:00;98.83
2025-03-21 00:00:00;108.01
2025-03-21 00:15:00;108.01
2025-03-21 00:30:00;108.01
2025-03-21 00:45:00;108.01
2025-03-21 01:00:00;94.87
2025-03-21 01:15:00;94.87
2025-03-21 01:30:00;94.87
2025-03-21 01:45:00;94.87
2025-03-21 02:00:00;93.47
2025-03-21 02:15:00;93.47
2025-03-21 02:30:00;93.47
2025-03-21 02:45:00;93.47
2025-03-21 03:00:00;93.38
2025-03-21 03:15:00;93.38
2025-03-21 03:30:00;93.38
2025-03-21 03:45:00;93.38
2025-03-21 04:00:00;85.71
2025-03-21 04:15:00;85.71
2025-03-21 04:30:00;85.71
2025-03-21 04:45:00;85.71
2025-03-21 05:00:00;99.00
2025-03-21 05:15:00;99.00
2025-03-21 05:30:00;99.00
2025-03-21 05:45:00;99.00
2025-03-21 06:00:00;121.60
2025-03-21 06:15:00;121.60
2025-03-21 06:30:00;121.60
2025-03-21 06:45:00;121.60
2025-03-21 07:00:00;121.84
2025-03-21 07:15:00;121.84
2025-03-21 07:30:00;121.84
2025-03-21 07:45:00;121.84
2025-03-21 08:00:00;91.79
2025-03-21 08:15:00;91.79
2025-03-21 08:30:00;91.79
2025-03-21 08:45:00;91.79
2025-03-21 09:00:00;65.78
2025-03-21 09:15:00;65.78
2025-03-21 09:30:00;65.78
2025-03-21 09:45:00;65.78
2025-03-21 10:00:00;40.74
2025-03-21 10:15:00;40.74
2025-03-21 10:30:00;40.74
2025-03-21 10:45:00;40.74
2025-03-21 11:00:00;7.00
2025-03-21 11:15:00;7.00
2025-03-21 11:30:00;7.00
2025-03-21 11:45:00;7.00
2025-03-21 12:00:00;-4.68
2025-03-21 12:15:00;-4.68
2025-03-21 12:30:00;-4.68
2025-03-21 12:45:00;-4.68
2025-03-21 13:00:00;-0.85
2025-03-21 13:15:00;-0.85
2025-03-21 13:30:00;-0.85
2025-03-21 13:45:00;-0.85
2025-03-21 14:00:00;1.40
2025-03-21 14:15:00;1.40
2025-03-21 14:30:00;1.40
2025-03-21 14:45:00;1.40
2025-03-21 15:00:00;8.91
2025-03-21 15:15:00;8.91
2025-03-21 15:30:00;8.91
2025-03-21 15:45:00;8.91
2025-03-21 16:00:00;43.52
2025-03-21 16:15:00;43.52
2025-03-21 16:30:00;43.52
2025-03-21 16:45:00;43.52
2025-03-21 17:00:00;84.29
2025-03-21 17:15:00;84.29
2025-03-21 17:30:00;84.29
2025-03-21 17:45:00;84.29
2025-03-21 18:00:00;104.90
2025-03-21 18:15:00;104.90
2025-03-21 18:30:00;104.90
2025-03-21 18:45:00;104.90
2025-03-21 19:00:00;81.08
2025-03-21 19:15:00;81.08
2025-03-21 19:30:00;81.08
2025-03-21 19:45:00;81.08
2025-03-21 20:00:00;68.12
2025-03-21 20:15:00;68.12
2025-03-21 20:30:00;68.12
2025-03-21 20:45:00;68.12
2025-03-21 21:00:00;45.76
2025-03-21 21:15:00;45.76
2025-03-21 21:30:00;45.76
2025-03-21 21:45:00;45.76
2025-03-21 22:00:00;32.20
2025-03-21 22:15:00;32.20
2025-03-21 22:30:00;32.20
2025-03-21 22:45:00;32.20
2025-03-21 23:00:00;24.17
2025-03-21 23:15:00;24.17
2025-03-21 23:30:00;24.17
2025-03-21 23:45:00;24.17
2025-03-22 00:00:00;31.28
2025-03-22 00:15:00;31.28
2025-03-22 00:30:00;31.28
2025-03-22 00:45:00;31.28
2025-03-22 01:00:00;16.09
2025-03-22 01:15:00;16.09
2025-03-22 01:30:00;16.09
2025-03-22 01:45:00;16.09
2025-03-22 02:00:00;12.88
2025-03-22 02:15:00;12.88
2025-03-22 02:30:00;12.88
2025-03-22 02:45:00;12.88
2025-03-22 03:00:00;10.56
2025-03-22 03:15:00;10.56
2025-03-22 03:30:00;10.56
2025-03-22 03:45:00;10.56
2025-03-22 04:00:00;12.98
2025-03-22 04:15:00;12.98
2025-03-22 04:30:00;12.98
2025-03-22 04:45:00;12.98
2025-03-22 05:00:00;15.11
2025-03-22 05:15:00;15.11
2025-03-22 05:30:00;15.11
2025-03-22 05:45:00;15.11
2025-03-22 06:00:00;14.44
2025-03-22 06:15:00;14.44
2025-03-22 06:30:00;14.44
2025-03-22 06:45:00;14.44
2025-03-22 07:00:00;19.88
2025-03-22 07:15:00;19.88
2025-03-22 07:30:00;19.88
2025-03-22 07:45:00;19.88
2025-03-22 08:00:00;37.94
2025-03-22 08:15:00;37.94
2025-03-22 08:30:00;37.94
2025-03-22 08:45:00;37.94
2025-03-22 09:00:00;37.68
2025-03-22 09:15:00;37.68
2025-03-22 09:30:00;37.68
2025-03-22 09:45:00;37.68
2025-03-22 10:00:00;26.33
2025-03-22 10:15:00;26.33
2025-03-22 10:30:00;26.33
2025-03-22 10:45:00;26.33
2025-03-22 11:00:00;25.10
2025-03-22 11:15:00;25.10
2025-03-22 11:30:00;25.10
2025-03-22 11:45:00;25.10
2025-03-22 12:00:00;23.23
2025-03-22 12:15:00;23.23
2025-03-22 12:30:00;23.23
2025-03-22 12:45:00;23.23
2025-03-22 13:00:00;3.91
2025-03-22 13:15:00;3.91
2025-03-22 13:30:00;3.91
2025-03-22 13:45:00;3.91
2025-03-22 14:00:00;4.65
2025-03-22 14:15:00;4.65
2025-03-22 14:30:00;4.65
2025-03-22 14:45:00;4.65
2025-03-22 15:00:00;22.56
2025-03-22 15:15:00;22.56
2025-03-22 15:30:00;22.56
2025-03-22 15:45:00;22.56
2025-03-22 16:00:00;40.00
2025-03-22 16:15:00;40.00
2025-03-22 16:30:00;40.00
2025-03-22 16:45:00;40.00
2025-03-22 17:00:00;74.97
2025-03-22 17:15:00;74.97
2025-03-22 17:30:00;74.97
2025-03-22 17:45:00;74.97
2025-03-22 18:00:00;119.77
2025-03-22 18:15:00;119.77
2025-03-22 18:30:00;119.77
2025-03-22 18:45:00;119.77
2025-03-22 19:00:00;149.03
2025-03-22 19:15:00;149.03
2025-03-22 19:30:00;149.03
2025-03-22 19:45:00;149.03
2025-03-22 20:00:00;91.00
2025-03-22 20:15:00;91.00
2025-03-22 20:30:00;91.00
2025-03-22 20:45:00;91.00
2025-03-22 21:00:00;76.55
2025-03-22 21:15:00;76.55
2025-03-22 21:30:00;76.55
2025-03-22 21:45:00;76.55
2025-03-22 22:00:00;71.91
2025-03-22 22:15:00;71.91
2025-03-22 22:30:00;71.91
2025-03-22 22:45:00;71.91
2025-03-22 23:00:00;66.67
2025-03-22 23:15:00;66.67
2025-03-22 23:30:00;66.67
2025-03-22 23:45:00;66.67
2025-03-23 00:00:00;91.00
2025-03-23 00:15:00;91.00
2025-03-23 00:30:00;91.00
2025-03-23 00:45:00;91.00
2025-03-23 01:00:00;66.00
2025-03-23 01:15:00;66.00
2025-03-23 01:30:00;66.00
2025-03-23 01:45:00;66.00
2025-03-23 02:00:00;76.99
2025-03-23 02:15:00;76.99
2025-03-23 02:30:00;76.99
2025-03-23 02:45:00;76.99
2025-03-23 03:00:00;62.54
2025-03-23 03:15:00;62.54
2025-03-23 03:30:00;62.54
2025-03-23 03:45:00;62.54
2025-03-23 04:00:00;61.62
2025-03-23 04:15:00;61.62
2025-03-23 04:30:00;61.62
2025-03-23 04:45:00;61.62
2025-03-23 05:00:00;60.29
2025-03-23 05:15:00;60.29
2025-03-23 05:30:00;60.29
2025-03-23 05:45:00;60.29
2025-03-23 06:00:00;63.52
2025-03-23 06:15:00;63.52
2025-03-23 06:30:00;63.52
2025-03-23 06:45:00;63.52
2025-03-23 07:00:00;67.14
2025-03-23 07:15:00;67.14
2025-03-23 07:30:00;67.14
2025-03-23 07:45:00;67.14
2025-03-23 08:00:00;50.65
2025-03-23 08:15:00;50.65
2025-03-23 08:30:00;50.65
2025-03-23 08:45:00;50.65
2025-03-23 09:00:00;23.10
2025-03-23 09:15:00;23.10
2025-03-23 09:30:00;23.10
2025-03-23 09:45:00;23.10
2025-03-23 10:00:00;13.78
2025-03-23 10:15:00;13.78
2025-03-23 10:30:00;13.78
2025-03-23 10:45:00;13.78
2025-03-23 11:00:00;9.60
2025-03-23 11:15:00;9.60
2025-03-23 11:30:00;9.60
2025-03-23 11:45:00;9.60
2025-03-23 12:00:00;13.49
2025-03-23 12:15:00;13.49
2025-03-23 12:30:00;13.49
2025-03-23 12:45:00;13.49
2025-03-23 13:00:00;5.01
2025-03-23 13:15:00;5.01
2025-03-23 13:30:00;5.01
2025-03-23 13:45:00;5.01
2025-03-23 14:00:00;11.46
2025-03-23 14:15:00;11.46
2025-03-23 14:30:00;11.46
2025-03-23 14:45:00;11.46
2025-03-23 15:00:00;41.37
2025-03-23 15:15:00;41.37
2025-03-23 15:30:00;41.37
2025-03-23 15:45:00;41.37
2025-03-23 16:00:00;84.42
2025-03-23 16:15:00;84.42
2025-03-23 16:30:00;84.42
2025-03-23 16:45:00;84.42
2025-03-23 17:00:00;114.28
2025-03-23 17:15:00;114.28
2025-03-23 17:30:00;114.28
2025-03-23 17:45:00;114.28
2025-03-23 18:00:00;135.34
2025-03-23 18:15:00;135.34
2025-03-23 18:30:00;135.34
2025-03-23 18:45:00;135.34
2025-03-23 19:00:00;140.38
2025-03-23 19:15:00;140.38
2025-03-23 19:30:00;140.38
2025-03-23 19:45:00;140.38
2025-03-23 20:00:00;137.67
2025-03-23 20:15:00;137.67
2025-03-23 20:30:00;137.67
2025-03-23 20:45:00;137.67
2025-03-23 21:00:00;127.13
2025-03-23 21:15:00;127.13
2025-03-23 21:30:00;127.13
2025-03-23 21:45:00;127.13
2025-03-23 22:00:00;121.97
2025-03-23 22:15:00;121.97
2025-03-23 22:30:00;121.97
2025-03-23 22:45:00;121.97
2025-03-23 23:00:00;114.24
2025-03-23 23:15:00;114.24
2025-03-23 23:30:00;114.24
2025-03-23 23:45:00;114.24
2025-03-24 00:00:00;107.16
2025-03-24 00:15:00;107.16
2025-03-24 00:30:00;107.16
2025-03-24 00:45:00;107.16
2025-03-24 01:00:00;100.38
2025-03-24 01:15:00;100.38
2025-03-24 01:30:00;100.38
2025-03-24 01:45:00;100.38
2025-03-24 02:00:00;97.65
2025-03-24 02:15:00;97.65
2025-03-24 02:30:00;97.65
2025-03-24 02:45:00;97.65
2025-03-24 03:00:00;94.79
2025-03-24 03:15:00;94.79
2025-03-24 03:30:00;94.79
2025-03-24 03:45:00;94.79
2025-03-24 04:00:00;96.23
2025-03-24 04:15:00;96.23
2025-03-24 04:30:00;96.23
2025-03-24 04:45:00;96.23
2025-03-24 05:00:00;111.60
2025-03-24 05:15:00;111.60
2025-03-24 05:30:00;111.60
2025-03-24 05:45:00;111.60
2025-03-24 06:00:00;134.75
2025-03-24 06:15:00;134.75
2025-03-24 06:30:00;134.75
2025-03-24 06:45:00;134.75
2025-03-24 07:00:00;158.00
2025-03-24 07:15:00;158.00
2025-03-24 07:30:00;158.00
2025-03-24 07:45:00;158.00
2025-03-24 08:00:00;156.74
2025-03-24 08:15:00;156.74
2025-03-24 08:30:00;156.74
2025-03-24 08:45:00;156.74
2025-03-24 09:00:00;131.52
2025-03-24 09:15:00;131.52
2025-03-24 09:30:00;131.52
2025-03-24 09:45:00;131.52
2025-03-24 10:00:00;110.00
2025-03-24 10:15:00;110.00
2025-03-24 10:30:00;110.00
2025-03-24 10:45:00;110.00
2025-03-24 11:00:00;99.24
2025-03-24 11:15:00;99.24
2025-03-24 11:30:00;99.24
2025-03-24 11:45:00;99.24
2025-03-24 12:00:00;94.43
2025-03-24 12:15:00;94.43
2025-03-24 12:30:00;94.43
2025-03-24 12:45:00;94.43
2025-03-24 13:00:00;91.50
2025-03-24 13:15:00;91.50
2025-03-24 13:30:00;91.50
2025-03-24 13:45:00;91.50
2025-03-24 14:00:00;92.91
2025-03-24 14:15:00;92.91
2025-03-24 14:30:00;92.91
2025-03-24 14:45:00;92.91
2025-03-24 15:00:00;99.13
2025-03-24 15:15:00;99.13
2025-03-24 15:30:00;99.13
2025-03-24 15:45:00;99.13
2025-03-24 16:00:00;114.19
2025-03-24 16:15:00;114.19
2025-03-24 16:30:00;114.19
2025-03-24 16:45:00;114.19
2025-03-24 17:00:00;134.63
2025-03-24 17:15:00;134.63
2025-03-24 17:30:00;134.63
2025-03-24 17:45:00;134.63
2025-03-24 18:00:00;173.09
2025-03-24 18:15:00;173.09
2025-03-24 18:30:00;173.09
2025-03-24 18:45:00;173.09
2025-03-24 19:00:00;187.77
2025-03-24 19:15:00;187.77
2025-03-24 19:30:00;187.77
2025-03-24 19:45:00;187.77
2025-03-24 20:00:00;160.75
2025-03-24 20:15:00;160.75
2025-03-24 20:30:00;160.75
2025-03-24 20:45:00;160.75
2025-03-24 21:00:00;134.29
2025-03-24 21:15:00;134.29
2025-03-24 21:30:00;134.29
2025-03-24 21:45:00;134.29
2025-03-24 22:00:00;121.38
2025-03-24 22:15:00;121.38
2025-03-24 22:30:00;121.38
2025-03-24 22:45:00;121.38
2025-03-24 23:00:00;112.36
2025-03-24 23:15:00;112.36
2025-03-24 23:30:00;112.36
2025-03-24 23:45:00;112.36
2025-03-25 00:00:00;99.42
2025-03-25 00:15:00;99.42
2025-03-25 00:30:00;99.42
2025-03-25 00:45:00;99.42
2025-03-25 01:00:00;99.00
2025-03-25 01:15:00;99.00
2025-03-25 01:30:00;99.00
2025-03-25 01:45:00;99.00
2025-03-25 02:00:00;97.15
2025-03-25 02:15:00;97.15
2025-03-25 02:30:00;97.15
2025-03-25 02:45:00;97.15
2025-03-25 03:00:00;96.40
2025-03-25 03:15:00;96.40
2025-03-25 03:30:00;96.40
2025-03-25 03:45:00;96.40
2025-03-25 04:00:00;95.51
2025-03-25 04:15:00;95.51
2025-03-25 04:30:00;95.51
2025-03-25 04:45:00;95.51
2025-03-25 05:00:00;101.69
2025-03-25 05:15:00;101.69
2025-03-25 05:30:00;101.69
2025-03-25 05:45:00;101.69
2025-03-25 06:00:00;127.26
2025-03-25 06:15:00;127.26
2025-03-25 06:30:00;127.26
2025-03-25 06:45:00;127.26
2025-03-25 07:00:00;139.10
2025-03-25 07:15:00;139.10
2025-03-25 07:30:00;139.10
2025-03-25 07:45:00;139.10
2025-03-25 08:00:00;127.51
2025-03-25 08:15:00;127.51
2025-03-25 08:30:00;127.51
2025-03-25 08:45:00;127.51
2025-03-25 09:00:00;105.99
2025-03-25 09:15:00;105.99
2025-03-25 09:30:00;105.99
2025-03-25 09:45:00;105.99
2025-03-25 10:00:00;90.00
2025-03-25 10:15:00;90.00
2025-03-25 10:30:00;90.00
2025-03-25 10:45:00;90.00
2025-03-25 11:00:00;78.72
2025-03-25 11:15:00;78.72
2025-03-25 11:30:00;78.72
2025-03-25 11:45:00;78.72
2025-03-25 12:00:00;70.11
2025-03-25 12:15:00;70.11
2025-03-25 12:30:00;70.11
2025-03-25 12:45:00;70.11
2025-03-25 13:00:00;68.88
2025-03-25 13:15:00;68.88
2025-03-25 13:30:00;68.88
2025-03-25 13:45:00;68.88
2025-03-25 14:00:00;77.43
2025-03-25 14:15:00;77.43
2025-03-25 14:30:00;77.43
2025-03-25 14:45:00;77.43
2025-03-25 15:00:00;88.82
2025-03-25 15:15:00;88.82
2025-03-25 15:30:00;88.82
2025-03-25 15:45:00;88.82
2025-03-25 16:00:00;100.00
2025-03-25 16:15:00;100.00
2025-03-25 16:30:00;100.00
2025-03-25 16:45:00;100.00
2025-03-25 17:00:00;124.64
2025-03-25 17:15:00;124.64
2025-03-25 17:30:00;124.64
2025-03-25 17:45:00;124.64
2025-03-25 18:00:00;150.11
2025-03-25 18:15:00;150.11
2025-03-25 18:30:00;150.11
2025-03-25 18:45:00;150.11
2025-03-25 19:00:00;165.10
2025-03-25 19:15:00;165.10
2025-03-25 19:30:00;165.10
2025-03-25 19:45:00;165.10
2025-03-25 20:00:00;148.60
2025-03-25 20:15:00;148.60
2025-03-25 20:30:00;148.60
2025-03-25 20:45:00;148.60
2025-03-25 21:00:00;122.91
2025-03-25 21:15:00;122.91
2025-03-25 21:30:00;122.91
2025-03-25 21:45:00;122.91
2025-03-25 22:00:00;112.50
2025-03-25 22:15:00;112.50
2025-03-25 22:30:00;112.50
2025-03-25 22:45:00;112.50
2025-03-25 23:00:00;102.05
2025-03-25 23:15:00;102.05
2025-03-25 23:30:00;102.05
2025-03-25 23:45:00;102.05
2025-03-26 00:00:00;101.02
2025-03-26 00:15:00;101.02
2025-03-26 00:30:00;101.02
2025-03-26 00:45:00;101.02
2025-03-26 01:00:00;97.96
2025-03-26 01:15:00;97.96
2025-03-26 01:30:00;97.96
2025-03-26 01:45:00;97.96
2025-03-26 02:00:00;97.34
2025-03-26 02:15:00;97.34
2025-03-26 02:30:00;97.34
2025-03-26 02:45:00;97.34
2025-03-26 03:00:00;95.81
2025-03-26 03:15:00;95.81
2025-03-26 03:30:00;95.81
2025-03-26 03:45:00;95.81
2025-03-26 04:00:00;91.58
2025-03-26 04:15:00;91.58
2025-03-26 04:30:00;91.58
2025-03-26 04:45:00;91.58
2025-03-26 05:00:00;95.58
2025-03-26 05:15:00;95.58
2025-03-26 05:30:00;95.58
2025-03-26 05:45:00;95.58
2025-03-26 06:00:00;124.13
2025-03-26 06:15:00;124.13
2025-03-26 06:30:00;124.13
2025-03-26 06:45:00;124.13
2025-03-26 07:00:00;137.49
2025-03-26 07:15:00;137.49
2025-03-26 07:30:00;137.49
2025-03-26 07:45:00;137.49
2025-03-26 08:00:00;135.98
2025-03-26 08:15:00;135.98
2025-03-26 08:30:00;135.98
2025-03-26 08:45:00;135.98
2025-03-26 09:00:00;110.54
2025-03-26 09:15:00;110.54
2025-03-26 09:30:00;110.54
2025-03-26 09:45:00;110.54
2025-03-26 10:00:00;98.16
2025-03-26 10:15:00;98.16
2025-03-26 10:30:00;98.16
2025-03-26 10:45:00;98.16
2025-03-26 11:00:00;95.13
2025-03-26 11:15:00;95.13
2025-03-26 11:30:00;95.13
2025-03-26 11:45:00;95.13
2025-03-26 12:00:00;94.17
2025-03-26 12:15:00;94.17
2025-03-26 12:30:00;94.17
2025-03-26 12:45:00;94.17
2025-03-26 13:00:00;84.40
2025-03-26 13:15:00;84.40
2025-03-26 13:30:00;84.40
2025-03-26 13:45:00;84.40
2025-03-26 14:00:00;88.00
2025-03-26 14:15:00;88.00
2025-03-26 14:30:00;88.00
2025-03-26 14:45:00;88.00
2025-03-26 15:00:00;91.17
2025-03-26 15:15:00;91.17
2025-03-26 15:30:00;91.17
2025-03-26 15:45:00;91.17
2025-03-26 16:00:00;97.13
2025-03-26 16:15:00;97.13
2025-03-26 16:30:00;97.13
2025-03-26 16:45:00;97.13
2025-03-26 17:00:00;125.00
2025-03-26 17:15:00;125.00
2025-03-26 17:30:00;125.00
2025-03-26 17:45:00;125.00
2025-03-26 18:00:00;153.36
2025-03-26 18:15:00;153.36
2025-03-26 18:30:00;153.36
2025-03-26 18:45:00;153.36
2025-03-26 19:00:00;165.89
2025-03-26 19:15:00;165.89
2025-03-26 19:30:00;165.89
2025-03-26 19:45:00;165.89
2025-03-26 20:00:00;147.23
2025-03-26 20:15:00;147.23
2025-03-26 20:30:00;147.23
2025-03-26 20:45:00;147.23
2025-03-26 21:00:00;123.80
2025-03-26 21:15:00;123.80
2025-03-26 21:30:00;123.80
2025-03-26 21:45:00;123.80
2025-03-26 22:00:00;115.08
2025-03-26 22:15:00;115.08
2025-03-26 22:30:00;115.08
2025-03-26 22:45:00;115.08
2025-03-26 23:00:00;105.15
2025-03-26 23:15:00;105.15
2025-03-26 23:30:00;105.15
2025-03-26 23:45:00;105.15
2025-03-27 00:00:00;103.21
2025-03-27 00:15:00;103.21
2025-03-27 00:30:00;103.21
2025-03-27 00:45:00;103.21
2025-03-27 01:00:00;96.16
2025-03-27 01:15:00;96.16
2025-03-27 01:30:00;96.16
2025-03-27 01:45:00;96.16
2025-03-27 02:00:00;95.74
2025-03-27 02:15:00;95.74
2025-03-27 02:30:00;95.74
2025-03-27 02:45:00;95.74
2025-03-27 03:00:00;93.81
2025-03-27 03:15:00;93.81
2025-03-27 03:30:00;93.81
2025-03-27 03:45:00;93.81
2025-03-27 04:00:00;92.16
2025-03-27 04:15:00;92.16
2025-03-27 04:30:00;92.16
2025-03-27 04:45:00;92.16
2025-03-27 05:00:00;102.01
2025-03-27 05:15:00;102.01
2025-03-27 05:30:00;102.01
2025-03-27 05:45:00;102.01
2025-03-27 06:00:00;125.05
2025-03-27 06:15:00;125.05
2025-03-27 06:30:00;125.05
2025-03-27 06:45:00;125.05
2025-03-27 07:00:00;136.47
2025-03-27 07:15:00;136.47
2025-03-27 07:30:00;136.47
2025-03-27 07:45:00;136.47
2025-03-27 08:00:00;123.50
2025-03-27 08:15:00;123.50
2025-03-27 08:30:00;123.50
2025-03-27 08:45:00;123.50
2025-03-27 09:00:00;89.92
2025-03-27 09:15:00;89.92
2025-03-27 09:30:00;89.92
2025-03-27 09:45:00;89.92
2025-03-27 10:00:00;76.03
2025-03-27 10:15:00;76.03
2025-03-27 10:30:00;76.03
2025-03-27 10:45:00;76.03
2025-03-27 11:00:00;45.48
2025-03-27 11:15:00;45.48
2025-03-27 11:30:00;45.48
2025-03-27 11:45:00;45.48
2025-03-27 12:00:00;27.97
2025-03-27 12:15:00;27.97
2025-03-27 12:30:00;27.97
2025-03-27 12:45:00;27.97
2025-03-27 13:00:00;6.67
2025-03-27 13:15:00;6.67
2025-03-27 13:30:00;6.67
2025-03-27 13:45:00;6.67
2025-03-27 14:00:00;29.04
2025-03-27 14:15:00;29.04
2025-03-27 14:30:00;29.04
2025-03-27 14:45:00;29.04
2025-03-27 15:00:00;65.10
2025-03-27 15:15:00;65.10
2025-03-27 15:30:00;65.10
2025-03-27 15:45:00;65.10
2025-03-27 16:00:00;82.96
2025-03-27 16:15:00;82.96
2025-03-27 16:30:00;82.96
2025-03-27 16:45:00;82.96
2025-03-27 17:00:00;116.62
2025-03-27 17:15:00;116.62
2025-03-27 17:30:00;116.62
2025-03-27 17:45:00;116.62
2025-03-27 18:00:00;147.14
2025-03-27 18:15:00;147.14
2025-03-27 18:30:00;147.14
2025-03-27 18:45:00;147.14
2025-03-27 19:00:00;165.84
2025-03-27 19:15:00;165.84
2025-03-27 19:30:00;165.84
2025-03-27 19:45:00;165.84
2025-03-27 20:00:00;140.20
2025-03-27 20:15:00;140.20
2025-03-27 20:30:00;140.20
2025-03-27 20:45:00;140.20
2025-03-27 21:00:00;122.74
2025-03-27 21:15:00;122.74
2025-03-27 21:30:00;122.74
2025-03-27 21:45:00;122.74
2025-03-27 22:00:00;111.60
2025-03-27 22:15:00;111.60
2025-03-27 22:30:00;111.60
2025-03-27 22:45:00;111.60
2025-03-27 23:00:00;99.58
2025-03-27 23:15:00;99.58
2025-03-27 23:30:00;99.58
2025-03-27 23:45:00;99.58
2025-03-28 00:00:00;89.60
2025-03-28 00:15:00;89.60
2025-03-28 00:30:00;89.60
2025-03-28 00:45:00;89.60
2025-03-28 01:00:00;79.05
2025-03-28 01:15:00;79.05
2025-03-28 01:30:00;79.05
2025-03-28 01:45:00;79.05
2025-03-28 02:00:00;78.98
2025-03-28 02:15:00;78.98
2025-03-28 02:30:00;78.98
2025-03-28 02:45:00;78.98
2025-03-28 03:00:00;77.14
2025-03-28 03:15:00;77.14
2025-03-28 03:30:00;77.14
2025-03-28 03:45:00;77.14
2025-03-28 04:00:00;78.47
2025-03-28 04:15:00;78.47
2025-03-28 04:30:00;78.47
2025-03-28 04:45:00;78.47
2025-03-28 05:00:00;100.00
2025-03-28 05:15:00;100.00
2025-03-28 05:30:00;100.00
2025-03-28 05:45:00;100.00
2025-03-28 06:00:00;122.80
2025-03-28 06:15:00;122.80
2025-03-28 06:30:00;122.80
2025-03-28 06:45:00;122.80
2025-03-28 07:00:00;122.20
2025-03-28 07:15:00;122.20
2025-03-28 07:30:00;122.20
2025-03-28 07:45:00;122.20
2025-03-28 08:00:00;102.08
2025-03-28 08:15:00;102.08
2025-03-28 08:30:00;102.08
2025-03-28 08:45:00;102.08
2025-03-28 09:00:00;80.67
2025-03-28 09:15:00;80.67
2025-03-28 09:30:00;80.67
2025-03-28 09:45:00;80.67
2025-03-28 10:00:00;34.40
2025-03-28 10:15:00;34.40
2025-03-28 10:30:00;34.40
2025-03-28 10:45:00;34.40
2025-03-28 11:00:00;8.18
2025-03-28 11:15:00;8.18
2025-03-28 11:30:00;8.18
2025-03-28 11:45:00;8.18
2025-03-28 12:00:00;4.92
2025-03-28 12:15:00;4.92
2025-03-28 12:30:00;4.92
2025-03-28 12:45:00;4.92
2025-03-28 13:00:00;2.45
2025-03-28 13:15:00;2.45
2025-03-28 13:30:00;2.45
2025-03-28 13:45:00;2.45
2025-03-28 14:00:00;14.48
2025-03-28 14:15:00;14.48
2025-03-28 14:30:00;14.48
2025-03-28 14:45:00;14.48
2025-03-28 15:00:00;65.43
2025-03-28 15:15:00;65.43
2025-03-28 15:30:00;65.43
2025-03-28 15:45:00;65.43
2025-03-28 16:00:00;98.54
2025-03-28 16:15:00;98.54
2025-03-28 16:30:00;98.54
2025-03-28 16:45:00;98.54
2025-03-28 17:00:00;114.06
2025-03-28 17:15:00;114.06
2025-03-28 17:30:00;114.06
2025-03-28 17:45:00;114.06
2025-03-28 18:00:00;136.00
2025-03-28 18:15:00;136.00
2025-03-28 18:30:00;136.00
2025-03-28 18:45:00;136.00
2025-03-28 19:00:00;147.73
2025-03-28 19:15:00;147.73
2025-03-28 19:30:00;147.73
2025-03-28 19:45:00;147.73
2025-03-28 20:00:00;141.80
2025-03-28 20:15:00;141.80
2025-03-28 20:30:00;141.80
2025-03-28 20:45:00;141.80
2025-03-28 21:00:00;118.60
2025-03-28 21:15:00;118.60
2025-03-28 21:30:00;118.60
2025-03-28 21:45:00;118.60
2025-03-28 22:00:00;112.50
2025-03-28 22:15:00;112.50
2025-03-28 22:30:00;112.50
2025-03-28 22:45:00;112.50
2025-03-28 23:00:00;106.67
2025-03-28 23:15:00;106.67
2025-03-28 23:30:00;106.67
2025-03-28 23:45:00;106.67
2025-03-29 00:00:00;99.67
2025-03-29 00:15:00;99.67
2025-03-29 00:30:00;99.67
2025-03-29 00:45:00;99.67
2025-03-29 01:00:00;92.60
2025-03-29 01:15:00;92.60
2025-03-29 01:30:00;92.60
2025-03-29 01:45:00;92.60
2025-03-29 02:00:00;85.32
2025-03-29 02:15:00;85.32
2025-03-29 02:30:00;85.32
2025-03-29 02:45:00;85.32
2025-03-29 03:00:00;83.60
2025-03-29 03:15:00;83.60
2025-03-29 03:30:00;83.60
2025-03-29 03:45:00;83.60
2025-03-29 04:00:00;86.12
2025-03-29 04:15:00;86.12
2025-03-29 04:30:00;86.12
2025-03-29 04:45:00;86.12
2025-03-29 05:00:00;84.67
2025-03-29 05:15:00;84.67
2025-03-29 05:30:00;84.67
2025-03-29 05:45:00;84.67
2025-03-29 06:00:00;88.30
2025-03-29 06:15:00;88.30
2025-03-29 06:30:00;88.30
2025-03-29 06:45:00;88.30
2025-03-29 07:00:00;89.52
2025-03-29 07:15:00;89.52
2025-03-29 07:30:00;89.52
2025-03-29 07:45:00;89.52
2025-03-29 08:00:00;81.57
2025-03-29 08:15:00;81.57
2025-03-29 08:30:00;81.57
2025-03-29 08:45:00;81.57
2025-03-29 09:00:00;67.58
2025-03-29 09:15:00;67.58
2025-03-29 09:30:00;67.58
2025-03-29 09:45:00;67.58
2025-03-29 10:00:00;56.23
2025-03-29 10:15:00;56.23
2025-03-29 10:30:00;56.23
2025-03-29 10:45:00;56.23
2025-03-29 11:00:00;57.34
2025-03-29 11:15:00;57.34
2025-03-29 11:30:00;57.34
2025-03-29 11:45:00;57.34
2025-03-29 12:00:00;57.80
2025-03-29 12:15:00;57.80
2025-03-29 12:30:00;57.80
2025-03-29 12:45:00;57.80
2025-03-29 13:00:00;2.65
2025-03-29 13:15:00;2.65
2025-03-29 13:30:00;2.65
2025-03-29 13:45:00;2.65
2025-03-29 14:00:00;3.67
2025-03-29 14:15:00;3.67
2025-03-29 14:30:00;3.67
2025-03-29 14:45:00;3.67
2025-03-29 15:00:00;24.33
2025-03-29 15:15:00;24.33
2025-03-29 15:30:00;24.33
2025-03-29 15:45:00;24.33
2025-03-29 16:00:00;54.14
2025-03-29 16:15:00;54.14
2025-03-29 16:30:00;54.14
2025-03-29 16:45:00;54.14
2025-03-29 17:00:00;84.44
2025-03-29 17:15:00;84.44
2025-03-29 17:30:00;84.44
2025-03-29 17:45:00;84.44
2025-03-29 18:00:00;130.22
2025-03-29 18:15:00;130.22
2025-03-29 18:30:00;130.22
2025-03-29 18:45:00;130.22
2025-03-29 19:00:00;137.90
2025-03-29 19:15:00;137.90
2025-03-29 19:30:00;137.90
2025-03-29 19:45:00;137.90
2025-03-29 20:00:00;110.95
2025-03-29 20:15:00;110.95
2025-03-29 20:30:00;110.95
2025-03-29 20:45:00;110.95
2025-03-29 21:00:00;89.79
2025-03-29 21:15:00;89.79
2025-03-29 21:30:00;89.79
2025-03-29 21:45:00;89.79
2025-03-29 22:00:00;76.65
2025-03-29 22:15:00;76.65
2025-03-29 22:30:00;76.65
2025-03-29 22:45:00;76.65
2025-03-29 23:00:00;61.95
2025-03-29 23:15:00;61.95
2025-03-29 23:30:00;61.95
2025-03-29 23:45:00;61.95
2025-03-30 00:00:00;45.68
2025-03-30 00:15:00;45.68
2025-03-30 00:30:00;45.68
2025-03-30 00:45:00;45.68
2025-03-30 01:00:00;15.81
2025-03-30 01:15:00;15.81
2025-03-30 01:30:00;15.81
2025-03-30 01:45:00;15.81
2025-03-30 02:00:00;13.66
2025-03-30 02:15:00;11.50
2025-03-30 02:30:00;9.35
2025-03-30 02:45:00;7.19
2025-03-30 03:00:00;5.04
2025-03-30 03:15:00;5.04
2025-03-30 03:30:00;5.04
2025-03-30 03:45:00;5.04
2025-03-30 04:00:00;1.20
2025-03-30 04:15:00;1.20
2025-03-30 04:30:00;1.20
2025-03-30 04:45:00;1.20
2025-03-30 05:00:00;0.09
2025-03-30 05:15:00;0.09
2025-03-30 05:30:00;0.09
2025-03-30 05:45:00;0.09
2025-03-30 06:00:00;0.04
2025-03-30 06:15:00;0.04
2025-03-30 06:30:00;0.04
2025-03-30 06:45:00;0.04
2025-03-30 07:00:00;0.03
2025-03-30 07:15:00;0.03
2025-03-30 07:30:00;0.03
2025-03-30 07:45:00;0.03
2025-03-30 08:00:00;0.05
2025-03-30 08:15:00;0.05
2025-03-30 08:30:00;0.05
2025-03-30 08:45:00;0.05
2025-03-30 09:00:00;-0.04
2025-03-30 09:15:00;-0.04
2025-03-30 09:30:00;-0.04
2025-03-30 09:45:00;-0.04
2025-03-30 10:00:00;-4.31
2025-03-30 10:15:00;-4.31
2025-03-30 10:30:00;-4.31
2025-03-30 10:45:00;-4.31
2025-03-30 11:00:00;-12.51
2025-03-30 11:15:00;-12.51
2025-03-30 11:30:00;-12.51
2025-03-30 11:45:00;-12.51
2025-03-30 12:00:00;-13.00
2025-03-30 12:15:00;-13.00
2025-03-30 12:30:00;-13.00
2025-03-30 12:45:00;-13.00
2025-03-30 13:00:00;-38.05
2025-03-30 13:15:00;-38.05
2025-03-30 13:30:00;-38.05
2025-03-30 13:45:00;-38.05
2025-03-30 14:00:00;-38.27
2025-03-30 14:15:00;-38.27
2025-03-30 14:30:00;-38.27
2025-03-30 14:45:00;-38.27
2025-03-30 15:00:00;-17.40
2025-03-30 15:15:00;-17.40
2025-03-30 15:30:00;-17.40
2025-03-30 15:45:00;-17.40
2025-03-30 16:00:00;-4.01
2025-03-30 16:15:00;-4.01
2025-03-30 16:30:00;-4.01
2025-03-30 16:45:00;-4.01
2025-03-30 17:00:00;0.14
2025-03-30 17:15:00;0.14
2025-03-30 17:30:00;0.14
2025-03-30 17:45:00;0.14
2025-03-30 18:00:00;57.65
2025-03-30 18:15:00;57.65
2025-03-30 18:30:00;57.65
2025-03-30 18:45:00;57.65
2025-03-30 19:00:00;62.00
2025-03-30 19:15:00;62.00
2025-03-30 19:30:00;62.00
2025-03-30 19:45:00;62.00
2025-03-30 20:00:00;62.00
2025-03-30 20:15:00;62.00
2025-03-30 20:30:00;62.00
2025-03-30 20:45:00;62.00
2025-03-30 21:00:00;60.73
2025-03-30 21:15:00;60.73
2025-03-30 21:30:00;60.73
2025-03-30 21:45:00;60.73
2025-03-30 22:00:00;62.53
2025-03-30 22:15:00;62.53
2025-03-30 22:30:00;62.53
2025-03-30 22:45:00;62.53
2025-03-30 23:00:00;58.90
2025-03-30 23:15:00;58.90
2025-03-30 23:30:00;58.90
2025-03-30 23:45:00;58.90
2025-03-31 00:00:00;65.75
2025-03-31 00:15:00;65.75
2025-03-31 00:30:00;65.75
2025-03-31 00:45:00;65.75
2025-03-31 01:00:00;61.54
2025-03-31 01:15:00;61.54
2025-03-31 01:30:00;61.54
2025-03-31 01:45:00;61.54
2025-03-31 02:00:00;62.23
2025-03-31 02:15:00;62.23
2025-03-31 02:30:00;62.23
2025-03-31 02:45:00;62.23
2025-03-31 03:00:00;62.81
2025-03-31 03:15:00;62.81
2025-03-31 03:30:00;62.81
2025-03-31 03:45:00;62.81
2025-03-31 04:00:00;62.36
2025-03-31 04:15:00;62.36
2025-03-31 04:30:00;62.36
2025-03-31 04:45:00;62.36
2025-03-31 05:00:00;78.85
2025-03-31 05:15:00;78.85
2025-03-31 05:30:00;78.85
2025-03-31 05:45:00;78.85
2025-03-31 06:00:00;103.42
2025-03-31 06:15:00;103.42
2025-03-31 06:30:00;103.42
2025-03-31 06:45:00;103.42
2025-03-31 07:00:00;144.33
2025-03-31 07:15:00;144.33
2025-03-31 07:30:00;144.33
2025-03-31 07:45:00;144.33
2025-03-31 08:00:00;174.26
2025-03-31 08:15:00;174.26
2025-03-31 08:30:00;174.26
2025-03-31 08:45:00;174.26
2025-03-31 09:00:00;131.96
2025-03-31 09:15:00;131.96
2025-03-31 09:30:00;131.96
2025-03-31 09:45:00;131.96
2025-03-31 10:00:00;99.35
2025-03-31 10:15:00;99.35
2025-03-31 10:30:00;99.35
2025-03-31 10:45:00;99.35
2025-03-31 11:00:00;77.79
2025-03-31 11:15:00;77.79
2025-03-31 11:30:00;77.79
2025-03-31 11:45:00;77.79
2025-03-31 12:00:00;50.55
2025-03-31 12:15:00;50.55
2025-03-31 12:30:00;50.55
2025-03-31 12:45:00;50.55
2025-03-31 13:00:00;29.18
2025-03-31 13:15:00;29.18
2025-03-31 13:30:00;29.18
2025-03-31 13:45:00;29.18
2025-03-31 14:00:00;37.42
2025-03-31 14:15:00;37.42
2025-03-31 14:30:00;37.42
2025-03-31 14:45:00;37.42
2025-03-31 15:00:00;50.62
2025-03-31 15:15:00;50.62
2025-03-31 15:30:00;50.62
2025-03-31 15:45:00;50.62
2025-03-31 16:00:00;57.32
2025-03-31 16:15:00;57.32
2025-03-31 16:30:00;57.32
2025-03-31 16:45:00;57.32
2025-03-31 17:00:00;77.91
2025-03-31 17:15:00;77.91
2025-03-31 17:30:00;77.91
2025-03-31 17:45:00;77.91
2025-03-31 18:00:00;114.46
2025-03-31 18:15:00;114.46
2025-03-31 18:30:00;114.46
2025-03-31 18:45:00;114.46
2025-03-31 19:00:00;157.50
2025-03-31 19:15:00;157.50
2025-03-31 19:30:00;157.50
2025-03-31 19:45:00;157.50
2025-03-31 20:00:00;166.40
2025-03-31 20:15:00;166.40
2025-03-31 20:30:00;166.40
2025-03-31 20:45:00;166.40
2025-03-31 21:00:00;126.00
2025-03-31 21:15:00;126.00
2025-03-31 21:30:00;126.00
2025-03-31 21:45:00;126.00
2025-03-31 22:00:00;110.74
2025-03-31 22:15:00;110.74
2025-03-31 22:30:00;110.74
2025-03-31 22:45:00;110.74
2025-03-31 23:00:00;100.56
2025-03-31 23:15:00;100.56
2025-03-31 23:30:00;100.56
2025-03-31 23:45:00;100.56
2025-04-01 00:00:00;99.94
2025-04-01 00:15:00;99.94
2025-04-01 00:30:00;99.94
2025-04-01 00:45:00;99.94
2025-04-01 01:00:00;92.31
2025-04-01 01:15:00;92.31
2025-04-01 01:30:00;92.31
2025-04-01 01:45:00;92.31
2025-04-01 02:00:00;90.33
2025-04-01 02:15:00;90.33
2025-04-01 02:30:00;90.33
2025-04-01 02:45:00;90.33
2025-04-01 03:00:00;89.76
2025-04-01 03:15:00;89.76
2025-04-01 03:30:00;89.76
2025-04-01 03:45:00;89.76
2025-04-01 04:00:00;88.04
2025-04-01 04:15:00;88.04
2025-04-01 04:30:00;88.04
2025-04-01 04:45:00;88.04
2025-04-01 05:00:00;96.41
2025-04-01 05:15:00;96.41
2025-04-01 05:30:00;96.41
2025-04-01 05:45:00;96.41
2025-04-01 06:00:00;117.98
2025-04-01 06:15:00;117.98
2025-04-01 06:30:00;117.98
2025-04-01 06:45:00;117.98
2025-04-01 07:00:00;167.31
2025-04-01 07:15:00;167.31
2025-04-01 07:30:00;167.31
2025-04-01 07:45:00;167.31
2025-04-01 08:00:00;159.37
2025-04-01 08:15:00;159.37
2025-04-01 08:30:00;159.37
2025-04-01 08:45:00;159.37
2025-04-01 09:00:00;105.79
2025-04-01 09:15:00;105.79
2025-04-01 09:30:00;105.79
2025-04-01 09:45:00;105.79
2025-04-01 10:00:00;73.36
2025-04-01 10:15:00;73.36
2025-04-01 10:30:00;73.36
2025-04-01 10:45:00;73.36
2025-04-01 11:00:00;48.99
2025-04-01 11:15:00;48.99
2025-04-01 11:30:00;48.99
2025-04-01 11:45:00;48.99
2025-04-01 12:00:00;14.48
2025-04-01 12:15:00;14.48
2025-04-01 12:30:00;14.48
2025-04-01 12:45:00;14.48
2025-04-01 13:00:00;-9.02
2025-04-01 13:15:00;-9.02
2025-04-01 13:30:00;-9.02
2025-04-01 13:45:00;-9.02
2025-04-01 14:00:00;-29.90
2025-04-01 14:15:00;-29.90
2025-04-01 14:30:00;-29.90
2025-04-01 14:45:00;-29.90
2025-04-01 15:00:00;-0.07
2025-04-01 15:15:00;-0.07
2025-04-01 15:30:00;-0.07
2025-04-01 15:45:00;-0.07
2025-04-01 16:00:00;36.49
2025-04-01 16:15:00;36.49
2025-04-01 16:30:00;36.49
2025-04-01 16:45:00;36.49
2025-04-01 17:00:00;61.81
2025-04-01 17:15:00;61.81
2025-04-01 17:30:00;61.81
2025-04-01 17:45:00;61.81
2025-04-01 18:00:00;96.21
2025-04-01 18:15:00;96.21
2025-04-01 18:30:00;96.21
2025-04-01 18:45:00;96.21
2025-04-01 19:00:00;130.80
2025-04-01 19:15:00;130.80
2025-04-01 19:30:00;130.80
2025-04-01 19:45:00;130.80
2025-04-01 20:00:00;127.45
2025-04-01 20:15:00;127.45
2025-04-01 20:30:00;127.45
2025-04-01 20:45:00;127.45
2025-04-01 21:00:00;100.89
2025-04-01 21:15:00;100.89
2025-04-01 21:30:00;100.89
2025-04-01 21:45:00;100.89
2025-04-01 22:00:00;91.06
2025-04-01 22:15:00;91.06
2025-04-01 22:30:00;91.06
2025-04-01 22:45:00;91.06
2025-04-01 23:00:00;77.04
2025-04-01 23:15:00;77.04
2025-04-01 23:30:00;77.04
2025-04-01 23:45:00;77.04
2025-04-02 00:00:00;64.80
2025-04-02 00:15:00;64.80
2025-04-02 00:30:00;64.80
2025-04-02 00:45:00;64.80
2025-04-02 01:00:00;61.73
2025-04-02 01:15:00;61.73
2025-04-02 01:30:00;61.73
2025-04-02 01:45:00;61.73
2025-04-02 02:00:00;61.40
2025-04-02 02:15:00;61.40
2025-04-02 02:30:00;61.40
2025-04-02 02:45:00;61.40
2025-04-02 03:00:00;61.98
2025-04-02 03:15:00;61.98
2025-04-02 03:30:00;61.98
2025-04-02 03:45:00;61.98
2025-04-02 04:00:00;62.50
2025-04-02 04:15:00;62.50
2025-04-02 04:30:00;62.50
2025-04-02 04:45:00;62.50
2025-04-02 05:00:00;76.06
2025-04-02 05:15:00;76.06
2025-04-02 05:30:00;76.06
2025-04-02 05:45:00;76.06
2025-04-02 06:00:00;105.69
2025-04-02 06:15:00;105.69
2025-04-02 06:30:00;105.69
2025-04-02 06:45:00;105.69
2025-04-02 07:00:00;143.56
2025-04-02 07:15:00;143.56
2025-04-02 07:30:00;143.56
2025-04-02 07:45:00;143.56
2025-04-02 08:00:00;122.48
2025-04-02 08:15:00;122.48
2025-04-02 08:30:00;122.48
2025-04-02 08:45:00;122.48
2025-04-02 09:00:00;77.19
2025-04-02 09:15:00;77.19
2025-04-02 09:30:00;77.19
2025-04-02 09:45:00;77.19
2025-04-02 10:00:00;40.87
2025-04-02 10:15:00;40.87
2025-04-02 10:30:00;40.87
2025-04-02 10:45:00;40.87
2025-04-02 11:00:00;-2.63
2025-04-02 11:15:00;-2.63
2025-04-02 11:30:00;-2.63
2025-04-02 11:45:00;-2.63
2025-04-02 12:00:00;-14.47
2025-04-02 12:15:00;-14.47
2025-04-02 12:30:00;-14.47
2025-04-02 12:45:00;-14.47
2025-04-02 13:00:00;-50.00
2025-04-02 13:15:00;-50.00
2025-04-02 13:30:00;-50.00
2025-04-02 13:45:00;-50.00
2025-04-02 14:00:00;-61.94
2025-04-02 14:15:00;-61.94
2025-04-02 14:30:00;-61.94
2025-04-02 14:45:00;-61.94
2025-04-02 15:00:00;-48.19
2025-04-02 15:15:00;-48.19
2025-04-02 15:30:00;-48.19
2025-04-02 15:45:00;-48.19
2025-04-02 16:00:00;-24.25
2025-04-02 16:15:00;-24.25
2025-04-02 16:30:00;-24.25
2025-04-02 16:45:00;-24.25
2025-04-02 17:00:00;0.32
2025-04-02 17:15:00;0.32
2025-04-02 17:30:00;0.32
2025-04-02 17:45:00;0.32
2025-04-02 18:00:00;69.78
2025-04-02 18:15:00;69.78
2025-04-02 18:30:00;69.78
2025-04-02 18:45:00;69.78
2025-04-02 19:00:00;108.40
2025-04-02 19:15:00;108.40
2025-04-02 19:30:00;108.40
2025-04-02 19:45:00;108.40
2025-04-02 20:00:00;103.04
2025-04-02 20:15:00;103.04
2025-04-02 20:30:00;103.04
2025-04-02 20:45:00;103.04
2025-04-02 21:00:00;86.88
2025-04-02 21:15:00;86.88
2025-04-02 21:30:00;86.88
2025-04-02 21:45:00;86.88
2025-04-02 22:00:00;74.80
2025-04-02 22:15:00;74.80
2025-04-02 22:30:00;74.80
2025-04-02 22:45:00;74.80
2025-04-02 23:00:00;66.50
2025-04-02 23:15:00;66.50
2025-04-02 23:30:00;66.50
2025-04-02 23:45:00;66.50
2025-04-03 00:00:00;60.46
2025-04-03 00:15:00;60.46
2025-04-03 00:30:00;60.46
2025-04-03 00:45:00;60.46
2025-04-03 01:00:00;55.32
2025-04-03 01:15:00;55.32
2025-04-03 01:30:00;55.32
2025-04-03 01:45:00;55.32
2025-04-03 02:00:00;54.55
2025-04-03 02:15:00;54.55
2025-04-03 02:30:00;54.55
2025-04-03 02:45:00;54.55
2025-04-03 03:00:00;54.81
2025-04-03 03:15:00;54.81
2025-04-03 03:30:00;54.81
2025-04-03 03:45:00;54.81
2025-04-03 04:00:00;55.40
2025-04-03 04:15:00;55.40
2025-04-03 04:30:00;55.40
2025-04-03 04:45:00;55.40
2025-04-03 05:00:00;68.72
2025-04-03 05:15:00;68.72
2025-04-03 05:30:00;68.72
2025-04-03 05:45:00;68.72
2025-04-03 06:00:00;112.68
2025-04-03 06:15:00;112.68
2025-04-03 06:30:00;112.68
2025-04-03 06:45:00;112.68
2025-04-03 07:00:00;148.94
2025-04-03 07:15:00;148.94
2025-04-03 07:30:00;148.94
2025-04-03 07:45:00;148.94
2025-04-03 08:00:00;133.30
2025-04-03 08:15:00;133.30
2025-04-03 08:30:00;133.30
2025-04-03 08:45:00;133.30
2025-04-03 09:00:00;79.11
2025-04-03 09:15:00;79.11
2025-04-03 09:30:00;79.11
2025-04-03 09:45:00;79.11
2025-04-03 10:00:00;37.12
2025-04-03 10:15:00;37.12
2025-04-03 10:30:00;37.12
2025-04-03 10:45:00;37.12
2025-04-03 11:00:00;-0.09
2025-04-03 11:15:00;-0.09
2025-04-03 11:30:00;-0.09
2025-04-03 11:45:00;-0.09
2025-04-03 12:00:00;-2.61
2025-04-03 12:15:00;-2.61
2025-04-03 12:30:00;-2.61
2025-04-03 12:45:00;-2.61
2025-04-03 13:00:00;-19.32
2025-04-03 13:15:00;-19.32
2025-04-03 13:30:00;-19.32
2025-04-03 13:45:00;-19.32
2025-04-03 14:00:00;-13.32
2025-04-03 14:15:00;-13.32
2025-04-03 14:30:00;-13.32
2025-04-03 14:45:00;-13.32
2025-04-03 15:00:00;-0.49
2025-04-03 15:15:00;-0.49
2025-04-03 15:30:00;-0.49
2025-04-03 15:45:00;-0.49
2025-04-03 16:00:00;7.56
2025-04-03 16:15:00;7.56
2025-04-03 16:30:00;7.56
2025-04-03 16:45:00;7.56
2025-04-03 17:00:00;65.95
2025-04-03 17:15:00;65.95
2025-04-03 17:30:00;65.95
2025-04-03 17:45:00;65.95
2025-04-03 18:00:00;126.31
2025-04-03 18:15:00;126.31
2025-04-03 18:30:00;126.31
2025-04-03 18:45:00;126.31
2025-04-03 19:00:00;158.43
2025-04-03 19:15:00;158.43
2025-04-03 19:30:00;158.43
2025-04-03 19:45:00;158.43
2025-04-03 20:00:00;150.99
2025-04-03 20:15:00;150.99
2025-04-03 20:30:00;150.99
2025-04-03 20:45:00;150.99
2025-04-03 21:00:00;128.00
2025-04-03 21:15:00;128.00
2025-04-03 21:30:00;128.00
2025-04-03 21:45:00;128.00
2025-04-03 22:00:00;110.71
2025-04-03 22:15:00;110.71
2025-04-03 22:30:00;110.71
2025-04-03 22:45:00;110.71
2025-04-03 23:00:00;102.03
2025-04-03 23:15:00;102.03
2025-04-03 23:30:00;102.03
2025-04-03 23:45:00;102.03
2025-04-04 00:00:00;103.78
2025-04-04 00:15:00;103.78
2025-04-04 00:30:00;103.78
2025-04-04 00:45:00;103.78
2025-04-04 01:00:00;97.78
2025-04-04 01:15:00;97.78
2025-04-04 01:30:00;97.78
2025-04-04 01:45:00;97.78
2025-04-04 02:00:00;98.87
2025-04-04 02:15:00;98.87
2025-04-04 02:30:00;98.87
2025-04-04 02:45:00;98.87
2025-04-04 03:00:00;97.75
2025-04-04 03:15:00;97.75
2025-04-04 03:30:00;97.75
2025-04-04 03:45:00;97.75
2025-04-04 04:00:00;98.71
2025-04-04 04:15:00;98.71
2025-04-04 04:30:00;98.71
2025-04-04 04:45:00;98.71
2025-04-04 05:00:00;103.43
2025-04-04 05:15:00;103.43
2025-04-04 05:30:00;103.43
2025-04-04 05:45:00;103.43
2025-04-04 06:00:00;127.07
2025-04-04 06:15:00;127.07
2025-04-04 06:30:00;127.07
2025-04-04 06:45:00;127.07
2025-04-04 07:00:00;159.92
2025-04-04 07:15:00;159.92
2025-04-04 07:30:00;159.92
2025-04-04 07:45:00;159.92
2025-04-04 08:00:00;136.63
2025-04-04 08:15:00;136.63
2025-04-04 08:30:00;136.63
2025-04-04 08:45:00;136.63
2025-04-04 09:00:00;94.41
2025-04-04 09:15:00;94.41
2025-04-04 09:30:00;94.41
2025-04-04 09:45:00;94.41
2025-04-04 10:00:00;58.91
2025-04-04 10:15:00;58.91
2025-04-04 10:30:00;58.91
2025-04-04 10:45:00;58.91
2025-04-04 11:00:00;7.82
2025-04-04 11:15:00;7.82
2025-04-04 11:30:00;7.82
2025-04-04 11:45:00;7.82
2025-04-04 12:00:00;0.00
2025-04-04 12:15:00;0.00
2025-04-04 12:30:00;0.00
2025-04-04 12:45:00;0.00
2025-04-04 13:00:00;-3.15
2025-04-04 13:15:00;-3.15
2025-04-04 13:30:00;-3.15
2025-04-04 13:45:00;-3.15
2025-04-04 14:00:00;-2.90
2025-04-04 14:15:00;-2.90
2025-04-04 14:30:00;-2.90
2025-04-04 14:45:00;-2.90
2025-04-04 15:00:00;-0.08
2025-04-04 15:15:00;-0.08
2025-04-04 15:30:00;-0.08
2025-04-04 15:45:00;-0.08
2025-04-04 16:00:00;22.52
2025-04-04 16:15:00;22.52
2025-04-04 16:30:00;22.52
2025-04-04 16:45:00;22.52
2025-04-04 17:00:00;65.69
2025-04-04 17:15:00;65.69
2025-04-04 17:30:00;65.69
2025-04-04 17:45:00;65.69
2025-04-04 18:00:00;103.22
2025-04-04 18:15:00;103.22
2025-04-04 18:30:00;103.22
2025-04-04 18:45:00;103.22
2025-04-04 19:00:00;132.66
2025-04-04 19:15:00;132.66
2025-04-04 19:30:00;132.66
2025-04-04 19:45:00;132.66
2025-04-04 20:00:00;131.00
2025-04-04 20:15:00;131.00
2025-04-04 20:30:00;131.00
2025-04-04 20:45:00;131.00
2025-04-04 21:00:00;104.32
2025-04-04 21:15:00;104.32
2025-04-04 21:30:00;104.32
2025-04-04 21:45:00;104.32
2025-04-04 22:00:00;93.38
2025-04-04 22:15:00;93.38
2025-04-04 22:30:00;93.38
2025-04-04 22:45:00;93.38
2025-04-04 23:00:00;87.65
2025-04-04 23:15:00;87.65
2025-04-04 23:30:00;87.65
2025-04-04 23:45:00;87.65
2025-04-05 00:00:00;94.26
2025-04-05 00:15:00;94.26
2025-04-05 00:30:00;94.26
2025-04-05 00:45:00;94.26
2025-04-05 01:00:00;90.57
2025-04-05 01:15:00;90.57
2025-04-05 01:30:00;90.57
2025-04-05 01:45:00;90.57
2025-04-05 02:00:00;89.68
2025-04-05 02:15:00;89.68
2025-04-05 02:30:00;89.68
2025-04-05 02:45:00;89.68
2025-04-05 03:00:00;90.48
2025-04-05 03:15:00;90.48
2025-04-05 03:30:00;90.48
2025-04-05 03:45:00;90.48
2025-04-05 04:00:00;88.75
2025-04-05 04:15:00;88.75
2025-04-05 04:30:00;88.75
2025-04-05 04:45:00;88.75
2025-04-05 05:00:00;86.93
2025-04-05 05:15:00;86.93
2025-04-05 05:30:00;86.93
2025-04-05 05:45:00;86.93
2025-04-05 06:00:00;87.65
2025-04-05 06:15:00;87.65
2025-04-05 06:30:00;87.65
2025-04-05 06:45:00;87.65
2025-04-05 07:00:00;96.92
2025-04-05 07:15:00;96.92
2025-04-05 07:30:00;96.92
2025-04-05 07:45:00;96.92
2025-04-05 08:00:00;93.48
2025-04-05 08:15:00;93.48
2025-04-05 08:30:00;93.48
2025-04-05 08:45:00;93.48
2025-04-05 09:00:00;55.53
2025-04-05 09:15:00;55.53
2025-04-05 09:30:00;55.53
2025-04-05 09:45:00;55.53
2025-04-05 10:00:00;0.66
2025-04-05 10:15:00;0.66
2025-04-05 10:30:00;0.66
2025-04-05 10:45:00;0.66
2025-04-05 11:00:00;-0.72
2025-04-05 11:15:00;-0.72
2025-04-05 11:30:00;-0.72
2025-04-05 11:45:00;-0.72
2025-04-05 12:00:00;-14.65
2025-04-05 12:15:00;-14.65
2025-04-05 12:30:00;-14.65
2025-04-05 12:45:00;-14.65
2025-04-05 13:00:00;-60.72
2025-04-05 13:15:00;-60.72
2025-04-05 13:30:00;-60.72
2025-04-05 13:45:00;-60.72
2025-04-05 14:00:00;-55.80
2025-04-05 14:15:00;-55.80
2025-04-05 14:30:00;-55.80
2025-04-05 14:45:00;-55.80
2025-04-05 15:00:00;-29.91
2025-04-05 15:15:00;-29.91
2025-04-05 15:30:00;-29.91
2025-04-05 15:45:00;-29.91
2025-04-05 16:00:00;-4.24
2025-04-05 16:15:00;-4.24
2025-04-05 16:30:00;-4.24
2025-04-05 16:45:00;-4.24
2025-04-05 17:00:00;0.15
2025-04-05 17:15:00;0.15
2025-04-05 17:30:00;0.15
2025-04-05 17:45:00;0.15
2025-04-05 18:00:00;61.62
2025-04-05 18:15:00;61.62
2025-04-05 18:30:00;61.62
2025-04-05 18:45:00;61.62
2025-04-05 19:00:00;91.08
2025-04-05 19:15:00;91.08
2025-04-05 19:30:00;91.08
2025-04-05 19:45:00;91.08
2025-04-05 20:00:00;99.04
2025-04-05 20:15:00;99.04
2025-04-05 20:30:00;99.04
2025-04-05 20:45:00;99.04
2025-04-05 21:00:00;84.60
2025-04-05 21:15:00;84.60
2025-04-05 21:30:00;84.60
2025-04-05 21:45:00;84.60
2025-04-05 22:00:00;78.99
2025-04-05 22:15:00;78.99
2025-04-05 22:30:00;78.99
2025-04-05 22:45:00;78.99
2025-04-05 23:00:00;68.75
2025-04-05 23:15:00;68.75
2025-04-05 23:30:00;68.75
2025-04-05 23:45:00;68.75
2025-04-06 00:00:00;70.45
2025-04-06 00:15:00;70.45
2025-04-06 00:30:00;70.45
2025-04-06 00:45:00;70.45
2025-04-06 01:00:00;59.86
2025-04-06 01:15:00;59.86
2025-04-06 01:30:00;59.86
2025-04-06 01:45:00;59.86
2025-04-06 02:00:00;59.63
2025-04-06 02:15:00;59.63
2025-04-06 02:30:00;59.63
2025-04-06 02:45:00;59.63
2025-04-06 03:00:00;63.64
2025-04-06 03:15:00;63.64
2025-04-06 03:30:00;63.64
2025-04-06 03:45:00;63.64
2025-04-06 04:00:00;65.00
2025-04-06 04:15:00;65.00
2025-04-06 04:30:00;65.00
2025-04-06 04:45:00;65.00
2025-04-06 05:00:00;71.71
2025-04-06 05:15:00;71.71
2025-04-06 05:30:00;71.71
2025-04-06 05:45:00;71.71
2025-04-06 06:00:00;73.17
2025-04-06 06:15:00;73.17
2025-04-06 06:30:00;73.17
2025-04-06 06:45:00;73.17
2025-04-06 07:00:00;74.80
2025-04-06 07:15:00;74.80
2025-04-06 07:30:00;74.80
2025-04-06 07:45:00;74.80
2025-04-06 08:00:00;40.09
2025-04-06 08:15:00;40.09
2025-04-06 08:30:00;40.09
2025-04-06 08:45:00;40.09
2025-04-06 09:00:00;0.10
2025-04-06 09:15:00;0.10
2025-04-06 09:30:00;0.10
2025-04-06 09:45:00;0.10
2025-04-06 10:00:00;-2.00
2025-04-06 10:15:00;-2.00
2025-04-06 10:30:00;-2.00
2025-04-06 10:45:00;-2.00
2025-04-06 11:00:00;-27.52
2025-04-06 11:15:00;-27.52
2025-04-06 11:30:00;-27.52
2025-04-06 11:45:00;-27.52
2025-04-06 12:00:00;-60.01
2025-04-06 12:15:00;-60.01
2025-04-06 12:30:00;-60.01
2025-04-06 12:45:00;-60.01
2025-04-06 13:00:00;-106.37
2025-04-06 13:15:00;-106.37
2025-04-06 13:30:00;-106.37
2025-04-06 13:45:00;-106.37
2025-04-06 14:00:00;-114.95
2025-04-06 14:15:00;-114.95
2025-04-06 14:30:00;-114.95
2025-04-06 14:45:00;-114.95
2025-04-06 15:00:00;-70.23
2025-04-06 15:15:00;-70.23
2025-04-06 15:30:00;-70.23
2025-04-06 15:45:00;-70.23
2025-04-06 16:00:00;-19.03
2025-04-06 16:15:00;-19.03
2025-04-06 16:30:00;-19.03
2025-04-06 16:45:00;-19.03
2025-04-06 17:00:00;0.57
2025-04-06 17:15:00;0.57
2025-04-06 17:30:00;0.57
2025-04-06 17:45:00;0.57
2025-04-06 18:00:00;88.55
2025-04-06 18:15:00;88.55
2025-04-06 18:30:00;88.55
2025-04-06 18:45:00;88.55
2025-04-06 19:00:00;115.00
2025-04-06 19:15:00;115.00
2025-04-06 19:30:00;115.00
2025-04-06 19:45:00;115.00
2025-04-06 20:00:00;126.55
2025-04-06 20:15:00;126.55
2025-04-06 20:30:00;126.55
2025-04-06 20:45:00;126.55
2025-04-06 21:00:00;115.65
2025-04-06 21:15:00;115.65
2025-04-06 21:30:00;115.65
2025-04-06 21:45:00;115.65
2025-04-06 22:00:00;107.18
2025-04-06 22:15:00;107.18
2025-04-06 22:30:00;107.18
2025-04-06 22:45:00;107.18
2025-04-06 23:00:00;96.96
2025-04-06 23:15:00;96.96
2025-04-06 23:30:00;96.96
2025-04-06 23:45:00;96.96
2025-04-07 00:00:00;83.33
2025-04-07 00:15:00;83.33
2025-04-07 00:30:00;83.33
2025-04-07 00:45:00;83.33
2025-04-07 01:00:00;81.30
2025-04-07 01:15:00;81.30
2025-04-07 01:30:00;81.30
2025-04-07 01:45:00;81.30
2025-04-07 02:00:00;78.30
2025-04-07 02:15:00;78.30
2025-04-07 02:30:00;78.30
2025-04-07 02:45:00;78.30
2025-04-07 03:00:00;79.61
2025-04-07 03:15:00;79.61
2025-04-07 03:30:00;79.61
2025-04-07 03:45:00;79.61
2025-04-07 04:00:00;83.02
2025-04-07 04:15:00;83.02
2025-04-07 04:30:00;83.02
2025-04-07 04:45:00;83.02
2025-04-07 05:00:00;92.15
2025-04-07 05:15:00;92.15
2025-04-07 05:30:00;92.15
2025-04-07 05:45:00;92.15
2025-04-07 06:00:00;115.61
2025-04-07 06:15:00;115.61
2025-04-07 06:30:00;115.61
2025-04-07 06:45:00;115.61
2025-04-07 07:00:00;179.02
2025-04-07 07:15:00;179.02
2025-04-07 07:30:00;179.02
2025-04-07 07:45:00;179.02
2025-04-07 08:00:00;145.00
2025-04-07 08:15:00;145.00
2025-04-07 08:30:00;145.00
2025-04-07 08:45:00;145.00
2025-04-07 09:00:00;104.56
2025-04-07 09:15:00;104.56
2025-04-07 09:30:00;104.56
2025-04-07 09:45:00;104.56
2025-04-07 10:00:00;78.72
2025-04-07 10:15:00;78.72
2025-04-07 10:30:00;78.72
2025-04-07 10:45:00;78.72
2025-04-07 11:00:00;51.15
2025-04-07 11:15:00;51.15
2025-04-07 11:30:00;51.15
2025-04-07 11:45:00;51.15
2025-04-07 12:00:00;11.65
2025-04-07 12:15:00;11.65
2025-04-07 12:30:00;11.65
2025-04-07 12:45:00;11.65
2025-04-07 13:00:00;2.19
2025-04-07 13:15:00;2.19
2025-04-07 13:30:00;2.19
2025-04-07 13:45:00;2.19
2025-04-07 14:00:00;0.00
2025-04-07 14:15:00;0.00
2025-04-07 14:30:00;0.00
2025-04-07 14:45:00;0.00
2025-04-07 15:00:00;31.04
2025-04-07 15:15:00;31.04
2025-04-07 15:30:00;31.04
2025-04-07 15:45:00;31.04
2025-04-07 16:00:00;57.77
2025-04-07 16:15:00;57.77
2025-04-07 16:30:00;57.77
2025-04-07 16:45:00;57.77
2025-04-07 17:00:00;87.38
2025-04-07 17:15:00;87.38
2025-04-07 17:30:00;87.38
2025-04-07 17:45:00;87.38
2025-04-07 18:00:00;109.37
2025-04-07 18:15:00;109.37
2025-04-07 18:30:00;109.37
2025-04-07 18:45:00;109.37
2025-04-07 19:00:00;145.03
2025-04-07 19:15:00;145.03
2025-04-07 19:30:00;145.03
2025-04-07 19:45:00;145.03
2025-04-07 20:00:00;157.70
2025-04-07 20:15:00;157.70
2025-04-07 20:30:00;157.70
2025-04-07 20:45:00;157.70
2025-04-07 21:00:00;137.78
2025-04-07 21:15:00;137.78
2025-04-07 21:30:00;137.78
2025-04-07 21:45:00;137.78
2025-04-07 22:00:00;115.83
2025-04-07 22:15:00;115.83
2025-04-07 22:30:00;115.83
2025-04-07 22:45:00;115.83
2025-04-07 23:00:00;104.03
2025-04-07 23:15:00;104.03
2025-04-07 23:30:00;104.03
2025-04-07 23:45:00;104.03
2025-04-08 00:00:00;87.05
2025-04-08 00:15:00;87.05
2025-04-08 00:30:00;87.05
2025-04-08 00:45:00;87.05
2025-04-08 01:00:00;83.35
2025-04-08 01:15:00;83.35
2025-04-08 01:30:00;83.35
2025-04-08 01:45:00;83.35
2025-04-08 02:00:00;83.98
2025-04-08 02:15:00;83.98
2025-04-08 02:30:00;83.98
2025-04-08 02:45:00;83.98
2025-04-08 03:00:00;80.73
2025-04-08 03:15:00;80.73
2025-04-08 03:30:00;80.73
2025-04-08 03:45:00;80.73
2025-04-08 04:00:00;82.02
2025-04-08 04:15:00;82.02
2025-04-08 04:30:00;82.02
2025-04-08 04:45:00;82.02
2025-04-08 05:00:00;87.99
2025-04-08 05:15:00;87.99
2025-04-08 05:30:00;87.99
2025-04-08 05:45:00;87.99
2025-04-08 06:00:00;126.59
2025-04-08 06:15:00;126.59
2025-04-08 06:30:00;126.59
2025-04-08 06:45:00;126.59
2025-04-08 07:00:00;148.56
2025-04-08 07:15:00;148.56
2025-04-08 07:30:00;148.56
2025-04-08 07:45:00;148.56
2025-04-08 08:00:00;136.77
2025-04-08 08:15:00;136.77
2025-04-08 08:30:00;136.77
2025-04-08 08:45:00;136.77
2025-04-08 09:00:00;91.24
2025-04-08 09:15:00;91.24
2025-04-08 09:30:00;91.24
2025-04-08 09:45:00;91.24
2025-04-08 10:00:00;69.66
2025-04-08 10:15:00;69.66
2025-04-08 10:30:00;69.66
2025-04-08 10:45:00;69.66
2025-04-08 11:00:00;48.98
2025-04-08 11:15:00;48.98
2025-04-08 11:30:00;48.98
2025-04-08 11:45:00;48.98
2025-04-08 12:00:00;18.24
2025-04-08 12:15:00;18.24
2025-04-08 12:30:00;18.24
2025-04-08 12:45:00;18.24
2025-04-08 13:00:00;13.27
2025-04-08 13:15:00;13.27
2025-04-08 13:30:00;13.27
2025-04-08 13:45:00;13.27
2025-04-08 14:00:00;20.28
2025-04-08 14:15:00;20.28
2025-04-08 14:30:00;20.28
2025-04-08 14:45:00;20.28
2025-04-08 15:00:00;42.48
2025-04-08 15:15:00;42.48
2025-04-08 15:30:00;42.48
2025-04-08 15:45:00;42.48
2025-04-08 16:00:00;58.21
2025-04-08 16:15:00;58.21
2025-04-08 16:30:00;58.21
2025-04-08 16:45:00;58.21
2025-04-08 17:00:00;77.35
2025-04-08 17:15:00;77.35
2025-04-08 17:30:00;77.35
2025-04-08 17:45:00;77.35
2025-04-08 18:00:00;104.06
2025-04-08 18:15:00;104.06
2025-04-08 18:30:00;104.06
2025-04-08 18:45:00;104.06
2025-04-08 19:00:00;124.21
2025-04-08 19:15:00;124.21
2025-04-08 19:30:00;124.21
2025-04-08 19:45:00;124.21
2025-04-08 20:00:00;145.05
2025-04-08 20:15:00;145.05
2025-04-08 20:30:00;145.05
2025-04-08 20:45:00;145.05
2025-04-08 21:00:00;136.10
2025-04-08 21:15:00;136.10
2025-04-08 21:30:00;136.10
2025-04-08 21:45:00;136.10
2025-04-08 22:00:00;112.36
2025-04-08 22:15:00;112.36
2025-04-08 22:30:00;112.36
2025-04-08 22:45:00;112.36
2025-04-08 23:00:00;97.20
2025-04-08 23:15:00;97.20
2025-04-08 23:30:00;97.20
2025-04-08 23:45:00;97.20
2025-04-09 00:00:00;92.15
2025-04-09 00:15:00;92.15
2025-04-09 00:30:00;92.15
2025-04-09 00:45:00;92.15
2025-04-09 01:00:00;81.16
2025-04-09 01:15:00;81.16
2025-04-09 01:30:00;81.16
2025-04-09 01:45:00;81.16
2025-04-09 02:00:00;81.88
2025-04-09 02:15:00;81.88
2025-04-09 02:30:00;81.88
2025-04-09 02:45:00;81.88
2025-04-09 03:00:00;83.39
2025-04-09 03:15:00;83.39
2025-04-09 03:30:00;83.39
2025-04-09 03:45:00;83.39
2025-04-09 04:00:00;81.12
2025-04-09 04:15:00;81.12
2025-04-09 04:30:00;81.12
2025-04-09 04:45:00;81.12
2025-04-09 05:00:00;90.92
2025-04-09 05:15:00;90.92
2025-04-09 05:30:00;90.92
2025-04-09 05:45:00;90.92
2025-04-09 06:00:00;123.31
2025-04-09 06:15:00;123.31
2025-04-09 06:30:00;123.31
2025-04-09 06:45:00;123.31
2025-04-09 07:00:00;128.26
2025-04-09 07:15:00;128.26
2025-04-09 07:30:00;128.26
2025-04-09 07:45:00;128.26
2025-04-09 08:00:00;123.00
2025-04-09 08:15:00;123.00
2025-04-09 08:30:00;123.00
2025-04-09 08:45:00;123.00
2025-04-09 09:00:00;95.00
2025-04-09 09:15:00;95.00
2025-04-09 09:30:00;95.00
2025-04-09 09:45:00;95.00
2025-04-09 10:00:00;76.15
2025-04-09 10:15:00;76.15
2025-04-09 10:30:00;76.15
2025-04-09 10:45:00;76.15
2025-04-09 11:00:00;45.79
2025-04-09 11:15:00;45.79
2025-04-09 11:30:00;45.79
2025-04-09 11:45:00;45.79
2025-04-09 12:00:00;10.48
2025-04-09 12:15:00;10.48
2025-04-09 12:30:00;10.48
2025-04-09 12:45:00;10.48
2025-04-09 13:00:00;1.19
2025-04-09 13:15:00;1.19
2025-04-09 13:30:00;1.19
2025-04-09 13:45:00;1.19
2025-04-09 14:00:00;-0.04
2025-04-09 14:15:00;-0.04
2025-04-09 14:30:00;-0.04
2025-04-09 14:45:00;-0.04
2025-04-09 15:00:00;18.41
2025-04-09 15:15:00;18.41
2025-04-09 15:30:00;18.41
2025-04-09 15:45:00;18.41
2025-04-09 16:00:00;45.79
2025-04-09 16:15:00;45.79
2025-04-09 16:30:00;45.79
2025-04-09 16:45:00;45.79
2025-04-09 17:00:00;64.44
2025-04-09 17:15:00;64.44
2025-04-09 17:30:00;64.44
2025-04-09 17:45:00;64.44
2025-04-09 18:00:00;88.17
2025-04-09 18:15:00;88.17
2025-04-09 18:30:00;88.17
2025-04-09 18:45:00;88.17
2025-04-09 19:00:00;112.65
2025-04-09 19:15:00;112.65
2025-04-09 19:30:00;112.65
2025-04-09 19:45:00;112.65
2025-04-09 20:00:00;123.56
2025-04-09 20:15:00;123.56
2025-04-09 20:30:00;123.56
2025-04-09 20:45:00;123.56
2025-04-09 21:00:00;100.40
2025-04-09 21:15:00;100.40
2025-04-09 21:30:00;100.40
2025-04-09 21:45:00;100.40
2025-04-09 22:00:00;91.42
2025-04-09 22:15:00;91.42
2025-04-09 22:30:00;91.42
2025-04-09 22:45:00;91.42
2025-04-09 23:00:00;84.62
2025-04-09 23:15:00;84.62
2025-04-09 23:30:00;84.62
2025-04-09 23:45:00;84.62
2025-04-10 00:00:00;79.88
2025-04-10 00:15:00;79.88
2025-04-10 00:30:00;79.88
2025-04-10 00:45:00;79.88
2025-04-10 01:00:00;81.50
2025-04-10 01:15:00;81.50
2025-04-10 01:30:00;81.50
2025-04-10 01:45:00;81.50
2025-04-10 02:00:00;82.47
2025-04-10 02:15:00;82.47
2025-04-10 02:30:00;82.47
2025-04-10 02:45:00;82.47
2025-04-10 03:00:00;81.08
2025-04-10 03:15:00;81.08
2025-04-10 03:30:00;81.08
2025-04-10 03:45:00;81.08
2025-04-10 04:00:00;79.00
2025-04-10 04:15:00;79.00
2025-04-10 04:30:00;79.00
2025-04-10 04:45:00;79.00
2025-04-10 05:00:00;82.14
2025-04-10 05:15:00;82.14
2025-04-10 05:30:00;82.14
2025-04-10 05:45:00;82.14
2025-04-10 06:00:00;110.00
2025-04-10 06:15:00;110.00
2025-04-10 06:30:00;110.00
2025-04-10 06:45:00;110.00
2025-04-10 07:00:00;140.08
2025-04-10 07:15:00;140.08
2025-04-10 07:30:00;140.08
2025-04-10 07:45:00;140.08
2025-04-10 08:00:00;129.26
2025-04-10 08:15:00;129.26
2025-04-10 08:30:00;129.26
2025-04-10 08:45:00;129.26
2025-04-10 09:00:00;98.73
2025-04-10 09:15:00;98.73
2025-04-10 09:30:00;98.73
2025-04-10 09:45:00;98.73
2025-04-10 10:00:00;87.99
2025-04-10 10:15:00;87.99
2025-04-10 10:30:00;87.99
2025-04-10 10:45:00;87.99
2025-04-10 11:00:00;61.48
2025-04-10 11:15:00;61.48
2025-04-10 11:30:00;61.48
2025-04-10 11:45:00;61.48
2025-04-10 12:00:00;34.48
2025-04-10 12:15:00;34.48
2025-04-10 12:30:00;34.48
2025-04-10 12:45:00;34.48
2025-04-10 13:00:00;2.18
2025-04-10 13:15:00;2.18
2025-04-10 13:30:00;2.18
2025-04-10 13:45:00;2.18
2025-04-10 14:00:00;0.07
2025-04-10 14:15:00;0.07
2025-04-10 14:30:00;0.07
2025-04-10 14:45:00;0.07
2025-04-10 15:00:00;1.00
2025-04-10 15:15:00;1.00
2025-04-10 15:30:00;1.00
2025-04-10 15:45:00;1.00
2025-04-10 16:00:00;44.83
2025-04-10 16:15:00;44.83
2025-04-10 16:30:00;44.83
2025-04-10 16:45:00;44.83
2025-04-10 17:00:00;63.42
2025-04-10 17:15:00;63.42
2025-04-10 17:30:00;63.42
2025-04-10 17:45:00;63.42
2025-04-10 18:00:00;86.76
2025-04-10 18:15:00;86.76
2025-04-10 18:30:00;86.76
2025-04-10 18:45:00;86.76
2025-04-10 19:00:00;127.73
2025-04-10 19:15:00;127.73
2025-04-10 19:30:00;127.73
2025-04-10 19:45:00;127.73
2025-04-10 20:00:00;129.98
2025-04-10 20:15:00;129.98
2025-04-10 20:30:00;129.98
2025-04-10 20:45:00;129.98
2025-04-10 21:00:00;93.69
2025-04-10 21:15:00;93.69
2025-04-10 21:30:00;93.69
2025-04-10 21:45:00;93.69
2025-04-10 22:00:00;87.30
2025-04-10 22:15:00;87.30
2025-04-10 22:30:00;87.30
2025-04-10 22:45:00;87.30
2025-04-10 23:00:00;79.22
2025-04-10 23:15:00;79.22
2025-04-10 23:30:00;79.22
2025-04-10 23:45:00;79.22
2025-04-11 00:00:00;100.00
2025-04-11 00:15:00;100.00
2025-04-11 00:30:00;100.00
2025-04-11 00:45:00;100.00
2025-04-11 01:00:00;101.79
2025-04-11 01:15:00;101.79
2025-04-11 01:30:00;101.79
2025-04-11 01:45:00;101.79
2025-04-11 02:00:00;91.95
2025-04-11 02:15:00;91.95
2025-04-11 02:30:00;91.95
2025-04-11 02:45:00;91.95
2025-04-11 03:00:00;89.58
2025-04-11 03:15:00;89.58
2025-04-11 03:30:00;89.58
2025-04-11 03:45:00;89.58
2025-04-11 04:00:00;90.00
2025-04-11 04:15:00;90.00
2025-04-11 04:30:00;90.00
2025-04-11 04:45:00;90.00
2025-04-11 05:00:00;79.56
2025-04-11 05:15:00;79.56
2025-04-11 05:30:00;79.56
2025-04-11 05:45:00;79.56
2025-04-11 06:00:00;91.16
2025-04-11 06:15:00;91.16
2025-04-11 06:30:00;91.16
2025-04-11 06:45:00;91.16
2025-04-11 07:00:00;113.35
2025-04-11 07:15:00;113.35
2025-04-11 07:30:00;113.35
2025-04-11 07:45:00;113.35
2025-04-11 08:00:00;130.67
2025-04-11 08:15:00;130.67
2025-04-11 08:30:00;130.67
2025-04-11 08:45:00;130.67
2025-04-11 09:00:00;112.00
2025-04-11 09:15:00;112.00
2025-04-11 09:30:00;112.00
2025-04-11 09:45:00;112.00
2025-04-11 10:00:00;37.94
2025-04-11 10:15:00;37.94
2025-04-11 10:30:00;37.94
2025-04-11 10:45:00;37.94
2025-04-11 11:00:00;2.16
2025-04-11 11:15:00;2.16
2025-04-11 11:30:00;2.16
2025-04-11 11:45:00;2.16
2025-04-11 12:00:00;2.27
2025-04-11 12:15:00;2.27
2025-04-11 12:30:00;2.27
2025-04-11 12:45:00;2.27
2025-04-11 13:00:00;-3.04
2025-04-11 13:15:00;-3.04
2025-04-11 13:30:00;-3.04
2025-04-11 13:45:00;-3.04
2025-04-11 14:00:00;-2.85
2025-04-11 14:15:00;-2.85
2025-04-11 14:30:00;-2.85
2025-04-11 14:45:00;-2.85
2025-04-11 15:00:00;-0.09
2025-04-11 15:15:00;-0.09
2025-04-11 15:30:00;-0.09
2025-04-11 15:45:00;-0.09
2025-04-11 16:00:00;-0.14
2025-04-11 16:15:00;-0.14
2025-04-11 16:30:00;-0.14
2025-04-11 16:45:00;-0.14
2025-04-11 17:00:00;59.59
2025-04-11 17:15:00;59.59
2025-04-11 17:30:00;59.59
2025-04-11 17:45:00;59.59
2025-04-11 18:00:00;99.04
2025-04-11 18:15:00;99.04
2025-04-11 18:30:00;99.04
2025-04-11 18:45:00;99.04
2025-04-11 19:00:00;123.90
2025-04-11 19:15:00;123.90
2025-04-11 19:30:00;123.90
2025-04-11 19:45:00;123.90
2025-04-11 20:00:00;144.50
2025-04-11 20:15:00;144.50
2025-04-11 20:30:00;144.50
2025-04-11 20:45:00;144.50
2025-04-11 21:00:00;123.05
2025-04-11 21:15:00;123.05
2025-04-11 21:30:00;123.05
2025-04-11 21:45:00;123.05
2025-04-11 22:00:00;110.00
2025-04-11 22:15:00;110.00
2025-04-11 22:30:00;110.00
2025-04-11 22:45:00;110.00
2025-04-11 23:00:00;98.55
2025-04-11 23:15:00;98.55
2025-04-11 23:30:00;98.55
2025-04-11 23:45:00;98.55
2025-04-12 00:00:00;99.93
2025-04-12 00:15:00;99.93
2025-04-12 00:30:00;99.93
2025-04-12 00:45:00;99.93
2025-04-12 01:00:00;96.23
2025-04-12 01:15:00;96.23
2025-04-12 01:30:00;96.23
2025-04-12 01:45:00;96.23
2025-04-12 02:00:00;93.35
2025-04-12 02:15:00;93.35
2025-04-12 02:30:00;93.35
2025-04-12 02:45:00;93.35
2025-04-12 03:00:00;83.43
2025-04-12 03:15:00;83.43
2025-04-12 03:30:00;83.43
2025-04-12 03:45:00;83.43
2025-04-12 04:00:00;84.24
2025-04-12 04:15:00;84.24
2025-04-12 04:30:00;84.24
2025-04-12 04:45:00;84.24
2025-04-12 05:00:00;84.05
2025-04-12 05:15:00;84.05
2025-04-12 05:30:00;84.05
2025-04-12 05:45:00;84.05
2025-04-12 06:00:00;87.48
2025-04-12 06:15:00;87.48
2025-04-12 06:30:00;87.48
2025-04-12 06:45:00;87.48
2025-04-12 07:00:00;84.08
2025-04-12 07:15:00;84.08
2025-04-12 07:30:00;84.08
2025-04-12 07:45:00;84.08
2025-04-12 08:00:00;88.58
2025-04-12 08:15:00;88.58
2025-04-12 08:30:00;88.58
2025-04-12 08:45:00;88.58
2025-04-12 09:00:00;59.22
2025-04-12 09:15:00;59.22
2025-04-12 09:30:00;59.22
2025-04-12 09:45:00;59.22
2025-04-12 10:00:00;20.19
2025-04-12 10:15:00;20.19
2025-04-12 10:30:00;20.19
2025-04-12 10:45:00;20.19
2025-04-12 11:00:00;0.00
2025-04-12 11:15:00;0.00
2025-04-12 11:30:00;0.00
2025-04-12 11:45:00;0.00
2025-04-12 12:00:00;-9.15
2025-04-12 12:15:00;-9.15
2025-04-12 12:30:00;-9.15
2025-04-12 12:45:00;-9.15
2025-04-12 13:00:00;-60.63
2025-04-12 13:15:00;-60.63
2025-04-12 13:30:00;-60.63
2025-04-12 13:45:00;-60.63
2025-04-12 14:00:00;-91.29
2025-04-12 14:15:00;-91.29
2025-04-12 14:30:00;-91.29
2025-04-12 14:45:00;-91.29
2025-04-12 15:00:00;-44.13
2025-04-12 15:15:00;-44.13
2025-04-12 15:30:00;-44.13
2025-04-12 15:45:00;-44.13
2025-04-12 16:00:00;-0.05
2025-04-12 16:15:00;-0.05
2025-04-12 16:30:00;-0.05
2025-04-12 16:45:00;-0.05
2025-04-12 17:00:00;49.73
2025-04-12 17:15:00;49.73
2025-04-12 17:30:00;49.73
2025-04-12 17:45:00;49.73
2025-04-12 18:00:00;90.52
2025-04-12 18:15:00;90.52
2025-04-12 18:30:00;90.52
2025-04-12 18:45:00;90.52
2025-04-12 19:00:00;123.16
2025-04-12 19:15:00;123.16
2025-04-12 19:30:00;123.16
2025-04-12 19:45:00;123.16
2025-04-12 20:00:00;115.64
2025-04-12 20:15:00;115.64
2025-04-12 20:30:00;115.64
2025-04-12 20:45:00;115.64
2025-04-12 21:00:00;88.31
2025-04-12 21:15:00;88.31
2025-04-12 21:30:00;88.31
2025-04-12 21:45:00;88.31
2025-04-12 22:00:00;78.47
2025-04-12 22:15:00;78.47
2025-04-12 22:30:00;78.47
2025-04-12 22:45:00;78.47
2025-04-12 23:00:00;63.53
2025-04-12 23:15:00;63.53
2025-04-12 23:30:00;63.53
2025-04-12 23:45:00;63.53
2025-04-13 00:00:00;59.38
2025-04-13 00:15:00;59.38
2025-04-13 00:30:00;59.38
2025-04-13 00:45:00;59.38
2025-04-13 01:00:00;52.43
2025-04-13 01:15:00;52.43
2025-04-13 01:30:00;52.43
2025-04-13 01:45:00;52.43
2025-04-13 02:00:00;40.34
2025-04-13 02:15:00;40.34
2025-04-13 02:30:00;40.34
2025-04-13 02:45:00;40.34
2025-04-13 03:00:00;27.59
2025-04-13 03:15:00;27.59
2025-04-13 03:30:00;27.59
2025-04-13 03:45:00;27.59
2025-04-13 04:00:00;29.63
2025-04-13 04:15:00;29.63
2025-04-13 04:30:00;29.63
2025-04-13 04:45:00;29.63
2025-04-13 05:00:00;30.99
2025-04-13 05:15:00;30.99
2025-04-13 05:30:00;30.99
2025-04-13 05:45:00;30.99
2025-04-13 06:00:00;29.01
2025-04-13 06:15:00;29.01
2025-04-13 06:30:00;29.01
2025-04-13 06:45:00;29.01
2025-04-13 07:00:00;27.75
2025-04-13 07:15:00;27.75
2025-04-13 07:30:00;27.75
2025-04-13 07:45:00;27.75
2025-04-13 08:00:00;19.96
2025-04-13 08:15:00;19.96
2025-04-13 08:30:00;19.96
2025-04-13 08:45:00;19.96
2025-04-13 09:00:00;8.43
2025-04-13 09:15:00;8.43
2025-04-13 09:30:00;8.43
2025-04-13 09:45:00;8.43
2025-04-13 10:00:00;0.00
2025-04-13 10:15:00;0.00
2025-04-13 10:30:00;0.00
2025-04-13 10:45:00;0.00
2025-04-13 11:00:00;-0.02
2025-04-13 11:15:00;-0.02
2025-04-13 11:30:00;-0.02
2025-04-13 11:45:00;-0.02
2025-04-13 12:00:00;-1.99
2025-04-13 12:15:00;-1.99
2025-04-13 12:30:00;-1.99
2025-04-13 12:45:00;-1.99
2025-04-13 13:00:00;-18.84
2025-04-13 13:15:00;-18.84
2025-04-13 13:30:00;-18.84
2025-04-13 13:45:00;-18.84
2025-04-13 14:00:00;-25.38
2025-04-13 14:15:00;-25.38
2025-04-13 14:30:00;-25.38
2025-04-13 14:45:00;-25.38
2025-04-13 15:00:00;-9.93
2025-04-13 15:15:00;-9.93
2025-04-13 15:30:00;-9.93
2025-04-13 15:45:00;-9.93
2025-04-13 16:00:00;-0.01
2025-04-13 16:15:00;-0.01
2025-04-13 16:30:00;-0.01
2025-04-13 16:45:00;-0.01
2025-04-13 17:00:00;16.42
2025-04-13 17:15:00;16.42
2025-04-13 17:30:00;16.42
2025-04-13 17:45:00;16.42
2025-04-13 18:00:00;83.86
2025-04-13 18:15:00;83.86
2025-04-13 18:30:00;83.86
2025-04-13 18:45:00;83.86
2025-04-13 19:00:00;101.21
2025-04-13 19:15:00;101.21
2025-04-13 19:30:00;101.21
2025-04-13 19:45:00;101.21
2025-04-13 20:00:00;110.80
2025-04-13 20:15:00;110.80
2025-04-13 20:30:00;110.80
2025-04-13 20:45:00;110.80
2025-04-13 21:00:00;108.06
2025-04-13 21:15:00;108.06
2025-04-13 21:30:00;108.06
2025-04-13 21:45:00;108.06
2025-04-13 22:00:00;93.57
2025-04-13 22:15:00;93.57
2025-04-13 22:30:00;93.57
2025-04-13 22:45:00;93.57
2025-04-13 23:00:00;87.18
2025-04-13 23:15:00;87.18
2025-04-13 23:30:00;87.18
2025-04-13 23:45:00;87.18
2025-04-14 00:00:00;76.75
2025-04-14 00:15:00;76.75
2025-04-14 00:30:00;76.75
2025-04-14 00:45:00;76.75
2025-04-14 01:00:00;74.42
2025-04-14 01:15:00;74.42
2025-04-14 01:30:00;74.42
2025-04-14 01:45:00;74.42
2025-04-14 02:00:00;74.54
2025-04-14 02:15:00;74.54
2025-04-14 02:30:00;74.54
2025-04-14 02:45:00;74.54
2025-04-14 03:00:00;74.57
2025-04-14 03:15:00;74.57
2025-04-14 03:30:00;74.57
2025-04-14 03:45:00;74.57
2025-04-14 04:00:00;75.70
2025-04-14 04:15:00;75.70
2025-04-14 04:30:00;75.70
2025-04-14 04:45:00;75.70
2025-04-14 05:00:00;83.44
2025-04-14 05:15:00;83.44
2025-04-14 05:30:00;83.44
2025-04-14 05:45:00;83.44
2025-04-14 06:00:00;97.31
2025-04-14 06:15:00;97.31
2025-04-14 06:30:00;97.31
2025-04-14 06:45:00;97.31
2025-04-14 07:00:00;150.52
2025-04-14 07:15:00;150.52
2025-04-14 07:30:00;150.52
2025-04-14 07:45:00;150.52
2025-04-14 08:00:00;142.76
2025-04-14 08:15:00;142.76
2025-04-14 08:30:00;142.76
2025-04-14 08:45:00;142.76
2025-04-14 09:00:00;98.15
2025-04-14 09:15:00;98.15
2025-04-14 09:30:00;98.15
2025-04-14 09:45:00;98.15
2025-04-14 10:00:00;80.93
2025-04-14 10:15:00;80.93
2025-04-14 10:30:00;80.93
2025-04-14 10:45:00;80.93
2025-04-14 11:00:00;64.75
2025-04-14 11:15:00;64.75
2025-04-14 11:30:00;64.75
2025-04-14 11:45:00;64.75
2025-04-14 12:00:00;60.54
2025-04-14 12:15:00;60.54
2025-04-14 12:30:00;60.54
2025-04-14 12:45:00;60.54
2025-04-14 13:00:00;53.41
2025-04-14 13:15:00;53.41
2025-04-14 13:30:00;53.41
2025-04-14 13:45:00;53.41
2025-04-14 14:00:00;50.32
2025-04-14 14:15:00;50.32
2025-04-14 14:30:00;50.32
2025-04-14 14:45:00;50.32
2025-04-14 15:00:00;60.99
2025-04-14 15:15:00;60.99
2025-04-14 15:30:00;60.99
2025-04-14 15:45:00;60.99
2025-04-14 16:00:00;70.09
2025-04-14 16:15:00;70.09
2025-04-14 16:30:00;70.09
2025-04-14 16:45:00;70.09
2025-04-14 17:00:00;84.73
2025-04-14 17:15:00;84.73
2025-04-14 17:30:00;84.73
2025-04-14 17:45:00;84.73
2025-04-14 18:00:00;99.39
2025-04-14 18:15:00;99.39
2025-04-14 18:30:00;99.39
2025-04-14 18:45:00;99.39
2025-04-14 19:00:00;139.00
2025-04-14 19:15:00;139.00
2025-04-14 19:30:00;139.00
2025-04-14 19:45:00;139.00
2025-04-14 20:00:00;147.12
2025-04-14 20:15:00;147.12
2025-04-14 20:30:00;147.12
2025-04-14 20:45:00;147.12
2025-04-14 21:00:00;95.80
2025-04-14 21:15:00;95.80
2025-04-14 21:30:00;95.80
2025-04-14 21:45:00;95.80
2025-04-14 22:00:00;76.19
2025-04-14 22:15:00;76.19
2025-04-14 22:30:00;76.19
2025-04-14 22:45:00;76.19
2025-04-14 23:00:00;70.59
2025-04-14 23:15:00;70.59
2025-04-14 23:30:00;70.59
2025-04-14 23:45:00;70.59
2025-04-15 00:00:00;72.07
2025-04-15 00:15:00;72.07
2025-04-15 00:30:00;72.07
2025-04-15 00:45:00;72.07
2025-04-15 01:00:00;67.59
2025-04-15 01:15:00;67.59
2025-04-15 01:30:00;67.59
2025-04-15 01:45:00;67.59
2025-04-15 02:00:00;63.25
2025-04-15 02:15:00;63.25
2025-04-15 02:30:00;63.25
2025-04-15 02:45:00;63.25
2025-04-15 03:00:00;60.42
2025-04-15 03:15:00;60.42
2025-04-15 03:30:00;60.42
2025-04-15 03:45:00;60.42
2025-04-15 04:00:00;58.32
2025-04-15 04:15:00;58.32
2025-04-15 04:30:00;58.32
2025-04-15 04:45:00;58.32
2025-04-15 05:00:00;56.48
2025-04-15 05:15:00;56.48
2025-04-15 05:30:00;56.48
2025-04-15 05:45:00;56.48
2025-04-15 06:00:00;72.63
2025-04-15 06:15:00;72.63
2025-04-15 06:30:00;72.63
2025-04-15 06:45:00;72.63
2025-04-15 07:00:00;90.90
2025-04-15 07:15:00;90.90
2025-04-15 07:30:00;90.90
2025-04-15 07:45:00;90.90
2025-04-15 08:00:00;97.00
2025-04-15 08:15:00;97.00
2025-04-15 08:30:00;97.00
2025-04-15 08:45:00;97.00
2025-04-15 09:00:00;76.00
2025-04-15 09:15:00;76.00
2025-04-15 09:30:00;76.00
2025-04-15 09:45:00;76.00
2025-04-15 10:00:00;110.85
2025-04-15 10:15:00;110.85
2025-04-15 10:30:00;110.85
2025-04-15 10:45:00;110.85
2025-04-15 11:00:00;9.17
2025-04-15 11:15:00;9.17
2025-04-15 11:30:00;9.17
2025-04-15 11:45:00;9.17
2025-04-15 12:00:00;4.10
2025-04-15 12:15:00;4.10
2025-04-15 12:30:00;4.10
2025-04-15 12:45:00;4.10
2025-04-15 13:00:00;4.90
2025-04-15 13:15:00;4.90
2025-04-15 13:30:00;4.90
2025-04-15 13:45:00;4.90
2025-04-15 14:00:00;7.00
2025-04-15 14:15:00;7.00
2025-04-15 14:30:00;7.00
2025-04-15 14:45:00;7.00
2025-04-15 15:00:00;59.89
2025-04-15 15:15:00;59.89
2025-04-15 15:30:00;59.89
2025-04-15 15:45:00;59.89
2025-04-15 16:00:00;68.08
2025-04-15 16:15:00;68.08
2025-04-15 16:30:00;68.08
2025-04-15 16:45:00;68.08
2025-04-15 17:00:00;80.00
2025-04-15 17:15:00;80.00
2025-04-15 17:30:00;80.00
2025-04-15 17:45:00;80.00
2025-04-15 18:00:00;100.34
2025-04-15 18:15:00;100.34
2025-04-15 18:30:00;100.34
2025-04-15 18:45:00;100.34
2025-04-15 19:00:00;123.38
2025-04-15 19:15:00;123.38
2025-04-15 19:30:00;123.38
2025-04-15 19:45:00;123.38
2025-04-15 20:00:00;130.05
2025-04-15 20:15:00;130.05
2025-04-15 20:30:00;130.05
2025-04-15 20:45:00;130.05
2025-04-15 21:00:00;105.05
2025-04-15 21:15:00;105.05
2025-04-15 21:30:00;105.05
2025-04-15 21:45:00;105.05
2025-04-15 22:00:00;95.00
2025-04-15 22:15:00;95.00
2025-04-15 22:30:00;95.00
2025-04-15 22:45:00;95.00
2025-04-15 23:00:00;87.27
2025-04-15 23:15:00;87.27
2025-04-15 23:30:00;87.27
2025-04-15 23:45:00;87.27
2025-04-16 00:00:00;84.65
2025-04-16 00:15:00;84.65
2025-04-16 00:30:00;84.65
2025-04-16 00:45:00;84.65
2025-04-16 01:00:00;77.21
2025-04-16 01:15:00;77.21
2025-04-16 01:30:00;77.21
2025-04-16 01:45:00;77.21
2025-04-16 02:00:00;76.91
2025-04-16 02:15:00;76.91
2025-04-16 02:30:00;76.91
2025-04-16 02:45:00;76.91
2025-04-16 03:00:00;64.33
2025-04-16 03:15:00;64.33
2025-04-16 03:30:00;64.33
2025-04-16 03:45:00;64.33
2025-04-16 04:00:00;66.00
2025-04-16 04:15:00;66.00
2025-04-16 04:30:00;66.00
2025-04-16 04:45:00;66.00
2025-04-16 05:00:00;79.73
2025-04-16 05:15:00;79.73
2025-04-16 05:30:00;79.73
2025-04-16 05:45:00;79.73
2025-04-16 06:00:00;97.98
2025-04-16 06:15:00;97.98
2025-04-16 06:30:00;97.98
2025-04-16 06:45:00;97.98
2025-04-16 07:00:00;117.82
2025-04-16 07:15:00;117.82
2025-04-16 07:30:00;117.82
2025-04-16 07:45:00;117.82
2025-04-16 08:00:00;109.94
2025-04-16 08:15:00;109.94
2025-04-16 08:30:00;109.94
2025-04-16 08:45:00;109.94
2025-04-16 09:00:00;93.80
2025-04-16 09:15:00;93.80
2025-04-16 09:30:00;93.80
2025-04-16 09:45:00;93.80
2025-04-16 10:00:00;72.33
2025-04-16 10:15:00;72.33
2025-04-16 10:30:00;72.33
2025-04-16 10:45:00;72.33
2025-04-16 11:00:00;55.46
2025-04-16 11:15:00;55.46
2025-04-16 11:30:00;55.46
2025-04-16 11:45:00;55.46
2025-04-16 12:00:00;33.99
2025-04-16 12:15:00;33.99
2025-04-16 12:30:00;33.99
2025-04-16 12:45:00;33.99
2025-04-16 13:00:00;21.68
2025-04-16 13:15:00;21.68
2025-04-16 13:30:00;21.68
2025-04-16 13:45:00;21.68
2025-04-16 14:00:00;24.94
2025-04-16 14:15:00;24.94
2025-04-16 14:30:00;24.94
2025-04-16 14:45:00;24.94
2025-04-16 15:00:00;54.81
2025-04-16 15:15:00;54.81
2025-04-16 15:30:00;54.81
2025-04-16 15:45:00;54.81
2025-04-16 16:00:00;57.06
2025-04-16 16:15:00;57.06
2025-04-16 16:30:00;57.06
2025-04-16 16:45:00;57.06
2025-04-16 17:00:00;87.65
2025-04-16 17:15:00;87.65
2025-04-16 17:30:00;87.65
2025-04-16 17:45:00;87.65
2025-04-16 18:00:00;108.83
2025-04-16 18:15:00;108.83
2025-04-16 18:30:00;108.83
2025-04-16 18:45:00;108.83
2025-04-16 19:00:00;132.44
2025-04-16 19:15:00;132.44
2025-04-16 19:30:00;132.44
2025-04-16 19:45:00;132.44
2025-04-16 20:00:00;136.63
2025-04-16 20:15:00;136.63
2025-04-16 20:30:00;136.63
2025-04-16 20:45:00;136.63
2025-04-16 21:00:00;119.82
2025-04-16 21:15:00;119.82
2025-04-16 21:30:00;119.82
2025-04-16 21:45:00;119.82
2025-04-16 22:00:00;109.10
2025-04-16 22:15:00;109.10
2025-04-16 22:30:00;109.10
2025-04-16 22:45:00;109.10
2025-04-16 23:00:00;98.59
2025-04-16 23:15:00;98.59
2025-04-16 23:30:00;98.59
2025-04-16 23:45:00;98.59
2025-04-17 00:00:00;87.14
2025-04-17 00:15:00;87.14
2025-04-17 00:30:00;87.14
2025-04-17 00:45:00;87.14
2025-04-17 01:00:00;82.24
2025-04-17 01:15:00;82.24
2025-04-17 01:30:00;82.24
2025-04-17 01:45:00;82.24
2025-04-17 02:00:00;79.21
2025-04-17 02:15:00;79.21
2025-04-17 02:30:00;79.21
2025-04-17 02:45:00;79.21
2025-04-17 03:00:00;77.21
2025-04-17 03:15:00;77.21
2025-04-17 03:30:00;77.21
2025-04-17 03:45:00;77.21
2025-04-17 04:00:00;78.01
2025-04-17 04:15:00;78.01
2025-04-17 04:30:00;78.01
2025-04-17 04:45:00;78.01
2025-04-17 05:00:00;82.73
2025-04-17 05:15:00;82.73
2025-04-17 05:30:00;82.73
2025-04-17 05:45:00;82.73
2025-04-17 06:00:00;103.91
2025-04-17 06:15:00;103.91
2025-04-17 06:30:00;103.91
2025-04-17 06:45:00;103.91
2025-04-17 07:00:00;122.33
2025-04-17 07:15:00;122.33
2025-04-17 07:30:00;122.33
2025-04-17 07:45:00;122.33
2025-04-17 08:00:00;131.29
2025-04-17 08:15:00;131.29
2025-04-17 08:30:00;131.29
2025-04-17 08:45:00;131.29
2025-04-17 09:00:00;124.50
2025-04-17 09:15:00;124.50
2025-04-17 09:30:00;124.50
2025-04-17 09:45:00;124.50
2025-04-17 10:00:00;112.84
2025-04-17 10:15:00;112.84
2025-04-17 10:30:00;112.84
2025-04-17 10:45:00;112.84
2025-04-17 11:00:00;84.62
2025-04-17 11:15:00;84.62
2025-04-17 11:30:00;84.62
2025-04-17 11:45:00;84.62
2025-04-17 12:00:00;73.42
2025-04-17 12:15:00;73.42
2025-04-17 12:30:00;73.42
2025-04-17 12:45:00;73.42
2025-04-17 13:00:00;71.80
2025-04-17 13:15:00;71.80
2025-04-17 13:30:00;71.80
2025-04-17 13:45:00;71.80
2025-04-17 14:00:00;68.66
2025-04-17 14:15:00;68.66
2025-04-17 14:30:00;68.66
2025-04-17 14:45:00;68.66
2025-04-17 15:00:00;72.37
2025-04-17 15:15:00;72.37
2025-04-17 15:30:00;72.37
2025-04-17 15:45:00;72.37
2025-04-17 16:00:00;83.23
2025-04-17 16:15:00;83.23
2025-04-17 16:30:00;83.23
2025-04-17 16:45:00;83.23
2025-04-17 17:00:00;94.15
2025-04-17 17:15:00;94.15
2025-04-17 17:30:00;94.15
2025-04-17 17:45:00;94.15
2025-04-17 18:00:00;111.15
2025-04-17 18:15:00;111.15
2025-04-17 18:30:00;111.15
2025-04-17 18:45:00;111.15
2025-04-17 19:00:00;124.71
2025-04-17 19:15:00;124.71
2025-04-17 19:30:00;124.71
2025-04-17 19:45:00;124.71
2025-04-17 20:00:00;119.36
2025-04-17 20:15:00;119.36
2025-04-17 20:30:00;119.36
2025-04-17 20:45:00;119.36
2025-04-17 21:00:00;121.61
2025-04-17 21:15:00;121.61
2025-04-17 21:30:00;121.61
2025-04-17 21:45:00;121.61
2025-04-17 22:00:00;98.90
2025-04-17 22:15:00;98.90
2025-04-17 22:30:00;98.90
2025-04-17 22:45:00;98.90
2025-04-17 23:00:00;96.26
2025-04-17 23:15:00;96.26
2025-04-17 23:30:00;96.26
2025-04-17 23:45:00;96.26
2025-04-18 00:00:00;110.60
2025-04-18 00:15:00;110.60
2025-04-18 00:30:00;110.60
2025-04-18 00:45:00;110.60
2025-04-18 01:00:00;98.07
2025-04-18 01:15:00;98.07
2025-04-18 01:30:00;98.07
2025-04-18 01:45:00;98.07
2025-04-18 02:00:00;99.06
2025-04-18 02:15:00;99.06
2025-04-18 02:30:00;99.06
2025-04-18 02:45:00;99.06
2025-04-18 03:00:00;92.19
2025-04-18 03:15:00;92.19
2025-04-18 03:30:00;92.19
2025-04-18 03:45:00;92.19
2025-04-18 04:00:00;82.40
2025-04-18 04:15:00;82.40
2025-04-18 04:30:00;82.40
2025-04-18 04:45:00;82.40
2025-04-18 05:00:00;74.18
2025-04-18 05:15:00;74.18
2025-04-18 05:30:00;74.18
2025-04-18 05:45:00;74.18
2025-04-18 06:00:00;82.34
2025-04-18 06:15:00;82.34
2025-04-18 06:30:00;82.34
2025-04-18 06:45:00;82.34
2025-04-18 07:00:00;106.00
2025-04-18 07:15:00;106.00
2025-04-18 07:30:00;106.00
2025-04-18 07:45:00;106.00
2025-04-18 08:00:00;125.84
2025-04-18 08:15:00;125.84
2025-04-18 08:30:00;125.84
2025-04-18 08:45:00;125.84
2025-04-18 09:00:00;120.00
2025-04-18 09:15:00;120.00
2025-04-18 09:30:00;120.00
2025-04-18 09:45:00;120.00
2025-04-18 10:00:00;101.82
2025-04-18 10:15:00;101.82
2025-04-18 10:30:00;101.82
2025-04-18 10:45:00;101.82
2025-04-18 11:00:00;75.69
2025-04-18 11:15:00;75.69
2025-04-18 11:30:00;75.69
2025-04-18 11:45:00;75.69
2025-04-18 12:00:00;67.76
2025-04-18 12:15:00;67.76
2025-04-18 12:30:00;67.76
2025-04-18 12:45:00;67.76
2025-04-18 13:00:00;49.40
2025-04-18 13:15:00;49.40
2025-04-18 13:30:00;49.40
2025-04-18 13:45:00;49.40
2025-04-18 14:00:00;47.12
2025-04-18 14:15:00;47.12
2025-04-18 14:30:00;47.12
2025-04-18 14:45:00;47.12
2025-04-18 15:00:00;48.81
2025-04-18 15:15:00;48.81
2025-04-18 15:30:00;48.81
2025-04-18 15:45:00;48.81
2025-04-18 16:00:00;60.00
2025-04-18 16:15:00;60.00
2025-04-18 16:30:00;60.00
2025-04-18 16:45:00;60.00
2025-04-18 17:00:00;80.36
2025-04-18 17:15:00;80.36
2025-04-18 17:30:00;80.36
2025-04-18 17:45:00;80.36
2025-04-18 18:00:00;99.24
2025-04-18 18:15:00;99.24
2025-04-18 18:30:00;99.24
2025-04-18 18:45:00;99.24
2025-04-18 19:00:00;116.63
2025-04-18 19:15:00;116.63
2025-04-18 19:30:00;116.63
2025-04-18 19:45:00;116.63
2025-04-18 20:00:00;119.52
2025-04-18 20:15:00;119.52
2025-04-18 20:30:00;119.52
2025-04-18 20:45:00;119.52
2025-04-18 21:00:00;110.03
2025-04-18 21:15:00;110.03
2025-04-18 21:30:00;110.03
2025-04-18 21:45:00;110.03
2025-04-18 22:00:00;95.54
2025-04-18 22:15:00;95.54
2025-04-18 22:30:00;95.54
2025-04-18 22:45:00;95.54
2025-04-18 23:00:00;83.82
2025-04-18 23:15:00;83.82
2025-04-18 23:30:00;83.82
2025-04-18 23:45:00;83.82
2025-04-19 00:00:00;77.72
2025-04-19 00:15:00;77.72
2025-04-19 00:30:00;77.72
2025-04-19 00:45:00;77.72
2025-04-19 01:00:00;72.30
2025-04-19 01:15:00;72.30
2025-04-19 01:30:00;72.30
2025-04-19 01:45:00;72.30
2025-04-19 02:00:00;76.47
2025-04-19 02:15:00;76.47
2025-04-19 02:30:00;76.47
2025-04-19 02:45:00;76.47
2025-04-19 03:00:00;73.96
2025-04-19 03:15:00;73.96
2025-04-19 03:30:00;73.96
2025-04-19 03:45:00;73.96
2025-04-19 04:00:00;76.84
2025-04-19 04:15:00;76.84
2025-04-19 04:30:00;76.84
2025-04-19 04:45:00;76.84
2025-04-19 05:00:00;80.04
2025-04-19 05:15:00;80.04
2025-04-19 05:30:00;80.04
2025-04-19 05:45:00;80.04
2025-04-19 06:00:00;85.92
2025-04-19 06:15:00;85.92
2025-04-19 06:30:00;85.92
2025-04-19 06:45:00;85.92
2025-04-19 07:00:00;82.63
2025-04-19 07:15:00;82.63
2025-04-19 07:30:00;82.63
2025-04-19 07:45:00;82.63
2025-04-19 08:00:00;76.68
2025-04-19 08:15:00;76.68
2025-04-19 08:30:00;76.68
2025-04-19 08:45:00;76.68
2025-04-19 09:00:00;69.13
2025-04-19 09:15:00;69.13
2025-04-19 09:30:00;69.13
2025-04-19 09:45:00;69.13
2025-04-19 10:00:00;28.94
2025-04-19 10:15:00;28.94
2025-04-19 10:30:00;28.94
2025-04-19 10:45:00;28.94
2025-04-19 11:00:00;4.54
2025-04-19 11:15:00;4.54
2025-04-19 11:30:00;4.54
2025-04-19 11:45:00;4.54
2025-04-19 12:00:00;0.00
2025-04-19 12:15:00;0.00
2025-04-19 12:30:00;0.00
2025-04-19 12:45:00;0.00
2025-04-19 13:00:00;-2.88
2025-04-19 13:15:00;-2.88
2025-04-19 13:30:00;-2.88
2025-04-19 13:45:00;-2.88
2025-04-19 14:00:00;-17.56
2025-04-19 14:15:00;-17.56
2025-04-19 14:30:00;-17.56
2025-04-19 14:45:00;-17.56
2025-04-19 15:00:00;-1.71
2025-04-19 15:15:00;-1.71
2025-04-19 15:30:00;-1.71
2025-04-19 15:45:00;-1.71
2025-04-19 16:00:00;0.20
2025-04-19 16:15:00;0.20
2025-04-19 16:30:00;0.20
2025-04-19 16:45:00;0.20
2025-04-19 17:00:00;50.00
2025-04-19 17:15:00;50.00
2025-04-19 17:30:00;50.00
2025-04-19 17:45:00;50.00
2025-04-19 18:00:00;85.05
2025-04-19 18:15:00;85.05
2025-04-19 18:30:00;85.05
2025-04-19 18:45:00;85.05
2025-04-19 19:00:00;103.77
2025-04-19 19:15:00;103.77
2025-04-19 19:30:00;103.77
2025-04-19 19:45:00;103.77
2025-04-19 20:00:00;114.67
2025-04-19 20:15:00;114.67
2025-04-19 20:30:00;114.67
2025-04-19 20:45:00;114.67
2025-04-19 21:00:00;116.83
2025-04-19 21:15:00;116.83
2025-04-19 21:30:00;116.83
2025-04-19 21:45:00;116.83
2025-04-19 22:00:00;100.39
2025-04-19 22:15:00;100.39
2025-04-19 22:30:00;100.39
2025-04-19 22:45:00;100.39
2025-04-19 23:00:00;92.15
2025-04-19 23:15:00;92.15
2025-04-19 23:30:00;92.15
2025-04-19 23:45:00;92.15
2025-04-20 00:00:00;96.88
2025-04-20 00:15:00;96.88
2025-04-20 00:30:00;96.88
2025-04-20 00:45:00;96.88
2025-04-20 01:00:00;88.87
2025-04-20 01:15:00;88.87
2025-04-20 01:30:00;88.87
2025-04-20 01:45:00;88.87
2025-04-20 02:00:00;102.08
2025-04-20 02:15:00;102.08
2025-04-20 02:30:00;102.08
2025-04-20 02:45:00;102.08
2025-04-20 03:00:00;93.80
2025-04-20 03:15:00;93.80
2025-04-20 03:30:00;93.80
2025-04-20 03:45:00;93.80
2025-04-20 04:00:00;98.08
2025-04-20 04:15:00;98.08
2025-04-20 04:30:00;98.08
2025-04-20 04:45:00;98.08
2025-04-20 05:00:00;123.28
2025-04-20 05:15:00;123.28
2025-04-20 05:30:00;123.28
2025-04-20 05:45:00;123.28
2025-04-20 06:00:00;122.85
2025-04-20 06:15:00;122.85
2025-04-20 06:30:00;122.85
2025-04-20 06:45:00;122.85
2025-04-20 07:00:00;105.57
2025-04-20 07:15:00;105.57
2025-04-20 07:30:00;105.57
2025-04-20 07:45:00;105.57
2025-04-20 08:00:00;127.50
2025-04-20 08:15:00;127.50
2025-04-20 08:30:00;127.50
2025-04-20 08:45:00;127.50
2025-04-20 09:00:00;23.93
2025-04-20 09:15:00;23.93
2025-04-20 09:30:00;23.93
2025-04-20 09:45:00;23.93
2025-04-20 10:00:00;-0.02
2025-04-20 10:15:00;-0.02
2025-04-20 10:30:00;-0.02
2025-04-20 10:45:00;-0.02
2025-04-20 11:00:00;-0.02
2025-04-20 11:15:00;-0.02
2025-04-20 11:30:00;-0.02
2025-04-20 11:45:00;-0.02
2025-04-20 12:00:00;-13.00
2025-04-20 12:15:00;-13.00
2025-04-20 12:30:00;-13.00
2025-04-20 12:45:00;-13.00
2025-04-20 13:00:00;3.97
2025-04-20 13:15:00;3.97
2025-04-20 13:30:00;3.97
2025-04-20 13:45:00;3.97
2025-04-20 14:00:00;-7.58
2025-04-20 14:15:00;-7.58
2025-04-20 14:30:00;-7.58
2025-04-20 14:45:00;-7.58
2025-04-20 15:00:00;-4.20
2025-04-20 15:15:00;-4.20
2025-04-20 15:30:00;-4.20
2025-04-20 15:45:00;-4.20
2025-04-20 16:00:00;0.00
2025-04-20 16:15:00;0.00
2025-04-20 16:30:00;0.00
2025-04-20 16:45:00;0.00
2025-04-20 17:00:00;80.99
2025-04-20 17:15:00;80.99
2025-04-20 17:30:00;80.99
2025-04-20 17:45:00;80.99
2025-04-20 18:00:00;104.92
2025-04-20 18:15:00;104.92
2025-04-20 18:30:00;104.92
2025-04-20 18:45:00;104.92
2025-04-20 19:00:00;124.00
2025-04-20 19:15:00;124.00
2025-04-20 19:30:00;124.00
2025-04-20 19:45:00;124.00
2025-04-20 20:00:00;129.40
2025-04-20 20:15:00;129.40
2025-04-20 20:30:00;129.40
2025-04-20 20:45:00;129.40
2025-04-20 21:00:00;144.43
2025-04-20 21:15:00;144.43
2025-04-20 21:30:00;144.43
2025-04-20 21:45:00;144.43
2025-04-20 22:00:00;121.85
2025-04-20 22:15:00;121.85
2025-04-20 22:30:00;121.85
2025-04-20 22:45:00;121.85
2025-04-20 23:00:00;109.71
2025-04-20 23:15:00;109.71
2025-04-20 23:30:00;109.71
2025-04-20 23:45:00;109.71
2025-04-21 00:00:00;110.00
2025-04-21 00:15:00;110.00
2025-04-21 00:30:00;110.00
2025-04-21 00:45:00;110.00
2025-04-21 01:00:00;94.65
2025-04-21 01:15:00;94.65
2025-04-21 01:30:00;94.65
2025-04-21 01:45:00;94.65
2025-04-21 02:00:00;97.88
2025-04-21 02:15:00;97.88
2025-04-21 02:30:00;97.88
2025-04-21 02:45:00;97.88
2025-04-21 03:00:00;98.61
2025-04-21 03:15:00;98.61
2025-04-21 03:30:00;98.61
2025-04-21 03:45:00;98.61
2025-04-21 04:00:00;95.99
2025-04-21 04:15:00;95.99
2025-04-21 04:30:00;95.99
2025-04-21 04:45:00;95.99
2025-04-21 05:00:00;98.27
2025-04-21 05:15:00;98.27
2025-04-21 05:30:00;98.27
2025-04-21 05:45:00;98.27
2025-04-21 06:00:00;100.00
2025-04-21 06:15:00;100.00
2025-04-21 06:30:00;100.00
2025-04-21 06:45:00;100.00
2025-04-21 07:00:00;94.65
2025-04-21 07:15:00;94.65
2025-04-21 07:30:00;94.65
2025-04-21 07:45:00;94.65
2025-04-21 08:00:00;91.30
2025-04-21 08:15:00;91.30
2025-04-21 08:30:00;91.30
2025-04-21 08:45:00;91.30
2025-04-21 09:00:00;93.30
2025-04-21 09:15:00;93.30
2025-04-21 09:30:00;93.30
2025-04-21 09:45:00;93.30
2025-04-21 10:00:00;75.40
2025-04-21 10:15:00;75.40
2025-04-21 10:30:00;75.40
2025-04-21 10:45:00;75.40
2025-04-21 11:00:00;52.51
2025-04-21 11:15:00;52.51
2025-04-21 11:30:00;52.51
2025-04-21 11:45:00;52.51
2025-04-21 12:00:00;20.44
2025-04-21 12:15:00;20.44
2025-04-21 12:30:00;20.44
2025-04-21 12:45:00;20.44
2025-04-21 13:00:00;8.91
2025-04-21 13:15:00;8.91
2025-04-21 13:30:00;8.91
2025-04-21 13:45:00;8.91
2025-04-21 14:00:00;10.00
2025-04-21 14:15:00;10.00
2025-04-21 14:30:00;10.00
2025-04-21 14:45:00;10.00
2025-04-21 15:00:00;10.96
2025-04-21 15:15:00;10.96
2025-04-21 15:30:00;10.96
2025-04-21 15:45:00;10.96
2025-04-21 16:00:00;55.98
2025-04-21 16:15:00;55.98
2025-04-21 16:30:00;55.98
2025-04-21 16:45:00;55.98
2025-04-21 17:00:00;99.46
2025-04-21 17:15:00;99.46
2025-04-21 17:30:00;99.46
2025-04-21 17:45:00;99.46
2025-04-21 18:00:00;103.06
2025-04-21 18:15:00;103.06
2025-04-21 18:30:00;103.06
2025-04-21 18:45:00;103.06
2025-04-21 19:00:00;122.85
2025-04-21 19:15:00;122.85
2025-04-21 19:30:00;122.85
2025-04-21 19:45:00;122.85
2025-04-21 20:00:00;140.00
2025-04-21 20:15:00;140.00
2025-04-21 20:30:00;140.00
2025-04-21 20:45:00;140.00
2025-04-21 21:00:00;132.10
2025-04-21 21:15:00;132.10
2025-04-21 21:30:00;132.10
2025-04-21 21:45:00;132.10
2025-04-21 22:00:00;122.77
2025-04-21 22:15:00;122.77
2025-04-21 22:30:00;122.77
2025-04-21 22:45:00;122.77
2025-04-21 23:00:00;108.00
2025-04-21 23:15:00;108.00
2025-04-21 23:30:00;108.00
2025-04-21 23:45:00;108.00
2025-04-22 00:00:00;95.67
2025-04-22 00:15:00;95.67
2025-04-22 00:30:00;95.67
2025-04-22 00:45:00;95.67
2025-04-22 01:00:00;88.67
2025-04-22 01:15:00;88.67
2025-04-22 01:30:00;88.67
2025-04-22 01:45:00;88.67
2025-04-22 02:00:00;87.39
2025-04-22 02:15:00;87.39
2025-04-22 02:30:00;87.39
2025-04-22 02:45:00;87.39
2025-04-22 03:00:00;85.01
2025-04-22 03:15:00;85.01
2025-04-22 03:30:00;85.01
2025-04-22 03:45:00;85.01
2025-04-22 04:00:00;83.65
2025-04-22 04:15:00;83.65
2025-04-22 04:30:00;83.65
2025-04-22 04:45:00;83.65
2025-04-22 05:00:00;94.15
2025-04-22 05:15:00;94.15
2025-04-22 05:30:00;94.15
2025-04-22 05:45:00;94.15
2025-04-22 06:00:00;115.11
2025-04-22 06:15:00;115.11
2025-04-22 06:30:00;115.11
2025-04-22 06:45:00;115.11
2025-04-22 07:00:00;146.14
2025-04-22 07:15:00;146.14
2025-04-22 07:30:00;146.14
2025-04-22 07:45:00;146.14
2025-04-22 08:00:00;147.00
2025-04-22 08:15:00;147.00
2025-04-22 08:30:00;147.00
2025-04-22 08:45:00;147.00
2025-04-22 09:00:00;118.52
2025-04-22 09:15:00;118.52
2025-04-22 09:30:00;118.52
2025-04-22 09:45:00;118.52
2025-04-22 10:00:00;98.52
2025-04-22 10:15:00;98.52
2025-04-22 10:30:00;98.52
2025-04-22 10:45:00;98.52
2025-04-22 11:00:00;90.94
2025-04-22 11:15:00;90.94
2025-04-22 11:30:00;90.94
2025-04-22 11:45:00;90.94
2025-04-22 12:00:00;81.33
2025-04-22 12:15:00;81.33
2025-04-22 12:30:00;81.33
2025-04-22 12:45:00;81.33
2025-04-22 13:00:00;69.52
2025-04-22 13:15:00;69.52
2025-04-22 13:30:00;69.52
2025-04-22 13:45:00;69.52
2025-04-22 14:00:00;66.51
2025-04-22 14:15:00;66.51
2025-04-22 14:30:00;66.51
2025-04-22 14:45:00;66.51
2025-04-22 15:00:00;77.77
2025-04-22 15:15:00;77.77
2025-04-22 15:30:00;77.77
2025-04-22 15:45:00;77.77
2025-04-22 16:00:00;82.00
2025-04-22 16:15:00;82.00
2025-04-22 16:30:00;82.00
2025-04-22 16:45:00;82.00
2025-04-22 17:00:00;94.72
2025-04-22 17:15:00;94.72
2025-04-22 17:30:00;94.72
2025-04-22 17:45:00;94.72
2025-04-22 18:00:00;108.22
2025-04-22 18:15:00;108.22
2025-04-22 18:30:00;108.22
2025-04-22 18:45:00;108.22
2025-04-22 19:00:00;168.27
2025-04-22 19:15:00;168.27
2025-04-22 19:30:00;168.27
2025-04-22 19:45:00;168.27
2025-04-22 20:00:00;185.14
2025-04-22 20:15:00;185.14
2025-04-22 20:30:00;185.14
2025-04-22 20:45:00;185.14
2025-04-22 21:00:00;150.11
2025-04-22 21:15:00;150.11
2025-04-22 21:30:00;150.11
2025-04-22 21:45:00;150.11
2025-04-22 22:00:00;120.30
2025-04-22 22:15:00;120.30
2025-04-22 22:30:00;120.30
2025-04-22 22:45:00;120.30
2025-04-22 23:00:00;106.60
2025-04-22 23:15:00;106.60
2025-04-22 23:30:00;106.60
2025-04-22 23:45:00;106.60
2025-04-23 00:00:00;97.78
2025-04-23 00:15:00;97.78
2025-04-23 00:30:00;97.78
2025-04-23 00:45:00;97.78
2025-04-23 01:00:00;89.78
2025-04-23 01:15:00;89.78
2025-04-23 01:30:00;89.78
2025-04-23 01:45:00;89.78
2025-04-23 02:00:00;87.54
2025-04-23 02:15:00;87.54
2025-04-23 02:30:00;87.54
2025-04-23 02:45:00;87.54
2025-04-23 03:00:00;85.30
2025-04-23 03:15:00;85.30
2025-04-23 03:30:00;85.30
2025-04-23 03:45:00;85.30
2025-04-23 04:00:00;88.16
2025-04-23 04:15:00;88.16
2025-04-23 04:30:00;88.16
2025-04-23 04:45:00;88.16
2025-04-23 05:00:00;93.83
2025-04-23 05:15:00;93.83
2025-04-23 05:30:00;93.83
2025-04-23 05:45:00;93.83
2025-04-23 06:00:00;122.04
2025-04-23 06:15:00;122.04
2025-04-23 06:30:00;122.04
2025-04-23 06:45:00;122.04
2025-04-23 07:00:00;150.10
2025-04-23 07:15:00;150.10
2025-04-23 07:30:00;150.10
2025-04-23 07:45:00;150.10
2025-04-23 08:00:00;128.84
2025-04-23 08:15:00;128.84
2025-04-23 08:30:00;128.84
2025-04-23 08:45:00;128.84
2025-04-23 09:00:00;108.48
2025-04-23 09:15:00;108.48
2025-04-23 09:30:00;108.48
2025-04-23 09:45:00;108.48
2025-04-23 10:00:00;93.21
2025-04-23 10:15:00;93.21
2025-04-23 10:30:00;93.21
2025-04-23 10:45:00;93.21
2025-04-23 11:00:00;97.75
2025-04-23 11:15:00;97.75
2025-04-23 11:30:00;97.75
2025-04-23 11:45:00;97.75
2025-04-23 12:00:00;82.75
2025-04-23 12:15:00;82.75
2025-04-23 12:30:00;82.75
2025-04-23 12:45:00;82.75
2025-04-23 13:00:00;87.93
2025-04-23 13:15:00;87.93
2025-04-23 13:30:00;87.93
2025-04-23 13:45:00;87.93
2025-04-23 14:00:00;84.60
2025-04-23 14:15:00;84.60
2025-04-23 14:30:00;84.60
2025-04-23 14:45:00;84.60
2025-04-23 15:00:00;92.86
2025-04-23 15:15:00;92.86
2025-04-23 15:30:00;92.86
2025-04-23 15:45:00;92.86
2025-04-23 16:00:00;92.27
2025-04-23 16:15:00;92.27
2025-04-23 16:30:00;92.27
2025-04-23 16:45:00;92.27
2025-04-23 17:00:00;101.34
2025-04-23 17:15:00;101.34
2025-04-23 17:30:00;101.34
2025-04-23 17:45:00;101.34
2025-04-23 18:00:00;122.56
2025-04-23 18:15:00;122.56
2025-04-23 18:30:00;122.56
2025-04-23 18:45:00;122.56
2025-04-23 19:00:00;142.70
2025-04-23 19:15:00;142.70
2025-04-23 19:30:00;142.70
2025-04-23 19:45:00;142.70
2025-04-23 20:00:00;143.17
2025-04-23 20:15:00;143.17
2025-04-23 20:30:00;143.17
2025-04-23 20:45:00;143.17
2025-04-23 21:00:00;123.58
2025-04-23 21:15:00;123.58
2025-04-23 21:30:00;123.58
2025-04-23 21:45:00;123.58
2025-04-23 22:00:00;107.49
2025-04-23 22:15:00;107.49
2025-04-23 22:30:00;107.49
2025-04-23 22:45:00;107.49
2025-04-23 23:00:00;92.63
2025-04-23 23:15:00;92.63
2025-04-23 23:30:00;92.63
2025-04-23 23:45:00;92.63
2025-04-24 00:00:00;91.23
2025-04-24 00:15:00;91.23
2025-04-24 00:30:00;91.23
2025-04-24 00:45:00;91.23
2025-04-24 01:00:00;86.39
2025-04-24 01:15:00;86.39
2025-04-24 01:30:00;86.39
2025-04-24 01:45:00;86.39
2025-04-24 02:00:00;84.12
2025-04-24 02:15:00;84.12
2025-04-24 02:30:00;84.12
2025-04-24 02:45:00;84.12
2025-04-24 03:00:00;84.15
2025-04-24 03:15:00;84.15
2025-04-24 03:30:00;84.15
2025-04-24 03:45:00;84.15
2025-04-24 04:00:00;80.00
2025-04-24 04:15:00;80.00
2025-04-24 04:30:00;80.00
2025-04-24 04:45:00;80.00
2025-04-24 05:00:00;85.87
2025-04-24 05:15:00;85.87
2025-04-24 05:30:00;85.87
2025-04-24 05:45:00;85.87
2025-04-24 06:00:00;103.57
2025-04-24 06:15:00;103.57
2025-04-24 06:30:00;103.57
2025-04-24 06:45:00;103.57
2025-04-24 07:00:00;114.56
2025-04-24 07:15:00;114.56
2025-04-24 07:30:00;114.56
2025-04-24 07:45:00;114.56
2025-04-24 08:00:00;117.40
2025-04-24 08:15:00;117.40
2025-04-24 08:30:00;117.40
2025-04-24 08:45:00;117.40
2025-04-24 09:00:00;111.20
2025-04-24 09:15:00;111.20
2025-04-24 09:30:00;111.20
2025-04-24 09:45:00;111.20
2025-04-24 10:00:00;97.96
2025-04-24 10:15:00;97.96
2025-04-24 10:30:00;97.96
2025-04-24 10:45:00;97.96
2025-04-24 11:00:00;93.76
2025-04-24 11:15:00;93.76
2025-04-24 11:30:00;93.76
2025-04-24 11:45:00;93.76
2025-04-24 12:00:00;81.51
2025-04-24 12:15:00;81.51
2025-04-24 12:30:00;81.51
2025-04-24 12:45:00;81.51
2025-04-24 13:00:00;78.95
2025-04-24 13:15:00;78.95
2025-04-24 13:30:00;78.95
2025-04-24 13:45:00;78.95
2025-04-24 14:00:00;76.57
2025-04-24 14:15:00;76.57
2025-04-24 14:30:00;76.57
2025-04-24 14:45:00;76.57
2025-04-24 15:00:00;75.50
2025-04-24 15:15:00;75.50
2025-04-24 15:30:00;75.50
2025-04-24 15:45:00;75.50
2025-04-24 16:00:00;78.84
2025-04-24 16:15:00;78.84
2025-04-24 16:30:00;78.84
2025-04-24 16:45:00;78.84
2025-04-24 17:00:00;86.11
2025-04-24 17:15:00;86.11
2025-04-24 17:30:00;86.11
2025-04-24 17:45:00;86.11
2025-04-24 18:00:00;96.06
2025-04-24 18:15:00;96.06
2025-04-24 18:30:00;96.06
2025-04-24 18:45:00;96.06
2025-04-24 19:00:00;108.17
2025-04-24 19:15:00;108.17
2025-04-24 19:30:00;108.17
2025-04-24 19:45:00;108.17
2025-04-24 20:00:00;118.71
2025-04-24 20:15:00;118.71
2025-04-24 20:30:00;118.71
2025-04-24 20:45:00;118.71
2025-04-24 21:00:00;114.48
2025-04-24 21:15:00;114.48
2025-04-24 21:30:00;114.48
2025-04-24 21:45:00;114.48
2025-04-24 22:00:00;106.53
2025-04-24 22:15:00;106.53
2025-04-24 22:30:00;106.53
2025-04-24 22:45:00;106.53
2025-04-24 23:00:00;93.10
2025-04-24 23:15:00;93.10
2025-04-24 23:30:00;93.10
2025-04-24 23:45:00;93.10
2025-04-25 00:00:00;86.85
2025-04-25 00:15:00;86.85
2025-04-25 00:30:00;86.85
2025-04-25 00:45:00;86.85
2025-04-25 01:00:00;78.46
2025-04-25 01:15:00;78.46
2025-04-25 01:30:00;78.46
2025-04-25 01:45:00;78.46
2025-04-25 02:00:00;79.08
2025-04-25 02:15:00;79.08
2025-04-25 02:30:00;79.08
2025-04-25 02:45:00;79.08
2025-04-25 03:00:00;77.84
2025-04-25 03:15:00;77.84
2025-04-25 03:30:00;77.84
2025-04-25 03:45:00;77.84
2025-04-25 04:00:00;80.00
2025-04-25 04:15:00;80.00
2025-04-25 04:30:00;80.00
2025-04-25 04:45:00;80.00
2025-04-25 05:00:00;89.17
2025-04-25 05:15:00;89.17
2025-04-25 05:30:00;89.17
2025-04-25 05:45:00;89.17
2025-04-25 06:00:00;101.89
2025-04-25 06:15:00;101.89
2025-04-25 06:30:00;101.89
2025-04-25 06:45:00;101.89
2025-04-25 07:00:00;113.39
2025-04-25 07:15:00;113.39
2025-04-25 07:30:00;113.39
2025-04-25 07:45:00;113.39
2025-04-25 08:00:00;112.92
2025-04-25 08:15:00;112.92
2025-04-25 08:30:00;112.92
2025-04-25 08:45:00;112.92
2025-04-25 09:00:00;114.47
2025-04-25 09:15:00;114.47
2025-04-25 09:30:00;114.47
2025-04-25 09:45:00;114.47
2025-04-25 10:00:00;108.20
2025-04-25 10:15:00;108.20
2025-04-25 10:30:00;108.20
2025-04-25 10:45:00;108.20
2025-04-25 11:00:00;92.22
2025-04-25 11:15:00;92.22
2025-04-25 11:30:00;92.22
2025-04-25 11:45:00;92.22
2025-04-25 12:00:00;64.17
2025-04-25 12:15:00;64.17
2025-04-25 12:30:00;64.17
2025-04-25 12:45:00;64.17
2025-04-25 13:00:00;45.00
2025-04-25 13:15:00;45.00
2025-04-25 13:30:00;45.00
2025-04-25 13:45:00;45.00
2025-04-25 14:00:00;34.97
2025-04-25 14:15:00;34.97
2025-04-25 14:30:00;34.97
2025-04-25 14:45:00;34.97
2025-04-25 15:00:00;47.00
2025-04-25 15:15:00;47.00
2025-04-25 15:30:00;47.00
2025-04-25 15:45:00;47.00
2025-04-25 16:00:00;58.01
2025-04-25 16:15:00;58.01
2025-04-25 16:30:00;58.01
2025-04-25 16:45:00;58.01
2025-04-25 17:00:00;81.11
2025-04-25 17:15:00;81.11
2025-04-25 17:30:00;81.11
2025-04-25 17:45:00;81.11
2025-04-25 18:00:00;97.15
2025-04-25 18:15:00;97.15
2025-04-25 18:30:00;97.15
2025-04-25 18:45:00;97.15
2025-04-25 19:00:00;114.53
2025-04-25 19:15:00;114.53
2025-04-25 19:30:00;114.53
2025-04-25 19:45:00;114.53
2025-04-25 20:00:00;128.60
2025-04-25 20:15:00;128.60
2025-04-25 20:30:00;128.60
2025-04-25 20:45:00;128.60
2025-04-25 21:00:00;109.63
2025-04-25 21:15:00;109.63
2025-04-25 21:30:00;109.63
2025-04-25 21:45:00;109.63
2025-04-25 22:00:00;100.37
2025-04-25 22:15:00;100.37
2025-04-25 22:30:00;100.37
2025-04-25 22:45:00;100.37
2025-04-25 23:00:00;92.09
2025-04-25 23:15:00;92.09
2025-04-25 23:30:00;92.09
2025-04-25 23:45:00;92.09
2025-04-26 00:00:00;94.04
2025-04-26 00:15:00;94.04
2025-04-26 00:30:00;94.04
2025-04-26 00:45:00;94.04
2025-04-26 01:00:00;86.22
2025-04-26 01:15:00;86.22
2025-04-26 01:30:00;86.22
2025-04-26 01:45:00;86.22
2025-04-26 02:00:00;83.60
2025-04-26 02:15:00;83.60
2025-04-26 02:30:00;83.60
2025-04-26 02:45:00;83.60
2025-04-26 03:00:00;83.00
2025-04-26 03:15:00;83.00
2025-04-26 03:30:00;83.00
2025-04-26 03:45:00;83.00
2025-04-26 04:00:00;82.38
2025-04-26 04:15:00;82.38
2025-04-26 04:30:00;82.38
2025-04-26 04:45:00;82.38
2025-04-26 05:00:00;84.98
2025-04-26 05:15:00;84.98
2025-04-26 05:30:00;84.98
2025-04-26 05:45:00;84.98
2025-04-26 06:00:00;91.53
2025-04-26 06:15:00;91.53
2025-04-26 06:30:00;91.53
2025-04-26 06:45:00;91.53
2025-04-26 07:00:00;94.30
2025-04-26 07:15:00;94.30
2025-04-26 07:30:00;94.30
2025-04-26 07:45:00;94.30
2025-04-26 08:00:00;102.09
2025-04-26 08:15:00;102.09
2025-04-26 08:30:00;102.09
2025-04-26 08:45:00;102.09
2025-04-26 09:00:00;34.45
2025-04-26 09:15:00;34.45
2025-04-26 09:30:00;34.45
2025-04-26 09:45:00;34.45
2025-04-26 10:00:00;2.55
2025-04-26 10:15:00;2.55
2025-04-26 10:30:00;2.55
2025-04-26 10:45:00;2.55
2025-04-26 11:00:00;-0.01
2025-04-26 11:15:00;-0.01
2025-04-26 11:30:00;-0.01
2025-04-26 11:45:00;-0.01
2025-04-26 12:00:00;-6.58
2025-04-26 12:15:00;-6.58
2025-04-26 12:30:00;-6.58
2025-04-26 12:45:00;-6.58
2025-04-26 13:00:00;-12.87
2025-04-26 13:15:00;-12.87
2025-04-26 13:30:00;-12.87
2025-04-26 13:45:00;-12.87
2025-04-26 14:00:00;-9.75
2025-04-26 14:15:00;-9.75
2025-04-26 14:30:00;-9.75
2025-04-26 14:45:00;-9.75
2025-04-26 15:00:00;-2.13
2025-04-26 15:15:00;-2.13
2025-04-26 15:30:00;-2.13
2025-04-26 15:45:00;-2.13
2025-04-26 16:00:00;-0.02
2025-04-26 16:15:00;-0.02
2025-04-26 16:30:00;-0.02
2025-04-26 16:45:00;-0.02
2025-04-26 17:00:00;30.99
2025-04-26 17:15:00;30.99
2025-04-26 17:30:00;30.99
2025-04-26 17:45:00;30.99
2025-04-26 18:00:00;80.00
2025-04-26 18:15:00;80.00
2025-04-26 18:30:00;80.00
2025-04-26 18:45:00;80.00
2025-04-26 19:00:00;100.71
2025-04-26 19:15:00;100.71
2025-04-26 19:30:00;100.71
2025-04-26 19:45:00;100.71
2025-04-26 20:00:00;123.80
2025-04-26 20:15:00;123.80
2025-04-26 20:30:00;123.80
2025-04-26 20:45:00;123.80
2025-04-26 21:00:00;116.62
2025-04-26 21:15:00;116.62
2025-04-26 21:30:00;116.62
2025-04-26 21:45:00;116.62
2025-04-26 22:00:00;93.18
2025-04-26 22:15:00;93.18
2025-04-26 22:30:00;93.18
2025-04-26 22:45:00;93.18
2025-04-26 23:00:00;89.60
2025-04-26 23:15:00;89.60
2025-04-26 23:30:00;89.60
2025-04-26 23:45:00;89.60
2025-04-27 00:00:00;97.80
2025-04-27 00:15:00;97.80
2025-04-27 00:30:00;97.80
2025-04-27 00:45:00;97.80
2025-04-27 01:00:00;100.44
2025-04-27 01:15:00;100.44
2025-04-27 01:30:00;100.44
2025-04-27 01:45:00;100.44
2025-04-27 02:00:00;91.90
2025-04-27 02:15:00;91.90
2025-04-27 02:30:00;91.90
2025-04-27 02:45:00;91.90
2025-04-27 03:00:00;95.00
2025-04-27 03:15:00;95.00
2025-04-27 03:30:00;95.00
2025-04-27 03:45:00;95.00
2025-04-27 04:00:00;81.80
2025-04-27 04:15:00;81.80
2025-04-27 04:30:00;81.80
2025-04-27 04:45:00;81.80
2025-04-27 05:00:00;95.22
2025-04-27 05:15:00;95.22
2025-04-27 05:30:00;95.22
2025-04-27 05:45:00;95.22
2025-04-27 06:00:00;92.46
2025-04-27 06:15:00;92.46
2025-04-27 06:30:00;92.46
2025-04-27 06:45:00;92.46
2025-04-27 07:00:00;76.21
2025-04-27 07:15:00;76.21
2025-04-27 07:30:00;76.21
2025-04-27 07:45:00;76.21
2025-04-27 08:00:00;37.19
2025-04-27 08:15:00;37.19
2025-04-27 08:30:00;37.19
2025-04-27 08:45:00;37.19
2025-04-27 09:00:00;0.04
2025-04-27 09:15:00;0.04
2025-04-27 09:30:00;0.04
2025-04-27 09:45:00;0.04
2025-04-27 10:00:00;-3.00
2025-04-27 10:15:00;-3.00
2025-04-27 10:30:00;-3.00
2025-04-27 10:45:00;-3.00
2025-04-27 11:00:00;-27.92
2025-04-27 11:15:00;-27.92
2025-04-27 11:30:00;-27.92
2025-04-27 11:45:00;-27.92
2025-04-27 12:00:00;-162.78
2025-04-27 12:15:00;-162.78
2025-04-27 12:30:00;-162.78
2025-04-27 12:45:00;-162.78
2025-04-27 13:00:00;-266.00
2025-04-27 13:15:00;-266.00
2025-04-27 13:30:00;-266.00
2025-04-27 13:45:00;-266.00
2025-04-27 14:00:00;-200.00
2025-04-27 14:15:00;-200.00
2025-04-27 14:30:00;-200.00
2025-04-27 14:45:00;-200.00
2025-04-27 15:00:00;-49.95
2025-04-27 15:15:00;-49.95
2025-04-27 15:30:00;-49.95
2025-04-27 15:45:00;-49.95
2025-04-27 16:00:00;-5.17
2025-04-27 16:15:00;-5.17
2025-04-27 16:30:00;-5.17
2025-04-27 16:45:00;-5.17
2025-04-27 17:00:00;18.35
2025-04-27 17:15:00;18.35
2025-04-27 17:30:00;18.35
2025-04-27 17:45:00;18.35
2025-04-27 18:00:00;89.40
2025-04-27 18:15:00;89.40
2025-04-27 18:30:00;89.40
2025-04-27 18:45:00;89.40
2025-04-27 19:00:00;110.75
2025-04-27 19:15:00;110.75
2025-04-27 19:30:00;110.75
2025-04-27 19:45:00;110.75
2025-04-27 20:00:00;125.05
2025-04-27 20:15:00;125.05
2025-04-27 20:30:00;125.05
2025-04-27 20:45:00;125.05
2025-04-27 21:00:00;109.84
2025-04-27 21:15:00;109.84
2025-04-27 21:30:00;109.84
2025-04-27 21:45:00;109.84
2025-04-27 22:00:00;99.00
2025-04-27 22:15:00;99.00
2025-04-27 22:30:00;99.00
2025-04-27 22:45:00;99.00
2025-04-27 23:00:00;93.66
2025-04-27 23:15:00;93.66
2025-04-27 23:30:00;93.66
2025-04-27 23:45:00;93.66
2025-04-28 00:00:00;91.49
2025-04-28 00:15:00;91.49
2025-04-28 00:30:00;91.49
2025-04-28 00:45:00;91.49
2025-04-28 01:00:00;85.10
2025-04-28 01:15:00;85.10
2025-04-28 01:30:00;85.10
2025-04-28 01:45:00;85.10
2025-04-28 02:00:00;84.33
2025-04-28 02:15:00;84.33
2025-04-28 02:30:00;84.33
2025-04-28 02:45:00;84.33
2025-04-28 03:00:00;84.68
2025-04-28 03:15:00;84.68
2025-04-28 03:30:00;84.68
2025-04-28 03:45:00;84.68
2025-04-28 04:00:00;92.30
2025-04-28 04:15:00;92.30
2025-04-28 04:30:00;92.30
2025-04-28 04:45:00;92.30
2025-04-28 05:00:00;95.92
2025-04-28 05:15:00;95.92
2025-04-28 05:30:00;95.92
2025-04-28 05:45:00;95.92
2025-04-28 06:00:00;138.50
2025-04-28 06:15:00;138.50
2025-04-28 06:30:00;138.50
2025-04-28 06:45:00;138.50
2025-04-28 07:00:00;131.09
2025-04-28 07:15:00;131.09
2025-04-28 07:30:00;131.09
2025-04-28 07:45:00;131.09
2025-04-28 08:00:00;96.79
2025-04-28 08:15:00;96.79
2025-04-28 08:30:00;96.79
2025-04-28 08:45:00;96.79
2025-04-28 09:00:00;67.37
2025-04-28 09:15:00;67.37
2025-04-28 09:30:00;67.37
2025-04-28 09:45:00;67.37
2025-04-28 10:00:00;10.01
2025-04-28 10:15:00;10.01
2025-04-28 10:30:00;10.01
2025-04-28 10:45:00;10.01
2025-04-28 11:00:00;-0.01
2025-04-28 11:15:00;-0.01
2025-04-28 11:30:00;-0.01
2025-04-28 11:45:00;-0.01
2025-04-28 12:00:00;-3.67
2025-04-28 12:15:00;-3.67
2025-04-28 12:30:00;-3.67
2025-04-28 12:45:00;-3.67
2025-04-28 13:00:00;-5.90
2025-04-28 13:15:00;-5.90
2025-04-28 13:30:00;-5.90
2025-04-28 13:45:00;-5.90
2025-04-28 14:00:00;-6.18
2025-04-28 14:15:00;-6.18
2025-04-28 14:30:00;-6.18
2025-04-28 14:45:00;-6.18
2025-04-28 15:00:00;-1.54
2025-04-28 15:15:00;-1.54
2025-04-28 15:30:00;-1.54
2025-04-28 15:45:00;-1.54
2025-04-28 16:00:00;1.53
2025-04-28 16:15:00;1.53
2025-04-28 16:30:00;1.53
2025-04-28 16:45:00;1.53
2025-04-28 17:00:00;67.26
2025-04-28 17:15:00;67.26
2025-04-28 17:30:00;67.26
2025-04-28 17:45:00;67.26
2025-04-28 18:00:00;90.02
2025-04-28 18:15:00;90.02
2025-04-28 18:30:00;90.02
2025-04-28 18:45:00;90.02
2025-04-28 19:00:00;113.89
2025-04-28 19:15:00;113.89
2025-04-28 19:30:00;113.89
2025-04-28 19:45:00;113.89
2025-04-28 20:00:00;157.40
2025-04-28 20:15:00;157.40
2025-04-28 20:30:00;157.40
2025-04-28 20:45:00;157.40
2025-04-28 21:00:00;127.76
2025-04-28 21:15:00;127.76
2025-04-28 21:30:00;127.76
2025-04-28 21:45:00;127.76
2025-04-28 22:00:00;104.99
2025-04-28 22:15:00;104.99
2025-04-28 22:30:00;104.99
2025-04-28 22:45:00;104.99
2025-04-28 23:00:00;95.88
2025-04-28 23:15:00;95.88
2025-04-28 23:30:00;95.88
2025-04-28 23:45:00;95.88
2025-04-29 00:00:00;89.47
2025-04-29 00:15:00;89.47
2025-04-29 00:30:00;89.47
2025-04-29 00:45:00;89.47
2025-04-29 01:00:00;85.08
2025-04-29 01:15:00;85.08
2025-04-29 01:30:00;85.08
2025-04-29 01:45:00;85.08
2025-04-29 02:00:00;80.31
2025-04-29 02:15:00;80.31
2025-04-29 02:30:00;80.31
2025-04-29 02:45:00;80.31
2025-04-29 03:00:00;77.64
2025-04-29 03:15:00;77.64
2025-04-29 03:30:00;77.64
2025-04-29 03:45:00;77.64
2025-04-29 04:00:00;76.76
2025-04-29 04:15:00;76.76
2025-04-29 04:30:00;76.76
2025-04-29 04:45:00;76.76
2025-04-29 05:00:00;83.00
2025-04-29 05:15:00;83.00
2025-04-29 05:30:00;83.00
2025-04-29 05:45:00;83.00
2025-04-29 06:00:00;104.62
2025-04-29 06:15:00;104.62
2025-04-29 06:30:00;104.62
2025-04-29 06:45:00;104.62
2025-04-29 07:00:00;111.19
2025-04-29 07:15:00;111.19
2025-04-29 07:30:00;111.19
2025-04-29 07:45:00;111.19
2025-04-29 08:00:00;103.70
2025-04-29 08:15:00;103.70
2025-04-29 08:30:00;103.70
2025-04-29 08:45:00;103.70
2025-04-29 09:00:00;82.94
2025-04-29 09:15:00;82.94
2025-04-29 09:30:00;82.94
2025-04-29 09:45:00;82.94
2025-04-29 10:00:00;9.13
2025-04-29 10:15:00;9.13
2025-04-29 10:30:00;9.13
2025-04-29 10:45:00;9.13
2025-04-29 11:00:00;0.00
2025-04-29 11:15:00;0.00
2025-04-29 11:30:00;0.00
2025-04-29 11:45:00;0.00
2025-04-29 12:00:00;-0.76
2025-04-29 12:15:00;-0.76
2025-04-29 12:30:00;-0.76
2025-04-29 12:45:00;-0.76
2025-04-29 13:00:00;-1.90
2025-04-29 13:15:00;-1.90
2025-04-29 13:30:00;-1.90
2025-04-29 13:45:00;-1.90
2025-04-29 14:00:00;-1.66
2025-04-29 14:15:00;-1.66
2025-04-29 14:30:00;-1.66
2025-04-29 14:45:00;-1.66
2025-04-29 15:00:00;-0.01
2025-04-29 15:15:00;-0.01
2025-04-29 15:30:00;-0.01
2025-04-29 15:45:00;-0.01
2025-04-29 16:00:00;11.00
2025-04-29 16:15:00;11.00
2025-04-29 16:30:00;11.00
2025-04-29 16:45:00;11.00
2025-04-29 17:00:00;72.07
2025-04-29 17:15:00;72.07
2025-04-29 17:30:00;72.07
2025-04-29 17:45:00;72.07
2025-04-29 18:00:00;96.90
2025-04-29 18:15:00;96.90
2025-04-29 18:30:00;96.90
2025-04-29 18:45:00;96.90
2025-04-29 19:00:00;113.59
2025-04-29 19:15:00;113.59
2025-04-29 19:30:00;113.59
2025-04-29 19:45:00;113.59
2025-04-29 20:00:00;119.62
2025-04-29 20:15:00;119.62
2025-04-29 20:30:00;119.62
2025-04-29 20:45:00;119.62
2025-04-29 21:00:00;127.03
2025-04-29 21:15:00;127.03
2025-04-29 21:30:00;127.03
2025-04-29 21:45:00;127.03
2025-04-29 22:00:00;104.79
2025-04-29 22:15:00;104.79
2025-04-29 22:30:00;104.79
2025-04-29 22:45:00;104.79
2025-04-29 23:00:00;96.50
2025-04-29 23:15:00;96.50
2025-04-29 23:30:00;96.50
2025-04-29 23:45:00;96.50
2025-04-30 00:00:00;95.00
2025-04-30 00:15:00;95.00
2025-04-30 00:30:00;95.00
2025-04-30 00:45:00;95.00
2025-04-30 01:00:00;89.96
2025-04-30 01:15:00;89.96
2025-04-30 01:30:00;89.96
2025-04-30 01:45:00;89.96
2025-04-30 02:00:00;86.17
2025-04-30 02:15:00;86.17
2025-04-30 02:30:00;86.17
2025-04-30 02:45:00;86.17
2025-04-30 03:00:00;88.19
2025-04-30 03:15:00;88.19
2025-04-30 03:30:00;88.19
2025-04-30 03:45:00;88.19
2025-04-30 04:00:00;89.07
2025-04-30 04:15:00;89.07
2025-04-30 04:30:00;89.07
2025-04-30 04:45:00;89.07
2025-04-30 05:00:00;93.78
2025-04-30 05:15:00;93.78
2025-04-30 05:30:00;93.78
2025-04-30 05:45:00;93.78
2025-04-30 06:00:00;114.69
2025-04-30 06:15:00;114.69
2025-04-30 06:30:00;114.69
2025-04-30 06:45:00;114.69
2025-04-30 07:00:00;120.50
2025-04-30 07:15:00;120.50
2025-04-30 07:30:00;120.50
2025-04-30 07:45:00;120.50
2025-04-30 08:00:00;103.97
2025-04-30 08:15:00;103.97
2025-04-30 08:30:00;103.97
2025-04-30 08:45:00;103.97
2025-04-30 09:00:00;103.30
2025-04-30 09:15:00;103.30
2025-04-30 09:30:00;103.30
2025-04-30 09:45:00;103.30
2025-04-30 10:00:00;7.08
2025-04-30 10:15:00;7.08
2025-04-30 10:30:00;7.08
2025-04-30 10:45:00;7.08
2025-04-30 11:00:00;0.00
2025-04-30 11:15:00;0.00
2025-04-30 11:30:00;0.00
2025-04-30 11:45:00;0.00
2025-04-30 12:00:00;-1.00
2025-04-30 12:15:00;-1.00
2025-04-30 12:30:00;-1.00
2025-04-30 12:45:00;-1.00
2025-04-30 13:00:00;-6.21
2025-04-30 13:15:00;-6.21
2025-04-30 13:30:00;-6.21
2025-04-30 13:45:00;-6.21
2025-04-30 14:00:00;-3.00
2025-04-30 14:15:00;-3.00
2025-04-30 14:30:00;-3.00
2025-04-30 14:45:00;-3.00
2025-04-30 15:00:00;-0.02
2025-04-30 15:15:00;-0.02
2025-04-30 15:30:00;-0.02
2025-04-30 15:45:00;-0.02
2025-04-30 16:00:00;15.22
2025-04-30 16:15:00;15.22
2025-04-30 16:30:00;15.22
2025-04-30 16:45:00;15.22
2025-04-30 17:00:00;76.02
2025-04-30 17:15:00;76.02
2025-04-30 17:30:00;76.02
2025-04-30 17:45:00;76.02
2025-04-30 18:00:00;97.78
2025-04-30 18:15:00;97.78
2025-04-30 18:30:00;97.78
2025-04-30 18:45:00;97.78
2025-04-30 19:00:00;121.56
2025-04-30 19:15:00;121.56
2025-04-30 19:30:00;121.56
2025-04-30 19:45:00;121.56
2025-04-30 20:00:00;174.17
2025-04-30 20:15:00;174.17
2025-04-30 20:30:00;174.17
2025-04-30 20:45:00;174.17
2025-04-30 21:00:00;127.55
2025-04-30 21:15:00;127.55
2025-04-30 21:30:00;127.55
2025-04-30 21:45:00;127.55
2025-04-30 22:00:00;108.25
2025-04-30 22:15:00;108.25
2025-04-30 22:30:00;108.25
2025-04-30 22:45:00;108.25
2025-04-30 23:00:00;97.61
2025-04-30 23:15:00;97.61
2025-04-30 23:30:00;97.61
2025-04-30 23:45:00;97.61
2025-05-01 00:00:00;91.26
2025-05-01 00:15:00;91.26
2025-05-01 00:30:00;91.26
2025-05-01 00:45:00;91.26
2025-05-01 01:00:00;86.09
2025-05-01 01:15:00;86.09
2025-05-01 01:30:00;86.09
2025-05-01 01:45:00;86.09
2025-05-01 02:00:00;84.23
2025-05-01 02:15:00;84.23
2025-05-01 02:30:00;84.23
2025-05-01 02:45:00;84.23
2025-05-01 03:00:00;85.57
2025-05-01 03:15:00;85.57
2025-05-01 03:30:00;85.57
2025-05-01 03:45:00;85.57
2025-05-01 04:00:00;84.18
2025-05-01 04:15:00;84.18
2025-05-01 04:30:00;84.18
2025-05-01 04:45:00;84.18
2025-05-01 05:00:00;79.30
2025-05-01 05:15:00;79.30
2025-05-01 05:30:00;79.30
2025-05-01 05:45:00;79.30
2025-05-01 06:00:00;86.18
2025-05-01 06:15:00;86.18
2025-05-01 06:30:00;86.18
2025-05-01 06:45:00;86.18
2025-05-01 07:00:00;86.71
2025-05-01 07:15:00;86.71
2025-05-01 07:30:00;86.71
2025-05-01 07:45:00;86.71
2025-05-01 08:00:00;111.00
2025-05-01 08:15:00;111.00
2025-05-01 08:30:00;111.00
2025-05-01 08:45:00;111.00
2025-05-01 09:00:00;0.00
2025-05-01 09:15:00;0.00
2025-05-01 09:30:00;0.00
2025-05-01 09:45:00;0.00
2025-05-01 10:00:00;-3.00
2025-05-01 10:15:00;-3.00
2025-05-01 10:30:00;-3.00
2025-05-01 10:45:00;-3.00
2025-05-01 11:00:00;-40.10
2025-05-01 11:15:00;-40.10
2025-05-01 11:30:00;-40.10
2025-05-01 11:45:00;-40.10
2025-05-01 12:00:00;-139.52
2025-05-01 12:15:00;-139.52
2025-05-01 12:30:00;-139.52
2025-05-01 12:45:00;-139.52
2025-05-01 13:00:00;-159.38
2025-05-01 13:15:00;-159.38
2025-05-01 13:30:00;-159.38
2025-05-01 13:45:00;-159.38
2025-05-01 14:00:00;-118.09
2025-05-01 14:15:00;-118.09
2025-05-01 14:30:00;-118.09
2025-05-01 14:45:00;-118.09
2025-05-01 15:00:00;-49.99
2025-05-01 15:15:00;-49.99
2025-05-01 15:30:00;-49.99
2025-05-01 15:45:00;-49.99
2025-05-01 16:00:00;-5.17
2025-05-01 16:15:00;-5.17
2025-05-01 16:30:00;-5.17
2025-05-01 16:45:00;-5.17
2025-05-01 17:00:00;45.75
2025-05-01 17:15:00;45.75
2025-05-01 17:30:00;45.75
2025-05-01 17:45:00;45.75
2025-05-01 18:00:00;100.20
2025-05-01 18:15:00;100.20
2025-05-01 18:30:00;100.20
2025-05-01 18:45:00;100.20
2025-05-01 19:00:00;127.80
2025-05-01 19:15:00;127.80
2025-05-01 19:30:00;127.80
2025-05-01 19:45:00;127.80
2025-05-01 20:00:00;162.32
2025-05-01 20:15:00;162.32
2025-05-01 20:30:00;162.32
2025-05-01 20:45:00;162.32
2025-05-01 21:00:00;126.70
2025-05-01 21:15:00;126.70
2025-05-01 21:30:00;126.70
2025-05-01 21:45:00;126.70
2025-05-01 22:00:00;110.74
2025-05-01 22:15:00;110.74
2025-05-01 22:30:00;110.74
2025-05-01 22:45:00;110.74
2025-05-01 23:00:00;96.30
2025-05-01 23:15:00;96.30
2025-05-01 23:30:00;96.30
2025-05-01 23:45:00;96.30
2025-05-02 00:00:00;104.80
2025-05-02 00:15:00;104.80
2025-05-02 00:30:00;104.80
2025-05-02 00:45:00;104.80
2025-05-02 01:00:00;114.86
2025-05-02 01:15:00;114.86
2025-05-02 01:30:00;114.86
2025-05-02 01:45:00;114.86
2025-05-02 02:00:00;104.77
2025-05-02 02:15:00;104.77
2025-05-02 02:30:00;104.77
2025-05-02 02:45:00;104.77
2025-05-02 03:00:00;84.57
2025-05-02 03:15:00;84.57
2025-05-02 03:30:00;84.57
2025-05-02 03:45:00;84.57
2025-05-02 04:00:00;75.60
2025-05-02 04:15:00;75.60
2025-05-02 04:30:00;75.60
2025-05-02 04:45:00;75.60
2025-05-02 05:00:00;68.29
2025-05-02 05:15:00;68.29
2025-05-02 05:30:00;68.29
2025-05-02 05:45:00;68.29
2025-05-02 06:00:00;94.34
2025-05-02 06:15:00;94.34
2025-05-02 06:30:00;94.34
2025-05-02 06:45:00;94.34
2025-05-02 07:00:00;103.90
2025-05-02 07:15:00;103.90
2025-05-02 07:30:00;103.90
2025-05-02 07:45:00;103.90
2025-05-02 08:00:00;108.90
2025-05-02 08:15:00;108.90
2025-05-02 08:30:00;108.90
2025-05-02 08:45:00;108.90
2025-05-02 09:00:00;109.94
2025-05-02 09:15:00;109.94
2025-05-02 09:30:00;109.94
2025-05-02 09:45:00;109.94
2025-05-02 10:00:00;0.85
2025-05-02 10:15:00;0.85
2025-05-02 10:30:00;0.85
2025-05-02 10:45:00;0.85
2025-05-02 11:00:00;-0.01
2025-05-02 11:15:00;-0.01
2025-05-02 11:30:00;-0.01
2025-05-02 11:45:00;-0.01
2025-05-02 12:00:00;-0.80
2025-05-02 12:15:00;-0.80
2025-05-02 12:30:00;-0.80
2025-05-02 12:45:00;-0.80
2025-05-02 13:00:00;-3.00
2025-05-02 13:15:00;-3.00
2025-05-02 13:30:00;-3.00
2025-05-02 13:45:00;-3.00
2025-05-02 14:00:00;-4.00
2025-05-02 14:15:00;-4.00
2025-05-02 14:30:00;-4.00
2025-05-02 14:45:00;-4.00
2025-05-02 15:00:00;-0.08
2025-05-02 15:15:00;-0.08
2025-05-02 15:30:00;-0.08
2025-05-02 15:45:00;-0.08
2025-05-02 16:00:00;0.30
2025-05-02 16:15:00;0.30
2025-05-02 16:30:00;0.30
2025-05-02 16:45:00;0.30
2025-05-02 17:00:00;57.44
2025-05-02 17:15:00;57.44
2025-05-02 17:30:00;57.44
2025-05-02 17:45:00;57.44
2025-05-02 18:00:00;93.36
2025-05-02 18:15:00;93.36
2025-05-02 18:30:00;93.36
2025-05-02 18:45:00;93.36
2025-05-02 19:00:00;100.05
2025-05-02 19:15:00;100.05
2025-05-02 19:30:00;100.05
2025-05-02 19:45:00;100.05
2025-05-02 20:00:00;111.24
2025-05-02 20:15:00;111.24
2025-05-02 20:30:00;111.24
2025-05-02 20:45:00;111.24
2025-05-02 21:00:00;116.33
2025-05-02 21:15:00;116.33
2025-05-02 21:30:00;116.33
2025-05-02 21:45:00;116.33
2025-05-02 22:00:00;101.85
2025-05-02 22:15:00;101.85
2025-05-02 22:30:00;101.85
2025-05-02 22:45:00;101.85
2025-05-02 23:00:00;91.44
2025-05-02 23:15:00;91.44
2025-05-02 23:30:00;91.44
2025-05-02 23:45:00;91.44
2025-05-03 00:00:00;91.90
2025-05-03 00:15:00;91.90
2025-05-03 00:30:00;91.90
2025-05-03 00:45:00;91.90
2025-05-03 01:00:00;86.84
2025-05-03 01:15:00;86.84
2025-05-03 01:30:00;86.84
2025-05-03 01:45:00;86.84
2025-05-03 02:00:00;86.50
2025-05-03 02:15:00;86.50
2025-05-03 02:30:00;86.50
2025-05-03 02:45:00;86.50
2025-05-03 03:00:00;90.56
2025-05-03 03:15:00;90.56
2025-05-03 03:30:00;90.56
2025-05-03 03:45:00;90.56
2025-05-03 04:00:00;93.90
2025-05-03 04:15:00;93.90
2025-05-03 04:30:00;93.90
2025-05-03 04:45:00;93.90
2025-05-03 05:00:00;95.81
2025-05-03 05:15:00;95.81
2025-05-03 05:30:00;95.81
2025-05-03 05:45:00;95.81
2025-05-03 06:00:00;100.63
2025-05-03 06:15:00;100.63
2025-05-03 06:30:00;100.63
2025-05-03 06:45:00;100.63
2025-05-03 07:00:00;96.50
2025-05-03 07:15:00;96.50
2025-05-03 07:30:00;96.50
2025-05-03 07:45:00;96.50
2025-05-03 08:00:00;98.00
2025-05-03 08:15:00;98.00
2025-05-03 08:30:00;98.00
2025-05-03 08:45:00;98.00
2025-05-03 09:00:00;13.53
2025-05-03 09:15:00;13.53
2025-05-03 09:30:00;13.53
2025-05-03 09:45:00;13.53
2025-05-03 10:00:00;0.01
2025-05-03 10:15:00;0.01
2025-05-03 10:30:00;0.01
2025-05-03 10:45:00;0.01
2025-05-03 11:00:00;-0.01
2025-05-03 11:15:00;-0.01
2025-05-03 11:30:00;-0.01
2025-05-03 11:45:00;-0.01
2025-05-03 12:00:00;-1.16
2025-05-03 12:15:00;-1.16
2025-05-03 12:30:00;-1.16
2025-05-03 12:45:00;-1.16
2025-05-03 13:00:00;-3.04
2025-05-03 13:15:00;-3.04
2025-05-03 13:30:00;-3.04
2025-05-03 13:45:00;-3.04
2025-05-03 14:00:00;-2.69
2025-05-03 14:15:00;-2.69
2025-05-03 14:30:00;-2.69
2025-05-03 14:45:00;-2.69
2025-05-03 15:00:00;-0.03
2025-05-03 15:15:00;-0.03
2025-05-03 15:30:00;-0.03
2025-05-03 15:45:00;-0.03
2025-05-03 16:00:00;0.00
2025-05-03 16:15:00;0.00
2025-05-03 16:30:00;0.00
2025-05-03 16:45:00;0.00
2025-05-03 17:00:00;25.40
2025-05-03 17:15:00;25.40
2025-05-03 17:30:00;25.40
2025-05-03 17:45:00;25.40
2025-05-03 18:00:00;55.71
2025-05-03 18:15:00;55.71
2025-05-03 18:30:00;55.71
2025-05-03 18:45:00;55.71
2025-05-03 19:00:00;72.82
2025-05-03 19:15:00;72.82
2025-05-03 19:30:00;72.82
2025-05-03 19:45:00;72.82
2025-05-03 20:00:00;84.70
2025-05-03 20:15:00;84.70
2025-05-03 20:30:00;84.70
2025-05-03 20:45:00;84.70
2025-05-03 21:00:00;84.69
2025-05-03 21:15:00;84.69
2025-05-03 21:30:00;84.69
2025-05-03 21:45:00;84.69
2025-05-03 22:00:00;80.37
2025-05-03 22:15:00;80.37
2025-05-03 22:30:00;80.37
2025-05-03 22:45:00;80.37
2025-05-03 23:00:00;68.83
2025-05-03 23:15:00;68.83
2025-05-03 23:30:00;68.83
2025-05-03 23:45:00;68.83
2025-05-04 00:00:00;57.67
2025-05-04 00:15:00;57.67
2025-05-04 00:30:00;57.67
2025-05-04 00:45:00;57.67
2025-05-04 01:00:00;41.91
2025-05-04 01:15:00;41.91
2025-05-04 01:30:00;41.91
2025-05-04 01:45:00;41.91
2025-05-04 02:00:00;30.33
2025-05-04 02:15:00;30.33
2025-05-04 02:30:00;30.33
2025-05-04 02:45:00;30.33
2025-05-04 03:00:00;20.57
2025-05-04 03:15:00;20.57
2025-05-04 03:30:00;20.57
2025-05-04 03:45:00;20.57
2025-05-04 04:00:00;19.24
2025-05-04 04:15:00;19.24
2025-05-04 04:30:00;19.24
2025-05-04 04:45:00;19.24
2025-05-04 05:00:00;15.58
2025-05-04 05:15:00;15.58
2025-05-04 05:30:00;15.58
2025-05-04 05:45:00;15.58
2025-05-04 06:00:00;13.62
2025-05-04 06:15:00;13.62
2025-05-04 06:30:00;13.62
2025-05-04 06:45:00;13.62
2025-05-04 07:00:00;7.83
2025-05-04 07:15:00;7.83
2025-05-04 07:30:00;7.83
2025-05-04 07:45:00;7.83
2025-05-04 08:00:00;2.93
2025-05-04 08:15:00;2.93
2025-05-04 08:30:00;2.93
2025-05-04 08:45:00;2.93
2025-05-04 09:00:00;0.00
2025-05-04 09:15:00;0.00
2025-05-04 09:30:00;0.00
2025-05-04 09:45:00;0.00
2025-05-04 10:00:00;-0.01
2025-05-04 10:15:00;-0.01
2025-05-04 10:30:00;-0.01
2025-05-04 10:45:00;-0.01
2025-05-04 11:00:00;-0.01
2025-05-04 11:15:00;-0.01
2025-05-04 11:30:00;-0.01
2025-05-04 11:45:00;-0.01
2025-05-04 12:00:00;-0.02
2025-05-04 12:15:00;-0.02
2025-05-04 12:30:00;-0.02
2025-05-04 12:45:00;-0.02
2025-05-04 13:00:00;-2.00
2025-05-04 13:15:00;-2.00
2025-05-04 13:30:00;-2.00
2025-05-04 13:45:00;-2.00
2025-05-04 14:00:00;-5.01
2025-05-04 14:15:00;-5.01
2025-05-04 14:30:00;-5.01
2025-05-04 14:45:00;-5.01
2025-05-04 15:00:00;-1.59
2025-05-04 15:15:00;-1.59
2025-05-04 15:30:00;-1.59
2025-05-04 15:45:00;-1.59
2025-05-04 16:00:00;-0.01
2025-05-04 16:15:00;-0.01
2025-05-04 16:30:00;-0.01
2025-05-04 16:45:00;-0.01
2025-05-04 17:00:00;8.05
2025-05-04 17:15:00;8.05
2025-05-04 17:30:00;8.05
2025-05-04 17:45:00;8.05
2025-05-04 18:00:00;69.95
2025-05-04 18:15:00;69.95
2025-05-04 18:30:00;69.95
2025-05-04 18:45:00;69.95
2025-05-04 19:00:00;87.46
2025-05-04 19:15:00;87.46
2025-05-04 19:30:00;87.46
2025-05-04 19:45:00;87.46
2025-05-04 20:00:00;95.20
2025-05-04 20:15:00;95.20
2025-05-04 20:30:00;95.20
2025-05-04 20:45:00;95.20
2025-05-04 21:00:00;110.08
2025-05-04 21:15:00;110.08
2025-05-04 21:30:00;110.08
2025-05-04 21:45:00;110.08
2025-05-04 22:00:00;103.29
2025-05-04 22:15:00;103.29
2025-05-04 22:30:00;103.29
2025-05-04 22:45:00;103.29
2025-05-04 23:00:00;85.00
2025-05-04 23:15:00;85.00
2025-05-04 23:30:00;85.00
2025-05-04 23:45:00;85.00
2025-05-05 00:00:00;84.00
2025-05-05 00:15:00;84.00
2025-05-05 00:30:00;84.00
2025-05-05 00:45:00;84.00
2025-05-05 01:00:00;74.40
2025-05-05 01:15:00;74.40
2025-05-05 01:30:00;74.40
2025-05-05 01:45:00;74.40
2025-05-05 02:00:00;81.24
2025-05-05 02:15:00;81.24
2025-05-05 02:30:00;81.24
2025-05-05 02:45:00;81.24
2025-05-05 03:00:00;85.16
2025-05-05 03:15:00;85.16
2025-05-05 03:30:00;85.16
2025-05-05 03:45:00;85.16
2025-05-05 04:00:00;81.21
2025-05-05 04:15:00;81.21
2025-05-05 04:30:00;81.21
2025-05-05 04:45:00;81.21
2025-05-05 05:00:00;88.27
2025-05-05 05:15:00;88.27
2025-05-05 05:30:00;88.27
2025-05-05 05:45:00;88.27
2025-05-05 06:00:00;115.89
2025-05-05 06:15:00;115.89
2025-05-05 06:30:00;115.89
2025-05-05 06:45:00;115.89
2025-05-05 07:00:00;114.51
2025-05-05 07:15:00;114.51
2025-05-05 07:30:00;114.51
2025-05-05 07:45:00;114.51
2025-05-05 08:00:00;94.22
2025-05-05 08:15:00;94.22
2025-05-05 08:30:00;94.22
2025-05-05 08:45:00;94.22
2025-05-05 09:00:00;72.54
2025-05-05 09:15:00;72.54
2025-05-05 09:30:00;72.54
2025-05-05 09:45:00;72.54
2025-05-05 10:00:00;61.80
2025-05-05 10:15:00;61.80
2025-05-05 10:30:00;61.80
2025-05-05 10:45:00;61.80
2025-05-05 11:00:00;47.14
2025-05-05 11:15:00;47.14
2025-05-05 11:30:00;47.14
2025-05-05 11:45:00;47.14
2025-05-05 12:00:00;-9.56
2025-05-05 12:15:00;-9.56
2025-05-05 12:30:00;-9.56
2025-05-05 12:45:00;-9.56
2025-05-05 13:00:00;0.00
2025-05-05 13:15:00;0.00
2025-05-05 13:30:00;0.00
2025-05-05 13:45:00;0.00
2025-05-05 14:00:00;-14.72
2025-05-05 14:15:00;-14.72
2025-05-05 14:30:00;-14.72
2025-05-05 14:45:00;-14.72
2025-05-05 15:00:00;0.40
2025-05-05 15:15:00;0.40
2025-05-05 15:30:00;0.40
2025-05-05 15:45:00;0.40
2025-05-05 16:00:00;16.16
2025-05-05 16:15:00;16.16
2025-05-05 16:30:00;16.16
2025-05-05 16:45:00;16.16
2025-05-05 17:00:00;66.93
2025-05-05 17:15:00;66.93
2025-05-05 17:30:00;66.93
2025-05-05 17:45:00;66.93
2025-05-05 18:00:00;75.30
2025-05-05 18:15:00;75.30
2025-05-05 18:30:00;75.30
2025-05-05 18:45:00;75.30
2025-05-05 19:00:00;97.06
2025-05-05 19:15:00;97.06
2025-05-05 19:30:00;97.06
2025-05-05 19:45:00;97.06
2025-05-05 20:00:00;119.27
2025-05-05 20:15:00;119.27
2025-05-05 20:30:00;119.27
2025-05-05 20:45:00;119.27
2025-05-05 21:00:00;117.42
2025-05-05 21:15:00;117.42
2025-05-05 21:30:00;117.42
2025-05-05 21:45:00;117.42
2025-05-05 22:00:00;100.00
2025-05-05 22:15:00;100.00
2025-05-05 22:30:00;100.00
2025-05-05 22:45:00;100.00
2025-05-05 23:00:00;87.18
2025-05-05 23:15:00;87.18
2025-05-05 23:30:00;87.18
2025-05-05 23:45:00;87.18
2025-05-06 00:00:00;58.51
2025-05-06 00:15:00;58.51
2025-05-06 00:30:00;58.51
2025-05-06 00:45:00;58.51
2025-05-06 01:00:00;67.57
2025-05-06 01:15:00;67.57
2025-05-06 01:30:00;67.57
2025-05-06 01:45:00;67.57
2025-05-06 02:00:00;76.82
2025-05-06 02:15:00;76.82
2025-05-06 02:30:00;76.82
2025-05-06 02:45:00;76.82
2025-05-06 03:00:00;76.90
2025-05-06 03:15:00;76.90
2025-05-06 03:30:00;76.90
2025-05-06 03:45:00;76.90
2025-05-06 04:00:00;79.68
2025-05-06 04:15:00;79.68
2025-05-06 04:30:00;79.68
2025-05-06 04:45:00;79.68
2025-05-06 05:00:00;70.00
2025-05-06 05:15:00;70.00
2025-05-06 05:30:00;70.00
2025-05-06 05:45:00;70.00
2025-05-06 06:00:00;85.00
2025-05-06 06:15:00;85.00
2025-05-06 06:30:00;85.00
2025-05-06 06:45:00;85.00
2025-05-06 07:00:00;122.88
2025-05-06 07:15:00;122.88
2025-05-06 07:30:00;122.88
2025-05-06 07:45:00;122.88
2025-05-06 08:00:00;103.71
2025-05-06 08:15:00;103.71
2025-05-06 08:30:00;103.71
2025-05-06 08:45:00;103.71
2025-05-06 09:00:00;77.78
2025-05-06 09:15:00;77.78
2025-05-06 09:30:00;77.78
2025-05-06 09:45:00;77.78
2025-05-06 10:00:00;55.53
2025-05-06 10:15:00;55.53
2025-05-06 10:30:00;55.53
2025-05-06 10:45:00;55.53
2025-05-06 11:00:00;44.88
2025-05-06 11:15:00;44.88
2025-05-06 11:30:00;44.88
2025-05-06 11:45:00;44.88
2025-05-06 12:00:00;33.52
2025-05-06 12:15:00;33.52
2025-05-06 12:30:00;33.52
2025-05-06 12:45:00;33.52
2025-05-06 13:00:00;27.95
2025-05-06 13:15:00;27.95
2025-05-06 13:30:00;27.95
2025-05-06 13:45:00;27.95
2025-05-06 14:00:00;33.44
2025-05-06 14:15:00;33.44
2025-05-06 14:30:00;33.44
2025-05-06 14:45:00;33.44
2025-05-06 15:00:00;48.26
2025-05-06 15:15:00;48.26
2025-05-06 15:30:00;48.26
2025-05-06 15:45:00;48.26
2025-05-06 16:00:00;54.77
2025-05-06 16:15:00;54.77
2025-05-06 16:30:00;54.77
2025-05-06 16:45:00;54.77
2025-05-06 17:00:00;67.51
2025-05-06 17:15:00;67.51
2025-05-06 17:30:00;67.51
2025-05-06 17:45:00;67.51
2025-05-06 18:00:00;79.90
2025-05-06 18:15:00;79.90
2025-05-06 18:30:00;79.90
2025-05-06 18:45:00;79.90
2025-05-06 19:00:00;112.81
2025-05-06 19:15:00;112.81
2025-05-06 19:30:00;112.81
2025-05-06 19:45:00;112.81
2025-05-06 20:00:00;136.61
2025-05-06 20:15:00;136.61
2025-05-06 20:30:00;136.61
2025-05-06 20:45:00;136.61
2025-05-06 21:00:00;126.22
2025-05-06 21:15:00;126.22
2025-05-06 21:30:00;126.22
2025-05-06 21:45:00;126.22
2025-05-06 22:00:00;112.58
2025-05-06 22:15:00;112.58
2025-05-06 22:30:00;112.58
2025-05-06 22:45:00;112.58
2025-05-06 23:00:00;99.97
2025-05-06 23:15:00;99.97
2025-05-06 23:30:00;99.97
2025-05-06 23:45:00;99.97
2025-05-07 00:00:00;85.59
2025-05-07 00:15:00;85.59
2025-05-07 00:30:00;85.59
2025-05-07 00:45:00;85.59
2025-05-07 01:00:00;80.08
2025-05-07 01:15:00;80.08
2025-05-07 01:30:00;80.08
2025-05-07 01:45:00;80.08
2025-05-07 02:00:00;79.51
2025-05-07 02:15:00;79.51
2025-05-07 02:30:00;79.51
2025-05-07 02:45:00;79.51
2025-05-07 03:00:00;82.83
2025-05-07 03:15:00;82.83
2025-05-07 03:30:00;82.83
2025-05-07 03:45:00;82.83
2025-05-07 04:00:00;95.00
2025-05-07 04:15:00;95.00
2025-05-07 04:30:00;95.00
2025-05-07 04:45:00;95.00
2025-05-07 05:00:00;102.53
2025-05-07 05:15:00;102.53
2025-05-07 05:30:00;102.53
2025-05-07 05:45:00;102.53
2025-05-07 06:00:00;131.68
2025-05-07 06:15:00;131.68
2025-05-07 06:30:00;131.68
2025-05-07 06:45:00;131.68
2025-05-07 07:00:00;132.23
2025-05-07 07:15:00;132.23
2025-05-07 07:30:00;132.23
2025-05-07 07:45:00;132.23
2025-05-07 08:00:00;129.20
2025-05-07 08:15:00;129.20
2025-05-07 08:30:00;129.20
2025-05-07 08:45:00;129.20
2025-05-07 09:00:00;95.43
2025-05-07 09:15:00;95.43
2025-05-07 09:30:00;95.43
2025-05-07 09:45:00;95.43
2025-05-07 10:00:00;76.36
2025-05-07 10:15:00;76.36
2025-05-07 10:30:00;76.36
2025-05-07 10:45:00;76.36
2025-05-07 11:00:00;60.00
2025-05-07 11:15:00;60.00
2025-05-07 11:30:00;60.00
2025-05-07 11:45:00;60.00
2025-05-07 12:00:00;49.98
2025-05-07 12:15:00;49.98
2025-05-07 12:30:00;49.98
2025-05-07 12:45:00;49.98
2025-05-07 13:00:00;48.72
2025-05-07 13:15:00;48.72
2025-05-07 13:30:00;48.72
2025-05-07 13:45:00;48.72
2025-05-07 14:00:00;51.70
2025-05-07 14:15:00;51.70
2025-05-07 14:30:00;51.70
2025-05-07 14:45:00;51.70
2025-05-07 15:00:00;58.65
2025-05-07 15:15:00;58.65
2025-05-07 15:30:00;58.65
2025-05-07 15:45:00;58.65
2025-05-07 16:00:00;64.00
2025-05-07 16:15:00;64.00
2025-05-07 16:30:00;64.00
2025-05-07 16:45:00;64.00
2025-05-07 17:00:00;73.74
2025-05-07 17:15:00;73.74
2025-05-07 17:30:00;73.74
2025-05-07 17:45:00;73.74
2025-05-07 18:00:00;91.79
2025-05-07 18:15:00;91.79
2025-05-07 18:30:00;91.79
2025-05-07 18:45:00;91.79
2025-05-07 19:00:00;111.02
2025-05-07 19:15:00;111.02
2025-05-07 19:30:00;111.02
2025-05-07 19:45:00;111.02
2025-05-07 20:00:00;125.00
2025-05-07 20:15:00;125.00
2025-05-07 20:30:00;125.00
2025-05-07 20:45:00;125.00
2025-05-07 21:00:00;120.80
2025-05-07 21:15:00;120.80
2025-05-07 21:30:00;120.80
2025-05-07 21:45:00;120.80
2025-05-07 22:00:00;103.94
2025-05-07 22:15:00;103.94
2025-05-07 22:30:00;103.94
2025-05-07 22:45:00;103.94
2025-05-07 23:00:00;91.12
2025-05-07 23:15:00;91.12
2025-05-07 23:30:00;91.12
2025-05-07 23:45:00;91.12
2025-05-08 00:00:00;89.17
2025-05-08 00:15:00;89.17
2025-05-08 00:30:00;89.17
2025-05-08 00:45:00;89.17
2025-05-08 01:00:00;85.25
2025-05-08 01:15:00;85.25
2025-05-08 01:30:00;85.25
2025-05-08 01:45:00;85.25
2025-05-08 02:00:00;85.04
2025-05-08 02:15:00;85.04
2025-05-08 02:30:00;85.04
2025-05-08 02:45:00;85.04
2025-05-08 03:00:00;85.52
2025-05-08 03:15:00;85.52
2025-05-08 03:30:00;85.52
2025-05-08 03:45:00;85.52
2025-05-08 04:00:00;93.75
2025-05-08 04:15:00;93.75
2025-05-08 04:30:00;93.75
2025-05-08 04:45:00;93.75
2025-05-08 05:00:00;106.37
2025-05-08 05:15:00;106.37
2025-05-08 05:30:00;106.37
2025-05-08 05:45:00;106.37
2025-05-08 06:00:00;121.13
2025-05-08 06:15:00;121.13
2025-05-08 06:30:00;121.13
2025-05-08 06:45:00;121.13
2025-05-08 07:00:00;130.00
2025-05-08 07:15:00;130.00
2025-05-08 07:30:00;130.00
2025-05-08 07:45:00;130.00
2025-05-08 08:00:00;127.59
2025-05-08 08:15:00;127.59
2025-05-08 08:30:00;127.59
2025-05-08 08:45:00;127.59
2025-05-08 09:00:00;93.46
2025-05-08 09:15:00;93.46
2025-05-08 09:30:00;93.46
2025-05-08 09:45:00;93.46
2025-05-08 10:00:00;77.66
2025-05-08 10:15:00;77.66
2025-05-08 10:30:00;77.66
2025-05-08 10:45:00;77.66
2025-05-08 11:00:00;56.02
2025-05-08 11:15:00;56.02
2025-05-08 11:30:00;56.02
2025-05-08 11:45:00;56.02
2025-05-08 12:00:00;46.00
2025-05-08 12:15:00;46.00
2025-05-08 12:30:00;46.00
2025-05-08 12:45:00;46.00
2025-05-08 13:00:00;41.63
2025-05-08 13:15:00;41.63
2025-05-08 13:30:00;41.63
2025-05-08 13:45:00;41.63
2025-05-08 14:00:00;46.49
2025-05-08 14:15:00;46.49
2025-05-08 14:30:00;46.49
2025-05-08 14:45:00;46.49
2025-05-08 15:00:00;55.31
2025-05-08 15:15:00;55.31
2025-05-08 15:30:00;55.31
2025-05-08 15:45:00;55.31
2025-05-08 16:00:00;65.81
2025-05-08 16:15:00;65.81
2025-05-08 16:30:00;65.81
2025-05-08 16:45:00;65.81
2025-05-08 17:00:00;70.55
2025-05-08 17:15:00;70.55
2025-05-08 17:30:00;70.55
2025-05-08 17:45:00;70.55
2025-05-08 18:00:00;84.70
2025-05-08 18:15:00;84.70
2025-05-08 18:30:00;84.70
2025-05-08 18:45:00;84.70
2025-05-08 19:00:00;117.00
2025-05-08 19:15:00;117.00
2025-05-08 19:30:00;117.00
2025-05-08 19:45:00;117.00
2025-05-08 20:00:00;128.00
2025-05-08 20:15:00;128.00
2025-05-08 20:30:00;128.00
2025-05-08 20:45:00;128.00
2025-05-08 21:00:00;117.40
2025-05-08 21:15:00;117.40
2025-05-08 21:30:00;117.40
2025-05-08 21:45:00;117.40
2025-05-08 22:00:00;108.49
2025-05-08 22:15:00;108.49
2025-05-08 22:30:00;108.49
2025-05-08 22:45:00;108.49
2025-05-08 23:00:00;100.14
2025-05-08 23:15:00;100.14
2025-05-08 23:30:00;100.14
2025-05-08 23:45:00;100.14
2025-05-09 00:00:00;101.66
2025-05-09 00:15:00;101.66
2025-05-09 00:30:00;101.66
2025-05-09 00:45:00;101.66
2025-05-09 01:00:00;88.28
2025-05-09 01:15:00;88.28
2025-05-09 01:30:00;88.28
2025-05-09 01:45:00;88.28
2025-05-09 02:00:00;85.85
2025-05-09 02:15:00;85.85
2025-05-09 02:30:00;85.85
2025-05-09 02:45:00;85.85
2025-05-09 03:00:00;87.04
2025-05-09 03:15:00;87.04
2025-05-09 03:30:00;87.04
2025-05-09 03:45:00;87.04
2025-05-09 04:00:00;92.90
2025-05-09 04:15:00;92.90
2025-05-09 04:30:00;92.90
2025-05-09 04:45:00;92.90
2025-05-09 05:00:00;88.33
2025-05-09 05:15:00;88.33
2025-05-09 05:30:00;88.33
2025-05-09 05:45:00;88.33
2025-05-09 06:00:00;140.87
2025-05-09 06:15:00;140.87
2025-05-09 06:30:00;140.87
2025-05-09 06:45:00;140.87
2025-05-09 07:00:00;121.00
2025-05-09 07:15:00;121.00
2025-05-09 07:30:00;121.00
2025-05-09 07:45:00;121.00
2025-05-09 08:00:00;100.61
2025-05-09 08:15:00;100.61
2025-05-09 08:30:00;100.61
2025-05-09 08:45:00;100.61
2025-05-09 09:00:00;75.29
2025-05-09 09:15:00;75.29
2025-05-09 09:30:00;75.29
2025-05-09 09:45:00;75.29
2025-05-09 10:00:00;41.33
2025-05-09 10:15:00;41.33
2025-05-09 10:30:00;41.33
2025-05-09 10:45:00;41.33
2025-05-09 11:00:00;0.22
2025-05-09 11:15:00;0.22
2025-05-09 11:30:00;0.22
2025-05-09 11:45:00;0.22
2025-05-09 12:00:00;-0.37
2025-05-09 12:15:00;-0.37
2025-05-09 12:30:00;-0.37
2025-05-09 12:45:00;-0.37
2025-05-09 13:00:00;-0.02
2025-05-09 13:15:00;-0.02
2025-05-09 13:30:00;-0.02
2025-05-09 13:45:00;-0.02
2025-05-09 14:00:00;-0.01
2025-05-09 14:15:00;-0.01
2025-05-09 14:30:00;-0.01
2025-05-09 14:45:00;-0.01
2025-05-09 15:00:00;0.06
2025-05-09 15:15:00;0.06
2025-05-09 15:30:00;0.06
2025-05-09 15:45:00;0.06
2025-05-09 16:00:00;40.47
2025-05-09 16:15:00;40.47
2025-05-09 16:30:00;40.47
2025-05-09 16:45:00;40.47
2025-05-09 17:00:00;61.75
2025-05-09 17:15:00;61.75
2025-05-09 17:30:00;61.75
2025-05-09 17:45:00;61.75
2025-05-09 18:00:00;55.54
2025-05-09 18:15:00;55.54
2025-05-09 18:30:00;55.54
2025-05-09 18:45:00;55.54
2025-05-09 19:00:00;80.00
2025-05-09 19:15:00;80.00
2025-05-09 19:30:00;80.00
2025-05-09 19:45:00;80.00
2025-05-09 20:00:00;114.29
2025-05-09 20:15:00;114.29
2025-05-09 20:30:00;114.29
2025-05-09 20:45:00;114.29
2025-05-09 21:00:00;122.50
2025-05-09 21:15:00;122.50
2025-05-09 21:30:00;122.50
2025-05-09 21:45:00;122.50
2025-05-09 22:00:00;104.80
2025-05-09 22:15:00;104.80
2025-05-09 22:30:00;104.80
2025-05-09 22:45:00;104.80
2025-05-09 23:00:00;96.40
2025-05-09 23:15:00;96.40
2025-05-09 23:30:00;96.40
2025-05-09 23:45:00;96.40
2025-05-10 00:00:00;114.26
2025-05-10 00:15:00;114.26
2025-05-10 00:30:00;114.26
2025-05-10 00:45:00;114.26
2025-05-10 01:00:00;94.00
2025-05-10 01:15:00;94.00
2025-05-10 01:30:00;94.00
2025-05-10 01:45:00;94.00
2025-05-10 02:00:00;90.09
2025-05-10 02:15:00;90.09
2025-05-10 02:30:00;90.09
2025-05-10 02:45:00;90.09
2025-05-10 03:00:00;93.31
2025-05-10 03:15:00;93.31
2025-05-10 03:30:00;93.31
2025-05-10 03:45:00;93.31
2025-05-10 04:00:00;98.90
2025-05-10 04:15:00;98.90
2025-05-10 04:30:00;98.90
2025-05-10 04:45:00;98.90
2025-05-10 05:00:00;97.95
2025-05-10 05:15:00;97.95
2025-05-10 05:30:00;97.95
2025-05-10 05:45:00;97.95
2025-05-10 06:00:00;95.47
2025-05-10 06:15:00;95.47
2025-05-10 06:30:00;95.47
2025-05-10 06:45:00;95.47
2025-05-10 07:00:00;94.63
2025-05-10 07:15:00;94.63
2025-05-10 07:30:00;94.63
2025-05-10 07:45:00;94.63
2025-05-10 08:00:00;61.61
2025-05-10 08:15:00;61.61
2025-05-10 08:30:00;61.61
2025-05-10 08:45:00;61.61
2025-05-10 09:00:00;7.70
2025-05-10 09:15:00;7.70
2025-05-10 09:30:00;7.70
2025-05-10 09:45:00;7.70
2025-05-10 10:00:00;-0.07
2025-05-10 10:15:00;-0.07
2025-05-10 10:30:00;-0.07
2025-05-10 10:45:00;-0.07
2025-05-10 11:00:00;-22.97
2025-05-10 11:15:00;-22.97
2025-05-10 11:30:00;-22.97
2025-05-10 11:45:00;-22.97
2025-05-10 12:00:00;-83.73
2025-05-10 12:15:00;-83.73
2025-05-10 12:30:00;-83.73
2025-05-10 12:45:00;-83.73
2025-05-10 13:00:00;-140.77
2025-05-10 13:15:00;-140.77
2025-05-10 13:30:00;-140.77
2025-05-10 13:45:00;-140.77
2025-05-10 14:00:00;-110.81
2025-05-10 14:15:00;-110.81
2025-05-10 14:30:00;-110.81
2025-05-10 14:45:00;-110.81
2025-05-10 15:00:00;-49.49
2025-05-10 15:15:00;-49.49
2025-05-10 15:30:00;-49.49
2025-05-10 15:45:00;-49.49
2025-05-10 16:00:00;-5.88
2025-05-10 16:15:00;-5.88
2025-05-10 16:30:00;-5.88
2025-05-10 16:45:00;-5.88
2025-05-10 17:00:00;17.84
2025-05-10 17:15:00;17.84
2025-05-10 17:30:00;17.84
2025-05-10 17:45:00;17.84
2025-05-10 18:00:00;75.63
2025-05-10 18:15:00;75.63
2025-05-10 18:30:00;75.63
2025-05-10 18:45:00;75.63
2025-05-10 19:00:00;96.52
2025-05-10 19:15:00;96.52
2025-05-10 19:30:00;96.52
2025-05-10 19:45:00;96.52
2025-05-10 20:00:00;131.25
2025-05-10 20:15:00;131.25
2025-05-10 20:30:00;131.25
2025-05-10 20:45:00;131.25
2025-05-10 21:00:00;105.80
2025-05-10 21:15:00;105.80
2025-05-10 21:30:00;105.80
2025-05-10 21:45:00;105.80
2025-05-10 22:00:00;99.96
2025-05-10 22:15:00;99.96
2025-05-10 22:30:00;99.96
2025-05-10 22:45:00;99.96
2025-05-10 23:00:00;87.46
2025-05-10 23:15:00;87.46
2025-05-10 23:30:00;87.46
2025-05-10 23:45:00;87.46
2025-05-11 00:00:00;101.25
2025-05-11 00:15:00;101.25
2025-05-11 00:30:00;101.25
2025-05-11 00:45:00;101.25
2025-05-11 01:00:00;87.47
2025-05-11 01:15:00;87.47
2025-05-11 01:30:00;87.47
2025-05-11 01:45:00;87.47
2025-05-11 02:00:00;88.30
2025-05-11 02:15:00;88.30
2025-05-11 02:30:00;88.30
2025-05-11 02:45:00;88.30
2025-05-11 03:00:00;86.74
2025-05-11 03:15:00;86.74
2025-05-11 03:30:00;86.74
2025-05-11 03:45:00;86.74
2025-05-11 04:00:00;86.40
2025-05-11 04:15:00;86.40
2025-05-11 04:30:00;86.40
2025-05-11 04:45:00;86.40
2025-05-11 05:00:00;86.26
2025-05-11 05:15:00;86.26
2025-05-11 05:30:00;86.26
2025-05-11 05:45:00;86.26
2025-05-11 06:00:00;79.46
2025-05-11 06:15:00;79.46
2025-05-11 06:30:00;79.46
2025-05-11 06:45:00;79.46
2025-05-11 07:00:00;60.07
2025-05-11 07:15:00;60.07
2025-05-11 07:30:00;60.07
2025-05-11 07:45:00;60.07
2025-05-11 08:00:00;4.96
2025-05-11 08:15:00;4.96
2025-05-11 08:30:00;4.96
2025-05-11 08:45:00;4.96
2025-05-11 09:00:00;-0.10
2025-05-11 09:15:00;-0.10
2025-05-11 09:30:00;-0.10
2025-05-11 09:45:00;-0.10
2025-05-11 10:00:00;-12.01
2025-05-11 10:15:00;-12.01
2025-05-11 10:30:00;-12.01
2025-05-11 10:45:00;-12.01
2025-05-11 11:00:00;-86.91
2025-05-11 11:15:00;-86.91
2025-05-11 11:30:00;-86.91
2025-05-11 11:45:00;-86.91
2025-05-11 12:00:00;-450.00
2025-05-11 12:15:00;-450.00
2025-05-11 12:30:00;-450.00
2025-05-11 12:45:00;-450.00
2025-05-11 13:00:00;-462.33
2025-05-11 13:15:00;-462.33
2025-05-11 13:30:00;-462.33
2025-05-11 13:45:00;-462.33
2025-05-11 14:00:00;-378.67
2025-05-11 14:15:00;-378.67
2025-05-11 14:30:00;-378.67
2025-05-11 14:45:00;-378.67
2025-05-11 15:00:00;-110.00
2025-05-11 15:15:00;-110.00
2025-05-11 15:30:00;-110.00
2025-05-11 15:45:00;-110.00
2025-05-11 16:00:00;-18.47
2025-05-11 16:15:00;-18.47
2025-05-11 16:30:00;-18.47
2025-05-11 16:45:00;-18.47
2025-05-11 17:00:00;-0.11
2025-05-11 17:15:00;-0.11
2025-05-11 17:30:00;-0.11
2025-05-11 17:45:00;-0.11
2025-05-11 18:00:00;69.35
2025-05-11 18:15:00;69.35
2025-05-11 18:30:00;69.35
2025-05-11 18:45:00;69.35
2025-05-11 19:00:00;108.28
2025-05-11 19:15:00;108.28
2025-05-11 19:30:00;108.28
2025-05-11 19:45:00;108.28
2025-05-11 20:00:00;127.00
2025-05-11 20:15:00;127.00
2025-05-11 20:30:00;127.00
2025-05-11 20:45:00;127.00
2025-05-11 21:00:00;120.00
2025-05-11 21:15:00;120.00
2025-05-11 21:30:00;120.00
2025-05-11 21:45:00;120.00
2025-05-11 22:00:00;93.32
2025-05-11 22:15:00;93.32
2025-05-11 22:30:00;93.32
2025-05-11 22:45:00;93.32
2025-05-11 23:00:00;80.39
2025-05-11 23:15:00;80.39
2025-05-11 23:30:00;80.39
2025-05-11 23:45:00;80.39
2025-05-12 00:00:00;79.15
2025-05-12 00:15:00;79.15
2025-05-12 00:30:00;79.15
2025-05-12 00:45:00;79.15
2025-05-12 01:00:00;74.83
2025-05-12 01:15:00;74.83
2025-05-12 01:30:00;74.83
2025-05-12 01:45:00;74.83
2025-05-12 02:00:00;74.73
2025-05-12 02:15:00;74.73
2025-05-12 02:30:00;74.73
2025-05-12 02:45:00;74.73
2025-05-12 03:00:00;75.06
2025-05-12 03:15:00;75.06
2025-05-12 03:30:00;75.06
2025-05-12 03:45:00;75.06
2025-05-12 04:00:00;77.73
2025-05-12 04:15:00;77.73
2025-05-12 04:30:00;77.73
2025-05-12 04:45:00;77.73
2025-05-12 05:00:00;86.00
2025-05-12 05:15:00;86.00
2025-05-12 05:30:00;86.00
2025-05-12 05:45:00;86.00
2025-05-12 06:00:00;109.80
2025-05-12 06:15:00;109.80
2025-05-12 06:30:00;109.80
2025-05-12 06:45:00;109.80
2025-05-12 07:00:00;114.85
2025-05-12 07:15:00;114.85
2025-05-12 07:30:00;114.85
2025-05-12 07:45:00;114.85
2025-05-12 08:00:00;106.21
2025-05-12 08:15:00;106.21
2025-05-12 08:30:00;106.21
2025-05-12 08:45:00;106.21
2025-05-12 09:00:00;58.02
2025-05-12 09:15:00;58.02
2025-05-12 09:30:00;58.02
2025-05-12 09:45:00;58.02
2025-05-12 10:00:00;4.73
2025-05-12 10:15:00;4.73
2025-05-12 10:30:00;4.73
2025-05-12 10:45:00;4.73
2025-05-12 11:00:00;-0.01
2025-05-12 11:15:00;-0.01
2025-05-12 11:30:00;-0.01
2025-05-12 11:45:00;-0.01
2025-05-12 12:00:00;-0.10
2025-05-12 12:15:00;-0.10
2025-05-12 12:30:00;-0.10
2025-05-12 12:45:00;-0.10
2025-05-12 13:00:00;-30.00
2025-05-12 13:15:00;-30.00
2025-05-12 13:30:00;-30.00
2025-05-12 13:45:00;-30.00
2025-05-12 14:00:00;-4.00
2025-05-12 14:15:00;-4.00
2025-05-12 14:30:00;-4.00
2025-05-12 14:45:00;-4.00
2025-05-12 15:00:00;-0.02
2025-05-12 15:15:00;-0.02
2025-05-12 15:30:00;-0.02
2025-05-12 15:45:00;-0.02
2025-05-12 16:00:00;-1.64
2025-05-12 16:15:00;-1.64
2025-05-12 16:30:00;-1.64
2025-05-12 16:45:00;-1.64
2025-05-12 17:00:00;57.23
2025-05-12 17:15:00;57.23
2025-05-12 17:30:00;57.23
2025-05-12 17:45:00;57.23
2025-05-12 18:00:00;85.61
2025-05-12 18:15:00;85.61
2025-05-12 18:30:00;85.61
2025-05-12 18:45:00;85.61
2025-05-12 19:00:00;119.81
2025-05-12 19:15:00;119.81
2025-05-12 19:30:00;119.81
2025-05-12 19:45:00;119.81
2025-05-12 20:00:00;117.72
2025-05-12 20:15:00;117.72
2025-05-12 20:30:00;117.72
2025-05-12 20:45:00;117.72
2025-05-12 21:00:00;119.06
2025-05-12 21:15:00;119.06
2025-05-12 21:30:00;119.06
2025-05-12 21:45:00;119.06
2025-05-12 22:00:00;101.98
2025-05-12 22:15:00;101.98
2025-05-12 22:30:00;101.98
2025-05-12 22:45:00;101.98
2025-05-12 23:00:00;87.99
2025-05-12 23:15:00;87.99
2025-05-12 23:30:00;87.99
2025-05-12 23:45:00;87.99
2025-05-13 00:00:00;84.22
2025-05-13 00:15:00;84.22
2025-05-13 00:30:00;84.22
2025-05-13 00:45:00;84.22
2025-05-13 01:00:00;80.30
2025-05-13 01:15:00;80.30
2025-05-13 01:30:00;80.30
2025-05-13 01:45:00;80.30
2025-05-13 02:00:00;81.92
2025-05-13 02:15:00;81.92
2025-05-13 02:30:00;81.92
2025-05-13 02:45:00;81.92
2025-05-13 03:00:00;89.94
2025-05-13 03:15:00;89.94
2025-05-13 03:30:00;89.94
2025-05-13 03:45:00;89.94
2025-05-13 04:00:00;92.25
2025-05-13 04:15:00;92.25
2025-05-13 04:30:00;92.25
2025-05-13 04:45:00;92.25
2025-05-13 05:00:00;92.88
2025-05-13 05:15:00;92.88
2025-05-13 05:30:00;92.88
2025-05-13 05:45:00;92.88
2025-05-13 06:00:00;113.94
2025-05-13 06:15:00;113.94
2025-05-13 06:30:00;113.94
2025-05-13 06:45:00;113.94
2025-05-13 07:00:00;122.05
2025-05-13 07:15:00;122.05
2025-05-13 07:30:00;122.05
2025-05-13 07:45:00;122.05
2025-05-13 08:00:00;104.45
2025-05-13 08:15:00;104.45
2025-05-13 08:30:00;104.45
2025-05-13 08:45:00;104.45
2025-05-13 09:00:00;72.76
2025-05-13 09:15:00;72.76
2025-05-13 09:30:00;72.76
2025-05-13 09:45:00;72.76
2025-05-13 10:00:00;16.25
2025-05-13 10:15:00;16.25
2025-05-13 10:30:00;16.25
2025-05-13 10:45:00;16.25
2025-05-13 11:00:00;-0.82
2025-05-13 11:15:00;-0.82
2025-05-13 11:30:00;-0.82
2025-05-13 11:45:00;-0.82
2025-05-13 12:00:00;2.29
2025-05-13 12:15:00;2.29
2025-05-13 12:30:00;2.29
2025-05-13 12:45:00;2.29
2025-05-13 13:00:00;-26.44
2025-05-13 13:15:00;-26.44
2025-05-13 13:30:00;-26.44
2025-05-13 13:45:00;-26.44
2025-05-13 14:00:00;-7.30
2025-05-13 14:15:00;-7.30
2025-05-13 14:30:00;-7.30
2025-05-13 14:45:00;-7.30
2025-05-13 15:00:00;-3.23
2025-05-13 15:15:00;-3.23
2025-05-13 15:30:00;-3.23
2025-05-13 15:45:00;-3.23
2025-05-13 16:00:00;0.63
2025-05-13 16:15:00;0.63
2025-05-13 16:30:00;0.63
2025-05-13 16:45:00;0.63
2025-05-13 17:00:00;64.06
2025-05-13 17:15:00;64.06
2025-05-13 17:30:00;64.06
2025-05-13 17:45:00;64.06
2025-05-13 18:00:00;90.07
2025-05-13 18:15:00;90.07
2025-05-13 18:30:00;90.07
2025-05-13 18:45:00;90.07
2025-05-13 19:00:00;125.00
2025-05-13 19:15:00;125.00
2025-05-13 19:30:00;125.00
2025-05-13 19:45:00;125.00
2025-05-13 20:00:00;149.34
2025-05-13 20:15:00;149.34
2025-05-13 20:30:00;149.34
2025-05-13 20:45:00;149.34
2025-05-13 21:00:00;138.89
2025-05-13 21:15:00;138.89
2025-05-13 21:30:00;138.89
2025-05-13 21:45:00;138.89
2025-05-13 22:00:00;112.30
2025-05-13 22:15:00;112.30
2025-05-13 22:30:00;112.30
2025-05-13 22:45:00;112.30
2025-05-13 23:00:00;95.96
2025-05-13 23:15:00;95.96
2025-05-13 23:30:00;95.96
2025-05-13 23:45:00;95.96
2025-05-14 00:00:00;92.56
2025-05-14 00:15:00;92.56
2025-05-14 00:30:00;92.56
2025-05-14 00:45:00;92.56
2025-05-14 01:00:00;83.08
2025-05-14 01:15:00;83.08
2025-05-14 01:30:00;83.08
2025-05-14 01:45:00;83.08
2025-05-14 02:00:00;80.66
2025-05-14 02:15:00;80.66
2025-05-14 02:30:00;80.66
2025-05-14 02:45:00;80.66
2025-05-14 03:00:00;80.81
2025-05-14 03:15:00;80.81
2025-05-14 03:30:00;80.81
2025-05-14 03:45:00;80.81
2025-05-14 04:00:00;91.82
2025-05-14 04:15:00;91.82
2025-05-14 04:30:00;91.82
2025-05-14 04:45:00;91.82
2025-05-14 05:00:00;102.22
2025-05-14 05:15:00;102.22
2025-05-14 05:30:00;102.22
2025-05-14 05:45:00;102.22
2025-05-14 06:00:00;106.79
2025-05-14 06:15:00;106.79
2025-05-14 06:30:00;106.79
2025-05-14 06:45:00;106.79
2025-05-14 07:00:00;120.00
2025-05-14 07:15:00;120.00
2025-05-14 07:30:00;120.00
2025-05-14 07:45:00;120.00
2025-05-14 08:00:00;104.85
2025-05-14 08:15:00;104.85
2025-05-14 08:30:00;104.85
2025-05-14 08:45:00;104.85
2025-05-14 09:00:00;66.34
2025-05-14 09:15:00;66.34
2025-05-14 09:30:00;66.34
2025-05-14 09:45:00;66.34
2025-05-14 10:00:00;0.25
2025-05-14 10:15:00;0.25
2025-05-14 10:30:00;0.25
2025-05-14 10:45:00;0.25
2025-05-14 11:00:00;-0.02
2025-05-14 11:15:00;-0.02
2025-05-14 11:30:00;-0.02
2025-05-14 11:45:00;-0.02
2025-05-14 12:00:00;-27.77
2025-05-14 12:15:00;-27.77
2025-05-14 12:30:00;-27.77
2025-05-14 12:45:00;-27.77
2025-05-14 13:00:00;-56.03
2025-05-14 13:15:00;-56.03
2025-05-14 13:30:00;-56.03
2025-05-14 13:45:00;-56.03
2025-05-14 14:00:00;-60.43
2025-05-14 14:15:00;-60.43
2025-05-14 14:30:00;-60.43
2025-05-14 14:45:00;-60.43
2025-05-14 15:00:00;-22.21
2025-05-14 15:15:00;-22.21
2025-05-14 15:30:00;-22.21
2025-05-14 15:45:00;-22.21
2025-05-14 16:00:00;-1.41
2025-05-14 16:15:00;-1.41
2025-05-14 16:30:00;-1.41
2025-05-14 16:45:00;-1.41
2025-05-14 17:00:00;29.14
2025-05-14 17:15:00;29.14
2025-05-14 17:30:00;29.14
2025-05-14 17:45:00;29.14
2025-05-14 18:00:00;78.74
2025-05-14 18:15:00;78.74
2025-05-14 18:30:00;78.74
2025-05-14 18:45:00;78.74
2025-05-14 19:00:00;100.04
2025-05-14 19:15:00;100.04
2025-05-14 19:30:00;100.04
2025-05-14 19:45:00;100.04
2025-05-14 20:00:00;124.86
2025-05-14 20:15:00;124.86
2025-05-14 20:30:00;124.86
2025-05-14 20:45:00;124.86
2025-05-14 21:00:00;110.73
2025-05-14 21:15:00;110.73
2025-05-14 21:30:00;110.73
2025-05-14 21:45:00;110.73
2025-05-14 22:00:00;109.22
2025-05-14 22:15:00;109.22
2025-05-14 22:30:00;109.22
2025-05-14 22:45:00;109.22
2025-05-14 23:00:00;91.67
2025-05-14 23:15:00;91.67
2025-05-14 23:30:00;91.67
2025-05-14 23:45:00;91.67
2025-05-15 00:00:00;97.51
2025-05-15 00:15:00;97.51
2025-05-15 00:30:00;97.51
2025-05-15 00:45:00;97.51
2025-05-15 01:00:00;87.70
2025-05-15 01:15:00;87.70
2025-05-15 01:30:00;87.70
2025-05-15 01:45:00;87.70
2025-05-15 02:00:00;77.81
2025-05-15 02:15:00;77.81
2025-05-15 02:30:00;77.81
2025-05-15 02:45:00;77.81
2025-05-15 03:00:00;76.97
2025-05-15 03:15:00;76.97
2025-05-15 03:30:00;76.97
2025-05-15 03:45:00;76.97
2025-05-15 04:00:00;81.00
2025-05-15 04:15:00;81.00
2025-05-15 04:30:00;81.00
2025-05-15 04:45:00;81.00
2025-05-15 05:00:00;92.36
2025-05-15 05:15:00;92.36
2025-05-15 05:30:00;92.36
2025-05-15 05:45:00;92.36
2025-05-15 06:00:00;102.70
2025-05-15 06:15:00;102.70
2025-05-15 06:30:00;102.70
2025-05-15 06:45:00;102.70
2025-05-15 07:00:00;112.00
2025-05-15 07:15:00;112.00
2025-05-15 07:30:00;112.00
2025-05-15 07:45:00;112.00
2025-05-15 08:00:00;124.46
2025-05-15 08:15:00;124.46
2025-05-15 08:30:00;124.46
2025-05-15 08:45:00;124.46
2025-05-15 09:00:00;114.01
2025-05-15 09:15:00;114.01
2025-05-15 09:30:00;114.01
2025-05-15 09:45:00;114.01
2025-05-15 10:00:00;13.07
2025-05-15 10:15:00;13.07
2025-05-15 10:30:00;13.07
2025-05-15 10:45:00;13.07
2025-05-15 11:00:00;2.43
2025-05-15 11:15:00;2.43
2025-05-15 11:30:00;2.43
2025-05-15 11:45:00;2.43
2025-05-15 12:00:00;3.85
2025-05-15 12:15:00;3.85
2025-05-15 12:30:00;3.85
2025-05-15 12:45:00;3.85
2025-05-15 13:00:00;15.69
2025-05-15 13:15:00;15.69
2025-05-15 13:30:00;15.69
2025-05-15 13:45:00;15.69
2025-05-15 14:00:00;15.77
2025-05-15 14:15:00;15.77
2025-05-15 14:30:00;15.77
2025-05-15 14:45:00;15.77
2025-05-15 15:00:00;-0.02
2025-05-15 15:15:00;-0.02
2025-05-15 15:30:00;-0.02
2025-05-15 15:45:00;-0.02
2025-05-15 16:00:00;-0.23
2025-05-15 16:15:00;-0.23
2025-05-15 16:30:00;-0.23
2025-05-15 16:45:00;-0.23
2025-05-15 17:00:00;1.27
2025-05-15 17:15:00;1.27
2025-05-15 17:30:00;1.27
2025-05-15 17:45:00;1.27
2025-05-15 18:00:00;62.12
2025-05-15 18:15:00;62.12
2025-05-15 18:30:00;62.12
2025-05-15 18:45:00;62.12
2025-05-15 19:00:00;89.75
2025-05-15 19:15:00;89.75
2025-05-15 19:30:00;89.75
2025-05-15 19:45:00;89.75
2025-05-15 20:00:00;99.35
2025-05-15 20:15:00;99.35
2025-05-15 20:30:00;99.35
2025-05-15 20:45:00;99.35
2025-05-15 21:00:00;124.34
2025-05-15 21:15:00;124.34
2025-05-15 21:30:00;124.34
2025-05-15 21:45:00;124.34
2025-05-15 22:00:00;120.74
2025-05-15 22:15:00;120.74
2025-05-15 22:30:00;120.74
2025-05-15 22:45:00;120.74
2025-05-15 23:00:00;101.35
2025-05-15 23:15:00;101.35
2025-05-15 23:30:00;101.35
2025-05-15 23:45:00;101.35
2025-05-16 00:00:00;98.03
2025-05-16 00:15:00;98.03
2025-05-16 00:30:00;98.03
2025-05-16 00:45:00;98.03
2025-05-16 01:00:00;91.90
2025-05-16 01:15:00;91.90
2025-05-16 01:30:00;91.90
2025-05-16 01:45:00;91.90
2025-05-16 02:00:00;83.36
2025-05-16 02:15:00;83.36
2025-05-16 02:30:00;83.36
2025-05-16 02:45:00;83.36
2025-05-16 03:00:00;88.38
2025-05-16 03:15:00;88.38
2025-05-16 03:30:00;88.38
2025-05-16 03:45:00;88.38
2025-05-16 04:00:00;92.27
2025-05-16 04:15:00;92.27
2025-05-16 04:30:00;92.27
2025-05-16 04:45:00;92.27
2025-05-16 05:00:00;118.76
2025-05-16 05:15:00;118.76
2025-05-16 05:30:00;118.76
2025-05-16 05:45:00;118.76
2025-05-16 06:00:00;118.42
2025-05-16 06:15:00;118.42
2025-05-16 06:30:00;118.42
2025-05-16 06:45:00;118.42
2025-05-16 07:00:00;121.17
2025-05-16 07:15:00;121.17
2025-05-16 07:30:00;121.17
2025-05-16 07:45:00;121.17
2025-05-16 08:00:00;119.85
2025-05-16 08:15:00;119.85
2025-05-16 08:30:00;119.85
2025-05-16 08:45:00;119.85
2025-05-16 09:00:00;60.92
2025-05-16 09:15:00;60.92
2025-05-16 09:30:00;60.92
2025-05-16 09:45:00;60.92
2025-05-16 10:00:00;7.62
2025-05-16 10:15:00;7.62
2025-05-16 10:30:00;7.62
2025-05-16 10:45:00;7.62
2025-05-16 11:00:00;-0.33
2025-05-16 11:15:00;-0.33
2025-05-16 11:30:00;-0.33
2025-05-16 11:45:00;-0.33
2025-05-16 12:00:00;-2.67
2025-05-16 12:15:00;-2.67
2025-05-16 12:30:00;-2.67
2025-05-16 12:45:00;-2.67
2025-05-16 13:00:00;-11.64
2025-05-16 13:15:00;-11.64
2025-05-16 13:30:00;-11.64
2025-05-16 13:45:00;-11.64
2025-05-16 14:00:00;-24.89
2025-05-16 14:15:00;-24.89
2025-05-16 14:30:00;-24.89
2025-05-16 14:45:00;-24.89
2025-05-16 15:00:00;-18.46
2025-05-16 15:15:00;-18.46
2025-05-16 15:30:00;-18.46
2025-05-16 15:45:00;-18.46
2025-05-16 16:00:00;-4.05
2025-05-16 16:15:00;-4.05
2025-05-16 16:30:00;-4.05
2025-05-16 16:45:00;-4.05
2025-05-16 17:00:00;53.98
2025-05-16 17:15:00;53.98
2025-05-16 17:30:00;53.98
2025-05-16 17:45:00;53.98
2025-05-16 18:00:00;79.07
2025-05-16 18:15:00;79.07
2025-05-16 18:30:00;79.07
2025-05-16 18:45:00;79.07
2025-05-16 19:00:00;91.90
2025-05-16 19:15:00;91.90
2025-05-16 19:30:00;91.90
2025-05-16 19:45:00;91.90
2025-05-16 20:00:00;94.91
2025-05-16 20:15:00;94.91
2025-05-16 20:30:00;94.91
2025-05-16 20:45:00;94.91
2025-05-16 21:00:00;126.00
2025-05-16 21:15:00;126.00
2025-05-16 21:30:00;126.00
2025-05-16 21:45:00;126.00
2025-05-16 22:00:00;123.80
2025-05-16 22:15:00;123.80
2025-05-16 22:30:00;123.80
2025-05-16 22:45:00;123.80
2025-05-16 23:00:00;110.60
2025-05-16 23:15:00;110.60
2025-05-16 23:30:00;110.60
2025-05-16 23:45:00;110.60
2025-05-17 00:00:00;96.00
2025-05-17 00:15:00;96.00
2025-05-17 00:30:00;96.00
2025-05-17 00:45:00;96.00
2025-05-17 01:00:00;101.48
2025-05-17 01:15:00;101.48
2025-05-17 01:30:00;101.48
2025-05-17 01:45:00;101.48
2025-05-17 02:00:00;99.85
2025-05-17 02:15:00;99.85
2025-05-17 02:30:00;99.85
2025-05-17 02:45:00;99.85
2025-05-17 03:00:00;95.88
2025-05-17 03:15:00;95.88
2025-05-17 03:30:00;95.88
2025-05-17 03:45:00;95.88
2025-05-17 04:00:00;94.51
2025-05-17 04:15:00;94.51
2025-05-17 04:30:00;94.51
2025-05-17 04:45:00;94.51
2025-05-17 05:00:00;86.27
2025-05-17 05:15:00;86.27
2025-05-17 05:30:00;86.27
2025-05-17 05:45:00;86.27
2025-05-17 06:00:00;95.57
2025-05-17 06:15:00;95.57
2025-05-17 06:30:00;95.57
2025-05-17 06:45:00;95.57
2025-05-17 07:00:00;98.08
2025-05-17 07:15:00;98.08
2025-05-17 07:30:00;98.08
2025-05-17 07:45:00;98.08
2025-05-17 08:00:00;54.02
2025-05-17 08:15:00;54.02
2025-05-17 08:30:00;54.02
2025-05-17 08:45:00;54.02
2025-05-17 09:00:00;0.63
2025-05-17 09:15:00;0.63
2025-05-17 09:30:00;0.63
2025-05-17 09:45:00;0.63
2025-05-17 10:00:00;-0.05
2025-05-17 10:15:00;-0.05
2025-05-17 10:30:00;-0.05
2025-05-17 10:45:00;-0.05
2025-05-17 11:00:00;-4.11
2025-05-17 11:15:00;-4.11
2025-05-17 11:30:00;-4.11
2025-05-17 11:45:00;-4.11
2025-05-17 12:00:00;-4.88
2025-05-17 12:15:00;-4.88
2025-05-17 12:30:00;-4.88
2025-05-17 12:45:00;-4.88
2025-05-17 13:00:00;-10.02
2025-05-17 13:15:00;-10.02
2025-05-17 13:30:00;-10.02
2025-05-17 13:45:00;-10.02
2025-05-17 14:00:00;-11.26
2025-05-17 14:15:00;-11.26
2025-05-17 14:30:00;-11.26
2025-05-17 14:45:00;-11.26
2025-05-17 15:00:00;-5.78
2025-05-17 15:15:00;-5.78
2025-05-17 15:30:00;-5.78
2025-05-17 15:45:00;-5.78
2025-05-17 16:00:00;-1.31
2025-05-17 16:15:00;-1.31
2025-05-17 16:30:00;-1.31
2025-05-17 16:45:00;-1.31
2025-05-17 17:00:00;4.46
2025-05-17 17:15:00;4.46
2025-05-17 17:30:00;4.46
2025-05-17 17:45:00;4.46
2025-05-17 18:00:00;61.38
2025-05-17 18:15:00;61.38
2025-05-17 18:30:00;61.38
2025-05-17 18:45:00;61.38
2025-05-17 19:00:00;100.00
2025-05-17 19:15:00;100.00
2025-05-17 19:30:00;100.00
2025-05-17 19:45:00;100.00
2025-05-17 20:00:00;108.77
2025-05-17 20:15:00;108.77
2025-05-17 20:30:00;108.77
2025-05-17 20:45:00;108.77
2025-05-17 21:00:00;151.17
2025-05-17 21:15:00;151.17
2025-05-17 21:30:00;151.17
2025-05-17 21:45:00;151.17
2025-05-17 22:00:00;137.19
2025-05-17 22:15:00;137.19
2025-05-17 22:30:00;137.19
2025-05-17 22:45:00;137.19
2025-05-17 23:00:00;95.81
2025-05-17 23:15:00;95.81
2025-05-17 23:30:00;95.81
2025-05-17 23:45:00;95.81
2025-05-18 00:00:00;109.80
2025-05-18 00:15:00;109.80
2025-05-18 00:30:00;109.80
2025-05-18 00:45:00;109.80
2025-05-18 01:00:00;105.00
2025-05-18 01:15:00;105.00
2025-05-18 01:30:00;105.00
2025-05-18 01:45:00;105.00
2025-05-18 02:00:00;102.30
2025-05-18 02:15:00;102.30
2025-05-18 02:30:00;102.30
2025-05-18 02:45:00;102.30
2025-05-18 03:00:00;101.07
2025-05-18 03:15:00;101.07
2025-05-18 03:30:00;101.07
2025-05-18 03:45:00;101.07
2025-05-18 04:00:00;102.16
2025-05-18 04:15:00;102.16
2025-05-18 04:30:00;102.16
2025-05-18 04:45:00;102.16
2025-05-18 05:00:00;101.22
2025-05-18 05:15:00;101.22
2025-05-18 05:30:00;101.22
2025-05-18 05:45:00;101.22
2025-05-18 06:00:00;96.00
2025-05-18 06:15:00;96.00
2025-05-18 06:30:00;96.00
2025-05-18 06:45:00;96.00
2025-05-18 07:00:00;91.00
2025-05-18 07:15:00;91.00
2025-05-18 07:30:00;91.00
2025-05-18 07:45:00;91.00
2025-05-18 08:00:00;109.00
2025-05-18 08:15:00;109.00
2025-05-18 08:30:00;109.00
2025-05-18 08:45:00;109.00
2025-05-18 09:00:00;23.54
2025-05-18 09:15:00;23.54
2025-05-18 09:30:00;23.54
2025-05-18 09:45:00;23.54
2025-05-18 10:00:00;0.03
2025-05-18 10:15:00;0.03
2025-05-18 10:30:00;0.03
2025-05-18 10:45:00;0.03
2025-05-18 11:00:00;-0.20
2025-05-18 11:15:00;-0.20
2025-05-18 11:30:00;-0.20
2025-05-18 11:45:00;-0.20
2025-05-18 12:00:00;-2.00
2025-05-18 12:15:00;-2.00
2025-05-18 12:30:00;-2.00
2025-05-18 12:45:00;-2.00
2025-05-18 13:00:00;-7.37
2025-05-18 13:15:00;-7.37
2025-05-18 13:30:00;-7.37
2025-05-18 13:45:00;-7.37
2025-05-18 14:00:00;-15.00
2025-05-18 14:15:00;-15.00
2025-05-18 14:30:00;-15.00
2025-05-18 14:45:00;-15.00
2025-05-18 15:00:00;-8.97
2025-05-18 15:15:00;-8.97
2025-05-18 15:30:00;-8.97
2025-05-18 15:45:00;-8.97
2025-05-18 16:00:00;-0.20
2025-05-18 16:15:00;-0.20
2025-05-18 16:30:00;-0.20
2025-05-18 16:45:00;-0.20
2025-05-18 17:00:00;8.05
2025-05-18 17:15:00;8.05
2025-05-18 17:30:00;8.05
2025-05-18 17:45:00;8.05
2025-05-18 18:00:00;82.61
2025-05-18 18:15:00;82.61
2025-05-18 18:30:00;82.61
2025-05-18 18:45:00;82.61
2025-05-18 19:00:00;88.14
2025-05-18 19:15:00;88.14
2025-05-18 19:30:00;88.14
2025-05-18 19:45:00;88.14
2025-05-18 20:00:00;110.60
2025-05-18 20:15:00;110.60
2025-05-18 20:30:00;110.60
2025-05-18 20:45:00;110.60
2025-05-18 21:00:00;128.87
2025-05-18 21:15:00;128.87
2025-05-18 21:30:00;128.87
2025-05-18 21:45:00;128.87
2025-05-18 22:00:00;114.60
2025-05-18 22:15:00;114.60
2025-05-18 22:30:00;114.60
2025-05-18 22:45:00;114.60
2025-05-18 23:00:00;98.67
2025-05-18 23:15:00;98.67
2025-05-18 23:30:00;98.67
2025-05-18 23:45:00;98.67
2025-05-19 00:00:00;115.00
2025-05-19 00:15:00;115.00
2025-05-19 00:30:00;115.00
2025-05-19 00:45:00;115.00
2025-05-19 01:00:00;98.07
2025-05-19 01:15:00;98.07
2025-05-19 01:30:00;98.07
2025-05-19 01:45:00;98.07
2025-05-19 02:00:00;93.56
2025-05-19 02:15:00;93.56
2025-05-19 02:30:00;93.56
2025-05-19 02:45:00;93.56
2025-05-19 03:00:00;89.95
2025-05-19 03:15:00;89.95
2025-05-19 03:30:00;89.95
2025-05-19 03:45:00;89.95
2025-05-19 04:00:00;84.81
2025-05-19 04:15:00;84.81
2025-05-19 04:30:00;84.81
2025-05-19 04:45:00;84.81
2025-05-19 05:00:00;96.90
2025-05-19 05:15:00;96.90
2025-05-19 05:30:00;96.90
2025-05-19 05:45:00;96.90
2025-05-19 06:00:00;128.47
2025-05-19 06:15:00;128.47
2025-05-19 06:30:00;128.47
2025-05-19 06:45:00;128.47
2025-05-19 07:00:00;123.60
2025-05-19 07:15:00;123.60
2025-05-19 07:30:00;123.60
2025-05-19 07:45:00;123.60
2025-05-19 08:00:00;123.60
2025-05-19 08:15:00;123.60
2025-05-19 08:30:00;123.60
2025-05-19 08:45:00;123.60
2025-05-19 09:00:00;88.86
2025-05-19 09:15:00;88.86
2025-05-19 09:30:00;88.86
2025-05-19 09:45:00;88.86
2025-05-19 10:00:00;59.31
2025-05-19 10:15:00;59.31
2025-05-19 10:30:00;59.31
2025-05-19 10:45:00;59.31
2025-05-19 11:00:00;26.65
2025-05-19 11:15:00;26.65
2025-05-19 11:30:00;26.65
2025-05-19 11:45:00;26.65
2025-05-19 12:00:00;12.77
2025-05-19 12:15:00;12.77
2025-05-19 12:30:00;12.77
2025-05-19 12:45:00;12.77
2025-05-19 13:00:00;5.00
2025-05-19 13:15:00;5.00
2025-05-19 13:30:00;5.00
2025-05-19 13:45:00;5.00
2025-05-19 14:00:00;8.00
2025-05-19 14:15:00;8.00
2025-05-19 14:30:00;8.00
2025-05-19 14:45:00;8.00
2025-05-19 15:00:00;24.54
2025-05-19 15:15:00;24.54
2025-05-19 15:30:00;24.54
2025-05-19 15:45:00;24.54
2025-05-19 16:00:00;59.90
2025-05-19 16:15:00;59.90
2025-05-19 16:30:00;59.90
2025-05-19 16:45:00;59.90
2025-05-19 17:00:00;81.23
2025-05-19 17:15:00;81.23
2025-05-19 17:30:00;81.23
2025-05-19 17:45:00;81.23
2025-05-19 18:00:00;97.90
2025-05-19 18:15:00;97.90
2025-05-19 18:30:00;97.90
2025-05-19 18:45:00;97.90
2025-05-19 19:00:00;118.00
2025-05-19 19:15:00;118.00
2025-05-19 19:30:00;118.00
2025-05-19 19:45:00;118.00
2025-05-19 20:00:00;135.70
2025-05-19 20:15:00;135.70
2025-05-19 20:30:00;135.70
2025-05-19 20:45:00;135.70
2025-05-19 21:00:00;127.95
2025-05-19 21:15:00;127.95
2025-05-19 21:30:00;127.95
2025-05-19 21:45:00;127.95
2025-05-19 22:00:00;107.67
2025-05-19 22:15:00;107.67
2025-05-19 22:30:00;107.67
2025-05-19 22:45:00;107.67
2025-05-19 23:00:00;94.21
2025-05-19 23:15:00;94.21
2025-05-19 23:30:00;94.21
2025-05-19 23:45:00;94.21
2025-05-20 00:00:00;104.21
2025-05-20 00:15:00;104.21
2025-05-20 00:30:00;104.21
2025-05-20 00:45:00;104.21
2025-05-20 01:00:00;100.19
2025-05-20 01:15:00;100.19
2025-05-20 01:30:00;100.19
2025-05-20 01:45:00;100.19
2025-05-20 02:00:00;93.76
2025-05-20 02:15:00;93.76
2025-05-20 02:30:00;93.76
2025-05-20 02:45:00;93.76
2025-05-20 03:00:00;90.96
2025-05-20 03:15:00;90.96
2025-05-20 03:30:00;90.96
2025-05-20 03:45:00;90.96
2025-05-20 04:00:00;82.41
2025-05-20 04:15:00;82.41
2025-05-20 04:30:00;82.41
2025-05-20 04:45:00;82.41
2025-05-20 05:00:00;95.83
2025-05-20 05:15:00;95.83
2025-05-20 05:30:00;95.83
2025-05-20 05:45:00;95.83
2025-05-20 06:00:00;132.25
2025-05-20 06:15:00;132.25
2025-05-20 06:30:00;132.25
2025-05-20 06:45:00;132.25
2025-05-20 07:00:00;124.30
2025-05-20 07:15:00;124.30
2025-05-20 07:30:00;124.30
2025-05-20 07:45:00;124.30
2025-05-20 08:00:00;128.51
2025-05-20 08:15:00;128.51
2025-05-20 08:30:00;128.51
2025-05-20 08:45:00;128.51
2025-05-20 09:00:00;102.81
2025-05-20 09:15:00;102.81
2025-05-20 09:30:00;102.81
2025-05-20 09:45:00;102.81
2025-05-20 10:00:00;52.58
2025-05-20 10:15:00;52.58
2025-05-20 10:30:00;52.58
2025-05-20 10:45:00;52.58
2025-05-20 11:00:00;15.95
2025-05-20 11:15:00;15.95
2025-05-20 11:30:00;15.95
2025-05-20 11:45:00;15.95
2025-05-20 12:00:00;1.00
2025-05-20 12:15:00;1.00
2025-05-20 12:30:00;1.00
2025-05-20 12:45:00;1.00
2025-05-20 13:00:00;0.85
2025-05-20 13:15:00;0.85
2025-05-20 13:30:00;0.85
2025-05-20 13:45:00;0.85
2025-05-20 14:00:00;0.87
2025-05-20 14:15:00;0.87
2025-05-20 14:30:00;0.87
2025-05-20 14:45:00;0.87
2025-05-20 15:00:00;7.62
2025-05-20 15:15:00;7.62
2025-05-20 15:30:00;7.62
2025-05-20 15:45:00;7.62
2025-05-20 16:00:00;50.68
2025-05-20 16:15:00;50.68
2025-05-20 16:30:00;50.68
2025-05-20 16:45:00;50.68
2025-05-20 17:00:00;77.27
2025-05-20 17:15:00;77.27
2025-05-20 17:30:00;77.27
2025-05-20 17:45:00;77.27
2025-05-20 18:00:00;90.10
2025-05-20 18:15:00;90.10
2025-05-20 18:30:00;90.10
2025-05-20 18:45:00;90.10
2025-05-20 19:00:00;115.46
2025-05-20 19:15:00;115.46
2025-05-20 19:30:00;115.46
2025-05-20 19:45:00;115.46
2025-05-20 20:00:00;150.53
2025-05-20 20:15:00;150.53
2025-05-20 20:30:00;150.53
2025-05-20 20:45:00;150.53
2025-05-20 21:00:00;124.80
2025-05-20 21:15:00;124.80
2025-05-20 21:30:00;124.80
2025-05-20 21:45:00;124.80
2025-05-20 22:00:00;103.22
2025-05-20 22:15:00;103.22
2025-05-20 22:30:00;103.22
2025-05-20 22:45:00;103.22
2025-05-20 23:00:00;89.05
2025-05-20 23:15:00;89.05
2025-05-20 23:30:00;89.05
2025-05-20 23:45:00;89.05
2025-05-21 00:00:00;110.00
2025-05-21 00:15:00;110.00
2025-05-21 00:30:00;110.00
2025-05-21 00:45:00;110.00
2025-05-21 01:00:00;102.33
2025-05-21 01:15:00;102.33
2025-05-21 01:30:00;102.33
2025-05-21 01:45:00;102.33
2025-05-21 02:00:00;97.90
2025-05-21 02:15:00;97.90
2025-05-21 02:30:00;97.90
2025-05-21 02:45:00;97.90
2025-05-21 03:00:00;94.90
2025-05-21 03:15:00;94.90
2025-05-21 03:30:00;94.90
2025-05-21 03:45:00;94.90
2025-05-21 04:00:00;93.70
2025-05-21 04:15:00;93.70
2025-05-21 04:30:00;93.70
2025-05-21 04:45:00;93.70
2025-05-21 05:00:00;95.00
2025-05-21 05:15:00;95.00
2025-05-21 05:30:00;95.00
2025-05-21 05:45:00;95.00
2025-05-21 06:00:00;128.46
2025-05-21 06:15:00;128.46
2025-05-21 06:30:00;128.46
2025-05-21 06:45:00;128.46
2025-05-21 07:00:00;113.26
2025-05-21 07:15:00;113.26
2025-05-21 07:30:00;113.26
2025-05-21 07:45:00;113.26
2025-05-21 08:00:00;133.00
2025-05-21 08:15:00;133.00
2025-05-21 08:30:00;133.00
2025-05-21 08:45:00;133.00
2025-05-21 09:00:00;128.80
2025-05-21 09:15:00;128.80
2025-05-21 09:30:00;128.80
2025-05-21 09:45:00;128.80
2025-05-21 10:00:00;112.50
2025-05-21 10:15:00;112.50
2025-05-21 10:30:00;112.50
2025-05-21 10:45:00;112.50
2025-05-21 11:00:00;81.00
2025-05-21 11:15:00;81.00
2025-05-21 11:30:00;81.00
2025-05-21 11:45:00;81.00
2025-05-21 12:00:00;60.00
2025-05-21 12:15:00;60.00
2025-05-21 12:30:00;60.00
2025-05-21 12:45:00;60.00
2025-05-21 13:00:00;48.18
2025-05-21 13:15:00;48.18
2025-05-21 13:30:00;48.18
2025-05-21 13:45:00;48.18
2025-05-21 14:00:00;40.00
2025-05-21 14:15:00;40.00
2025-05-21 14:30:00;40.00
2025-05-21 14:45:00;40.00
2025-05-21 15:00:00;45.45
2025-05-21 15:15:00;45.45
2025-05-21 15:30:00;45.45
2025-05-21 15:45:00;45.45
2025-05-21 16:00:00;60.20
2025-05-21 16:15:00;60.20
2025-05-21 16:30:00;60.20
2025-05-21 16:45:00;60.20
2025-05-21 17:00:00;87.37
2025-05-21 17:15:00;87.37
2025-05-21 17:30:00;87.37
2025-05-21 17:45:00;87.37
2025-05-21 18:00:00;86.32
2025-05-21 18:15:00;86.32
2025-05-21 18:30:00;86.32
2025-05-21 18:45:00;86.32
2025-05-21 19:00:00;132.48
2025-05-21 19:15:00;132.48
2025-05-21 19:30:00;132.48
2025-05-21 19:45:00;132.48
2025-05-21 20:00:00;142.33
2025-05-21 20:15:00;142.33
2025-05-21 20:30:00;142.33
2025-05-21 20:45:00;142.33
2025-05-21 21:00:00;149.00
2025-05-21 21:15:00;149.00
2025-05-21 21:30:00;149.00
2025-05-21 21:45:00;149.00
2025-05-21 22:00:00;137.00
2025-05-21 22:15:00;137.00
2025-05-21 22:30:00;137.00
2025-05-21 22:45:00;137.00
2025-05-21 23:00:00;114.90
2025-05-21 23:15:00;114.90
2025-05-21 23:30:00;114.90
2025-05-21 23:45:00;114.90
2025-05-22 00:00:00;92.07
2025-05-22 00:15:00;92.07
2025-05-22 00:30:00;92.07
2025-05-22 00:45:00;92.07
2025-05-22 01:00:00;82.77
2025-05-22 01:15:00;82.77
2025-05-22 01:30:00;82.77
2025-05-22 01:45:00;82.77
2025-05-22 02:00:00;85.70
2025-05-22 02:15:00;85.70
2025-05-22 02:30:00;85.70
2025-05-22 02:45:00;85.70
2025-05-22 03:00:00;78.47
2025-05-22 03:15:00;78.47
2025-05-22 03:30:00;78.47
2025-05-22 03:45:00;78.47
2025-05-22 04:00:00;70.99
2025-05-22 04:15:00;70.99
2025-05-22 04:30:00;70.99
2025-05-22 04:45:00;70.99
2025-05-22 05:00:00;79.25
2025-05-22 05:15:00;79.25
2025-05-22 05:30:00;79.25
2025-05-22 05:45:00;79.25
2025-05-22 06:00:00;93.14
2025-05-22 06:15:00;93.14
2025-05-22 06:30:00;93.14
2025-05-22 06:45:00;93.14
2025-05-22 07:00:00;109.50
2025-05-22 07:15:00;109.50
2025-05-22 07:30:00;109.50
2025-05-22 07:45:00;109.50
2025-05-22 08:00:00;87.03
2025-05-22 08:15:00;87.03
2025-05-22 08:30:00;87.03
2025-05-22 08:45:00;87.03
2025-05-22 09:00:00;75.68
2025-05-22 09:15:00;75.68
2025-05-22 09:30:00;75.68
2025-05-22 09:45:00;75.68
2025-05-22 10:00:00;45.97
2025-05-22 10:15:00;45.97
2025-05-22 10:30:00;45.97
2025-05-22 10:45:00;45.97
2025-05-22 11:00:00;49.69
2025-05-22 11:15:00;49.69
2025-05-22 11:30:00;49.69
2025-05-22 11:45:00;49.69
2025-05-22 12:00:00;10.77
2025-05-22 12:15:00;10.77
2025-05-22 12:30:00;10.77
2025-05-22 12:45:00;10.77
2025-05-22 13:00:00;0.00
2025-05-22 13:15:00;0.00
2025-05-22 13:30:00;0.00
2025-05-22 13:45:00;0.00
2025-05-22 14:00:00;-0.01
2025-05-22 14:15:00;-0.01
2025-05-22 14:30:00;-0.01
2025-05-22 14:45:00;-0.01
2025-05-22 15:00:00;-3.27
2025-05-22 15:15:00;-3.27
2025-05-22 15:30:00;-3.27
2025-05-22 15:45:00;-3.27
2025-05-22 16:00:00;0.13
2025-05-22 16:15:00;0.13
2025-05-22 16:30:00;0.13
2025-05-22 16:45:00;0.13
2025-05-22 17:00:00;2.67
2025-05-22 17:15:00;2.67
2025-05-22 17:30:00;2.67
2025-05-22 17:45:00;2.67
2025-05-22 18:00:00;44.05
2025-05-22 18:15:00;44.05
2025-05-22 18:30:00;44.05
2025-05-22 18:45:00;44.05
2025-05-22 19:00:00;87.74
2025-05-22 19:15:00;87.74
2025-05-22 19:30:00;87.74
2025-05-22 19:45:00;87.74
2025-05-22 20:00:00;94.17
2025-05-22 20:15:00;94.17
2025-05-22 20:30:00;94.17
2025-05-22 20:45:00;94.17
2025-05-22 21:00:00;104.14
2025-05-22 21:15:00;104.14
2025-05-22 21:30:00;104.14
2025-05-22 21:45:00;104.14
2025-05-22 22:00:00;109.32
2025-05-22 22:15:00;109.32
2025-05-22 22:30:00;109.32
2025-05-22 22:45:00;109.32
2025-05-22 23:00:00;90.24
2025-05-22 23:15:00;90.24
2025-05-22 23:30:00;90.24
2025-05-22 23:45:00;90.24
2025-05-23 00:00:00;77.73
2025-05-23 00:15:00;77.73
2025-05-23 00:30:00;77.73
2025-05-23 00:45:00;77.73
2025-05-23 01:00:00;74.52
2025-05-23 01:15:00;74.52
2025-05-23 01:30:00;74.52
2025-05-23 01:45:00;74.52
2025-05-23 02:00:00;69.67
2025-05-23 02:15:00;69.67
2025-05-23 02:30:00;69.67
2025-05-23 02:45:00;69.67
2025-05-23 03:00:00;68.57
2025-05-23 03:15:00;68.57
2025-05-23 03:30:00;68.57
2025-05-23 03:45:00;68.57
2025-05-23 04:00:00;71.06
2025-05-23 04:15:00;71.06
2025-05-23 04:30:00;71.06
2025-05-23 04:45:00;71.06
2025-05-23 05:00:00;82.92
2025-05-23 05:15:00;82.92
2025-05-23 05:30:00;82.92
2025-05-23 05:45:00;82.92
2025-05-23 06:00:00;100.10
2025-05-23 06:15:00;100.10
2025-05-23 06:30:00;100.10
2025-05-23 06:45:00;100.10
2025-05-23 07:00:00;107.57
2025-05-23 07:15:00;107.57
2025-05-23 07:30:00;107.57
2025-05-23 07:45:00;107.57
2025-05-23 08:00:00;91.19
2025-05-23 08:15:00;91.19
2025-05-23 08:30:00;91.19
2025-05-23 08:45:00;91.19
2025-05-23 09:00:00;67.26
2025-05-23 09:15:00;67.26
2025-05-23 09:30:00;67.26
2025-05-23 09:45:00;67.26
2025-05-23 10:00:00;54.28
2025-05-23 10:15:00;54.28
2025-05-23 10:30:00;54.28
2025-05-23 10:45:00;54.28
2025-05-23 11:00:00;44.53
2025-05-23 11:15:00;44.53
2025-05-23 11:30:00;44.53
2025-05-23 11:45:00;44.53
2025-05-23 12:00:00;13.64
2025-05-23 12:15:00;13.64
2025-05-23 12:30:00;13.64
2025-05-23 12:45:00;13.64
2025-05-23 13:00:00;0.98
2025-05-23 13:15:00;0.98
2025-05-23 13:30:00;0.98
2025-05-23 13:45:00;0.98
2025-05-23 14:00:00;0.34
2025-05-23 14:15:00;0.34
2025-05-23 14:30:00;0.34
2025-05-23 14:45:00;0.34
2025-05-23 15:00:00;1.05
2025-05-23 15:15:00;1.05
2025-05-23 15:30:00;1.05
2025-05-23 15:45:00;1.05
2025-05-23 16:00:00;19.49
2025-05-23 16:15:00;19.49
2025-05-23 16:30:00;19.49
2025-05-23 16:45:00;19.49
2025-05-23 17:00:00;54.09
2025-05-23 17:15:00;54.09
2025-05-23 17:30:00;54.09
2025-05-23 17:45:00;54.09
2025-05-23 18:00:00;76.26
2025-05-23 18:15:00;76.26
2025-05-23 18:30:00;76.26
2025-05-23 18:45:00;76.26
2025-05-23 19:00:00;93.56
2025-05-23 19:15:00;93.56
2025-05-23 19:30:00;93.56
2025-05-23 19:45:00;93.56
2025-05-23 20:00:00;114.59
2025-05-23 20:15:00;114.59
2025-05-23 20:30:00;114.59
2025-05-23 20:45:00;114.59
2025-05-23 21:00:00;120.24
2025-05-23 21:15:00;120.24
2025-05-23 21:30:00;120.24
2025-05-23 21:45:00;120.24
2025-05-23 22:00:00;118.05
2025-05-23 22:15:00;118.05
2025-05-23 22:30:00;118.05
2025-05-23 22:45:00;118.05
2025-05-23 23:00:00;97.40
2025-05-23 23:15:00;97.40
2025-05-23 23:30:00;97.40
2025-05-23 23:45:00;97.40
2025-05-24 00:00:00;85.85
2025-05-24 00:15:00;85.85
2025-05-24 00:30:00;85.85
2025-05-24 00:45:00;85.85
2025-05-24 01:00:00;80.41
2025-05-24 01:15:00;80.41
2025-05-24 01:30:00;80.41
2025-05-24 01:45:00;80.41
2025-05-24 02:00:00;74.88
2025-05-24 02:15:00;74.88
2025-05-24 02:30:00;74.88
2025-05-24 02:45:00;74.88
2025-05-24 03:00:00;70.76
2025-05-24 03:15:00;70.76
2025-05-24 03:30:00;70.76
2025-05-24 03:45:00;70.76
2025-05-24 04:00:00;68.67
2025-05-24 04:15:00;68.67
2025-05-24 04:30:00;68.67
2025-05-24 04:45:00;68.67
2025-05-24 05:00:00;62.50
2025-05-24 05:15:00;62.50
2025-05-24 05:30:00;62.50
2025-05-24 05:45:00;62.50
2025-05-24 06:00:00;61.36
2025-05-24 06:15:00;61.36
2025-05-24 06:30:00;61.36
2025-05-24 06:45:00;61.36
2025-05-24 07:00:00;62.01
2025-05-24 07:15:00;62.01
2025-05-24 07:30:00;62.01
2025-05-24 07:45:00;62.01
2025-05-24 08:00:00;46.21
2025-05-24 08:15:00;46.21
2025-05-24 08:30:00;46.21
2025-05-24 08:45:00;46.21
2025-05-24 09:00:00;12.26
2025-05-24 09:15:00;12.26
2025-05-24 09:30:00;12.26
2025-05-24 09:45:00;12.26
2025-05-24 10:00:00;0.00
2025-05-24 10:15:00;0.00
2025-05-24 10:30:00;0.00
2025-05-24 10:45:00;0.00
2025-05-24 11:00:00;-0.06
2025-05-24 11:15:00;-0.06
2025-05-24 11:30:00;-0.06
2025-05-24 11:45:00;-0.06
2025-05-24 12:00:00;-0.08
2025-05-24 12:15:00;-0.08
2025-05-24 12:30:00;-0.08
2025-05-24 12:45:00;-0.08
2025-05-24 13:00:00;-0.11
2025-05-24 13:15:00;-0.11
2025-05-24 13:30:00;-0.11
2025-05-24 13:45:00;-0.11
2025-05-24 14:00:00;-0.08
2025-05-24 14:15:00;-0.08
2025-05-24 14:30:00;-0.08
2025-05-24 14:45:00;-0.08
2025-05-24 15:00:00;0.93
2025-05-24 15:15:00;0.93
2025-05-24 15:30:00;0.93
2025-05-24 15:45:00;0.93
2025-05-24 16:00:00;5.67
2025-05-24 16:15:00;5.67
2025-05-24 16:30:00;5.67
2025-05-24 16:45:00;5.67
2025-05-24 17:00:00;44.47
2025-05-24 17:15:00;44.47
2025-05-24 17:30:00;44.47
2025-05-24 17:45:00;44.47
2025-05-24 18:00:00;72.83
2025-05-24 18:15:00;72.83
2025-05-24 18:30:00;72.83
2025-05-24 18:45:00;72.83
2025-05-24 19:00:00;92.58
2025-05-24 19:15:00;92.58
2025-05-24 19:30:00;92.58
2025-05-24 19:45:00;92.58
2025-05-24 20:00:00;95.09
2025-05-24 20:15:00;95.09
2025-05-24 20:30:00;95.09
2025-05-24 20:45:00;95.09
2025-05-24 21:00:00;94.82
2025-05-24 21:15:00;94.82
2025-05-24 21:30:00;94.82
2025-05-24 21:45:00;94.82
2025-05-24 22:00:00;85.00
2025-05-24 22:15:00;85.00
2025-05-24 22:30:00;85.00
2025-05-24 22:45:00;85.00
2025-05-24 23:00:00;67.23
2025-05-24 23:15:00;67.23
2025-05-24 23:30:00;67.23
2025-05-24 23:45:00;67.23
2025-05-25 00:00:00;22.01
2025-05-25 00:15:00;22.01
2025-05-25 00:30:00;22.01
2025-05-25 00:45:00;22.01
2025-05-25 01:00:00;19.65
2025-05-25 01:15:00;19.65
2025-05-25 01:30:00;19.65
2025-05-25 01:45:00;19.65
2025-05-25 02:00:00;14.10
2025-05-25 02:15:00;14.10
2025-05-25 02:30:00;14.10
2025-05-25 02:45:00;14.10
2025-05-25 03:00:00;8.39
2025-05-25 03:15:00;8.39
2025-05-25 03:30:00;8.39
2025-05-25 03:45:00;8.39
2025-05-25 04:00:00;3.91
2025-05-25 04:15:00;3.91
2025-05-25 04:30:00;3.91
2025-05-25 04:45:00;3.91
2025-05-25 05:00:00;2.06
2025-05-25 05:15:00;2.06
2025-05-25 05:30:00;2.06
2025-05-25 05:45:00;2.06
2025-05-25 06:00:00;0.81
2025-05-25 06:15:00;0.81
2025-05-25 06:30:00;0.81
2025-05-25 06:45:00;0.81
2025-05-25 07:00:00;0.83
2025-05-25 07:15:00;0.83
2025-05-25 07:30:00;0.83
2025-05-25 07:45:00;0.83
2025-05-25 08:00:00;0.02
2025-05-25 08:15:00;0.02
2025-05-25 08:30:00;0.02
2025-05-25 08:45:00;0.02
2025-05-25 09:00:00;-0.32
2025-05-25 09:15:00;-0.32
2025-05-25 09:30:00;-0.32
2025-05-25 09:45:00;-0.32
2025-05-25 10:00:00;-2.69
2025-05-25 10:15:00;-2.69
2025-05-25 10:30:00;-2.69
2025-05-25 10:45:00;-2.69
2025-05-25 11:00:00;-7.22
2025-05-25 11:15:00;-7.22
2025-05-25 11:30:00;-7.22
2025-05-25 11:45:00;-7.22
2025-05-25 12:00:00;-13.40
2025-05-25 12:15:00;-13.40
2025-05-25 12:30:00;-13.40
2025-05-25 12:45:00;-13.40
2025-05-25 13:00:00;-24.21
2025-05-25 13:15:00;-24.21
2025-05-25 13:30:00;-24.21
2025-05-25 13:45:00;-24.21
2025-05-25 14:00:00;-26.09
2025-05-25 14:15:00;-26.09
2025-05-25 14:30:00;-26.09
2025-05-25 14:45:00;-26.09
2025-05-25 15:00:00;-21.12
2025-05-25 15:15:00;-21.12
2025-05-25 15:30:00;-21.12
2025-05-25 15:45:00;-21.12
2025-05-25 16:00:00;-16.38
2025-05-25 16:15:00;-16.38
2025-05-25 16:30:00;-16.38
2025-05-25 16:45:00;-16.38
2025-05-25 17:00:00;-0.04
2025-05-25 17:15:00;-0.04
2025-05-25 17:30:00;-0.04
2025-05-25 17:45:00;-0.04
2025-05-25 18:00:00;7.81
2025-05-25 18:15:00;7.81
2025-05-25 18:30:00;7.81
2025-05-25 18:45:00;7.81
2025-05-25 19:00:00;70.65
2025-05-25 19:15:00;70.65
2025-05-25 19:30:00;70.65
2025-05-25 19:45:00;70.65
2025-05-25 20:00:00;83.50
2025-05-25 20:15:00;83.50
2025-05-25 20:30:00;83.50
2025-05-25 20:45:00;83.50
2025-05-25 21:00:00;92.80
2025-05-25 21:15:00;92.80
2025-05-25 21:30:00;92.80
2025-05-25 21:45:00;92.80
2025-05-25 22:00:00;88.62
2025-05-25 22:15:00;88.62
2025-05-25 22:30:00;88.62
2025-05-25 22:45:00;88.62
2025-05-25 23:00:00;78.08
2025-05-25 23:15:00;78.08
2025-05-25 23:30:00;78.08
2025-05-25 23:45:00;78.08
2025-05-26 00:00:00;75.89
2025-05-26 00:15:00;75.89
2025-05-26 00:30:00;75.89
2025-05-26 00:45:00;75.89
2025-05-26 01:00:00;67.27
2025-05-26 01:15:00;67.27
2025-05-26 01:30:00;67.27
2025-05-26 01:45:00;67.27
2025-05-26 02:00:00;57.09
2025-05-26 02:15:00;57.09
2025-05-26 02:30:00;57.09
2025-05-26 02:45:00;57.09
2025-05-26 03:00:00;55.54
2025-05-26 03:15:00;55.54
2025-05-26 03:30:00;55.54
2025-05-26 03:45:00;55.54
2025-05-26 04:00:00;59.63
2025-05-26 04:15:00;59.63
2025-05-26 04:30:00;59.63
2025-05-26 04:45:00;59.63
2025-05-26 05:00:00;66.95
2025-05-26 05:15:00;66.95
2025-05-26 05:30:00;66.95
2025-05-26 05:45:00;66.95
2025-05-26 06:00:00;93.25
2025-05-26 06:15:00;93.25
2025-05-26 06:30:00;93.25
2025-05-26 06:45:00;93.25
2025-05-26 07:00:00;123.23
2025-05-26 07:15:00;123.23
2025-05-26 07:30:00;123.23
2025-05-26 07:45:00;123.23
2025-05-26 08:00:00;103.63
2025-05-26 08:15:00;103.63
2025-05-26 08:30:00;103.63
2025-05-26 08:45:00;103.63
2025-05-26 09:00:00;72.04
2025-05-26 09:15:00;72.04
2025-05-26 09:30:00;72.04
2025-05-26 09:45:00;72.04
2025-05-26 10:00:00;8.55
2025-05-26 10:15:00;8.55
2025-05-26 10:30:00;8.55
2025-05-26 10:45:00;8.55
2025-05-26 11:00:00;-0.16
2025-05-26 11:15:00;-0.16
2025-05-26 11:30:00;-0.16
2025-05-26 11:45:00;-0.16
2025-05-26 12:00:00;-1.00
2025-05-26 12:15:00;-1.00
2025-05-26 12:30:00;-1.00
2025-05-26 12:45:00;-1.00
2025-05-26 13:00:00;-1.72
2025-05-26 13:15:00;-1.72
2025-05-26 13:30:00;-1.72
2025-05-26 13:45:00;-1.72
2025-05-26 14:00:00;-1.15
2025-05-26 14:15:00;-1.15
2025-05-26 14:30:00;-1.15
2025-05-26 14:45:00;-1.15
2025-05-26 15:00:00;-1.41
2025-05-26 15:15:00;-1.41
2025-05-26 15:30:00;-1.41
2025-05-26 15:45:00;-1.41
2025-05-26 16:00:00;0.91
2025-05-26 16:15:00;0.91
2025-05-26 16:30:00;0.91
2025-05-26 16:45:00;0.91
2025-05-26 17:00:00;15.68
2025-05-26 17:15:00;15.68
2025-05-26 17:30:00;15.68
2025-05-26 17:45:00;15.68
2025-05-26 18:00:00;76.33
2025-05-26 18:15:00;76.33
2025-05-26 18:30:00;76.33
2025-05-26 18:45:00;76.33
2025-05-26 19:00:00;91.21
2025-05-26 19:15:00;91.21
2025-05-26 19:30:00;91.21
2025-05-26 19:45:00;91.21
2025-05-26 20:00:00;128.15
2025-05-26 20:15:00;128.15
2025-05-26 20:30:00;128.15
2025-05-26 20:45:00;128.15
2025-05-26 21:00:00;134.01
2025-05-26 21:15:00;134.01
2025-05-26 21:30:00;134.01
2025-05-26 21:45:00;134.01
2025-05-26 22:00:00;104.64
2025-05-26 22:15:00;104.64
2025-05-26 22:30:00;104.64
2025-05-26 22:45:00;104.64
2025-05-26 23:00:00;82.65
2025-05-26 23:15:00;82.65
2025-05-26 23:30:00;82.65
2025-05-26 23:45:00;82.65
2025-05-27 00:00:00;72.14
2025-05-27 00:15:00;72.14
2025-05-27 00:30:00;72.14
2025-05-27 00:45:00;72.14
2025-05-27 01:00:00;61.40
2025-05-27 01:15:00;61.40
2025-05-27 01:30:00;61.40
2025-05-27 01:45:00;61.40
2025-05-27 02:00:00;45.84
2025-05-27 02:15:00;45.84
2025-05-27 02:30:00;45.84
2025-05-27 02:45:00;45.84
2025-05-27 03:00:00;32.76
2025-05-27 03:15:00;32.76
2025-05-27 03:30:00;32.76
2025-05-27 03:45:00;32.76
2025-05-27 04:00:00;32.69
2025-05-27 04:15:00;32.69
2025-05-27 04:30:00;32.69
2025-05-27 04:45:00;32.69
2025-05-27 05:00:00;49.75
2025-05-27 05:15:00;49.75
2025-05-27 05:30:00;49.75
2025-05-27 05:45:00;49.75
2025-05-27 06:00:00;57.70
2025-05-27 06:15:00;57.70
2025-05-27 06:30:00;57.70
2025-05-27 06:45:00;57.70
2025-05-27 07:00:00;62.26
2025-05-27 07:15:00;62.26
2025-05-27 07:30:00;62.26
2025-05-27 07:45:00;62.26
2025-05-27 08:00:00;62.12
2025-05-27 08:15:00;62.12
2025-05-27 08:30:00;62.12
2025-05-27 08:45:00;62.12
2025-05-27 09:00:00;45.72
2025-05-27 09:15:00;45.72
2025-05-27 09:30:00;45.72
2025-05-27 09:45:00;45.72
2025-05-27 10:00:00;3.66
2025-05-27 10:15:00;3.66
2025-05-27 10:30:00;3.66
2025-05-27 10:45:00;3.66
2025-05-27 11:00:00;2.62
2025-05-27 11:15:00;2.62
2025-05-27 11:30:00;2.62
2025-05-27 11:45:00;2.62
2025-05-27 12:00:00;0.02
2025-05-27 12:15:00;0.02
2025-05-27 12:30:00;0.02
2025-05-27 12:45:00;0.02
2025-05-27 13:00:00;-0.04
2025-05-27 13:15:00;-0.04
2025-05-27 13:30:00;-0.04
2025-05-27 13:45:00;-0.04
2025-05-27 14:00:00;-0.07
2025-05-27 14:15:00;-0.07
2025-05-27 14:30:00;-0.07
2025-05-27 14:45:00;-0.07
2025-05-27 15:00:00;2.19
2025-05-27 15:15:00;2.19
2025-05-27 15:30:00;2.19
2025-05-27 15:45:00;2.19
2025-05-27 16:00:00;42.99
2025-05-27 16:15:00;42.99
2025-05-27 16:30:00;42.99
2025-05-27 16:45:00;42.99
2025-05-27 17:00:00;75.82
2025-05-27 17:15:00;75.82
2025-05-27 17:30:00;75.82
2025-05-27 17:45:00;75.82
2025-05-27 18:00:00;94.73
2025-05-27 18:15:00;94.73
2025-05-27 18:30:00;94.73
2025-05-27 18:45:00;94.73
2025-05-27 19:00:00;113.98
2025-05-27 19:15:00;113.98
2025-05-27 19:30:00;113.98
2025-05-27 19:45:00;113.98
2025-05-27 20:00:00;127.52
2025-05-27 20:15:00;127.52
2025-05-27 20:30:00;127.52
2025-05-27 20:45:00;127.52
2025-05-27 21:00:00;112.45
2025-05-27 21:15:00;112.45
2025-05-27 21:30:00;112.45
2025-05-27 21:45:00;112.45
2025-05-27 22:00:00;100.91
2025-05-27 22:15:00;100.91
2025-05-27 22:30:00;100.91
2025-05-27 22:45:00;100.91
2025-05-27 23:00:00;81.75
2025-05-27 23:15:00;81.75
2025-05-27 23:30:00;81.75
2025-05-27 23:45:00;81.75
2025-05-28 00:00:00;65.37
2025-05-28 00:15:00;65.37
2025-05-28 00:30:00;65.37
2025-05-28 00:45:00;65.37
2025-05-28 01:00:00;54.89
2025-05-28 01:15:00;54.89
2025-05-28 01:30:00;54.89
2025-05-28 01:45:00;54.89
2025-05-28 02:00:00;53.56
2025-05-28 02:15:00;53.56
2025-05-28 02:30:00;53.56
2025-05-28 02:45:00;53.56
2025-05-28 03:00:00;46.68
2025-05-28 03:15:00;46.68
2025-05-28 03:30:00;46.68
2025-05-28 03:45:00;46.68
2025-05-28 04:00:00;49.68
2025-05-28 04:15:00;49.68
2025-05-28 04:30:00;49.68
2025-05-28 04:45:00;49.68
2025-05-28 05:00:00;58.38
2025-05-28 05:15:00;58.38
2025-05-28 05:30:00;58.38
2025-05-28 05:45:00;58.38
2025-05-28 06:00:00;78.50
2025-05-28 06:15:00;78.50
2025-05-28 06:30:00;78.50
2025-05-28 06:45:00;78.50
2025-05-28 07:00:00;93.67
2025-05-28 07:15:00;93.67
2025-05-28 07:30:00;93.67
2025-05-28 07:45:00;93.67
2025-05-28 08:00:00;93.42
2025-05-28 08:15:00;93.42
2025-05-28 08:30:00;93.42
2025-05-28 08:45:00;93.42
2025-05-28 09:00:00;81.65
2025-05-28 09:15:00;81.65
2025-05-28 09:30:00;81.65
2025-05-28 09:45:00;81.65
2025-05-28 10:00:00;62.14
2025-05-28 10:15:00;62.14
2025-05-28 10:30:00;62.14
2025-05-28 10:45:00;62.14
2025-05-28 11:00:00;52.26
2025-05-28 11:15:00;52.26
2025-05-28 11:30:00;52.26
2025-05-28 11:45:00;52.26
2025-05-28 12:00:00;47.93
2025-05-28 12:15:00;47.93
2025-05-28 12:30:00;47.93
2025-05-28 12:45:00;47.93
2025-05-28 13:00:00;42.37
2025-05-28 13:15:00;42.37
2025-05-28 13:30:00;42.37
2025-05-28 13:45:00;42.37
2025-05-28 14:00:00;39.02
2025-05-28 14:15:00;39.02
2025-05-28 14:30:00;39.02
2025-05-28 14:45:00;39.02
2025-05-28 15:00:00;31.86
2025-05-28 15:15:00;31.86
2025-05-28 15:30:00;31.86
2025-05-28 15:45:00;31.86
2025-05-28 16:00:00;49.51
2025-05-28 16:15:00;49.51
2025-05-28 16:30:00;49.51
2025-05-28 16:45:00;49.51
2025-05-28 17:00:00;66.09
2025-05-28 17:15:00;66.09
2025-05-28 17:30:00;66.09
2025-05-28 17:45:00;66.09
2025-05-28 18:00:00;80.80
2025-05-28 18:15:00;80.80
2025-05-28 18:30:00;80.80
2025-05-28 18:45:00;80.80
2025-05-28 19:00:00;99.66
2025-05-28 19:15:00;99.66
2025-05-28 19:30:00;99.66
2025-05-28 19:45:00;99.66
2025-05-28 20:00:00;120.95
2025-05-28 20:15:00;120.95
2025-05-28 20:30:00;120.95
2025-05-28 20:45:00;120.95
2025-05-28 21:00:00;178.50
2025-05-28 21:15:00;178.50
2025-05-28 21:30:00;178.50
2025-05-28 21:45:00;178.50
2025-05-28 22:00:00;144.81
2025-05-28 22:15:00;144.81
2025-05-28 22:30:00;144.81
2025-05-28 22:45:00;144.81
2025-05-28 23:00:00;103.59
2025-05-28 23:15:00;103.59
2025-05-28 23:30:00;103.59
2025-05-28 23:45:00;103.59
2025-05-29 00:00:00;114.80
2025-05-29 00:15:00;114.80
2025-05-29 00:30:00;114.80
2025-05-29 00:45:00;114.80
2025-05-29 01:00:00;111.24
2025-05-29 01:15:00;111.24
2025-05-29 01:30:00;111.24
2025-05-29 01:45:00;111.24
2025-05-29 02:00:00;103.43
2025-05-29 02:15:00;103.43
2025-05-29 02:30:00;103.43
2025-05-29 02:45:00;103.43
2025-05-29 03:00:00;102.79
2025-05-29 03:15:00;102.79
2025-05-29 03:30:00;102.79
2025-05-29 03:45:00;102.79
2025-05-29 04:00:00;104.00
2025-05-29 04:15:00;104.00
2025-05-29 04:30:00;104.00
2025-05-29 04:45:00;104.00
2025-05-29 05:00:00;100.00
2025-05-29 05:15:00;100.00
2025-05-29 05:30:00;100.00
2025-05-29 05:45:00;100.00
2025-05-29 06:00:00;85.05
2025-05-29 06:15:00;85.05
2025-05-29 06:30:00;85.05
2025-05-29 06:45:00;85.05
2025-05-29 07:00:00;82.44
2025-05-29 07:15:00;82.44
2025-05-29 07:30:00;82.44
2025-05-29 07:45:00;82.44
2025-05-29 08:00:00;91.00
2025-05-29 08:15:00;91.00
2025-05-29 08:30:00;91.00
2025-05-29 08:45:00;91.00
2025-05-29 09:00:00;75.86
2025-05-29 09:15:00;75.86
2025-05-29 09:30:00;75.86
2025-05-29 09:45:00;75.86
2025-05-29 10:00:00;31.36
2025-05-29 10:15:00;31.36
2025-05-29 10:30:00;31.36
2025-05-29 10:45:00;31.36
2025-05-29 11:00:00;2.55
2025-05-29 11:15:00;2.55
2025-05-29 11:30:00;2.55
2025-05-29 11:45:00;2.55
2025-05-29 12:00:00;-0.01
2025-05-29 12:15:00;-0.01
2025-05-29 12:30:00;-0.01
2025-05-29 12:45:00;-0.01
2025-05-29 13:00:00;-1.59
2025-05-29 13:15:00;-1.59
2025-05-29 13:30:00;-1.59
2025-05-29 13:45:00;-1.59
2025-05-29 14:00:00;-1.71
2025-05-29 14:15:00;-1.71
2025-05-29 14:30:00;-1.71
2025-05-29 14:45:00;-1.71
2025-05-29 15:00:00;-2.05
2025-05-29 15:15:00;-2.05
2025-05-29 15:30:00;-2.05
2025-05-29 15:45:00;-2.05
2025-05-29 16:00:00;-1.06
2025-05-29 16:15:00;-1.06
2025-05-29 16:30:00;-1.06
2025-05-29 16:45:00;-1.06
2025-05-29 17:00:00;17.35
2025-05-29 17:15:00;17.35
2025-05-29 17:30:00;17.35
2025-05-29 17:45:00;17.35
2025-05-29 18:00:00;52.78
2025-05-29 18:15:00;52.78
2025-05-29 18:30:00;52.78
2025-05-29 18:45:00;52.78
2025-05-29 19:00:00;68.32
2025-05-29 19:15:00;68.32
2025-05-29 19:30:00;68.32
2025-05-29 19:45:00;68.32
2025-05-29 20:00:00;76.67
2025-05-29 20:15:00;76.67
2025-05-29 20:30:00;76.67
2025-05-29 20:45:00;76.67
2025-05-29 21:00:00;75.79
2025-05-29 21:15:00;75.79
2025-05-29 21:30:00;75.79
2025-05-29 21:45:00;75.79
2025-05-29 22:00:00;77.49
2025-05-29 22:15:00;77.49
2025-05-29 22:30:00;77.49
2025-05-29 22:45:00;77.49
2025-05-29 23:00:00;58.37
2025-05-29 23:15:00;58.37
2025-05-29 23:30:00;58.37
2025-05-29 23:45:00;58.37
2025-05-30 00:00:00;46.27
2025-05-30 00:15:00;46.27
2025-05-30 00:30:00;46.27
2025-05-30 00:45:00;46.27
2025-05-30 01:00:00;28.88
2025-05-30 01:15:00;28.88
2025-05-30 01:30:00;28.88
2025-05-30 01:45:00;28.88
2025-05-30 02:00:00;33.82
2025-05-30 02:15:00;33.82
2025-05-30 02:30:00;33.82
2025-05-30 02:45:00;33.82
2025-05-30 03:00:00;33.95
2025-05-30 03:15:00;33.95
2025-05-30 03:30:00;33.95
2025-05-30 03:45:00;33.95
2025-05-30 04:00:00;37.39
2025-05-30 04:15:00;37.39
2025-05-30 04:30:00;37.39
2025-05-30 04:45:00;37.39
2025-05-30 05:00:00;52.24
2025-05-30 05:15:00;52.24
2025-05-30 05:30:00;52.24
2025-05-30 05:45:00;52.24
2025-05-30 06:00:00;66.89
2025-05-30 06:15:00;66.89
2025-05-30 06:30:00;66.89
2025-05-30 06:45:00;66.89
2025-05-30 07:00:00;68.38
2025-05-30 07:15:00;68.38
2025-05-30 07:30:00;68.38
2025-05-30 07:45:00;68.38
2025-05-30 08:00:00;53.01
2025-05-30 08:15:00;53.01
2025-05-30 08:30:00;53.01
2025-05-30 08:45:00;53.01
2025-05-30 09:00:00;29.13
2025-05-30 09:15:00;29.13
2025-05-30 09:30:00;29.13
2025-05-30 09:45:00;29.13
2025-05-30 10:00:00;1.83
2025-05-30 10:15:00;1.83
2025-05-30 10:30:00;1.83
2025-05-30 10:45:00;1.83
2025-05-30 11:00:00;-0.04
2025-05-30 11:15:00;-0.04
2025-05-30 11:30:00;-0.04
2025-05-30 11:45:00;-0.04
2025-05-30 12:00:00;-0.47
2025-05-30 12:15:00;-0.47
2025-05-30 12:30:00;-0.47
2025-05-30 12:45:00;-0.47
2025-05-30 13:00:00;-2.64
2025-05-30 13:15:00;-2.64
2025-05-30 13:30:00;-2.64
2025-05-30 13:45:00;-2.64
2025-05-30 14:00:00;-3.11
2025-05-30 14:15:00;-3.11
2025-05-30 14:30:00;-3.11
2025-05-30 14:45:00;-3.11
2025-05-30 15:00:00;-1.45
2025-05-30 15:15:00;-1.45
2025-05-30 15:30:00;-1.45
2025-05-30 15:45:00;-1.45
2025-05-30 16:00:00;-0.02
2025-05-30 16:15:00;-0.02
2025-05-30 16:30:00;-0.02
2025-05-30 16:45:00;-0.02
2025-05-30 17:00:00;7.72
2025-05-30 17:15:00;7.72
2025-05-30 17:30:00;7.72
2025-05-30 17:45:00;7.72
2025-05-30 18:00:00;66.98
2025-05-30 18:15:00;66.98
2025-05-30 18:30:00;66.98
2025-05-30 18:45:00;66.98
2025-05-30 19:00:00;107.51
2025-05-30 19:15:00;107.51
2025-05-30 19:30:00;107.51
2025-05-30 19:45:00;107.51
2025-05-30 20:00:00;132.83
2025-05-30 20:15:00;132.83
2025-05-30 20:30:00;132.83
2025-05-30 20:45:00;132.83
2025-05-30 21:00:00;145.48
2025-05-30 21:15:00;145.48
2025-05-30 21:30:00;145.48
2025-05-30 21:45:00;145.48
2025-05-30 22:00:00;130.19
2025-05-30 22:15:00;130.19
2025-05-30 22:30:00;130.19
2025-05-30 22:45:00;130.19
2025-05-30 23:00:00;108.04
2025-05-30 23:15:00;108.04
2025-05-30 23:30:00;108.04
2025-05-30 23:45:00;108.04
2025-05-31 00:00:00;107.00
2025-05-31 00:15:00;107.00
2025-05-31 00:30:00;107.00
2025-05-31 00:45:00;107.00
2025-05-31 01:00:00;96.05
2025-05-31 01:15:00;96.05
2025-05-31 01:30:00;96.05
2025-05-31 01:45:00;96.05
2025-05-31 02:00:00;92.06
2025-05-31 02:15:00;92.06
2025-05-31 02:30:00;92.06
2025-05-31 02:45:00;92.06
2025-05-31 03:00:00;89.74
2025-05-31 03:15:00;89.74
2025-05-31 03:30:00;89.74
2025-05-31 03:45:00;89.74
2025-05-31 04:00:00;90.00
2025-05-31 04:15:00;90.00
2025-05-31 04:30:00;90.00
2025-05-31 04:45:00;90.00
2025-05-31 05:00:00;88.46
2025-05-31 05:15:00;88.46
2025-05-31 05:30:00;88.46
2025-05-31 05:45:00;88.46
2025-05-31 06:00:00;89.60
2025-05-31 06:15:00;89.60
2025-05-31 06:30:00;89.60
2025-05-31 06:45:00;89.60
2025-05-31 07:00:00;88.33
2025-05-31 07:15:00;88.33
2025-05-31 07:30:00;88.33
2025-05-31 07:45:00;88.33
2025-05-31 08:00:00;51.98
2025-05-31 08:15:00;51.98
2025-05-31 08:30:00;51.98
2025-05-31 08:45:00;51.98
2025-05-31 09:00:00;1.00
2025-05-31 09:15:00;1.00
2025-05-31 09:30:00;1.00
2025-05-31 09:45:00;1.00
2025-05-31 10:00:00;-0.02
2025-05-31 10:15:00;-0.02
2025-05-31 10:30:00;-0.02
2025-05-31 10:45:00;-0.02
2025-05-31 11:00:00;-1.00
2025-05-31 11:15:00;-1.00
2025-05-31 11:30:00;-1.00
2025-05-31 11:45:00;-1.00
2025-05-31 12:00:00;-3.07
2025-05-31 12:15:00;-3.07
2025-05-31 12:30:00;-3.07
2025-05-31 12:45:00;-3.07
2025-05-31 13:00:00;-13.17
2025-05-31 13:15:00;-13.17
2025-05-31 13:30:00;-13.17
2025-05-31 13:45:00;-13.17
2025-05-31 14:00:00;-7.75
2025-05-31 14:15:00;-7.75
2025-05-31 14:30:00;-7.75
2025-05-31 14:45:00;-7.75
2025-05-31 15:00:00;-3.00
2025-05-31 15:15:00;-3.00
2025-05-31 15:30:00;-3.00
2025-05-31 15:45:00;-3.00
2025-05-31 16:00:00;-0.05
2025-05-31 16:15:00;-0.05
2025-05-31 16:30:00;-0.05
2025-05-31 16:45:00;-0.05
2025-05-31 17:00:00;32.63
2025-05-31 17:15:00;32.63
2025-05-31 17:30:00;32.63
2025-05-31 17:45:00;32.63
2025-05-31 18:00:00;83.51
2025-05-31 18:15:00;83.51
2025-05-31 18:30:00;83.51
2025-05-31 18:45:00;83.51
2025-05-31 19:00:00;123.12
2025-05-31 19:15:00;123.12
2025-05-31 19:30:00;123.12
2025-05-31 19:45:00;123.12
2025-05-31 20:00:00;134.23
2025-05-31 20:15:00;134.23
2025-05-31 20:30:00;134.23
2025-05-31 20:45:00;134.23
2025-05-31 21:00:00;130.32
2025-05-31 21:15:00;130.32
2025-05-31 21:30:00;130.32
2025-05-31 21:45:00;130.32
2025-05-31 22:00:00;124.35
2025-05-31 22:15:00;124.35
2025-05-31 22:30:00;124.35
2025-05-31 22:45:00;124.35
2025-05-31 23:00:00;97.26
2025-05-31 23:15:00;97.26
2025-05-31 23:30:00;97.26
2025-05-31 23:45:00;97.26
2025-06-01 00:00:00;103.76
2025-06-01 00:15:00;103.76
2025-06-01 00:30:00;103.76
2025-06-01 00:45:00;103.76
2025-06-01 01:00:00;81.28
2025-06-01 01:15:00;81.28
2025-06-01 01:30:00;81.28
2025-06-01 01:45:00;81.28
2025-06-01 02:00:00;79.63
2025-06-01 02:15:00;79.63
2025-06-01 02:30:00;79.63
2025-06-01 02:45:00;79.63
2025-06-01 03:00:00;74.48
2025-06-01 03:15:00;74.48
2025-06-01 03:30:00;74.48
2025-06-01 03:45:00;74.48
2025-06-01 04:00:00;72.74
2025-06-01 04:15:00;72.74
2025-06-01 04:30:00;72.74
2025-06-01 04:45:00;72.74
2025-06-01 05:00:00;65.83
2025-06-01 05:15:00;65.83
2025-06-01 05:30:00;65.83
2025-06-01 05:45:00;65.83
2025-06-01 06:00:00;36.16
2025-06-01 06:15:00;36.16
2025-06-01 06:30:00;36.16
2025-06-01 06:45:00;36.16
2025-06-01 07:00:00;13.00
2025-06-01 07:15:00;13.00
2025-06-01 07:30:00;13.00
2025-06-01 07:45:00;13.00
2025-06-01 08:00:00;2.40
2025-06-01 08:15:00;2.40
2025-06-01 08:30:00;2.40
2025-06-01 08:45:00;2.40
2025-06-01 09:00:00;-0.01
2025-06-01 09:15:00;-0.01
2025-06-01 09:30:00;-0.01
2025-06-01 09:45:00;-0.01
2025-06-01 10:00:00;-0.60
2025-06-01 10:15:00;-0.60
2025-06-01 10:30:00;-0.60
2025-06-01 10:45:00;-0.60
2025-06-01 11:00:00;-2.11
2025-06-01 11:15:00;-2.11
2025-06-01 11:30:00;-2.11
2025-06-01 11:45:00;-2.11
2025-06-01 12:00:00;-5.48
2025-06-01 12:15:00;-5.48
2025-06-01 12:30:00;-5.48
2025-06-01 12:45:00;-5.48
2025-06-01 13:00:00;-12.93
2025-06-01 13:15:00;-12.93
2025-06-01 13:30:00;-12.93
2025-06-01 13:45:00;-12.93
2025-06-01 14:00:00;-20.41
2025-06-01 14:15:00;-20.41
2025-06-01 14:30:00;-20.41
2025-06-01 14:45:00;-20.41
2025-06-01 15:00:00;-15.61
2025-06-01 15:15:00;-15.61
2025-06-01 15:30:00;-15.61
2025-06-01 15:45:00;-15.61
2025-06-01 16:00:00;-6.00
2025-06-01 16:15:00;-6.00
2025-06-01 16:30:00;-6.00
2025-06-01 16:45:00;-6.00
2025-06-01 17:00:00;-0.86
2025-06-01 17:15:00;-0.86
2025-06-01 17:30:00;-0.86
2025-06-01 17:45:00;-0.86
2025-06-01 18:00:00;15.09
2025-06-01 18:15:00;15.09
2025-06-01 18:30:00;15.09
2025-06-01 18:45:00;15.09
2025-06-01 19:00:00;64.96
2025-06-01 19:15:00;64.96
2025-06-01 19:30:00;64.96
2025-06-01 19:45:00;64.96
2025-06-01 20:00:00;86.08
2025-06-01 20:15:00;86.08
2025-06-01 20:30:00;86.08
2025-06-01 20:45:00;86.08
2025-06-01 21:00:00;98.63
2025-06-01 21:15:00;98.63
2025-06-01 21:30:00;98.63
2025-06-01 21:45:00;98.63
2025-06-01 22:00:00;98.73
2025-06-01 22:15:00;98.73
2025-06-01 22:30:00;98.73
2025-06-01 22:45:00;98.73
2025-06-01 23:00:00;77.46
2025-06-01 23:15:00;77.46
2025-06-01 23:30:00;77.46
2025-06-01 23:45:00;77.46
2025-06-02 00:00:00;69.47
2025-06-02 00:15:00;69.47
2025-06-02 00:30:00;69.47
2025-06-02 00:45:00;69.47
2025-06-02 01:00:00;65.27
2025-06-02 01:15:00;65.27
2025-06-02 01:30:00;65.27
2025-06-02 01:45:00;65.27
2025-06-02 02:00:00;69.10
2025-06-02 02:15:00;69.10
2025-06-02 02:30:00;69.10
2025-06-02 02:45:00;69.10
2025-06-02 03:00:00;70.62
2025-06-02 03:15:00;70.62
2025-06-02 03:30:00;70.62
2025-06-02 03:45:00;70.62
2025-06-02 04:00:00;71.23
2025-06-02 04:15:00;71.23
2025-06-02 04:30:00;71.23
2025-06-02 04:45:00;71.23
2025-06-02 05:00:00;74.52
2025-06-02 05:15:00;74.52
2025-06-02 05:30:00;74.52
2025-06-02 05:45:00;74.52
2025-06-02 06:00:00;100.05
2025-06-02 06:15:00;100.05
2025-06-02 06:30:00;100.05
2025-06-02 06:45:00;100.05
2025-06-02 07:00:00;107.90
2025-06-02 07:15:00;107.90
2025-06-02 07:30:00;107.90
2025-06-02 07:45:00;107.90
2025-06-02 08:00:00;108.68
2025-06-02 08:15:00;108.68
2025-06-02 08:30:00;108.68
2025-06-02 08:45:00;108.68
2025-06-02 09:00:00;80.15
2025-06-02 09:15:00;80.15
2025-06-02 09:30:00;80.15
2025-06-02 09:45:00;80.15
2025-06-02 10:00:00;52.62
2025-06-02 10:15:00;52.62
2025-06-02 10:30:00;52.62
2025-06-02 10:45:00;52.62
2025-06-02 11:00:00;33.21
2025-06-02 11:15:00;33.21
2025-06-02 11:30:00;33.21
2025-06-02 11:45:00;33.21
2025-06-02 12:00:00;20.00
2025-06-02 12:15:00;20.00
2025-06-02 12:30:00;20.00
2025-06-02 12:45:00;20.00
2025-06-02 13:00:00;12.78
2025-06-02 13:15:00;12.78
2025-06-02 13:30:00;12.78
2025-06-02 13:45:00;12.78
2025-06-02 14:00:00;11.00
2025-06-02 14:15:00;11.00
2025-06-02 14:30:00;11.00
2025-06-02 14:45:00;11.00
2025-06-02 15:00:00;19.75
2025-06-02 15:15:00;19.75
2025-06-02 15:30:00;19.75
2025-06-02 15:45:00;19.75
2025-06-02 16:00:00;42.05
2025-06-02 16:15:00;42.05
2025-06-02 16:30:00;42.05
2025-06-02 16:45:00;42.05
2025-06-02 17:00:00;63.78
2025-06-02 17:15:00;63.78
2025-06-02 17:30:00;63.78
2025-06-02 17:45:00;63.78
2025-06-02 18:00:00;78.99
2025-06-02 18:15:00;78.99
2025-06-02 18:30:00;78.99
2025-06-02 18:45:00;78.99
2025-06-02 19:00:00;105.13
2025-06-02 19:15:00;105.13
2025-06-02 19:30:00;105.13
2025-06-02 19:45:00;105.13
2025-06-02 20:00:00;125.65
2025-06-02 20:15:00;125.65
2025-06-02 20:30:00;125.65
2025-06-02 20:45:00;125.65
2025-06-02 21:00:00;184.00
2025-06-02 21:15:00;184.00
2025-06-02 21:30:00;184.00
2025-06-02 21:45:00;184.00
2025-06-02 22:00:00;140.00
2025-06-02 22:15:00;140.00
2025-06-02 22:30:00;140.00
2025-06-02 22:45:00;140.00
2025-06-02 23:00:00;104.58
2025-06-02 23:15:00;104.58
2025-06-02 23:30:00;104.58
2025-06-02 23:45:00;104.58
2025-06-03 00:00:00;92.36
2025-06-03 00:15:00;92.36
2025-06-03 00:30:00;92.36
2025-06-03 00:45:00;92.36
2025-06-03 01:00:00;84.77
2025-06-03 01:15:00;84.77
2025-06-03 01:30:00;84.77
2025-06-03 01:45:00;84.77
2025-06-03 02:00:00;90.36
2025-06-03 02:15:00;90.36
2025-06-03 02:30:00;90.36
2025-06-03 02:45:00;90.36
2025-06-03 03:00:00;74.32
2025-06-03 03:15:00;74.32
2025-06-03 03:30:00;74.32
2025-06-03 03:45:00;74.32
2025-06-03 04:00:00;70.61
2025-06-03 04:15:00;70.61
2025-06-03 04:30:00;70.61
2025-06-03 04:45:00;70.61
2025-06-03 05:00:00;78.50
2025-06-03 05:15:00;78.50
2025-06-03 05:30:00;78.50
2025-06-03 05:45:00;78.50
2025-06-03 06:00:00;97.57
2025-06-03 06:15:00;97.57
2025-06-03 06:30:00;97.57
2025-06-03 06:45:00;97.57
2025-06-03 07:00:00;88.66
2025-06-03 07:15:00;88.66
2025-06-03 07:30:00;88.66
2025-06-03 07:45:00;88.66
2025-06-03 08:00:00;74.66
2025-06-03 08:15:00;74.66
2025-06-03 08:30:00;74.66
2025-06-03 08:45:00;74.66
2025-06-03 09:00:00;29.43
2025-06-03 09:15:00;29.43
2025-06-03 09:30:00;29.43
2025-06-03 09:45:00;29.43
2025-06-03 10:00:00;-0.15
2025-06-03 10:15:00;-0.15
2025-06-03 10:30:00;-0.15
2025-06-03 10:45:00;-0.15
2025-06-03 11:00:00;-1.86
2025-06-03 11:15:00;-1.86
2025-06-03 11:30:00;-1.86
2025-06-03 11:45:00;-1.86
2025-06-03 12:00:00;-1.69
2025-06-03 12:15:00;-1.69
2025-06-03 12:30:00;-1.69
2025-06-03 12:45:00;-1.69
2025-06-03 13:00:00;-2.60
2025-06-03 13:15:00;-2.60
2025-06-03 13:30:00;-2.60
2025-06-03 13:45:00;-2.60
2025-06-03 14:00:00;-10.01
2025-06-03 14:15:00;-10.01
2025-06-03 14:30:00;-10.01
2025-06-03 14:45:00;-10.01
2025-06-03 15:00:00;-4.68
2025-06-03 15:15:00;-4.68
2025-06-03 15:30:00;-4.68
2025-06-03 15:45:00;-4.68
2025-06-03 16:00:00;-0.84
2025-06-03 16:15:00;-0.84
2025-06-03 16:30:00;-0.84
2025-06-03 16:45:00;-0.84
2025-06-03 17:00:00;-7.58
2025-06-03 17:15:00;-7.58
2025-06-03 17:30:00;-7.58
2025-06-03 17:45:00;-7.58
2025-06-03 18:00:00;62.17
2025-06-03 18:15:00;62.17
2025-06-03 18:30:00;62.17
2025-06-03 18:45:00;62.17
2025-06-03 19:00:00;87.00
2025-06-03 19:15:00;87.00
2025-06-03 19:30:00;87.00
2025-06-03 19:45:00;87.00
2025-06-03 20:00:00;113.86
2025-06-03 20:15:00;113.86
2025-06-03 20:30:00;113.86
2025-06-03 20:45:00;113.86
2025-06-03 21:00:00;99.40
2025-06-03 21:15:00;99.40
2025-06-03 21:30:00;99.40
2025-06-03 21:45:00;99.40
2025-06-03 22:00:00;102.29
2025-06-03 22:15:00;102.29
2025-06-03 22:30:00;102.29
2025-06-03 22:45:00;102.29
2025-06-03 23:00:00;92.61
2025-06-03 23:15:00;92.61
2025-06-03 23:30:00;92.61
2025-06-03 23:45:00;92.61
2025-06-04 00:00:00;70.01
2025-06-04 00:15:00;70.01
2025-06-04 00:30:00;70.01
2025-06-04 00:45:00;70.01
2025-06-04 01:00:00;61.07
2025-06-04 01:15:00;61.07
2025-06-04 01:30:00;61.07
2025-06-04 01:45:00;61.07
2025-06-04 02:00:00;59.32
2025-06-04 02:15:00;59.32
2025-06-04 02:30:00;59.32
2025-06-04 02:45:00;59.32
2025-06-04 03:00:00;59.78
2025-06-04 03:15:00;59.78
2025-06-04 03:30:00;59.78
2025-06-04 03:45:00;59.78
2025-06-04 04:00:00;62.36
2025-06-04 04:15:00;62.36
2025-06-04 04:30:00;62.36
2025-06-04 04:45:00;62.36
2025-06-04 05:00:00;72.90
2025-06-04 05:15:00;72.90
2025-06-04 05:30:00;72.90
2025-06-04 05:45:00;72.90
2025-06-04 06:00:00;100.74
2025-06-04 06:15:00;100.74
2025-06-04 06:30:00;100.74
2025-06-04 06:45:00;100.74
2025-06-04 07:00:00;112.66
2025-06-04 07:15:00;112.66
2025-06-04 07:30:00;112.66
2025-06-04 07:45:00;112.66
2025-06-04 08:00:00;118.30
2025-06-04 08:15:00;118.30
2025-06-04 08:30:00;118.30
2025-06-04 08:45:00;118.30
2025-06-04 09:00:00;137.80
2025-06-04 09:15:00;137.80
2025-06-04 09:30:00;137.80
2025-06-04 09:45:00;137.80
2025-06-04 10:00:00;72.40
2025-06-04 10:15:00;72.40
2025-06-04 10:30:00;72.40
2025-06-04 10:45:00;72.40
2025-06-04 11:00:00;45.00
2025-06-04 11:15:00;45.00
2025-06-04 11:30:00;45.00
2025-06-04 11:45:00;45.00
2025-06-04 12:00:00;20.34
2025-06-04 12:15:00;20.34
2025-06-04 12:30:00;20.34
2025-06-04 12:45:00;20.34
2025-06-04 13:00:00;9.69
2025-06-04 13:15:00;9.69
2025-06-04 13:30:00;9.69
2025-06-04 13:45:00;9.69
2025-06-04 14:00:00;14.06
2025-06-04 14:15:00;14.06
2025-06-04 14:30:00;14.06
2025-06-04 14:45:00;14.06
2025-06-04 15:00:00;28.41
2025-06-04 15:15:00;28.41
2025-06-04 15:30:00;28.41
2025-06-04 15:45:00;28.41
2025-06-04 16:00:00;39.55
2025-06-04 16:15:00;39.55
2025-06-04 16:30:00;39.55
2025-06-04 16:45:00;39.55
2025-06-04 17:00:00;69.04
2025-06-04 17:15:00;69.04
2025-06-04 17:30:00;69.04
2025-06-04 17:45:00;69.04
2025-06-04 18:00:00;86.37
2025-06-04 18:15:00;86.37
2025-06-04 18:30:00;86.37
2025-06-04 18:45:00;86.37
2025-06-04 19:00:00;86.70
2025-06-04 19:15:00;86.70
2025-06-04 19:30:00;86.70
2025-06-04 19:45:00;86.70
2025-06-04 20:00:00;104.60
2025-06-04 20:15:00;104.60
2025-06-04 20:30:00;104.60
2025-06-04 20:45:00;104.60
2025-06-04 21:00:00;107.90
2025-06-04 21:15:00;107.90
2025-06-04 21:30:00;107.90
2025-06-04 21:45:00;107.90
2025-06-04 22:00:00;110.40
2025-06-04 22:15:00;110.40
2025-06-04 22:30:00;110.40
2025-06-04 22:45:00;110.40
2025-06-04 23:00:00;99.64
2025-06-04 23:15:00;99.64
2025-06-04 23:30:00;99.64
2025-06-04 23:45:00;99.64
2025-06-05 00:00:00;99.41
2025-06-05 00:15:00;99.41
2025-06-05 00:30:00;99.41
2025-06-05 00:45:00;99.41
2025-06-05 01:00:00;82.67
2025-06-05 01:15:00;82.67
2025-06-05 01:30:00;82.67
2025-06-05 01:45:00;82.67
2025-06-05 02:00:00;77.41
2025-06-05 02:15:00;77.41
2025-06-05 02:30:00;77.41
2025-06-05 02:45:00;77.41
2025-06-05 03:00:00;76.76
2025-06-05 03:15:00;76.76
2025-06-05 03:30:00;76.76
2025-06-05 03:45:00;76.76
2025-06-05 04:00:00;77.45
2025-06-05 04:15:00;77.45
2025-06-05 04:30:00;77.45
2025-06-05 04:45:00;77.45
2025-06-05 05:00:00;77.23
2025-06-05 05:15:00;77.23
2025-06-05 05:30:00;77.23
2025-06-05 05:45:00;77.23
2025-06-05 06:00:00;87.30
2025-06-05 06:15:00;87.30
2025-06-05 06:30:00;87.30
2025-06-05 06:45:00;87.30
2025-06-05 07:00:00;110.53
2025-06-05 07:15:00;110.53
2025-06-05 07:30:00;110.53
2025-06-05 07:45:00;110.53
2025-06-05 08:00:00;116.60
2025-06-05 08:15:00;116.60
2025-06-05 08:30:00;116.60
2025-06-05 08:45:00;116.60
2025-06-05 09:00:00;111.00
2025-06-05 09:15:00;111.00
2025-06-05 09:30:00;111.00
2025-06-05 09:45:00;111.00
2025-06-05 10:00:00;68.42
2025-06-05 10:15:00;68.42
2025-06-05 10:30:00;68.42
2025-06-05 10:45:00;68.42
2025-06-05 11:00:00;45.16
2025-06-05 11:15:00;45.16
2025-06-05 11:30:00;45.16
2025-06-05 11:45:00;45.16
2025-06-05 12:00:00;23.90
2025-06-05 12:15:00;23.90
2025-06-05 12:30:00;23.90
2025-06-05 12:45:00;23.90
2025-06-05 13:00:00;10.34
2025-06-05 13:15:00;10.34
2025-06-05 13:30:00;10.34
2025-06-05 13:45:00;10.34
2025-06-05 14:00:00;6.56
2025-06-05 14:15:00;6.56
2025-06-05 14:30:00;6.56
2025-06-05 14:45:00;6.56
2025-06-05 15:00:00;18.13
2025-06-05 15:15:00;18.13
2025-06-05 15:30:00;18.13
2025-06-05 15:45:00;18.13
2025-06-05 16:00:00;45.00
2025-06-05 16:15:00;45.00
2025-06-05 16:30:00;45.00
2025-06-05 16:45:00;45.00
2025-06-05 17:00:00;67.53
2025-06-05 17:15:00;67.53
2025-06-05 17:30:00;67.53
2025-06-05 17:45:00;67.53
2025-06-05 18:00:00;91.86
2025-06-05 18:15:00;91.86
2025-06-05 18:30:00;91.86
2025-06-05 18:45:00;91.86
2025-06-05 19:00:00;104.88
2025-06-05 19:15:00;104.88
2025-06-05 19:30:00;104.88
2025-06-05 19:45:00;104.88
2025-06-05 20:00:00;118.56
2025-06-05 20:15:00;118.56
2025-06-05 20:30:00;118.56
2025-06-05 20:45:00;118.56
2025-06-05 21:00:00;118.82
2025-06-05 21:15:00;118.82
2025-06-05 21:30:00;118.82
2025-06-05 21:45:00;118.82
2025-06-05 22:00:00;116.06
2025-06-05 22:15:00;116.06
2025-06-05 22:30:00;116.06
2025-06-05 22:45:00;116.06
2025-06-05 23:00:00;85.34
2025-06-05 23:15:00;85.34
2025-06-05 23:30:00;85.34
2025-06-05 23:45:00;85.34
2025-06-06 00:00:00;64.32
2025-06-06 00:15:00;64.32
2025-06-06 00:30:00;64.32
2025-06-06 00:45:00;64.32
2025-06-06 01:00:00;50.94
2025-06-06 01:15:00;50.94
2025-06-06 01:30:00;50.94
2025-06-06 01:45:00;50.94
2025-06-06 02:00:00;48.36
2025-06-06 02:15:00;48.36
2025-06-06 02:30:00;48.36
2025-06-06 02:45:00;48.36
2025-06-06 03:00:00;45.37
2025-06-06 03:15:00;45.37
2025-06-06 03:30:00;45.37
2025-06-06 03:45:00;45.37
2025-06-06 04:00:00;43.89
2025-06-06 04:15:00;43.89
2025-06-06 04:30:00;43.89
2025-06-06 04:45:00;43.89
2025-06-06 05:00:00;45.53
2025-06-06 05:15:00;45.53
2025-06-06 05:30:00;45.53
2025-06-06 05:45:00;45.53
2025-06-06 06:00:00;62.77
2025-06-06 06:15:00;62.77
2025-06-06 06:30:00;62.77
2025-06-06 06:45:00;62.77
2025-06-06 07:00:00;65.79
2025-06-06 07:15:00;65.79
2025-06-06 07:30:00;65.79
2025-06-06 07:45:00;65.79
2025-06-06 08:00:00;54.97
2025-06-06 08:15:00;54.97
2025-06-06 08:30:00;54.97
2025-06-06 08:45:00;54.97
2025-06-06 09:00:00;4.29
2025-06-06 09:15:00;4.29
2025-06-06 09:30:00;4.29
2025-06-06 09:45:00;4.29
2025-06-06 10:00:00;-0.01
2025-06-06 10:15:00;-0.01
2025-06-06 10:30:00;-0.01
2025-06-06 10:45:00;-0.01
2025-06-06 11:00:00;-0.14
2025-06-06 11:15:00;-0.14
2025-06-06 11:30:00;-0.14
2025-06-06 11:45:00;-0.14
2025-06-06 12:00:00;-0.47
2025-06-06 12:15:00;-0.47
2025-06-06 12:30:00;-0.47
2025-06-06 12:45:00;-0.47
2025-06-06 13:00:00;-3.06
2025-06-06 13:15:00;-3.06
2025-06-06 13:30:00;-3.06
2025-06-06 13:45:00;-3.06
2025-06-06 14:00:00;-3.42
2025-06-06 14:15:00;-3.42
2025-06-06 14:30:00;-3.42
2025-06-06 14:45:00;-3.42
2025-06-06 15:00:00;-2.55
2025-06-06 15:15:00;-2.55
2025-06-06 15:30:00;-2.55
2025-06-06 15:45:00;-2.55
2025-06-06 16:00:00;-0.24
2025-06-06 16:15:00;-0.24
2025-06-06 16:30:00;-0.24
2025-06-06 16:45:00;-0.24
2025-06-06 17:00:00;1.81
2025-06-06 17:15:00;1.81
2025-06-06 17:30:00;1.81
2025-06-06 17:45:00;1.81
2025-06-06 18:00:00;42.90
2025-06-06 18:15:00;42.90
2025-06-06 18:30:00;42.90
2025-06-06 18:45:00;42.90
2025-06-06 19:00:00;82.11
2025-06-06 19:15:00;82.11
2025-06-06 19:30:00;82.11
2025-06-06 19:45:00;82.11
2025-06-06 20:00:00;109.54
2025-06-06 20:15:00;109.54
2025-06-06 20:30:00;109.54
2025-06-06 20:45:00;109.54
2025-06-06 21:00:00;127.98
2025-06-06 21:15:00;127.98
2025-06-06 21:30:00;127.98
2025-06-06 21:45:00;127.98
2025-06-06 22:00:00;131.10
2025-06-06 22:15:00;131.10
2025-06-06 22:30:00;131.10
2025-06-06 22:45:00;131.10
2025-06-06 23:00:00;104.44
2025-06-06 23:15:00;104.44
2025-06-06 23:30:00;104.44
2025-06-06 23:45:00;104.44
2025-06-07 00:00:00;105.65
2025-06-07 00:15:00;105.65
2025-06-07 00:30:00;105.65
2025-06-07 00:45:00;105.65
2025-06-07 01:00:00;93.24
2025-06-07 01:15:00;93.24
2025-06-07 01:30:00;93.24
2025-06-07 01:45:00;93.24
2025-06-07 02:00:00;86.58
2025-06-07 02:15:00;86.58
2025-06-07 02:30:00;86.58
2025-06-07 02:45:00;86.58
2025-06-07 03:00:00;92.56
2025-06-07 03:15:00;92.56
2025-06-07 03:30:00;92.56
2025-06-07 03:45:00;92.56
2025-06-07 04:00:00;93.29
2025-06-07 04:15:00;93.29
2025-06-07 04:30:00;93.29
2025-06-07 04:45:00;93.29
2025-06-07 05:00:00;93.02
2025-06-07 05:15:00;93.02
2025-06-07 05:30:00;93.02
2025-06-07 05:45:00;93.02
2025-06-07 06:00:00;93.35
2025-06-07 06:15:00;93.35
2025-06-07 06:30:00;93.35
2025-06-07 06:45:00;93.35
2025-06-07 07:00:00;95.47
2025-06-07 07:15:00;95.47
2025-06-07 07:30:00;95.47
2025-06-07 07:45:00;95.47
2025-06-07 08:00:00;89.14
2025-06-07 08:15:00;89.14
2025-06-07 08:30:00;89.14
2025-06-07 08:45:00;89.14
2025-06-07 09:00:00;74.03
2025-06-07 09:15:00;74.03
2025-06-07 09:30:00;74.03
2025-06-07 09:45:00;74.03
2025-06-07 10:00:00;33.63
2025-06-07 10:15:00;33.63
2025-06-07 10:30:00;33.63
2025-06-07 10:45:00;33.63
2025-06-07 11:00:00;9.44
2025-06-07 11:15:00;9.44
2025-06-07 11:30:00;9.44
2025-06-07 11:45:00;9.44
2025-06-07 12:00:00;1.19
2025-06-07 12:15:00;1.19
2025-06-07 12:30:00;1.19
2025-06-07 12:45:00;1.19
2025-06-07 13:00:00;-0.01
2025-06-07 13:15:00;-0.01
2025-06-07 13:30:00;-0.01
2025-06-07 13:45:00;-0.01
2025-06-07 14:00:00;-0.02
2025-06-07 14:15:00;-0.02
2025-06-07 14:30:00;-0.02
2025-06-07 14:45:00;-0.02
2025-06-07 15:00:00;-0.02
2025-06-07 15:15:00;-0.02
2025-06-07 15:30:00;-0.02
2025-06-07 15:45:00;-0.02
2025-06-07 16:00:00;-0.43
2025-06-07 16:15:00;-0.43
2025-06-07 16:30:00;-0.43
2025-06-07 16:45:00;-0.43
2025-06-07 17:00:00;20.17
2025-06-07 17:15:00;20.17
2025-06-07 17:30:00;20.17
2025-06-07 17:45:00;20.17
2025-06-07 18:00:00;62.97
2025-06-07 18:15:00;62.97
2025-06-07 18:30:00;62.97
2025-06-07 18:45:00;62.97
2025-06-07 19:00:00;80.47
2025-06-07 19:15:00;80.47
2025-06-07 19:30:00;80.47
2025-06-07 19:45:00;80.47
2025-06-07 20:00:00;124.42
2025-06-07 20:15:00;124.42
2025-06-07 20:30:00;124.42
2025-06-07 20:45:00;124.42
2025-06-07 21:00:00;125.39
2025-06-07 21:15:00;125.39
2025-06-07 21:30:00;125.39
2025-06-07 21:45:00;125.39
2025-06-07 22:00:00;109.91
2025-06-07 22:15:00;109.91
2025-06-07 22:30:00;109.91
2025-06-07 22:45:00;109.91
2025-06-07 23:00:00;87.45
2025-06-07 23:15:00;87.45
2025-06-07 23:30:00;87.45
2025-06-07 23:45:00;87.45
2025-06-08 00:00:00;101.91
2025-06-08 00:15:00;101.91
2025-06-08 00:30:00;101.91
2025-06-08 00:45:00;101.91
2025-06-08 01:00:00;75.60
2025-06-08 01:15:00;75.60
2025-06-08 01:30:00;75.60
2025-06-08 01:45:00;75.60
2025-06-08 02:00:00;69.31
2025-06-08 02:15:00;69.31
2025-06-08 02:30:00;69.31
2025-06-08 02:45:00;69.31
2025-06-08 03:00:00;60.74
2025-06-08 03:15:00;60.74
2025-06-08 03:30:00;60.74
2025-06-08 03:45:00;60.74
2025-06-08 04:00:00;49.65
2025-06-08 04:15:00;49.65
2025-06-08 04:30:00;49.65
2025-06-08 04:45:00;49.65
2025-06-08 05:00:00;40.66
2025-06-08 05:15:00;40.66
2025-06-08 05:30:00;40.66
2025-06-08 05:45:00;40.66
2025-06-08 06:00:00;25.80
2025-06-08 06:15:00;25.80
2025-06-08 06:30:00;25.80
2025-06-08 06:45:00;25.80
2025-06-08 07:00:00;2.62
2025-06-08 07:15:00;2.62
2025-06-08 07:30:00;2.62
2025-06-08 07:45:00;2.62
2025-06-08 08:00:00;0.00
2025-06-08 08:15:00;0.00
2025-06-08 08:30:00;0.00
2025-06-08 08:45:00;0.00
2025-06-08 09:00:00;-0.50
2025-06-08 09:15:00;-0.50
2025-06-08 09:30:00;-0.50
2025-06-08 09:45:00;-0.50
2025-06-08 10:00:00;-2.00
2025-06-08 10:15:00;-2.00
2025-06-08 10:30:00;-2.00
2025-06-08 10:45:00;-2.00
2025-06-08 11:00:00;-7.84
2025-06-08 11:15:00;-7.84
2025-06-08 11:30:00;-7.84
2025-06-08 11:45:00;-7.84
2025-06-08 12:00:00;-19.70
2025-06-08 12:15:00;-19.70
2025-06-08 12:30:00;-19.70
2025-06-08 12:45:00;-19.70
2025-06-08 13:00:00;-39.29
2025-06-08 13:15:00;-39.29
2025-06-08 13:30:00;-39.29
2025-06-08 13:45:00;-39.29
2025-06-08 14:00:00;-51.91
2025-06-08 14:15:00;-51.91
2025-06-08 14:30:00;-51.91
2025-06-08 14:45:00;-51.91
2025-06-08 15:00:00;-51.31
2025-06-08 15:15:00;-51.31
2025-06-08 15:30:00;-51.31
2025-06-08 15:45:00;-51.31
2025-06-08 16:00:00;-35.97
2025-06-08 16:15:00;-35.97
2025-06-08 16:30:00;-35.97
2025-06-08 16:45:00;-35.97
2025-06-08 17:00:00;-10.30
2025-06-08 17:15:00;-10.30
2025-06-08 17:30:00;-10.30
2025-06-08 17:45:00;-10.30
2025-06-08 18:00:00;2.57
2025-06-08 18:15:00;2.57
2025-06-08 18:30:00;2.57
2025-06-08 18:45:00;2.57
2025-06-08 19:00:00;39.62
2025-06-08 19:15:00;39.62
2025-06-08 19:30:00;39.62
2025-06-08 19:45:00;39.62
2025-06-08 20:00:00;77.00
2025-06-08 20:15:00;77.00
2025-06-08 20:30:00;77.00
2025-06-08 20:45:00;77.00
2025-06-08 21:00:00;130.74
2025-06-08 21:15:00;130.74
2025-06-08 21:30:00;130.74
2025-06-08 21:45:00;130.74
2025-06-08 22:00:00;85.52
2025-06-08 22:15:00;85.52
2025-06-08 22:30:00;85.52
2025-06-08 22:45:00;85.52
2025-06-08 23:00:00;70.97
2025-06-08 23:15:00;70.97
2025-06-08 23:30:00;70.97
2025-06-08 23:45:00;70.97
2025-06-09 00:00:00;41.00
2025-06-09 00:15:00;41.00
2025-06-09 00:30:00;41.00
2025-06-09 00:45:00;41.00
2025-06-09 01:00:00;32.97
2025-06-09 01:15:00;32.97
2025-06-09 01:30:00;32.97
2025-06-09 01:45:00;32.97
2025-06-09 02:00:00;25.87
2025-06-09 02:15:00;25.87
2025-06-09 02:30:00;25.87
2025-06-09 02:45:00;25.87
2025-06-09 03:00:00;24.58
2025-06-09 03:15:00;24.58
2025-06-09 03:30:00;24.58
2025-06-09 03:45:00;24.58
2025-06-09 04:00:00;30.39
2025-06-09 04:15:00;30.39
2025-06-09 04:30:00;30.39
2025-06-09 04:45:00;30.39
2025-06-09 05:00:00;40.44
2025-06-09 05:15:00;40.44
2025-06-09 05:30:00;40.44
2025-06-09 05:45:00;40.44
2025-06-09 06:00:00;81.60
2025-06-09 06:15:00;81.60
2025-06-09 06:30:00;81.60
2025-06-09 06:45:00;81.60
2025-06-09 07:00:00;75.00
2025-06-09 07:15:00;75.00
2025-06-09 07:30:00;75.00
2025-06-09 07:45:00;75.00
2025-06-09 08:00:00;7.44
2025-06-09 08:15:00;7.44
2025-06-09 08:30:00;7.44
2025-06-09 08:45:00;7.44
2025-06-09 09:00:00;0.51
2025-06-09 09:15:00;0.51
2025-06-09 09:30:00;0.51
2025-06-09 09:45:00;0.51
2025-06-09 10:00:00;-0.74
2025-06-09 10:15:00;-0.74
2025-06-09 10:30:00;-0.74
2025-06-09 10:45:00;-0.74
2025-06-09 11:00:00;-2.87
2025-06-09 11:15:00;-2.87
2025-06-09 11:30:00;-2.87
2025-06-09 11:45:00;-2.87
2025-06-09 12:00:00;-8.25
2025-06-09 12:15:00;-8.25
2025-06-09 12:30:00;-8.25
2025-06-09 12:45:00;-8.25
2025-06-09 13:00:00;-17.94
2025-06-09 13:15:00;-17.94
2025-06-09 13:30:00;-17.94
2025-06-09 13:45:00;-17.94
2025-06-09 14:00:00;-15.54
2025-06-09 14:15:00;-15.54
2025-06-09 14:30:00;-15.54
2025-06-09 14:45:00;-15.54
2025-06-09 15:00:00;-3.92
2025-06-09 15:15:00;-3.92
2025-06-09 15:30:00;-3.92
2025-06-09 15:45:00;-3.92
2025-06-09 16:00:00;-0.54
2025-06-09 16:15:00;-0.54
2025-06-09 16:30:00;-0.54
2025-06-09 16:45:00;-0.54
2025-06-09 17:00:00;4.64
2025-06-09 17:15:00;4.64
2025-06-09 17:30:00;4.64
2025-06-09 17:45:00;4.64
2025-06-09 18:00:00;64.45
2025-06-09 18:15:00;64.45
2025-06-09 18:30:00;64.45
2025-06-09 18:45:00;64.45
2025-06-09 19:00:00;107.59
2025-06-09 19:15:00;107.59
2025-06-09 19:30:00;107.59
2025-06-09 19:45:00;107.59
2025-06-09 20:00:00;130.04
2025-06-09 20:15:00;130.04
2025-06-09 20:30:00;130.04
2025-06-09 20:45:00;130.04
2025-06-09 21:00:00;142.70
2025-06-09 21:15:00;142.70
2025-06-09 21:30:00;142.70
2025-06-09 21:45:00;142.70
2025-06-09 22:00:00;127.95
2025-06-09 22:15:00;127.95
2025-06-09 22:30:00;127.95
2025-06-09 22:45:00;127.95
2025-06-09 23:00:00;93.71
2025-06-09 23:15:00;93.71
2025-06-09 23:30:00;93.71
2025-06-09 23:45:00;93.71
2025-06-10 00:00:00;81.13
2025-06-10 00:15:00;81.13
2025-06-10 00:30:00;81.13
2025-06-10 00:45:00;81.13
2025-06-10 01:00:00;74.56
2025-06-10 01:15:00;74.56
2025-06-10 01:30:00;74.56
2025-06-10 01:45:00;74.56
2025-06-10 02:00:00;65.92
2025-06-10 02:15:00;65.92
2025-06-10 02:30:00;65.92
2025-06-10 02:45:00;65.92
2025-06-10 03:00:00;56.12
2025-06-10 03:15:00;56.12
2025-06-10 03:30:00;56.12
2025-06-10 03:45:00;56.12
2025-06-10 04:00:00;50.43
2025-06-10 04:15:00;50.43
2025-06-10 04:30:00;50.43
2025-06-10 04:45:00;50.43
2025-06-10 05:00:00;50.47
2025-06-10 05:15:00;50.47
2025-06-10 05:30:00;50.47
2025-06-10 05:45:00;50.47
2025-06-10 06:00:00;62.04
2025-06-10 06:15:00;62.04
2025-06-10 06:30:00;62.04
2025-06-10 06:45:00;62.04
2025-06-10 07:00:00;79.00
2025-06-10 07:15:00;79.00
2025-06-10 07:30:00;79.00
2025-06-10 07:45:00;79.00
2025-06-10 08:00:00;78.74
2025-06-10 08:15:00;78.74
2025-06-10 08:30:00;78.74
2025-06-10 08:45:00;78.74
2025-06-10 09:00:00;64.14
2025-06-10 09:15:00;64.14
2025-06-10 09:30:00;64.14
2025-06-10 09:45:00;64.14
2025-06-10 10:00:00;20.88
2025-06-10 10:15:00;20.88
2025-06-10 10:30:00;20.88
2025-06-10 10:45:00;20.88
2025-06-10 11:00:00;5.48
2025-06-10 11:15:00;5.48
2025-06-10 11:30:00;5.48
2025-06-10 11:45:00;5.48
2025-06-10 12:00:00;-0.02
2025-06-10 12:15:00;-0.02
2025-06-10 12:30:00;-0.02
2025-06-10 12:45:00;-0.02
2025-06-10 13:00:00;1.05
2025-06-10 13:15:00;1.05
2025-06-10 13:30:00;1.05
2025-06-10 13:45:00;1.05
2025-06-10 14:00:00;0.41
2025-06-10 14:15:00;0.41
2025-06-10 14:30:00;0.41
2025-06-10 14:45:00;0.41
2025-06-10 15:00:00;0.99
2025-06-10 15:15:00;0.99
2025-06-10 15:30:00;0.99
2025-06-10 15:45:00;0.99
2025-06-10 16:00:00;14.22
2025-06-10 16:15:00;14.22
2025-06-10 16:30:00;14.22
2025-06-10 16:45:00;14.22
2025-06-10 17:00:00;67.06
2025-06-10 17:15:00;67.06
2025-06-10 17:30:00;67.06
2025-06-10 17:45:00;67.06
2025-06-10 18:00:00;112.50
2025-06-10 18:15:00;112.50
2025-06-10 18:30:00;112.50
2025-06-10 18:45:00;112.50
2025-06-10 19:00:00;124.10
2025-06-10 19:15:00;124.10
2025-06-10 19:30:00;124.10
2025-06-10 19:45:00;124.10
2025-06-10 20:00:00;146.00
2025-06-10 20:15:00;146.00
2025-06-10 20:30:00;146.00
2025-06-10 20:45:00;146.00
2025-06-10 21:00:00;143.00
2025-06-10 21:15:00;143.00
2025-06-10 21:30:00;143.00
2025-06-10 21:45:00;143.00
2025-06-10 22:00:00;133.72
2025-06-10 22:15:00;133.72
2025-06-10 22:30:00;133.72
2025-06-10 22:45:00;133.72
2025-06-10 23:00:00;124.47
2025-06-10 23:15:00;124.47
2025-06-10 23:30:00;124.47
2025-06-10 23:45:00;124.47
2025-06-11 00:00:00;111.76
2025-06-11 00:15:00;111.76
2025-06-11 00:30:00;111.76
2025-06-11 00:45:00;111.76
2025-06-11 01:00:00;113.00
2025-06-11 01:15:00;113.00
2025-06-11 01:30:00;113.00
2025-06-11 01:45:00;113.00
2025-06-11 02:00:00;104.39
2025-06-11 02:15:00;104.39
2025-06-11 02:30:00;104.39
2025-06-11 02:45:00;104.39
2025-06-11 03:00:00;84.24
2025-06-11 03:15:00;84.24
2025-06-11 03:30:00;84.24
2025-06-11 03:45:00;84.24
2025-06-11 04:00:00;95.87
2025-06-11 04:15:00;95.87
2025-06-11 04:30:00;95.87
2025-06-11 04:45:00;95.87
2025-06-11 05:00:00;90.00
2025-06-11 05:15:00;90.00
2025-06-11 05:30:00;90.00
2025-06-11 05:45:00;90.00
2025-06-11 06:00:00;111.31
2025-06-11 06:15:00;111.31
2025-06-11 06:30:00;111.31
2025-06-11 06:45:00;111.31
2025-06-11 07:00:00;119.62
2025-06-11 07:15:00;119.62
2025-06-11 07:30:00;119.62
2025-06-11 07:45:00;119.62
2025-06-11 08:00:00;114.20
2025-06-11 08:15:00;114.20
2025-06-11 08:30:00;114.20
2025-06-11 08:45:00;114.20
2025-06-11 09:00:00;106.18
2025-06-11 09:15:00;106.18
2025-06-11 09:30:00;106.18
2025-06-11 09:45:00;106.18
2025-06-11 10:00:00;42.45
2025-06-11 10:15:00;42.45
2025-06-11 10:30:00;42.45
2025-06-11 10:45:00;42.45
2025-06-11 11:00:00;1.17
2025-06-11 11:15:00;1.17
2025-06-11 11:30:00;1.17
2025-06-11 11:45:00;1.17
2025-06-11 12:00:00;-0.19
2025-06-11 12:15:00;-0.19
2025-06-11 12:30:00;-0.19
2025-06-11 12:45:00;-0.19
2025-06-11 13:00:00;-0.60
2025-06-11 13:15:00;-0.60
2025-06-11 13:30:00;-0.60
2025-06-11 13:45:00;-0.60
2025-06-11 14:00:00;-2.88
2025-06-11 14:15:00;-2.88
2025-06-11 14:30:00;-2.88
2025-06-11 14:45:00;-2.88
2025-06-11 15:00:00;-1.35
2025-06-11 15:15:00;-1.35
2025-06-11 15:30:00;-1.35
2025-06-11 15:45:00;-1.35
2025-06-11 16:00:00;1.91
2025-06-11 16:15:00;1.91
2025-06-11 16:30:00;1.91
2025-06-11 16:45:00;1.91
2025-06-11 17:00:00;62.78
2025-06-11 17:15:00;62.78
2025-06-11 17:30:00;62.78
2025-06-11 17:45:00;62.78
2025-06-11 18:00:00;98.49
2025-06-11 18:15:00;98.49
2025-06-11 18:30:00;98.49
2025-06-11 18:45:00;98.49
2025-06-11 19:00:00;108.99
2025-06-11 19:15:00;108.99
2025-06-11 19:30:00;108.99
2025-06-11 19:45:00;108.99
2025-06-11 20:00:00;144.69
2025-06-11 20:15:00;144.69
2025-06-11 20:30:00;144.69
2025-06-11 20:45:00;144.69
2025-06-11 21:00:00;138.11
2025-06-11 21:15:00;138.11
2025-06-11 21:30:00;138.11
2025-06-11 21:45:00;138.11
2025-06-11 22:00:00;101.75
2025-06-11 22:15:00;101.75
2025-06-11 22:30:00;101.75
2025-06-11 22:45:00;101.75
2025-06-11 23:00:00;88.50
2025-06-11 23:15:00;88.50
2025-06-11 23:30:00;88.50
2025-06-11 23:45:00;88.50
2025-06-12 00:00:00;91.10
2025-06-12 00:15:00;91.10
2025-06-12 00:30:00;91.10
2025-06-12 00:45:00;91.10
2025-06-12 01:00:00;84.72
2025-06-12 01:15:00;84.72
2025-06-12 01:30:00;84.72
2025-06-12 01:45:00;84.72
2025-06-12 02:00:00;64.80
2025-06-12 02:15:00;64.80
2025-06-12 02:30:00;64.80
2025-06-12 02:45:00;64.80
2025-06-12 03:00:00;67.91
2025-06-12 03:15:00;67.91
2025-06-12 03:30:00;67.91
2025-06-12 03:45:00;67.91
2025-06-12 04:00:00;66.19
2025-06-12 04:15:00;66.19
2025-06-12 04:30:00;66.19
2025-06-12 04:45:00;66.19
2025-06-12 05:00:00;65.00
2025-06-12 05:15:00;65.00
2025-06-12 05:30:00;65.00
2025-06-12 05:45:00;65.00
2025-06-12 06:00:00;72.27
2025-06-12 06:15:00;72.27
2025-06-12 06:30:00;72.27
2025-06-12 06:45:00;72.27
2025-06-12 07:00:00;67.88
2025-06-12 07:15:00;67.88
2025-06-12 07:30:00;67.88
2025-06-12 07:45:00;67.88
2025-06-12 08:00:00;75.20
2025-06-12 08:15:00;75.20
2025-06-12 08:30:00;75.20
2025-06-12 08:45:00;75.20
2025-06-12 09:00:00;36.48
2025-06-12 09:15:00;36.48
2025-06-12 09:30:00;36.48
2025-06-12 09:45:00;36.48
2025-06-12 10:00:00;0.00
2025-06-12 10:15:00;0.00
2025-06-12 10:30:00;0.00
2025-06-12 10:45:00;0.00
2025-06-12 11:00:00;-1.83
2025-06-12 11:15:00;-1.83
2025-06-12 11:30:00;-1.83
2025-06-12 11:45:00;-1.83
2025-06-12 12:00:00;-13.86
2025-06-12 12:15:00;-13.86
2025-06-12 12:30:00;-13.86
2025-06-12 12:45:00;-13.86
2025-06-12 13:00:00;-26.53
2025-06-12 13:15:00;-26.53
2025-06-12 13:30:00;-26.53
2025-06-12 13:45:00;-26.53
2025-06-12 14:00:00;-23.38
2025-06-12 14:15:00;-23.38
2025-06-12 14:30:00;-23.38
2025-06-12 14:45:00;-23.38
2025-06-12 15:00:00;-9.89
2025-06-12 15:15:00;-9.89
2025-06-12 15:30:00;-9.89
2025-06-12 15:45:00;-9.89
2025-06-12 16:00:00;-1.83
2025-06-12 16:15:00;-1.83
2025-06-12 16:30:00;-1.83
2025-06-12 16:45:00;-1.83
2025-06-12 17:00:00;15.98
2025-06-12 17:15:00;15.98
2025-06-12 17:30:00;15.98
2025-06-12 17:45:00;15.98
2025-06-12 18:00:00;81.56
2025-06-12 18:15:00;81.56
2025-06-12 18:30:00;81.56
2025-06-12 18:45:00;81.56
2025-06-12 19:00:00;112.55
2025-06-12 19:15:00;112.55
2025-06-12 19:30:00;112.55
2025-06-12 19:45:00;112.55
2025-06-12 20:00:00;132.00
2025-06-12 20:15:00;132.00
2025-06-12 20:30:00;132.00
2025-06-12 20:45:00;132.00
2025-06-12 21:00:00;114.18
2025-06-12 21:15:00;114.18
2025-06-12 21:30:00;114.18
2025-06-12 21:45:00;114.18
2025-06-12 22:00:00;106.62
2025-06-12 22:15:00;106.62
2025-06-12 22:30:00;106.62
2025-06-12 22:45:00;106.62
2025-06-12 23:00:00;91.37
2025-06-12 23:15:00;91.37
2025-06-12 23:30:00;91.37
2025-06-12 23:45:00;91.37
2025-06-13 00:00:00;84.59
2025-06-13 00:15:00;84.59
2025-06-13 00:30:00;84.59
2025-06-13 00:45:00;84.59
2025-06-13 01:00:00;83.42
2025-06-13 01:15:00;83.42
2025-06-13 01:30:00;83.42
2025-06-13 01:45:00;83.42
2025-06-13 02:00:00;87.92
2025-06-13 02:15:00;87.92
2025-06-13 02:30:00;87.92
2025-06-13 02:45:00;87.92
2025-06-13 03:00:00;85.85
2025-06-13 03:15:00;85.85
2025-06-13 03:30:00;85.85
2025-06-13 03:45:00;85.85
2025-06-13 04:00:00;86.60
2025-06-13 04:15:00;86.60
2025-06-13 04:30:00;86.60
2025-06-13 04:45:00;86.60
2025-06-13 05:00:00;100.00
2025-06-13 05:15:00;100.00
2025-06-13 05:30:00;100.00
2025-06-13 05:45:00;100.00
2025-06-13 06:00:00;104.10
2025-06-13 06:15:00;104.10
2025-06-13 06:30:00;104.10
2025-06-13 06:45:00;104.10
2025-06-13 07:00:00;115.15
2025-06-13 07:15:00;115.15
2025-06-13 07:30:00;115.15
2025-06-13 07:45:00;115.15
2025-06-13 08:00:00;107.58
2025-06-13 08:15:00;107.58
2025-06-13 08:30:00;107.58
2025-06-13 08:45:00;107.58
2025-06-13 09:00:00;62.52
2025-06-13 09:15:00;62.52
2025-06-13 09:30:00;62.52
2025-06-13 09:45:00;62.52
2025-06-13 10:00:00;16.42
2025-06-13 10:15:00;16.42
2025-06-13 10:30:00;16.42
2025-06-13 10:45:00;16.42
2025-06-13 11:00:00;0.29
2025-06-13 11:15:00;0.29
2025-06-13 11:30:00;0.29
2025-06-13 11:45:00;0.29
2025-06-13 12:00:00;-0.46
2025-06-13 12:15:00;-0.46
2025-06-13 12:30:00;-0.46
2025-06-13 12:45:00;-0.46
2025-06-13 13:00:00;-0.25
2025-06-13 13:15:00;-0.25
2025-06-13 13:30:00;-0.25
2025-06-13 13:45:00;-0.25
2025-06-13 14:00:00;-1.03
2025-06-13 14:15:00;-1.03
2025-06-13 14:30:00;-1.03
2025-06-13 14:45:00;-1.03
2025-06-13 15:00:00;-1.30
2025-06-13 15:15:00;-1.30
2025-06-13 15:30:00;-1.30
2025-06-13 15:45:00;-1.30
2025-06-13 16:00:00;0.93
2025-06-13 16:15:00;0.93
2025-06-13 16:30:00;0.93
2025-06-13 16:45:00;0.93
2025-06-13 17:00:00;63.10
2025-06-13 17:15:00;63.10
2025-06-13 17:30:00;63.10
2025-06-13 17:45:00;63.10
2025-06-13 18:00:00;110.00
2025-06-13 18:15:00;110.00
2025-06-13 18:30:00;110.00
2025-06-13 18:45:00;110.00
2025-06-13 19:00:00;139.68
2025-06-13 19:15:00;139.68
2025-06-13 19:30:00;139.68
2025-06-13 19:45:00;139.68
2025-06-13 20:00:00;135.67
2025-06-13 20:15:00;135.67
2025-06-13 20:30:00;135.67
2025-06-13 20:45:00;135.67
2025-06-13 21:00:00;114.00
2025-06-13 21:15:00;114.00
2025-06-13 21:30:00;114.00
2025-06-13 21:45:00;114.00
2025-06-13 22:00:00;97.80
2025-06-13 22:15:00;97.80
2025-06-13 22:30:00;97.80
2025-06-13 22:45:00;97.80
2025-06-13 23:00:00;81.01
2025-06-13 23:15:00;81.01
2025-06-13 23:30:00;81.01
2025-06-13 23:45:00;81.01
2025-06-14 00:00:00;88.81
2025-06-14 00:15:00;88.81
2025-06-14 00:30:00;88.81
2025-06-14 00:45:00;88.81
2025-06-14 01:00:00;85.44
2025-06-14 01:15:00;85.44
2025-06-14 01:30:00;85.44
2025-06-14 01:45:00;85.44
2025-06-14 02:00:00;86.43
2025-06-14 02:15:00;86.43
2025-06-14 02:30:00;86.43
2025-06-14 02:45:00;86.43
2025-06-14 03:00:00;100.43
2025-06-14 03:15:00;100.43
2025-06-14 03:30:00;100.43
2025-06-14 03:45:00;100.43
2025-06-14 04:00:00;92.00
2025-06-14 04:15:00;92.00
2025-06-14 04:30:00;92.00
2025-06-14 04:45:00;92.00
2025-06-14 05:00:00;103.77
2025-06-14 05:15:00;103.77
2025-06-14 05:30:00;103.77
2025-06-14 05:45:00;103.77
2025-06-14 06:00:00;98.51
2025-06-14 06:15:00;98.51
2025-06-14 06:30:00;98.51
2025-06-14 06:45:00;98.51
2025-06-14 07:00:00;63.81
2025-06-14 07:15:00;63.81
2025-06-14 07:30:00;63.81
2025-06-14 07:45:00;63.81
2025-06-14 08:00:00;15.07
2025-06-14 08:15:00;15.07
2025-06-14 08:30:00;15.07
2025-06-14 08:45:00;15.07
2025-06-14 09:00:00;0.00
2025-06-14 09:15:00;0.00
2025-06-14 09:30:00;0.00
2025-06-14 09:45:00;0.00
2025-06-14 10:00:00;-0.58
2025-06-14 10:15:00;-0.58
2025-06-14 10:30:00;-0.58
2025-06-14 10:45:00;-0.58
2025-06-14 11:00:00;-4.27
2025-06-14 11:15:00;-4.27
2025-06-14 11:30:00;-4.27
2025-06-14 11:45:00;-4.27
2025-06-14 12:00:00;-10.81
2025-06-14 12:15:00;-10.81
2025-06-14 12:30:00;-10.81
2025-06-14 12:45:00;-10.81
2025-06-14 13:00:00;-17.12
2025-06-14 13:15:00;-17.12
2025-06-14 13:30:00;-17.12
2025-06-14 13:45:00;-17.12
2025-06-14 14:00:00;-24.14
2025-06-14 14:15:00;-24.14
2025-06-14 14:30:00;-24.14
2025-06-14 14:45:00;-24.14
2025-06-14 15:00:00;-6.70
2025-06-14 15:15:00;-6.70
2025-06-14 15:30:00;-6.70
2025-06-14 15:45:00;-6.70
2025-06-14 16:00:00;-0.37
2025-06-14 16:15:00;-0.37
2025-06-14 16:30:00;-0.37
2025-06-14 16:45:00;-0.37
2025-06-14 17:00:00;8.86
2025-06-14 17:15:00;8.86
2025-06-14 17:30:00;8.86
2025-06-14 17:45:00;8.86
2025-06-14 18:00:00;65.57
2025-06-14 18:15:00;65.57
2025-06-14 18:30:00;65.57
2025-06-14 18:45:00;65.57
2025-06-14 19:00:00;109.79
2025-06-14 19:15:00;109.79
2025-06-14 19:30:00;109.79
2025-06-14 19:45:00;109.79
2025-06-14 20:00:00;118.00
2025-06-14 20:15:00;118.00
2025-06-14 20:30:00;118.00
2025-06-14 20:45:00;118.00
2025-06-14 21:00:00;121.10
2025-06-14 21:15:00;121.10
2025-06-14 21:30:00;121.10
2025-06-14 21:45:00;121.10
2025-06-14 22:00:00;119.54
2025-06-14 22:15:00;119.54
2025-06-14 22:30:00;119.54
2025-06-14 22:45:00;119.54
2025-06-14 23:00:00;114.10
2025-06-14 23:15:00;114.10
2025-06-14 23:30:00;114.10
2025-06-14 23:45:00;114.10
2025-06-15 00:00:00;95.76
2025-06-15 00:15:00;95.76
2025-06-15 00:30:00;95.76
2025-06-15 00:45:00;95.76
2025-06-15 01:00:00;99.40
2025-06-15 01:15:00;99.40
2025-06-15 01:30:00;99.40
2025-06-15 01:45:00;99.40
2025-06-15 02:00:00;93.18
2025-06-15 02:15:00;93.18
2025-06-15 02:30:00;93.18
2025-06-15 02:45:00;93.18
2025-06-15 03:00:00;92.54
2025-06-15 03:15:00;92.54
2025-06-15 03:30:00;92.54
2025-06-15 03:45:00;92.54
2025-06-15 04:00:00;91.99
2025-06-15 04:15:00;91.99
2025-06-15 04:30:00;91.99
2025-06-15 04:45:00;91.99
2025-06-15 05:00:00;92.15
2025-06-15 05:15:00;92.15
2025-06-15 05:30:00;92.15
2025-06-15 05:45:00;92.15
2025-06-15 06:00:00;84.66
2025-06-15 06:15:00;84.66
2025-06-15 06:30:00;84.66
2025-06-15 06:45:00;84.66
2025-06-15 07:00:00;71.55
2025-06-15 07:15:00;71.55
2025-06-15 07:30:00;71.55
2025-06-15 07:45:00;71.55
2025-06-15 08:00:00;63.79
2025-06-15 08:15:00;63.79
2025-06-15 08:30:00;63.79
2025-06-15 08:45:00;63.79
2025-06-15 09:00:00;6.24
2025-06-15 09:15:00;6.24
2025-06-15 09:30:00;6.24
2025-06-15 09:45:00;6.24
2025-06-15 10:00:00;0.00
2025-06-15 10:15:00;0.00
2025-06-15 10:30:00;0.00
2025-06-15 10:45:00;0.00
2025-06-15 11:00:00;-0.02
2025-06-15 11:15:00;-0.02
2025-06-15 11:30:00;-0.02
2025-06-15 11:45:00;-0.02
2025-06-15 12:00:00;-1.23
2025-06-15 12:15:00;-1.23
2025-06-15 12:30:00;-1.23
2025-06-15 12:45:00;-1.23
2025-06-15 13:00:00;-5.62
2025-06-15 13:15:00;-5.62
2025-06-15 13:30:00;-5.62
2025-06-15 13:45:00;-5.62
2025-06-15 14:00:00;-5.00
2025-06-15 14:15:00;-5.00
2025-06-15 14:30:00;-5.00
2025-06-15 14:45:00;-5.00
2025-06-15 15:00:00;-2.00
2025-06-15 15:15:00;-2.00
2025-06-15 15:30:00;-2.00
2025-06-15 15:45:00;-2.00
2025-06-15 16:00:00;-0.01
2025-06-15 16:15:00;-0.01
2025-06-15 16:30:00;-0.01
2025-06-15 16:45:00;-0.01
2025-06-15 17:00:00;38.02
2025-06-15 17:15:00;38.02
2025-06-15 17:30:00;38.02
2025-06-15 17:45:00;38.02
2025-06-15 18:00:00;81.46
2025-06-15 18:15:00;81.46
2025-06-15 18:30:00;81.46
2025-06-15 18:45:00;81.46
2025-06-15 19:00:00;97.64
2025-06-15 19:15:00;97.64
2025-06-15 19:30:00;97.64
2025-06-15 19:45:00;97.64
2025-06-15 20:00:00;122.60
2025-06-15 20:15:00;122.60
2025-06-15 20:30:00;122.60
2025-06-15 20:45:00;122.60
2025-06-15 21:00:00;137.25
2025-06-15 21:15:00;137.25
2025-06-15 21:30:00;137.25
2025-06-15 21:45:00;137.25
2025-06-15 22:00:00;134.00
2025-06-15 22:15:00;134.00
2025-06-15 22:30:00;134.00
2025-06-15 22:45:00;134.00
2025-06-15 23:00:00;109.90
2025-06-15 23:15:00;109.90
2025-06-15 23:30:00;109.90
2025-06-15 23:45:00;109.90
2025-06-16 00:00:00;136.66
2025-06-16 00:15:00;136.66
2025-06-16 00:30:00;136.66
2025-06-16 00:45:00;136.66
2025-06-16 01:00:00;110.00
2025-06-16 01:15:00;110.00
2025-06-16 01:30:00;110.00
2025-06-16 01:45:00;110.00
2025-06-16 02:00:00;95.16
2025-06-16 02:15:00;95.16
2025-06-16 02:30:00;95.16
2025-06-16 02:45:00;95.16
2025-06-16 03:00:00;85.90
2025-06-16 03:15:00;85.90
2025-06-16 03:30:00;85.90
2025-06-16 03:45:00;85.90
2025-06-16 04:00:00;80.43
2025-06-16 04:15:00;80.43
2025-06-16 04:30:00;80.43
2025-06-16 04:45:00;80.43
2025-06-16 05:00:00;96.84
2025-06-16 05:15:00;96.84
2025-06-16 05:30:00;96.84
2025-06-16 05:45:00;96.84
2025-06-16 06:00:00;112.43
2025-06-16 06:15:00;112.43
2025-06-16 06:30:00;112.43
2025-06-16 06:45:00;112.43
2025-06-16 07:00:00;123.49
2025-06-16 07:15:00;123.49
2025-06-16 07:30:00;123.49
2025-06-16 07:45:00;123.49
2025-06-16 08:00:00;132.99
2025-06-16 08:15:00;132.99
2025-06-16 08:30:00;132.99
2025-06-16 08:45:00;132.99
2025-06-16 09:00:00;111.31
2025-06-16 09:15:00;111.31
2025-06-16 09:30:00;111.31
2025-06-16 09:45:00;111.31
2025-06-16 10:00:00;55.27
2025-06-16 10:15:00;55.27
2025-06-16 10:30:00;55.27
2025-06-16 10:45:00;55.27
2025-06-16 11:00:00;14.61
2025-06-16 11:15:00;14.61
2025-06-16 11:30:00;14.61
2025-06-16 11:45:00;14.61
2025-06-16 12:00:00;3.51
2025-06-16 12:15:00;3.51
2025-06-16 12:30:00;3.51
2025-06-16 12:45:00;3.51
2025-06-16 13:00:00;2.32
2025-06-16 13:15:00;2.32
2025-06-16 13:30:00;2.32
2025-06-16 13:45:00;2.32
2025-06-16 14:00:00;2.16
2025-06-16 14:15:00;2.16
2025-06-16 14:30:00;2.16
2025-06-16 14:45:00;2.16
2025-06-16 15:00:00;2.49
2025-06-16 15:15:00;2.49
2025-06-16 15:30:00;2.49
2025-06-16 15:45:00;2.49
2025-06-16 16:00:00;14.61
2025-06-16 16:15:00;14.61
2025-06-16 16:30:00;14.61
2025-06-16 16:45:00;14.61
2025-06-16 17:00:00;70.00
2025-06-16 17:15:00;70.00
2025-06-16 17:30:00;70.00
2025-06-16 17:45:00;70.00
2025-06-16 18:00:00;109.84
2025-06-16 18:15:00;109.84
2025-06-16 18:30:00;109.84
2025-06-16 18:45:00;109.84
2025-06-16 19:00:00;120.00
2025-06-16 19:15:00;120.00
2025-06-16 19:30:00;120.00
2025-06-16 19:45:00;120.00
2025-06-16 20:00:00;184.08
2025-06-16 20:15:00;184.08
2025-06-16 20:30:00;184.08
2025-06-16 20:45:00;184.08
2025-06-16 21:00:00;187.24
2025-06-16 21:15:00;187.24
2025-06-16 21:30:00;187.24
2025-06-16 21:45:00;187.24
2025-06-16 22:00:00;133.58
2025-06-16 22:15:00;133.58
2025-06-16 22:30:00;133.58
2025-06-16 22:45:00;133.58
2025-06-16 23:00:00;112.01
2025-06-16 23:15:00;112.01
2025-06-16 23:30:00;112.01
2025-06-16 23:45:00;112.01
2025-06-17 00:00:00;104.84
2025-06-17 00:15:00;104.84
2025-06-17 00:30:00;104.84
2025-06-17 00:45:00;104.84
2025-06-17 01:00:00;100.00
2025-06-17 01:15:00;100.00
2025-06-17 01:30:00;100.00
2025-06-17 01:45:00;100.00
2025-06-17 02:00:00;94.95
2025-06-17 02:15:00;94.95
2025-06-17 02:30:00;94.95
2025-06-17 02:45:00;94.95
2025-06-17 03:00:00;94.07
2025-06-17 03:15:00;94.07
2025-06-17 03:30:00;94.07
2025-06-17 03:45:00;94.07
2025-06-17 04:00:00;95.24
2025-06-17 04:15:00;95.24
2025-06-17 04:30:00;95.24
2025-06-17 04:45:00;95.24
2025-06-17 05:00:00;101.93
2025-06-17 05:15:00;101.93
2025-06-17 05:30:00;101.93
2025-06-17 05:45:00;101.93
2025-06-17 06:00:00;118.76
2025-06-17 06:15:00;118.76
2025-06-17 06:30:00;118.76
2025-06-17 06:45:00;118.76
2025-06-17 07:00:00;107.01
2025-06-17 07:15:00;107.01
2025-06-17 07:30:00;107.01
2025-06-17 07:45:00;107.01
2025-06-17 08:00:00;101.00
2025-06-17 08:15:00;101.00
2025-06-17 08:30:00;101.00
2025-06-17 08:45:00;101.00
2025-06-17 09:00:00;104.41
2025-06-17 09:15:00;104.41
2025-06-17 09:30:00;104.41
2025-06-17 09:45:00;104.41
2025-06-17 10:00:00;4.41
2025-06-17 10:15:00;4.41
2025-06-17 10:30:00;4.41
2025-06-17 10:45:00;4.41
2025-06-17 11:00:00;-0.32
2025-06-17 11:15:00;-0.32
2025-06-17 11:30:00;-0.32
2025-06-17 11:45:00;-0.32
2025-06-17 12:00:00;-0.45
2025-06-17 12:15:00;-0.45
2025-06-17 12:30:00;-0.45
2025-06-17 12:45:00;-0.45
2025-06-17 13:00:00;-1.79
2025-06-17 13:15:00;-1.79
2025-06-17 13:30:00;-1.79
2025-06-17 13:45:00;-1.79
2025-06-17 14:00:00;-2.00
2025-06-17 14:15:00;-2.00
2025-06-17 14:30:00;-2.00
2025-06-17 14:45:00;-2.00
2025-06-17 15:00:00;-1.28
2025-06-17 15:15:00;-1.28
2025-06-17 15:30:00;-1.28
2025-06-17 15:45:00;-1.28
2025-06-17 16:00:00;10.59
2025-06-17 16:15:00;10.59
2025-06-17 16:30:00;10.59
2025-06-17 16:45:00;10.59
2025-06-17 17:00:00;82.12
2025-06-17 17:15:00;82.12
2025-06-17 17:30:00;82.12
2025-06-17 17:45:00;82.12
2025-06-17 18:00:00;104.55
2025-06-17 18:15:00;104.55
2025-06-17 18:30:00;104.55
2025-06-17 18:45:00;104.55
2025-06-17 19:00:00;120.21
2025-06-17 19:15:00;120.21
2025-06-17 19:30:00;120.21
2025-06-17 19:45:00;120.21
2025-06-17 20:00:00;196.84
2025-06-17 20:15:00;196.84
2025-06-17 20:30:00;196.84
2025-06-17 20:45:00;196.84
2025-06-17 21:00:00;190.00
2025-06-17 21:15:00;190.00
2025-06-17 21:30:00;190.00
2025-06-17 21:45:00;190.00
2025-06-17 22:00:00;139.71
2025-06-17 22:15:00;139.71
2025-06-17 22:30:00;139.71
2025-06-17 22:45:00;139.71
2025-06-17 23:00:00;116.52
2025-06-17 23:15:00;116.52
2025-06-17 23:30:00;116.52
2025-06-17 23:45:00;116.52
2025-06-18 00:00:00;112.55
2025-06-18 00:15:00;112.55
2025-06-18 00:30:00;112.55
2025-06-18 00:45:00;112.55
2025-06-18 01:00:00;106.38
2025-06-18 01:15:00;106.38
2025-06-18 01:30:00;106.38
2025-06-18 01:45:00;106.38
2025-06-18 02:00:00;101.38
2025-06-18 02:15:00;101.38
2025-06-18 02:30:00;101.38
2025-06-18 02:45:00;101.38
2025-06-18 03:00:00;95.51
2025-06-18 03:15:00;95.51
2025-06-18 03:30:00;95.51
2025-06-18 03:45:00;95.51
2025-06-18 04:00:00;96.31
2025-06-18 04:15:00;96.31
2025-06-18 04:30:00;96.31
2025-06-18 04:45:00;96.31
2025-06-18 05:00:00;102.92
2025-06-18 05:15:00;102.92
2025-06-18 05:30:00;102.92
2025-06-18 05:45:00;102.92
2025-06-18 06:00:00;111.85
2025-06-18 06:15:00;111.85
2025-06-18 06:30:00;111.85
2025-06-18 06:45:00;111.85
2025-06-18 07:00:00;115.62
2025-06-18 07:15:00;115.62
2025-06-18 07:30:00;115.62
2025-06-18 07:45:00;115.62
2025-06-18 08:00:00;121.08
2025-06-18 08:15:00;121.08
2025-06-18 08:30:00;121.08
2025-06-18 08:45:00;121.08
2025-06-18 09:00:00;105.00
2025-06-18 09:15:00;105.00
2025-06-18 09:30:00;105.00
2025-06-18 09:45:00;105.00
2025-06-18 10:00:00;21.79
2025-06-18 10:15:00;21.79
2025-06-18 10:30:00;21.79
2025-06-18 10:45:00;21.79
2025-06-18 11:00:00;1.17
2025-06-18 11:15:00;1.17
2025-06-18 11:30:00;1.17
2025-06-18 11:45:00;1.17
2025-06-18 12:00:00;-0.11
2025-06-18 12:15:00;-0.11
2025-06-18 12:30:00;-0.11
2025-06-18 12:45:00;-0.11
2025-06-18 13:00:00;-0.36
2025-06-18 13:15:00;-0.36
2025-06-18 13:30:00;-0.36
2025-06-18 13:45:00;-0.36
2025-06-18 14:00:00;-0.76
2025-06-18 14:15:00;-0.76
2025-06-18 14:30:00;-0.76
2025-06-18 14:45:00;-0.76
2025-06-18 15:00:00;0.39
2025-06-18 15:15:00;0.39
2025-06-18 15:30:00;0.39
2025-06-18 15:45:00;0.39
2025-06-18 16:00:00;3.01
2025-06-18 16:15:00;3.01
2025-06-18 16:30:00;3.01
2025-06-18 16:45:00;3.01
2025-06-18 17:00:00;72.51
2025-06-18 17:15:00;72.51
2025-06-18 17:30:00;72.51
2025-06-18 17:45:00;72.51
2025-06-18 18:00:00;104.40
2025-06-18 18:15:00;104.40
2025-06-18 18:30:00;104.40
2025-06-18 18:45:00;104.40
2025-06-18 19:00:00;116.83
2025-06-18 19:15:00;116.83
2025-06-18 19:30:00;116.83
2025-06-18 19:45:00;116.83
2025-06-18 20:00:00;139.58
2025-06-18 20:15:00;139.58
2025-06-18 20:30:00;139.58
2025-06-18 20:45:00;139.58
2025-06-18 21:00:00;154.64
2025-06-18 21:15:00;154.64
2025-06-18 21:30:00;154.64
2025-06-18 21:45:00;154.64
2025-06-18 22:00:00;139.92
2025-06-18 22:15:00;139.92
2025-06-18 22:30:00;139.92
2025-06-18 22:45:00;139.92
2025-06-18 23:00:00;126.49
2025-06-18 23:15:00;126.49
2025-06-18 23:30:00;126.49
2025-06-18 23:45:00;126.49
2025-06-19 00:00:00;112.20
2025-06-19 00:15:00;112.20
2025-06-19 00:30:00;112.20
2025-06-19 00:45:00;112.20
2025-06-19 01:00:00;116.43
2025-06-19 01:15:00;116.43
2025-06-19 01:30:00;116.43
2025-06-19 01:45:00;116.43
2025-06-19 02:00:00;104.74
2025-06-19 02:15:00;104.74
2025-06-19 02:30:00;104.74
2025-06-19 02:45:00;104.74
2025-06-19 03:00:00;115.97
2025-06-19 03:15:00;115.97
2025-06-19 03:30:00;115.97
2025-06-19 03:45:00;115.97
2025-06-19 04:00:00;100.94
2025-06-19 04:15:00;100.94
2025-06-19 04:30:00;100.94
2025-06-19 04:45:00;100.94
2025-06-19 05:00:00;104.45
2025-06-19 05:15:00;104.45
2025-06-19 05:30:00;104.45
2025-06-19 05:45:00;104.45
2025-06-19 06:00:00;102.47
2025-06-19 06:15:00;102.47
2025-06-19 06:30:00;102.47
2025-06-19 06:45:00;102.47
2025-06-19 07:00:00;114.78
2025-06-19 07:15:00;114.78
2025-06-19 07:30:00;114.78
2025-06-19 07:45:00;114.78
2025-06-19 08:00:00;115.91
2025-06-19 08:15:00;115.91
2025-06-19 08:30:00;115.91
2025-06-19 08:45:00;115.91
2025-06-19 09:00:00;12.16
2025-06-19 09:15:00;12.16
2025-06-19 09:30:00;12.16
2025-06-19 09:45:00;12.16
2025-06-19 10:00:00;-0.40
2025-06-19 10:15:00;-0.40
2025-06-19 10:30:00;-0.40
2025-06-19 10:45:00;-0.40
2025-06-19 11:00:00;-8.04
2025-06-19 11:15:00;-8.04
2025-06-19 11:30:00;-8.04
2025-06-19 11:45:00;-8.04
2025-06-19 12:00:00;-11.49
2025-06-19 12:15:00;-11.49
2025-06-19 12:30:00;-11.49
2025-06-19 12:45:00;-11.49
2025-06-19 13:00:00;-14.06
2025-06-19 13:15:00;-14.06
2025-06-19 13:30:00;-14.06
2025-06-19 13:45:00;-14.06
2025-06-19 14:00:00;-13.99
2025-06-19 14:15:00;-13.99
2025-06-19 14:30:00;-13.99
2025-06-19 14:45:00;-13.99
2025-06-19 15:00:00;-4.03
2025-06-19 15:15:00;-4.03
2025-06-19 15:30:00;-4.03
2025-06-19 15:45:00;-4.03
2025-06-19 16:00:00;-1.05
2025-06-19 16:15:00;-1.05
2025-06-19 16:30:00;-1.05
2025-06-19 16:45:00;-1.05
2025-06-19 17:00:00;11.02
2025-06-19 17:15:00;11.02
2025-06-19 17:30:00;11.02
2025-06-19 17:45:00;11.02
2025-06-19 18:00:00;89.19
2025-06-19 18:15:00;89.19
2025-06-19 18:30:00;89.19
2025-06-19 18:45:00;89.19
2025-06-19 19:00:00;119.18
2025-06-19 19:15:00;119.18
2025-06-19 19:30:00;119.18
2025-06-19 19:45:00;119.18
2025-06-19 20:00:00;141.08
2025-06-19 20:15:00;141.08
2025-06-19 20:30:00;141.08
2025-06-19 20:45:00;141.08
2025-06-19 21:00:00;145.62
2025-06-19 21:15:00;145.62
2025-06-19 21:30:00;145.62
2025-06-19 21:45:00;145.62
2025-06-19 22:00:00;130.62
2025-06-19 22:15:00;130.62
2025-06-19 22:30:00;130.62
2025-06-19 22:45:00;130.62
2025-06-19 23:00:00;109.88
2025-06-19 23:15:00;109.88
2025-06-19 23:30:00;109.88
2025-06-19 23:45:00;109.88
2025-06-20 00:00:00;108.83
2025-06-20 00:15:00;108.83
2025-06-20 00:30:00;108.83
2025-06-20 00:45:00;108.83
2025-06-20 01:00:00;103.83
2025-06-20 01:15:00;103.83
2025-06-20 01:30:00;103.83
2025-06-20 01:45:00;103.83
2025-06-20 02:00:00;99.40
2025-06-20 02:15:00;99.40
2025-06-20 02:30:00;99.40
2025-06-20 02:45:00;99.40
2025-06-20 03:00:00;102.47
2025-06-20 03:15:00;102.47
2025-06-20 03:30:00;102.47
2025-06-20 03:45:00;102.47
2025-06-20 04:00:00;86.40
2025-06-20 04:15:00;86.40
2025-06-20 04:30:00;86.40
2025-06-20 04:45:00;86.40
2025-06-20 05:00:00;107.91
2025-06-20 05:15:00;107.91
2025-06-20 05:30:00;107.91
2025-06-20 05:45:00;107.91
2025-06-20 06:00:00;117.91
2025-06-20 06:15:00;117.91
2025-06-20 06:30:00;117.91
2025-06-20 06:45:00;117.91
2025-06-20 07:00:00;118.58
2025-06-20 07:15:00;118.58
2025-06-20 07:30:00;118.58
2025-06-20 07:45:00;118.58
2025-06-20 08:00:00;111.99
2025-06-20 08:15:00;111.99
2025-06-20 08:30:00;111.99
2025-06-20 08:45:00;111.99
2025-06-20 09:00:00;81.65
2025-06-20 09:15:00;81.65
2025-06-20 09:30:00;81.65
2025-06-20 09:45:00;81.65
2025-06-20 10:00:00;23.25
2025-06-20 10:15:00;23.25
2025-06-20 10:30:00;23.25
2025-06-20 10:45:00;23.25
2025-06-20 11:00:00;6.74
2025-06-20 11:15:00;6.74
2025-06-20 11:30:00;6.74
2025-06-20 11:45:00;6.74
2025-06-20 12:00:00;2.57
2025-06-20 12:15:00;2.57
2025-06-20 12:30:00;2.57
2025-06-20 12:45:00;2.57
2025-06-20 13:00:00;-0.32
2025-06-20 13:15:00;-0.32
2025-06-20 13:30:00;-0.32
2025-06-20 13:45:00;-0.32
2025-06-20 14:00:00;-0.05
2025-06-20 14:15:00;-0.05
2025-06-20 14:30:00;-0.05
2025-06-20 14:45:00;-0.05
2025-06-20 15:00:00;0.99
2025-06-20 15:15:00;0.99
2025-06-20 15:30:00;0.99
2025-06-20 15:45:00;0.99
2025-06-20 16:00:00;30.36
2025-06-20 16:15:00;30.36
2025-06-20 16:30:00;30.36
2025-06-20 16:45:00;30.36
2025-06-20 17:00:00;88.00
2025-06-20 17:15:00;88.00
2025-06-20 17:30:00;88.00
2025-06-20 17:45:00;88.00
2025-06-20 18:00:00;111.40
2025-06-20 18:15:00;111.40
2025-06-20 18:30:00;111.40
2025-06-20 18:45:00;111.40
2025-06-20 19:00:00;131.56
2025-06-20 19:15:00;131.56
2025-06-20 19:30:00;131.56
2025-06-20 19:45:00;131.56
2025-06-20 20:00:00;162.49
2025-06-20 20:15:00;162.49
2025-06-20 20:30:00;162.49
2025-06-20 20:45:00;162.49
2025-06-20 21:00:00;167.58
2025-06-20 21:15:00;167.58
2025-06-20 21:30:00;167.58
2025-06-20 21:45:00;167.58
2025-06-20 22:00:00;137.05
2025-06-20 22:15:00;137.05
2025-06-20 22:30:00;137.05
2025-06-20 22:45:00;137.05
2025-06-20 23:00:00;121.38
2025-06-20 23:15:00;121.38
2025-06-20 23:30:00;121.38
2025-06-20 23:45:00;121.38
2025-06-21 00:00:00;118.53
2025-06-21 00:15:00;118.53
2025-06-21 00:30:00;118.53
2025-06-21 00:45:00;118.53
2025-06-21 01:00:00;110.48
2025-06-21 01:15:00;110.48
2025-06-21 01:30:00;110.48
2025-06-21 01:45:00;110.48
2025-06-21 02:00:00;108.15
2025-06-21 02:15:00;108.15
2025-06-21 02:30:00;108.15
2025-06-21 02:45:00;108.15
2025-06-21 03:00:00;106.07
2025-06-21 03:15:00;106.07
2025-06-21 03:30:00;106.07
2025-06-21 03:45:00;106.07
2025-06-21 04:00:00;109.50
2025-06-21 04:15:00;109.50
2025-06-21 04:30:00;109.50
2025-06-21 04:45:00;109.50
2025-06-21 05:00:00;104.73
2025-06-21 05:15:00;104.73
2025-06-21 05:30:00;104.73
2025-06-21 05:45:00;104.73
2025-06-21 06:00:00;100.71
2025-06-21 06:15:00;100.71
2025-06-21 06:30:00;100.71
2025-06-21 06:45:00;100.71
2025-06-21 07:00:00;90.74
2025-06-21 07:15:00;90.74
2025-06-21 07:30:00;90.74
2025-06-21 07:45:00;90.74
2025-06-21 08:00:00;75.93
2025-06-21 08:15:00;75.93
2025-06-21 08:30:00;75.93
2025-06-21 08:45:00;75.93
2025-06-21 09:00:00;23.40
2025-06-21 09:15:00;23.40
2025-06-21 09:30:00;23.40
2025-06-21 09:45:00;23.40
2025-06-21 10:00:00;1.21
2025-06-21 10:15:00;1.21
2025-06-21 10:30:00;1.21
2025-06-21 10:45:00;1.21
2025-06-21 11:00:00;-1.22
2025-06-21 11:15:00;-1.22
2025-06-21 11:30:00;-1.22
2025-06-21 11:45:00;-1.22
2025-06-21 12:00:00;-13.65
2025-06-21 12:15:00;-13.65
2025-06-21 12:30:00;-13.65
2025-06-21 12:45:00;-13.65
2025-06-21 13:00:00;-28.72
2025-06-21 13:15:00;-28.72
2025-06-21 13:30:00;-28.72
2025-06-21 13:45:00;-28.72
2025-06-21 14:00:00;-32.06
2025-06-21 14:15:00;-32.06
2025-06-21 14:30:00;-32.06
2025-06-21 14:45:00;-32.06
2025-06-21 15:00:00;-3.01
2025-06-21 15:15:00;-3.01
2025-06-21 15:30:00;-3.01
2025-06-21 15:45:00;-3.01
2025-06-21 16:00:00;0.10
2025-06-21 16:15:00;0.10
2025-06-21 16:30:00;0.10
2025-06-21 16:45:00;0.10
2025-06-21 17:00:00;60.18
2025-06-21 17:15:00;60.18
2025-06-21 17:30:00;60.18
2025-06-21 17:45:00;60.18
2025-06-21 18:00:00;100.75
2025-06-21 18:15:00;100.75
2025-06-21 18:30:00;100.75
2025-06-21 18:45:00;100.75
2025-06-21 19:00:00;127.85
2025-06-21 19:15:00;127.85
2025-06-21 19:30:00;127.85
2025-06-21 19:45:00;127.85
2025-06-21 20:00:00;151.75
2025-06-21 20:15:00;151.75
2025-06-21 20:30:00;151.75
2025-06-21 20:45:00;151.75
2025-06-21 21:00:00;155.22
2025-06-21 21:15:00;155.22
2025-06-21 21:30:00;155.22
2025-06-21 21:45:00;155.22
2025-06-21 22:00:00;140.78
2025-06-21 22:15:00;140.78
2025-06-21 22:30:00;140.78
2025-06-21 22:45:00;140.78
2025-06-21 23:00:00;119.34
2025-06-21 23:15:00;119.34
2025-06-21 23:30:00;119.34
2025-06-21 23:45:00;119.34
2025-06-22 00:00:00;106.00
2025-06-22 00:15:00;106.00
2025-06-22 00:30:00;106.00
2025-06-22 00:45:00;106.00
2025-06-22 01:00:00;100.11
2025-06-22 01:15:00;100.11
2025-06-22 01:30:00;100.11
2025-06-22 01:45:00;100.11
2025-06-22 02:00:00;97.76
2025-06-22 02:15:00;97.76
2025-06-22 02:30:00;97.76
2025-06-22 02:45:00;97.76
2025-06-22 03:00:00;88.96
2025-06-22 03:15:00;88.96
2025-06-22 03:30:00;88.96
2025-06-22 03:45:00;88.96
2025-06-22 04:00:00;86.12
2025-06-22 04:15:00;86.12
2025-06-22 04:30:00;86.12
2025-06-22 04:45:00;86.12
2025-06-22 05:00:00;63.05
2025-06-22 05:15:00;63.05
2025-06-22 05:30:00;63.05
2025-06-22 05:45:00;63.05
2025-06-22 06:00:00;65.40
2025-06-22 06:15:00;65.40
2025-06-22 06:30:00;65.40
2025-06-22 06:45:00;65.40
2025-06-22 07:00:00;26.44
2025-06-22 07:15:00;26.44
2025-06-22 07:30:00;26.44
2025-06-22 07:45:00;26.44
2025-06-22 08:00:00;0.00
2025-06-22 08:15:00;0.00
2025-06-22 08:30:00;0.00
2025-06-22 08:45:00;0.00
2025-06-22 09:00:00;-0.09
2025-06-22 09:15:00;-0.09
2025-06-22 09:30:00;-0.09
2025-06-22 09:45:00;-0.09
2025-06-22 10:00:00;-11.11
2025-06-22 10:15:00;-11.11
2025-06-22 10:30:00;-11.11
2025-06-22 10:45:00;-11.11
2025-06-22 11:00:00;-30.22
2025-06-22 11:15:00;-30.22
2025-06-22 11:30:00;-30.22
2025-06-22 11:45:00;-30.22
2025-06-22 12:00:00;-42.85
2025-06-22 12:15:00;-42.85
2025-06-22 12:30:00;-42.85
2025-06-22 12:45:00;-42.85
2025-06-22 13:00:00;-67.12
2025-06-22 13:15:00;-67.12
2025-06-22 13:30:00;-67.12
2025-06-22 13:45:00;-67.12
2025-06-22 14:00:00;-55.28
2025-06-22 14:15:00;-55.28
2025-06-22 14:30:00;-55.28
2025-06-22 14:45:00;-55.28
2025-06-22 15:00:00;-28.97
2025-06-22 15:15:00;-28.97
2025-06-22 15:30:00;-28.97
2025-06-22 15:45:00;-28.97
2025-06-22 16:00:00;-7.57
2025-06-22 16:15:00;-7.57
2025-06-22 16:30:00;-7.57
2025-06-22 16:45:00;-7.57
2025-06-22 17:00:00;-0.09
2025-06-22 17:15:00;-0.09
2025-06-22 17:30:00;-0.09
2025-06-22 17:45:00;-0.09
2025-06-22 18:00:00;54.08
2025-06-22 18:15:00;54.08
2025-06-22 18:30:00;54.08
2025-06-22 18:45:00;54.08
2025-06-22 19:00:00;98.19
2025-06-22 19:15:00;98.19
2025-06-22 19:30:00;98.19
2025-06-22 19:45:00;98.19
2025-06-22 20:00:00;120.99
2025-06-22 20:15:00;120.99
2025-06-22 20:30:00;120.99
2025-06-22 20:45:00;120.99
2025-06-22 21:00:00;122.27
2025-06-22 21:15:00;122.27
2025-06-22 21:30:00;122.27
2025-06-22 21:45:00;122.27
2025-06-22 22:00:00;120.00
2025-06-22 22:15:00;120.00
2025-06-22 22:30:00;120.00
2025-06-22 22:45:00;120.00
2025-06-22 23:00:00;101.63
2025-06-22 23:15:00;101.63
2025-06-22 23:30:00;101.63
2025-06-22 23:45:00;101.63
2025-06-23 00:00:00;62.25
2025-06-23 00:15:00;62.25
2025-06-23 00:30:00;62.25
2025-06-23 00:45:00;62.25
2025-06-23 01:00:00;52.76
2025-06-23 01:15:00;52.76
2025-06-23 01:30:00;52.76
2025-06-23 01:45:00;52.76
2025-06-23 02:00:00;50.32
2025-06-23 02:15:00;50.32
2025-06-23 02:30:00;50.32
2025-06-23 02:45:00;50.32
2025-06-23 03:00:00;49.73
2025-06-23 03:15:00;49.73
2025-06-23 03:30:00;49.73
2025-06-23 03:45:00;49.73
2025-06-23 04:00:00;55.43
2025-06-23 04:15:00;55.43
2025-06-23 04:30:00;55.43
2025-06-23 04:45:00;55.43
2025-06-23 05:00:00;64.03
2025-06-23 05:15:00;64.03
2025-06-23 05:30:00;64.03
2025-06-23 05:45:00;64.03
2025-06-23 06:00:00;73.24
2025-06-23 06:15:00;73.24
2025-06-23 06:30:00;73.24
2025-06-23 06:45:00;73.24
2025-06-23 07:00:00;76.32
2025-06-23 07:15:00;76.32
2025-06-23 07:30:00;76.32
2025-06-23 07:45:00;76.32
2025-06-23 08:00:00;69.13
2025-06-23 08:15:00;69.13
2025-06-23 08:30:00;69.13
2025-06-23 08:45:00;69.13
2025-06-23 09:00:00;18.64
2025-06-23 09:15:00;18.64
2025-06-23 09:30:00;18.64
2025-06-23 09:45:00;18.64
2025-06-23 10:00:00;1.16
2025-06-23 10:15:00;1.16
2025-06-23 10:30:00;1.16
2025-06-23 10:45:00;1.16
2025-06-23 11:00:00;-2.70
2025-06-23 11:15:00;-2.70
2025-06-23 11:30:00;-2.70
2025-06-23 11:45:00;-2.70
2025-06-23 12:00:00;-6.68
2025-06-23 12:15:00;-6.68
2025-06-23 12:30:00;-6.68
2025-06-23 12:45:00;-6.68
2025-06-23 13:00:00;-15.86
2025-06-23 13:15:00;-15.86
2025-06-23 13:30:00;-15.86
2025-06-23 13:45:00;-15.86
2025-06-23 14:00:00;-26.84
2025-06-23 14:15:00;-26.84
2025-06-23 14:30:00;-26.84
2025-06-23 14:45:00;-26.84
2025-06-23 15:00:00;-25.72
2025-06-23 15:15:00;-25.72
2025-06-23 15:30:00;-25.72
2025-06-23 15:45:00;-25.72
2025-06-23 16:00:00;-19.10
2025-06-23 16:15:00;-19.10
2025-06-23 16:30:00;-19.10
2025-06-23 16:45:00;-19.10
2025-06-23 17:00:00;-5.50
2025-06-23 17:15:00;-5.50
2025-06-23 17:30:00;-5.50
2025-06-23 17:45:00;-5.50
2025-06-23 18:00:00;10.42
2025-06-23 18:15:00;10.42
2025-06-23 18:30:00;10.42
2025-06-23 18:45:00;10.42
2025-06-23 19:00:00;42.92
2025-06-23 19:15:00;42.92
2025-06-23 19:30:00;42.92
2025-06-23 19:45:00;42.92
2025-06-23 20:00:00;93.39
2025-06-23 20:15:00;93.39
2025-06-23 20:30:00;93.39
2025-06-23 20:45:00;93.39
2025-06-23 21:00:00;100.30
2025-06-23 21:15:00;100.30
2025-06-23 21:30:00;100.30
2025-06-23 21:45:00;100.30
2025-06-23 22:00:00;109.67
2025-06-23 22:15:00;109.67
2025-06-23 22:30:00;109.67
2025-06-23 22:45:00;109.67
2025-06-23 23:00:00;95.70
2025-06-23 23:15:00;95.70
2025-06-23 23:30:00;95.70
2025-06-23 23:45:00;95.70
2025-06-24 00:00:00;80.60
2025-06-24 00:15:00;80.60
2025-06-24 00:30:00;80.60
2025-06-24 00:45:00;80.60
2025-06-24 01:00:00;69.12
2025-06-24 01:15:00;69.12
2025-06-24 01:30:00;69.12
2025-06-24 01:45:00;69.12
2025-06-24 02:00:00;65.08
2025-06-24 02:15:00;65.08
2025-06-24 02:30:00;65.08
2025-06-24 02:45:00;65.08
2025-06-24 03:00:00;59.61
2025-06-24 03:15:00;59.61
2025-06-24 03:30:00;59.61
2025-06-24 03:45:00;59.61
2025-06-24 04:00:00;62.17
2025-06-24 04:15:00;62.17
2025-06-24 04:30:00;62.17
2025-06-24 04:45:00;62.17
2025-06-24 05:00:00;71.30
2025-06-24 05:15:00;71.30
2025-06-24 05:30:00;71.30
2025-06-24 05:45:00;71.30
2025-06-24 06:00:00;100.00
2025-06-24 06:15:00;100.00
2025-06-24 06:30:00;100.00
2025-06-24 06:45:00;100.00
2025-06-24 07:00:00;89.90
2025-06-24 07:15:00;89.90
2025-06-24 07:30:00;89.90
2025-06-24 07:45:00;89.90
2025-06-24 08:00:00;86.86
2025-06-24 08:15:00;86.86
2025-06-24 08:30:00;86.86
2025-06-24 08:45:00;86.86
2025-06-24 09:00:00;36.03
2025-06-24 09:15:00;36.03
2025-06-24 09:30:00;36.03
2025-06-24 09:45:00;36.03
2025-06-24 10:00:00;-0.28
2025-06-24 10:15:00;-0.28
2025-06-24 10:30:00;-0.28
2025-06-24 10:45:00;-0.28
2025-06-24 11:00:00;-2.63
2025-06-24 11:15:00;-2.63
2025-06-24 11:30:00;-2.63
2025-06-24 11:45:00;-2.63
2025-06-24 12:00:00;-4.81
2025-06-24 12:15:00;-4.81
2025-06-24 12:30:00;-4.81
2025-06-24 12:45:00;-4.81
2025-06-24 13:00:00;-5.75
2025-06-24 13:15:00;-5.75
2025-06-24 13:30:00;-5.75
2025-06-24 13:45:00;-5.75
2025-06-24 14:00:00;-4.86
2025-06-24 14:15:00;-4.86
2025-06-24 14:30:00;-4.86
2025-06-24 14:45:00;-4.86
2025-06-24 15:00:00;-2.58
2025-06-24 15:15:00;-2.58
2025-06-24 15:30:00;-2.58
2025-06-24 15:45:00;-2.58
2025-06-24 16:00:00;2.90
2025-06-24 16:15:00;2.90
2025-06-24 16:30:00;2.90
2025-06-24 16:45:00;2.90
2025-06-24 17:00:00;11.77
2025-06-24 17:15:00;11.77
2025-06-24 17:30:00;11.77
2025-06-24 17:45:00;11.77
2025-06-24 18:00:00;67.25
2025-06-24 18:15:00;67.25
2025-06-24 18:30:00;67.25
2025-06-24 18:45:00;67.25
2025-06-24 19:00:00;101.08
2025-06-24 19:15:00;101.08
2025-06-24 19:30:00;101.08
2025-06-24 19:45:00;101.08
2025-06-24 20:00:00;124.79
2025-06-24 20:15:00;124.79
2025-06-24 20:30:00;124.79
2025-06-24 20:45:00;124.79
2025-06-24 21:00:00;124.10
2025-06-24 21:15:00;124.10
2025-06-24 21:30:00;124.10
2025-06-24 21:45:00;124.10
2025-06-24 22:00:00;135.68
2025-06-24 22:15:00;135.68
2025-06-24 22:30:00;135.68
2025-06-24 22:45:00;135.68
2025-06-24 23:00:00;100.37
2025-06-24 23:15:00;100.37
2025-06-24 23:30:00;100.37
2025-06-24 23:45:00;100.37
2025-06-25 00:00:00;83.04
2025-06-25 00:15:00;83.04
2025-06-25 00:30:00;83.04
2025-06-25 00:45:00;83.04
2025-06-25 01:00:00;73.75
2025-06-25 01:15:00;73.75
2025-06-25 01:30:00;73.75
2025-06-25 01:45:00;73.75
2025-06-25 02:00:00;74.98
2025-06-25 02:15:00;74.98
2025-06-25 02:30:00;74.98
2025-06-25 02:45:00;74.98
2025-06-25 03:00:00;75.11
2025-06-25 03:15:00;75.11
2025-06-25 03:30:00;75.11
2025-06-25 03:45:00;75.11
2025-06-25 04:00:00;77.57
2025-06-25 04:15:00;77.57
2025-06-25 04:30:00;77.57
2025-06-25 04:45:00;77.57
2025-06-25 05:00:00;87.87
2025-06-25 05:15:00;87.87
2025-06-25 05:30:00;87.87
2025-06-25 05:45:00;87.87
2025-06-25 06:00:00;110.91
2025-06-25 06:15:00;110.91
2025-06-25 06:30:00;110.91
2025-06-25 06:45:00;110.91
2025-06-25 07:00:00;121.40
2025-06-25 07:15:00;121.40
2025-06-25 07:30:00;121.40
2025-06-25 07:45:00;121.40
2025-06-25 08:00:00;116.27
2025-06-25 08:15:00;116.27
2025-06-25 08:30:00;116.27
2025-06-25 08:45:00;116.27
2025-06-25 09:00:00;93.10
2025-06-25 09:15:00;93.10
2025-06-25 09:30:00;93.10
2025-06-25 09:45:00;93.10
2025-06-25 10:00:00;58.00
2025-06-25 10:15:00;58.00
2025-06-25 10:30:00;58.00
2025-06-25 10:45:00;58.00
2025-06-25 11:00:00;36.62
2025-06-25 11:15:00;36.62
2025-06-25 11:30:00;36.62
2025-06-25 11:45:00;36.62
2025-06-25 12:00:00;17.57
2025-06-25 12:15:00;17.57
2025-06-25 12:30:00;17.57
2025-06-25 12:45:00;17.57
2025-06-25 13:00:00;5.57
2025-06-25 13:15:00;5.57
2025-06-25 13:30:00;5.57
2025-06-25 13:45:00;5.57
2025-06-25 14:00:00;6.38
2025-06-25 14:15:00;6.38
2025-06-25 14:30:00;6.38
2025-06-25 14:45:00;6.38
2025-06-25 15:00:00;11.91
2025-06-25 15:15:00;11.91
2025-06-25 15:30:00;11.91
2025-06-25 15:45:00;11.91
2025-06-25 16:00:00;23.71
2025-06-25 16:15:00;23.71
2025-06-25 16:30:00;23.71
2025-06-25 16:45:00;23.71
2025-06-25 17:00:00;85.70
2025-06-25 17:15:00;85.70
2025-06-25 17:30:00;85.70
2025-06-25 17:45:00;85.70
2025-06-25 18:00:00;106.42
2025-06-25 18:15:00;106.42
2025-06-25 18:30:00;106.42
2025-06-25 18:45:00;106.42
2025-06-25 19:00:00;134.58
2025-06-25 19:15:00;134.58
2025-06-25 19:30:00;134.58
2025-06-25 19:45:00;134.58
2025-06-25 20:00:00;184.15
2025-06-25 20:15:00;184.15
2025-06-25 20:30:00;184.15
2025-06-25 20:45:00;184.15
2025-06-25 21:00:00;215.00
2025-06-25 21:15:00;215.00
2025-06-25 21:30:00;215.00
2025-06-25 21:45:00;215.00
2025-06-25 22:00:00;162.70
2025-06-25 22:15:00;162.70
2025-06-25 22:30:00;162.70
2025-06-25 22:45:00;162.70
2025-06-25 23:00:00;111.41
2025-06-25 23:15:00;111.41
2025-06-25 23:30:00;111.41
2025-06-25 23:45:00;111.41
2025-06-26 00:00:00;119.95
2025-06-26 00:15:00;119.95
2025-06-26 00:30:00;119.95
2025-06-26 00:45:00;119.95
2025-06-26 01:00:00;105.30
2025-06-26 01:15:00;105.30
2025-06-26 01:30:00;105.30
2025-06-26 01:45:00;105.30
2025-06-26 02:00:00;100.00
2025-06-26 02:15:00;100.00
2025-06-26 02:30:00;100.00
2025-06-26 02:45:00;100.00
2025-06-26 03:00:00;92.10
2025-06-26 03:15:00;92.10
2025-06-26 03:30:00;92.10
2025-06-26 03:45:00;92.10
2025-06-26 04:00:00;92.60
2025-06-26 04:15:00;92.60
2025-06-26 04:30:00;92.60
2025-06-26 04:45:00;92.60
2025-06-26 05:00:00;96.13
2025-06-26 05:15:00;96.13
2025-06-26 05:30:00;96.13
2025-06-26 05:45:00;96.13
2025-06-26 06:00:00;97.95
2025-06-26 06:15:00;97.95
2025-06-26 06:30:00;97.95
2025-06-26 06:45:00;97.95
2025-06-26 07:00:00;118.40
2025-06-26 07:15:00;118.40
2025-06-26 07:30:00;118.40
2025-06-26 07:45:00;118.40
2025-06-26 08:00:00;106.79
2025-06-26 08:15:00;106.79
2025-06-26 08:30:00;106.79
2025-06-26 08:45:00;106.79
2025-06-26 09:00:00;95.44
2025-06-26 09:15:00;95.44
2025-06-26 09:30:00;95.44
2025-06-26 09:45:00;95.44
2025-06-26 10:00:00;98.31
2025-06-26 10:15:00;98.31
2025-06-26 10:30:00;98.31
2025-06-26 10:45:00;98.31
2025-06-26 11:00:00;76.51
2025-06-26 11:15:00;76.51
2025-06-26 11:30:00;76.51
2025-06-26 11:45:00;76.51
2025-06-26 12:00:00;69.71
2025-06-26 12:15:00;69.71
2025-06-26 12:30:00;69.71
2025-06-26 12:45:00;69.71
2025-06-26 13:00:00;56.22
2025-06-26 13:15:00;56.22
2025-06-26 13:30:00;56.22
2025-06-26 13:45:00;56.22
2025-06-26 14:00:00;48.12
2025-06-26 14:15:00;48.12
2025-06-26 14:30:00;48.12
2025-06-26 14:45:00;48.12
2025-06-26 15:00:00;46.09
2025-06-26 15:15:00;46.09
2025-06-26 15:30:00;46.09
2025-06-26 15:45:00;46.09
2025-06-26 16:00:00;47.28
2025-06-26 16:15:00;47.28
2025-06-26 16:30:00;47.28
2025-06-26 16:45:00;47.28
2025-06-26 17:00:00;68.90
2025-06-26 17:15:00;68.90
2025-06-26 17:30:00;68.90
2025-06-26 17:45:00;68.90
2025-06-26 18:00:00;87.92
2025-06-26 18:15:00;87.92
2025-06-26 18:30:00;87.92
2025-06-26 18:45:00;87.92
2025-06-26 19:00:00;99.97
2025-06-26 19:15:00;99.97
2025-06-26 19:30:00;99.97
2025-06-26 19:45:00;99.97
2025-06-26 20:00:00;109.43
2025-06-26 20:15:00;109.43
2025-06-26 20:30:00;109.43
2025-06-26 20:45:00;109.43
2025-06-26 21:00:00;106.92
2025-06-26 21:15:00;106.92
2025-06-26 21:30:00;106.92
2025-06-26 21:45:00;106.92
2025-06-26 22:00:00;110.57
2025-06-26 22:15:00;110.57
2025-06-26 22:30:00;110.57
2025-06-26 22:45:00;110.57
2025-06-26 23:00:00;98.57
2025-06-26 23:15:00;98.57
2025-06-26 23:30:00;98.57
2025-06-26 23:45:00;98.57
2025-06-27 00:00:00;86.17
2025-06-27 00:15:00;86.17
2025-06-27 00:30:00;86.17
2025-06-27 00:45:00;86.17
2025-06-27 01:00:00;85.58
2025-06-27 01:15:00;85.58
2025-06-27 01:30:00;85.58
2025-06-27 01:45:00;85.58
2025-06-27 02:00:00;87.22
2025-06-27 02:15:00;87.22
2025-06-27 02:30:00;87.22
2025-06-27 02:45:00;87.22
2025-06-27 03:00:00;86.36
2025-06-27 03:15:00;86.36
2025-06-27 03:30:00;86.36
2025-06-27 03:45:00;86.36
2025-06-27 04:00:00;83.19
2025-06-27 04:15:00;83.19
2025-06-27 04:30:00;83.19
2025-06-27 04:45:00;83.19
2025-06-27 05:00:00;89.48
2025-06-27 05:15:00;89.48
2025-06-27 05:30:00;89.48
2025-06-27 05:45:00;89.48
2025-06-27 06:00:00;105.04
2025-06-27 06:15:00;105.04
2025-06-27 06:30:00;105.04
2025-06-27 06:45:00;105.04
2025-06-27 07:00:00;113.20
2025-06-27 07:15:00;113.20
2025-06-27 07:30:00;113.20
2025-06-27 07:45:00;113.20
2025-06-27 08:00:00;107.70
2025-06-27 08:15:00;107.70
2025-06-27 08:30:00;107.70
2025-06-27 08:45:00;107.70
2025-06-27 09:00:00;93.89
2025-06-27 09:15:00;93.89
2025-06-27 09:30:00;93.89
2025-06-27 09:45:00;93.89
2025-06-27 10:00:00;80.20
2025-06-27 10:15:00;80.20
2025-06-27 10:30:00;80.20
2025-06-27 10:45:00;80.20
2025-06-27 11:00:00;67.45
2025-06-27 11:15:00;67.45
2025-06-27 11:30:00;67.45
2025-06-27 11:45:00;67.45
2025-06-27 12:00:00;54.57
2025-06-27 12:15:00;54.57
2025-06-27 12:30:00;54.57
2025-06-27 12:45:00;54.57
2025-06-27 13:00:00;34.15
2025-06-27 13:15:00;34.15
2025-06-27 13:30:00;34.15
2025-06-27 13:45:00;34.15
2025-06-27 14:00:00;20.91
2025-06-27 14:15:00;20.91
2025-06-27 14:30:00;20.91
2025-06-27 14:45:00;20.91
2025-06-27 15:00:00;14.45
2025-06-27 15:15:00;14.45
2025-06-27 15:30:00;14.45
2025-06-27 15:45:00;14.45
2025-06-27 16:00:00;32.15
2025-06-27 16:15:00;32.15
2025-06-27 16:30:00;32.15
2025-06-27 16:45:00;32.15
2025-06-27 17:00:00;71.58
2025-06-27 17:15:00;71.58
2025-06-27 17:30:00;71.58
2025-06-27 17:45:00;71.58
2025-06-27 18:00:00;91.74
2025-06-27 18:15:00;91.74
2025-06-27 18:30:00;91.74
2025-06-27 18:45:00;91.74
2025-06-27 19:00:00;108.15
2025-06-27 19:15:00;108.15
2025-06-27 19:30:00;108.15
2025-06-27 19:45:00;108.15
2025-06-27 20:00:00;119.84
2025-06-27 20:15:00;119.84
2025-06-27 20:30:00;119.84
2025-06-27 20:45:00;119.84
2025-06-27 21:00:00;134.90
2025-06-27 21:15:00;134.90
2025-06-27 21:30:00;134.90
2025-06-27 21:45:00;134.90
2025-06-27 22:00:00;124.90
2025-06-27 22:15:00;124.90
2025-06-27 22:30:00;124.90
2025-06-27 22:45:00;124.90
2025-06-27 23:00:00;107.75
2025-06-27 23:15:00;107.75
2025-06-27 23:30:00;107.75
2025-06-27 23:45:00;107.75
2025-06-28 00:00:00;94.91
2025-06-28 00:15:00;94.91
2025-06-28 00:30:00;94.91
2025-06-28 00:45:00;94.91
2025-06-28 01:00:00;87.14
2025-06-28 01:15:00;87.14
2025-06-28 01:30:00;87.14
2025-06-28 01:45:00;87.14
2025-06-28 02:00:00;78.32
2025-06-28 02:15:00;78.32
2025-06-28 02:30:00;78.32
2025-06-28 02:45:00;78.32
2025-06-28 03:00:00;67.31
2025-06-28 03:15:00;67.31
2025-06-28 03:30:00;67.31
2025-06-28 03:45:00;67.31
2025-06-28 04:00:00;66.06
2025-06-28 04:15:00;66.06
2025-06-28 04:30:00;66.06
2025-06-28 04:45:00;66.06
2025-06-28 05:00:00;68.49
2025-06-28 05:15:00;68.49
2025-06-28 05:30:00;68.49
2025-06-28 05:45:00;68.49
2025-06-28 06:00:00;64.53
2025-06-28 06:15:00;64.53
2025-06-28 06:30:00;64.53
2025-06-28 06:45:00;64.53
2025-06-28 07:00:00;56.31
2025-06-28 07:15:00;56.31
2025-06-28 07:30:00;56.31
2025-06-28 07:45:00;56.31
2025-06-28 08:00:00;27.80
2025-06-28 08:15:00;27.80
2025-06-28 08:30:00;27.80
2025-06-28 08:45:00;27.80
2025-06-28 09:00:00;2.34
2025-06-28 09:15:00;2.34
2025-06-28 09:30:00;2.34
2025-06-28 09:45:00;2.34
2025-06-28 10:00:00;0.01
2025-06-28 10:15:00;0.01
2025-06-28 10:30:00;0.01
2025-06-28 10:45:00;0.01
2025-06-28 11:00:00;-0.03
2025-06-28 11:15:00;-0.03
2025-06-28 11:30:00;-0.03
2025-06-28 11:45:00;-0.03
2025-06-28 12:00:00;-0.49
2025-06-28 12:15:00;-0.49
2025-06-28 12:30:00;-0.49
2025-06-28 12:45:00;-0.49
2025-06-28 13:00:00;-2.30
2025-06-28 13:15:00;-2.30
2025-06-28 13:30:00;-2.30
2025-06-28 13:45:00;-2.30
2025-06-28 14:00:00;-5.00
2025-06-28 14:15:00;-5.00
2025-06-28 14:30:00;-5.00
2025-06-28 14:45:00;-5.00
2025-06-28 15:00:00;-2.08
2025-06-28 15:15:00;-2.08
2025-06-28 15:30:00;-2.08
2025-06-28 15:45:00;-2.08
2025-06-28 16:00:00;0.26
2025-06-28 16:15:00;0.26
2025-06-28 16:30:00;0.26
2025-06-28 16:45:00;0.26
2025-06-28 17:00:00;4.90
2025-06-28 17:15:00;4.90
2025-06-28 17:30:00;4.90
2025-06-28 17:45:00;4.90
2025-06-28 18:00:00;62.67
2025-06-28 18:15:00;62.67
2025-06-28 18:30:00;62.67
2025-06-28 18:45:00;62.67
2025-06-28 19:00:00;95.31
2025-06-28 19:15:00;95.31
2025-06-28 19:30:00;95.31
2025-06-28 19:45:00;95.31
2025-06-28 20:00:00;109.28
2025-06-28 20:15:00;109.28
2025-06-28 20:30:00;109.28
2025-06-28 20:45:00;109.28
2025-06-28 21:00:00;112.48
2025-06-28 21:15:00;112.48
2025-06-28 21:30:00;112.48
2025-06-28 21:45:00;112.48
2025-06-28 22:00:00;118.42
2025-06-28 22:15:00;118.42
2025-06-28 22:30:00;118.42
2025-06-28 22:45:00;118.42
2025-06-28 23:00:00;103.50
2025-06-28 23:15:00;103.50
2025-06-28 23:30:00;103.50
2025-06-28 23:45:00;103.50
2025-06-29 00:00:00;95.07
2025-06-29 00:15:00;95.07
2025-06-29 00:30:00;95.07
2025-06-29 00:45:00;95.07
2025-06-29 01:00:00;89.42
2025-06-29 01:15:00;89.42
2025-06-29 01:30:00;89.42
2025-06-29 01:45:00;89.42
2025-06-29 02:00:00;89.66
2025-06-29 02:15:00;89.66
2025-06-29 02:30:00;89.66
2025-06-29 02:45:00;89.66
2025-06-29 03:00:00;86.82
2025-06-29 03:15:00;86.82
2025-06-29 03:30:00;86.82
2025-06-29 03:45:00;86.82
2025-06-29 04:00:00;85.48
2025-06-29 04:15:00;85.48
2025-06-29 04:30:00;85.48
2025-06-29 04:45:00;85.48
2025-06-29 05:00:00;85.30
2025-06-29 05:15:00;85.30
2025-06-29 05:30:00;85.30
2025-06-29 05:45:00;85.30
2025-06-29 06:00:00;86.46
2025-06-29 06:15:00;86.46
2025-06-29 06:30:00;86.46
2025-06-29 06:45:00;86.46
2025-06-29 07:00:00;74.91
2025-06-29 07:15:00;74.91
2025-06-29 07:30:00;74.91
2025-06-29 07:45:00;74.91
2025-06-29 08:00:00;47.50
2025-06-29 08:15:00;47.50
2025-06-29 08:30:00;47.50
2025-06-29 08:45:00;47.50
2025-06-29 09:00:00;4.05
2025-06-29 09:15:00;4.05
2025-06-29 09:30:00;4.05
2025-06-29 09:45:00;4.05
2025-06-29 10:00:00;0.00
2025-06-29 10:15:00;0.00
2025-06-29 10:30:00;0.00
2025-06-29 10:45:00;0.00
2025-06-29 11:00:00;-0.29
2025-06-29 11:15:00;-0.29
2025-06-29 11:30:00;-0.29
2025-06-29 11:45:00;-0.29
2025-06-29 12:00:00;-10.29
2025-06-29 12:15:00;-10.29
2025-06-29 12:30:00;-10.29
2025-06-29 12:45:00;-10.29
2025-06-29 13:00:00;-30.23
2025-06-29 13:15:00;-30.23
2025-06-29 13:30:00;-30.23
2025-06-29 13:45:00;-30.23
2025-06-29 14:00:00;-35.19
2025-06-29 14:15:00;-35.19
2025-06-29 14:30:00;-35.19
2025-06-29 14:45:00;-35.19
2025-06-29 15:00:00;-11.42
2025-06-29 15:15:00;-11.42
2025-06-29 15:30:00;-11.42
2025-06-29 15:45:00;-11.42
2025-06-29 16:00:00;-1.08
2025-06-29 16:15:00;-1.08
2025-06-29 16:30:00;-1.08
2025-06-29 16:45:00;-1.08
2025-06-29 17:00:00;11.58
2025-06-29 17:15:00;11.58
2025-06-29 17:30:00;11.58
2025-06-29 17:45:00;11.58
2025-06-29 18:00:00;78.47
2025-06-29 18:15:00;78.47
2025-06-29 18:30:00;78.47
2025-06-29 18:45:00;78.47
2025-06-29 19:00:00;102.14
2025-06-29 19:15:00;102.14
2025-06-29 19:30:00;102.14
2025-06-29 19:45:00;102.14
2025-06-29 20:00:00;111.98
2025-06-29 20:15:00;111.98
2025-06-29 20:30:00;111.98
2025-06-29 20:45:00;111.98
2025-06-29 21:00:00;118.07
2025-06-29 21:15:00;118.07
2025-06-29 21:30:00;118.07
2025-06-29 21:45:00;118.07
2025-06-29 22:00:00;113.73
2025-06-29 22:15:00;113.73
2025-06-29 22:30:00;113.73
2025-06-29 22:45:00;113.73
2025-06-29 23:00:00;101.00
2025-06-29 23:15:00;101.00
2025-06-29 23:30:00;101.00
2025-06-29 23:45:00;101.00
2025-06-30 00:00:00;98.73
2025-06-30 00:15:00;98.73
2025-06-30 00:30:00;98.73
2025-06-30 00:45:00;98.73
2025-06-30 01:00:00;89.03
2025-06-30 01:15:00;89.03
2025-06-30 01:30:00;89.03
2025-06-30 01:45:00;89.03
2025-06-30 02:00:00;85.03
2025-06-30 02:15:00;85.03
2025-06-30 02:30:00;85.03
2025-06-30 02:45:00;85.03
2025-06-30 03:00:00;84.13
2025-06-30 03:15:00;84.13
2025-06-30 03:30:00;84.13
2025-06-30 03:45:00;84.13
2025-06-30 04:00:00;84.32
2025-06-30 04:15:00;84.32
2025-06-30 04:30:00;84.32
2025-06-30 04:45:00;84.32
2025-06-30 05:00:00;88.60
2025-06-30 05:15:00;88.60
2025-06-30 05:30:00;88.60
2025-06-30 05:45:00;88.60
2025-06-30 06:00:00;108.83
2025-06-30 06:15:00;108.83
2025-06-30 06:30:00;108.83
2025-06-30 06:45:00;108.83
2025-06-30 07:00:00;111.69
2025-06-30 07:15:00;111.69
2025-06-30 07:30:00;111.69
2025-06-30 07:45:00;111.69
2025-06-30 08:00:00;108.35
2025-06-30 08:15:00;108.35
2025-06-30 08:30:00;108.35
2025-06-30 08:45:00;108.35
2025-06-30 09:00:00;92.12
2025-06-30 09:15:00;92.12
2025-06-30 09:30:00;92.12
2025-06-30 09:45:00;92.12
2025-06-30 10:00:00;78.20
2025-06-30 10:15:00;78.20
2025-06-30 10:30:00;78.20
2025-06-30 10:45:00;78.20
2025-06-30 11:00:00;64.27
2025-06-30 11:15:00;64.27
2025-06-30 11:30:00;64.27
2025-06-30 11:45:00;64.27
2025-06-30 12:00:00;55.00
2025-06-30 12:15:00;55.00
2025-06-30 12:30:00;55.00
2025-06-30 12:45:00;55.00
2025-06-30 13:00:00;21.34
2025-06-30 13:15:00;21.34
2025-06-30 13:30:00;21.34
2025-06-30 13:45:00;21.34
2025-06-30 14:00:00;28.46
2025-06-30 14:15:00;28.46
2025-06-30 14:30:00;28.46
2025-06-30 14:45:00;28.46
2025-06-30 15:00:00;62.32
2025-06-30 15:15:00;62.32
2025-06-30 15:30:00;62.32
2025-06-30 15:45:00;62.32
2025-06-30 16:00:00;81.39
2025-06-30 16:15:00;81.39
2025-06-30 16:30:00;81.39
2025-06-30 16:45:00;81.39
2025-06-30 17:00:00;92.20
2025-06-30 17:15:00;92.20
2025-06-30 17:30:00;92.20
2025-06-30 17:45:00;92.20
2025-06-30 18:00:00;110.17
2025-06-30 18:15:00;110.17
2025-06-30 18:30:00;110.17
2025-06-30 18:45:00;110.17
2025-06-30 19:00:00;178.94
2025-06-30 19:15:00;178.94
2025-06-30 19:30:00;178.94
2025-06-30 19:45:00;178.94
2025-06-30 20:00:00;289.45
2025-06-30 20:15:00;289.45
2025-06-30 20:30:00;289.45
2025-06-30 20:45:00;289.45
2025-06-30 21:00:00;236.00
2025-06-30 21:15:00;236.00
2025-06-30 21:30:00;236.00
2025-06-30 21:45:00;236.00
2025-06-30 22:00:00;157.00
2025-06-30 22:15:00;157.00
2025-06-30 22:30:00;157.00
2025-06-30 22:45:00;157.00
2025-06-30 23:00:00;122.65
2025-06-30 23:15:00;122.65
2025-06-30 23:30:00;122.65
2025-06-30 23:45:00;122.65
2025-07-01 00:00:00;111.28
2025-07-01 00:15:00;111.28
2025-07-01 00:30:00;111.28
2025-07-01 00:45:00;111.28
2025-07-01 01:00:00;95.37
2025-07-01 01:15:00;95.37
2025-07-01 01:30:00;95.37
2025-07-01 01:45:00;95.37
2025-07-01 02:00:00;89.10
2025-07-01 02:15:00;89.10
2025-07-01 02:30:00;89.10
2025-07-01 02:45:00;89.10
2025-07-01 03:00:00;88.07
2025-07-01 03:15:00;88.07
2025-07-01 03:30:00;88.07
2025-07-01 03:45:00;88.07
2025-07-01 04:00:00;90.01
2025-07-01 04:15:00;90.01
2025-07-01 04:30:00;90.01
2025-07-01 04:45:00;90.01
2025-07-01 05:00:00;96.59
2025-07-01 05:15:00;96.59
2025-07-01 05:30:00;96.59
2025-07-01 05:45:00;96.59
2025-07-01 06:00:00;114.97
2025-07-01 06:15:00;114.97
2025-07-01 06:30:00;114.97
2025-07-01 06:45:00;114.97
2025-07-01 07:00:00;120.09
2025-07-01 07:15:00;120.09
2025-07-01 07:30:00;120.09
2025-07-01 07:45:00;120.09
2025-07-01 08:00:00;114.48
2025-07-01 08:15:00;114.48
2025-07-01 08:30:00;114.48
2025-07-01 08:45:00;114.48
2025-07-01 09:00:00;92.20
2025-07-01 09:15:00;92.20
2025-07-01 09:30:00;92.20
2025-07-01 09:45:00;92.20
2025-07-01 10:00:00;91.62
2025-07-01 10:15:00;91.62
2025-07-01 10:30:00;91.62
2025-07-01 10:45:00;91.62
2025-07-01 11:00:00;77.91
2025-07-01 11:15:00;77.91
2025-07-01 11:30:00;77.91
2025-07-01 11:45:00;77.91
2025-07-01 12:00:00;75.10
2025-07-01 12:15:00;75.10
2025-07-01 12:30:00;75.10
2025-07-01 12:45:00;75.10
2025-07-01 13:00:00;63.97
2025-07-01 13:15:00;63.97
2025-07-01 13:30:00;63.97
2025-07-01 13:45:00;63.97
2025-07-01 14:00:00;72.17
2025-07-01 14:15:00;72.17
2025-07-01 14:30:00;72.17
2025-07-01 14:45:00;72.17
2025-07-01 15:00:00;78.15
2025-07-01 15:15:00;78.15
2025-07-01 15:30:00;78.15
2025-07-01 15:45:00;78.15
2025-07-01 16:00:00;90.80
2025-07-01 16:15:00;90.80
2025-07-01 16:30:00;90.80
2025-07-01 16:45:00;90.80
2025-07-01 17:00:00;102.35
2025-07-01 17:15:00;102.35
2025-07-01 17:30:00;102.35
2025-07-01 17:45:00;102.35
2025-07-01 18:00:00;152.44
2025-07-01 18:15:00;152.44
2025-07-01 18:30:00;152.44
2025-07-01 18:45:00;152.44
2025-07-01 19:00:00;318.18
2025-07-01 19:15:00;318.18
2025-07-01 19:30:00;318.18
2025-07-01 19:45:00;318.18
2025-07-01 20:00:00;517.57
2025-07-01 20:15:00;517.57
2025-07-01 20:30:00;517.57
2025-07-01 20:45:00;517.57
2025-07-01 21:00:00;500.00
2025-07-01 21:15:00;500.00
2025-07-01 21:30:00;500.00
2025-07-01 21:45:00;500.00
2025-07-01 22:00:00;315.72
2025-07-01 22:15:00;315.72
2025-07-01 22:30:00;315.72
2025-07-01 22:45:00;315.72
2025-07-01 23:00:00;172.94
2025-07-01 23:15:00;172.94
2025-07-01 23:30:00;172.94
2025-07-01 23:45:00;172.94
2025-07-02 00:00:00;119.29
2025-07-02 00:15:00;119.29
2025-07-02 00:30:00;119.29
2025-07-02 00:45:00;119.29
2025-07-02 01:00:00;102.71
2025-07-02 01:15:00;102.71
2025-07-02 01:30:00;102.71
2025-07-02 01:45:00;102.71
2025-07-02 02:00:00;92.54
2025-07-02 02:15:00;92.54
2025-07-02 02:30:00;92.54
2025-07-02 02:45:00;92.54
2025-07-02 03:00:00;92.08
2025-07-02 03:15:00;92.08
2025-07-02 03:30:00;92.08
2025-07-02 03:45:00;92.08
2025-07-02 04:00:00;100.00
2025-07-02 04:15:00;100.00
2025-07-02 04:30:00;100.00
2025-07-02 04:45:00;100.00
2025-07-02 05:00:00;109.37
2025-07-02 05:15:00;109.37
2025-07-02 05:30:00;109.37
2025-07-02 05:45:00;109.37
2025-07-02 06:00:00;131.07
2025-07-02 06:15:00;131.07
2025-07-02 06:30:00;131.07
2025-07-02 06:45:00;131.07
2025-07-02 07:00:00;113.64
2025-07-02 07:15:00;113.64
2025-07-02 07:30:00;113.64
2025-07-02 07:45:00;113.64
2025-07-02 08:00:00;104.52
2025-07-02 08:15:00;104.52
2025-07-02 08:30:00;104.52
2025-07-02 08:45:00;104.52
2025-07-02 09:00:00;92.59
2025-07-02 09:15:00;92.59
2025-07-02 09:30:00;92.59
2025-07-02 09:45:00;92.59
2025-07-02 10:00:00;81.33
2025-07-02 10:15:00;81.33
2025-07-02 10:30:00;81.33
2025-07-02 10:45:00;81.33
2025-07-02 11:00:00;74.56
2025-07-02 11:15:00;74.56
2025-07-02 11:30:00;74.56
2025-07-02 11:45:00;74.56
2025-07-02 12:00:00;75.78
2025-07-02 12:15:00;75.78
2025-07-02 12:30:00;75.78
2025-07-02 12:45:00;75.78
2025-07-02 13:00:00;48.55
2025-07-02 13:15:00;48.55
2025-07-02 13:30:00;48.55
2025-07-02 13:45:00;48.55
2025-07-02 14:00:00;56.50
2025-07-02 14:15:00;56.50
2025-07-02 14:30:00;56.50
2025-07-02 14:45:00;56.50
2025-07-02 15:00:00;71.53
2025-07-02 15:15:00;71.53
2025-07-02 15:30:00;71.53
2025-07-02 15:45:00;71.53
2025-07-02 16:00:00;79.96
2025-07-02 16:15:00;79.96
2025-07-02 16:30:00;79.96
2025-07-02 16:45:00;79.96
2025-07-02 17:00:00;93.50
2025-07-02 17:15:00;93.50
2025-07-02 17:30:00;93.50
2025-07-02 17:45:00;93.50
2025-07-02 18:00:00;151.52
2025-07-02 18:15:00;151.52
2025-07-02 18:30:00;151.52
2025-07-02 18:45:00;151.52
2025-07-02 19:00:00;250.36
2025-07-02 19:15:00;250.36
2025-07-02 19:30:00;250.36
2025-07-02 19:45:00;250.36
2025-07-02 20:00:00;350.00
2025-07-02 20:15:00;350.00
2025-07-02 20:30:00;350.00
2025-07-02 20:45:00;350.00
2025-07-02 21:00:00;249.05
2025-07-02 21:15:00;249.05
2025-07-02 21:30:00;249.05
2025-07-02 21:45:00;249.05
2025-07-02 22:00:00;147.50
2025-07-02 22:15:00;147.50
2025-07-02 22:30:00;147.50
2025-07-02 22:45:00;147.50
2025-07-02 23:00:00;108.56
2025-07-02 23:15:00;108.56
2025-07-02 23:30:00;108.56
2025-07-02 23:45:00;108.56
2025-07-03 00:00:00;84.27
2025-07-03 00:15:00;84.27
2025-07-03 00:30:00;84.27
2025-07-03 00:45:00;84.27
2025-07-03 01:00:00;81.11
2025-07-03 01:15:00;81.11
2025-07-03 01:30:00;81.11
2025-07-03 01:45:00;81.11
2025-07-03 02:00:00;79.00
2025-07-03 02:15:00;79.00
2025-07-03 02:30:00;79.00
2025-07-03 02:45:00;79.00
2025-07-03 03:00:00;78.93
2025-07-03 03:15:00;78.93
2025-07-03 03:30:00;78.93
2025-07-03 03:45:00;78.93
2025-07-03 04:00:00;80.88
2025-07-03 04:15:00;80.88
2025-07-03 04:30:00;80.88
2025-07-03 04:45:00;80.88
2025-07-03 05:00:00;86.45
2025-07-03 05:15:00;86.45
2025-07-03 05:30:00;86.45
2025-07-03 05:45:00;86.45
2025-07-03 06:00:00;106.77
2025-07-03 06:15:00;106.77
2025-07-03 06:30:00;106.77
2025-07-03 06:45:00;106.77
2025-07-03 07:00:00;116.58
2025-07-03 07:15:00;116.58
2025-07-03 07:30:00;116.58
2025-07-03 07:45:00;116.58
2025-07-03 08:00:00;104.90
2025-07-03 08:15:00;104.90
2025-07-03 08:30:00;104.90
2025-07-03 08:45:00;104.90
2025-07-03 09:00:00;90.45
2025-07-03 09:15:00;90.45
2025-07-03 09:30:00;90.45
2025-07-03 09:45:00;90.45
2025-07-03 10:00:00;75.06
2025-07-03 10:15:00;75.06
2025-07-03 10:30:00;75.06
2025-07-03 10:45:00;75.06
2025-07-03 11:00:00;57.35
2025-07-03 11:15:00;57.35
2025-07-03 11:30:00;57.35
2025-07-03 11:45:00;57.35
2025-07-03 12:00:00;42.16
2025-07-03 12:15:00;42.16
2025-07-03 12:30:00;42.16
2025-07-03 12:45:00;42.16
2025-07-03 13:00:00;34.40
2025-07-03 13:15:00;34.40
2025-07-03 13:30:00;34.40
2025-07-03 13:45:00;34.40
2025-07-03 14:00:00;15.00
2025-07-03 14:15:00;15.00
2025-07-03 14:30:00;15.00
2025-07-03 14:45:00;15.00
2025-07-03 15:00:00;37.86
2025-07-03 15:15:00;37.86
2025-07-03 15:30:00;37.86
2025-07-03 15:45:00;37.86
2025-07-03 16:00:00;62.00
2025-07-03 16:15:00;62.00
2025-07-03 16:30:00;62.00
2025-07-03 16:45:00;62.00
2025-07-03 17:00:00;81.00
2025-07-03 17:15:00;81.00
2025-07-03 17:30:00;81.00
2025-07-03 17:45:00;81.00
2025-07-03 18:00:00;95.69
2025-07-03 18:15:00;95.69
2025-07-03 18:30:00;95.69
2025-07-03 18:45:00;95.69
2025-07-03 19:00:00;108.39
2025-07-03 19:15:00;108.39
2025-07-03 19:30:00;108.39
2025-07-03 19:45:00;108.39
2025-07-03 20:00:00;152.58
2025-07-03 20:15:00;152.58
2025-07-03 20:30:00;152.58
2025-07-03 20:45:00;152.58
2025-07-03 21:00:00;179.22
2025-07-03 21:15:00;179.22
2025-07-03 21:30:00;179.22
2025-07-03 21:45:00;179.22
2025-07-03 22:00:00;159.03
2025-07-03 22:15:00;159.03
2025-07-03 22:30:00;159.03
2025-07-03 22:45:00;159.03
2025-07-03 23:00:00;141.23
2025-07-03 23:15:00;141.23
2025-07-03 23:30:00;141.23
2025-07-03 23:45:00;141.23
2025-07-04 00:00:00;103.35
2025-07-04 00:15:00;103.35
2025-07-04 00:30:00;103.35
2025-07-04 00:45:00;103.35
2025-07-04 01:00:00;92.55
2025-07-04 01:15:00;92.55
2025-07-04 01:30:00;92.55
2025-07-04 01:45:00;92.55
2025-07-04 02:00:00;92.10
2025-07-04 02:15:00;92.10
2025-07-04 02:30:00;92.10
2025-07-04 02:45:00;92.10
2025-07-04 03:00:00;85.47
2025-07-04 03:15:00;85.47
2025-07-04 03:30:00;85.47
2025-07-04 03:45:00;85.47
2025-07-04 04:00:00;82.62
2025-07-04 04:15:00;82.62
2025-07-04 04:30:00;82.62
2025-07-04 04:45:00;82.62
2025-07-04 05:00:00;90.00
2025-07-04 05:15:00;90.00
2025-07-04 05:30:00;90.00
2025-07-04 05:45:00;90.00
2025-07-04 06:00:00;92.79
2025-07-04 06:15:00;92.79
2025-07-04 06:30:00;92.79
2025-07-04 06:45:00;92.79
2025-07-04 07:00:00;106.35
2025-07-04 07:15:00;106.35
2025-07-04 07:30:00;106.35
2025-07-04 07:45:00;106.35
2025-07-04 08:00:00;100.00
2025-07-04 08:15:00;100.00
2025-07-04 08:30:00;100.00
2025-07-04 08:45:00;100.00
2025-07-04 09:00:00;91.15
2025-07-04 09:15:00;91.15
2025-07-04 09:30:00;91.15
2025-07-04 09:45:00;91.15
2025-07-04 10:00:00;70.01
2025-07-04 10:15:00;70.01
2025-07-04 10:30:00;70.01
2025-07-04 10:45:00;70.01
2025-07-04 11:00:00;20.64
2025-07-04 11:15:00;20.64
2025-07-04 11:30:00;20.64
2025-07-04 11:45:00;20.64
2025-07-04 12:00:00;17.94
2025-07-04 12:15:00;17.94
2025-07-04 12:30:00;17.94
2025-07-04 12:45:00;17.94
2025-07-04 13:00:00;10.31
2025-07-04 13:15:00;10.31
2025-07-04 13:30:00;10.31
2025-07-04 13:45:00;10.31
2025-07-04 14:00:00;9.08
2025-07-04 14:15:00;9.08
2025-07-04 14:30:00;9.08
2025-07-04 14:45:00;9.08
2025-07-04 15:00:00;19.67
2025-07-04 15:15:00;19.67
2025-07-04 15:30:00;19.67
2025-07-04 15:45:00;19.67
2025-07-04 16:00:00;21.88
2025-07-04 16:15:00;21.88
2025-07-04 16:30:00;21.88
2025-07-04 16:45:00;21.88
2025-07-04 17:00:00;60.90
2025-07-04 17:15:00;60.90
2025-07-04 17:30:00;60.90
2025-07-04 17:45:00;60.90
2025-07-04 18:00:00;89.15
2025-07-04 18:15:00;89.15
2025-07-04 18:30:00;89.15
2025-07-04 18:45:00;89.15
2025-07-04 19:00:00;100.00
2025-07-04 19:15:00;100.00
2025-07-04 19:30:00;100.00
2025-07-04 19:45:00;100.00
2025-07-04 20:00:00;118.57
2025-07-04 20:15:00;118.57
2025-07-04 20:30:00;118.57
2025-07-04 20:45:00;118.57
2025-07-04 21:00:00;126.18
2025-07-04 21:15:00;126.18
2025-07-04 21:30:00;126.18
2025-07-04 21:45:00;126.18
2025-07-04 22:00:00;116.13
2025-07-04 22:15:00;116.13
2025-07-04 22:30:00;116.13
2025-07-04 22:45:00;116.13
2025-07-04 23:00:00;98.62
2025-07-04 23:15:00;98.62
2025-07-04 23:30:00;98.62
2025-07-04 23:45:00;98.62
2025-07-05 00:00:00;67.81
2025-07-05 00:15:00;67.81
2025-07-05 00:30:00;67.81
2025-07-05 00:45:00;67.81
2025-07-05 01:00:00;61.29
2025-07-05 01:15:00;61.29
2025-07-05 01:30:00;61.29
2025-07-05 01:45:00;61.29
2025-07-05 02:00:00;63.00
2025-07-05 02:15:00;63.00
2025-07-05 02:30:00;63.00
2025-07-05 02:45:00;63.00
2025-07-05 03:00:00;57.66
2025-07-05 03:15:00;57.66
2025-07-05 03:30:00;57.66
2025-07-05 03:45:00;57.66
2025-07-05 04:00:00;57.97
2025-07-05 04:15:00;57.97
2025-07-05 04:30:00;57.97
2025-07-05 04:45:00;57.97
2025-07-05 05:00:00;52.12
2025-07-05 05:15:00;52.12
2025-07-05 05:30:00;52.12
2025-07-05 05:45:00;52.12
2025-07-05 06:00:00;52.23
2025-07-05 06:15:00;52.23
2025-07-05 06:30:00;52.23
2025-07-05 06:45:00;52.23
2025-07-05 07:00:00;41.16
2025-07-05 07:15:00;41.16
2025-07-05 07:30:00;41.16
2025-07-05 07:45:00;41.16
2025-07-05 08:00:00;17.86
2025-07-05 08:15:00;17.86
2025-07-05 08:30:00;17.86
2025-07-05 08:45:00;17.86
2025-07-05 09:00:00;3.34
2025-07-05 09:15:00;3.34
2025-07-05 09:30:00;3.34
2025-07-05 09:45:00;3.34
2025-07-05 10:00:00;0.00
2025-07-05 10:15:00;0.00
2025-07-05 10:30:00;0.00
2025-07-05 10:45:00;0.00
2025-07-05 11:00:00;-0.03
2025-07-05 11:15:00;-0.03
2025-07-05 11:30:00;-0.03
2025-07-05 11:45:00;-0.03
2025-07-05 12:00:00;-0.22
2025-07-05 12:15:00;-0.22
2025-07-05 12:30:00;-0.22
2025-07-05 12:45:00;-0.22
2025-07-05 13:00:00;-2.20
2025-07-05 13:15:00;-2.20
2025-07-05 13:30:00;-2.20
2025-07-05 13:45:00;-2.20
2025-07-05 14:00:00;-1.57
2025-07-05 14:15:00;-1.57
2025-07-05 14:30:00;-1.57
2025-07-05 14:45:00;-1.57
2025-07-05 15:00:00;-0.69
2025-07-05 15:15:00;-0.69
2025-07-05 15:30:00;-0.69
2025-07-05 15:45:00;-0.69
2025-07-05 16:00:00;-1.73
2025-07-05 16:15:00;-1.73
2025-07-05 16:30:00;-1.73
2025-07-05 16:45:00;-1.73
2025-07-05 17:00:00;0.93
2025-07-05 17:15:00;0.93
2025-07-05 17:30:00;0.93
2025-07-05 17:45:00;0.93
2025-07-05 18:00:00;41.25
2025-07-05 18:15:00;41.25
2025-07-05 18:30:00;41.25
2025-07-05 18:45:00;41.25
2025-07-05 19:00:00;78.53
2025-07-05 19:15:00;78.53
2025-07-05 19:30:00;78.53
2025-07-05 19:45:00;78.53
2025-07-05 20:00:00;86.09
2025-07-05 20:15:00;86.09
2025-07-05 20:30:00;86.09
2025-07-05 20:45:00;86.09
2025-07-05 21:00:00;92.95
2025-07-05 21:15:00;92.95
2025-07-05 21:30:00;92.95
2025-07-05 21:45:00;92.95
2025-07-05 22:00:00;107.33
2025-07-05 22:15:00;107.33
2025-07-05 22:30:00;107.33
2025-07-05 22:45:00;107.33
2025-07-05 23:00:00;100.00
2025-07-05 23:15:00;100.00
2025-07-05 23:30:00;100.00
2025-07-05 23:45:00;100.00
2025-07-06 00:00:00;89.99
2025-07-06 00:15:00;89.99
2025-07-06 00:30:00;89.99
2025-07-06 00:45:00;89.99
2025-07-06 01:00:00;79.81
2025-07-06 01:15:00;79.81
2025-07-06 01:30:00;79.81
2025-07-06 01:45:00;79.81
2025-07-06 02:00:00;69.44
2025-07-06 02:15:00;69.44
2025-07-06 02:30:00;69.44
2025-07-06 02:45:00;69.44
2025-07-06 03:00:00;60.00
2025-07-06 03:15:00;60.00
2025-07-06 03:30:00;60.00
2025-07-06 03:45:00;60.00
2025-07-06 04:00:00;62.70
2025-07-06 04:15:00;62.70
2025-07-06 04:30:00;62.70
2025-07-06 04:45:00;62.70
2025-07-06 05:00:00;79.78
2025-07-06 05:15:00;79.78
2025-07-06 05:30:00;79.78
2025-07-06 05:45:00;79.78
2025-07-06 06:00:00;83.15
2025-07-06 06:15:00;83.15
2025-07-06 06:30:00;83.15
2025-07-06 06:45:00;83.15
2025-07-06 07:00:00;82.37
2025-07-06 07:15:00;82.37
2025-07-06 07:30:00;82.37
2025-07-06 07:45:00;82.37
2025-07-06 08:00:00;74.31
2025-07-06 08:15:00;74.31
2025-07-06 08:30:00;74.31
2025-07-06 08:45:00;74.31
2025-07-06 09:00:00;72.32
2025-07-06 09:15:00;72.32
2025-07-06 09:30:00;72.32
2025-07-06 09:45:00;72.32
2025-07-06 10:00:00;25.00
2025-07-06 10:15:00;25.00
2025-07-06 10:30:00;25.00
2025-07-06 10:45:00;25.00
2025-07-06 11:00:00;15.65
2025-07-06 11:15:00;15.65
2025-07-06 11:30:00;15.65
2025-07-06 11:45:00;15.65
2025-07-06 12:00:00;13.68
2025-07-06 12:15:00;13.68
2025-07-06 12:30:00;13.68
2025-07-06 12:45:00;13.68
2025-07-06 13:00:00;18.70
2025-07-06 13:15:00;18.70
2025-07-06 13:30:00;18.70
2025-07-06 13:45:00;18.70
2025-07-06 14:00:00;22.06
2025-07-06 14:15:00;22.06
2025-07-06 14:30:00;22.06
2025-07-06 14:45:00;22.06
2025-07-06 15:00:00;56.42
2025-07-06 15:15:00;56.42
2025-07-06 15:30:00;56.42
2025-07-06 15:45:00;56.42
2025-07-06 16:00:00;77.44
2025-07-06 16:15:00;77.44
2025-07-06 16:30:00;77.44
2025-07-06 16:45:00;77.44
2025-07-06 17:00:00;91.02
2025-07-06 17:15:00;91.02
2025-07-06 17:30:00;91.02
2025-07-06 17:45:00;91.02
2025-07-06 18:00:00;94.42
2025-07-06 18:15:00;94.42
2025-07-06 18:30:00;94.42
2025-07-06 18:45:00;94.42
2025-07-06 19:00:00;120.71
2025-07-06 19:15:00;120.71
2025-07-06 19:30:00;120.71
2025-07-06 19:45:00;120.71
2025-07-06 20:00:00;132.03
2025-07-06 20:15:00;132.03
2025-07-06 20:30:00;132.03
2025-07-06 20:45:00;132.03
2025-07-06 21:00:00;136.24
2025-07-06 21:15:00;136.24
2025-07-06 21:30:00;136.24
2025-07-06 21:45:00;136.24
2025-07-06 22:00:00;122.21
2025-07-06 22:15:00;122.21
2025-07-06 22:30:00;122.21
2025-07-06 22:45:00;122.21
2025-07-06 23:00:00;110.70
2025-07-06 23:15:00;110.70
2025-07-06 23:30:00;110.70
2025-07-06 23:45:00;110.70
2025-07-07 00:00:00;121.49
2025-07-07 00:15:00;121.49
2025-07-07 00:30:00;121.49
2025-07-07 00:45:00;121.49
2025-07-07 01:00:00;110.05
2025-07-07 01:15:00;110.05
2025-07-07 01:30:00;110.05
2025-07-07 01:45:00;110.05
2025-07-07 02:00:00;104.23
2025-07-07 02:15:00;104.23
2025-07-07 02:30:00;104.23
2025-07-07 02:45:00;104.23
2025-07-07 03:00:00;86.04
2025-07-07 03:15:00;86.04
2025-07-07 03:30:00;86.04
2025-07-07 03:45:00;86.04
2025-07-07 04:00:00;82.43
2025-07-07 04:15:00;82.43
2025-07-07 04:30:00;82.43
2025-07-07 04:45:00;82.43
2025-07-07 05:00:00;64.74
2025-07-07 05:15:00;64.74
2025-07-07 05:30:00;64.74
2025-07-07 05:45:00;64.74
2025-07-07 06:00:00;95.00
2025-07-07 06:15:00;95.00
2025-07-07 06:30:00;95.00
2025-07-07 06:45:00;95.00
2025-07-07 07:00:00;96.37
2025-07-07 07:15:00;96.37
2025-07-07 07:30:00;96.37
2025-07-07 07:45:00;96.37
2025-07-07 08:00:00;140.08
2025-07-07 08:15:00;140.08
2025-07-07 08:30:00;140.08
2025-07-07 08:45:00;140.08
2025-07-07 09:00:00;98.80
2025-07-07 09:15:00;98.80
2025-07-07 09:30:00;98.80
2025-07-07 09:45:00;98.80
2025-07-07 10:00:00;80.00
2025-07-07 10:15:00;80.00
2025-07-07 10:30:00;80.00
2025-07-07 10:45:00;80.00
2025-07-07 11:00:00;58.40
2025-07-07 11:15:00;58.40
2025-07-07 11:30:00;58.40
2025-07-07 11:45:00;58.40
2025-07-07 12:00:00;57.42
2025-07-07 12:15:00;57.42
2025-07-07 12:30:00;57.42
2025-07-07 12:45:00;57.42
2025-07-07 13:00:00;32.39
2025-07-07 13:15:00;32.39
2025-07-07 13:30:00;32.39
2025-07-07 13:45:00;32.39
2025-07-07 14:00:00;10.51
2025-07-07 14:15:00;10.51
2025-07-07 14:30:00;10.51
2025-07-07 14:45:00;10.51
2025-07-07 15:00:00;-11.97
2025-07-07 15:15:00;-11.97
2025-07-07 15:30:00;-11.97
2025-07-07 15:45:00;-11.97
2025-07-07 16:00:00;-9.85
2025-07-07 16:15:00;-9.85
2025-07-07 16:30:00;-9.85
2025-07-07 16:45:00;-9.85
2025-07-07 17:00:00;29.45
2025-07-07 17:15:00;29.45
2025-07-07 17:30:00;29.45
2025-07-07 17:45:00;29.45
2025-07-07 18:00:00;68.72
2025-07-07 18:15:00;68.72
2025-07-07 18:30:00;68.72
2025-07-07 18:45:00;68.72
2025-07-07 19:00:00;97.32
2025-07-07 19:15:00;97.32
2025-07-07 19:30:00;97.32
2025-07-07 19:45:00;97.32
2025-07-07 20:00:00;104.29
2025-07-07 20:15:00;104.29
2025-07-07 20:30:00;104.29
2025-07-07 20:45:00;104.29
2025-07-07 21:00:00;115.18
2025-07-07 21:15:00;115.18
2025-07-07 21:30:00;115.18
2025-07-07 21:45:00;115.18
2025-07-07 22:00:00;132.06
2025-07-07 22:15:00;132.06
2025-07-07 22:30:00;132.06
2025-07-07 22:45:00;132.06
2025-07-07 23:00:00;104.86
2025-07-07 23:15:00;104.86
2025-07-07 23:30:00;104.86
2025-07-07 23:45:00;104.86
2025-07-08 00:00:00;105.97
2025-07-08 00:15:00;105.97
2025-07-08 00:30:00;105.97
2025-07-08 00:45:00;105.97
2025-07-08 01:00:00;92.90
2025-07-08 01:15:00;92.90
2025-07-08 01:30:00;92.90
2025-07-08 01:45:00;92.90
2025-07-08 02:00:00;61.00
2025-07-08 02:15:00;61.00
2025-07-08 02:30:00;61.00
2025-07-08 02:45:00;61.00
2025-07-08 03:00:00;72.78
2025-07-08 03:15:00;72.78
2025-07-08 03:30:00;72.78
2025-07-08 03:45:00;72.78
2025-07-08 04:00:00;74.67
2025-07-08 04:15:00;74.67
2025-07-08 04:30:00;74.67
2025-07-08 04:45:00;74.67
2025-07-08 05:00:00;77.16
2025-07-08 05:15:00;77.16
2025-07-08 05:30:00;77.16
2025-07-08 05:45:00;77.16
2025-07-08 06:00:00;107.99
2025-07-08 06:15:00;107.99
2025-07-08 06:30:00;107.99
2025-07-08 06:45:00;107.99
2025-07-08 07:00:00;114.10
2025-07-08 07:15:00;114.10
2025-07-08 07:30:00;114.10
2025-07-08 07:45:00;114.10
2025-07-08 08:00:00;123.60
2025-07-08 08:15:00;123.60
2025-07-08 08:30:00;123.60
2025-07-08 08:45:00;123.60
2025-07-08 09:00:00;100.00
2025-07-08 09:15:00;100.00
2025-07-08 09:30:00;100.00
2025-07-08 09:45:00;100.00
2025-07-08 10:00:00;73.55
2025-07-08 10:15:00;73.55
2025-07-08 10:30:00;73.55
2025-07-08 10:45:00;73.55
2025-07-08 11:00:00;60.68
2025-07-08 11:15:00;60.68
2025-07-08 11:30:00;60.68
2025-07-08 11:45:00;60.68
2025-07-08 12:00:00;52.59
2025-07-08 12:15:00;52.59
2025-07-08 12:30:00;52.59
2025-07-08 12:45:00;52.59
2025-07-08 13:00:00;41.70
2025-07-08 13:15:00;41.70
2025-07-08 13:30:00;41.70
2025-07-08 13:45:00;41.70
2025-07-08 14:00:00;38.39
2025-07-08 14:15:00;38.39
2025-07-08 14:30:00;38.39
2025-07-08 14:45:00;38.39
2025-07-08 15:00:00;40.69
2025-07-08 15:15:00;40.69
2025-07-08 15:30:00;40.69
2025-07-08 15:45:00;40.69
2025-07-08 16:00:00;57.22
2025-07-08 16:15:00;57.22
2025-07-08 16:30:00;57.22
2025-07-08 16:45:00;57.22
2025-07-08 17:00:00;74.53
2025-07-08 17:15:00;74.53
2025-07-08 17:30:00;74.53
2025-07-08 17:45:00;74.53
2025-07-08 18:00:00;84.10
2025-07-08 18:15:00;84.10
2025-07-08 18:30:00;84.10
2025-07-08 18:45:00;84.10
2025-07-08 19:00:00;105.64
2025-07-08 19:15:00;105.64
2025-07-08 19:30:00;105.64
2025-07-08 19:45:00;105.64
2025-07-08 20:00:00;124.98
2025-07-08 20:15:00;124.98
2025-07-08 20:30:00;124.98
2025-07-08 20:45:00;124.98
2025-07-08 21:00:00;125.76
2025-07-08 21:15:00;125.76
2025-07-08 21:30:00;125.76
2025-07-08 21:45:00;125.76
2025-07-08 22:00:00;117.44
2025-07-08 22:15:00;117.44
2025-07-08 22:30:00;117.44
2025-07-08 22:45:00;117.44
2025-07-08 23:00:00;101.64
2025-07-08 23:15:00;101.64
2025-07-08 23:30:00;101.64
2025-07-08 23:45:00;101.64
2025-07-09 00:00:00;98.41
2025-07-09 00:15:00;98.41
2025-07-09 00:30:00;98.41
2025-07-09 00:45:00;98.41
2025-07-09 01:00:00;89.17
2025-07-09 01:15:00;89.17
2025-07-09 01:30:00;89.17
2025-07-09 01:45:00;89.17
2025-07-09 02:00:00;86.37
2025-07-09 02:15:00;86.37
2025-07-09 02:30:00;86.37
2025-07-09 02:45:00;86.37
2025-07-09 03:00:00;87.71
2025-07-09 03:15:00;87.71
2025-07-09 03:30:00;87.71
2025-07-09 03:45:00;87.71
2025-07-09 04:00:00;88.42
2025-07-09 04:15:00;88.42
2025-07-09 04:30:00;88.42
2025-07-09 04:45:00;88.42
2025-07-09 05:00:00;98.20
2025-07-09 05:15:00;98.20
2025-07-09 05:30:00;98.20
2025-07-09 05:45:00;98.20
2025-07-09 06:00:00;117.11
2025-07-09 06:15:00;117.11
2025-07-09 06:30:00;117.11
2025-07-09 06:45:00;117.11
2025-07-09 07:00:00;119.02
2025-07-09 07:15:00;119.02
2025-07-09 07:30:00;119.02
2025-07-09 07:45:00;119.02
2025-07-09 08:00:00;120.90
2025-07-09 08:15:00;120.90
2025-07-09 08:30:00;120.90
2025-07-09 08:45:00;120.90
2025-07-09 09:00:00;99.01
2025-07-09 09:15:00;99.01
2025-07-09 09:30:00;99.01
2025-07-09 09:45:00;99.01
2025-07-09 10:00:00;90.97
2025-07-09 10:15:00;90.97
2025-07-09 10:30:00;90.97
2025-07-09 10:45:00;90.97
2025-07-09 11:00:00;81.14
2025-07-09 11:15:00;81.14
2025-07-09 11:30:00;81.14
2025-07-09 11:45:00;81.14
2025-07-09 12:00:00;67.96
2025-07-09 12:15:00;67.96
2025-07-09 12:30:00;67.96
2025-07-09 12:45:00;67.96
2025-07-09 13:00:00;30.38
2025-07-09 13:15:00;30.38
2025-07-09 13:30:00;30.38
2025-07-09 13:45:00;30.38
2025-07-09 14:00:00;28.22
2025-07-09 14:15:00;28.22
2025-07-09 14:30:00;28.22
2025-07-09 14:45:00;28.22
2025-07-09 15:00:00;36.91
2025-07-09 15:15:00;36.91
2025-07-09 15:30:00;36.91
2025-07-09 15:45:00;36.91
2025-07-09 16:00:00;73.35
2025-07-09 16:15:00;73.35
2025-07-09 16:30:00;73.35
2025-07-09 16:45:00;73.35
2025-07-09 17:00:00;88.70
2025-07-09 17:15:00;88.70
2025-07-09 17:30:00;88.70
2025-07-09 17:45:00;88.70
2025-07-09 18:00:00;101.99
2025-07-09 18:15:00;101.99
2025-07-09 18:30:00;101.99
2025-07-09 18:45:00;101.99
2025-07-09 19:00:00;117.12
2025-07-09 19:15:00;117.12
2025-07-09 19:30:00;117.12
2025-07-09 19:45:00;117.12
2025-07-09 20:00:00;139.48
2025-07-09 20:15:00;139.48
2025-07-09 20:30:00;139.48
2025-07-09 20:45:00;139.48
2025-07-09 21:00:00;146.61
2025-07-09 21:15:00;146.61
2025-07-09 21:30:00;146.61
2025-07-09 21:45:00;146.61
2025-07-09 22:00:00;122.00
2025-07-09 22:15:00;122.00
2025-07-09 22:30:00;122.00
2025-07-09 22:45:00;122.00
2025-07-09 23:00:00;106.06
2025-07-09 23:15:00;106.06
2025-07-09 23:30:00;106.06
2025-07-09 23:45:00;106.06
2025-07-10 00:00:00;100.91
2025-07-10 00:15:00;100.91
2025-07-10 00:30:00;100.91
2025-07-10 00:45:00;100.91
2025-07-10 01:00:00;95.73
2025-07-10 01:15:00;95.73
2025-07-10 01:30:00;95.73
2025-07-10 01:45:00;95.73
2025-07-10 02:00:00;89.10
2025-07-10 02:15:00;89.10
2025-07-10 02:30:00;89.10
2025-07-10 02:45:00;89.10
2025-07-10 03:00:00;85.28
2025-07-10 03:15:00;85.28
2025-07-10 03:30:00;85.28
2025-07-10 03:45:00;85.28
2025-07-10 04:00:00;86.02
2025-07-10 04:15:00;86.02
2025-07-10 04:30:00;86.02
2025-07-10 04:45:00;86.02
2025-07-10 05:00:00;96.03
2025-07-10 05:15:00;96.03
2025-07-10 05:30:00;96.03
2025-07-10 05:45:00;96.03
2025-07-10 06:00:00;107.61
2025-07-10 06:15:00;107.61
2025-07-10 06:30:00;107.61
2025-07-10 06:45:00;107.61
2025-07-10 07:00:00;107.54
2025-07-10 07:15:00;107.54
2025-07-10 07:30:00;107.54
2025-07-10 07:45:00;107.54
2025-07-10 08:00:00;106.43
2025-07-10 08:15:00;106.43
2025-07-10 08:30:00;106.43
2025-07-10 08:45:00;106.43
2025-07-10 09:00:00;99.59
2025-07-10 09:15:00;99.59
2025-07-10 09:30:00;99.59
2025-07-10 09:45:00;99.59
2025-07-10 10:00:00;87.10
2025-07-10 10:15:00;87.10
2025-07-10 10:30:00;87.10
2025-07-10 10:45:00;87.10
2025-07-10 11:00:00;67.02
2025-07-10 11:15:00;67.02
2025-07-10 11:30:00;67.02
2025-07-10 11:45:00;67.02
2025-07-10 12:00:00;45.15
2025-07-10 12:15:00;45.15
2025-07-10 12:30:00;45.15
2025-07-10 12:45:00;45.15
2025-07-10 13:00:00;38.97
2025-07-10 13:15:00;38.97
2025-07-10 13:30:00;38.97
2025-07-10 13:45:00;38.97
2025-07-10 14:00:00;38.55
2025-07-10 14:15:00;38.55
2025-07-10 14:30:00;38.55
2025-07-10 14:45:00;38.55
2025-07-10 15:00:00;54.91
2025-07-10 15:15:00;54.91
2025-07-10 15:30:00;54.91
2025-07-10 15:45:00;54.91
2025-07-10 16:00:00;74.94
2025-07-10 16:15:00;74.94
2025-07-10 16:30:00;74.94
2025-07-10 16:45:00;74.94
2025-07-10 17:00:00;87.77
2025-07-10 17:15:00;87.77
2025-07-10 17:30:00;87.77
2025-07-10 17:45:00;87.77
2025-07-10 18:00:00;93.05
2025-07-10 18:15:00;93.05
2025-07-10 18:30:00;93.05
2025-07-10 18:45:00;93.05
2025-07-10 19:00:00;115.00
2025-07-10 19:15:00;115.00
2025-07-10 19:30:00;115.00
2025-07-10 19:45:00;115.00
2025-07-10 20:00:00;135.69
2025-07-10 20:15:00;135.69
2025-07-10 20:30:00;135.69
2025-07-10 20:45:00;135.69
2025-07-10 21:00:00;133.95
2025-07-10 21:15:00;133.95
2025-07-10 21:30:00;133.95
2025-07-10 21:45:00;133.95
2025-07-10 22:00:00;121.22
2025-07-10 22:15:00;121.22
2025-07-10 22:30:00;121.22
2025-07-10 22:45:00;121.22
2025-07-10 23:00:00;107.69
2025-07-10 23:15:00;107.69
2025-07-10 23:30:00;107.69
2025-07-10 23:45:00;107.69
2025-07-11 00:00:00;107.33
2025-07-11 00:15:00;107.33
2025-07-11 00:30:00;107.33
2025-07-11 00:45:00;107.33
2025-07-11 01:00:00;100.10
2025-07-11 01:15:00;100.10
2025-07-11 01:30:00;100.10
2025-07-11 01:45:00;100.10
2025-07-11 02:00:00;95.00
2025-07-11 02:15:00;95.00
2025-07-11 02:30:00;95.00
2025-07-11 02:45:00;95.00
2025-07-11 03:00:00;90.69
2025-07-11 03:15:00;90.69
2025-07-11 03:30:00;90.69
2025-07-11 03:45:00;90.69
2025-07-11 04:00:00;90.00
2025-07-11 04:15:00;90.00
2025-07-11 04:30:00;90.00
2025-07-11 04:45:00;90.00
2025-07-11 05:00:00;87.06
2025-07-11 05:15:00;87.06
2025-07-11 05:30:00;87.06
2025-07-11 05:45:00;87.06
2025-07-11 06:00:00;107.41
2025-07-11 06:15:00;107.41
2025-07-11 06:30:00;107.41
2025-07-11 06:45:00;107.41
2025-07-11 07:00:00;109.90
2025-07-11 07:15:00;109.90
2025-07-11 07:30:00;109.90
2025-07-11 07:45:00;109.90
2025-07-11 08:00:00;111.50
2025-07-11 08:15:00;111.50
2025-07-11 08:30:00;111.50
2025-07-11 08:45:00;111.50
2025-07-11 09:00:00;96.81
2025-07-11 09:15:00;96.81
2025-07-11 09:30:00;96.81
2025-07-11 09:45:00;96.81
2025-07-11 10:00:00;94.16
2025-07-11 10:15:00;94.16
2025-07-11 10:30:00;94.16
2025-07-11 10:45:00;94.16
2025-07-11 11:00:00;80.11
2025-07-11 11:15:00;80.11
2025-07-11 11:30:00;80.11
2025-07-11 11:45:00;80.11
2025-07-11 12:00:00;91.74
2025-07-11 12:15:00;91.74
2025-07-11 12:30:00;91.74
2025-07-11 12:45:00;91.74
2025-07-11 13:00:00;55.34
2025-07-11 13:15:00;55.34
2025-07-11 13:30:00;55.34
2025-07-11 13:45:00;55.34
2025-07-11 14:00:00;32.04
2025-07-11 14:15:00;32.04
2025-07-11 14:30:00;32.04
2025-07-11 14:45:00;32.04
2025-07-11 15:00:00;37.67
2025-07-11 15:15:00;37.67
2025-07-11 15:30:00;37.67
2025-07-11 15:45:00;37.67
2025-07-11 16:00:00;63.42
2025-07-11 16:15:00;63.42
2025-07-11 16:30:00;63.42
2025-07-11 16:45:00;63.42
2025-07-11 17:00:00;88.71
2025-07-11 17:15:00;88.71
2025-07-11 17:30:00;88.71
2025-07-11 17:45:00;88.71
2025-07-11 18:00:00;90.18
2025-07-11 18:15:00;90.18
2025-07-11 18:30:00;90.18
2025-07-11 18:45:00;90.18
2025-07-11 19:00:00;106.12
2025-07-11 19:15:00;106.12
2025-07-11 19:30:00;106.12
2025-07-11 19:45:00;106.12
2025-07-11 20:00:00;124.52
2025-07-11 20:15:00;124.52
2025-07-11 20:30:00;124.52
2025-07-11 20:45:00;124.52
2025-07-11 21:00:00;126.49
2025-07-11 21:15:00;126.49
2025-07-11 21:30:00;126.49
2025-07-11 21:45:00;126.49
2025-07-11 22:00:00;115.97
2025-07-11 22:15:00;115.97
2025-07-11 22:30:00;115.97
2025-07-11 22:45:00;115.97
2025-07-11 23:00:00;106.05
2025-07-11 23:15:00;106.05
2025-07-11 23:30:00;106.05
2025-07-11 23:45:00;106.05
2025-07-12 00:00:00;114.53
2025-07-12 00:15:00;114.53
2025-07-12 00:30:00;114.53
2025-07-12 00:45:00;114.53
2025-07-12 01:00:00;107.49
2025-07-12 01:15:00;107.49
2025-07-12 01:30:00;107.49
2025-07-12 01:45:00;107.49
2025-07-12 02:00:00;107.13
2025-07-12 02:15:00;107.13
2025-07-12 02:30:00;107.13
2025-07-12 02:45:00;107.13
2025-07-12 03:00:00;96.87
2025-07-12 03:15:00;96.87
2025-07-12 03:30:00;96.87
2025-07-12 03:45:00;96.87
2025-07-12 04:00:00;93.02
2025-07-12 04:15:00;93.02
2025-07-12 04:30:00;93.02
2025-07-12 04:45:00;93.02
2025-07-12 05:00:00;93.51
2025-07-12 05:15:00;93.51
2025-07-12 05:30:00;93.51
2025-07-12 05:45:00;93.51
2025-07-12 06:00:00;88.25
2025-07-12 06:15:00;88.25
2025-07-12 06:30:00;88.25
2025-07-12 06:45:00;88.25
2025-07-12 07:00:00;91.20
2025-07-12 07:15:00;91.20
2025-07-12 07:30:00;91.20
2025-07-12 07:45:00;91.20
2025-07-12 08:00:00;104.64
2025-07-12 08:15:00;104.64
2025-07-12 08:30:00;104.64
2025-07-12 08:45:00;104.64
2025-07-12 09:00:00;59.84
2025-07-12 09:15:00;59.84
2025-07-12 09:30:00;59.84
2025-07-12 09:45:00;59.84
2025-07-12 10:00:00;18.19
2025-07-12 10:15:00;18.19
2025-07-12 10:30:00;18.19
2025-07-12 10:45:00;18.19
2025-07-12 11:00:00;3.00
2025-07-12 11:15:00;3.00
2025-07-12 11:30:00;3.00
2025-07-12 11:45:00;3.00
2025-07-12 12:00:00;0.22
2025-07-12 12:15:00;0.22
2025-07-12 12:30:00;0.22
2025-07-12 12:45:00;0.22
2025-07-12 13:00:00;0.00
2025-07-12 13:15:00;0.00
2025-07-12 13:30:00;0.00
2025-07-12 13:45:00;0.00
2025-07-12 14:00:00;0.00
2025-07-12 14:15:00;0.00
2025-07-12 14:30:00;0.00
2025-07-12 14:45:00;0.00
2025-07-12 15:00:00;0.22
2025-07-12 15:15:00;0.22
2025-07-12 15:30:00;0.22
2025-07-12 15:45:00;0.22
2025-07-12 16:00:00;13.37
2025-07-12 16:15:00;13.37
2025-07-12 16:30:00;13.37
2025-07-12 16:45:00;13.37
2025-07-12 17:00:00;53.42
2025-07-12 17:15:00;53.42
2025-07-12 17:30:00;53.42
2025-07-12 17:45:00;53.42
2025-07-12 18:00:00;76.81
2025-07-12 18:15:00;76.81
2025-07-12 18:30:00;76.81
2025-07-12 18:45:00;76.81
2025-07-12 19:00:00;91.37
2025-07-12 19:15:00;91.37
2025-07-12 19:30:00;91.37
2025-07-12 19:45:00;91.37
2025-07-12 20:00:00;114.72
2025-07-12 20:15:00;114.72
2025-07-12 20:30:00;114.72
2025-07-12 20:45:00;114.72
2025-07-12 21:00:00;125.02
2025-07-12 21:15:00;125.02
2025-07-12 21:30:00;125.02
2025-07-12 21:45:00;125.02
2025-07-12 22:00:00;125.00
2025-07-12 22:15:00;125.00
2025-07-12 22:30:00;125.00
2025-07-12 22:45:00;125.00
2025-07-12 23:00:00;117.46
2025-07-12 23:15:00;117.46
2025-07-12 23:30:00;117.46
2025-07-12 23:45:00;117.46
2025-07-13 00:00:00;116.57
2025-07-13 00:15:00;116.57
2025-07-13 00:30:00;116.57
2025-07-13 00:45:00;116.57
2025-07-13 01:00:00;112.60
2025-07-13 01:15:00;112.60
2025-07-13 01:30:00;112.60
2025-07-13 01:45:00;112.60
2025-07-13 02:00:00;113.67
2025-07-13 02:15:00;113.67
2025-07-13 02:30:00;113.67
2025-07-13 02:45:00;113.67
2025-07-13 03:00:00;104.83
2025-07-13 03:15:00;104.83
2025-07-13 03:30:00;104.83
2025-07-13 03:45:00;104.83
2025-07-13 04:00:00;103.91
2025-07-13 04:15:00;103.91
2025-07-13 04:30:00;103.91
2025-07-13 04:45:00;103.91
2025-07-13 05:00:00;100.85
2025-07-13 05:15:00;100.85
2025-07-13 05:30:00;100.85
2025-07-13 05:45:00;100.85
2025-07-13 06:00:00;91.24
2025-07-13 06:15:00;91.24
2025-07-13 06:30:00;91.24
2025-07-13 06:45:00;91.24
2025-07-13 07:00:00;97.00
2025-07-13 07:15:00;97.00
2025-07-13 07:30:00;97.00
2025-07-13 07:45:00;97.00
2025-07-13 08:00:00;92.13
2025-07-13 08:15:00;92.13
2025-07-13 08:30:00;92.13
2025-07-13 08:45:00;92.13
2025-07-13 09:00:00;60.17
2025-07-13 09:15:00;60.17
2025-07-13 09:30:00;60.17
2025-07-13 09:45:00;60.17
2025-07-13 10:00:00;4.28
2025-07-13 10:15:00;4.28
2025-07-13 10:30:00;4.28
2025-07-13 10:45:00;4.28
2025-07-13 11:00:00;0.05
2025-07-13 11:15:00;0.05
2025-07-13 11:30:00;0.05
2025-07-13 11:45:00;0.05
2025-07-13 12:00:00;0.00
2025-07-13 12:15:00;0.00
2025-07-13 12:30:00;0.00
2025-07-13 12:45:00;0.00
2025-07-13 13:00:00;0.00
2025-07-13 13:15:00;0.00
2025-07-13 13:30:00;0.00
2025-07-13 13:45:00;0.00
2025-07-13 14:00:00;0.00
2025-07-13 14:15:00;0.00
2025-07-13 14:30:00;0.00
2025-07-13 14:45:00;0.00
2025-07-13 15:00:00;0.00
2025-07-13 15:15:00;0.00
2025-07-13 15:30:00;0.00
2025-07-13 15:45:00;0.00
2025-07-13 16:00:00;2.58
2025-07-13 16:15:00;2.58
2025-07-13 16:30:00;2.58
2025-07-13 16:45:00;2.58
2025-07-13 17:00:00;83.83
2025-07-13 17:15:00;83.83
2025-07-13 17:30:00;83.83
2025-07-13 17:45:00;83.83
2025-07-13 18:00:00;75.00
2025-07-13 18:15:00;75.00
2025-07-13 18:30:00;75.00
2025-07-13 18:45:00;75.00
2025-07-13 19:00:00;101.54
2025-07-13 19:15:00;101.54
2025-07-13 19:30:00;101.54
2025-07-13 19:45:00;101.54
2025-07-13 20:00:00;115.00
2025-07-13 20:15:00;115.00
2025-07-13 20:30:00;115.00
2025-07-13 20:45:00;115.00
2025-07-13 21:00:00;126.55
2025-07-13 21:15:00;126.55
2025-07-13 21:30:00;126.55
2025-07-13 21:45:00;126.55
2025-07-13 22:00:00;126.94
2025-07-13 22:15:00;126.94
2025-07-13 22:30:00;126.94
2025-07-13 22:45:00;126.94
2025-07-13 23:00:00;114.88
2025-07-13 23:15:00;114.88
2025-07-13 23:30:00;114.88
2025-07-13 23:45:00;114.88
2025-07-14 00:00:00;114.02
2025-07-14 00:15:00;114.02
2025-07-14 00:30:00;114.02
2025-07-14 00:45:00;114.02
2025-07-14 01:00:00;93.89
2025-07-14 01:15:00;93.89
2025-07-14 01:30:00;93.89
2025-07-14 01:45:00;93.89
2025-07-14 02:00:00;83.03
2025-07-14 02:15:00;83.03
2025-07-14 02:30:00;83.03
2025-07-14 02:45:00;83.03
2025-07-14 03:00:00;81.44
2025-07-14 03:15:00;81.44
2025-07-14 03:30:00;81.44
2025-07-14 03:45:00;81.44
2025-07-14 04:00:00;80.45
2025-07-14 04:15:00;80.45
2025-07-14 04:30:00;80.45
2025-07-14 04:45:00;80.45
2025-07-14 05:00:00;80.06
2025-07-14 05:15:00;80.06
2025-07-14 05:30:00;80.06
2025-07-14 05:45:00;80.06
2025-07-14 06:00:00;95.95
2025-07-14 06:15:00;95.95
2025-07-14 06:30:00;95.95
2025-07-14 06:45:00;95.95
2025-07-14 07:00:00;110.00
2025-07-14 07:15:00;110.00
2025-07-14 07:30:00;110.00
2025-07-14 07:45:00;110.00
2025-07-14 08:00:00;112.09
2025-07-14 08:15:00;112.09
2025-07-14 08:30:00;112.09
2025-07-14 08:45:00;112.09
2025-07-14 09:00:00;99.69
2025-07-14 09:15:00;99.69
2025-07-14 09:30:00;99.69
2025-07-14 09:45:00;99.69
2025-07-14 10:00:00;98.29
2025-07-14 10:15:00;98.29
2025-07-14 10:30:00;98.29
2025-07-14 10:45:00;98.29
2025-07-14 11:00:00;83.38
2025-07-14 11:15:00;83.38
2025-07-14 11:30:00;83.38
2025-07-14 11:45:00;83.38
2025-07-14 12:00:00;65.68
2025-07-14 12:15:00;65.68
2025-07-14 12:30:00;65.68
2025-07-14 12:45:00;65.68
2025-07-14 13:00:00;58.46
2025-07-14 13:15:00;58.46
2025-07-14 13:30:00;58.46
2025-07-14 13:45:00;58.46
2025-07-14 14:00:00;51.31
2025-07-14 14:15:00;51.31
2025-07-14 14:30:00;51.31
2025-07-14 14:45:00;51.31
2025-07-14 15:00:00;33.25
2025-07-14 15:15:00;33.25
2025-07-14 15:30:00;33.25
2025-07-14 15:45:00;33.25
2025-07-14 16:00:00;44.93
2025-07-14 16:15:00;44.93
2025-07-14 16:30:00;44.93
2025-07-14 16:45:00;44.93
2025-07-14 17:00:00;63.98
2025-07-14 17:15:00;63.98
2025-07-14 17:30:00;63.98
2025-07-14 17:45:00;63.98
2025-07-14 18:00:00;75.02
2025-07-14 18:15:00;75.02
2025-07-14 18:30:00;75.02
2025-07-14 18:45:00;75.02
2025-07-14 19:00:00;90.42
2025-07-14 19:15:00;90.42
2025-07-14 19:30:00;90.42
2025-07-14 19:45:00;90.42
2025-07-14 20:00:00;104.52
2025-07-14 20:15:00;104.52
2025-07-14 20:30:00;104.52
2025-07-14 20:45:00;104.52
2025-07-14 21:00:00;113.31
2025-07-14 21:15:00;113.31
2025-07-14 21:30:00;113.31
2025-07-14 21:45:00;113.31
2025-07-14 22:00:00;121.50
2025-07-14 22:15:00;121.50
2025-07-14 22:30:00;121.50
2025-07-14 22:45:00;121.50
2025-07-14 23:00:00;112.70
2025-07-14 23:15:00;112.70
2025-07-14 23:30:00;112.70
2025-07-14 23:45:00;112.70
2025-07-15 00:00:00;89.45
2025-07-15 00:15:00;89.45
2025-07-15 00:30:00;89.45
2025-07-15 00:45:00;89.45
2025-07-15 01:00:00;78.05
2025-07-15 01:15:00;78.05
2025-07-15 01:30:00;78.05
2025-07-15 01:45:00;78.05
2025-07-15 02:00:00;77.14
2025-07-15 02:15:00;77.14
2025-07-15 02:30:00;77.14
2025-07-15 02:45:00;77.14
2025-07-15 03:00:00;72.99
2025-07-15 03:15:00;72.99
2025-07-15 03:30:00;72.99
2025-07-15 03:45:00;72.99
2025-07-15 04:00:00;69.74
2025-07-15 04:15:00;69.74
2025-07-15 04:30:00;69.74
2025-07-15 04:45:00;69.74
2025-07-15 05:00:00;77.57
2025-07-15 05:15:00;77.57
2025-07-15 05:30:00;77.57
2025-07-15 05:45:00;77.57
2025-07-15 06:00:00;85.44
2025-07-15 06:15:00;85.44
2025-07-15 06:30:00;85.44
2025-07-15 06:45:00;85.44
2025-07-15 07:00:00;97.26
2025-07-15 07:15:00;97.26
2025-07-15 07:30:00;97.26
2025-07-15 07:45:00;97.26
2025-07-15 08:00:00;100.00
2025-07-15 08:15:00;100.00
2025-07-15 08:30:00;100.00
2025-07-15 08:45:00;100.00
2025-07-15 09:00:00;80.55
2025-07-15 09:15:00;80.55
2025-07-15 09:30:00;80.55
2025-07-15 09:45:00;80.55
2025-07-15 10:00:00;50.47
2025-07-15 10:15:00;50.47
2025-07-15 10:30:00;50.47
2025-07-15 10:45:00;50.47
2025-07-15 11:00:00;50.51
2025-07-15 11:15:00;50.51
2025-07-15 11:30:00;50.51
2025-07-15 11:45:00;50.51
2025-07-15 12:00:00;9.35
2025-07-15 12:15:00;9.35
2025-07-15 12:30:00;9.35
2025-07-15 12:45:00;9.35
2025-07-15 13:00:00;-0.01
2025-07-15 13:15:00;-0.01
2025-07-15 13:30:00;-0.01
2025-07-15 13:45:00;-0.01
2025-07-15 14:00:00;6.32
2025-07-15 14:15:00;6.32
2025-07-15 14:30:00;6.32
2025-07-15 14:45:00;6.32
2025-07-15 15:00:00;22.60
2025-07-15 15:15:00;22.60
2025-07-15 15:30:00;22.60
2025-07-15 15:45:00;22.60
2025-07-15 16:00:00;38.53
2025-07-15 16:15:00;38.53
2025-07-15 16:30:00;38.53
2025-07-15 16:45:00;38.53
2025-07-15 17:00:00;59.23
2025-07-15 17:15:00;59.23
2025-07-15 17:30:00;59.23
2025-07-15 17:45:00;59.23
2025-07-15 18:00:00;71.19
2025-07-15 18:15:00;71.19
2025-07-15 18:30:00;71.19
2025-07-15 18:45:00;71.19
2025-07-15 19:00:00;85.49
2025-07-15 19:15:00;85.49
2025-07-15 19:30:00;85.49
2025-07-15 19:45:00;85.49
2025-07-15 20:00:00;100.31
2025-07-15 20:15:00;100.31
2025-07-15 20:30:00;100.31
2025-07-15 20:45:00;100.31
2025-07-15 21:00:00;118.74
2025-07-15 21:15:00;118.74
2025-07-15 21:30:00;118.74
2025-07-15 21:45:00;118.74
2025-07-15 22:00:00;109.06
2025-07-15 22:15:00;109.06
2025-07-15 22:30:00;109.06
2025-07-15 22:45:00;109.06
2025-07-15 23:00:00;89.37
2025-07-15 23:15:00;89.37
2025-07-15 23:30:00;89.37
2025-07-15 23:45:00;89.37
2025-07-16 00:00:00;85.05
2025-07-16 00:15:00;85.05
2025-07-16 00:30:00;85.05
2025-07-16 00:45:00;85.05
2025-07-16 01:00:00;73.18
2025-07-16 01:15:00;73.18
2025-07-16 01:30:00;73.18
2025-07-16 01:45:00;73.18
2025-07-16 02:00:00;69.25
2025-07-16 02:15:00;69.25
2025-07-16 02:30:00;69.25
2025-07-16 02:45:00;69.25
2025-07-16 03:00:00;63.88
2025-07-16 03:15:00;63.88
2025-07-16 03:30:00;63.88
2025-07-16 03:45:00;63.88
2025-07-16 04:00:00;62.33
2025-07-16 04:15:00;62.33
2025-07-16 04:30:00;62.33
2025-07-16 04:45:00;62.33
2025-07-16 05:00:00;66.32
2025-07-16 05:15:00;66.32
2025-07-16 05:30:00;66.32
2025-07-16 05:45:00;66.32
2025-07-16 06:00:00;75.97
2025-07-16 06:15:00;75.97
2025-07-16 06:30:00;75.97
2025-07-16 06:45:00;75.97
2025-07-16 07:00:00;85.43
2025-07-16 07:15:00;85.43
2025-07-16 07:30:00;85.43
2025-07-16 07:45:00;85.43
2025-07-16 08:00:00;91.99
2025-07-16 08:15:00;91.99
2025-07-16 08:30:00;91.99
2025-07-16 08:45:00;91.99
2025-07-16 09:00:00;84.11
2025-07-16 09:15:00;84.11
2025-07-16 09:30:00;84.11
2025-07-16 09:45:00;84.11
2025-07-16 10:00:00;64.34
2025-07-16 10:15:00;64.34
2025-07-16 10:30:00;64.34
2025-07-16 10:45:00;64.34
2025-07-16 11:00:00;54.96
2025-07-16 11:15:00;54.96
2025-07-16 11:30:00;54.96
2025-07-16 11:45:00;54.96
2025-07-16 12:00:00;66.65
2025-07-16 12:15:00;66.65
2025-07-16 12:30:00;66.65
2025-07-16 12:45:00;66.65
2025-07-16 13:00:00;55.49
2025-07-16 13:15:00;55.49
2025-07-16 13:30:00;55.49
2025-07-16 13:45:00;55.49
2025-07-16 14:00:00;48.79
2025-07-16 14:15:00;48.79
2025-07-16 14:30:00;48.79
2025-07-16 14:45:00;48.79
2025-07-16 15:00:00;46.90
2025-07-16 15:15:00;46.90
2025-07-16 15:30:00;46.90
2025-07-16 15:45:00;46.90
2025-07-16 16:00:00;58.32
2025-07-16 16:15:00;58.32
2025-07-16 16:30:00;58.32
2025-07-16 16:45:00;58.32
2025-07-16 17:00:00;71.51
2025-07-16 17:15:00;71.51
2025-07-16 17:30:00;71.51
2025-07-16 17:45:00;71.51
2025-07-16 18:00:00;98.36
2025-07-16 18:15:00;98.36
2025-07-16 18:30:00;98.36
2025-07-16 18:45:00;98.36
2025-07-16 19:00:00;110.09
2025-07-16 19:15:00;110.09
2025-07-16 19:30:00;110.09
2025-07-16 19:45:00;110.09
2025-07-16 20:00:00;121.50
2025-07-16 20:15:00;121.50
2025-07-16 20:30:00;121.50
2025-07-16 20:45:00;121.50
2025-07-16 21:00:00;132.61
2025-07-16 21:15:00;132.61
2025-07-16 21:30:00;132.61
2025-07-16 21:45:00;132.61
2025-07-16 22:00:00;121.24
2025-07-16 22:15:00;121.24
2025-07-16 22:30:00;121.24
2025-07-16 22:45:00;121.24
2025-07-16 23:00:00;110.86
2025-07-16 23:15:00;110.86
2025-07-16 23:30:00;110.86
2025-07-16 23:45:00;110.86
2025-07-17 00:00:00;104.02
2025-07-17 00:15:00;104.02
2025-07-17 00:30:00;104.02
2025-07-17 00:45:00;104.02
2025-07-17 01:00:00;98.48
2025-07-17 01:15:00;98.48
2025-07-17 01:30:00;98.48
2025-07-17 01:45:00;98.48
2025-07-17 02:00:00;90.10
2025-07-17 02:15:00;90.10
2025-07-17 02:30:00;90.10
2025-07-17 02:45:00;90.10
2025-07-17 03:00:00;85.34
2025-07-17 03:15:00;85.34
2025-07-17 03:30:00;85.34
2025-07-17 03:45:00;85.34
2025-07-17 04:00:00;86.61
2025-07-17 04:15:00;86.61
2025-07-17 04:30:00;86.61
2025-07-17 04:45:00;86.61
2025-07-17 05:00:00;89.41
2025-07-17 05:15:00;89.41
2025-07-17 05:30:00;89.41
2025-07-17 05:45:00;89.41
2025-07-17 06:00:00;99.35
2025-07-17 06:15:00;99.35
2025-07-17 06:30:00;99.35
2025-07-17 06:45:00;99.35
2025-07-17 07:00:00;105.71
2025-07-17 07:15:00;105.71
2025-07-17 07:30:00;105.71
2025-07-17 07:45:00;105.71
2025-07-17 08:00:00;105.92
2025-07-17 08:15:00;105.92
2025-07-17 08:30:00;105.92
2025-07-17 08:45:00;105.92
2025-07-17 09:00:00;93.10
2025-07-17 09:15:00;93.10
2025-07-17 09:30:00;93.10
2025-07-17 09:45:00;93.10
2025-07-17 10:00:00;85.00
2025-07-17 10:15:00;85.00
2025-07-17 10:30:00;85.00
2025-07-17 10:45:00;85.00
2025-07-17 11:00:00;77.07
2025-07-17 11:15:00;77.07
2025-07-17 11:30:00;77.07
2025-07-17 11:45:00;77.07
2025-07-17 12:00:00;70.17
2025-07-17 12:15:00;70.17
2025-07-17 12:30:00;70.17
2025-07-17 12:45:00;70.17
2025-07-17 13:00:00;55.73
2025-07-17 13:15:00;55.73
2025-07-17 13:30:00;55.73
2025-07-17 13:45:00;55.73
2025-07-17 14:00:00;50.60
2025-07-17 14:15:00;50.60
2025-07-17 14:30:00;50.60
2025-07-17 14:45:00;50.60
2025-07-17 15:00:00;66.39
2025-07-17 15:15:00;66.39
2025-07-17 15:30:00;66.39
2025-07-17 15:45:00;66.39
2025-07-17 16:00:00;75.80
2025-07-17 16:15:00;75.80
2025-07-17 16:30:00;75.80
2025-07-17 16:45:00;75.80
2025-07-17 17:00:00;83.45
2025-07-17 17:15:00;83.45
2025-07-17 17:30:00;83.45
2025-07-17 17:45:00;83.45
2025-07-17 18:00:00;97.01
2025-07-17 18:15:00;97.01
2025-07-17 18:30:00;97.01
2025-07-17 18:45:00;97.01
2025-07-17 19:00:00;111.59
2025-07-17 19:15:00;111.59
2025-07-17 19:30:00;111.59
2025-07-17 19:45:00;111.59
2025-07-17 20:00:00;122.45
2025-07-17 20:15:00;122.45
2025-07-17 20:30:00;122.45
2025-07-17 20:45:00;122.45
2025-07-17 21:00:00;132.96
2025-07-17 21:15:00;132.96
2025-07-17 21:30:00;132.96
2025-07-17 21:45:00;132.96
2025-07-17 22:00:00;125.07
2025-07-17 22:15:00;125.07
2025-07-17 22:30:00;125.07
2025-07-17 22:45:00;125.07
2025-07-17 23:00:00;114.18
2025-07-17 23:15:00;114.18
2025-07-17 23:30:00;114.18
2025-07-17 23:45:00;114.18
2025-07-18 00:00:00;107.56
2025-07-18 00:15:00;107.56
2025-07-18 00:30:00;107.56
2025-07-18 00:45:00;107.56
2025-07-18 01:00:00;95.34
2025-07-18 01:15:00;95.34
2025-07-18 01:30:00;95.34
2025-07-18 01:45:00;95.34
2025-07-18 02:00:00;95.00
2025-07-18 02:15:00;95.00
2025-07-18 02:30:00;95.00
2025-07-18 02:45:00;95.00
2025-07-18 03:00:00;88.76
2025-07-18 03:15:00;88.76
2025-07-18 03:30:00;88.76
2025-07-18 03:45:00;88.76
2025-07-18 04:00:00;87.57
2025-07-18 04:15:00;87.57
2025-07-18 04:30:00;87.57
2025-07-18 04:45:00;87.57
2025-07-18 05:00:00;95.11
2025-07-18 05:15:00;95.11
2025-07-18 05:30:00;95.11
2025-07-18 05:45:00;95.11
2025-07-18 06:00:00;101.61
2025-07-18 06:15:00;101.61
2025-07-18 06:30:00;101.61
2025-07-18 06:45:00;101.61
2025-07-18 07:00:00;110.05
2025-07-18 07:15:00;110.05
2025-07-18 07:30:00;110.05
2025-07-18 07:45:00;110.05
2025-07-18 08:00:00;109.39
2025-07-18 08:15:00;109.39
2025-07-18 08:30:00;109.39
2025-07-18 08:45:00;109.39
2025-07-18 09:00:00;98.98
2025-07-18 09:15:00;98.98
2025-07-18 09:30:00;98.98
2025-07-18 09:45:00;98.98
2025-07-18 10:00:00;85.53
2025-07-18 10:15:00;85.53
2025-07-18 10:30:00;85.53
2025-07-18 10:45:00;85.53
2025-07-18 11:00:00;82.07
2025-07-18 11:15:00;82.07
2025-07-18 11:30:00;82.07
2025-07-18 11:45:00;82.07
2025-07-18 12:00:00;80.00
2025-07-18 12:15:00;80.00
2025-07-18 12:30:00;80.00
2025-07-18 12:45:00;80.00
2025-07-18 13:00:00;73.02
2025-07-18 13:15:00;73.02
2025-07-18 13:30:00;73.02
2025-07-18 13:45:00;73.02
2025-07-18 14:00:00;71.20
2025-07-18 14:15:00;71.20
2025-07-18 14:30:00;71.20
2025-07-18 14:45:00;71.20
2025-07-18 15:00:00;72.68
2025-07-18 15:15:00;72.68
2025-07-18 15:30:00;72.68
2025-07-18 15:45:00;72.68
2025-07-18 16:00:00;80.42
2025-07-18 16:15:00;80.42
2025-07-18 16:30:00;80.42
2025-07-18 16:45:00;80.42
2025-07-18 17:00:00;84.56
2025-07-18 17:15:00;84.56
2025-07-18 17:30:00;84.56
2025-07-18 17:45:00;84.56
2025-07-18 18:00:00;96.60
2025-07-18 18:15:00;96.60
2025-07-18 18:30:00;96.60
2025-07-18 18:45:00;96.60
2025-07-18 19:00:00;120.28
2025-07-18 19:15:00;120.28
2025-07-18 19:30:00;120.28
2025-07-18 19:45:00;120.28
2025-07-18 20:00:00;146.55
2025-07-18 20:15:00;146.55
2025-07-18 20:30:00;146.55
2025-07-18 20:45:00;146.55
2025-07-18 21:00:00;144.44
2025-07-18 21:15:00;144.44
2025-07-18 21:30:00;144.44
2025-07-18 21:45:00;144.44
2025-07-18 22:00:00;126.62
2025-07-18 22:15:00;126.62
2025-07-18 22:30:00;126.62
2025-07-18 22:45:00;126.62
2025-07-18 23:00:00;113.87
2025-07-18 23:15:00;113.87
2025-07-18 23:30:00;113.87
2025-07-18 23:45:00;113.87
2025-07-19 00:00:00;108.46
2025-07-19 00:15:00;108.46
2025-07-19 00:30:00;108.46
2025-07-19 00:45:00;108.46
2025-07-19 01:00:00;99.91
2025-07-19 01:15:00;99.91
2025-07-19 01:30:00;99.91
2025-07-19 01:45:00;99.91
2025-07-19 02:00:00;92.30
2025-07-19 02:15:00;92.30
2025-07-19 02:30:00;92.30
2025-07-19 02:45:00;92.30
2025-07-19 03:00:00;86.47
2025-07-19 03:15:00;86.47
2025-07-19 03:30:00;86.47
2025-07-19 03:45:00;86.47
2025-07-19 04:00:00;94.06
2025-07-19 04:15:00;94.06
2025-07-19 04:30:00;94.06
2025-07-19 04:45:00;94.06
2025-07-19 05:00:00;92.25
2025-07-19 05:15:00;92.25
2025-07-19 05:30:00;92.25
2025-07-19 05:45:00;92.25
2025-07-19 06:00:00;90.39
2025-07-19 06:15:00;90.39
2025-07-19 06:30:00;90.39
2025-07-19 06:45:00;90.39
2025-07-19 07:00:00;80.00
2025-07-19 07:15:00;80.00
2025-07-19 07:30:00;80.00
2025-07-19 07:45:00;80.00
2025-07-19 08:00:00;82.07
2025-07-19 08:15:00;82.07
2025-07-19 08:30:00;82.07
2025-07-19 08:45:00;82.07
2025-07-19 09:00:00;55.65
2025-07-19 09:15:00;55.65
2025-07-19 09:30:00;55.65
2025-07-19 09:45:00;55.65
2025-07-19 10:00:00;10.00
2025-07-19 10:15:00;10.00
2025-07-19 10:30:00;10.00
2025-07-19 10:45:00;10.00
2025-07-19 11:00:00;0.65
2025-07-19 11:15:00;0.65
2025-07-19 11:30:00;0.65
2025-07-19 11:45:00;0.65
2025-07-19 12:00:00;0.00
2025-07-19 12:15:00;0.00
2025-07-19 12:30:00;0.00
2025-07-19 12:45:00;0.00
2025-07-19 13:00:00;-0.01
2025-07-19 13:15:00;-0.01
2025-07-19 13:30:00;-0.01
2025-07-19 13:45:00;-0.01
2025-07-19 14:00:00;0.00
2025-07-19 14:15:00;0.00
2025-07-19 14:30:00;0.00
2025-07-19 14:45:00;0.00
2025-07-19 15:00:00;2.21
2025-07-19 15:15:00;2.21
2025-07-19 15:30:00;2.21
2025-07-19 15:45:00;2.21
2025-07-19 16:00:00;31.54
2025-07-19 16:15:00;31.54
2025-07-19 16:30:00;31.54
2025-07-19 16:45:00;31.54
2025-07-19 17:00:00;85.81
2025-07-19 17:15:00;85.81
2025-07-19 17:30:00;85.81
2025-07-19 17:45:00;85.81
2025-07-19 18:00:00;73.52
2025-07-19 18:15:00;73.52
2025-07-19 18:30:00;73.52
2025-07-19 18:45:00;73.52
2025-07-19 19:00:00;97.90
2025-07-19 19:15:00;97.90
2025-07-19 19:30:00;97.90
2025-07-19 19:45:00;97.90
2025-07-19 20:00:00;119.83
2025-07-19 20:15:00;119.83
2025-07-19 20:30:00;119.83
2025-07-19 20:45:00;119.83
2025-07-19 21:00:00;111.85
2025-07-19 21:15:00;111.85
2025-07-19 21:30:00;111.85
2025-07-19 21:45:00;111.85
2025-07-19 22:00:00;106.35
2025-07-19 22:15:00;106.35
2025-07-19 22:30:00;106.35
2025-07-19 22:45:00;106.35
2025-07-19 23:00:00;99.39
2025-07-19 23:15:00;99.39
2025-07-19 23:30:00;99.39
2025-07-19 23:45:00;99.39
2025-07-20 00:00:00;80.35
2025-07-20 00:15:00;80.35
2025-07-20 00:30:00;80.35
2025-07-20 00:45:00;80.35
2025-07-20 01:00:00;86.58
2025-07-20 01:15:00;86.58
2025-07-20 01:30:00;86.58
2025-07-20 01:45:00;86.58
2025-07-20 02:00:00;96.87
2025-07-20 02:15:00;96.87
2025-07-20 02:30:00;96.87
2025-07-20 02:45:00;96.87
2025-07-20 03:00:00;89.00
2025-07-20 03:15:00;89.00
2025-07-20 03:30:00;89.00
2025-07-20 03:45:00;89.00
2025-07-20 04:00:00;97.57
2025-07-20 04:15:00;97.57
2025-07-20 04:30:00;97.57
2025-07-20 04:45:00;97.57
2025-07-20 05:00:00;94.30
2025-07-20 05:15:00;94.30
2025-07-20 05:30:00;94.30
2025-07-20 05:45:00;94.30
2025-07-20 06:00:00;92.86
2025-07-20 06:15:00;92.86
2025-07-20 06:30:00;92.86
2025-07-20 06:45:00;92.86
2025-07-20 07:00:00;86.70
2025-07-20 07:15:00;86.70
2025-07-20 07:30:00;86.70
2025-07-20 07:45:00;86.70
2025-07-20 08:00:00;86.19
2025-07-20 08:15:00;86.19
2025-07-20 08:30:00;86.19
2025-07-20 08:45:00;86.19
2025-07-20 09:00:00;83.70
2025-07-20 09:15:00;83.70
2025-07-20 09:30:00;83.70
2025-07-20 09:45:00;83.70
2025-07-20 10:00:00;20.44
2025-07-20 10:15:00;20.44
2025-07-20 10:30:00;20.44
2025-07-20 10:45:00;20.44
2025-07-20 11:00:00;4.66
2025-07-20 11:15:00;4.66
2025-07-20 11:30:00;4.66
2025-07-20 11:45:00;4.66
2025-07-20 12:00:00;0.00
2025-07-20 12:15:00;0.00
2025-07-20 12:30:00;0.00
2025-07-20 12:45:00;0.00
2025-07-20 13:00:00;-0.01
2025-07-20 13:15:00;-0.01
2025-07-20 13:30:00;-0.01
2025-07-20 13:45:00;-0.01
2025-07-20 14:00:00;0.00
2025-07-20 14:15:00;0.00
2025-07-20 14:30:00;0.00
2025-07-20 14:45:00;0.00
2025-07-20 15:00:00;20.56
2025-07-20 15:15:00;20.56
2025-07-20 15:30:00;20.56
2025-07-20 15:45:00;20.56
2025-07-20 16:00:00;72.23
2025-07-20 16:15:00;72.23
2025-07-20 16:30:00;72.23
2025-07-20 16:45:00;72.23
2025-07-20 17:00:00;82.93
2025-07-20 17:15:00;82.93
2025-07-20 17:30:00;82.93
2025-07-20 17:45:00;82.93
2025-07-20 18:00:00;91.74
2025-07-20 18:15:00;91.74
2025-07-20 18:30:00;91.74
2025-07-20 18:45:00;91.74
2025-07-20 19:00:00;110.00
2025-07-20 19:15:00;110.00
2025-07-20 19:30:00;110.00
2025-07-20 19:45:00;110.00
2025-07-20 20:00:00;122.34
2025-07-20 20:15:00;122.34
2025-07-20 20:30:00;122.34
2025-07-20 20:45:00;122.34
2025-07-20 21:00:00;124.09
2025-07-20 21:15:00;124.09
2025-07-20 21:30:00;124.09
2025-07-20 21:45:00;124.09
2025-07-20 22:00:00;120.01
2025-07-20 22:15:00;120.01
2025-07-20 22:30:00;120.01
2025-07-20 22:45:00;120.01
2025-07-20 23:00:00;106.70
2025-07-20 23:15:00;106.70
2025-07-20 23:30:00;106.70
2025-07-20 23:45:00;106.70
2025-07-21 00:00:00;91.37
2025-07-21 00:15:00;91.37
2025-07-21 00:30:00;91.37
2025-07-21 00:45:00;91.37
2025-07-21 01:00:00;84.81
2025-07-21 01:15:00;84.81
2025-07-21 01:30:00;84.81
2025-07-21 01:45:00;84.81
2025-07-21 02:00:00;79.60
2025-07-21 02:15:00;79.60
2025-07-21 02:30:00;79.60
2025-07-21 02:45:00;79.60
2025-07-21 03:00:00;77.10
2025-07-21 03:15:00;77.10
2025-07-21 03:30:00;77.10
2025-07-21 03:45:00;77.10
2025-07-21 04:00:00;67.43
2025-07-21 04:15:00;67.43
2025-07-21 04:30:00;67.43
2025-07-21 04:45:00;67.43
2025-07-21 05:00:00;67.29
2025-07-21 05:15:00;67.29
2025-07-21 05:30:00;67.29
2025-07-21 05:45:00;67.29
2025-07-21 06:00:00;62.07
2025-07-21 06:15:00;62.07
2025-07-21 06:30:00;62.07
2025-07-21 06:45:00;62.07
2025-07-21 07:00:00;65.65
2025-07-21 07:15:00;65.65
2025-07-21 07:30:00;65.65
2025-07-21 07:45:00;65.65
2025-07-21 08:00:00;60.29
2025-07-21 08:15:00;60.29
2025-07-21 08:30:00;60.29
2025-07-21 08:45:00;60.29
2025-07-21 09:00:00;41.49
2025-07-21 09:15:00;41.49
2025-07-21 09:30:00;41.49
2025-07-21 09:45:00;41.49
2025-07-21 10:00:00;19.78
2025-07-21 10:15:00;19.78
2025-07-21 10:30:00;19.78
2025-07-21 10:45:00;19.78
2025-07-21 11:00:00;21.78
2025-07-21 11:15:00;21.78
2025-07-21 11:30:00;21.78
2025-07-21 11:45:00;21.78
2025-07-21 12:00:00;62.10
2025-07-21 12:15:00;62.10
2025-07-21 12:30:00;62.10
2025-07-21 12:45:00;62.10
2025-07-21 13:00:00;69.01
2025-07-21 13:15:00;69.01
2025-07-21 13:30:00;69.01
2025-07-21 13:45:00;69.01
2025-07-21 14:00:00;47.29
2025-07-21 14:15:00;47.29
2025-07-21 14:30:00;47.29
2025-07-21 14:45:00;47.29
2025-07-21 15:00:00;47.56
2025-07-21 15:15:00;47.56
2025-07-21 15:30:00;47.56
2025-07-21 15:45:00;47.56
2025-07-21 16:00:00;44.90
2025-07-21 16:15:00;44.90
2025-07-21 16:30:00;44.90
2025-07-21 16:45:00;44.90
2025-07-21 17:00:00;54.78
2025-07-21 17:15:00;54.78
2025-07-21 17:30:00;54.78
2025-07-21 17:45:00;54.78
2025-07-21 18:00:00;69.00
2025-07-21 18:15:00;69.00
2025-07-21 18:30:00;69.00
2025-07-21 18:45:00;69.00
2025-07-21 19:00:00;119.69
2025-07-21 19:15:00;119.69
2025-07-21 19:30:00;119.69
2025-07-21 19:45:00;119.69
2025-07-21 20:00:00;129.21
2025-07-21 20:15:00;129.21
2025-07-21 20:30:00;129.21
2025-07-21 20:45:00;129.21
2025-07-21 21:00:00;122.00
2025-07-21 21:15:00;122.00
2025-07-21 21:30:00;122.00
2025-07-21 21:45:00;122.00
2025-07-21 22:00:00;99.80
2025-07-21 22:15:00;99.80
2025-07-21 22:30:00;99.80
2025-07-21 22:45:00;99.80
2025-07-21 23:00:00;84.65
2025-07-21 23:15:00;84.65
2025-07-21 23:30:00;84.65
2025-07-21 23:45:00;84.65
2025-07-22 00:00:00;94.47
2025-07-22 00:15:00;94.47
2025-07-22 00:30:00;94.47
2025-07-22 00:45:00;94.47
2025-07-22 01:00:00;82.34
2025-07-22 01:15:00;82.34
2025-07-22 01:30:00;82.34
2025-07-22 01:45:00;82.34
2025-07-22 02:00:00;80.00
2025-07-22 02:15:00;80.00
2025-07-22 02:30:00;80.00
2025-07-22 02:45:00;80.00
2025-07-22 03:00:00;74.22
2025-07-22 03:15:00;74.22
2025-07-22 03:30:00;74.22
2025-07-22 03:45:00;74.22
2025-07-22 04:00:00;71.99
2025-07-22 04:15:00;71.99
2025-07-22 04:30:00;71.99
2025-07-22 04:45:00;71.99
2025-07-22 05:00:00;75.00
2025-07-22 05:15:00;75.00
2025-07-22 05:30:00;75.00
2025-07-22 05:45:00;75.00
2025-07-22 06:00:00;91.87
2025-07-22 06:15:00;91.87
2025-07-22 06:30:00;91.87
2025-07-22 06:45:00;91.87
2025-07-22 07:00:00;86.91
2025-07-22 07:15:00;86.91
2025-07-22 07:30:00;86.91
2025-07-22 07:45:00;86.91
2025-07-22 08:00:00;105.20
2025-07-22 08:15:00;105.20
2025-07-22 08:30:00;105.20
2025-07-22 08:45:00;105.20
2025-07-22 09:00:00;87.56
2025-07-22 09:15:00;87.56
2025-07-22 09:30:00;87.56
2025-07-22 09:45:00;87.56
2025-07-22 10:00:00;76.71
2025-07-22 10:15:00;76.71
2025-07-22 10:30:00;76.71
2025-07-22 10:45:00;76.71
2025-07-22 11:00:00;60.03
2025-07-22 11:15:00;60.03
2025-07-22 11:30:00;60.03
2025-07-22 11:45:00;60.03
2025-07-22 12:00:00;37.62
2025-07-22 12:15:00;37.62
2025-07-22 12:30:00;37.62
2025-07-22 12:45:00;37.62
2025-07-22 13:00:00;11.49
2025-07-22 13:15:00;11.49
2025-07-22 13:30:00;11.49
2025-07-22 13:45:00;11.49
2025-07-22 14:00:00;1.01
2025-07-22 14:15:00;1.01
2025-07-22 14:30:00;1.01
2025-07-22 14:45:00;1.01
2025-07-22 15:00:00;4.69
2025-07-22 15:15:00;4.69
2025-07-22 15:30:00;4.69
2025-07-22 15:45:00;4.69
2025-07-22 16:00:00;35.06
2025-07-22 16:15:00;35.06
2025-07-22 16:30:00;35.06
2025-07-22 16:45:00;35.06
2025-07-22 17:00:00;63.35
2025-07-22 17:15:00;63.35
2025-07-22 17:30:00;63.35
2025-07-22 17:45:00;63.35
2025-07-22 18:00:00;77.52
2025-07-22 18:15:00;77.52
2025-07-22 18:30:00;77.52
2025-07-22 18:45:00;77.52
2025-07-22 19:00:00;98.70
2025-07-22 19:15:00;98.70
2025-07-22 19:30:00;98.70
2025-07-22 19:45:00;98.70
2025-07-22 20:00:00;113.37
2025-07-22 20:15:00;113.37
2025-07-22 20:30:00;113.37
2025-07-22 20:45:00;113.37
2025-07-22 21:00:00;113.64
2025-07-22 21:15:00;113.64
2025-07-22 21:30:00;113.64
2025-07-22 21:45:00;113.64
2025-07-22 22:00:00;108.77
2025-07-22 22:15:00;108.77
2025-07-22 22:30:00;108.77
2025-07-22 22:45:00;108.77
2025-07-22 23:00:00;103.27
2025-07-22 23:15:00;103.27
2025-07-22 23:30:00;103.27
2025-07-22 23:45:00;103.27
2025-07-23 00:00:00;88.65
2025-07-23 00:15:00;88.65
2025-07-23 00:30:00;88.65
2025-07-23 00:45:00;88.65
2025-07-23 01:00:00;81.11
2025-07-23 01:15:00;81.11
2025-07-23 01:30:00;81.11
2025-07-23 01:45:00;81.11
2025-07-23 02:00:00;79.43
2025-07-23 02:15:00;79.43
2025-07-23 02:30:00;79.43
2025-07-23 02:45:00;79.43
2025-07-23 03:00:00;77.17
2025-07-23 03:15:00;77.17
2025-07-23 03:30:00;77.17
2025-07-23 03:45:00;77.17
2025-07-23 04:00:00;78.36
2025-07-23 04:15:00;78.36
2025-07-23 04:30:00;78.36
2025-07-23 04:45:00;78.36
2025-07-23 05:00:00;80.00
2025-07-23 05:15:00;80.00
2025-07-23 05:30:00;80.00
2025-07-23 05:45:00;80.00
2025-07-23 06:00:00;91.78
2025-07-23 06:15:00;91.78
2025-07-23 06:30:00;91.78
2025-07-23 06:45:00;91.78
2025-07-23 07:00:00;100.05
2025-07-23 07:15:00;100.05
2025-07-23 07:30:00;100.05
2025-07-23 07:45:00;100.05
2025-07-23 08:00:00;96.50
2025-07-23 08:15:00;96.50
2025-07-23 08:30:00;96.50
2025-07-23 08:45:00;96.50
2025-07-23 09:00:00;83.88
2025-07-23 09:15:00;83.88
2025-07-23 09:30:00;83.88
2025-07-23 09:45:00;83.88
2025-07-23 10:00:00;79.74
2025-07-23 10:15:00;79.74
2025-07-23 10:30:00;79.74
2025-07-23 10:45:00;79.74
2025-07-23 11:00:00;73.07
2025-07-23 11:15:00;73.07
2025-07-23 11:30:00;73.07
2025-07-23 11:45:00;73.07
2025-07-23 12:00:00;70.36
2025-07-23 12:15:00;70.36
2025-07-23 12:30:00;70.36
2025-07-23 12:45:00;70.36
2025-07-23 13:00:00;51.89
2025-07-23 13:15:00;51.89
2025-07-23 13:30:00;51.89
2025-07-23 13:45:00;51.89
2025-07-23 14:00:00;46.78
2025-07-23 14:15:00;46.78
2025-07-23 14:30:00;46.78
2025-07-23 14:45:00;46.78
2025-07-23 15:00:00;50.57
2025-07-23 15:15:00;50.57
2025-07-23 15:30:00;50.57
2025-07-23 15:45:00;50.57
2025-07-23 16:00:00;69.56
2025-07-23 16:15:00;69.56
2025-07-23 16:30:00;69.56
2025-07-23 16:45:00;69.56
2025-07-23 17:00:00;80.07
2025-07-23 17:15:00;80.07
2025-07-23 17:30:00;80.07
2025-07-23 17:45:00;80.07
2025-07-23 18:00:00;88.78
2025-07-23 18:15:00;88.78
2025-07-23 18:30:00;88.78
2025-07-23 18:45:00;88.78
2025-07-23 19:00:00;104.60
2025-07-23 19:15:00;104.60
2025-07-23 19:30:00;104.60
2025-07-23 19:45:00;104.60
2025-07-23 20:00:00;111.60
2025-07-23 20:15:00;111.60
2025-07-23 20:30:00;111.60
2025-07-23 20:45:00;111.60
2025-07-23 21:00:00;117.86
2025-07-23 21:15:00;117.86
2025-07-23 21:30:00;117.86
2025-07-23 21:45:00;117.86
2025-07-23 22:00:00;110.10
2025-07-23 22:15:00;110.10
2025-07-23 22:30:00;110.10
2025-07-23 22:45:00;110.10
2025-07-23 23:00:00;101.48
2025-07-23 23:15:00;101.48
2025-07-23 23:30:00;101.48
2025-07-23 23:45:00;101.48
2025-07-24 00:00:00;96.69
2025-07-24 00:15:00;96.69
2025-07-24 00:30:00;96.69
2025-07-24 00:45:00;96.69
2025-07-24 01:00:00;89.90
2025-07-24 01:15:00;89.90
2025-07-24 01:30:00;89.90
2025-07-24 01:45:00;89.90
2025-07-24 02:00:00;84.69
2025-07-24 02:15:00;84.69
2025-07-24 02:30:00;84.69
2025-07-24 02:45:00;84.69
2025-07-24 03:00:00;79.10
2025-07-24 03:15:00;79.10
2025-07-24 03:30:00;79.10
2025-07-24 03:45:00;79.10
2025-07-24 04:00:00;86.72
2025-07-24 04:15:00;86.72
2025-07-24 04:30:00;86.72
2025-07-24 04:45:00;86.72
2025-07-24 05:00:00;90.47
2025-07-24 05:15:00;90.47
2025-07-24 05:30:00;90.47
2025-07-24 05:45:00;90.47
2025-07-24 06:00:00;97.34
2025-07-24 06:15:00;97.34
2025-07-24 06:30:00;97.34
2025-07-24 06:45:00;97.34
2025-07-24 07:00:00;96.95
2025-07-24 07:15:00;96.95
2025-07-24 07:30:00;96.95
2025-07-24 07:45:00;96.95
2025-07-24 08:00:00;102.58
2025-07-24 08:15:00;102.58
2025-07-24 08:30:00;102.58
2025-07-24 08:45:00;102.58
2025-07-24 09:00:00;95.00
2025-07-24 09:15:00;95.00
2025-07-24 09:30:00;95.00
2025-07-24 09:45:00;95.00
2025-07-24 10:00:00;85.00
2025-07-24 10:15:00;85.00
2025-07-24 10:30:00;85.00
2025-07-24 10:45:00;85.00
2025-07-24 11:00:00;80.13
2025-07-24 11:15:00;80.13
2025-07-24 11:30:00;80.13
2025-07-24 11:45:00;80.13
2025-07-24 12:00:00;79.66
2025-07-24 12:15:00;79.66
2025-07-24 12:30:00;79.66
2025-07-24 12:45:00;79.66
2025-07-24 13:00:00;70.16
2025-07-24 13:15:00;70.16
2025-07-24 13:30:00;70.16
2025-07-24 13:45:00;70.16
2025-07-24 14:00:00;70.17
2025-07-24 14:15:00;70.17
2025-07-24 14:30:00;70.17
2025-07-24 14:45:00;70.17
2025-07-24 15:00:00;74.22
2025-07-24 15:15:00;74.22
2025-07-24 15:30:00;74.22
2025-07-24 15:45:00;74.22
2025-07-24 16:00:00;78.26
2025-07-24 16:15:00;78.26
2025-07-24 16:30:00;78.26
2025-07-24 16:45:00;78.26
2025-07-24 17:00:00;87.77
2025-07-24 17:15:00;87.77
2025-07-24 17:30:00;87.77
2025-07-24 17:45:00;87.77
2025-07-24 18:00:00;88.97
2025-07-24 18:15:00;88.97
2025-07-24 18:30:00;88.97
2025-07-24 18:45:00;88.97
2025-07-24 19:00:00;103.65
2025-07-24 19:15:00;103.65
2025-07-24 19:30:00;103.65
2025-07-24 19:45:00;103.65
2025-07-24 20:00:00;116.93
2025-07-24 20:15:00;116.93
2025-07-24 20:30:00;116.93
2025-07-24 20:45:00;116.93
2025-07-24 21:00:00;112.83
2025-07-24 21:15:00;112.83
2025-07-24 21:30:00;112.83
2025-07-24 21:45:00;112.83
2025-07-24 22:00:00;113.20
2025-07-24 22:15:00;113.20
2025-07-24 22:30:00;113.20
2025-07-24 22:45:00;113.20
2025-07-24 23:00:00;105.30
2025-07-24 23:15:00;105.30
2025-07-24 23:30:00;105.30
2025-07-24 23:45:00;105.30
2025-07-25 00:00:00;98.74
2025-07-25 00:15:00;98.74
2025-07-25 00:30:00;98.74
2025-07-25 00:45:00;98.74
2025-07-25 01:00:00;102.17
2025-07-25 01:15:00;102.17
2025-07-25 01:30:00;102.17
2025-07-25 01:45:00;102.17
2025-07-25 02:00:00;92.96
2025-07-25 02:15:00;92.96
2025-07-25 02:30:00;92.96
2025-07-25 02:45:00;92.96
2025-07-25 03:00:00;85.23
2025-07-25 03:15:00;85.23
2025-07-25 03:30:00;85.23
2025-07-25 03:45:00;85.23
2025-07-25 04:00:00;86.90
2025-07-25 04:15:00;86.90
2025-07-25 04:30:00;86.90
2025-07-25 04:45:00;86.90
2025-07-25 05:00:00;90.53
2025-07-25 05:15:00;90.53
2025-07-25 05:30:00;90.53
2025-07-25 05:45:00;90.53
2025-07-25 06:00:00;91.60
2025-07-25 06:15:00;91.60
2025-07-25 06:30:00;91.60
2025-07-25 06:45:00;91.60
2025-07-25 07:00:00;95.56
2025-07-25 07:15:00;95.56
2025-07-25 07:30:00;95.56
2025-07-25 07:45:00;95.56
2025-07-25 08:00:00;109.67
2025-07-25 08:15:00;109.67
2025-07-25 08:30:00;109.67
2025-07-25 08:45:00;109.67
2025-07-25 09:00:00;95.66
2025-07-25 09:15:00;95.66
2025-07-25 09:30:00;95.66
2025-07-25 09:45:00;95.66
2025-07-25 10:00:00;87.20
2025-07-25 10:15:00;87.20
2025-07-25 10:30:00;87.20
2025-07-25 10:45:00;87.20
2025-07-25 11:00:00;82.91
2025-07-25 11:15:00;82.91
2025-07-25 11:30:00;82.91
2025-07-25 11:45:00;82.91
2025-07-25 12:00:00;80.43
2025-07-25 12:15:00;80.43
2025-07-25 12:30:00;80.43
2025-07-25 12:45:00;80.43
2025-07-25 13:00:00;69.40
2025-07-25 13:15:00;69.40
2025-07-25 13:30:00;69.40
2025-07-25 13:45:00;69.40
2025-07-25 14:00:00;63.43
2025-07-25 14:15:00;63.43
2025-07-25 14:30:00;63.43
2025-07-25 14:45:00;63.43
2025-07-25 15:00:00;70.98
2025-07-25 15:15:00;70.98
2025-07-25 15:30:00;70.98
2025-07-25 15:45:00;70.98
2025-07-25 16:00:00;73.70
2025-07-25 16:15:00;73.70
2025-07-25 16:30:00;73.70
2025-07-25 16:45:00;73.70
2025-07-25 17:00:00;78.59
2025-07-25 17:15:00;78.59
2025-07-25 17:30:00;78.59
2025-07-25 17:45:00;78.59
2025-07-25 18:00:00;85.99
2025-07-25 18:15:00;85.99
2025-07-25 18:30:00;85.99
2025-07-25 18:45:00;85.99
2025-07-25 19:00:00;96.11
2025-07-25 19:15:00;96.11
2025-07-25 19:30:00;96.11
2025-07-25 19:45:00;96.11
2025-07-25 20:00:00;114.20
2025-07-25 20:15:00;114.20
2025-07-25 20:30:00;114.20
2025-07-25 20:45:00;114.20
2025-07-25 21:00:00;111.13
2025-07-25 21:15:00;111.13
2025-07-25 21:30:00;111.13
2025-07-25 21:45:00;111.13
2025-07-25 22:00:00;113.32
2025-07-25 22:15:00;113.32
2025-07-25 22:30:00;113.32
2025-07-25 22:45:00;113.32
2025-07-25 23:00:00;100.00
2025-07-25 23:15:00;100.00
2025-07-25 23:30:00;100.00
2025-07-25 23:45:00;100.00
2025-07-26 00:00:00;108.38
2025-07-26 00:15:00;108.38
2025-07-26 00:30:00;108.38
2025-07-26 00:45:00;108.38
2025-07-26 01:00:00;98.37
2025-07-26 01:15:00;98.37
2025-07-26 01:30:00;98.37
2025-07-26 01:45:00;98.37
2025-07-26 02:00:00;90.66
2025-07-26 02:15:00;90.66
2025-07-26 02:30:00;90.66
2025-07-26 02:45:00;90.66
2025-07-26 03:00:00;87.77
2025-07-26 03:15:00;87.77
2025-07-26 03:30:00;87.77
2025-07-26 03:45:00;87.77
2025-07-26 04:00:00;85.27
2025-07-26 04:15:00;85.27
2025-07-26 04:30:00;85.27
2025-07-26 04:45:00;85.27
2025-07-26 05:00:00;85.11
2025-07-26 05:15:00;85.11
2025-07-26 05:30:00;85.11
2025-07-26 05:45:00;85.11
2025-07-26 06:00:00;88.26
2025-07-26 06:15:00;88.26
2025-07-26 06:30:00;88.26
2025-07-26 06:45:00;88.26
2025-07-26 07:00:00;86.87
2025-07-26 07:15:00;86.87
2025-07-26 07:30:00;86.87
2025-07-26 07:45:00;86.87
2025-07-26 08:00:00;82.66
2025-07-26 08:15:00;82.66
2025-07-26 08:30:00;82.66
2025-07-26 08:45:00;82.66
2025-07-26 09:00:00;73.87
2025-07-26 09:15:00;73.87
2025-07-26 09:30:00;73.87
2025-07-26 09:45:00;73.87
2025-07-26 10:00:00;65.63
2025-07-26 10:15:00;65.63
2025-07-26 10:30:00;65.63
2025-07-26 10:45:00;65.63
2025-07-26 11:00:00;61.33
2025-07-26 11:15:00;61.33
2025-07-26 11:30:00;61.33
2025-07-26 11:45:00;61.33
2025-07-26 12:00:00;55.53
2025-07-26 12:15:00;55.53
2025-07-26 12:30:00;55.53
2025-07-26 12:45:00;55.53
2025-07-26 13:00:00;42.04
2025-07-26 13:15:00;42.04
2025-07-26 13:30:00;42.04
2025-07-26 13:45:00;42.04
2025-07-26 14:00:00;40.86
2025-07-26 14:15:00;40.86
2025-07-26 14:30:00;40.86
2025-07-26 14:45:00;40.86
2025-07-26 15:00:00;54.45
2025-07-26 15:15:00;54.45
2025-07-26 15:30:00;54.45
2025-07-26 15:45:00;54.45
2025-07-26 16:00:00;59.43
2025-07-26 16:15:00;59.43
2025-07-26 16:30:00;59.43
2025-07-26 16:45:00;59.43
2025-07-26 17:00:00;69.58
2025-07-26 17:15:00;69.58
2025-07-26 17:30:00;69.58
2025-07-26 17:45:00;69.58
2025-07-26 18:00:00;82.12
2025-07-26 18:15:00;82.12
2025-07-26 18:30:00;82.12
2025-07-26 18:45:00;82.12
2025-07-26 19:00:00;97.21
2025-07-26 19:15:00;97.21
2025-07-26 19:30:00;97.21
2025-07-26 19:45:00;97.21
2025-07-26 20:00:00;101.59
2025-07-26 20:15:00;101.59
2025-07-26 20:30:00;101.59
2025-07-26 20:45:00;101.59
2025-07-26 21:00:00;116.72
2025-07-26 21:15:00;116.72
2025-07-26 21:30:00;116.72
2025-07-26 21:45:00;116.72
2025-07-26 22:00:00;118.36
2025-07-26 22:15:00;118.36
2025-07-26 22:30:00;118.36
2025-07-26 22:45:00;118.36
2025-07-26 23:00:00;106.20
2025-07-26 23:15:00;106.20
2025-07-26 23:30:00;106.20
2025-07-26 23:45:00;106.20
2025-07-27 00:00:00;106.04
2025-07-27 00:15:00;106.04
2025-07-27 00:30:00;106.04
2025-07-27 00:45:00;106.04
2025-07-27 01:00:00;92.44
2025-07-27 01:15:00;92.44
2025-07-27 01:30:00;92.44
2025-07-27 01:45:00;92.44
2025-07-27 02:00:00;95.01
2025-07-27 02:15:00;95.01
2025-07-27 02:30:00;95.01
2025-07-27 02:45:00;95.01
2025-07-27 03:00:00;77.73
2025-07-27 03:15:00;77.73
2025-07-27 03:30:00;77.73
2025-07-27 03:45:00;77.73
2025-07-27 04:00:00;74.50
2025-07-27 04:15:00;74.50
2025-07-27 04:30:00;74.50
2025-07-27 04:45:00;74.50
2025-07-27 05:00:00;75.00
2025-07-27 05:15:00;75.00
2025-07-27 05:30:00;75.00
2025-07-27 05:45:00;75.00
2025-07-27 06:00:00;77.51
2025-07-27 06:15:00;77.51
2025-07-27 06:30:00;77.51
2025-07-27 06:45:00;77.51
2025-07-27 07:00:00;77.03
2025-07-27 07:15:00;77.03
2025-07-27 07:30:00;77.03
2025-07-27 07:45:00;77.03
2025-07-27 08:00:00;83.76
2025-07-27 08:15:00;83.76
2025-07-27 08:30:00;83.76
2025-07-27 08:45:00;83.76
2025-07-27 09:00:00;81.45
2025-07-27 09:15:00;81.45
2025-07-27 09:30:00;81.45
2025-07-27 09:45:00;81.45
2025-07-27 10:00:00;69.05
2025-07-27 10:15:00;69.05
2025-07-27 10:30:00;69.05
2025-07-27 10:45:00;69.05
2025-07-27 11:00:00;66.35
2025-07-27 11:15:00;66.35
2025-07-27 11:30:00;66.35
2025-07-27 11:45:00;66.35
2025-07-27 12:00:00;44.32
2025-07-27 12:15:00;44.32
2025-07-27 12:30:00;44.32
2025-07-27 12:45:00;44.32
2025-07-27 13:00:00;15.04
2025-07-27 13:15:00;15.04
2025-07-27 13:30:00;15.04
2025-07-27 13:45:00;15.04
2025-07-27 14:00:00;8.85
2025-07-27 14:15:00;8.85
2025-07-27 14:30:00;8.85
2025-07-27 14:45:00;8.85
2025-07-27 15:00:00;16.08
2025-07-27 15:15:00;16.08
2025-07-27 15:30:00;16.08
2025-07-27 15:45:00;16.08
2025-07-27 16:00:00;42.60
2025-07-27 16:15:00;42.60
2025-07-27 16:30:00;42.60
2025-07-27 16:45:00;42.60
2025-07-27 17:00:00;63.38
2025-07-27 17:15:00;63.38
2025-07-27 17:30:00;63.38
2025-07-27 17:45:00;63.38
2025-07-27 18:00:00;58.00
2025-07-27 18:15:00;58.00
2025-07-27 18:30:00;58.00
2025-07-27 18:45:00;58.00
2025-07-27 19:00:00;97.29
2025-07-27 19:15:00;97.29
2025-07-27 19:30:00;97.29
2025-07-27 19:45:00;97.29
2025-07-27 20:00:00;109.48
2025-07-27 20:15:00;109.48
2025-07-27 20:30:00;109.48
2025-07-27 20:45:00;109.48
2025-07-27 21:00:00;98.70
2025-07-27 21:15:00;98.70
2025-07-27 21:30:00;98.70
2025-07-27 21:45:00;98.70
2025-07-27 22:00:00;101.34
2025-07-27 22:15:00;101.34
2025-07-27 22:30:00;101.34
2025-07-27 22:45:00;101.34
2025-07-27 23:00:00;95.22
2025-07-27 23:15:00;95.22
2025-07-27 23:30:00;95.22
2025-07-27 23:45:00;95.22
2025-07-28 00:00:00;89.10
2025-07-28 00:15:00;89.10
2025-07-28 00:30:00;89.10
2025-07-28 00:45:00;89.10
2025-07-28 01:00:00;79.24
2025-07-28 01:15:00;79.24
2025-07-28 01:30:00;79.24
2025-07-28 01:45:00;79.24
2025-07-28 02:00:00;77.00
2025-07-28 02:15:00;77.00
2025-07-28 02:30:00;77.00
2025-07-28 02:45:00;77.00
2025-07-28 03:00:00;74.07
2025-07-28 03:15:00;74.07
2025-07-28 03:30:00;74.07
2025-07-28 03:45:00;74.07
2025-07-28 04:00:00;73.47
2025-07-28 04:15:00;73.47
2025-07-28 04:30:00;73.47
2025-07-28 04:45:00;73.47
2025-07-28 05:00:00;62.88
2025-07-28 05:15:00;62.88
2025-07-28 05:30:00;62.88
2025-07-28 05:45:00;62.88
2025-07-28 06:00:00;75.00
2025-07-28 06:15:00;75.00
2025-07-28 06:30:00;75.00
2025-07-28 06:45:00;75.00
2025-07-28 07:00:00;115.00
2025-07-28 07:15:00;115.00
2025-07-28 07:30:00;115.00
2025-07-28 07:45:00;115.00
2025-07-28 08:00:00;95.93
2025-07-28 08:15:00;95.93
2025-07-28 08:30:00;95.93
2025-07-28 08:45:00;95.93
2025-07-28 09:00:00;83.27
2025-07-28 09:15:00;83.27
2025-07-28 09:30:00;83.27
2025-07-28 09:45:00;83.27
2025-07-28 10:00:00;75.08
2025-07-28 10:15:00;75.08
2025-07-28 10:30:00;75.08
2025-07-28 10:45:00;75.08
2025-07-28 11:00:00;71.09
2025-07-28 11:15:00;71.09
2025-07-28 11:30:00;71.09
2025-07-28 11:45:00;71.09
2025-07-28 12:00:00;64.38
2025-07-28 12:15:00;64.38
2025-07-28 12:30:00;64.38
2025-07-28 12:45:00;64.38
2025-07-28 13:00:00;60.58
2025-07-28 13:15:00;60.58
2025-07-28 13:30:00;60.58
2025-07-28 13:45:00;60.58
2025-07-28 14:00:00;51.16
2025-07-28 14:15:00;51.16
2025-07-28 14:30:00;51.16
2025-07-28 14:45:00;51.16
2025-07-28 15:00:00;54.95
2025-07-28 15:15:00;54.95
2025-07-28 15:30:00;54.95
2025-07-28 15:45:00;54.95
2025-07-28 16:00:00;58.39
2025-07-28 16:15:00;58.39
2025-07-28 16:30:00;58.39
2025-07-28 16:45:00;58.39
2025-07-28 17:00:00;68.80
2025-07-28 17:15:00;68.80
2025-07-28 17:30:00;68.80
2025-07-28 17:45:00;68.80
2025-07-28 18:00:00;82.00
2025-07-28 18:15:00;82.00
2025-07-28 18:30:00;82.00
2025-07-28 18:45:00;82.00
2025-07-28 19:00:00;97.42
2025-07-28 19:15:00;97.42
2025-07-28 19:30:00;97.42
2025-07-28 19:45:00;97.42
2025-07-28 20:00:00;115.61
2025-07-28 20:15:00;115.61
2025-07-28 20:30:00;115.61
2025-07-28 20:45:00;115.61
2025-07-28 21:00:00;116.53
2025-07-28 21:15:00;116.53
2025-07-28 21:30:00;116.53
2025-07-28 21:45:00;116.53
2025-07-28 22:00:00;106.12
2025-07-28 22:15:00;106.12
2025-07-28 22:30:00;106.12
2025-07-28 22:45:00;106.12
2025-07-28 23:00:00;88.39
2025-07-28 23:15:00;88.39
2025-07-28 23:30:00;88.39
2025-07-28 23:45:00;88.39
2025-07-29 00:00:00;83.19
2025-07-29 00:15:00;83.19
2025-07-29 00:30:00;83.19
2025-07-29 00:45:00;83.19
2025-07-29 01:00:00;77.95
2025-07-29 01:15:00;77.95
2025-07-29 01:30:00;77.95
2025-07-29 01:45:00;77.95
2025-07-29 02:00:00;76.92
2025-07-29 02:15:00;76.92
2025-07-29 02:30:00;76.92
2025-07-29 02:45:00;76.92
2025-07-29 03:00:00;75.36
2025-07-29 03:15:00;75.36
2025-07-29 03:30:00;75.36
2025-07-29 03:45:00;75.36
2025-07-29 04:00:00;75.72
2025-07-29 04:15:00;75.72
2025-07-29 04:30:00;75.72
2025-07-29 04:45:00;75.72
2025-07-29 05:00:00;85.17
2025-07-29 05:15:00;85.17
2025-07-29 05:30:00;85.17
2025-07-29 05:45:00;85.17
2025-07-29 06:00:00;96.88
2025-07-29 06:15:00;96.88
2025-07-29 06:30:00;96.88
2025-07-29 06:45:00;96.88
2025-07-29 07:00:00;105.82
2025-07-29 07:15:00;105.82
2025-07-29 07:30:00;105.82
2025-07-29 07:45:00;105.82
2025-07-29 08:00:00;99.02
2025-07-29 08:15:00;99.02
2025-07-29 08:30:00;99.02
2025-07-29 08:45:00;99.02
2025-07-29 09:00:00;74.13
2025-07-29 09:15:00;74.13
2025-07-29 09:30:00;74.13
2025-07-29 09:45:00;74.13
2025-07-29 10:00:00;58.67
2025-07-29 10:15:00;58.67
2025-07-29 10:30:00;58.67
2025-07-29 10:45:00;58.67
2025-07-29 11:00:00;48.98
2025-07-29 11:15:00;48.98
2025-07-29 11:30:00;48.98
2025-07-29 11:45:00;48.98
2025-07-29 12:00:00;25.77
2025-07-29 12:15:00;25.77
2025-07-29 12:30:00;25.77
2025-07-29 12:45:00;25.77
2025-07-29 13:00:00;4.60
2025-07-29 13:15:00;4.60
2025-07-29 13:30:00;4.60
2025-07-29 13:45:00;4.60
2025-07-29 14:00:00;2.03
2025-07-29 14:15:00;2.03
2025-07-29 14:30:00;2.03
2025-07-29 14:45:00;2.03
2025-07-29 15:00:00;7.09
2025-07-29 15:15:00;7.09
2025-07-29 15:30:00;7.09
2025-07-29 15:45:00;7.09
2025-07-29 16:00:00;41.37
2025-07-29 16:15:00;41.37
2025-07-29 16:30:00;41.37
2025-07-29 16:45:00;41.37
2025-07-29 17:00:00;74.83
2025-07-29 17:15:00;74.83
2025-07-29 17:30:00;74.83
2025-07-29 17:45:00;74.83
2025-07-29 18:00:00;88.85
2025-07-29 18:15:00;88.85
2025-07-29 18:30:00;88.85
2025-07-29 18:45:00;88.85
2025-07-29 19:00:00;108.04
2025-07-29 19:15:00;108.04
2025-07-29 19:30:00;108.04
2025-07-29 19:45:00;108.04
2025-07-29 20:00:00;129.21
2025-07-29 20:15:00;129.21
2025-07-29 20:30:00;129.21
2025-07-29 20:45:00;129.21
2025-07-29 21:00:00;127.43
2025-07-29 21:15:00;127.43
2025-07-29 21:30:00;127.43
2025-07-29 21:45:00;127.43
2025-07-29 22:00:00;112.34
2025-07-29 22:15:00;112.34
2025-07-29 22:30:00;112.34
2025-07-29 22:45:00;112.34
2025-07-29 23:00:00;103.00
2025-07-29 23:15:00;103.00
2025-07-29 23:30:00;103.00
2025-07-29 23:45:00;103.00
2025-07-30 00:00:00;89.99
2025-07-30 00:15:00;89.99
2025-07-30 00:30:00;89.99
2025-07-30 00:45:00;89.99
2025-07-30 01:00:00;86.01
2025-07-30 01:15:00;86.01
2025-07-30 01:30:00;86.01
2025-07-30 01:45:00;86.01
2025-07-30 02:00:00;83.56
2025-07-30 02:15:00;83.56
2025-07-30 02:30:00;83.56
2025-07-30 02:45:00;83.56
2025-07-30 03:00:00;71.99
2025-07-30 03:15:00;71.99
2025-07-30 03:30:00;71.99
2025-07-30 03:45:00;71.99
2025-07-30 04:00:00;71.70
2025-07-30 04:15:00;71.70
2025-07-30 04:30:00;71.70
2025-07-30 04:45:00;71.70
2025-07-30 05:00:00;80.55
2025-07-30 05:15:00;80.55
2025-07-30 05:30:00;80.55
2025-07-30 05:45:00;80.55
2025-07-30 06:00:00;93.50
2025-07-30 06:15:00;93.50
2025-07-30 06:30:00;93.50
2025-07-30 06:45:00;93.50
2025-07-30 07:00:00;92.93
2025-07-30 07:15:00;92.93
2025-07-30 07:30:00;92.93
2025-07-30 07:45:00;92.93
2025-07-30 08:00:00;95.45
2025-07-30 08:15:00;95.45
2025-07-30 08:30:00;95.45
2025-07-30 08:45:00;95.45
2025-07-30 09:00:00;80.10
2025-07-30 09:15:00;80.10
2025-07-30 09:30:00;80.10
2025-07-30 09:45:00;80.10
2025-07-30 10:00:00;62.20
2025-07-30 10:15:00;62.20
2025-07-30 10:30:00;62.20
2025-07-30 10:45:00;62.20
2025-07-30 11:00:00;40.35
2025-07-30 11:15:00;40.35
2025-07-30 11:30:00;40.35
2025-07-30 11:45:00;40.35
2025-07-30 12:00:00;24.79
2025-07-30 12:15:00;24.79
2025-07-30 12:30:00;24.79
2025-07-30 12:45:00;24.79
2025-07-30 13:00:00;17.69
2025-07-30 13:15:00;17.69
2025-07-30 13:30:00;17.69
2025-07-30 13:45:00;17.69
2025-07-30 14:00:00;10.70
2025-07-30 14:15:00;10.70
2025-07-30 14:30:00;10.70
2025-07-30 14:45:00;10.70
2025-07-30 15:00:00;26.97
2025-07-30 15:15:00;26.97
2025-07-30 15:30:00;26.97
2025-07-30 15:45:00;26.97
2025-07-30 16:00:00;38.93
2025-07-30 16:15:00;38.93
2025-07-30 16:30:00;38.93
2025-07-30 16:45:00;38.93
2025-07-30 17:00:00;64.03
2025-07-30 17:15:00;64.03
2025-07-30 17:30:00;64.03
2025-07-30 17:45:00;64.03
2025-07-30 18:00:00;80.03
2025-07-30 18:15:00;80.03
2025-07-30 18:30:00;80.03
2025-07-30 18:45:00;80.03
2025-07-30 19:00:00;102.71
2025-07-30 19:15:00;102.71
2025-07-30 19:30:00;102.71
2025-07-30 19:45:00;102.71
2025-07-30 20:00:00;112.97
2025-07-30 20:15:00;112.97
2025-07-30 20:30:00;112.97
2025-07-30 20:45:00;112.97
2025-07-30 21:00:00;110.45
2025-07-30 21:15:00;110.45
2025-07-30 21:30:00;110.45
2025-07-30 21:45:00;110.45
2025-07-30 22:00:00;104.20
2025-07-30 22:15:00;104.20
2025-07-30 22:30:00;104.20
2025-07-30 22:45:00;104.20
2025-07-30 23:00:00;93.02
2025-07-30 23:15:00;93.02
2025-07-30 23:30:00;93.02
2025-07-30 23:45:00;93.02
2025-07-31 00:00:00;89.60
2025-07-31 00:15:00;89.60
2025-07-31 00:30:00;89.60
2025-07-31 00:45:00;89.60
2025-07-31 01:00:00;83.19
2025-07-31 01:15:00;83.19
2025-07-31 01:30:00;83.19
2025-07-31 01:45:00;83.19
2025-07-31 02:00:00;79.35
2025-07-31 02:15:00;79.35
2025-07-31 02:30:00;79.35
2025-07-31 02:45:00;79.35
2025-07-31 03:00:00;78.10
2025-07-31 03:15:00;78.10
2025-07-31 03:30:00;78.10
2025-07-31 03:45:00;78.10
2025-07-31 04:00:00;77.20
2025-07-31 04:15:00;77.20
2025-07-31 04:30:00;77.20
2025-07-31 04:45:00;77.20
2025-07-31 05:00:00;81.46
2025-07-31 05:15:00;81.46
2025-07-31 05:30:00;81.46
2025-07-31 05:45:00;81.46
2025-07-31 06:00:00;99.46
2025-07-31 06:15:00;99.46
2025-07-31 06:30:00;99.46
2025-07-31 06:45:00;99.46
2025-07-31 07:00:00;100.51
2025-07-31 07:15:00;100.51
2025-07-31 07:30:00;100.51
2025-07-31 07:45:00;100.51
2025-07-31 08:00:00;94.11
2025-07-31 08:15:00;94.11
2025-07-31 08:30:00;94.11
2025-07-31 08:45:00;94.11
2025-07-31 09:00:00;90.89
2025-07-31 09:15:00;90.89
2025-07-31 09:30:00;90.89
2025-07-31 09:45:00;90.89
2025-07-31 10:00:00;68.94
2025-07-31 10:15:00;68.94
2025-07-31 10:30:00;68.94
2025-07-31 10:45:00;68.94
2025-07-31 11:00:00;63.84
2025-07-31 11:15:00;63.84
2025-07-31 11:30:00;63.84
2025-07-31 11:45:00;63.84
2025-07-31 12:00:00;56.80
2025-07-31 12:15:00;56.80
2025-07-31 12:30:00;56.80
2025-07-31 12:45:00;56.80
2025-07-31 13:00:00;41.30
2025-07-31 13:15:00;41.30
2025-07-31 13:30:00;41.30
2025-07-31 13:45:00;41.30
2025-07-31 14:00:00;32.39
2025-07-31 14:15:00;32.39
2025-07-31 14:30:00;32.39
2025-07-31 14:45:00;32.39
2025-07-31 15:00:00;47.89
2025-07-31 15:15:00;47.89
2025-07-31 15:30:00;47.89
2025-07-31 15:45:00;47.89
2025-07-31 16:00:00;66.75
2025-07-31 16:15:00;66.75
2025-07-31 16:30:00;66.75
2025-07-31 16:45:00;66.75
2025-07-31 17:00:00;82.34
2025-07-31 17:15:00;82.34
2025-07-31 17:30:00;82.34
2025-07-31 17:45:00;82.34
2025-07-31 18:00:00;94.93
2025-07-31 18:15:00;94.93
2025-07-31 18:30:00;94.93
2025-07-31 18:45:00;94.93
2025-07-31 19:00:00;114.00
2025-07-31 19:15:00;114.00
2025-07-31 19:30:00;114.00
2025-07-31 19:45:00;114.00
2025-07-31 20:00:00;130.10
2025-07-31 20:15:00;130.10
2025-07-31 20:30:00;130.10
2025-07-31 20:45:00;130.10
2025-07-31 21:00:00;125.71
2025-07-31 21:15:00;125.71
2025-07-31 21:30:00;125.71
2025-07-31 21:45:00;125.71
2025-07-31 22:00:00;114.39
2025-07-31 22:15:00;114.39
2025-07-31 22:30:00;114.39
2025-07-31 22:45:00;114.39
2025-07-31 23:00:00;103.00
2025-07-31 23:15:00;103.00
2025-07-31 23:30:00;103.00
2025-07-31 23:45:00;103.00
2025-08-01 00:00:00;104.85
2025-08-01 00:15:00;104.85
2025-08-01 00:30:00;104.85
2025-08-01 00:45:00;104.85
2025-08-01 01:00:00;97.06
2025-08-01 01:15:00;97.06
2025-08-01 01:30:00;97.06
2025-08-01 01:45:00;97.06
2025-08-01 02:00:00;89.08
2025-08-01 02:15:00;89.08
2025-08-01 02:30:00;89.08
2025-08-01 02:45:00;89.08
2025-08-01 03:00:00;84.66
2025-08-01 03:15:00;84.66
2025-08-01 03:30:00;84.66
2025-08-01 03:45:00;84.66
2025-08-01 04:00:00;76.59
2025-08-01 04:15:00;76.59
2025-08-01 04:30:00;76.59
2025-08-01 04:45:00;76.59
2025-08-01 05:00:00;84.86
2025-08-01 05:15:00;84.86
2025-08-01 05:30:00;84.86
2025-08-01 05:45:00;84.86
2025-08-01 06:00:00;92.96
2025-08-01 06:15:00;92.96
2025-08-01 06:30:00;92.96
2025-08-01 06:45:00;92.96
2025-08-01 07:00:00;104.42
2025-08-01 07:15:00;104.42
2025-08-01 07:30:00;104.42
2025-08-01 07:45:00;104.42
2025-08-01 08:00:00;106.64
2025-08-01 08:15:00;106.64
2025-08-01 08:30:00;106.64
2025-08-01 08:45:00;106.64
2025-08-01 09:00:00;92.80
2025-08-01 09:15:00;92.80
2025-08-01 09:30:00;92.80
2025-08-01 09:45:00;92.80
2025-08-01 10:00:00;95.40
2025-08-01 10:15:00;95.40
2025-08-01 10:30:00;95.40
2025-08-01 10:45:00;95.40
2025-08-01 11:00:00;81.53
2025-08-01 11:15:00;81.53
2025-08-01 11:30:00;81.53
2025-08-01 11:45:00;81.53
2025-08-01 12:00:00;64.84
2025-08-01 12:15:00;64.84
2025-08-01 12:30:00;64.84
2025-08-01 12:45:00;64.84
2025-08-01 13:00:00;51.79
2025-08-01 13:15:00;51.79
2025-08-01 13:30:00;51.79
2025-08-01 13:45:00;51.79
2025-08-01 14:00:00;41.29
2025-08-01 14:15:00;41.29
2025-08-01 14:30:00;41.29
2025-08-01 14:45:00;41.29
2025-08-01 15:00:00;39.59
2025-08-01 15:15:00;39.59
2025-08-01 15:30:00;39.59
2025-08-01 15:45:00;39.59
2025-08-01 16:00:00;55.84
2025-08-01 16:15:00;55.84
2025-08-01 16:30:00;55.84
2025-08-01 16:45:00;55.84
2025-08-01 17:00:00;56.13
2025-08-01 17:15:00;56.13
2025-08-01 17:30:00;56.13
2025-08-01 17:45:00;56.13
2025-08-01 18:00:00;81.50
2025-08-01 18:15:00;81.50
2025-08-01 18:30:00;81.50
2025-08-01 18:45:00;81.50
2025-08-01 19:00:00;95.31
2025-08-01 19:15:00;95.31
2025-08-01 19:30:00;95.31
2025-08-01 19:45:00;95.31
2025-08-01 20:00:00;104.72
2025-08-01 20:15:00;104.72
2025-08-01 20:30:00;104.72
2025-08-01 20:45:00;104.72
2025-08-01 21:00:00;112.35
2025-08-01 21:15:00;112.35
2025-08-01 21:30:00;112.35
2025-08-01 21:45:00;112.35
2025-08-01 22:00:00;107.58
2025-08-01 22:15:00;107.58
2025-08-01 22:30:00;107.58
2025-08-01 22:45:00;107.58
2025-08-01 23:00:00;100.11
2025-08-01 23:15:00;100.11
2025-08-01 23:30:00;100.11
2025-08-01 23:45:00;100.11
2025-08-02 00:00:00;100.77
2025-08-02 00:15:00;100.77
2025-08-02 00:30:00;100.77
2025-08-02 00:45:00;100.77
2025-08-02 01:00:00;87.46
2025-08-02 01:15:00;87.46
2025-08-02 01:30:00;87.46
2025-08-02 01:45:00;87.46
2025-08-02 02:00:00;81.55
2025-08-02 02:15:00;81.55
2025-08-02 02:30:00;81.55
2025-08-02 02:45:00;81.55
2025-08-02 03:00:00;72.28
2025-08-02 03:15:00;72.28
2025-08-02 03:30:00;72.28
2025-08-02 03:45:00;72.28
2025-08-02 04:00:00;69.35
2025-08-02 04:15:00;69.35
2025-08-02 04:30:00;69.35
2025-08-02 04:45:00;69.35
2025-08-02 05:00:00;69.81
2025-08-02 05:15:00;69.81
2025-08-02 05:30:00;69.81
2025-08-02 05:45:00;69.81
2025-08-02 06:00:00;71.27
2025-08-02 06:15:00;71.27
2025-08-02 06:30:00;71.27
2025-08-02 06:45:00;71.27
2025-08-02 07:00:00;68.06
2025-08-02 07:15:00;68.06
2025-08-02 07:30:00;68.06
2025-08-02 07:45:00;68.06
2025-08-02 08:00:00;59.00
2025-08-02 08:15:00;59.00
2025-08-02 08:30:00;59.00
2025-08-02 08:45:00;59.00
2025-08-02 09:00:00;49.82
2025-08-02 09:15:00;49.82
2025-08-02 09:30:00;49.82
2025-08-02 09:45:00;49.82
2025-08-02 10:00:00;27.22
2025-08-02 10:15:00;27.22
2025-08-02 10:30:00;27.22
2025-08-02 10:45:00;27.22
2025-08-02 11:00:00;5.68
2025-08-02 11:15:00;5.68
2025-08-02 11:30:00;5.68
2025-08-02 11:45:00;5.68
2025-08-02 12:00:00;2.95
2025-08-02 12:15:00;2.95
2025-08-02 12:30:00;2.95
2025-08-02 12:45:00;2.95
2025-08-02 13:00:00;0.00
2025-08-02 13:15:00;0.00
2025-08-02 13:30:00;0.00
2025-08-02 13:45:00;0.00
2025-08-02 14:00:00;0.00
2025-08-02 14:15:00;0.00
2025-08-02 14:30:00;0.00
2025-08-02 14:45:00;0.00
2025-08-02 15:00:00;0.00
2025-08-02 15:15:00;0.00
2025-08-02 15:30:00;0.00
2025-08-02 15:45:00;0.00
2025-08-02 16:00:00;3.89
2025-08-02 16:15:00;3.89
2025-08-02 16:30:00;3.89
2025-08-02 16:45:00;3.89
2025-08-02 17:00:00;46.95
2025-08-02 17:15:00;46.95
2025-08-02 17:30:00;46.95
2025-08-02 17:45:00;46.95
2025-08-02 18:00:00;76.41
2025-08-02 18:15:00;76.41
2025-08-02 18:30:00;76.41
2025-08-02 18:45:00;76.41
2025-08-02 19:00:00;105.97
2025-08-02 19:15:00;105.97
2025-08-02 19:30:00;105.97
2025-08-02 19:45:00;105.97
2025-08-02 20:00:00;113.35
2025-08-02 20:15:00;113.35
2025-08-02 20:30:00;113.35
2025-08-02 20:45:00;113.35
2025-08-02 21:00:00;109.27
2025-08-02 21:15:00;109.27
2025-08-02 21:30:00;109.27
2025-08-02 21:45:00;109.27
2025-08-02 22:00:00;104.83
2025-08-02 22:15:00;104.83
2025-08-02 22:30:00;104.83
2025-08-02 22:45:00;104.83
2025-08-02 23:00:00;96.42
2025-08-02 23:15:00;96.42
2025-08-02 23:30:00;96.42
2025-08-02 23:45:00;96.42
2025-08-03 00:00:00;85.51
2025-08-03 00:15:00;85.51
2025-08-03 00:30:00;85.51
2025-08-03 00:45:00;85.51
2025-08-03 01:00:00;77.07
2025-08-03 01:15:00;77.07
2025-08-03 01:30:00;77.07
2025-08-03 01:45:00;77.07
2025-08-03 02:00:00;71.82
2025-08-03 02:15:00;71.82
2025-08-03 02:30:00;71.82
2025-08-03 02:45:00;71.82
2025-08-03 03:00:00;64.08
2025-08-03 03:15:00;64.08
2025-08-03 03:30:00;64.08
2025-08-03 03:45:00;64.08
2025-08-03 04:00:00;60.95
2025-08-03 04:15:00;60.95
2025-08-03 04:30:00;60.95
2025-08-03 04:45:00;60.95
2025-08-03 05:00:00;56.49
2025-08-03 05:15:00;56.49
2025-08-03 05:30:00;56.49
2025-08-03 05:45:00;56.49
2025-08-03 06:00:00;45.10
2025-08-03 06:15:00;45.10
2025-08-03 06:30:00;45.10
2025-08-03 06:45:00;45.10
2025-08-03 07:00:00;27.20
2025-08-03 07:15:00;27.20
2025-08-03 07:30:00;27.20
2025-08-03 07:45:00;27.20
2025-08-03 08:00:00;6.16
2025-08-03 08:15:00;6.16
2025-08-03 08:30:00;6.16
2025-08-03 08:45:00;6.16
2025-08-03 09:00:00;0.00
2025-08-03 09:15:00;0.00
2025-08-03 09:30:00;0.00
2025-08-03 09:45:00;0.00
2025-08-03 10:00:00;-1.01
2025-08-03 10:15:00;-1.01
2025-08-03 10:30:00;-1.01
2025-08-03 10:45:00;-1.01
2025-08-03 11:00:00;-2.10
2025-08-03 11:15:00;-2.10
2025-08-03 11:30:00;-2.10
2025-08-03 11:45:00;-2.10
2025-08-03 12:00:00;-3.00
2025-08-03 12:15:00;-3.00
2025-08-03 12:30:00;-3.00
2025-08-03 12:45:00;-3.00
2025-08-03 13:00:00;-9.90
2025-08-03 13:15:00;-9.90
2025-08-03 13:30:00;-9.90
2025-08-03 13:45:00;-9.90
2025-08-03 14:00:00;-10.08
2025-08-03 14:15:00;-10.08
2025-08-03 14:30:00;-10.08
2025-08-03 14:45:00;-10.08
2025-08-03 15:00:00;-4.98
2025-08-03 15:15:00;-4.98
2025-08-03 15:30:00;-4.98
2025-08-03 15:45:00;-4.98
2025-08-03 16:00:00;-1.50
2025-08-03 16:15:00;-1.50
2025-08-03 16:30:00;-1.50
2025-08-03 16:45:00;-1.50
2025-08-03 17:00:00;2.71
2025-08-03 17:15:00;2.71
2025-08-03 17:30:00;2.71
2025-08-03 17:45:00;2.71
2025-08-03 18:00:00;38.46
2025-08-03 18:15:00;38.46
2025-08-03 18:30:00;38.46
2025-08-03 18:45:00;38.46
2025-08-03 19:00:00;86.34
2025-08-03 19:15:00;86.34
2025-08-03 19:30:00;86.34
2025-08-03 19:45:00;86.34
2025-08-03 20:00:00;99.52
2025-08-03 20:15:00;99.52
2025-08-03 20:30:00;99.52
2025-08-03 20:45:00;99.52
2025-08-03 21:00:00;96.05
2025-08-03 21:15:00;96.05
2025-08-03 21:30:00;96.05
2025-08-03 21:45:00;96.05
2025-08-03 22:00:00;97.35
2025-08-03 22:15:00;97.35
2025-08-03 22:30:00;97.35
2025-08-03 22:45:00;97.35
2025-08-03 23:00:00;85.09
2025-08-03 23:15:00;85.09
2025-08-03 23:30:00;85.09
2025-08-03 23:45:00;85.09
2025-08-04 00:00:00;81.02
2025-08-04 00:15:00;81.02
2025-08-04 00:30:00;81.02
2025-08-04 00:45:00;81.02
2025-08-04 01:00:00;70.07
2025-08-04 01:15:00;70.07
2025-08-04 01:30:00;70.07
2025-08-04 01:45:00;70.07
2025-08-04 02:00:00;69.97
2025-08-04 02:15:00;69.97
2025-08-04 02:30:00;69.97
2025-08-04 02:45:00;69.97
2025-08-04 03:00:00;78.27
2025-08-04 03:15:00;78.27
2025-08-04 03:30:00;78.27
2025-08-04 03:45:00;78.27
2025-08-04 04:00:00;74.76
2025-08-04 04:15:00;74.76
2025-08-04 04:30:00;74.76
2025-08-04 04:45:00;74.76
2025-08-04 05:00:00;84.18
2025-08-04 05:15:00;84.18
2025-08-04 05:30:00;84.18
2025-08-04 05:45:00;84.18
2025-08-04 06:00:00;96.55
2025-08-04 06:15:00;96.55
2025-08-04 06:30:00;96.55
2025-08-04 06:45:00;96.55
2025-08-04 07:00:00;106.51
2025-08-04 07:15:00;106.51
2025-08-04 07:30:00;106.51
2025-08-04 07:45:00;106.51
2025-08-04 08:00:00;105.06
2025-08-04 08:15:00;105.06
2025-08-04 08:30:00;105.06
2025-08-04 08:45:00;105.06
2025-08-04 09:00:00;97.05
2025-08-04 09:15:00;97.05
2025-08-04 09:30:00;97.05
2025-08-04 09:45:00;97.05
2025-08-04 10:00:00;66.00
2025-08-04 10:15:00;66.00
2025-08-04 10:30:00;66.00
2025-08-04 10:45:00;66.00
2025-08-04 11:00:00;33.46
2025-08-04 11:15:00;33.46
2025-08-04 11:30:00;33.46
2025-08-04 11:45:00;33.46
2025-08-04 12:00:00;10.49
2025-08-04 12:15:00;10.49
2025-08-04 12:30:00;10.49
2025-08-04 12:45:00;10.49
2025-08-04 13:00:00;4.05
2025-08-04 13:15:00;4.05
2025-08-04 13:30:00;4.05
2025-08-04 13:45:00;4.05
2025-08-04 14:00:00;0.65
2025-08-04 14:15:00;0.65
2025-08-04 14:30:00;0.65
2025-08-04 14:45:00;0.65
2025-08-04 15:00:00;-0.65
2025-08-04 15:15:00;-0.65
2025-08-04 15:30:00;-0.65
2025-08-04 15:45:00;-0.65
2025-08-04 16:00:00;5.57
2025-08-04 16:15:00;5.57
2025-08-04 16:30:00;5.57
2025-08-04 16:45:00;5.57
2025-08-04 17:00:00;16.69
2025-08-04 17:15:00;16.69
2025-08-04 17:30:00;16.69
2025-08-04 17:45:00;16.69
2025-08-04 18:00:00;45.39
2025-08-04 18:15:00;45.39
2025-08-04 18:30:00;45.39
2025-08-04 18:45:00;45.39
2025-08-04 19:00:00;73.12
2025-08-04 19:15:00;73.12
2025-08-04 19:30:00;73.12
2025-08-04 19:45:00;73.12
2025-08-04 20:00:00;75.05
2025-08-04 20:15:00;75.05
2025-08-04 20:30:00;75.05
2025-08-04 20:45:00;75.05
2025-08-04 21:00:00;73.77
2025-08-04 21:15:00;73.77
2025-08-04 21:30:00;73.77
2025-08-04 21:45:00;73.77
2025-08-04 22:00:00;67.05
2025-08-04 22:15:00;67.05
2025-08-04 22:30:00;67.05
2025-08-04 22:45:00;67.05
2025-08-04 23:00:00;48.91
2025-08-04 23:15:00;48.91
2025-08-04 23:30:00;48.91
2025-08-04 23:45:00;48.91
2025-08-05 00:00:00;14.14
2025-08-05 00:15:00;14.14
2025-08-05 00:30:00;14.14
2025-08-05 00:45:00;14.14
2025-08-05 01:00:00;11.40
2025-08-05 01:15:00;11.40
2025-08-05 01:30:00;11.40
2025-08-05 01:45:00;11.40
2025-08-05 02:00:00;11.77
2025-08-05 02:15:00;11.77
2025-08-05 02:30:00;11.77
2025-08-05 02:45:00;11.77
2025-08-05 03:00:00;17.80
2025-08-05 03:15:00;17.80
2025-08-05 03:30:00;17.80
2025-08-05 03:45:00;17.80
2025-08-05 04:00:00;40.39
2025-08-05 04:15:00;40.39
2025-08-05 04:30:00;40.39
2025-08-05 04:45:00;40.39
2025-08-05 05:00:00;33.19
2025-08-05 05:15:00;33.19
2025-08-05 05:30:00;33.19
2025-08-05 05:45:00;33.19
2025-08-05 06:00:00;40.27
2025-08-05 06:15:00;40.27
2025-08-05 06:30:00;40.27
2025-08-05 06:45:00;40.27
2025-08-05 07:00:00;41.45
2025-08-05 07:15:00;41.45
2025-08-05 07:30:00;41.45
2025-08-05 07:45:00;41.45
2025-08-05 08:00:00;34.74
2025-08-05 08:15:00;34.74
2025-08-05 08:30:00;34.74
2025-08-05 08:45:00;34.74
2025-08-05 09:00:00;1.67
2025-08-05 09:15:00;1.67
2025-08-05 09:30:00;1.67
2025-08-05 09:45:00;1.67
2025-08-05 10:00:00;-2.55
2025-08-05 10:15:00;-2.55
2025-08-05 10:30:00;-2.55
2025-08-05 10:45:00;-2.55
2025-08-05 11:00:00;-6.58
2025-08-05 11:15:00;-6.58
2025-08-05 11:30:00;-6.58
2025-08-05 11:45:00;-6.58
2025-08-05 12:00:00;-14.20
2025-08-05 12:15:00;-14.20
2025-08-05 12:30:00;-14.20
2025-08-05 12:45:00;-14.20
2025-08-05 13:00:00;-35.30
2025-08-05 13:15:00;-35.30
2025-08-05 13:30:00;-35.30
2025-08-05 13:45:00;-35.30
2025-08-05 14:00:00;-25.76
2025-08-05 14:15:00;-25.76
2025-08-05 14:30:00;-25.76
2025-08-05 14:45:00;-25.76
2025-08-05 15:00:00;-14.70
2025-08-05 15:15:00;-14.70
2025-08-05 15:30:00;-14.70
2025-08-05 15:45:00;-14.70
2025-08-05 16:00:00;-14.15
2025-08-05 16:15:00;-14.15
2025-08-05 16:30:00;-14.15
2025-08-05 16:45:00;-14.15
2025-08-05 17:00:00;-1.71
2025-08-05 17:15:00;-1.71
2025-08-05 17:30:00;-1.71
2025-08-05 17:45:00;-1.71
2025-08-05 18:00:00;1.31
2025-08-05 18:15:00;1.31
2025-08-05 18:30:00;1.31
2025-08-05 18:45:00;1.31
2025-08-05 19:00:00;58.26
2025-08-05 19:15:00;58.26
2025-08-05 19:30:00;58.26
2025-08-05 19:45:00;58.26
2025-08-05 20:00:00;81.11
2025-08-05 20:15:00;81.11
2025-08-05 20:30:00;81.11
2025-08-05 20:45:00;81.11
2025-08-05 21:00:00;93.21
2025-08-05 21:15:00;93.21
2025-08-05 21:30:00;93.21
2025-08-05 21:45:00;93.21
2025-08-05 22:00:00;90.36
2025-08-05 22:15:00;90.36
2025-08-05 22:30:00;90.36
2025-08-05 22:45:00;90.36
2025-08-05 23:00:00;78.52
2025-08-05 23:15:00;78.52
2025-08-05 23:30:00;78.52
2025-08-05 23:45:00;78.52
2025-08-06 00:00:00;76.75
2025-08-06 00:15:00;76.75
2025-08-06 00:30:00;76.75
2025-08-06 00:45:00;76.75
2025-08-06 01:00:00;48.74
2025-08-06 01:15:00;48.74
2025-08-06 01:30:00;48.74
2025-08-06 01:45:00;48.74
2025-08-06 02:00:00;46.13
2025-08-06 02:15:00;46.13
2025-08-06 02:30:00;46.13
2025-08-06 02:45:00;46.13
2025-08-06 03:00:00;44.18
2025-08-06 03:15:00;44.18
2025-08-06 03:30:00;44.18
2025-08-06 03:45:00;44.18
2025-08-06 04:00:00;50.00
2025-08-06 04:15:00;50.00
2025-08-06 04:30:00;50.00
2025-08-06 04:45:00;50.00
2025-08-06 05:00:00;65.88
2025-08-06 05:15:00;65.88
2025-08-06 05:30:00;65.88
2025-08-06 05:45:00;65.88
2025-08-06 06:00:00;105.76
2025-08-06 06:15:00;105.76
2025-08-06 06:30:00;105.76
2025-08-06 06:45:00;105.76
2025-08-06 07:00:00;103.91
2025-08-06 07:15:00;103.91
2025-08-06 07:30:00;103.91
2025-08-06 07:45:00;103.91
2025-08-06 08:00:00;90.00
2025-08-06 08:15:00;90.00
2025-08-06 08:30:00;90.00
2025-08-06 08:45:00;90.00
2025-08-06 09:00:00;30.57
2025-08-06 09:15:00;30.57
2025-08-06 09:30:00;30.57
2025-08-06 09:45:00;30.57
2025-08-06 10:00:00;-0.01
2025-08-06 10:15:00;-0.01
2025-08-06 10:30:00;-0.01
2025-08-06 10:45:00;-0.01
2025-08-06 11:00:00;-1.00
2025-08-06 11:15:00;-1.00
2025-08-06 11:30:00;-1.00
2025-08-06 11:45:00;-1.00
2025-08-06 12:00:00;-1.00
2025-08-06 12:15:00;-1.00
2025-08-06 12:30:00;-1.00
2025-08-06 12:45:00;-1.00
2025-08-06 13:00:00;-2.20
2025-08-06 13:15:00;-2.20
2025-08-06 13:30:00;-2.20
2025-08-06 13:45:00;-2.20
2025-08-06 14:00:00;-1.02
2025-08-06 14:15:00;-1.02
2025-08-06 14:30:00;-1.02
2025-08-06 14:45:00;-1.02
2025-08-06 15:00:00;0.15
2025-08-06 15:15:00;0.15
2025-08-06 15:30:00;0.15
2025-08-06 15:45:00;0.15
2025-08-06 16:00:00;1.94
2025-08-06 16:15:00;1.94
2025-08-06 16:30:00;1.94
2025-08-06 16:45:00;1.94
2025-08-06 17:00:00;52.05
2025-08-06 17:15:00;52.05
2025-08-06 17:30:00;52.05
2025-08-06 17:45:00;52.05
2025-08-06 18:00:00;92.67
2025-08-06 18:15:00;92.67
2025-08-06 18:30:00;92.67
2025-08-06 18:45:00;92.67
2025-08-06 19:00:00;109.51
2025-08-06 19:15:00;109.51
2025-08-06 19:30:00;109.51
2025-08-06 19:45:00;109.51
2025-08-06 20:00:00;139.01
2025-08-06 20:15:00;139.01
2025-08-06 20:30:00;139.01
2025-08-06 20:45:00;139.01
2025-08-06 21:00:00;154.51
2025-08-06 21:15:00;154.51
2025-08-06 21:30:00;154.51
2025-08-06 21:45:00;154.51
2025-08-06 22:00:00;110.00
2025-08-06 22:15:00;110.00
2025-08-06 22:30:00;110.00
2025-08-06 22:45:00;110.00
2025-08-06 23:00:00;98.58
2025-08-06 23:15:00;98.58
2025-08-06 23:30:00;98.58
2025-08-06 23:45:00;98.58
2025-08-07 00:00:00;95.91
2025-08-07 00:15:00;95.91
2025-08-07 00:30:00;95.91
2025-08-07 00:45:00;95.91
2025-08-07 01:00:00;83.75
2025-08-07 01:15:00;83.75
2025-08-07 01:30:00;83.75
2025-08-07 01:45:00;83.75
2025-08-07 02:00:00;71.80
2025-08-07 02:15:00;71.80
2025-08-07 02:30:00;71.80
2025-08-07 02:45:00;71.80
2025-08-07 03:00:00;68.57
2025-08-07 03:15:00;68.57
2025-08-07 03:30:00;68.57
2025-08-07 03:45:00;68.57
2025-08-07 04:00:00;65.24
2025-08-07 04:15:00;65.24
2025-08-07 04:30:00;65.24
2025-08-07 04:45:00;65.24
2025-08-07 05:00:00;64.26
2025-08-07 05:15:00;64.26
2025-08-07 05:30:00;64.26
2025-08-07 05:45:00;64.26
2025-08-07 06:00:00;71.49
2025-08-07 06:15:00;71.49
2025-08-07 06:30:00;71.49
2025-08-07 06:45:00;71.49
2025-08-07 07:00:00;87.04
2025-08-07 07:15:00;87.04
2025-08-07 07:30:00;87.04
2025-08-07 07:45:00;87.04
2025-08-07 08:00:00;85.44
2025-08-07 08:15:00;85.44
2025-08-07 08:30:00;85.44
2025-08-07 08:45:00;85.44
2025-08-07 09:00:00;73.90
2025-08-07 09:15:00;73.90
2025-08-07 09:30:00;73.90
2025-08-07 09:45:00;73.90
2025-08-07 10:00:00;22.23
2025-08-07 10:15:00;22.23
2025-08-07 10:30:00;22.23
2025-08-07 10:45:00;22.23
2025-08-07 11:00:00;0.00
2025-08-07 11:15:00;0.00
2025-08-07 11:30:00;0.00
2025-08-07 11:45:00;0.00
2025-08-07 12:00:00;-0.03
2025-08-07 12:15:00;-0.03
2025-08-07 12:30:00;-0.03
2025-08-07 12:45:00;-0.03
2025-08-07 13:00:00;-0.18
2025-08-07 13:15:00;-0.18
2025-08-07 13:30:00;-0.18
2025-08-07 13:45:00;-0.18
2025-08-07 14:00:00;-0.19
2025-08-07 14:15:00;-0.19
2025-08-07 14:30:00;-0.19
2025-08-07 14:45:00;-0.19
2025-08-07 15:00:00;-0.01
2025-08-07 15:15:00;-0.01
2025-08-07 15:30:00;-0.01
2025-08-07 15:45:00;-0.01
2025-08-07 16:00:00;2.00
2025-08-07 16:15:00;2.00
2025-08-07 16:30:00;2.00
2025-08-07 16:45:00;2.00
2025-08-07 17:00:00;56.49
2025-08-07 17:15:00;56.49
2025-08-07 17:30:00;56.49
2025-08-07 17:45:00;56.49
2025-08-07 18:00:00;80.57
2025-08-07 18:15:00;80.57
2025-08-07 18:30:00;80.57
2025-08-07 18:45:00;80.57
2025-08-07 19:00:00;103.10
2025-08-07 19:15:00;103.10
2025-08-07 19:30:00;103.10
2025-08-07 19:45:00;103.10
2025-08-07 20:00:00;116.05
2025-08-07 20:15:00;116.05
2025-08-07 20:30:00;116.05
2025-08-07 20:45:00;116.05
2025-08-07 21:00:00;118.30
2025-08-07 21:15:00;118.30
2025-08-07 21:30:00;118.30
2025-08-07 21:45:00;118.30
2025-08-07 22:00:00;110.00
2025-08-07 22:15:00;110.00
2025-08-07 22:30:00;110.00
2025-08-07 22:45:00;110.00
2025-08-07 23:00:00;101.28
2025-08-07 23:15:00;101.28
2025-08-07 23:30:00;101.28
2025-08-07 23:45:00;101.28
2025-08-08 00:00:00;82.51
2025-08-08 00:15:00;82.51
2025-08-08 00:30:00;82.51
2025-08-08 00:45:00;82.51
2025-08-08 01:00:00;75.60
2025-08-08 01:15:00;75.60
2025-08-08 01:30:00;75.60
2025-08-08 01:45:00;75.60
2025-08-08 02:00:00;70.03
2025-08-08 02:15:00;70.03
2025-08-08 02:30:00;70.03
2025-08-08 02:45:00;70.03
2025-08-08 03:00:00;65.44
2025-08-08 03:15:00;65.44
2025-08-08 03:30:00;65.44
2025-08-08 03:45:00;65.44
2025-08-08 04:00:00;69.90
2025-08-08 04:15:00;69.90
2025-08-08 04:30:00;69.90
2025-08-08 04:45:00;69.90
2025-08-08 05:00:00;79.44
2025-08-08 05:15:00;79.44
2025-08-08 05:30:00;79.44
2025-08-08 05:45:00;79.44
2025-08-08 06:00:00;90.75
2025-08-08 06:15:00;90.75
2025-08-08 06:30:00;90.75
2025-08-08 06:45:00;90.75
2025-08-08 07:00:00;97.15
2025-08-08 07:15:00;97.15
2025-08-08 07:30:00;97.15
2025-08-08 07:45:00;97.15
2025-08-08 08:00:00;100.46
2025-08-08 08:15:00;100.46
2025-08-08 08:30:00;100.46
2025-08-08 08:45:00;100.46
2025-08-08 09:00:00;88.28
2025-08-08 09:15:00;88.28
2025-08-08 09:30:00;88.28
2025-08-08 09:45:00;88.28
2025-08-08 10:00:00;65.17
2025-08-08 10:15:00;65.17
2025-08-08 10:30:00;65.17
2025-08-08 10:45:00;65.17
2025-08-08 11:00:00;8.39
2025-08-08 11:15:00;8.39
2025-08-08 11:30:00;8.39
2025-08-08 11:45:00;8.39
2025-08-08 12:00:00;0.00
2025-08-08 12:15:00;0.00
2025-08-08 12:30:00;0.00
2025-08-08 12:45:00;0.00
2025-08-08 13:00:00;-0.01
2025-08-08 13:15:00;-0.01
2025-08-08 13:30:00;-0.01
2025-08-08 13:45:00;-0.01
2025-08-08 14:00:00;-0.02
2025-08-08 14:15:00;-0.02
2025-08-08 14:30:00;-0.02
2025-08-08 14:45:00;-0.02
2025-08-08 15:00:00;-0.01
2025-08-08 15:15:00;-0.01
2025-08-08 15:30:00;-0.01
2025-08-08 15:45:00;-0.01
2025-08-08 16:00:00;10.49
2025-08-08 16:15:00;10.49
2025-08-08 16:30:00;10.49
2025-08-08 16:45:00;10.49
2025-08-08 17:00:00;60.51
2025-08-08 17:15:00;60.51
2025-08-08 17:30:00;60.51
2025-08-08 17:45:00;60.51
2025-08-08 18:00:00;84.52
2025-08-08 18:15:00;84.52
2025-08-08 18:30:00;84.52
2025-08-08 18:45:00;84.52
2025-08-08 19:00:00;108.85
2025-08-08 19:15:00;108.85
2025-08-08 19:30:00;108.85
2025-08-08 19:45:00;108.85
2025-08-08 20:00:00;126.68
2025-08-08 20:15:00;126.68
2025-08-08 20:30:00;126.68
2025-08-08 20:45:00;126.68
2025-08-08 21:00:00;124.62
2025-08-08 21:15:00;124.62
2025-08-08 21:30:00;124.62
2025-08-08 21:45:00;124.62
2025-08-08 22:00:00;110.00
2025-08-08 22:15:00;110.00
2025-08-08 22:30:00;110.00
2025-08-08 22:45:00;110.00
2025-08-08 23:00:00;101.74
2025-08-08 23:15:00;101.74
2025-08-08 23:30:00;101.74
2025-08-08 23:45:00;101.74
2025-08-09 00:00:00;93.55
2025-08-09 00:15:00;93.55
2025-08-09 00:30:00;93.55
2025-08-09 00:45:00;93.55
2025-08-09 01:00:00;84.24
2025-08-09 01:15:00;84.24
2025-08-09 01:30:00;84.24
2025-08-09 01:45:00;84.24
2025-08-09 02:00:00;75.85
2025-08-09 02:15:00;75.85
2025-08-09 02:30:00;75.85
2025-08-09 02:45:00;75.85
2025-08-09 03:00:00;68.12
2025-08-09 03:15:00;68.12
2025-08-09 03:30:00;68.12
2025-08-09 03:45:00;68.12
2025-08-09 04:00:00;67.37
2025-08-09 04:15:00;67.37
2025-08-09 04:30:00;67.37
2025-08-09 04:45:00;67.37
2025-08-09 05:00:00;68.82
2025-08-09 05:15:00;68.82
2025-08-09 05:30:00;68.82
2025-08-09 05:45:00;68.82
2025-08-09 06:00:00;79.90
2025-08-09 06:15:00;79.90
2025-08-09 06:30:00;79.90
2025-08-09 06:45:00;79.90
2025-08-09 07:00:00;69.94
2025-08-09 07:15:00;69.94
2025-08-09 07:30:00;69.94
2025-08-09 07:45:00;69.94
2025-08-09 08:00:00;57.31
2025-08-09 08:15:00;57.31
2025-08-09 08:30:00;57.31
2025-08-09 08:45:00;57.31
2025-08-09 09:00:00;15.34
2025-08-09 09:15:00;15.34
2025-08-09 09:30:00;15.34
2025-08-09 09:45:00;15.34
2025-08-09 10:00:00;-0.02
2025-08-09 10:15:00;-0.02
2025-08-09 10:30:00;-0.02
2025-08-09 10:45:00;-0.02
2025-08-09 11:00:00;-1.00
2025-08-09 11:15:00;-1.00
2025-08-09 11:30:00;-1.00
2025-08-09 11:45:00;-1.00
2025-08-09 12:00:00;-7.05
2025-08-09 12:15:00;-7.05
2025-08-09 12:30:00;-7.05
2025-08-09 12:45:00;-7.05
2025-08-09 13:00:00;-23.96
2025-08-09 13:15:00;-23.96
2025-08-09 13:30:00;-23.96
2025-08-09 13:45:00;-23.96
2025-08-09 14:00:00;-24.49
2025-08-09 14:15:00;-24.49
2025-08-09 14:30:00;-24.49
2025-08-09 14:45:00;-24.49
2025-08-09 15:00:00;-4.34
2025-08-09 15:15:00;-4.34
2025-08-09 15:30:00;-4.34
2025-08-09 15:45:00;-4.34
2025-08-09 16:00:00;-0.05
2025-08-09 16:15:00;-0.05
2025-08-09 16:30:00;-0.05
2025-08-09 16:45:00;-0.05
2025-08-09 17:00:00;3.30
2025-08-09 17:15:00;3.30
2025-08-09 17:30:00;3.30
2025-08-09 17:45:00;3.30
2025-08-09 18:00:00;54.99
2025-08-09 18:15:00;54.99
2025-08-09 18:30:00;54.99
2025-08-09 18:45:00;54.99
2025-08-09 19:00:00;85.84
2025-08-09 19:15:00;85.84
2025-08-09 19:30:00;85.84
2025-08-09 19:45:00;85.84
2025-08-09 20:00:00;104.88
2025-08-09 20:15:00;104.88
2025-08-09 20:30:00;104.88
2025-08-09 20:45:00;104.88
2025-08-09 21:00:00;100.06
2025-08-09 21:15:00;100.06
2025-08-09 21:30:00;100.06
2025-08-09 21:45:00;100.06
2025-08-09 22:00:00;97.00
2025-08-09 22:15:00;97.00
2025-08-09 22:30:00;97.00
2025-08-09 22:45:00;97.00
2025-08-09 23:00:00;93.93
2025-08-09 23:15:00;93.93
2025-08-09 23:30:00;93.93
2025-08-09 23:45:00;93.93
2025-08-10 00:00:00;85.40
2025-08-10 00:15:00;85.40
2025-08-10 00:30:00;85.40
2025-08-10 00:45:00;85.40
2025-08-10 01:00:00;84.63
2025-08-10 01:15:00;84.63
2025-08-10 01:30:00;84.63
2025-08-10 01:45:00;84.63
2025-08-10 02:00:00;85.29
2025-08-10 02:15:00;85.29
2025-08-10 02:30:00;85.29
2025-08-10 02:45:00;85.29
2025-08-10 03:00:00;80.47
2025-08-10 03:15:00;80.47
2025-08-10 03:30:00;80.47
2025-08-10 03:45:00;80.47
2025-08-10 04:00:00;83.71
2025-08-10 04:15:00;83.71
2025-08-10 04:30:00;83.71
2025-08-10 04:45:00;83.71
2025-08-10 05:00:00;87.00
2025-08-10 05:15:00;87.00
2025-08-10 05:30:00;87.00
2025-08-10 05:45:00;87.00
2025-08-10 06:00:00;85.48
2025-08-10 06:15:00;85.48
2025-08-10 06:30:00;85.48
2025-08-10 06:45:00;85.48
2025-08-10 07:00:00;76.60
2025-08-10 07:15:00;76.60
2025-08-10 07:30:00;76.60
2025-08-10 07:45:00;76.60
2025-08-10 08:00:00;27.11
2025-08-10 08:15:00;27.11
2025-08-10 08:30:00;27.11
2025-08-10 08:45:00;27.11
2025-08-10 09:00:00;-0.01
2025-08-10 09:15:00;-0.01
2025-08-10 09:30:00;-0.01
2025-08-10 09:45:00;-0.01
2025-08-10 10:00:00;-2.64
2025-08-10 10:15:00;-2.64
2025-08-10 10:30:00;-2.64
2025-08-10 10:45:00;-2.64
2025-08-10 11:00:00;-15.60
2025-08-10 11:15:00;-15.60
2025-08-10 11:30:00;-15.60
2025-08-10 11:45:00;-15.60
2025-08-10 12:00:00;-69.63
2025-08-10 12:15:00;-69.63
2025-08-10 12:30:00;-69.63
2025-08-10 12:45:00;-69.63
2025-08-10 13:00:00;-63.25
2025-08-10 13:15:00;-63.25
2025-08-10 13:30:00;-63.25
2025-08-10 13:45:00;-63.25
2025-08-10 14:00:00;-50.97
2025-08-10 14:15:00;-50.97
2025-08-10 14:30:00;-50.97
2025-08-10 14:45:00;-50.97
2025-08-10 15:00:00;-21.43
2025-08-10 15:15:00;-21.43
2025-08-10 15:30:00;-21.43
2025-08-10 15:45:00;-21.43
2025-08-10 16:00:00;-1.19
2025-08-10 16:15:00;-1.19
2025-08-10 16:30:00;-1.19
2025-08-10 16:45:00;-1.19
2025-08-10 17:00:00;1.94
2025-08-10 17:15:00;1.94
2025-08-10 17:30:00;1.94
2025-08-10 17:45:00;1.94
2025-08-10 18:00:00;74.98
2025-08-10 18:15:00;74.98
2025-08-10 18:30:00;74.98
2025-08-10 18:45:00;74.98
2025-08-10 19:00:00;92.64
2025-08-10 19:15:00;92.64
2025-08-10 19:30:00;92.64
2025-08-10 19:45:00;92.64
2025-08-10 20:00:00;119.97
2025-08-10 20:15:00;119.97
2025-08-10 20:30:00;119.97
2025-08-10 20:45:00;119.97
2025-08-10 21:00:00;115.80
2025-08-10 21:15:00;115.80
2025-08-10 21:30:00;115.80
2025-08-10 21:45:00;115.80
2025-08-10 22:00:00;100.99
2025-08-10 22:15:00;100.99
2025-08-10 22:30:00;100.99
2025-08-10 22:45:00;100.99
2025-08-10 23:00:00;93.20
2025-08-10 23:15:00;93.20
2025-08-10 23:30:00;93.20
2025-08-10 23:45:00;93.20
2025-08-11 00:00:00;71.02
2025-08-11 00:15:00;71.02
2025-08-11 00:30:00;71.02
2025-08-11 00:45:00;71.02
2025-08-11 01:00:00;70.00
2025-08-11 01:15:00;70.00
2025-08-11 01:30:00;70.00
2025-08-11 01:45:00;70.00
2025-08-11 02:00:00;70.00
2025-08-11 02:15:00;70.00
2025-08-11 02:30:00;70.00
2025-08-11 02:45:00;70.00
2025-08-11 03:00:00;70.20
2025-08-11 03:15:00;70.20
2025-08-11 03:30:00;70.20
2025-08-11 03:45:00;70.20
2025-08-11 04:00:00;67.99
2025-08-11 04:15:00;67.99
2025-08-11 04:30:00;67.99
2025-08-11 04:45:00;67.99
2025-08-11 05:00:00;73.70
2025-08-11 05:15:00;73.70
2025-08-11 05:30:00;73.70
2025-08-11 05:45:00;73.70
2025-08-11 06:00:00;98.60
2025-08-11 06:15:00;98.60
2025-08-11 06:30:00;98.60
2025-08-11 06:45:00;98.60
2025-08-11 07:00:00;101.64
2025-08-11 07:15:00;101.64
2025-08-11 07:30:00;101.64
2025-08-11 07:45:00;101.64
2025-08-11 08:00:00;91.69
2025-08-11 08:15:00;91.69
2025-08-11 08:30:00;91.69
2025-08-11 08:45:00;91.69
2025-08-11 09:00:00;85.66
2025-08-11 09:15:00;85.66
2025-08-11 09:30:00;85.66
2025-08-11 09:45:00;85.66
2025-08-11 10:00:00;50.10
2025-08-11 10:15:00;50.10
2025-08-11 10:30:00;50.10
2025-08-11 10:45:00;50.10
2025-08-11 11:00:00;2.54
2025-08-11 11:15:00;2.54
2025-08-11 11:30:00;2.54
2025-08-11 11:45:00;2.54
2025-08-11 12:00:00;0.00
2025-08-11 12:15:00;0.00
2025-08-11 12:30:00;0.00
2025-08-11 12:45:00;0.00
2025-08-11 13:00:00;0.00
2025-08-11 13:15:00;0.00
2025-08-11 13:30:00;0.00
2025-08-11 13:45:00;0.00
2025-08-11 14:00:00;0.00
2025-08-11 14:15:00;0.00
2025-08-11 14:30:00;0.00
2025-08-11 14:45:00;0.00
2025-08-11 15:00:00;9.00
2025-08-11 15:15:00;9.00
2025-08-11 15:30:00;9.00
2025-08-11 15:45:00;9.00
2025-08-11 16:00:00;49.17
2025-08-11 16:15:00;49.17
2025-08-11 16:30:00;49.17
2025-08-11 16:45:00;49.17
2025-08-11 17:00:00;72.13
2025-08-11 17:15:00;72.13
2025-08-11 17:30:00;72.13
2025-08-11 17:45:00;72.13
2025-08-11 18:00:00;97.36
2025-08-11 18:15:00;97.36
2025-08-11 18:30:00;97.36
2025-08-11 18:45:00;97.36
2025-08-11 19:00:00;132.81
2025-08-11 19:15:00;132.81
2025-08-11 19:30:00;132.81
2025-08-11 19:45:00;132.81
2025-08-11 20:00:00;157.49
2025-08-11 20:15:00;157.49
2025-08-11 20:30:00;157.49
2025-08-11 20:45:00;157.49
2025-08-11 21:00:00;138.90
2025-08-11 21:15:00;138.90
2025-08-11 21:30:00;138.90
2025-08-11 21:45:00;138.90
2025-08-11 22:00:00;108.87
2025-08-11 22:15:00;108.87
2025-08-11 22:30:00;108.87
2025-08-11 22:45:00;108.87
2025-08-11 23:00:00;96.00
2025-08-11 23:15:00;96.00
2025-08-11 23:30:00;96.00
2025-08-11 23:45:00;96.00
2025-08-12 00:00:00;93.00
2025-08-12 00:15:00;93.00
2025-08-12 00:30:00;93.00
2025-08-12 00:45:00;93.00
2025-08-12 01:00:00;89.67
2025-08-12 01:15:00;89.67
2025-08-12 01:30:00;89.67
2025-08-12 01:45:00;89.67
2025-08-12 02:00:00;85.41
2025-08-12 02:15:00;85.41
2025-08-12 02:30:00;85.41
2025-08-12 02:45:00;85.41
2025-08-12 03:00:00;81.44
2025-08-12 03:15:00;81.44
2025-08-12 03:30:00;81.44
2025-08-12 03:45:00;81.44
2025-08-12 04:00:00;76.32
2025-08-12 04:15:00;76.32
2025-08-12 04:30:00;76.32
2025-08-12 04:45:00;76.32
2025-08-12 05:00:00;77.46
2025-08-12 05:15:00;77.46
2025-08-12 05:30:00;77.46
2025-08-12 05:45:00;77.46
2025-08-12 06:00:00;87.88
2025-08-12 06:15:00;87.88
2025-08-12 06:30:00;87.88
2025-08-12 06:45:00;87.88
2025-08-12 07:00:00;104.63
2025-08-12 07:15:00;104.63
2025-08-12 07:30:00;104.63
2025-08-12 07:45:00;104.63
2025-08-12 08:00:00;98.65
2025-08-12 08:15:00;98.65
2025-08-12 08:30:00;98.65
2025-08-12 08:45:00;98.65
2025-08-12 09:00:00;92.76
2025-08-12 09:15:00;92.76
2025-08-12 09:30:00;92.76
2025-08-12 09:45:00;92.76
2025-08-12 10:00:00;80.39
2025-08-12 10:15:00;80.39
2025-08-12 10:30:00;80.39
2025-08-12 10:45:00;80.39
2025-08-12 11:00:00;40.94
2025-08-12 11:15:00;40.94
2025-08-12 11:30:00;40.94
2025-08-12 11:45:00;40.94
2025-08-12 12:00:00;8.38
2025-08-12 12:15:00;8.38
2025-08-12 12:30:00;8.38
2025-08-12 12:45:00;8.38
2025-08-12 13:00:00;3.00
2025-08-12 13:15:00;3.00
2025-08-12 13:30:00;3.00
2025-08-12 13:45:00;3.00
2025-08-12 14:00:00;5.15
2025-08-12 14:15:00;5.15
2025-08-12 14:30:00;5.15
2025-08-12 14:45:00;5.15
2025-08-12 15:00:00;35.05
2025-08-12 15:15:00;35.05
2025-08-12 15:30:00;35.05
2025-08-12 15:45:00;35.05
2025-08-12 16:00:00;67.49
2025-08-12 16:15:00;67.49
2025-08-12 16:30:00;67.49
2025-08-12 16:45:00;67.49
2025-08-12 17:00:00;94.31
2025-08-12 17:15:00;94.31
2025-08-12 17:30:00;94.31
2025-08-12 17:45:00;94.31
2025-08-12 18:00:00;97.91
2025-08-12 18:15:00;97.91
2025-08-12 18:30:00;97.91
2025-08-12 18:45:00;97.91
2025-08-12 19:00:00;149.00
2025-08-12 19:15:00;149.00
2025-08-12 19:30:00;149.00
2025-08-12 19:45:00;149.00
2025-08-12 20:00:00;156.00
2025-08-12 20:15:00;156.00
2025-08-12 20:30:00;156.00
2025-08-12 20:45:00;156.00
2025-08-12 21:00:00;140.55
2025-08-12 21:15:00;140.55
2025-08-12 21:30:00;140.55
2025-08-12 21:45:00;140.55
2025-08-12 22:00:00;123.00
2025-08-12 22:15:00;123.00
2025-08-12 22:30:00;123.00
2025-08-12 22:45:00;123.00
2025-08-12 23:00:00;102.30
2025-08-12 23:15:00;102.30
2025-08-12 23:30:00;102.30
2025-08-12 23:45:00;102.30
2025-08-13 00:00:00;100.00
2025-08-13 00:15:00;100.00
2025-08-13 00:30:00;100.00
2025-08-13 00:45:00;100.00
2025-08-13 01:00:00;90.00
2025-08-13 01:15:00;90.00
2025-08-13 01:30:00;90.00
2025-08-13 01:45:00;90.00
2025-08-13 02:00:00;86.89
2025-08-13 02:15:00;86.89
2025-08-13 02:30:00;86.89
2025-08-13 02:45:00;86.89
2025-08-13 03:00:00;84.71
2025-08-13 03:15:00;84.71
2025-08-13 03:30:00;84.71
2025-08-13 03:45:00;84.71
2025-08-13 04:00:00;87.07
2025-08-13 04:15:00;87.07
2025-08-13 04:30:00;87.07
2025-08-13 04:45:00;87.07
2025-08-13 05:00:00;92.98
2025-08-13 05:15:00;92.98
2025-08-13 05:30:00;92.98
2025-08-13 05:45:00;92.98
2025-08-13 06:00:00;106.30
2025-08-13 06:15:00;106.30
2025-08-13 06:30:00;106.30
2025-08-13 06:45:00;106.30
2025-08-13 07:00:00;105.00
2025-08-13 07:15:00;105.00
2025-08-13 07:30:00;105.00
2025-08-13 07:45:00;105.00
2025-08-13 08:00:00;105.91
2025-08-13 08:15:00;105.91
2025-08-13 08:30:00;105.91
2025-08-13 08:45:00;105.91
2025-08-13 09:00:00;93.21
2025-08-13 09:15:00;93.21
2025-08-13 09:30:00;93.21
2025-08-13 09:45:00;93.21
2025-08-13 10:00:00;89.26
2025-08-13 10:15:00;89.26
2025-08-13 10:30:00;89.26
2025-08-13 10:45:00;89.26
2025-08-13 11:00:00;69.00
2025-08-13 11:15:00;69.00
2025-08-13 11:30:00;69.00
2025-08-13 11:45:00;69.00
2025-08-13 12:00:00;63.48
2025-08-13 12:15:00;63.48
2025-08-13 12:30:00;63.48
2025-08-13 12:45:00;63.48
2025-08-13 13:00:00;44.73
2025-08-13 13:15:00;44.73
2025-08-13 13:30:00;44.73
2025-08-13 13:45:00;44.73
2025-08-13 14:00:00;43.34
2025-08-13 14:15:00;43.34
2025-08-13 14:30:00;43.34
2025-08-13 14:45:00;43.34
2025-08-13 15:00:00;70.90
2025-08-13 15:15:00;70.90
2025-08-13 15:30:00;70.90
2025-08-13 15:45:00;70.90
2025-08-13 16:00:00;84.30
2025-08-13 16:15:00;84.30
2025-08-13 16:30:00;84.30
2025-08-13 16:45:00;84.30
2025-08-13 17:00:00;96.64
2025-08-13 17:15:00;96.64
2025-08-13 17:30:00;96.64
2025-08-13 17:45:00;96.64
2025-08-13 18:00:00;115.49
2025-08-13 18:15:00;115.49
2025-08-13 18:30:00;115.49
2025-08-13 18:45:00;115.49
2025-08-13 19:00:00;167.73
2025-08-13 19:15:00;167.73
2025-08-13 19:30:00;167.73
2025-08-13 19:45:00;167.73
2025-08-13 20:00:00;208.92
2025-08-13 20:15:00;208.92
2025-08-13 20:30:00;208.92
2025-08-13 20:45:00;208.92
2025-08-13 21:00:00;154.56
2025-08-13 21:15:00;154.56
2025-08-13 21:30:00;154.56
2025-08-13 21:45:00;154.56
2025-08-13 22:00:00;123.21
2025-08-13 22:15:00;123.21
2025-08-13 22:30:00;123.21
2025-08-13 22:45:00;123.21
2025-08-13 23:00:00;106.27
2025-08-13 23:15:00;106.27
2025-08-13 23:30:00;106.27
2025-08-13 23:45:00;106.27
2025-08-14 00:00:00;98.10
2025-08-14 00:15:00;98.10
2025-08-14 00:30:00;98.10
2025-08-14 00:45:00;98.10
2025-08-14 01:00:00;92.00
2025-08-14 01:15:00;92.00
2025-08-14 01:30:00;92.00
2025-08-14 01:45:00;92.00
2025-08-14 02:00:00;88.45
2025-08-14 02:15:00;88.45
2025-08-14 02:30:00;88.45
2025-08-14 02:45:00;88.45
2025-08-14 03:00:00;84.35
2025-08-14 03:15:00;84.35
2025-08-14 03:30:00;84.35
2025-08-14 03:45:00;84.35
2025-08-14 04:00:00;84.95
2025-08-14 04:15:00;84.95
2025-08-14 04:30:00;84.95
2025-08-14 04:45:00;84.95
2025-08-14 05:00:00;86.68
2025-08-14 05:15:00;86.68
2025-08-14 05:30:00;86.68
2025-08-14 05:45:00;86.68
2025-08-14 06:00:00;93.91
2025-08-14 06:15:00;93.91
2025-08-14 06:30:00;93.91
2025-08-14 06:45:00;93.91
2025-08-14 07:00:00;106.77
2025-08-14 07:15:00;106.77
2025-08-14 07:30:00;106.77
2025-08-14 07:45:00;106.77
2025-08-14 08:00:00;99.40
2025-08-14 08:15:00;99.40
2025-08-14 08:30:00;99.40
2025-08-14 08:45:00;99.40
2025-08-14 09:00:00;91.04
2025-08-14 09:15:00;91.04
2025-08-14 09:30:00;91.04
2025-08-14 09:45:00;91.04
2025-08-14 10:00:00;81.04
2025-08-14 10:15:00;81.04
2025-08-14 10:30:00;81.04
2025-08-14 10:45:00;81.04
2025-08-14 11:00:00;67.42
2025-08-14 11:15:00;67.42
2025-08-14 11:30:00;67.42
2025-08-14 11:45:00;67.42
2025-08-14 12:00:00;53.95
2025-08-14 12:15:00;53.95
2025-08-14 12:30:00;53.95
2025-08-14 12:45:00;53.95
2025-08-14 13:00:00;40.96
2025-08-14 13:15:00;40.96
2025-08-14 13:30:00;40.96
2025-08-14 13:45:00;40.96
2025-08-14 14:00:00;54.90
2025-08-14 14:15:00;54.90
2025-08-14 14:30:00;54.90
2025-08-14 14:45:00;54.90
2025-08-14 15:00:00;69.43
2025-08-14 15:15:00;69.43
2025-08-14 15:30:00;69.43
2025-08-14 15:45:00;69.43
2025-08-14 16:00:00;78.99
2025-08-14 16:15:00;78.99
2025-08-14 16:30:00;78.99
2025-08-14 16:45:00;78.99
2025-08-14 17:00:00;89.54
2025-08-14 17:15:00;89.54
2025-08-14 17:30:00;89.54
2025-08-14 17:45:00;89.54
2025-08-14 18:00:00;106.93
2025-08-14 18:15:00;106.93
2025-08-14 18:30:00;106.93
2025-08-14 18:45:00;106.93
2025-08-14 19:00:00;166.00
2025-08-14 19:15:00;166.00
2025-08-14 19:30:00;166.00
2025-08-14 19:45:00;166.00
2025-08-14 20:00:00;221.80
2025-08-14 20:15:00;221.80
2025-08-14 20:30:00;221.80
2025-08-14 20:45:00;221.80
2025-08-14 21:00:00;156.58
2025-08-14 21:15:00;156.58
2025-08-14 21:30:00;156.58
2025-08-14 21:45:00;156.58
2025-08-14 22:00:00;120.73
2025-08-14 22:15:00;120.73
2025-08-14 22:30:00;120.73
2025-08-14 22:45:00;120.73
2025-08-14 23:00:00;105.95
2025-08-14 23:15:00;105.95
2025-08-14 23:30:00;105.95
2025-08-14 23:45:00;105.95
2025-08-15 00:00:00;94.13
2025-08-15 00:15:00;94.13
2025-08-15 00:30:00;94.13
2025-08-15 00:45:00;94.13
2025-08-15 01:00:00;89.93
2025-08-15 01:15:00;89.93
2025-08-15 01:30:00;89.93
2025-08-15 01:45:00;89.93
2025-08-15 02:00:00;89.83
2025-08-15 02:15:00;89.83
2025-08-15 02:30:00;89.83
2025-08-15 02:45:00;89.83
2025-08-15 03:00:00;84.70
2025-08-15 03:15:00;84.70
2025-08-15 03:30:00;84.70
2025-08-15 03:45:00;84.70
2025-08-15 04:00:00;90.00
2025-08-15 04:15:00;90.00
2025-08-15 04:30:00;90.00
2025-08-15 04:45:00;90.00
2025-08-15 05:00:00;84.70
2025-08-15 05:15:00;84.70
2025-08-15 05:30:00;84.70
2025-08-15 05:45:00;84.70
2025-08-15 06:00:00;90.86
2025-08-15 06:15:00;90.86
2025-08-15 06:30:00;90.86
2025-08-15 06:45:00;90.86
2025-08-15 07:00:00;91.79
2025-08-15 07:15:00;91.79
2025-08-15 07:30:00;91.79
2025-08-15 07:45:00;91.79
2025-08-15 08:00:00;98.14
2025-08-15 08:15:00;98.14
2025-08-15 08:30:00;98.14
2025-08-15 08:45:00;98.14
2025-08-15 09:00:00;85.50
2025-08-15 09:15:00;85.50
2025-08-15 09:30:00;85.50
2025-08-15 09:45:00;85.50
2025-08-15 10:00:00;41.94
2025-08-15 10:15:00;41.94
2025-08-15 10:30:00;41.94
2025-08-15 10:45:00;41.94
2025-08-15 11:00:00;3.00
2025-08-15 11:15:00;3.00
2025-08-15 11:30:00;3.00
2025-08-15 11:45:00;3.00
2025-08-15 12:00:00;0.08
2025-08-15 12:15:00;0.08
2025-08-15 12:30:00;0.08
2025-08-15 12:45:00;0.08
2025-08-15 13:00:00;0.00
2025-08-15 13:15:00;0.00
2025-08-15 13:30:00;0.00
2025-08-15 13:45:00;0.00
2025-08-15 14:00:00;0.00
2025-08-15 14:15:00;0.00
2025-08-15 14:30:00;0.00
2025-08-15 14:45:00;0.00
2025-08-15 15:00:00;1.72
2025-08-15 15:15:00;1.72
2025-08-15 15:30:00;1.72
2025-08-15 15:45:00;1.72
2025-08-15 16:00:00;24.89
2025-08-15 16:15:00;24.89
2025-08-15 16:30:00;24.89
2025-08-15 16:45:00;24.89
2025-08-15 17:00:00;50.40
2025-08-15 17:15:00;50.40
2025-08-15 17:30:00;50.40
2025-08-15 17:45:00;50.40
2025-08-15 18:00:00;78.37
2025-08-15 18:15:00;78.37
2025-08-15 18:30:00;78.37
2025-08-15 18:45:00;78.37
2025-08-15 19:00:00;115.31
2025-08-15 19:15:00;115.31
2025-08-15 19:30:00;115.31
2025-08-15 19:45:00;115.31
2025-08-15 20:00:00;124.94
2025-08-15 20:15:00;124.94
2025-08-15 20:30:00;124.94
2025-08-15 20:45:00;124.94
2025-08-15 21:00:00;112.13
2025-08-15 21:15:00;112.13
2025-08-15 21:30:00;112.13
2025-08-15 21:45:00;112.13
2025-08-15 22:00:00;106.13
2025-08-15 22:15:00;106.13
2025-08-15 22:30:00;106.13
2025-08-15 22:45:00;106.13
2025-08-15 23:00:00;96.12
2025-08-15 23:15:00;96.12
2025-08-15 23:30:00;96.12
2025-08-15 23:45:00;96.12
2025-08-16 00:00:00;97.58
2025-08-16 00:15:00;97.58
2025-08-16 00:30:00;97.58
2025-08-16 00:45:00;97.58
2025-08-16 01:00:00;92.13
2025-08-16 01:15:00;92.13
2025-08-16 01:30:00;92.13
2025-08-16 01:45:00;92.13
2025-08-16 02:00:00;85.05
2025-08-16 02:15:00;85.05
2025-08-16 02:30:00;85.05
2025-08-16 02:45:00;85.05
2025-08-16 03:00:00;72.32
2025-08-16 03:15:00;72.32
2025-08-16 03:30:00;72.32
2025-08-16 03:45:00;72.32
2025-08-16 04:00:00;66.69
2025-08-16 04:15:00;66.69
2025-08-16 04:30:00;66.69
2025-08-16 04:45:00;66.69
2025-08-16 05:00:00;72.40
2025-08-16 05:15:00;72.40
2025-08-16 05:30:00;72.40
2025-08-16 05:45:00;72.40
2025-08-16 06:00:00;76.74
2025-08-16 06:15:00;76.74
2025-08-16 06:30:00;76.74
2025-08-16 06:45:00;76.74
2025-08-16 07:00:00;72.63
2025-08-16 07:15:00;72.63
2025-08-16 07:30:00;72.63
2025-08-16 07:45:00;72.63
2025-08-16 08:00:00;82.77
2025-08-16 08:15:00;82.77
2025-08-16 08:30:00;82.77
2025-08-16 08:45:00;82.77
2025-08-16 09:00:00;81.76
2025-08-16 09:15:00;81.76
2025-08-16 09:30:00;81.76
2025-08-16 09:45:00;81.76
2025-08-16 10:00:00;26.90
2025-08-16 10:15:00;26.90
2025-08-16 10:30:00;26.90
2025-08-16 10:45:00;26.90
2025-08-16 11:00:00;3.80
2025-08-16 11:15:00;3.80
2025-08-16 11:30:00;3.80
2025-08-16 11:45:00;3.80
2025-08-16 12:00:00;0.17
2025-08-16 12:15:00;0.17
2025-08-16 12:30:00;0.17
2025-08-16 12:45:00;0.17
2025-08-16 13:00:00;-0.01
2025-08-16 13:15:00;-0.01
2025-08-16 13:30:00;-0.01
2025-08-16 13:45:00;-0.01
2025-08-16 14:00:00;-0.01
2025-08-16 14:15:00;-0.01
2025-08-16 14:30:00;-0.01
2025-08-16 14:45:00;-0.01
2025-08-16 15:00:00;-0.01
2025-08-16 15:15:00;-0.01
2025-08-16 15:30:00;-0.01
2025-08-16 15:45:00;-0.01
2025-08-16 16:00:00;1.87
2025-08-16 16:15:00;1.87
2025-08-16 16:30:00;1.87
2025-08-16 16:45:00;1.87
2025-08-16 17:00:00;18.43
2025-08-16 17:15:00;18.43
2025-08-16 17:30:00;18.43
2025-08-16 17:45:00;18.43
2025-08-16 18:00:00;69.16
2025-08-16 18:15:00;69.16
2025-08-16 18:30:00;69.16
2025-08-16 18:45:00;69.16
2025-08-16 19:00:00;91.51
2025-08-16 19:15:00;91.51
2025-08-16 19:30:00;91.51
2025-08-16 19:45:00;91.51
2025-08-16 20:00:00;104.53
2025-08-16 20:15:00;104.53
2025-08-16 20:30:00;104.53
2025-08-16 20:45:00;104.53
2025-08-16 21:00:00;101.41
2025-08-16 21:15:00;101.41
2025-08-16 21:30:00;101.41
2025-08-16 21:45:00;101.41
2025-08-16 22:00:00;95.05
2025-08-16 22:15:00;95.05
2025-08-16 22:30:00;95.05
2025-08-16 22:45:00;95.05
2025-08-16 23:00:00;88.71
2025-08-16 23:15:00;88.71
2025-08-16 23:30:00;88.71
2025-08-16 23:45:00;88.71
2025-08-17 00:00:00;92.74
2025-08-17 00:15:00;92.74
2025-08-17 00:30:00;92.74
2025-08-17 00:45:00;92.74
2025-08-17 01:00:00;86.90
2025-08-17 01:15:00;86.90
2025-08-17 01:30:00;86.90
2025-08-17 01:45:00;86.90
2025-08-17 02:00:00;80.00
2025-08-17 02:15:00;80.00
2025-08-17 02:30:00;80.00
2025-08-17 02:45:00;80.00
2025-08-17 03:00:00;74.11
2025-08-17 03:15:00;74.11
2025-08-17 03:30:00;74.11
2025-08-17 03:45:00;74.11
2025-08-17 04:00:00;79.46
2025-08-17 04:15:00;79.46
2025-08-17 04:30:00;79.46
2025-08-17 04:45:00;79.46
2025-08-17 05:00:00;77.76
2025-08-17 05:15:00;77.76
2025-08-17 05:30:00;77.76
2025-08-17 05:45:00;77.76
2025-08-17 06:00:00;72.69
2025-08-17 06:15:00;72.69
2025-08-17 06:30:00;72.69
2025-08-17 06:45:00;72.69
2025-08-17 07:00:00;72.80
2025-08-17 07:15:00;72.80
2025-08-17 07:30:00;72.80
2025-08-17 07:45:00;72.80
2025-08-17 08:00:00;78.72
2025-08-17 08:15:00;78.72
2025-08-17 08:30:00;78.72
2025-08-17 08:45:00;78.72
2025-08-17 09:00:00;37.45
2025-08-17 09:15:00;37.45
2025-08-17 09:30:00;37.45
2025-08-17 09:45:00;37.45
2025-08-17 10:00:00;9.80
2025-08-17 10:15:00;9.80
2025-08-17 10:30:00;9.80
2025-08-17 10:45:00;9.80
2025-08-17 11:00:00;1.64
2025-08-17 11:15:00;1.64
2025-08-17 11:30:00;1.64
2025-08-17 11:45:00;1.64
2025-08-17 12:00:00;1.23
2025-08-17 12:15:00;1.23
2025-08-17 12:30:00;1.23
2025-08-17 12:45:00;1.23
2025-08-17 13:00:00;0.44
2025-08-17 13:15:00;0.44
2025-08-17 13:30:00;0.44
2025-08-17 13:45:00;0.44
2025-08-17 14:00:00;0.58
2025-08-17 14:15:00;0.58
2025-08-17 14:30:00;0.58
2025-08-17 14:45:00;0.58
2025-08-17 15:00:00;0.65
2025-08-17 15:15:00;0.65
2025-08-17 15:30:00;0.65
2025-08-17 15:45:00;0.65
2025-08-17 16:00:00;8.59
2025-08-17 16:15:00;8.59
2025-08-17 16:30:00;8.59
2025-08-17 16:45:00;8.59
2025-08-17 17:00:00;71.33
2025-08-17 17:15:00;71.33
2025-08-17 17:30:00;71.33
2025-08-17 17:45:00;71.33
2025-08-17 18:00:00;77.22
2025-08-17 18:15:00;77.22
2025-08-17 18:30:00;77.22
2025-08-17 18:45:00;77.22
2025-08-17 19:00:00;105.08
2025-08-17 19:15:00;105.08
2025-08-17 19:30:00;105.08
2025-08-17 19:45:00;105.08
2025-08-17 20:00:00;110.06
2025-08-17 20:15:00;110.06
2025-08-17 20:30:00;110.06
2025-08-17 20:45:00;110.06
2025-08-17 21:00:00;109.59
2025-08-17 21:15:00;109.59
2025-08-17 21:30:00;109.59
2025-08-17 21:45:00;109.59
2025-08-17 22:00:00;104.18
2025-08-17 22:15:00;104.18
2025-08-17 22:30:00;104.18
2025-08-17 22:45:00;104.18
2025-08-17 23:00:00;100.78
2025-08-17 23:15:00;100.78
2025-08-17 23:30:00;100.78
2025-08-17 23:45:00;100.78
2025-08-18 00:00:00;91.99
2025-08-18 00:15:00;91.99
2025-08-18 00:30:00;91.99
2025-08-18 00:45:00;91.99
2025-08-18 01:00:00;80.24
2025-08-18 01:15:00;80.24
2025-08-18 01:30:00;80.24
2025-08-18 01:45:00;80.24
2025-08-18 02:00:00;83.07
2025-08-18 02:15:00;83.07
2025-08-18 02:30:00;83.07
2025-08-18 02:45:00;83.07
2025-08-18 03:00:00;81.63
2025-08-18 03:15:00;81.63
2025-08-18 03:30:00;81.63
2025-08-18 03:45:00;81.63
2025-08-18 04:00:00;88.44
2025-08-18 04:15:00;88.44
2025-08-18 04:30:00;88.44
2025-08-18 04:45:00;88.44
2025-08-18 05:00:00;81.36
2025-08-18 05:15:00;81.36
2025-08-18 05:30:00;81.36
2025-08-18 05:45:00;81.36
2025-08-18 06:00:00;102.00
2025-08-18 06:15:00;102.00
2025-08-18 06:30:00;102.00
2025-08-18 06:45:00;102.00
2025-08-18 07:00:00;128.13
2025-08-18 07:15:00;128.13
2025-08-18 07:30:00;128.13
2025-08-18 07:45:00;128.13
2025-08-18 08:00:00;119.00
2025-08-18 08:15:00;119.00
2025-08-18 08:30:00;119.00
2025-08-18 08:45:00;119.00
2025-08-18 09:00:00;93.39
2025-08-18 09:15:00;93.39
2025-08-18 09:30:00;93.39
2025-08-18 09:45:00;93.39
2025-08-18 10:00:00;86.26
2025-08-18 10:15:00;86.26
2025-08-18 10:30:00;86.26
2025-08-18 10:45:00;86.26
2025-08-18 11:00:00;45.93
2025-08-18 11:15:00;45.93
2025-08-18 11:30:00;45.93
2025-08-18 11:45:00;45.93
2025-08-18 12:00:00;20.04
2025-08-18 12:15:00;20.04
2025-08-18 12:30:00;20.04
2025-08-18 12:45:00;20.04
2025-08-18 13:00:00;14.23
2025-08-18 13:15:00;14.23
2025-08-18 13:30:00;14.23
2025-08-18 13:45:00;14.23
2025-08-18 14:00:00;18.34
2025-08-18 14:15:00;18.34
2025-08-18 14:30:00;18.34
2025-08-18 14:45:00;18.34
2025-08-18 15:00:00;54.56
2025-08-18 15:15:00;54.56
2025-08-18 15:30:00;54.56
2025-08-18 15:45:00;54.56
2025-08-18 16:00:00;70.98
2025-08-18 16:15:00;70.98
2025-08-18 16:30:00;70.98
2025-08-18 16:45:00;70.98
2025-08-18 17:00:00;86.78
2025-08-18 17:15:00;86.78
2025-08-18 17:30:00;86.78
2025-08-18 17:45:00;86.78
2025-08-18 18:00:00;101.86
2025-08-18 18:15:00;101.86
2025-08-18 18:30:00;101.86
2025-08-18 18:45:00;101.86
2025-08-18 19:00:00;131.88
2025-08-18 19:15:00;131.88
2025-08-18 19:30:00;131.88
2025-08-18 19:45:00;131.88
2025-08-18 20:00:00;153.12
2025-08-18 20:15:00;153.12
2025-08-18 20:30:00;153.12
2025-08-18 20:45:00;153.12
2025-08-18 21:00:00;124.79
2025-08-18 21:15:00;124.79
2025-08-18 21:30:00;124.79
2025-08-18 21:45:00;124.79
2025-08-18 22:00:00;104.90
2025-08-18 22:15:00;104.90
2025-08-18 22:30:00;104.90
2025-08-18 22:45:00;104.90
2025-08-18 23:00:00;86.82
2025-08-18 23:15:00;86.82
2025-08-18 23:30:00;86.82
2025-08-18 23:45:00;86.82
2025-08-19 00:00:00;97.02
2025-08-19 00:15:00;97.02
2025-08-19 00:30:00;97.02
2025-08-19 00:45:00;97.02
2025-08-19 01:00:00;85.78
2025-08-19 01:15:00;85.78
2025-08-19 01:30:00;85.78
2025-08-19 01:45:00;85.78
2025-08-19 02:00:00;79.93
2025-08-19 02:15:00;79.93
2025-08-19 02:30:00;79.93
2025-08-19 02:45:00;79.93
2025-08-19 03:00:00;76.33
2025-08-19 03:15:00;76.33
2025-08-19 03:30:00;76.33
2025-08-19 03:45:00;76.33
2025-08-19 04:00:00;77.78
2025-08-19 04:15:00;77.78
2025-08-19 04:30:00;77.78
2025-08-19 04:45:00;77.78
2025-08-19 05:00:00;89.08
2025-08-19 05:15:00;89.08
2025-08-19 05:30:00;89.08
2025-08-19 05:45:00;89.08
2025-08-19 06:00:00;98.64
2025-08-19 06:15:00;98.64
2025-08-19 06:30:00;98.64
2025-08-19 06:45:00;98.64
2025-08-19 07:00:00;108.86
2025-08-19 07:15:00;108.86
2025-08-19 07:30:00;108.86
2025-08-19 07:45:00;108.86
2025-08-19 08:00:00;98.05
2025-08-19 08:15:00;98.05
2025-08-19 08:30:00;98.05
2025-08-19 08:45:00;98.05
2025-08-19 09:00:00;88.57
2025-08-19 09:15:00;88.57
2025-08-19 09:30:00;88.57
2025-08-19 09:45:00;88.57
2025-08-19 10:00:00;69.64
2025-08-19 10:15:00;69.64
2025-08-19 10:30:00;69.64
2025-08-19 10:45:00;69.64
2025-08-19 11:00:00;43.23
2025-08-19 11:15:00;43.23
2025-08-19 11:30:00;43.23
2025-08-19 11:45:00;43.23
2025-08-19 12:00:00;25.12
2025-08-19 12:15:00;25.12
2025-08-19 12:30:00;25.12
2025-08-19 12:45:00;25.12
2025-08-19 13:00:00;13.42
2025-08-19 13:15:00;13.42
2025-08-19 13:30:00;13.42
2025-08-19 13:45:00;13.42
2025-08-19 14:00:00;15.02
2025-08-19 14:15:00;15.02
2025-08-19 14:30:00;15.02
2025-08-19 14:45:00;15.02
2025-08-19 15:00:00;40.54
2025-08-19 15:15:00;40.54
2025-08-19 15:30:00;40.54
2025-08-19 15:45:00;40.54
2025-08-19 16:00:00;58.18
2025-08-19 16:15:00;58.18
2025-08-19 16:30:00;58.18
2025-08-19 16:45:00;58.18
2025-08-19 17:00:00;74.86
2025-08-19 17:15:00;74.86
2025-08-19 17:30:00;74.86
2025-08-19 17:45:00;74.86
2025-08-19 18:00:00;74.23
2025-08-19 18:15:00;74.23
2025-08-19 18:30:00;74.23
2025-08-19 18:45:00;74.23
2025-08-19 19:00:00;106.73
2025-08-19 19:15:00;106.73
2025-08-19 19:30:00;106.73
2025-08-19 19:45:00;106.73
2025-08-19 20:00:00;110.59
2025-08-19 20:15:00;110.59
2025-08-19 20:30:00;110.59
2025-08-19 20:45:00;110.59
2025-08-19 21:00:00;103.63
2025-08-19 21:15:00;103.63
2025-08-19 21:30:00;103.63
2025-08-19 21:45:00;103.63
2025-08-19 22:00:00;100.78
2025-08-19 22:15:00;100.78
2025-08-19 22:30:00;100.78
2025-08-19 22:45:00;100.78
2025-08-19 23:00:00;89.93
2025-08-19 23:15:00;89.93
2025-08-19 23:30:00;89.93
2025-08-19 23:45:00;89.93
2025-08-20 00:00:00;90.59
2025-08-20 00:15:00;90.59
2025-08-20 00:30:00;90.59
2025-08-20 00:45:00;90.59
2025-08-20 01:00:00;83.94
2025-08-20 01:15:00;83.94
2025-08-20 01:30:00;83.94
2025-08-20 01:45:00;83.94
2025-08-20 02:00:00;77.31
2025-08-20 02:15:00;77.31
2025-08-20 02:30:00;77.31
2025-08-20 02:45:00;77.31
2025-08-20 03:00:00;76.22
2025-08-20 03:15:00;76.22
2025-08-20 03:30:00;76.22
2025-08-20 03:45:00;76.22
2025-08-20 04:00:00;79.83
2025-08-20 04:15:00;79.83
2025-08-20 04:30:00;79.83
2025-08-20 04:45:00;79.83
2025-08-20 05:00:00;87.33
2025-08-20 05:15:00;87.33
2025-08-20 05:30:00;87.33
2025-08-20 05:45:00;87.33
2025-08-20 06:00:00;90.99
2025-08-20 06:15:00;90.99
2025-08-20 06:30:00;90.99
2025-08-20 06:45:00;90.99
2025-08-20 07:00:00;103.00
2025-08-20 07:15:00;103.00
2025-08-20 07:30:00;103.00
2025-08-20 07:45:00;103.00
2025-08-20 08:00:00;104.98
2025-08-20 08:15:00;104.98
2025-08-20 08:30:00;104.98
2025-08-20 08:45:00;104.98
2025-08-20 09:00:00;88.75
2025-08-20 09:15:00;88.75
2025-08-20 09:30:00;88.75
2025-08-20 09:45:00;88.75
2025-08-20 10:00:00;82.80
2025-08-20 10:15:00;82.80
2025-08-20 10:30:00;82.80
2025-08-20 10:45:00;82.80
2025-08-20 11:00:00;67.65
2025-08-20 11:15:00;67.65
2025-08-20 11:30:00;67.65
2025-08-20 11:45:00;67.65
2025-08-20 12:00:00;49.05
2025-08-20 12:15:00;49.05
2025-08-20 12:30:00;49.05
2025-08-20 12:45:00;49.05
2025-08-20 13:00:00;35.00
2025-08-20 13:15:00;35.00
2025-08-20 13:30:00;35.00
2025-08-20 13:45:00;35.00
2025-08-20 14:00:00;36.14
2025-08-20 14:15:00;36.14
2025-08-20 14:30:00;36.14
2025-08-20 14:45:00;36.14
2025-08-20 15:00:00;47.30
2025-08-20 15:15:00;47.30
2025-08-20 15:30:00;47.30
2025-08-20 15:45:00;47.30
2025-08-20 16:00:00;51.42
2025-08-20 16:15:00;51.42
2025-08-20 16:30:00;51.42
2025-08-20 16:45:00;51.42
2025-08-20 17:00:00;65.63
2025-08-20 17:15:00;65.63
2025-08-20 17:30:00;65.63
2025-08-20 17:45:00;65.63
2025-08-20 18:00:00;99.00
2025-08-20 18:15:00;99.00
2025-08-20 18:30:00;99.00
2025-08-20 18:45:00;99.00
2025-08-20 19:00:00;119.13
2025-08-20 19:15:00;119.13
2025-08-20 19:30:00;119.13
2025-08-20 19:45:00;119.13
2025-08-20 20:00:00;122.90
2025-08-20 20:15:00;122.90
2025-08-20 20:30:00;122.90
2025-08-20 20:45:00;122.90
2025-08-20 21:00:00;110.89
2025-08-20 21:15:00;110.89
2025-08-20 21:30:00;110.89
2025-08-20 21:45:00;110.89
2025-08-20 22:00:00;101.57
2025-08-20 22:15:00;101.57
2025-08-20 22:30:00;101.57
2025-08-20 22:45:00;101.57
2025-08-20 23:00:00;90.41
2025-08-20 23:15:00;90.41
2025-08-20 23:30:00;90.41
2025-08-20 23:45:00;90.41
2025-08-21 00:00:00;71.88
2025-08-21 00:15:00;71.88
2025-08-21 00:30:00;71.88
2025-08-21 00:45:00;71.88
2025-08-21 01:00:00;65.00
2025-08-21 01:15:00;65.00
2025-08-21 01:30:00;65.00
2025-08-21 01:45:00;65.00
2025-08-21 02:00:00;75.32
2025-08-21 02:15:00;75.32
2025-08-21 02:30:00;75.32
2025-08-21 02:45:00;75.32
2025-08-21 03:00:00;75.80
2025-08-21 03:15:00;75.80
2025-08-21 03:30:00;75.80
2025-08-21 03:45:00;75.80
2025-08-21 04:00:00;78.82
2025-08-21 04:15:00;78.82
2025-08-21 04:30:00;78.82
2025-08-21 04:45:00;78.82
2025-08-21 05:00:00;89.80
2025-08-21 05:15:00;89.80
2025-08-21 05:30:00;89.80
2025-08-21 05:45:00;89.80
2025-08-21 06:00:00;93.08
2025-08-21 06:15:00;93.08
2025-08-21 06:30:00;93.08
2025-08-21 06:45:00;93.08
2025-08-21 07:00:00;111.80
2025-08-21 07:15:00;111.80
2025-08-21 07:30:00;111.80
2025-08-21 07:45:00;111.80
2025-08-21 08:00:00;91.96
2025-08-21 08:15:00;91.96
2025-08-21 08:30:00;91.96
2025-08-21 08:45:00;91.96
2025-08-21 09:00:00;83.42
2025-08-21 09:15:00;83.42
2025-08-21 09:30:00;83.42
2025-08-21 09:45:00;83.42
2025-08-21 10:00:00;68.40
2025-08-21 10:15:00;68.40
2025-08-21 10:30:00;68.40
2025-08-21 10:45:00;68.40
2025-08-21 11:00:00;58.40
2025-08-21 11:15:00;58.40
2025-08-21 11:30:00;58.40
2025-08-21 11:45:00;58.40
2025-08-21 12:00:00;50.86
2025-08-21 12:15:00;50.86
2025-08-21 12:30:00;50.86
2025-08-21 12:45:00;50.86
2025-08-21 13:00:00;31.71
2025-08-21 13:15:00;31.71
2025-08-21 13:30:00;31.71
2025-08-21 13:45:00;31.71
2025-08-21 14:00:00;28.29
2025-08-21 14:15:00;28.29
2025-08-21 14:30:00;28.29
2025-08-21 14:45:00;28.29
2025-08-21 15:00:00;37.68
2025-08-21 15:15:00;37.68
2025-08-21 15:30:00;37.68
2025-08-21 15:45:00;37.68
2025-08-21 16:00:00;52.99
2025-08-21 16:15:00;52.99
2025-08-21 16:30:00;52.99
2025-08-21 16:45:00;52.99
2025-08-21 17:00:00;45.16
2025-08-21 17:15:00;45.16
2025-08-21 17:30:00;45.16
2025-08-21 17:45:00;45.16
2025-08-21 18:00:00;62.45
2025-08-21 18:15:00;62.45
2025-08-21 18:30:00;62.45
2025-08-21 18:45:00;62.45
2025-08-21 19:00:00;100.44
2025-08-21 19:15:00;100.44
2025-08-21 19:30:00;100.44
2025-08-21 19:45:00;100.44
2025-08-21 20:00:00;115.15
2025-08-21 20:15:00;115.15
2025-08-21 20:30:00;115.15
2025-08-21 20:45:00;115.15
2025-08-21 21:00:00;113.10
2025-08-21 21:15:00;113.10
2025-08-21 21:30:00;113.10
2025-08-21 21:45:00;113.10
2025-08-21 22:00:00;108.40
2025-08-21 22:15:00;108.40
2025-08-21 22:30:00;108.40
2025-08-21 22:45:00;108.40
2025-08-21 23:00:00;98.70
2025-08-21 23:15:00;98.70
2025-08-21 23:30:00;98.70
2025-08-21 23:45:00;98.70
2025-08-22 00:00:00;90.68
2025-08-22 00:15:00;90.68
2025-08-22 00:30:00;90.68
2025-08-22 00:45:00;90.68
2025-08-22 01:00:00;83.85
2025-08-22 01:15:00;83.85
2025-08-22 01:30:00;83.85
2025-08-22 01:45:00;83.85
2025-08-22 02:00:00;80.42
2025-08-22 02:15:00;80.42
2025-08-22 02:30:00;80.42
2025-08-22 02:45:00;80.42
2025-08-22 03:00:00;79.70
2025-08-22 03:15:00;79.70
2025-08-22 03:30:00;79.70
2025-08-22 03:45:00;79.70
2025-08-22 04:00:00;80.48
2025-08-22 04:15:00;80.48
2025-08-22 04:30:00;80.48
2025-08-22 04:45:00;80.48
2025-08-22 05:00:00;77.19
2025-08-22 05:15:00;77.19
2025-08-22 05:30:00;77.19
2025-08-22 05:45:00;77.19
2025-08-22 06:00:00;104.20
2025-08-22 06:15:00;104.20
2025-08-22 06:30:00;104.20
2025-08-22 06:45:00;104.20
2025-08-22 07:00:00;105.96
2025-08-22 07:15:00;105.96
2025-08-22 07:30:00;105.96
2025-08-22 07:45:00;105.96
2025-08-22 08:00:00;104.07
2025-08-22 08:15:00;104.07
2025-08-22 08:30:00;104.07
2025-08-22 08:45:00;104.07
2025-08-22 09:00:00;101.04
2025-08-22 09:15:00;101.04
2025-08-22 09:30:00;101.04
2025-08-22 09:45:00;101.04
2025-08-22 10:00:00;102.82
2025-08-22 10:15:00;102.82
2025-08-22 10:30:00;102.82
2025-08-22 10:45:00;102.82
2025-08-22 11:00:00;92.46
2025-08-22 11:15:00;92.46
2025-08-22 11:30:00;92.46
2025-08-22 11:45:00;92.46
2025-08-22 12:00:00;59.67
2025-08-22 12:15:00;59.67
2025-08-22 12:30:00;59.67
2025-08-22 12:45:00;59.67
2025-08-22 13:00:00;43.30
2025-08-22 13:15:00;43.30
2025-08-22 13:30:00;43.30
2025-08-22 13:45:00;43.30
2025-08-22 14:00:00;27.73
2025-08-22 14:15:00;27.73
2025-08-22 14:30:00;27.73
2025-08-22 14:45:00;27.73
2025-08-22 15:00:00;27.00
2025-08-22 15:15:00;27.00
2025-08-22 15:30:00;27.00
2025-08-22 15:45:00;27.00
2025-08-22 16:00:00;61.00
2025-08-22 16:15:00;61.00
2025-08-22 16:30:00;61.00
2025-08-22 16:45:00;61.00
2025-08-22 17:00:00;89.00
2025-08-22 17:15:00;89.00
2025-08-22 17:30:00;89.00
2025-08-22 17:45:00;89.00
2025-08-22 18:00:00;96.85
2025-08-22 18:15:00;96.85
2025-08-22 18:30:00;96.85
2025-08-22 18:45:00;96.85
2025-08-22 19:00:00;107.72
2025-08-22 19:15:00;107.72
2025-08-22 19:30:00;107.72
2025-08-22 19:45:00;107.72
2025-08-22 20:00:00;113.67
2025-08-22 20:15:00;113.67
2025-08-22 20:30:00;113.67
2025-08-22 20:45:00;113.67
2025-08-22 21:00:00;108.04
2025-08-22 21:15:00;108.04
2025-08-22 21:30:00;108.04
2025-08-22 21:45:00;108.04
2025-08-22 22:00:00;103.20
2025-08-22 22:15:00;103.20
2025-08-22 22:30:00;103.20
2025-08-22 22:45:00;103.20
2025-08-22 23:00:00;94.37
2025-08-22 23:15:00;94.37
2025-08-22 23:30:00;94.37
2025-08-22 23:45:00;94.37
2025-08-23 00:00:00;95.33
2025-08-23 00:15:00;95.33
2025-08-23 00:30:00;95.33
2025-08-23 00:45:00;95.33
2025-08-23 01:00:00;89.32
2025-08-23 01:15:00;89.32
2025-08-23 01:30:00;89.32
2025-08-23 01:45:00;89.32
2025-08-23 02:00:00;88.59
2025-08-23 02:15:00;88.59
2025-08-23 02:30:00;88.59
2025-08-23 02:45:00;88.59
2025-08-23 03:00:00;86.06
2025-08-23 03:15:00;86.06
2025-08-23 03:30:00;86.06
2025-08-23 03:45:00;86.06
2025-08-23 04:00:00;86.72
2025-08-23 04:15:00;86.72
2025-08-23 04:30:00;86.72
2025-08-23 04:45:00;86.72
2025-08-23 05:00:00;86.39
2025-08-23 05:15:00;86.39
2025-08-23 05:30:00;86.39
2025-08-23 05:45:00;86.39
2025-08-23 06:00:00;86.93
2025-08-23 06:15:00;86.93
2025-08-23 06:30:00;86.93
2025-08-23 06:45:00;86.93
2025-08-23 07:00:00;86.82
2025-08-23 07:15:00;86.82
2025-08-23 07:30:00;86.82
2025-08-23 07:45:00;86.82
2025-08-23 08:00:00;90.00
2025-08-23 08:15:00;90.00
2025-08-23 08:30:00;90.00
2025-08-23 08:45:00;90.00
2025-08-23 09:00:00;75.93
2025-08-23 09:15:00;75.93
2025-08-23 09:30:00;75.93
2025-08-23 09:45:00;75.93
2025-08-23 10:00:00;21.38
2025-08-23 10:15:00;21.38
2025-08-23 10:30:00;21.38
2025-08-23 10:45:00;21.38
2025-08-23 11:00:00;3.73
2025-08-23 11:15:00;3.73
2025-08-23 11:30:00;3.73
2025-08-23 11:45:00;3.73
2025-08-23 12:00:00;2.18
2025-08-23 12:15:00;2.18
2025-08-23 12:30:00;2.18
2025-08-23 12:45:00;2.18
2025-08-23 13:00:00;1.15
2025-08-23 13:15:00;1.15
2025-08-23 13:30:00;1.15
2025-08-23 13:45:00;1.15
2025-08-23 14:00:00;0.93
2025-08-23 14:15:00;0.93
2025-08-23 14:30:00;0.93
2025-08-23 14:45:00;0.93
2025-08-23 15:00:00;3.52
2025-08-23 15:15:00;3.52
2025-08-23 15:30:00;3.52
2025-08-23 15:45:00;3.52
2025-08-23 16:00:00;12.14
2025-08-23 16:15:00;12.14
2025-08-23 16:30:00;12.14
2025-08-23 16:45:00;12.14
2025-08-23 17:00:00;68.91
2025-08-23 17:15:00;68.91
2025-08-23 17:30:00;68.91
2025-08-23 17:45:00;68.91
2025-08-23 18:00:00;97.19
2025-08-23 18:15:00;97.19
2025-08-23 18:30:00;97.19
2025-08-23 18:45:00;97.19
2025-08-23 19:00:00;112.45
2025-08-23 19:15:00;112.45
2025-08-23 19:30:00;112.45
2025-08-23 19:45:00;112.45
2025-08-23 20:00:00;122.53
2025-08-23 20:15:00;122.53
2025-08-23 20:30:00;122.53
2025-08-23 20:45:00;122.53
2025-08-23 21:00:00;120.70
2025-08-23 21:15:00;120.70
2025-08-23 21:30:00;120.70
2025-08-23 21:45:00;120.70
2025-08-23 22:00:00;111.16
2025-08-23 22:15:00;111.16
2025-08-23 22:30:00;111.16
2025-08-23 22:45:00;111.16
2025-08-23 23:00:00;105.29
2025-08-23 23:15:00;105.29
2025-08-23 23:30:00;105.29
2025-08-23 23:45:00;105.29
2025-08-24 00:00:00;100.50
2025-08-24 00:15:00;100.50
2025-08-24 00:30:00;100.50
2025-08-24 00:45:00;100.50
2025-08-24 01:00:00;95.14
2025-08-24 01:15:00;95.14
2025-08-24 01:30:00;95.14
2025-08-24 01:45:00;95.14
2025-08-24 02:00:00;94.93
2025-08-24 02:15:00;94.93
2025-08-24 02:30:00;94.93
2025-08-24 02:45:00;94.93
2025-08-24 03:00:00;92.74
2025-08-24 03:15:00;92.74
2025-08-24 03:30:00;92.74
2025-08-24 03:45:00;92.74
2025-08-24 04:00:00;91.93
2025-08-24 04:15:00;91.93
2025-08-24 04:30:00;91.93
2025-08-24 04:45:00;91.93
2025-08-24 05:00:00;91.40
2025-08-24 05:15:00;91.40
2025-08-24 05:30:00;91.40
2025-08-24 05:45:00;91.40
2025-08-24 06:00:00;90.00
2025-08-24 06:15:00;90.00
2025-08-24 06:30:00;90.00
2025-08-24 06:45:00;90.00
2025-08-24 07:00:00;85.23
2025-08-24 07:15:00;85.23
2025-08-24 07:30:00;85.23
2025-08-24 07:45:00;85.23
2025-08-24 08:00:00;87.73
2025-08-24 08:15:00;87.73
2025-08-24 08:30:00;87.73
2025-08-24 08:45:00;87.73
2025-08-24 09:00:00;4.77
2025-08-24 09:15:00;4.77
2025-08-24 09:30:00;4.77
2025-08-24 09:45:00;4.77
2025-08-24 10:00:00;-0.01
2025-08-24 10:15:00;-0.01
2025-08-24 10:30:00;-0.01
2025-08-24 10:45:00;-0.01
2025-08-24 11:00:00;-0.07
2025-08-24 11:15:00;-0.07
2025-08-24 11:30:00;-0.07
2025-08-24 11:45:00;-0.07
2025-08-24 12:00:00;-1.98
2025-08-24 12:15:00;-1.98
2025-08-24 12:30:00;-1.98
2025-08-24 12:45:00;-1.98
2025-08-24 13:00:00;-7.45
2025-08-24 13:15:00;-7.45
2025-08-24 13:30:00;-7.45
2025-08-24 13:45:00;-7.45
2025-08-24 14:00:00;-7.40
2025-08-24 14:15:00;-7.40
2025-08-24 14:30:00;-7.40
2025-08-24 14:45:00;-7.40
2025-08-24 15:00:00;-0.10
2025-08-24 15:15:00;-0.10
2025-08-24 15:30:00;-0.10
2025-08-24 15:45:00;-0.10
2025-08-24 16:00:00;0.00
2025-08-24 16:15:00;0.00
2025-08-24 16:30:00;0.00
2025-08-24 16:45:00;0.00
2025-08-24 17:00:00;48.80
2025-08-24 17:15:00;48.80
2025-08-24 17:30:00;48.80
2025-08-24 17:45:00;48.80
2025-08-24 18:00:00;94.30
2025-08-24 18:15:00;94.30
2025-08-24 18:30:00;94.30
2025-08-24 18:45:00;94.30
2025-08-24 19:00:00;111.56
2025-08-24 19:15:00;111.56
2025-08-24 19:30:00;111.56
2025-08-24 19:45:00;111.56
2025-08-24 20:00:00;117.57
2025-08-24 20:15:00;117.57
2025-08-24 20:30:00;117.57
2025-08-24 20:45:00;117.57
2025-08-24 21:00:00;114.32
2025-08-24 21:15:00;114.32
2025-08-24 21:30:00;114.32
2025-08-24 21:45:00;114.32
2025-08-24 22:00:00;107.50
2025-08-24 22:15:00;107.50
2025-08-24 22:30:00;107.50
2025-08-24 22:45:00;107.50
2025-08-24 23:00:00;100.52
2025-08-24 23:15:00;100.52
2025-08-24 23:30:00;100.52
2025-08-24 23:45:00;100.52
2025-08-25 00:00:00;95.28
2025-08-25 00:15:00;95.28
2025-08-25 00:30:00;95.28
2025-08-25 00:45:00;95.28
2025-08-25 01:00:00;87.03
2025-08-25 01:15:00;87.03
2025-08-25 01:30:00;87.03
2025-08-25 01:45:00;87.03
2025-08-25 02:00:00;84.79
2025-08-25 02:15:00;84.79
2025-08-25 02:30:00;84.79
2025-08-25 02:45:00;84.79
2025-08-25 03:00:00;80.77
2025-08-25 03:15:00;80.77
2025-08-25 03:30:00;80.77
2025-08-25 03:45:00;80.77
2025-08-25 04:00:00;76.08
2025-08-25 04:15:00;76.08
2025-08-25 04:30:00;76.08
2025-08-25 04:45:00;76.08
2025-08-25 05:00:00;88.53
2025-08-25 05:15:00;88.53
2025-08-25 05:30:00;88.53
2025-08-25 05:45:00;88.53
2025-08-25 06:00:00;110.72
2025-08-25 06:15:00;110.72
2025-08-25 06:30:00;110.72
2025-08-25 06:45:00;110.72
2025-08-25 07:00:00;125.00
2025-08-25 07:15:00;125.00
2025-08-25 07:30:00;125.00
2025-08-25 07:45:00;125.00
2025-08-25 08:00:00;110.68
2025-08-25 08:15:00;110.68
2025-08-25 08:30:00;110.68
2025-08-25 08:45:00;110.68
2025-08-25 09:00:00;91.97
2025-08-25 09:15:00;91.97
2025-08-25 09:30:00;91.97
2025-08-25 09:45:00;91.97
2025-08-25 10:00:00;73.20
2025-08-25 10:15:00;73.20
2025-08-25 10:30:00;73.20
2025-08-25 10:45:00;73.20
2025-08-25 11:00:00;35.02
2025-08-25 11:15:00;35.02
2025-08-25 11:30:00;35.02
2025-08-25 11:45:00;35.02
2025-08-25 12:00:00;10.00
2025-08-25 12:15:00;10.00
2025-08-25 12:30:00;10.00
2025-08-25 12:45:00;10.00
2025-08-25 13:00:00;5.93
2025-08-25 13:15:00;5.93
2025-08-25 13:30:00;5.93
2025-08-25 13:45:00;5.93
2025-08-25 14:00:00;6.78
2025-08-25 14:15:00;6.78
2025-08-25 14:30:00;6.78
2025-08-25 14:45:00;6.78
2025-08-25 15:00:00;25.20
2025-08-25 15:15:00;25.20
2025-08-25 15:30:00;25.20
2025-08-25 15:45:00;25.20
2025-08-25 16:00:00;56.51
2025-08-25 16:15:00;56.51
2025-08-25 16:30:00;56.51
2025-08-25 16:45:00;56.51
2025-08-25 17:00:00;83.55
2025-08-25 17:15:00;83.55
2025-08-25 17:30:00;83.55
2025-08-25 17:45:00;83.55
2025-08-25 18:00:00;102.01
2025-08-25 18:15:00;102.01
2025-08-25 18:30:00;102.01
2025-08-25 18:45:00;102.01
2025-08-25 19:00:00;144.85
2025-08-25 19:15:00;144.85
2025-08-25 19:30:00;144.85
2025-08-25 19:45:00;144.85
2025-08-25 20:00:00;189.87
2025-08-25 20:15:00;189.87
2025-08-25 20:30:00;189.87
2025-08-25 20:45:00;189.87
2025-08-25 21:00:00;136.07
2025-08-25 21:15:00;136.07
2025-08-25 21:30:00;136.07
2025-08-25 21:45:00;136.07
2025-08-25 22:00:00;115.04
2025-08-25 22:15:00;115.04
2025-08-25 22:30:00;115.04
2025-08-25 22:45:00;115.04
2025-08-25 23:00:00;105.15
2025-08-25 23:15:00;105.15
2025-08-25 23:30:00;105.15
2025-08-25 23:45:00;105.15
2025-08-26 00:00:00;98.52
2025-08-26 00:15:00;98.52
2025-08-26 00:30:00;98.52
2025-08-26 00:45:00;98.52
2025-08-26 01:00:00;95.67
2025-08-26 01:15:00;95.67
2025-08-26 01:30:00;95.67
2025-08-26 01:45:00;95.67
2025-08-26 02:00:00;87.79
2025-08-26 02:15:00;87.79
2025-08-26 02:30:00;87.79
2025-08-26 02:45:00;87.79
2025-08-26 03:00:00;84.16
2025-08-26 03:15:00;84.16
2025-08-26 03:30:00;84.16
2025-08-26 03:45:00;84.16
2025-08-26 04:00:00;83.61
2025-08-26 04:15:00;83.61
2025-08-26 04:30:00;83.61
2025-08-26 04:45:00;83.61
2025-08-26 05:00:00;78.51
2025-08-26 05:15:00;78.51
2025-08-26 05:30:00;78.51
2025-08-26 05:45:00;78.51
2025-08-26 06:00:00;93.45
2025-08-26 06:15:00;93.45
2025-08-26 06:30:00;93.45
2025-08-26 06:45:00;93.45
2025-08-26 07:00:00;101.94
2025-08-26 07:15:00;101.94
2025-08-26 07:30:00;101.94
2025-08-26 07:45:00;101.94
2025-08-26 08:00:00;100.40
2025-08-26 08:15:00;100.40
2025-08-26 08:30:00;100.40
2025-08-26 08:45:00;100.40
2025-08-26 09:00:00;90.00
2025-08-26 09:15:00;90.00
2025-08-26 09:30:00;90.00
2025-08-26 09:45:00;90.00
2025-08-26 10:00:00;77.45
2025-08-26 10:15:00;77.45
2025-08-26 10:30:00;77.45
2025-08-26 10:45:00;77.45
2025-08-26 11:00:00;61.11
2025-08-26 11:15:00;61.11
2025-08-26 11:30:00;61.11
2025-08-26 11:45:00;61.11
2025-08-26 12:00:00;41.59
2025-08-26 12:15:00;41.59
2025-08-26 12:30:00;41.59
2025-08-26 12:45:00;41.59
2025-08-26 13:00:00;26.28
2025-08-26 13:15:00;26.28
2025-08-26 13:30:00;26.28
2025-08-26 13:45:00;26.28
2025-08-26 14:00:00;38.05
2025-08-26 14:15:00;38.05
2025-08-26 14:30:00;38.05
2025-08-26 14:45:00;38.05
2025-08-26 15:00:00;69.19
2025-08-26 15:15:00;69.19
2025-08-26 15:30:00;69.19
2025-08-26 15:45:00;69.19
2025-08-26 16:00:00;80.00
2025-08-26 16:15:00;80.00
2025-08-26 16:30:00;80.00
2025-08-26 16:45:00;80.00
2025-08-26 17:00:00;93.33
2025-08-26 17:15:00;93.33
2025-08-26 17:30:00;93.33
2025-08-26 17:45:00;93.33
2025-08-26 18:00:00;94.30
2025-08-26 18:15:00;94.30
2025-08-26 18:30:00;94.30
2025-08-26 18:45:00;94.30
2025-08-26 19:00:00;122.00
2025-08-26 19:15:00;122.00
2025-08-26 19:30:00;122.00
2025-08-26 19:45:00;122.00
2025-08-26 20:00:00;138.00
2025-08-26 20:15:00;138.00
2025-08-26 20:30:00;138.00
2025-08-26 20:45:00;138.00
2025-08-26 21:00:00;123.37
2025-08-26 21:15:00;123.37
2025-08-26 21:30:00;123.37
2025-08-26 21:45:00;123.37
2025-08-26 22:00:00;109.48
2025-08-26 22:15:00;109.48
2025-08-26 22:30:00;109.48
2025-08-26 22:45:00;109.48
2025-08-26 23:00:00;97.79
2025-08-26 23:15:00;97.79
2025-08-26 23:30:00;97.79
2025-08-26 23:45:00;97.79
2025-08-27 00:00:00;97.67
2025-08-27 00:15:00;97.67
2025-08-27 00:30:00;97.67
2025-08-27 00:45:00;97.67
2025-08-27 01:00:00;90.00
2025-08-27 01:15:00;90.00
2025-08-27 01:30:00;90.00
2025-08-27 01:45:00;90.00
2025-08-27 02:00:00;86.54
2025-08-27 02:15:00;86.54
2025-08-27 02:30:00;86.54
2025-08-27 02:45:00;86.54
2025-08-27 03:00:00;86.91
2025-08-27 03:15:00;86.91
2025-08-27 03:30:00;86.91
2025-08-27 03:45:00;86.91
2025-08-27 04:00:00;89.45
2025-08-27 04:15:00;89.45
2025-08-27 04:30:00;89.45
2025-08-27 04:45:00;89.45
2025-08-27 05:00:00;97.13
2025-08-27 05:15:00;97.13
2025-08-27 05:30:00;97.13
2025-08-27 05:45:00;97.13
2025-08-27 06:00:00;109.87
2025-08-27 06:15:00;109.87
2025-08-27 06:30:00;109.87
2025-08-27 06:45:00;109.87
2025-08-27 07:00:00;118.00
2025-08-27 07:15:00;118.00
2025-08-27 07:30:00;118.00
2025-08-27 07:45:00;118.00
2025-08-27 08:00:00;113.64
2025-08-27 08:15:00;113.64
2025-08-27 08:30:00;113.64
2025-08-27 08:45:00;113.64
2025-08-27 09:00:00;101.63
2025-08-27 09:15:00;101.63
2025-08-27 09:30:00;101.63
2025-08-27 09:45:00;101.63
2025-08-27 10:00:00;85.42
2025-08-27 10:15:00;85.42
2025-08-27 10:30:00;85.42
2025-08-27 10:45:00;85.42
2025-08-27 11:00:00;78.85
2025-08-27 11:15:00;78.85
2025-08-27 11:30:00;78.85
2025-08-27 11:45:00;78.85
2025-08-27 12:00:00;64.00
2025-08-27 12:15:00;64.00
2025-08-27 12:30:00;64.00
2025-08-27 12:45:00;64.00
2025-08-27 13:00:00;50.25
2025-08-27 13:15:00;50.25
2025-08-27 13:30:00;50.25
2025-08-27 13:45:00;50.25
2025-08-27 14:00:00;50.85
2025-08-27 14:15:00;50.85
2025-08-27 14:30:00;50.85
2025-08-27 14:45:00;50.85
2025-08-27 15:00:00;73.36
2025-08-27 15:15:00;73.36
2025-08-27 15:30:00;73.36
2025-08-27 15:45:00;73.36
2025-08-27 16:00:00;79.10
2025-08-27 16:15:00;79.10
2025-08-27 16:30:00;79.10
2025-08-27 16:45:00;79.10
2025-08-27 17:00:00;97.53
2025-08-27 17:15:00;97.53
2025-08-27 17:30:00;97.53
2025-08-27 17:45:00;97.53
2025-08-27 18:00:00;104.60
2025-08-27 18:15:00;104.60
2025-08-27 18:30:00;104.60
2025-08-27 18:45:00;104.60
2025-08-27 19:00:00;135.98
2025-08-27 19:15:00;135.98
2025-08-27 19:30:00;135.98
2025-08-27 19:45:00;135.98
2025-08-27 20:00:00;162.30
2025-08-27 20:15:00;162.30
2025-08-27 20:30:00;162.30
2025-08-27 20:45:00;162.30
2025-08-27 21:00:00;127.51
2025-08-27 21:15:00;127.51
2025-08-27 21:30:00;127.51
2025-08-27 21:45:00;127.51
2025-08-27 22:00:00;113.63
2025-08-27 22:15:00;113.63
2025-08-27 22:30:00;113.63
2025-08-27 22:45:00;113.63
2025-08-27 23:00:00;103.57
2025-08-27 23:15:00;103.57
2025-08-27 23:30:00;103.57
2025-08-27 23:45:00;103.57
2025-08-28 00:00:00;97.15
2025-08-28 00:15:00;97.15
2025-08-28 00:30:00;97.15
2025-08-28 00:45:00;97.15
2025-08-28 01:00:00;91.38
2025-08-28 01:15:00;91.38
2025-08-28 01:30:00;91.38
2025-08-28 01:45:00;91.38
2025-08-28 02:00:00;87.33
2025-08-28 02:15:00;87.33
2025-08-28 02:30:00;87.33
2025-08-28 02:45:00;87.33
2025-08-28 03:00:00;82.88
2025-08-28 03:15:00;82.88
2025-08-28 03:30:00;82.88
2025-08-28 03:45:00;82.88
2025-08-28 04:00:00;83.86
2025-08-28 04:15:00;83.86
2025-08-28 04:30:00;83.86
2025-08-28 04:45:00;83.86
2025-08-28 05:00:00;85.23
2025-08-28 05:15:00;85.23
2025-08-28 05:30:00;85.23
2025-08-28 05:45:00;85.23
2025-08-28 06:00:00;98.22
2025-08-28 06:15:00;98.22
2025-08-28 06:30:00;98.22
2025-08-28 06:45:00;98.22
2025-08-28 07:00:00;124.11
2025-08-28 07:15:00;124.11
2025-08-28 07:30:00;124.11
2025-08-28 07:45:00;124.11
2025-08-28 08:00:00;118.60
2025-08-28 08:15:00;118.60
2025-08-28 08:30:00;118.60
2025-08-28 08:45:00;118.60
2025-08-28 09:00:00;95.00
2025-08-28 09:15:00;95.00
2025-08-28 09:30:00;95.00
2025-08-28 09:45:00;95.00
2025-08-28 10:00:00;94.89
2025-08-28 10:15:00;94.89
2025-08-28 10:30:00;94.89
2025-08-28 10:45:00;94.89
2025-08-28 11:00:00;86.16
2025-08-28 11:15:00;86.16
2025-08-28 11:30:00;86.16
2025-08-28 11:45:00;86.16
2025-08-28 12:00:00;79.94
2025-08-28 12:15:00;79.94
2025-08-28 12:30:00;79.94
2025-08-28 12:45:00;79.94
2025-08-28 13:00:00;75.12
2025-08-28 13:15:00;75.12
2025-08-28 13:30:00;75.12
2025-08-28 13:45:00;75.12
2025-08-28 14:00:00;74.63
2025-08-28 14:15:00;74.63
2025-08-28 14:30:00;74.63
2025-08-28 14:45:00;74.63
2025-08-28 15:00:00;73.64
2025-08-28 15:15:00;73.64
2025-08-28 15:30:00;73.64
2025-08-28 15:45:00;73.64
2025-08-28 16:00:00;69.14
2025-08-28 16:15:00;69.14
2025-08-28 16:30:00;69.14
2025-08-28 16:45:00;69.14
2025-08-28 17:00:00;50.08
2025-08-28 17:15:00;50.08
2025-08-28 17:30:00;50.08
2025-08-28 17:45:00;50.08
2025-08-28 18:00:00;77.24
2025-08-28 18:15:00;77.24
2025-08-28 18:30:00;77.24
2025-08-28 18:45:00;77.24
2025-08-28 19:00:00;93.62
2025-08-28 19:15:00;93.62
2025-08-28 19:30:00;93.62
2025-08-28 19:45:00;93.62
2025-08-28 20:00:00;104.31
2025-08-28 20:15:00;104.31
2025-08-28 20:30:00;104.31
2025-08-28 20:45:00;104.31
2025-08-28 21:00:00;102.11
2025-08-28 21:15:00;102.11
2025-08-28 21:30:00;102.11
2025-08-28 21:45:00;102.11
2025-08-28 22:00:00;99.47
2025-08-28 22:15:00;99.47
2025-08-28 22:30:00;99.47
2025-08-28 22:45:00;99.47
2025-08-28 23:00:00;86.09
2025-08-28 23:15:00;86.09
2025-08-28 23:30:00;86.09
2025-08-28 23:45:00;86.09
2025-08-29 00:00:00;84.31
2025-08-29 00:15:00;84.31
2025-08-29 00:30:00;84.31
2025-08-29 00:45:00;84.31
2025-08-29 01:00:00;73.24
2025-08-29 01:15:00;73.24
2025-08-29 01:30:00;73.24
2025-08-29 01:45:00;73.24
2025-08-29 02:00:00;73.34
2025-08-29 02:15:00;73.34
2025-08-29 02:30:00;73.34
2025-08-29 02:45:00;73.34
2025-08-29 03:00:00;63.88
2025-08-29 03:15:00;63.88
2025-08-29 03:30:00;63.88
2025-08-29 03:45:00;63.88
2025-08-29 04:00:00;62.50
2025-08-29 04:15:00;62.50
2025-08-29 04:30:00;62.50
2025-08-29 04:45:00;62.50
2025-08-29 05:00:00;69.11
2025-08-29 05:15:00;69.11
2025-08-29 05:30:00;69.11
2025-08-29 05:45:00;69.11
2025-08-29 06:00:00;62.93
2025-08-29 06:15:00;62.93
2025-08-29 06:30:00;62.93
2025-08-29 06:45:00;62.93
2025-08-29 07:00:00;79.08
2025-08-29 07:15:00;79.08
2025-08-29 07:30:00;79.08
2025-08-29 07:45:00;79.08
2025-08-29 08:00:00;80.14
2025-08-29 08:15:00;80.14
2025-08-29 08:30:00;80.14
2025-08-29 08:45:00;80.14
2025-08-29 09:00:00;66.28
2025-08-29 09:15:00;66.28
2025-08-29 09:30:00;66.28
2025-08-29 09:45:00;66.28
2025-08-29 10:00:00;60.84
2025-08-29 10:15:00;60.84
2025-08-29 10:30:00;60.84
2025-08-29 10:45:00;60.84
2025-08-29 11:00:00;54.80
2025-08-29 11:15:00;54.80
2025-08-29 11:30:00;54.80
2025-08-29 11:45:00;54.80
2025-08-29 12:00:00;48.08
2025-08-29 12:15:00;48.08
2025-08-29 12:30:00;48.08
2025-08-29 12:45:00;48.08
2025-08-29 13:00:00;37.88
2025-08-29 13:15:00;37.88
2025-08-29 13:30:00;37.88
2025-08-29 13:45:00;37.88
2025-08-29 14:00:00;42.00
2025-08-29 14:15:00;42.00
2025-08-29 14:30:00;42.00
2025-08-29 14:45:00;42.00
2025-08-29 15:00:00;56.13
2025-08-29 15:15:00;56.13
2025-08-29 15:30:00;56.13
2025-08-29 15:45:00;56.13
2025-08-29 16:00:00;61.69
2025-08-29 16:15:00;61.69
2025-08-29 16:30:00;61.69
2025-08-29 16:45:00;61.69
2025-08-29 17:00:00;76.59
2025-08-29 17:15:00;76.59
2025-08-29 17:30:00;76.59
2025-08-29 17:45:00;76.59
2025-08-29 18:00:00;60.24
2025-08-29 18:15:00;60.24
2025-08-29 18:30:00;60.24
2025-08-29 18:45:00;60.24
2025-08-29 19:00:00;96.35
2025-08-29 19:15:00;96.35
2025-08-29 19:30:00;96.35
2025-08-29 19:45:00;96.35
2025-08-29 20:00:00;95.50
2025-08-29 20:15:00;95.50
2025-08-29 20:30:00;95.50
2025-08-29 20:45:00;95.50
2025-08-29 21:00:00;82.44
2025-08-29 21:15:00;82.44
2025-08-29 21:30:00;82.44
2025-08-29 21:45:00;82.44
2025-08-29 22:00:00;95.00
2025-08-29 22:15:00;95.00
2025-08-29 22:30:00;95.00
2025-08-29 22:45:00;95.00
2025-08-29 23:00:00;86.27
2025-08-29 23:15:00;86.27
2025-08-29 23:30:00;86.27
2025-08-29 23:45:00;86.27
2025-08-30 00:00:00;84.50
2025-08-30 00:15:00;84.50
2025-08-30 00:30:00;84.50
2025-08-30 00:45:00;84.50
2025-08-30 01:00:00;76.27
2025-08-30 01:15:00;76.27
2025-08-30 01:30:00;76.27
2025-08-30 01:45:00;76.27
2025-08-30 02:00:00;75.65
2025-08-30 02:15:00;75.65
2025-08-30 02:30:00;75.65
2025-08-30 02:45:00;75.65
2025-08-30 03:00:00;81.51
2025-08-30 03:15:00;81.51
2025-08-30 03:30:00;81.51
2025-08-30 03:45:00;81.51
2025-08-30 04:00:00;69.38
2025-08-30 04:15:00;69.38
2025-08-30 04:30:00;69.38
2025-08-30 04:45:00;69.38
2025-08-30 05:00:00;68.62
2025-08-30 05:15:00;68.62
2025-08-30 05:30:00;68.62
2025-08-30 05:45:00;68.62
2025-08-30 06:00:00;76.19
2025-08-30 06:15:00;76.19
2025-08-30 06:30:00;76.19
2025-08-30 06:45:00;76.19
2025-08-30 07:00:00;72.00
2025-08-30 07:15:00;72.00
2025-08-30 07:30:00;72.00
2025-08-30 07:45:00;72.00
2025-08-30 08:00:00;78.50
2025-08-30 08:15:00;78.50
2025-08-30 08:30:00;78.50
2025-08-30 08:45:00;78.50
2025-08-30 09:00:00;64.08
2025-08-30 09:15:00;64.08
2025-08-30 09:30:00;64.08
2025-08-30 09:45:00;64.08
2025-08-30 10:00:00;29.15
2025-08-30 10:15:00;29.15
2025-08-30 10:30:00;29.15
2025-08-30 10:45:00;29.15
2025-08-30 11:00:00;5.23
2025-08-30 11:15:00;5.23
2025-08-30 11:30:00;5.23
2025-08-30 11:45:00;5.23
2025-08-30 12:00:00;0.00
2025-08-30 12:15:00;0.00
2025-08-30 12:30:00;0.00
2025-08-30 12:45:00;0.00
2025-08-30 13:00:00;-0.01
2025-08-30 13:15:00;-0.01
2025-08-30 13:30:00;-0.01
2025-08-30 13:45:00;-0.01
2025-08-30 14:00:00;-0.01
2025-08-30 14:15:00;-0.01
2025-08-30 14:30:00;-0.01
2025-08-30 14:45:00;-0.01
2025-08-30 15:00:00;-0.36
2025-08-30 15:15:00;-0.36
2025-08-30 15:30:00;-0.36
2025-08-30 15:45:00;-0.36
2025-08-30 16:00:00;7.00
2025-08-30 16:15:00;7.00
2025-08-30 16:30:00;7.00
2025-08-30 16:45:00;7.00
2025-08-30 17:00:00;59.12
2025-08-30 17:15:00;59.12
2025-08-30 17:30:00;59.12
2025-08-30 17:45:00;59.12
2025-08-30 18:00:00;78.34
2025-08-30 18:15:00;78.34
2025-08-30 18:30:00;78.34
2025-08-30 18:45:00;78.34
2025-08-30 19:00:00;84.61
2025-08-30 19:15:00;84.61
2025-08-30 19:30:00;84.61
2025-08-30 19:45:00;84.61
2025-08-30 20:00:00;93.69
2025-08-30 20:15:00;93.69
2025-08-30 20:30:00;93.69
2025-08-30 20:45:00;93.69
2025-08-30 21:00:00;75.00
2025-08-30 21:15:00;75.00
2025-08-30 21:30:00;75.00
2025-08-30 21:45:00;75.00
2025-08-30 22:00:00;68.32
2025-08-30 22:15:00;68.32
2025-08-30 22:30:00;68.32
2025-08-30 22:45:00;68.32
2025-08-30 23:00:00;60.03
2025-08-30 23:15:00;60.03
2025-08-30 23:30:00;60.03
2025-08-30 23:45:00;60.03
2025-08-31 00:00:00;44.91
2025-08-31 00:15:00;44.91
2025-08-31 00:30:00;44.91
2025-08-31 00:45:00;44.91
2025-08-31 01:00:00;39.27
2025-08-31 01:15:00;39.27
2025-08-31 01:30:00;39.27
2025-08-31 01:45:00;39.27
2025-08-31 02:00:00;35.55
2025-08-31 02:15:00;35.55
2025-08-31 02:30:00;35.55
2025-08-31 02:45:00;35.55
2025-08-31 03:00:00;31.34
2025-08-31 03:15:00;31.34
2025-08-31 03:30:00;31.34
2025-08-31 03:45:00;31.34
2025-08-31 04:00:00;29.04
2025-08-31 04:15:00;29.04
2025-08-31 04:30:00;29.04
2025-08-31 04:45:00;29.04
2025-08-31 05:00:00;47.14
2025-08-31 05:15:00;47.14
2025-08-31 05:30:00;47.14
2025-08-31 05:45:00;47.14
2025-08-31 06:00:00;48.05
2025-08-31 06:15:00;48.05
2025-08-31 06:30:00;48.05
2025-08-31 06:45:00;48.05
2025-08-31 07:00:00;48.14
2025-08-31 07:15:00;48.14
2025-08-31 07:30:00;48.14
2025-08-31 07:45:00;48.14
2025-08-31 08:00:00;22.25
2025-08-31 08:15:00;22.25
2025-08-31 08:30:00;22.25
2025-08-31 08:45:00;22.25
2025-08-31 09:00:00;4.78
2025-08-31 09:15:00;4.78
2025-08-31 09:30:00;4.78
2025-08-31 09:45:00;4.78
2025-08-31 10:00:00;0.03
2025-08-31 10:15:00;0.03
2025-08-31 10:30:00;0.03
2025-08-31 10:45:00;0.03
2025-08-31 11:00:00;0.01
2025-08-31 11:15:00;0.01
2025-08-31 11:30:00;0.01
2025-08-31 11:45:00;0.01
2025-08-31 12:00:00;-0.07
2025-08-31 12:15:00;-0.07
2025-08-31 12:30:00;-0.07
2025-08-31 12:45:00;-0.07
2025-08-31 13:00:00;-0.93
2025-08-31 13:15:00;-0.93
2025-08-31 13:30:00;-0.93
2025-08-31 13:45:00;-0.93
2025-08-31 14:00:00;-0.60
2025-08-31 14:15:00;-0.60
2025-08-31 14:30:00;-0.60
2025-08-31 14:45:00;-0.60
2025-08-31 15:00:00;0.00
2025-08-31 15:15:00;0.00
2025-08-31 15:30:00;0.00
2025-08-31 15:45:00;0.00
2025-08-31 16:00:00;18.78
2025-08-31 16:15:00;18.78
2025-08-31 16:30:00;18.78
2025-08-31 16:45:00;18.78
2025-08-31 17:00:00;56.39
2025-08-31 17:15:00;56.39
2025-08-31 17:30:00;56.39
2025-08-31 17:45:00;56.39
2025-08-31 18:00:00;65.59
2025-08-31 18:15:00;65.59
2025-08-31 18:30:00;65.59
2025-08-31 18:45:00;65.59
2025-08-31 19:00:00;82.08
2025-08-31 19:15:00;82.08
2025-08-31 19:30:00;82.08
2025-08-31 19:45:00;82.08
2025-08-31 20:00:00;88.16
2025-08-31 20:15:00;88.16
2025-08-31 20:30:00;88.16
2025-08-31 20:45:00;88.16
2025-08-31 21:00:00;89.81
2025-08-31 21:15:00;89.81
2025-08-31 21:30:00;89.81
2025-08-31 21:45:00;89.81
2025-08-31 22:00:00;83.82
2025-08-31 22:15:00;83.82
2025-08-31 22:30:00;83.82
2025-08-31 22:45:00;83.82
2025-08-31 23:00:00;73.18
2025-08-31 23:15:00;73.18
2025-08-31 23:30:00;73.18
2025-08-31 23:45:00;73.18
2025-09-01 00:00:00;70.06
2025-09-01 00:15:00;70.06
2025-09-01 00:30:00;70.06
2025-09-01 00:45:00;70.06
2025-09-01 01:00:00;65.71
2025-09-01 01:15:00;65.71
2025-09-01 01:30:00;65.71
2025-09-01 01:45:00;65.71
2025-09-01 02:00:00;66.14
2025-09-01 02:15:00;66.14
2025-09-01 02:30:00;66.14
2025-09-01 02:45:00;66.14
2025-09-01 03:00:00;61.70
2025-09-01 03:15:00;61.70
2025-09-01 03:30:00;61.70
2025-09-01 03:45:00;61.70
2025-09-01 04:00:00;61.85
2025-09-01 04:15:00;61.85
2025-09-01 04:30:00;61.85
2025-09-01 04:45:00;61.85
2025-09-01 05:00:00;71.14
2025-09-01 05:15:00;71.14
2025-09-01 05:30:00;71.14
2025-09-01 05:45:00;71.14
2025-09-01 06:00:00;67.63
2025-09-01 06:15:00;67.63
2025-09-01 06:30:00;67.63
2025-09-01 06:45:00;67.63
2025-09-01 07:00:00;96.06
2025-09-01 07:15:00;96.06
2025-09-01 07:30:00;96.06
2025-09-01 07:45:00;96.06
2025-09-01 08:00:00;97.33
2025-09-01 08:15:00;97.33
2025-09-01 08:30:00;97.33
2025-09-01 08:45:00;97.33
2025-09-01 09:00:00;78.97
2025-09-01 09:15:00;78.97
2025-09-01 09:30:00;78.97
2025-09-01 09:45:00;78.97
2025-09-01 10:00:00;48.79
2025-09-01 10:15:00;48.79
2025-09-01 10:30:00;48.79
2025-09-01 10:45:00;48.79
2025-09-01 11:00:00;35.50
2025-09-01 11:15:00;35.50
2025-09-01 11:30:00;35.50
2025-09-01 11:45:00;35.50
2025-09-01 12:00:00;32.00
2025-09-01 12:15:00;32.00
2025-09-01 12:30:00;32.00
2025-09-01 12:45:00;32.00
2025-09-01 13:00:00;12.84
2025-09-01 13:15:00;12.84
2025-09-01 13:30:00;12.84
2025-09-01 13:45:00;12.84
2025-09-01 14:00:00;21.62
2025-09-01 14:15:00;21.62
2025-09-01 14:30:00;21.62
2025-09-01 14:45:00;21.62
2025-09-01 15:00:00;42.51
2025-09-01 15:15:00;42.51
2025-09-01 15:30:00;42.51
2025-09-01 15:45:00;42.51
2025-09-01 16:00:00;38.36
2025-09-01 16:15:00;38.36
2025-09-01 16:30:00;38.36
2025-09-01 16:45:00;38.36
2025-09-01 17:00:00;75.00
2025-09-01 17:15:00;75.00
2025-09-01 17:30:00;75.00
2025-09-01 17:45:00;75.00
2025-09-01 18:00:00;67.26
2025-09-01 18:15:00;67.26
2025-09-01 18:30:00;67.26
2025-09-01 18:45:00;67.26
2025-09-01 19:00:00;111.30
2025-09-01 19:15:00;111.30
2025-09-01 19:30:00;111.30
2025-09-01 19:45:00;111.30
2025-09-01 20:00:00;130.19
2025-09-01 20:15:00;130.19
2025-09-01 20:30:00;130.19
2025-09-01 20:45:00;130.19
2025-09-01 21:00:00;100.00
2025-09-01 21:15:00;100.00
2025-09-01 21:30:00;100.00
2025-09-01 21:45:00;100.00
2025-09-01 22:00:00;98.42
2025-09-01 22:15:00;98.42
2025-09-01 22:30:00;98.42
2025-09-01 22:45:00;98.42
2025-09-01 23:00:00;86.32
2025-09-01 23:15:00;86.32
2025-09-01 23:30:00;86.32
2025-09-01 23:45:00;86.32
2025-09-02 00:00:00;69.00
2025-09-02 00:15:00;69.00
2025-09-02 00:30:00;69.00
2025-09-02 00:45:00;69.00
2025-09-02 01:00:00;55.83
2025-09-02 01:15:00;55.83
2025-09-02 01:30:00;55.83
2025-09-02 01:45:00;55.83
2025-09-02 02:00:00;67.99
2025-09-02 02:15:00;67.99
2025-09-02 02:30:00;67.99
2025-09-02 02:45:00;67.99
2025-09-02 03:00:00;62.01
2025-09-02 03:15:00;62.01
2025-09-02 03:30:00;62.01
2025-09-02 03:45:00;62.01
2025-09-02 04:00:00;64.84
2025-09-02 04:15:00;64.84
2025-09-02 04:30:00;64.84
2025-09-02 04:45:00;64.84
2025-09-02 05:00:00;66.80
2025-09-02 05:15:00;66.80
2025-09-02 05:30:00;66.80
2025-09-02 05:45:00;66.80
2025-09-02 06:00:00;73.19
2025-09-02 06:15:00;73.19
2025-09-02 06:30:00;73.19
2025-09-02 06:45:00;73.19
2025-09-02 07:00:00;103.20
2025-09-02 07:15:00;103.20
2025-09-02 07:30:00;103.20
2025-09-02 07:45:00;103.20
2025-09-02 08:00:00;113.92
2025-09-02 08:15:00;113.92
2025-09-02 08:30:00;113.92
2025-09-02 08:45:00;113.92
2025-09-02 09:00:00;90.00
2025-09-02 09:15:00;90.00
2025-09-02 09:30:00;90.00
2025-09-02 09:45:00;90.00
2025-09-02 10:00:00;47.61
2025-09-02 10:15:00;47.61
2025-09-02 10:30:00;47.61
2025-09-02 10:45:00;47.61
2025-09-02 11:00:00;64.71
2025-09-02 11:15:00;64.71
2025-09-02 11:30:00;64.71
2025-09-02 11:45:00;64.71
2025-09-02 12:00:00;60.21
2025-09-02 12:15:00;60.21
2025-09-02 12:30:00;60.21
2025-09-02 12:45:00;60.21
2025-09-02 13:00:00;32.01
2025-09-02 13:15:00;32.01
2025-09-02 13:30:00;32.01
2025-09-02 13:45:00;32.01
2025-09-02 14:00:00;31.29
2025-09-02 14:15:00;31.29
2025-09-02 14:30:00;31.29
2025-09-02 14:45:00;31.29
2025-09-02 15:00:00;34.42
2025-09-02 15:15:00;34.42
2025-09-02 15:30:00;34.42
2025-09-02 15:45:00;34.42
2025-09-02 16:00:00;42.27
2025-09-02 16:15:00;42.27
2025-09-02 16:30:00;42.27
2025-09-02 16:45:00;42.27
2025-09-02 17:00:00;53.15
2025-09-02 17:15:00;53.15
2025-09-02 17:30:00;53.15
2025-09-02 17:45:00;53.15
2025-09-02 18:00:00;83.58
2025-09-02 18:15:00;83.58
2025-09-02 18:30:00;83.58
2025-09-02 18:45:00;83.58
2025-09-02 19:00:00;157.60
2025-09-02 19:15:00;157.60
2025-09-02 19:30:00;157.60
2025-09-02 19:45:00;157.60
2025-09-02 20:00:00;136.69
2025-09-02 20:15:00;136.69
2025-09-02 20:30:00;136.69
2025-09-02 20:45:00;136.69
2025-09-02 21:00:00;77.38
2025-09-02 21:15:00;77.38
2025-09-02 21:30:00;77.38
2025-09-02 21:45:00;77.38
2025-09-02 22:00:00;74.99
2025-09-02 22:15:00;74.99
2025-09-02 22:30:00;74.99
2025-09-02 22:45:00;74.99
2025-09-02 23:00:00;60.00
2025-09-02 23:15:00;60.00
2025-09-02 23:30:00;60.00
2025-09-02 23:45:00;60.00
2025-09-03 00:00:00;77.72
2025-09-03 00:15:00;77.72
2025-09-03 00:30:00;77.72
2025-09-03 00:45:00;77.72
2025-09-03 01:00:00;43.65
2025-09-03 01:15:00;43.65
2025-09-03 01:30:00;43.65
2025-09-03 01:45:00;43.65
2025-09-03 02:00:00;39.69
2025-09-03 02:15:00;39.69
2025-09-03 02:30:00;39.69
2025-09-03 02:45:00;39.69
2025-09-03 03:00:00;36.51
2025-09-03 03:15:00;36.51
2025-09-03 03:30:00;36.51
2025-09-03 03:45:00;36.51
2025-09-03 04:00:00;33.38
2025-09-03 04:15:00;33.38
2025-09-03 04:30:00;33.38
2025-09-03 04:45:00;33.38
2025-09-03 05:00:00;39.08
2025-09-03 05:15:00;39.08
2025-09-03 05:30:00;39.08
2025-09-03 05:45:00;39.08
2025-09-03 06:00:00;48.98
2025-09-03 06:15:00;48.98
2025-09-03 06:30:00;48.98
2025-09-03 06:45:00;48.98
2025-09-03 07:00:00;58.80
2025-09-03 07:15:00;58.80
2025-09-03 07:30:00;58.80
2025-09-03 07:45:00;58.80
2025-09-03 08:00:00;69.37
2025-09-03 08:15:00;69.37
2025-09-03 08:30:00;69.37
2025-09-03 08:45:00;69.37
2025-09-03 09:00:00;46.08
2025-09-03 09:15:00;46.08
2025-09-03 09:30:00;46.08
2025-09-03 09:45:00;46.08
2025-09-03 10:00:00;12.62
2025-09-03 10:15:00;12.62
2025-09-03 10:30:00;12.62
2025-09-03 10:45:00;12.62
2025-09-03 11:00:00;-0.01
2025-09-03 11:15:00;-0.01
2025-09-03 11:30:00;-0.01
2025-09-03 11:45:00;-0.01
2025-09-03 12:00:00;-0.18
2025-09-03 12:15:00;-0.18
2025-09-03 12:30:00;-0.18
2025-09-03 12:45:00;-0.18
2025-09-03 13:00:00;-0.20
2025-09-03 13:15:00;-0.20
2025-09-03 13:30:00;-0.20
2025-09-03 13:45:00;-0.20
2025-09-03 14:00:00;-0.31
2025-09-03 14:15:00;-0.31
2025-09-03 14:30:00;-0.31
2025-09-03 14:45:00;-0.31
2025-09-03 15:00:00;-1.03
2025-09-03 15:15:00;-1.03
2025-09-03 15:30:00;-1.03
2025-09-03 15:45:00;-1.03
2025-09-03 16:00:00;-0.01
2025-09-03 16:15:00;-0.01
2025-09-03 16:30:00;-0.01
2025-09-03 16:45:00;-0.01
2025-09-03 17:00:00;25.04
2025-09-03 17:15:00;25.04
2025-09-03 17:30:00;25.04
2025-09-03 17:45:00;25.04
2025-09-03 18:00:00;62.10
2025-09-03 18:15:00;62.10
2025-09-03 18:30:00;62.10
2025-09-03 18:45:00;62.10
2025-09-03 19:00:00;80.00
2025-09-03 19:15:00;80.00
2025-09-03 19:30:00;80.00
2025-09-03 19:45:00;80.00
2025-09-03 20:00:00;77.86
2025-09-03 20:15:00;77.86
2025-09-03 20:30:00;77.86
2025-09-03 20:45:00;77.86
2025-09-03 21:00:00;75.84
2025-09-03 21:15:00;75.84
2025-09-03 21:30:00;75.84
2025-09-03 21:45:00;75.84
2025-09-03 22:00:00;75.80
2025-09-03 22:15:00;75.80
2025-09-03 22:30:00;75.80
2025-09-03 22:45:00;75.80
2025-09-03 23:00:00;54.55
2025-09-03 23:15:00;54.55
2025-09-03 23:30:00;54.55
2025-09-03 23:45:00;54.55
2025-09-04 00:00:00;19.84
2025-09-04 00:15:00;19.84
2025-09-04 00:30:00;19.84
2025-09-04 00:45:00;19.84
2025-09-04 01:00:00;14.81
2025-09-04 01:15:00;14.81
2025-09-04 01:30:00;14.81
2025-09-04 01:45:00;14.81
2025-09-04 02:00:00;14.30
2025-09-04 02:15:00;14.30
2025-09-04 02:30:00;14.30
2025-09-04 02:45:00;14.30
2025-09-04 03:00:00;15.38
2025-09-04 03:15:00;15.38
2025-09-04 03:30:00;15.38
2025-09-04 03:45:00;15.38
2025-09-04 04:00:00;26.79
2025-09-04 04:15:00;26.79
2025-09-04 04:30:00;26.79
2025-09-04 04:45:00;26.79
2025-09-04 05:00:00;39.38
2025-09-04 05:15:00;39.38
2025-09-04 05:30:00;39.38
2025-09-04 05:45:00;39.38
2025-09-04 06:00:00;71.78
2025-09-04 06:15:00;71.78
2025-09-04 06:30:00;71.78
2025-09-04 06:45:00;71.78
2025-09-04 07:00:00;85.01
2025-09-04 07:15:00;85.01
2025-09-04 07:30:00;85.01
2025-09-04 07:45:00;85.01
2025-09-04 08:00:00;84.54
2025-09-04 08:15:00;84.54
2025-09-04 08:30:00;84.54
2025-09-04 08:45:00;84.54
2025-09-04 09:00:00;65.10
2025-09-04 09:15:00;65.10
2025-09-04 09:30:00;65.10
2025-09-04 09:45:00;65.10
2025-09-04 10:00:00;27.36
2025-09-04 10:15:00;27.36
2025-09-04 10:30:00;27.36
2025-09-04 10:45:00;27.36
2025-09-04 11:00:00;5.79
2025-09-04 11:15:00;5.79
2025-09-04 11:30:00;5.79
2025-09-04 11:45:00;5.79
2025-09-04 12:00:00;3.20
2025-09-04 12:15:00;3.20
2025-09-04 12:30:00;3.20
2025-09-04 12:45:00;3.20
2025-09-04 13:00:00;2.38
2025-09-04 13:15:00;2.38
2025-09-04 13:30:00;2.38
2025-09-04 13:45:00;2.38
2025-09-04 14:00:00;14.87
2025-09-04 14:15:00;14.87
2025-09-04 14:30:00;14.87
2025-09-04 14:45:00;14.87
2025-09-04 15:00:00;29.25
2025-09-04 15:15:00;29.25
2025-09-04 15:30:00;29.25
2025-09-04 15:45:00;29.25
2025-09-04 16:00:00;37.93
2025-09-04 16:15:00;37.93
2025-09-04 16:30:00;37.93
2025-09-04 16:45:00;37.93
2025-09-04 17:00:00;50.05
2025-09-04 17:15:00;50.05
2025-09-04 17:30:00;50.05
2025-09-04 17:45:00;50.05
2025-09-04 18:00:00;123.39
2025-09-04 18:15:00;123.39
2025-09-04 18:30:00;123.39
2025-09-04 18:45:00;123.39
2025-09-04 19:00:00;148.71
2025-09-04 19:15:00;148.71
2025-09-04 19:30:00;148.71
2025-09-04 19:45:00;148.71
2025-09-04 20:00:00;150.11
2025-09-04 20:15:00;150.11
2025-09-04 20:30:00;150.11
2025-09-04 20:45:00;150.11
2025-09-04 21:00:00;99.39
2025-09-04 21:15:00;99.39
2025-09-04 21:30:00;99.39
2025-09-04 21:45:00;99.39
2025-09-04 22:00:00;97.71
2025-09-04 22:15:00;97.71
2025-09-04 22:30:00;97.71
2025-09-04 22:45:00;97.71
2025-09-04 23:00:00;81.11
2025-09-04 23:15:00;81.11
2025-09-04 23:30:00;81.11
2025-09-04 23:45:00;81.11
2025-09-05 00:00:00;88.35
2025-09-05 00:15:00;88.35
2025-09-05 00:30:00;88.35
2025-09-05 00:45:00;88.35
2025-09-05 01:00:00;69.58
2025-09-05 01:15:00;69.58
2025-09-05 01:30:00;69.58
2025-09-05 01:45:00;69.58
2025-09-05 02:00:00;71.74
2025-09-05 02:15:00;71.74
2025-09-05 02:30:00;71.74
2025-09-05 02:45:00;71.74
2025-09-05 03:00:00;63.89
2025-09-05 03:15:00;63.89
2025-09-05 03:30:00;63.89
2025-09-05 03:45:00;63.89
2025-09-05 04:00:00;68.17
2025-09-05 04:15:00;68.17
2025-09-05 04:30:00;68.17
2025-09-05 04:45:00;68.17
2025-09-05 05:00:00;70.18
2025-09-05 05:15:00;70.18
2025-09-05 05:30:00;70.18
2025-09-05 05:45:00;70.18
2025-09-05 06:00:00;100.96
2025-09-05 06:15:00;100.96
2025-09-05 06:30:00;100.96
2025-09-05 06:45:00;100.96
2025-09-05 07:00:00;113.92
2025-09-05 07:15:00;113.92
2025-09-05 07:30:00;113.92
2025-09-05 07:45:00;113.92
2025-09-05 08:00:00;109.11
2025-09-05 08:15:00;109.11
2025-09-05 08:30:00;109.11
2025-09-05 08:45:00;109.11
2025-09-05 09:00:00;95.54
2025-09-05 09:15:00;95.54
2025-09-05 09:30:00;95.54
2025-09-05 09:45:00;95.54
2025-09-05 10:00:00;75.67
2025-09-05 10:15:00;75.67
2025-09-05 10:30:00;75.67
2025-09-05 10:45:00;75.67
2025-09-05 11:00:00;67.10
2025-09-05 11:15:00;67.10
2025-09-05 11:30:00;67.10
2025-09-05 11:45:00;67.10
2025-09-05 12:00:00;63.81
2025-09-05 12:15:00;63.81
2025-09-05 12:30:00;63.81
2025-09-05 12:45:00;63.81
2025-09-05 13:00:00;59.76
2025-09-05 13:15:00;59.76
2025-09-05 13:30:00;59.76
2025-09-05 13:45:00;59.76
2025-09-05 14:00:00;55.44
2025-09-05 14:15:00;55.44
2025-09-05 14:30:00;55.44
2025-09-05 14:45:00;55.44
2025-09-05 15:00:00;63.71
2025-09-05 15:15:00;63.71
2025-09-05 15:30:00;63.71
2025-09-05 15:45:00;63.71
2025-09-05 16:00:00;69.80
2025-09-05 16:15:00;69.80
2025-09-05 16:30:00;69.80
2025-09-05 16:45:00;69.80
2025-09-05 17:00:00;76.14
2025-09-05 17:15:00;76.14
2025-09-05 17:30:00;76.14
2025-09-05 17:45:00;76.14
2025-09-05 18:00:00;80.11
2025-09-05 18:15:00;80.11
2025-09-05 18:30:00;80.11
2025-09-05 18:45:00;80.11
2025-09-05 19:00:00;124.04
2025-09-05 19:15:00;124.04
2025-09-05 19:30:00;124.04
2025-09-05 19:45:00;124.04
2025-09-05 20:00:00;128.85
2025-09-05 20:15:00;128.85
2025-09-05 20:30:00;128.85
2025-09-05 20:45:00;128.85
2025-09-05 21:00:00;112.43
2025-09-05 21:15:00;112.43
2025-09-05 21:30:00;112.43
2025-09-05 21:45:00;112.43
2025-09-05 22:00:00;101.74
2025-09-05 22:15:00;101.74
2025-09-05 22:30:00;101.74
2025-09-05 22:45:00;101.74
2025-09-05 23:00:00;94.91
2025-09-05 23:15:00;94.91
2025-09-05 23:30:00;94.91
2025-09-05 23:45:00;94.91
2025-09-06 00:00:00;93.73
2025-09-06 00:15:00;93.73
2025-09-06 00:30:00;93.73
2025-09-06 00:45:00;93.73
2025-09-06 01:00:00;88.53
2025-09-06 01:15:00;88.53
2025-09-06 01:30:00;88.53
2025-09-06 01:45:00;88.53
2025-09-06 02:00:00;83.07
2025-09-06 02:15:00;83.07
2025-09-06 02:30:00;83.07
2025-09-06 02:45:00;83.07
2025-09-06 03:00:00;76.12
2025-09-06 03:15:00;76.12
2025-09-06 03:30:00;76.12
2025-09-06 03:45:00;76.12
2025-09-06 04:00:00;75.29
2025-09-06 04:15:00;75.29
2025-09-06 04:30:00;75.29
2025-09-06 04:45:00;75.29
2025-09-06 05:00:00;77.48
2025-09-06 05:15:00;77.48
2025-09-06 05:30:00;77.48
2025-09-06 05:45:00;77.48
2025-09-06 06:00:00;67.12
2025-09-06 06:15:00;67.12
2025-09-06 06:30:00;67.12
2025-09-06 06:45:00;67.12
2025-09-06 07:00:00;80.00
2025-09-06 07:15:00;80.00
2025-09-06 07:30:00;80.00
2025-09-06 07:45:00;80.00
2025-09-06 08:00:00;84.99
2025-09-06 08:15:00;84.99
2025-09-06 08:30:00;84.99
2025-09-06 08:45:00;84.99
2025-09-06 09:00:00;61.39
2025-09-06 09:15:00;61.39
2025-09-06 09:30:00;61.39
2025-09-06 09:45:00;61.39
2025-09-06 10:00:00;8.71
2025-09-06 10:15:00;8.71
2025-09-06 10:30:00;8.71
2025-09-06 10:45:00;8.71
2025-09-06 11:00:00;0.00
2025-09-06 11:15:00;0.00
2025-09-06 11:30:00;0.00
2025-09-06 11:45:00;0.00
2025-09-06 12:00:00;-0.02
2025-09-06 12:15:00;-0.02
2025-09-06 12:30:00;-0.02
2025-09-06 12:45:00;-0.02
2025-09-06 13:00:00;-0.86
2025-09-06 13:15:00;-0.86
2025-09-06 13:30:00;-0.86
2025-09-06 13:45:00;-0.86
2025-09-06 14:00:00;-0.99
2025-09-06 14:15:00;-0.99
2025-09-06 14:30:00;-0.99
2025-09-06 14:45:00;-0.99
2025-09-06 15:00:00;-0.01
2025-09-06 15:15:00;-0.01
2025-09-06 15:30:00;-0.01
2025-09-06 15:45:00;-0.01
2025-09-06 16:00:00;29.72
2025-09-06 16:15:00;29.72
2025-09-06 16:30:00;29.72
2025-09-06 16:45:00;29.72
2025-09-06 17:00:00;63.66
2025-09-06 17:15:00;63.66
2025-09-06 17:30:00;63.66
2025-09-06 17:45:00;63.66
2025-09-06 18:00:00;61.35
2025-09-06 18:15:00;61.35
2025-09-06 18:30:00;61.35
2025-09-06 18:45:00;61.35
2025-09-06 19:00:00;80.00
2025-09-06 19:15:00;80.00
2025-09-06 19:30:00;80.00
2025-09-06 19:45:00;80.00
2025-09-06 20:00:00;81.78
2025-09-06 20:15:00;81.78
2025-09-06 20:30:00;81.78
2025-09-06 20:45:00;81.78
2025-09-06 21:00:00;56.13
2025-09-06 21:15:00;56.13
2025-09-06 21:30:00;56.13
2025-09-06 21:45:00;56.13
2025-09-06 22:00:00;60.05
2025-09-06 22:15:00;60.05
2025-09-06 22:30:00;60.05
2025-09-06 22:45:00;60.05
2025-09-06 23:00:00;48.95
2025-09-06 23:15:00;48.95
2025-09-06 23:30:00;48.95
2025-09-06 23:45:00;48.95
2025-09-07 00:00:00;33.52
2025-09-07 00:15:00;33.52
2025-09-07 00:30:00;33.52
2025-09-07 00:45:00;33.52
2025-09-07 01:00:00;31.91
2025-09-07 01:15:00;31.91
2025-09-07 01:30:00;31.91
2025-09-07 01:45:00;31.91
2025-09-07 02:00:00;30.50
2025-09-07 02:15:00;30.50
2025-09-07 02:30:00;30.50
2025-09-07 02:45:00;30.50
2025-09-07 03:00:00;31.40
2025-09-07 03:15:00;31.40
2025-09-07 03:30:00;31.40
2025-09-07 03:45:00;31.40
2025-09-07 04:00:00;31.15
2025-09-07 04:15:00;31.15
2025-09-07 04:30:00;31.15
2025-09-07 04:45:00;31.15
2025-09-07 05:00:00;31.17
2025-09-07 05:15:00;31.17
2025-09-07 05:30:00;31.17
2025-09-07 05:45:00;31.17
2025-09-07 06:00:00;30.60
2025-09-07 06:15:00;30.60
2025-09-07 06:30:00;30.60
2025-09-07 06:45:00;30.60
2025-09-07 07:00:00;24.33
2025-09-07 07:15:00;24.33
2025-09-07 07:30:00;24.33
2025-09-07 07:45:00;24.33
2025-09-07 08:00:00;0.00
2025-09-07 08:15:00;0.00
2025-09-07 08:30:00;0.00
2025-09-07 08:45:00;0.00
2025-09-07 09:00:00;-0.09
2025-09-07 09:15:00;-0.09
2025-09-07 09:30:00;-0.09
2025-09-07 09:45:00;-0.09
2025-09-07 10:00:00;-4.00
2025-09-07 10:15:00;-4.00
2025-09-07 10:30:00;-4.00
2025-09-07 10:45:00;-4.00
2025-09-07 11:00:00;-20.09
2025-09-07 11:15:00;-20.09
2025-09-07 11:30:00;-20.09
2025-09-07 11:45:00;-20.09
2025-09-07 12:00:00;-40.02
2025-09-07 12:15:00;-40.02
2025-09-07 12:30:00;-40.02
2025-09-07 12:45:00;-40.02
2025-09-07 13:00:00;-53.40
2025-09-07 13:15:00;-53.40
2025-09-07 13:30:00;-53.40
2025-09-07 13:45:00;-53.40
2025-09-07 14:00:00;-44.47
2025-09-07 14:15:00;-44.47
2025-09-07 14:30:00;-44.47
2025-09-07 14:45:00;-44.47
2025-09-07 15:00:00;-20.50
2025-09-07 15:15:00;-20.50
2025-09-07 15:30:00;-20.50
2025-09-07 15:45:00;-20.50
2025-09-07 16:00:00;-2.44
2025-09-07 16:15:00;-2.44
2025-09-07 16:30:00;-2.44
2025-09-07 16:45:00;-2.44
2025-09-07 17:00:00;3.92
2025-09-07 17:15:00;3.92
2025-09-07 17:30:00;3.92
2025-09-07 17:45:00;3.92
2025-09-07 18:00:00;67.52
2025-09-07 18:15:00;67.52
2025-09-07 18:30:00;67.52
2025-09-07 18:45:00;67.52
2025-09-07 19:00:00;95.17
2025-09-07 19:15:00;95.17
2025-09-07 19:30:00;95.17
2025-09-07 19:45:00;95.17
2025-09-07 20:00:00;96.55
2025-09-07 20:15:00;96.55
2025-09-07 20:30:00;96.55
2025-09-07 20:45:00;96.55
2025-09-07 21:00:00;87.95
2025-09-07 21:15:00;87.95
2025-09-07 21:30:00;87.95
2025-09-07 21:45:00;87.95
2025-09-07 22:00:00;86.72
2025-09-07 22:15:00;86.72
2025-09-07 22:30:00;86.72
2025-09-07 22:45:00;86.72
2025-09-07 23:00:00;86.72
2025-09-07 23:15:00;86.72
2025-09-07 23:30:00;86.72
2025-09-07 23:45:00;86.72
2025-09-08 00:00:00;76.41
2025-09-08 00:15:00;76.41
2025-09-08 00:30:00;76.41
2025-09-08 00:45:00;76.41
2025-09-08 01:00:00;79.71
2025-09-08 01:15:00;79.71
2025-09-08 01:30:00;79.71
2025-09-08 01:45:00;79.71
2025-09-08 02:00:00;80.65
2025-09-08 02:15:00;80.65
2025-09-08 02:30:00;80.65
2025-09-08 02:45:00;80.65
2025-09-08 03:00:00;75.00
2025-09-08 03:15:00;75.00
2025-09-08 03:30:00;75.00
2025-09-08 03:45:00;75.00
2025-09-08 04:00:00;72.43
2025-09-08 04:15:00;72.43
2025-09-08 04:30:00;72.43
2025-09-08 04:45:00;72.43
2025-09-08 05:00:00;84.84
2025-09-08 05:15:00;84.84
2025-09-08 05:30:00;84.84
2025-09-08 05:45:00;84.84
2025-09-08 06:00:00;95.23
2025-09-08 06:15:00;95.23
2025-09-08 06:30:00;95.23
2025-09-08 06:45:00;95.23
2025-09-08 07:00:00;118.47
2025-09-08 07:15:00;118.47
2025-09-08 07:30:00;118.47
2025-09-08 07:45:00;118.47
2025-09-08 08:00:00;119.30
2025-09-08 08:15:00;119.30
2025-09-08 08:30:00;119.30
2025-09-08 08:45:00;119.30
2025-09-08 09:00:00;100.31
2025-09-08 09:15:00;100.31
2025-09-08 09:30:00;100.31
2025-09-08 09:45:00;100.31
2025-09-08 10:00:00;85.83
2025-09-08 10:15:00;85.83
2025-09-08 10:30:00;85.83
2025-09-08 10:45:00;85.83
2025-09-08 11:00:00;73.04
2025-09-08 11:15:00;73.04
2025-09-08 11:30:00;73.04
2025-09-08 11:45:00;73.04
2025-09-08 12:00:00;62.19
2025-09-08 12:15:00;62.19
2025-09-08 12:30:00;62.19
2025-09-08 12:45:00;62.19
2025-09-08 13:00:00;55.53
2025-09-08 13:15:00;55.53
2025-09-08 13:30:00;55.53
2025-09-08 13:45:00;55.53
2025-09-08 14:00:00;62.01
2025-09-08 14:15:00;62.01
2025-09-08 14:30:00;62.01
2025-09-08 14:45:00;62.01
2025-09-08 15:00:00;66.54
2025-09-08 15:15:00;66.54
2025-09-08 15:30:00;66.54
2025-09-08 15:45:00;66.54
2025-09-08 16:00:00;85.35
2025-09-08 16:15:00;85.35
2025-09-08 16:30:00;85.35
2025-09-08 16:45:00;85.35
2025-09-08 17:00:00;90.36
2025-09-08 17:15:00;90.36
2025-09-08 17:30:00;90.36
2025-09-08 17:45:00;90.36
2025-09-08 18:00:00;137.00
2025-09-08 18:15:00;137.00
2025-09-08 18:30:00;137.00
2025-09-08 18:45:00;137.00
2025-09-08 19:00:00;232.21
2025-09-08 19:15:00;232.21
2025-09-08 19:30:00;232.21
2025-09-08 19:45:00;232.21
2025-09-08 20:00:00;200.16
2025-09-08 20:15:00;200.16
2025-09-08 20:30:00;200.16
2025-09-08 20:45:00;200.16
2025-09-08 21:00:00;138.20
2025-09-08 21:15:00;138.20
2025-09-08 21:30:00;138.20
2025-09-08 21:45:00;138.20
2025-09-08 22:00:00;108.04
2025-09-08 22:15:00;108.04
2025-09-08 22:30:00;108.04
2025-09-08 22:45:00;108.04
2025-09-08 23:00:00;94.74
2025-09-08 23:15:00;94.74
2025-09-08 23:30:00;94.74
2025-09-08 23:45:00;94.74
2025-09-09 00:00:00;79.00
2025-09-09 00:15:00;79.00
2025-09-09 00:30:00;79.00
2025-09-09 00:45:00;79.00
2025-09-09 01:00:00;78.10
2025-09-09 01:15:00;78.10
2025-09-09 01:30:00;78.10
2025-09-09 01:45:00;78.10
2025-09-09 02:00:00;77.13
2025-09-09 02:15:00;77.13
2025-09-09 02:30:00;77.13
2025-09-09 02:45:00;77.13
2025-09-09 03:00:00;73.53
2025-09-09 03:15:00;73.53
2025-09-09 03:30:00;73.53
2025-09-09 03:45:00;73.53
2025-09-09 04:00:00;70.70
2025-09-09 04:15:00;70.70
2025-09-09 04:30:00;70.70
2025-09-09 04:45:00;70.70
2025-09-09 05:00:00;76.81
2025-09-09 05:15:00;76.81
2025-09-09 05:30:00;76.81
2025-09-09 05:45:00;76.81
2025-09-09 06:00:00;102.52
2025-09-09 06:15:00;102.52
2025-09-09 06:30:00;102.52
2025-09-09 06:45:00;102.52
2025-09-09 07:00:00;185.00
2025-09-09 07:15:00;185.00
2025-09-09 07:30:00;185.00
2025-09-09 07:45:00;185.00
2025-09-09 08:00:00;167.83
2025-09-09 08:15:00;167.83
2025-09-09 08:30:00;167.83
2025-09-09 08:45:00;167.83
2025-09-09 09:00:00;115.62
2025-09-09 09:15:00;115.62
2025-09-09 09:30:00;115.62
2025-09-09 09:45:00;115.62
2025-09-09 10:00:00;94.11
2025-09-09 10:15:00;94.11
2025-09-09 10:30:00;94.11
2025-09-09 10:45:00;94.11
2025-09-09 11:00:00;83.10
2025-09-09 11:15:00;83.10
2025-09-09 11:30:00;83.10
2025-09-09 11:45:00;83.10
2025-09-09 12:00:00;72.71
2025-09-09 12:15:00;72.71
2025-09-09 12:30:00;72.71
2025-09-09 12:45:00;72.71
2025-09-09 13:00:00;70.02
2025-09-09 13:15:00;70.02
2025-09-09 13:30:00;70.02
2025-09-09 13:45:00;70.02
2025-09-09 14:00:00;69.45
2025-09-09 14:15:00;69.45
2025-09-09 14:30:00;69.45
2025-09-09 14:45:00;69.45
2025-09-09 15:00:00;72.98
2025-09-09 15:15:00;72.98
2025-09-09 15:30:00;72.98
2025-09-09 15:45:00;72.98
2025-09-09 16:00:00;83.02
2025-09-09 16:15:00;83.02
2025-09-09 16:30:00;83.02
2025-09-09 16:45:00;83.02
2025-09-09 17:00:00;78.90
2025-09-09 17:15:00;78.90
2025-09-09 17:30:00;78.90
2025-09-09 17:45:00;78.90
2025-09-09 18:00:00;112.06
2025-09-09 18:15:00;112.06
2025-09-09 18:30:00;112.06
2025-09-09 18:45:00;112.06
2025-09-09 19:00:00;245.05
2025-09-09 19:15:00;245.05
2025-09-09 19:30:00;245.05
2025-09-09 19:45:00;245.05
2025-09-09 20:00:00;181.74
2025-09-09 20:15:00;181.74
2025-09-09 20:30:00;181.74
2025-09-09 20:45:00;181.74
2025-09-09 21:00:00;114.36
2025-09-09 21:15:00;114.36
2025-09-09 21:30:00;114.36
2025-09-09 21:45:00;114.36
2025-09-09 22:00:00;103.73
2025-09-09 22:15:00;103.73
2025-09-09 22:30:00;103.73
2025-09-09 22:45:00;103.73
2025-09-09 23:00:00;91.00
2025-09-09 23:15:00;91.00
2025-09-09 23:30:00;91.00
2025-09-09 23:45:00;91.00
2025-09-10 00:00:00;73.00
2025-09-10 00:15:00;73.00
2025-09-10 00:30:00;73.00
2025-09-10 00:45:00;73.00
2025-09-10 01:00:00;61.31
2025-09-10 01:15:00;61.31
2025-09-10 01:30:00;61.31
2025-09-10 01:45:00;61.31
2025-09-10 02:00:00;64.32
2025-09-10 02:15:00;64.32
2025-09-10 02:30:00;64.32
2025-09-10 02:45:00;64.32
2025-09-10 03:00:00;62.49
2025-09-10 03:15:00;62.49
2025-09-10 03:30:00;62.49
2025-09-10 03:45:00;62.49
2025-09-10 04:00:00;67.00
2025-09-10 04:15:00;67.00
2025-09-10 04:30:00;67.00
2025-09-10 04:45:00;67.00
2025-09-10 05:00:00;64.48
2025-09-10 05:15:00;64.48
2025-09-10 05:30:00;64.48
2025-09-10 05:45:00;64.48
2025-09-10 06:00:00;94.52
2025-09-10 06:15:00;94.52
2025-09-10 06:30:00;94.52
2025-09-10 06:45:00;94.52
2025-09-10 07:00:00;149.26
2025-09-10 07:15:00;149.26
2025-09-10 07:30:00;149.26
2025-09-10 07:45:00;149.26
2025-09-10 08:00:00;132.43
2025-09-10 08:15:00;132.43
2025-09-10 08:30:00;132.43
2025-09-10 08:45:00;132.43
2025-09-10 09:00:00;91.61
2025-09-10 09:15:00;91.61
2025-09-10 09:30:00;91.61
2025-09-10 09:45:00;91.61
2025-09-10 10:00:00;84.80
2025-09-10 10:15:00;84.80
2025-09-10 10:30:00;84.80
2025-09-10 10:45:00;84.80
2025-09-10 11:00:00;79.61
2025-09-10 11:15:00;79.61
2025-09-10 11:30:00;79.61
2025-09-10 11:45:00;79.61
2025-09-10 12:00:00;69.23
2025-09-10 12:15:00;69.23
2025-09-10 12:30:00;69.23
2025-09-10 12:45:00;69.23
2025-09-10 13:00:00;66.75
2025-09-10 13:15:00;66.75
2025-09-10 13:30:00;66.75
2025-09-10 13:45:00;66.75
2025-09-10 14:00:00;68.91
2025-09-10 14:15:00;68.91
2025-09-10 14:30:00;68.91
2025-09-10 14:45:00;68.91
2025-09-10 15:00:00;69.31
2025-09-10 15:15:00;69.31
2025-09-10 15:30:00;69.31
2025-09-10 15:45:00;69.31
2025-09-10 16:00:00;80.29
2025-09-10 16:15:00;80.29
2025-09-10 16:30:00;80.29
2025-09-10 16:45:00;80.29
2025-09-10 17:00:00;66.91
2025-09-10 17:15:00;66.91
2025-09-10 17:30:00;66.91
2025-09-10 17:45:00;66.91
2025-09-10 18:00:00;105.20
2025-09-10 18:15:00;105.20
2025-09-10 18:30:00;105.20
2025-09-10 18:45:00;105.20
2025-09-10 19:00:00;161.05
2025-09-10 19:15:00;161.05
2025-09-10 19:30:00;161.05
2025-09-10 19:45:00;161.05
2025-09-10 20:00:00;116.73
2025-09-10 20:15:00;116.73
2025-09-10 20:30:00;116.73
2025-09-10 20:45:00;116.73
2025-09-10 21:00:00;84.20
2025-09-10 21:15:00;84.20
2025-09-10 21:30:00;84.20
2025-09-10 21:45:00;84.20
2025-09-10 22:00:00;64.10
2025-09-10 22:15:00;64.10
2025-09-10 22:30:00;64.10
2025-09-10 22:45:00;64.10
2025-09-10 23:00:00;42.41
2025-09-10 23:15:00;42.41
2025-09-10 23:30:00;42.41
2025-09-10 23:45:00;42.41
2025-09-11 00:00:00;41.99
2025-09-11 00:15:00;41.99
2025-09-11 00:30:00;41.99
2025-09-11 00:45:00;41.99
2025-09-11 01:00:00;39.32
2025-09-11 01:15:00;39.32
2025-09-11 01:30:00;39.32
2025-09-11 01:45:00;39.32
2025-09-11 02:00:00;35.72
2025-09-11 02:15:00;35.72
2025-09-11 02:30:00;35.72
2025-09-11 02:45:00;35.72
2025-09-11 03:00:00;26.74
2025-09-11 03:15:00;26.74
2025-09-11 03:30:00;26.74
2025-09-11 03:45:00;26.74
2025-09-11 04:00:00;26.88
2025-09-11 04:15:00;26.88
2025-09-11 04:30:00;26.88
2025-09-11 04:45:00;26.88
2025-09-11 05:00:00;35.33
2025-09-11 05:15:00;35.33
2025-09-11 05:30:00;35.33
2025-09-11 05:45:00;35.33
2025-09-11 06:00:00;50.52
2025-09-11 06:15:00;50.52
2025-09-11 06:30:00;50.52
2025-09-11 06:45:00;50.52
2025-09-11 07:00:00;64.13
2025-09-11 07:15:00;64.13
2025-09-11 07:30:00;64.13
2025-09-11 07:45:00;64.13
2025-09-11 08:00:00;80.55
2025-09-11 08:15:00;80.55
2025-09-11 08:30:00;80.55
2025-09-11 08:45:00;80.55
2025-09-11 09:00:00;80.96
2025-09-11 09:15:00;80.96
2025-09-11 09:30:00;80.96
2025-09-11 09:45:00;80.96
2025-09-11 10:00:00;55.40
2025-09-11 10:15:00;55.40
2025-09-11 10:30:00;55.40
2025-09-11 10:45:00;55.40
2025-09-11 11:00:00;5.03
2025-09-11 11:15:00;5.03
2025-09-11 11:30:00;5.03
2025-09-11 11:45:00;5.03
2025-09-11 12:00:00;-0.01
2025-09-11 12:15:00;-0.01
2025-09-11 12:30:00;-0.01
2025-09-11 12:45:00;-0.01
2025-09-11 13:00:00;-0.01
2025-09-11 13:15:00;-0.01
2025-09-11 13:30:00;-0.01
2025-09-11 13:45:00;-0.01
2025-09-11 14:00:00;-0.74
2025-09-11 14:15:00;-0.74
2025-09-11 14:30:00;-0.74
2025-09-11 14:45:00;-0.74
2025-09-11 15:00:00;-1.46
2025-09-11 15:15:00;-1.46
2025-09-11 15:30:00;-1.46
2025-09-11 15:45:00;-1.46
2025-09-11 16:00:00;-0.01
2025-09-11 16:15:00;-0.01
2025-09-11 16:30:00;-0.01
2025-09-11 16:45:00;-0.01
2025-09-11 17:00:00;37.56
2025-09-11 17:15:00;37.56
2025-09-11 17:30:00;37.56
2025-09-11 17:45:00;37.56
2025-09-11 18:00:00;53.78
2025-09-11 18:15:00;53.78
2025-09-11 18:30:00;53.78
2025-09-11 18:45:00;53.78
2025-09-11 19:00:00;74.66
2025-09-11 19:15:00;74.66
2025-09-11 19:30:00;74.66
2025-09-11 19:45:00;74.66
2025-09-11 20:00:00;80.00
2025-09-11 20:15:00;80.00
2025-09-11 20:30:00;80.00
2025-09-11 20:45:00;80.00
2025-09-11 21:00:00;53.65
2025-09-11 21:15:00;53.65
2025-09-11 21:30:00;53.65
2025-09-11 21:45:00;53.65
2025-09-11 22:00:00;53.27
2025-09-11 22:15:00;53.27
2025-09-11 22:30:00;53.27
2025-09-11 22:45:00;53.27
2025-09-11 23:00:00;31.86
2025-09-11 23:15:00;31.86
2025-09-11 23:30:00;31.86
2025-09-11 23:45:00;31.86
2025-09-12 00:00:00;10.94
2025-09-12 00:15:00;10.94
2025-09-12 00:30:00;10.94
2025-09-12 00:45:00;10.94
2025-09-12 01:00:00;11.75
2025-09-12 01:15:00;11.75
2025-09-12 01:30:00;11.75
2025-09-12 01:45:00;11.75
2025-09-12 02:00:00;6.83
2025-09-12 02:15:00;6.83
2025-09-12 02:30:00;6.83
2025-09-12 02:45:00;6.83
2025-09-12 03:00:00;4.53
2025-09-12 03:15:00;4.53
2025-09-12 03:30:00;4.53
2025-09-12 03:45:00;4.53
2025-09-12 04:00:00;10.01
2025-09-12 04:15:00;10.01
2025-09-12 04:30:00;10.01
2025-09-12 04:45:00;10.01
2025-09-12 05:00:00;21.06
2025-09-12 05:15:00;21.06
2025-09-12 05:30:00;21.06
2025-09-12 05:45:00;21.06
2025-09-12 06:00:00;44.37
2025-09-12 06:15:00;44.37
2025-09-12 06:30:00;44.37
2025-09-12 06:45:00;44.37
2025-09-12 07:00:00;56.56
2025-09-12 07:15:00;56.56
2025-09-12 07:30:00;56.56
2025-09-12 07:45:00;56.56
2025-09-12 08:00:00;74.07
2025-09-12 08:15:00;74.07
2025-09-12 08:30:00;74.07
2025-09-12 08:45:00;74.07
2025-09-12 09:00:00;43.48
2025-09-12 09:15:00;43.48
2025-09-12 09:30:00;43.48
2025-09-12 09:45:00;43.48
2025-09-12 10:00:00;1.50
2025-09-12 10:15:00;1.50
2025-09-12 10:30:00;1.50
2025-09-12 10:45:00;1.50
2025-09-12 11:00:00;0.00
2025-09-12 11:15:00;0.00
2025-09-12 11:30:00;0.00
2025-09-12 11:45:00;0.00
2025-09-12 12:00:00;-2.62
2025-09-12 12:15:00;-2.62
2025-09-12 12:30:00;-2.62
2025-09-12 12:45:00;-2.62
2025-09-12 13:00:00;-5.57
2025-09-12 13:15:00;-5.57
2025-09-12 13:30:00;-5.57
2025-09-12 13:45:00;-5.57
2025-09-12 14:00:00;-4.36
2025-09-12 14:15:00;-4.36
2025-09-12 14:30:00;-4.36
2025-09-12 14:45:00;-4.36
2025-09-12 15:00:00;-2.26
2025-09-12 15:15:00;-2.26
2025-09-12 15:30:00;-2.26
2025-09-12 15:45:00;-2.26
2025-09-12 16:00:00;2.16
2025-09-12 16:15:00;2.16
2025-09-12 16:30:00;2.16
2025-09-12 16:45:00;2.16
2025-09-12 17:00:00;33.91
2025-09-12 17:15:00;33.91
2025-09-12 17:30:00;33.91
2025-09-12 17:45:00;33.91
2025-09-12 18:00:00;69.84
2025-09-12 18:15:00;69.84
2025-09-12 18:30:00;69.84
2025-09-12 18:45:00;69.84
2025-09-12 19:00:00;100.00
2025-09-12 19:15:00;100.00
2025-09-12 19:30:00;100.00
2025-09-12 19:45:00;100.00
2025-09-12 20:00:00;102.55
2025-09-12 20:15:00;102.55
2025-09-12 20:30:00;102.55
2025-09-12 20:45:00;102.55
2025-09-12 21:00:00;74.71
2025-09-12 21:15:00;74.71
2025-09-12 21:30:00;74.71
2025-09-12 21:45:00;74.71
2025-09-12 22:00:00;72.15
2025-09-12 22:15:00;72.15
2025-09-12 22:30:00;72.15
2025-09-12 22:45:00;72.15
2025-09-12 23:00:00;63.21
2025-09-12 23:15:00;63.21
2025-09-12 23:30:00;63.21
2025-09-12 23:45:00;63.21
2025-09-13 00:00:00;41.08
2025-09-13 00:15:00;41.08
2025-09-13 00:30:00;41.08
2025-09-13 00:45:00;41.08
2025-09-13 01:00:00;35.49
2025-09-13 01:15:00;35.49
2025-09-13 01:30:00;35.49
2025-09-13 01:45:00;35.49
2025-09-13 02:00:00;36.12
2025-09-13 02:15:00;36.12
2025-09-13 02:30:00;36.12
2025-09-13 02:45:00;36.12
2025-09-13 03:00:00;34.33
2025-09-13 03:15:00;34.33
2025-09-13 03:30:00;34.33
2025-09-13 03:45:00;34.33
2025-09-13 04:00:00;32.87
2025-09-13 04:15:00;32.87
2025-09-13 04:30:00;32.87
2025-09-13 04:45:00;32.87
2025-09-13 05:00:00;34.84
2025-09-13 05:15:00;34.84
2025-09-13 05:30:00;34.84
2025-09-13 05:45:00;34.84
2025-09-13 06:00:00;36.67
2025-09-13 06:15:00;36.67
2025-09-13 06:30:00;36.67
2025-09-13 06:45:00;36.67
2025-09-13 07:00:00;35.61
2025-09-13 07:15:00;35.61
2025-09-13 07:30:00;35.61
2025-09-13 07:45:00;35.61
2025-09-13 08:00:00;37.61
2025-09-13 08:15:00;37.61
2025-09-13 08:30:00;37.61
2025-09-13 08:45:00;37.61
2025-09-13 09:00:00;43.94
2025-09-13 09:15:00;43.94
2025-09-13 09:30:00;43.94
2025-09-13 09:45:00;43.94
2025-09-13 10:00:00;11.55
2025-09-13 10:15:00;11.55
2025-09-13 10:30:00;11.55
2025-09-13 10:45:00;11.55
2025-09-13 11:00:00;2.37
2025-09-13 11:15:00;2.37
2025-09-13 11:30:00;2.37
2025-09-13 11:45:00;2.37
2025-09-13 12:00:00;0.00
2025-09-13 12:15:00;0.00
2025-09-13 12:30:00;0.00
2025-09-13 12:45:00;0.00
2025-09-13 13:00:00;-0.01
2025-09-13 13:15:00;-0.01
2025-09-13 13:30:00;-0.01
2025-09-13 13:45:00;-0.01
2025-09-13 14:00:00;-0.01
2025-09-13 14:15:00;-0.01
2025-09-13 14:30:00;-0.01
2025-09-13 14:45:00;-0.01
2025-09-13 15:00:00;-0.01
2025-09-13 15:15:00;-0.01
2025-09-13 15:30:00;-0.01
2025-09-13 15:45:00;-0.01
2025-09-13 16:00:00;0.08
2025-09-13 16:15:00;0.08
2025-09-13 16:30:00;0.08
2025-09-13 16:45:00;0.08
2025-09-13 17:00:00;58.96
2025-09-13 17:15:00;58.96
2025-09-13 17:30:00;58.96
2025-09-13 17:45:00;58.96
2025-09-13 18:00:00;54.58
2025-09-13 18:15:00;54.58
2025-09-13 18:30:00;54.58
2025-09-13 18:45:00;54.58
2025-09-13 19:00:00;61.39
2025-09-13 19:15:00;61.39
2025-09-13 19:30:00;61.39
2025-09-13 19:45:00;61.39
2025-09-13 20:00:00;77.10
2025-09-13 20:15:00;77.10
2025-09-13 20:30:00;77.10
2025-09-13 20:45:00;77.10
2025-09-13 21:00:00;65.97
2025-09-13 21:15:00;65.97
2025-09-13 21:30:00;65.97
2025-09-13 21:45:00;65.97
2025-09-13 22:00:00;77.36
2025-09-13 22:15:00;77.36
2025-09-13 22:30:00;77.36
2025-09-13 22:45:00;77.36
2025-09-13 23:00:00;73.84
2025-09-13 23:15:00;73.84
2025-09-13 23:30:00;73.84
2025-09-13 23:45:00;73.84
2025-09-14 00:00:00;61.61
2025-09-14 00:15:00;61.61
2025-09-14 00:30:00;61.61
2025-09-14 00:45:00;61.61
2025-09-14 01:00:00;43.87
2025-09-14 01:15:00;43.87
2025-09-14 01:30:00;43.87
2025-09-14 01:45:00;43.87
2025-09-14 02:00:00;51.80
2025-09-14 02:15:00;51.80
2025-09-14 02:30:00;51.80
2025-09-14 02:45:00;51.80
2025-09-14 03:00:00;55.09
2025-09-14 03:15:00;55.09
2025-09-14 03:30:00;55.09
2025-09-14 03:45:00;55.09
2025-09-14 04:00:00;57.37
2025-09-14 04:15:00;57.37
2025-09-14 04:30:00;57.37
2025-09-14 04:45:00;57.37
2025-09-14 05:00:00;49.41
2025-09-14 05:15:00;49.41
2025-09-14 05:30:00;49.41
2025-09-14 05:45:00;49.41
2025-09-14 06:00:00;61.37
2025-09-14 06:15:00;61.37
2025-09-14 06:30:00;61.37
2025-09-14 06:45:00;61.37
2025-09-14 07:00:00;65.95
2025-09-14 07:15:00;65.95
2025-09-14 07:30:00;65.95
2025-09-14 07:45:00;65.95
2025-09-14 08:00:00;67.40
2025-09-14 08:15:00;67.40
2025-09-14 08:30:00;67.40
2025-09-14 08:45:00;67.40
2025-09-14 09:00:00;49.02
2025-09-14 09:15:00;49.02
2025-09-14 09:30:00;49.02
2025-09-14 09:45:00;49.02
2025-09-14 10:00:00;33.61
2025-09-14 10:15:00;33.61
2025-09-14 10:30:00;33.61
2025-09-14 10:45:00;33.61
2025-09-14 11:00:00;17.49
2025-09-14 11:15:00;17.49
2025-09-14 11:30:00;17.49
2025-09-14 11:45:00;17.49
2025-09-14 12:00:00;6.51
2025-09-14 12:15:00;6.51
2025-09-14 12:30:00;6.51
2025-09-14 12:45:00;6.51
2025-09-14 13:00:00;0.00
2025-09-14 13:15:00;0.00
2025-09-14 13:30:00;0.00
2025-09-14 13:45:00;0.00
2025-09-14 14:00:00;-0.01
2025-09-14 14:15:00;-0.01
2025-09-14 14:30:00;-0.01
2025-09-14 14:45:00;-0.01
2025-09-14 15:00:00;0.00
2025-09-14 15:15:00;0.00
2025-09-14 15:30:00;0.00
2025-09-14 15:45:00;0.00
2025-09-14 16:00:00;16.08
2025-09-14 16:15:00;16.08
2025-09-14 16:30:00;16.08
2025-09-14 16:45:00;16.08
2025-09-14 17:00:00;49.99
2025-09-14 17:15:00;49.99
2025-09-14 17:30:00;49.99
2025-09-14 17:45:00;49.99
2025-09-14 18:00:00;74.34
2025-09-14 18:15:00;74.34
2025-09-14 18:30:00;74.34
2025-09-14 18:45:00;74.34
2025-09-14 19:00:00;73.02
2025-09-14 19:15:00;73.02
2025-09-14 19:30:00;73.02
2025-09-14 19:45:00;73.02
2025-09-14 20:00:00;51.28
2025-09-14 20:15:00;51.28
2025-09-14 20:30:00;51.28
2025-09-14 20:45:00;51.28
2025-09-14 21:00:00;45.75
2025-09-14 21:15:00;45.75
2025-09-14 21:30:00;45.75
2025-09-14 21:45:00;45.75
2025-09-14 22:00:00;40.29
2025-09-14 22:15:00;40.29
2025-09-14 22:30:00;40.29
2025-09-14 22:45:00;40.29
2025-09-14 23:00:00;13.26
2025-09-14 23:15:00;13.26
2025-09-14 23:30:00;13.26
2025-09-14 23:45:00;13.26
2025-09-15 00:00:00;6.16
2025-09-15 00:15:00;6.16
2025-09-15 00:30:00;6.16
2025-09-15 00:45:00;6.16
2025-09-15 01:00:00;-0.24
2025-09-15 01:15:00;-0.24
2025-09-15 01:30:00;-0.24
2025-09-15 01:45:00;-0.24
2025-09-15 02:00:00;-1.42
2025-09-15 02:15:00;-1.42
2025-09-15 02:30:00;-1.42
2025-09-15 02:45:00;-1.42
2025-09-15 03:00:00;-1.79
2025-09-15 03:15:00;-1.79
2025-09-15 03:30:00;-1.79
2025-09-15 03:45:00;-1.79
2025-09-15 04:00:00;-1.94
2025-09-15 04:15:00;-1.94
2025-09-15 04:30:00;-1.94
2025-09-15 04:45:00;-1.94
2025-09-15 05:00:00;-1.99
2025-09-15 05:15:00;-1.99
2025-09-15 05:30:00;-1.99
2025-09-15 05:45:00;-1.99
2025-09-15 06:00:00;7.00
2025-09-15 06:15:00;7.00
2025-09-15 06:30:00;7.00
2025-09-15 06:45:00;7.00
2025-09-15 07:00:00;22.22
2025-09-15 07:15:00;22.22
2025-09-15 07:30:00;22.22
2025-09-15 07:45:00;22.22
2025-09-15 08:00:00;26.77
2025-09-15 08:15:00;26.77
2025-09-15 08:30:00;26.77
2025-09-15 08:45:00;26.77
2025-09-15 09:00:00;0.90
2025-09-15 09:15:00;0.90
2025-09-15 09:30:00;0.90
2025-09-15 09:45:00;0.90
2025-09-15 10:00:00;-0.29
2025-09-15 10:15:00;-0.29
2025-09-15 10:30:00;-0.29
2025-09-15 10:45:00;-0.29
2025-09-15 11:00:00;-2.21
2025-09-15 11:15:00;-2.21
2025-09-15 11:30:00;-2.21
2025-09-15 11:45:00;-2.21
2025-09-15 12:00:00;-5.48
2025-09-15 12:15:00;-5.48
2025-09-15 12:30:00;-5.48
2025-09-15 12:45:00;-5.48
2025-09-15 13:00:00;-9.65
2025-09-15 13:15:00;-9.65
2025-09-15 13:30:00;-9.65
2025-09-15 13:45:00;-9.65
2025-09-15 14:00:00;-12.38
2025-09-15 14:15:00;-12.38
2025-09-15 14:30:00;-12.38
2025-09-15 14:45:00;-12.38
2025-09-15 15:00:00;-6.90
2025-09-15 15:15:00;-6.90
2025-09-15 15:30:00;-6.90
2025-09-15 15:45:00;-6.90
2025-09-15 16:00:00;-3.19
2025-09-15 16:15:00;-3.19
2025-09-15 16:30:00;-3.19
2025-09-15 16:45:00;-3.19
2025-09-15 17:00:00;-1.28
2025-09-15 17:15:00;-1.28
2025-09-15 17:30:00;-1.28
2025-09-15 17:45:00;-1.28
2025-09-15 18:00:00;8.16
2025-09-15 18:15:00;8.16
2025-09-15 18:30:00;8.16
2025-09-15 18:45:00;8.16
2025-09-15 19:00:00;38.82
2025-09-15 19:15:00;38.82
2025-09-15 19:30:00;38.82
2025-09-15 19:45:00;38.82
2025-09-15 20:00:00;32.37
2025-09-15 20:15:00;32.37
2025-09-15 20:30:00;32.37
2025-09-15 20:45:00;32.37
2025-09-15 21:00:00;5.16
2025-09-15 21:15:00;5.16
2025-09-15 21:30:00;5.16
2025-09-15 21:45:00;5.16
2025-09-15 22:00:00;2.91
2025-09-15 22:15:00;2.91
2025-09-15 22:30:00;2.91
2025-09-15 22:45:00;2.91
2025-09-15 23:00:00;0.14
2025-09-15 23:15:00;0.14
2025-09-15 23:30:00;0.14
2025-09-15 23:45:00;0.14
2025-09-16 00:00:00;-0.06
2025-09-16 00:15:00;-0.06
2025-09-16 00:30:00;-0.06
2025-09-16 00:45:00;-0.06
2025-09-16 01:00:00;-0.86
2025-09-16 01:15:00;-0.86
2025-09-16 01:30:00;-0.86
2025-09-16 01:45:00;-0.86
2025-09-16 02:00:00;-0.95
2025-09-16 02:15:00;-0.95
2025-09-16 02:30:00;-0.95
2025-09-16 02:45:00;-0.95
2025-09-16 03:00:00;-1.17
2025-09-16 03:15:00;-1.17
2025-09-16 03:30:00;-1.17
2025-09-16 03:45:00;-1.17
2025-09-16 04:00:00;-3.42
2025-09-16 04:15:00;-3.42
2025-09-16 04:30:00;-3.42
2025-09-16 04:45:00;-3.42
2025-09-16 05:00:00;-0.25
2025-09-16 05:15:00;-0.25
2025-09-16 05:30:00;-0.25
2025-09-16 05:45:00;-0.25
2025-09-16 06:00:00;2.32
2025-09-16 06:15:00;2.32
2025-09-16 06:30:00;2.32
2025-09-16 06:45:00;2.32
2025-09-16 07:00:00;16.21
2025-09-16 07:15:00;16.21
2025-09-16 07:30:00;16.21
2025-09-16 07:45:00;16.21
2025-09-16 08:00:00;21.58
2025-09-16 08:15:00;21.58
2025-09-16 08:30:00;21.58
2025-09-16 08:45:00;21.58
2025-09-16 09:00:00;6.94
2025-09-16 09:15:00;6.94
2025-09-16 09:30:00;6.94
2025-09-16 09:45:00;6.94
2025-09-16 10:00:00;-2.00
2025-09-16 10:15:00;-2.00
2025-09-16 10:30:00;-2.00
2025-09-16 10:45:00;-2.00
2025-09-16 11:00:00;-3.40
2025-09-16 11:15:00;-3.40
2025-09-16 11:30:00;-3.40
2025-09-16 11:45:00;-3.40
2025-09-16 12:00:00;-5.40
2025-09-16 12:15:00;-5.40
2025-09-16 12:30:00;-5.40
2025-09-16 12:45:00;-5.40
2025-09-16 13:00:00;-4.90
2025-09-16 13:15:00;-4.90
2025-09-16 13:30:00;-4.90
2025-09-16 13:45:00;-4.90
2025-09-16 14:00:00;-3.05
2025-09-16 14:15:00;-3.05
2025-09-16 14:30:00;-3.05
2025-09-16 14:45:00;-3.05
2025-09-16 15:00:00;-3.57
2025-09-16 15:15:00;-3.57
2025-09-16 15:30:00;-3.57
2025-09-16 15:45:00;-3.57
2025-09-16 16:00:00;-2.96
2025-09-16 16:15:00;-2.96
2025-09-16 16:30:00;-2.96
2025-09-16 16:45:00;-2.96
2025-09-16 17:00:00;10.77
2025-09-16 17:15:00;10.77
2025-09-16 17:30:00;10.77
2025-09-16 17:45:00;10.77
2025-09-16 18:00:00;71.99
2025-09-16 18:15:00;71.99
2025-09-16 18:30:00;71.99
2025-09-16 18:45:00;71.99
2025-09-16 19:00:00;110.93
2025-09-16 19:15:00;110.93
2025-09-16 19:30:00;110.93
2025-09-16 19:45:00;110.93
2025-09-16 20:00:00;116.88
2025-09-16 20:15:00;116.88
2025-09-16 20:30:00;116.88
2025-09-16 20:45:00;116.88
2025-09-16 21:00:00;96.26
2025-09-16 21:15:00;96.26
2025-09-16 21:30:00;96.26
2025-09-16 21:45:00;96.26
2025-09-16 22:00:00;85.93
2025-09-16 22:15:00;85.93
2025-09-16 22:30:00;85.93
2025-09-16 22:45:00;85.93
2025-09-16 23:00:00;76.52
2025-09-16 23:15:00;76.52
2025-09-16 23:30:00;76.52
2025-09-16 23:45:00;76.52
2025-09-17 00:00:00;73.49
2025-09-17 00:15:00;73.49
2025-09-17 00:30:00;73.49
2025-09-17 00:45:00;73.49
2025-09-17 01:00:00;65.53
2025-09-17 01:15:00;65.53
2025-09-17 01:30:00;65.53
2025-09-17 01:45:00;65.53
2025-09-17 02:00:00;51.68
2025-09-17 02:15:00;51.68
2025-09-17 02:30:00;51.68
2025-09-17 02:45:00;51.68
2025-09-17 03:00:00;58.00
2025-09-17 03:15:00;58.00
2025-09-17 03:30:00;58.00
2025-09-17 03:45:00;58.00
2025-09-17 04:00:00;78.12
2025-09-17 04:15:00;78.12
2025-09-17 04:30:00;78.12
2025-09-17 04:45:00;78.12
2025-09-17 05:00:00;84.77
2025-09-17 05:15:00;84.77
2025-09-17 05:30:00;84.77
2025-09-17 05:45:00;84.77
2025-09-17 06:00:00;88.89
2025-09-17 06:15:00;88.89
2025-09-17 06:30:00;88.89
2025-09-17 06:45:00;88.89
2025-09-17 07:00:00;119.00
2025-09-17 07:15:00;119.00
2025-09-17 07:30:00;119.00
2025-09-17 07:45:00;119.00
2025-09-17 08:00:00;113.13
2025-09-17 08:15:00;113.13
2025-09-17 08:30:00;113.13
2025-09-17 08:45:00;113.13
2025-09-17 09:00:00;105.72
2025-09-17 09:15:00;105.72
2025-09-17 09:30:00;105.72
2025-09-17 09:45:00;105.72
2025-09-17 10:00:00;81.07
2025-09-17 10:15:00;81.07
2025-09-17 10:30:00;81.07
2025-09-17 10:45:00;81.07
2025-09-17 11:00:00;67.40
2025-09-17 11:15:00;67.40
2025-09-17 11:30:00;67.40
2025-09-17 11:45:00;67.40
2025-09-17 12:00:00;42.20
2025-09-17 12:15:00;42.20
2025-09-17 12:30:00;42.20
2025-09-17 12:45:00;42.20
2025-09-17 13:00:00;19.23
2025-09-17 13:15:00;19.23
2025-09-17 13:30:00;19.23
2025-09-17 13:45:00;19.23
2025-09-17 14:00:00;13.78
2025-09-17 14:15:00;13.78
2025-09-17 14:30:00;13.78
2025-09-17 14:45:00;13.78
2025-09-17 15:00:00;41.55
2025-09-17 15:15:00;41.55
2025-09-17 15:30:00;41.55
2025-09-17 15:45:00;41.55
2025-09-17 16:00:00;64.87
2025-09-17 16:15:00;64.87
2025-09-17 16:30:00;64.87
2025-09-17 16:45:00;64.87
2025-09-17 17:00:00;75.44
2025-09-17 17:15:00;75.44
2025-09-17 17:30:00;75.44
2025-09-17 17:45:00;75.44
2025-09-17 18:00:00;98.26
2025-09-17 18:15:00;98.26
2025-09-17 18:30:00;98.26
2025-09-17 18:45:00;98.26
2025-09-17 19:00:00;117.89
2025-09-17 19:15:00;117.89
2025-09-17 19:30:00;117.89
2025-09-17 19:45:00;117.89
2025-09-17 20:00:00;120.42
2025-09-17 20:15:00;120.42
2025-09-17 20:30:00;120.42
2025-09-17 20:45:00;120.42
2025-09-17 21:00:00;93.87
2025-09-17 21:15:00;93.87
2025-09-17 21:30:00;93.87
2025-09-17 21:45:00;93.87
2025-09-17 22:00:00;86.80
2025-09-17 22:15:00;86.80
2025-09-17 22:30:00;86.80
2025-09-17 22:45:00;86.80
2025-09-17 23:00:00;66.58
2025-09-17 23:15:00;66.58
2025-09-17 23:30:00;66.58
2025-09-17 23:45:00;66.58
2025-09-18 00:00:00;47.20
2025-09-18 00:15:00;47.20
2025-09-18 00:30:00;47.20
2025-09-18 00:45:00;47.20
2025-09-18 01:00:00;43.22
2025-09-18 01:15:00;43.22
2025-09-18 01:30:00;43.22
2025-09-18 01:45:00;43.22
2025-09-18 02:00:00;35.86
2025-09-18 02:15:00;35.86
2025-09-18 02:30:00;35.86
2025-09-18 02:45:00;35.86
2025-09-18 03:00:00;32.60
2025-09-18 03:15:00;32.60
2025-09-18 03:30:00;32.60
2025-09-18 03:45:00;32.60
2025-09-18 04:00:00;40.66
2025-09-18 04:15:00;40.66
2025-09-18 04:30:00;40.66
2025-09-18 04:45:00;40.66
2025-09-18 05:00:00;62.68
2025-09-18 05:15:00;62.68
2025-09-18 05:30:00;62.68
2025-09-18 05:45:00;62.68
2025-09-18 06:00:00;64.14
2025-09-18 06:15:00;64.14
2025-09-18 06:30:00;64.14
2025-09-18 06:45:00;64.14
2025-09-18 07:00:00;108.75
2025-09-18 07:15:00;108.75
2025-09-18 07:30:00;108.75
2025-09-18 07:45:00;108.75
2025-09-18 08:00:00;107.01
2025-09-18 08:15:00;107.01
2025-09-18 08:30:00;107.01
2025-09-18 08:45:00;107.01
2025-09-18 09:00:00;85.08
2025-09-18 09:15:00;85.08
2025-09-18 09:30:00;85.08
2025-09-18 09:45:00;85.08
2025-09-18 10:00:00;62.95
2025-09-18 10:15:00;62.95
2025-09-18 10:30:00;62.95
2025-09-18 10:45:00;62.95
2025-09-18 11:00:00;5.88
2025-09-18 11:15:00;5.88
2025-09-18 11:30:00;5.88
2025-09-18 11:45:00;5.88
2025-09-18 12:00:00;0.20
2025-09-18 12:15:00;0.20
2025-09-18 12:30:00;0.20
2025-09-18 12:45:00;0.20
2025-09-18 13:00:00;0.00
2025-09-18 13:15:00;0.00
2025-09-18 13:30:00;0.00
2025-09-18 13:45:00;0.00
2025-09-18 14:00:00;0.00
2025-09-18 14:15:00;0.00
2025-09-18 14:30:00;0.00
2025-09-18 14:45:00;0.00
2025-09-18 15:00:00;0.52
2025-09-18 15:15:00;0.52
2025-09-18 15:30:00;0.52
2025-09-18 15:45:00;0.52
2025-09-18 16:00:00;15.31
2025-09-18 16:15:00;15.31
2025-09-18 16:30:00;15.31
2025-09-18 16:45:00;15.31
2025-09-18 17:00:00;61.61
2025-09-18 17:15:00;61.61
2025-09-18 17:30:00;61.61
2025-09-18 17:45:00;61.61
2025-09-18 18:00:00;103.44
2025-09-18 18:15:00;103.44
2025-09-18 18:30:00;103.44
2025-09-18 18:45:00;103.44
2025-09-18 19:00:00;125.92
2025-09-18 19:15:00;125.92
2025-09-18 19:30:00;125.92
2025-09-18 19:45:00;125.92
2025-09-18 20:00:00;127.60
2025-09-18 20:15:00;127.60
2025-09-18 20:30:00;127.60
2025-09-18 20:45:00;127.60
2025-09-18 21:00:00;110.00
2025-09-18 21:15:00;110.00
2025-09-18 21:30:00;110.00
2025-09-18 21:45:00;110.00
2025-09-18 22:00:00;99.10
2025-09-18 22:15:00;99.10
2025-09-18 22:30:00;99.10
2025-09-18 22:45:00;99.10
2025-09-18 23:00:00;88.20
2025-09-18 23:15:00;88.20
2025-09-18 23:30:00;88.20
2025-09-18 23:45:00;88.20
2025-09-19 00:00:00;74.09
2025-09-19 00:15:00;74.09
2025-09-19 00:30:00;74.09
2025-09-19 00:45:00;74.09
2025-09-19 01:00:00;76.90
2025-09-19 01:15:00;76.90
2025-09-19 01:30:00;76.90
2025-09-19 01:45:00;76.90
2025-09-19 02:00:00;85.29
2025-09-19 02:15:00;85.29
2025-09-19 02:30:00;85.29
2025-09-19 02:45:00;85.29
2025-09-19 03:00:00;78.31
2025-09-19 03:15:00;78.31
2025-09-19 03:30:00;78.31
2025-09-19 03:45:00;78.31
2025-09-19 04:00:00;79.99
2025-09-19 04:15:00;79.99
2025-09-19 04:30:00;79.99
2025-09-19 04:45:00;79.99
2025-09-19 05:00:00;88.69
2025-09-19 05:15:00;88.69
2025-09-19 05:30:00;88.69
2025-09-19 05:45:00;88.69
2025-09-19 06:00:00;104.42
2025-09-19 06:15:00;104.42
2025-09-19 06:30:00;104.42
2025-09-19 06:45:00;104.42
2025-09-19 07:00:00;143.42
2025-09-19 07:15:00;143.42
2025-09-19 07:30:00;143.42
2025-09-19 07:45:00;143.42
2025-09-19 08:00:00;118.29
2025-09-19 08:15:00;118.29
2025-09-19 08:30:00;118.29
2025-09-19 08:45:00;118.29
2025-09-19 09:00:00;114.02
2025-09-19 09:15:00;114.02
2025-09-19 09:30:00;114.02
2025-09-19 09:45:00;114.02
2025-09-19 10:00:00;44.94
2025-09-19 10:15:00;44.94
2025-09-19 10:30:00;44.94
2025-09-19 10:45:00;44.94
2025-09-19 11:00:00;13.02
2025-09-19 11:15:00;13.02
2025-09-19 11:30:00;13.02
2025-09-19 11:45:00;13.02
2025-09-19 12:00:00;0.99
2025-09-19 12:15:00;0.99
2025-09-19 12:30:00;0.99
2025-09-19 12:45:00;0.99
2025-09-19 13:00:00;0.00
2025-09-19 13:15:00;0.00
2025-09-19 13:30:00;0.00
2025-09-19 13:45:00;0.00
2025-09-19 14:00:00;0.00
2025-09-19 14:15:00;0.00
2025-09-19 14:30:00;0.00
2025-09-19 14:45:00;0.00
2025-09-19 15:00:00;11.97
2025-09-19 15:15:00;11.97
2025-09-19 15:30:00;11.97
2025-09-19 15:45:00;11.97
2025-09-19 16:00:00;64.39
2025-09-19 16:15:00;64.39
2025-09-19 16:30:00;64.39
2025-09-19 16:45:00;64.39
2025-09-19 17:00:00;95.10
2025-09-19 17:15:00;95.10
2025-09-19 17:30:00;95.10
2025-09-19 17:45:00;95.10
2025-09-19 18:00:00;167.40
2025-09-19 18:15:00;167.40
2025-09-19 18:30:00;167.40
2025-09-19 18:45:00;167.40
2025-09-19 19:00:00;250.81
2025-09-19 19:15:00;250.81
2025-09-19 19:30:00;250.81
2025-09-19 19:45:00;250.81
2025-09-19 20:00:00;141.63
2025-09-19 20:15:00;141.63
2025-09-19 20:30:00;141.63
2025-09-19 20:45:00;141.63
2025-09-19 21:00:00;100.99
2025-09-19 21:15:00;100.99
2025-09-19 21:30:00;100.99
2025-09-19 21:45:00;100.99
2025-09-19 22:00:00;85.87
2025-09-19 22:15:00;85.87
2025-09-19 22:30:00;85.87
2025-09-19 22:45:00;85.87
2025-09-19 23:00:00;79.06
2025-09-19 23:15:00;79.06
2025-09-19 23:30:00;79.06
2025-09-19 23:45:00;79.06
2025-09-20 00:00:00;65.00
2025-09-20 00:15:00;65.00
2025-09-20 00:30:00;65.00
2025-09-20 00:45:00;65.00
2025-09-20 01:00:00;64.83
2025-09-20 01:15:00;64.83
2025-09-20 01:30:00;64.83
2025-09-20 01:45:00;64.83
2025-09-20 02:00:00;62.99
2025-09-20 02:15:00;62.99
2025-09-20 02:30:00;62.99
2025-09-20 02:45:00;62.99
2025-09-20 03:00:00;62.63
2025-09-20 03:15:00;62.63
2025-09-20 03:30:00;62.63
2025-09-20 03:45:00;62.63
2025-09-20 04:00:00;62.75
2025-09-20 04:15:00;62.75
2025-09-20 04:30:00;62.75
2025-09-20 04:45:00;62.75
2025-09-20 05:00:00;66.84
2025-09-20 05:15:00;66.84
2025-09-20 05:30:00;66.84
2025-09-20 05:45:00;66.84
2025-09-20 06:00:00;75.33
2025-09-20 06:15:00;75.33
2025-09-20 06:30:00;75.33
2025-09-20 06:45:00;75.33
2025-09-20 07:00:00;72.63
2025-09-20 07:15:00;72.63
2025-09-20 07:30:00;72.63
2025-09-20 07:45:00;72.63
2025-09-20 08:00:00;63.20
2025-09-20 08:15:00;63.20
2025-09-20 08:30:00;63.20
2025-09-20 08:45:00;63.20
2025-09-20 09:00:00;24.91
2025-09-20 09:15:00;24.91
2025-09-20 09:30:00;24.91
2025-09-20 09:45:00;24.91
2025-09-20 10:00:00;3.18
2025-09-20 10:15:00;3.18
2025-09-20 10:30:00;3.18
2025-09-20 10:45:00;3.18
2025-09-20 11:00:00;3.41
2025-09-20 11:15:00;3.41
2025-09-20 11:30:00;3.41
2025-09-20 11:45:00;3.41
2025-09-20 12:00:00;-0.29
2025-09-20 12:15:00;-0.29
2025-09-20 12:30:00;-0.29
2025-09-20 12:45:00;-0.29
2025-09-20 13:00:00;9.00
2025-09-20 13:15:00;9.00
2025-09-20 13:30:00;9.00
2025-09-20 13:45:00;9.00
2025-09-20 14:00:00;6.04
2025-09-20 14:15:00;6.04
2025-09-20 14:30:00;6.04
2025-09-20 14:45:00;6.04
2025-09-20 15:00:00;0.97
2025-09-20 15:15:00;0.97
2025-09-20 15:30:00;0.97
2025-09-20 15:45:00;0.97
2025-09-20 16:00:00;29.51
2025-09-20 16:15:00;29.51
2025-09-20 16:30:00;29.51
2025-09-20 16:45:00;29.51
2025-09-20 17:00:00;72.99
2025-09-20 17:15:00;72.99
2025-09-20 17:30:00;72.99
2025-09-20 17:45:00;72.99
2025-09-20 18:00:00;79.19
2025-09-20 18:15:00;79.19
2025-09-20 18:30:00;79.19
2025-09-20 18:45:00;79.19
2025-09-20 19:00:00;94.60
2025-09-20 19:15:00;94.60
2025-09-20 19:30:00;94.60
2025-09-20 19:45:00;94.60
2025-09-20 20:00:00;79.99
2025-09-20 20:15:00;79.99
2025-09-20 20:30:00;79.99
2025-09-20 20:45:00;79.99
2025-09-20 21:00:00;70.10
2025-09-20 21:15:00;70.10
2025-09-20 21:30:00;70.10
2025-09-20 21:45:00;70.10
2025-09-20 22:00:00;66.73
2025-09-20 22:15:00;66.73
2025-09-20 22:30:00;66.73
2025-09-20 22:45:00;66.73
2025-09-20 23:00:00;40.18
2025-09-20 23:15:00;40.18
2025-09-20 23:30:00;40.18
2025-09-20 23:45:00;40.18
2025-09-21 00:00:00;8.80
2025-09-21 00:15:00;8.80
2025-09-21 00:30:00;8.80
2025-09-21 00:45:00;8.80
2025-09-21 01:00:00;4.02
2025-09-21 01:15:00;4.02
2025-09-21 01:30:00;4.02
2025-09-21 01:45:00;4.02
2025-09-21 02:00:00;3.56
2025-09-21 02:15:00;3.56
2025-09-21 02:30:00;3.56
2025-09-21 02:45:00;3.56
2025-09-21 03:00:00;1.78
2025-09-21 03:15:00;1.78
2025-09-21 03:30:00;1.78
2025-09-21 03:45:00;1.78
2025-09-21 04:00:00;2.17
2025-09-21 04:15:00;2.17
2025-09-21 04:30:00;2.17
2025-09-21 04:45:00;2.17
2025-09-21 05:00:00;3.64
2025-09-21 05:15:00;3.64
2025-09-21 05:30:00;3.64
2025-09-21 05:45:00;3.64
2025-09-21 06:00:00;4.41
2025-09-21 06:15:00;4.41
2025-09-21 06:30:00;4.41
2025-09-21 06:45:00;4.41
2025-09-21 07:00:00;5.23
2025-09-21 07:15:00;5.23
2025-09-21 07:30:00;5.23
2025-09-21 07:45:00;5.23
2025-09-21 08:00:00;7.03
2025-09-21 08:15:00;7.03
2025-09-21 08:30:00;7.03
2025-09-21 08:45:00;7.03
2025-09-21 09:00:00;8.29
2025-09-21 09:15:00;8.29
2025-09-21 09:30:00;8.29
2025-09-21 09:45:00;8.29
2025-09-21 10:00:00;12.89
2025-09-21 10:15:00;12.89
2025-09-21 10:30:00;12.89
2025-09-21 10:45:00;12.89
2025-09-21 11:00:00;6.81
2025-09-21 11:15:00;6.81
2025-09-21 11:30:00;6.81
2025-09-21 11:45:00;6.81
2025-09-21 12:00:00;9.07
2025-09-21 12:15:00;9.07
2025-09-21 12:30:00;9.07
2025-09-21 12:45:00;9.07
2025-09-21 13:00:00;13.34
2025-09-21 13:15:00;13.34
2025-09-21 13:30:00;13.34
2025-09-21 13:45:00;13.34
2025-09-21 14:00:00;3.55
2025-09-21 14:15:00;3.55
2025-09-21 14:30:00;3.55
2025-09-21 14:45:00;3.55
2025-09-21 15:00:00;0.89
2025-09-21 15:15:00;0.89
2025-09-21 15:30:00;0.89
2025-09-21 15:45:00;0.89
2025-09-21 16:00:00;9.48
2025-09-21 16:15:00;9.48
2025-09-21 16:30:00;9.48
2025-09-21 16:45:00;9.48
2025-09-21 17:00:00;70.40
2025-09-21 17:15:00;70.40
2025-09-21 17:30:00;70.40
2025-09-21 17:45:00;70.40
2025-09-21 18:00:00;83.03
2025-09-21 18:15:00;83.03
2025-09-21 18:30:00;83.03
2025-09-21 18:45:00;83.03
2025-09-21 19:00:00;92.98
2025-09-21 19:15:00;92.98
2025-09-21 19:30:00;92.98
2025-09-21 19:45:00;92.98
2025-09-21 20:00:00;102.45
2025-09-21 20:15:00;102.45
2025-09-21 20:30:00;102.45
2025-09-21 20:45:00;102.45
2025-09-21 21:00:00;83.40
2025-09-21 21:15:00;83.40
2025-09-21 21:30:00;83.40
2025-09-21 21:45:00;83.40
2025-09-21 22:00:00;85.11
2025-09-21 22:15:00;85.11
2025-09-21 22:30:00;85.11
2025-09-21 22:45:00;85.11
2025-09-21 23:00:00;65.90
2025-09-21 23:15:00;65.90
2025-09-21 23:30:00;65.90
2025-09-21 23:45:00;65.90
2025-09-22 00:00:00;52.72
2025-09-22 00:15:00;52.72
2025-09-22 00:30:00;52.72
2025-09-22 00:45:00;52.72
2025-09-22 01:00:00;49.36
2025-09-22 01:15:00;49.36
2025-09-22 01:30:00;49.36
2025-09-22 01:45:00;49.36
2025-09-22 02:00:00;50.89
2025-09-22 02:15:00;50.89
2025-09-22 02:30:00;50.89
2025-09-22 02:45:00;50.89
2025-09-22 03:00:00;45.90
2025-09-22 03:15:00;45.90
2025-09-22 03:30:00;45.90
2025-09-22 03:45:00;45.90
2025-09-22 04:00:00;42.92
2025-09-22 04:15:00;42.92
2025-09-22 04:30:00;42.92
2025-09-22 04:45:00;42.92
2025-09-22 05:00:00;46.31
2025-09-22 05:15:00;46.31
2025-09-22 05:30:00;46.31
2025-09-22 05:45:00;46.31
2025-09-22 06:00:00;66.57
2025-09-22 06:15:00;66.57
2025-09-22 06:30:00;66.57
2025-09-22 06:45:00;66.57
2025-09-22 07:00:00;117.42
2025-09-22 07:15:00;117.42
2025-09-22 07:30:00;117.42
2025-09-22 07:45:00;117.42
2025-09-22 08:00:00;116.07
2025-09-22 08:15:00;116.07
2025-09-22 08:30:00;116.07
2025-09-22 08:45:00;116.07
2025-09-22 09:00:00;67.32
2025-09-22 09:15:00;67.32
2025-09-22 09:30:00;67.32
2025-09-22 09:45:00;67.32
2025-09-22 10:00:00;43.69
2025-09-22 10:15:00;43.69
2025-09-22 10:30:00;43.69
2025-09-22 10:45:00;43.69
2025-09-22 11:00:00;36.15
2025-09-22 11:15:00;36.15
2025-09-22 11:30:00;36.15
2025-09-22 11:45:00;36.15
2025-09-22 12:00:00;28.96
2025-09-22 12:15:00;28.96
2025-09-22 12:30:00;28.96
2025-09-22 12:45:00;28.96
2025-09-22 13:00:00;23.21
2025-09-22 13:15:00;23.21
2025-09-22 13:30:00;23.21
2025-09-22 13:45:00;23.21
2025-09-22 14:00:00;53.32
2025-09-22 14:15:00;53.32
2025-09-22 14:30:00;53.32
2025-09-22 14:45:00;53.32
2025-09-22 15:00:00;36.52
2025-09-22 15:15:00;36.52
2025-09-22 15:30:00;36.52
2025-09-22 15:45:00;36.52
2025-09-22 16:00:00;38.55
2025-09-22 16:15:00;38.55
2025-09-22 16:30:00;38.55
2025-09-22 16:45:00;38.55
2025-09-22 17:00:00;47.92
2025-09-22 17:15:00;47.92
2025-09-22 17:30:00;47.92
2025-09-22 17:45:00;47.92
2025-09-22 18:00:00;75.00
2025-09-22 18:15:00;75.00
2025-09-22 18:30:00;75.00
2025-09-22 18:45:00;75.00
2025-09-22 19:00:00;162.70
2025-09-22 19:15:00;162.70
2025-09-22 19:30:00;162.70
2025-09-22 19:45:00;162.70
2025-09-22 20:00:00;117.19
2025-09-22 20:15:00;117.19
2025-09-22 20:30:00;117.19
2025-09-22 20:45:00;117.19
2025-09-22 21:00:00;84.99
2025-09-22 21:15:00;84.99
2025-09-22 21:30:00;84.99
2025-09-22 21:45:00;84.99
2025-09-22 22:00:00;105.46
2025-09-22 22:15:00;105.46
2025-09-22 22:30:00;105.46
2025-09-22 22:45:00;105.46
2025-09-22 23:00:00;92.00
2025-09-22 23:15:00;92.00
2025-09-22 23:30:00;92.00
2025-09-22 23:45:00;92.00
2025-09-23 00:00:00;82.99
2025-09-23 00:15:00;82.99
2025-09-23 00:30:00;82.99
2025-09-23 00:45:00;82.99
2025-09-23 01:00:00;77.88
2025-09-23 01:15:00;77.88
2025-09-23 01:30:00;77.88
2025-09-23 01:45:00;77.88
2025-09-23 02:00:00;79.12
2025-09-23 02:15:00;79.12
2025-09-23 02:30:00;79.12
2025-09-23 02:45:00;79.12
2025-09-23 03:00:00;82.14
2025-09-23 03:15:00;82.14
2025-09-23 03:30:00;82.14
2025-09-23 03:45:00;82.14
2025-09-23 04:00:00;79.12
2025-09-23 04:15:00;79.12
2025-09-23 04:30:00;79.12
2025-09-23 04:45:00;79.12
2025-09-23 05:00:00;72.99
2025-09-23 05:15:00;72.99
2025-09-23 05:30:00;72.99
2025-09-23 05:45:00;72.99
2025-09-23 06:00:00;119.67
2025-09-23 06:15:00;119.67
2025-09-23 06:30:00;119.67
2025-09-23 06:45:00;119.67
2025-09-23 07:00:00;172.36
2025-09-23 07:15:00;172.36
2025-09-23 07:30:00;172.36
2025-09-23 07:45:00;172.36
2025-09-23 08:00:00;170.33
2025-09-23 08:15:00;170.33
2025-09-23 08:30:00;170.33
2025-09-23 08:45:00;170.33
2025-09-23 09:00:00;125.76
2025-09-23 09:15:00;125.76
2025-09-23 09:30:00;125.76
2025-09-23 09:45:00;125.76
2025-09-23 10:00:00;105.29
2025-09-23 10:15:00;105.29
2025-09-23 10:30:00;105.29
2025-09-23 10:45:00;105.29
2025-09-23 11:00:00;73.34
2025-09-23 11:15:00;73.34
2025-09-23 11:30:00;73.34
2025-09-23 11:45:00;73.34
2025-09-23 12:00:00;61.82
2025-09-23 12:15:00;61.82
2025-09-23 12:30:00;61.82
2025-09-23 12:45:00;61.82
2025-09-23 13:00:00;56.62
2025-09-23 13:15:00;56.62
2025-09-23 13:30:00;56.62
2025-09-23 13:45:00;56.62
2025-09-23 14:00:00;56.83
2025-09-23 14:15:00;56.83
2025-09-23 14:30:00;56.83
2025-09-23 14:45:00;56.83
2025-09-23 15:00:00;64.42
2025-09-23 15:15:00;64.42
2025-09-23 15:30:00;64.42
2025-09-23 15:45:00;64.42
2025-09-23 16:00:00;92.38
2025-09-23 16:15:00;92.38
2025-09-23 16:30:00;92.38
2025-09-23 16:45:00;92.38
2025-09-23 17:00:00;83.21
2025-09-23 17:15:00;83.21
2025-09-23 17:30:00;83.21
2025-09-23 17:45:00;83.21
2025-09-23 18:00:00;119.21
2025-09-23 18:15:00;119.21
2025-09-23 18:30:00;119.21
2025-09-23 18:45:00;119.21
2025-09-23 19:00:00;149.00
2025-09-23 19:15:00;149.00
2025-09-23 19:30:00;149.00
2025-09-23 19:45:00;149.00
2025-09-23 20:00:00;110.00
2025-09-23 20:15:00;110.00
2025-09-23 20:30:00;110.00
2025-09-23 20:45:00;110.00
2025-09-23 21:00:00;89.31
2025-09-23 21:15:00;89.31
2025-09-23 21:30:00;89.31
2025-09-23 21:45:00;89.31
2025-09-23 22:00:00;70.59
2025-09-23 22:15:00;70.59
2025-09-23 22:30:00;70.59
2025-09-23 22:45:00;70.59
2025-09-23 23:00:00;70.10
2025-09-23 23:15:00;70.10
2025-09-23 23:30:00;70.10
2025-09-23 23:45:00;70.10
2025-09-24 00:00:00;73.40
2025-09-24 00:15:00;73.40
2025-09-24 00:30:00;73.40
2025-09-24 00:45:00;73.40
2025-09-24 01:00:00;68.75
2025-09-24 01:15:00;68.75
2025-09-24 01:30:00;68.75
2025-09-24 01:45:00;68.75
2025-09-24 02:00:00;68.54
2025-09-24 02:15:00;68.54
2025-09-24 02:30:00;68.54
2025-09-24 02:45:00;68.54
2025-09-24 03:00:00;74.69
2025-09-24 03:15:00;74.69
2025-09-24 03:30:00;74.69
2025-09-24 03:45:00;74.69
2025-09-24 04:00:00;66.89
2025-09-24 04:15:00;66.89
2025-09-24 04:30:00;66.89
2025-09-24 04:45:00;66.89
2025-09-24 05:00:00;53.22
2025-09-24 05:15:00;53.22
2025-09-24 05:30:00;53.22
2025-09-24 05:45:00;53.22
2025-09-24 06:00:00;51.84
2025-09-24 06:15:00;51.84
2025-09-24 06:30:00;51.84
2025-09-24 06:45:00;51.84
2025-09-24 07:00:00;86.25
2025-09-24 07:15:00;86.25
2025-09-24 07:30:00;86.25
2025-09-24 07:45:00;86.25
2025-09-24 08:00:00;117.07
2025-09-24 08:15:00;117.07
2025-09-24 08:30:00;117.07
2025-09-24 08:45:00;117.07
2025-09-24 09:00:00;80.75
2025-09-24 09:15:00;80.75
2025-09-24 09:30:00;80.75
2025-09-24 09:45:00;80.75
2025-09-24 10:00:00;65.00
2025-09-24 10:15:00;65.00
2025-09-24 10:30:00;65.00
2025-09-24 10:45:00;65.00
2025-09-24 11:00:00;57.98
2025-09-24 11:15:00;57.98
2025-09-24 11:30:00;57.98
2025-09-24 11:45:00;57.98
2025-09-24 12:00:00;27.10
2025-09-24 12:15:00;27.10
2025-09-24 12:30:00;27.10
2025-09-24 12:45:00;27.10
2025-09-24 13:00:00;9.38
2025-09-24 13:15:00;9.38
2025-09-24 13:30:00;9.38
2025-09-24 13:45:00;9.38
2025-09-24 14:00:00;13.43
2025-09-24 14:15:00;13.43
2025-09-24 14:30:00;13.43
2025-09-24 14:45:00;13.43
2025-09-24 15:00:00;13.91
2025-09-24 15:15:00;13.91
2025-09-24 15:30:00;13.91
2025-09-24 15:45:00;13.91
2025-09-24 16:00:00;55.14
2025-09-24 16:15:00;55.14
2025-09-24 16:30:00;55.14
2025-09-24 16:45:00;55.14
2025-09-24 17:00:00;72.35
2025-09-24 17:15:00;72.35
2025-09-24 17:30:00;72.35
2025-09-24 17:45:00;72.35
2025-09-24 18:00:00;96.21
2025-09-24 18:15:00;96.21
2025-09-24 18:30:00;96.21
2025-09-24 18:45:00;96.21
2025-09-24 19:00:00;105.40
2025-09-24 19:15:00;105.40
2025-09-24 19:30:00;105.40
2025-09-24 19:45:00;105.40
2025-09-24 20:00:00;119.60
2025-09-24 20:15:00;119.60
2025-09-24 20:30:00;119.60
2025-09-24 20:45:00;119.60
2025-09-24 21:00:00;92.31
2025-09-24 21:15:00;92.31
2025-09-24 21:30:00;92.31
2025-09-24 21:45:00;92.31
2025-09-24 22:00:00;85.96
2025-09-24 22:15:00;85.96
2025-09-24 22:30:00;85.96
2025-09-24 22:45:00;85.96
2025-09-24 23:00:00;70.05
2025-09-24 23:15:00;70.05
2025-09-24 23:30:00;70.05
2025-09-24 23:45:00;70.05
2025-09-25 00:00:00;67.63
2025-09-25 00:15:00;67.63
2025-09-25 00:30:00;67.63
2025-09-25 00:45:00;67.63
2025-09-25 01:00:00;66.06
2025-09-25 01:15:00;66.06
2025-09-25 01:30:00;66.06
2025-09-25 01:45:00;66.06
2025-09-25 02:00:00;73.66
2025-09-25 02:15:00;73.66
2025-09-25 02:30:00;73.66
2025-09-25 02:45:00;73.66
2025-09-25 03:00:00;79.02
2025-09-25 03:15:00;79.02
2025-09-25 03:30:00;79.02
2025-09-25 03:45:00;79.02
2025-09-25 04:00:00;71.00
2025-09-25 04:15:00;71.00
2025-09-25 04:30:00;71.00
2025-09-25 04:45:00;71.00
2025-09-25 05:00:00;64.33
2025-09-25 05:15:00;64.33
2025-09-25 05:30:00;64.33
2025-09-25 05:45:00;64.33
2025-09-25 06:00:00;97.48
2025-09-25 06:15:00;97.48
2025-09-25 06:30:00;97.48
2025-09-25 06:45:00;97.48
2025-09-25 07:00:00;112.39
2025-09-25 07:15:00;112.39
2025-09-25 07:30:00;112.39
2025-09-25 07:45:00;112.39
2025-09-25 08:00:00;122.12
2025-09-25 08:15:00;122.12
2025-09-25 08:30:00;122.12
2025-09-25 08:45:00;122.12
2025-09-25 09:00:00;96.09
2025-09-25 09:15:00;96.09
2025-09-25 09:30:00;96.09
2025-09-25 09:45:00;96.09
2025-09-25 10:00:00;65.63
2025-09-25 10:15:00;65.63
2025-09-25 10:30:00;65.63
2025-09-25 10:45:00;65.63
2025-09-25 11:00:00;40.37
2025-09-25 11:15:00;40.37
2025-09-25 11:30:00;40.37
2025-09-25 11:45:00;40.37
2025-09-25 12:00:00;38.62
2025-09-25 12:15:00;38.62
2025-09-25 12:30:00;38.62
2025-09-25 12:45:00;38.62
2025-09-25 13:00:00;20.61
2025-09-25 13:15:00;20.61
2025-09-25 13:30:00;20.61
2025-09-25 13:45:00;20.61
2025-09-25 14:00:00;22.80
2025-09-25 14:15:00;22.80
2025-09-25 14:30:00;22.80
2025-09-25 14:45:00;22.80
2025-09-25 15:00:00;41.03
2025-09-25 15:15:00;41.03
2025-09-25 15:30:00;41.03
2025-09-25 15:45:00;41.03
2025-09-25 16:00:00;62.73
2025-09-25 16:15:00;62.73
2025-09-25 16:30:00;62.73
2025-09-25 16:45:00;62.73
2025-09-25 17:00:00;83.00
2025-09-25 17:15:00;83.00
2025-09-25 17:30:00;83.00
2025-09-25 17:45:00;83.00
2025-09-25 18:00:00;98.57
2025-09-25 18:15:00;98.57
2025-09-25 18:30:00;98.57
2025-09-25 18:45:00;98.57
2025-09-25 19:00:00;116.89
2025-09-25 19:15:00;116.89
2025-09-25 19:30:00;116.89
2025-09-25 19:45:00;116.89
2025-09-25 20:00:00;124.98
2025-09-25 20:15:00;124.98
2025-09-25 20:30:00;124.98
2025-09-25 20:45:00;124.98
2025-09-25 21:00:00;107.85
2025-09-25 21:15:00;107.85
2025-09-25 21:30:00;107.85
2025-09-25 21:45:00;107.85
2025-09-25 22:00:00;101.05
2025-09-25 22:15:00;101.05
2025-09-25 22:30:00;101.05
2025-09-25 22:45:00;101.05
2025-09-25 23:00:00;81.09
2025-09-25 23:15:00;81.09
2025-09-25 23:30:00;81.09
2025-09-25 23:45:00;81.09
2025-09-26 00:00:00;78.48
2025-09-26 00:15:00;78.48
2025-09-26 00:30:00;78.48
2025-09-26 00:45:00;78.48
2025-09-26 01:00:00;74.25
2025-09-26 01:15:00;74.25
2025-09-26 01:30:00;74.25
2025-09-26 01:45:00;74.25
2025-09-26 02:00:00;73.21
2025-09-26 02:15:00;73.21
2025-09-26 02:30:00;73.21
2025-09-26 02:45:00;73.21
2025-09-26 03:00:00;73.52
2025-09-26 03:15:00;73.52
2025-09-26 03:30:00;73.52
2025-09-26 03:45:00;73.52
2025-09-26 04:00:00;74.05
2025-09-26 04:15:00;74.05
2025-09-26 04:30:00;74.05
2025-09-26 04:45:00;74.05
2025-09-26 05:00:00;79.32
2025-09-26 05:15:00;79.32
2025-09-26 05:30:00;79.32
2025-09-26 05:45:00;79.32
2025-09-26 06:00:00;98.80
2025-09-26 06:15:00;98.80
2025-09-26 06:30:00;98.80
2025-09-26 06:45:00;98.80
2025-09-26 07:00:00;114.94
2025-09-26 07:15:00;114.94
2025-09-26 07:30:00;114.94
2025-09-26 07:45:00;114.94
2025-09-26 08:00:00;123.56
2025-09-26 08:15:00;123.56
2025-09-26 08:30:00;123.56
2025-09-26 08:45:00;123.56
2025-09-26 09:00:00;112.67
2025-09-26 09:15:00;112.67
2025-09-26 09:30:00;112.67
2025-09-26 09:45:00;112.67
2025-09-26 10:00:00;90.48
2025-09-26 10:15:00;90.48
2025-09-26 10:30:00;90.48
2025-09-26 10:45:00;90.48
2025-09-26 11:00:00;86.02
2025-09-26 11:15:00;86.02
2025-09-26 11:30:00;86.02
2025-09-26 11:45:00;86.02
2025-09-26 12:00:00;80.40
2025-09-26 12:15:00;80.40
2025-09-26 12:30:00;80.40
2025-09-26 12:45:00;80.40
2025-09-26 13:00:00;75.18
2025-09-26 13:15:00;75.18
2025-09-26 13:30:00;75.18
2025-09-26 13:45:00;75.18
2025-09-26 14:00:00;75.32
2025-09-26 14:15:00;75.32
2025-09-26 14:30:00;75.32
2025-09-26 14:45:00;75.32
2025-09-26 15:00:00;74.76
2025-09-26 15:15:00;74.76
2025-09-26 15:30:00;74.76
2025-09-26 15:45:00;74.76
2025-09-26 16:00:00;90.58
2025-09-26 16:15:00;90.58
2025-09-26 16:30:00;90.58
2025-09-26 16:45:00;90.58
2025-09-26 17:00:00;99.89
2025-09-26 17:15:00;99.89
2025-09-26 17:30:00;99.89
2025-09-26 17:45:00;99.89
2025-09-26 18:00:00;109.01
2025-09-26 18:15:00;109.01
2025-09-26 18:30:00;109.01
2025-09-26 18:45:00;109.01
2025-09-26 19:00:00;129.76
2025-09-26 19:15:00;129.76
2025-09-26 19:30:00;129.76
2025-09-26 19:45:00;129.76
2025-09-26 20:00:00;119.61
2025-09-26 20:15:00;119.61
2025-09-26 20:30:00;119.61
2025-09-26 20:45:00;119.61
2025-09-26 21:00:00;106.21
2025-09-26 21:15:00;106.21
2025-09-26 21:30:00;106.21
2025-09-26 21:45:00;106.21
2025-09-26 22:00:00;96.90
2025-09-26 22:15:00;96.90
2025-09-26 22:30:00;96.90
2025-09-26 22:45:00;96.90
2025-09-26 23:00:00;89.90
2025-09-26 23:15:00;89.90
2025-09-26 23:30:00;89.90
2025-09-26 23:45:00;89.90
2025-09-27 00:00:00;84.67
2025-09-27 00:15:00;84.67
2025-09-27 00:30:00;84.67
2025-09-27 00:45:00;84.67
2025-09-27 01:00:00;79.35
2025-09-27 01:15:00;79.35
2025-09-27 01:30:00;79.35
2025-09-27 01:45:00;79.35
2025-09-27 02:00:00;76.11
2025-09-27 02:15:00;76.11
2025-09-27 02:30:00;76.11
2025-09-27 02:45:00;76.11
2025-09-27 03:00:00;75.39
2025-09-27 03:15:00;75.39
2025-09-27 03:30:00;75.39
2025-09-27 03:45:00;75.39
2025-09-27 04:00:00;73.55
2025-09-27 04:15:00;73.55
2025-09-27 04:30:00;73.55
2025-09-27 04:45:00;73.55
2025-09-27 05:00:00;77.11
2025-09-27 05:15:00;77.11
2025-09-27 05:30:00;77.11
2025-09-27 05:45:00;77.11
2025-09-27 06:00:00;80.17
2025-09-27 06:15:00;80.17
2025-09-27 06:30:00;80.17
2025-09-27 06:45:00;80.17
2025-09-27 07:00:00;86.38
2025-09-27 07:15:00;86.38
2025-09-27 07:30:00;86.38
2025-09-27 07:45:00;86.38
2025-09-27 08:00:00;96.24
2025-09-27 08:15:00;96.24
2025-09-27 08:30:00;96.24
2025-09-27 08:45:00;96.24
2025-09-27 09:00:00;92.97
2025-09-27 09:15:00;92.97
2025-09-27 09:30:00;92.97
2025-09-27 09:45:00;92.97
2025-09-27 10:00:00;76.71
2025-09-27 10:15:00;76.71
2025-09-27 10:30:00;76.71
2025-09-27 10:45:00;76.71
2025-09-27 11:00:00;59.86
2025-09-27 11:15:00;59.86
2025-09-27 11:30:00;59.86
2025-09-27 11:45:00;59.86
2025-09-27 12:00:00;48.12
2025-09-27 12:15:00;48.12
2025-09-27 12:30:00;48.12
2025-09-27 12:45:00;48.12
2025-09-27 13:00:00;29.76
2025-09-27 13:15:00;29.76
2025-09-27 13:30:00;29.76
2025-09-27 13:45:00;29.76
2025-09-27 14:00:00;37.98
2025-09-27 14:15:00;37.98
2025-09-27 14:30:00;37.98
2025-09-27 14:45:00;37.98
2025-09-27 15:00:00;60.00
2025-09-27 15:15:00;60.00
2025-09-27 15:30:00;60.00
2025-09-27 15:45:00;60.00
2025-09-27 16:00:00;70.78
2025-09-27 16:15:00;70.78
2025-09-27 16:30:00;70.78
2025-09-27 16:45:00;70.78
2025-09-27 17:00:00;71.39
2025-09-27 17:15:00;71.39
2025-09-27 17:30:00;71.39
2025-09-27 17:45:00;71.39
2025-09-27 18:00:00;110.57
2025-09-27 18:15:00;110.57
2025-09-27 18:30:00;110.57
2025-09-27 18:45:00;110.57
2025-09-27 19:00:00;131.17
2025-09-27 19:15:00;131.17
2025-09-27 19:30:00;131.17
2025-09-27 19:45:00;131.17
2025-09-27 20:00:00;109.82
2025-09-27 20:15:00;109.82
2025-09-27 20:30:00;109.82
2025-09-27 20:45:00;109.82
2025-09-27 21:00:00;93.73
2025-09-27 21:15:00;93.73
2025-09-27 21:30:00;93.73
2025-09-27 21:45:00;93.73
2025-09-27 22:00:00;94.02
2025-09-27 22:15:00;94.02
2025-09-27 22:30:00;94.02
2025-09-27 22:45:00;94.02
2025-09-27 23:00:00;88.87
2025-09-27 23:15:00;88.87
2025-09-27 23:30:00;88.87
2025-09-27 23:45:00;88.87
2025-09-28 00:00:00;87.61
2025-09-28 00:15:00;87.61
2025-09-28 00:30:00;87.61
2025-09-28 00:45:00;87.61
2025-09-28 01:00:00;85.14
2025-09-28 01:15:00;85.14
2025-09-28 01:30:00;85.14
2025-09-28 01:45:00;85.14
2025-09-28 02:00:00;79.01
2025-09-28 02:15:00;79.01
2025-09-28 02:30:00;79.01
2025-09-28 02:45:00;79.01
2025-09-28 03:00:00;91.58
2025-09-28 03:15:00;91.58
2025-09-28 03:30:00;91.58
2025-09-28 03:45:00;91.58
2025-09-28 04:00:00;66.41
2025-09-28 04:15:00;66.41
2025-09-28 04:30:00;66.41
2025-09-28 04:45:00;66.41
2025-09-28 05:00:00;75.22
2025-09-28 05:15:00;75.22
2025-09-28 05:30:00;75.22
2025-09-28 05:45:00;75.22
2025-09-28 06:00:00;90.97
2025-09-28 06:15:00;90.97
2025-09-28 06:30:00;90.97
2025-09-28 06:45:00;90.97
2025-09-28 07:00:00;82.25
2025-09-28 07:15:00;82.25
2025-09-28 07:30:00;82.25
2025-09-28 07:45:00;82.25
2025-09-28 08:00:00;78.70
2025-09-28 08:15:00;78.70
2025-09-28 08:30:00;78.70
2025-09-28 08:45:00;78.70
2025-09-28 09:00:00;76.46
2025-09-28 09:15:00;76.46
2025-09-28 09:30:00;76.46
2025-09-28 09:45:00;76.46
2025-09-28 10:00:00;69.24
2025-09-28 10:15:00;69.24
2025-09-28 10:30:00;69.24
2025-09-28 10:45:00;69.24
2025-09-28 11:00:00;35.21
2025-09-28 11:15:00;35.21
2025-09-28 11:30:00;35.21
2025-09-28 11:45:00;35.21
2025-09-28 12:00:00;17.11
2025-09-28 12:15:00;17.11
2025-09-28 12:30:00;17.11
2025-09-28 12:45:00;17.11
2025-09-28 13:00:00;8.53
2025-09-28 13:15:00;8.53
2025-09-28 13:30:00;8.53
2025-09-28 13:45:00;8.53
2025-09-28 14:00:00;13.00
2025-09-28 14:15:00;13.00
2025-09-28 14:30:00;13.00
2025-09-28 14:45:00;13.00
2025-09-28 15:00:00;48.93
2025-09-28 15:15:00;48.93
2025-09-28 15:30:00;48.93
2025-09-28 15:45:00;48.93
2025-09-28 16:00:00;68.75
2025-09-28 16:15:00;68.75
2025-09-28 16:30:00;68.75
2025-09-28 16:45:00;68.75
2025-09-28 17:00:00;70.36
2025-09-28 17:15:00;70.36
2025-09-28 17:30:00;70.36
2025-09-28 17:45:00;70.36
2025-09-28 18:00:00;109.61
2025-09-28 18:15:00;109.61
2025-09-28 18:30:00;109.61
2025-09-28 18:45:00;109.61
2025-09-28 19:00:00;126.94
2025-09-28 19:15:00;126.94
2025-09-28 19:30:00;126.94
2025-09-28 19:45:00;126.94
2025-09-28 20:00:00;115.91
2025-09-28 20:15:00;115.91
2025-09-28 20:30:00;115.91
2025-09-28 20:45:00;115.91
2025-09-28 21:00:00;102.65
2025-09-28 21:15:00;102.65
2025-09-28 21:30:00;102.65
2025-09-28 21:45:00;102.65
2025-09-28 22:00:00;86.07
2025-09-28 22:15:00;86.07
2025-09-28 22:30:00;86.07
2025-09-28 22:45:00;86.07
2025-09-28 23:00:00;85.96
2025-09-28 23:15:00;85.96
2025-09-28 23:30:00;85.96
2025-09-28 23:45:00;85.96
2025-09-29 00:00:00;80.52
2025-09-29 00:15:00;80.52
2025-09-29 00:30:00;80.52
2025-09-29 00:45:00;80.52
2025-09-29 01:00:00;77.72
2025-09-29 01:15:00;77.72
2025-09-29 01:30:00;77.72
2025-09-29 01:45:00;77.72
2025-09-29 02:00:00;76.50
2025-09-29 02:15:00;76.50
2025-09-29 02:30:00;76.50
2025-09-29 02:45:00;76.50
2025-09-29 03:00:00;76.19
2025-09-29 03:15:00;76.19
2025-09-29 03:30:00;76.19
2025-09-29 03:45:00;76.19
2025-09-29 04:00:00;80.11
2025-09-29 04:15:00;80.11
2025-09-29 04:30:00;80.11
2025-09-29 04:45:00;80.11
2025-09-29 05:00:00;88.01
2025-09-29 05:15:00;88.01
2025-09-29 05:30:00;88.01
2025-09-29 05:45:00;88.01
2025-09-29 06:00:00;81.98
2025-09-29 06:15:00;81.98
2025-09-29 06:30:00;81.98
2025-09-29 06:45:00;81.98
2025-09-29 07:00:00;134.86
2025-09-29 07:15:00;134.86
2025-09-29 07:30:00;134.86
2025-09-29 07:45:00;134.86
2025-09-29 08:00:00;137.82
2025-09-29 08:15:00;137.82
2025-09-29 08:30:00;137.82
2025-09-29 08:45:00;137.82
2025-09-29 09:00:00;111.19
2025-09-29 09:15:00;111.19
2025-09-29 09:30:00;111.19
2025-09-29 09:45:00;111.19
2025-09-29 10:00:00;83.27
2025-09-29 10:15:00;83.27
2025-09-29 10:30:00;83.27
2025-09-29 10:45:00;83.27
2025-09-29 11:00:00;74.82
2025-09-29 11:15:00;74.82
2025-09-29 11:30:00;74.82
2025-09-29 11:45:00;74.82
2025-09-29 12:00:00;68.70
2025-09-29 12:15:00;68.70
2025-09-29 12:30:00;68.70
2025-09-29 12:45:00;68.70
2025-09-29 13:00:00;66.08
2025-09-29 13:15:00;66.08
2025-09-29 13:30:00;66.08
2025-09-29 13:45:00;66.08
2025-09-29 14:00:00;69.50
2025-09-29 14:15:00;69.50
2025-09-29 14:30:00;69.50
2025-09-29 14:45:00;69.50
2025-09-29 15:00:00;73.98
2025-09-29 15:15:00;73.98
2025-09-29 15:30:00;73.98
2025-09-29 15:45:00;73.98
2025-09-29 16:00:00;59.16
2025-09-29 16:15:00;59.16
2025-09-29 16:30:00;59.16
2025-09-29 16:45:00;59.16
2025-09-29 17:00:00;86.90
2025-09-29 17:15:00;86.90
2025-09-29 17:30:00;86.90
2025-09-29 17:45:00;86.90
2025-09-29 18:00:00;171.15
2025-09-29 18:15:00;171.15
2025-09-29 18:30:00;171.15
2025-09-29 18:45:00;171.15
2025-09-29 19:00:00;245.38
2025-09-29 19:15:00;245.38
2025-09-29 19:30:00;245.38
2025-09-29 19:45:00;245.38
2025-09-29 20:00:00;153.44
2025-09-29 20:15:00;153.44
2025-09-29 20:30:00;153.44
2025-09-29 20:45:00;153.44
2025-09-29 21:00:00;103.10
2025-09-29 21:15:00;103.10
2025-09-29 21:30:00;103.10
2025-09-29 21:45:00;103.10
2025-09-29 22:00:00;93.52
2025-09-29 22:15:00;93.52
2025-09-29 22:30:00;93.52
2025-09-29 22:45:00;93.52
2025-09-29 23:00:00;90.35
2025-09-29 23:15:00;90.35
2025-09-29 23:30:00;90.35
2025-09-29 23:45:00;90.35
2025-09-30 00:00:00;86.08
2025-09-30 00:15:00;86.08
2025-09-30 00:30:00;86.08
2025-09-30 00:45:00;86.08
2025-09-30 01:00:00;76.58
2025-09-30 01:15:00;76.58
2025-09-30 01:30:00;76.58
2025-09-30 01:45:00;76.58
2025-09-30 02:00:00;77.52
2025-09-30 02:15:00;77.52
2025-09-30 02:30:00;77.52
2025-09-30 02:45:00;77.52
2025-09-30 03:00:00;80.86
2025-09-30 03:15:00;80.86
2025-09-30 03:30:00;80.86
2025-09-30 03:45:00;80.86
2025-09-30 04:00:00;72.48
2025-09-30 04:15:00;72.48
2025-09-30 04:30:00;72.48
2025-09-30 04:45:00;72.48
2025-09-30 05:00:00;61.11
2025-09-30 05:15:00;61.11
2025-09-30 05:30:00;61.11
2025-09-30 05:45:00;61.11
2025-09-30 06:00:00;88.39
2025-09-30 06:15:00;88.39
2025-09-30 06:30:00;88.39
2025-09-30 06:45:00;88.39
2025-09-30 07:00:00;151.64
2025-09-30 07:15:00;151.64
2025-09-30 07:30:00;151.64
2025-09-30 07:45:00;151.64
2025-09-30 08:00:00;153.33
2025-09-30 08:15:00;153.33
2025-09-30 08:30:00;153.33
2025-09-30 08:45:00;153.33
2025-09-30 09:00:00;119.21
2025-09-30 09:15:00;119.21
2025-09-30 09:30:00;119.21
2025-09-30 09:45:00;119.21
2025-09-30 10:00:00;102.30
2025-09-30 10:15:00;102.30
2025-09-30 10:30:00;102.30
2025-09-30 10:45:00;102.30
2025-09-30 11:00:00;81.41
2025-09-30 11:15:00;81.41
2025-09-30 11:30:00;81.41
2025-09-30 11:45:00;81.41
2025-09-30 12:00:00;73.18
2025-09-30 12:15:00;73.18
2025-09-30 12:30:00;73.18
2025-09-30 12:45:00;73.18
2025-09-30 13:00:00;70.95
2025-09-30 13:15:00;70.95
2025-09-30 13:30:00;70.95
2025-09-30 13:45:00;70.95
2025-09-30 14:00:00;68.57
2025-09-30 14:15:00;68.57
2025-09-30 14:30:00;68.57
2025-09-30 14:45:00;68.57
2025-09-30 15:00:00;79.59
2025-09-30 15:15:00;79.59
2025-09-30 15:30:00;79.59
2025-09-30 15:45:00;79.59
2025-09-30 16:00:00;85.78
2025-09-30 16:15:00;85.78
2025-09-30 16:30:00;85.78
2025-09-30 16:45:00;85.78
2025-09-30 17:00:00;75.25
2025-09-30 17:15:00;75.25
2025-09-30 17:30:00;75.25
2025-09-30 17:45:00;75.25
2025-09-30 18:00:00;162.12
2025-09-30 18:15:00;162.12
2025-09-30 18:30:00;162.12
2025-09-30 18:45:00;162.12
2025-09-30 19:00:00;206.59
2025-09-30 19:15:00;206.59
2025-09-30 19:30:00;206.59
2025-09-30 19:45:00;206.59
2025-09-30 20:00:00;121.31
2025-09-30 20:15:00;121.31
2025-09-30 20:30:00;121.31
2025-09-30 20:45:00;121.31
2025-09-30 21:00:00;95.35
2025-09-30 21:15:00;95.35
2025-09-30 21:30:00;95.35
2025-09-30 21:45:00;95.35
2025-09-30 22:00:00;87.23
2025-09-30 22:15:00;87.23
2025-09-30 22:30:00;87.23
2025-09-30 22:45:00;87.23
2025-09-30 23:00:00;88.70
2025-09-30 23:15:00;88.70
2025-09-30 23:30:00;88.70
2025-09-30 23:45:00;88.70
2025-10-01 00:00:00;102.68
2025-10-01 00:15:00;92.25
2025-10-01 00:30:00;80.47
2025-10-01 00:45:00;79.53
2025-10-01 01:00:00;89.28
2025-10-01 01:15:00;84.28
2025-10-01 01:30:00;82.64
2025-10-01 01:45:00;80.06
2025-10-01 02:00:00;79.52
2025-10-01 02:15:00;79.21
2025-10-01 02:30:00;72.41
2025-10-01 02:45:00;70.72
2025-10-01 03:00:00;73.42
2025-10-01 03:15:00;73.31
2025-10-01 03:30:00;73.82
2025-10-01 03:45:00;71.85
2025-10-01 04:00:00;75.28
2025-10-01 04:15:00;82.07
2025-10-01 04:30:00;82.04
2025-10-01 04:45:00;66.31
2025-10-01 05:00:00;68.24
2025-10-01 05:15:00;73.65
2025-10-01 05:30:00;79.99
2025-10-01 05:45:00;89.00
2025-10-01 06:00:00;58.13
2025-10-01 06:15:00;80.81
2025-10-01 06:30:00;93.22
2025-10-01 06:45:00;112.47
2025-10-01 07:00:00;114.48
2025-10-01 07:15:00;135.62
2025-10-01 07:30:00;141.75
2025-10-01 07:45:00;137.80
2025-10-01 08:00:00;184.62
2025-10-01 08:15:00;139.88
2025-10-01 08:30:00;116.15
2025-10-01 08:45:00;95.25
2025-10-01 09:00:00;135.49
2025-10-01 09:15:00;105.01
2025-10-01 09:30:00;92.93
2025-10-01 09:45:00;71.09
2025-10-01 10:00:00;102.53
2025-10-01 10:15:00;86.54
2025-10-01 10:30:00;76.01
2025-10-01 10:45:00;61.62
2025-10-01 11:00:00;79.16
2025-10-01 11:15:00;67.51
2025-10-01 11:30:00;60.54
2025-10-01 11:45:00;55.46
2025-10-01 12:00:00;61.69
2025-10-01 12:15:00;57.42
2025-10-01 12:30:00;57.86
2025-10-01 12:45:00;57.42
2025-10-01 13:00:00;57.09
2025-10-01 13:15:00;58.78
2025-10-01 13:30:00;60.07
2025-10-01 13:45:00;61.14
2025-10-01 14:00:00;54.35
2025-10-01 14:15:00;60.62
2025-10-01 14:30:00;64.40
2025-10-01 14:45:00;66.78
2025-10-01 15:00:00;53.90
2025-10-01 15:15:00;61.69
2025-10-01 15:30:00;71.61
2025-10-01 15:45:00;81.85
2025-10-01 16:00:00;52.11
2025-10-01 16:15:00;75.15
2025-10-01 16:30:00;89.60
2025-10-01 16:45:00;103.56
2025-10-01 17:00:00;45.59
2025-10-01 17:15:00;72.63
2025-10-01 17:30:00;106.97
2025-10-01 17:45:00;149.99
2025-10-01 18:00:00;111.15
2025-10-01 18:15:00;149.99
2025-10-01 18:30:00;239.60
2025-10-01 18:45:00;317.22
2025-10-01 19:00:00;340.79
2025-10-01 19:15:00;315.17
2025-10-01 19:30:00;281.63
2025-10-01 19:45:00;224.72
2025-10-01 20:00:00;199.97
2025-10-01 20:15:00;147.37
2025-10-01 20:30:00;110.58
2025-10-01 20:45:00;94.03
2025-10-01 21:00:00;112.57
2025-10-01 21:15:00;101.03
2025-10-01 21:30:00;83.08
2025-10-01 21:45:00;63.89
2025-10-01 22:00:00;104.90
2025-10-01 22:15:00;96.46
2025-10-01 22:30:00;95.31
2025-10-01 22:45:00;87.92
2025-10-01 23:00:00;92.78
2025-10-01 23:15:00;86.72
2025-10-01 23:30:00;90.26
2025-10-01 23:45:00;80.61
2025-10-02 00:00:00;98.90
2025-10-02 00:15:00;86.80
2025-10-02 00:30:00;80.01
2025-10-02 00:45:00;75.21
2025-10-02 01:00:00;89.10
2025-10-02 01:15:00;82.77
2025-10-02 01:30:00;79.38
2025-10-02 01:45:00;79.90
2025-10-02 02:00:00;84.76
2025-10-02 02:15:00;77.41
2025-10-02 02:30:00;76.18
2025-10-02 02:45:00;73.26
2025-10-02 03:00:00;76.81
2025-10-02 03:15:00;73.30
2025-10-02 03:30:00;73.30
2025-10-02 03:45:00;68.70
2025-10-02 04:00:00;73.60
2025-10-02 04:15:00;75.38
2025-10-02 04:30:00;80.39
2025-10-02 04:45:00;81.42
2025-10-02 05:00:00;75.40
2025-10-02 05:15:00;82.73
2025-10-02 05:30:00;90.17
2025-10-02 05:45:00;105.01
2025-10-02 06:00:00;67.36
2025-10-02 06:15:00;93.36
2025-10-02 06:30:00;94.10
2025-10-02 06:45:00;122.99
2025-10-02 07:00:00;93.79
2025-10-02 07:15:00;132.06
2025-10-02 07:30:00;137.92
2025-10-02 07:45:00;137.13
2025-10-02 08:00:00;171.91
2025-10-02 08:15:00;144.56
2025-10-02 08:30:00;115.20
2025-10-02 08:45:00;86.32
2025-10-02 09:00:00;121.59
2025-10-02 09:15:00;108.11
2025-10-02 09:30:00;92.09
2025-10-02 09:45:00;70.54
2025-10-02 10:00:00;99.12
2025-10-02 10:15:00;94.32
2025-10-02 10:30:00;81.95
2025-10-02 10:45:00;72.25
2025-10-02 11:00:00;86.21
2025-10-02 11:15:00;75.10
2025-10-02 11:30:00;65.17
2025-10-02 11:45:00;58.24
2025-10-02 12:00:00;62.25
2025-10-02 12:15:00;56.07
2025-10-02 12:30:00;56.47
2025-10-02 12:45:00;53.98
2025-10-02 13:00:00;49.77
2025-10-02 13:15:00;51.43
2025-10-02 13:30:00;51.68
2025-10-02 13:45:00;51.33
2025-10-02 14:00:00;50.94
2025-10-02 14:15:00;54.68
2025-10-02 14:30:00;61.08
2025-10-02 14:45:00;67.06
2025-10-02 15:00:00;51.33
2025-10-02 15:15:00;61.43
2025-10-02 15:30:00;70.51
2025-10-02 15:45:00;80.45
2025-10-02 16:00:00;60.10
2025-10-02 16:15:00;71.45
2025-10-02 16:30:00;82.73
2025-10-02 16:45:00;97.01
2025-10-02 17:00:00;59.84
2025-10-02 17:15:00;58.46
2025-10-02 17:30:00;78.58
2025-10-02 17:45:00;148.52
2025-10-02 18:00:00;74.10
2025-10-02 18:15:00;95.83
2025-10-02 18:30:00;143.16
2025-10-02 18:45:00;187.03
2025-10-02 19:00:00;148.80
2025-10-02 19:15:00;139.95
2025-10-02 19:30:00;129.88
2025-10-02 19:45:00;123.20
2025-10-02 20:00:00;132.87
2025-10-02 20:15:00;101.56
2025-10-02 20:30:00;87.45
2025-10-02 20:45:00;64.44
2025-10-02 21:00:00;98.72
2025-10-02 21:15:00;81.30
2025-10-02 21:30:00;68.17
2025-10-02 21:45:00;42.43
2025-10-02 22:00:00;74.26
2025-10-02 22:15:00;56.94
2025-10-02 22:30:00;78.10
2025-10-02 22:45:00;55.50
2025-10-02 23:00:00;62.01
2025-10-02 23:15:00;51.57
2025-10-02 23:30:00;57.27
2025-10-02 23:45:00;42.96
2025-10-03 00:00:00;92.91
2025-10-03 00:15:00;83.84
2025-10-03 00:30:00;77.43
2025-10-03 00:45:00;70.01
2025-10-03 01:00:00;82.81
2025-10-03 01:15:00;76.94
2025-10-03 01:30:00;69.95
2025-10-03 01:45:00;60.23
2025-10-03 02:00:00;77.14
2025-10-03 02:15:00;78.97
2025-10-03 02:30:00;76.10
2025-10-03 02:45:00;75.77
2025-10-03 03:00:00;64.73
2025-10-03 03:15:00;81.77
2025-10-03 03:30:00;84.64
2025-10-03 03:45:00;80.03
2025-10-03 04:00:00;75.66
2025-10-03 04:15:00;76.25
2025-10-03 04:30:00;84.57
2025-10-03 04:45:00;86.77
2025-10-03 05:00:00;76.81
2025-10-03 05:15:00;81.27
2025-10-03 05:30:00;94.56
2025-10-03 05:45:00;126.90
2025-10-03 06:00:00;96.21
2025-10-03 06:15:00;116.58
2025-10-03 06:30:00;128.80
2025-10-03 06:45:00;140.00
2025-10-03 07:00:00;139.94
2025-10-03 07:15:00;129.83
2025-10-03 07:30:00;129.83
2025-10-03 07:45:00;129.83
2025-10-03 08:00:00;144.91
2025-10-03 08:15:00;129.83
2025-10-03 08:30:00;113.10
2025-10-03 08:45:00;90.42
2025-10-03 09:00:00;123.03
2025-10-03 09:15:00;111.86
2025-10-03 09:30:00;100.33
2025-10-03 09:45:00;82.10
2025-10-03 10:00:00;108.89
2025-10-03 10:15:00;80.05
2025-10-03 10:30:00;59.71
2025-10-03 10:45:00;46.63
2025-10-03 11:00:00;53.41
2025-10-03 11:15:00;50.40
2025-10-03 11:30:00;45.23
2025-10-03 11:45:00;37.05
2025-10-03 12:00:00;39.59
2025-10-03 12:15:00;35.04
2025-10-03 12:30:00;31.68
2025-10-03 12:45:00;27.47
2025-10-03 13:00:00;27.80
2025-10-03 13:15:00;23.84
2025-10-03 13:30:00;23.02
2025-10-03 13:45:00;25.09
2025-10-03 14:00:00;20.05
2025-10-03 14:15:00;28.46
2025-10-03 14:30:00;62.38
2025-10-03 14:45:00;67.67
2025-10-03 15:00:00;32.79
2025-10-03 15:15:00;70.79
2025-10-03 15:30:00;96.36
2025-10-03 15:45:00;108.93
2025-10-03 16:00:00;84.81
2025-10-03 16:15:00;91.88
2025-10-03 16:30:00;107.96
2025-10-03 16:45:00;130.25
2025-10-03 17:00:00;90.47
2025-10-03 17:15:00;104.67
2025-10-03 17:30:00;136.52
2025-10-03 17:45:00;145.90
2025-10-03 18:00:00;111.00
2025-10-03 18:15:00;119.56
2025-10-03 18:30:00;137.13
2025-10-03 18:45:00;145.90
2025-10-03 19:00:00;132.11
2025-10-03 19:15:00;129.83
2025-10-03 19:30:00;120.25
2025-10-03 19:45:00;122.11
2025-10-03 20:00:00;145.90
2025-10-03 20:15:00;136.83
2025-10-03 20:30:00;126.66
2025-10-03 20:45:00;121.36
2025-10-03 21:00:00;137.54
2025-10-03 21:15:00;129.89
2025-10-03 21:30:00;121.11
2025-10-03 21:45:00;110.60
2025-10-03 22:00:00;138.67
2025-10-03 22:15:00;133.87
2025-10-03 22:30:00;116.56
2025-10-03 22:45:00;105.53
2025-10-03 23:00:00;126.92
2025-10-03 23:15:00;115.97
2025-10-03 23:30:00;97.19
2025-10-03 23:45:00;86.90
2025-10-04 00:00:00;5.94
2025-10-04 00:15:00;2.13
2025-10-04 00:30:00;1.24
2025-10-04 00:45:00;0.71
2025-10-04 01:00:00;0.84
2025-10-04 01:15:00;0.84
2025-10-04 01:30:00;-2.72
2025-10-04 01:45:00;-4.07
2025-10-04 02:00:00;-2.21
2025-10-04 02:15:00;-3.18
2025-10-04 02:30:00;-4.04
2025-10-04 02:45:00;-4.09
2025-10-04 03:00:00;-4.54
2025-10-04 03:15:00;-4.50
2025-10-04 03:30:00;-4.64
2025-10-04 03:45:00;-4.68
2025-10-04 04:00:00;-4.68
2025-10-04 04:15:00;-4.70
2025-10-04 04:30:00;-4.79
2025-10-04 04:45:00;-5.00
2025-10-04 05:00:00;-4.65
2025-10-04 05:15:00;-4.73
2025-10-04 05:30:00;-4.93
2025-10-04 05:45:00;-5.47
2025-10-04 06:00:00;-3.29
2025-10-04 06:15:00;-4.06
2025-10-04 06:30:00;-4.18
2025-10-04 06:45:00;-2.19
2025-10-04 07:00:00;-0.81
2025-10-04 07:15:00;-0.29
2025-10-04 07:30:00;0.13
2025-10-04 07:45:00;0.01
2025-10-04 08:00:00;0.31
2025-10-04 08:15:00;-0.09
2025-10-04 08:30:00;0.18
2025-10-04 08:45:00;-0.33
2025-10-04 09:00:00;2.82
2025-10-04 09:15:00;6.14
2025-10-04 09:30:00;7.30
2025-10-04 09:45:00;2.14
2025-10-04 10:00:00;7.14
2025-10-04 10:15:00;2.64
2025-10-04 10:30:00;1.04
2025-10-04 10:45:00;0.00
2025-10-04 11:00:00;0.21
2025-10-04 11:15:00;-0.09
2025-10-04 11:30:00;-0.02
2025-10-04 11:45:00;-0.01
2025-10-04 12:00:00;-0.09
2025-10-04 12:15:00;-0.03
2025-10-04 12:30:00;-0.02
2025-10-04 12:45:00;-0.02
2025-10-04 13:00:00;-0.21
2025-10-04 13:15:00;-0.21
2025-10-04 13:30:00;-0.23
2025-10-04 13:45:00;-0.43
2025-10-04 14:00:00;-1.31
2025-10-04 14:15:00;-1.69
2025-10-04 14:30:00;-3.20
2025-10-04 14:45:00;-6.90
2025-10-04 15:00:00;-1.68
2025-10-04 15:15:00;-4.67
2025-10-04 15:30:00;-3.13
2025-10-04 15:45:00;-2.97
2025-10-04 16:00:00;-0.74
2025-10-04 16:15:00;-1.07
2025-10-04 16:30:00;-0.01
2025-10-04 16:45:00;-0.57
2025-10-04 17:00:00;-1.08
2025-10-04 17:15:00;-0.01
2025-10-04 17:30:00;0.00
2025-10-04 17:45:00;0.72
2025-10-04 18:00:00;-2.25
2025-10-04 18:15:00;-0.55
2025-10-04 18:30:00;5.60
2025-10-04 18:45:00;8.95
2025-10-04 19:00:00;9.48
2025-10-04 19:15:00;11.23
2025-10-04 19:30:00;12.45
2025-10-04 19:45:00;11.61
2025-10-04 20:00:00;6.78
2025-10-04 20:15:00;5.11
2025-10-04 20:30:00;3.74
2025-10-04 20:45:00;2.77
2025-10-04 21:00:00;3.08
2025-10-04 21:15:00;2.30
2025-10-04 21:30:00;2.19
2025-10-04 21:45:00;1.55
2025-10-04 22:00:00;1.87
2025-10-04 22:15:00;1.16
2025-10-04 22:30:00;2.13
2025-10-04 22:45:00;1.35
2025-10-04 23:00:00;1.97
2025-10-04 23:15:00;1.83
2025-10-04 23:30:00;1.82
2025-10-04 23:45:00;0.01
2025-10-05 00:00:00;7.74
2025-10-05 00:15:00;7.42
2025-10-05 00:30:00;4.30
2025-10-05 00:45:00;0.11
2025-10-05 01:00:00;6.99
2025-10-05 01:15:00;0.03
2025-10-05 01:30:00;-0.28
2025-10-05 01:45:00;-0.31
2025-10-05 02:00:00;0.01
2025-10-05 02:15:00;0.00
2025-10-05 02:30:00;-0.07
2025-10-05 02:45:00;-0.20
2025-10-05 03:00:00;0.05
2025-10-05 03:15:00;-0.02
2025-10-05 03:30:00;-0.15
2025-10-05 03:45:00;-0.24
2025-10-05 04:00:00;-0.20
2025-10-05 04:15:00;-0.02
2025-10-05 04:30:00;-0.12
2025-10-05 04:45:00;-0.03
2025-10-05 05:00:00;0.01
2025-10-05 05:15:00;0.00
2025-10-05 05:30:00;0.02
2025-10-05 05:45:00;0.05
2025-10-05 06:00:00;-0.27
2025-10-05 06:15:00;-0.21
2025-10-05 06:30:00;0.01
2025-10-05 06:45:00;0.01
2025-10-05 07:00:00;0.20
2025-10-05 07:15:00;0.40
2025-10-05 07:30:00;1.54
2025-10-05 07:45:00;1.22
2025-10-05 08:00:00;0.04
2025-10-05 08:15:00;0.08
2025-10-05 08:30:00;0.05
2025-10-05 08:45:00;-0.17
2025-10-05 09:00:00;4.65
2025-10-05 09:15:00;3.51
2025-10-05 09:30:00;5.44
2025-10-05 09:45:00;3.56
2025-10-05 10:00:00;3.89
2025-10-05 10:15:00;3.51
2025-10-05 10:30:00;3.15
2025-10-05 10:45:00;3.51
2025-10-05 11:00:00;3.79
2025-10-05 11:15:00;3.51
2025-10-05 11:30:00;3.42
2025-10-05 11:45:00;1.62
2025-10-05 12:00:00;8.99
2025-10-05 12:15:00;3.82
2025-10-05 12:30:00;2.64
2025-10-05 12:45:00;0.99
2025-10-05 13:00:00;1.18
2025-10-05 13:15:00;0.49
2025-10-05 13:30:00;0.16
2025-10-05 13:45:00;10.16
2025-10-05 14:00:00;0.05
2025-10-05 14:15:00;0.09
2025-10-05 14:30:00;0.15
2025-10-05 14:45:00;10.43
2025-10-05 15:00:00;-1.46
2025-10-05 15:15:00;-0.23
2025-10-05 15:30:00;2.58
2025-10-05 15:45:00;17.94
2025-10-05 16:00:00;29.88
2025-10-05 16:15:00;80.56
2025-10-05 16:30:00;103.84
2025-10-05 16:45:00;113.71
2025-10-05 17:00:00;115.12
2025-10-05 17:15:00;107.13
2025-10-05 17:30:00;106.19
2025-10-05 17:45:00;95.86
2025-10-05 18:00:00;84.55
2025-10-05 18:15:00;95.86
2025-10-05 18:30:00;103.65
2025-10-05 18:45:00;106.19
2025-10-05 19:00:00;105.02
2025-10-05 19:15:00;106.19
2025-10-05 19:30:00;106.18
2025-10-05 19:45:00;95.85
2025-10-05 20:00:00;93.15
2025-10-05 20:15:00;74.64
2025-10-05 20:30:00;95.85
2025-10-05 20:45:00;98.43
2025-10-05 21:00:00;102.30
2025-10-05 21:15:00;102.63
2025-10-05 21:30:00;95.85
2025-10-05 21:45:00;56.31
2025-10-05 22:00:00;101.87
2025-10-05 22:15:00;95.85
2025-10-05 22:30:00;66.65
2025-10-05 22:45:00;15.51
2025-10-05 23:00:00;89.12
2025-10-05 23:15:00;43.06
2025-10-05 23:30:00;23.79
2025-10-05 23:45:00;6.61
2025-10-06 00:00:00;33.00
2025-10-06 00:15:00;26.11
2025-10-06 00:30:00;16.77
2025-10-06 00:45:00;15.55
2025-10-06 01:00:00;17.02
2025-10-06 01:15:00;13.76
2025-10-06 01:30:00;13.09
2025-10-06 01:45:00;10.76
2025-10-06 02:00:00;10.14
2025-10-06 02:15:00;11.74
2025-10-06 02:30:00;12.92
2025-10-06 02:45:00;12.11
2025-10-06 03:00:00;12.77
2025-10-06 03:15:00;12.46
2025-10-06 03:30:00;12.57
2025-10-06 03:45:00;12.76
2025-10-06 04:00:00;12.12
2025-10-06 04:15:00;19.05
2025-10-06 04:30:00;18.93
2025-10-06 04:45:00;21.30
2025-10-06 05:00:00;9.05
2025-10-06 05:15:00;11.02
2025-10-06 05:30:00;23.89
2025-10-06 05:45:00;51.03
2025-10-06 06:00:00;20.89
2025-10-06 06:15:00;78.46
2025-10-06 06:30:00;83.48
2025-10-06 06:45:00;104.35
2025-10-06 07:00:00;96.09
2025-10-06 07:15:00;109.99
2025-10-06 07:30:00;112.54
2025-10-06 07:45:00;118.50
2025-10-06 08:00:00;129.08
2025-10-06 08:15:00;129.29
2025-10-06 08:30:00;121.97
2025-10-06 08:45:00;112.65
2025-10-06 09:00:00;136.23
2025-10-06 09:15:00;119.77
2025-10-06 09:30:00;115.35
2025-10-06 09:45:00;103.01
2025-10-06 10:00:00;114.46
2025-10-06 10:15:00;99.88
2025-10-06 10:30:00;88.49
2025-10-06 10:45:00;79.20
2025-10-06 11:00:00;89.99
2025-10-06 11:15:00;84.39
2025-10-06 11:30:00;79.36
2025-10-06 11:45:00;76.95
2025-10-06 12:00:00;82.58
2025-10-06 12:15:00;77.97
2025-10-06 12:30:00;80.31
2025-10-06 12:45:00;82.39
2025-10-06 13:00:00;76.53
2025-10-06 13:15:00;80.00
2025-10-06 13:30:00;75.96
2025-10-06 13:45:00;74.14
2025-10-06 14:00:00;72.62
2025-10-06 14:15:00;78.24
2025-10-06 14:30:00;86.36
2025-10-06 14:45:00;79.99
2025-10-06 15:00:00;74.30
2025-10-06 15:15:00;77.27
2025-10-06 15:30:00;79.96
2025-10-06 15:45:00;85.28
2025-10-06 16:00:00;72.53
2025-10-06 16:15:00;82.47
2025-10-06 16:30:00;92.11
2025-10-06 16:45:00;109.02
2025-10-06 17:00:00;81.54
2025-10-06 17:15:00;102.82
2025-10-06 17:30:00;110.72
2025-10-06 17:45:00;136.43
2025-10-06 18:00:00;99.98
2025-10-06 18:15:00;111.74
2025-10-06 18:30:00;140.16
2025-10-06 18:45:00;176.45
2025-10-06 19:00:00;156.21
2025-10-06 19:15:00;165.72
2025-10-06 19:30:00;166.71
2025-10-06 19:45:00;159.99
2025-10-06 20:00:00;157.67
2025-10-06 20:15:00;131.99
2025-10-06 20:30:00;126.42
2025-10-06 20:45:00;120.97
2025-10-06 21:00:00;128.01
2025-10-06 21:15:00;121.15
2025-10-06 21:30:00;111.10
2025-10-06 21:45:00;110.31
2025-10-06 22:00:00;122.87
2025-10-06 22:15:00;109.95
2025-10-06 22:30:00;115.20
2025-10-06 22:45:00;109.62
2025-10-06 23:00:00;112.33
2025-10-06 23:15:00;100.79
2025-10-06 23:30:00;102.60
2025-10-06 23:45:00;96.60
2025-10-07 00:00:00;105.51
2025-10-07 00:15:00;102.60
2025-10-07 00:30:00;95.60
2025-10-07 00:45:00;85.20
2025-10-07 01:00:00;100.00
2025-10-07 01:15:00;93.36
2025-10-07 01:30:00;92.68
2025-10-07 01:45:00;84.85
2025-10-07 02:00:00;89.82
2025-10-07 02:15:00;83.72
2025-10-07 02:30:00;87.48
2025-10-07 02:45:00;83.08
2025-10-07 03:00:00;87.96
2025-10-07 03:15:00;85.87
2025-10-07 03:30:00;86.78
2025-10-07 03:45:00;85.94
2025-10-07 04:00:00;83.26
2025-10-07 04:15:00;84.28
2025-10-07 04:30:00;90.74
2025-10-07 04:45:00;94.00
2025-10-07 05:00:00;82.82
2025-10-07 05:15:00;89.29
2025-10-07 05:30:00;95.76
2025-10-07 05:45:00;105.58
2025-10-07 06:00:00;105.41
2025-10-07 06:15:00;114.55
2025-10-07 06:30:00;108.30
2025-10-07 06:45:00;121.31
2025-10-07 07:00:00;126.79
2025-10-07 07:15:00;154.38
2025-10-07 07:30:00;183.29
2025-10-07 07:45:00;192.80
2025-10-07 08:00:00;218.06
2025-10-07 08:15:00;207.58
2025-10-07 08:30:00;195.66
2025-10-07 08:45:00;212.92
2025-10-07 09:00:00;219.84
2025-10-07 09:15:00;174.22
2025-10-07 09:30:00;132.92
2025-10-07 09:45:00;106.20
2025-10-07 10:00:00;167.91
2025-10-07 10:15:00;130.00
2025-10-07 10:30:00;105.49
2025-10-07 10:45:00;91.81
2025-10-07 11:00:00;129.03
2025-10-07 11:15:00;113.91
2025-10-07 11:30:00;98.26
2025-10-07 11:45:00;91.10
2025-10-07 12:00:00;105.02
2025-10-07 12:15:00;92.95
2025-10-07 12:30:00;89.97
2025-10-07 12:45:00;88.52
2025-10-07 13:00:00;93.13
2025-10-07 13:15:00;88.03
2025-10-07 13:30:00;86.37
2025-10-07 13:45:00;83.69
2025-10-07 14:00:00;84.24
2025-10-07 14:15:00;85.03
2025-10-07 14:30:00;86.16
2025-10-07 14:45:00;88.19
2025-10-07 15:00:00;82.94
2025-10-07 15:15:00;87.00
2025-10-07 15:30:00;95.87
2025-10-07 15:45:00;106.55
2025-10-07 16:00:00;87.14
2025-10-07 16:15:00;93.28
2025-10-07 16:30:00;107.99
2025-10-07 16:45:00;124.50
2025-10-07 17:00:00;93.76
2025-10-07 17:15:00;105.30
2025-10-07 17:30:00;126.92
2025-10-07 17:45:00;166.55
2025-10-07 18:00:00;122.80
2025-10-07 18:15:00;130.84
2025-10-07 18:30:00;171.12
2025-10-07 18:45:00;223.24
2025-10-07 19:00:00;189.74
2025-10-07 19:15:00;178.37
2025-10-07 19:30:00;181.35
2025-10-07 19:45:00;180.81
2025-10-07 20:00:00;176.42
2025-10-07 20:15:00;158.89
2025-10-07 20:30:00;131.01
2025-10-07 20:45:00;117.00
2025-10-07 21:00:00;147.22
2025-10-07 21:15:00;129.01
2025-10-07 21:30:00;112.79
2025-10-07 21:45:00;103.95
2025-10-07 22:00:00;116.35
2025-10-07 22:15:00;111.87
2025-10-07 22:30:00;106.10
2025-10-07 22:45:00;95.37
2025-10-07 23:00:00;107.82
2025-10-07 23:15:00;98.43
2025-10-07 23:30:00;93.57
2025-10-07 23:45:00;90.11
2025-10-08 00:00:00;105.67
2025-10-08 00:15:00;105.21
2025-10-08 00:30:00;118.10
2025-10-08 00:45:00;115.33
2025-10-08 01:00:00;114.60
2025-10-08 01:15:00;109.37
2025-10-08 01:30:00;108.54
2025-10-08 01:45:00;108.08
2025-10-08 02:00:00;106.94
2025-10-08 02:15:00;106.88
2025-10-08 02:30:00;107.01
2025-10-08 02:45:00;107.10
2025-10-08 03:00:00;106.87
2025-10-08 03:15:00;106.93
2025-10-08 03:30:00;107.11
2025-10-08 03:45:00;106.95
2025-10-08 04:00:00;107.13
2025-10-08 04:15:00;106.61
2025-10-08 04:30:00;106.61
2025-10-08 04:45:00;106.61
2025-10-08 05:00:00;106.61
2025-10-08 05:15:00;105.68
2025-10-08 05:30:00;105.67
2025-10-08 05:45:00;110.90
2025-10-08 06:00:00;92.99
2025-10-08 06:15:00;113.79
2025-10-08 06:30:00;122.75
2025-10-08 06:45:00;138.01
2025-10-08 07:00:00;128.81
2025-10-08 07:15:00;151.19
2025-10-08 07:30:00;169.41
2025-10-08 07:45:00;170.64
2025-10-08 08:00:00;203.33
2025-10-08 08:15:00;175.01
2025-10-08 08:30:00;151.10
2025-10-08 08:45:00;135.02
2025-10-08 09:00:00;158.44
2025-10-08 09:15:00;140.65
2025-10-08 09:30:00;118.05
2025-10-08 09:45:00;105.68
2025-10-08 10:00:00;129.63
2025-10-08 10:15:00;115.89
2025-10-08 10:30:00;107.64
2025-10-08 10:45:00;102.47
2025-10-08 11:00:00;123.71
2025-10-08 11:15:00;105.07
2025-10-08 11:30:00;98.44
2025-10-08 11:45:00;104.89
2025-10-08 12:00:00;106.14
2025-10-08 12:15:00;106.14
2025-10-08 12:30:00;106.15
2025-10-08 12:45:00;106.14
2025-10-08 13:00:00;106.14
2025-10-08 13:15:00;105.21
2025-10-08 13:30:00;106.61
2025-10-08 13:45:00;114.60
2025-10-08 14:00:00;107.09
2025-10-08 14:15:00;106.61
2025-10-08 14:30:00;107.09
2025-10-08 14:45:00;104.74
2025-10-08 15:00:00;104.74
2025-10-08 15:15:00;100.87
2025-10-08 15:30:00;102.50
2025-10-08 15:45:00;114.60
2025-10-08 16:00:00;96.13
2025-10-08 16:15:00;104.76
2025-10-08 16:30:00;130.37
2025-10-08 16:45:00;151.02
2025-10-08 17:00:00;104.44
2025-10-08 17:15:00;123.84
2025-10-08 17:30:00;158.19
2025-10-08 17:45:00;218.10
2025-10-08 18:00:00;131.57
2025-10-08 18:15:00;147.74
2025-10-08 18:30:00;205.00
2025-10-08 18:45:00;243.11
2025-10-08 19:00:00;241.88
2025-10-08 19:15:00;207.14
2025-10-08 19:30:00;180.46
2025-10-08 19:45:00;175.00
2025-10-08 20:00:00;171.48
2025-10-08 20:15:00;149.52
2025-10-08 20:30:00;125.92
2025-10-08 20:45:00;115.68
2025-10-08 21:00:00;127.56
2025-10-08 21:15:00;115.85
2025-10-08 21:30:00;107.09
2025-10-08 21:45:00;102.21
2025-10-08 22:00:00;115.76
2025-10-08 22:15:00;115.10
2025-10-08 22:30:00;106.55
2025-10-08 22:45:00;97.93
2025-10-08 23:00:00;107.78
2025-10-08 23:15:00;99.79
2025-10-08 23:30:00;96.44
2025-10-08 23:45:00;97.08
2025-10-09 00:00:00;107.42
2025-10-09 00:15:00;100.01
2025-10-09 00:30:00;90.12
2025-10-09 00:45:00;86.41
2025-10-09 01:00:00;90.88
2025-10-09 01:15:00;90.49
2025-10-09 01:30:00;89.00
2025-10-09 01:45:00;87.92
2025-10-09 02:00:00;92.49
2025-10-09 02:15:00;88.97
2025-10-09 02:30:00;88.65
2025-10-09 02:45:00;86.80
2025-10-09 03:00:00;89.41
2025-10-09 03:15:00;85.57
2025-10-09 03:30:00;85.45
2025-10-09 03:45:00;84.59
2025-10-09 04:00:00;82.13
2025-10-09 04:15:00;83.76
2025-10-09 04:30:00;86.76
2025-10-09 04:45:00;95.06
2025-10-09 05:00:00;80.00
2025-10-09 05:15:00;84.36
2025-10-09 05:30:00;94.86
2025-10-09 05:45:00;109.50
2025-10-09 06:00:00;95.43
2025-10-09 06:15:00;110.82
2025-10-09 06:30:00;121.27
2025-10-09 06:45:00;133.39
2025-10-09 07:00:00;107.82
2025-10-09 07:15:00;120.48
2025-10-09 07:30:00;127.75
2025-10-09 07:45:00;127.59
2025-10-09 08:00:00;149.18
2025-10-09 08:15:00;137.97
2025-10-09 08:30:00;126.39
2025-10-09 08:45:00;119.99
2025-10-09 09:00:00;166.21
2025-10-09 09:15:00;126.48
2025-10-09 09:30:00;116.63
2025-10-09 09:45:00;97.83
2025-10-09 10:00:00;125.34
2025-10-09 10:15:00;107.46
2025-10-09 10:30:00;98.37
2025-10-09 10:45:00;86.86
2025-10-09 11:00:00;106.52
2025-10-09 11:15:00;97.12
2025-10-09 11:30:00;89.33
2025-10-09 11:45:00;82.87
2025-10-09 12:00:00;100.33
2025-10-09 12:15:00;90.38
2025-10-09 12:30:00;83.66
2025-10-09 12:45:00;75.31
2025-10-09 13:00:00;84.49
2025-10-09 13:15:00;83.08
2025-10-09 13:30:00;75.49
2025-10-09 13:45:00;66.63
2025-10-09 14:00:00;77.77
2025-10-09 14:15:00;77.38
2025-10-09 14:30:00;74.29
2025-10-09 14:45:00;78.09
2025-10-09 15:00:00;69.45
2025-10-09 15:15:00;75.34
2025-10-09 15:30:00;81.82
2025-10-09 15:45:00;97.60
2025-10-09 16:00:00;70.28
2025-10-09 16:15:00;72.66
2025-10-09 16:30:00;87.49
2025-10-09 16:45:00;99.59
2025-10-09 17:00:00;70.12
2025-10-09 17:15:00;99.27
2025-10-09 17:30:00;103.37
2025-10-09 17:45:00;126.04
2025-10-09 18:00:00;104.97
2025-10-09 18:15:00;112.31
2025-10-09 18:30:00;126.64
2025-10-09 18:45:00;125.55
2025-10-09 19:00:00;125.84
2025-10-09 19:15:00;127.75
2025-10-09 19:30:00;123.89
2025-10-09 19:45:00;118.95
2025-10-09 20:00:00;120.77
2025-10-09 20:15:00;115.79
2025-10-09 20:30:00;110.95
2025-10-09 20:45:00;105.68
2025-10-09 21:00:00;107.74
2025-10-09 21:15:00;102.28
2025-10-09 21:30:00;97.25
2025-10-09 21:45:00;88.73
2025-10-09 22:00:00;110.45
2025-10-09 22:15:00;96.24
2025-10-09 22:30:00;92.35
2025-10-09 22:45:00;88.98
2025-10-09 23:00:00;100.96
2025-10-09 23:15:00;97.73
2025-10-09 23:30:00;89.02
2025-10-09 23:45:00;79.37
2025-10-10 00:00:00;99.00
2025-10-10 00:15:00;90.10
2025-10-10 00:30:00;86.54
2025-10-10 00:45:00;80.96
2025-10-10 01:00:00;90.89
2025-10-10 01:15:00;84.45
2025-10-10 01:30:00;83.53
2025-10-10 01:45:00;81.23
2025-10-10 02:00:00;83.20
2025-10-10 02:15:00;80.04
2025-10-10 02:30:00;78.94
2025-10-10 02:45:00;78.26
2025-10-10 03:00:00;78.63
2025-10-10 03:15:00;77.08
2025-10-10 03:30:00;76.50
2025-10-10 03:45:00;75.97
2025-10-10 04:00:00;75.13
2025-10-10 04:15:00;76.04
2025-10-10 04:30:00;75.00
2025-10-10 04:45:00;80.23
2025-10-10 05:00:00;75.34
2025-10-10 05:15:00;80.99
2025-10-10 05:30:00;84.72
2025-10-10 05:45:00;97.35
2025-10-10 06:00:00;84.89
2025-10-10 06:15:00;105.76
2025-10-10 06:30:00;99.06
2025-10-10 06:45:00;117.42
2025-10-10 07:00:00;101.50
2025-10-10 07:15:00;110.74
2025-10-10 07:30:00;122.30
2025-10-10 07:45:00;133.29
2025-10-10 08:00:00;151.70
2025-10-10 08:15:00;132.28
2025-10-10 08:30:00;109.40
2025-10-10 08:45:00;96.01
2025-10-10 09:00:00;143.83
2025-10-10 09:15:00;109.90
2025-10-10 09:30:00;96.73
2025-10-10 09:45:00;78.34
2025-10-10 10:00:00;119.56
2025-10-10 10:15:00;92.37
2025-10-10 10:30:00;84.55
2025-10-10 10:45:00;71.31
2025-10-10 11:00:00;96.26
2025-10-10 11:15:00;77.84
2025-10-10 11:30:00;77.91
2025-10-10 11:45:00;67.94
2025-10-10 12:00:00;87.84
2025-10-10 12:15:00;77.89
2025-10-10 12:30:00;73.62
2025-10-10 12:45:00;67.74
2025-10-10 13:00:00;72.26
2025-10-10 13:15:00;71.11
2025-10-10 13:30:00;69.62
2025-10-10 13:45:00;67.66
2025-10-10 14:00:00;59.83
2025-10-10 14:15:00;71.56
2025-10-10 14:30:00;79.84
2025-10-10 14:45:00;91.38
2025-10-10 15:00:00;67.39
2025-10-10 15:15:00;76.94
2025-10-10 15:30:00;83.57
2025-10-10 15:45:00;92.84
2025-10-10 16:00:00;68.59
2025-10-10 16:15:00;81.75
2025-10-10 16:30:00;91.44
2025-10-10 16:45:00;109.35
2025-10-10 17:00:00;86.86
2025-10-10 17:15:00;102.33
2025-10-10 17:30:00;113.77
2025-10-10 17:45:00;130.32
2025-10-10 18:00:00;100.00
2025-10-10 18:15:00;111.67
2025-10-10 18:30:00;117.14
2025-10-10 18:45:00;130.70
2025-10-10 19:00:00;120.43
2025-10-10 19:15:00;121.54
2025-10-10 19:30:00;124.13
2025-10-10 19:45:00;121.80
2025-10-10 20:00:00;130.64
2025-10-10 20:15:00;119.93
2025-10-10 20:30:00;110.52
2025-10-10 20:45:00;100.51
2025-10-10 21:00:00;114.96
2025-10-10 21:15:00;108.29
2025-10-10 21:30:00;98.28
2025-10-10 21:45:00;84.17
2025-10-10 22:00:00;101.29
2025-10-10 22:15:00;99.69
2025-10-10 22:30:00;98.34
2025-10-10 22:45:00;86.60
2025-10-10 23:00:00;95.08
2025-10-10 23:15:00;93.24
2025-10-10 23:30:00;96.75
2025-10-10 23:45:00;89.36
2025-10-11 00:00:00;112.93
2025-10-11 00:15:00;99.77
2025-10-11 00:30:00;88.08
2025-10-11 00:45:00;84.53
2025-10-11 01:00:00;92.71
2025-10-11 01:15:00;89.52
2025-10-11 01:30:00;87.40
2025-10-11 01:45:00;87.17
2025-10-11 02:00:00;87.79
2025-10-11 02:15:00;88.63
2025-10-11 02:30:00;85.50
2025-10-11 02:45:00;82.70
2025-10-11 03:00:00;83.67
2025-10-11 03:15:00;82.48
2025-10-11 03:30:00;77.49
2025-10-11 03:45:00;78.36
2025-10-11 04:00:00;78.98
2025-10-11 04:15:00;78.87
2025-10-11 04:30:00;79.00
2025-10-11 04:45:00;78.82
2025-10-11 05:00:00;80.51
2025-10-11 05:15:00;81.22
2025-10-11 05:30:00;83.51
2025-10-11 05:45:00;83.99
2025-10-11 06:00:00;87.87
2025-10-11 06:15:00;88.97
2025-10-11 06:30:00;91.20
2025-10-11 06:45:00;93.02
2025-10-11 07:00:00;96.71
2025-10-11 07:15:00;95.06
2025-10-11 07:30:00;97.62
2025-10-11 07:45:00;97.62
2025-10-11 08:00:00;103.96
2025-10-11 08:15:00;103.26
2025-10-11 08:30:00;101.37
2025-10-11 08:45:00;94.34
2025-10-11 09:00:00;126.37
2025-10-11 09:15:00;109.74
2025-10-11 09:30:00;91.42
2025-10-11 09:45:00;73.59
2025-10-11 10:00:00;116.30
2025-10-11 10:15:00;90.65
2025-10-11 10:30:00;72.49
2025-10-11 10:45:00;65.96
2025-10-11 11:00:00;97.17
2025-10-11 11:15:00;76.33
2025-10-11 11:30:00;67.77
2025-10-11 11:45:00;55.52
2025-10-11 12:00:00;68.79
2025-10-11 12:15:00;60.49
2025-10-11 12:30:00;55.21
2025-10-11 12:45:00;51.40
2025-10-11 13:00:00;78.74
2025-10-11 13:15:00;69.52
2025-10-11 13:30:00;70.77
2025-10-11 13:45:00;72.80
2025-10-11 14:00:00;65.88
2025-10-11 14:15:00;75.82
2025-10-11 14:30:00;85.20
2025-10-11 14:45:00;97.58
2025-10-11 15:00:00;64.82
2025-10-11 15:15:00;74.29
2025-10-11 15:30:00;86.64
2025-10-11 15:45:00;100.00
2025-10-11 16:00:00;54.34
2025-10-11 16:15:00;60.17
2025-10-11 16:30:00;85.50
2025-10-11 16:45:00;95.99
2025-10-11 17:00:00;72.03
2025-10-11 17:15:00;87.18
2025-10-11 17:30:00;114.15
2025-10-11 17:45:00;132.81
2025-10-11 18:00:00;97.61
2025-10-11 18:15:00;114.58
2025-10-11 18:30:00;123.38
2025-10-11 18:45:00;135.85
2025-10-11 19:00:00;125.50
2025-10-11 19:15:00;133.41
2025-10-11 19:30:00;124.26
2025-10-11 19:45:00;119.08
2025-10-11 20:00:00;139.41
2025-10-11 20:15:00;125.05
2025-10-11 20:30:00;108.16
2025-10-11 20:45:00;99.50
2025-10-11 21:00:00;119.81
2025-10-11 21:15:00;109.75
2025-10-11 21:30:00;106.12
2025-10-11 21:45:00;90.63
2025-10-11 22:00:00;110.17
2025-10-11 22:15:00;102.76
2025-10-11 22:30:00;101.57
2025-10-11 22:45:00;93.16
2025-10-11 23:00:00;103.55
2025-10-11 23:15:00;94.70
2025-10-11 23:30:00;93.18
2025-10-11 23:45:00;87.10
2025-10-12 00:00:00;108.15
2025-10-12 00:15:00;105.82
2025-10-12 00:30:00;84.19
2025-10-12 00:45:00;82.36
2025-10-12 01:00:00;101.45
2025-10-12 01:15:00;93.56
2025-10-12 01:30:00;82.82
2025-10-12 01:45:00;77.91
2025-10-12 02:00:00;94.75
2025-10-12 02:15:00;83.18
2025-10-12 02:30:00;79.27
2025-10-12 02:45:00;77.35
2025-10-12 03:00:00;84.69
2025-10-12 03:15:00;78.64
2025-10-12 03:30:00;74.99
2025-10-12 03:45:00;70.39
2025-10-12 04:00:00;77.47
2025-10-12 04:15:00;73.65
2025-10-12 04:30:00;84.17
2025-10-12 04:45:00;81.83
2025-10-12 05:00:00;74.02
2025-10-12 05:15:00;74.21
2025-10-12 05:30:00;84.44
2025-10-12 05:45:00;78.87
2025-10-12 06:00:00;80.98
2025-10-12 06:15:00;84.87
2025-10-12 06:30:00;86.24
2025-10-12 06:45:00;85.87
2025-10-12 07:00:00;91.40
2025-10-12 07:15:00;85.35
2025-10-12 07:30:00;84.24
2025-10-12 07:45:00;86.36
2025-10-12 08:00:00;100.14
2025-10-12 08:15:00;87.87
2025-10-12 08:30:00;85.83
2025-10-12 08:45:00;76.87
2025-10-12 09:00:00;103.78
2025-10-12 09:15:00;88.31
2025-10-12 09:30:00;72.46
2025-10-12 09:45:00;65.47
2025-10-12 10:00:00;91.12
2025-10-12 10:15:00;75.78
2025-10-12 10:30:00;61.63
2025-10-12 10:45:00;57.85
2025-10-12 11:00:00;66.78
2025-10-12 11:15:00;60.37
2025-10-12 11:30:00;59.85
2025-10-12 11:45:00;59.53
2025-10-12 12:00:00;80.38
2025-10-12 12:15:00;77.34
2025-10-12 12:30:00;71.22
2025-10-12 12:45:00;69.12
2025-10-12 13:00:00;65.00
2025-10-12 13:15:00;62.03
2025-10-12 13:30:00;60.77
2025-10-12 13:45:00;58.13
2025-10-12 14:00:00;52.64
2025-10-12 14:15:00;53.20
2025-10-12 14:30:00;56.99
2025-10-12 14:45:00;63.36
2025-10-12 15:00:00;55.28
2025-10-12 15:15:00;55.83
2025-10-12 15:30:00;65.36
2025-10-12 15:45:00;71.81
2025-10-12 16:00:00;56.17
2025-10-12 16:15:00;65.01
2025-10-12 16:30:00;72.95
2025-10-12 16:45:00;82.44
2025-10-12 17:00:00;66.75
2025-10-12 17:15:00;79.89
2025-10-12 17:30:00;93.13
2025-10-12 17:45:00;103.32
2025-10-12 18:00:00;86.85
2025-10-12 18:15:00;97.79
2025-10-12 18:30:00;109.77
2025-10-12 18:45:00;117.00
2025-10-12 19:00:00;109.81
2025-10-12 19:15:00;112.35
2025-10-12 19:30:00;116.74
2025-10-12 19:45:00;114.45
2025-10-12 20:00:00;117.30
2025-10-12 20:15:00;117.77
2025-10-12 20:30:00;111.29
2025-10-12 20:45:00;106.03
2025-10-12 21:00:00;112.88
2025-10-12 21:15:00;114.10
2025-10-12 21:30:00;106.63
2025-10-12 21:45:00;100.00
2025-10-12 22:00:00;104.87
2025-10-12 22:15:00;100.02
2025-10-12 22:30:00;102.59
2025-10-12 22:45:00;96.81
2025-10-12 23:00:00;100.20
2025-10-12 23:15:00;88.17
2025-10-12 23:30:00;87.96
2025-10-12 23:45:00;82.89
2025-10-13 00:00:00;99.69
2025-10-13 00:15:00;89.86
2025-10-13 00:30:00;84.90
2025-10-13 00:45:00;76.58
2025-10-13 01:00:00;87.15
2025-10-13 01:15:00;79.75
2025-10-13 01:30:00;83.79
2025-10-13 01:45:00;80.00
2025-10-13 02:00:00;89.99
2025-10-13 02:15:00;84.51
2025-10-13 02:30:00;79.89
2025-10-13 02:45:00;73.70
2025-10-13 03:00:00;77.55
2025-10-13 03:15:00;75.47
2025-10-13 03:30:00;69.96
2025-10-13 03:45:00;65.14
2025-10-13 04:00:00;73.50
2025-10-13 04:15:00;67.33
2025-10-13 04:30:00;74.66
2025-10-13 04:45:00;79.19
2025-10-13 05:00:00;71.41
2025-10-13 05:15:00;75.90
2025-10-13 05:30:00;85.00
2025-10-13 05:45:00;98.53
2025-10-13 06:00:00;82.13
2025-10-13 06:15:00;95.11
2025-10-13 06:30:00;114.83
2025-10-13 06:45:00;126.51
2025-10-13 07:00:00;94.43
2025-10-13 07:15:00;128.65
2025-10-13 07:30:00;145.79
2025-10-13 07:45:00;141.88
2025-10-13 08:00:00;172.94
2025-10-13 08:15:00;164.48
2025-10-13 08:30:00;145.87
2025-10-13 08:45:00;127.34
2025-10-13 09:00:00;191.83
2025-10-13 09:15:00;147.53
2025-10-13 09:30:00;120.02
2025-10-13 09:45:00;94.52
2025-10-13 10:00:00;133.52
2025-10-13 10:15:00;124.38
2025-10-13 10:30:00;113.65
2025-10-13 10:45:00;104.74
2025-10-13 11:00:00;120.22
2025-10-13 11:15:00;106.09
2025-10-13 11:30:00;97.43
2025-10-13 11:45:00;92.75
2025-10-13 12:00:00;100.00
2025-10-13 12:15:00;91.68
2025-10-13 12:30:00;89.04
2025-10-13 12:45:00;85.94
2025-10-13 13:00:00;89.84
2025-10-13 13:15:00;86.88
2025-10-13 13:30:00;78.01
2025-10-13 13:45:00;75.86
2025-10-13 14:00:00;77.59
2025-10-13 14:15:00;80.00
2025-10-13 14:30:00;80.00
2025-10-13 14:45:00;85.96
2025-10-13 15:00:00;74.53
2025-10-13 15:15:00;83.56
2025-10-13 15:30:00;89.58
2025-10-13 15:45:00;104.04
2025-10-13 16:00:00;70.08
2025-10-13 16:15:00;88.59
2025-10-13 16:30:00;106.14
2025-10-13 16:45:00;130.03
2025-10-13 17:00:00;78.93
2025-10-13 17:15:00;92.60
2025-10-13 17:30:00;126.41
2025-10-13 17:45:00;176.01
2025-10-13 18:00:00;124.70
2025-10-13 18:15:00;158.70
2025-10-13 18:30:00;195.15
2025-10-13 18:45:00;256.17
2025-10-13 19:00:00;217.58
2025-10-13 19:15:00;199.99
2025-10-13 19:30:00;184.92
2025-10-13 19:45:00;176.08
2025-10-13 20:00:00;185.78
2025-10-13 20:15:00;135.55
2025-10-13 20:30:00;110.40
2025-10-13 20:45:00;108.02
2025-10-13 21:00:00;130.78
2025-10-13 21:15:00;116.20
2025-10-13 21:30:00;97.39
2025-10-13 21:45:00;96.39
2025-10-13 22:00:00;115.33
2025-10-13 22:15:00;113.74
2025-10-13 22:30:00;117.31
2025-10-13 22:45:00;106.94
2025-10-13 23:00:00;115.01
2025-10-13 23:15:00;100.83
2025-10-13 23:30:00;102.76
2025-10-13 23:45:00;99.69
2025-10-14 00:00:00;114.93
2025-10-14 00:15:00;116.53
2025-10-14 00:30:00;99.22
2025-10-14 00:45:00;91.73
2025-10-14 01:00:00;106.84
2025-10-14 01:15:00;102.79
2025-10-14 01:30:00;99.48
2025-10-14 01:45:00;87.86
2025-10-14 02:00:00;104.85
2025-10-14 02:15:00;97.53
2025-10-14 02:30:00;92.69
2025-10-14 02:45:00;85.97
2025-10-14 03:00:00;97.29
2025-10-14 03:15:00;92.29
2025-10-14 03:30:00;88.55
2025-10-14 03:45:00;86.71
2025-10-14 04:00:00;91.38
2025-10-14 04:15:00;90.89
2025-10-14 04:30:00;88.31
2025-10-14 04:45:00;92.64
2025-10-14 05:00:00;88.89
2025-10-14 05:15:00;91.89
2025-10-14 05:30:00;95.80
2025-10-14 05:45:00;97.29
2025-10-14 06:00:00;89.51
2025-10-14 06:15:00;91.64
2025-10-14 06:30:00;120.44
2025-10-14 06:45:00;111.01
2025-10-14 07:00:00;108.21
2025-10-14 07:15:00;111.87
2025-10-14 07:30:00;149.05
2025-10-14 07:45:00;152.22
2025-10-14 08:00:00;184.32
2025-10-14 08:15:00;183.47
2025-10-14 08:30:00;149.90
2025-10-14 08:45:00;120.96
2025-10-14 09:00:00;179.04
2025-10-14 09:15:00;132.38
2025-10-14 09:30:00;119.31
2025-10-14 09:45:00;108.95
2025-10-14 10:00:00;146.93
2025-10-14 10:15:00;119.35
2025-10-14 10:30:00;107.21
2025-10-14 10:45:00;100.88
2025-10-14 11:00:00;125.35
2025-10-14 11:15:00;111.22
2025-10-14 11:30:00;107.13
2025-10-14 11:45:00;100.00
2025-10-14 12:00:00;103.72
2025-10-14 12:15:00;102.81
2025-10-14 12:30:00;98.77
2025-10-14 12:45:00;91.44
2025-10-14 13:00:00;95.34
2025-10-14 13:15:00;93.61
2025-10-14 13:30:00;93.00
2025-10-14 13:45:00;90.46
2025-10-14 14:00:00;80.16
2025-10-14 14:15:00;91.13
2025-10-14 14:30:00;95.89
2025-10-14 14:45:00;107.21
2025-10-14 15:00:00;89.30
2025-10-14 15:15:00;98.37
2025-10-14 15:30:00;102.88
2025-10-14 15:45:00;132.01
2025-10-14 16:00:00;68.45
2025-10-14 16:15:00;84.70
2025-10-14 16:30:00;101.24
2025-10-14 16:45:00;130.31
2025-10-14 17:00:00;86.48
2025-10-14 17:15:00;102.23
2025-10-14 17:30:00;141.32
2025-10-14 17:45:00;187.09
2025-10-14 18:00:00;160.58
2025-10-14 18:15:00;172.47
2025-10-14 18:30:00;221.96
2025-10-14 18:45:00;247.73
2025-10-14 19:00:00;249.55
2025-10-14 19:15:00;242.99
2025-10-14 19:30:00;236.68
2025-10-14 19:45:00;214.75
2025-10-14 20:00:00;219.67
2025-10-14 20:15:00;173.45
2025-10-14 20:30:00;123.50
2025-10-14 20:45:00;103.38
2025-10-14 21:00:00;121.99
2025-10-14 21:15:00;117.17
2025-10-14 21:30:00;137.65
2025-10-14 21:45:00;118.86
2025-10-14 22:00:00;127.05
2025-10-14 22:15:00;124.42
2025-10-14 22:30:00;122.87
2025-10-14 22:45:00;117.02
2025-10-14 23:00:00;116.87
2025-10-14 23:15:00;113.56
2025-10-14 23:30:00;108.80
2025-10-14 23:45:00;108.88
2025-10-15 00:00:00;105.51
2025-10-15 00:15:00;115.45
2025-10-15 00:30:00;102.31
2025-10-15 00:45:00;99.77
2025-10-15 01:00:00;104.64
2025-10-15 01:15:00;101.17
2025-10-15 01:30:00;101.64
2025-10-15 01:45:00;94.02
2025-10-15 02:00:00;101.53
2025-10-15 02:15:00;94.78
2025-10-15 02:30:00;94.61
2025-10-15 02:45:00;97.95
2025-10-15 03:00:00;96.93
2025-10-15 03:15:00;97.85
2025-10-15 03:30:00;89.75
2025-10-15 03:45:00;91.46
2025-10-15 04:00:00;87.10
2025-10-15 04:15:00;91.58
2025-10-15 04:30:00;93.35
2025-10-15 04:45:00;97.90
2025-10-15 05:00:00;96.80
2025-10-15 05:15:00;100.70
2025-10-15 05:30:00;104.12
2025-10-15 05:45:00;95.34
2025-10-15 06:00:00;81.80
2025-10-15 06:15:00;83.66
2025-10-15 06:30:00;105.34
2025-10-15 06:45:00;115.53
2025-10-15 07:00:00;98.62
2025-10-15 07:15:00;125.71
2025-10-15 07:30:00;152.09
2025-10-15 07:45:00;167.74
2025-10-15 08:00:00;205.97
2025-10-15 08:15:00;200.87
2025-10-15 08:30:00;188.40
2025-10-15 08:45:00;169.61
2025-10-15 09:00:00;209.01
2025-10-15 09:15:00;166.80
2025-10-15 09:30:00;129.74
2025-10-15 09:45:00;111.17
2025-10-15 10:00:00;172.72
2025-10-15 10:15:00;125.22
2025-10-15 10:30:00;118.38
2025-10-15 10:45:00;103.69
2025-10-15 11:00:00;130.09
2025-10-15 11:15:00;118.02
2025-10-15 11:30:00;107.46
2025-10-15 11:45:00;102.20
2025-10-15 12:00:00;114.93
2025-10-15 12:15:00;110.23
2025-10-15 12:30:00;104.03
2025-10-15 12:45:00;99.50
2025-10-15 13:00:00;104.88
2025-10-15 13:15:00;103.02
2025-10-15 13:30:00;96.74
2025-10-15 13:45:00;89.48
2025-10-15 14:00:00;95.25
2025-10-15 14:15:00;96.03
2025-10-15 14:30:00;91.85
2025-10-15 14:45:00;99.83
2025-10-15 15:00:00;86.05
2025-10-15 15:15:00;95.71
2025-10-15 15:30:00;106.21
2025-10-15 15:45:00;130.03
2025-10-15 16:00:00;90.11
2025-10-15 16:15:00;106.21
2025-10-15 16:30:00;128.77
2025-10-15 16:45:00;148.27
2025-10-15 17:00:00;94.00
2025-10-15 17:15:00;99.63
2025-10-15 17:30:00;122.41
2025-10-15 17:45:00;159.99
2025-10-15 18:00:00;122.85
2025-10-15 18:15:00;137.43
2025-10-15 18:30:00;163.69
2025-10-15 18:45:00;188.13
2025-10-15 19:00:00;190.87
2025-10-15 19:15:00;185.46
2025-10-15 19:30:00;175.59
2025-10-15 19:45:00;161.00
2025-10-15 20:00:00;179.49
2025-10-15 20:15:00;143.43
2025-10-15 20:30:00;115.33
2025-10-15 20:45:00;104.18
2025-10-15 21:00:00;115.06
2025-10-15 21:15:00;104.78
2025-10-15 21:30:00;105.90
2025-10-15 21:45:00;94.61
2025-10-15 22:00:00;112.53
2025-10-15 22:15:00;96.37
2025-10-15 22:30:00;96.01
2025-10-15 22:45:00;83.08
2025-10-15 23:00:00;94.06
2025-10-15 23:15:00;88.00
2025-10-15 23:30:00;88.15
2025-10-15 23:45:00;86.05
2025-10-16 00:00:00;78.80
2025-10-16 00:15:00;91.75
2025-10-16 00:30:00;86.51
2025-10-16 00:45:00;81.91
2025-10-16 01:00:00;83.21
2025-10-16 01:15:00;80.82
2025-10-16 01:30:00;81.06
2025-10-16 01:45:00;76.71
2025-10-16 02:00:00;87.01
2025-10-16 02:15:00;87.26
2025-10-16 02:30:00;81.54
2025-10-16 02:45:00;79.91
2025-10-16 03:00:00;85.66
2025-10-16 03:15:00;81.91
2025-10-16 03:30:00;80.77
2025-10-16 03:45:00;74.60
2025-10-16 04:00:00;77.26
2025-10-16 04:15:00;77.83
2025-10-16 04:30:00;84.33
2025-10-16 04:45:00;86.10
2025-10-16 05:00:00;75.94
2025-10-16 05:15:00;79.98
2025-10-16 05:30:00;81.58
2025-10-16 05:45:00;89.85
2025-10-16 06:00:00;75.52
2025-10-16 06:15:00;83.74
2025-10-16 06:30:00;95.96
2025-10-16 06:45:00;105.53
2025-10-16 07:00:00;95.46
2025-10-16 07:15:00;113.86
2025-10-16 07:30:00;110.28
2025-10-16 07:45:00;119.15
2025-10-16 08:00:00;148.08
2025-10-16 08:15:00;145.99
2025-10-16 08:30:00;132.71
2025-10-16 08:45:00;103.50
2025-10-16 09:00:00;147.50
2025-10-16 09:15:00;131.58
2025-10-16 09:30:00;106.38
2025-10-16 09:45:00;78.38
2025-10-16 10:00:00;115.98
2025-10-16 10:15:00;92.48
2025-10-16 10:30:00;79.47
2025-10-16 10:45:00;76.01
2025-10-16 11:00:00;101.93
2025-10-16 11:15:00;86.63
2025-10-16 11:30:00;84.91
2025-10-16 11:45:00;75.33
2025-10-16 12:00:00;87.81
2025-10-16 12:15:00;81.89
2025-10-16 12:30:00;82.99
2025-10-16 12:45:00;77.17
2025-10-16 13:00:00;82.82
2025-10-16 13:15:00;80.01
2025-10-16 13:30:00;75.40
2025-10-16 13:45:00;73.66
2025-10-16 14:00:00;76.16
2025-10-16 14:15:00;77.07
2025-10-16 14:30:00;76.87
2025-10-16 14:45:00;90.04
2025-10-16 15:00:00;67.58
2025-10-16 15:15:00;79.35
2025-10-16 15:30:00;79.46
2025-10-16 15:45:00;88.56
2025-10-16 16:00:00;67.08
2025-10-16 16:15:00;79.48
2025-10-16 16:30:00;89.07
2025-10-16 16:45:00;107.35
2025-10-16 17:00:00;69.22
2025-10-16 17:15:00;90.91
2025-10-16 17:30:00;106.14
2025-10-16 17:45:00;123.65
2025-10-16 18:00:00;100.61
2025-10-16 18:15:00;116.64
2025-10-16 18:30:00;127.01
2025-10-16 18:45:00;141.35
2025-10-16 19:00:00;138.34
2025-10-16 19:15:00;145.38
2025-10-16 19:30:00;145.84
2025-10-16 19:45:00;136.66
2025-10-16 20:00:00;145.87
2025-10-16 20:15:00;124.73
2025-10-16 20:30:00;115.55
2025-10-16 20:45:00;94.45
2025-10-16 21:00:00;121.32
2025-10-16 21:15:00;100.00
2025-10-16 21:30:00;90.00
2025-10-16 21:45:00;86.10
2025-10-16 22:00:00;82.34
2025-10-16 22:15:00;98.54
2025-10-16 22:30:00;106.62
2025-10-16 22:45:00;97.63
2025-10-16 23:00:00;100.15
2025-10-16 23:15:00;93.70
2025-10-16 23:30:00;93.21
2025-10-16 23:45:00;82.80
2025-10-17 00:00:00;91.58
2025-10-17 00:15:00;88.31
2025-10-17 00:30:00;87.04
2025-10-17 00:45:00;84.48
2025-10-17 01:00:00;85.39
2025-10-17 01:15:00;81.74
2025-10-17 01:30:00;85.16
2025-10-17 01:45:00;84.07
2025-10-17 02:00:00;90.88
2025-10-17 02:15:00;84.83
2025-10-17 02:30:00;83.62
2025-10-17 02:45:00;85.09
2025-10-17 03:00:00;86.44
2025-10-17 03:15:00;86.23
2025-10-17 03:30:00;87.90
2025-10-17 03:45:00;84.33
2025-10-17 04:00:00;83.74
2025-10-17 04:15:00;81.76
2025-10-17 04:30:00;85.60
2025-10-17 04:45:00;92.53
2025-10-17 05:00:00;86.76
2025-10-17 05:15:00;88.32
2025-10-17 05:30:00;94.93
2025-10-17 05:45:00;93.93
2025-10-17 06:00:00;85.79
2025-10-17 06:15:00;95.48
2025-10-17 06:30:00;109.44
2025-10-17 06:45:00;103.81
2025-10-17 07:00:00;97.52
2025-10-17 07:15:00;110.05
2025-10-17 07:30:00;133.86
2025-10-17 07:45:00;144.59
2025-10-17 08:00:00;154.32
2025-10-17 08:15:00;159.99
2025-10-17 08:30:00;140.75
2025-10-17 08:45:00;112.59
2025-10-17 09:00:00;161.02
2025-10-17 09:15:00;133.00
2025-10-17 09:30:00;120.00
2025-10-17 09:45:00;102.06
2025-10-17 10:00:00;122.03
2025-10-17 10:15:00;118.15
2025-10-17 10:30:00;105.95
2025-10-17 10:45:00;101.62
2025-10-17 11:00:00;109.51
2025-10-17 11:15:00;97.87
2025-10-17 11:30:00;89.02
2025-10-17 11:45:00;83.59
2025-10-17 12:00:00;90.67
2025-10-17 12:15:00;85.31
2025-10-17 12:30:00;84.15
2025-10-17 12:45:00;83.42
2025-10-17 13:00:00;83.56
2025-10-17 13:15:00;82.76
2025-10-17 13:30:00;81.15
2025-10-17 13:45:00;75.82
2025-10-17 14:00:00;75.57
2025-10-17 14:15:00;78.38
2025-10-17 14:30:00;80.23
2025-10-17 14:45:00;81.00
2025-10-17 15:00:00;72.72
2025-10-17 15:15:00;77.88
2025-10-17 15:30:00;82.45
2025-10-17 15:45:00;84.66
2025-10-17 16:00:00;70.11
2025-10-17 16:15:00;79.82
2025-10-17 16:30:00;88.25
2025-10-17 16:45:00;106.02
2025-10-17 17:00:00;82.10
2025-10-17 17:15:00;95.98
2025-10-17 17:30:00;114.54
2025-10-17 17:45:00;132.70
2025-10-17 18:00:00;112.97
2025-10-17 18:15:00;122.21
2025-10-17 18:30:00;125.18
2025-10-17 18:45:00;135.95
2025-10-17 19:00:00;130.11
2025-10-17 19:15:00;132.06
2025-10-17 19:30:00;137.51
2025-10-17 19:45:00;129.94
2025-10-17 20:00:00;132.24
2025-10-17 20:15:00;112.95
2025-10-17 20:30:00;118.09
2025-10-17 20:45:00;103.22
2025-10-17 21:00:00;116.08
2025-10-17 21:15:00;101.11
2025-10-17 21:30:00;101.76
2025-10-17 21:45:00;98.87
2025-10-17 22:00:00;108.78
2025-10-17 22:15:00;103.17
2025-10-17 22:30:00;102.39
2025-10-17 22:45:00;96.18
2025-10-17 23:00:00;105.58
2025-10-17 23:15:00;95.49
2025-10-17 23:30:00;87.97
2025-10-17 23:45:00;81.61
2025-10-18 00:00:00;93.86
2025-10-18 00:15:00;104.07
2025-10-18 00:30:00;93.70
2025-10-18 00:45:00;88.24
2025-10-18 01:00:00;97.49
2025-10-18 01:15:00;91.03
2025-10-18 01:30:00;87.79
2025-10-18 01:45:00;87.07
2025-10-18 02:00:00;97.66
2025-10-18 02:15:00;90.55
2025-10-18 02:30:00;87.21
2025-10-18 02:45:00;85.71
2025-10-18 03:00:00;86.61
2025-10-18 03:15:00;86.13
2025-10-18 03:30:00;86.57
2025-10-18 03:45:00;88.13
2025-10-18 04:00:00;82.67
2025-10-18 04:15:00;83.37
2025-10-18 04:30:00;84.77
2025-10-18 04:45:00;86.78
2025-10-18 05:00:00;80.73
2025-10-18 05:15:00;82.20
2025-10-18 05:30:00;89.84
2025-10-18 05:45:00;90.09
2025-10-18 06:00:00;77.40
2025-10-18 06:15:00;82.94
2025-10-18 06:30:00;92.28
2025-10-18 06:45:00;103.01
2025-10-18 07:00:00;93.25
2025-10-18 07:15:00;107.72
2025-10-18 07:30:00;103.04
2025-10-18 07:45:00;104.99
2025-10-18 08:00:00;120.16
2025-10-18 08:15:00;115.94
2025-10-18 08:30:00;117.08
2025-10-18 08:45:00;101.83
2025-10-18 09:00:00;123.09
2025-10-18 09:15:00;115.24
2025-10-18 09:30:00;92.87
2025-10-18 09:45:00;75.47
2025-10-18 10:00:00;112.51
2025-10-18 10:15:00;88.29
2025-10-18 10:30:00;77.12
2025-10-18 10:45:00;68.87
2025-10-18 11:00:00;83.69
2025-10-18 11:15:00;71.09
2025-10-18 11:30:00;63.43
2025-10-18 11:45:00;54.37
2025-10-18 12:00:00;69.83
2025-10-18 12:15:00;61.24
2025-10-18 12:30:00;66.13
2025-10-18 12:45:00;55.92
2025-10-18 13:00:00;57.79
2025-10-18 13:15:00;51.63
2025-10-18 13:30:00;53.52
2025-10-18 13:45:00;53.93
2025-10-18 14:00:00;47.34
2025-10-18 14:15:00;53.87
2025-10-18 14:30:00;55.29
2025-10-18 14:45:00;67.87
2025-10-18 15:00:00;49.41
2025-10-18 15:15:00;59.47
2025-10-18 15:30:00;66.78
2025-10-18 15:45:00;80.58
2025-10-18 16:00:00;46.80
2025-10-18 16:15:00;65.98
2025-10-18 16:30:00;82.03
2025-10-18 16:45:00;111.56
2025-10-18 17:00:00;66.26
2025-10-18 17:15:00;98.19
2025-10-18 17:30:00;109.80
2025-10-18 17:45:00;145.69
2025-10-18 18:00:00;81.22
2025-10-18 18:15:00;105.52
2025-10-18 18:30:00;123.16
2025-10-18 18:45:00;131.15
2025-10-18 19:00:00;124.54
2025-10-18 19:15:00;121.29
2025-10-18 19:30:00;118.95
2025-10-18 19:45:00;116.58
2025-10-18 20:00:00;128.77
2025-10-18 20:15:00;109.21
2025-10-18 20:30:00;97.85
2025-10-18 20:45:00;90.00
2025-10-18 21:00:00;99.87
2025-10-18 21:15:00;97.25
2025-10-18 21:30:00;89.34
2025-10-18 21:45:00;85.08
2025-10-18 22:00:00;104.00
2025-10-18 22:15:00;95.90
2025-10-18 22:30:00;96.90
2025-10-18 22:45:00;85.48
2025-10-18 23:00:00;105.80
2025-10-18 23:15:00;96.35
2025-10-18 23:30:00;89.31
2025-10-18 23:45:00;85.89
2025-10-19 00:00:00;101.13
2025-10-19 00:15:00;92.00
2025-10-19 00:30:00;85.82
2025-10-19 00:45:00;80.80
2025-10-19 01:00:00;90.03
2025-10-19 01:15:00;84.99
2025-10-19 01:30:00;80.43
2025-10-19 01:45:00;75.58
2025-10-19 02:00:00;82.59
2025-10-19 02:15:00;75.45
2025-10-19 02:30:00;72.52
2025-10-19 02:45:00;67.50
2025-10-19 03:00:00;71.29
2025-10-19 03:15:00;66.00
2025-10-19 03:30:00;65.91
2025-10-19 03:45:00;67.07
2025-10-19 04:00:00;67.77
2025-10-19 04:15:00;66.45
2025-10-19 04:30:00;67.62
2025-10-19 04:45:00;66.68
2025-10-19 05:00:00;65.63
2025-10-19 05:15:00;63.10
2025-10-19 05:30:00;66.27
2025-10-19 05:45:00;65.10
2025-10-19 06:00:00;66.42
2025-10-19 06:15:00;66.36
2025-10-19 06:30:00;68.00
2025-10-19 06:45:00;70.27
2025-10-19 07:00:00;68.64
2025-10-19 07:15:00;69.06
2025-10-19 07:30:00;67.23
2025-10-19 07:45:00;68.27
2025-10-19 08:00:00;78.43
2025-10-19 08:15:00;76.14
2025-10-19 08:30:00;66.41
2025-10-19 08:45:00;59.64
2025-10-19 09:00:00;77.98
2025-10-19 09:15:00;66.72
2025-10-19 09:30:00;60.32
2025-10-19 09:45:00;44.24
2025-10-19 10:00:00;62.22
2025-10-19 10:15:00;52.60
2025-10-19 10:30:00;51.24
2025-10-19 10:45:00;41.66
2025-10-19 11:00:00;55.93
2025-10-19 11:15:00;46.97
2025-10-19 11:30:00;49.05
2025-10-19 11:45:00;33.24
2025-10-19 12:00:00;45.97
2025-10-19 12:15:00;38.95
2025-10-19 12:30:00;28.00
2025-10-19 12:45:00;15.86
2025-10-19 13:00:00;24.08
2025-10-19 13:15:00;17.94
2025-10-19 13:30:00;14.91
2025-10-19 13:45:00;14.24
2025-10-19 14:00:00;10.20
2025-10-19 14:15:00;19.21
2025-10-19 14:30:00;34.54
2025-10-19 14:45:00;52.94
2025-10-19 15:00:00;30.42
2025-10-19 15:15:00;53.85
2025-10-19 15:30:00;56.17
2025-10-19 15:45:00;65.33
2025-10-19 16:00:00;44.98
2025-10-19 16:15:00;58.73
2025-10-19 16:30:00;74.36
2025-10-19 16:45:00;87.84
2025-10-19 17:00:00;64.62
2025-10-19 17:15:00;71.67
2025-10-19 17:30:00;89.99
2025-10-19 17:45:00;110.08
2025-10-19 18:00:00;82.35
2025-10-19 18:15:00;89.75
2025-10-19 18:30:00;83.75
2025-10-19 18:45:00;88.20
2025-10-19 19:00:00;86.20
2025-10-19 19:15:00;76.67
2025-10-19 19:30:00;77.16
2025-10-19 19:45:00;73.65
2025-10-19 20:00:00;84.25
2025-10-19 20:15:00;74.17
2025-10-19 20:30:00;75.85
2025-10-19 20:45:00;69.16
2025-10-19 21:00:00;84.83
2025-10-19 21:15:00;71.36
2025-10-19 21:30:00;63.66
2025-10-19 21:45:00;48.40
2025-10-19 22:00:00;77.51
2025-10-19 22:15:00;64.15
2025-10-19 22:30:00;65.00
2025-10-19 22:45:00;56.88
2025-10-19 23:00:00;59.57
2025-10-19 23:15:00;53.16
2025-10-19 23:30:00;45.94
2025-10-19 23:45:00;49.69
2025-10-20 00:00:00;63.99
2025-10-20 00:15:00;63.18
2025-10-20 00:30:00;50.57
2025-10-20 00:45:00;42.10
2025-10-20 01:00:00;51.95
2025-10-20 01:15:00;49.22
2025-10-20 01:30:00;45.45
2025-10-20 01:45:00;45.19
2025-10-20 02:00:00;50.08
2025-10-20 02:15:00;47.33
2025-10-20 02:30:00;45.41
2025-10-20 02:45:00;44.47
2025-10-20 03:00:00;45.17
2025-10-20 03:15:00;44.27
2025-10-20 03:30:00;43.19
2025-10-20 03:45:00;45.74
2025-10-20 04:00:00;40.13
2025-10-20 04:15:00;43.18
2025-10-20 04:30:00;45.10
2025-10-20 04:45:00;51.89
2025-10-20 05:00:00;44.46
2025-10-20 05:15:00;55.18
2025-10-20 05:30:00;60.83
2025-10-20 05:45:00;60.82
2025-10-20 06:00:00;51.41
2025-10-20 06:15:00;76.02
2025-10-20 06:30:00;81.94
2025-10-20 06:45:00;80.49
2025-10-20 07:00:00;64.94
2025-10-20 07:15:00;76.60
2025-10-20 07:30:00;85.82
2025-10-20 07:45:00;94.51
2025-10-20 08:00:00;111.01
2025-10-20 08:15:00;109.90
2025-10-20 08:30:00;105.00
2025-10-20 08:45:00;94.69
2025-10-20 09:00:00;133.00
2025-10-20 09:15:00;106.17
2025-10-20 09:30:00;80.83
2025-10-20 09:45:00;68.05
2025-10-20 10:00:00;103.84
2025-10-20 10:15:00;75.15
2025-10-20 10:30:00;60.86
2025-10-20 10:45:00;52.41
2025-10-20 11:00:00;68.27
2025-10-20 11:15:00;58.46
2025-10-20 11:30:00;55.62
2025-10-20 11:45:00;49.18
2025-10-20 12:00:00;55.21
2025-10-20 12:15:00;49.90
2025-10-20 12:30:00;45.31
2025-10-20 12:45:00;54.76
2025-10-20 13:00:00;49.53
2025-10-20 13:15:00;51.90
2025-10-20 13:30:00;51.28
2025-10-20 13:45:00;52.52
2025-10-20 14:00:00;49.43
2025-10-20 14:15:00;53.03
2025-10-20 14:30:00;55.64
2025-10-20 14:45:00;66.36
2025-10-20 15:00:00;54.24
2025-10-20 15:15:00;61.94
2025-10-20 15:30:00;77.84
2025-10-20 15:45:00;88.19
2025-10-20 16:00:00;62.53
2025-10-20 16:15:00;76.09
2025-10-20 16:30:00;74.10
2025-10-20 16:45:00;75.00
2025-10-20 17:00:00;43.81
2025-10-20 17:15:00;52.77
2025-10-20 17:30:00;61.06
2025-10-20 17:45:00;71.61
2025-10-20 18:00:00;69.80
2025-10-20 18:15:00;79.24
2025-10-20 18:30:00;89.21
2025-10-20 18:45:00;92.70
2025-10-20 19:00:00;91.63
2025-10-20 19:15:00;93.74
2025-10-20 19:30:00;91.81
2025-10-20 19:45:00;88.16
2025-10-20 20:00:00;93.91
2025-10-20 20:15:00;74.11
2025-10-20 20:30:00;60.18
2025-10-20 20:45:00;50.20
2025-10-20 21:00:00;73.84
2025-10-20 21:15:00;58.11
2025-10-20 21:30:00;30.81
2025-10-20 21:45:00;19.25
2025-10-20 22:00:00;55.25
2025-10-20 22:15:00;44.21
2025-10-20 22:30:00;59.33
2025-10-20 22:45:00;50.81
2025-10-20 23:00:00;52.56
2025-10-20 23:15:00;46.44
2025-10-20 23:30:00;49.30
2025-10-20 23:45:00;38.40
2025-10-21 00:00:00;35.95
2025-10-21 00:15:00;29.18
2025-10-21 00:30:00;24.34
2025-10-21 00:45:00;20.96
2025-10-21 01:00:00;28.39
2025-10-21 01:15:00;21.15
2025-10-21 01:30:00;23.24
2025-10-21 01:45:00;15.50
2025-10-21 02:00:00;25.58
2025-10-21 02:15:00;17.07
2025-10-21 02:30:00;15.69
2025-10-21 02:45:00;10.71
2025-10-21 03:00:00;14.00
2025-10-21 03:15:00;14.03
2025-10-21 03:30:00;10.96
2025-10-21 03:45:00;9.52
2025-10-21 04:00:00;12.63
2025-10-21 04:15:00;13.56
2025-10-21 04:30:00;17.70
2025-10-21 04:45:00;16.91
2025-10-21 05:00:00;15.01
2025-10-21 05:15:00;23.51
2025-10-21 05:30:00;19.15
2025-10-21 05:45:00;32.92
2025-10-21 06:00:00;28.75
2025-10-21 06:15:00;43.19
2025-10-21 06:30:00;58.06
2025-10-21 06:45:00;60.37
2025-10-21 07:00:00;51.17
2025-10-21 07:15:00;64.68
2025-10-21 07:30:00;77.87
2025-10-21 07:45:00;80.87
2025-10-21 08:00:00;85.69
2025-10-21 08:15:00;89.78
2025-10-21 08:30:00;94.75
2025-10-21 08:45:00;91.93
2025-10-21 09:00:00;104.49
2025-10-21 09:15:00;88.00
2025-10-21 09:30:00;83.26
2025-10-21 09:45:00;66.71
2025-10-21 10:00:00;93.34
2025-10-21 10:15:00;85.11
2025-10-21 10:30:00;67.83
2025-10-21 10:45:00;55.62
2025-10-21 11:00:00;85.57
2025-10-21 11:15:00;73.88
2025-10-21 11:30:00;59.79
2025-10-21 11:45:00;45.49
2025-10-21 12:00:00;59.07
2025-10-21 12:15:00;53.94
2025-10-21 12:30:00;51.55
2025-10-21 12:45:00;33.32
2025-10-21 13:00:00;46.77
2025-10-21 13:15:00;38.53
2025-10-21 13:30:00;26.07
2025-10-21 13:45:00;21.60
2025-10-21 14:00:00;18.25
2025-10-21 14:15:00;29.66
2025-10-21 14:30:00;36.59
2025-10-21 14:45:00;54.35
2025-10-21 15:00:00;19.65
2025-10-21 15:15:00;44.93
2025-10-21 15:30:00;67.42
2025-10-21 15:45:00;85.53
2025-10-21 16:00:00;29.28
2025-10-21 16:15:00;51.72
2025-10-21 16:30:00;80.00
2025-10-21 16:45:00;100.81
2025-10-21 17:00:00;49.34
2025-10-21 17:15:00;78.41
2025-10-21 17:30:00;97.05
2025-10-21 17:45:00;126.21
2025-10-21 18:00:00;81.49
2025-10-21 18:15:00;99.30
2025-10-21 18:30:00;118.06
2025-10-21 18:45:00;138.23
2025-10-21 19:00:00;124.26
2025-10-21 19:15:00;129.99
2025-10-21 19:30:00;113.54
2025-10-21 19:45:00;101.80
2025-10-21 20:00:00;113.44
2025-10-21 20:15:00;103.41
2025-10-21 20:30:00;95.76
2025-10-21 20:45:00;88.27
2025-10-21 21:00:00;89.42
2025-10-21 21:15:00;79.99
2025-10-21 21:30:00;85.24
2025-10-21 21:45:00;69.27
2025-10-21 22:00:00;91.18
2025-10-21 22:15:00;80.70
2025-10-21 22:30:00;78.74
2025-10-21 22:45:00;71.39
2025-10-21 23:00:00;82.23
2025-10-21 23:15:00;75.96
2025-10-21 23:30:00;73.49
2025-10-21 23:45:00;61.97
2025-10-22 00:00:00;81.13
2025-10-22 00:15:00;79.92
2025-10-22 00:30:00;72.96
2025-10-22 00:45:00;70.32
2025-10-22 01:00:00;75.44
2025-10-22 01:15:00;74.55
2025-10-22 01:30:00;74.36
2025-10-22 01:45:00;71.66
2025-10-22 02:00:00;70.32
2025-10-22 02:15:00;69.94
2025-10-22 02:30:00;72.54
2025-10-22 02:45:00;73.54
2025-10-22 03:00:00;70.50
2025-10-22 03:15:00;74.96
2025-10-22 03:30:00;74.82
2025-10-22 03:45:00;71.94
2025-10-22 04:00:00;67.28
2025-10-22 04:15:00;68.36
2025-10-22 04:30:00;71.77
2025-10-22 04:45:00;72.59
2025-10-22 05:00:00;65.01
2025-10-22 05:15:00;69.09
2025-10-22 05:30:00;81.96
2025-10-22 05:45:00;79.08
2025-10-22 06:00:00;81.54
2025-10-22 06:15:00;87.71
2025-10-22 06:30:00;88.21
2025-10-22 06:45:00;104.21
2025-10-22 07:00:00;91.65
2025-10-22 07:15:00;100.32
2025-10-22 07:30:00;98.87
2025-10-22 07:45:00;105.35
2025-10-22 08:00:00;92.87
2025-10-22 08:15:00;119.89
2025-10-22 08:30:00;122.55
2025-10-22 08:45:00;106.17
2025-10-22 09:00:00;148.00
2025-10-22 09:15:00;136.96
2025-10-22 09:30:00;115.64
2025-10-22 09:45:00;94.59
2025-10-22 10:00:00;130.54
2025-10-22 10:15:00;105.32
2025-10-22 10:30:00;96.88
2025-10-22 10:45:00;87.31
2025-10-22 11:00:00;98.77
2025-10-22 11:15:00;94.88
2025-10-22 11:30:00;90.07
2025-10-22 11:45:00;82.29
2025-10-22 12:00:00;94.43
2025-10-22 12:15:00;83.83
2025-10-22 12:30:00;84.54
2025-10-22 12:45:00;85.60
2025-10-22 13:00:00;92.73
2025-10-22 13:15:00;83.12
2025-10-22 13:30:00;80.30
2025-10-22 13:45:00;78.16
2025-10-22 14:00:00;81.19
2025-10-22 14:15:00;93.24
2025-10-22 14:30:00;97.47
2025-10-22 14:45:00;106.04
2025-10-22 15:00:00;83.68
2025-10-22 15:15:00;92.55
2025-10-22 15:30:00;105.70
2025-10-22 15:45:00;123.24
2025-10-22 16:00:00;76.80
2025-10-22 16:15:00;97.46
2025-10-22 16:30:00;90.61
2025-10-22 16:45:00;123.54
2025-10-22 17:00:00;81.88
2025-10-22 17:15:00;108.87
2025-10-22 17:30:00;153.48
2025-10-22 17:45:00;209.36
2025-10-22 18:00:00;150.00
2025-10-22 18:15:00;182.07
2025-10-22 18:30:00;292.04
2025-10-22 18:45:00;312.29
2025-10-22 19:00:00;290.63
2025-10-22 19:15:00;268.08
2025-10-22 19:30:00;231.80
2025-10-22 19:45:00;173.89
2025-10-22 20:00:00;188.39
2025-10-22 20:15:00;143.43
2025-10-22 20:30:00;114.48
2025-10-22 20:45:00;104.21
2025-10-22 21:00:00;142.71
2025-10-22 21:15:00;114.94
2025-10-22 21:30:00;97.77
2025-10-22 21:45:00;83.02
2025-10-22 22:00:00;111.78
2025-10-22 22:15:00;99.80
2025-10-22 22:30:00;90.93
2025-10-22 22:45:00;83.02
2025-10-22 23:00:00;92.88
2025-10-22 23:15:00;86.64
2025-10-22 23:30:00;83.32
2025-10-22 23:45:00;74.19
2025-10-23 00:00:00;85.64
2025-10-23 00:15:00;89.99
2025-10-23 00:30:00;77.26
2025-10-23 00:45:00;65.36
2025-10-23 01:00:00;75.51
2025-10-23 01:15:00;73.47
2025-10-23 01:30:00;66.34
2025-10-23 01:45:00;63.62
2025-10-23 02:00:00;60.82
2025-10-23 02:15:00;60.16
2025-10-23 02:30:00;62.10
2025-10-23 02:45:00;60.38
2025-10-23 03:00:00;65.29
2025-10-23 03:15:00;61.05
2025-10-23 03:30:00;51.68
2025-10-23 03:45:00;44.67
2025-10-23 04:00:00;54.95
2025-10-23 04:15:00;50.86
2025-10-23 04:30:00;49.39
2025-10-23 04:45:00;47.57
2025-10-23 05:00:00;47.07
2025-10-23 05:15:00;47.33
2025-10-23 05:30:00;47.79
2025-10-23 05:45:00;48.20
2025-10-23 06:00:00;22.32
2025-10-23 06:15:00;26.28
2025-10-23 06:30:00;27.09
2025-10-23 06:45:00;30.85
2025-10-23 07:00:00;31.41
2025-10-23 07:15:00;38.07
2025-10-23 07:30:00;43.93
2025-10-23 07:45:00;45.71
2025-10-23 08:00:00;57.32
2025-10-23 08:15:00;70.00
2025-10-23 08:30:00;73.91
2025-10-23 08:45:00;62.71
2025-10-23 09:00:00;88.10
2025-10-23 09:15:00;72.74
2025-10-23 09:30:00;70.05
2025-10-23 09:45:00;57.29
2025-10-23 10:00:00;77.63
2025-10-23 10:15:00;68.43
2025-10-23 10:30:00;56.80
2025-10-23 10:45:00;50.39
2025-10-23 11:00:00;61.24
2025-10-23 11:15:00;54.58
2025-10-23 11:30:00;52.57
2025-10-23 11:45:00;50.45
2025-10-23 12:00:00;51.70
2025-10-23 12:15:00;49.58
2025-10-23 12:30:00;49.99
2025-10-23 12:45:00;48.94
2025-10-23 13:00:00;50.09
2025-10-23 13:15:00;48.61
2025-10-23 13:30:00;48.29
2025-10-23 13:45:00;47.81
2025-10-23 14:00:00;44.58
2025-10-23 14:15:00;47.80
2025-10-23 14:30:00;48.78
2025-10-23 14:45:00;50.42
2025-10-23 15:00:00;49.21
2025-10-23 15:15:00;51.59
2025-10-23 15:30:00;60.88
2025-10-23 15:45:00;77.93
2025-10-23 16:00:00;55.74
2025-10-23 16:15:00;60.06
2025-10-23 16:30:00;71.05
2025-10-23 16:45:00;83.31
2025-10-23 17:00:00;62.71
2025-10-23 17:15:00;76.64
2025-10-23 17:30:00;83.44
2025-10-23 17:45:00;105.98
2025-10-23 18:00:00;85.31
2025-10-23 18:15:00;90.48
2025-10-23 18:30:00;101.80
2025-10-23 18:45:00;104.16
2025-10-23 19:00:00;115.21
2025-10-23 19:15:00;107.85
2025-10-23 19:30:00;95.72
2025-10-23 19:45:00;80.63
2025-10-23 20:00:00;104.71
2025-10-23 20:15:00;77.18
2025-10-23 20:30:00;74.34
2025-10-23 20:45:00;62.31
2025-10-23 21:00:00;80.05
2025-10-23 21:15:00;75.13
2025-10-23 21:30:00;67.19
2025-10-23 21:45:00;59.44
2025-10-23 22:00:00;80.00
2025-10-23 22:15:00;66.35
2025-10-23 22:30:00;67.02
2025-10-23 22:45:00;61.10
2025-10-23 23:00:00;57.20
2025-10-23 23:15:00;49.31
2025-10-23 23:30:00;49.30
2025-10-23 23:45:00;43.52
2025-10-24 00:00:00;13.24
2025-10-24 00:15:00;19.04
2025-10-24 00:30:00;10.89
2025-10-24 00:45:00;8.72
2025-10-24 01:00:00;11.34
2025-10-24 01:15:00;8.57
2025-10-24 01:30:00;7.85
2025-10-24 01:45:00;5.48
2025-10-24 02:00:00;8.76
2025-10-24 02:15:00;5.57
2025-10-24 02:30:00;4.16
2025-10-24 02:45:00;3.36
2025-10-24 03:00:00;2.25
2025-10-24 03:15:00;-0.13
2025-10-24 03:30:00;-0.04
2025-10-24 03:45:00;-0.04
2025-10-24 04:00:00;1.41
2025-10-24 04:15:00;1.19
2025-10-24 04:30:00;1.68
2025-10-24 04:45:00;2.52
2025-10-24 05:00:00;3.57
2025-10-24 05:15:00;3.99
2025-10-24 05:30:00;7.00
2025-10-24 05:45:00;11.90
2025-10-24 06:00:00;6.62
2025-10-24 06:15:00;16.80
2025-10-24 06:30:00;17.97
2025-10-24 06:45:00;28.74
2025-10-24 07:00:00;34.80
2025-10-24 07:15:00;61.88
2025-10-24 07:30:00;76.86
2025-10-24 07:45:00;83.57
2025-10-24 08:00:00;93.09
2025-10-24 08:15:00;96.40
2025-10-24 08:30:00;93.64
2025-10-24 08:45:00;87.36
2025-10-24 09:00:00;96.99
2025-10-24 09:15:00;89.24
2025-10-24 09:30:00;80.61
2025-10-24 09:45:00;68.88
2025-10-24 10:00:00;83.67
2025-10-24 10:15:00;70.61
2025-10-24 10:30:00;56.63
2025-10-24 10:45:00;43.55
2025-10-24 11:00:00;59.99
2025-10-24 11:15:00;49.98
2025-10-24 11:30:00;32.45
2025-10-24 11:45:00;19.78
2025-10-24 12:00:00;24.27
2025-10-24 12:15:00;14.27
2025-10-24 12:30:00;11.24
2025-10-24 12:45:00;8.26
2025-10-24 13:00:00;9.11
2025-10-24 13:15:00;7.39
2025-10-24 13:30:00;3.47
2025-10-24 13:45:00;2.88
2025-10-24 14:00:00;4.58
2025-10-24 14:15:00;4.78
2025-10-24 14:30:00;4.46
2025-10-24 14:45:00;5.44
2025-10-24 15:00:00;4.01
2025-10-24 15:15:00;8.16
2025-10-24 15:30:00;12.59
2025-10-24 15:45:00;18.36
2025-10-24 16:00:00;9.18
2025-10-24 16:15:00;28.50
2025-10-24 16:30:00;50.14
2025-10-24 16:45:00;66.17
2025-10-24 17:00:00;50.41
2025-10-24 17:15:00;61.78
2025-10-24 17:30:00;64.71
2025-10-24 17:45:00;84.31
2025-10-24 18:00:00;71.69
2025-10-24 18:15:00;80.00
2025-10-24 18:30:00;86.53
2025-10-24 18:45:00;95.40
2025-10-24 19:00:00;95.82
2025-10-24 19:15:00;83.53
2025-10-24 19:30:00;79.56
2025-10-24 19:45:00;75.50
2025-10-24 20:00:00;79.59
2025-10-24 20:15:00;66.98
2025-10-24 20:30:00;50.83
2025-10-24 20:45:00;48.36
2025-10-24 21:00:00;64.62
2025-10-24 21:15:00;49.09
2025-10-24 21:30:00;34.60
2025-10-24 21:45:00;18.65
2025-10-24 22:00:00;34.87
2025-10-24 22:15:00;26.37
2025-10-24 22:30:00;30.69
2025-10-24 22:45:00;20.07
2025-10-24 23:00:00;22.89
2025-10-24 23:15:00;7.44
2025-10-24 23:30:00;4.88
2025-10-24 23:45:00;3.93
2025-10-25 00:00:00;3.98
2025-10-25 00:15:00;4.93
2025-10-25 00:30:00;4.30
2025-10-25 00:45:00;3.33
2025-10-25 01:00:00;2.62
2025-10-25 01:15:00;2.39
2025-10-25 01:30:00;1.22
2025-10-25 01:45:00;0.52
2025-10-25 02:00:00;2.96
2025-10-25 02:15:00;1.69
2025-10-25 02:30:00;0.48
2025-10-25 02:45:00;0.34
2025-10-25 03:00:00;0.80
2025-10-25 03:15:00;0.79
2025-10-25 03:30:00;0.78
2025-10-25 03:45:00;0.53
2025-10-25 04:00:00;0.76
2025-10-25 04:15:00;0.60
2025-10-25 04:30:00;0.62
2025-10-25 04:45:00;0.77
2025-10-25 05:00:00;0.54
2025-10-25 05:15:00;0.71
2025-10-25 05:30:00;1.20
2025-10-25 05:45:00;1.43
2025-10-25 06:00:00;1.02
2025-10-25 06:15:00;1.12
2025-10-25 06:30:00;1.87
2025-10-25 06:45:00;3.16
2025-10-25 07:00:00;5.43
2025-10-25 07:15:00;5.74
2025-10-25 07:30:00;5.62
2025-10-25 07:45:00;4.67
2025-10-25 08:00:00;7.55
2025-10-25 08:15:00;7.80
2025-10-25 08:30:00;8.36
2025-10-25 08:45:00;8.95
2025-10-25 09:00:00;13.22
2025-10-25 09:15:00;11.40
2025-10-25 09:30:00;10.34
2025-10-25 09:45:00;8.80
2025-10-25 10:00:00;11.30
2025-10-25 10:15:00;10.47
2025-10-25 10:30:00;9.29
2025-10-25 10:45:00;7.00
2025-10-25 11:00:00;9.10
2025-10-25 11:15:00;5.82
2025-10-25 11:30:00;8.13
2025-10-25 11:45:00;6.10
2025-10-25 12:00:00;6.28
2025-10-25 12:15:00;6.42
2025-10-25 12:30:00;7.83
2025-10-25 12:45:00;6.36
2025-10-25 13:00:00;7.93
2025-10-25 13:15:00;6.31
2025-10-25 13:30:00;5.83
2025-10-25 13:45:00;5.76
2025-10-25 14:00:00;3.91
2025-10-25 14:15:00;6.71
2025-10-25 14:30:00;6.53
2025-10-25 14:45:00;10.85
2025-10-25 15:00:00;4.02
2025-10-25 15:15:00;7.39
2025-10-25 15:30:00;8.07
2025-10-25 15:45:00;7.66
2025-10-25 16:00:00;5.41
2025-10-25 16:15:00;7.72
2025-10-25 16:30:00;8.62
2025-10-25 16:45:00;13.13
2025-10-25 17:00:00;11.57
2025-10-25 17:15:00;24.50
2025-10-25 17:30:00;30.08
2025-10-25 17:45:00;46.81
2025-10-25 18:00:00;50.18
2025-10-25 18:15:00;58.57
2025-10-25 18:30:00;68.27
2025-10-25 18:45:00;74.35
2025-10-25 19:00:00;75.84
2025-10-25 19:15:00;74.52
2025-10-25 19:30:00;68.94
2025-10-25 19:45:00;62.67
2025-10-25 20:00:00;69.40
2025-10-25 20:15:00;50.46
2025-10-25 20:30:00;37.97
2025-10-25 20:45:00;17.12
2025-10-25 21:00:00;40.77
2025-10-25 21:15:00;26.90
2025-10-25 21:30:00;16.82
2025-10-25 21:45:00;12.76
2025-10-25 22:00:00;26.51
2025-10-25 22:15:00;19.12
2025-10-25 22:30:00;22.58
2025-10-25 22:45:00;19.61
2025-10-25 23:00:00;16.34
2025-10-25 23:15:00;9.39
2025-10-25 23:30:00;8.09
2025-10-25 23:45:00;5.39
2025-10-26 00:00:00;18.52
2025-10-26 00:15:00;16.60
2025-10-26 00:30:00;10.74
2025-10-26 00:45:00;5.67
2025-10-26 01:00:00;12.91
2025-10-26 01:15:00;12.47
2025-10-26 01:30:00;12.65
2025-10-26 01:45:00;9.88
2025-10-26 02:00:00;22.11
2025-10-26 02:15:00;1.09
2025-10-26 02:30:00;0.67
2025-10-26 02:45:00;-0.79
2025-10-26 03:00:00;0.00
2025-10-26 03:15:00;-1.15
2025-10-26 03:30:00;-1.14
2025-10-26 03:45:00;-1.33
2025-10-26 04:00:00;0.20
2025-10-26 04:15:00;-0.12
2025-10-26 04:30:00;-1.26
2025-10-26 04:45:00;-0.41
2025-10-26 05:00:00;-0.37
2025-10-26 05:15:00;-1.10
2025-10-26 05:30:00;0.10
2025-10-26 05:45:00;0.10
2025-10-26 06:00:00;1.61
2025-10-26 06:15:00;5.22
2025-10-26 06:30:00;7.41
2025-10-26 06:45:00;7.20
2025-10-26 07:00:00;15.90
2025-10-26 07:15:00;3.47
2025-10-26 07:30:00;4.10
2025-10-26 07:45:00;2.51
2025-10-26 08:00:00;20.40
2025-10-26 08:15:00;15.89
2025-10-26 08:30:00;20.41
2025-10-26 08:45:00;9.59
2025-10-26 09:00:00;23.18
2025-10-26 09:15:00;18.81
2025-10-26 09:30:00;14.03
2025-10-26 09:45:00;11.36
2025-10-26 10:00:00;10.00
2025-10-26 10:15:00;7.65
2025-10-26 10:30:00;5.11
2025-10-26 10:45:00;1.75
2025-10-26 11:00:00;1.94
2025-10-26 11:15:00;1.54
2025-10-26 11:30:00;0.93
2025-10-26 11:45:00;0.53
2025-10-26 12:00:00;1.06
2025-10-26 12:15:00;0.86
2025-10-26 12:30:00;0.88
2025-10-26 12:45:00;0.87
2025-10-26 13:00:00;0.79
2025-10-26 13:15:00;0.94
2025-10-26 13:30:00;1.27
2025-10-26 13:45:00;1.54
2025-10-26 14:00:00;1.41
2025-10-26 14:15:00;1.04
2025-10-26 14:30:00;1.16
2025-10-26 14:45:00;2.09
2025-10-26 15:00:00;0.99
2025-10-26 15:15:00;2.52
2025-10-26 15:30:00;4.36
2025-10-26 15:45:00;11.89
2025-10-26 16:00:00;6.44
2025-10-26 16:15:00;11.82
2025-10-26 16:30:00;17.59
2025-10-26 16:45:00;31.68
2025-10-26 17:00:00;19.80
2025-10-26 17:15:00;34.94
2025-10-26 17:30:00;53.56
2025-10-26 17:45:00;67.31
2025-10-26 18:00:00;61.12
2025-10-26 18:15:00;68.71
2025-10-26 18:30:00;75.61
2025-10-26 18:45:00;58.12
2025-10-26 19:00:00;71.28
2025-10-26 19:15:00;58.79
2025-10-26 19:30:00;51.12
2025-10-26 19:45:00;42.83
2025-10-26 20:00:00;57.59
2025-10-26 20:15:00;37.28
2025-10-26 20:30:00;24.22
2025-10-26 20:45:00;15.93
2025-10-26 21:00:00;25.34
2025-10-26 21:15:00;15.76
2025-10-26 21:30:00;12.43
2025-10-26 21:45:00;8.28
2025-10-26 22:00:00;16.68
2025-10-26 22:15:00;12.74
2025-10-26 22:30:00;21.98
2025-10-26 22:45:00;11.44
2025-10-26 23:00:00;12.65
2025-10-26 23:15:00;8.52
2025-10-26 23:30:00;5.71
2025-10-26 23:45:00;3.38
2025-10-27 00:00:00;3.92
2025-10-27 00:15:00;3.08
2025-10-27 00:30:00;0.74
2025-10-27 00:45:00;0.20
2025-10-27 01:00:00;2.19
2025-10-27 01:15:00;1.18
2025-10-27 01:30:00;0.42
2025-10-27 01:45:00;0.17
2025-10-27 02:00:00;1.76
2025-10-27 02:15:00;0.89
2025-10-27 02:30:00;-0.27
2025-10-27 02:45:00;-1.23
2025-10-27 03:00:00;0.21
2025-10-27 03:15:00;0.24
2025-10-27 03:30:00;0.25
2025-10-27 03:45:00;0.25
2025-10-27 04:00:00;0.12
2025-10-27 04:15:00;-0.74
2025-10-27 04:30:00;0.55
2025-10-27 04:45:00;1.24
2025-10-27 05:00:00;4.60
2025-10-27 05:15:00;2.51
2025-10-27 05:30:00;6.10
2025-10-27 05:45:00;14.62
2025-10-27 06:00:00;9.95
2025-10-27 06:15:00;22.84
2025-10-27 06:30:00;44.92
2025-10-27 06:45:00;61.83
2025-10-27 07:00:00;63.39
2025-10-27 07:15:00;72.68
2025-10-27 07:30:00;67.12
2025-10-27 07:45:00;54.49
2025-10-27 08:00:00;90.35
2025-10-27 08:15:00;89.87
2025-10-27 08:30:00;93.88
2025-10-27 08:45:00;86.52
2025-10-27 09:00:00;97.60
2025-10-27 09:15:00;96.97
2025-10-27 09:30:00;92.33
2025-10-27 09:45:00;72.13
2025-10-27 10:00:00;94.26
2025-10-27 10:15:00;85.93
2025-10-27 10:30:00;78.19
2025-10-27 10:45:00;71.88
2025-10-27 11:00:00;80.13
2025-10-27 11:15:00;77.37
2025-10-27 11:30:00;73.16
2025-10-27 11:45:00;69.75
2025-10-27 12:00:00;73.39
2025-10-27 12:15:00;64.03
2025-10-27 12:30:00;64.59
2025-10-27 12:45:00;63.81
2025-10-27 13:00:00;64.02
2025-10-27 13:15:00;63.18
2025-10-27 13:30:00;61.73
2025-10-27 13:45:00;59.98
2025-10-27 14:00:00;58.01
2025-10-27 14:15:00;59.76
2025-10-27 14:30:00;63.35
2025-10-27 14:45:00;69.98
2025-10-27 15:00:00;43.18
2025-10-27 15:15:00;51.44
2025-10-27 15:30:00;62.91
2025-10-27 15:45:00;75.33
2025-10-27 16:00:00;57.84
2025-10-27 16:15:00;72.00
2025-10-27 16:30:00;80.86
2025-10-27 16:45:00;97.07
2025-10-27 17:00:00;55.07
2025-10-27 17:15:00;77.79
2025-10-27 17:30:00;117.54
2025-10-27 17:45:00;127.13
2025-10-27 18:00:00;116.37
2025-10-27 18:15:00;121.70
2025-10-27 18:30:00;137.23
2025-10-27 18:45:00;136.65
2025-10-27 19:00:00;137.54
2025-10-27 19:15:00;125.80
2025-10-27 19:30:00;109.24
2025-10-27 19:45:00;96.80
2025-10-27 20:00:00;109.08
2025-10-27 20:15:00;109.94
2025-10-27 20:30:00;93.81
2025-10-27 20:45:00;76.70
2025-10-27 21:00:00;99.99
2025-10-27 21:15:00;89.23
2025-10-27 21:30:00;75.18
2025-10-27 21:45:00;69.16
2025-10-27 22:00:00;94.18
2025-10-27 22:15:00;79.94
2025-10-27 22:30:00;79.70
2025-10-27 22:45:00;65.79
2025-10-27 23:00:00;80.29
2025-10-27 23:15:00;70.89
2025-10-27 23:30:00;63.62
2025-10-27 23:45:00;57.09
2025-10-28 00:00:00;61.69
2025-10-28 00:15:00;53.03
2025-10-28 00:30:00;44.53
2025-10-28 00:45:00;33.15
2025-10-28 01:00:00;41.14
2025-10-28 01:15:00;29.22
2025-10-28 01:30:00;27.16
2025-10-28 01:45:00;20.83
2025-10-28 02:00:00;23.28
2025-10-28 02:15:00;18.79
2025-10-28 02:30:00;18.14
2025-10-28 02:45:00;17.39
2025-10-28 03:00:00;13.72
2025-10-28 03:15:00;10.66
2025-10-28 03:30:00;9.41
2025-10-28 03:45:00;9.54
2025-10-28 04:00:00;5.62
2025-10-28 04:15:00;7.00
2025-10-28 04:30:00;12.75
2025-10-28 04:45:00;19.68
2025-10-28 05:00:00;13.40
2025-10-28 05:15:00;15.27
2025-10-28 05:30:00;31.42
2025-10-28 05:45:00;38.64
2025-10-28 06:00:00;20.97
2025-10-28 06:15:00;48.90
2025-10-28 06:30:00;64.05
2025-10-28 06:45:00;61.94
2025-10-28 07:00:00;62.24
2025-10-28 07:15:00;65.00
2025-10-28 07:30:00;71.95
2025-10-28 07:45:00;50.96
2025-10-28 08:00:00;96.78
2025-10-28 08:15:00;80.72
2025-10-28 08:30:00;78.17
2025-10-28 08:45:00;58.17
2025-10-28 09:00:00;98.48
2025-10-28 09:15:00;80.40
2025-10-28 09:30:00;75.00
2025-10-28 09:45:00;58.53
2025-10-28 10:00:00;85.48
2025-10-28 10:15:00;71.90
2025-10-28 10:30:00;69.61
2025-10-28 10:45:00;62.27
2025-10-28 11:00:00;70.66
2025-10-28 11:15:00;66.61
2025-10-28 11:30:00;62.95
2025-10-28 11:45:00;58.55
2025-10-28 12:00:00;62.81
2025-10-28 12:15:00;54.39
2025-10-28 12:30:00;58.73
2025-10-28 12:45:00;53.61
2025-10-28 13:00:00;56.17
2025-10-28 13:15:00;53.49
2025-10-28 13:30:00;44.06
2025-10-28 13:45:00;51.32
2025-10-28 14:00:00;43.47
2025-10-28 14:15:00;52.66
2025-10-28 14:30:00;60.00
2025-10-28 14:45:00;68.47
2025-10-28 15:00:00;42.83
2025-10-28 15:15:00;70.13
2025-10-28 15:30:00;70.31
2025-10-28 15:45:00;76.82
2025-10-28 16:00:00;61.09
2025-10-28 16:15:00;80.00
2025-10-28 16:30:00;77.05
2025-10-28 16:45:00;96.83
2025-10-28 17:00:00;79.94
2025-10-28 17:15:00;90.85
2025-10-28 17:30:00;103.60
2025-10-28 17:45:00;116.50
2025-10-28 18:00:00;109.40
2025-10-28 18:15:00;110.21
2025-10-28 18:30:00;117.99
2025-10-28 18:45:00;124.99
2025-10-28 19:00:00;123.59
2025-10-28 19:15:00;109.99
2025-10-28 19:30:00;106.64
2025-10-28 19:45:00;102.35
2025-10-28 20:00:00;100.84
2025-10-28 20:15:00;93.60
2025-10-28 20:30:00;88.28
2025-10-28 20:45:00;86.76
2025-10-28 21:00:00;89.36
2025-10-28 21:15:00;85.66
2025-10-28 21:30:00;79.12
2025-10-28 21:45:00;71.56
2025-10-28 22:00:00;86.95
2025-10-28 22:15:00;78.17
2025-10-28 22:30:00;80.47
2025-10-28 22:45:00;79.42
2025-10-28 23:00:00;77.61
2025-10-28 23:15:00;73.56
2025-10-28 23:30:00;75.04
2025-10-28 23:45:00;67.32
2025-10-29 00:00:00;65.45
2025-10-29 00:15:00;62.31
2025-10-29 00:30:00;56.48
2025-10-29 00:45:00;51.94
2025-10-29 01:00:00;57.36
2025-10-29 01:15:00;53.66
2025-10-29 01:30:00;53.67
2025-10-29 01:45:00;52.17
2025-10-29 02:00:00;53.53
2025-10-29 02:15:00;52.79
2025-10-29 02:30:00;55.24
2025-10-29 02:45:00;53.71
2025-10-29 03:00:00;57.16
2025-10-29 03:15:00;57.22
2025-10-29 03:30:00;55.75
2025-10-29 03:45:00;52.17
2025-10-29 04:00:00;48.31
2025-10-29 04:15:00;50.57
2025-10-29 04:30:00;53.92
2025-10-29 04:45:00;57.49
2025-10-29 05:00:00;51.55
2025-10-29 05:15:00;57.27
2025-10-29 05:30:00;65.92
2025-10-29 05:45:00;76.23
2025-10-29 06:00:00;63.15
2025-10-29 06:15:00;86.66
2025-10-29 06:30:00;92.48
2025-10-29 06:45:00;110.63
2025-10-29 07:00:00;99.99
2025-10-29 07:15:00;107.93
2025-10-29 07:30:00;110.41
2025-10-29 07:45:00;103.96
2025-10-29 08:00:00;118.34
2025-10-29 08:15:00;108.57
2025-10-29 08:30:00;97.15
2025-10-29 08:45:00;75.00
2025-10-29 09:00:00;109.13
2025-10-29 09:15:00;91.25
2025-10-29 09:30:00;77.59
2025-10-29 09:45:00;71.11
2025-10-29 10:00:00;85.88
2025-10-29 10:15:00;74.94
2025-10-29 10:30:00;72.79
2025-10-29 10:45:00;69.22
2025-10-29 11:00:00;79.13
2025-10-29 11:15:00;73.00
2025-10-29 11:30:00;72.92
2025-10-29 11:45:00;72.72
2025-10-29 12:00:00;74.22
2025-10-29 12:15:00;75.52
2025-10-29 12:30:00;78.56
2025-10-29 12:45:00;85.29
2025-10-29 13:00:00;75.25
2025-10-29 13:15:00;78.90
2025-10-29 13:30:00;75.64
2025-10-29 13:45:00;87.86
2025-10-29 14:00:00;60.03
2025-10-29 14:15:00;80.00
2025-10-29 14:30:00;100.20
2025-10-29 14:45:00;112.52
2025-10-29 15:00:00;94.93
2025-10-29 15:15:00;105.74
2025-10-29 15:30:00;120.05
2025-10-29 15:45:00;130.03
2025-10-29 16:00:00;111.69
2025-10-29 16:15:00;116.75
2025-10-29 16:30:00;114.61
2025-10-29 16:45:00;130.55
2025-10-29 17:00:00;100.66
2025-10-29 17:15:00;107.48
2025-10-29 17:30:00;130.87
2025-10-29 17:45:00;130.76
2025-10-29 18:00:00;123.56
2025-10-29 18:15:00;125.50
2025-10-29 18:30:00;133.22
2025-10-29 18:45:00;135.79
2025-10-29 19:00:00;129.49
2025-10-29 19:15:00;116.63
2025-10-29 19:30:00;113.21
2025-10-29 19:45:00;100.77
2025-10-29 20:00:00;110.36
2025-10-29 20:15:00;104.22
2025-10-29 20:30:00;97.86
2025-10-29 20:45:00;97.67
2025-10-29 21:00:00;102.38
2025-10-29 21:15:00;99.90
2025-10-29 21:30:00;92.35
2025-10-29 21:45:00;81.33
2025-10-29 22:00:00;97.01
2025-10-29 22:15:00;101.87
2025-10-29 22:30:00;86.13
2025-10-29 22:45:00;80.00
2025-10-29 23:00:00;92.76
2025-10-29 23:15:00;82.61
2025-10-29 23:30:00;84.00
2025-10-29 23:45:00;77.25
2025-10-30 00:00:00;75.94
2025-10-30 00:15:00;67.18
2025-10-30 00:30:00;58.78
2025-10-30 00:45:00;49.86
2025-10-30 01:00:00;68.77
2025-10-30 01:15:00;58.31
2025-10-30 01:30:00;59.64
2025-10-30 01:45:00;54.87
2025-10-30 02:00:00;60.51
2025-10-30 02:15:00;56.76
2025-10-30 02:30:00;56.73
2025-10-30 02:45:00;51.53
2025-10-30 03:00:00;57.65
2025-10-30 03:15:00;53.51
2025-10-30 03:30:00;51.56
2025-10-30 03:45:00;43.89
2025-10-30 04:00:00;49.25
2025-10-30 04:15:00;47.02
2025-10-30 04:30:00;51.90
2025-10-30 04:45:00;55.90
2025-10-30 05:00:00;52.96
2025-10-30 05:15:00;59.72
2025-10-30 05:30:00;60.27
2025-10-30 05:45:00;65.00
2025-10-30 06:00:00;58.97
2025-10-30 06:15:00;67.63
2025-10-30 06:30:00;73.68
2025-10-30 06:45:00;76.93
2025-10-30 07:00:00;71.78
2025-10-30 07:15:00;83.13
2025-10-30 07:30:00;90.54
2025-10-30 07:45:00;87.23
2025-10-30 08:00:00;124.41
2025-10-30 08:15:00;92.29
2025-10-30 08:30:00;90.10
2025-10-30 08:45:00;67.74
2025-10-30 09:00:00;98.12
2025-10-30 09:15:00;74.76
2025-10-30 09:30:00;59.34
2025-10-30 09:45:00;45.75
2025-10-30 10:00:00;77.57
2025-10-30 10:15:00;60.00
2025-10-30 10:30:00;33.02
2025-10-30 10:45:00;21.04
2025-10-30 11:00:00;26.74
2025-10-30 11:15:00;26.26
2025-10-30 11:30:00;26.67
2025-10-30 11:45:00;18.76
2025-10-30 12:00:00;18.49
2025-10-30 12:15:00;16.61
2025-10-30 12:30:00;16.76
2025-10-30 12:45:00;16.56
2025-10-30 13:00:00;17.13
2025-10-30 13:15:00;17.75
2025-10-30 13:30:00;16.20
2025-10-30 13:45:00;29.47
2025-10-30 14:00:00;14.87
2025-10-30 14:15:00;21.58
2025-10-30 14:30:00;51.15
2025-10-30 14:45:00;89.19
2025-10-30 15:00:00;25.30
2025-10-30 15:15:00;56.99
2025-10-30 15:30:00;87.97
2025-10-30 15:45:00;121.27
2025-10-30 16:00:00;47.52
2025-10-30 16:15:00;72.47
2025-10-30 16:30:00;103.10
2025-10-30 16:45:00;150.86
2025-10-30 17:00:00;102.41
2025-10-30 17:15:00;111.22
2025-10-30 17:30:00;121.13
2025-10-30 17:45:00;129.73
2025-10-30 18:00:00;116.01
2025-10-30 18:15:00;117.64
2025-10-30 18:30:00;119.64
2025-10-30 18:45:00;119.94
2025-10-30 19:00:00;120.93
2025-10-30 19:15:00;119.40
2025-10-30 19:30:00;97.68
2025-10-30 19:45:00;71.81
2025-10-30 20:00:00;118.59
2025-10-30 20:15:00;95.93
2025-10-30 20:30:00;100.77
2025-10-30 20:45:00;81.76
2025-10-30 21:00:00;98.59
2025-10-30 21:15:00;90.57
2025-10-30 21:30:00;82.97
2025-10-30 21:45:00;69.98
2025-10-30 22:00:00;88.61
2025-10-30 22:15:00;84.06
2025-10-30 22:30:00;90.36
2025-10-30 22:45:00;76.32
2025-10-30 23:00:00;86.76
2025-10-30 23:15:00;72.00
2025-10-30 23:30:00;66.06
2025-10-30 23:45:00;52.80
2025-10-31 00:00:00;84.49
2025-10-31 00:15:00;71.90
2025-10-31 00:30:00;64.31
2025-10-31 00:45:00;58.86
2025-10-31 01:00:00;70.15
2025-10-31 01:15:00;65.33
2025-10-31 01:30:00;59.53
2025-10-31 01:45:00;54.92
2025-10-31 02:00:00;65.10
2025-10-31 02:15:00;59.27
2025-10-31 02:30:00;58.46
2025-10-31 02:45:00;57.50
2025-10-31 03:00:00;57.32
2025-10-31 03:15:00;58.26
2025-10-31 03:30:00;60.55
2025-10-31 03:45:00;60.77
2025-10-31 04:00:00;55.94
2025-10-31 04:15:00;58.29
2025-10-31 04:30:00;66.58
2025-10-31 04:45:00;65.80
2025-10-31 05:00:00;65.26
2025-10-31 05:15:00;67.04
2025-10-31 05:30:00;76.91
2025-10-31 05:45:00;78.00
2025-10-31 06:00:00;53.21
2025-10-31 06:15:00;62.13
2025-10-31 06:30:00;78.75
2025-10-31 06:45:00;88.24
2025-10-31 07:00:00;84.11
2025-10-31 07:15:00;78.07
2025-10-31 07:30:00;94.60
2025-10-31 07:45:00;75.93
2025-10-31 08:00:00;110.23
2025-10-31 08:15:00;96.34
2025-10-31 08:30:00;80.18
2025-10-31 08:45:00;70.65
2025-10-31 09:00:00;88.33
2025-10-31 09:15:00;73.64
2025-10-31 09:30:00;65.68
2025-10-31 09:45:00;56.11
2025-10-31 10:00:00;70.36
2025-10-31 10:15:00;66.51
2025-10-31 10:30:00;62.23
2025-10-31 10:45:00;58.25
2025-10-31 11:00:00;62.40
2025-10-31 11:15:00;60.45
2025-10-31 11:30:00;59.38
2025-10-31 11:45:00;60.14
2025-10-31 12:00:00;58.20
2025-10-31 12:15:00;58.42
2025-10-31 12:30:00;67.90
2025-10-31 12:45:00;66.76
2025-10-31 13:00:00;60.24
2025-10-31 13:15:00;62.90
2025-10-31 13:30:00;66.20
2025-10-31 13:45:00;74.49
2025-10-31 14:00:00;62.04
2025-10-31 14:15:00;76.82
2025-10-31 14:30:00;88.63
2025-10-31 14:45:00;100.86
2025-10-31 15:00:00;55.91
2025-10-31 15:15:00;61.17
2025-10-31 15:30:00;66.63
2025-10-31 15:45:00;72.28
2025-10-31 16:00:00;65.00
2025-10-31 16:15:00;70.39
2025-10-31 16:30:00;64.46
2025-10-31 16:45:00;67.03
2025-10-31 17:00:00;68.22
2025-10-31 17:15:00;61.95
2025-10-31 17:30:00;64.60
2025-10-31 17:45:00;52.10
2025-10-31 18:00:00;73.37
2025-10-31 18:15:00;51.21
2025-10-31 18:30:00;64.21
2025-10-31 18:45:00;65.76
2025-10-31 19:00:00;62.63
2025-10-31 19:15:00;45.28
2025-10-31 19:30:00;63.19
2025-10-31 19:45:00;57.72
2025-10-31 20:00:00;80.00
2025-10-31 20:15:00;76.65
2025-10-31 20:30:00;67.29
2025-10-31 20:45:00;58.91
2025-10-31 21:00:00;78.29
2025-10-31 21:15:00;74.57
2025-10-31 21:30:00;64.77
2025-10-31 21:45:00;58.95
2025-10-31 22:00:00;71.50
2025-10-31 22:15:00;66.02
2025-10-31 22:30:00;67.41
2025-10-31 22:45:00;59.93
2025-10-31 23:00:00;75.00
2025-10-31 23:15:00;56.27
2025-10-31 23:30:00;46.05
2025-10-31 23:45:00;31.86
2025-11-01 00:00:00;39.60
2025-11-01 00:15:00;39.74
2025-11-01 00:30:00;28.97
2025-11-01 00:45:00;22.43
2025-11-01 01:00:00;31.43
2025-11-01 01:15:00;25.00
2025-11-01 01:30:00;19.71
2025-11-01 01:45:00;11.98
2025-11-01 02:00:00;18.73
2025-11-01 02:15:00;13.20
2025-11-01 02:30:00;16.92
2025-11-01 02:45:00;13.48
2025-11-01 03:00:00;13.45
2025-11-01 03:15:00;11.27
2025-11-01 03:30:00;11.02
2025-11-01 03:45:00;8.27
2025-11-01 04:00:00;13.26
2025-11-01 04:15:00;8.90
2025-11-01 04:30:00;8.01
2025-11-01 04:45:00;9.14
2025-11-01 05:00:00;7.00
2025-11-01 05:15:00;5.94
2025-11-01 05:30:00;6.32
2025-11-01 05:45:00;6.77
2025-11-01 06:00:00;10.77
2025-11-01 06:15:00;8.24
2025-11-01 06:30:00;8.64
2025-11-01 06:45:00;7.76
2025-11-01 07:00:00;10.45
2025-11-01 07:15:00;10.00
2025-11-01 07:30:00;14.56
2025-11-01 07:45:00;18.99
2025-11-01 08:00:00;26.30
2025-11-01 08:15:00;23.47
2025-11-01 08:30:00;17.30
2025-11-01 08:45:00;14.40
2025-11-01 09:00:00;38.93
2025-11-01 09:15:00;26.08
2025-11-01 09:30:00;19.78
2025-11-01 09:45:00;13.21
2025-11-01 10:00:00;23.72
2025-11-01 10:15:00;18.08
2025-11-01 10:30:00;16.40
2025-11-01 10:45:00;15.00
2025-11-01 11:00:00;15.00
2025-11-01 11:15:00;15.06
2025-11-01 11:30:00;15.00
2025-11-01 11:45:00;17.97
2025-11-01 12:00:00;14.85
2025-11-01 12:15:00;18.00
2025-11-01 12:30:00;24.78
2025-11-01 12:45:00;26.43
2025-11-01 13:00:00;20.25
2025-11-01 13:15:00;21.30
2025-11-01 13:30:00;25.65
2025-11-01 13:45:00;26.47
2025-11-01 14:00:00;36.15
2025-11-01 14:15:00;45.15
2025-11-01 14:30:00;46.56
2025-11-01 14:45:00;48.20
2025-11-01 15:00:00;28.43
2025-11-01 15:15:00;32.73
2025-11-01 15:30:00;36.51
2025-11-01 15:45:00;44.35
2025-11-01 16:00:00;40.00
2025-11-01 16:15:00;65.00
2025-11-01 16:30:00;73.38
2025-11-01 16:45:00;77.39
2025-11-01 17:00:00;70.55
2025-11-01 17:15:00;78.16
2025-11-01 17:30:00;85.46
2025-11-01 17:45:00;86.32
2025-11-01 18:00:00;85.04
2025-11-01 18:15:00;88.16
2025-11-01 18:30:00;90.15
2025-11-01 18:45:00;86.09
2025-11-01 19:00:00;85.46
2025-11-01 19:15:00;88.43
2025-11-01 19:30:00;83.12
2025-11-01 19:45:00;76.33
2025-11-01 20:00:00;79.07
2025-11-01 20:15:00;80.99
2025-11-01 20:30:00;72.06
2025-11-01 20:45:00;62.92
2025-11-01 21:00:00;72.81
2025-11-01 21:15:00;71.23
2025-11-01 21:30:00;66.69
2025-11-01 21:45:00;63.79
2025-11-01 22:00:00;69.96
2025-11-01 22:15:00;72.61
2025-11-01 22:30:00;79.04
2025-11-01 22:45:00;70.16
2025-11-01 23:00:00;77.12
2025-11-01 23:15:00;69.99
2025-11-01 23:30:00;68.49
2025-11-01 23:45:00;61.80
2025-11-02 00:00:00;48.30
2025-11-02 00:15:00;58.56
2025-11-02 00:30:00;50.76
2025-11-02 00:45:00;47.20
2025-11-02 01:00:00;52.86
2025-11-02 01:15:00;47.89
2025-11-02 01:30:00;50.39
2025-11-02 01:45:00;46.48
2025-11-02 02:00:00;51.90
2025-11-02 02:15:00;47.75
2025-11-02 02:30:00;49.44
2025-11-02 02:45:00;46.70
2025-11-02 03:00:00;50.60
2025-11-02 03:15:00;47.90
2025-11-02 03:30:00;50.19
2025-11-02 03:45:00;47.54
2025-11-02 04:00:00;48.49
2025-11-02 04:15:00;49.38
2025-11-02 04:30:00;49.70
2025-11-02 04:45:00;56.94
2025-11-02 05:00:00;53.10
2025-11-02 05:15:00;56.66
2025-11-02 05:30:00;49.37
2025-11-02 05:45:00;53.44
2025-11-02 06:00:00;50.38
2025-11-02 06:15:00;54.61
2025-11-02 06:30:00;57.57
2025-11-02 06:45:00;60.33
2025-11-02 07:00:00;60.90
2025-11-02 07:15:00;57.38
2025-11-02 07:30:00;57.60
2025-11-02 07:45:00;57.41
2025-11-02 08:00:00;68.84
2025-11-02 08:15:00;64.45
2025-11-02 08:30:00;57.17
2025-11-02 08:45:00;54.67
2025-11-02 09:00:00;70.27
2025-11-02 09:15:00;59.12
2025-11-02 09:30:00;58.11
2025-11-02 09:45:00;51.34
2025-11-02 10:00:00;64.59
2025-11-02 10:15:00;58.22
2025-11-02 10:30:00;54.68
2025-11-02 10:45:00;51.50
2025-11-02 11:00:00;57.68
2025-11-02 11:15:00;55.26
2025-11-02 11:30:00;54.22
2025-11-02 11:45:00;54.43
2025-11-02 12:00:00;55.18
2025-11-02 12:15:00;55.12
2025-11-02 12:30:00;58.53
2025-11-02 12:45:00;60.22
2025-11-02 13:00:00;59.84
2025-11-02 13:15:00;59.49
2025-11-02 13:30:00;62.93
2025-11-02 13:45:00;66.15
2025-11-02 14:00:00;60.65
2025-11-02 14:15:00;64.07
2025-11-02 14:30:00;70.80
2025-11-02 14:45:00;76.30
2025-11-02 15:00:00;69.50
2025-11-02 15:15:00;78.48
2025-11-02 15:30:00;83.55
2025-11-02 15:45:00;97.07
2025-11-02 16:00:00;73.38
2025-11-02 16:15:00;80.93
2025-11-02 16:30:00;86.66
2025-11-02 16:45:00;98.79
2025-11-02 17:00:00;65.45
2025-11-02 17:15:00;76.45
2025-11-02 17:30:00;90.00
2025-11-02 17:45:00;99.99
2025-11-02 18:00:00;97.23
2025-11-02 18:15:00;101.24
2025-11-02 18:30:00;100.06
2025-11-02 18:45:00;100.00
2025-11-02 19:00:00;113.67
2025-11-02 19:15:00;108.62
2025-11-02 19:30:00;95.68
2025-11-02 19:45:00;82.26
2025-11-02 20:00:00;89.75
2025-11-02 20:15:00;98.46
2025-11-02 20:30:00;80.00
2025-11-02 20:45:00;69.22
2025-11-02 21:00:00;83.66
2025-11-02 21:15:00;75.58
2025-11-02 21:30:00;74.69
2025-11-02 21:45:00;74.73
2025-11-02 22:00:00;76.44
2025-11-02 22:15:00;78.24
2025-11-02 22:30:00;82.76
2025-11-02 22:45:00;73.75
2025-11-02 23:00:00;87.33
2025-11-02 23:15:00;70.30
2025-11-02 23:30:00;75.08
2025-11-02 23:45:00;58.95
2025-11-03 00:00:00;75.54
2025-11-03 00:15:00;78.35
2025-11-03 00:30:00;51.79
2025-11-03 00:45:00;38.87
2025-11-03 01:00:00;61.07
2025-11-03 01:15:00;53.09
2025-11-03 01:30:00;45.52
2025-11-03 01:45:00;51.14
2025-11-03 02:00:00;65.07
2025-11-03 02:15:00;52.84
2025-11-03 02:30:00;45.64
2025-11-03 02:45:00;40.94
2025-11-03 03:00:00;42.81
2025-11-03 03:15:00;41.23
2025-11-03 03:30:00;40.90
2025-11-03 03:45:00;41.78
2025-11-03 04:00:00;44.36
2025-11-03 04:15:00;36.50
2025-11-03 04:30:00;35.26
2025-11-03 04:45:00;41.84
2025-11-03 05:00:00;35.45
2025-11-03 05:15:00;42.79
2025-11-03 05:30:00;44.81
2025-11-03 05:45:00;47.81
2025-11-03 06:00:00;38.53
2025-11-03 06:15:00;54.80
2025-11-03 06:30:00;57.43
2025-11-03 06:45:00;71.79
2025-11-03 07:00:00;89.74
2025-11-03 07:15:00;87.80
2025-11-03 07:30:00;90.00
2025-11-03 07:45:00;79.38
2025-11-03 08:00:00;139.87
2025-11-03 08:15:00;106.42
2025-11-03 08:30:00;82.01
2025-11-03 08:45:00;66.53
2025-11-03 09:00:00;101.87
2025-11-03 09:15:00;88.28
2025-11-03 09:30:00;77.75
2025-11-03 09:45:00;63.22
2025-11-03 10:00:00;84.66
2025-11-03 10:15:00;67.61
2025-11-03 10:30:00;62.46
2025-11-03 10:45:00;56.98
2025-11-03 11:00:00;66.49
2025-11-03 11:15:00;62.40
2025-11-03 11:30:00;58.08
2025-11-03 11:45:00;60.06
2025-11-03 12:00:00;59.05
2025-11-03 12:15:00;56.84
2025-11-03 12:30:00;57.07
2025-11-03 12:45:00;57.50
2025-11-03 13:00:00;57.21
2025-11-03 13:15:00;60.01
2025-11-03 13:30:00;61.30
2025-11-03 13:45:00;60.69
2025-11-03 14:00:00;54.04
2025-11-03 14:15:00;56.73
2025-11-03 14:30:00;63.99
2025-11-03 14:45:00;78.90
2025-11-03 15:00:00;57.62
2025-11-03 15:15:00;72.85
2025-11-03 15:30:00;74.99
2025-11-03 15:45:00;85.23
2025-11-03 16:00:00;63.84
2025-11-03 16:15:00;70.55
2025-11-03 16:30:00;75.16
2025-11-03 16:45:00;93.00
2025-11-03 17:00:00;71.42
2025-11-03 17:15:00;87.84
2025-11-03 17:30:00;91.80
2025-11-03 17:45:00;95.30
2025-11-03 18:00:00;94.54
2025-11-03 18:15:00;91.25
2025-11-03 18:30:00;93.79
2025-11-03 18:45:00;92.69
2025-11-03 19:00:00;95.15
2025-11-03 19:15:00;89.98
2025-11-03 19:30:00;84.47
2025-11-03 19:45:00;68.79
2025-11-03 20:00:00;93.92
2025-11-03 20:15:00;73.62
2025-11-03 20:30:00;69.99
2025-11-03 20:45:00;59.43
2025-11-03 21:00:00;67.37
2025-11-03 21:15:00;58.66
2025-11-03 21:30:00;60.00
2025-11-03 21:45:00;50.33
2025-11-03 22:00:00;54.20
2025-11-03 22:15:00;56.03
2025-11-03 22:30:00;49.62
2025-11-03 22:45:00;43.61
2025-11-03 23:00:00;54.59
2025-11-03 23:15:00;28.79
2025-11-03 23:30:00;30.93
2025-11-03 23:45:00;9.86
2025-11-04 00:00:00;30.94
2025-11-04 00:15:00;15.22
2025-11-04 00:30:00;9.47
2025-11-04 00:45:00;6.97
2025-11-04 01:00:00;12.83
2025-11-04 01:15:00;8.93
2025-11-04 01:30:00;11.15
2025-11-04 01:45:00;8.40
2025-11-04 02:00:00;10.82
2025-11-04 02:15:00;4.12
2025-11-04 02:30:00;6.22
2025-11-04 02:45:00;2.43
2025-11-04 03:00:00;5.56
2025-11-04 03:15:00;7.00
2025-11-04 03:30:00;4.34
2025-11-04 03:45:00;1.75
2025-11-04 04:00:00;9.47
2025-11-04 04:15:00;7.44
2025-11-04 04:30:00;4.99
2025-11-04 04:45:00;10.01
2025-11-04 05:00:00;6.03
2025-11-04 05:15:00;26.15
2025-11-04 05:30:00;22.10
2025-11-04 05:45:00;49.17
2025-11-04 06:00:00;27.25
2025-11-04 06:15:00;50.07
2025-11-04 06:30:00;48.69
2025-11-04 06:45:00;69.99
2025-11-04 07:00:00;67.52
2025-11-04 07:15:00;88.94
2025-11-04 07:30:00;90.90
2025-11-04 07:45:00;67.06
2025-11-04 08:00:00;108.62
2025-11-04 08:15:00;99.55
2025-11-04 08:30:00;87.11
2025-11-04 08:45:00;55.51
2025-11-04 09:00:00;95.63
2025-11-04 09:15:00;84.68
2025-11-04 09:30:00;65.31
2025-11-04 09:45:00;48.78
2025-11-04 10:00:00;78.44
2025-11-04 10:15:00;60.00
2025-11-04 10:30:00;53.34
2025-11-04 10:45:00;47.78
2025-11-04 11:00:00;56.24
2025-11-04 11:15:00;52.41
2025-11-04 11:30:00;46.87
2025-11-04 11:45:00;44.66
2025-11-04 12:00:00;43.42
2025-11-04 12:15:00;44.04
2025-11-04 12:30:00;46.32
2025-11-04 12:45:00;50.75
2025-11-04 13:00:00;39.97
2025-11-04 13:15:00;51.73
2025-11-04 13:30:00;60.44
2025-11-04 13:45:00;69.68
2025-11-04 14:00:00;43.32
2025-11-04 14:15:00;56.89
2025-11-04 14:30:00;68.42
2025-11-04 14:45:00;78.98
2025-11-04 15:00:00;55.00
2025-11-04 15:15:00;74.84
2025-11-04 15:30:00;89.53
2025-11-04 15:45:00;128.91
2025-11-04 16:00:00;47.14
2025-11-04 16:15:00;61.30
2025-11-04 16:30:00;79.84
2025-11-04 16:45:00;90.99
2025-11-04 17:00:00;102.35
2025-11-04 17:15:00;104.50
2025-11-04 17:30:00;104.24
2025-11-04 17:45:00;104.82
2025-11-04 18:00:00;99.99
2025-11-04 18:15:00;90.39
2025-11-04 18:30:00;80.01
2025-11-04 18:45:00;74.01
2025-11-04 19:00:00;120.00
2025-11-04 19:15:00;89.02
2025-11-04 19:30:00;70.13
2025-11-04 19:45:00;41.65
2025-11-04 20:00:00;81.53
2025-11-04 20:15:00;67.27
2025-11-04 20:30:00;51.67
2025-11-04 20:45:00;44.55
2025-11-04 21:00:00;73.19
2025-11-04 21:15:00;55.45
2025-11-04 21:30:00;49.59
2025-11-04 21:45:00;38.05
2025-11-04 22:00:00;51.19
2025-11-04 22:15:00;54.69
2025-11-04 22:30:00;63.35
2025-11-04 22:45:00;59.07
2025-11-04 23:00:00;54.43
2025-11-04 23:15:00;46.82
2025-11-04 23:30:00;56.59
2025-11-04 23:45:00;41.11
2025-11-05 00:00:00;46.59
2025-11-05 00:15:00;48.30
2025-11-05 00:30:00;42.27
2025-11-05 00:45:00;37.29
2025-11-05 01:00:00;48.21
2025-11-05 01:15:00;43.74
2025-11-05 01:30:00;43.37
2025-11-05 01:45:00;39.57
2025-11-05 02:00:00;42.94
2025-11-05 02:15:00;41.77
2025-11-05 02:30:00;42.29
2025-11-05 02:45:00;41.31
2025-11-05 03:00:00;42.25
2025-11-05 03:15:00;42.04
2025-11-05 03:30:00;42.60
2025-11-05 03:45:00;38.00
2025-11-05 04:00:00;34.67
2025-11-05 04:15:00;34.79
2025-11-05 04:30:00;63.00
2025-11-05 04:45:00;65.71
2025-11-05 05:00:00;36.88
2025-11-05 05:15:00;44.48
2025-11-05 05:30:00;65.61
2025-11-05 05:45:00;75.10
2025-11-05 06:00:00;48.44
2025-11-05 06:15:00;52.69
2025-11-05 06:30:00;74.31
2025-11-05 06:45:00;86.16
2025-11-05 07:00:00;61.69
2025-11-05 07:15:00;76.02
2025-11-05 07:30:00;90.89
2025-11-05 07:45:00;85.00
2025-11-05 08:00:00;115.26
2025-11-05 08:15:00;92.64
2025-11-05 08:30:00;86.00
2025-11-05 08:45:00;60.65
2025-11-05 09:00:00;88.92
2025-11-05 09:15:00;72.42
2025-11-05 09:30:00;61.74
2025-11-05 09:45:00;55.51
2025-11-05 10:00:00;62.72
2025-11-05 10:15:00;53.34
2025-11-05 10:30:00;51.25
2025-11-05 10:45:00;48.29
2025-11-05 11:00:00;49.99
2025-11-05 11:15:00;46.96
2025-11-05 11:30:00;47.79
2025-11-05 11:45:00;51.53
2025-11-05 12:00:00;40.43
2025-11-05 12:15:00;48.78
2025-11-05 12:30:00;51.88
2025-11-05 12:45:00;55.71
2025-11-05 13:00:00;47.40
2025-11-05 13:15:00;54.62
2025-11-05 13:30:00;63.38
2025-11-05 13:45:00;72.05
2025-11-05 14:00:00;56.08
2025-11-05 14:15:00;70.85
2025-11-05 14:30:00;79.51
2025-11-05 14:45:00;91.64
2025-11-05 15:00:00;64.45
2025-11-05 15:15:00;86.83
2025-11-05 15:30:00;98.39
2025-11-05 15:45:00;113.10
2025-11-05 16:00:00;66.92
2025-11-05 16:15:00;74.94
2025-11-05 16:30:00;81.48
2025-11-05 16:45:00;110.00
2025-11-05 17:00:00;105.51
2025-11-05 17:15:00;125.00
2025-11-05 17:30:00;124.21
2025-11-05 17:45:00;113.63
2025-11-05 18:00:00;118.82
2025-11-05 18:15:00;110.16
2025-11-05 18:30:00;103.19
2025-11-05 18:45:00;97.26
2025-11-05 19:00:00;112.79
2025-11-05 19:15:00;103.18
2025-11-05 19:30:00;97.52
2025-11-05 19:45:00;84.98
2025-11-05 20:00:00;97.53
2025-11-05 20:15:00;90.00
2025-11-05 20:30:00;88.97
2025-11-05 20:45:00;83.94
2025-11-05 21:00:00;93.53
2025-11-05 21:15:00;86.95
2025-11-05 21:30:00;79.67
2025-11-05 21:45:00;66.28
2025-11-05 22:00:00;85.00
2025-11-05 22:15:00;76.52
2025-11-05 22:30:00;76.13
2025-11-05 22:45:00;68.74
2025-11-05 23:00:00;74.43
2025-11-05 23:15:00;66.21
2025-11-05 23:30:00;60.27
2025-11-05 23:45:00;50.69
2025-11-06 00:00:00;79.99
2025-11-06 00:15:00;77.07
2025-11-06 00:30:00;77.44
2025-11-06 00:45:00;74.87
2025-11-06 01:00:00;73.85
2025-11-06 01:15:00;71.20
2025-11-06 01:30:00;69.89
2025-11-06 01:45:00;67.76
2025-11-06 02:00:00;76.62
2025-11-06 02:15:00;74.99
2025-11-06 02:30:00;74.86
2025-11-06 02:45:00;75.17
2025-11-06 03:00:00;73.97
2025-11-06 03:15:00;73.31
2025-11-06 03:30:00;71.08
2025-11-06 03:45:00;71.72
2025-11-06 04:00:00;73.08
2025-11-06 04:15:00;72.49
2025-11-06 04:30:00;72.17
2025-11-06 04:45:00;74.00
2025-11-06 05:00:00;69.77
2025-11-06 05:15:00;71.31
2025-11-06 05:30:00;77.63
2025-11-06 05:45:00;81.69
2025-11-06 06:00:00;74.56
2025-11-06 06:15:00;94.15
2025-11-06 06:30:00;103.92
2025-11-06 06:45:00;123.62
2025-11-06 07:00:00;92.28
2025-11-06 07:15:00;101.50
2025-11-06 07:30:00;120.89
2025-11-06 07:45:00;110.94
2025-11-06 08:00:00;128.12
2025-11-06 08:15:00;120.92
2025-11-06 08:30:00;103.51
2025-11-06 08:45:00;90.70
2025-11-06 09:00:00;104.87
2025-11-06 09:15:00;97.00
2025-11-06 09:30:00;83.10
2025-11-06 09:45:00;73.32
2025-11-06 10:00:00;88.83
2025-11-06 10:15:00;83.22
2025-11-06 10:30:00;76.64
2025-11-06 10:45:00;74.00
2025-11-06 11:00:00;80.86
2025-11-06 11:15:00;81.66
2025-11-06 11:30:00;77.20
2025-11-06 11:45:00;79.33
2025-11-06 12:00:00;75.11
2025-11-06 12:15:00;76.34
2025-11-06 12:30:00;86.50
2025-11-06 12:45:00;83.68
2025-11-06 13:00:00;76.70
2025-11-06 13:15:00;77.54
2025-11-06 13:30:00;80.50
2025-11-06 13:45:00;86.96
2025-11-06 14:00:00;78.14
2025-11-06 14:15:00;91.43
2025-11-06 14:30:00;90.58
2025-11-06 14:45:00;108.64
2025-11-06 15:00:00;91.15
2025-11-06 15:15:00;100.71
2025-11-06 15:30:00;118.08
2025-11-06 15:45:00;162.07
2025-11-06 16:00:00;114.67
2025-11-06 16:15:00;137.43
2025-11-06 16:30:00;157.16
2025-11-06 16:45:00;173.76
2025-11-06 17:00:00;163.39
2025-11-06 17:15:00;161.15
2025-11-06 17:30:00;148.69
2025-11-06 17:45:00;138.29
2025-11-06 18:00:00;147.75
2025-11-06 18:15:00;138.80
2025-11-06 18:30:00;135.45
2025-11-06 18:45:00;127.63
2025-11-06 19:00:00;138.62
2025-11-06 19:15:00;127.95
2025-11-06 19:30:00;117.07
2025-11-06 19:45:00;119.02
2025-11-06 20:00:00;120.71
2025-11-06 20:15:00;116.76
2025-11-06 20:30:00;106.72
2025-11-06 20:45:00;102.21
2025-11-06 21:00:00;106.54
2025-11-06 21:15:00;101.24
2025-11-06 21:30:00;99.64
2025-11-06 21:45:00;89.15
2025-11-06 22:00:00;97.60
2025-11-06 22:15:00;92.09
2025-11-06 22:30:00;98.02
2025-11-06 22:45:00;92.65
2025-11-06 23:00:00;97.90
2025-11-06 23:15:00;92.05
2025-11-06 23:30:00;84.44
2025-11-06 23:45:00;75.79
2025-11-07 00:00:00;83.85
2025-11-07 00:15:00;81.14
2025-11-07 00:30:00;83.05
2025-11-07 00:45:00;78.53
2025-11-07 01:00:00;80.60
2025-11-07 01:15:00;78.84
2025-11-07 01:30:00;78.50
2025-11-07 01:45:00;77.19
2025-11-07 02:00:00;80.38
2025-11-07 02:15:00;78.08
2025-11-07 02:30:00;78.64
2025-11-07 02:45:00;76.65
2025-11-07 03:00:00;76.49
2025-11-07 03:15:00;75.16
2025-11-07 03:30:00;74.20
2025-11-07 03:45:00;74.48
2025-11-07 04:00:00;72.33
2025-11-07 04:15:00;73.57
2025-11-07 04:30:00;75.73
2025-11-07 04:45:00;76.42
2025-11-07 05:00:00;72.07
2025-11-07 05:15:00;76.59
2025-11-07 05:30:00;83.30
2025-11-07 05:45:00;88.83
2025-11-07 06:00:00;74.65
2025-11-07 06:15:00;91.85
2025-11-07 06:30:00;100.74
2025-11-07 06:45:00;98.13
2025-11-07 07:00:00;86.56
2025-11-07 07:15:00;99.98
2025-11-07 07:30:00;102.82
2025-11-07 07:45:00;106.18
2025-11-07 08:00:00;119.09
2025-11-07 08:15:00;111.57
2025-11-07 08:30:00;99.59
2025-11-07 08:45:00;86.90
2025-11-07 09:00:00;115.33
2025-11-07 09:15:00;106.10
2025-11-07 09:30:00;90.50
2025-11-07 09:45:00;81.99
2025-11-07 10:00:00;92.22
2025-11-07 10:15:00;85.97
2025-11-07 10:30:00;80.35
2025-11-07 10:45:00;77.15
2025-11-07 11:00:00;81.68
2025-11-07 11:15:00;79.21
2025-11-07 11:30:00;79.33
2025-11-07 11:45:00;76.66
2025-11-07 12:00:00;78.16
2025-11-07 12:15:00;77.10
2025-11-07 12:30:00;78.52
2025-11-07 12:45:00;78.99
2025-11-07 13:00:00;76.31
2025-11-07 13:15:00;77.99
2025-11-07 13:30:00;79.60
2025-11-07 13:45:00;81.92
2025-11-07 14:00:00;71.32
2025-11-07 14:15:00;85.91
2025-11-07 14:30:00;92.05
2025-11-07 14:45:00;107.08
2025-11-07 15:00:00;82.17
2025-11-07 15:15:00;98.52
2025-11-07 15:30:00;99.99
2025-11-07 15:45:00;105.66
2025-11-07 16:00:00;87.47
2025-11-07 16:15:00;99.00
2025-11-07 16:30:00;115.62
2025-11-07 16:45:00;136.78
2025-11-07 17:00:00;118.73
2025-11-07 17:15:00;128.28
2025-11-07 17:30:00;129.51
2025-11-07 17:45:00;132.58
2025-11-07 18:00:00;122.37
2025-11-07 18:15:00;118.68
2025-11-07 18:30:00;122.92
2025-11-07 18:45:00;124.77
2025-11-07 19:00:00;121.68
2025-11-07 19:15:00;120.32
2025-11-07 19:30:00;113.10
2025-11-07 19:45:00;112.58
2025-11-07 20:00:00;108.77
2025-11-07 20:15:00;97.42
2025-11-07 20:30:00;92.67
2025-11-07 20:45:00;90.58
2025-11-07 21:00:00;99.74
2025-11-07 21:15:00;92.10
2025-11-07 21:30:00;87.82
2025-11-07 21:45:00;82.68
2025-11-07 22:00:00;100.72
2025-11-07 22:15:00;99.78
2025-11-07 22:30:00;92.68
2025-11-07 22:45:00;86.11
2025-11-07 23:00:00;96.03
2025-11-07 23:15:00;90.21
2025-11-07 23:30:00;84.37
2025-11-07 23:45:00;78.61
2025-11-08 00:00:00;96.29
2025-11-08 00:15:00;93.70
2025-11-08 00:30:00;82.97
2025-11-08 00:45:00;81.02
2025-11-08 01:00:00;89.99
2025-11-08 01:15:00;84.55
2025-11-08 01:30:00;84.03
2025-11-08 01:45:00;81.49
2025-11-08 02:00:00;83.67
2025-11-08 02:15:00;81.51
2025-11-08 02:30:00;81.85
2025-11-08 02:45:00;80.83
2025-11-08 03:00:00;82.34
2025-11-08 03:15:00;81.72
2025-11-08 03:30:00;80.24
2025-11-08 03:45:00;76.82
2025-11-08 04:00:00;78.08
2025-11-08 04:15:00;78.41
2025-11-08 04:30:00;78.54
2025-11-08 04:45:00;77.93
2025-11-08 05:00:00;77.19
2025-11-08 05:15:00;77.15
2025-11-08 05:30:00;78.04
2025-11-08 05:45:00;80.13
2025-11-08 06:00:00;75.97
2025-11-08 06:15:00;79.47
2025-11-08 06:30:00;86.80
2025-11-08 06:45:00;89.77
2025-11-08 07:00:00;87.41
2025-11-08 07:15:00;89.59
2025-11-08 07:30:00;92.81
2025-11-08 07:45:00;92.00
2025-11-08 08:00:00;95.94
2025-11-08 08:15:00;93.75
2025-11-08 08:30:00;87.46
2025-11-08 08:45:00;81.14
2025-11-08 09:00:00;96.68
2025-11-08 09:15:00;90.52
2025-11-08 09:30:00;91.00
2025-11-08 09:45:00;83.51
2025-11-08 10:00:00;99.58
2025-11-08 10:15:00;93.12
2025-11-08 10:30:00;86.89
2025-11-08 10:45:00;79.68
2025-11-08 11:00:00;85.43
2025-11-08 11:15:00;86.10
2025-11-08 11:30:00;80.13
2025-11-08 11:45:00;86.97
2025-11-08 12:00:00;83.15
2025-11-08 12:15:00;84.28
2025-11-08 12:30:00;85.66
2025-11-08 12:45:00;82.56
2025-11-08 13:00:00;83.45
2025-11-08 13:15:00;80.00
2025-11-08 13:30:00;81.76
2025-11-08 13:45:00;83.47
2025-11-08 14:00:00;79.23
2025-11-08 14:15:00;81.86
2025-11-08 14:30:00;84.01
2025-11-08 14:45:00;96.16
2025-11-08 15:00:00;79.26
2025-11-08 15:15:00;89.17
2025-11-08 15:30:00;104.15
2025-11-08 15:45:00;114.85
2025-11-08 16:00:00;87.49
2025-11-08 16:15:00;99.04
2025-11-08 16:30:00;104.40
2025-11-08 16:45:00;123.35
2025-11-08 17:00:00;103.59
2025-11-08 17:15:00;117.53
2025-11-08 17:30:00;121.83
2025-11-08 17:45:00;126.27
2025-11-08 18:00:00;110.07
2025-11-08 18:15:00;110.05
2025-11-08 18:30:00;112.90
2025-11-08 18:45:00;114.96
2025-11-08 19:00:00;108.99
2025-11-08 19:15:00;109.02
2025-11-08 19:30:00;108.56
2025-11-08 19:45:00;102.88
2025-11-08 20:00:00;121.16
2025-11-08 20:15:00;115.44
2025-11-08 20:30:00;111.89
2025-11-08 20:45:00;103.65
2025-11-08 21:00:00;111.72
2025-11-08 21:15:00;108.82
2025-11-08 21:30:00;99.23
2025-11-08 21:45:00;93.23
2025-11-08 22:00:00;100.00
2025-11-08 22:15:00;99.04
2025-11-08 22:30:00;97.82
2025-11-08 22:45:00;93.97
2025-11-08 23:00:00;97.18
2025-11-08 23:15:00;92.72
2025-11-08 23:30:00;89.09
2025-11-08 23:45:00;83.95
2025-11-09 00:00:00;93.68
2025-11-09 00:15:00;86.84
2025-11-09 00:30:00;87.85
2025-11-09 00:45:00;85.71
2025-11-09 01:00:00;90.43
2025-11-09 01:15:00;85.91
2025-11-09 01:30:00;83.27
2025-11-09 01:45:00;81.70
2025-11-09 02:00:00;85.25
2025-11-09 02:15:00;82.78
2025-11-09 02:30:00;81.26
2025-11-09 02:45:00;80.01
2025-11-09 03:00:00;80.95
2025-11-09 03:15:00;80.10
2025-11-09 03:30:00;79.84
2025-11-09 03:45:00;79.99
2025-11-09 04:00:00;80.00
2025-11-09 04:15:00;79.48
2025-11-09 04:30:00;80.39
2025-11-09 04:45:00;81.76
2025-11-09 05:00:00;81.64
2025-11-09 05:15:00;81.16
2025-11-09 05:30:00;82.12
2025-11-09 05:45:00;80.41
2025-11-09 06:00:00;81.11
2025-11-09 06:15:00;80.48
2025-11-09 06:30:00;83.67
2025-11-09 06:45:00;83.99
2025-11-09 07:00:00;83.81
2025-11-09 07:15:00;81.41
2025-11-09 07:30:00;85.63
2025-11-09 07:45:00;86.83
2025-11-09 08:00:00;90.68
2025-11-09 08:15:00;92.93
2025-11-09 08:30:00;90.31
2025-11-09 08:45:00;85.47
2025-11-09 09:00:00;93.49
2025-11-09 09:15:00;85.60
2025-11-09 09:30:00;85.48
2025-11-09 09:45:00;77.79
2025-11-09 10:00:00;90.00
2025-11-09 10:15:00;81.18
2025-11-09 10:30:00;83.67
2025-11-09 10:45:00;76.82
2025-11-09 11:00:00;88.45
2025-11-09 11:15:00;83.19
2025-11-09 11:30:00;80.40
2025-11-09 11:45:00;78.11
2025-11-09 12:00:00;83.44
2025-11-09 12:15:00;80.06
2025-11-09 12:30:00;87.18
2025-11-09 12:45:00;83.28
2025-11-09 13:00:00;87.29
2025-11-09 13:15:00;83.43
2025-11-09 13:30:00;72.05
2025-11-09 13:45:00;71.48
2025-11-09 14:00:00;71.39
2025-11-09 14:15:00;71.33
2025-11-09 14:30:00;75.55
2025-11-09 14:45:00;89.81
2025-11-09 15:00:00;72.79
2025-11-09 15:15:00;84.86
2025-11-09 15:30:00;83.82
2025-11-09 15:45:00;93.01
2025-11-09 16:00:00;84.85
2025-11-09 16:15:00;95.73
2025-11-09 16:30:00;100.42
2025-11-09 16:45:00;107.43
2025-11-09 17:00:00;103.72
2025-11-09 17:15:00;113.44
2025-11-09 17:30:00;119.69
2025-11-09 17:45:00;124.77
2025-11-09 18:00:00;115.70
2025-11-09 18:15:00;118.84
2025-11-09 18:30:00;120.06
2025-11-09 18:45:00;119.97
2025-11-09 19:00:00;118.48
2025-11-09 19:15:00;118.16
2025-11-09 19:30:00;112.73
2025-11-09 19:45:00;109.68
2025-11-09 20:00:00;114.84
2025-11-09 20:15:00;108.90
2025-11-09 20:30:00;96.29
2025-11-09 20:45:00;83.22
2025-11-09 21:00:00;97.11
2025-11-09 21:15:00;84.10
2025-11-09 21:30:00;92.38
2025-11-09 21:45:00;84.87
2025-11-09 22:00:00;96.96
2025-11-09 22:15:00;91.22
2025-11-09 22:30:00;88.86
2025-11-09 22:45:00;81.70
2025-11-09 23:00:00;89.19
2025-11-09 23:15:00;83.12
2025-11-09 23:30:00;86.35
2025-11-09 23:45:00;80.21
2025-11-10 00:00:00;84.88
2025-11-10 00:15:00;85.26
2025-11-10 00:30:00;70.71
2025-11-10 00:45:00;67.34
2025-11-10 01:00:00;78.91
2025-11-10 01:15:00;75.28
2025-11-10 01:30:00;71.53
2025-11-10 01:45:00;70.35
2025-11-10 02:00:00;80.11
2025-11-10 02:15:00;73.03
2025-11-10 02:30:00;73.57
2025-11-10 02:45:00;69.01
2025-11-10 03:00:00;72.27
2025-11-10 03:15:00;70.77
2025-11-10 03:30:00;72.16
2025-11-10 03:45:00;69.60
2025-11-10 04:00:00;68.86
2025-11-10 04:15:00;69.31
2025-11-10 04:30:00;70.65
2025-11-10 04:45:00;74.95
2025-11-10 05:00:00;68.07
2025-11-10 05:15:00;71.88
2025-11-10 05:30:00;77.75
2025-11-10 05:45:00;82.60
2025-11-10 06:00:00;52.87
2025-11-10 06:15:00;65.04
2025-11-10 06:30:00;74.85
2025-11-10 06:45:00;104.15
2025-11-10 07:00:00;60.72
2025-11-10 07:15:00;89.30
2025-11-10 07:30:00;100.00
2025-11-10 07:45:00;97.20
2025-11-10 08:00:00;105.05
2025-11-10 08:15:00;88.60
2025-11-10 08:30:00;94.18
2025-11-10 08:45:00;67.60
2025-11-10 09:00:00;117.21
2025-11-10 09:15:00;91.81
2025-11-10 09:30:00;68.63
2025-11-10 09:45:00;58.84
2025-11-10 10:00:00;117.91
2025-11-10 10:15:00;84.88
2025-11-10 10:30:00;70.05
2025-11-10 10:45:00;47.57
2025-11-10 11:00:00;100.00
2025-11-10 11:15:00;72.04
2025-11-10 11:30:00;66.66
2025-11-10 11:45:00;51.30
2025-11-10 12:00:00;92.48
2025-11-10 12:15:00;73.79
2025-11-10 12:30:00;74.85
2025-11-10 12:45:00;79.00
2025-11-10 13:00:00;68.58
2025-11-10 13:15:00;75.66
2025-11-10 13:30:00;87.24
2025-11-10 13:45:00;92.44
2025-11-10 14:00:00;70.05
2025-11-10 14:15:00;86.45
2025-11-10 14:30:00;99.99
2025-11-10 14:45:00;114.08
2025-11-10 15:00:00;88.95
2025-11-10 15:15:00;97.75
2025-11-10 15:30:00;111.88
2025-11-10 15:45:00;137.11
2025-11-10 16:00:00;75.83
2025-11-10 16:15:00;84.32
2025-11-10 16:30:00;89.89
2025-11-10 16:45:00;96.19
2025-11-10 17:00:00;93.64
2025-11-10 17:15:00;86.14
2025-11-10 17:30:00;93.47
2025-11-10 17:45:00;96.40
2025-11-10 18:00:00;97.24
2025-11-10 18:15:00;92.21
2025-11-10 18:30:00;89.99
2025-11-10 18:45:00;93.26
2025-11-10 19:00:00;119.99
2025-11-10 19:15:00;97.54
2025-11-10 19:30:00;88.67
2025-11-10 19:45:00;88.29
2025-11-10 20:00:00;89.70
2025-11-10 20:15:00;92.37
2025-11-10 20:30:00;83.26
2025-11-10 20:45:00;82.79
2025-11-10 21:00:00;88.39
2025-11-10 21:15:00;84.31
2025-11-10 21:30:00;80.28
2025-11-10 21:45:00;79.96
2025-11-10 22:00:00;86.22
2025-11-10 22:15:00;82.99
2025-11-10 22:30:00;77.61
2025-11-10 22:45:00;75.26
2025-11-10 23:00:00;81.23
2025-11-10 23:15:00;74.58
2025-11-10 23:30:00;74.99
2025-11-10 23:45:00;64.21
2025-11-11 00:00:00;88.20
2025-11-11 00:15:00;78.76
2025-11-11 00:30:00;61.93
2025-11-11 00:45:00;57.97
2025-11-11 01:00:00;80.72
2025-11-11 01:15:00;65.98
2025-11-11 01:30:00;67.53
2025-11-11 01:45:00;55.90
2025-11-11 02:00:00;68.29
2025-11-11 02:15:00;64.24
2025-11-11 02:30:00;64.84
2025-11-11 02:45:00;62.24
2025-11-11 03:00:00;62.63
2025-11-11 03:15:00;65.07
2025-11-11 03:30:00;62.75
2025-11-11 03:45:00;60.10
2025-11-11 04:00:00;60.29
2025-11-11 04:15:00;58.64
2025-11-11 04:30:00;60.23
2025-11-11 04:45:00;65.05
2025-11-11 05:00:00;58.05
2025-11-11 05:15:00;60.46
2025-11-11 05:30:00;63.11
2025-11-11 05:45:00;68.94
2025-11-11 06:00:00;62.85
2025-11-11 06:15:00;64.54
2025-11-11 06:30:00;73.55
2025-11-11 06:45:00;83.24
2025-11-11 07:00:00;79.79
2025-11-11 07:15:00;83.02
2025-11-11 07:30:00;89.22
2025-11-11 07:45:00;85.32
2025-11-11 08:00:00;98.99
2025-11-11 08:15:00;91.59
2025-11-11 08:30:00;92.03
2025-11-11 08:45:00;82.48
2025-11-11 09:00:00;98.32
2025-11-11 09:15:00;82.99
2025-11-11 09:30:00;85.73
2025-11-11 09:45:00;74.25
2025-11-11 10:00:00;91.36
2025-11-11 10:15:00;75.41
2025-11-11 10:30:00;70.05
2025-11-11 10:45:00;65.22
2025-11-11 11:00:00;75.97
2025-11-11 11:15:00;72.23
2025-11-11 11:30:00;69.49
2025-11-11 11:45:00;66.61
2025-11-11 12:00:00;66.98
2025-11-11 12:15:00;65.75
2025-11-11 12:30:00;68.08
2025-11-11 12:45:00;71.98
2025-11-11 13:00:00;65.72
2025-11-11 13:15:00;67.90
2025-11-11 13:30:00;70.00
2025-11-11 13:45:00;75.58
2025-11-11 14:00:00;66.45
2025-11-11 14:15:00;71.78
2025-11-11 14:30:00;80.00
2025-11-11 14:45:00;91.76
2025-11-11 15:00:00;43.88
2025-11-11 15:15:00;50.76
2025-11-11 15:30:00;60.08
2025-11-11 15:45:00;65.73
2025-11-11 16:00:00;57.98
2025-11-11 16:15:00;67.30
2025-11-11 16:30:00;76.60
2025-11-11 16:45:00;74.65
2025-11-11 17:00:00;71.67
2025-11-11 17:15:00;76.46
2025-11-11 17:30:00;76.04
2025-11-11 17:45:00;84.47
2025-11-11 18:00:00;75.67
2025-11-11 18:15:00;83.07
2025-11-11 18:30:00;80.23
2025-11-11 18:45:00;80.00
2025-11-11 19:00:00;67.43
2025-11-11 19:15:00;54.04
2025-11-11 19:30:00;56.24
2025-11-11 19:45:00;40.87
2025-11-11 20:00:00;88.23
2025-11-11 20:15:00;81.63
2025-11-11 20:30:00;77.50
2025-11-11 20:45:00;64.96
2025-11-11 21:00:00;85.32
2025-11-11 21:15:00;77.06
2025-11-11 21:30:00;74.54
2025-11-11 21:45:00;66.40
2025-11-11 22:00:00;88.12
2025-11-11 22:15:00;74.73
2025-11-11 22:30:00;73.24
2025-11-11 22:45:00;58.23
2025-11-11 23:00:00;72.06
2025-11-11 23:15:00;62.63
2025-11-11 23:30:00;62.47
2025-11-11 23:45:00;46.15
2025-11-12 00:00:00;80.00
2025-11-12 00:15:00;63.05
2025-11-12 00:30:00;56.32
2025-11-12 00:45:00;45.35
2025-11-12 01:00:00;58.94
2025-11-12 01:15:00;55.00
2025-11-12 01:30:00;51.20
2025-11-12 01:45:00;43.31
2025-11-12 02:00:00;53.63
2025-11-12 02:15:00;51.69
2025-11-12 02:30:00;45.34
2025-11-12 02:45:00;45.20
2025-11-12 03:00:00;48.72
2025-11-12 03:15:00;46.96
2025-11-12 03:30:00;44.94
2025-11-12 03:45:00;43.82
2025-11-12 04:00:00;43.87
2025-11-12 04:15:00;46.02
2025-11-12 04:30:00;46.44
2025-11-12 04:45:00;52.02
2025-11-12 05:00:00;47.41
2025-11-12 05:15:00;47.94
2025-11-12 05:30:00;58.51
2025-11-12 05:45:00;57.71
2025-11-12 06:00:00;40.00
2025-11-12 06:15:00;55.41
2025-11-12 06:30:00;61.66
2025-11-12 06:45:00;81.88
2025-11-12 07:00:00;95.27
2025-11-12 07:15:00;98.72
2025-11-12 07:30:00;100.08
2025-11-12 07:45:00;94.98
2025-11-12 08:00:00;119.55
2025-11-12 08:15:00;98.40
2025-11-12 08:30:00;91.86
2025-11-12 08:45:00;52.19
2025-11-12 09:00:00;95.30
2025-11-12 09:15:00;71.87
2025-11-12 09:30:00;60.32
2025-11-12 09:45:00;43.60
2025-11-12 10:00:00;73.90
2025-11-12 10:15:00;60.33
2025-11-12 10:30:00;56.59
2025-11-12 10:45:00;43.83
2025-11-12 11:00:00;56.93
2025-11-12 11:15:00;46.31
2025-11-12 11:30:00;44.06
2025-11-12 11:45:00;43.03
2025-11-12 12:00:00;42.80
2025-11-12 12:15:00;44.83
2025-11-12 12:30:00;48.84
2025-11-12 12:45:00;57.28
2025-11-12 13:00:00;43.50
2025-11-12 13:15:00;51.75
2025-11-12 13:30:00;65.72
2025-11-12 13:45:00;72.87
2025-11-12 14:00:00;50.97
2025-11-12 14:15:00;47.87
2025-11-12 14:30:00;66.21
2025-11-12 14:45:00;101.84
2025-11-12 15:00:00;56.71
2025-11-12 15:15:00;78.33
2025-11-12 15:30:00;103.03
2025-11-12 15:45:00;115.65
2025-11-12 16:00:00;81.02
2025-11-12 16:15:00;93.93
2025-11-12 16:30:00;96.74
2025-11-12 16:45:00;106.29
2025-11-12 17:00:00;100.72
2025-11-12 17:15:00;103.84
2025-11-12 17:30:00;103.70
2025-11-12 17:45:00;94.73
2025-11-12 18:00:00;98.04
2025-11-12 18:15:00;99.00
2025-11-12 18:30:00;90.00
2025-11-12 18:45:00;90.00
2025-11-12 19:00:00;92.19
2025-11-12 19:15:00;83.44
2025-11-12 19:30:00;78.84
2025-11-12 19:45:00;70.61
2025-11-12 20:00:00;74.99
2025-11-12 20:15:00;74.33
2025-11-12 20:30:00;79.64
2025-11-12 20:45:00;57.45
2025-11-12 21:00:00;87.25
2025-11-12 21:15:00;69.76
2025-11-12 21:30:00;56.00
2025-11-12 21:45:00;43.13
2025-11-12 22:00:00;87.91
2025-11-12 22:15:00;68.70
2025-11-12 22:30:00;58.13
2025-11-12 22:45:00;50.77
2025-11-12 23:00:00;62.39
2025-11-12 23:15:00;55.08
2025-11-12 23:30:00;47.65
2025-11-12 23:45:00;34.96
2025-11-13 00:00:00;34.72
2025-11-13 00:15:00;26.83
2025-11-13 00:30:00;23.72
2025-11-13 00:45:00;17.06
2025-11-13 01:00:00;22.99
2025-11-13 01:15:00;18.56
2025-11-13 01:30:00;16.75
2025-11-13 01:45:00;13.73
2025-11-13 02:00:00;13.33
2025-11-13 02:15:00;12.71
2025-11-13 02:30:00;8.03
2025-11-13 02:45:00;6.93
2025-11-13 03:00:00;8.05
2025-11-13 03:15:00;7.02
2025-11-13 03:30:00;6.82
2025-11-13 03:45:00;5.32
2025-11-13 04:00:00;4.56
2025-11-13 04:15:00;3.96
2025-11-13 04:30:00;5.88
2025-11-13 04:45:00;9.16
2025-11-13 05:00:00;7.43
2025-11-13 05:15:00;14.10
2025-11-13 05:30:00;29.42
2025-11-13 05:45:00;43.30
2025-11-13 06:00:00;20.90
2025-11-13 06:15:00;31.74
2025-11-13 06:30:00;40.01
2025-11-13 06:45:00;48.13
2025-11-13 07:00:00;47.08
2025-11-13 07:15:00;66.64
2025-11-13 07:30:00;76.26
2025-11-13 07:45:00;75.42
2025-11-13 08:00:00;69.67
2025-11-13 08:15:00;70.95
2025-11-13 08:30:00;69.53
2025-11-13 08:45:00;65.62
2025-11-13 09:00:00;78.21
2025-11-13 09:15:00;67.20
2025-11-13 09:30:00;58.66
2025-11-13 09:45:00;54.53
2025-11-13 10:00:00;72.03
2025-11-13 10:15:00;59.59
2025-11-13 10:30:00;54.24
2025-11-13 10:45:00;49.87
2025-11-13 11:00:00;52.91
2025-11-13 11:15:00;47.26
2025-11-13 11:30:00;51.75
2025-11-13 11:45:00;59.91
2025-11-13 12:00:00;50.27
2025-11-13 12:15:00;54.54
2025-11-13 12:30:00;63.58
2025-11-13 12:45:00;69.17
2025-11-13 13:00:00;55.69
2025-11-13 13:15:00;57.60
2025-11-13 13:30:00;70.61
2025-11-13 13:45:00;81.46
2025-11-13 14:00:00;54.95
2025-11-13 14:15:00;67.23
2025-11-13 14:30:00;77.64
2025-11-13 14:45:00;99.09
2025-11-13 15:00:00;62.84
2025-11-13 15:15:00;75.19
2025-11-13 15:30:00;101.40
2025-11-13 15:45:00;123.08
2025-11-13 16:00:00;66.14
2025-11-13 16:15:00;99.23
2025-11-13 16:30:00;109.99
2025-11-13 16:45:00;135.70
2025-11-13 17:00:00;98.54
2025-11-13 17:15:00;109.86
2025-11-13 17:30:00;115.01
2025-11-13 17:45:00;122.42
2025-11-13 18:00:00;109.14
2025-11-13 18:15:00;111.41
2025-11-13 18:30:00;117.30
2025-11-13 18:45:00;122.31
2025-11-13 19:00:00;115.39
2025-11-13 19:15:00;113.84
2025-11-13 19:30:00;113.18
2025-11-13 19:45:00;109.38
2025-11-13 20:00:00;106.70
2025-11-13 20:15:00;94.88
2025-11-13 20:30:00;90.95
2025-11-13 20:45:00;100.54
2025-11-13 21:00:00;110.80
2025-11-13 21:15:00;105.44
2025-11-13 21:30:00;92.66
2025-11-13 21:45:00;79.96
2025-11-13 22:00:00;106.70
2025-11-13 22:15:00;95.23
2025-11-13 22:30:00;86.51
2025-11-13 22:45:00;81.44
2025-11-13 23:00:00;96.49
2025-11-13 23:15:00;89.85
2025-11-13 23:30:00;81.48
2025-11-13 23:45:00;69.13
2025-11-14 00:00:00;79.69
2025-11-14 00:15:00;77.47
2025-11-14 00:30:00;80.26
2025-11-14 00:45:00;79.37
2025-11-14 01:00:00;78.73
2025-11-14 01:15:00;74.49
2025-11-14 01:30:00;78.89
2025-11-14 01:45:00;76.32
2025-11-14 02:00:00;77.96
2025-11-14 02:15:00;76.66
2025-11-14 02:30:00;75.67
2025-11-14 02:45:00;68.40
2025-11-14 03:00:00;71.49
2025-11-14 03:15:00;70.09
2025-11-14 03:30:00;69.91
2025-11-14 03:45:00;72.64
2025-11-14 04:00:00;68.06
2025-11-14 04:15:00;69.02
2025-11-14 04:30:00;71.34
2025-11-14 04:45:00;74.13
2025-11-14 05:00:00;74.17
2025-11-14 05:15:00;71.97
2025-11-14 05:30:00;68.26
2025-11-14 05:45:00;72.43
2025-11-14 06:00:00;76.12
2025-11-14 06:15:00;88.04
2025-11-14 06:30:00;91.20
2025-11-14 06:45:00;101.34
2025-11-14 07:00:00;79.53
2025-11-14 07:15:00;68.27
2025-11-14 07:30:00;89.33
2025-11-14 07:45:00;85.26
2025-11-14 08:00:00;120.00
2025-11-14 08:15:00;111.29
2025-11-14 08:30:00;98.47
2025-11-14 08:45:00;98.36
2025-11-14 09:00:00;112.64
2025-11-14 09:15:00;101.69
2025-11-14 09:30:00;96.55
2025-11-14 09:45:00;86.94
2025-11-14 10:00:00;102.00
2025-11-14 10:15:00;92.97
2025-11-14 10:30:00;84.77
2025-11-14 10:45:00;83.12
2025-11-14 11:00:00;89.99
2025-11-14 11:15:00;87.23
2025-11-14 11:30:00;85.28
2025-11-14 11:45:00;82.95
2025-11-14 12:00:00;83.82
2025-11-14 12:15:00;82.43
2025-11-14 12:30:00;82.24
2025-11-14 12:45:00;84.26
2025-11-14 13:00:00;83.19
2025-11-14 13:15:00;82.66
2025-11-14 13:30:00;85.70
2025-11-14 13:45:00;91.03
2025-11-14 14:00:00;84.17
2025-11-14 14:15:00;90.66
2025-11-14 14:30:00;85.46
2025-11-14 14:45:00;95.00
2025-11-14 15:00:00;80.00
2025-11-14 15:15:00;89.93
2025-11-14 15:30:00;94.99
2025-11-14 15:45:00;99.56
2025-11-14 16:00:00;74.91
2025-11-14 16:15:00;79.99
2025-11-14 16:30:00;92.65
2025-11-14 16:45:00;102.09
2025-11-14 17:00:00;57.54
2025-11-14 17:15:00;64.41
2025-11-14 17:30:00;79.31
2025-11-14 17:45:00;78.90
2025-11-14 18:00:00;80.38
2025-11-14 18:15:00;74.77
2025-11-14 18:30:00;86.18
2025-11-14 18:45:00;99.76
2025-11-14 19:00:00;92.77
2025-11-14 19:15:00;80.83
2025-11-14 19:30:00;73.94
2025-11-14 19:45:00;68.59
2025-11-14 20:00:00;75.64
2025-11-14 20:15:00;69.45
2025-11-14 20:30:00;59.86
2025-11-14 20:45:00;52.62
2025-11-14 21:00:00;59.15
2025-11-14 21:15:00;51.99
2025-11-14 21:30:00;54.16
2025-11-14 21:45:00;52.37
2025-11-14 22:00:00;70.00
2025-11-14 22:15:00;72.49
2025-11-14 22:30:00;79.17
2025-11-14 22:45:00;72.20
2025-11-14 23:00:00;84.42
2025-11-14 23:15:00;71.90
2025-11-14 23:30:00;61.19
2025-11-14 23:45:00;50.03
2025-11-15 00:00:00;72.71
2025-11-15 00:15:00;65.54
2025-11-15 00:30:00;64.49
2025-11-15 00:45:00;53.47
2025-11-15 01:00:00;68.31
2025-11-15 01:15:00;65.76
2025-11-15 01:30:00;61.63
2025-11-15 01:45:00;57.13
2025-11-15 02:00:00;65.79
2025-11-15 02:15:00;61.68
2025-11-15 02:30:00;60.13
2025-11-15 02:45:00;54.55
2025-11-15 03:00:00;60.21
2025-11-15 03:15:00;55.13
2025-11-15 03:30:00;59.14
2025-11-15 03:45:00;57.79
2025-11-15 04:00:00;64.86
2025-11-15 04:15:00;61.18
2025-11-15 04:30:00;54.82
2025-11-15 04:45:00;55.14
2025-11-15 05:00:00;53.84
2025-11-15 05:15:00;53.93
2025-11-15 05:30:00;55.11
2025-11-15 05:45:00;62.91
2025-11-15 06:00:00;44.11
2025-11-15 06:15:00;53.13
2025-11-15 06:30:00;56.40
2025-11-15 06:45:00;65.38
2025-11-15 07:00:00;61.85
2025-11-15 07:15:00;62.43
2025-11-15 07:30:00;64.03
2025-11-15 07:45:00;64.43
2025-11-15 08:00:00;66.31
2025-11-15 08:15:00;67.28
2025-11-15 08:30:00;73.24
2025-11-15 08:45:00;75.29
2025-11-15 09:00:00;77.77
2025-11-15 09:15:00;75.00
2025-11-15 09:30:00;78.01
2025-11-15 09:45:00;73.33
2025-11-15 10:00:00;79.26
2025-11-15 10:15:00;74.55
2025-11-15 10:30:00;71.91
2025-11-15 10:45:00;72.49
2025-11-15 11:00:00;73.90
2025-11-15 11:15:00;71.80
2025-11-15 11:30:00;73.43
2025-11-15 11:45:00;72.35
2025-11-15 12:00:00;70.15
2025-11-15 12:15:00;69.97
2025-11-15 12:30:00;75.00
2025-11-15 12:45:00;76.90
2025-11-15 13:00:00;72.84
2025-11-15 13:15:00;76.60
2025-11-15 13:30:00;76.73
2025-11-15 13:45:00;79.65
2025-11-15 14:00:00;75.57
2025-11-15 14:15:00;76.76
2025-11-15 14:30:00;79.20
2025-11-15 14:45:00;91.80
2025-11-15 15:00:00;81.46
2025-11-15 15:15:00;90.00
2025-11-15 15:30:00;79.46
2025-11-15 15:45:00;94.40
2025-11-15 16:00:00;95.19
2025-11-15 16:15:00;90.39
2025-11-15 16:30:00;95.57
2025-11-15 16:45:00;102.95
2025-11-15 17:00:00;100.00
2025-11-15 17:15:00;111.80
2025-11-15 17:30:00;106.12
2025-11-15 17:45:00;106.28
2025-11-15 18:00:00;107.35
2025-11-15 18:15:00;110.22
2025-11-15 18:30:00;107.95
2025-11-15 18:45:00;103.62
2025-11-15 19:00:00;104.04
2025-11-15 19:15:00;97.76
2025-11-15 19:30:00;102.05
2025-11-15 19:45:00;96.15
2025-11-15 20:00:00;95.56
2025-11-15 20:15:00;106.30
2025-11-15 20:30:00;96.63
2025-11-15 20:45:00;85.70
2025-11-15 21:00:00;91.82
2025-11-15 21:15:00;89.10
2025-11-15 21:30:00;87.59
2025-11-15 21:45:00;81.79
2025-11-15 22:00:00;93.01
2025-11-15 22:15:00;87.19
2025-11-15 22:30:00;85.03
2025-11-15 22:45:00;80.95
2025-11-15 23:00:00;89.94
2025-11-15 23:15:00;85.01
2025-11-15 23:30:00;83.33
2025-11-15 23:45:00;74.52
2025-11-16 00:00:00;83.63
2025-11-16 00:15:00;79.99
2025-11-16 00:30:00;77.36
2025-11-16 00:45:00;76.75
2025-11-16 01:00:00;81.16
2025-11-16 01:15:00;75.84
2025-11-16 01:30:00;79.44
2025-11-16 01:45:00;76.10
2025-11-16 02:00:00;76.90
2025-11-16 02:15:00;71.99
2025-11-16 02:30:00;77.50
2025-11-16 02:45:00;77.25
2025-11-16 03:00:00;79.38
2025-11-16 03:15:00;77.04
2025-11-16 03:30:00;73.27
2025-11-16 03:45:00;71.48
2025-11-16 04:00:00;73.34
2025-11-16 04:15:00;71.43
2025-11-16 04:30:00;70.64
2025-11-16 04:45:00;70.41
2025-11-16 05:00:00;78.60
2025-11-16 05:15:00;73.13
2025-11-16 05:30:00;72.25
2025-11-16 05:45:00;70.92
2025-11-16 06:00:00;67.19
2025-11-16 06:15:00;71.18
2025-11-16 06:30:00;70.82
2025-11-16 06:45:00;70.12
2025-11-16 07:00:00;71.59
2025-11-16 07:15:00;80.81
2025-11-16 07:30:00;73.24
2025-11-16 07:45:00;79.67
2025-11-16 08:00:00;79.74
2025-11-16 08:15:00;79.55
2025-11-16 08:30:00;80.20
2025-11-16 08:45:00;76.78
2025-11-16 09:00:00;82.19
2025-11-16 09:15:00;80.78
2025-11-16 09:30:00;78.50
2025-11-16 09:45:00;80.81
2025-11-16 10:00:00;80.19
2025-11-16 10:15:00;78.55
2025-11-16 10:30:00;73.81
2025-11-16 10:45:00;77.81
2025-11-16 11:00:00;80.44
2025-11-16 11:15:00;83.35
2025-11-16 11:30:00;81.23
2025-11-16 11:45:00;83.03
2025-11-16 12:00:00;89.43
2025-11-16 12:15:00;86.58
2025-11-16 12:30:00;92.71
2025-11-16 12:45:00;89.99
2025-11-16 13:00:00;89.00
2025-11-16 13:15:00;82.06
2025-11-16 13:30:00;80.94
2025-11-16 13:45:00;82.56
2025-11-16 14:00:00;77.02
2025-11-16 14:15:00;85.64
2025-11-16 14:30:00;88.01
2025-11-16 14:45:00;92.61
2025-11-16 15:00:00;82.83
2025-11-16 15:15:00;88.41
2025-11-16 15:30:00;89.83
2025-11-16 15:45:00;100.01
2025-11-16 16:00:00;89.77
2025-11-16 16:15:00;95.07
2025-11-16 16:30:00;98.38
2025-11-16 16:45:00;108.39
2025-11-16 17:00:00;101.86
2025-11-16 17:15:00;109.15
2025-11-16 17:30:00;113.35
2025-11-16 17:45:00;116.46
2025-11-16 18:00:00;101.26
2025-11-16 18:15:00;111.75
2025-11-16 18:30:00;112.43
2025-11-16 18:45:00;112.48
2025-11-16 19:00:00;110.50
2025-11-16 19:15:00;108.13
2025-11-16 19:30:00;107.93
2025-11-16 19:45:00;101.19
2025-11-16 20:00:00;103.95
2025-11-16 20:15:00;96.36
2025-11-16 20:30:00;95.53
2025-11-16 20:45:00;90.00
2025-11-16 21:00:00;91.26
2025-11-16 21:15:00;83.55
2025-11-16 21:30:00;83.24
2025-11-16 21:45:00;76.21
2025-11-16 22:00:00;87.61
2025-11-16 22:15:00;87.05
2025-11-16 22:30:00;86.67
2025-11-16 22:45:00;86.13
2025-11-16 23:00:00;92.02
2025-11-16 23:15:00;80.08
2025-11-16 23:30:00;78.66
2025-11-16 23:45:00;68.58
2025-11-17 00:00:00;86.16
2025-11-17 00:15:00;77.47
2025-11-17 00:30:00;76.87
2025-11-17 00:45:00;69.84
2025-11-17 01:00:00;80.87
2025-11-17 01:15:00;74.37
2025-11-17 01:30:00;72.96
2025-11-17 01:45:00;65.34
2025-11-17 02:00:00;73.54
2025-11-17 02:15:00;69.03
2025-11-17 02:30:00;63.92
2025-11-17 02:45:00;59.16
2025-11-17 03:00:00;67.91
2025-11-17 03:15:00;62.63
2025-11-17 03:30:00;60.86
2025-11-17 03:45:00;59.78
2025-11-17 04:00:00;61.88
2025-11-17 04:15:00;59.63
2025-11-17 04:30:00;57.75
2025-11-17 04:45:00;66.43
2025-11-17 05:00:00;60.30
2025-11-17 05:15:00;77.29
2025-11-17 05:30:00;80.81
2025-11-17 05:45:00;80.36
2025-11-17 06:00:00;71.96
2025-11-17 06:15:00;84.96
2025-11-17 06:30:00;80.43
2025-11-17 06:45:00;86.33
2025-11-17 07:00:00;111.97
2025-11-17 07:15:00;116.32
2025-11-17 07:30:00;116.58
2025-11-17 07:45:00;120.30
2025-11-17 08:00:00;132.13
2025-11-17 08:15:00;108.86
2025-11-17 08:30:00;109.57
2025-11-17 08:45:00;91.79
2025-11-17 09:00:00;120.73
2025-11-17 09:15:00;115.00
2025-11-17 09:30:00;109.26
2025-11-17 09:45:00;106.98
2025-11-17 10:00:00;116.44
2025-11-17 10:15:00;104.51
2025-11-17 10:30:00;96.29
2025-11-17 10:45:00;90.64
2025-11-17 11:00:00;87.59
2025-11-17 11:15:00;81.79
2025-11-17 11:30:00;79.80
2025-11-17 11:45:00;76.97
2025-11-17 12:00:00;78.40
2025-11-17 12:15:00;74.07
2025-11-17 12:30:00;73.64
2025-11-17 12:45:00;69.16
2025-11-17 13:00:00;67.50
2025-11-17 13:15:00;70.08
2025-11-17 13:30:00;70.56
2025-11-17 13:45:00;74.41
2025-11-17 14:00:00;74.22
2025-11-17 14:15:00;75.73
2025-11-17 14:30:00;75.68
2025-11-17 14:45:00;83.66
2025-11-17 15:00:00;74.58
2025-11-17 15:15:00;86.60
2025-11-17 15:30:00;92.07
2025-11-17 15:45:00;101.34
2025-11-17 16:00:00;103.51
2025-11-17 16:15:00;107.50
2025-11-17 16:30:00;106.69
2025-11-17 16:45:00;110.28
2025-11-17 17:00:00;107.50
2025-11-17 17:15:00;110.61
2025-11-17 17:30:00;113.06
2025-11-17 17:45:00;116.47
2025-11-17 18:00:00;116.09
2025-11-17 18:15:00;114.32
2025-11-17 18:30:00;115.85
2025-11-17 18:45:00;116.10
2025-11-17 19:00:00;114.59
2025-11-17 19:15:00;112.22
2025-11-17 19:30:00;108.72
2025-11-17 19:45:00;107.50
2025-11-17 20:00:00;107.98
2025-11-17 20:15:00;107.48
2025-11-17 20:30:00;104.68
2025-11-17 20:45:00;96.99
2025-11-17 21:00:00;101.99
2025-11-17 21:15:00;97.49
2025-11-17 21:30:00;92.50
2025-11-17 21:45:00;88.15
2025-11-17 22:00:00;99.50
2025-11-17 22:15:00;93.06
2025-11-17 22:30:00;90.01
2025-11-17 22:45:00;84.72
2025-11-17 23:00:00;89.65
2025-11-17 23:15:00;83.60
2025-11-17 23:30:00;78.39
2025-11-17 23:45:00;72.00
2025-11-18 00:00:00;89.07
2025-11-18 00:15:00;83.52
2025-11-18 00:30:00;83.22
2025-11-18 00:45:00;78.70
2025-11-18 01:00:00;85.39
2025-11-18 01:15:00;81.60
2025-11-18 01:30:00;80.37
2025-11-18 01:45:00;77.64
2025-11-18 02:00:00;79.19
2025-11-18 02:15:00;77.44
2025-11-18 02:30:00;77.23
2025-11-18 02:45:00;75.21
2025-11-18 03:00:00;76.99
2025-11-18 03:15:00;76.17
2025-11-18 03:30:00;75.73
2025-11-18 03:45:00;75.43
2025-11-18 04:00:00;74.46
2025-11-18 04:15:00;76.02
2025-11-18 04:30:00;78.78
2025-11-18 04:45:00;81.38
2025-11-18 05:00:00;74.84
2025-11-18 05:15:00;78.97
2025-11-18 05:30:00;81.89
2025-11-18 05:45:00;84.54
2025-11-18 06:00:00;85.76
2025-11-18 06:15:00;94.40
2025-11-18 06:30:00;92.99
2025-11-18 06:45:00;95.84
2025-11-18 07:00:00;102.89
2025-11-18 07:15:00;103.77
2025-11-18 07:30:00;111.32
2025-11-18 07:45:00;111.53
2025-11-18 08:00:00;138.09
2025-11-18 08:15:00;132.11
2025-11-18 08:30:00;120.94
2025-11-18 08:45:00;102.75
2025-11-18 09:00:00;133.83
2025-11-18 09:15:00;110.11
2025-11-18 09:30:00;96.85
2025-11-18 09:45:00;85.32
2025-11-18 10:00:00;100.45
2025-11-18 10:15:00;88.66
2025-11-18 10:30:00;87.16
2025-11-18 10:45:00;86.13
2025-11-18 11:00:00;84.29
2025-11-18 11:15:00;83.34
2025-11-18 11:30:00;84.39
2025-11-18 11:45:00;83.88
2025-11-18 12:00:00;85.18
2025-11-18 12:15:00;79.57
2025-11-18 12:30:00;86.06
2025-11-18 12:45:00;81.98
2025-11-18 13:00:00;85.33
2025-11-18 13:15:00;82.30
2025-11-18 13:30:00;83.72
2025-11-18 13:45:00;83.74
2025-11-18 14:00:00;81.78
2025-11-18 14:15:00;90.34
2025-11-18 14:30:00;89.64
2025-11-18 14:45:00;99.40
2025-11-18 15:00:00;94.64
2025-11-18 15:15:00;111.36
2025-11-18 15:30:00;119.50
2025-11-18 15:45:00;123.37
2025-11-18 16:00:00;110.76
2025-11-18 16:15:00;127.45
2025-11-18 16:30:00;132.98
2025-11-18 16:45:00;149.59
2025-11-18 17:00:00;132.37
2025-11-18 17:15:00;143.08
2025-11-18 17:30:00;142.77
2025-11-18 17:45:00;143.39
2025-11-18 18:00:00;143.93
2025-11-18 18:15:00;140.83
2025-11-18 18:30:00;138.98
2025-11-18 18:45:00;139.79
2025-11-18 19:00:00;134.73
2025-11-18 19:15:00;132.83
2025-11-18 19:30:00;130.97
2025-11-18 19:45:00;126.26
2025-11-18 20:00:00;120.02
2025-11-18 20:15:00;101.07
2025-11-18 20:30:00;103.11
2025-11-18 20:45:00;97.44
2025-11-18 21:00:00;100.00
2025-11-18 21:15:00;91.47
2025-11-18 21:30:00;94.60
2025-11-18 21:45:00;88.17
2025-11-18 22:00:00;102.36
2025-11-18 22:15:00;96.32
2025-11-18 22:30:00;100.10
2025-11-18 22:45:00;91.32
2025-11-18 23:00:00;97.35
2025-11-18 23:15:00;89.12
2025-11-18 23:30:00;88.85
2025-11-18 23:45:00;84.53
2025-11-19 00:00:00;91.46
2025-11-19 00:15:00;86.13
2025-11-19 00:30:00;85.72
2025-11-19 00:45:00;78.93
2025-11-19 01:00:00;86.85
2025-11-19 01:15:00;84.70
2025-11-19 01:30:00;87.12
2025-11-19 01:45:00;83.23
2025-11-19 02:00:00;85.77
2025-11-19 02:15:00;81.90
2025-11-19 02:30:00;81.37
2025-11-19 02:45:00;75.43
2025-11-19 03:00:00;81.29
2025-11-19 03:15:00;77.33
2025-11-19 03:30:00;75.95
2025-11-19 03:45:00;73.11
2025-11-19 04:00:00;79.86
2025-11-19 04:15:00;78.14
2025-11-19 04:30:00;78.38
2025-11-19 04:45:00;75.75
2025-11-19 05:00:00;78.84
2025-11-19 05:15:00;83.30
2025-11-19 05:30:00;86.04
2025-11-19 05:45:00;84.19
2025-11-19 06:00:00;87.99
2025-11-19 06:15:00;95.59
2025-11-19 06:30:00;86.04
2025-11-19 06:45:00;101.54
2025-11-19 07:00:00;106.26
2025-11-19 07:15:00;109.73
2025-11-19 07:30:00;109.06
2025-11-19 07:45:00;116.40
2025-11-19 08:00:00;149.92
2025-11-19 08:15:00;136.43
2025-11-19 08:30:00;127.96
2025-11-19 08:45:00;112.28
2025-11-19 09:00:00;125.20
2025-11-19 09:15:00;114.04
2025-11-19 09:30:00;110.20
2025-11-19 09:45:00;96.31
2025-11-19 10:00:00;108.49
2025-11-19 10:15:00;97.02
2025-11-19 10:30:00;93.75
2025-11-19 10:45:00;88.22
2025-11-19 11:00:00;93.35
2025-11-19 11:15:00;88.92
2025-11-19 11:30:00;85.79
2025-11-19 11:45:00;85.16
2025-11-19 12:00:00;87.14
2025-11-19 12:15:00;84.16
2025-11-19 12:30:00;85.54
2025-11-19 12:45:00;84.10
2025-11-19 13:00:00;84.41
2025-11-19 13:15:00;84.03
2025-11-19 13:30:00;88.86
2025-11-19 13:45:00;92.98
2025-11-19 14:00:00;83.74
2025-11-19 14:15:00;94.54
2025-11-19 14:30:00;99.63
2025-11-19 14:45:00;109.20
2025-11-19 15:00:00;97.97
2025-11-19 15:15:00;111.73
2025-11-19 15:30:00;107.98
2025-11-19 15:45:00;117.70
2025-11-19 16:00:00;111.52
2025-11-19 16:15:00;116.91
2025-11-19 16:30:00;122.00
2025-11-19 16:45:00;122.00
2025-11-19 17:00:00;115.00
2025-11-19 17:15:00;120.75
2025-11-19 17:30:00;124.82
2025-11-19 17:45:00;129.67
2025-11-19 18:00:00;115.00
2025-11-19 18:15:00;117.34
2025-11-19 18:30:00;120.90
2025-11-19 18:45:00;120.84
2025-11-19 19:00:00;119.51
2025-11-19 19:15:00;116.44
2025-11-19 19:30:00;118.34
2025-11-19 19:45:00;120.83
2025-11-19 20:00:00;119.18
2025-11-19 20:15:00;107.60
2025-11-19 20:30:00;100.53
2025-11-19 20:45:00;92.17
2025-11-19 21:00:00;100.35
2025-11-19 21:15:00;100.67
2025-11-19 21:30:00;96.81
2025-11-19 21:45:00;90.33
2025-11-19 22:00:00;96.78
2025-11-19 22:15:00;98.15
2025-11-19 22:30:00;101.53
2025-11-19 22:45:00;95.61
2025-11-19 23:00:00;95.75
2025-11-19 23:15:00;93.48
2025-11-19 23:30:00;90.19
2025-11-19 23:45:00;88.12
2025-11-20 00:00:00;92.34
2025-11-20 00:15:00;91.51
2025-11-20 00:30:00;87.27
2025-11-20 00:45:00;84.58
2025-11-20 01:00:00;86.81
2025-11-20 01:15:00;85.47
2025-11-20 01:30:00;84.57
2025-11-20 01:45:00;83.63
2025-11-20 02:00:00;85.28
2025-11-20 02:15:00;84.35
2025-11-20 02:30:00;83.45
2025-11-20 02:45:00;83.04
2025-11-20 03:00:00;83.24
2025-11-20 03:15:00;83.85
2025-11-20 03:30:00;83.31
2025-11-20 03:45:00;83.17
2025-11-20 04:00:00;82.24
2025-11-20 04:15:00;82.64
2025-11-20 04:30:00;83.99
2025-11-20 04:45:00;86.27
2025-11-20 05:00:00;86.05
2025-11-20 05:15:00;90.16
2025-11-20 05:30:00;87.94
2025-11-20 05:45:00;90.16
2025-11-20 06:00:00;88.75
2025-11-20 06:15:00;91.94
2025-11-20 06:30:00;97.69
2025-11-20 06:45:00;107.85
2025-11-20 07:00:00;116.70
2025-11-20 07:15:00;117.30
2025-11-20 07:30:00;122.45
2025-11-20 07:45:00;128.57
2025-11-20 08:00:00;138.17
2025-11-20 08:15:00;139.15
2025-11-20 08:30:00;130.11
2025-11-20 08:45:00;122.72
2025-11-20 09:00:00;147.11
2025-11-20 09:15:00;123.99
2025-11-20 09:30:00;131.07
2025-11-20 09:45:00;131.59
2025-11-20 10:00:00;162.55
2025-11-20 10:15:00;131.48
2025-11-20 10:30:00;124.19
2025-11-20 10:45:00;110.12
2025-11-20 11:00:00;123.93
2025-11-20 11:15:00;120.07
2025-11-20 11:30:00;121.55
2025-11-20 11:45:00;116.27
2025-11-20 12:00:00;123.55
2025-11-20 12:15:00;117.15
2025-11-20 12:30:00;118.84
2025-11-20 12:45:00;113.89
2025-11-20 13:00:00;114.27
2025-11-20 13:15:00;116.62
2025-11-20 13:30:00;116.16
2025-11-20 13:45:00;119.60
2025-11-20 14:00:00;117.97
2025-11-20 14:15:00;123.42
2025-11-20 14:30:00;126.11
2025-11-20 14:45:00;133.37
2025-11-20 15:00:00;120.59
2025-11-20 15:15:00;135.50
2025-11-20 15:30:00;135.11
2025-11-20 15:45:00;157.83
2025-11-20 16:00:00;119.14
2025-11-20 16:15:00;135.55
2025-11-20 16:30:00;143.49
2025-11-20 16:45:00;151.67
2025-11-20 17:00:00;145.82
2025-11-20 17:15:00;163.79
2025-11-20 17:30:00;162.64
2025-11-20 17:45:00;161.10
2025-11-20 18:00:00;160.76
2025-11-20 18:15:00;158.47
2025-11-20 18:30:00;159.67
2025-11-20 18:45:00;158.32
2025-11-20 19:00:00;166.70
2025-11-20 19:15:00;156.79
2025-11-20 19:30:00;150.39
2025-11-20 19:45:00;140.58
2025-11-20 20:00:00;141.59
2025-11-20 20:15:00;136.42
2025-11-20 20:30:00;129.26
2025-11-20 20:45:00;116.66
2025-11-20 21:00:00;118.13
2025-11-20 21:15:00;114.30
2025-11-20 21:30:00;108.85
2025-11-20 21:45:00;104.20
2025-11-20 22:00:00;113.19
2025-11-20 22:15:00;109.05
2025-11-20 22:30:00;104.94
2025-11-20 22:45:00;100.10
2025-11-20 23:00:00;105.10
2025-11-20 23:15:00;93.49
2025-11-20 23:30:00;90.00
2025-11-20 23:45:00;85.56
2025-11-21 00:00:00;104.01
2025-11-21 00:15:00;99.92
2025-11-21 00:30:00;94.13
2025-11-21 00:45:00;88.14
2025-11-21 01:00:00;99.90
2025-11-21 01:15:00;94.79
2025-11-21 01:30:00;90.00
2025-11-21 01:45:00;85.91
2025-11-21 02:00:00;93.99
2025-11-21 02:15:00;88.69
2025-11-21 02:30:00;87.92
2025-11-21 02:45:00;85.87
2025-11-21 03:00:00;90.00
2025-11-21 03:15:00;89.03
2025-11-21 03:30:00;87.23
2025-11-21 03:45:00;86.37
2025-11-21 04:00:00;87.84
2025-11-21 04:15:00;87.78
2025-11-21 04:30:00;89.22
2025-11-21 04:45:00;95.15
2025-11-21 05:00:00;92.33
2025-11-21 05:15:00;93.73
2025-11-21 05:30:00;99.98
2025-11-21 05:45:00;108.91
2025-11-21 06:00:00;91.26
2025-11-21 06:15:00;96.79
2025-11-21 06:30:00;113.70
2025-11-21 06:45:00;143.95
2025-11-21 07:00:00;125.39
2025-11-21 07:15:00;161.24
2025-11-21 07:30:00;174.10
2025-11-21 07:45:00;200.00
2025-11-21 08:00:00;211.27
2025-11-21 08:15:00;223.39
2025-11-21 08:30:00;200.00
2025-11-21 08:45:00;158.90
2025-11-21 09:00:00;220.00
2025-11-21 09:15:00;190.16
2025-11-21 09:30:00;168.12
2025-11-21 09:45:00;120.38
2025-11-21 10:00:00;168.50
2025-11-21 10:15:00;144.39
2025-11-21 10:30:00;131.76
2025-11-21 10:45:00;111.26
2025-11-21 11:00:00;138.51
2025-11-21 11:15:00;125.92
2025-11-21 11:30:00;121.76
2025-11-21 11:45:00;116.53
2025-11-21 12:00:00;128.59
2025-11-21 12:15:00;120.86
2025-11-21 12:30:00;123.54
2025-11-21 12:45:00;123.52
2025-11-21 13:00:00;125.69
2025-11-21 13:15:00;124.89
2025-11-21 13:30:00;120.35
2025-11-21 13:45:00;136.16
2025-11-21 14:00:00;111.21
2025-11-21 14:15:00;133.49
2025-11-21 14:30:00;153.56
2025-11-21 14:45:00;158.79
2025-11-21 15:00:00;134.34
2025-11-21 15:15:00;142.51
2025-11-21 15:30:00;147.20
2025-11-21 15:45:00;198.44
2025-11-21 16:00:00;131.25
2025-11-21 16:15:00;163.44
2025-11-21 16:30:00;184.01
2025-11-21 16:45:00;250.00
2025-11-21 17:00:00;199.12
2025-11-21 17:15:00;209.42
2025-11-21 17:30:00;204.73
2025-11-21 17:45:00;201.07
2025-11-21 18:00:00;189.02
2025-11-21 18:15:00;184.19
2025-11-21 18:30:00;191.39
2025-11-21 18:45:00;181.91
2025-11-21 19:00:00;167.06
2025-11-21 19:15:00;166.06
2025-11-21 19:30:00;167.70
2025-11-21 19:45:00;162.51
2025-11-21 20:00:00;163.41
2025-11-21 20:15:00;147.44
2025-11-21 20:30:00;123.98
2025-11-21 20:45:00;116.21
2025-11-21 21:00:00;127.24
2025-11-21 21:15:00;116.58
2025-11-21 21:30:00;110.42
2025-11-21 21:45:00;102.77
2025-11-21 22:00:00;112.18
2025-11-21 22:15:00;109.78
2025-11-21 22:30:00;100.59
2025-11-21 22:45:00;96.97
2025-11-21 23:00:00;114.23
2025-11-21 23:15:00;95.00
2025-11-21 23:30:00;90.37
2025-11-21 23:45:00;86.06
2025-11-22 00:00:00;117.20
2025-11-22 00:15:00;103.43
2025-11-22 00:30:00;91.68
2025-11-22 00:45:00;85.73
2025-11-22 01:00:00;98.95
2025-11-22 01:15:00;92.59
2025-11-22 01:30:00;92.22
2025-11-22 01:45:00;93.50
2025-11-22 02:00:00;90.37
2025-11-22 02:15:00;89.16
2025-11-22 02:30:00;87.23
2025-11-22 02:45:00;87.00
2025-11-22 03:00:00;86.64
2025-11-22 03:15:00;85.07
2025-11-22 03:30:00;85.49
2025-11-22 03:45:00;83.91
2025-11-22 04:00:00;82.19
2025-11-22 04:15:00;86.49
2025-11-22 04:30:00;85.43
2025-11-22 04:45:00;88.42
2025-11-22 05:00:00;86.37
2025-11-22 05:15:00;85.40
2025-11-22 05:30:00;85.91
2025-11-22 05:45:00;88.45
2025-11-22 06:00:00;85.86
2025-11-22 06:15:00;88.92
2025-11-22 06:30:00;94.00
2025-11-22 06:45:00;102.10
2025-11-22 07:00:00;104.20
2025-11-22 07:15:00;110.22
2025-11-22 07:30:00;113.32
2025-11-22 07:45:00;113.09
2025-11-22 08:00:00;121.10
2025-11-22 08:15:00;114.06
2025-11-22 08:30:00;96.70
2025-11-22 08:45:00;84.91
2025-11-22 09:00:00;115.24
2025-11-22 09:15:00;85.72
2025-11-22 09:30:00;86.07
2025-11-22 09:45:00;71.74
2025-11-22 10:00:00;87.85
2025-11-22 10:15:00;80.49
2025-11-22 10:30:00;81.53
2025-11-22 10:45:00;81.33
2025-11-22 11:00:00;80.73
2025-11-22 11:15:00;79.94
2025-11-22 11:30:00;79.71
2025-11-22 11:45:00;77.05
2025-11-22 12:00:00;77.30
2025-11-22 12:15:00;76.31
2025-11-22 12:30:00;77.51
2025-11-22 12:45:00;76.94
2025-11-22 13:00:00;75.28
2025-11-22 13:15:00;75.45
2025-11-22 13:30:00;76.69
2025-11-22 13:45:00;80.00
2025-11-22 14:00:00;78.81
2025-11-22 14:15:00;74.92
2025-11-22 14:30:00;78.39
2025-11-22 14:45:00;90.50
2025-11-22 15:00:00;78.91
2025-11-22 15:15:00;80.60
2025-11-22 15:30:00;93.39
2025-11-22 15:45:00;92.04
2025-11-22 16:00:00;98.74
2025-11-22 16:15:00;97.79
2025-11-22 16:30:00;97.98
2025-11-22 16:45:00;104.44
2025-11-22 17:00:00;105.05
2025-11-22 17:15:00;111.16
2025-11-22 17:30:00;110.42
2025-11-22 17:45:00;110.65
2025-11-22 18:00:00;112.92
2025-11-22 18:15:00;112.49
2025-11-22 18:30:00;105.55
2025-11-22 18:45:00;98.88
2025-11-22 19:00:00;104.11
2025-11-22 19:15:00;102.96
2025-11-22 19:30:00;99.93
2025-11-22 19:45:00;97.00
2025-11-22 20:00:00;92.45
2025-11-22 20:15:00;88.00
2025-11-22 20:30:00;89.54
2025-11-22 20:45:00;87.41
2025-11-22 21:00:00;99.76
2025-11-22 21:15:00;95.26
2025-11-22 21:30:00;90.53
2025-11-22 21:45:00;85.43
2025-11-22 22:00:00;95.09
2025-11-22 22:15:00;90.64
2025-11-22 22:30:00;89.71
2025-11-22 22:45:00;84.34
2025-11-22 23:00:00;87.99
2025-11-22 23:15:00;83.90
2025-11-22 23:30:00;82.64
2025-11-22 23:45:00;81.93
2025-11-23 00:00:00;95.06
2025-11-23 00:15:00;88.83
2025-11-23 00:30:00;75.00
2025-11-23 00:45:00;67.22
2025-11-23 01:00:00;81.22
2025-11-23 01:15:00;73.54
2025-11-23 01:30:00;71.46
2025-11-23 01:45:00;71.19
2025-11-23 02:00:00;74.84
2025-11-23 02:15:00;71.42
2025-11-23 02:30:00;68.69
2025-11-23 02:45:00;66.81
2025-11-23 03:00:00;65.18
2025-11-23 03:15:00;63.01
2025-11-23 03:30:00;63.38
2025-11-23 03:45:00;61.35
2025-11-23 04:00:00;62.74
2025-11-23 04:15:00;61.43
2025-11-23 04:30:00;60.66
2025-11-23 04:45:00;58.71
2025-11-23 05:00:00;63.89
2025-11-23 05:15:00;64.22
2025-11-23 05:30:00;65.00
2025-11-23 05:45:00;62.23
2025-11-23 06:00:00;59.66
2025-11-23 06:15:00;59.67
2025-11-23 06:30:00;61.02
2025-11-23 06:45:00;62.35
2025-11-23 07:00:00;63.26
2025-11-23 07:15:00;66.62
2025-11-23 07:30:00;66.22
2025-11-23 07:45:00;67.90
2025-11-23 08:00:00;72.00
2025-11-23 08:15:00;68.49
2025-11-23 08:30:00;69.85
2025-11-23 08:45:00;63.78
2025-11-23 09:00:00;70.40
2025-11-23 09:15:00;67.06
2025-11-23 09:30:00;68.14
2025-11-23 09:45:00;63.39
2025-11-23 10:00:00;70.79
2025-11-23 10:15:00;70.22
2025-11-23 10:30:00;64.67
2025-11-23 10:45:00;64.84
2025-11-23 11:00:00;66.12
2025-11-23 11:15:00;68.76
2025-11-23 11:30:00;68.69
2025-11-23 11:45:00;70.45
2025-11-23 12:00:00;67.96
2025-11-23 12:15:00;68.64
2025-11-23 12:30:00;69.66
2025-11-23 12:45:00;69.99
2025-11-23 13:00:00;70.73
2025-11-23 13:15:00;66.29
2025-11-23 13:30:00;63.70
2025-11-23 13:45:00;64.14
2025-11-23 14:00:00;66.53
2025-11-23 14:15:00;67.60
2025-11-23 14:30:00;70.59
2025-11-23 14:45:00;71.97
2025-11-23 15:00:00;68.48
2025-11-23 15:15:00;73.37
2025-11-23 15:30:00;80.31
2025-11-23 15:45:00;80.87
2025-11-23 16:00:00;79.56
2025-11-23 16:15:00;76.56
2025-11-23 16:30:00;75.63
2025-11-23 16:45:00;82.34
2025-11-23 17:00:00;77.51
2025-11-23 17:15:00;81.89
2025-11-23 17:30:00;86.80
2025-11-23 17:45:00;90.12
2025-11-23 18:00:00;87.19
2025-11-23 18:15:00;83.91
2025-11-23 18:30:00;83.75
2025-11-23 18:45:00;91.91
2025-11-23 19:00:00;89.21
2025-11-23 19:15:00;87.94
2025-11-23 19:30:00;83.75
2025-11-23 19:45:00;80.91
2025-11-23 20:00:00;85.00
2025-11-23 20:15:00;80.93
2025-11-23 20:30:00;77.72
2025-11-23 20:45:00;73.04
2025-11-23 21:00:00;78.61
2025-11-23 21:15:00;74.45
2025-11-23 21:30:00;72.68
2025-11-23 21:45:00;70.67
2025-11-23 22:00:00;74.45
2025-11-23 22:15:00;73.41
2025-11-23 22:30:00;73.76
2025-11-23 22:45:00;70.69
2025-11-23 23:00:00;70.17
2025-11-23 23:15:00;68.10
2025-11-23 23:30:00;69.57
2025-11-23 23:45:00;65.39
2025-11-24 00:00:00;80.12
2025-11-24 00:15:00;71.38
2025-11-24 00:30:00;67.68
2025-11-24 00:45:00;66.16
2025-11-24 01:00:00;69.42
2025-11-24 01:15:00;67.81
2025-11-24 01:30:00;68.15
2025-11-24 01:45:00;67.15
2025-11-24 02:00:00;67.65
2025-11-24 02:15:00;68.88
2025-11-24 02:30:00;69.12
2025-11-24 02:45:00;67.71
2025-11-24 03:00:00;67.20
2025-11-24 03:15:00;66.14
2025-11-24 03:30:00;66.76
2025-11-24 03:45:00;65.22
2025-11-24 04:00:00;62.41
2025-11-24 04:15:00;64.35
2025-11-24 04:30:00;62.39
2025-11-24 04:45:00;70.29
2025-11-24 05:00:00;68.67
2025-11-24 05:15:00;67.60
2025-11-24 05:30:00;76.06
2025-11-24 05:45:00;84.08
2025-11-24 06:00:00;74.74
2025-11-24 06:15:00;85.88
2025-11-24 06:30:00;90.85
2025-11-24 06:45:00;102.57
2025-11-24 07:00:00;88.78
2025-11-24 07:15:00;95.45
2025-11-24 07:30:00;95.12
2025-11-24 07:45:00;94.84
2025-11-24 08:00:00;102.20
2025-11-24 08:15:00;95.05
2025-11-24 08:30:00;96.61
2025-11-24 08:45:00;102.68
2025-11-24 09:00:00;99.60
2025-11-24 09:15:00;98.79
2025-11-24 09:30:00;112.20
2025-11-24 09:45:00;110.49
2025-11-24 10:00:00;113.18
2025-11-24 10:15:00;110.01
2025-11-24 10:30:00;113.42
2025-11-24 10:45:00;117.32
2025-11-24 11:00:00;117.82
2025-11-24 11:15:00;118.91
2025-11-24 11:30:00;121.89
2025-11-24 11:45:00;121.05
2025-11-24 12:00:00;113.16
2025-11-24 12:15:00;118.50
2025-11-24 12:30:00;124.60
2025-11-24 12:45:00;132.27
2025-11-24 13:00:00;122.14
2025-11-24 13:15:00;129.83
2025-11-24 13:30:00;134.35
2025-11-24 13:45:00;142.68
2025-11-24 14:00:00;141.36
2025-11-24 14:15:00;156.11
2025-11-24 14:30:00;124.99
2025-11-24 14:45:00;137.53
2025-11-24 15:00:00;105.83
2025-11-24 15:15:00;124.99
2025-11-24 15:30:00;140.00
2025-11-24 15:45:00;174.78
2025-11-24 16:00:00;108.90
2025-11-24 16:15:00;128.77
2025-11-24 16:30:00;168.12
2025-11-24 16:45:00;234.49
2025-11-24 17:00:00;159.57
2025-11-24 17:15:00;188.01
2025-11-24 17:30:00;199.51
2025-11-24 17:45:00;204.01
2025-11-24 18:00:00;176.94
2025-11-24 18:15:00;155.01
2025-11-24 18:30:00;157.01
2025-11-24 18:45:00;159.90
2025-11-24 19:00:00;157.19
2025-11-24 19:15:00;126.98
2025-11-24 19:30:00;129.11
2025-11-24 19:45:00;121.06
2025-11-24 20:00:00;145.07
2025-11-24 20:15:00;131.54
2025-11-24 20:30:00;135.23
2025-11-24 20:45:00;127.34
2025-11-24 21:00:00;138.94
2025-11-24 21:15:00;124.62
2025-11-24 21:30:00;116.46
2025-11-24 21:45:00;107.68
2025-11-24 22:00:00;120.19
2025-11-24 22:15:00;116.60
2025-11-24 22:30:00;108.55
2025-11-24 22:45:00;99.19
2025-11-24 23:00:00;104.82
2025-11-24 23:15:00;97.91
2025-11-24 23:30:00;96.53
2025-11-24 23:45:00;87.32
2025-11-25 00:00:00;95.21
2025-11-25 00:15:00;91.36
2025-11-25 00:30:00;87.98
2025-11-25 00:45:00;86.30
2025-11-25 01:00:00;89.35
2025-11-25 01:15:00;87.44
2025-11-25 01:30:00;84.32
2025-11-25 01:45:00;83.09
2025-11-25 02:00:00;86.58
2025-11-25 02:15:00;82.84
2025-11-25 02:30:00;80.99
2025-11-25 02:45:00;79.73
2025-11-25 03:00:00;82.92
2025-11-25 03:15:00;78.70
2025-11-25 03:30:00;77.58
2025-11-25 03:45:00;77.50
2025-11-25 04:00:00;77.99
2025-11-25 04:15:00;80.38
2025-11-25 04:30:00;79.77
2025-11-25 04:45:00;84.40
2025-11-25 05:00:00;82.22
2025-11-25 05:15:00;80.47
2025-11-25 05:30:00;83.73
2025-11-25 05:45:00;94.00
2025-11-25 06:00:00;69.40
2025-11-25 06:15:00;68.19
2025-11-25 06:30:00;73.83
2025-11-25 06:45:00;92.58
2025-11-25 07:00:00;85.09
2025-11-25 07:15:00;99.36
2025-11-25 07:30:00;119.80
2025-11-25 07:45:00;118.58
2025-11-25 08:00:00;121.84
2025-11-25 08:15:00;125.32
2025-11-25 08:30:00;124.15
2025-11-25 08:45:00;119.86
2025-11-25 09:00:00;165.95
2025-11-25 09:15:00;128.16
2025-11-25 09:30:00;117.85
2025-11-25 09:45:00;95.23
2025-11-25 10:00:00;116.92
2025-11-25 10:15:00;94.15
2025-11-25 10:30:00;97.82
2025-11-25 10:45:00;88.09
2025-11-25 11:00:00;121.38
2025-11-25 11:15:00;84.10
2025-11-25 11:30:00;82.33
2025-11-25 11:45:00;72.69
2025-11-25 12:00:00;110.01
2025-11-25 12:15:00;88.70
2025-11-25 12:30:00;86.68
2025-11-25 12:45:00;78.75
2025-11-25 13:00:00;86.51
2025-11-25 13:15:00;82.60
2025-11-25 13:30:00;83.13
2025-11-25 13:45:00;91.19
2025-11-25 14:00:00;72.69
2025-11-25 14:15:00;76.40
2025-11-25 14:30:00;100.99
2025-11-25 14:45:00;121.10
2025-11-25 15:00:00;95.84
2025-11-25 15:15:00;120.14
2025-11-25 15:30:00;131.52
2025-11-25 15:45:00;156.98
2025-11-25 16:00:00;121.10
2025-11-25 16:15:00;146.12
2025-11-25 16:30:00;148.40
2025-11-25 16:45:00;166.72
2025-11-25 17:00:00;138.06
2025-11-25 17:15:00;150.00
2025-11-25 17:30:00;204.55
2025-11-25 17:45:00;209.61
2025-11-25 18:00:00;192.57
2025-11-25 18:15:00;182.33
2025-11-25 18:30:00;189.30
2025-11-25 18:45:00;175.81
2025-11-25 19:00:00;168.12
2025-11-25 19:15:00;139.13
2025-11-25 19:30:00;138.99
2025-11-25 19:45:00;121.76
2025-11-25 20:00:00;149.64
2025-11-25 20:15:00;128.90
2025-11-25 20:30:00;120.39
2025-11-25 20:45:00;110.82
2025-11-25 21:00:00;124.49
2025-11-25 21:15:00;111.37
2025-11-25 21:30:00;102.69
2025-11-25 21:45:00;96.23
2025-11-25 22:00:00;104.45
2025-11-25 22:15:00;100.00
2025-11-25 22:30:00;94.04
2025-11-25 22:45:00;89.99
2025-11-25 23:00:00;97.54
2025-11-25 23:15:00;93.72
2025-11-25 23:30:00;90.01
2025-11-25 23:45:00;85.01
2025-11-26 00:00:00;89.75
2025-11-26 00:15:00;85.27
2025-11-26 00:30:00;85.34
2025-11-26 00:45:00;84.52
2025-11-26 01:00:00;88.20
2025-11-26 01:15:00;84.62
2025-11-26 01:30:00;84.09
2025-11-26 01:45:00;84.02
2025-11-26 02:00:00;84.52
2025-11-26 02:15:00;82.96
2025-11-26 02:30:00;81.36
2025-11-26 02:45:00;81.29
2025-11-26 03:00:00;83.82
2025-11-26 03:15:00;83.41
2025-11-26 03:30:00;83.76
2025-11-26 03:45:00;83.14
2025-11-26 04:00:00;81.35
2025-11-26 04:15:00;82.40
2025-11-26 04:30:00;83.73
2025-11-26 04:45:00;86.82
2025-11-26 05:00:00;79.75
2025-11-26 05:15:00;85.35
2025-11-26 05:30:00;95.89
2025-11-26 05:45:00;104.30
2025-11-26 06:00:00;80.00
2025-11-26 06:15:00;91.10
2025-11-26 06:30:00;98.78
2025-11-26 06:45:00;110.08
2025-11-26 07:00:00;118.97
2025-11-26 07:15:00;138.43
2025-11-26 07:30:00;151.67
2025-11-26 07:45:00;170.78
2025-11-26 08:00:00;160.06
2025-11-26 08:15:00;171.80
2025-11-26 08:30:00;192.29
2025-11-26 08:45:00;168.43
2025-11-26 09:00:00;236.58
2025-11-26 09:15:00;149.99
2025-11-26 09:30:00;150.39
2025-11-26 09:45:00;126.33
2025-11-26 10:00:00;165.43
2025-11-26 10:15:00;149.97
2025-11-26 10:30:00;139.67
2025-11-26 10:45:00;127.74
2025-11-26 11:00:00;156.42
2025-11-26 11:15:00;134.40
2025-11-26 11:30:00;130.54
2025-11-26 11:45:00;140.44
2025-11-26 12:00:00;132.81
2025-11-26 12:15:00;138.29
2025-11-26 12:30:00;139.98
2025-11-26 12:45:00;139.08
2025-11-26 13:00:00;121.95
2025-11-26 13:15:00;133.77
2025-11-26 13:30:00;142.18
2025-11-26 13:45:00;139.94
2025-11-26 14:00:00;127.66
2025-11-26 14:15:00;136.26
2025-11-26 14:30:00;152.01
2025-11-26 14:45:00;157.41
2025-11-26 15:00:00;133.90
2025-11-26 15:15:00;156.08
2025-11-26 15:30:00;170.59
2025-11-26 15:45:00;206.99
2025-11-26 16:00:00;152.15
2025-11-26 16:15:00;197.56
2025-11-26 16:30:00;215.91
2025-11-26 16:45:00;248.36
2025-11-26 17:00:00;184.02
2025-11-26 17:15:00;192.19
2025-11-26 17:30:00;243.64
2025-11-26 17:45:00;245.03
2025-11-26 18:00:00;205.10
2025-11-26 18:15:00;195.02
2025-11-26 18:30:00;207.01
2025-11-26 18:45:00;204.72
2025-11-26 19:00:00;219.26
2025-11-26 19:15:00;190.00
2025-11-26 19:30:00;157.28
2025-11-26 19:45:00;137.85
2025-11-26 20:00:00;160.83
2025-11-26 20:15:00;139.95
2025-11-26 20:30:00;122.43
2025-11-26 20:45:00;108.81
2025-11-26 21:00:00;124.81
2025-11-26 21:15:00;114.71
2025-11-26 21:30:00;100.83
2025-11-26 21:45:00;91.40
2025-11-26 22:00:00;107.75
2025-11-26 22:15:00;99.10
2025-11-26 22:30:00;94.27
2025-11-26 22:45:00;92.76
2025-11-26 23:00:00;99.78
2025-11-26 23:15:00;90.90
2025-11-26 23:30:00;88.06
2025-11-26 23:45:00;82.76
2025-11-27 00:00:00;94.07
2025-11-27 00:15:00;91.21
2025-11-27 00:30:00;87.81
2025-11-27 00:45:00;85.72
2025-11-27 01:00:00;88.24
2025-11-27 01:15:00;84.61
2025-11-27 01:30:00;82.02
2025-11-27 01:45:00;79.66
2025-11-27 02:00:00;82.58
2025-11-27 02:15:00;79.58
2025-11-27 02:30:00;77.71
2025-11-27 02:45:00;74.32
2025-11-27 03:00:00;80.84
2025-11-27 03:15:00;78.48
2025-11-27 03:30:00;75.88
2025-11-27 03:45:00;70.78
2025-11-27 04:00:00;77.20
2025-11-27 04:15:00;77.32
2025-11-27 04:30:00;84.03
2025-11-27 04:45:00;88.15
2025-11-27 05:00:00;70.04
2025-11-27 05:15:00;74.10
2025-11-27 05:30:00;86.12
2025-11-27 05:45:00;90.94
2025-11-27 06:00:00;74.70
2025-11-27 06:15:00;101.62
2025-11-27 06:30:00;109.93
2025-11-27 06:45:00;123.55
2025-11-27 07:00:00;85.72
2025-11-27 07:15:00;89.89
2025-11-27 07:30:00;95.66
2025-11-27 07:45:00;103.49
2025-11-27 08:00:00;130.98
2025-11-27 08:15:00;122.88
2025-11-27 08:30:00;113.47
2025-11-27 08:45:00;100.23
2025-11-27 09:00:00;113.31
2025-11-27 09:15:00;107.10
2025-11-27 09:30:00;97.97
2025-11-27 09:45:00;73.75
2025-11-27 10:00:00;102.34
2025-11-27 10:15:00;81.65
2025-11-27 10:30:00;85.99
2025-11-27 10:45:00;87.36
2025-11-27 11:00:00;95.09
2025-11-27 11:15:00;90.30
2025-11-27 11:30:00;86.05
2025-11-27 11:45:00;86.77
2025-11-27 12:00:00;89.60
2025-11-27 12:15:00;85.00
2025-11-27 12:30:00;85.71
2025-11-27 12:45:00;84.26
2025-11-27 13:00:00;84.26
2025-11-27 13:15:00;87.01
2025-11-27 13:30:00;84.57
2025-11-27 13:45:00;88.95
2025-11-27 14:00:00;88.74
2025-11-27 14:15:00;90.02
2025-11-27 14:30:00;77.85
2025-11-27 14:45:00;90.00
2025-11-27 15:00:00;74.77
2025-11-27 15:15:00;81.61
2025-11-27 15:30:00;89.55
2025-11-27 15:45:00;95.25
2025-11-27 16:00:00;76.54
2025-11-27 16:15:00;82.86
2025-11-27 16:30:00;89.88
2025-11-27 16:45:00;98.29
2025-11-27 17:00:00;89.23
2025-11-27 17:15:00;96.04
2025-11-27 17:30:00;103.04
2025-11-27 17:45:00;117.34
2025-11-27 18:00:00;104.91
2025-11-27 18:15:00;101.57
2025-11-27 18:30:00;109.35
2025-11-27 18:45:00;110.74
2025-11-27 19:00:00;100.00
2025-11-27 19:15:00;91.87
2025-11-27 19:30:00;86.89
2025-11-27 19:45:00;81.64
2025-11-27 20:00:00;91.10
2025-11-27 20:15:00;91.67
2025-11-27 20:30:00;82.66
2025-11-27 20:45:00;77.49
2025-11-27 21:00:00;88.49
2025-11-27 21:15:00;75.18
2025-11-27 21:30:00;80.14
2025-11-27 21:45:00;77.84
2025-11-27 22:00:00;95.00
2025-11-27 22:15:00;90.33
2025-11-27 22:30:00;96.07
2025-11-27 22:45:00;85.09
2025-11-27 23:00:00;95.59
2025-11-27 23:15:00;81.33
2025-11-27 23:30:00;72.34
2025-11-27 23:45:00;52.66
2025-11-28 00:00:00;70.02
2025-11-28 00:15:00;64.80
2025-11-28 00:30:00;54.59
2025-11-28 00:45:00;50.15
2025-11-28 01:00:00;66.70
2025-11-28 01:15:00;54.68
2025-11-28 01:30:00;56.54
2025-11-28 01:45:00;50.12
2025-11-28 02:00:00;55.09
2025-11-28 02:15:00;53.58
2025-11-28 02:30:00;52.38
2025-11-28 02:45:00;50.60
2025-11-28 03:00:00;46.97
2025-11-28 03:15:00;47.29
2025-11-28 03:30:00;45.97
2025-11-28 03:45:00;47.01
2025-11-28 04:00:00;50.99
2025-11-28 04:15:00;51.39
2025-11-28 04:30:00;53.87
2025-11-28 04:45:00;59.99
2025-11-28 05:00:00;48.56
2025-11-28 05:15:00;54.13
2025-11-28 05:30:00;56.43
2025-11-28 05:45:00;74.45
2025-11-28 06:00:00;61.32
2025-11-28 06:15:00;73.91
2025-11-28 06:30:00;79.00
2025-11-28 06:45:00;87.43
2025-11-28 07:00:00;78.23
2025-11-28 07:15:00;92.35
2025-11-28 07:30:00;95.00
2025-11-28 07:45:00;87.09
2025-11-28 08:00:00;106.40
2025-11-28 08:15:00;101.73
2025-11-28 08:30:00;103.18
2025-11-28 08:45:00;100.01
2025-11-28 09:00:00;117.06
2025-11-28 09:15:00;104.26
2025-11-28 09:30:00;101.21
2025-11-28 09:45:00;94.89
2025-11-28 10:00:00;102.96
2025-11-28 10:15:00;95.83
2025-11-28 10:30:00;95.33
2025-11-28 10:45:00;92.65
2025-11-28 11:00:00;99.91
2025-11-28 11:15:00;100.00
2025-11-28 11:30:00;101.41
2025-11-28 11:45:00;99.99
2025-11-28 12:00:00;92.11
2025-11-28 12:15:00;91.35
2025-11-28 12:30:00;97.70
2025-11-28 12:45:00;97.50
2025-11-28 13:00:00;93.22
2025-11-28 13:15:00;94.50
2025-11-28 13:30:00;94.68
2025-11-28 13:45:00;93.29
2025-11-28 14:00:00;81.02
2025-11-28 14:15:00;82.63
2025-11-28 14:30:00;88.26
2025-11-28 14:45:00;92.78
2025-11-28 15:00:00;87.41
2025-11-28 15:15:00;85.00
2025-11-28 15:30:00;91.71
2025-11-28 15:45:00;91.15
2025-11-28 16:00:00;86.77
2025-11-28 16:15:00;90.13
2025-11-28 16:30:00;87.21
2025-11-28 16:45:00;93.09
2025-11-28 17:00:00;82.64
2025-11-28 17:15:00;93.06
2025-11-28 17:30:00;96.11
2025-11-28 17:45:00;96.29
2025-11-28 18:00:00;100.94
2025-11-28 18:15:00;95.41
2025-11-28 18:30:00;98.49
2025-11-28 18:45:00;94.35
2025-11-28 19:00:00;103.50
2025-11-28 19:15:00;95.78
2025-11-28 19:30:00;91.36
2025-11-28 19:45:00;82.31
2025-11-28 20:00:00;101.79
2025-11-28 20:15:00;86.98
2025-11-28 20:30:00;83.80
2025-11-28 20:45:00;76.10
2025-11-28 21:00:00;89.99
2025-11-28 21:15:00;88.01
2025-11-28 21:30:00;84.73
2025-11-28 21:45:00;73.92
2025-11-28 22:00:00;90.41
2025-11-28 22:15:00;84.33
2025-11-28 22:30:00;87.54
2025-11-28 22:45:00;76.44
2025-11-28 23:00:00;85.00
2025-11-28 23:15:00;76.80
2025-11-28 23:30:00;75.38
2025-11-28 23:45:00;71.52
2025-11-29 00:00:00;94.89
2025-11-29 00:15:00;82.64
2025-11-29 00:30:00;76.91
2025-11-29 00:45:00;69.15
2025-11-29 01:00:00;83.06
2025-11-29 01:15:00;77.96
2025-11-29 01:30:00;79.99
2025-11-29 01:45:00;79.99
2025-11-29 02:00:00;85.48
2025-11-29 02:15:00;83.80
2025-11-29 02:30:00;78.36
2025-11-29 02:45:00;77.64
2025-11-29 03:00:00;84.62
2025-11-29 03:15:00;81.40
2025-11-29 03:30:00;79.90
2025-11-29 03:45:00;77.93
2025-11-29 04:00:00;80.13
2025-11-29 04:15:00;80.70
2025-11-29 04:30:00;82.29
2025-11-29 04:45:00;82.49
2025-11-29 05:00:00;86.34
2025-11-29 05:15:00;86.50
2025-11-29 05:30:00;83.73
2025-11-29 05:45:00;85.36
2025-11-29 06:00:00;80.57
2025-11-29 06:15:00;83.01
2025-11-29 06:30:00;90.77
2025-11-29 06:45:00;95.24
2025-11-29 07:00:00;78.93
2025-11-29 07:15:00;87.47
2025-11-29 07:30:00;103.39
2025-11-29 07:45:00;114.21
2025-11-29 08:00:00;92.43
2025-11-29 08:15:00;86.29
2025-11-29 08:30:00;90.31
2025-11-29 08:45:00;88.43
2025-11-29 09:00:00;97.53
2025-11-29 09:15:00;97.30
2025-11-29 09:30:00;96.70
2025-11-29 09:45:00;93.98
2025-11-29 10:00:00;100.98
2025-11-29 10:15:00;94.67
2025-11-29 10:30:00;91.18
2025-11-29 10:45:00;83.87
2025-11-29 11:00:00;90.34
2025-11-29 11:15:00;88.62
2025-11-29 11:30:00;84.73
2025-11-29 11:45:00;77.48
2025-11-29 12:00:00;82.78
2025-11-29 12:15:00;77.99
2025-11-29 12:30:00;77.83
2025-11-29 12:45:00;75.95
2025-11-29 13:00:00;82.90
2025-11-29 13:15:00;76.11
2025-11-29 13:30:00;76.10
2025-11-29 13:45:00;78.17
2025-11-29 14:00:00;76.75
2025-11-29 14:15:00;79.50
2025-11-29 14:30:00;83.70
2025-11-29 14:45:00;87.87
2025-11-29 15:00:00;86.93
2025-11-29 15:15:00;95.94
2025-11-29 15:30:00;92.87
2025-11-29 15:45:00;94.24
2025-11-29 16:00:00;85.20
2025-11-29 16:15:00;92.16
2025-11-29 16:30:00;98.24
2025-11-29 16:45:00;107.92
2025-11-29 17:00:00;97.97
2025-11-29 17:15:00;104.50
2025-11-29 17:30:00;103.83
2025-11-29 17:45:00;102.90
2025-11-29 18:00:00;104.15
2025-11-29 18:15:00;99.55
2025-11-29 18:30:00;96.49
2025-11-29 18:45:00;92.81
2025-11-29 19:00:00;93.98
2025-11-29 19:15:00;91.92
2025-11-29 19:30:00;88.22
2025-11-29 19:45:00;88.76
2025-11-29 20:00:00;94.77
2025-11-29 20:15:00;86.91
2025-11-29 20:30:00;78.94
2025-11-29 20:45:00;75.97
2025-11-29 21:00:00;85.28
2025-11-29 21:15:00;82.14
2025-11-29 21:30:00;78.16
2025-11-29 21:45:00;77.45
2025-11-29 22:00:00;89.77
2025-11-29 22:15:00;87.37
2025-11-29 22:30:00;89.11
2025-11-29 22:45:00;78.77
2025-11-29 23:00:00;87.38
2025-11-29 23:15:00;79.82
2025-11-29 23:30:00;77.98
2025-11-29 23:45:00;75.82
2025-11-30 00:00:00;84.26
2025-11-30 00:15:00;77.96
2025-11-30 00:30:00;70.61
2025-11-30 00:45:00;68.74
2025-11-30 01:00:00;72.90
2025-11-30 01:15:00;68.15
2025-11-30 01:30:00;67.76
2025-11-30 01:45:00;67.12
2025-11-30 02:00:00;68.25
2025-11-30 02:15:00;68.02
2025-11-30 02:30:00;67.32
2025-11-30 02:45:00;64.15
2025-11-30 03:00:00;67.60
2025-11-30 03:15:00;66.87
2025-11-30 03:30:00;64.39
2025-11-30 03:45:00;60.35
2025-11-30 04:00:00;65.82
2025-11-30 04:15:00;66.36
2025-11-30 04:30:00;67.48
2025-11-30 04:45:00;65.16
2025-11-30 05:00:00;70.25
2025-11-30 05:15:00;69.20
2025-11-30 05:30:00;72.49
2025-11-30 05:45:00;74.13
2025-11-30 06:00:00;69.13
2025-11-30 06:15:00;70.63
2025-11-30 06:30:00;73.02
2025-11-30 06:45:00;76.03
2025-11-30 07:00:00;71.43
2025-11-30 07:15:00;70.65
2025-11-30 07:30:00;75.69
2025-11-30 07:45:00;79.15
2025-11-30 08:00:00;74.58
2025-11-30 08:15:00;80.27
2025-11-30 08:30:00;78.50
2025-11-30 08:45:00;79.76
2025-11-30 09:00:00;83.35
2025-11-30 09:15:00;83.49
2025-11-30 09:30:00;82.40
2025-11-30 09:45:00;76.96
2025-11-30 10:00:00;85.85
2025-11-30 10:15:00;82.25
2025-11-30 10:30:00;80.83
2025-11-30 10:45:00;77.12
2025-11-30 11:00:00;75.66
2025-11-30 11:15:00;75.01
2025-11-30 11:30:00;79.68
2025-11-30 11:45:00;79.86
2025-11-30 12:00:00;77.91
2025-11-30 12:15:00;75.13
2025-11-30 12:30:00;82.48
2025-11-30 12:45:00;82.51
2025-11-30 13:00:00;76.13
2025-11-30 13:15:00;80.52
2025-11-30 13:30:00;79.19
2025-11-30 13:45:00;81.67
2025-11-30 14:00:00;74.82
2025-11-30 14:15:00;80.00
2025-11-30 14:30:00;83.23
2025-11-30 14:45:00;92.36
2025-11-30 15:00:00;76.21
2025-11-30 15:15:00;82.40
2025-11-30 15:30:00;94.86
2025-11-30 15:45:00;95.88
2025-11-30 16:00:00;82.59
2025-11-30 16:15:00;83.87
2025-11-30 16:30:00;97.74
2025-11-30 16:45:00;100.73
2025-11-30 17:00:00;101.00
2025-11-30 17:15:00;101.85
2025-11-30 17:30:00;104.30
2025-11-30 17:45:00;105.33
2025-11-30 18:00:00;105.53
2025-11-30 18:15:00;105.17
2025-11-30 18:30:00;105.29
2025-11-30 18:45:00;108.58
2025-11-30 19:00:00;104.09
2025-11-30 19:15:00;105.85
2025-11-30 19:30:00;104.08
2025-11-30 19:45:00;105.82
2025-11-30 20:00:00;99.63
2025-11-30 20:15:00;99.42
2025-11-30 20:30:00;98.48
2025-11-30 20:45:00;98.90
2025-11-30 21:00:00;98.04
2025-11-30 21:15:00;98.27
2025-11-30 21:30:00;91.04
2025-11-30 21:45:00;87.56
2025-11-30 22:00:00;95.85
2025-11-30 22:15:00;92.83
2025-11-30 22:30:00;90.49
2025-11-30 22:45:00;88.84
2025-11-30 23:00:00;88.59
2025-11-30 23:15:00;85.63
2025-11-30 23:30:00;86.72
2025-11-30 23:45:00;86.29
2025-12-01 00:00:00;90.43
2025-12-01 00:15:00;90.00
2025-12-01 00:30:00;84.35
2025-12-01 00:45:00;78.33
2025-12-01 01:00:00;88.96
2025-12-01 01:15:00;83.02
2025-12-01 01:30:00;80.28
2025-12-01 01:45:00;77.38
2025-12-01 02:00:00;81.77
2025-12-01 02:15:00;76.42
2025-12-01 02:30:00;76.36
2025-12-01 02:45:00;72.75
2025-12-01 03:00:00;86.08
2025-12-01 03:15:00;83.02
2025-12-01 03:30:00;79.50
2025-12-01 03:45:00;83.97
2025-12-01 04:00:00;77.93
2025-12-01 04:15:00;78.31
2025-12-01 04:30:00;70.65
2025-12-01 04:45:00;82.33
2025-12-01 05:00:00;79.85
2025-12-01 05:15:00;81.18
2025-12-01 05:30:00;89.44
2025-12-01 05:45:00;106.55
2025-12-01 06:00:00;80.00
2025-12-01 06:15:00;85.91
2025-12-01 06:30:00;99.78
2025-12-01 06:45:00;111.60
2025-12-01 07:00:00;90.48
2025-12-01 07:15:00;96.36
2025-12-01 07:30:00;110.73
2025-12-01 07:45:00;124.60
2025-12-01 08:00:00;125.90
2025-12-01 08:15:00;123.33
2025-12-01 08:30:00;106.66
2025-12-01 08:45:00;90.65
2025-12-01 09:00:00;118.72
2025-12-01 09:15:00;105.23
2025-12-01 09:30:00;93.18
2025-12-01 09:45:00;78.27
2025-12-01 10:00:00;94.57
2025-12-01 10:15:00;91.19
2025-12-01 10:30:00;84.29
2025-12-01 10:45:00;78.76
2025-12-01 11:00:00;90.56
2025-12-01 11:15:00;85.97
2025-12-01 11:30:00;82.60
2025-12-01 11:45:00;83.06
2025-12-01 12:00:00;89.93
2025-12-01 12:15:00;83.93
2025-12-01 12:30:00;89.04
2025-12-01 12:45:00;93.04
2025-12-01 13:00:00;80.28
2025-12-01 13:15:00;80.48
2025-12-01 13:30:00;78.63
2025-12-01 13:45:00;82.17
2025-12-01 14:00:00;93.33
2025-12-01 14:15:00;93.53
2025-12-01 14:30:00;95.72
2025-12-01 14:45:00;102.22
2025-12-01 15:00:00;105.76
2025-12-01 15:15:00;109.14
2025-12-01 15:30:00;107.75
2025-12-01 15:45:00;97.42
2025-12-01 16:00:00;107.06
2025-12-01 16:15:00;112.39
2025-12-01 16:30:00;111.36
2025-12-01 16:45:00;102.45
2025-12-01 17:00:00;89.78
2025-12-01 17:15:00;96.11
2025-12-01 17:30:00;100.84
2025-12-01 17:45:00;97.01
2025-12-01 18:00:00;89.01
2025-12-01 18:15:00;93.26
2025-12-01 18:30:00;98.83
2025-12-01 18:45:00;96.33
2025-12-01 19:00:00;103.07
2025-12-01 19:15:00;92.60
2025-12-01 19:30:00;93.06
2025-12-01 19:45:00;87.39
2025-12-01 20:00:00;96.32
2025-12-01 20:15:00;88.37
2025-12-01 20:30:00;78.86
2025-12-01 20:45:00;79.30
2025-12-01 21:00:00;90.87
2025-12-01 21:15:00;84.16
2025-12-01 21:30:00;71.08
2025-12-01 21:45:00;64.82
2025-12-01 22:00:00;85.62
2025-12-01 22:15:00;74.91
2025-12-01 22:30:00;81.01
2025-12-01 22:45:00;69.00
2025-12-01 23:00:00;83.60
2025-12-01 23:15:00;70.64
2025-12-01 23:30:00;70.14
2025-12-01 23:45:00;62.68
2025-12-02 00:00:00;77.43
2025-12-02 00:15:00;69.00
2025-12-02 00:30:00;59.98
2025-12-02 00:45:00;51.81
2025-12-02 01:00:00;66.43
2025-12-02 01:15:00;60.67
2025-12-02 01:30:00;59.13
2025-12-02 01:45:00;54.39
2025-12-02 02:00:00;58.27
2025-12-02 02:15:00;54.18
2025-12-02 02:30:00;54.92
2025-12-02 02:45:00;52.32
2025-12-02 03:00:00;52.26
2025-12-02 03:15:00;51.62
2025-12-02 03:30:00;49.86
2025-12-02 03:45:00;49.55
2025-12-02 04:00:00;45.99
2025-12-02 04:15:00;46.75
2025-12-02 04:30:00;49.81
2025-12-02 04:45:00;55.22
2025-12-02 05:00:00;48.67
2025-12-02 05:15:00;59.46
2025-12-02 05:30:00;66.00
2025-12-02 05:45:00;77.65
2025-12-02 06:00:00;60.34
2025-12-02 06:15:00;75.54
2025-12-02 06:30:00;89.13
2025-12-02 06:45:00;89.48
2025-12-02 07:00:00;80.00
2025-12-02 07:15:00;85.66
2025-12-02 07:30:00;99.67
2025-12-02 07:45:00;110.95
2025-12-02 08:00:00;89.73
2025-12-02 08:15:00;92.90
2025-12-02 08:30:00;93.23
2025-12-02 08:45:00;93.27
2025-12-02 09:00:00;98.16
2025-12-02 09:15:00;98.04
2025-12-02 09:30:00;95.71
2025-12-02 09:45:00;88.78
2025-12-02 10:00:00;89.72
2025-12-02 10:15:00;86.00
2025-12-02 10:30:00;83.91
2025-12-02 10:45:00;82.59
2025-12-02 11:00:00;85.07
2025-12-02 11:15:00;83.10
2025-12-02 11:30:00;83.73
2025-12-02 11:45:00;83.08
2025-12-02 12:00:00;84.54
2025-12-02 12:15:00;82.87
2025-12-02 12:30:00;83.10
2025-12-02 12:45:00;81.69
2025-12-02 13:00:00;85.24
2025-12-02 13:15:00;84.28
2025-12-02 13:30:00;81.24
2025-12-02 13:45:00;85.19
2025-12-02 14:00:00;85.32
2025-12-02 14:15:00;87.53
2025-12-02 14:30:00;98.39
2025-12-02 14:45:00;107.30
2025-12-02 15:00:00;98.93
2025-12-02 15:15:00;104.75
2025-12-02 15:30:00;108.18
2025-12-02 15:45:00;115.88
2025-12-02 16:00:00;98.65
2025-12-02 16:15:00;101.17
2025-12-02 16:30:00;109.12
2025-12-02 16:45:00;119.61
2025-12-02 17:00:00;129.01
2025-12-02 17:15:00;141.23
2025-12-02 17:30:00;150.00
2025-12-02 17:45:00;147.70
2025-12-02 18:00:00;133.87
2025-12-02 18:15:00;134.30
2025-12-02 18:30:00;137.22
2025-12-02 18:45:00;149.61
2025-12-02 19:00:00;140.00
2025-12-02 19:15:00;135.74
2025-12-02 19:30:00;138.60
2025-12-02 19:45:00;133.02
2025-12-02 20:00:00;141.77
2025-12-02 20:15:00;133.24
2025-12-02 20:30:00;110.00
2025-12-02 20:45:00;107.21
2025-12-02 21:00:00;128.35
2025-12-02 21:15:00;122.37
2025-12-02 21:30:00;112.36
2025-12-02 21:45:00;104.56
2025-12-02 22:00:00;113.71
2025-12-02 22:15:00;111.19
2025-12-02 22:30:00;104.00
2025-12-02 22:45:00;98.98
2025-12-02 23:00:00;99.99
2025-12-02 23:15:00;98.45
2025-12-02 23:30:00;91.12
2025-12-02 23:45:00;85.74
2025-12-03 00:00:00;90.01
2025-12-03 00:15:00;86.94
2025-12-03 00:30:00;83.43
2025-12-03 00:45:00;81.78
2025-12-03 01:00:00;84.98
2025-12-03 01:15:00;83.54
2025-12-03 01:30:00;86.42
2025-12-03 01:45:00;85.81
2025-12-03 02:00:00;85.61
2025-12-03 02:15:00;84.59
2025-12-03 02:30:00;83.52
2025-12-03 02:45:00;82.68
2025-12-03 03:00:00;83.19
2025-12-03 03:15:00;81.80
2025-12-03 03:30:00;80.40
2025-12-03 03:45:00;80.38
2025-12-03 04:00:00;81.69
2025-12-03 04:15:00;80.45
2025-12-03 04:30:00;81.04
2025-12-03 04:45:00;81.73
2025-12-03 05:00:00;83.01
2025-12-03 05:15:00;84.10
2025-12-03 05:30:00;90.69
2025-12-03 05:45:00;105.33
2025-12-03 06:00:00;73.43
2025-12-03 06:15:00;78.39
2025-12-03 06:30:00;84.44
2025-12-03 06:45:00;96.55
2025-12-03 07:00:00;108.35
2025-12-03 07:15:00;125.61
2025-12-03 07:30:00;146.79
2025-12-03 07:45:00;146.74
2025-12-03 08:00:00;149.99
2025-12-03 08:15:00;162.14
2025-12-03 08:30:00;164.26
2025-12-03 08:45:00;148.85
2025-12-03 09:00:00;193.42
2025-12-03 09:15:00;159.46
2025-12-03 09:30:00;119.48
2025-12-03 09:45:00;112.59
2025-12-03 10:00:00;142.07
2025-12-03 10:15:00;125.39
2025-12-03 10:30:00;119.28
2025-12-03 10:45:00;118.48
2025-12-03 11:00:00;119.02
2025-12-03 11:15:00;119.87
2025-12-03 11:30:00;122.93
2025-12-03 11:45:00;124.07
2025-12-03 12:00:00;115.12
2025-12-03 12:15:00;112.09
2025-12-03 12:30:00;114.42
2025-12-03 12:45:00;111.90
2025-12-03 13:00:00;139.63
2025-12-03 13:15:00;127.99
2025-12-03 13:30:00;117.93
2025-12-03 13:45:00;121.40
2025-12-03 14:00:00;126.76
2025-12-03 14:15:00;125.58
2025-12-03 14:30:00;130.02
2025-12-03 14:45:00;131.19
2025-12-03 15:00:00;125.20
2025-12-03 15:15:00;148.22
2025-12-03 15:30:00;158.33
2025-12-03 15:45:00;185.70
2025-12-03 16:00:00;143.15
2025-12-03 16:15:00;181.56
2025-12-03 16:30:00;201.63
2025-12-03 16:45:00;209.07
2025-12-03 17:00:00;165.04
2025-12-03 17:15:00;178.37
2025-12-03 17:30:00;192.33
2025-12-03 17:45:00;207.76
2025-12-03 18:00:00;149.99
2025-12-03 18:15:00;147.90
2025-12-03 18:30:00;165.70
2025-12-03 18:45:00;178.70
2025-12-03 19:00:00;179.20
2025-12-03 19:15:00;131.75
2025-12-03 19:30:00;124.83
2025-12-03 19:45:00;120.14
2025-12-03 20:00:00;129.27
2025-12-03 20:15:00;119.93
2025-12-03 20:30:00;112.44
2025-12-03 20:45:00;107.28
2025-12-03 21:00:00;111.67
2025-12-03 21:15:00;104.85
2025-12-03 21:30:00;89.94
2025-12-03 21:45:00;76.53
2025-12-03 22:00:00;103.37
2025-12-03 22:15:00;97.46
2025-12-03 22:30:00;84.83
2025-12-03 22:45:00;80.56
2025-12-03 23:00:00;99.41
2025-12-03 23:15:00;86.14
2025-12-03 23:30:00;82.14
2025-12-03 23:45:00;75.20
2025-12-04 00:00:00;88.29
2025-12-04 00:15:00;88.11
2025-12-04 00:30:00;87.65
2025-12-04 00:45:00;83.22
2025-12-04 01:00:00;92.26
2025-12-04 01:15:00;86.17
2025-12-04 01:30:00;82.83
2025-12-04 01:45:00;80.22
2025-12-04 02:00:00;87.49
2025-12-04 02:15:00;81.30
2025-12-04 02:30:00;79.31
2025-12-04 02:45:00;78.79
2025-12-04 03:00:00;82.54
2025-12-04 03:15:00;79.98
2025-12-04 03:30:00;78.42
2025-12-04 03:45:00;76.26
2025-12-04 04:00:00;74.80
2025-12-04 04:15:00;74.80
2025-12-04 04:30:00;74.80
2025-12-04 04:45:00;74.80
2025-12-04 05:00:00;72.79
2025-12-04 05:15:00;76.64
2025-12-04 05:30:00;90.01
2025-12-04 05:45:00;92.93
2025-12-04 06:00:00;64.19
2025-12-04 06:15:00;71.74
2025-12-04 06:30:00;79.48
2025-12-04 06:45:00;79.48
2025-12-04 07:00:00;98.16
2025-12-04 07:15:00;97.94
2025-12-04 07:30:00;95.94
2025-12-04 07:45:00;103.99
2025-12-04 08:00:00;107.94
2025-12-04 08:15:00;106.50
2025-12-04 08:30:00;107.56
2025-12-04 08:45:00;104.53
2025-12-04 09:00:00;104.63
2025-12-04 09:15:00;90.39
2025-12-04 09:30:00;93.43
2025-12-04 09:45:00;81.81
2025-12-04 10:00:00;103.84
2025-12-04 10:15:00;84.09
2025-12-04 10:30:00;93.38
2025-12-04 10:45:00;84.67
2025-12-04 11:00:00;106.24
2025-12-04 11:15:00;94.56
2025-12-04 11:30:00;94.92
2025-12-04 11:45:00;90.27
2025-12-04 12:00:00;89.54
2025-12-04 12:15:00;86.58
2025-12-04 12:30:00;88.42
2025-12-04 12:45:00;88.29
2025-12-04 13:00:00;98.81
2025-12-04 13:15:00;99.00
2025-12-04 13:30:00;110.00
2025-12-04 13:45:00;124.99
2025-12-04 14:00:00;80.27
2025-12-04 14:15:00;90.99
2025-12-04 14:30:00;110.90
2025-12-04 14:45:00;119.71
2025-12-04 15:00:00;127.71
2025-12-04 15:15:00;134.40
2025-12-04 15:30:00;121.12
2025-12-04 15:45:00;125.00
2025-12-04 16:00:00;114.34
2025-12-04 16:15:00;127.27
2025-12-04 16:30:00;125.20
2025-12-04 16:45:00;126.79
2025-12-04 17:00:00;127.29
2025-12-04 17:15:00;134.72
2025-12-04 17:30:00;128.18
2025-12-04 17:45:00;137.86
2025-12-04 18:00:00;128.64
2025-12-04 18:15:00;138.09
2025-12-04 18:30:00;145.80
2025-12-04 18:45:00;166.81
2025-12-04 19:00:00;161.80
2025-12-04 19:15:00;149.00
2025-12-04 19:30:00;129.30
2025-12-04 19:45:00;119.34
2025-12-04 20:00:00;129.59
2025-12-04 20:15:00;119.75
2025-12-04 20:30:00;107.25
2025-12-04 20:45:00;101.32
2025-12-04 21:00:00;106.13
2025-12-04 21:15:00;105.35
2025-12-04 21:30:00;101.43
2025-12-04 21:45:00;93.61
2025-12-04 22:00:00;114.25
2025-12-04 22:15:00;113.97
2025-12-04 22:30:00;113.99
2025-12-04 22:45:00;106.63
2025-12-04 23:00:00;109.92
2025-12-04 23:15:00;102.92
2025-12-04 23:30:00;99.43
2025-12-04 23:45:00;89.34
2025-12-05 00:00:00;106.85
2025-12-05 00:15:00;100.00
2025-12-05 00:30:00;91.16
2025-12-05 00:45:00;87.20
2025-12-05 01:00:00;82.59
2025-12-05 01:15:00;81.34
2025-12-05 01:30:00;80.36
2025-12-05 01:45:00;78.85
2025-12-05 02:00:00;81.95
2025-12-05 02:15:00;80.55
2025-12-05 02:30:00;79.96
2025-12-05 02:45:00;79.52
2025-12-05 03:00:00;80.29
2025-12-05 03:15:00;79.63
2025-12-05 03:30:00;78.88
2025-12-05 03:45:00;80.20
2025-12-05 04:00:00;77.53
2025-12-05 04:15:00;76.94
2025-12-05 04:30:00;79.49
2025-12-05 04:45:00;81.55
2025-12-05 05:00:00;79.59
2025-12-05 05:15:00;83.18
2025-12-05 05:30:00;90.75
2025-12-05 05:45:00;101.74
2025-12-05 06:00:00;92.02
2025-12-05 06:15:00;107.49
2025-12-05 06:30:00;114.28
2025-12-05 06:45:00;138.79
2025-12-05 07:00:00;90.38
2025-12-05 07:15:00;100.82
2025-12-05 07:30:00;129.99
2025-12-05 07:45:00;142.31
2025-12-05 08:00:00;151.12
2025-12-05 08:15:00;154.32
2025-12-05 08:30:00;163.02
2025-12-05 08:45:00;153.70
2025-12-05 09:00:00;190.72
2025-12-05 09:15:00;142.47
2025-12-05 09:30:00;142.41
2025-12-05 09:45:00;122.94
2025-12-05 10:00:00;146.87
2025-12-05 10:15:00;140.86
2025-12-05 10:30:00;135.75
2025-12-05 10:45:00;135.34
2025-12-05 11:00:00;135.32
2025-12-05 11:15:00;132.92
2025-12-05 11:30:00;128.63
2025-12-05 11:45:00;125.44
2025-12-05 12:00:00;135.03
2025-12-05 12:15:00;127.95
2025-12-05 12:30:00;129.19
2025-12-05 12:45:00;113.62
2025-12-05 13:00:00;122.38
2025-12-05 13:15:00;114.93
2025-12-05 13:30:00;117.12
2025-12-05 13:45:00;112.25
2025-12-05 14:00:00;107.98
2025-12-05 14:15:00;110.26
2025-12-05 14:30:00;120.47
2025-12-05 14:45:00;112.10
2025-12-05 15:00:00;103.71
2025-12-05 15:15:00;103.90
2025-12-05 15:30:00;111.82
2025-12-05 15:45:00;119.72
2025-12-05 16:00:00;112.96
2025-12-05 16:15:00;111.76
2025-12-05 16:30:00;114.29
2025-12-05 16:45:00;117.27
2025-12-05 17:00:00;121.47
2025-12-05 17:15:00;121.36
2025-12-05 17:30:00;113.50
2025-12-05 17:45:00;109.79
2025-12-05 18:00:00;120.57
2025-12-05 18:15:00;118.00
2025-12-05 18:30:00;126.98
2025-12-05 18:45:00;91.50
2025-12-05 19:00:00;118.64
2025-12-05 19:15:00;103.26
2025-12-05 19:30:00;99.17
2025-12-05 19:45:00;89.82
2025-12-05 20:00:00;106.06
2025-12-05 20:15:00;106.96
2025-12-05 20:30:00;103.30
2025-12-05 20:45:00;95.09
2025-12-05 21:00:00;106.27
2025-12-05 21:15:00;98.35
2025-12-05 21:30:00;91.44
2025-12-05 21:45:00;80.88
2025-12-05 22:00:00;93.59
2025-12-05 22:15:00;90.92
2025-12-05 22:30:00;91.22
2025-12-05 22:45:00;88.23
2025-12-05 23:00:00;89.99
2025-12-05 23:15:00;83.52
2025-12-05 23:30:00;73.12
2025-12-05 23:45:00;66.98
2025-12-06 00:00:00;83.29
2025-12-06 00:15:00;70.11
2025-12-06 00:30:00;65.41
2025-12-06 00:45:00;63.34
2025-12-06 01:00:00;70.49
2025-12-06 01:15:00;64.60
2025-12-06 01:30:00;63.27
2025-12-06 01:45:00;58.16
2025-12-06 02:00:00;66.67
2025-12-06 02:15:00;61.78
2025-12-06 02:30:00;57.87
2025-12-06 02:45:00;56.51
2025-12-06 03:00:00;61.23
2025-12-06 03:15:00;56.05
2025-12-06 03:30:00;56.97
2025-12-06 03:45:00;51.92
2025-12-06 04:00:00;54.16
2025-12-06 04:15:00;53.06
2025-12-06 04:30:00;54.21
2025-12-06 04:45:00;52.99
2025-12-06 05:00:00;53.32
2025-12-06 05:15:00;51.64
2025-12-06 05:30:00;52.52
2025-12-06 05:45:00;49.91
2025-12-06 06:00:00;50.18
2025-12-06 06:15:00;51.72
2025-12-06 06:30:00;53.72
2025-12-06 06:45:00;53.85
2025-12-06 07:00:00;53.37
2025-12-06 07:15:00;56.86
2025-12-06 07:30:00;56.59
2025-12-06 07:45:00;60.91
2025-12-06 08:00:00;61.70
2025-12-06 08:15:00;63.71
2025-12-06 08:30:00;68.23
2025-12-06 08:45:00;69.43
2025-12-06 09:00:00;71.02
2025-12-06 09:15:00;71.54
2025-12-06 09:30:00;69.60
2025-12-06 09:45:00;66.49
2025-12-06 10:00:00;70.53
2025-12-06 10:15:00;71.95
2025-12-06 10:30:00;70.39
2025-12-06 10:45:00;66.90
2025-12-06 11:00:00;68.29
2025-12-06 11:15:00;68.93
2025-12-06 11:30:00;67.40
2025-12-06 11:45:00;66.77
2025-12-06 12:00:00;67.01
2025-12-06 12:15:00;65.84
2025-12-06 12:30:00;66.53
2025-12-06 12:45:00;70.23
2025-12-06 13:00:00;66.38
2025-12-06 13:15:00;65.42
2025-12-06 13:30:00;68.08
2025-12-06 13:45:00;70.32
2025-12-06 14:00:00;67.10
2025-12-06 14:15:00;70.75
2025-12-06 14:30:00;71.75
2025-12-06 14:45:00;73.12
2025-12-06 15:00:00;71.74
2025-12-06 15:15:00;73.14
2025-12-06 15:30:00;75.00
2025-12-06 15:45:00;80.80
2025-12-06 16:00:00;74.95
2025-12-06 16:15:00;80.19
2025-12-06 16:30:00;78.74
2025-12-06 16:45:00;86.38
2025-12-06 17:00:00;76.70
2025-12-06 17:15:00;82.47
2025-12-06 17:30:00;87.59
2025-12-06 17:45:00;85.40
2025-12-06 18:00:00;82.51
2025-12-06 18:15:00;82.18
2025-12-06 18:30:00;82.80
2025-12-06 18:45:00;79.43
2025-12-06 19:00:00;89.99
2025-12-06 19:15:00;76.98
2025-12-06 19:30:00;75.55
2025-12-06 19:45:00;74.43
2025-12-06 20:00:00;76.80
2025-12-06 20:15:00;71.35
2025-12-06 20:30:00;71.84
2025-12-06 20:45:00;63.78
2025-12-06 21:00:00;78.18
2025-12-06 21:15:00;70.98
2025-12-06 21:30:00;64.60
2025-12-06 21:45:00;57.53
2025-12-06 22:00:00;74.50
2025-12-06 22:15:00;69.30
2025-12-06 22:30:00;61.07
2025-12-06 22:45:00;57.74
2025-12-06 23:00:00;64.10
2025-12-06 23:15:00;62.80
2025-12-06 23:30:00;60.00
2025-12-06 23:45:00;55.51
2025-12-07 00:00:00;69.07
2025-12-07 00:15:00;60.63
2025-12-07 00:30:00;55.23
2025-12-07 00:45:00;51.67
2025-12-07 01:00:00;53.62
2025-12-07 01:15:00;52.13
2025-12-07 01:30:00;51.61
2025-12-07 01:45:00;50.66
2025-12-07 02:00:00;51.07
2025-12-07 02:15:00;50.30
2025-12-07 02:30:00;49.57
2025-12-07 02:45:00;47.86
2025-12-07 03:00:00;48.45
2025-12-07 03:15:00;47.58
2025-12-07 03:30:00;47.78
2025-12-07 03:45:00;47.81
2025-12-07 04:00:00;51.22
2025-12-07 04:15:00;50.43
2025-12-07 04:30:00;50.99
2025-12-07 04:45:00;51.74
2025-12-07 05:00:00;51.36
2025-12-07 05:15:00;51.92
2025-12-07 05:30:00;54.60
2025-12-07 05:45:00;52.11
2025-12-07 06:00:00;51.87
2025-12-07 06:15:00;56.09
2025-12-07 06:30:00;55.29
2025-12-07 06:45:00;55.93
2025-12-07 07:00:00;60.31
2025-12-07 07:15:00;55.64
2025-12-07 07:30:00;61.77
2025-12-07 07:45:00;72.80
2025-12-07 08:00:00;62.11
2025-12-07 08:15:00;62.15
2025-12-07 08:30:00;73.35
2025-12-07 08:45:00;73.38
2025-12-07 09:00:00;73.40
2025-12-07 09:15:00;75.72
2025-12-07 09:30:00;73.32
2025-12-07 09:45:00;67.99
2025-12-07 10:00:00;74.76
2025-12-07 10:15:00;73.08
2025-12-07 10:30:00;69.29
2025-12-07 10:45:00;70.25
2025-12-07 11:00:00;71.08
2025-12-07 11:15:00;71.98
2025-12-07 11:30:00;74.94
2025-12-07 11:45:00;78.32
2025-12-07 12:00:00;77.81
2025-12-07 12:15:00;76.54
2025-12-07 12:30:00;79.31
2025-12-07 12:45:00;78.66
2025-12-07 13:00:00;77.60
2025-12-07 13:15:00;77.27
2025-12-07 13:30:00;78.05
2025-12-07 13:45:00;81.78
2025-12-07 14:00:00;80.69
2025-12-07 14:15:00;81.72
2025-12-07 14:30:00;80.00
2025-12-07 14:45:00;83.26
2025-12-07 15:00:00;79.22
2025-12-07 15:15:00;81.30
2025-12-07 15:30:00;82.45
2025-12-07 15:45:00;84.35
2025-12-07 16:00:00;80.96
2025-12-07 16:15:00;82.57
2025-12-07 16:30:00;86.52
2025-12-07 16:45:00;94.68
2025-12-07 17:00:00;64.99
2025-12-07 17:15:00;62.08
2025-12-07 17:30:00;65.34
2025-12-07 17:45:00;60.87
2025-12-07 18:00:00;87.84
2025-12-07 18:15:00;79.82
2025-12-07 18:30:00;81.86
2025-12-07 18:45:00;75.91
2025-12-07 19:00:00;69.33
2025-12-07 19:15:00;59.93
2025-12-07 19:30:00;45.00
2025-12-07 19:45:00;48.96
2025-12-07 20:00:00;52.53
2025-12-07 20:15:00;49.41
2025-12-07 20:30:00;45.80
2025-12-07 20:45:00;39.95
2025-12-07 21:00:00;48.52
2025-12-07 21:15:00;47.74
2025-12-07 21:30:00;43.48
2025-12-07 21:45:00;26.64
2025-12-07 22:00:00;50.22
2025-12-07 22:15:00;38.82
2025-12-07 22:30:00;43.26
2025-12-07 22:45:00;51.21
2025-12-07 23:00:00;37.33
2025-12-07 23:15:00;40.92
2025-12-07 23:30:00;35.51
2025-12-07 23:45:00;22.10
2025-12-08 00:00:00;18.73
2025-12-08 00:15:00;23.74
2025-12-08 00:30:00;17.58
2025-12-08 00:45:00;10.49
2025-12-08 01:00:00;13.69
2025-12-08 01:15:00;13.78
2025-12-08 01:30:00;10.70
2025-12-08 01:45:00;8.47
2025-12-08 02:00:00;15.40
2025-12-08 02:15:00;11.72
2025-12-08 02:30:00;8.99
2025-12-08 02:45:00;8.08
2025-12-08 03:00:00;7.81
2025-12-08 03:15:00;7.26
2025-12-08 03:30:00;7.00
2025-12-08 03:45:00;7.00
2025-12-08 04:00:00;7.82
2025-12-08 04:15:00;9.14
2025-12-08 04:30:00;12.82
2025-12-08 04:45:00;21.62
2025-12-08 05:00:00;13.51
2025-12-08 05:15:00;15.62
2025-12-08 05:30:00;29.82
2025-12-08 05:45:00;41.91
2025-12-08 06:00:00;33.19
2025-12-08 06:15:00;59.20
2025-12-08 06:30:00;62.63
2025-12-08 06:45:00;75.81
2025-12-08 07:00:00;64.17
2025-12-08 07:15:00;79.36
2025-12-08 07:30:00;82.57
2025-12-08 07:45:00;84.61
2025-12-08 08:00:00;88.83
2025-12-08 08:15:00;90.72
2025-12-08 08:30:00;94.93
2025-12-08 08:45:00;89.29
2025-12-08 09:00:00;98.49
2025-12-08 09:15:00;92.96
2025-12-08 09:30:00;83.63
2025-12-08 09:45:00;73.89
2025-12-08 10:00:00;85.76
2025-12-08 10:15:00;76.93
2025-12-08 10:30:00;73.71
2025-12-08 10:45:00;69.77
2025-12-08 11:00:00;71.71
2025-12-08 11:15:00;68.56
2025-12-08 11:30:00;69.24
2025-12-08 11:45:00;70.08
2025-12-08 12:00:00;67.42
2025-12-08 12:15:00;67.24
2025-12-08 12:30:00;68.88
2025-12-08 12:45:00;72.80
2025-12-08 13:00:00;71.44
2025-12-08 13:15:00;74.64
2025-12-08 13:30:00;74.42
2025-12-08 13:45:00;75.00
2025-12-08 14:00:00;67.90
2025-12-08 14:15:00;78.82
2025-12-08 14:30:00;86.69
2025-12-08 14:45:00;85.48
2025-12-08 15:00:00;84.42
2025-12-08 15:15:00;79.29
2025-12-08 15:30:00;83.46
2025-12-08 15:45:00;85.97
2025-12-08 16:00:00;83.07
2025-12-08 16:15:00;91.81
2025-12-08 16:30:00;92.30
2025-12-08 16:45:00;91.86
2025-12-08 17:00:00;90.23
2025-12-08 17:15:00;94.84
2025-12-08 17:30:00;99.86
2025-12-08 17:45:00;105.73
2025-12-08 18:00:00;96.99
2025-12-08 18:15:00;94.86
2025-12-08 18:30:00;100.10
2025-12-08 18:45:00;95.93
2025-12-08 19:00:00;98.61
2025-12-08 19:15:00;95.53
2025-12-08 19:30:00;93.94
2025-12-08 19:45:00;91.03
2025-12-08 20:00:00;95.57
2025-12-08 20:15:00;89.88
2025-12-08 20:30:00;78.33
2025-12-08 20:45:00;66.63
2025-12-08 21:00:00;82.82
2025-12-08 21:15:00;80.21
2025-12-08 21:30:00;76.72
2025-12-08 21:45:00;62.34
2025-12-08 22:00:00;85.73
2025-12-08 22:15:00;79.91
2025-12-08 22:30:00;71.10
2025-12-08 22:45:00;61.96
2025-12-08 23:00:00;77.81
2025-12-08 23:15:00;68.68
2025-12-08 23:30:00;69.43
2025-12-08 23:45:00;60.03
2025-12-09 00:00:00;71.57
2025-12-09 00:15:00;66.14
2025-12-09 00:30:00;61.58
2025-12-09 00:45:00;58.91
2025-12-09 01:00:00;64.93
2025-12-09 01:15:00;62.84
2025-12-09 01:30:00;64.31
2025-12-09 01:45:00;61.90
2025-12-09 02:00:00;62.09
2025-12-09 02:15:00;60.56
2025-12-09 02:30:00;62.02
2025-12-09 02:45:00;69.29
2025-12-09 03:00:00;60.49
2025-12-09 03:15:00;60.22
2025-12-09 03:30:00;62.23
2025-12-09 03:45:00;61.94
2025-12-09 04:00:00;55.25
2025-12-09 04:15:00;56.42
2025-12-09 04:30:00;59.20
2025-12-09 04:45:00;60.63
2025-12-09 05:00:00;55.37
2025-12-09 05:15:00;56.20
2025-12-09 05:30:00;68.50
2025-12-09 05:45:00;83.42
2025-12-09 06:00:00;59.78
2025-12-09 06:15:00;77.07
2025-12-09 06:30:00;92.26
2025-12-09 06:45:00;90.00
2025-12-09 07:00:00;82.77
2025-12-09 07:15:00;83.59
2025-12-09 07:30:00;92.92
2025-12-09 07:45:00;101.66
2025-12-09 08:00:00;100.00
2025-12-09 08:15:00;107.49
2025-12-09 08:30:00;107.42
2025-12-09 08:45:00;103.60
2025-12-09 09:00:00;116.54
2025-12-09 09:15:00;101.05
2025-12-09 09:30:00;96.02
2025-12-09 09:45:00;84.96
2025-12-09 10:00:00;94.74
2025-12-09 10:15:00;89.32
2025-12-09 10:30:00;86.14
2025-12-09 10:45:00;79.73
2025-12-09 11:00:00;85.79
2025-12-09 11:15:00;83.08
2025-12-09 11:30:00;81.28
2025-12-09 11:45:00;78.83
2025-12-09 12:00:00;79.55
2025-12-09 12:15:00;76.68
2025-12-09 12:30:00;78.77
2025-12-09 12:45:00;79.57
2025-12-09 13:00:00;80.00
2025-12-09 13:15:00;80.48
2025-12-09 13:30:00;79.70
2025-12-09 13:45:00;81.49
2025-12-09 14:00:00;74.48
2025-12-09 14:15:00;78.55
2025-12-09 14:30:00;82.19
2025-12-09 14:45:00;84.10
2025-12-09 15:00:00;83.30
2025-12-09 15:15:00;87.89
2025-12-09 15:30:00;95.60
2025-12-09 15:45:00;93.11
2025-12-09 16:00:00;90.70
2025-12-09 16:15:00;99.27
2025-12-09 16:30:00;98.79
2025-12-09 16:45:00;96.17
2025-12-09 17:00:00;90.09
2025-12-09 17:15:00;92.81
2025-12-09 17:30:00;95.28
2025-12-09 17:45:00;94.08
2025-12-09 18:00:00;91.00
2025-12-09 18:15:00;91.58
2025-12-09 18:30:00;100.00
2025-12-09 18:45:00;88.17
2025-12-09 19:00:00;88.70
2025-12-09 19:15:00;84.81
2025-12-09 19:30:00;76.73
2025-12-09 19:45:00;74.51
2025-12-09 20:00:00;88.77
2025-12-09 20:15:00;76.13
2025-12-09 20:30:00;70.06
2025-12-09 20:45:00;67.54
2025-12-09 21:00:00;73.49
2025-12-09 21:15:00;66.61
2025-12-09 21:30:00;59.17
2025-12-09 21:45:00;54.49
2025-12-09 22:00:00;63.64
2025-12-09 22:15:00;60.00
2025-12-09 22:30:00;57.62
2025-12-09 22:45:00;55.20
2025-12-09 23:00:00;51.65
2025-12-09 23:15:00;47.33
2025-12-09 23:30:00;41.58
2025-12-09 23:45:00;38.40
2025-12-10 00:00:00;51.30
2025-12-10 00:15:00;46.21
2025-12-10 00:30:00;36.65
2025-12-10 00:45:00;26.77
2025-12-10 01:00:00;36.60
2025-12-10 01:15:00;33.35
2025-12-10 01:30:00;32.45
2025-12-10 01:45:00;28.57
2025-12-10 02:00:00;30.54
2025-12-10 02:15:00;28.96
2025-12-10 02:30:00;26.96
2025-12-10 02:45:00;23.69
2025-12-10 03:00:00;33.39
2025-12-10 03:15:00;30.38
2025-12-10 03:30:00;25.63
2025-12-10 03:45:00;27.66
2025-12-10 04:00:00;25.47
2025-12-10 04:15:00;35.58
2025-12-10 04:30:00;42.00
2025-12-10 04:45:00;56.96
2025-12-10 05:00:00;44.57
2025-12-10 05:15:00;50.07
2025-12-10 05:30:00;53.79
2025-12-10 05:45:00;75.08
2025-12-10 06:00:00;30.45
2025-12-10 06:15:00;42.42
2025-12-10 06:30:00;66.66
2025-12-10 06:45:00;79.83
2025-12-10 07:00:00;72.08
2025-12-10 07:15:00;83.20
2025-12-10 07:30:00;91.19
2025-12-10 07:45:00;85.43
2025-12-10 08:00:00;90.41
2025-12-10 08:15:00;100.95
2025-12-10 08:30:00;95.55
2025-12-10 08:45:00;85.46
2025-12-10 09:00:00;106.08
2025-12-10 09:15:00;95.84
2025-12-10 09:30:00;89.76
2025-12-10 09:45:00;81.00
2025-12-10 10:00:00;101.93
2025-12-10 10:15:00;86.74
2025-12-10 10:30:00;80.56
2025-12-10 10:45:00;75.23
2025-12-10 11:00:00;83.66
2025-12-10 11:15:00;80.35
2025-12-10 11:30:00;78.74
2025-12-10 11:45:00;80.00
2025-12-10 12:00:00;80.47
2025-12-10 12:15:00;75.45
2025-12-10 12:30:00;81.01
2025-12-10 12:45:00;81.14
2025-12-10 13:00:00;80.00
2025-12-10 13:15:00;79.45
2025-12-10 13:30:00;77.75
2025-12-10 13:45:00;80.92
2025-12-10 14:00:00;77.81
2025-12-10 14:15:00;84.13
2025-12-10 14:30:00;87.40
2025-12-10 14:45:00;92.67
2025-12-10 15:00:00;89.00
2025-12-10 15:15:00;92.74
2025-12-10 15:30:00;96.28
2025-12-10 15:45:00;97.24
2025-12-10 16:00:00;94.66
2025-12-10 16:15:00;96.20
2025-12-10 16:30:00;95.70
2025-12-10 16:45:00;102.86
2025-12-10 17:00:00;92.66
2025-12-10 17:15:00;99.02
2025-12-10 17:30:00;103.00
2025-12-10 17:45:00;105.83
2025-12-10 18:00:00;103.47
2025-12-10 18:15:00;103.85
2025-12-10 18:30:00;104.35
2025-12-10 18:45:00;104.62
2025-12-10 19:00:00;104.88
2025-12-10 19:15:00;98.69
2025-12-10 19:30:00;100.00
2025-12-10 19:45:00;83.28
2025-12-10 20:00:00;95.53
2025-12-10 20:15:00;83.49
2025-12-10 20:30:00;82.61
2025-12-10 20:45:00;90.00
2025-12-10 21:00:00;92.71
2025-12-10 21:15:00;83.13
2025-12-10 21:30:00;82.35
2025-12-10 21:45:00;80.30
2025-12-10 22:00:00;82.81
2025-12-10 22:15:00;79.89
2025-12-10 22:30:00;83.50
2025-12-10 22:45:00;79.82
2025-12-10 23:00:00;74.17
2025-12-10 23:15:00;79.50
2025-12-10 23:30:00;78.24
2025-12-10 23:45:00;71.64
2025-12-11 00:00:00;80.60
2025-12-11 00:15:00;70.71
2025-12-11 00:30:00;68.01
2025-12-11 00:45:00;67.04
2025-12-11 01:00:00;78.16
2025-12-11 01:15:00;70.26
2025-12-11 01:30:00;68.54
2025-12-11 01:45:00;65.58
2025-12-11 02:00:00;68.88
2025-12-11 02:15:00;66.68
2025-12-11 02:30:00;71.84
2025-12-11 02:45:00;68.65
2025-12-11 03:00:00;72.39
2025-12-11 03:15:00;68.66
2025-12-11 03:30:00;68.32
2025-12-11 03:45:00;69.27
2025-12-11 04:00:00;67.34
2025-12-11 04:15:00;66.99
2025-12-11 04:30:00;71.58
2025-12-11 04:45:00;73.55
2025-12-11 05:00:00;73.49
2025-12-11 05:15:00;74.90
2025-12-11 05:30:00;72.76
2025-12-11 05:45:00;78.04
2025-12-11 06:00:00;73.52
2025-12-11 06:15:00;85.98
2025-12-11 06:30:00;88.68
2025-12-11 06:45:00;96.70
2025-12-11 07:00:00;89.09
2025-12-11 07:15:00;94.37
2025-12-11 07:30:00;101.24
2025-12-11 07:45:00;102.00
2025-12-11 08:00:00;102.50
2025-12-11 08:15:00;111.70
2025-12-11 08:30:00;111.30
2025-12-11 08:45:00;104.02
2025-12-11 09:00:00;116.72
2025-12-11 09:15:00;108.84
2025-12-11 09:30:00;101.94
2025-12-11 09:45:00;87.61
2025-12-11 10:00:00;104.05
2025-12-11 10:15:00;91.66
2025-12-11 10:30:00;83.97
2025-12-11 10:45:00;82.70
2025-12-11 11:00:00;93.26
2025-12-11 11:15:00;91.02
2025-12-11 11:30:00;86.63
2025-12-11 11:45:00;82.77
2025-12-11 12:00:00;88.82
2025-12-11 12:15:00;83.51
2025-12-11 12:30:00;85.06
2025-12-11 12:45:00;85.47
2025-12-11 13:00:00;81.94
2025-12-11 13:15:00;83.03
2025-12-11 13:30:00;87.81
2025-12-11 13:45:00;90.69
2025-12-11 14:00:00;81.87
2025-12-11 14:15:00;88.70
2025-12-11 14:30:00;93.34
2025-12-11 14:45:00;103.28
2025-12-11 15:00:00;91.81
2025-12-11 15:15:00;97.73
2025-12-11 15:30:00;105.82
2025-12-11 15:45:00;114.83
2025-12-11 16:00:00;100.49
2025-12-11 16:15:00;102.77
2025-12-11 16:30:00;109.94
2025-12-11 16:45:00;113.60
2025-12-11 17:00:00;104.58
2025-12-11 17:15:00;110.00
2025-12-11 17:30:00;113.89
2025-12-11 17:45:00;114.00
2025-12-11 18:00:00;111.00
2025-12-11 18:15:00;109.65
2025-12-11 18:30:00;110.31
2025-12-11 18:45:00;110.07
2025-12-11 19:00:00;107.94
2025-12-11 19:15:00;105.37
2025-12-11 19:30:00;106.71
2025-12-11 19:45:00;103.09
2025-12-11 20:00:00;108.57
2025-12-11 20:15:00;99.15
2025-12-11 20:30:00;94.63
2025-12-11 20:45:00;94.68
2025-12-11 21:00:00;97.52
2025-12-11 21:15:00;97.08
2025-12-11 21:30:00;90.12
2025-12-11 21:45:00;80.57
2025-12-11 22:00:00;91.72
2025-12-11 22:15:00;87.78
2025-12-11 22:30:00;92.14
2025-12-11 22:45:00;89.39
2025-12-11 23:00:00;101.30
2025-12-11 23:15:00;91.79
2025-12-11 23:30:00;91.46
2025-12-11 23:45:00;87.59
2025-12-12 00:00:00;87.61
2025-12-12 00:15:00;85.71
2025-12-12 00:30:00;76.06
2025-12-12 00:45:00;76.23
2025-12-12 01:00:00;83.59
2025-12-12 01:15:00;81.25
2025-12-12 01:30:00;85.39
2025-12-12 01:45:00;81.61
2025-12-12 02:00:00;85.45
2025-12-12 02:15:00;81.82
2025-12-12 02:30:00;82.44
2025-12-12 02:45:00;79.24
2025-12-12 03:00:00;84.23
2025-12-12 03:15:00;80.69
2025-12-12 03:30:00;80.11
2025-12-12 03:45:00;80.18
2025-12-12 04:00:00;78.60
2025-12-12 04:15:00;77.74
2025-12-12 04:30:00;84.09
2025-12-12 04:45:00;81.25
2025-12-12 05:00:00;75.78
2025-12-12 05:15:00;79.69
2025-12-12 05:30:00;84.54
2025-12-12 05:45:00;88.68
2025-12-12 06:00:00;78.24
2025-12-12 06:15:00;88.24
2025-12-12 06:30:00;95.47
2025-12-12 06:45:00;100.00
2025-12-12 07:00:00;99.75
2025-12-12 07:15:00;114.29
2025-12-12 07:30:00;114.94
2025-12-12 07:45:00;120.11
2025-12-12 08:00:00;125.03
2025-12-12 08:15:00;129.20
2025-12-12 08:30:00;127.51
2025-12-12 08:45:00;118.56
2025-12-12 09:00:00;130.77
2025-12-12 09:15:00;123.84
2025-12-12 09:30:00;118.08
2025-12-12 09:45:00;115.41
2025-12-12 10:00:00;124.02
2025-12-12 10:15:00;120.00
2025-12-12 10:30:00;108.89
2025-12-12 10:45:00;104.90
2025-12-12 11:00:00;113.03
2025-12-12 11:15:00;110.02
2025-12-12 11:30:00;108.49
2025-12-12 11:45:00;104.61
2025-12-12 12:00:00;105.40
2025-12-12 12:15:00;104.64
2025-12-12 12:30:00;106.24
2025-12-12 12:45:00;106.55
2025-12-12 13:00:00;106.92
2025-12-12 13:15:00;104.69
2025-12-12 13:30:00;105.10
2025-12-12 13:45:00;110.93
2025-12-12 14:00:00;100.78
2025-12-12 14:15:00;109.51
2025-12-12 14:30:00;117.50
2025-12-12 14:45:00;123.19
2025-12-12 15:00:00;108.80
2025-12-12 15:15:00;115.48
2025-12-12 15:30:00;121.67
2025-12-12 15:45:00;130.86
2025-12-12 16:00:00;118.84
2025-12-12 16:15:00;126.84
2025-12-12 16:30:00;132.46
2025-12-12 16:45:00;144.56
2025-12-12 17:00:00;121.79
2025-12-12 17:15:00;129.31
2025-12-12 17:30:00;128.76
2025-12-12 17:45:00;127.57
2025-12-12 18:00:00;126.83
2025-12-12 18:15:00;126.06
2025-12-12 18:30:00;125.70
2025-12-12 18:45:00;121.38
2025-12-12 19:00:00;124.59
2025-12-12 19:15:00;120.00
2025-12-12 19:30:00;113.81
2025-12-12 19:45:00;97.90
2025-12-12 20:00:00;118.11
2025-12-12 20:15:00;114.07
2025-12-12 20:30:00;111.73
2025-12-12 20:45:00;99.54
2025-12-12 21:00:00;103.71
2025-12-12 21:15:00;99.80
2025-12-12 21:30:00;94.16
2025-12-12 21:45:00;92.33
2025-12-12 22:00:00;97.25
2025-12-12 22:15:00;97.91
2025-12-12 22:30:00;103.59
2025-12-12 22:45:00;94.15
2025-12-12 23:00:00;98.20
2025-12-12 23:15:00;94.24
2025-12-12 23:30:00;87.04
2025-12-12 23:45:00;80.65
2025-12-13 00:00:00;91.62
2025-12-13 00:15:00;88.00
2025-12-13 00:30:00;88.64
2025-12-13 00:45:00;82.19
2025-12-13 01:00:00;96.26
2025-12-13 01:15:00;90.00
2025-12-13 01:30:00;84.91
2025-12-13 01:45:00;80.00
2025-12-13 02:00:00;87.87
2025-12-13 02:15:00;82.27
2025-12-13 02:30:00;83.82
2025-12-13 02:45:00;81.21
2025-12-13 03:00:00;86.22
2025-12-13 03:15:00;81.23
2025-12-13 03:30:00;79.81
2025-12-13 03:45:00;77.48
2025-12-13 04:00:00;79.80
2025-12-13 04:15:00;77.16
2025-12-13 04:30:00;78.59
2025-12-13 04:45:00;78.98
2025-12-13 05:00:00;79.73
2025-12-13 05:15:00;79.13
2025-12-13 05:30:00;79.15
2025-12-13 05:45:00;80.98
2025-12-13 06:00:00;79.05
2025-12-13 06:15:00;74.26
2025-12-13 06:30:00;76.13
2025-12-13 06:45:00;77.41
2025-12-13 07:00:00;73.37
2025-12-13 07:15:00;75.13
2025-12-13 07:30:00;83.60
2025-12-13 07:45:00;86.54
2025-12-13 08:00:00;85.00
2025-12-13 08:15:00;89.55
2025-12-13 08:30:00;96.02
2025-12-13 08:45:00;101.73
2025-12-13 09:00:00;102.95
2025-12-13 09:15:00;101.35
2025-12-13 09:30:00;99.99
2025-12-13 09:45:00;96.79
2025-12-13 10:00:00;100.87
2025-12-13 10:15:00;97.37
2025-12-13 10:30:00;93.43
2025-12-13 10:45:00;88.90
2025-12-13 11:00:00;94.58
2025-12-13 11:15:00;92.90
2025-12-13 11:30:00;90.52
2025-12-13 11:45:00;84.14
2025-12-13 12:00:00;91.51
2025-12-13 12:15:00;86.39
2025-12-13 12:30:00;86.43
2025-12-13 12:45:00;83.69
2025-12-13 13:00:00;86.51
2025-12-13 13:15:00;84.37
2025-12-13 13:30:00;83.97
2025-12-13 13:45:00;84.88
2025-12-13 14:00:00;78.98
2025-12-13 14:15:00;81.60
2025-12-13 14:30:00;90.83
2025-12-13 14:45:00;97.70
2025-12-13 15:00:00;92.11
2025-12-13 15:15:00;103.43
2025-12-13 15:30:00;106.74
2025-12-13 15:45:00;108.54
2025-12-13 16:00:00;102.88
2025-12-13 16:15:00;106.43
2025-12-13 16:30:00;111.08
2025-12-13 16:45:00;115.55
2025-12-13 17:00:00;110.00
2025-12-13 17:15:00;112.83
2025-12-13 17:30:00;113.27
2025-12-13 17:45:00;110.31
2025-12-13 18:00:00;112.65
2025-12-13 18:15:00;111.03
2025-12-13 18:30:00;107.98
2025-12-13 18:45:00;102.28
2025-12-13 19:00:00;111.38
2025-12-13 19:15:00;103.53
2025-12-13 19:30:00;96.74
2025-12-13 19:45:00;91.39
2025-12-13 20:00:00;96.74
2025-12-13 20:15:00;91.47
2025-12-13 20:30:00;85.38
2025-12-13 20:45:00;85.28
2025-12-13 21:00:00;90.00
2025-12-13 21:15:00;88.27
2025-12-13 21:30:00;84.62
2025-12-13 21:45:00;84.05
2025-12-13 22:00:00;86.04
2025-12-13 22:15:00;89.38
2025-12-13 22:30:00;87.46
2025-12-13 22:45:00;81.95
2025-12-13 23:00:00;88.70
2025-12-13 23:15:00;88.68
2025-12-13 23:30:00;84.37
2025-12-13 23:45:00;71.67
2025-12-14 00:00:00;97.50
2025-12-14 00:15:00;91.92
2025-12-14 00:30:00;82.81
2025-12-14 00:45:00;78.98
2025-12-14 01:00:00;94.74
2025-12-14 01:15:00;89.43
2025-12-14 01:30:00;81.58
2025-12-14 01:45:00;76.70
2025-12-14 02:00:00;84.50
2025-12-14 02:15:00;77.64
2025-12-14 02:30:00;75.99
2025-12-14 02:45:00;74.28
2025-12-14 03:00:00;76.48
2025-12-14 03:15:00;77.07
2025-12-14 03:30:00;76.65
2025-12-14 03:45:00;72.02
2025-12-14 04:00:00;74.27
2025-12-14 04:15:00;70.85
2025-12-14 04:30:00;71.71
2025-12-14 04:45:00;68.68
2025-12-14 05:00:00;75.34
2025-12-14 05:15:00;72.04
2025-12-14 05:30:00;72.02
2025-12-14 05:45:00;68.05
2025-12-14 06:00:00;71.37
2025-12-14 06:15:00;69.56
2025-12-14 06:30:00;69.98
2025-12-14 06:45:00;70.88
2025-12-14 07:00:00;74.68
2025-12-14 07:15:00;70.34
2025-12-14 07:30:00;72.87
2025-12-14 07:45:00;71.48
2025-12-14 08:00:00;73.91
2025-12-14 08:15:00;78.79
2025-12-14 08:30:00;78.58
2025-12-14 08:45:00;80.22
2025-12-14 09:00:00;80.23
2025-12-14 09:15:00;83.93
2025-12-14 09:30:00;82.27
2025-12-14 09:45:00;77.02
2025-12-14 10:00:00;81.56
2025-12-14 10:15:00;78.82
2025-12-14 10:30:00;79.49
2025-12-14 10:45:00;74.53
2025-12-14 11:00:00;80.96
2025-12-14 11:15:00;79.90
2025-12-14 11:30:00;79.59
2025-12-14 11:45:00;77.28
2025-12-14 12:00:00;83.06
2025-12-14 12:15:00;81.21
2025-12-14 12:30:00;81.14
2025-12-14 12:45:00;79.29
2025-12-14 13:00:00;80.54
2025-12-14 13:15:00;79.69
2025-12-14 13:30:00;78.23
2025-12-14 13:45:00;82.15
2025-12-14 14:00:00;78.98
2025-12-14 14:15:00;75.84
2025-12-14 14:30:00;81.28
2025-12-14 14:45:00;89.81
2025-12-14 15:00:00;76.95
2025-12-14 15:15:00;82.63
2025-12-14 15:30:00;91.33
2025-12-14 15:45:00;92.12
2025-12-14 16:00:00;96.12
2025-12-14 16:15:00;95.04
2025-12-14 16:30:00;90.85
2025-12-14 16:45:00;97.36
2025-12-14 17:00:00;94.65
2025-12-14 17:15:00;101.14
2025-12-14 17:30:00;99.09
2025-12-14 17:45:00;96.96
2025-12-14 18:00:00;104.45
2025-12-14 18:15:00;101.49
2025-12-14 18:30:00;98.44
2025-12-14 18:45:00;94.97
2025-12-14 19:00:00;102.36
2025-12-14 19:15:00;96.96
2025-12-14 19:30:00;87.48
2025-12-14 19:45:00;79.48
2025-12-14 20:00:00;101.65
2025-12-14 20:15:00;89.60
2025-12-14 20:30:00;84.59
2025-12-14 20:45:00;76.93
2025-12-14 21:00:00;85.57
2025-12-14 21:15:00;83.00
2025-12-14 21:30:00;83.97
2025-12-14 21:45:00;77.29
2025-12-14 22:00:00;83.00
2025-12-14 22:15:00;81.98
2025-12-14 22:30:00;80.50
2025-12-14 22:45:00;77.09
2025-12-14 23:00:00;82.07
2025-12-14 23:15:00;71.69
2025-12-14 23:30:00;77.18
2025-12-14 23:45:00;66.40
2025-12-15 00:00:00;71.31
2025-12-15 00:15:00;74.39
2025-12-15 00:30:00;64.01
2025-12-15 00:45:00;66.72
2025-12-15 01:00:00;74.56
2025-12-15 01:15:00;71.75
2025-12-15 01:30:00;67.60
2025-12-15 01:45:00;59.72
2025-12-15 02:00:00;71.44
2025-12-15 02:15:00;69.64
2025-12-15 02:30:00;65.35
2025-12-15 02:45:00;58.86
2025-12-15 03:00:00;67.15
2025-12-15 03:15:00;64.96
2025-12-15 03:30:00;57.52
2025-12-15 03:45:00;54.99
2025-12-15 04:00:00;59.97
2025-12-15 04:15:00;58.14
2025-12-15 04:30:00;61.21
2025-12-15 04:45:00;64.88
2025-12-15 05:00:00;61.30
2025-12-15 05:15:00;65.05
2025-12-15 05:30:00;69.90
2025-12-15 05:45:00;78.35
2025-12-15 06:00:00;69.13
2025-12-15 06:15:00;80.62
2025-12-15 06:30:00;85.91
2025-12-15 06:45:00;101.54
2025-12-15 07:00:00;75.54
2025-12-15 07:15:00;88.16
2025-12-15 07:30:00;90.00
2025-12-15 07:45:00;105.31
2025-12-15 08:00:00;104.43
2025-12-15 08:15:00;104.91
2025-12-15 08:30:00;104.28
2025-12-15 08:45:00;90.86
2025-12-15 09:00:00;105.06
2025-12-15 09:15:00;103.81
2025-12-15 09:30:00;95.33
2025-12-15 09:45:00;80.25
2025-12-15 10:00:00;107.05
2025-12-15 10:15:00;90.46
2025-12-15 10:30:00;77.97
2025-12-15 10:45:00;69.72
2025-12-15 11:00:00;83.21
2025-12-15 11:15:00;75.69
2025-12-15 11:30:00;76.27
2025-12-15 11:45:00;76.74
2025-12-15 12:00:00;75.67
2025-12-15 12:15:00;74.71
2025-12-15 12:30:00;80.00
2025-12-15 12:45:00;84.37
2025-12-15 13:00:00;78.74
2025-12-15 13:15:00;83.54
2025-12-15 13:30:00;83.73
2025-12-15 13:45:00;88.99
2025-12-15 14:00:00;78.84
2025-12-15 14:15:00;85.93
2025-12-15 14:30:00;95.86
2025-12-15 14:45:00;99.37
2025-12-15 15:00:00;90.98
2025-12-15 15:15:00;99.15
2025-12-15 15:30:00;100.66
2025-12-15 15:45:00;108.80
2025-12-15 16:00:00;97.39
2025-12-15 16:15:00;106.76
2025-12-15 16:30:00;109.45
2025-12-15 16:45:00;109.28
2025-12-15 17:00:00;102.75
2025-12-15 17:15:00;104.05
2025-12-15 17:30:00;102.34
2025-12-15 17:45:00;100.63
2025-12-15 18:00:00;102.25
2025-12-15 18:15:00;97.21
2025-12-15 18:30:00;100.21
2025-12-15 18:45:00;92.67
2025-12-15 19:00:00;100.70
2025-12-15 19:15:00;92.15
2025-12-15 19:30:00;87.38
2025-12-15 19:45:00;83.48
2025-12-15 20:00:00;92.62
2025-12-15 20:15:00;87.28
2025-12-15 20:30:00;79.35
2025-12-15 20:45:00;76.43
2025-12-15 21:00:00;83.16
2025-12-15 21:15:00;84.80
2025-12-15 21:30:00;85.12
2025-12-15 21:45:00;78.58
2025-12-15 22:00:00;88.87
2025-12-15 22:15:00;81.87
2025-12-15 22:30:00;83.08
2025-12-15 22:45:00;82.50
2025-12-15 23:00:00;81.11
2025-12-15 23:15:00;80.85
2025-12-15 23:30:00;80.17
2025-12-15 23:45:00;76.52
2025-12-16 00:00:00;80.46
2025-12-16 00:15:00;83.79
2025-12-16 00:30:00;81.48
2025-12-16 00:45:00;76.23
2025-12-16 01:00:00;80.68
2025-12-16 01:15:00;77.05
2025-12-16 01:30:00;76.89
2025-12-16 01:45:00;74.91
2025-12-16 02:00:00;77.05
2025-12-16 02:15:00;75.43
2025-12-16 02:30:00;76.57
2025-12-16 02:45:00;76.82
2025-12-16 03:00:00;75.71
2025-12-16 03:15:00;73.96
2025-12-16 03:30:00;75.82
2025-12-16 03:45:00;78.77
2025-12-16 04:00:00;74.51
2025-12-16 04:15:00;80.41
2025-12-16 04:30:00;77.96
2025-12-16 04:45:00;80.83
2025-12-16 05:00:00;77.23
2025-12-16 05:15:00;77.99
2025-12-16 05:30:00;80.14
2025-12-16 05:45:00;86.14
2025-12-16 06:00:00;80.98
2025-12-16 06:15:00;87.38
2025-12-16 06:30:00;89.07
2025-12-16 06:45:00;94.14
2025-12-16 07:00:00;87.68
2025-12-16 07:15:00;90.52
2025-12-16 07:30:00;91.22
2025-12-16 07:45:00;97.55
2025-12-16 08:00:00;100.00
2025-12-16 08:15:00;103.73
2025-12-16 08:30:00;103.54
2025-12-16 08:45:00;93.09
2025-12-16 09:00:00;108.54
2025-12-16 09:15:00;108.73
2025-12-16 09:30:00;102.17
2025-12-16 09:45:00;93.72
2025-12-16 10:00:00;102.03
2025-12-16 10:15:00;95.64
2025-12-16 10:30:00;90.22
2025-12-16 10:45:00;86.98
2025-12-16 11:00:00;92.54
2025-12-16 11:15:00;90.70
2025-12-16 11:30:00;90.33
2025-12-16 11:45:00;90.80
2025-12-16 12:00:00;90.19
2025-12-16 12:15:00;88.45
2025-12-16 12:30:00;91.38
2025-12-16 12:45:00;95.70
2025-12-16 13:00:00;88.04
2025-12-16 13:15:00;90.73
2025-12-16 13:30:00;97.55
2025-12-16 13:45:00;112.42
2025-12-16 14:00:00;97.62
2025-12-16 14:15:00;108.87
2025-12-16 14:30:00;127.77
2025-12-16 14:45:00;130.07
2025-12-16 15:00:00;114.13
2025-12-16 15:15:00;125.00
2025-12-16 15:30:00;122.83
2025-12-16 15:45:00;130.15
2025-12-16 16:00:00;117.31
2025-12-16 16:15:00;121.40
2025-12-16 16:30:00;134.61
2025-12-16 16:45:00;145.29
2025-12-16 17:00:00;130.67
2025-12-16 17:15:00;139.86
2025-12-16 17:30:00;139.47
2025-12-16 17:45:00;140.49
2025-12-16 18:00:00;140.33
2025-12-16 18:15:00;136.89
2025-12-16 18:30:00;136.54
2025-12-16 18:45:00;136.63
2025-12-16 19:00:00;139.70
2025-12-16 19:15:00;140.60
2025-12-16 19:30:00;131.68
2025-12-16 19:45:00;129.13
2025-12-16 20:00:00;129.50
2025-12-16 20:15:00;134.81
2025-12-16 20:30:00;122.13
2025-12-16 20:45:00;115.93
2025-12-16 21:00:00;126.76
2025-12-16 21:15:00;118.86
2025-12-16 21:30:00;111.96
2025-12-16 21:45:00;100.48
2025-12-16 22:00:00;116.41
2025-12-16 22:15:00;110.21
2025-12-16 22:30:00;108.26
2025-12-16 22:45:00;101.04
2025-12-16 23:00:00;108.39
2025-12-16 23:15:00;101.03
2025-12-16 23:30:00;96.90
2025-12-16 23:45:00;88.92
2025-12-17 00:00:00;88.48
2025-12-17 00:15:00;87.25
2025-12-17 00:30:00;86.72
2025-12-17 00:45:00;85.44
2025-12-17 01:00:00;90.79
2025-12-17 01:15:00;87.70
2025-12-17 01:30:00;85.70
2025-12-17 01:45:00;84.65
2025-12-17 02:00:00;86.29
2025-12-17 02:15:00;83.86
2025-12-17 02:30:00;84.32
2025-12-17 02:45:00;83.97
2025-12-17 03:00:00;82.22
2025-12-17 03:15:00;82.17
2025-12-17 03:30:00;82.35
2025-12-17 03:45:00;81.74
2025-12-17 04:00:00;81.32
2025-12-17 04:15:00;80.00
2025-12-17 04:30:00;81.85
2025-12-17 04:45:00;83.36
2025-12-17 05:00:00;82.52
2025-12-17 05:15:00;82.42
2025-12-17 05:30:00;87.52
2025-12-17 05:45:00;90.30
2025-12-17 06:00:00;76.76
2025-12-17 06:15:00;83.24
2025-12-17 06:30:00;90.68
2025-12-17 06:45:00;108.66
2025-12-17 07:00:00;86.68
2025-12-17 07:15:00;96.47
2025-12-17 07:30:00;114.76
2025-12-17 07:45:00;123.43
2025-12-17 08:00:00;119.26
2025-12-17 08:15:00;127.20
2025-12-17 08:30:00;123.06
2025-12-17 08:45:00;115.75
2025-12-17 09:00:00;130.83
2025-12-17 09:15:00;129.75
2025-12-17 09:30:00;117.70
2025-12-17 09:45:00;110.14
2025-12-17 10:00:00;128.10
2025-12-17 10:15:00;119.17
2025-12-17 10:30:00;114.12
2025-12-17 10:45:00;107.81
2025-12-17 11:00:00;117.41
2025-12-17 11:15:00;111.38
2025-12-17 11:30:00;108.58
2025-12-17 11:45:00;105.35
2025-12-17 12:00:00;104.48
2025-12-17 12:15:00;102.79
2025-12-17 12:30:00;106.55
2025-12-17 12:45:00;108.78
2025-12-17 13:00:00;109.81
2025-12-17 13:15:00;109.89
2025-12-17 13:30:00;114.53
2025-12-17 13:45:00;114.38
2025-12-17 14:00:00;110.37
2025-12-17 14:15:00;111.11
2025-12-17 14:30:00;115.48
2025-12-17 14:45:00;130.35
2025-12-17 15:00:00;107.87
2025-12-17 15:15:00;114.56
2025-12-17 15:30:00;119.80
2025-12-17 15:45:00;122.90
2025-12-17 16:00:00;102.20
2025-12-17 16:15:00;107.67
2025-12-17 16:30:00;107.46
2025-12-17 16:45:00;108.35
2025-12-17 17:00:00;116.69
2025-12-17 17:15:00;113.93
2025-12-17 17:30:00;114.39
2025-12-17 17:45:00;106.91
2025-12-17 18:00:00;119.43
2025-12-17 18:15:00;108.23
2025-12-17 18:30:00;90.00
2025-12-17 18:45:00;84.28
2025-12-17 19:00:00;104.75
2025-12-17 19:15:00;82.62
2025-12-17 19:30:00;89.68
2025-12-17 19:45:00;84.85
2025-12-17 20:00:00;110.12
2025-12-17 20:15:00;97.25
2025-12-17 20:30:00;83.49
2025-12-17 20:45:00;83.29
2025-12-17 21:00:00;101.88
2025-12-17 21:15:00;89.66
2025-12-17 21:30:00;85.04
2025-12-17 21:45:00;79.40
2025-12-17 22:00:00;104.39
2025-12-17 22:15:00;99.33
2025-12-17 22:30:00;88.83
2025-12-17 22:45:00;80.30
2025-12-17 23:00:00;92.34
2025-12-17 23:15:00;85.16
2025-12-17 23:30:00;73.29
2025-12-17 23:45:00;64.50
2025-12-18 00:00:00;70.00
2025-12-18 00:15:00;72.85
2025-12-18 00:30:00;65.72
2025-12-18 00:45:00;60.62
2025-12-18 01:00:00;77.17
2025-12-18 01:15:00;65.00
2025-12-18 01:30:00;59.68
2025-12-18 01:45:00;46.82
2025-12-18 02:00:00;58.98
2025-12-18 02:15:00;51.23
2025-12-18 02:30:00;49.78
2025-12-18 02:45:00;48.82
2025-12-18 03:00:00;48.33
2025-12-18 03:15:00;43.75
2025-12-18 03:30:00;35.56
2025-12-18 03:45:00;31.80
2025-12-18 04:00:00;36.25
2025-12-18 04:15:00;32.17
2025-12-18 04:30:00;34.38
2025-12-18 04:45:00;31.60
2025-12-18 05:00:00;30.14
2025-12-18 05:15:00;32.13
2025-12-18 05:30:00;50.73
2025-12-18 05:45:00;54.14
2025-12-18 06:00:00;47.48
2025-12-18 06:15:00;54.21
2025-12-18 06:30:00;63.99
2025-12-18 06:45:00;66.19
2025-12-18 07:00:00;67.78
2025-12-18 07:15:00;75.79
2025-12-18 07:30:00;89.75
2025-12-18 07:45:00;86.92
2025-12-18 08:00:00;97.30
2025-12-18 08:15:00;85.33
2025-12-18 08:30:00;90.90
2025-12-18 08:45:00;76.36
2025-12-18 09:00:00;112.59
2025-12-18 09:15:00;86.08
2025-12-18 09:30:00;70.79
2025-12-18 09:45:00;62.28
2025-12-18 10:00:00;83.52
2025-12-18 10:15:00;74.97
2025-12-18 10:30:00;65.01
2025-12-18 10:45:00;55.32
2025-12-18 11:00:00;76.29
2025-12-18 11:15:00;66.76
2025-12-18 11:30:00;67.43
2025-12-18 11:45:00;61.30
2025-12-18 12:00:00;60.50
2025-12-18 12:15:00;59.86
2025-12-18 12:30:00;62.50
2025-12-18 12:45:00;66.69
2025-12-18 13:00:00;58.94
2025-12-18 13:15:00;61.26
2025-12-18 13:30:00;67.63
2025-12-18 13:45:00;70.64
2025-12-18 14:00:00;65.20
2025-12-18 14:15:00;74.51
2025-12-18 14:30:00;88.67
2025-12-18 14:45:00;85.42
2025-12-18 15:00:00;77.16
2025-12-18 15:15:00;81.09
2025-12-18 15:30:00;88.74
2025-12-18 15:45:00;101.21
2025-12-18 16:00:00;80.78
2025-12-18 16:15:00;82.43
2025-12-18 16:30:00;91.99
2025-12-18 16:45:00;85.99
2025-12-18 17:00:00;88.76
2025-12-18 17:15:00;86.31
2025-12-18 17:30:00;81.70
2025-12-18 17:45:00;78.14
2025-12-18 18:00:00;78.05
2025-12-18 18:15:00;80.30
2025-12-18 18:30:00;84.06
2025-12-18 18:45:00;79.92
2025-12-18 19:00:00;88.87
2025-12-18 19:15:00;79.16
2025-12-18 19:30:00;70.71
2025-12-18 19:45:00;66.98
2025-12-18 20:00:00;76.40
2025-12-18 20:15:00;69.47
2025-12-18 20:30:00;61.77
2025-12-18 20:45:00;51.79
2025-12-18 21:00:00;56.38
2025-12-18 21:15:00;59.62
2025-12-18 21:30:00;49.17
2025-12-18 21:45:00;38.69
2025-12-18 22:00:00;54.66
2025-12-18 22:15:00;52.45
2025-12-18 22:30:00;51.80
2025-12-18 22:45:00;39.16
2025-12-18 23:00:00;31.84
2025-12-18 23:15:00;21.35
2025-12-18 23:30:00;15.66
2025-12-18 23:45:00;6.95
2025-12-19 00:00:00;11.12
2025-12-19 00:15:00;9.56
2025-12-19 00:30:00;9.40
2025-12-19 00:45:00;9.92
2025-12-19 01:00:00;10.05
2025-12-19 01:15:00;7.60
2025-12-19 01:30:00;5.69
2025-12-19 01:45:00;4.95
2025-12-19 02:00:00;5.63
2025-12-19 02:15:00;7.00
2025-12-19 02:30:00;6.57
2025-12-19 02:45:00;5.74
2025-12-19 03:00:00;3.94
2025-12-19 03:15:00;6.22
2025-12-19 03:30:00;5.36
2025-12-19 03:45:00;4.70
2025-12-19 04:00:00;5.17
2025-12-19 04:15:00;5.16
2025-12-19 04:30:00;5.37
2025-12-19 04:45:00;7.00
2025-12-19 05:00:00;7.73
2025-12-19 05:15:00;9.36
2025-12-19 05:30:00;11.24
2025-12-19 05:45:00;19.97
2025-12-19 06:00:00;17.51
2025-12-19 06:15:00;37.71
2025-12-19 06:30:00;45.03
2025-12-19 06:45:00;64.69
2025-12-19 07:00:00;54.02
2025-12-19 07:15:00;69.20
2025-12-19 07:30:00;87.32
2025-12-19 07:45:00;94.55
2025-12-19 08:00:00;87.59
2025-12-19 08:15:00;90.05
2025-12-19 08:30:00;92.24
2025-12-19 08:45:00;88.96
2025-12-19 09:00:00;93.39
2025-12-19 09:15:00;90.41
2025-12-19 09:30:00;89.30
2025-12-19 09:45:00;86.39
2025-12-19 10:00:00;93.84
2025-12-19 10:15:00;90.13
2025-12-19 10:30:00;87.68
2025-12-19 10:45:00;86.00
2025-12-19 11:00:00;87.23
2025-12-19 11:15:00;86.14
2025-12-19 11:30:00;87.94
2025-12-19 11:45:00;88.65
2025-12-19 12:00:00;79.81
2025-12-19 12:15:00;81.14
2025-12-19 12:30:00;86.85
2025-12-19 12:45:00;89.35
2025-12-19 13:00:00;88.50
2025-12-19 13:15:00;85.95
2025-12-19 13:30:00;82.66
2025-12-19 13:45:00;85.67
2025-12-19 14:00:00;85.73
2025-12-19 14:15:00;90.22
2025-12-19 14:30:00;93.97
2025-12-19 14:45:00;93.42
2025-12-19 15:00:00;90.00
2025-12-19 15:15:00;94.15
2025-12-19 15:30:00;95.76
2025-12-19 15:45:00;95.09
2025-12-19 16:00:00;90.50
2025-12-19 16:15:00;91.04
2025-12-19 16:30:00;95.88
2025-12-19 16:45:00;103.20
2025-12-19 17:00:00;99.05
2025-12-19 17:15:00;104.97
2025-12-19 17:30:00;105.18
2025-12-19 17:45:00;106.96
2025-12-19 18:00:00;104.36
2025-12-19 18:15:00;106.01
2025-12-19 18:30:00;108.09
2025-12-19 18:45:00;105.37
2025-12-19 19:00:00;106.24
2025-12-19 19:15:00;103.13
2025-12-19 19:30:00;104.73
2025-12-19 19:45:00;97.29
2025-12-19 20:00:00;104.17
2025-12-19 20:15:00;102.30
2025-12-19 20:30:00;95.05
2025-12-19 20:45:00;94.49
2025-12-19 21:00:00;98.87
2025-12-19 21:15:00;95.00
2025-12-19 21:30:00;91.64
2025-12-19 21:45:00;87.06
2025-12-19 22:00:00;91.54
2025-12-19 22:15:00;93.83
2025-12-19 22:30:00;95.00
2025-12-19 22:45:00;90.37
2025-12-19 23:00:00;97.11
2025-12-19 23:15:00;89.26
2025-12-19 23:30:00;90.11
2025-12-19 23:45:00;84.26
2025-12-20 00:00:00;89.70
2025-12-20 00:15:00;85.74
2025-12-20 00:30:00;80.50
2025-12-20 00:45:00;80.62
2025-12-20 01:00:00;86.92
2025-12-20 01:15:00;83.30
2025-12-20 01:30:00;81.81
2025-12-20 01:45:00;81.05
2025-12-20 02:00:00;86.30
2025-12-20 02:15:00;83.64
2025-12-20 02:30:00;80.58
2025-12-20 02:45:00;80.66
2025-12-20 03:00:00;83.01
2025-12-20 03:15:00;81.36
2025-12-20 03:30:00;81.79
2025-12-20 03:45:00;81.29
2025-12-20 04:00:00;81.37
2025-12-20 04:15:00;79.99
2025-12-20 04:30:00;80.16
2025-12-20 04:45:00;83.24
2025-12-20 05:00:00;81.09
2025-12-20 05:15:00;79.08
2025-12-20 05:30:00;81.62
2025-12-20 05:45:00;88.59
2025-12-20 06:00:00;84.38
2025-12-20 06:15:00;86.69
2025-12-20 06:30:00;87.61
2025-12-20 06:45:00;92.79
2025-12-20 07:00:00;91.78
2025-12-20 07:15:00;94.32
2025-12-20 07:30:00;96.82
2025-12-20 07:45:00;100.58
2025-12-20 08:00:00;98.86
2025-12-20 08:15:00;101.17
2025-12-20 08:30:00;105.31
2025-12-20 08:45:00;107.20
2025-12-20 09:00:00;106.26
2025-12-20 09:15:00;106.63
2025-12-20 09:30:00;104.55
2025-12-20 09:45:00;102.61
2025-12-20 10:00:00;104.57
2025-12-20 10:15:00;104.34
2025-12-20 10:30:00;101.48
2025-12-20 10:45:00;96.95
2025-12-20 11:00:00;101.05
2025-12-20 11:15:00;97.92
2025-12-20 11:30:00;97.57
2025-12-20 11:45:00;94.50
2025-12-20 12:00:00;95.63
2025-12-20 12:15:00;94.09
2025-12-20 12:30:00;99.28
2025-12-20 12:45:00;97.14
2025-12-20 13:00:00;93.76
2025-12-20 13:15:00;93.96
2025-12-20 13:30:00;98.13
2025-12-20 13:45:00;99.80
2025-12-20 14:00:00;100.00
2025-12-20 14:15:00;101.66
2025-12-20 14:30:00;100.97
2025-12-20 14:45:00;100.62
2025-12-20 15:00:00;97.92
2025-12-20 15:15:00;99.57
2025-12-20 15:30:00;102.25
2025-12-20 15:45:00;108.10
2025-12-20 16:00:00;97.09
2025-12-20 16:15:00;104.09
2025-12-20 16:30:00;105.66
2025-12-20 16:45:00;111.01
2025-12-20 17:00:00;110.31
2025-12-20 17:15:00;108.50
2025-12-20 17:30:00;107.94
2025-12-20 17:45:00;107.74
2025-12-20 18:00:00;112.84
2025-12-20 18:15:00;107.23
2025-12-20 18:30:00;102.84
2025-12-20 18:45:00;101.21
2025-12-20 19:00:00;103.69
2025-12-20 19:15:00;96.77
2025-12-20 19:30:00;95.17
2025-12-20 19:45:00;88.58
2025-12-20 20:00:00;95.67
2025-12-20 20:15:00;90.03
2025-12-20 20:30:00;88.52
2025-12-20 20:45:00;84.16
2025-12-20 21:00:00;88.23
2025-12-20 21:15:00;85.44
2025-12-20 21:30:00;86.93
2025-12-20 21:45:00;83.40
2025-12-20 22:00:00;93.31
2025-12-20 22:15:00;85.91
2025-12-20 22:30:00;82.34
2025-12-20 22:45:00;85.61
2025-12-20 23:00:00;94.72
2025-12-20 23:15:00;83.96
2025-12-20 23:30:00;79.30
2025-12-20 23:45:00;76.86
2025-12-21 00:00:00;90.60
2025-12-21 00:15:00;84.42
2025-12-21 00:30:00;80.39
2025-12-21 00:45:00;76.17
2025-12-21 01:00:00;88.22
2025-12-21 01:15:00;81.93
2025-12-21 01:30:00;77.26
2025-12-21 01:45:00;75.64
2025-12-21 02:00:00;80.59
2025-12-21 02:15:00;76.66
2025-12-21 02:30:00;75.95
2025-12-21 02:45:00;73.61
2025-12-21 03:00:00;75.77
2025-12-21 03:15:00;75.52
2025-12-21 03:30:00;74.04
2025-12-21 03:45:00;72.93
2025-12-21 04:00:00;74.10
2025-12-21 04:15:00;72.21
2025-12-21 04:30:00;74.91
2025-12-21 04:45:00;73.40
2025-12-21 05:00:00;74.32
2025-12-21 05:15:00;73.55
2025-12-21 05:30:00;74.41
2025-12-21 05:45:00;74.70
2025-12-21 06:00:00;73.88
2025-12-21 06:15:00;75.67
2025-12-21 06:30:00;76.98
2025-12-21 06:45:00;81.50
2025-12-21 07:00:00;77.66
2025-12-21 07:15:00;80.33
2025-12-21 07:30:00;82.56
2025-12-21 07:45:00;89.31
2025-12-21 08:00:00;88.96
2025-12-21 08:15:00;91.47
2025-12-21 08:30:00;92.27
2025-12-21 08:45:00;93.05
2025-12-21 09:00:00;95.06
2025-12-21 09:15:00;97.32
2025-12-21 09:30:00;95.45
2025-12-21 09:45:00;93.12
2025-12-21 10:00:00;98.50
2025-12-21 10:15:00;93.78
2025-12-21 10:30:00;88.91
2025-12-21 10:45:00;84.04
2025-12-21 11:00:00;92.83
2025-12-21 11:15:00;91.87
2025-12-21 11:30:00;88.45
2025-12-21 11:45:00;87.14
2025-12-21 12:00:00;91.17
2025-12-21 12:15:00;88.20
2025-12-21 12:30:00;88.33
2025-12-21 12:45:00;87.65
2025-12-21 13:00:00;88.60
2025-12-21 13:15:00;86.38
2025-12-21 13:30:00;83.85
2025-12-21 13:45:00;82.24
2025-12-21 14:00:00;83.34
2025-12-21 14:15:00;85.00
2025-12-21 14:30:00;89.56
2025-12-21 14:45:00;91.91
2025-12-21 15:00:00;84.60
2025-12-21 15:15:00;90.99
2025-12-21 15:30:00;90.60
2025-12-21 15:45:00;92.00
2025-12-21 16:00:00;82.91
2025-12-21 16:15:00;90.00
2025-12-21 16:30:00;88.90
2025-12-21 16:45:00;90.45
2025-12-21 17:00:00;90.30
2025-12-21 17:15:00;89.94
2025-12-21 17:30:00;88.57
2025-12-21 17:45:00;86.88
2025-12-21 18:00:00;94.52
2025-12-21 18:15:00;87.35
2025-12-21 18:30:00;83.39
2025-12-21 18:45:00;83.44
2025-12-21 19:00:00;85.55
2025-12-21 19:15:00;85.45
2025-12-21 19:30:00;84.65
2025-12-21 19:45:00;83.98
2025-12-21 20:00:00;84.55
2025-12-21 20:15:00;82.09
2025-12-21 20:30:00;80.54
2025-12-21 20:45:00;78.93
2025-12-21 21:00:00;81.18
2025-12-21 21:15:00;77.08
2025-12-21 21:30:00;78.09
2025-12-21 21:45:00;73.65
2025-12-21 22:00:00;81.93
2025-12-21 22:15:00;77.58
2025-12-21 22:30:00;75.74
2025-12-21 22:45:00;70.79
2025-12-21 23:00:00;77.18
2025-12-21 23:15:00;71.67
2025-12-21 23:30:00;68.57
2025-12-21 23:45:00;63.84
2025-12-22 00:00:00;69.85
2025-12-22 00:15:00;67.64
2025-12-22 00:30:00;58.81
2025-12-22 00:45:00;52.61
2025-12-22 01:00:00;63.35
2025-12-22 01:15:00;62.35
2025-12-22 01:30:00;61.76
2025-12-22 01:45:00;60.18
2025-12-22 02:00:00;63.18
2025-12-22 02:15:00;61.75
2025-12-22 02:30:00;60.84
2025-12-22 02:45:00;56.70
2025-12-22 03:00:00;58.44
2025-12-22 03:15:00;56.42
2025-12-22 03:30:00;55.25
2025-12-22 03:45:00;53.92
2025-12-22 04:00:00;57.42
2025-12-22 04:15:00;57.10
2025-12-22 04:30:00;58.34
2025-12-22 04:45:00;60.54
2025-12-22 05:00:00;58.68
2025-12-22 05:15:00;61.58
2025-12-22 05:30:00;66.43
2025-12-22 05:45:00;66.66
2025-12-22 06:00:00;65.14
2025-12-22 06:15:00;70.42
2025-12-22 06:30:00;73.11
2025-12-22 06:45:00;81.45
2025-12-22 07:00:00;77.89
2025-12-22 07:15:00;80.70
2025-12-22 07:30:00;93.22
2025-12-22 07:45:00;99.95
2025-12-22 08:00:00;88.68
2025-12-22 08:15:00;90.70
2025-12-22 08:30:00;97.48
2025-12-22 08:45:00;93.89
2025-12-22 09:00:00;94.34
2025-12-22 09:15:00;91.66
2025-12-22 09:30:00;89.94
2025-12-22 09:45:00;88.69
2025-12-22 10:00:00;100.62
2025-12-22 10:15:00;91.04
2025-12-22 10:30:00;85.61
2025-12-22 10:45:00;77.70
2025-12-22 11:00:00;85.98
2025-12-22 11:15:00;82.50
2025-12-22 11:30:00;85.24
2025-12-22 11:45:00;86.59
2025-12-22 12:00:00;87.87
2025-12-22 12:15:00;85.55
2025-12-22 12:30:00;88.53
2025-12-22 12:45:00;88.63
2025-12-22 13:00:00;90.84
2025-12-22 13:15:00;89.21
2025-12-22 13:30:00;88.27
2025-12-22 13:45:00;87.67
2025-12-22 14:00:00;91.30
2025-12-22 14:15:00;91.98
2025-12-22 14:30:00;91.10
2025-12-22 14:45:00;93.01
2025-12-22 15:00:00;89.92
2025-12-22 15:15:00;97.15
2025-12-22 15:30:00;97.64
2025-12-22 15:45:00;100.50
2025-12-22 16:00:00;90.77
2025-12-22 16:15:00;98.49
2025-12-22 16:30:00;100.41
2025-12-22 16:45:00;103.46
2025-12-22 17:00:00;102.29
2025-12-22 17:15:00;105.19
2025-12-22 17:30:00;106.59
2025-12-22 17:45:00;105.86
2025-12-22 18:00:00;103.98
2025-12-22 18:15:00;103.09
2025-12-22 18:30:00;100.84
2025-12-22 18:45:00;100.66
2025-12-22 19:00:00;97.34
2025-12-22 19:15:00;97.47
2025-12-22 19:30:00;95.81
2025-12-22 19:45:00;94.55
2025-12-22 20:00:00;93.21
2025-12-22 20:15:00;92.19
2025-12-22 20:30:00;88.38
2025-12-22 20:45:00;86.67
2025-12-22 21:00:00;90.10
2025-12-22 21:15:00;85.82
2025-12-22 21:30:00;84.45
2025-12-22 21:45:00;80.70
2025-12-22 22:00:00;90.45
2025-12-22 22:15:00;87.24
2025-12-22 22:30:00;84.13
2025-12-22 22:45:00;78.01
2025-12-22 23:00:00;88.40
2025-12-22 23:15:00;80.65
2025-12-22 23:30:00;75.11
2025-12-22 23:45:00;69.43
2025-12-23 00:00:00;80.22
2025-12-23 00:15:00;75.00
2025-12-23 00:30:00;72.48
2025-12-23 00:45:00;68.02
2025-12-23 01:00:00;74.05
2025-12-23 01:15:00;66.80
2025-12-23 01:30:00;64.59
2025-12-23 01:45:00;63.11
2025-12-23 02:00:00;65.55
2025-12-23 02:15:00;62.56
2025-12-23 02:30:00;61.51
2025-12-23 02:45:00;60.92
2025-12-23 03:00:00;60.62
2025-12-23 03:15:00;60.27
2025-12-23 03:30:00;59.72
2025-12-23 03:45:00;58.61
2025-12-23 04:00:00;59.07
2025-12-23 04:15:00;57.39
2025-12-23 04:30:00;57.19
2025-12-23 04:45:00;58.20
2025-12-23 05:00:00;58.86
2025-12-23 05:15:00;58.88
2025-12-23 05:30:00;59.58
2025-12-23 05:45:00;60.00
2025-12-23 06:00:00;63.66
2025-12-23 06:15:00;65.34
2025-12-23 06:30:00;71.76
2025-12-23 06:45:00;74.54
2025-12-23 07:00:00;72.88
2025-12-23 07:15:00;77.74
2025-12-23 07:30:00;81.67
2025-12-23 07:45:00;87.01
2025-12-23 08:00:00;81.15
2025-12-23 08:15:00;86.07
2025-12-23 08:30:00;87.82
2025-12-23 08:45:00;90.02
2025-12-23 09:00:00;92.77
2025-12-23 09:15:00;90.02
2025-12-23 09:30:00;88.31
2025-12-23 09:45:00;84.63
2025-12-23 10:00:00;92.86
2025-12-23 10:15:00;87.45
2025-12-23 10:30:00;84.93
2025-12-23 10:45:00;80.87
2025-12-23 11:00:00;87.41
2025-12-23 11:15:00;84.00
2025-12-23 11:30:00;82.20
2025-12-23 11:45:00;80.00
2025-12-23 12:00:00;85.61
2025-12-23 12:15:00;82.04
2025-12-23 12:30:00;82.04
2025-12-23 12:45:00;80.95
2025-12-23 13:00:00;82.59
2025-12-23 13:15:00;80.65
2025-12-23 13:30:00;79.90
2025-12-23 13:45:00;80.30
2025-12-23 14:00:00;78.07
2025-12-23 14:15:00;80.02
2025-12-23 14:30:00;82.02
2025-12-23 14:45:00;82.86
2025-12-23 15:00:00;78.36
2025-12-23 15:15:00;82.45
2025-12-23 15:30:00;85.55
2025-12-23 15:45:00;87.50
2025-12-23 16:00:00;81.96
2025-12-23 16:15:00;81.98
2025-12-23 16:30:00;85.34
2025-12-23 16:45:00;94.23
2025-12-23 17:00:00;81.73
2025-12-23 17:15:00;83.00
2025-12-23 17:30:00;88.81
2025-12-23 17:45:00;88.77
2025-12-23 18:00:00;85.02
2025-12-23 18:15:00;83.91
2025-12-23 18:30:00;86.31
2025-12-23 18:45:00;85.31
2025-12-23 19:00:00;84.34
2025-12-23 19:15:00;83.95
2025-12-23 19:30:00;83.67
2025-12-23 19:45:00;82.75
2025-12-23 20:00:00;86.98
2025-12-23 20:15:00;83.57
2025-12-23 20:30:00;74.85
2025-12-23 20:45:00;68.88
2025-12-23 21:00:00;76.96
2025-12-23 21:15:00;74.14
2025-12-23 21:30:00;68.15
2025-12-23 21:45:00;61.02
2025-12-23 22:00:00;77.30
2025-12-23 22:15:00;70.77
2025-12-23 22:30:00;72.11
2025-12-23 22:45:00;66.38
2025-12-23 23:00:00;71.44
2025-12-23 23:15:00;63.78
2025-12-23 23:30:00;63.45
2025-12-23 23:45:00;57.07
2025-12-24 00:00:00;65.87
2025-12-24 00:15:00;65.41
2025-12-24 00:30:00;55.66
2025-12-24 00:45:00;49.93
2025-12-24 01:00:00;57.00
2025-12-24 01:15:00;53.48
2025-12-24 01:30:00;50.90
2025-12-24 01:45:00;46.87
2025-12-24 02:00:00;50.88
2025-12-24 02:15:00;48.28
2025-12-24 02:30:00;48.07
2025-12-24 02:45:00;47.21
2025-12-24 03:00:00;47.28
2025-12-24 03:15:00;46.82
2025-12-24 03:30:00;44.47
2025-12-24 03:45:00;42.12
2025-12-24 04:00:00;46.30
2025-12-24 04:15:00;43.79
2025-12-24 04:30:00;40.87
2025-12-24 04:45:00;40.35
2025-12-24 05:00:00;44.21
2025-12-24 05:15:00;42.08
2025-12-24 05:30:00;44.51
2025-12-24 05:45:00;45.04
2025-12-24 06:00:00;45.00
2025-12-24 06:15:00;45.02
2025-12-24 06:30:00;50.00
2025-12-24 06:45:00;50.64
2025-12-24 07:00:00;50.00
2025-12-24 07:15:00;59.20
2025-12-24 07:30:00;61.24
2025-12-24 07:45:00;68.79
2025-12-24 08:00:00;70.75
2025-12-24 08:15:00;70.88
2025-12-24 08:30:00;79.41
2025-12-24 08:45:00;81.53
2025-12-24 09:00:00;82.38
2025-12-24 09:15:00;77.68
2025-12-24 09:30:00;74.02
2025-12-24 09:45:00;65.36
2025-12-24 10:00:00;75.00
2025-12-24 10:15:00;68.01
2025-12-24 10:30:00;65.28
2025-12-24 10:45:00;60.58
2025-12-24 11:00:00;60.45
2025-12-24 11:15:00;57.91
2025-12-24 11:30:00;56.74
2025-12-24 11:45:00;54.35
2025-12-24 12:00:00;55.90
2025-12-24 12:15:00;54.93
2025-12-24 12:30:00;54.55
2025-12-24 12:45:00;53.70
2025-12-24 13:00:00;53.45
2025-12-24 13:15:00;53.52
2025-12-24 13:30:00;54.26
2025-12-24 13:45:00;55.21
2025-12-24 14:00:00;54.72
2025-12-24 14:15:00;56.41
2025-12-24 14:30:00;58.78
2025-12-24 14:45:00;64.18
2025-12-24 15:00:00;58.44
2025-12-24 15:15:00;70.16
2025-12-24 15:30:00;70.62
2025-12-24 15:45:00;71.15
2025-12-24 16:00:00;68.31
2025-12-24 16:15:00;76.71
2025-12-24 16:30:00;79.15
2025-12-24 16:45:00;79.92
2025-12-24 17:00:00;78.01
2025-12-24 17:15:00;81.50
2025-12-24 17:30:00;83.84
2025-12-24 17:45:00;82.33
2025-12-24 18:00:00;84.66
2025-12-24 18:15:00;70.57
2025-12-24 18:30:00;76.31
2025-12-24 18:45:00;70.25
2025-12-24 19:00:00;70.89
2025-12-24 19:15:00;68.18
2025-12-24 19:30:00;71.10
2025-12-24 19:45:00;66.30
2025-12-24 20:00:00;70.28
2025-12-24 20:15:00;67.75
2025-12-24 20:30:00;63.64
2025-12-24 20:45:00;60.19
2025-12-24 21:00:00;65.65
2025-12-24 21:15:00;64.80
2025-12-24 21:30:00;60.76
2025-12-24 21:45:00;59.81
2025-12-24 22:00:00;65.29
2025-12-24 22:15:00;63.41
2025-12-24 22:30:00;62.02
2025-12-24 22:45:00;59.08
2025-12-24 23:00:00;61.98
2025-12-24 23:15:00;61.82
2025-12-24 23:30:00;57.54
2025-12-24 23:45:00;50.00
2025-12-25 00:00:00;56.78
2025-12-25 00:15:00;53.93
2025-12-25 00:30:00;51.72
2025-12-25 00:45:00;53.65
2025-12-25 01:00:00;48.54
2025-12-25 01:15:00;48.98
2025-12-25 01:30:00;49.14
2025-12-25 01:45:00;47.35
2025-12-25 02:00:00;50.02
2025-12-25 02:15:00;47.93
2025-12-25 02:30:00;45.90
2025-12-25 02:45:00;45.02
2025-12-25 03:00:00;45.00
2025-12-25 03:15:00;43.59
2025-12-25 03:30:00;43.04
2025-12-25 03:45:00;43.02
2025-12-25 04:00:00;42.51
2025-12-25 04:15:00;41.16
2025-12-25 04:30:00;41.54
2025-12-25 04:45:00;41.24
2025-12-25 05:00:00;42.31
2025-12-25 05:15:00;42.90
2025-12-25 05:30:00;40.58
2025-12-25 05:45:00;41.10
2025-12-25 06:00:00;39.03
2025-12-25 06:15:00;41.57
2025-12-25 06:30:00;43.17
2025-12-25 06:45:00;41.63
2025-12-25 07:00:00;43.28
2025-12-25 07:15:00;47.96
2025-12-25 07:30:00;52.09
2025-12-25 07:45:00;47.68
2025-12-25 08:00:00;53.42
2025-12-25 08:15:00;58.35
2025-12-25 08:30:00;60.63
2025-12-25 08:45:00;56.00
2025-12-25 09:00:00;61.48
2025-12-25 09:15:00;59.19
2025-12-25 09:30:00;57.38
2025-12-25 09:45:00;53.36
2025-12-25 10:00:00;51.90
2025-12-25 10:15:00;46.56
2025-12-25 10:30:00;43.81
2025-12-25 10:45:00;45.34
2025-12-25 11:00:00;43.01
2025-12-25 11:15:00;39.07
2025-12-25 11:30:00;40.83
2025-12-25 11:45:00;43.47
2025-12-25 12:00:00;46.54
2025-12-25 12:15:00;43.59
2025-12-25 12:30:00;41.54
2025-12-25 12:45:00;40.91
2025-12-25 13:00:00;38.08
2025-12-25 13:15:00;38.72
2025-12-25 13:30:00;41.45
2025-12-25 13:45:00;51.05
2025-12-25 14:00:00;41.76
2025-12-25 14:15:00;52.85
2025-12-25 14:30:00;58.04
2025-12-25 14:45:00;68.58
2025-12-25 15:00:00;63.00
2025-12-25 15:15:00;70.78
2025-12-25 15:30:00;80.00
2025-12-25 15:45:00;85.57
2025-12-25 16:00:00;78.37
2025-12-25 16:15:00;78.40
2025-12-25 16:30:00;89.76
2025-12-25 16:45:00;92.16
2025-12-25 17:00:00;85.34
2025-12-25 17:15:00;93.46
2025-12-25 17:30:00;96.64
2025-12-25 17:45:00;97.59
2025-12-25 18:00:00;95.15
2025-12-25 18:15:00;95.32
2025-12-25 18:30:00;94.56
2025-12-25 18:45:00;93.43
2025-12-25 19:00:00;92.60
2025-12-25 19:15:00;92.82
2025-12-25 19:30:00;92.06
2025-12-25 19:45:00;94.23
2025-12-25 20:00:00;96.66
2025-12-25 20:15:00;96.93
2025-12-25 20:30:00;88.18
2025-12-25 20:45:00;85.26
2025-12-25 21:00:00;90.63
2025-12-25 21:15:00;94.79
2025-12-25 21:30:00;92.89
2025-12-25 21:45:00;88.85
2025-12-25 22:00:00;93.61
2025-12-25 22:15:00;95.51
2025-12-25 22:30:00;96.52
2025-12-25 22:45:00;93.06
2025-12-25 23:00:00;94.27
2025-12-25 23:15:00;91.20
2025-12-25 23:30:00;90.53
2025-12-25 23:45:00;88.01
2025-12-26 00:00:00;106.45
2025-12-26 00:15:00;99.96
2025-12-26 00:30:00;91.46
2025-12-26 00:45:00;90.53
2025-12-26 01:00:00;95.66
2025-12-26 01:15:00;91.35
2025-12-26 01:30:00;90.74
2025-12-26 01:45:00;86.46
2025-12-26 02:00:00;90.74
2025-12-26 02:15:00;85.91
2025-12-26 02:30:00;84.12
2025-12-26 02:45:00;81.65
2025-12-26 03:00:00;85.00
2025-12-26 03:15:00;83.03
2025-12-26 03:30:00;81.05
2025-12-26 03:45:00;79.82
2025-12-26 04:00:00;78.78
2025-12-26 04:15:00;78.85
2025-12-26 04:30:00;80.19
2025-12-26 04:45:00;80.19
2025-12-26 05:00:00;77.84
2025-12-26 05:15:00;78.50
2025-12-26 05:30:00;81.01
2025-12-26 05:45:00;82.70
2025-12-26 06:00:00;78.97
2025-12-26 06:15:00;81.25
2025-12-26 06:30:00;87.08
2025-12-26 06:45:00;90.19
2025-12-26 07:00:00;86.79
2025-12-26 07:15:00;91.00
2025-12-26 07:30:00;93.39
2025-12-26 07:45:00;98.74
2025-12-26 08:00:00;93.75
2025-12-26 08:15:00;95.66
2025-12-26 08:30:00;99.43
2025-12-26 08:45:00;100.07
2025-12-26 09:00:00;102.57
2025-12-26 09:15:00;101.29
2025-12-26 09:30:00;93.82
2025-12-26 09:45:00;85.23
2025-12-26 10:00:00;96.00
2025-12-26 10:15:00;91.22
2025-12-26 10:30:00;86.90
2025-12-26 10:45:00;82.88
2025-12-26 11:00:00;89.00
2025-12-26 11:15:00;85.28
2025-12-26 11:30:00;83.71
2025-12-26 11:45:00;81.98
2025-12-26 12:00:00;83.11
2025-12-26 12:15:00;82.00
2025-12-26 12:30:00;81.83
2025-12-26 12:45:00;82.31
2025-12-26 13:00:00;80.00
2025-12-26 13:15:00;80.68
2025-12-26 13:30:00;84.44
2025-12-26 13:45:00;84.17
2025-12-26 14:00:00;75.08
2025-12-26 14:15:00;83.01
2025-12-26 14:30:00;89.82
2025-12-26 14:45:00;105.96
2025-12-26 15:00:00;85.89
2025-12-26 15:15:00;99.08
2025-12-26 15:30:00;105.71
2025-12-26 15:45:00;111.41
2025-12-26 16:00:00;101.90
2025-12-26 16:15:00;108.22
2025-12-26 16:30:00;109.01
2025-12-26 16:45:00;112.41
2025-12-26 17:00:00;109.57
2025-12-26 17:15:00;112.97
2025-12-26 17:30:00;114.56
2025-12-26 17:45:00;114.78
2025-12-26 18:00:00;111.60
2025-12-26 18:15:00;112.62
2025-12-26 18:30:00;113.03
2025-12-26 18:45:00;110.84
2025-12-26 19:00:00;111.99
2025-12-26 19:15:00;111.92
2025-12-26 19:30:00;111.98
2025-12-26 19:45:00;109.92
2025-12-26 20:00:00;115.06
2025-12-26 20:15:00;110.25
2025-12-26 20:30:00;104.24
2025-12-26 20:45:00;102.69
2025-12-26 21:00:00;110.38
2025-12-26 21:15:00;108.39
2025-12-26 21:30:00;104.08
2025-12-26 21:45:00;100.21
2025-12-26 22:00:00;106.59
2025-12-26 22:15:00;109.40
2025-12-26 22:30:00;103.78
2025-12-26 22:45:00;96.49
2025-12-26 23:00:00;106.17
2025-12-26 23:15:00;100.36
2025-12-26 23:30:00;93.50
2025-12-26 23:45:00;88.27
2025-12-27 00:00:00;103.01
2025-12-27 00:15:00;98.55
2025-12-27 00:30:00;92.10
2025-12-27 00:45:00;88.07
2025-12-27 01:00:00;99.44
2025-12-27 01:15:00;90.27
2025-12-27 01:30:00;88.35
2025-12-27 01:45:00;84.61
2025-12-27 02:00:00;88.61
2025-12-27 02:15:00;84.77
2025-12-27 02:30:00;81.39
2025-12-27 02:45:00;79.22
2025-12-27 03:00:00;82.13
2025-12-27 03:15:00;79.36
2025-12-27 03:30:00;78.69
2025-12-27 03:45:00;77.05
2025-12-27 04:00:00;80.06
2025-12-27 04:15:00;80.00
2025-12-27 04:30:00;79.58
2025-12-27 04:45:00;79.33
2025-12-27 05:00:00;76.49
2025-12-27 05:15:00;78.00
2025-12-27 05:30:00;78.96
2025-12-27 05:45:00;82.90
2025-12-27 06:00:00;75.17
2025-12-27 06:15:00;80.78
2025-12-27 06:30:00;84.70
2025-12-27 06:45:00;90.00
2025-12-27 07:00:00;86.66
2025-12-27 07:15:00;89.03
2025-12-27 07:30:00;95.08
2025-12-27 07:45:00;96.46
2025-12-27 08:00:00;99.07
2025-12-27 08:15:00;99.99
2025-12-27 08:30:00;99.67
2025-12-27 08:45:00;92.87
2025-12-27 09:00:00;105.67
2025-12-27 09:15:00;100.34
2025-12-27 09:30:00;87.84
2025-12-27 09:45:00;74.90
2025-12-27 10:00:00;99.47
2025-12-27 10:15:00;77.43
2025-12-27 10:30:00;71.15
2025-12-27 10:45:00;69.27
2025-12-27 11:00:00;76.50
2025-12-27 11:15:00;75.16
2025-12-27 11:30:00;74.03
2025-12-27 11:45:00;70.99
2025-12-27 12:00:00;75.04
2025-12-27 12:15:00;70.86
2025-12-27 12:30:00;74.43
2025-12-27 12:45:00;75.07
2025-12-27 13:00:00;70.90
2025-12-27 13:15:00;73.83
2025-12-27 13:30:00;76.82
2025-12-27 13:45:00;84.67
2025-12-27 14:00:00;69.13
2025-12-27 14:15:00;78.72
2025-12-27 14:30:00;82.32
2025-12-27 14:45:00;90.95
2025-12-27 15:00:00;74.86
2025-12-27 15:15:00;84.82
2025-12-27 15:30:00;91.91
2025-12-27 15:45:00;102.07
2025-12-27 16:00:00;87.72
2025-12-27 16:15:00;94.31
2025-12-27 16:30:00;101.94
2025-12-27 16:45:00;106.62
2025-12-27 17:00:00;94.58
2025-12-27 17:15:00;103.49
2025-12-27 17:30:00;105.30
2025-12-27 17:45:00;105.30
2025-12-27 18:00:00;105.30
2025-12-27 18:15:00;105.43
2025-12-27 18:30:00;105.30
2025-12-27 18:45:00;105.26
2025-12-27 19:00:00;105.92
2025-12-27 19:15:00;103.65
2025-12-27 19:30:00;101.06
2025-12-27 19:45:00;103.64
2025-12-27 20:00:00;109.22
2025-12-27 20:15:00;102.00
2025-12-27 20:30:00;97.09
2025-12-27 20:45:00;91.10
2025-12-27 21:00:00;98.61
2025-12-27 21:15:00;93.83
2025-12-27 21:30:00;90.25
2025-12-27 21:45:00;85.31
2025-12-27 22:00:00;99.47
2025-12-27 22:15:00;96.33
2025-12-27 22:30:00;89.93
2025-12-27 22:45:00;86.62
2025-12-27 23:00:00;98.12
2025-12-27 23:15:00;91.50
2025-12-27 23:30:00;87.31
2025-12-27 23:45:00;78.14
2025-12-28 00:00:00;92.68
2025-12-28 00:15:00;89.12
2025-12-28 00:30:00;83.45
2025-12-28 00:45:00;75.19
2025-12-28 01:00:00;91.22
2025-12-28 01:15:00;85.54
2025-12-28 01:30:00;82.20
2025-12-28 01:45:00;76.02
2025-12-28 02:00:00;85.86
2025-12-28 02:15:00;80.70
2025-12-28 02:30:00;76.94
2025-12-28 02:45:00;74.71
2025-12-28 03:00:00;77.25
2025-12-28 03:15:00;75.46
2025-12-28 03:30:00;77.94
2025-12-28 03:45:00;77.00
2025-12-28 04:00:00;77.10
2025-12-28 04:15:00;75.94
2025-12-28 04:30:00;78.34
2025-12-28 04:45:00;74.66
2025-12-28 05:00:00;78.18
2025-12-28 05:15:00;77.74
2025-12-28 05:30:00;79.79
2025-12-28 05:45:00;80.83
2025-12-28 06:00:00;76.69
2025-12-28 06:15:00;79.87
2025-12-28 06:30:00;83.77
2025-12-28 06:45:00;88.41
2025-12-28 07:00:00;78.58
2025-12-28 07:15:00;84.55
2025-12-28 07:30:00;87.84
2025-12-28 07:45:00;93.70
2025-12-28 08:00:00;87.85
2025-12-28 08:15:00;92.36
2025-12-28 08:30:00;94.68
2025-12-28 08:45:00;94.42
2025-12-28 09:00:00;101.15
2025-12-28 09:15:00;97.03
2025-12-28 09:30:00;94.03
2025-12-28 09:45:00;81.64
2025-12-28 10:00:00;97.93
2025-12-28 10:15:00;87.87
2025-12-28 10:30:00;82.17
2025-12-28 10:45:00;77.38
2025-12-28 11:00:00;88.61
2025-12-28 11:15:00;85.29
2025-12-28 11:30:00;83.37
2025-12-28 11:45:00;78.70
2025-12-28 12:00:00;82.13
2025-12-28 12:15:00;78.74
2025-12-28 12:30:00;79.55
2025-12-28 12:45:00;79.09
2025-12-28 13:00:00;76.60
2025-12-28 13:15:00;77.72
2025-12-28 13:30:00;78.90
2025-12-28 13:45:00;82.88
2025-12-28 14:00:00;78.51
2025-12-28 14:15:00;81.10
2025-12-28 14:30:00;84.68
2025-12-28 14:45:00;92.80
2025-12-28 15:00:00;85.02
2025-12-28 15:15:00;92.08
2025-12-28 15:30:00;102.99
2025-12-28 15:45:00;102.79
2025-12-28 16:00:00;96.66
2025-12-28 16:15:00;105.18
2025-12-28 16:30:00;109.20
2025-12-28 16:45:00;110.58
2025-12-28 17:00:00;107.52
2025-12-28 17:15:00;109.88
2025-12-28 17:30:00;109.75
2025-12-28 17:45:00;110.35
2025-12-28 18:00:00;116.19
2025-12-28 18:15:00;111.70
2025-12-28 18:30:00;111.11
2025-12-28 18:45:00;107.78
2025-12-28 19:00:00;114.31
2025-12-28 19:15:00;109.73
2025-12-28 19:30:00;107.59
2025-12-28 19:45:00;105.76
2025-12-28 20:00:00;108.44
2025-12-28 20:15:00;107.00
2025-12-28 20:30:00;103.66
2025-12-28 20:45:00;100.94
2025-12-28 21:00:00;101.08
2025-12-28 21:15:00;100.01
2025-12-28 21:30:00;99.04
2025-12-28 21:45:00;95.98
2025-12-28 22:00:00;100.01
2025-12-28 22:15:00;98.70
2025-12-28 22:30:00;98.22
2025-12-28 22:45:00;96.20
2025-12-28 23:00:00;97.74
2025-12-28 23:15:00;93.95
2025-12-28 23:30:00;90.24
2025-12-28 23:45:00;83.22
2025-12-29 00:00:00;103.99
2025-12-29 00:15:00;94.69
2025-12-29 00:30:00;85.01
2025-12-29 00:45:00;79.07
2025-12-29 01:00:00;94.21
2025-12-29 01:15:00;85.80
2025-12-29 01:30:00;87.32
2025-12-29 01:45:00;85.99
2025-12-29 02:00:00;89.89
2025-12-29 02:15:00;85.28
2025-12-29 02:30:00;81.48
2025-12-29 02:45:00;82.81
2025-12-29 03:00:00;84.38
2025-12-29 03:15:00;82.00
2025-12-29 03:30:00;81.05
2025-12-29 03:45:00;81.33
2025-12-29 04:00:00;81.04
2025-12-29 04:15:00;80.75
2025-12-29 04:30:00;84.79
2025-12-29 04:45:00;88.10
2025-12-29 05:00:00;84.67
2025-12-29 05:15:00;89.00
2025-12-29 05:30:00;92.00
2025-12-29 05:45:00;97.50
2025-12-29 06:00:00;87.64
2025-12-29 06:15:00;95.17
2025-12-29 06:30:00;97.30
2025-12-29 06:45:00;105.22
2025-12-29 07:00:00;96.71
2025-12-29 07:15:00;105.85
2025-12-29 07:30:00;106.62
2025-12-29 07:45:00;109.77
2025-12-29 08:00:00;119.18
2025-12-29 08:15:00;113.83
2025-12-29 08:30:00;112.50
2025-12-29 08:45:00;110.00
2025-12-29 09:00:00;120.05
2025-12-29 09:15:00;112.26
2025-12-29 09:30:00;109.29
2025-12-29 09:45:00;102.34
2025-12-29 10:00:00;110.54
2025-12-29 10:15:00;103.95
2025-12-29 10:30:00;97.06
2025-12-29 10:45:00;88.13
2025-12-29 11:00:00;100.70
2025-12-29 11:15:00;91.45
2025-12-29 11:30:00;91.23
2025-12-29 11:45:00;88.00
2025-12-29 12:00:00;94.16
2025-12-29 12:15:00;90.00
2025-12-29 12:30:00;90.42
2025-12-29 12:45:00;88.57
2025-12-29 13:00:00;93.37
2025-12-29 13:15:00;92.15
2025-12-29 13:30:00;88.77
2025-12-29 13:45:00;91.23
2025-12-29 14:00:00;90.38
2025-12-29 14:15:00;94.27
2025-12-29 14:30:00;97.65
2025-12-29 14:45:00;102.42
2025-12-29 15:00:00;93.74
2025-12-29 15:15:00;101.34
2025-12-29 15:30:00;105.89
2025-12-29 15:45:00;105.69
2025-12-29 16:00:00;103.48
2025-12-29 16:15:00;106.17
2025-12-29 16:30:00;108.38
2025-12-29 16:45:00;105.61
2025-12-29 17:00:00;105.58
2025-12-29 17:15:00;106.01
2025-12-29 17:30:00;108.41
2025-12-29 17:45:00;107.29
2025-12-29 18:00:00;108.58
2025-12-29 18:15:00;107.46
2025-12-29 18:30:00;102.28
2025-12-29 18:45:00;101.79
2025-12-29 19:00:00;107.03
2025-12-29 19:15:00;98.94
2025-12-29 19:30:00;93.33
2025-12-29 19:45:00;91.93
2025-12-29 20:00:00;100.00
2025-12-29 20:15:00;94.06
2025-12-29 20:30:00;90.00
2025-12-29 20:45:00;85.02
2025-12-29 21:00:00;88.78
2025-12-29 21:15:00;85.80
2025-12-29 21:30:00;85.69
2025-12-29 21:45:00;80.43
2025-12-29 22:00:00;91.70
2025-12-29 22:15:00;87.13
2025-12-29 22:30:00;88.90
2025-12-29 22:45:00;86.51
2025-12-29 23:00:00;90.42
2025-12-29 23:15:00;85.59
2025-12-29 23:30:00;83.69
2025-12-29 23:45:00;74.14
2025-12-30 00:00:00;87.09
2025-12-30 00:15:00;81.56
2025-12-30 00:30:00;73.69
2025-12-30 00:45:00;70.08
2025-12-30 01:00:00;77.06
2025-12-30 01:15:00;73.21
2025-12-30 01:30:00;72.46
2025-12-30 01:45:00;72.06
2025-12-30 02:00:00;74.61
2025-12-30 02:15:00;74.15
2025-12-30 02:30:00;71.12
2025-12-30 02:45:00;70.40
2025-12-30 03:00:00;71.29
2025-12-30 03:15:00;70.07
2025-12-30 03:30:00;69.57
2025-12-30 03:45:00;68.53
2025-12-30 04:00:00;69.42
2025-12-30 04:15:00;68.88
2025-12-30 04:30:00;69.85
2025-12-30 04:45:00;69.01
2025-12-30 05:00:00;70.07
2025-12-30 05:15:00;73.09
2025-12-30 05:30:00;70.46
2025-12-30 05:45:00;76.99
2025-12-30 06:00:00;69.00
2025-12-30 06:15:00;78.39
2025-12-30 06:30:00;85.89
2025-12-30 06:45:00;88.37
2025-12-30 07:00:00;80.43
2025-12-30 07:15:00;87.50
2025-12-30 07:30:00;93.42
2025-12-30 07:45:00;91.59
2025-12-30 08:00:00;93.18
2025-12-30 08:15:00;99.00
2025-12-30 08:30:00;95.35
2025-12-30 08:45:00;91.98
2025-12-30 09:00:00;104.60
2025-12-30 09:15:00;99.87
2025-12-30 09:30:00;93.55
2025-12-30 09:45:00;79.55
2025-12-30 10:00:00;96.73
2025-12-30 10:15:00;86.34
2025-12-30 10:30:00;81.14
2025-12-30 10:45:00;79.07
2025-12-30 11:00:00;81.40
2025-12-30 11:15:00;80.23
2025-12-30 11:30:00;79.00
2025-12-30 11:45:00;76.89
2025-12-30 12:00:00;78.97
2025-12-30 12:15:00;76.99
2025-12-30 12:30:00;76.11
2025-12-30 12:45:00;72.55
2025-12-30 13:00:00;72.83
2025-12-30 13:15:00;74.76
2025-12-30 13:30:00;74.12
2025-12-30 13:45:00;81.11
2025-12-30 14:00:00;71.13
2025-12-30 14:15:00;82.18
2025-12-30 14:30:00;87.89
2025-12-30 14:45:00;96.58
2025-12-30 15:00:00;83.54
2025-12-30 15:15:00;90.87
2025-12-30 15:30:00;101.83
2025-12-30 15:45:00;103.19
2025-12-30 16:00:00;94.98
2025-12-30 16:15:00;100.57
2025-12-30 16:30:00;102.52
2025-12-30 16:45:00;113.63
2025-12-30 17:00:00;103.56
2025-12-30 17:15:00;109.51
2025-12-30 17:30:00;107.98
2025-12-30 17:45:00;109.29
2025-12-30 18:00:00;111.56
2025-12-30 18:15:00;107.84
2025-12-30 18:30:00;106.07
2025-12-30 18:45:00;106.31
2025-12-30 19:00:00;106.93
2025-12-30 19:15:00;105.88
2025-12-30 19:30:00;105.13
2025-12-30 19:45:00;104.88
2025-12-30 20:00:00;104.51
2025-12-30 20:15:00;101.74
2025-12-30 20:30:00;99.90
2025-12-30 20:45:00;95.12
2025-12-30 21:00:00;99.98
2025-12-30 21:15:00;94.35
2025-12-30 21:30:00;90.09
2025-12-30 21:45:00;86.43
2025-12-30 22:00:00;101.53
2025-12-30 22:15:00;93.98
2025-12-30 22:30:00;89.50
2025-12-30 22:45:00;83.34
2025-12-30 23:00:00;94.86
2025-12-30 23:15:00;88.45
2025-12-30 23:30:00;82.19
2025-12-30 23:45:00;77.73
2025-12-31 00:00:00;94.87
2025-12-31 00:15:00;90.31
2025-12-31 00:30:00;86.19
2025-12-31 00:45:00;81.13
2025-12-31 01:00:00;90.11
2025-12-31 01:15:00;83.48
2025-12-31 01:30:00;82.71
2025-12-31 01:45:00;81.24
2025-12-31 02:00:00;83.54
2025-12-31 02:15:00;81.06
2025-12-31 02:30:00;79.26
2025-12-31 02:45:00;77.00
2025-12-31 03:00:00;80.00
2025-12-31 03:15:00;76.19
2025-12-31 03:30:00;75.03
2025-12-31 03:45:00;75.10
2025-12-31 04:00:00;74.41
2025-12-31 04:15:00;75.01
2025-12-31 04:30:00;74.71
2025-12-31 04:45:00;75.60
2025-12-31 05:00:00;75.05
2025-12-31 05:15:00;75.62
2025-12-31 05:30:00;78.10
2025-12-31 05:45:00;80.74
2025-12-31 06:00:00;77.82
2025-12-31 06:15:00;82.36
2025-12-31 06:30:00;82.95
2025-12-31 06:45:00;84.73
2025-12-31 07:00:00;86.37
2025-12-31 07:15:00;82.76
2025-12-31 07:30:00;87.32
2025-12-31 07:45:00;92.33
2025-12-31 08:00:00;96.85
2025-12-31 08:15:00;98.39
2025-12-31 08:30:00;97.11
2025-12-31 08:45:00;96.91
2025-12-31 09:00:00;110.54
2025-12-31 09:15:00;102.89
2025-12-31 09:30:00;97.26
2025-12-31 09:45:00;86.95
2025-12-31 10:00:00;103.24
2025-12-31 10:15:00;89.82
2025-12-31 10:30:00;87.24
2025-12-31 10:45:00;82.74
2025-12-31 11:00:00;87.93
2025-12-31 11:15:00;83.93
2025-12-31 11:30:00;82.06
2025-12-31 11:45:00;80.00
2025-12-31 12:00:00;83.30
2025-12-31 12:15:00;82.00
2025-12-31 12:30:00;82.00
2025-12-31 12:45:00;84.89
2025-12-31 13:00:00;83.10
2025-12-31 13:15:00;84.14
2025-12-31 13:30:00;85.00
2025-12-31 13:45:00;88.44
2025-12-31 14:00:00;82.87
2025-12-31 14:15:00;86.13
2025-12-31 14:30:00;86.27
2025-12-31 14:45:00;91.43
2025-12-31 15:00:00;86.07
2025-12-31 15:15:00;91.42
2025-12-31 15:30:00;94.37
2025-12-31 15:45:00;101.72
2025-12-31 16:00:00;92.86
2025-12-31 16:15:00;102.43
2025-12-31 16:30:00;106.20
2025-12-31 16:45:00;110.43
2025-12-31 17:00:00;107.57
2025-12-31 17:15:00;107.66
2025-12-31 17:30:00;110.20
2025-12-31 17:45:00;119.55
2025-12-31 18:00:00;114.02
2025-12-31 18:15:00;113.77
2025-12-31 18:30:00;106.50
2025-12-31 18:45:00;102.29
2025-12-31 19:00:00;103.65
2025-12-31 19:15:00;97.12
2025-12-31 19:30:00;100.73
2025-12-31 19:45:00;91.77
2025-12-31 20:00:00;104.36
2025-12-31 20:15:00;92.82
2025-12-31 20:30:00;87.97
2025-12-31 20:45:00;82.47
2025-12-31 21:00:00;93.61
2025-12-31 21:15:00;88.57
2025-12-31 21:30:00;79.75
2025-12-31 21:45:00;72.91
2025-12-31 22:00:00;91.49
2025-12-31 22:15:00;84.92
2025-12-31 22:30:00;85.98
2025-12-31 22:45:00;76.21
2025-12-31 23:00:00;87.88
2025-12-31 23:15:00;79.83
2025-12-31 23:30:00;81.83
2025-12-31 23:45:00;72.44