Timestamp;Production_kWh
2025-01-01 00:00:00;0.0000
2025-01-01 00:15:00;0.0000
2025-01-01 00:30:00;0.0000
2025-01-01 00:45:00;0.0000
2025-01-01 01:00:00;0.0000
2025-01-01 01:15:00;0.0000
2025-01-01 01:30:00;0.0000
2025-01-01 01:45:00;0.0000
2025-01-01 02:00:00;0.0000
2025-01-01 02:15:00;0.0000
2025-01-01 02:30:00;0.0000
2025-01-01 02:45:00;0.0000
2025-01-01 03:00:00;0.0000
2025-01-01 03:15:00;0.0000
2025-01-01 03:30:00;0.0000
2025-01-01 03:45:00;0.0000
2025-01-01 04:00:00;0.0000
2025-01-01 04:15:00;0.0000
2025-01-01 04:30:00;0.0000
2025-01-01 04:45:00;0.0000
2025-01-01 05:00:00;0.0000
2025-01-01 05:15:00;0.0000
2025-01-01 05:30:00;0.0000
2025-01-01 05:45:00;0.0000
2025-01-01 06:00:00;0.0000
2025-01-01 06:15:00;0.0000
2025-01-01 06:30:00;0.0000
2025-01-01 06:45:00;0.0000
2025-01-01 07:00:00;0.0000
2025-01-01 07:15:00;0.0000
2025-01-01 07:30:00;0.0000
2025-01-01 07:45:00;0.0000
2025-01-01 08:00:00;0.0000
2025-01-01 08:15:00;0.0000
2025-01-01 08:30:00;0.0000
2025-01-01 08:45:00;0.0000
2025-01-01 09:00:00;0.0949
2025-01-01 09:15:00;0.1777
2025-01-01 09:30:00;0.2722
2025-01-01 09:45:00;0.3726
2025-01-01 10:00:00;0.5205
2025-01-01 10:15:00;0.6225
2025-01-01 10:30:00;0.7059
2025-01-01 10:45:00;0.7877
2025-01-01 11:00:00;0.7153
2025-01-01 11:15:00;0.8188
2025-01-01 11:30:00;0.8517
2025-01-01 11:45:00;0.8762
2025-01-01 12:00:00;0.9939
2025-01-01 12:15:00;0.9975
2025-01-01 12:30:00;1.0893
2025-01-01 12:45:00;1.0599
2025-01-01 13:00:00;1.0646
2025-01-01 13:15:00;1.0137
2025-01-01 13:30:00;1.0030
2025-01-01 13:45:00;1.0005
2025-01-01 14:00:00;0.9434
2025-01-01 14:15:00;1.0015
2025-01-01 14:30:00;0.9139
2025-01-01 14:45:00;0.8285
2025-01-01 15:00:00;0.6944
2025-01-01 15:15:00;0.6158
2025-01-01 15:30:00;0.5795
2025-01-01 15:45:00;0.5165
2025-01-01 16:00:00;0.4146
2025-01-01 16:15:00;0.3120
2025-01-01 16:30:00;0.2038
2025-01-01 16:45:00;0.0962
2025-01-01 17:00:00;0.0000
2025-01-01 17:15:00;0.0000
2025-01-01 17:30:00;0.0000
2025-01-01 17:45:00;0.0000
2025-01-01 18:00:00;0.0000
2025-01-01 18:15:00;0.0000
2025-01-01 18:30:00;0.0000
2025-01-01 18:45:00;0.0000
2025-01-01 19:00:00;0.0000
2025-01-01 19:15:00;0.0000
2025-01-01 19:30:00;0.0000
2025-01-01 19:45:00;0.0000
2025-01-01 20:00:00;0.0000
2025-01-01 20:15:00;0.0000
2025-01-01 20:30:00;0.0000
2025-01-01 20:45:00;0.0000
2025-01-01 21:00:00;0.0000
2025-01-01 21:15:00;0.0000
2025-01-01 21:30:00;0.0000
2025-01-01 21:45:00;0.0000
2025-01-01 22:00:00;0.0000
2025-01-01 22:15:00;0.0000
2025-01-01 22:30:00;0.0000
2025-01-01 22:45:00;0.0000
2025-01-01 23:00:00;0.0000
2025-01-01 23:15:00;0.0000
2025-01-01 23:30:00;0.0000
2025-01-01 23:45:00;0.0000
2025-01-02 00:00:00;0.0000
2025-01-02 00:15:00;0.0000
2025-01-02 00:30:00;0.0000
2025-01-02 00:45:00;0.0000
2025-01-02 01:00:00;0.0000
2025-01-02 01:15:00;0.0000
2025-01-02 01:30:00;0.0000
2025-01-02 01:45:00;0.0000
2025-01-02 02:00:00;0.0000
2025-01-02 02:15:00;0.0000
2025-01-02 02:30:00;0.0000
2025-01-02 02:45:00;0.0000
2025-01-02 03:00:00;0.0000
2025-01-02 03:15:00;0.0000
2025-01-02 03:30:00;0.0000
2025-01-02 03:45:00;0.0000
2025-01-02 04:00:00;0.0000
2025-01-02 04:15:00;0.0000
2025-01-02 04:30:00;0.0000
2025-01-02 04:45:00;0.0000
2025-01-02 05:00:00;0.0000
2025-01-02 05:15:00;0.0000
2025-01-02 05:30:00;0.0000
2025-01-02 05:45:00;0.0000
2025-01-02 06:00:00;0.0000
2025-01-02 06:15:00;0.0000
2025-01-02 06:30:00;0.0000
2025-01-02 06:45:00;0.0000
2025-01-02 07:00:00;0.0000
2025-01-02 07:15:00;0.0000
2025-01-02 07:30:00;0.0000
2025-01-02 07:45:00;0.0000
2025-01-02 08:00:00;0.0000
2025-01-02 08:15:00;0.0000
2025-01-02 08:30:00;0.0000
2025-01-02 08:45:00;0.0000
2025-01-02 09:00:00;0.6270
2025-01-02 09:15:00;1.2204
2025-01-02 09:30:00;1.7935
2025-01-02 09:45:00;2.4516
2025-01-02 10:00:00;3.1245
2025-01-02 10:15:00;3.8764
2025-01-02 10:30:00;4.0055
2025-01-02 10:45:00;4.7907
2025-01-02 11:00:00;5.5727
2025-01-02 11:15:00;5.7209
2025-01-02 11:30:00;6.1851
2025-01-02 11:45:00;6.3943
2025-01-02 12:00:00;6.0498
2025-01-02 12:15:00;6.4442
2025-01-02 12:30:00;6.5928
2025-01-02 12:45:00;6.7197
2025-01-02 13:00:00;6.6067
2025-01-02 13:15:00;6.2175
2025-01-02 13:30:00;6.3684
2025-01-02 13:45:00;6.4284
2025-01-02 14:00:00;4.1416
2025-01-02 14:15:00;3.8257
2025-01-02 14:30:00;3.6381
2025-01-02 14:45:00;3.3884
2025-01-02 15:00:00;2.8355
2025-01-02 15:15:00;2.5134
2025-01-02 15:30:00;2.3751
2025-01-02 15:45:00;1.9600
2025-01-02 16:00:00;2.3426
2025-01-02 16:15:00;1.8394
2025-01-02 16:30:00;1.2536
2025-01-02 16:45:00;0.6144
2025-01-02 17:00:00;0.0000
2025-01-02 17:15:00;0.0000
2025-01-02 17:30:00;0.0000
2025-01-02 17:45:00;0.0000
2025-01-02 18:00:00;0.0000
2025-01-02 18:15:00;0.0000
2025-01-02 18:30:00;0.0000
2025-01-02 18:45:00;0.0000
2025-01-02 19:00:00;0.0000
2025-01-02 19:15:00;0.0000
2025-01-02 19:30:00;0.0000
2025-01-02 19:45:00;0.0000
2025-01-02 20:00:00;0.0000
2025-01-02 20:15:00;0.0000
2025-01-02 20:30:00;0.0000
2025-01-02 20:45:00;0.0000
2025-01-02 21:00:00;0.0000
2025-01-02 21:15:00;0.0000
2025-01-02 21:30:00;0.0000
2025-01-02 21:45:00;0.0000
2025-01-02 22:00:00;0.0000
2025-01-02 22:15:00;0.0000
2025-01-02 22:30:00;0.0000
2025-01-02 22:45:00;0.0000
2025-01-02 23:00:00;0.0000
2025-01-02 23:15:00;0.0000
2025-01-02 23:30:00;0.0000
2025-01-02 23:45:00;0.0000
2025-01-03 00:00:00;0.0000
2025-01-03 00:15:00;0.0000
2025-01-03 00:30:00;0.0000
2025-01-03 00:45:00;0.0000
2025-01-03 01:00:00;0.0000
2025-01-03 01:15:00;0.0000
2025-01-03 01:30:00;0.0000
2025-01-03 01:45:00;0.0000
2025-01-03 02:00:00;0.0000
2025-01-03 02:15:00;0.0000
2025-01-03 02:30:00;0.0000
2025-01-03 02:45:00;0.0000
2025-01-03 03:00:00;0.0000
2025-01-03 03:15:00;0.0000
2025-01-03 03:30:00;0.0000
2025-01-03 03:45:00;0.0000
2025-01-03 04:00:00;0.0000
2025-01-03 04:15:00;0.0000
2025-01-03 04:30:00;0.0000
2025-01-03 04:45:00;0.0000
2025-01-03 05:00:00;0.0000
2025-01-03 05:15:00;0.0000
2025-01-03 05:30:00;0.0000
2025-01-03 05:45:00;0.0000
2025-01-03 06:00:00;0.0000
2025-01-03 06:15:00;0.0000
2025-01-03 06:30:00;0.0000
2025-01-03 06:45:00;0.0000
2025-01-03 07:00:00;0.0000
2025-01-03 07:15:00;0.0000
2025-01-03 07:30:00;0.0000
2025-01-03 07:45:00;0.0000
2025-01-03 08:00:00;0.0000
2025-01-03 08:15:00;0.0000
2025-01-03 08:30:00;0.0000
2025-01-03 08:45:00;0.0000
2025-01-03 09:00:00;0.1048
2025-01-03 09:15:00;0.2131
2025-01-03 09:30:00;0.3213
2025-01-03 09:45:00;0.4082
2025-01-03 10:00:00;0.4286
2025-01-03 10:15:00;0.5068
2025-01-03 10:30:00;0.5377
2025-01-03 10:45:00;0.6614
2025-01-03 11:00:00;0.6780
2025-01-03 11:15:00;0.7646
2025-01-03 11:30:00;0.7698
2025-01-03 11:45:00;0.8300
2025-01-03 12:00:00;1.0986
2025-01-03 12:15:00;1.0860
2025-01-03 12:30:00;1.1003
2025-01-03 12:45:00;1.1729
2025-01-03 13:00:00;1.1165
2025-01-03 13:15:00;1.1977
2025-01-03 13:30:00;1.0981
2025-01-03 13:45:00;1.0436
2025-01-03 14:00:00;0.9531
2025-01-03 14:15:00;0.9625
2025-01-03 14:30:00;0.9216
2025-01-03 14:45:00;0.7927
2025-01-03 15:00:00;0.7736
2025-01-03 15:15:00;0.6734
2025-01-03 15:30:00;0.6108
2025-01-03 15:45:00;0.5179
2025-01-03 16:00:00;0.3671
2025-01-03 16:15:00;0.2659
2025-01-03 16:30:00;0.1793
2025-01-03 16:45:00;0.0906
2025-01-03 17:00:00;0.0000
2025-01-03 17:15:00;0.0000
2025-01-03 17:30:00;0.0000
2025-01-03 17:45:00;0.0000
2025-01-03 18:00:00;0.0000
2025-01-03 18:15:00;0.0000
2025-01-03 18:30:00;0.0000
2025-01-03 18:45:00;0.0000
2025-01-03 19:00:00;0.0000
2025-01-03 19:15:00;0.0000
2025-01-03 19:30:00;0.0000
2025-01-03 19:45:00;0.0000
2025-01-03 20:00:00;0.0000
2025-01-03 20:15:00;0.0000
2025-01-03 20:30:00;0.0000
2025-01-03 20:45:00;0.0000
2025-01-03 21:00:00;0.0000
2025-01-03 21:15:00;0.0000
2025-01-03 21:30:00;0.0000
2025-01-03 21:45:00;0.0000
2025-01-03 22:00:00;0.0000
2025-01-03 22:15:00;0.0000
2025-01-03 22:30:00;0.0000
2025-01-03 22:45:00;0.0000
2025-01-03 23:00:00;0.0000
2025-01-03 23:15:00;0.0000
2025-01-03 23:30:00;0.0000
2025-01-03 23:45:00;0.0000
2025-01-04 00:00:00;0.0000
2025-01-04 00:15:00;0.0000
2025-01-04 00:30:00;0.0000
2025-01-04 00:45:00;0.0000
2025-01-04 01:00:00;0.0000
2025-01-04 01:15:00;0.0000
2025-01-04 01:30:00;0.0000
2025-01-04 01:45:00;0.0000
2025-01-04 02:00:00;0.0000
2025-01-04 02:15:00;0.0000
2025-01-04 02:30:00;0.0000
2025-01-04 02:45:00;0.0000
2025-01-04 03:00:00;0.0000
2025-01-04 03:15:00;0.0000
2025-01-04 03:30:00;0.0000
2025-01-04 03:45:00;0.0000
2025-01-04 04:00:00;0.0000
2025-01-04 04:15:00;0.0000
2025-01-04 04:30:00;0.0000
2025-01-04 04:45:00;0.0000
2025-01-04 05:00:00;0.0000
2025-01-04 05:15:00;0.0000
2025-01-04 05:30:00;0.0000
2025-01-04 05:45:00;0.0000
2025-01-04 06:00:00;0.0000
2025-01-04 06:15:00;0.0000
2025-01-04 06:30:00;0.0000
2025-01-04 06:45:00;0.0000
2025-01-04 07:00:00;0.0000
2025-01-04 07:15:00;0.0000
2025-01-04 07:30:00;0.0000
2025-01-04 07:45:00;0.0000
2025-01-04 08:00:00;0.0000
2025-01-04 08:15:00;0.0000
2025-01-04 08:30:00;0.0000
2025-01-04 08:45:00;0.0000
2025-01-04 09:00:00;0.2580
2025-01-04 09:15:00;0.4516
2025-01-04 09:30:00;0.7175
2025-01-04 09:45:00;0.9648
2025-01-04 10:00:00;1.1873
2025-01-04 10:15:00;1.3528
2025-01-04 10:30:00;1.6235
2025-01-04 10:45:00;1.7676
2025-01-04 11:00:00;1.7712
2025-01-04 11:15:00;2.0012
2025-01-04 11:30:00;2.0858
2025-01-04 11:45:00;2.2631
2025-01-04 12:00:00;2.7377
2025-01-04 12:15:00;2.8985
2025-01-04 12:30:00;3.0272
2025-01-04 12:45:00;2.9552
2025-01-04 13:00:00;2.8854
2025-01-04 13:15:00;2.9313
2025-01-04 13:30:00;2.8573
2025-01-04 13:45:00;2.7837
2025-01-04 14:00:00;2.5344
2025-01-04 14:15:00;2.4067
2025-01-04 14:30:00;2.2403
2025-01-04 14:45:00;2.1103
2025-01-04 15:00:00;1.9627
2025-01-04 15:15:00;1.7861
2025-01-04 15:30:00;1.4050
2025-01-04 15:45:00;1.2568
2025-01-04 16:00:00;1.0618
2025-01-04 16:15:00;0.7582
2025-01-04 16:30:00;0.5283
2025-01-04 16:45:00;0.2685
2025-01-04 17:00:00;0.0000
2025-01-04 17:15:00;0.0000
2025-01-04 17:30:00;0.0000
2025-01-04 17:45:00;0.0000
2025-01-04 18:00:00;0.0000
2025-01-04 18:15:00;0.0000
2025-01-04 18:30:00;0.0000
2025-01-04 18:45:00;0.0000
2025-01-04 19:00:00;0.0000
2025-01-04 19:15:00;0.0000
2025-01-04 19:30:00;0.0000
2025-01-04 19:45:00;0.0000
2025-01-04 20:00:00;0.0000
2025-01-04 20:15:00;0.0000
2025-01-04 20:30:00;0.0000
2025-01-04 20:45:00;0.0000
2025-01-04 21:00:00;0.0000
2025-01-04 21:15:00;0.0000
2025-01-04 21:30:00;0.0000
2025-01-04 21:45:00;0.0000
2025-01-04 22:00:00;0.0000
2025-01-04 22:15:00;0.0000
2025-01-04 22:30:00;0.0000
2025-01-04 22:45:00;0.0000
2025-01-04 23:00:00;0.0000
2025-01-04 23:15:00;0.0000
2025-01-04 23:30:00;0.0000
2025-01-04 23:45:00;0.0000
2025-01-05 00:00:00;0.0000
2025-01-05 00:15:00;0.0000
2025-01-05 00:30:00;0.0000
2025-01-05 00:45:00;0.0000
2025-01-05 01:00:00;0.0000
2025-01-05 01:15:00;0.0000
2025-01-05 01:30:00;0.0000
2025-01-05 01:45:00;0.0000
2025-01-05 02:00:00;0.0000
2025-01-05 02:15:00;0.0000
2025-01-05 02:30:00;0.0000
2025-01-05 02:45:00;0.0000
2025-01-05 03:00:00;0.0000
2025-01-05 03:15:00;0.0000
2025-01-05 03:30:00;0.0000
2025-01-05 03:45:00;0.0000
2025-01-05 04:00:00;0.0000
2025-01-05 04:15:00;0.0000
2025-01-05 04:30:00;0.0000
2025-01-05 04:45:00;0.0000
2025-01-05 05:00:00;0.0000
2025-01-05 05:15:00;0.0000
2025-01-05 05:30:00;0.0000
2025-01-05 05:45:00;0.0000
2025-01-05 06:00:00;0.0000
2025-01-05 06:15:00;0.0000
2025-01-05 06:30:00;0.0000
2025-01-05 06:45:00;0.0000
2025-01-05 07:00:00;0.0000
2025-01-05 07:15:00;0.0000
2025-01-05 07:30:00;0.0000
2025-01-05 07:45:00;0.0000
2025-01-05 08:00:00;0.0000
2025-01-05 08:15:00;0.0000
2025-01-05 08:30:00;0.0000
2025-01-05 08:45:00;0.0000
2025-01-05 09:00:00;0.0936
2025-01-05 09:15:00;0.1855
2025-01-05 09:30:00;0.2611
2025-01-05 09:45:00;0.3553
2025-01-05 10:00:00;0.4519
2025-01-05 10:15:00;0.5095
2025-01-05 10:30:00;0.6122
2025-01-05 10:45:00;0.6438
2025-01-05 11:00:00;0.8600
2025-01-05 11:15:00;0.9274
2025-01-05 11:30:00;1.0026
2025-01-05 11:45:00;1.0294
2025-01-05 12:00:00;1.0898
2025-01-05 12:15:00;1.1170
2025-01-05 12:30:00;1.0741
2025-01-05 12:45:00;1.0779
2025-01-05 13:00:00;1.0522
2025-01-05 13:15:00;0.9637
2025-01-05 13:30:00;1.0235
2025-01-05 13:45:00;0.9680
2025-01-05 14:00:00;0.9001
2025-01-05 14:15:00;0.8312
2025-01-05 14:30:00;0.7940
2025-01-05 14:45:00;0.6889
2025-01-05 15:00:00;0.6554
2025-01-05 15:15:00;0.6176
2025-01-05 15:30:00;0.5348
2025-01-05 15:45:00;0.4629
2025-01-05 16:00:00;0.3769
2025-01-05 16:15:00;0.2901
2025-01-05 16:30:00;0.2102
2025-01-05 16:45:00;0.0969
2025-01-05 17:00:00;0.0000
2025-01-05 17:15:00;0.0000
2025-01-05 17:30:00;0.0000
2025-01-05 17:45:00;0.0000
2025-01-05 18:00:00;0.0000
2025-01-05 18:15:00;0.0000
2025-01-05 18:30:00;0.0000
2025-01-05 18:45:00;0.0000
2025-01-05 19:00:00;0.0000
2025-01-05 19:15:00;0.0000
2025-01-05 19:30:00;0.0000
2025-01-05 19:45:00;0.0000
2025-01-05 20:00:00;0.0000
2025-01-05 20:15:00;0.0000
2025-01-05 20:30:00;0.0000
2025-01-05 20:45:00;0.0000
2025-01-05 21:00:00;0.0000
2025-01-05 21:15:00;0.0000
2025-01-05 21:30:00;0.0000
2025-01-05 21:45:00;0.0000
2025-01-05 22:00:00;0.0000
2025-01-05 22:15:00;0.0000
2025-01-05 22:30:00;0.0000
2025-01-05 22:45:00;0.0000
2025-01-05 23:00:00;0.0000
2025-01-05 23:15:00;0.0000
2025-01-05 23:30:00;0.0000
2025-01-05 23:45:00;0.0000
2025-01-06 00:00:00;0.0000
2025-01-06 00:15:00;0.0000
2025-01-06 00:30:00;0.0000
2025-01-06 00:45:00;0.0000
2025-01-06 01:00:00;0.0000
2025-01-06 01:15:00;0.0000
2025-01-06 01:30:00;0.0000
2025-01-06 01:45:00;0.0000
2025-01-06 02:00:00;0.0000
2025-01-06 02:15:00;0.0000
2025-01-06 02:30:00;0.0000
2025-01-06 02:45:00;0.0000
2025-01-06 03:00:00;0.0000
2025-01-06 03:15:00;0.0000
2025-01-06 03:30:00;0.0000
2025-01-06 03:45:00;0.0000
2025-01-06 04:00:00;0.0000
2025-01-06 04:15:00;0.0000
2025-01-06 04:30:00;0.0000
2025-01-06 04:45:00;0.0000
2025-01-06 05:00:00;0.0000
2025-01-06 05:15:00;0.0000
2025-01-06 05:30:00;0.0000
2025-01-06 05:45:00;0.0000
2025-01-06 06:00:00;0.0000
2025-01-06 06:15:00;0.0000
2025-01-06 06:30:00;0.0000
2025-01-06 06:45:00;0.0000
2025-01-06 07:00:00;0.0000
2025-01-06 07:15:00;0.0000
2025-01-06 07:30:00;0.0000
2025-01-06 07:45:00;0.0000
2025-01-06 08:00:00;0.0000
2025-01-06 08:15:00;0.0000
2025-01-06 08:30:00;0.0000
2025-01-06 08:45:00;0.0000
2025-01-06 09:00:00;0.9876
2025-01-06 09:15:00;1.9848
2025-01-06 09:30:00;2.9799
2025-01-06 09:45:00;3.8227
2025-01-06 10:00:00;4.9240
2025-01-06 10:15:00;5.6720
2025-01-06 10:30:00;6.5036
2025-01-06 10:45:00;7.1200
2025-01-06 11:00:00;7.1361
2025-01-06 11:15:00;7.2881
2025-01-06 11:30:00;8.1158
2025-01-06 11:45:00;8.1470
2025-01-06 12:00:00;10.9128
2025-01-06 12:15:00;11.5535
2025-01-06 12:30:00;11.7774
2025-01-06 12:45:00;11.1865
2025-01-06 13:00:00;11.5447
2025-01-06 13:15:00;10.4282
2025-01-06 13:30:00;11.1459
2025-01-06 13:45:00;10.1948
2025-01-06 14:00:00;10.1554
2025-01-06 14:15:00;10.3739
2025-01-06 14:30:00;9.6609
2025-01-06 14:45:00;8.6232
2025-01-06 15:00:00;7.5675
2025-01-06 15:15:00;6.8547
2025-01-06 15:30:00;6.0273
2025-01-06 15:45:00;4.9488
2025-01-06 16:00:00;4.1016
2025-01-06 16:15:00;3.1823
2025-01-06 16:30:00;2.1782
2025-01-06 16:45:00;1.0681
2025-01-06 17:00:00;0.0000
2025-01-06 17:15:00;0.0000
2025-01-06 17:30:00;0.0000
2025-01-06 17:45:00;0.0000
2025-01-06 18:00:00;0.0000
2025-01-06 18:15:00;0.0000
2025-01-06 18:30:00;0.0000
2025-01-06 18:45:00;0.0000
2025-01-06 19:00:00;0.0000
2025-01-06 19:15:00;0.0000
2025-01-06 19:30:00;0.0000
2025-01-06 19:45:00;0.0000
2025-01-06 20:00:00;0.0000
2025-01-06 20:15:00;0.0000
2025-01-06 20:30:00;0.0000
2025-01-06 20:45:00;0.0000
2025-01-06 21:00:00;0.0000
2025-01-06 21:15:00;0.0000
2025-01-06 21:30:00;0.0000
2025-01-06 21:45:00;0.0000
2025-01-06 22:00:00;0.0000
2025-01-06 22:15:00;0.0000
2025-01-06 22:30:00;0.0000
2025-01-06 22:45:00;0.0000
2025-01-06 23:00:00;0.0000
2025-01-06 23:15:00;0.0000
2025-01-06 23:30:00;0.0000
2025-01-06 23:45:00;0.0000
2025-01-07 00:00:00;0.0000
2025-01-07 00:15:00;0.0000
2025-01-07 00:30:00;0.0000
2025-01-07 00:45:00;0.0000
2025-01-07 01:00:00;0.0000
2025-01-07 01:15:00;0.0000
2025-01-07 01:30:00;0.0000
2025-01-07 01:45:00;0.0000
2025-01-07 02:00:00;0.0000
2025-01-07 02:15:00;0.0000
2025-01-07 02:30:00;0.0000
2025-01-07 02:45:00;0.0000
2025-01-07 03:00:00;0.0000
2025-01-07 03:15:00;0.0000
2025-01-07 03:30:00;0.0000
2025-01-07 03:45:00;0.0000
2025-01-07 04:00:00;0.0000
2025-01-07 04:15:00;0.0000
2025-01-07 04:30:00;0.0000
2025-01-07 04:45:00;0.0000
2025-01-07 05:00:00;0.0000
2025-01-07 05:15:00;0.0000
2025-01-07 05:30:00;0.0000
2025-01-07 05:45:00;0.0000
2025-01-07 06:00:00;0.0000
2025-01-07 06:15:00;0.0000
2025-01-07 06:30:00;0.0000
2025-01-07 06:45:00;0.0000
2025-01-07 07:00:00;0.0000
2025-01-07 07:15:00;0.0000
2025-01-07 07:30:00;0.0000
2025-01-07 07:45:00;0.0000
2025-01-07 08:00:00;0.0000
2025-01-07 08:15:00;0.0000
2025-01-07 08:30:00;0.0000
2025-01-07 08:45:00;0.0000
2025-01-07 09:00:00;0.2377
2025-01-07 09:15:00;0.4892
2025-01-07 09:30:00;0.7022
2025-01-07 09:45:00;0.8989
2025-01-07 10:00:00;1.3174
2025-01-07 10:15:00;1.5754
2025-01-07 10:30:00;1.8108
2025-01-07 10:45:00;2.1093
2025-01-07 11:00:00;2.0757
2025-01-07 11:15:00;2.1681
2025-01-07 11:30:00;2.2087
2025-01-07 11:45:00;2.4526
2025-01-07 12:00:00;2.6282
2025-01-07 12:15:00;2.7217
2025-01-07 12:30:00;2.6789
2025-01-07 12:45:00;2.7000
2025-01-07 13:00:00;2.6323
2025-01-07 13:15:00;2.6101
2025-01-07 13:30:00;2.5207
2025-01-07 13:45:00;2.5712
2025-01-07 14:00:00;2.2140
2025-01-07 14:15:00;2.2137
2025-01-07 14:30:00;2.0099
2025-01-07 14:45:00;1.9529
2025-01-07 15:00:00;1.8408
2025-01-07 15:15:00;1.5393
2025-01-07 15:30:00;1.3916
2025-01-07 15:45:00;1.2078
2025-01-07 16:00:00;0.8668
2025-01-07 16:15:00;0.6457
2025-01-07 16:30:00;0.4627
2025-01-07 16:45:00;0.2204
2025-01-07 17:00:00;0.0000
2025-01-07 17:15:00;0.0000
2025-01-07 17:30:00;0.0000
2025-01-07 17:45:00;0.0000
2025-01-07 18:00:00;0.0000
2025-01-07 18:15:00;0.0000
2025-01-07 18:30:00;0.0000
2025-01-07 18:45:00;0.0000
2025-01-07 19:00:00;0.0000
2025-01-07 19:15:00;0.0000
2025-01-07 19:30:00;0.0000
2025-01-07 19:45:00;0.0000
2025-01-07 20:00:00;0.0000
2025-01-07 20:15:00;0.0000
2025-01-07 20:30:00;0.0000
2025-01-07 20:45:00;0.0000
2025-01-07 21:00:00;0.0000
2025-01-07 21:15:00;0.0000
2025-01-07 21:30:00;0.0000
2025-01-07 21:45:00;0.0000
2025-01-07 22:00:00;0.0000
2025-01-07 22:15:00;0.0000
2025-01-07 22:30:00;0.0000
2025-01-07 22:45:00;0.0000
2025-01-07 23:00:00;0.0000
2025-01-07 23:15:00;0.0000
2025-01-07 23:30:00;0.0000
2025-01-07 23:45:00;0.0000
2025-01-08 00:00:00;0.0000
2025-01-08 00:15:00;0.0000
2025-01-08 00:30:00;0.0000
2025-01-08 00:45:00;0.0000
2025-01-08 01:00:00;0.0000
2025-01-08 01:15:00;0.0000
2025-01-08 01:30:00;0.0000
2025-01-08 01:45:00;0.0000
2025-01-08 02:00:00;0.0000
2025-01-08 02:15:00;0.0000
2025-01-08 02:30:00;0.0000
2025-01-08 02:45:00;0.0000
2025-01-08 03:00:00;0.0000
2025-01-08 03:15:00;0.0000
2025-01-08 03:30:00;0.0000
2025-01-08 03:45:00;0.0000
2025-01-08 04:00:00;0.0000
2025-01-08 04:15:00;0.0000
2025-01-08 04:30:00;0.0000
2025-01-08 04:45:00;0.0000
2025-01-08 05:00:00;0.0000
2025-01-08 05:15:00;0.0000
2025-01-08 05:30:00;0.0000
2025-01-08 05:45:00;0.0000
2025-01-08 06:00:00;0.0000
2025-01-08 06:15:00;0.0000
2025-01-08 06:30:00;0.0000
2025-01-08 06:45:00;0.0000
2025-01-08 07:00:00;0.0000
2025-01-08 07:15:00;0.0000
2025-01-08 07:30:00;0.0000
2025-01-08 07:45:00;0.0000
2025-01-08 08:00:00;0.0000
2025-01-08 08:15:00;0.0000
2025-01-08 08:30:00;0.0000
2025-01-08 08:45:00;0.0000
2025-01-08 09:00:00;0.2751
2025-01-08 09:15:00;0.5430
2025-01-08 09:30:00;0.8216
2025-01-08 09:45:00;1.0811
2025-01-08 10:00:00;1.1639
2025-01-08 10:15:00;1.3772
2025-01-08 10:30:00;1.4791
2025-01-08 10:45:00;1.6525
2025-01-08 11:00:00;2.0012
2025-01-08 11:15:00;2.2594
2025-01-08 11:30:00;2.4322
2025-01-08 11:45:00;2.4452
2025-01-08 12:00:00;2.3312
2025-01-08 12:15:00;2.4053
2025-01-08 12:30:00;2.3397
2025-01-08 12:45:00;2.5468
2025-01-08 13:00:00;2.9248
2025-01-08 13:15:00;3.0993
2025-01-08 13:30:00;2.7958
2025-01-08 13:45:00;2.7291
2025-01-08 14:00:00;2.6041
2025-01-08 14:15:00;2.5016
2025-01-08 14:30:00;2.2813
2025-01-08 14:45:00;2.1189
2025-01-08 15:00:00;1.8145
2025-01-08 15:15:00;1.5900
2025-01-08 15:30:00;1.4063
2025-01-08 15:45:00;1.2496
2025-01-08 16:00:00;1.0064
2025-01-08 16:15:00;0.7780
2025-01-08 16:30:00;0.5046
2025-01-08 16:45:00;0.2490
2025-01-08 17:00:00;0.0000
2025-01-08 17:15:00;0.0000
2025-01-08 17:30:00;0.0000
2025-01-08 17:45:00;0.0000
2025-01-08 18:00:00;0.0000
2025-01-08 18:15:00;0.0000
2025-01-08 18:30:00;0.0000
2025-01-08 18:45:00;0.0000
2025-01-08 19:00:00;0.0000
2025-01-08 19:15:00;0.0000
2025-01-08 19:30:00;0.0000
2025-01-08 19:45:00;0.0000
2025-01-08 20:00:00;0.0000
2025-01-08 20:15:00;0.0000
2025-01-08 20:30:00;0.0000
2025-01-08 20:45:00;0.0000
2025-01-08 21:00:00;0.0000
2025-01-08 21:15:00;0.0000
2025-01-08 21:30:00;0.0000
2025-01-08 21:45:00;0.0000
2025-01-08 22:00:00;0.0000
2025-01-08 22:15:00;0.0000
2025-01-08 22:30:00;0.0000
2025-01-08 22:45:00;0.0000
2025-01-08 23:00:00;0.0000
2025-01-08 23:15:00;0.0000
2025-01-08 23:30:00;0.0000
2025-01-08 23:45:00;0.0000
2025-01-09 00:00:00;0.0000
2025-01-09 00:15:00;0.0000
2025-01-09 00:30:00;0.0000
2025-01-09 00:45:00;0.0000
2025-01-09 01:00:00;0.0000
2025-01-09 01:15:00;0.0000
2025-01-09 01:30:00;0.0000
2025-01-09 01:45:00;0.0000
2025-01-09 02:00:00;0.0000
2025-01-09 02:15:00;0.0000
2025-01-09 02:30:00;0.0000
2025-01-09 02:45:00;0.0000
2025-01-09 03:00:00;0.0000
2025-01-09 03:15:00;0.0000
2025-01-09 03:30:00;0.0000
2025-01-09 03:45:00;0.0000
2025-01-09 04:00:00;0.0000
2025-01-09 04:15:00;0.0000
2025-01-09 04:30:00;0.0000
2025-01-09 04:45:00;0.0000
2025-01-09 05:00:00;0.0000
2025-01-09 05:15:00;0.0000
2025-01-09 05:30:00;0.0000
2025-01-09 05:45:00;0.0000
2025-01-09 06:00:00;0.0000
2025-01-09 06:15:00;0.0000
2025-01-09 06:30:00;0.0000
2025-01-09 06:45:00;0.0000
2025-01-09 07:00:00;0.0000
2025-01-09 07:15:00;0.0000
2025-01-09 07:30:00;0.0000
2025-01-09 07:45:00;0.0000
2025-01-09 08:00:00;0.0000
2025-01-09 08:15:00;0.0000
2025-01-09 08:30:00;0.0000
2025-01-09 08:45:00;0.0000
2025-01-09 09:00:00;0.2757
2025-01-09 09:15:00;0.5842
2025-01-09 09:30:00;0.8026
2025-01-09 09:45:00;1.0263
2025-01-09 10:00:00;2.6233
2025-01-09 10:15:00;3.0456
2025-01-09 10:30:00;3.5328
2025-01-09 10:45:00;3.7868
2025-01-09 11:00:00;5.3774
2025-01-09 11:15:00;5.3720
2025-01-09 11:30:00;6.2079
2025-01-09 11:45:00;6.1930
2025-01-09 12:00:00;6.7565
2025-01-09 12:15:00;6.6708
2025-01-09 12:30:00;7.1295
2025-01-09 12:45:00;7.3824
2025-01-09 13:00:00;6.8601
2025-01-09 13:15:00;6.6192
2025-01-09 13:30:00;6.5516
2025-01-09 13:45:00;6.4303
2025-01-09 14:00:00;4.9519
2025-01-09 14:15:00;4.6730
2025-01-09 14:30:00;4.3891
2025-01-09 14:45:00;4.1621
2025-01-09 15:00:00;2.6206
2025-01-09 15:15:00;2.4038
2025-01-09 15:30:00;2.0155
2025-01-09 15:45:00;1.7485
2025-01-09 16:00:00;2.3391
2025-01-09 16:15:00;1.7482
2025-01-09 16:30:00;1.1721
2025-01-09 16:45:00;0.6110
2025-01-09 17:00:00;0.0000
2025-01-09 17:15:00;0.0000
2025-01-09 17:30:00;0.0000
2025-01-09 17:45:00;0.0000
2025-01-09 18:00:00;0.0000
2025-01-09 18:15:00;0.0000
2025-01-09 18:30:00;0.0000
2025-01-09 18:45:00;0.0000
2025-01-09 19:00:00;0.0000
2025-01-09 19:15:00;0.0000
2025-01-09 19:30:00;0.0000
2025-01-09 19:45:00;0.0000
2025-01-09 20:00:00;0.0000
2025-01-09 20:15:00;0.0000
2025-01-09 20:30:00;0.0000
2025-01-09 20:45:00;0.0000
2025-01-09 21:00:00;0.0000
2025-01-09 21:15:00;0.0000
2025-01-09 21:30:00;0.0000
2025-01-09 21:45:00;0.0000
2025-01-09 22:00:00;0.0000
2025-01-09 22:15:00;0.0000
2025-01-09 22:30:00;0.0000
2025-01-09 22:45:00;0.0000
2025-01-09 23:00:00;0.0000
2025-01-09 23:15:00;0.0000
2025-01-09 23:30:00;0.0000
2025-01-09 23:45:00;0.0000
2025-01-10 00:00:00;0.0000
2025-01-10 00:15:00;0.0000
2025-01-10 00:30:00;0.0000
2025-01-10 00:45:00;0.0000
2025-01-10 01:00:00;0.0000
2025-01-10 01:15:00;0.0000
2025-01-10 01:30:00;0.0000
2025-01-10 01:45:00;0.0000
2025-01-10 02:00:00;0.0000
2025-01-10 02:15:00;0.0000
2025-01-10 02:30:00;0.0000
2025-01-10 02:45:00;0.0000
2025-01-10 03:00:00;0.0000
2025-01-10 03:15:00;0.0000
2025-01-10 03:30:00;0.0000
2025-01-10 03:45:00;0.0000
2025-01-10 04:00:00;0.0000
2025-01-10 04:15:00;0.0000
2025-01-10 04:30:00;0.0000
2025-01-10 04:45:00;0.0000
2025-01-10 05:00:00;0.0000
2025-01-10 05:15:00;0.0000
2025-01-10 05:30:00;0.0000
2025-01-10 05:45:00;0.0000
2025-01-10 06:00:00;0.0000
2025-01-10 06:15:00;0.0000
2025-01-10 06:30:00;0.0000
2025-01-10 06:45:00;0.0000
2025-01-10 07:00:00;0.0000
2025-01-10 07:15:00;0.0000
2025-01-10 07:30:00;0.0000
2025-01-10 07:45:00;0.0000
2025-01-10 08:00:00;0.0000
2025-01-10 08:15:00;0.0000
2025-01-10 08:30:00;0.0000
2025-01-10 08:45:00;0.0000
2025-01-10 09:00:00;0.2321
2025-01-10 09:15:00;0.4929
2025-01-10 09:30:00;0.7154
2025-01-10 09:45:00;0.9739
2025-01-10 10:00:00;1.2013
2025-01-10 10:15:00;1.4363
2025-01-10 10:30:00;1.6632
2025-01-10 10:45:00;1.8978
2025-01-10 11:00:00;2.1330
2025-01-10 11:15:00;2.3397
2025-01-10 11:30:00;2.4100
2025-01-10 11:45:00;2.7700
2025-01-10 12:00:00;2.5768
2025-01-10 12:15:00;2.5734
2025-01-10 12:30:00;2.7635
2025-01-10 12:45:00;2.6142
2025-01-10 13:00:00;3.0774
2025-01-10 13:15:00;2.9074
2025-01-10 13:30:00;2.7948
2025-01-10 13:45:00;2.7541
2025-01-10 14:00:00;2.3520
2025-01-10 14:15:00;2.2280
2025-01-10 14:30:00;2.0981
2025-01-10 14:45:00;1.9948
2025-01-10 15:00:00;2.0765
2025-01-10 15:15:00;1.8145
2025-01-10 15:30:00;1.5942
2025-01-10 15:45:00;1.3108
2025-01-10 16:00:00;0.9808
2025-01-10 16:15:00;0.7119
2025-01-10 16:30:00;0.5117
2025-01-10 16:45:00;0.2374
2025-01-10 17:00:00;0.0000
2025-01-10 17:15:00;0.0000
2025-01-10 17:30:00;0.0000
2025-01-10 17:45:00;0.0000
2025-01-10 18:00:00;0.0000
2025-01-10 18:15:00;0.0000
2025-01-10 18:30:00;0.0000
2025-01-10 18:45:00;0.0000
2025-01-10 19:00:00;0.0000
2025-01-10 19:15:00;0.0000
2025-01-10 19:30:00;0.0000
2025-01-10 19:45:00;0.0000
2025-01-10 20:00:00;0.0000
2025-01-10 20:15:00;0.0000
2025-01-10 20:30:00;0.0000
2025-01-10 20:45:00;0.0000
2025-01-10 21:00:00;0.0000
2025-01-10 21:15:00;0.0000
2025-01-10 21:30:00;0.0000
2025-01-10 21:45:00;0.0000
2025-01-10 22:00:00;0.0000
2025-01-10 22:15:00;0.0000
2025-01-10 22:30:00;0.0000
2025-01-10 22:45:00;0.0000
2025-01-10 23:00:00;0.0000
2025-01-10 23:15:00;0.0000
2025-01-10 23:30:00;0.0000
2025-01-10 23:45:00;0.0000
2025-01-11 00:00:00;0.0000
2025-01-11 00:15:00;0.0000
2025-01-11 00:30:00;0.0000
2025-01-11 00:45:00;0.0000
2025-01-11 01:00:00;0.0000
2025-01-11 01:15:00;0.0000
2025-01-11 01:30:00;0.0000
2025-01-11 01:45:00;0.0000
2025-01-11 02:00:00;0.0000
2025-01-11 02:15:00;0.0000
2025-01-11 02:30:00;0.0000
2025-01-11 02:45:00;0.0000
2025-01-11 03:00:00;0.0000
2025-01-11 03:15:00;0.0000
2025-01-11 03:30:00;0.0000
2025-01-11 03:45:00;0.0000
2025-01-11 04:00:00;0.0000
2025-01-11 04:15:00;0.0000
2025-01-11 04:30:00;0.0000
2025-01-11 04:45:00;0.0000
2025-01-11 05:00:00;0.0000
2025-01-11 05:15:00;0.0000
2025-01-11 05:30:00;0.0000
2025-01-11 05:45:00;0.0000
2025-01-11 06:00:00;0.0000
2025-01-11 06:15:00;0.0000
2025-01-11 06:30:00;0.0000
2025-01-11 06:45:00;0.0000
2025-01-11 07:00:00;0.0000
2025-01-11 07:15:00;0.0000
2025-01-11 07:30:00;0.0000
2025-01-11 07:45:00;0.0000
2025-01-11 08:00:00;0.0000
2025-01-11 08:15:00;0.0000
2025-01-11 08:30:00;0.0000
2025-01-11 08:45:00;0.0000
2025-01-11 09:00:00;0.7515
2025-01-11 09:15:00;1.6036
2025-01-11 09:30:00;2.1983
2025-01-11 09:45:00;3.1270
2025-01-11 10:00:00;2.1829
2025-01-11 10:15:00;2.6699
2025-01-11 10:30:00;3.0322
2025-01-11 10:45:00;3.3312
2025-01-11 11:00:00;2.5426
2025-01-11 11:15:00;2.7699
2025-01-11 11:30:00;2.8054
2025-01-11 11:45:00;2.9598
2025-01-11 12:00:00;7.2864
2025-01-11 12:15:00;7.9394
2025-01-11 12:30:00;7.8850
2025-01-11 12:45:00;8.0590
2025-01-11 13:00:00;6.6539
2025-01-11 13:15:00;6.1780
2025-01-11 13:30:00;6.0986
2025-01-11 13:45:00;6.0498
2025-01-11 14:00:00;7.0821
2025-01-11 14:15:00;6.4664
2025-01-11 14:30:00;6.3401
2025-01-11 14:45:00;5.6883
2025-01-11 15:00:00;2.4612
2025-01-11 15:15:00;2.2208
2025-01-11 15:30:00;1.7841
2025-01-11 15:45:00;1.6713
2025-01-11 16:00:00;2.6185
2025-01-11 16:15:00;1.9941
2025-01-11 16:30:00;1.3996
2025-01-11 16:45:00;0.7004
2025-01-11 17:00:00;0.0000
2025-01-11 17:15:00;0.0000
2025-01-11 17:30:00;0.0000
2025-01-11 17:45:00;0.0000
2025-01-11 18:00:00;0.0000
2025-01-11 18:15:00;0.0000
2025-01-11 18:30:00;0.0000
2025-01-11 18:45:00;0.0000
2025-01-11 19:00:00;0.0000
2025-01-11 19:15:00;0.0000
2025-01-11 19:30:00;0.0000
2025-01-11 19:45:00;0.0000
2025-01-11 20:00:00;0.0000
2025-01-11 20:15:00;0.0000
2025-01-11 20:30:00;0.0000
2025-01-11 20:45:00;0.0000
2025-01-11 21:00:00;0.0000
2025-01-11 21:15:00;0.0000
2025-01-11 21:30:00;0.0000
2025-01-11 21:45:00;0.0000
2025-01-11 22:00:00;0.0000
2025-01-11 22:15:00;0.0000
2025-01-11 22:30:00;0.0000
2025-01-11 22:45:00;0.0000
2025-01-11 23:00:00;0.0000
2025-01-11 23:15:00;0.0000
2025-01-11 23:30:00;0.0000
2025-01-11 23:45:00;0.0000
2025-01-12 00:00:00;0.0000
2025-01-12 00:15:00;0.0000
2025-01-12 00:30:00;0.0000
2025-01-12 00:45:00;0.0000
2025-01-12 01:00:00;0.0000
2025-01-12 01:15:00;0.0000
2025-01-12 01:30:00;0.0000
2025-01-12 01:45:00;0.0000
2025-01-12 02:00:00;0.0000
2025-01-12 02:15:00;0.0000
2025-01-12 02:30:00;0.0000
2025-01-12 02:45:00;0.0000
2025-01-12 03:00:00;0.0000
2025-01-12 03:15:00;0.0000
2025-01-12 03:30:00;0.0000
2025-01-12 03:45:00;0.0000
2025-01-12 04:00:00;0.0000
2025-01-12 04:15:00;0.0000
2025-01-12 04:30:00;0.0000
2025-01-12 04:45:00;0.0000
2025-01-12 05:00:00;0.0000
2025-01-12 05:15:00;0.0000
2025-01-12 05:30:00;0.0000
2025-01-12 05:45:00;0.0000
2025-01-12 06:00:00;0.0000
2025-01-12 06:15:00;0.0000
2025-01-12 06:30:00;0.0000
2025-01-12 06:45:00;0.0000
2025-01-12 07:00:00;0.0000
2025-01-12 07:15:00;0.0000
2025-01-12 07:30:00;0.0000
2025-01-12 07:45:00;0.0000
2025-01-12 08:00:00;0.0000
2025-01-12 08:15:00;0.0000
2025-01-12 08:30:00;0.0000
2025-01-12 08:45:00;0.0000
2025-01-12 09:00:00;0.2613
2025-01-12 09:15:00;0.5256
2025-01-12 09:30:00;0.7614
2025-01-12 09:45:00;0.9728
2025-01-12 10:00:00;1.1853
2025-01-12 10:15:00;1.4136
2025-01-12 10:30:00;1.6133
2025-01-12 10:45:00;1.8534
2025-01-12 11:00:00;2.0415
2025-01-12 11:15:00;2.1458
2025-01-12 11:30:00;2.5153
2025-01-12 11:45:00;2.4935
2025-01-12 12:00:00;2.2352
2025-01-12 12:15:00;2.4539
2025-01-12 12:30:00;2.3055
2025-01-12 12:45:00;2.4648
2025-01-12 13:00:00;2.8617
2025-01-12 13:15:00;3.0362
2025-01-12 13:30:00;2.8830
2025-01-12 13:45:00;2.7357
2025-01-12 14:00:00;2.0954
2025-01-12 14:15:00;1.9220
2025-01-12 14:30:00;1.8455
2025-01-12 14:45:00;1.7319
2025-01-12 15:00:00;1.5057
2025-01-12 15:15:00;1.3883
2025-01-12 15:30:00;1.1534
2025-01-12 15:45:00;1.0145
2025-01-12 16:00:00;0.8807
2025-01-12 16:15:00;0.6905
2025-01-12 16:30:00;0.4234
2025-01-12 16:45:00;0.2220
2025-01-12 17:00:00;0.0000
2025-01-12 17:15:00;0.0000
2025-01-12 17:30:00;0.0000
2025-01-12 17:45:00;0.0000
2025-01-12 18:00:00;0.0000
2025-01-12 18:15:00;0.0000
2025-01-12 18:30:00;0.0000
2025-01-12 18:45:00;0.0000
2025-01-12 19:00:00;0.0000
2025-01-12 19:15:00;0.0000
2025-01-12 19:30:00;0.0000
2025-01-12 19:45:00;0.0000
2025-01-12 20:00:00;0.0000
2025-01-12 20:15:00;0.0000
2025-01-12 20:30:00;0.0000
2025-01-12 20:45:00;0.0000
2025-01-12 21:00:00;0.0000
2025-01-12 21:15:00;0.0000
2025-01-12 21:30:00;0.0000
2025-01-12 21:45:00;0.0000
2025-01-12 22:00:00;0.0000
2025-01-12 22:15:00;0.0000
2025-01-12 22:30:00;0.0000
2025-01-12 22:45:00;0.0000
2025-01-12 23:00:00;0.0000
2025-01-12 23:15:00;0.0000
2025-01-12 23:30:00;0.0000
2025-01-12 23:45:00;0.0000
2025-01-13 00:00:00;0.0000
2025-01-13 00:15:00;0.0000
2025-01-13 00:30:00;0.0000
2025-01-13 00:45:00;0.0000
2025-01-13 01:00:00;0.0000
2025-01-13 01:15:00;0.0000
2025-01-13 01:30:00;0.0000
2025-01-13 01:45:00;0.0000
2025-01-13 02:00:00;0.0000
2025-01-13 02:15:00;0.0000
2025-01-13 02:30:00;0.0000
2025-01-13 02:45:00;0.0000
2025-01-13 03:00:00;0.0000
2025-01-13 03:15:00;0.0000
2025-01-13 03:30:00;0.0000
2025-01-13 03:45:00;0.0000
2025-01-13 04:00:00;0.0000
2025-01-13 04:15:00;0.0000
2025-01-13 04:30:00;0.0000
2025-01-13 04:45:00;0.0000
2025-01-13 05:00:00;0.0000
2025-01-13 05:15:00;0.0000
2025-01-13 05:30:00;0.0000
2025-01-13 05:45:00;0.0000
2025-01-13 06:00:00;0.0000
2025-01-13 06:15:00;0.0000
2025-01-13 06:30:00;0.0000
2025-01-13 06:45:00;0.0000
2025-01-13 07:00:00;0.0000
2025-01-13 07:15:00;0.0000
2025-01-13 07:30:00;0.0000
2025-01-13 07:45:00;0.0000
2025-01-13 08:00:00;0.0000
2025-01-13 08:15:00;0.0000
2025-01-13 08:30:00;0.0000
2025-01-13 08:45:00;0.0000
2025-01-13 09:00:00;0.2028
2025-01-13 09:15:00;0.4218
2025-01-13 09:30:00;0.6318
2025-01-13 09:45:00;0.8458
2025-01-13 10:00:00;1.1351
2025-01-13 10:15:00;1.3272
2025-01-13 10:30:00;1.4775
2025-01-13 10:45:00;1.7306
2025-01-13 11:00:00;2.2449
2025-01-13 11:15:00;2.3258
2025-01-13 11:30:00;2.4205
2025-01-13 11:45:00;2.5244
2025-01-13 12:00:00;2.6741
2025-01-13 12:15:00;2.5155
2025-01-13 12:30:00;2.7129
2025-01-13 12:45:00;2.7034
2025-01-13 13:00:00;2.8599
2025-01-13 13:15:00;3.0401
2025-01-13 13:30:00;2.8123
2025-01-13 13:45:00;2.6823
2025-01-13 14:00:00;2.5841
2025-01-13 14:15:00;2.4930
2025-01-13 14:30:00;2.3142
2025-01-13 14:45:00;2.1250
2025-01-13 15:00:00;1.7504
2025-01-13 15:15:00;1.5997
2025-01-13 15:30:00;1.4311
2025-01-13 15:45:00;1.2372
2025-01-13 16:00:00;0.9906
2025-01-13 16:15:00;0.7237
2025-01-13 16:30:00;0.5125
2025-01-13 16:45:00;0.2429
2025-01-13 17:00:00;0.0000
2025-01-13 17:15:00;0.0000
2025-01-13 17:30:00;0.0000
2025-01-13 17:45:00;0.0000
2025-01-13 18:00:00;0.0000
2025-01-13 18:15:00;0.0000
2025-01-13 18:30:00;0.0000
2025-01-13 18:45:00;0.0000
2025-01-13 19:00:00;0.0000
2025-01-13 19:15:00;0.0000
2025-01-13 19:30:00;0.0000
2025-01-13 19:45:00;0.0000
2025-01-13 20:00:00;0.0000
2025-01-13 20:15:00;0.0000
2025-01-13 20:30:00;0.0000
2025-01-13 20:45:00;0.0000
2025-01-13 21:00:00;0.0000
2025-01-13 21:15:00;0.0000
2025-01-13 21:30:00;0.0000
2025-01-13 21:45:00;0.0000
2025-01-13 22:00:00;0.0000
2025-01-13 22:15:00;0.0000
2025-01-13 22:30:00;0.0000
2025-01-13 22:45:00;0.0000
2025-01-13 23:00:00;0.0000
2025-01-13 23:15:00;0.0000
2025-01-13 23:30:00;0.0000
2025-01-13 23:45:00;0.0000
2025-01-14 00:00:00;0.0000
2025-01-14 00:15:00;0.0000
2025-01-14 00:30:00;0.0000
2025-01-14 00:45:00;0.0000
2025-01-14 01:00:00;0.0000
2025-01-14 01:15:00;0.0000
2025-01-14 01:30:00;0.0000
2025-01-14 01:45:00;0.0000
2025-01-14 02:00:00;0.0000
2025-01-14 02:15:00;0.0000
2025-01-14 02:30:00;0.0000
2025-01-14 02:45:00;0.0000
2025-01-14 03:00:00;0.0000
2025-01-14 03:15:00;0.0000
2025-01-14 03:30:00;0.0000
2025-01-14 03:45:00;0.0000
2025-01-14 04:00:00;0.0000
2025-01-14 04:15:00;0.0000
2025-01-14 04:30:00;0.0000
2025-01-14 04:45:00;0.0000
2025-01-14 05:00:00;0.0000
2025-01-14 05:15:00;0.0000
2025-01-14 05:30:00;0.0000
2025-01-14 05:45:00;0.0000
2025-01-14 06:00:00;0.0000
2025-01-14 06:15:00;0.0000
2025-01-14 06:30:00;0.0000
2025-01-14 06:45:00;0.0000
2025-01-14 07:00:00;0.0000
2025-01-14 07:15:00;0.0000
2025-01-14 07:30:00;0.0000
2025-01-14 07:45:00;0.0000
2025-01-14 08:00:00;0.0000
2025-01-14 08:15:00;0.0000
2025-01-14 08:30:00;0.0000
2025-01-14 08:45:00;0.0000
2025-01-14 09:00:00;1.0304
2025-01-14 09:15:00;2.0012
2025-01-14 09:30:00;3.0031
2025-01-14 09:45:00;4.3068
2025-01-14 10:00:00;4.6219
2025-01-14 10:15:00;5.6248
2025-01-14 10:30:00;6.5425
2025-01-14 10:45:00;7.5030
2025-01-14 11:00:00;8.0606
2025-01-14 11:15:00;9.0630
2025-01-14 11:30:00;9.8350
2025-01-14 11:45:00;10.1334
2025-01-14 12:00:00;9.2210
2025-01-14 12:15:00;9.8313
2025-01-14 12:30:00;9.6731
2025-01-14 12:45:00;9.9788
2025-01-14 13:00:00;9.4611
2025-01-14 13:15:00;9.5234
2025-01-14 13:30:00;9.0677
2025-01-14 13:45:00;8.6110
2025-01-14 14:00:00;11.1565
2025-01-14 14:15:00;9.5170
2025-01-14 14:30:00;9.5232
2025-01-14 14:45:00;8.5299
2025-01-14 15:00:00;6.5138
2025-01-14 15:15:00;5.9720
2025-01-14 15:30:00;5.2400
2025-01-14 15:45:00;4.5293
2025-01-14 16:00:00;3.7939
2025-01-14 16:15:00;2.7503
2025-01-14 16:30:00;1.8474
2025-01-14 16:45:00;0.9882
2025-01-14 17:00:00;0.0000
2025-01-14 17:15:00;0.0000
2025-01-14 17:30:00;0.0000
2025-01-14 17:45:00;0.0000
2025-01-14 18:00:00;0.0000
2025-01-14 18:15:00;0.0000
2025-01-14 18:30:00;0.0000
2025-01-14 18:45:00;0.0000
2025-01-14 19:00:00;0.0000
2025-01-14 19:15:00;0.0000
2025-01-14 19:30:00;0.0000
2025-01-14 19:45:00;0.0000
2025-01-14 20:00:00;0.0000
2025-01-14 20:15:00;0.0000
2025-01-14 20:30:00;0.0000
2025-01-14 20:45:00;0.0000
2025-01-14 21:00:00;0.0000
2025-01-14 21:15:00;0.0000
2025-01-14 21:30:00;0.0000
2025-01-14 21:45:00;0.0000
2025-01-14 22:00:00;0.0000
2025-01-14 22:15:00;0.0000
2025-01-14 22:30:00;0.0000
2025-01-14 22:45:00;0.0000
2025-01-14 23:00:00;0.0000
2025-01-14 23:15:00;0.0000
2025-01-14 23:30:00;0.0000
2025-01-14 23:45:00;0.0000
2025-01-15 00:00:00;0.0000
2025-01-15 00:15:00;0.0000
2025-01-15 00:30:00;0.0000
2025-01-15 00:45:00;0.0000
2025-01-15 01:00:00;0.0000
2025-01-15 01:15:00;0.0000
2025-01-15 01:30:00;0.0000
2025-01-15 01:45:00;0.0000
2025-01-15 02:00:00;0.0000
2025-01-15 02:15:00;0.0000
2025-01-15 02:30:00;0.0000
2025-01-15 02:45:00;0.0000
2025-01-15 03:00:00;0.0000
2025-01-15 03:15:00;0.0000
2025-01-15 03:30:00;0.0000
2025-01-15 03:45:00;0.0000
2025-01-15 04:00:00;0.0000
2025-01-15 04:15:00;0.0000
2025-01-15 04:30:00;0.0000
2025-01-15 04:45:00;0.0000
2025-01-15 05:00:00;0.0000
2025-01-15 05:15:00;0.0000
2025-01-15 05:30:00;0.0000
2025-01-15 05:45:00;0.0000
2025-01-15 06:00:00;0.0000
2025-01-15 06:15:00;0.0000
2025-01-15 06:30:00;0.0000
2025-01-15 06:45:00;0.0000
2025-01-15 07:00:00;0.0000
2025-01-15 07:15:00;0.0000
2025-01-15 07:30:00;0.0000
2025-01-15 07:45:00;0.0000
2025-01-15 08:00:00;0.0000
2025-01-15 08:15:00;0.0000
2025-01-15 08:30:00;0.0000
2025-01-15 08:45:00;0.0000
2025-01-15 09:00:00;0.1004
2025-01-15 09:15:00;0.1951
2025-01-15 09:30:00;0.2851
2025-01-15 09:45:00;0.3779
2025-01-15 10:00:00;0.4893
2025-01-15 10:15:00;0.5683
2025-01-15 10:30:00;0.6906
2025-01-15 10:45:00;0.7316
2025-01-15 11:00:00;0.9459
2025-01-15 11:15:00;1.0171
2025-01-15 11:30:00;1.0533
2025-01-15 11:45:00;1.0701
2025-01-15 12:00:00;1.0938
2025-01-15 12:15:00;1.0753
2025-01-15 12:30:00;1.1390
2025-01-15 12:45:00;1.1530
2025-01-15 13:00:00;1.1734
2025-01-15 13:15:00;1.1432
2025-01-15 13:30:00;1.0928
2025-01-15 13:45:00;1.1707
2025-01-15 14:00:00;0.9090
2025-01-15 14:15:00;0.9216
2025-01-15 14:30:00;0.9032
2025-01-15 14:45:00;0.8349
2025-01-15 15:00:00;0.7759
2025-01-15 15:15:00;0.7299
2025-01-15 15:30:00;0.6100
2025-01-15 15:45:00;0.5451
2025-01-15 16:00:00;0.4247
2025-01-15 16:15:00;0.2976
2025-01-15 16:30:00;0.2107
2025-01-15 16:45:00;0.1012
2025-01-15 17:00:00;0.0000
2025-01-15 17:15:00;0.0000
2025-01-15 17:30:00;0.0000
2025-01-15 17:45:00;0.0000
2025-01-15 18:00:00;0.0000
2025-01-15 18:15:00;0.0000
2025-01-15 18:30:00;0.0000
2025-01-15 18:45:00;0.0000
2025-01-15 19:00:00;0.0000
2025-01-15 19:15:00;0.0000
2025-01-15 19:30:00;0.0000
2025-01-15 19:45:00;0.0000
2025-01-15 20:00:00;0.0000
2025-01-15 20:15:00;0.0000
2025-01-15 20:30:00;0.0000
2025-01-15 20:45:00;0.0000
2025-01-15 21:00:00;0.0000
2025-01-15 21:15:00;0.0000
2025-01-15 21:30:00;0.0000
2025-01-15 21:45:00;0.0000
2025-01-15 22:00:00;0.0000
2025-01-15 22:15:00;0.0000
2025-01-15 22:30:00;0.0000
2025-01-15 22:45:00;0.0000
2025-01-15 23:00:00;0.0000
2025-01-15 23:15:00;0.0000
2025-01-15 23:30:00;0.0000
2025-01-15 23:45:00;0.0000
2025-01-16 00:00:00;0.0000
2025-01-16 00:15:00;0.0000
2025-01-16 00:30:00;0.0000
2025-01-16 00:45:00;0.0000
2025-01-16 01:00:00;0.0000
2025-01-16 01:15:00;0.0000
2025-01-16 01:30:00;0.0000
2025-01-16 01:45:00;0.0000
2025-01-16 02:00:00;0.0000
2025-01-16 02:15:00;0.0000
2025-01-16 02:30:00;0.0000
2025-01-16 02:45:00;0.0000
2025-01-16 03:00:00;0.0000
2025-01-16 03:15:00;0.0000
2025-01-16 03:30:00;0.0000
2025-01-16 03:45:00;0.0000
2025-01-16 04:00:00;0.0000
2025-01-16 04:15:00;0.0000
2025-01-16 04:30:00;0.0000
2025-01-16 04:45:00;0.0000
2025-01-16 05:00:00;0.0000
2025-01-16 05:15:00;0.0000
2025-01-16 05:30:00;0.0000
2025-01-16 05:45:00;0.0000
2025-01-16 06:00:00;0.0000
2025-01-16 06:15:00;0.0000
2025-01-16 06:30:00;0.0000
2025-01-16 06:45:00;0.0000
2025-01-16 07:00:00;0.0000
2025-01-16 07:15:00;0.0000
2025-01-16 07:30:00;0.0000
2025-01-16 07:45:00;0.0000
2025-01-16 08:00:00;0.0000
2025-01-16 08:15:00;0.0000
2025-01-16 08:30:00;0.0000
2025-01-16 08:45:00;0.0000
2025-01-16 09:00:00;0.1050
2025-01-16 09:15:00;0.2084
2025-01-16 09:30:00;0.3073
2025-01-16 09:45:00;0.3915
2025-01-16 10:00:00;0.4396
2025-01-16 10:15:00;0.5470
2025-01-16 10:30:00;0.6363
2025-01-16 10:45:00;0.6460
2025-01-16 11:00:00;0.8794
2025-01-16 11:15:00;0.9617
2025-01-16 11:30:00;0.9502
2025-01-16 11:45:00;1.0263
2025-01-16 12:00:00;0.9784
2025-01-16 12:15:00;0.9633
2025-01-16 12:30:00;0.9396
2025-01-16 12:45:00;0.9990
2025-01-16 13:00:00;1.0314
2025-01-16 13:15:00;0.9513
2025-01-16 13:30:00;0.9670
2025-01-16 13:45:00;0.9371
2025-01-16 14:00:00;1.1192
2025-01-16 14:15:00;1.0117
2025-01-16 14:30:00;0.9425
2025-01-16 14:45:00;0.8995
2025-01-16 15:00:00;0.6098
2025-01-16 15:15:00;0.5956
2025-01-16 15:30:00;0.5337
2025-01-16 15:45:00;0.4312
2025-01-16 16:00:00;0.4504
2025-01-16 16:15:00;0.3293
2025-01-16 16:30:00;0.2231
2025-01-16 16:45:00;0.1172
2025-01-16 17:00:00;0.0000
2025-01-16 17:15:00;0.0000
2025-01-16 17:30:00;0.0000
2025-01-16 17:45:00;0.0000
2025-01-16 18:00:00;0.0000
2025-01-16 18:15:00;0.0000
2025-01-16 18:30:00;0.0000
2025-01-16 18:45:00;0.0000
2025-01-16 19:00:00;0.0000
2025-01-16 19:15:00;0.0000
2025-01-16 19:30:00;0.0000
2025-01-16 19:45:00;0.0000
2025-01-16 20:00:00;0.0000
2025-01-16 20:15:00;0.0000
2025-01-16 20:30:00;0.0000
2025-01-16 20:45:00;0.0000
2025-01-16 21:00:00;0.0000
2025-01-16 21:15:00;0.0000
2025-01-16 21:30:00;0.0000
2025-01-16 21:45:00;0.0000
2025-01-16 22:00:00;0.0000
2025-01-16 22:15:00;0.0000
2025-01-16 22:30:00;0.0000
2025-01-16 22:45:00;0.0000
2025-01-16 23:00:00;0.0000
2025-01-16 23:15:00;0.0000
2025-01-16 23:30:00;0.0000
2025-01-16 23:45:00;0.0000
2025-01-17 00:00:00;0.0000
2025-01-17 00:15:00;0.0000
2025-01-17 00:30:00;0.0000
2025-01-17 00:45:00;0.0000
2025-01-17 01:00:00;0.0000
2025-01-17 01:15:00;0.0000
2025-01-17 01:30:00;0.0000
2025-01-17 01:45:00;0.0000
2025-01-17 02:00:00;0.0000
2025-01-17 02:15:00;0.0000
2025-01-17 02:30:00;0.0000
2025-01-17 02:45:00;0.0000
2025-01-17 03:00:00;0.0000
2025-01-17 03:15:00;0.0000
2025-01-17 03:30:00;0.0000
2025-01-17 03:45:00;0.0000
2025-01-17 04:00:00;0.0000
2025-01-17 04:15:00;0.0000
2025-01-17 04:30:00;0.0000
2025-01-17 04:45:00;0.0000
2025-01-17 05:00:00;0.0000
2025-01-17 05:15:00;0.0000
2025-01-17 05:30:00;0.0000
2025-01-17 05:45:00;0.0000
2025-01-17 06:00:00;0.0000
2025-01-17 06:15:00;0.0000
2025-01-17 06:30:00;0.0000
2025-01-17 06:45:00;0.0000
2025-01-17 07:00:00;0.0000
2025-01-17 07:15:00;0.0000
2025-01-17 07:30:00;0.0000
2025-01-17 07:45:00;0.0000
2025-01-17 08:00:00;0.0000
2025-01-17 08:15:00;0.0000
2025-01-17 08:30:00;0.0000
2025-01-17 08:45:00;0.0000
2025-01-17 09:00:00;0.6548
2025-01-17 09:15:00;1.3083
2025-01-17 09:30:00;1.9404
2025-01-17 09:45:00;2.5741
2025-01-17 10:00:00;3.0910
2025-01-17 10:15:00;3.6228
2025-01-17 10:30:00;4.0186
2025-01-17 10:45:00;4.7424
2025-01-17 11:00:00;5.6009
2025-01-17 11:15:00;6.2971
2025-01-17 11:30:00;6.8512
2025-01-17 11:45:00;6.5458
2025-01-17 12:00:00;5.2268
2025-01-17 12:15:00;5.8858
2025-01-17 12:30:00;5.9143
2025-01-17 12:45:00;5.6604
2025-01-17 13:00:00;6.3940
2025-01-17 13:15:00;6.1568
2025-01-17 13:30:00;5.8117
2025-01-17 13:45:00;5.8829
2025-01-17 14:00:00;4.2408
2025-01-17 14:15:00;4.1498
2025-01-17 14:30:00;3.6763
2025-01-17 14:45:00;3.5743
2025-01-17 15:00:00;1.9525
2025-01-17 15:15:00;1.8618
2025-01-17 15:30:00;1.5304
2025-01-17 15:45:00;1.4228
2025-01-17 16:00:00;1.8797
2025-01-17 16:15:00;1.4146
2025-01-17 16:30:00;0.9184
2025-01-17 16:45:00;0.4746
2025-01-17 17:00:00;0.0000
2025-01-17 17:15:00;0.0000
2025-01-17 17:30:00;0.0000
2025-01-17 17:45:00;0.0000
2025-01-17 18:00:00;0.0000
2025-01-17 18:15:00;0.0000
2025-01-17 18:30:00;0.0000
2025-01-17 18:45:00;0.0000
2025-01-17 19:00:00;0.0000
2025-01-17 19:15:00;0.0000
2025-01-17 19:30:00;0.0000
2025-01-17 19:45:00;0.0000
2025-01-17 20:00:00;0.0000
2025-01-17 20:15:00;0.0000
2025-01-17 20:30:00;0.0000
2025-01-17 20:45:00;0.0000
2025-01-17 21:00:00;0.0000
2025-01-17 21:15:00;0.0000
2025-01-17 21:30:00;0.0000
2025-01-17 21:45:00;0.0000
2025-01-17 22:00:00;0.0000
2025-01-17 22:15:00;0.0000
2025-01-17 22:30:00;0.0000
2025-01-17 22:45:00;0.0000
2025-01-17 23:00:00;0.0000
2025-01-17 23:15:00;0.0000
2025-01-17 23:30:00;0.0000
2025-01-17 23:45:00;0.0000
2025-01-18 00:00:00;0.0000
2025-01-18 00:15:00;0.0000
2025-01-18 00:30:00;0.0000
2025-01-18 00:45:00;0.0000
2025-01-18 01:00:00;0.0000
2025-01-18 01:15:00;0.0000
2025-01-18 01:30:00;0.0000
2025-01-18 01:45:00;0.0000
2025-01-18 02:00:00;0.0000
2025-01-18 02:15:00;0.0000
2025-01-18 02:30:00;0.0000
2025-01-18 02:45:00;0.0000
2025-01-18 03:00:00;0.0000
2025-01-18 03:15:00;0.0000
2025-01-18 03:30:00;0.0000
2025-01-18 03:45:00;0.0000
2025-01-18 04:00:00;0.0000
2025-01-18 04:15:00;0.0000
2025-01-18 04:30:00;0.0000
2025-01-18 04:45:00;0.0000
2025-01-18 05:00:00;0.0000
2025-01-18 05:15:00;0.0000
2025-01-18 05:30:00;0.0000
2025-01-18 05:45:00;0.0000
2025-01-18 06:00:00;0.0000
2025-01-18 06:15:00;0.0000
2025-01-18 06:30:00;0.0000
2025-01-18 06:45:00;0.0000
2025-01-18 07:00:00;0.0000
2025-01-18 07:15:00;0.0000
2025-01-18 07:30:00;0.0000
2025-01-18 07:45:00;0.0000
2025-01-18 08:00:00;0.0000
2025-01-18 08:15:00;0.0000
2025-01-18 08:30:00;0.0000
2025-01-18 08:45:00;0.0000
2025-01-18 09:00:00;0.1084
2025-01-18 09:15:00;0.2145
2025-01-18 09:30:00;0.3093
2025-01-18 09:45:00;0.4051
2025-01-18 10:00:00;0.5231
2025-01-18 10:15:00;0.5947
2025-01-18 10:30:00;0.6468
2025-01-18 10:45:00;0.7394
2025-01-18 11:00:00;0.7142
2025-01-18 11:15:00;0.7899
2025-01-18 11:30:00;0.8374
2025-01-18 11:45:00;0.8977
2025-01-18 12:00:00;1.0170
2025-01-18 12:15:00;0.9434
2025-01-18 12:30:00;1.0765
2025-01-18 12:45:00;1.0188
2025-01-18 13:00:00;0.9563
2025-01-18 13:15:00;1.0308
2025-01-18 13:30:00;0.9518
2025-01-18 13:45:00;0.9386
2025-01-18 14:00:00;0.9845
2025-01-18 14:15:00;0.9195
2025-01-18 14:30:00;0.8571
2025-01-18 14:45:00;0.8022
2025-01-18 15:00:00;0.6326
2025-01-18 15:15:00;0.5623
2025-01-18 15:30:00;0.5106
2025-01-18 15:45:00;0.4188
2025-01-18 16:00:00;0.4153
2025-01-18 16:15:00;0.3001
2025-01-18 16:30:00;0.2053
2025-01-18 16:45:00;0.0989
2025-01-18 17:00:00;0.0000
2025-01-18 17:15:00;0.0000
2025-01-18 17:30:00;0.0000
2025-01-18 17:45:00;0.0000
2025-01-18 18:00:00;0.0000
2025-01-18 18:15:00;0.0000
2025-01-18 18:30:00;0.0000
2025-01-18 18:45:00;0.0000
2025-01-18 19:00:00;0.0000
2025-01-18 19:15:00;0.0000
2025-01-18 19:30:00;0.0000
2025-01-18 19:45:00;0.0000
2025-01-18 20:00:00;0.0000
2025-01-18 20:15:00;0.0000
2025-01-18 20:30:00;0.0000
2025-01-18 20:45:00;0.0000
2025-01-18 21:00:00;0.0000
2025-01-18 21:15:00;0.0000
2025-01-18 21:30:00;0.0000
2025-01-18 21:45:00;0.0000
2025-01-18 22:00:00;0.0000
2025-01-18 22:15:00;0.0000
2025-01-18 22:30:00;0.0000
2025-01-18 22:45:00;0.0000
2025-01-18 23:00:00;0.0000
2025-01-18 23:15:00;0.0000
2025-01-18 23:30:00;0.0000
2025-01-18 23:45:00;0.0000
2025-01-19 00:00:00;0.0000
2025-01-19 00:15:00;0.0000
2025-01-19 00:30:00;0.0000
2025-01-19 00:45:00;0.0000
2025-01-19 01:00:00;0.0000
2025-01-19 01:15:00;0.0000
2025-01-19 01:30:00;0.0000
2025-01-19 01:45:00;0.0000
2025-01-19 02:00:00;0.0000
2025-01-19 02:15:00;0.0000
2025-01-19 02:30:00;0.0000
2025-01-19 02:45:00;0.0000
2025-01-19 03:00:00;0.0000
2025-01-19 03:15:00;0.0000
2025-01-19 03:30:00;0.0000
2025-01-19 03:45:00;0.0000
2025-01-19 04:00:00;0.0000
2025-01-19 04:15:00;0.0000
2025-01-19 04:30:00;0.0000
2025-01-19 04:45:00;0.0000
2025-01-19 05:00:00;0.0000
2025-01-19 05:15:00;0.0000
2025-01-19 05:30:00;0.0000
2025-01-19 05:45:00;0.0000
2025-01-19 06:00:00;0.0000
2025-01-19 06:15:00;0.0000
2025-01-19 06:30:00;0.0000
2025-01-19 06:45:00;0.0000
2025-01-19 07:00:00;0.0000
2025-01-19 07:15:00;0.0000
2025-01-19 07:30:00;0.0000
2025-01-19 07:45:00;0.0000
2025-01-19 08:00:00;0.0000
2025-01-19 08:15:00;0.0000
2025-01-19 08:30:00;0.0000
2025-01-19 08:45:00;0.0000
2025-01-19 09:00:00;0.5072
2025-01-19 09:15:00;1.0479
2025-01-19 09:30:00;1.5509
2025-01-19 09:45:00;2.0996
2025-01-19 10:00:00;2.7100
2025-01-19 10:15:00;3.0465
2025-01-19 10:30:00;3.6783
2025-01-19 10:45:00;3.8209
2025-01-19 11:00:00;4.3679
2025-01-19 11:15:00;4.8029
2025-01-19 11:30:00;5.3516
2025-01-19 11:45:00;5.5342
2025-01-19 12:00:00;7.3802
2025-01-19 12:15:00;7.6640
2025-01-19 12:30:00;7.4423
2025-01-19 12:45:00;7.5757
2025-01-19 13:00:00;5.0076
2025-01-19 13:15:00;5.2816
2025-01-19 13:30:00;5.1966
2025-01-19 13:45:00;4.6993
2025-01-19 14:00:00;6.2465
2025-01-19 14:15:00;5.8242
2025-01-19 14:30:00;5.7442
2025-01-19 14:45:00;5.1434
2025-01-19 15:00:00;5.0453
2025-01-19 15:15:00;4.8263
2025-01-19 15:30:00;4.0344
2025-01-19 15:45:00;3.2985
2025-01-19 16:00:00;2.5878
2025-01-19 16:15:00;1.8616
2025-01-19 16:30:00;1.3574
2025-01-19 16:45:00;0.6338
2025-01-19 17:00:00;0.0000
2025-01-19 17:15:00;0.0000
2025-01-19 17:30:00;0.0000
2025-01-19 17:45:00;0.0000
2025-01-19 18:00:00;0.0000
2025-01-19 18:15:00;0.0000
2025-01-19 18:30:00;0.0000
2025-01-19 18:45:00;0.0000
2025-01-19 19:00:00;0.0000
2025-01-19 19:15:00;0.0000
2025-01-19 19:30:00;0.0000
2025-01-19 19:45:00;0.0000
2025-01-19 20:00:00;0.0000
2025-01-19 20:15:00;0.0000
2025-01-19 20:30:00;0.0000
2025-01-19 20:45:00;0.0000
2025-01-19 21:00:00;0.0000
2025-01-19 21:15:00;0.0000
2025-01-19 21:30:00;0.0000
2025-01-19 21:45:00;0.0000
2025-01-19 22:00:00;0.0000
2025-01-19 22:15:00;0.0000
2025-01-19 22:30:00;0.0000
2025-01-19 22:45:00;0.0000
2025-01-19 23:00:00;0.0000
2025-01-19 23:15:00;0.0000
2025-01-19 23:30:00;0.0000
2025-01-19 23:45:00;0.0000
2025-01-20 00:00:00;0.0000
2025-01-20 00:15:00;0.0000
2025-01-20 00:30:00;0.0000
2025-01-20 00:45:00;0.0000
2025-01-20 01:00:00;0.0000
2025-01-20 01:15:00;0.0000
2025-01-20 01:30:00;0.0000
2025-01-20 01:45:00;0.0000
2025-01-20 02:00:00;0.0000
2025-01-20 02:15:00;0.0000
2025-01-20 02:30:00;0.0000
2025-01-20 02:45:00;0.0000
2025-01-20 03:00:00;0.0000
2025-01-20 03:15:00;0.0000
2025-01-20 03:30:00;0.0000
2025-01-20 03:45:00;0.0000
2025-01-20 04:00:00;0.0000
2025-01-20 04:15:00;0.0000
2025-01-20 04:30:00;0.0000
2025-01-20 04:45:00;0.0000
2025-01-20 05:00:00;0.0000
2025-01-20 05:15:00;0.0000
2025-01-20 05:30:00;0.0000
2025-01-20 05:45:00;0.0000
2025-01-20 06:00:00;0.0000
2025-01-20 06:15:00;0.0000
2025-01-20 06:30:00;0.0000
2025-01-20 06:45:00;0.0000
2025-01-20 07:00:00;0.0000
2025-01-20 07:15:00;0.0000
2025-01-20 07:30:00;0.0000
2025-01-20 07:45:00;0.0000
2025-01-20 08:00:00;0.0000
2025-01-20 08:15:00;0.0000
2025-01-20 08:30:00;0.0000
2025-01-20 08:45:00;0.0000
2025-01-20 09:00:00;0.7517
2025-01-20 09:15:00;1.5102
2025-01-20 09:30:00;2.2826
2025-01-20 09:45:00;3.0713
2025-01-20 10:00:00;4.0089
2025-01-20 10:15:00;4.4852
2025-01-20 10:30:00;5.6878
2025-01-20 10:45:00;5.8782
2025-01-20 11:00:00;5.4370
2025-01-20 11:15:00;5.9806
2025-01-20 11:30:00;6.2611
2025-01-20 11:45:00;7.1050
2025-01-20 12:00:00;5.8920
2025-01-20 12:15:00;5.8260
2025-01-20 12:30:00;6.4625
2025-01-20 12:45:00;6.3587
2025-01-20 13:00:00;6.7893
2025-01-20 13:15:00;6.5441
2025-01-20 13:30:00;6.3531
2025-01-20 13:45:00;6.8047
2025-01-20 14:00:00;3.8593
2025-01-20 14:15:00;4.0104
2025-01-20 14:30:00;3.6961
2025-01-20 14:45:00;3.5697
2025-01-20 15:00:00;4.4431
2025-01-20 15:15:00;3.9320
2025-01-20 15:30:00;3.4381
2025-01-20 15:45:00;2.9054
2025-01-20 16:00:00;2.5972
2025-01-20 16:15:00;1.9558
2025-01-20 16:30:00;1.2916
2025-01-20 16:45:00;0.6283
2025-01-20 17:00:00;0.0000
2025-01-20 17:15:00;0.0000
2025-01-20 17:30:00;0.0000
2025-01-20 17:45:00;0.0000
2025-01-20 18:00:00;0.0000
2025-01-20 18:15:00;0.0000
2025-01-20 18:30:00;0.0000
2025-01-20 18:45:00;0.0000
2025-01-20 19:00:00;0.0000
2025-01-20 19:15:00;0.0000
2025-01-20 19:30:00;0.0000
2025-01-20 19:45:00;0.0000
2025-01-20 20:00:00;0.0000
2025-01-20 20:15:00;0.0000
2025-01-20 20:30:00;0.0000
2025-01-20 20:45:00;0.0000
2025-01-20 21:00:00;0.0000
2025-01-20 21:15:00;0.0000
2025-01-20 21:30:00;0.0000
2025-01-20 21:45:00;0.0000
2025-01-20 22:00:00;0.0000
2025-01-20 22:15:00;0.0000
2025-01-20 22:30:00;0.0000
2025-01-20 22:45:00;0.0000
2025-01-20 23:00:00;0.0000
2025-01-20 23:15:00;0.0000
2025-01-20 23:30:00;0.0000
2025-01-20 23:45:00;0.0000
2025-01-21 00:00:00;0.0000
2025-01-21 00:15:00;0.0000
2025-01-21 00:30:00;0.0000
2025-01-21 00:45:00;0.0000
2025-01-21 01:00:00;0.0000
2025-01-21 01:15:00;0.0000
2025-01-21 01:30:00;0.0000
2025-01-21 01:45:00;0.0000
2025-01-21 02:00:00;0.0000
2025-01-21 02:15:00;0.0000
2025-01-21 02:30:00;0.0000
2025-01-21 02:45:00;0.0000
2025-01-21 03:00:00;0.0000
2025-01-21 03:15:00;0.0000
2025-01-21 03:30:00;0.0000
2025-01-21 03:45:00;0.0000
2025-01-21 04:00:00;0.0000
2025-01-21 04:15:00;0.0000
2025-01-21 04:30:00;0.0000
2025-01-21 04:45:00;0.0000
2025-01-21 05:00:00;0.0000
2025-01-21 05:15:00;0.0000
2025-01-21 05:30:00;0.0000
2025-01-21 05:45:00;0.0000
2025-01-21 06:00:00;0.0000
2025-01-21 06:15:00;0.0000
2025-01-21 06:30:00;0.0000
2025-01-21 06:45:00;0.0000
2025-01-21 07:00:00;0.0000
2025-01-21 07:15:00;0.0000
2025-01-21 07:30:00;0.0000
2025-01-21 07:45:00;0.0000
2025-01-21 08:00:00;0.0000
2025-01-21 08:15:00;0.0000
2025-01-21 08:30:00;0.0000
2025-01-21 08:45:00;0.0000
2025-01-21 09:00:00;0.6104
2025-01-21 09:15:00;1.1942
2025-01-21 09:30:00;1.9387
2025-01-21 09:45:00;2.4939
2025-01-21 10:00:00;2.9490
2025-01-21 10:15:00;3.5494
2025-01-21 10:30:00;3.8343
2025-01-21 10:45:00;4.6033
2025-01-21 11:00:00;4.5392
2025-01-21 11:15:00;5.2238
2025-01-21 11:30:00;5.4414
2025-01-21 11:45:00;5.4936
2025-01-21 12:00:00;4.8069
2025-01-21 12:15:00;4.7694
2025-01-21 12:30:00;4.8176
2025-01-21 12:45:00;4.8576
2025-01-21 13:00:00;6.9753
2025-01-21 13:15:00;6.7583
2025-01-21 13:30:00;6.9131
2025-01-21 13:45:00;6.6670
2025-01-21 14:00:00;2.8592
2025-01-21 14:15:00;2.8273
2025-01-21 14:30:00;2.5150
2025-01-21 14:45:00;2.3781
2025-01-21 15:00:00;4.3279
2025-01-21 15:15:00;3.6961
2025-01-21 15:30:00;3.2005
2025-01-21 15:45:00;2.8492
2025-01-21 16:00:00;2.5007
2025-01-21 16:15:00;1.9094
2025-01-21 16:30:00;1.2510
2025-01-21 16:45:00;0.6371
2025-01-21 17:00:00;0.0000
2025-01-21 17:15:00;0.0000
2025-01-21 17:30:00;0.0000
2025-01-21 17:45:00;0.0000
2025-01-21 18:00:00;0.0000
2025-01-21 18:15:00;0.0000
2025-01-21 18:30:00;0.0000
2025-01-21 18:45:00;0.0000
2025-01-21 19:00:00;0.0000
2025-01-21 19:15:00;0.0000
2025-01-21 19:30:00;0.0000
2025-01-21 19:45:00;0.0000
2025-01-21 20:00:00;0.0000
2025-01-21 20:15:00;0.0000
2025-01-21 20:30:00;0.0000
2025-01-21 20:45:00;0.0000
2025-01-21 21:00:00;0.0000
2025-01-21 21:15:00;0.0000
2025-01-21 21:30:00;0.0000
2025-01-21 21:45:00;0.0000
2025-01-21 22:00:00;0.0000
2025-01-21 22:15:00;0.0000
2025-01-21 22:30:00;0.0000
2025-01-21 22:45:00;0.0000
2025-01-21 23:00:00;0.0000
2025-01-21 23:15:00;0.0000
2025-01-21 23:30:00;0.0000
2025-01-21 23:45:00;0.0000
2025-01-22 00:00:00;0.0000
2025-01-22 00:15:00;0.0000
2025-01-22 00:30:00;0.0000
2025-01-22 00:45:00;0.0000
2025-01-22 01:00:00;0.0000
2025-01-22 01:15:00;0.0000
2025-01-22 01:30:00;0.0000
2025-01-22 01:45:00;0.0000
2025-01-22 02:00:00;0.0000
2025-01-22 02:15:00;0.0000
2025-01-22 02:30:00;0.0000
2025-01-22 02:45:00;0.0000
2025-01-22 03:00:00;0.0000
2025-01-22 03:15:00;0.0000
2025-01-22 03:30:00;0.0000
2025-01-22 03:45:00;0.0000
2025-01-22 04:00:00;0.0000
2025-01-22 04:15:00;0.0000
2025-01-22 04:30:00;0.0000
2025-01-22 04:45:00;0.0000
2025-01-22 05:00:00;0.0000
2025-01-22 05:15:00;0.0000
2025-01-22 05:30:00;0.0000
2025-01-22 05:45:00;0.0000
2025-01-22 06:00:00;0.0000
2025-01-22 06:15:00;0.0000
2025-01-22 06:30:00;0.0000
2025-01-22 06:45:00;0.0000
2025-01-22 07:00:00;0.0000
2025-01-22 07:15:00;0.0000
2025-01-22 07:30:00;0.0000
2025-01-22 07:45:00;0.0000
2025-01-22 08:00:00;0.0000
2025-01-22 08:15:00;0.0000
2025-01-22 08:30:00;0.0000
2025-01-22 08:45:00;0.0000
2025-01-22 09:00:00;0.1044
2025-01-22 09:15:00;0.1993
2025-01-22 09:30:00;0.3040
2025-01-22 09:45:00;0.3897
2025-01-22 10:00:00;0.5282
2025-01-22 10:15:00;0.5995
2025-01-22 10:30:00;0.7401
2025-01-22 10:45:00;0.8495
2025-01-22 11:00:00;0.9600
2025-01-22 11:15:00;0.9925
2025-01-22 11:30:00;1.0023
2025-01-22 11:45:00;1.0312
2025-01-22 12:00:00;0.9973
2025-01-22 12:15:00;1.0345
2025-01-22 12:30:00;1.0235
2025-01-22 12:45:00;1.0379
2025-01-22 13:00:00;0.9648
2025-01-22 13:15:00;0.9713
2025-01-22 13:30:00;0.9078
2025-01-22 13:45:00;0.9630
2025-01-22 14:00:00;0.8173
2025-01-22 14:15:00;0.8025
2025-01-22 14:30:00;0.7444
2025-01-22 14:45:00;0.6729
2025-01-22 15:00:00;0.7395
2025-01-22 15:15:00;0.6246
2025-01-22 15:30:00;0.5653
2025-01-22 15:45:00;0.4771
2025-01-22 16:00:00;0.4696
2025-01-22 16:15:00;0.3229
2025-01-22 16:30:00;0.2126
2025-01-22 16:45:00;0.1051
2025-01-22 17:00:00;0.0000
2025-01-22 17:15:00;0.0000
2025-01-22 17:30:00;0.0000
2025-01-22 17:45:00;0.0000
2025-01-22 18:00:00;0.0000
2025-01-22 18:15:00;0.0000
2025-01-22 18:30:00;0.0000
2025-01-22 18:45:00;0.0000
2025-01-22 19:00:00;0.0000
2025-01-22 19:15:00;0.0000
2025-01-22 19:30:00;0.0000
2025-01-22 19:45:00;0.0000
2025-01-22 20:00:00;0.0000
2025-01-22 20:15:00;0.0000
2025-01-22 20:30:00;0.0000
2025-01-22 20:45:00;0.0000
2025-01-22 21:00:00;0.0000
2025-01-22 21:15:00;0.0000
2025-01-22 21:30:00;0.0000
2025-01-22 21:45:00;0.0000
2025-01-22 22:00:00;0.0000
2025-01-22 22:15:00;0.0000
2025-01-22 22:30:00;0.0000
2025-01-22 22:45:00;0.0000
2025-01-22 23:00:00;0.0000
2025-01-22 23:15:00;0.0000
2025-01-22 23:30:00;0.0000
2025-01-22 23:45:00;0.0000
2025-01-23 00:00:00;0.0000
2025-01-23 00:15:00;0.0000
2025-01-23 00:30:00;0.0000
2025-01-23 00:45:00;0.0000
2025-01-23 01:00:00;0.0000
2025-01-23 01:15:00;0.0000
2025-01-23 01:30:00;0.0000
2025-01-23 01:45:00;0.0000
2025-01-23 02:00:00;0.0000
2025-01-23 02:15:00;0.0000
2025-01-23 02:30:00;0.0000
2025-01-23 02:45:00;0.0000
2025-01-23 03:00:00;0.0000
2025-01-23 03:15:00;0.0000
2025-01-23 03:30:00;0.0000
2025-01-23 03:45:00;0.0000
2025-01-23 04:00:00;0.0000
2025-01-23 04:15:00;0.0000
2025-01-23 04:30:00;0.0000
2025-01-23 04:45:00;0.0000
2025-01-23 05:00:00;0.0000
2025-01-23 05:15:00;0.0000
2025-01-23 05:30:00;0.0000
2025-01-23 05:45:00;0.0000
2025-01-23 06:00:00;0.0000
2025-01-23 06:15:00;0.0000
2025-01-23 06:30:00;0.0000
2025-01-23 06:45:00;0.0000
2025-01-23 07:00:00;0.0000
2025-01-23 07:15:00;0.0000
2025-01-23 07:30:00;0.0000
2025-01-23 07:45:00;0.0000
2025-01-23 08:00:00;0.0000
2025-01-23 08:15:00;0.0000
2025-01-23 08:30:00;0.0000
2025-01-23 08:45:00;0.0000
2025-01-23 09:00:00;1.1059
2025-01-23 09:15:00;2.0751
2025-01-23 09:30:00;3.0792
2025-01-23 09:45:00;4.1648
2025-01-23 10:00:00;4.1689
2025-01-23 10:15:00;5.1620
2025-01-23 10:30:00;5.3815
2025-01-23 10:45:00;6.3731
2025-01-23 11:00:00;8.5589
2025-01-23 11:15:00;9.7646
2025-01-23 11:30:00;10.3561
2025-01-23 11:45:00;10.5347
2025-01-23 12:00:00;10.0060
2025-01-23 12:15:00;10.8482
2025-01-23 12:30:00;10.7177
2025-01-23 12:45:00;10.5523
2025-01-23 13:00:00;11.9717
2025-01-23 13:15:00;11.8764
2025-01-23 13:30:00;10.9232
2025-01-23 13:45:00;10.5766
2025-01-23 14:00:00;9.6240
2025-01-23 14:15:00;9.1476
2025-01-23 14:30:00;8.4559
2025-01-23 14:45:00;8.2287
2025-01-23 15:00:00;7.9442
2025-01-23 15:15:00;7.2217
2025-01-23 15:30:00;6.5661
2025-01-23 15:45:00;5.3504
2025-01-23 16:00:00;3.8962
2025-01-23 16:15:00;2.8378
2025-01-23 16:30:00;2.0735
2025-01-23 16:45:00;0.9623
2025-01-23 17:00:00;0.0000
2025-01-23 17:15:00;0.0000
2025-01-23 17:30:00;0.0000
2025-01-23 17:45:00;0.0000
2025-01-23 18:00:00;0.0000
2025-01-23 18:15:00;0.0000
2025-01-23 18:30:00;0.0000
2025-01-23 18:45:00;0.0000
2025-01-23 19:00:00;0.0000
2025-01-23 19:15:00;0.0000
2025-01-23 19:30:00;0.0000
2025-01-23 19:45:00;0.0000
2025-01-23 20:00:00;0.0000
2025-01-23 20:15:00;0.0000
2025-01-23 20:30:00;0.0000
2025-01-23 20:45:00;0.0000
2025-01-23 21:00:00;0.0000
2025-01-23 21:15:00;0.0000
2025-01-23 21:30:00;0.0000
2025-01-23 21:45:00;0.0000
2025-01-23 22:00:00;0.0000
2025-01-23 22:15:00;0.0000
2025-01-23 22:30:00;0.0000
2025-01-23 22:45:00;0.0000
2025-01-23 23:00:00;0.0000
2025-01-23 23:15:00;0.0000
2025-01-23 23:30:00;0.0000
2025-01-23 23:45:00;0.0000
2025-01-24 00:00:00;0.0000
2025-01-24 00:15:00;0.0000
2025-01-24 00:30:00;0.0000
2025-01-24 00:45:00;0.0000
2025-01-24 01:00:00;0.0000
2025-01-24 01:15:00;0.0000
2025-01-24 01:30:00;0.0000
2025-01-24 01:45:00;0.0000
2025-01-24 02:00:00;0.0000
2025-01-24 02:15:00;0.0000
2025-01-24 02:30:00;0.0000
2025-01-24 02:45:00;0.0000
2025-01-24 03:00:00;0.0000
2025-01-24 03:15:00;0.0000
2025-01-24 03:30:00;0.0000
2025-01-24 03:45:00;0.0000
2025-01-24 04:00:00;0.0000
2025-01-24 04:15:00;0.0000
2025-01-24 04:30:00;0.0000
2025-01-24 04:45:00;0.0000
2025-01-24 05:00:00;0.0000
2025-01-24 05:15:00;0.0000
2025-01-24 05:30:00;0.0000
2025-01-24 05:45:00;0.0000
2025-01-24 06:00:00;0.0000
2025-01-24 06:15:00;0.0000
2025-01-24 06:30:00;0.0000
2025-01-24 06:45:00;0.0000
2025-01-24 07:00:00;0.0000
2025-01-24 07:15:00;0.0000
2025-01-24 07:30:00;0.0000
2025-01-24 07:45:00;0.0000
2025-01-24 08:00:00;0.0000
2025-01-24 08:15:00;0.0000
2025-01-24 08:30:00;0.0000
2025-01-24 08:45:00;0.0000
2025-01-24 09:00:00;0.1052
2025-01-24 09:15:00;0.2102
2025-01-24 09:30:00;0.3057
2025-01-24 09:45:00;0.4153
2025-01-24 10:00:00;0.5383
2025-01-24 10:15:00;0.6473
2025-01-24 10:30:00;0.7100
2025-01-24 10:45:00;0.8278
2025-01-24 11:00:00;0.8185
2025-01-24 11:15:00;0.9138
2025-01-24 11:30:00;0.9547
2025-01-24 11:45:00;0.9971
2025-01-24 12:00:00;1.0535
2025-01-24 12:15:00;1.0826
2025-01-24 12:30:00;1.1317
2025-01-24 12:45:00;1.0854
2025-01-24 13:00:00;1.0029
2025-01-24 13:15:00;1.0949
2025-01-24 13:30:00;1.0216
2025-01-24 13:45:00;1.0285
2025-01-24 14:00:00;0.9701
2025-01-24 14:15:00;0.9562
2025-01-24 14:30:00;0.9384
2025-01-24 14:45:00;0.8863
2025-01-24 15:00:00;0.8282
2025-01-24 15:15:00;0.7273
2025-01-24 15:30:00;0.6446
2025-01-24 15:45:00;0.5637
2025-01-24 16:00:00;0.3776
2025-01-24 16:15:00;0.3011
2025-01-24 16:30:00;0.2026
2025-01-24 16:45:00;0.0984
2025-01-24 17:00:00;0.0000
2025-01-24 17:15:00;0.0000
2025-01-24 17:30:00;0.0000
2025-01-24 17:45:00;0.0000
2025-01-24 18:00:00;0.0000
2025-01-24 18:15:00;0.0000
2025-01-24 18:30:00;0.0000
2025-01-24 18:45:00;0.0000
2025-01-24 19:00:00;0.0000
2025-01-24 19:15:00;0.0000
2025-01-24 19:30:00;0.0000
2025-01-24 19:45:00;0.0000
2025-01-24 20:00:00;0.0000
2025-01-24 20:15:00;0.0000
2025-01-24 20:30:00;0.0000
2025-01-24 20:45:00;0.0000
2025-01-24 21:00:00;0.0000
2025-01-24 21:15:00;0.0000
2025-01-24 21:30:00;0.0000
2025-01-24 21:45:00;0.0000
2025-01-24 22:00:00;0.0000
2025-01-24 22:15:00;0.0000
2025-01-24 22:30:00;0.0000
2025-01-24 22:45:00;0.0000
2025-01-24 23:00:00;0.0000
2025-01-24 23:15:00;0.0000
2025-01-24 23:30:00;0.0000
2025-01-24 23:45:00;0.0000
2025-01-25 00:00:00;0.0000
2025-01-25 00:15:00;0.0000
2025-01-25 00:30:00;0.0000
2025-01-25 00:45:00;0.0000
2025-01-25 01:00:00;0.0000
2025-01-25 01:15:00;0.0000
2025-01-25 01:30:00;0.0000
2025-01-25 01:45:00;0.0000
2025-01-25 02:00:00;0.0000
2025-01-25 02:15:00;0.0000
2025-01-25 02:30:00;0.0000
2025-01-25 02:45:00;0.0000
2025-01-25 03:00:00;0.0000
2025-01-25 03:15:00;0.0000
2025-01-25 03:30:00;0.0000
2025-01-25 03:45:00;0.0000
2025-01-25 04:00:00;0.0000
2025-01-25 04:15:00;0.0000
2025-01-25 04:30:00;0.0000
2025-01-25 04:45:00;0.0000
2025-01-25 05:00:00;0.0000
2025-01-25 05:15:00;0.0000
2025-01-25 05:30:00;0.0000
2025-01-25 05:45:00;0.0000
2025-01-25 06:00:00;0.0000
2025-01-25 06:15:00;0.0000
2025-01-25 06:30:00;0.0000
2025-01-25 06:45:00;0.0000
2025-01-25 07:00:00;0.0000
2025-01-25 07:15:00;0.0000
2025-01-25 07:30:00;0.0000
2025-01-25 07:45:00;0.0000
2025-01-25 08:00:00;0.0000
2025-01-25 08:15:00;0.0000
2025-01-25 08:30:00;0.0000
2025-01-25 08:45:00;0.0000
2025-01-25 09:00:00;0.3817
2025-01-25 09:15:00;0.7681
2025-01-25 09:30:00;1.0821
2025-01-25 09:45:00;1.4810
2025-01-25 10:00:00;3.2929
2025-01-25 10:15:00;3.8327
2025-01-25 10:30:00;4.2353
2025-01-25 10:45:00;4.8681
2025-01-25 11:00:00;5.0739
2025-01-25 11:15:00;5.4014
2025-01-25 11:30:00;6.0656
2025-01-25 11:45:00;5.8773
2025-01-25 12:00:00;5.3727
2025-01-25 12:15:00;5.5465
2025-01-25 12:30:00;5.8249
2025-01-25 12:45:00;5.5900
2025-01-25 13:00:00;3.9877
2025-01-25 13:15:00;4.0273
2025-01-25 13:30:00;3.8466
2025-01-25 13:45:00;3.6670
2025-01-25 14:00:00;7.2191
2025-01-25 14:15:00;6.6889
2025-01-25 14:30:00;6.5777
2025-01-25 14:45:00;5.7977
2025-01-25 15:00:00;4.8335
2025-01-25 15:15:00;4.0547
2025-01-25 15:30:00;3.6913
2025-01-25 15:45:00;3.2715
2025-01-25 16:00:00;2.6693
2025-01-25 16:15:00;1.9994
2025-01-25 16:30:00;1.3913
2025-01-25 16:45:00;0.6602
2025-01-25 17:00:00;0.0000
2025-01-25 17:15:00;0.0000
2025-01-25 17:30:00;0.0000
2025-01-25 17:45:00;0.0000
2025-01-25 18:00:00;0.0000
2025-01-25 18:15:00;0.0000
2025-01-25 18:30:00;0.0000
2025-01-25 18:45:00;0.0000
2025-01-25 19:00:00;0.0000
2025-01-25 19:15:00;0.0000
2025-01-25 19:30:00;0.0000
2025-01-25 19:45:00;0.0000
2025-01-25 20:00:00;0.0000
2025-01-25 20:15:00;0.0000
2025-01-25 20:30:00;0.0000
2025-01-25 20:45:00;0.0000
2025-01-25 21:00:00;0.0000
2025-01-25 21:15:00;0.0000
2025-01-25 21:30:00;0.0000
2025-01-25 21:45:00;0.0000
2025-01-25 22:00:00;0.0000
2025-01-25 22:15:00;0.0000
2025-01-25 22:30:00;0.0000
2025-01-25 22:45:00;0.0000
2025-01-25 23:00:00;0.0000
2025-01-25 23:15:00;0.0000
2025-01-25 23:30:00;0.0000
2025-01-25 23:45:00;0.0000
2025-01-26 00:00:00;0.0000
2025-01-26 00:15:00;0.0000
2025-01-26 00:30:00;0.0000
2025-01-26 00:45:00;0.0000
2025-01-26 01:00:00;0.0000
2025-01-26 01:15:00;0.0000
2025-01-26 01:30:00;0.0000
2025-01-26 01:45:00;0.0000
2025-01-26 02:00:00;0.0000
2025-01-26 02:15:00;0.0000
2025-01-26 02:30:00;0.0000
2025-01-26 02:45:00;0.0000
2025-01-26 03:00:00;0.0000
2025-01-26 03:15:00;0.0000
2025-01-26 03:30:00;0.0000
2025-01-26 03:45:00;0.0000
2025-01-26 04:00:00;0.0000
2025-01-26 04:15:00;0.0000
2025-01-26 04:30:00;0.0000
2025-01-26 04:45:00;0.0000
2025-01-26 05:00:00;0.0000
2025-01-26 05:15:00;0.0000
2025-01-26 05:30:00;0.0000
2025-01-26 05:45:00;0.0000
2025-01-26 06:00:00;0.0000
2025-01-26 06:15:00;0.0000
2025-01-26 06:30:00;0.0000
2025-01-26 06:45:00;0.0000
2025-01-26 07:00:00;0.0000
2025-01-26 07:15:00;0.0000
2025-01-26 07:30:00;0.0000
2025-01-26 07:45:00;0.0000
2025-01-26 08:00:00;0.0000
2025-01-26 08:15:00;0.0000
2025-01-26 08:30:00;0.0000
2025-01-26 08:45:00;0.0000
2025-01-26 09:00:00;0.2899
2025-01-26 09:15:00;0.5778
2025-01-26 09:30:00;0.8738
2025-01-26 09:45:00;1.1939
2025-01-26 10:00:00;1.2507
2025-01-26 10:15:00;1.3570
2025-01-26 10:30:00;1.7559
2025-01-26 10:45:00;1.8569
2025-01-26 11:00:00;2.0391
2025-01-26 11:15:00;2.0547
2025-01-26 11:30:00;2.2888
2025-01-26 11:45:00;2.5219
2025-01-26 12:00:00;2.3006
2025-01-26 12:15:00;2.3004
2025-01-26 12:30:00;2.4376
2025-01-26 12:45:00;2.3976
2025-01-26 13:00:00;2.8951
2025-01-26 13:15:00;2.7876
2025-01-26 13:30:00;2.6370
2025-01-26 13:45:00;2.6044
2025-01-26 14:00:00;2.4424
2025-01-26 14:15:00;2.3670
2025-01-26 14:30:00;2.1817
2025-01-26 14:45:00;2.0832
2025-01-26 15:00:00;2.1497
2025-01-26 15:15:00;1.9012
2025-01-26 15:30:00;1.7191
2025-01-26 15:45:00;1.3605
2025-01-26 16:00:00;0.9635
2025-01-26 16:15:00;0.6878
2025-01-26 16:30:00;0.4727
2025-01-26 16:45:00;0.2388
2025-01-26 17:00:00;0.0000
2025-01-26 17:15:00;0.0000
2025-01-26 17:30:00;0.0000
2025-01-26 17:45:00;0.0000
2025-01-26 18:00:00;0.0000
2025-01-26 18:15:00;0.0000
2025-01-26 18:30:00;0.0000
2025-01-26 18:45:00;0.0000
2025-01-26 19:00:00;0.0000
2025-01-26 19:15:00;0.0000
2025-01-26 19:30:00;0.0000
2025-01-26 19:45:00;0.0000
2025-01-26 20:00:00;0.0000
2025-01-26 20:15:00;0.0000
2025-01-26 20:30:00;0.0000
2025-01-26 20:45:00;0.0000
2025-01-26 21:00:00;0.0000
2025-01-26 21:15:00;0.0000
2025-01-26 21:30:00;0.0000
2025-01-26 21:45:00;0.0000
2025-01-26 22:00:00;0.0000
2025-01-26 22:15:00;0.0000
2025-01-26 22:30:00;0.0000
2025-01-26 22:45:00;0.0000
2025-01-26 23:00:00;0.0000
2025-01-26 23:15:00;0.0000
2025-01-26 23:30:00;0.0000
2025-01-26 23:45:00;0.0000
2025-01-27 00:00:00;0.0000
2025-01-27 00:15:00;0.0000
2025-01-27 00:30:00;0.0000
2025-01-27 00:45:00;0.0000
2025-01-27 01:00:00;0.0000
2025-01-27 01:15:00;0.0000
2025-01-27 01:30:00;0.0000
2025-01-27 01:45:00;0.0000
2025-01-27 02:00:00;0.0000
2025-01-27 02:15:00;0.0000
2025-01-27 02:30:00;0.0000
2025-01-27 02:45:00;0.0000
2025-01-27 03:00:00;0.0000
2025-01-27 03:15:00;0.0000
2025-01-27 03:30:00;0.0000
2025-01-27 03:45:00;0.0000
2025-01-27 04:00:00;0.0000
2025-01-27 04:15:00;0.0000
2025-01-27 04:30:00;0.0000
2025-01-27 04:45:00;0.0000
2025-01-27 05:00:00;0.0000
2025-01-27 05:15:00;0.0000
2025-01-27 05:30:00;0.0000
2025-01-27 05:45:00;0.0000
2025-01-27 06:00:00;0.0000
2025-01-27 06:15:00;0.0000
2025-01-27 06:30:00;0.0000
2025-01-27 06:45:00;0.0000
2025-01-27 07:00:00;0.0000
2025-01-27 07:15:00;0.0000
2025-01-27 07:30:00;0.0000
2025-01-27 07:45:00;0.0000
2025-01-27 08:00:00;0.0000
2025-01-27 08:15:00;0.0000
2025-01-27 08:30:00;0.0000
2025-01-27 08:45:00;0.0000
2025-01-27 09:00:00;0.0853
2025-01-27 09:15:00;0.1764
2025-01-27 09:30:00;0.2653
2025-01-27 09:45:00;0.3499
2025-01-27 10:00:00;0.4512
2025-01-27 10:15:00;0.5535
2025-01-27 10:30:00;0.6130
2025-01-27 10:45:00;0.7216
2025-01-27 11:00:00;0.6951
2025-01-27 11:15:00;0.7769
2025-01-27 11:30:00;0.8184
2025-01-27 11:45:00;0.9229
2025-01-27 12:00:00;0.9947
2025-01-27 12:15:00;1.0280
2025-01-27 12:30:00;1.0380
2025-01-27 12:45:00;1.0868
2025-01-27 13:00:00;1.1591
2025-01-27 13:15:00;1.1390
2025-01-27 13:30:00;1.1324
2025-01-27 13:45:00;1.0616
2025-01-27 14:00:00;0.9147
2025-01-27 14:15:00;0.8225
2025-01-27 14:30:00;0.8180
2025-01-27 14:45:00;0.7170
2025-01-27 15:00:00;0.7531
2025-01-27 15:15:00;0.6975
2025-01-27 15:30:00;0.5892
2025-01-27 15:45:00;0.5356
2025-01-27 16:00:00;0.4057
2025-01-27 16:15:00;0.3204
2025-01-27 16:30:00;0.2028
2025-01-27 16:45:00;0.1034
2025-01-27 17:00:00;0.0000
2025-01-27 17:15:00;0.0000
2025-01-27 17:30:00;0.0000
2025-01-27 17:45:00;0.0000
2025-01-27 18:00:00;0.0000
2025-01-27 18:15:00;0.0000
2025-01-27 18:30:00;0.0000
2025-01-27 18:45:00;0.0000
2025-01-27 19:00:00;0.0000
2025-01-27 19:15:00;0.0000
2025-01-27 19:30:00;0.0000
2025-01-27 19:45:00;0.0000
2025-01-27 20:00:00;0.0000
2025-01-27 20:15:00;0.0000
2025-01-27 20:30:00;0.0000
2025-01-27 20:45:00;0.0000
2025-01-27 21:00:00;0.0000
2025-01-27 21:15:00;0.0000
2025-01-27 21:30:00;0.0000
2025-01-27 21:45:00;0.0000
2025-01-27 22:00:00;0.0000
2025-01-27 22:15:00;0.0000
2025-01-27 22:30:00;0.0000
2025-01-27 22:45:00;0.0000
2025-01-27 23:00:00;0.0000
2025-01-27 23:15:00;0.0000
2025-01-27 23:30:00;0.0000
2025-01-27 23:45:00;0.0000
2025-01-28 00:00:00;0.0000
2025-01-28 00:15:00;0.0000
2025-01-28 00:30:00;0.0000
2025-01-28 00:45:00;0.0000
2025-01-28 01:00:00;0.0000
2025-01-28 01:15:00;0.0000
2025-01-28 01:30:00;0.0000
2025-01-28 01:45:00;0.0000
2025-01-28 02:00:00;0.0000
2025-01-28 02:15:00;0.0000
2025-01-28 02:30:00;0.0000
2025-01-28 02:45:00;0.0000
2025-01-28 03:00:00;0.0000
2025-01-28 03:15:00;0.0000
2025-01-28 03:30:00;0.0000
2025-01-28 03:45:00;0.0000
2025-01-28 04:00:00;0.0000
2025-01-28 04:15:00;0.0000
2025-01-28 04:30:00;0.0000
2025-01-28 04:45:00;0.0000
2025-01-28 05:00:00;0.0000
2025-01-28 05:15:00;0.0000
2025-01-28 05:30:00;0.0000
2025-01-28 05:45:00;0.0000
2025-01-28 06:00:00;0.0000
2025-01-28 06:15:00;0.0000
2025-01-28 06:30:00;0.0000
2025-01-28 06:45:00;0.0000
2025-01-28 07:00:00;0.0000
2025-01-28 07:15:00;0.0000
2025-01-28 07:30:00;0.0000
2025-01-28 07:45:00;0.0000
2025-01-28 08:00:00;0.0000
2025-01-28 08:15:00;0.0000
2025-01-28 08:30:00;0.0000
2025-01-28 08:45:00;0.0000
2025-01-28 09:00:00;0.2164
2025-01-28 09:15:00;0.4552
2025-01-28 09:30:00;0.6734
2025-01-28 09:45:00;0.9171
2025-01-28 10:00:00;1.2888
2025-01-28 10:15:00;1.5796
2025-01-28 10:30:00;1.8672
2025-01-28 10:45:00;2.0204
2025-01-28 11:00:00;2.1495
2025-01-28 11:15:00;2.2438
2025-01-28 11:30:00;2.3472
2025-01-28 11:45:00;2.5988
2025-01-28 12:00:00;2.5599
2025-01-28 12:15:00;2.7765
2025-01-28 12:30:00;2.8535
2025-01-28 12:45:00;2.8857
2025-01-28 13:00:00;2.2843
2025-01-28 13:15:00;2.2344
2025-01-28 13:30:00;2.1253
2025-01-28 13:45:00;2.0602
2025-01-28 14:00:00;2.4422
2025-01-28 14:15:00;2.1430
2025-01-28 14:30:00;2.0946
2025-01-28 14:45:00;1.9807
2025-01-28 15:00:00;2.1000
2025-01-28 15:15:00;1.8490
2025-01-28 15:30:00;1.7081
2025-01-28 15:45:00;1.3976
2025-01-28 16:00:00;0.8643
2025-01-28 16:15:00;0.6523
2025-01-28 16:30:00;0.4277
2025-01-28 16:45:00;0.2294
2025-01-28 17:00:00;0.0000
2025-01-28 17:15:00;0.0000
2025-01-28 17:30:00;0.0000
2025-01-28 17:45:00;0.0000
2025-01-28 18:00:00;0.0000
2025-01-28 18:15:00;0.0000
2025-01-28 18:30:00;0.0000
2025-01-28 18:45:00;0.0000
2025-01-28 19:00:00;0.0000
2025-01-28 19:15:00;0.0000
2025-01-28 19:30:00;0.0000
2025-01-28 19:45:00;0.0000
2025-01-28 20:00:00;0.0000
2025-01-28 20:15:00;0.0000
2025-01-28 20:30:00;0.0000
2025-01-28 20:45:00;0.0000
2025-01-28 21:00:00;0.0000
2025-01-28 21:15:00;0.0000
2025-01-28 21:30:00;0.0000
2025-01-28 21:45:00;0.0000
2025-01-28 22:00:00;0.0000
2025-01-28 22:15:00;0.0000
2025-01-28 22:30:00;0.0000
2025-01-28 22:45:00;0.0000
2025-01-28 23:00:00;0.0000
2025-01-28 23:15:00;0.0000
2025-01-28 23:30:00;0.0000
2025-01-28 23:45:00;0.0000
2025-01-29 00:00:00;0.0000
2025-01-29 00:15:00;0.0000
2025-01-29 00:30:00;0.0000
2025-01-29 00:45:00;0.0000
2025-01-29 01:00:00;0.0000
2025-01-29 01:15:00;0.0000
2025-01-29 01:30:00;0.0000
2025-01-29 01:45:00;0.0000
2025-01-29 02:00:00;0.0000
2025-01-29 02:15:00;0.0000
2025-01-29 02:30:00;0.0000
2025-01-29 02:45:00;0.0000
2025-01-29 03:00:00;0.0000
2025-01-29 03:15:00;0.0000
2025-01-29 03:30:00;0.0000
2025-01-29 03:45:00;0.0000
2025-01-29 04:00:00;0.0000
2025-01-29 04:15:00;0.0000
2025-01-29 04:30:00;0.0000
2025-01-29 04:45:00;0.0000
2025-01-29 05:00:00;0.0000
2025-01-29 05:15:00;0.0000
2025-01-29 05:30:00;0.0000
2025-01-29 05:45:00;0.0000
2025-01-29 06:00:00;0.0000
2025-01-29 06:15:00;0.0000
2025-01-29 06:30:00;0.0000
2025-01-29 06:45:00;0.0000
2025-01-29 07:00:00;0.0000
2025-01-29 07:15:00;0.0000
2025-01-29 07:30:00;0.0000
2025-01-29 07:45:00;0.0000
2025-01-29 08:00:00;0.0000
2025-01-29 08:15:00;0.0000
2025-01-29 08:30:00;0.0000
2025-01-29 08:45:00;0.0000
2025-01-29 09:00:00;0.2831
2025-01-29 09:15:00;0.5293
2025-01-29 09:30:00;0.8120
2025-01-29 09:45:00;1.0748
2025-01-29 10:00:00;1.2586
2025-01-29 10:15:00;1.4632
2025-01-29 10:30:00;1.5876
2025-01-29 10:45:00;1.8536
2025-01-29 11:00:00;2.3335
2025-01-29 11:15:00;2.4530
2025-01-29 11:30:00;2.5811
2025-01-29 11:45:00;2.7208
2025-01-29 12:00:00;2.2586
2025-01-29 12:15:00;2.1914
2025-01-29 12:30:00;2.2082
2025-01-29 12:45:00;2.3626
2025-01-29 13:00:00;2.8274
2025-01-29 13:15:00;2.7038
2025-01-29 13:30:00;2.6524
2025-01-29 13:45:00;2.6375
2025-01-29 14:00:00;2.6022
2025-01-29 14:15:00;2.4089
2025-01-29 14:30:00;2.2296
2025-01-29 14:45:00;2.1718
2025-01-29 15:00:00;1.8866
2025-01-29 15:15:00;1.7333
2025-01-29 15:30:00;1.4111
2025-01-29 15:45:00;1.2025
2025-01-29 16:00:00;0.9551
2025-01-29 16:15:00;0.7089
2025-01-29 16:30:00;0.4772
2025-01-29 16:45:00;0.2580
2025-01-29 17:00:00;0.0000
2025-01-29 17:15:00;0.0000
2025-01-29 17:30:00;0.0000
2025-01-29 17:45:00;0.0000
2025-01-29 18:00:00;0.0000
2025-01-29 18:15:00;0.0000
2025-01-29 18:30:00;0.0000
2025-01-29 18:45:00;0.0000
2025-01-29 19:00:00;0.0000
2025-01-29 19:15:00;0.0000
2025-01-29 19:30:00;0.0000
2025-01-29 19:45:00;0.0000
2025-01-29 20:00:00;0.0000
2025-01-29 20:15:00;0.0000
2025-01-29 20:30:00;0.0000
2025-01-29 20:45:00;0.0000
2025-01-29 21:00:00;0.0000
2025-01-29 21:15:00;0.0000
2025-01-29 21:30:00;0.0000
2025-01-29 21:45:00;0.0000
2025-01-29 22:00:00;0.0000
2025-01-29 22:15:00;0.0000
2025-01-29 22:30:00;0.0000
2025-01-29 22:45:00;0.0000
2025-01-29 23:00:00;0.0000
2025-01-29 23:15:00;0.0000
2025-01-29 23:30:00;0.0000
2025-01-29 23:45:00;0.0000
2025-01-30 00:00:00;0.0000
2025-01-30 00:15:00;0.0000
2025-01-30 00:30:00;0.0000
2025-01-30 00:45:00;0.0000
2025-01-30 01:00:00;0.0000
2025-01-30 01:15:00;0.0000
2025-01-30 01:30:00;0.0000
2025-01-30 01:45:00;0.0000
2025-01-30 02:00:00;0.0000
2025-01-30 02:15:00;0.0000
2025-01-30 02:30:00;0.0000
2025-01-30 02:45:00;0.0000
2025-01-30 03:00:00;0.0000
2025-01-30 03:15:00;0.0000
2025-01-30 03:30:00;0.0000
2025-01-30 03:45:00;0.0000
2025-01-30 04:00:00;0.0000
2025-01-30 04:15:00;0.0000
2025-01-30 04:30:00;0.0000
2025-01-30 04:45:00;0.0000
2025-01-30 05:00:00;0.0000
2025-01-30 05:15:00;0.0000
2025-01-30 05:30:00;0.0000
2025-01-30 05:45:00;0.0000
2025-01-30 06:00:00;0.0000
2025-01-30 06:15:00;0.0000
2025-01-30 06:30:00;0.0000
2025-01-30 06:45:00;0.0000
2025-01-30 07:00:00;0.0000
2025-01-30 07:15:00;0.0000
2025-01-30 07:30:00;0.0000
2025-01-30 07:45:00;0.0000
2025-01-30 08:00:00;0.0000
2025-01-30 08:15:00;0.0000
2025-01-30 08:30:00;0.0000
2025-01-30 08:45:00;0.0000
2025-01-30 09:00:00;0.0871
2025-01-30 09:15:00;0.1716
2025-01-30 09:30:00;0.2513
2025-01-30 09:45:00;0.3442
2025-01-30 10:00:00;0.5394
2025-01-30 10:15:00;0.6092
2025-01-30 10:30:00;0.7087
2025-01-30 10:45:00;0.8009
2025-01-30 11:00:00;0.7298
2025-01-30 11:15:00;0.8006
2025-01-30 11:30:00;0.8250
2025-01-30 11:45:00;0.9050
2025-01-30 12:00:00;0.9303
2025-01-30 12:15:00;0.9524
2025-01-30 12:30:00;0.9851
2025-01-30 12:45:00;1.0560
2025-01-30 13:00:00;1.0597
2025-01-30 13:15:00;1.0739
2025-01-30 13:30:00;1.0532
2025-01-30 13:45:00;1.0216
2025-01-30 14:00:00;0.9302
2025-01-30 14:15:00;0.8832
2025-01-30 14:30:00;0.8002
2025-01-30 14:45:00;0.7998
2025-01-30 15:00:00;0.7819
2025-01-30 15:15:00;0.6718
2025-01-30 15:30:00;0.5816
2025-01-30 15:45:00;0.4924
2025-01-30 16:00:00;0.3562
2025-01-30 16:15:00;0.2579
2025-01-30 16:30:00;0.1792
2025-01-30 16:45:00;0.0931
2025-01-30 17:00:00;0.0000
2025-01-30 17:15:00;0.0000
2025-01-30 17:30:00;0.0000
2025-01-30 17:45:00;0.0000
2025-01-30 18:00:00;0.0000
2025-01-30 18:15:00;0.0000
2025-01-30 18:30:00;0.0000
2025-01-30 18:45:00;0.0000
2025-01-30 19:00:00;0.0000
2025-01-30 19:15:00;0.0000
2025-01-30 19:30:00;0.0000
2025-01-30 19:45:00;0.0000
2025-01-30 20:00:00;0.0000
2025-01-30 20:15:00;0.0000
2025-01-30 20:30:00;0.0000
2025-01-30 20:45:00;0.0000
2025-01-30 21:00:00;0.0000
2025-01-30 21:15:00;0.0000
2025-01-30 21:30:00;0.0000
2025-01-30 21:45:00;0.0000
2025-01-30 22:00:00;0.0000
2025-01-30 22:15:00;0.0000
2025-01-30 22:30:00;0.0000
2025-01-30 22:45:00;0.0000
2025-01-30 23:00:00;0.0000
2025-01-30 23:15:00;0.0000
2025-01-30 23:30:00;0.0000
2025-01-30 23:45:00;0.0000
2025-01-31 00:00:00;0.0000
2025-01-31 00:15:00;0.0000
2025-01-31 00:30:00;0.0000
2025-01-31 00:45:00;0.0000
2025-01-31 01:00:00;0.0000
2025-01-31 01:15:00;0.0000
2025-01-31 01:30:00;0.0000
2025-01-31 01:45:00;0.0000
2025-01-31 02:00:00;0.0000
2025-01-31 02:15:00;0.0000
2025-01-31 02:30:00;0.0000
2025-01-31 02:45:00;0.0000
2025-01-31 03:00:00;0.0000
2025-01-31 03:15:00;0.0000
2025-01-31 03:30:00;0.0000
2025-01-31 03:45:00;0.0000
2025-01-31 04:00:00;0.0000
2025-01-31 04:15:00;0.0000
2025-01-31 04:30:00;0.0000
2025-01-31 04:45:00;0.0000
2025-01-31 05:00:00;0.0000
2025-01-31 05:15:00;0.0000
2025-01-31 05:30:00;0.0000
2025-01-31 05:45:00;0.0000
2025-01-31 06:00:00;0.0000
2025-01-31 06:15:00;0.0000
2025-01-31 06:30:00;0.0000
2025-01-31 06:45:00;0.0000
2025-01-31 07:00:00;0.0000
2025-01-31 07:15:00;0.0000
2025-01-31 07:30:00;0.0000
2025-01-31 07:45:00;0.0000
2025-01-31 08:00:00;0.0000
2025-01-31 08:15:00;0.0000
2025-01-31 08:30:00;0.0000
2025-01-31 08:45:00;0.0000
2025-01-31 09:00:00;0.2744
2025-01-31 09:15:00;0.5523
2025-01-31 09:30:00;0.8242
2025-01-31 09:45:00;1.0842
2025-01-31 10:00:00;1.0498
2025-01-31 10:15:00;1.3123
2025-01-31 10:30:00;1.5747
2025-01-31 10:45:00;1.6705
2025-01-31 11:00:00;2.0792
2025-01-31 11:15:00;2.2236
2025-01-31 11:30:00;2.4625
2025-01-31 11:45:00;2.6039
2025-01-31 12:00:00;2.6107
2025-01-31 12:15:00;2.7401
2025-01-31 12:30:00;2.7063
2025-01-31 12:45:00;2.7632
2025-01-31 13:00:00;2.7994
2025-01-31 13:15:00;2.7176
2025-01-31 13:30:00;2.6424
2025-01-31 13:45:00;2.5097
2025-01-31 14:00:00;2.1200
2025-01-31 14:15:00;1.9168
2025-01-31 14:30:00;1.9049
2025-01-31 14:45:00;1.6881
2025-01-31 15:00:00;1.7108
2025-01-31 15:15:00;1.5059
2025-01-31 15:30:00;1.3729
2025-01-31 15:45:00;1.1366
2025-01-31 16:00:00;0.9080
2025-01-31 16:15:00;0.6644
2025-01-31 16:30:00;0.4455
2025-01-31 16:45:00;0.2107
2025-01-31 17:00:00;0.0000
2025-01-31 17:15:00;0.0000
2025-01-31 17:30:00;0.0000
2025-01-31 17:45:00;0.0000
2025-01-31 18:00:00;0.0000
2025-01-31 18:15:00;0.0000
2025-01-31 18:30:00;0.0000
2025-01-31 18:45:00;0.0000
2025-01-31 19:00:00;0.0000
2025-01-31 19:15:00;0.0000
2025-01-31 19:30:00;0.0000
2025-01-31 19:45:00;0.0000
2025-01-31 20:00:00;0.0000
2025-01-31 20:15:00;0.0000
2025-01-31 20:30:00;0.0000
2025-01-31 20:45:00;0.0000
2025-01-31 21:00:00;0.0000
2025-01-31 21:15:00;0.0000
2025-01-31 21:30:00;0.0000
2025-01-31 21:45:00;0.0000
2025-01-31 22:00:00;0.0000
2025-01-31 22:15:00;0.0000
2025-01-31 22:30:00;0.0000
2025-01-31 22:45:00;0.0000
2025-01-31 23:00:00;0.0000
2025-01-31 23:15:00;0.0000
2025-01-31 23:30:00;0.0000
2025-01-31 23:45:00;0.0000
2025-02-01 00:00:00;0.0000
2025-02-01 00:15:00;0.0000
2025-02-01 00:30:00;0.0000
2025-02-01 00:45:00;0.0000
2025-02-01 01:00:00;0.0000
2025-02-01 01:15:00;0.0000
2025-02-01 01:30:00;0.0000
2025-02-01 01:45:00;0.0000
2025-02-01 02:00:00;0.0000
2025-02-01 02:15:00;0.0000
2025-02-01 02:30:00;0.0000
2025-02-01 02:45:00;0.0000
2025-02-01 03:00:00;0.0000
2025-02-01 03:15:00;0.0000
2025-02-01 03:30:00;0.0000
2025-02-01 03:45:00;0.0000
2025-02-01 04:00:00;0.0000
2025-02-01 04:15:00;0.0000
2025-02-01 04:30:00;0.0000
2025-02-01 04:45:00;0.0000
2025-02-01 05:00:00;0.0000
2025-02-01 05:15:00;0.0000
2025-02-01 05:30:00;0.0000
2025-02-01 05:45:00;0.0000
2025-02-01 06:00:00;0.0000
2025-02-01 06:15:00;0.0000
2025-02-01 06:30:00;0.0000
2025-02-01 06:45:00;0.0000
2025-02-01 07:00:00;0.0000
2025-02-01 07:15:00;0.0000
2025-02-01 07:30:00;0.0000
2025-02-01 07:45:00;0.0000
2025-02-01 08:00:00;0.0000
2025-02-01 08:15:00;0.3643
2025-02-01 08:30:00;0.6778
2025-02-01 08:45:00;0.9907
2025-02-01 09:00:00;1.4946
2025-02-01 09:15:00;1.8727
2025-02-01 09:30:00;2.1941
2025-02-01 09:45:00;2.4087
2025-02-01 10:00:00;2.0126
2025-02-01 10:15:00;2.2800
2025-02-01 10:30:00;2.4814
2025-02-01 10:45:00;2.5012
2025-02-01 11:00:00;3.7437
2025-02-01 11:15:00;3.7832
2025-02-01 11:30:00;4.2783
2025-02-01 11:45:00;4.1973
2025-02-01 12:00:00;3.4465
2025-02-01 12:15:00;3.6749
2025-02-01 12:30:00;3.7957
2025-02-01 12:45:00;3.9033
2025-02-01 13:00:00;5.3824
2025-02-01 13:15:00;5.2388
2025-02-01 13:30:00;5.3748
2025-02-01 13:45:00;5.0256
2025-02-01 14:00:00;4.0567
2025-02-01 14:15:00;4.0840
2025-02-01 14:30:00;3.8279
2025-02-01 14:45:00;3.7533
2025-02-01 15:00:00;3.1351
2025-02-01 15:15:00;2.9480
2025-02-01 15:30:00;2.7834
2025-02-01 15:45:00;2.5368
2025-02-01 16:00:00;2.9986
2025-02-01 16:15:00;2.6083
2025-02-01 16:30:00;2.2859
2025-02-01 16:45:00;2.0659
2025-02-01 17:00:00;1.3904
2025-02-01 17:15:00;1.0402
2025-02-01 17:30:00;0.6748
2025-02-01 17:45:00;0.3530
2025-02-01 18:00:00;0.0000
2025-02-01 18:15:00;0.0000
2025-02-01 18:30:00;0.0000
2025-02-01 18:45:00;0.0000
2025-02-01 19:00:00;0.0000
2025-02-01 19:15:00;0.0000
2025-02-01 19:30:00;0.0000
2025-02-01 19:45:00;0.0000
2025-02-01 20:00:00;0.0000
2025-02-01 20:15:00;0.0000
2025-02-01 20:30:00;0.0000
2025-02-01 20:45:00;0.0000
2025-02-01 21:00:00;0.0000
2025-02-01 21:15:00;0.0000
2025-02-01 21:30:00;0.0000
2025-02-01 21:45:00;0.0000
2025-02-01 22:00:00;0.0000
2025-02-01 22:15:00;0.0000
2025-02-01 22:30:00;0.0000
2025-02-01 22:45:00;0.0000
2025-02-01 23:00:00;0.0000
2025-02-01 23:15:00;0.0000
2025-02-01 23:30:00;0.0000
2025-02-01 23:45:00;0.0000
2025-02-02 00:00:00;0.0000
2025-02-02 00:15:00;0.0000
2025-02-02 00:30:00;0.0000
2025-02-02 00:45:00;0.0000
2025-02-02 01:00:00;0.0000
2025-02-02 01:15:00;0.0000
2025-02-02 01:30:00;0.0000
2025-02-02 01:45:00;0.0000
2025-02-02 02:00:00;0.0000
2025-02-02 02:15:00;0.0000
2025-02-02 02:30:00;0.0000
2025-02-02 02:45:00;0.0000
2025-02-02 03:00:00;0.0000
2025-02-02 03:15:00;0.0000
2025-02-02 03:30:00;0.0000
2025-02-02 03:45:00;0.0000
2025-02-02 04:00:00;0.0000
2025-02-02 04:15:00;0.0000
2025-02-02 04:30:00;0.0000
2025-02-02 04:45:00;0.0000
2025-02-02 05:00:00;0.0000
2025-02-02 05:15:00;0.0000
2025-02-02 05:30:00;0.0000
2025-02-02 05:45:00;0.0000
2025-02-02 06:00:00;0.0000
2025-02-02 06:15:00;0.0000
2025-02-02 06:30:00;0.0000
2025-02-02 06:45:00;0.0000
2025-02-02 07:00:00;0.0000
2025-02-02 07:15:00;0.0000
2025-02-02 07:30:00;0.0000
2025-02-02 07:45:00;0.0000
2025-02-02 08:00:00;0.0000
2025-02-02 08:15:00;0.3734
2025-02-02 08:30:00;0.7355
2025-02-02 08:45:00;1.0742
2025-02-02 09:00:00;1.4009
2025-02-02 09:15:00;1.7208
2025-02-02 09:30:00;2.0474
2025-02-02 09:45:00;2.3656
2025-02-02 10:00:00;2.8354
2025-02-02 10:15:00;2.8947
2025-02-02 10:30:00;3.2256
2025-02-02 10:45:00;3.5141
2025-02-02 11:00:00;3.3092
2025-02-02 11:15:00;3.4833
2025-02-02 11:30:00;3.5581
2025-02-02 11:45:00;3.8939
2025-02-02 12:00:00;3.9291
2025-02-02 12:15:00;4.2235
2025-02-02 12:30:00;4.2848
2025-02-02 12:45:00;4.0997
2025-02-02 13:00:00;5.1769
2025-02-02 13:15:00;5.1253
2025-02-02 13:30:00;4.8921
2025-02-02 13:45:00;5.1036
2025-02-02 14:00:00;4.2366
2025-02-02 14:15:00;4.4938
2025-02-02 14:30:00;4.1762
2025-02-02 14:45:00;3.7639
2025-02-02 15:00:00;3.3230
2025-02-02 15:15:00;2.9642
2025-02-02 15:30:00;2.8161
2025-02-02 15:45:00;2.5857
2025-02-02 16:00:00;2.5874
2025-02-02 16:15:00;2.0749
2025-02-02 16:30:00;2.0442
2025-02-02 16:45:00;1.6454
2025-02-02 17:00:00;1.2204
2025-02-02 17:15:00;0.9742
2025-02-02 17:30:00;0.6991
2025-02-02 17:45:00;0.3339
2025-02-02 18:00:00;0.0000
2025-02-02 18:15:00;0.0000
2025-02-02 18:30:00;0.0000
2025-02-02 18:45:00;0.0000
2025-02-02 19:00:00;0.0000
2025-02-02 19:15:00;0.0000
2025-02-02 19:30:00;0.0000
2025-02-02 19:45:00;0.0000
2025-02-02 20:00:00;0.0000
2025-02-02 20:15:00;0.0000
2025-02-02 20:30:00;0.0000
2025-02-02 20:45:00;0.0000
2025-02-02 21:00:00;0.0000
2025-02-02 21:15:00;0.0000
2025-02-02 21:30:00;0.0000
2025-02-02 21:45:00;0.0000
2025-02-02 22:00:00;0.0000
2025-02-02 22:15:00;0.0000
2025-02-02 22:30:00;0.0000
2025-02-02 22:45:00;0.0000
2025-02-02 23:00:00;0.0000
2025-02-02 23:15:00;0.0000
2025-02-02 23:30:00;0.0000
2025-02-02 23:45:00;0.0000
2025-02-03 00:00:00;0.0000
2025-02-03 00:15:00;0.0000
2025-02-03 00:30:00;0.0000
2025-02-03 00:45:00;0.0000
2025-02-03 01:00:00;0.0000
2025-02-03 01:15:00;0.0000
2025-02-03 01:30:00;0.0000
2025-02-03 01:45:00;0.0000
2025-02-03 02:00:00;0.0000
2025-02-03 02:15:00;0.0000
2025-02-03 02:30:00;0.0000
2025-02-03 02:45:00;0.0000
2025-02-03 03:00:00;0.0000
2025-02-03 03:15:00;0.0000
2025-02-03 03:30:00;0.0000
2025-02-03 03:45:00;0.0000
2025-02-03 04:00:00;0.0000
2025-02-03 04:15:00;0.0000
2025-02-03 04:30:00;0.0000
2025-02-03 04:45:00;0.0000
2025-02-03 05:00:00;0.0000
2025-02-03 05:15:00;0.0000
2025-02-03 05:30:00;0.0000
2025-02-03 05:45:00;0.0000
2025-02-03 06:00:00;0.0000
2025-02-03 06:15:00;0.0000
2025-02-03 06:30:00;0.0000
2025-02-03 06:45:00;0.0000
2025-02-03 07:00:00;0.0000
2025-02-03 07:15:00;0.0000
2025-02-03 07:30:00;0.0000
2025-02-03 07:45:00;0.0000
2025-02-03 08:00:00;0.0000
2025-02-03 08:15:00;0.3408
2025-02-03 08:30:00;0.6694
2025-02-03 08:45:00;1.0355
2025-02-03 09:00:00;1.3903
2025-02-03 09:15:00;1.6875
2025-02-03 09:30:00;2.0053
2025-02-03 09:45:00;2.2864
2025-02-03 10:00:00;2.4754
2025-02-03 10:15:00;2.7235
2025-02-03 10:30:00;2.9664
2025-02-03 10:45:00;3.2849
2025-02-03 11:00:00;2.9607
2025-02-03 11:15:00;3.1611
2025-02-03 11:30:00;3.2211
2025-02-03 11:45:00;3.4079
2025-02-03 12:00:00;3.8945
2025-02-03 12:15:00;4.1392
2025-02-03 12:30:00;4.0457
2025-02-03 12:45:00;4.1847
2025-02-03 13:00:00;4.4481
2025-02-03 13:15:00;4.0156
2025-02-03 13:30:00;4.4038
2025-02-03 13:45:00;4.0788
2025-02-03 14:00:00;3.6308
2025-02-03 14:15:00;3.8284
2025-02-03 14:30:00;3.3731
2025-02-03 14:45:00;3.2359
2025-02-03 15:00:00;3.6492
2025-02-03 15:15:00;3.6073
2025-02-03 15:30:00;3.1545
2025-02-03 15:45:00;3.0075
2025-02-03 16:00:00;2.8275
2025-02-03 16:15:00;2.4211
2025-02-03 16:30:00;2.2065
2025-02-03 16:45:00;1.9168
2025-02-03 17:00:00;1.2536
2025-02-03 17:15:00;0.9109
2025-02-03 17:30:00;0.6279
2025-02-03 17:45:00;0.3070
2025-02-03 18:00:00;0.0000
2025-02-03 18:15:00;0.0000
2025-02-03 18:30:00;0.0000
2025-02-03 18:45:00;0.0000
2025-02-03 19:00:00;0.0000
2025-02-03 19:15:00;0.0000
2025-02-03 19:30:00;0.0000
2025-02-03 19:45:00;0.0000
2025-02-03 20:00:00;0.0000
2025-02-03 20:15:00;0.0000
2025-02-03 20:30:00;0.0000
2025-02-03 20:45:00;0.0000
2025-02-03 21:00:00;0.0000
2025-02-03 21:15:00;0.0000
2025-02-03 21:30:00;0.0000
2025-02-03 21:45:00;0.0000
2025-02-03 22:00:00;0.0000
2025-02-03 22:15:00;0.0000
2025-02-03 22:30:00;0.0000
2025-02-03 22:45:00;0.0000
2025-02-03 23:00:00;0.0000
2025-02-03 23:15:00;0.0000
2025-02-03 23:30:00;0.0000
2025-02-03 23:45:00;0.0000
2025-02-04 00:00:00;0.0000
2025-02-04 00:15:00;0.0000
2025-02-04 00:30:00;0.0000
2025-02-04 00:45:00;0.0000
2025-02-04 01:00:00;0.0000
2025-02-04 01:15:00;0.0000
2025-02-04 01:30:00;0.0000
2025-02-04 01:45:00;0.0000
2025-02-04 02:00:00;0.0000
2025-02-04 02:15:00;0.0000
2025-02-04 02:30:00;0.0000
2025-02-04 02:45:00;0.0000
2025-02-04 03:00:00;0.0000
2025-02-04 03:15:00;0.0000
2025-02-04 03:30:00;0.0000
2025-02-04 03:45:00;0.0000
2025-02-04 04:00:00;0.0000
2025-02-04 04:15:00;0.0000
2025-02-04 04:30:00;0.0000
2025-02-04 04:45:00;0.0000
2025-02-04 05:00:00;0.0000
2025-02-04 05:15:00;0.0000
2025-02-04 05:30:00;0.0000
2025-02-04 05:45:00;0.0000
2025-02-04 06:00:00;0.0000
2025-02-04 06:15:00;0.0000
2025-02-04 06:30:00;0.0000
2025-02-04 06:45:00;0.0000
2025-02-04 07:00:00;0.0000
2025-02-04 07:15:00;0.0000
2025-02-04 07:30:00;0.0000
2025-02-04 07:45:00;0.0000
2025-02-04 08:00:00;0.0000
2025-02-04 08:15:00;0.9953
2025-02-04 08:30:00;1.9746
2025-02-04 08:45:00;2.9339
2025-02-04 09:00:00;3.6836
2025-02-04 09:15:00;4.6155
2025-02-04 09:30:00;5.6207
2025-02-04 09:45:00;6.2477
2025-02-04 10:00:00;6.9920
2025-02-04 10:15:00;7.3408
2025-02-04 10:30:00;8.4002
2025-02-04 10:45:00;8.9777
2025-02-04 11:00:00;8.2468
2025-02-04 11:15:00;9.2455
2025-02-04 11:30:00;8.6474
2025-02-04 11:45:00;9.6588
2025-02-04 12:00:00;5.9126
2025-02-04 12:15:00;6.1087
2025-02-04 12:30:00;6.2223
2025-02-04 12:45:00;6.0586
2025-02-04 13:00:00;11.9978
2025-02-04 13:15:00;12.3323
2025-02-04 13:30:00;11.1640
2025-02-04 13:45:00;12.2522
2025-02-04 14:00:00;6.6800
2025-02-04 14:15:00;6.4656
2025-02-04 14:30:00;6.1552
2025-02-04 14:45:00;5.6857
2025-02-04 15:00:00;3.4461
2025-02-04 15:15:00;3.4588
2025-02-04 15:30:00;3.0031
2025-02-04 15:45:00;2.8510
2025-02-04 16:00:00;6.4789
2025-02-04 16:15:00;5.8514
2025-02-04 16:30:00;5.1208
2025-02-04 16:45:00;4.3112
2025-02-04 17:00:00;4.0526
2025-02-04 17:15:00;3.0050
2025-02-04 17:30:00;1.9572
2025-02-04 17:45:00;1.0340
2025-02-04 18:00:00;0.0000
2025-02-04 18:15:00;0.0000
2025-02-04 18:30:00;0.0000
2025-02-04 18:45:00;0.0000
2025-02-04 19:00:00;0.0000
2025-02-04 19:15:00;0.0000
2025-02-04 19:30:00;0.0000
2025-02-04 19:45:00;0.0000
2025-02-04 20:00:00;0.0000
2025-02-04 20:15:00;0.0000
2025-02-04 20:30:00;0.0000
2025-02-04 20:45:00;0.0000
2025-02-04 21:00:00;0.0000
2025-02-04 21:15:00;0.0000
2025-02-04 21:30:00;0.0000
2025-02-04 21:45:00;0.0000
2025-02-04 22:00:00;0.0000
2025-02-04 22:15:00;0.0000
2025-02-04 22:30:00;0.0000
2025-02-04 22:45:00;0.0000
2025-02-04 23:00:00;0.0000
2025-02-04 23:15:00;0.0000
2025-02-04 23:30:00;0.0000
2025-02-04 23:45:00;0.0000
2025-02-05 00:00:00;0.0000
2025-02-05 00:15:00;0.0000
2025-02-05 00:30:00;0.0000
2025-02-05 00:45:00;0.0000
2025-02-05 01:00:00;0.0000
2025-02-05 01:15:00;0.0000
2025-02-05 01:30:00;0.0000
2025-02-05 01:45:00;0.0000
2025-02-05 02:00:00;0.0000
2025-02-05 02:15:00;0.0000
2025-02-05 02:30:00;0.0000
2025-02-05 02:45:00;0.0000
2025-02-05 03:00:00;0.0000
2025-02-05 03:15:00;0.0000
2025-02-05 03:30:00;0.0000
2025-02-05 03:45:00;0.0000
2025-02-05 04:00:00;0.0000
2025-02-05 04:15:00;0.0000
2025-02-05 04:30:00;0.0000
2025-02-05 04:45:00;0.0000
2025-02-05 05:00:00;0.0000
2025-02-05 05:15:00;0.0000
2025-02-05 05:30:00;0.0000
2025-02-05 05:45:00;0.0000
2025-02-05 06:00:00;0.0000
2025-02-05 06:15:00;0.0000
2025-02-05 06:30:00;0.0000
2025-02-05 06:45:00;0.0000
2025-02-05 07:00:00;0.0000
2025-02-05 07:15:00;0.0000
2025-02-05 07:30:00;0.0000
2025-02-05 07:45:00;0.0000
2025-02-05 08:00:00;0.0000
2025-02-05 08:15:00;0.8436
2025-02-05 08:30:00;1.7230
2025-02-05 08:45:00;2.4188
2025-02-05 09:00:00;2.5925
2025-02-05 09:15:00;3.2606
2025-02-05 09:30:00;3.9323
2025-02-05 09:45:00;4.6513
2025-02-05 10:00:00;6.5221
2025-02-05 10:15:00;7.4273
2025-02-05 10:30:00;8.0543
2025-02-05 10:45:00;8.8262
2025-02-05 11:00:00;9.0535
2025-02-05 11:15:00;9.0324
2025-02-05 11:30:00;9.4063
2025-02-05 11:45:00;9.7616
2025-02-05 12:00:00;9.0559
2025-02-05 12:15:00;8.6004
2025-02-05 12:30:00;9.0917
2025-02-05 12:45:00;9.2355
2025-02-05 13:00:00;7.4596
2025-02-05 13:15:00;7.8078
2025-02-05 13:30:00;7.6358
2025-02-05 13:45:00;7.2851
2025-02-05 14:00:00;10.8418
2025-02-05 14:15:00;11.1479
2025-02-05 14:30:00;10.0976
2025-02-05 14:45:00;10.2497
2025-02-05 15:00:00;6.6956
2025-02-05 15:15:00;6.3761
2025-02-05 15:30:00;5.8941
2025-02-05 15:45:00;5.3416
2025-02-05 16:00:00;5.4388
2025-02-05 16:15:00;4.8188
2025-02-05 16:30:00;4.2964
2025-02-05 16:45:00;3.5089
2025-02-05 17:00:00;3.4172
2025-02-05 17:15:00;2.8290
2025-02-05 17:30:00;1.7011
2025-02-05 17:45:00;0.9032
2025-02-05 18:00:00;0.0000
2025-02-05 18:15:00;0.0000
2025-02-05 18:30:00;0.0000
2025-02-05 18:45:00;0.0000
2025-02-05 19:00:00;0.0000
2025-02-05 19:15:00;0.0000
2025-02-05 19:30:00;0.0000
2025-02-05 19:45:00;0.0000
2025-02-05 20:00:00;0.0000
2025-02-05 20:15:00;0.0000
2025-02-05 20:30:00;0.0000
2025-02-05 20:45:00;0.0000
2025-02-05 21:00:00;0.0000
2025-02-05 21:15:00;0.0000
2025-02-05 21:30:00;0.0000
2025-02-05 21:45:00;0.0000
2025-02-05 22:00:00;0.0000
2025-02-05 22:15:00;0.0000
2025-02-05 22:30:00;0.0000
2025-02-05 22:45:00;0.0000
2025-02-05 23:00:00;0.0000
2025-02-05 23:15:00;0.0000
2025-02-05 23:30:00;0.0000
2025-02-05 23:45:00;0.0000
2025-02-06 00:00:00;0.0000
2025-02-06 00:15:00;0.0000
2025-02-06 00:30:00;0.0000
2025-02-06 00:45:00;0.0000
2025-02-06 01:00:00;0.0000
2025-02-06 01:15:00;0.0000
2025-02-06 01:30:00;0.0000
2025-02-06 01:45:00;0.0000
2025-02-06 02:00:00;0.0000
2025-02-06 02:15:00;0.0000
2025-02-06 02:30:00;0.0000
2025-02-06 02:45:00;0.0000
2025-02-06 03:00:00;0.0000
2025-02-06 03:15:00;0.0000
2025-02-06 03:30:00;0.0000
2025-02-06 03:45:00;0.0000
2025-02-06 04:00:00;0.0000
2025-02-06 04:15:00;0.0000
2025-02-06 04:30:00;0.0000
2025-02-06 04:45:00;0.0000
2025-02-06 05:00:00;0.0000
2025-02-06 05:15:00;0.0000
2025-02-06 05:30:00;0.0000
2025-02-06 05:45:00;0.0000
2025-02-06 06:00:00;0.0000
2025-02-06 06:15:00;0.0000
2025-02-06 06:30:00;0.0000
2025-02-06 06:45:00;0.0000
2025-02-06 07:00:00;0.0000
2025-02-06 07:15:00;0.0000
2025-02-06 07:30:00;0.0000
2025-02-06 07:45:00;0.0000
2025-02-06 08:00:00;0.0000
2025-02-06 08:15:00;0.3303
2025-02-06 08:30:00;0.6837
2025-02-06 08:45:00;1.0765
2025-02-06 09:00:00;1.2694
2025-02-06 09:15:00;1.5191
2025-02-06 09:30:00;1.8552
2025-02-06 09:45:00;2.1127
2025-02-06 10:00:00;2.2695
2025-02-06 10:15:00;2.6461
2025-02-06 10:30:00;2.7935
2025-02-06 10:45:00;3.0570
2025-02-06 11:00:00;3.4577
2025-02-06 11:15:00;3.9033
2025-02-06 11:30:00;4.0720
2025-02-06 11:45:00;4.1073
2025-02-06 12:00:00;3.7669
2025-02-06 12:15:00;3.6542
2025-02-06 12:30:00;3.8091
2025-02-06 12:45:00;4.1065
2025-02-06 13:00:00;4.3987
2025-02-06 13:15:00;4.2791
2025-02-06 13:30:00;4.4332
2025-02-06 13:45:00;4.1111
2025-02-06 14:00:00;3.7181
2025-02-06 14:15:00;3.6713
2025-02-06 14:30:00;3.3000
2025-02-06 14:45:00;3.3911
2025-02-06 15:00:00;3.3831
2025-02-06 15:15:00;3.2099
2025-02-06 15:30:00;2.9645
2025-02-06 15:45:00;2.7044
2025-02-06 16:00:00;2.2496
2025-02-06 16:15:00;1.9646
2025-02-06 16:30:00;1.8313
2025-02-06 16:45:00;1.5089
2025-02-06 17:00:00;1.3436
2025-02-06 17:15:00;1.0123
2025-02-06 17:30:00;0.6781
2025-02-06 17:45:00;0.3439
2025-02-06 18:00:00;0.0000
2025-02-06 18:15:00;0.0000
2025-02-06 18:30:00;0.0000
2025-02-06 18:45:00;0.0000
2025-02-06 19:00:00;0.0000
2025-02-06 19:15:00;0.0000
2025-02-06 19:30:00;0.0000
2025-02-06 19:45:00;0.0000
2025-02-06 20:00:00;0.0000
2025-02-06 20:15:00;0.0000
2025-02-06 20:30:00;0.0000
2025-02-06 20:45:00;0.0000
2025-02-06 21:00:00;0.0000
2025-02-06 21:15:00;0.0000
2025-02-06 21:30:00;0.0000
2025-02-06 21:45:00;0.0000
2025-02-06 22:00:00;0.0000
2025-02-06 22:15:00;0.0000
2025-02-06 22:30:00;0.0000
2025-02-06 22:45:00;0.0000
2025-02-06 23:00:00;0.0000
2025-02-06 23:15:00;0.0000
2025-02-06 23:30:00;0.0000
2025-02-06 23:45:00;0.0000
2025-02-07 00:00:00;0.0000
2025-02-07 00:15:00;0.0000
2025-02-07 00:30:00;0.0000
2025-02-07 00:45:00;0.0000
2025-02-07 01:00:00;0.0000
2025-02-07 01:15:00;0.0000
2025-02-07 01:30:00;0.0000
2025-02-07 01:45:00;0.0000
2025-02-07 02:00:00;0.0000
2025-02-07 02:15:00;0.0000
2025-02-07 02:30:00;0.0000
2025-02-07 02:45:00;0.0000
2025-02-07 03:00:00;0.0000
2025-02-07 03:15:00;0.0000
2025-02-07 03:30:00;0.0000
2025-02-07 03:45:00;0.0000
2025-02-07 04:00:00;0.0000
2025-02-07 04:15:00;0.0000
2025-02-07 04:30:00;0.0000
2025-02-07 04:45:00;0.0000
2025-02-07 05:00:00;0.0000
2025-02-07 05:15:00;0.0000
2025-02-07 05:30:00;0.0000
2025-02-07 05:45:00;0.0000
2025-02-07 06:00:00;0.0000
2025-02-07 06:15:00;0.0000
2025-02-07 06:30:00;0.0000
2025-02-07 06:45:00;0.0000
2025-02-07 07:00:00;0.0000
2025-02-07 07:15:00;0.0000
2025-02-07 07:30:00;0.0000
2025-02-07 07:45:00;0.0000
2025-02-07 08:00:00;0.0000
2025-02-07 08:15:00;0.3634
2025-02-07 08:30:00;0.7351
2025-02-07 08:45:00;1.0897
2025-02-07 09:00:00;1.4093
2025-02-07 09:15:00;1.6057
2025-02-07 09:30:00;2.0098
2025-02-07 09:45:00;2.2515
2025-02-07 10:00:00;2.4898
2025-02-07 10:15:00;2.5838
2025-02-07 10:30:00;3.1582
2025-02-07 10:45:00;3.1811
2025-02-07 11:00:00;3.2590
2025-02-07 11:15:00;3.2708
2025-02-07 11:30:00;3.4262
2025-02-07 11:45:00;3.4083
2025-02-07 12:00:00;3.8679
2025-02-07 12:15:00;4.1608
2025-02-07 12:30:00;4.1176
2025-02-07 12:45:00;4.0683
2025-02-07 13:00:00;3.9185
2025-02-07 13:15:00;3.9962
2025-02-07 13:30:00;3.9982
2025-02-07 13:45:00;4.0023
2025-02-07 14:00:00;3.6954
2025-02-07 14:15:00;3.5648
2025-02-07 14:30:00;3.4325
2025-02-07 14:45:00;3.1754
2025-02-07 15:00:00;3.2600
2025-02-07 15:15:00;2.9958
2025-02-07 15:30:00;2.8226
2025-02-07 15:45:00;2.4569
2025-02-07 16:00:00;2.8567
2025-02-07 16:15:00;2.3407
2025-02-07 16:30:00;2.1752
2025-02-07 16:45:00;1.8035
2025-02-07 17:00:00;1.4646
2025-02-07 17:15:00;1.1500
2025-02-07 17:30:00;0.7498
2025-02-07 17:45:00;0.3892
2025-02-07 18:00:00;0.0000
2025-02-07 18:15:00;0.0000
2025-02-07 18:30:00;0.0000
2025-02-07 18:45:00;0.0000
2025-02-07 19:00:00;0.0000
2025-02-07 19:15:00;0.0000
2025-02-07 19:30:00;0.0000
2025-02-07 19:45:00;0.0000
2025-02-07 20:00:00;0.0000
2025-02-07 20:15:00;0.0000
2025-02-07 20:30:00;0.0000
2025-02-07 20:45:00;0.0000
2025-02-07 21:00:00;0.0000
2025-02-07 21:15:00;0.0000
2025-02-07 21:30:00;0.0000
2025-02-07 21:45:00;0.0000
2025-02-07 22:00:00;0.0000
2025-02-07 22:15:00;0.0000
2025-02-07 22:30:00;0.0000
2025-02-07 22:45:00;0.0000
2025-02-07 23:00:00;0.0000
2025-02-07 23:15:00;0.0000
2025-02-07 23:30:00;0.0000
2025-02-07 23:45:00;0.0000
2025-02-08 00:00:00;0.0000
2025-02-08 00:15:00;0.0000
2025-02-08 00:30:00;0.0000
2025-02-08 00:45:00;0.0000
2025-02-08 01:00:00;0.0000
2025-02-08 01:15:00;0.0000
2025-02-08 01:30:00;0.0000
2025-02-08 01:45:00;0.0000
2025-02-08 02:00:00;0.0000
2025-02-08 02:15:00;0.0000
2025-02-08 02:30:00;0.0000
2025-02-08 02:45:00;0.0000
2025-02-08 03:00:00;0.0000
2025-02-08 03:15:00;0.0000
2025-02-08 03:30:00;0.0000
2025-02-08 03:45:00;0.0000
2025-02-08 04:00:00;0.0000
2025-02-08 04:15:00;0.0000
2025-02-08 04:30:00;0.0000
2025-02-08 04:45:00;0.0000
2025-02-08 05:00:00;0.0000
2025-02-08 05:15:00;0.0000
2025-02-08 05:30:00;0.0000
2025-02-08 05:45:00;0.0000
2025-02-08 06:00:00;0.0000
2025-02-08 06:15:00;0.0000
2025-02-08 06:30:00;0.0000
2025-02-08 06:45:00;0.0000
2025-02-08 07:00:00;0.0000
2025-02-08 07:15:00;0.0000
2025-02-08 07:30:00;0.0000
2025-02-08 07:45:00;0.0000
2025-02-08 08:00:00;0.0000
2025-02-08 08:15:00;0.4025
2025-02-08 08:30:00;0.7833
2025-02-08 08:45:00;1.1335
2025-02-08 09:00:00;1.4241
2025-02-08 09:15:00;1.8898
2025-02-08 09:30:00;2.1835
2025-02-08 09:45:00;2.3703
2025-02-08 10:00:00;2.3991
2025-02-08 10:15:00;2.6460
2025-02-08 10:30:00;2.9549
2025-02-08 10:45:00;3.1445
2025-02-08 11:00:00;4.1484
2025-02-08 11:15:00;4.4071
2025-02-08 11:30:00;4.7205
2025-02-08 11:45:00;4.5201
2025-02-08 12:00:00;4.2431
2025-02-08 12:15:00;4.4529
2025-02-08 12:30:00;4.4464
2025-02-08 12:45:00;4.5513
2025-02-08 13:00:00;4.3764
2025-02-08 13:15:00;4.3014
2025-02-08 13:30:00;4.1108
2025-02-08 13:45:00;4.2648
2025-02-08 14:00:00;3.5210
2025-02-08 14:15:00;3.7239
2025-02-08 14:30:00;3.4690
2025-02-08 14:45:00;3.3377
2025-02-08 15:00:00;3.6083
2025-02-08 15:15:00;3.3615
2025-02-08 15:30:00;3.2121
2025-02-08 15:45:00;2.8976
2025-02-08 16:00:00;2.3320
2025-02-08 16:15:00;2.1051
2025-02-08 16:30:00;1.8151
2025-02-08 16:45:00;1.4951
2025-02-08 17:00:00;1.3291
2025-02-08 17:15:00;1.0375
2025-02-08 17:30:00;0.6472
2025-02-08 17:45:00;0.3523
2025-02-08 18:00:00;0.0000
2025-02-08 18:15:00;0.0000
2025-02-08 18:30:00;0.0000
2025-02-08 18:45:00;0.0000
2025-02-08 19:00:00;0.0000
2025-02-08 19:15:00;0.0000
2025-02-08 19:30:00;0.0000
2025-02-08 19:45:00;0.0000
2025-02-08 20:00:00;0.0000
2025-02-08 20:15:00;0.0000
2025-02-08 20:30:00;0.0000
2025-02-08 20:45:00;0.0000
2025-02-08 21:00:00;0.0000
2025-02-08 21:15:00;0.0000
2025-02-08 21:30:00;0.0000
2025-02-08 21:45:00;0.0000
2025-02-08 22:00:00;0.0000
2025-02-08 22:15:00;0.0000
2025-02-08 22:30:00;0.0000
2025-02-08 22:45:00;0.0000
2025-02-08 23:00:00;0.0000
2025-02-08 23:15:00;0.0000
2025-02-08 23:30:00;0.0000
2025-02-08 23:45:00;0.0000
2025-02-09 00:00:00;0.0000
2025-02-09 00:15:00;0.0000
2025-02-09 00:30:00;0.0000
2025-02-09 00:45:00;0.0000
2025-02-09 01:00:00;0.0000
2025-02-09 01:15:00;0.0000
2025-02-09 01:30:00;0.0000
2025-02-09 01:45:00;0.0000
2025-02-09 02:00:00;0.0000
2025-02-09 02:15:00;0.0000
2025-02-09 02:30:00;0.0000
2025-02-09 02:45:00;0.0000
2025-02-09 03:00:00;0.0000
2025-02-09 03:15:00;0.0000
2025-02-09 03:30:00;0.0000
2025-02-09 03:45:00;0.0000
2025-02-09 04:00:00;0.0000
2025-02-09 04:15:00;0.0000
2025-02-09 04:30:00;0.0000
2025-02-09 04:45:00;0.0000
2025-02-09 05:00:00;0.0000
2025-02-09 05:15:00;0.0000
2025-02-09 05:30:00;0.0000
2025-02-09 05:45:00;0.0000
2025-02-09 06:00:00;0.0000
2025-02-09 06:15:00;0.0000
2025-02-09 06:30:00;0.0000
2025-02-09 06:45:00;0.0000
2025-02-09 07:00:00;0.0000
2025-02-09 07:15:00;0.0000
2025-02-09 07:30:00;0.0000
2025-02-09 07:45:00;0.0000
2025-02-09 08:00:00;0.0000
2025-02-09 08:15:00;0.1149
2025-02-09 08:30:00;0.2278
2025-02-09 08:45:00;0.3518
2025-02-09 09:00:00;0.4915
2025-02-09 09:15:00;0.6269
2025-02-09 09:30:00;0.7120
2025-02-09 09:45:00;0.8277
2025-02-09 10:00:00;1.0531
2025-02-09 10:15:00;1.1522
2025-02-09 10:30:00;1.2402
2025-02-09 10:45:00;1.3692
2025-02-09 11:00:00;1.1153
2025-02-09 11:15:00;1.1386
2025-02-09 11:30:00;1.2442
2025-02-09 11:45:00;1.3085
2025-02-09 12:00:00;1.5581
2025-02-09 12:15:00;1.5592
2025-02-09 12:30:00;1.5776
2025-02-09 12:45:00;1.7194
2025-02-09 13:00:00;1.8108
2025-02-09 13:15:00;1.8162
2025-02-09 13:30:00;1.6974
2025-02-09 13:45:00;1.7915
2025-02-09 14:00:00;1.6341
2025-02-09 14:15:00;1.6170
2025-02-09 14:30:00;1.5747
2025-02-09 14:45:00;1.4099
2025-02-09 15:00:00;1.3954
2025-02-09 15:15:00;1.2957
2025-02-09 15:30:00;1.2522
2025-02-09 15:45:00;1.0548
2025-02-09 16:00:00;1.0455
2025-02-09 16:15:00;0.9303
2025-02-09 16:30:00;0.8233
2025-02-09 16:45:00;0.7204
2025-02-09 17:00:00;0.5072
2025-02-09 17:15:00;0.3883
2025-02-09 17:30:00;0.2482
2025-02-09 17:45:00;0.1337
2025-02-09 18:00:00;0.0000
2025-02-09 18:15:00;0.0000
2025-02-09 18:30:00;0.0000
2025-02-09 18:45:00;0.0000
2025-02-09 19:00:00;0.0000
2025-02-09 19:15:00;0.0000
2025-02-09 19:30:00;0.0000
2025-02-09 19:45:00;0.0000
2025-02-09 20:00:00;0.0000
2025-02-09 20:15:00;0.0000
2025-02-09 20:30:00;0.0000
2025-02-09 20:45:00;0.0000
2025-02-09 21:00:00;0.0000
2025-02-09 21:15:00;0.0000
2025-02-09 21:30:00;0.0000
2025-02-09 21:45:00;0.0000
2025-02-09 22:00:00;0.0000
2025-02-09 22:15:00;0.0000
2025-02-09 22:30:00;0.0000
2025-02-09 22:45:00;0.0000
2025-02-09 23:00:00;0.0000
2025-02-09 23:15:00;0.0000
2025-02-09 23:30:00;0.0000
2025-02-09 23:45:00;0.0000
2025-02-10 00:00:00;0.0000
2025-02-10 00:15:00;0.0000
2025-02-10 00:30:00;0.0000
2025-02-10 00:45:00;0.0000
2025-02-10 01:00:00;0.0000
2025-02-10 01:15:00;0.0000
2025-02-10 01:30:00;0.0000
2025-02-10 01:45:00;0.0000
2025-02-10 02:00:00;0.0000
2025-02-10 02:15:00;0.0000
2025-02-10 02:30:00;0.0000
2025-02-10 02:45:00;0.0000
2025-02-10 03:00:00;0.0000
2025-02-10 03:15:00;0.0000
2025-02-10 03:30:00;0.0000
2025-02-10 03:45:00;0.0000
2025-02-10 04:00:00;0.0000
2025-02-10 04:15:00;0.0000
2025-02-10 04:30:00;0.0000
2025-02-10 04:45:00;0.0000
2025-02-10 05:00:00;0.0000
2025-02-10 05:15:00;0.0000
2025-02-10 05:30:00;0.0000
2025-02-10 05:45:00;0.0000
2025-02-10 06:00:00;0.0000
2025-02-10 06:15:00;0.0000
2025-02-10 06:30:00;0.0000
2025-02-10 06:45:00;0.0000
2025-02-10 07:00:00;0.0000
2025-02-10 07:15:00;0.0000
2025-02-10 07:30:00;0.0000
2025-02-10 07:45:00;0.0000
2025-02-10 08:00:00;0.0000
2025-02-10 08:15:00;0.7566
2025-02-10 08:30:00;1.5520
2025-02-10 08:45:00;2.2571
2025-02-10 09:00:00;3.6141
2025-02-10 09:15:00;4.5577
2025-02-10 09:30:00;5.3014
2025-02-10 09:45:00;6.1747
2025-02-10 10:00:00;3.7230
2025-02-10 10:15:00;4.1443
2025-02-10 10:30:00;4.7323
2025-02-10 10:45:00;4.6111
2025-02-10 11:00:00;4.1790
2025-02-10 11:15:00;4.2304
2025-02-10 11:30:00;4.5632
2025-02-10 11:45:00;4.6141
2025-02-10 12:00:00;11.0090
2025-02-10 12:15:00;10.9461
2025-02-10 12:30:00;11.1052
2025-02-10 12:45:00;11.2784
2025-02-10 13:00:00;11.9219
2025-02-10 13:15:00;12.0204
2025-02-10 13:30:00;12.3282
2025-02-10 13:45:00;11.9675
2025-02-10 14:00:00;10.2169
2025-02-10 14:15:00;10.5432
2025-02-10 14:30:00;10.2870
2025-02-10 14:45:00;9.2597
2025-02-10 15:00:00;6.1695
2025-02-10 15:15:00;5.8938
2025-02-10 15:30:00;5.5259
2025-02-10 15:45:00;4.9905
2025-02-10 16:00:00;5.8682
2025-02-10 16:15:00;5.2827
2025-02-10 16:30:00;4.4140
2025-02-10 16:45:00;3.7085
2025-02-10 17:00:00;3.6809
2025-02-10 17:15:00;2.7375
2025-02-10 17:30:00;1.8460
2025-02-10 17:45:00;0.9250
2025-02-10 18:00:00;0.0000
2025-02-10 18:15:00;0.0000
2025-02-10 18:30:00;0.0000
2025-02-10 18:45:00;0.0000
2025-02-10 19:00:00;0.0000
2025-02-10 19:15:00;0.0000
2025-02-10 19:30:00;0.0000
2025-02-10 19:45:00;0.0000
2025-02-10 20:00:00;0.0000
2025-02-10 20:15:00;0.0000
2025-02-10 20:30:00;0.0000
2025-02-10 20:45:00;0.0000
2025-02-10 21:00:00;0.0000
2025-02-10 21:15:00;0.0000
2025-02-10 21:30:00;0.0000
2025-02-10 21:45:00;0.0000
2025-02-10 22:00:00;0.0000
2025-02-10 22:15:00;0.0000
2025-02-10 22:30:00;0.0000
2025-02-10 22:45:00;0.0000
2025-02-10 23:00:00;0.0000
2025-02-10 23:15:00;0.0000
2025-02-10 23:30:00;0.0000
2025-02-10 23:45:00;0.0000
2025-02-11 00:00:00;0.0000
2025-02-11 00:15:00;0.0000
2025-02-11 00:30:00;0.0000
2025-02-11 00:45:00;0.0000
2025-02-11 01:00:00;0.0000
2025-02-11 01:15:00;0.0000
2025-02-11 01:30:00;0.0000
2025-02-11 01:45:00;0.0000
2025-02-11 02:00:00;0.0000
2025-02-11 02:15:00;0.0000
2025-02-11 02:30:00;0.0000
2025-02-11 02:45:00;0.0000
2025-02-11 03:00:00;0.0000
2025-02-11 03:15:00;0.0000
2025-02-11 03:30:00;0.0000
2025-02-11 03:45:00;0.0000
2025-02-11 04:00:00;0.0000
2025-02-11 04:15:00;0.0000
2025-02-11 04:30:00;0.0000
2025-02-11 04:45:00;0.0000
2025-02-11 05:00:00;0.0000
2025-02-11 05:15:00;0.0000
2025-02-11 05:30:00;0.0000
2025-02-11 05:45:00;0.0000
2025-02-11 06:00:00;0.0000
2025-02-11 06:15:00;0.0000
2025-02-11 06:30:00;0.0000
2025-02-11 06:45:00;0.0000
2025-02-11 07:00:00;0.0000
2025-02-11 07:15:00;0.0000
2025-02-11 07:30:00;0.0000
2025-02-11 07:45:00;0.0000
2025-02-11 08:00:00;0.0000
2025-02-11 08:15:00;0.7532
2025-02-11 08:30:00;1.5945
2025-02-11 08:45:00;2.3159
2025-02-11 09:00:00;3.5921
2025-02-11 09:15:00;4.5816
2025-02-11 09:30:00;5.4223
2025-02-11 09:45:00;6.4250
2025-02-11 10:00:00;6.5977
2025-02-11 10:15:00;7.0955
2025-02-11 10:30:00;7.3448
2025-02-11 10:45:00;8.2417
2025-02-11 11:00:00;8.0089
2025-02-11 11:15:00;7.9916
2025-02-11 11:30:00;8.4286
2025-02-11 11:45:00;9.3435
2025-02-11 12:00:00;11.5439
2025-02-11 12:15:00;11.7351
2025-02-11 12:30:00;11.7667
2025-02-11 12:45:00;11.5091
2025-02-11 13:00:00;10.9841
2025-02-11 13:15:00;10.3893
2025-02-11 13:30:00;9.8513
2025-02-11 13:45:00;10.2573
2025-02-11 14:00:00;5.7557
2025-02-11 14:15:00;5.5123
2025-02-11 14:30:00;5.4898
2025-02-11 14:45:00;5.3051
2025-02-11 15:00:00;10.4698
2025-02-11 15:15:00;10.1228
2025-02-11 15:30:00;8.7151
2025-02-11 15:45:00;8.2958
2025-02-11 16:00:00;8.4043
2025-02-11 16:15:00;7.6662
2025-02-11 16:30:00;6.1921
2025-02-11 16:45:00;5.5292
2025-02-11 17:00:00;4.2976
2025-02-11 17:15:00;2.9493
2025-02-11 17:30:00;1.8458
2025-02-11 17:45:00;1.0330
2025-02-11 18:00:00;0.0000
2025-02-11 18:15:00;0.0000
2025-02-11 18:30:00;0.0000
2025-02-11 18:45:00;0.0000
2025-02-11 19:00:00;0.0000
2025-02-11 19:15:00;0.0000
2025-02-11 19:30:00;0.0000
2025-02-11 19:45:00;0.0000
2025-02-11 20:00:00;0.0000
2025-02-11 20:15:00;0.0000
2025-02-11 20:30:00;0.0000
2025-02-11 20:45:00;0.0000
2025-02-11 21:00:00;0.0000
2025-02-11 21:15:00;0.0000
2025-02-11 21:30:00;0.0000
2025-02-11 21:45:00;0.0000
2025-02-11 22:00:00;0.0000
2025-02-11 22:15:00;0.0000
2025-02-11 22:30:00;0.0000
2025-02-11 22:45:00;0.0000
2025-02-11 23:00:00;0.0000
2025-02-11 23:15:00;0.0000
2025-02-11 23:30:00;0.0000
2025-02-11 23:45:00;0.0000
2025-02-12 00:00:00;0.0000
2025-02-12 00:15:00;0.0000
2025-02-12 00:30:00;0.0000
2025-02-12 00:45:00;0.0000
2025-02-12 01:00:00;0.0000
2025-02-12 01:15:00;0.0000
2025-02-12 01:30:00;0.0000
2025-02-12 01:45:00;0.0000
2025-02-12 02:00:00;0.0000
2025-02-12 02:15:00;0.0000
2025-02-12 02:30:00;0.0000
2025-02-12 02:45:00;0.0000
2025-02-12 03:00:00;0.0000
2025-02-12 03:15:00;0.0000
2025-02-12 03:30:00;0.0000
2025-02-12 03:45:00;0.0000
2025-02-12 04:00:00;0.0000
2025-02-12 04:15:00;0.0000
2025-02-12 04:30:00;0.0000
2025-02-12 04:45:00;0.0000
2025-02-12 05:00:00;0.0000
2025-02-12 05:15:00;0.0000
2025-02-12 05:30:00;0.0000
2025-02-12 05:45:00;0.0000
2025-02-12 06:00:00;0.0000
2025-02-12 06:15:00;0.0000
2025-02-12 06:30:00;0.0000
2025-02-12 06:45:00;0.0000
2025-02-12 07:00:00;0.0000
2025-02-12 07:15:00;0.0000
2025-02-12 07:30:00;0.0000
2025-02-12 07:45:00;0.0000
2025-02-12 08:00:00;0.0000
2025-02-12 08:15:00;0.3350
2025-02-12 08:30:00;0.6954
2025-02-12 08:45:00;1.0252
2025-02-12 09:00:00;1.2570
2025-02-12 09:15:00;1.5901
2025-02-12 09:30:00;1.7656
2025-02-12 09:45:00;2.1221
2025-02-12 10:00:00;2.6036
2025-02-12 10:15:00;2.9792
2025-02-12 10:30:00;3.4620
2025-02-12 10:45:00;3.6315
2025-02-12 11:00:00;3.5414
2025-02-12 11:15:00;3.6981
2025-02-12 11:30:00;4.1111
2025-02-12 11:45:00;4.1059
2025-02-12 12:00:00;3.3179
2025-02-12 12:15:00;3.5352
2025-02-12 12:30:00;3.5362
2025-02-12 12:45:00;3.7834
2025-02-12 13:00:00;4.8993
2025-02-12 13:15:00;5.0745
2025-02-12 13:30:00;4.8763
2025-02-12 13:45:00;4.7321
2025-02-12 14:00:00;4.1292
2025-02-12 14:15:00;4.2889
2025-02-12 14:30:00;4.2732
2025-02-12 14:45:00;3.9347
2025-02-12 15:00:00;3.3337
2025-02-12 15:15:00;3.1659
2025-02-12 15:30:00;2.9536
2025-02-12 15:45:00;2.8522
2025-02-12 16:00:00;2.5097
2025-02-12 16:15:00;2.1486
2025-02-12 16:30:00;1.9182
2025-02-12 16:45:00;1.7540
2025-02-12 17:00:00;1.5166
2025-02-12 17:15:00;1.0963
2025-02-12 17:30:00;0.7478
2025-02-12 17:45:00;0.3881
2025-02-12 18:00:00;0.0000
2025-02-12 18:15:00;0.0000
2025-02-12 18:30:00;0.0000
2025-02-12 18:45:00;0.0000
2025-02-12 19:00:00;0.0000
2025-02-12 19:15:00;0.0000
2025-02-12 19:30:00;0.0000
2025-02-12 19:45:00;0.0000
2025-02-12 20:00:00;0.0000
2025-02-12 20:15:00;0.0000
2025-02-12 20:30:00;0.0000
2025-02-12 20:45:00;0.0000
2025-02-12 21:00:00;0.0000
2025-02-12 21:15:00;0.0000
2025-02-12 21:30:00;0.0000
2025-02-12 21:45:00;0.0000
2025-02-12 22:00:00;0.0000
2025-02-12 22:15:00;0.0000
2025-02-12 22:30:00;0.0000
2025-02-12 22:45:00;0.0000
2025-02-12 23:00:00;0.0000
2025-02-12 23:15:00;0.0000
2025-02-12 23:30:00;0.0000
2025-02-12 23:45:00;0.0000
2025-02-13 00:00:00;0.0000
2025-02-13 00:15:00;0.0000
2025-02-13 00:30:00;0.0000
2025-02-13 00:45:00;0.0000
2025-02-13 01:00:00;0.0000
2025-02-13 01:15:00;0.0000
2025-02-13 01:30:00;0.0000
2025-02-13 01:45:00;0.0000
2025-02-13 02:00:00;0.0000
2025-02-13 02:15:00;0.0000
2025-02-13 02:30:00;0.0000
2025-02-13 02:45:00;0.0000
2025-02-13 03:00:00;0.0000
2025-02-13 03:15:00;0.0000
2025-02-13 03:30:00;0.0000
2025-02-13 03:45:00;0.0000
2025-02-13 04:00:00;0.0000
2025-02-13 04:15:00;0.0000
2025-02-13 04:30:00;0.0000
2025-02-13 04:45:00;0.0000
2025-02-13 05:00:00;0.0000
2025-02-13 05:15:00;0.0000
2025-02-13 05:30:00;0.0000
2025-02-13 05:45:00;0.0000
2025-02-13 06:00:00;0.0000
2025-02-13 06:15:00;0.0000
2025-02-13 06:30:00;0.0000
2025-02-13 06:45:00;0.0000
2025-02-13 07:00:00;0.0000
2025-02-13 07:15:00;0.0000
2025-02-13 07:30:00;0.0000
2025-02-13 07:45:00;0.0000
2025-02-13 08:00:00;0.0000
2025-02-13 08:15:00;0.3171
2025-02-13 08:30:00;0.6723
2025-02-13 08:45:00;0.9887
2025-02-13 09:00:00;1.2850
2025-02-13 09:15:00;1.6553
2025-02-13 09:30:00;1.9983
2025-02-13 09:45:00;2.3294
2025-02-13 10:00:00;2.4254
2025-02-13 10:15:00;2.9198
2025-02-13 10:30:00;3.1467
2025-02-13 10:45:00;3.2519
2025-02-13 11:00:00;3.7562
2025-02-13 11:15:00;3.7460
2025-02-13 11:30:00;4.0208
2025-02-13 11:45:00;4.3251
2025-02-13 12:00:00;4.3795
2025-02-13 12:15:00;4.4448
2025-02-13 12:30:00;4.4302
2025-02-13 12:45:00;4.5478
2025-02-13 13:00:00;4.3771
2025-02-13 13:15:00;4.0901
2025-02-13 13:30:00;4.2619
2025-02-13 13:45:00;4.1450
2025-02-13 14:00:00;4.6059
2025-02-13 14:15:00;4.6853
2025-02-13 14:30:00;4.4032
2025-02-13 14:45:00;4.3067
2025-02-13 15:00:00;3.1910
2025-02-13 15:15:00;2.8715
2025-02-13 15:30:00;2.6653
2025-02-13 15:45:00;2.4193
2025-02-13 16:00:00;2.6619
2025-02-13 16:15:00;2.3095
2025-02-13 16:30:00;1.9268
2025-02-13 16:45:00;1.7730
2025-02-13 17:00:00;1.4675
2025-02-13 17:15:00;1.1373
2025-02-13 17:30:00;0.7660
2025-02-13 17:45:00;0.3620
2025-02-13 18:00:00;0.0000
2025-02-13 18:15:00;0.0000
2025-02-13 18:30:00;0.0000
2025-02-13 18:45:00;0.0000
2025-02-13 19:00:00;0.0000
2025-02-13 19:15:00;0.0000
2025-02-13 19:30:00;0.0000
2025-02-13 19:45:00;0.0000
2025-02-13 20:00:00;0.0000
2025-02-13 20:15:00;0.0000
2025-02-13 20:30:00;0.0000
2025-02-13 20:45:00;0.0000
2025-02-13 21:00:00;0.0000
2025-02-13 21:15:00;0.0000
2025-02-13 21:30:00;0.0000
2025-02-13 21:45:00;0.0000
2025-02-13 22:00:00;0.0000
2025-02-13 22:15:00;0.0000
2025-02-13 22:30:00;0.0000
2025-02-13 22:45:00;0.0000
2025-02-13 23:00:00;0.0000
2025-02-13 23:15:00;0.0000
2025-02-13 23:30:00;0.0000
2025-02-13 23:45:00;0.0000
2025-02-14 00:00:00;0.0000
2025-02-14 00:15:00;0.0000
2025-02-14 00:30:00;0.0000
2025-02-14 00:45:00;0.0000
2025-02-14 01:00:00;0.0000
2025-02-14 01:15:00;0.0000
2025-02-14 01:30:00;0.0000
2025-02-14 01:45:00;0.0000
2025-02-14 02:00:00;0.0000
2025-02-14 02:15:00;0.0000
2025-02-14 02:30:00;0.0000
2025-02-14 02:45:00;0.0000
2025-02-14 03:00:00;0.0000
2025-02-14 03:15:00;0.0000
2025-02-14 03:30:00;0.0000
2025-02-14 03:45:00;0.0000
2025-02-14 04:00:00;0.0000
2025-02-14 04:15:00;0.0000
2025-02-14 04:30:00;0.0000
2025-02-14 04:45:00;0.0000
2025-02-14 05:00:00;0.0000
2025-02-14 05:15:00;0.0000
2025-02-14 05:30:00;0.0000
2025-02-14 05:45:00;0.0000
2025-02-14 06:00:00;0.0000
2025-02-14 06:15:00;0.0000
2025-02-14 06:30:00;0.0000
2025-02-14 06:45:00;0.0000
2025-02-14 07:00:00;0.0000
2025-02-14 07:15:00;0.0000
2025-02-14 07:30:00;0.0000
2025-02-14 07:45:00;0.0000
2025-02-14 08:00:00;0.0000
2025-02-14 08:15:00;0.3316
2025-02-14 08:30:00;0.6738
2025-02-14 08:45:00;0.9634
2025-02-14 09:00:00;1.1650
2025-02-14 09:15:00;1.3974
2025-02-14 09:30:00;1.6526
2025-02-14 09:45:00;1.9060
2025-02-14 10:00:00;2.3278
2025-02-14 10:15:00;2.4802
2025-02-14 10:30:00;2.9046
2025-02-14 10:45:00;2.9350
2025-02-14 11:00:00;3.2641
2025-02-14 11:15:00;3.3624
2025-02-14 11:30:00;3.5171
2025-02-14 11:45:00;3.5757
2025-02-14 12:00:00;3.6201
2025-02-14 12:15:00;3.7095
2025-02-14 12:30:00;3.8606
2025-02-14 12:45:00;3.8032
2025-02-14 13:00:00;4.7566
2025-02-14 13:15:00;4.7995
2025-02-14 13:30:00;4.5057
2025-02-14 13:45:00;4.4704
2025-02-14 14:00:00;4.1248
2025-02-14 14:15:00;4.2256
2025-02-14 14:30:00;3.8291
2025-02-14 14:45:00;3.8722
2025-02-14 15:00:00;3.5325
2025-02-14 15:15:00;3.2214
2025-02-14 15:30:00;2.9334
2025-02-14 15:45:00;2.8249
2025-02-14 16:00:00;2.4157
2025-02-14 16:15:00;2.2224
2025-02-14 16:30:00;1.8601
2025-02-14 16:45:00;1.5269
2025-02-14 17:00:00;1.3538
2025-02-14 17:15:00;1.0512
2025-02-14 17:30:00;0.6985
2025-02-14 17:45:00;0.3401
2025-02-14 18:00:00;0.0000
2025-02-14 18:15:00;0.0000
2025-02-14 18:30:00;0.0000
2025-02-14 18:45:00;0.0000
2025-02-14 19:00:00;0.0000
2025-02-14 19:15:00;0.0000
2025-02-14 19:30:00;0.0000
2025-02-14 19:45:00;0.0000
2025-02-14 20:00:00;0.0000
2025-02-14 20:15:00;0.0000
2025-02-14 20:30:00;0.0000
2025-02-14 20:45:00;0.0000
2025-02-14 21:00:00;0.0000
2025-02-14 21:15:00;0.0000
2025-02-14 21:30:00;0.0000
2025-02-14 21:45:00;0.0000
2025-02-14 22:00:00;0.0000
2025-02-14 22:15:00;0.0000
2025-02-14 22:30:00;0.0000
2025-02-14 22:45:00;0.0000
2025-02-14 23:00:00;0.0000
2025-02-14 23:15:00;0.0000
2025-02-14 23:30:00;0.0000
2025-02-14 23:45:00;0.0000
2025-02-15 00:00:00;0.0000
2025-02-15 00:15:00;0.0000
2025-02-15 00:30:00;0.0000
2025-02-15 00:45:00;0.0000
2025-02-15 01:00:00;0.0000
2025-02-15 01:15:00;0.0000
2025-02-15 01:30:00;0.0000
2025-02-15 01:45:00;0.0000
2025-02-15 02:00:00;0.0000
2025-02-15 02:15:00;0.0000
2025-02-15 02:30:00;0.0000
2025-02-15 02:45:00;0.0000
2025-02-15 03:00:00;0.0000
2025-02-15 03:15:00;0.0000
2025-02-15 03:30:00;0.0000
2025-02-15 03:45:00;0.0000
2025-02-15 04:00:00;0.0000
2025-02-15 04:15:00;0.0000
2025-02-15 04:30:00;0.0000
2025-02-15 04:45:00;0.0000
2025-02-15 05:00:00;0.0000
2025-02-15 05:15:00;0.0000
2025-02-15 05:30:00;0.0000
2025-02-15 05:45:00;0.0000
2025-02-15 06:00:00;0.0000
2025-02-15 06:15:00;0.0000
2025-02-15 06:30:00;0.0000
2025-02-15 06:45:00;0.0000
2025-02-15 07:00:00;0.0000
2025-02-15 07:15:00;0.0000
2025-02-15 07:30:00;0.0000
2025-02-15 07:45:00;0.0000
2025-02-15 08:00:00;0.0000
2025-02-15 08:15:00;0.3703
2025-02-15 08:30:00;0.7178
2025-02-15 08:45:00;1.0483
2025-02-15 09:00:00;1.4169
2025-02-15 09:15:00;1.7587
2025-02-15 09:30:00;2.0904
2025-02-15 09:45:00;2.3555
2025-02-15 10:00:00;2.5020
2025-02-15 10:15:00;2.7327
2025-02-15 10:30:00;2.9925
2025-02-15 10:45:00;3.1447
2025-02-15 11:00:00;3.3336
2025-02-15 11:15:00;3.4244
2025-02-15 11:30:00;3.9995
2025-02-15 11:45:00;3.7309
2025-02-15 12:00:00;4.4619
2025-02-15 12:15:00;4.6108
2025-02-15 12:30:00;4.5878
2025-02-15 12:45:00;4.7233
2025-02-15 13:00:00;4.3370
2025-02-15 13:15:00;4.3441
2025-02-15 13:30:00;4.5229
2025-02-15 13:45:00;4.4714
2025-02-15 14:00:00;4.2590
2025-02-15 14:15:00;4.2858
2025-02-15 14:30:00;4.0003
2025-02-15 14:45:00;4.0178
2025-02-15 15:00:00;3.5327
2025-02-15 15:15:00;3.1457
2025-02-15 15:30:00;2.9949
2025-02-15 15:45:00;2.7297
2025-02-15 16:00:00;2.5226
2025-02-15 16:15:00;2.2985
2025-02-15 16:30:00;1.8884
2025-02-15 16:45:00;1.5858
2025-02-15 17:00:00;1.4135
2025-02-15 17:15:00;1.0833
2025-02-15 17:30:00;0.6658
2025-02-15 17:45:00;0.3497
2025-02-15 18:00:00;0.0000
2025-02-15 18:15:00;0.0000
2025-02-15 18:30:00;0.0000
2025-02-15 18:45:00;0.0000
2025-02-15 19:00:00;0.0000
2025-02-15 19:15:00;0.0000
2025-02-15 19:30:00;0.0000
2025-02-15 19:45:00;0.0000
2025-02-15 20:00:00;0.0000
2025-02-15 20:15:00;0.0000
2025-02-15 20:30:00;0.0000
2025-02-15 20:45:00;0.0000
2025-02-15 21:00:00;0.0000
2025-02-15 21:15:00;0.0000
2025-02-15 21:30:00;0.0000
2025-02-15 21:45:00;0.0000
2025-02-15 22:00:00;0.0000
2025-02-15 22:15:00;0.0000
2025-02-15 22:30:00;0.0000
2025-02-15 22:45:00;0.0000
2025-02-15 23:00:00;0.0000
2025-02-15 23:15:00;0.0000
2025-02-15 23:30:00;0.0000
2025-02-15 23:45:00;0.0000
2025-02-16 00:00:00;0.0000
2025-02-16 00:15:00;0.0000
2025-02-16 00:30:00;0.0000
2025-02-16 00:45:00;0.0000
2025-02-16 01:00:00;0.0000
2025-02-16 01:15:00;0.0000
2025-02-16 01:30:00;0.0000
2025-02-16 01:45:00;0.0000
2025-02-16 02:00:00;0.0000
2025-02-16 02:15:00;0.0000
2025-02-16 02:30:00;0.0000
2025-02-16 02:45:00;0.0000
2025-02-16 03:00:00;0.0000
2025-02-16 03:15:00;0.0000
2025-02-16 03:30:00;0.0000
2025-02-16 03:45:00;0.0000
2025-02-16 04:00:00;0.0000
2025-02-16 04:15:00;0.0000
2025-02-16 04:30:00;0.0000
2025-02-16 04:45:00;0.0000
2025-02-16 05:00:00;0.0000
2025-02-16 05:15:00;0.0000
2025-02-16 05:30:00;0.0000
2025-02-16 05:45:00;0.0000
2025-02-16 06:00:00;0.0000
2025-02-16 06:15:00;0.0000
2025-02-16 06:30:00;0.0000
2025-02-16 06:45:00;0.0000
2025-02-16 07:00:00;0.0000
2025-02-16 07:15:00;0.0000
2025-02-16 07:30:00;0.0000
2025-02-16 07:45:00;0.0000
2025-02-16 08:00:00;0.0000
2025-02-16 08:15:00;1.4539
2025-02-16 08:30:00;2.8828
2025-02-16 08:45:00;4.4687
2025-02-16 09:00:00;5.7916
2025-02-16 09:15:00;6.6998
2025-02-16 09:30:00;8.1562
2025-02-16 09:45:00;8.8265
2025-02-16 10:00:00;9.6798
2025-02-16 10:15:00;10.1403
2025-02-16 10:30:00;11.3557
2025-02-16 10:45:00;12.0549
2025-02-16 11:00:00;13.8038
2025-02-16 11:15:00;14.4462
2025-02-16 11:30:00;15.7549
2025-02-16 11:45:00;15.6451
2025-02-16 12:00:00;19.3219
2025-02-16 12:15:00;19.0250
2025-02-16 12:30:00;18.4258
2025-02-16 12:45:00;18.1631
2025-02-16 13:00:00;15.2408
2025-02-16 13:15:00;15.6567
2025-02-16 13:30:00;15.6946
2025-02-16 13:45:00;14.8836
2025-02-16 14:00:00;15.0609
2025-02-16 14:15:00;14.6523
2025-02-16 14:30:00;14.1366
2025-02-16 14:45:00;14.9046
2025-02-16 15:00:00;15.1900
2025-02-16 15:15:00;14.3265
2025-02-16 15:30:00;13.3423
2025-02-16 15:45:00;12.0996
2025-02-16 16:00:00;10.7286
2025-02-16 16:15:00;9.9363
2025-02-16 16:30:00;9.1041
2025-02-16 16:45:00;7.1877
2025-02-16 17:00:00;5.0575
2025-02-16 17:15:00;3.9987
2025-02-16 17:30:00;2.4816
2025-02-16 17:45:00;1.2504
2025-02-16 18:00:00;0.0000
2025-02-16 18:15:00;0.0000
2025-02-16 18:30:00;0.0000
2025-02-16 18:45:00;0.0000
2025-02-16 19:00:00;0.0000
2025-02-16 19:15:00;0.0000
2025-02-16 19:30:00;0.0000
2025-02-16 19:45:00;0.0000
2025-02-16 20:00:00;0.0000
2025-02-16 20:15:00;0.0000
2025-02-16 20:30:00;0.0000
2025-02-16 20:45:00;0.0000
2025-02-16 21:00:00;0.0000
2025-02-16 21:15:00;0.0000
2025-02-16 21:30:00;0.0000
2025-02-16 21:45:00;0.0000
2025-02-16 22:00:00;0.0000
2025-02-16 22:15:00;0.0000
2025-02-16 22:30:00;0.0000
2025-02-16 22:45:00;0.0000
2025-02-16 23:00:00;0.0000
2025-02-16 23:15:00;0.0000
2025-02-16 23:30:00;0.0000
2025-02-16 23:45:00;0.0000
2025-02-17 00:00:00;0.0000
2025-02-17 00:15:00;0.0000
2025-02-17 00:30:00;0.0000
2025-02-17 00:45:00;0.0000
2025-02-17 01:00:00;0.0000
2025-02-17 01:15:00;0.0000
2025-02-17 01:30:00;0.0000
2025-02-17 01:45:00;0.0000
2025-02-17 02:00:00;0.0000
2025-02-17 02:15:00;0.0000
2025-02-17 02:30:00;0.0000
2025-02-17 02:45:00;0.0000
2025-02-17 03:00:00;0.0000
2025-02-17 03:15:00;0.0000
2025-02-17 03:30:00;0.0000
2025-02-17 03:45:00;0.0000
2025-02-17 04:00:00;0.0000
2025-02-17 04:15:00;0.0000
2025-02-17 04:30:00;0.0000
2025-02-17 04:45:00;0.0000
2025-02-17 05:00:00;0.0000
2025-02-17 05:15:00;0.0000
2025-02-17 05:30:00;0.0000
2025-02-17 05:45:00;0.0000
2025-02-17 06:00:00;0.0000
2025-02-17 06:15:00;0.0000
2025-02-17 06:30:00;0.0000
2025-02-17 06:45:00;0.0000
2025-02-17 07:00:00;0.0000
2025-02-17 07:15:00;0.0000
2025-02-17 07:30:00;0.0000
2025-02-17 07:45:00;0.0000
2025-02-17 08:00:00;0.0000
2025-02-17 08:15:00;0.8517
2025-02-17 08:30:00;1.7090
2025-02-17 08:45:00;2.4117
2025-02-17 09:00:00;3.3869
2025-02-17 09:15:00;4.2360
2025-02-17 09:30:00;4.8164
2025-02-17 09:45:00;6.0557
2025-02-17 10:00:00;6.3953
2025-02-17 10:15:00;7.1158
2025-02-17 10:30:00;7.5045
2025-02-17 10:45:00;8.2028
2025-02-17 11:00:00;8.5558
2025-02-17 11:15:00;8.4262
2025-02-17 11:30:00;9.0376
2025-02-17 11:45:00;9.9575
2025-02-17 12:00:00;4.7522
2025-02-17 12:15:00;4.6346
2025-02-17 12:30:00;4.8719
2025-02-17 12:45:00;4.9723
2025-02-17 13:00:00;10.5588
2025-02-17 13:15:00;10.1299
2025-02-17 13:30:00;10.4324
2025-02-17 13:45:00;10.5221
2025-02-17 14:00:00;11.0807
2025-02-17 14:15:00;10.5870
2025-02-17 14:30:00;10.5765
2025-02-17 14:45:00;10.4364
2025-02-17 15:00:00;9.6087
2025-02-17 15:15:00;8.2175
2025-02-17 15:30:00;8.4255
2025-02-17 15:45:00;7.1336
2025-02-17 16:00:00;5.7898
2025-02-17 16:15:00;4.9446
2025-02-17 16:30:00;4.4866
2025-02-17 16:45:00;3.6791
2025-02-17 17:00:00;2.3614
2025-02-17 17:15:00;1.7909
2025-02-17 17:30:00;1.2018
2025-02-17 17:45:00;0.6327
2025-02-17 18:00:00;0.0000
2025-02-17 18:15:00;0.0000
2025-02-17 18:30:00;0.0000
2025-02-17 18:45:00;0.0000
2025-02-17 19:00:00;0.0000
2025-02-17 19:15:00;0.0000
2025-02-17 19:30:00;0.0000
2025-02-17 19:45:00;0.0000
2025-02-17 20:00:00;0.0000
2025-02-17 20:15:00;0.0000
2025-02-17 20:30:00;0.0000
2025-02-17 20:45:00;0.0000
2025-02-17 21:00:00;0.0000
2025-02-17 21:15:00;0.0000
2025-02-17 21:30:00;0.0000
2025-02-17 21:45:00;0.0000
2025-02-17 22:00:00;0.0000
2025-02-17 22:15:00;0.0000
2025-02-17 22:30:00;0.0000
2025-02-17 22:45:00;0.0000
2025-02-17 23:00:00;0.0000
2025-02-17 23:15:00;0.0000
2025-02-17 23:30:00;0.0000
2025-02-17 23:45:00;0.0000
2025-02-18 00:00:00;0.0000
2025-02-18 00:15:00;0.0000
2025-02-18 00:30:00;0.0000
2025-02-18 00:45:00;0.0000
2025-02-18 01:00:00;0.0000
2025-02-18 01:15:00;0.0000
2025-02-18 01:30:00;0.0000
2025-02-18 01:45:00;0.0000
2025-02-18 02:00:00;0.0000
2025-02-18 02:15:00;0.0000
2025-02-18 02:30:00;0.0000
2025-02-18 02:45:00;0.0000
2025-02-18 03:00:00;0.0000
2025-02-18 03:15:00;0.0000
2025-02-18 03:30:00;0.0000
2025-02-18 03:45:00;0.0000
2025-02-18 04:00:00;0.0000
2025-02-18 04:15:00;0.0000
2025-02-18 04:30:00;0.0000
2025-02-18 04:45:00;0.0000
2025-02-18 05:00:00;0.0000
2025-02-18 05:15:00;0.0000
2025-02-18 05:30:00;0.0000
2025-02-18 05:45:00;0.0000
2025-02-18 06:00:00;0.0000
2025-02-18 06:15:00;0.0000
2025-02-18 06:30:00;0.0000
2025-02-18 06:45:00;0.0000
2025-02-18 07:00:00;0.0000
2025-02-18 07:15:00;0.0000
2025-02-18 07:30:00;0.0000
2025-02-18 07:45:00;0.0000
2025-02-18 08:00:00;0.0000
2025-02-18 08:15:00;0.8005
2025-02-18 08:30:00;1.6282
2025-02-18 08:45:00;2.3889
2025-02-18 09:00:00;3.5339
2025-02-18 09:15:00;4.4363
2025-02-18 09:30:00;5.5595
2025-02-18 09:45:00;6.6378
2025-02-18 10:00:00;6.6321
2025-02-18 10:15:00;6.9161
2025-02-18 10:30:00;7.8719
2025-02-18 10:45:00;8.2871
2025-02-18 11:00:00;5.1061
2025-02-18 11:15:00;4.8977
2025-02-18 11:30:00;5.6149
2025-02-18 11:45:00;5.5490
2025-02-18 12:00:00;9.0198
2025-02-18 12:15:00;9.7230
2025-02-18 12:30:00;9.8955
2025-02-18 12:45:00;9.7831
2025-02-18 13:00:00;11.3951
2025-02-18 13:15:00;11.3462
2025-02-18 13:30:00;11.3886
2025-02-18 13:45:00;11.3108
2025-02-18 14:00:00;9.7933
2025-02-18 14:15:00;10.1853
2025-02-18 14:30:00;9.3772
2025-02-18 14:45:00;9.3664
2025-02-18 15:00:00;4.2459
2025-02-18 15:15:00;4.1725
2025-02-18 15:30:00;3.9785
2025-02-18 15:45:00;3.4610
2025-02-18 16:00:00;5.6372
2025-02-18 16:15:00;5.3552
2025-02-18 16:30:00;4.4925
2025-02-18 16:45:00;3.9449
2025-02-18 17:00:00;1.3335
2025-02-18 17:15:00;1.0292
2025-02-18 17:30:00;0.6600
2025-02-18 17:45:00;0.3442
2025-02-18 18:00:00;0.0000
2025-02-18 18:15:00;0.0000
2025-02-18 18:30:00;0.0000
2025-02-18 18:45:00;0.0000
2025-02-18 19:00:00;0.0000
2025-02-18 19:15:00;0.0000
2025-02-18 19:30:00;0.0000
2025-02-18 19:45:00;0.0000
2025-02-18 20:00:00;0.0000
2025-02-18 20:15:00;0.0000
2025-02-18 20:30:00;0.0000
2025-02-18 20:45:00;0.0000
2025-02-18 21:00:00;0.0000
2025-02-18 21:15:00;0.0000
2025-02-18 21:30:00;0.0000
2025-02-18 21:45:00;0.0000
2025-02-18 22:00:00;0.0000
2025-02-18 22:15:00;0.0000
2025-02-18 22:30:00;0.0000
2025-02-18 22:45:00;0.0000
2025-02-18 23:00:00;0.0000
2025-02-18 23:15:00;0.0000
2025-02-18 23:30:00;0.0000
2025-02-18 23:45:00;0.0000
2025-02-19 00:00:00;0.0000
2025-02-19 00:15:00;0.0000
2025-02-19 00:30:00;0.0000
2025-02-19 00:45:00;0.0000
2025-02-19 01:00:00;0.0000
2025-02-19 01:15:00;0.0000
2025-02-19 01:30:00;0.0000
2025-02-19 01:45:00;0.0000
2025-02-19 02:00:00;0.0000
2025-02-19 02:15:00;0.0000
2025-02-19 02:30:00;0.0000
2025-02-19 02:45:00;0.0000
2025-02-19 03:00:00;0.0000
2025-02-19 03:15:00;0.0000
2025-02-19 03:30:00;0.0000
2025-02-19 03:45:00;0.0000
2025-02-19 04:00:00;0.0000
2025-02-19 04:15:00;0.0000
2025-02-19 04:30:00;0.0000
2025-02-19 04:45:00;0.0000
2025-02-19 05:00:00;0.0000
2025-02-19 05:15:00;0.0000
2025-02-19 05:30:00;0.0000
2025-02-19 05:45:00;0.0000
2025-02-19 06:00:00;0.0000
2025-02-19 06:15:00;0.0000
2025-02-19 06:30:00;0.0000
2025-02-19 06:45:00;0.0000
2025-02-19 07:00:00;0.0000
2025-02-19 07:15:00;0.0000
2025-02-19 07:30:00;0.0000
2025-02-19 07:45:00;0.0000
2025-02-19 08:00:00;0.0000
2025-02-19 08:15:00;1.3961
2025-02-19 08:30:00;2.7822
2025-02-19 08:45:00;4.0963
2025-02-19 09:00:00;5.9837
2025-02-19 09:15:00;7.6270
2025-02-19 09:30:00;9.0011
2025-02-19 09:45:00;10.2605
2025-02-19 10:00:00;9.8265
2025-02-19 10:15:00;10.7146
2025-02-19 10:30:00;12.2660
2025-02-19 10:45:00;12.7554
2025-02-19 11:00:00;12.3682
2025-02-19 11:15:00;12.8898
2025-02-19 11:30:00;13.7075
2025-02-19 11:45:00;13.7729
2025-02-19 12:00:00;17.2079
2025-02-19 12:15:00;17.7503
2025-02-19 12:30:00;17.4709
2025-02-19 12:45:00;18.2942
2025-02-19 13:00:00;15.9402
2025-02-19 13:15:00;16.8033
2025-02-19 13:30:00;15.6541
2025-02-19 13:45:00;16.3883
2025-02-19 14:00:00;18.2803
2025-02-19 14:15:00;17.5334
2025-02-19 14:30:00;15.6714
2025-02-19 14:45:00;15.3958
2025-02-19 15:00:00;13.1219
2025-02-19 15:15:00;12.7547
2025-02-19 15:30:00;11.1750
2025-02-19 15:45:00;10.0581
2025-02-19 16:00:00;8.7785
2025-02-19 16:15:00;8.0332
2025-02-19 16:30:00;6.6985
2025-02-19 16:45:00;5.5908
2025-02-19 17:00:00;4.9323
2025-02-19 17:15:00;3.8471
2025-02-19 17:30:00;2.4826
2025-02-19 17:45:00;1.2456
2025-02-19 18:00:00;0.0000
2025-02-19 18:15:00;0.0000
2025-02-19 18:30:00;0.0000
2025-02-19 18:45:00;0.0000
2025-02-19 19:00:00;0.0000
2025-02-19 19:15:00;0.0000
2025-02-19 19:30:00;0.0000
2025-02-19 19:45:00;0.0000
2025-02-19 20:00:00;0.0000
2025-02-19 20:15:00;0.0000
2025-02-19 20:30:00;0.0000
2025-02-19 20:45:00;0.0000
2025-02-19 21:00:00;0.0000
2025-02-19 21:15:00;0.0000
2025-02-19 21:30:00;0.0000
2025-02-19 21:45:00;0.0000
2025-02-19 22:00:00;0.0000
2025-02-19 22:15:00;0.0000
2025-02-19 22:30:00;0.0000
2025-02-19 22:45:00;0.0000
2025-02-19 23:00:00;0.0000
2025-02-19 23:15:00;0.0000
2025-02-19 23:30:00;0.0000
2025-02-19 23:45:00;0.0000
2025-02-20 00:00:00;0.0000
2025-02-20 00:15:00;0.0000
2025-02-20 00:30:00;0.0000
2025-02-20 00:45:00;0.0000
2025-02-20 01:00:00;0.0000
2025-02-20 01:15:00;0.0000
2025-02-20 01:30:00;0.0000
2025-02-20 01:45:00;0.0000
2025-02-20 02:00:00;0.0000
2025-02-20 02:15:00;0.0000
2025-02-20 02:30:00;0.0000
2025-02-20 02:45:00;0.0000
2025-02-20 03:00:00;0.0000
2025-02-20 03:15:00;0.0000
2025-02-20 03:30:00;0.0000
2025-02-20 03:45:00;0.0000
2025-02-20 04:00:00;0.0000
2025-02-20 04:15:00;0.0000
2025-02-20 04:30:00;0.0000
2025-02-20 04:45:00;0.0000
2025-02-20 05:00:00;0.0000
2025-02-20 05:15:00;0.0000
2025-02-20 05:30:00;0.0000
2025-02-20 05:45:00;0.0000
2025-02-20 06:00:00;0.0000
2025-02-20 06:15:00;0.0000
2025-02-20 06:30:00;0.0000
2025-02-20 06:45:00;0.0000
2025-02-20 07:00:00;0.0000
2025-02-20 07:15:00;0.0000
2025-02-20 07:30:00;0.0000
2025-02-20 07:45:00;0.0000
2025-02-20 08:00:00;0.0000
2025-02-20 08:15:00;0.3177
2025-02-20 08:30:00;0.6575
2025-02-20 08:45:00;0.9535
2025-02-20 09:00:00;1.4161
2025-02-20 09:15:00;1.7235
2025-02-20 09:30:00;2.0052
2025-02-20 09:45:00;2.4479
2025-02-20 10:00:00;2.3129
2025-02-20 10:15:00;2.4297
2025-02-20 10:30:00;2.8328
2025-02-20 10:45:00;2.9180
2025-02-20 11:00:00;3.5846
2025-02-20 11:15:00;3.7485
2025-02-20 11:30:00;3.9445
2025-02-20 11:45:00;4.0697
2025-02-20 12:00:00;4.1547
2025-02-20 12:15:00;3.9970
2025-02-20 12:30:00;4.1015
2025-02-20 12:45:00;3.9882
2025-02-20 13:00:00;4.3964
2025-02-20 13:15:00;4.1384
2025-02-20 13:30:00;4.0538
2025-02-20 13:45:00;3.9287
2025-02-20 14:00:00;3.6052
2025-02-20 14:15:00;3.6495
2025-02-20 14:30:00;3.3391
2025-02-20 14:45:00;3.4357
2025-02-20 15:00:00;3.0626
2025-02-20 15:15:00;2.8907
2025-02-20 15:30:00;2.6957
2025-02-20 15:45:00;2.4873
2025-02-20 16:00:00;2.8803
2025-02-20 16:15:00;2.4832
2025-02-20 16:30:00;2.2894
2025-02-20 16:45:00;1.8750
2025-02-20 17:00:00;1.3368
2025-02-20 17:15:00;1.0310
2025-02-20 17:30:00;0.7010
2025-02-20 17:45:00;0.3447
2025-02-20 18:00:00;0.0000
2025-02-20 18:15:00;0.0000
2025-02-20 18:30:00;0.0000
2025-02-20 18:45:00;0.0000
2025-02-20 19:00:00;0.0000
2025-02-20 19:15:00;0.0000
2025-02-20 19:30:00;0.0000
2025-02-20 19:45:00;0.0000
2025-02-20 20:00:00;0.0000
2025-02-20 20:15:00;0.0000
2025-02-20 20:30:00;0.0000
2025-02-20 20:45:00;0.0000
2025-02-20 21:00:00;0.0000
2025-02-20 21:15:00;0.0000
2025-02-20 21:30:00;0.0000
2025-02-20 21:45:00;0.0000
2025-02-20 22:00:00;0.0000
2025-02-20 22:15:00;0.0000
2025-02-20 22:30:00;0.0000
2025-02-20 22:45:00;0.0000
2025-02-20 23:00:00;0.0000
2025-02-20 23:15:00;0.0000
2025-02-20 23:30:00;0.0000
2025-02-20 23:45:00;0.0000
2025-02-21 00:00:00;0.0000
2025-02-21 00:15:00;0.0000
2025-02-21 00:30:00;0.0000
2025-02-21 00:45:00;0.0000
2025-02-21 01:00:00;0.0000
2025-02-21 01:15:00;0.0000
2025-02-21 01:30:00;0.0000
2025-02-21 01:45:00;0.0000
2025-02-21 02:00:00;0.0000
2025-02-21 02:15:00;0.0000
2025-02-21 02:30:00;0.0000
2025-02-21 02:45:00;0.0000
2025-02-21 03:00:00;0.0000
2025-02-21 03:15:00;0.0000
2025-02-21 03:30:00;0.0000
2025-02-21 03:45:00;0.0000
2025-02-21 04:00:00;0.0000
2025-02-21 04:15:00;0.0000
2025-02-21 04:30:00;0.0000
2025-02-21 04:45:00;0.0000
2025-02-21 05:00:00;0.0000
2025-02-21 05:15:00;0.0000
2025-02-21 05:30:00;0.0000
2025-02-21 05:45:00;0.0000
2025-02-21 06:00:00;0.0000
2025-02-21 06:15:00;0.0000
2025-02-21 06:30:00;0.0000
2025-02-21 06:45:00;0.0000
2025-02-21 07:00:00;0.0000
2025-02-21 07:15:00;0.0000
2025-02-21 07:30:00;0.0000
2025-02-21 07:45:00;0.0000
2025-02-21 08:00:00;0.0000
2025-02-21 08:15:00;0.7665
2025-02-21 08:30:00;1.5275
2025-02-21 08:45:00;2.4465
2025-02-21 09:00:00;2.6789
2025-02-21 09:15:00;3.4019
2025-02-21 09:30:00;3.9108
2025-02-21 09:45:00;4.4521
2025-02-21 10:00:00;6.3897
2025-02-21 10:15:00;6.8551
2025-02-21 10:30:00;7.4345
2025-02-21 10:45:00;7.8728
2025-02-21 11:00:00;8.9608
2025-02-21 11:15:00;9.4582
2025-02-21 11:30:00;9.9612
2025-02-21 11:45:00;10.5170
2025-02-21 12:00:00;4.4496
2025-02-21 12:15:00;4.3891
2025-02-21 12:30:00;4.5576
2025-02-21 12:45:00;4.3920
2025-02-21 13:00:00;10.5720
2025-02-21 13:15:00;10.7317
2025-02-21 13:30:00;10.3800
2025-02-21 13:45:00;10.4887
2025-02-21 14:00:00;9.2682
2025-02-21 14:15:00;8.7122
2025-02-21 14:30:00;8.3327
2025-02-21 14:45:00;7.9498
2025-02-21 15:00:00;7.2513
2025-02-21 15:15:00;6.8697
2025-02-21 15:30:00;6.2212
2025-02-21 15:45:00;6.1635
2025-02-21 16:00:00;7.1918
2025-02-21 16:15:00;6.3914
2025-02-21 16:30:00;5.2678
2025-02-21 16:45:00;4.7337
2025-02-21 17:00:00;2.4752
2025-02-21 17:15:00;1.8279
2025-02-21 17:30:00;1.2926
2025-02-21 17:45:00;0.6126
2025-02-21 18:00:00;0.0000
2025-02-21 18:15:00;0.0000
2025-02-21 18:30:00;0.0000
2025-02-21 18:45:00;0.0000
2025-02-21 19:00:00;0.0000
2025-02-21 19:15:00;0.0000
2025-02-21 19:30:00;0.0000
2025-02-21 19:45:00;0.0000
2025-02-21 20:00:00;0.0000
2025-02-21 20:15:00;0.0000
2025-02-21 20:30:00;0.0000
2025-02-21 20:45:00;0.0000
2025-02-21 21:00:00;0.0000
2025-02-21 21:15:00;0.0000
2025-02-21 21:30:00;0.0000
2025-02-21 21:45:00;0.0000
2025-02-21 22:00:00;0.0000
2025-02-21 22:15:00;0.0000
2025-02-21 22:30:00;0.0000
2025-02-21 22:45:00;0.0000
2025-02-21 23:00:00;0.0000
2025-02-21 23:15:00;0.0000
2025-02-21 23:30:00;0.0000
2025-02-21 23:45:00;0.0000
2025-02-22 00:00:00;0.0000
2025-02-22 00:15:00;0.0000
2025-02-22 00:30:00;0.0000
2025-02-22 00:45:00;0.0000
2025-02-22 01:00:00;0.0000
2025-02-22 01:15:00;0.0000
2025-02-22 01:30:00;0.0000
2025-02-22 01:45:00;0.0000
2025-02-22 02:00:00;0.0000
2025-02-22 02:15:00;0.0000
2025-02-22 02:30:00;0.0000
2025-02-22 02:45:00;0.0000
2025-02-22 03:00:00;0.0000
2025-02-22 03:15:00;0.0000
2025-02-22 03:30:00;0.0000
2025-02-22 03:45:00;0.0000
2025-02-22 04:00:00;0.0000
2025-02-22 04:15:00;0.0000
2025-02-22 04:30:00;0.0000
2025-02-22 04:45:00;0.0000
2025-02-22 05:00:00;0.0000
2025-02-22 05:15:00;0.0000
2025-02-22 05:30:00;0.0000
2025-02-22 05:45:00;0.0000
2025-02-22 06:00:00;0.0000
2025-02-22 06:15:00;0.0000
2025-02-22 06:30:00;0.0000
2025-02-22 06:45:00;0.0000
2025-02-22 07:00:00;0.0000
2025-02-22 07:15:00;0.0000
2025-02-22 07:30:00;0.0000
2025-02-22 07:45:00;0.0000
2025-02-22 08:00:00;0.0000
2025-02-22 08:15:00;0.1451
2025-02-22 08:30:00;0.2852
2025-02-22 08:45:00;0.4217
2025-02-22 09:00:00;0.6525
2025-02-22 09:15:00;0.7877
2025-02-22 09:30:00;0.9829
2025-02-22 09:45:00;1.0563
2025-02-22 10:00:00;1.0270
2025-02-22 10:15:00;1.1387
2025-02-22 10:30:00;1.2877
2025-02-22 10:45:00;1.3637
2025-02-22 11:00:00;1.3708
2025-02-22 11:15:00;1.5165
2025-02-22 11:30:00;1.4463
2025-02-22 11:45:00;1.5182
2025-02-22 12:00:00;1.1720
2025-02-22 12:15:00;1.2861
2025-02-22 12:30:00;1.2585
2025-02-22 12:45:00;1.3416
2025-02-22 13:00:00;1.6084
2025-02-22 13:15:00;1.5752
2025-02-22 13:30:00;1.6341
2025-02-22 13:45:00;1.4190
2025-02-22 14:00:00;1.6222
2025-02-22 14:15:00;1.6925
2025-02-22 14:30:00;1.6277
2025-02-22 14:45:00;1.5167
2025-02-22 15:00:00;1.4542
2025-02-22 15:15:00;1.3906
2025-02-22 15:30:00;1.2524
2025-02-22 15:45:00;1.2205
2025-02-22 16:00:00;0.9542
2025-02-22 16:15:00;0.8468
2025-02-22 16:30:00;0.7178
2025-02-22 16:45:00;0.6178
2025-02-22 17:00:00;0.5168
2025-02-22 17:15:00;0.3764
2025-02-22 17:30:00;0.2674
2025-02-22 17:45:00;0.1328
2025-02-22 18:00:00;0.0000
2025-02-22 18:15:00;0.0000
2025-02-22 18:30:00;0.0000
2025-02-22 18:45:00;0.0000
2025-02-22 19:00:00;0.0000
2025-02-22 19:15:00;0.0000
2025-02-22 19:30:00;0.0000
2025-02-22 19:45:00;0.0000
2025-02-22 20:00:00;0.0000
2025-02-22 20:15:00;0.0000
2025-02-22 20:30:00;0.0000
2025-02-22 20:45:00;0.0000
2025-02-22 21:00:00;0.0000
2025-02-22 21:15:00;0.0000
2025-02-22 21:30:00;0.0000
2025-02-22 21:45:00;0.0000
2025-02-22 22:00:00;0.0000
2025-02-22 22:15:00;0.0000
2025-02-22 22:30:00;0.0000
2025-02-22 22:45:00;0.0000
2025-02-22 23:00:00;0.0000
2025-02-22 23:15:00;0.0000
2025-02-22 23:30:00;0.0000
2025-02-22 23:45:00;0.0000
2025-02-23 00:00:00;0.0000
2025-02-23 00:15:00;0.0000
2025-02-23 00:30:00;0.0000
2025-02-23 00:45:00;0.0000
2025-02-23 01:00:00;0.0000
2025-02-23 01:15:00;0.0000
2025-02-23 01:30:00;0.0000
2025-02-23 01:45:00;0.0000
2025-02-23 02:00:00;0.0000
2025-02-23 02:15:00;0.0000
2025-02-23 02:30:00;0.0000
2025-02-23 02:45:00;0.0000
2025-02-23 03:00:00;0.0000
2025-02-23 03:15:00;0.0000
2025-02-23 03:30:00;0.0000
2025-02-23 03:45:00;0.0000
2025-02-23 04:00:00;0.0000
2025-02-23 04:15:00;0.0000
2025-02-23 04:30:00;0.0000
2025-02-23 04:45:00;0.0000
2025-02-23 05:00:00;0.0000
2025-02-23 05:15:00;0.0000
2025-02-23 05:30:00;0.0000
2025-02-23 05:45:00;0.0000
2025-02-23 06:00:00;0.0000
2025-02-23 06:15:00;0.0000
2025-02-23 06:30:00;0.0000
2025-02-23 06:45:00;0.0000
2025-02-23 07:00:00;0.0000
2025-02-23 07:15:00;0.0000
2025-02-23 07:30:00;0.0000
2025-02-23 07:45:00;0.0000
2025-02-23 08:00:00;0.0000
2025-02-23 08:15:00;0.9535
2025-02-23 08:30:00;1.8126
2025-02-23 08:45:00;2.6561
2025-02-23 09:00:00;3.4128
2025-02-23 09:15:00;4.2679
2025-02-23 09:30:00;5.0726
2025-02-23 09:45:00;6.0969
2025-02-23 10:00:00;6.3516
2025-02-23 10:15:00;6.9530
2025-02-23 10:30:00;7.4295
2025-02-23 10:45:00;8.3335
2025-02-23 11:00:00;4.0095
2025-02-23 11:15:00;4.1325
2025-02-23 11:30:00;4.4343
2025-02-23 11:45:00;4.8094
2025-02-23 12:00:00;4.3476
2025-02-23 12:15:00;4.3010
2025-02-23 12:30:00;4.2833
2025-02-23 12:45:00;4.4391
2025-02-23 13:00:00;11.2929
2025-02-23 13:15:00;11.8735
2025-02-23 13:30:00;12.0739
2025-02-23 13:45:00;11.6069
2025-02-23 14:00:00;9.4504
2025-02-23 14:15:00;9.3962
2025-02-23 14:30:00;9.4372
2025-02-23 14:45:00;8.7529
2025-02-23 15:00:00;5.1997
2025-02-23 15:15:00;4.9595
2025-02-23 15:30:00;4.8890
2025-02-23 15:45:00;4.5766
2025-02-23 16:00:00;6.7503
2025-02-23 16:15:00;6.3214
2025-02-23 16:30:00;5.3338
2025-02-23 16:45:00;4.3982
2025-02-23 17:00:00;3.1302
2025-02-23 17:15:00;2.2862
2025-02-23 17:30:00;1.5239
2025-02-23 17:45:00;0.8108
2025-02-23 18:00:00;0.0000
2025-02-23 18:15:00;0.0000
2025-02-23 18:30:00;0.0000
2025-02-23 18:45:00;0.0000
2025-02-23 19:00:00;0.0000
2025-02-23 19:15:00;0.0000
2025-02-23 19:30:00;0.0000
2025-02-23 19:45:00;0.0000
2025-02-23 20:00:00;0.0000
2025-02-23 20:15:00;0.0000
2025-02-23 20:30:00;0.0000
2025-02-23 20:45:00;0.0000
2025-02-23 21:00:00;0.0000
2025-02-23 21:15:00;0.0000
2025-02-23 21:30:00;0.0000
2025-02-23 21:45:00;0.0000
2025-02-23 22:00:00;0.0000
2025-02-23 22:15:00;0.0000
2025-02-23 22:30:00;0.0000
2025-02-23 22:45:00;0.0000
2025-02-23 23:00:00;0.0000
2025-02-23 23:15:00;0.0000
2025-02-23 23:30:00;0.0000
2025-02-23 23:45:00;0.0000
2025-02-24 00:00:00;0.0000
2025-02-24 00:15:00;0.0000
2025-02-24 00:30:00;0.0000
2025-02-24 00:45:00;0.0000
2025-02-24 01:00:00;0.0000
2025-02-24 01:15:00;0.0000
2025-02-24 01:30:00;0.0000
2025-02-24 01:45:00;0.0000
2025-02-24 02:00:00;0.0000
2025-02-24 02:15:00;0.0000
2025-02-24 02:30:00;0.0000
2025-02-24 02:45:00;0.0000
2025-02-24 03:00:00;0.0000
2025-02-24 03:15:00;0.0000
2025-02-24 03:30:00;0.0000
2025-02-24 03:45:00;0.0000
2025-02-24 04:00:00;0.0000
2025-02-24 04:15:00;0.0000
2025-02-24 04:30:00;0.0000
2025-02-24 04:45:00;0.0000
2025-02-24 05:00:00;0.0000
2025-02-24 05:15:00;0.0000
2025-02-24 05:30:00;0.0000
2025-02-24 05:45:00;0.0000
2025-02-24 06:00:00;0.0000
2025-02-24 06:15:00;0.0000
2025-02-24 06:30:00;0.0000
2025-02-24 06:45:00;0.0000
2025-02-24 07:00:00;0.0000
2025-02-24 07:15:00;0.0000
2025-02-24 07:30:00;0.0000
2025-02-24 07:45:00;0.0000
2025-02-24 08:00:00;0.0000
2025-02-24 08:15:00;0.1425
2025-02-24 08:30:00;0.2829
2025-02-24 08:45:00;0.4375
2025-02-24 09:00:00;0.5220
2025-02-24 09:15:00;0.6055
2025-02-24 09:30:00;0.7307
2025-02-24 09:45:00;0.8731
2025-02-24 10:00:00;1.0190
2025-02-24 10:15:00;1.1469
2025-02-24 10:30:00;1.2404
2025-02-24 10:45:00;1.3461
2025-02-24 11:00:00;1.3526
2025-02-24 11:15:00;1.3545
2025-02-24 11:30:00;1.4150
2025-02-24 11:45:00;1.4709
2025-02-24 12:00:00;1.7184
2025-02-24 12:15:00;1.6422
2025-02-24 12:30:00;1.6986
2025-02-24 12:45:00;1.7563
2025-02-24 13:00:00;1.5703
2025-02-24 13:15:00;1.5352
2025-02-24 13:30:00;1.5533
2025-02-24 13:45:00;1.5014
2025-02-24 14:00:00;1.6675
2025-02-24 14:15:00;1.7402
2025-02-24 14:30:00;1.6787
2025-02-24 14:45:00;1.5924
2025-02-24 15:00:00;1.3122
2025-02-24 15:15:00;1.3088
2025-02-24 15:30:00;1.1289
2025-02-24 15:45:00;1.1211
2025-02-24 16:00:00;0.9969
2025-02-24 16:15:00;0.9177
2025-02-24 16:30:00;0.8113
2025-02-24 16:45:00;0.6612
2025-02-24 17:00:00;0.5218
2025-02-24 17:15:00;0.3640
2025-02-24 17:30:00;0.2462
2025-02-24 17:45:00;0.1389
2025-02-24 18:00:00;0.0000
2025-02-24 18:15:00;0.0000
2025-02-24 18:30:00;0.0000
2025-02-24 18:45:00;0.0000
2025-02-24 19:00:00;0.0000
2025-02-24 19:15:00;0.0000
2025-02-24 19:30:00;0.0000
2025-02-24 19:45:00;0.0000
2025-02-24 20:00:00;0.0000
2025-02-24 20:15:00;0.0000
2025-02-24 20:30:00;0.0000
2025-02-24 20:45:00;0.0000
2025-02-24 21:00:00;0.0000
2025-02-24 21:15:00;0.0000
2025-02-24 21:30:00;0.0000
2025-02-24 21:45:00;0.0000
2025-02-24 22:00:00;0.0000
2025-02-24 22:15:00;0.0000
2025-02-24 22:30:00;0.0000
2025-02-24 22:45:00;0.0000
2025-02-24 23:00:00;0.0000
2025-02-24 23:15:00;0.0000
2025-02-24 23:30:00;0.0000
2025-02-24 23:45:00;0.0000
2025-02-25 00:00:00;0.0000
2025-02-25 00:15:00;0.0000
2025-02-25 00:30:00;0.0000
2025-02-25 00:45:00;0.0000
2025-02-25 01:00:00;0.0000
2025-02-25 01:15:00;0.0000
2025-02-25 01:30:00;0.0000
2025-02-25 01:45:00;0.0000
2025-02-25 02:00:00;0.0000
2025-02-25 02:15:00;0.0000
2025-02-25 02:30:00;0.0000
2025-02-25 02:45:00;0.0000
2025-02-25 03:00:00;0.0000
2025-02-25 03:15:00;0.0000
2025-02-25 03:30:00;0.0000
2025-02-25 03:45:00;0.0000
2025-02-25 04:00:00;0.0000
2025-02-25 04:15:00;0.0000
2025-02-25 04:30:00;0.0000
2025-02-25 04:45:00;0.0000
2025-02-25 05:00:00;0.0000
2025-02-25 05:15:00;0.0000
2025-02-25 05:30:00;0.0000
2025-02-25 05:45:00;0.0000
2025-02-25 06:00:00;0.0000
2025-02-25 06:15:00;0.0000
2025-02-25 06:30:00;0.0000
2025-02-25 06:45:00;0.0000
2025-02-25 07:00:00;0.0000
2025-02-25 07:15:00;0.0000
2025-02-25 07:30:00;0.0000
2025-02-25 07:45:00;0.0000
2025-02-25 08:00:00;0.0000
2025-02-25 08:15:00;0.1525
2025-02-25 08:30:00;0.2930
2025-02-25 08:45:00;0.4609
2025-02-25 09:00:00;0.4689
2025-02-25 09:15:00;0.6072
2025-02-25 09:30:00;0.6719
2025-02-25 09:45:00;0.8081
2025-02-25 10:00:00;0.9837
2025-02-25 10:15:00;1.1080
2025-02-25 10:30:00;1.2019
2025-02-25 10:45:00;1.3651
2025-02-25 11:00:00;1.3307
2025-02-25 11:15:00;1.3822
2025-02-25 11:30:00;1.4681
2025-02-25 11:45:00;1.6038
2025-02-25 12:00:00;1.4520
2025-02-25 12:15:00;1.4562
2025-02-25 12:30:00;1.6096
2025-02-25 12:45:00;1.5477
2025-02-25 13:00:00;1.7361
2025-02-25 13:15:00;1.7465
2025-02-25 13:30:00;1.7500
2025-02-25 13:45:00;1.6879
2025-02-25 14:00:00;1.5820
2025-02-25 14:15:00;1.4770
2025-02-25 14:30:00;1.4105
2025-02-25 14:45:00;1.3830
2025-02-25 15:00:00;1.4111
2025-02-25 15:15:00;1.3625
2025-02-25 15:30:00;1.2224
2025-02-25 15:45:00;1.0979
2025-02-25 16:00:00;0.9383
2025-02-25 16:15:00;0.8556
2025-02-25 16:30:00;0.6963
2025-02-25 16:45:00;0.5850
2025-02-25 17:00:00;0.4833
2025-02-25 17:15:00;0.3891
2025-02-25 17:30:00;0.2521
2025-02-25 17:45:00;0.1289
2025-02-25 18:00:00;0.0000
2025-02-25 18:15:00;0.0000
2025-02-25 18:30:00;0.0000
2025-02-25 18:45:00;0.0000
2025-02-25 19:00:00;0.0000
2025-02-25 19:15:00;0.0000
2025-02-25 19:30:00;0.0000
2025-02-25 19:45:00;0.0000
2025-02-25 20:00:00;0.0000
2025-02-25 20:15:00;0.0000
2025-02-25 20:30:00;0.0000
2025-02-25 20:45:00;0.0000
2025-02-25 21:00:00;0.0000
2025-02-25 21:15:00;0.0000
2025-02-25 21:30:00;0.0000
2025-02-25 21:45:00;0.0000
2025-02-25 22:00:00;0.0000
2025-02-25 22:15:00;0.0000
2025-02-25 22:30:00;0.0000
2025-02-25 22:45:00;0.0000
2025-02-25 23:00:00;0.0000
2025-02-25 23:15:00;0.0000
2025-02-25 23:30:00;0.0000
2025-02-25 23:45:00;0.0000
2025-02-26 00:00:00;0.0000
2025-02-26 00:15:00;0.0000
2025-02-26 00:30:00;0.0000
2025-02-26 00:45:00;0.0000
2025-02-26 01:00:00;0.0000
2025-02-26 01:15:00;0.0000
2025-02-26 01:30:00;0.0000
2025-02-26 01:45:00;0.0000
2025-02-26 02:00:00;0.0000
2025-02-26 02:15:00;0.0000
2025-02-26 02:30:00;0.0000
2025-02-26 02:45:00;0.0000
2025-02-26 03:00:00;0.0000
2025-02-26 03:15:00;0.0000
2025-02-26 03:30:00;0.0000
2025-02-26 03:45:00;0.0000
2025-02-26 04:00:00;0.0000
2025-02-26 04:15:00;0.0000
2025-02-26 04:30:00;0.0000
2025-02-26 04:45:00;0.0000
2025-02-26 05:00:00;0.0000
2025-02-26 05:15:00;0.0000
2025-02-26 05:30:00;0.0000
2025-02-26 05:45:00;0.0000
2025-02-26 06:00:00;0.0000
2025-02-26 06:15:00;0.0000
2025-02-26 06:30:00;0.0000
2025-02-26 06:45:00;0.0000
2025-02-26 07:00:00;0.0000
2025-02-26 07:15:00;0.0000
2025-02-26 07:30:00;0.0000
2025-02-26 07:45:00;0.0000
2025-02-26 08:00:00;0.0000
2025-02-26 08:15:00;0.8744
2025-02-26 08:30:00;1.7486
2025-02-26 08:45:00;2.5439
2025-02-26 09:00:00;1.3554
2025-02-26 09:15:00;1.7195
2025-02-26 09:30:00;1.8636
2025-02-26 09:45:00;2.3564
2025-02-26 10:00:00;5.6993
2025-02-26 10:15:00;6.3619
2025-02-26 10:30:00;6.8050
2025-02-26 10:45:00;7.2824
2025-02-26 11:00:00;4.2765
2025-02-26 11:15:00;4.8048
2025-02-26 11:30:00;4.9512
2025-02-26 11:45:00;5.2541
2025-02-26 12:00:00;7.2870
2025-02-26 12:15:00;7.4610
2025-02-26 12:30:00;7.3942
2025-02-26 12:45:00;7.1832
2025-02-26 13:00:00;13.3661
2025-02-26 13:15:00;13.1018
2025-02-26 13:30:00;13.2564
2025-02-26 13:45:00;12.8463
2025-02-26 14:00:00;8.0351
2025-02-26 14:15:00;7.7026
2025-02-26 14:30:00;7.8249
2025-02-26 14:45:00;7.0292
2025-02-26 15:00:00;9.5998
2025-02-26 15:15:00;9.1697
2025-02-26 15:30:00;8.2643
2025-02-26 15:45:00;7.4172
2025-02-26 16:00:00;6.3775
2025-02-26 16:15:00;5.9519
2025-02-26 16:30:00;4.8455
2025-02-26 16:45:00;3.9664
2025-02-26 17:00:00;3.7451
2025-02-26 17:15:00;2.8466
2025-02-26 17:30:00;1.8608
2025-02-26 17:45:00;0.9096
2025-02-26 18:00:00;0.0000
2025-02-26 18:15:00;0.0000
2025-02-26 18:30:00;0.0000
2025-02-26 18:45:00;0.0000
2025-02-26 19:00:00;0.0000
2025-02-26 19:15:00;0.0000
2025-02-26 19:30:00;0.0000
2025-02-26 19:45:00;0.0000
2025-02-26 20:00:00;0.0000
2025-02-26 20:15:00;0.0000
2025-02-26 20:30:00;0.0000
2025-02-26 20:45:00;0.0000
2025-02-26 21:00:00;0.0000
2025-02-26 21:15:00;0.0000
2025-02-26 21:30:00;0.0000
2025-02-26 21:45:00;0.0000
2025-02-26 22:00:00;0.0000
2025-02-26 22:15:00;0.0000
2025-02-26 22:30:00;0.0000
2025-02-26 22:45:00;0.0000
2025-02-26 23:00:00;0.0000
2025-02-26 23:15:00;0.0000
2025-02-26 23:30:00;0.0000
2025-02-26 23:45:00;0.0000
2025-02-27 00:00:00;0.0000
2025-02-27 00:15:00;0.0000
2025-02-27 00:30:00;0.0000
2025-02-27 00:45:00;0.0000
2025-02-27 01:00:00;0.0000
2025-02-27 01:15:00;0.0000
2025-02-27 01:30:00;0.0000
2025-02-27 01:45:00;0.0000
2025-02-27 02:00:00;0.0000
2025-02-27 02:15:00;0.0000
2025-02-27 02:30:00;0.0000
2025-02-27 02:45:00;0.0000
2025-02-27 03:00:00;0.0000
2025-02-27 03:15:00;0.0000
2025-02-27 03:30:00;0.0000
2025-02-27 03:45:00;0.0000
2025-02-27 04:00:00;0.0000
2025-02-27 04:15:00;0.0000
2025-02-27 04:30:00;0.0000
2025-02-27 04:45:00;0.0000
2025-02-27 05:00:00;0.0000
2025-02-27 05:15:00;0.0000
2025-02-27 05:30:00;0.0000
2025-02-27 05:45:00;0.0000
2025-02-27 06:00:00;0.0000
2025-02-27 06:15:00;0.0000
2025-02-27 06:30:00;0.0000
2025-02-27 06:45:00;0.0000
2025-02-27 07:00:00;0.0000
2025-02-27 07:15:00;0.0000
2025-02-27 07:30:00;0.0000
2025-02-27 07:45:00;0.0000
2025-02-27 08:00:00;0.0000
2025-02-27 08:15:00;0.3279
2025-02-27 08:30:00;0.6489
2025-02-27 08:45:00;1.0025
2025-02-27 09:00:00;1.2532
2025-02-27 09:15:00;1.4228
2025-02-27 09:30:00;1.7472
2025-02-27 09:45:00;2.0410
2025-02-27 10:00:00;2.8708
2025-02-27 10:15:00;3.0031
2025-02-27 10:30:00;3.3084
2025-02-27 10:45:00;3.7121
2025-02-27 11:00:00;3.8762
2025-02-27 11:15:00;3.8111
2025-02-27 11:30:00;4.2483
2025-02-27 11:45:00;4.3281
2025-02-27 12:00:00;4.3503
2025-02-27 12:15:00;4.6488
2025-02-27 12:30:00;4.6601
2025-02-27 12:45:00;4.2403
2025-02-27 13:00:00;4.3910
2025-02-27 13:15:00;4.5415
2025-02-27 13:30:00;4.5070
2025-02-27 13:45:00;4.3301
2025-02-27 14:00:00;4.1484
2025-02-27 14:15:00;3.9947
2025-02-27 14:30:00;3.7671
2025-02-27 14:45:00;3.8615
2025-02-27 15:00:00;3.0408
2025-02-27 15:15:00;2.9395
2025-02-27 15:30:00;2.7652
2025-02-27 15:45:00;2.6382
2025-02-27 16:00:00;2.4757
2025-02-27 16:15:00;2.2054
2025-02-27 16:30:00;1.7521
2025-02-27 16:45:00;1.4352
2025-02-27 17:00:00;1.3442
2025-02-27 17:15:00;1.0639
2025-02-27 17:30:00;0.6884
2025-02-27 17:45:00;0.3516
2025-02-27 18:00:00;0.0000
2025-02-27 18:15:00;0.0000
2025-02-27 18:30:00;0.0000
2025-02-27 18:45:00;0.0000
2025-02-27 19:00:00;0.0000
2025-02-27 19:15:00;0.0000
2025-02-27 19:30:00;0.0000
2025-02-27 19:45:00;0.0000
2025-02-27 20:00:00;0.0000
2025-02-27 20:15:00;0.0000
2025-02-27 20:30:00;0.0000
2025-02-27 20:45:00;0.0000
2025-02-27 21:00:00;0.0000
2025-02-27 21:15:00;0.0000
2025-02-27 21:30:00;0.0000
2025-02-27 21:45:00;0.0000
2025-02-27 22:00:00;0.0000
2025-02-27 22:15:00;0.0000
2025-02-27 22:30:00;0.0000
2025-02-27 22:45:00;0.0000
2025-02-27 23:00:00;0.0000
2025-02-27 23:15:00;0.0000
2025-02-27 23:30:00;0.0000
2025-02-27 23:45:00;0.0000
2025-02-28 00:00:00;0.0000
2025-02-28 00:15:00;0.0000
2025-02-28 00:30:00;0.0000
2025-02-28 00:45:00;0.0000
2025-02-28 01:00:00;0.0000
2025-02-28 01:15:00;0.0000
2025-02-28 01:30:00;0.0000
2025-02-28 01:45:00;0.0000
2025-02-28 02:00:00;0.0000
2025-02-28 02:15:00;0.0000
2025-02-28 02:30:00;0.0000
2025-02-28 02:45:00;0.0000
2025-02-28 03:00:00;0.0000
2025-02-28 03:15:00;0.0000
2025-02-28 03:30:00;0.0000
2025-02-28 03:45:00;0.0000
2025-02-28 04:00:00;0.0000
2025-02-28 04:15:00;0.0000
2025-02-28 04:30:00;0.0000
2025-02-28 04:45:00;0.0000
2025-02-28 05:00:00;0.0000
2025-02-28 05:15:00;0.0000
2025-02-28 05:30:00;0.0000
2025-02-28 05:45:00;0.0000
2025-02-28 06:00:00;0.0000
2025-02-28 06:15:00;0.0000
2025-02-28 06:30:00;0.0000
2025-02-28 06:45:00;0.0000
2025-02-28 07:00:00;0.0000
2025-02-28 07:15:00;0.0000
2025-02-28 07:30:00;0.0000
2025-02-28 07:45:00;0.0000
2025-02-28 08:00:00;0.0000
2025-02-28 08:15:00;0.9304
2025-02-28 08:30:00;1.8311
2025-02-28 08:45:00;2.7138
2025-02-28 09:00:00;3.9232
2025-02-28 09:15:00;5.0201
2025-02-28 09:30:00;5.7219
2025-02-28 09:45:00;6.7939
2025-02-28 10:00:00;4.9609
2025-02-28 10:15:00;5.7323
2025-02-28 10:30:00;5.9898
2025-02-28 10:45:00;6.5450
2025-02-28 11:00:00;3.7132
2025-02-28 11:15:00;3.6137
2025-02-28 11:30:00;3.9562
2025-02-28 11:45:00;4.0734
2025-02-28 12:00:00;7.1428
2025-02-28 12:15:00;7.1143
2025-02-28 12:30:00;7.5954
2025-02-28 12:45:00;7.5718
2025-02-28 13:00:00;6.7662
2025-02-28 13:15:00;6.4944
2025-02-28 13:30:00;6.8289
2025-02-28 13:45:00;6.6160
2025-02-28 14:00:00;5.1485
2025-02-28 14:15:00;5.2773
2025-02-28 14:30:00;4.7980
2025-02-28 14:45:00;4.7180
2025-02-28 15:00:00;8.8517
2025-02-28 15:15:00;8.2284
2025-02-28 15:30:00;7.8481
2025-02-28 15:45:00;7.6099
2025-02-28 16:00:00;5.9699
2025-02-28 16:15:00;5.6279
2025-02-28 16:30:00;4.8853
2025-02-28 16:45:00;4.0284
2025-02-28 17:00:00;3.2392
2025-02-28 17:15:00;2.4645
2025-02-28 17:30:00;1.6749
2025-02-28 17:45:00;0.8443
2025-02-28 18:00:00;0.0000
2025-02-28 18:15:00;0.0000
2025-02-28 18:30:00;0.0000
2025-02-28 18:45:00;0.0000
2025-02-28 19:00:00;0.0000
2025-02-28 19:15:00;0.0000
2025-02-28 19:30:00;0.0000
2025-02-28 19:45:00;0.0000
2025-02-28 20:00:00;0.0000
2025-02-28 20:15:00;0.0000
2025-02-28 20:30:00;0.0000
2025-02-28 20:45:00;0.0000
2025-02-28 21:00:00;0.0000
2025-02-28 21:15:00;0.0000
2025-02-28 21:30:00;0.0000
2025-02-28 21:45:00;0.0000
2025-02-28 22:00:00;0.0000
2025-02-28 22:15:00;0.0000
2025-02-28 22:30:00;0.0000
2025-02-28 22:45:00;0.0000
2025-02-28 23:00:00;0.0000
2025-02-28 23:15:00;0.0000
2025-02-28 23:30:00;0.0000
2025-02-28 23:45:00;0.0000
2025-03-01 00:00:00;0.0000
2025-03-01 00:15:00;0.0000
2025-03-01 00:30:00;0.0000
2025-03-01 00:45:00;0.0000
2025-03-01 01:00:00;0.0000
2025-03-01 01:15:00;0.0000
2025-03-01 01:30:00;0.0000
2025-03-01 01:45:00;0.0000
2025-03-01 02:00:00;0.0000
2025-03-01 02:15:00;0.0000
2025-03-01 02:30:00;0.0000
2025-03-01 02:45:00;0.0000
2025-03-01 03:00:00;0.0000
2025-03-01 03:15:00;0.0000
2025-03-01 03:30:00;0.0000
2025-03-01 03:45:00;0.0000
2025-03-01 04:00:00;0.0000
2025-03-01 04:15:00;0.0000
2025-03-01 04:30:00;0.0000
2025-03-01 04:45:00;0.0000
2025-03-01 05:00:00;0.0000
2025-03-01 05:15:00;0.0000
2025-03-01 05:30:00;0.0000
2025-03-01 05:45:00;0.0000
2025-03-01 06:00:00;0.0000
2025-03-01 06:15:00;0.0000
2025-03-01 06:30:00;0.0000
2025-03-01 06:45:00;0.0000
2025-03-01 07:00:00;0.0000
2025-03-01 07:15:00;0.4641
2025-03-01 07:30:00;0.9333
2025-03-01 07:45:00;1.4493
2025-03-01 08:00:00;2.0879
2025-03-01 08:15:00;2.6532
2025-03-01 08:30:00;2.9207
2025-03-01 08:45:00;3.6756
2025-03-01 09:00:00;3.6019
2025-03-01 09:15:00;4.3301
2025-03-01 09:30:00;4.7710
2025-03-01 09:45:00;4.9429
2025-03-01 10:00:00;5.5953
2025-03-01 10:15:00;6.0726
2025-03-01 10:30:00;6.6560
2025-03-01 10:45:00;6.7520
2025-03-01 11:00:00;6.8112
2025-03-01 11:15:00;7.5394
2025-03-01 11:30:00;7.6646
2025-03-01 11:45:00;8.1704
2025-03-01 12:00:00;7.4432
2025-03-01 12:15:00;7.6622
2025-03-01 12:30:00;7.7265
2025-03-01 12:45:00;7.7705
2025-03-01 13:00:00;7.9896
2025-03-01 13:15:00;7.4186
2025-03-01 13:30:00;7.8016
2025-03-01 13:45:00;7.9822
2025-03-01 14:00:00;7.5133
2025-03-01 14:15:00;7.1373
2025-03-01 14:30:00;7.1709
2025-03-01 14:45:00;6.8845
2025-03-01 15:00:00;7.0358
2025-03-01 15:15:00;6.6004
2025-03-01 15:30:00;6.2259
2025-03-01 15:45:00;5.9029
2025-03-01 16:00:00;5.4202
2025-03-01 16:15:00;5.0759
2025-03-01 16:30:00;4.5843
2025-03-01 16:45:00;4.2514
2025-03-01 17:00:00;3.6023
2025-03-01 17:15:00;3.1672
2025-03-01 17:30:00;2.6884
2025-03-01 17:45:00;2.2343
2025-03-01 18:00:00;1.8011
2025-03-01 18:15:00;1.3842
2025-03-01 18:30:00;0.9176
2025-03-01 18:45:00;0.4645
2025-03-01 19:00:00;0.0000
2025-03-01 19:15:00;0.0000
2025-03-01 19:30:00;0.0000
2025-03-01 19:45:00;0.0000
2025-03-01 20:00:00;0.0000
2025-03-01 20:15:00;0.0000
2025-03-01 20:30:00;0.0000
2025-03-01 20:45:00;0.0000
2025-03-01 21:00:00;0.0000
2025-03-01 21:15:00;0.0000
2025-03-01 21:30:00;0.0000
2025-03-01 21:45:00;0.0000
2025-03-01 22:00:00;0.0000
2025-03-01 22:15:00;0.0000
2025-03-01 22:30:00;0.0000
2025-03-01 22:45:00;0.0000
2025-03-01 23:00:00;0.0000
2025-03-01 23:15:00;0.0000
2025-03-01 23:30:00;0.0000
2025-03-01 23:45:00;0.0000
2025-03-02 00:00:00;0.0000
2025-03-02 00:15:00;0.0000
2025-03-02 00:30:00;0.0000
2025-03-02 00:45:00;0.0000
2025-03-02 01:00:00;0.0000
2025-03-02 01:15:00;0.0000
2025-03-02 01:30:00;0.0000
2025-03-02 01:45:00;0.0000
2025-03-02 02:00:00;0.0000
2025-03-02 02:15:00;0.0000
2025-03-02 02:30:00;0.0000
2025-03-02 02:45:00;0.0000
2025-03-02 03:00:00;0.0000
2025-03-02 03:15:00;0.0000
2025-03-02 03:30:00;0.0000
2025-03-02 03:45:00;0.0000
2025-03-02 04:00:00;0.0000
2025-03-02 04:15:00;0.0000
2025-03-02 04:30:00;0.0000
2025-03-02 04:45:00;0.0000
2025-03-02 05:00:00;0.0000
2025-03-02 05:15:00;0.0000
2025-03-02 05:30:00;0.0000
2025-03-02 05:45:00;0.0000
2025-03-02 06:00:00;0.0000
2025-03-02 06:15:00;0.0000
2025-03-02 06:30:00;0.0000
2025-03-02 06:45:00;0.0000
2025-03-02 07:00:00;0.0000
2025-03-02 07:15:00;1.1657
2025-03-02 07:30:00;2.3478
2025-03-02 07:45:00;3.5286
2025-03-02 08:00:00;2.0573
2025-03-02 08:15:00;2.3682
2025-03-02 08:30:00;2.9924
2025-03-02 08:45:00;3.6970
2025-03-02 09:00:00;9.4938
2025-03-02 09:15:00;10.1982
2025-03-02 09:30:00;10.7453
2025-03-02 09:45:00;12.1178
2025-03-02 10:00:00;14.3005
2025-03-02 10:15:00;14.7033
2025-03-02 10:30:00;16.5041
2025-03-02 10:45:00;17.2643
2025-03-02 11:00:00;18.7186
2025-03-02 11:15:00;17.9530
2025-03-02 11:30:00;19.8491
2025-03-02 11:45:00;20.6026
2025-03-02 12:00:00;20.8094
2025-03-02 12:15:00;20.6937
2025-03-02 12:30:00;20.8986
2025-03-02 12:45:00;20.1199
2025-03-02 13:00:00;18.6989
2025-03-02 13:15:00;20.3966
2025-03-02 13:30:00;19.3567
2025-03-02 13:45:00;18.1809
2025-03-02 14:00:00;10.5366
2025-03-02 14:15:00;10.2903
2025-03-02 14:30:00;10.9911
2025-03-02 14:45:00;9.8713
2025-03-02 15:00:00;10.6931
2025-03-02 15:15:00;10.8507
2025-03-02 15:30:00;10.6075
2025-03-02 15:45:00;9.5864
2025-03-02 16:00:00;9.5969
2025-03-02 16:15:00;9.9906
2025-03-02 16:30:00;8.8384
2025-03-02 16:45:00;7.7609
2025-03-02 17:00:00;10.6347
2025-03-02 17:15:00;9.4999
2025-03-02 17:30:00;8.1104
2025-03-02 17:45:00;6.9993
2025-03-02 18:00:00;4.1956
2025-03-02 18:15:00;3.1206
2025-03-02 18:30:00;2.1322
2025-03-02 18:45:00;1.0888
2025-03-02 19:00:00;0.0000
2025-03-02 19:15:00;0.0000
2025-03-02 19:30:00;0.0000
2025-03-02 19:45:00;0.0000
2025-03-02 20:00:00;0.0000
2025-03-02 20:15:00;0.0000
2025-03-02 20:30:00;0.0000
2025-03-02 20:45:00;0.0000
2025-03-02 21:00:00;0.0000
2025-03-02 21:15:00;0.0000
2025-03-02 21:30:00;0.0000
2025-03-02 21:45:00;0.0000
2025-03-02 22:00:00;0.0000
2025-03-02 22:15:00;0.0000
2025-03-02 22:30:00;0.0000
2025-03-02 22:45:00;0.0000
2025-03-02 23:00:00;0.0000
2025-03-02 23:15:00;0.0000
2025-03-02 23:30:00;0.0000
2025-03-02 23:45:00;0.0000
2025-03-03 00:00:00;0.0000
2025-03-03 00:15:00;0.0000
2025-03-03 00:30:00;0.0000
2025-03-03 00:45:00;0.0000
2025-03-03 01:00:00;0.0000
2025-03-03 01:15:00;0.0000
2025-03-03 01:30:00;0.0000
2025-03-03 01:45:00;0.0000
2025-03-03 02:00:00;0.0000
2025-03-03 02:15:00;0.0000
2025-03-03 02:30:00;0.0000
2025-03-03 02:45:00;0.0000
2025-03-03 03:00:00;0.0000
2025-03-03 03:15:00;0.0000
2025-03-03 03:30:00;0.0000
2025-03-03 03:45:00;0.0000
2025-03-03 04:00:00;0.0000
2025-03-03 04:15:00;0.0000
2025-03-03 04:30:00;0.0000
2025-03-03 04:45:00;0.0000
2025-03-03 05:00:00;0.0000
2025-03-03 05:15:00;0.0000
2025-03-03 05:30:00;0.0000
2025-03-03 05:45:00;0.0000
2025-03-03 06:00:00;0.0000
2025-03-03 06:15:00;0.0000
2025-03-03 06:30:00;0.0000
2025-03-03 06:45:00;0.0000
2025-03-03 07:00:00;0.0000
2025-03-03 07:15:00;0.2072
2025-03-03 07:30:00;0.3926
2025-03-03 07:45:00;0.6257
2025-03-03 08:00:00;0.8548
2025-03-03 08:15:00;1.1015
2025-03-03 08:30:00;1.2175
2025-03-03 08:45:00;1.4850
2025-03-03 09:00:00;1.5383
2025-03-03 09:15:00;1.7417
2025-03-03 09:30:00;1.9424
2025-03-03 09:45:00;2.0344
2025-03-03 10:00:00;2.0454
2025-03-03 10:15:00;2.3393
2025-03-03 10:30:00;2.3038
2025-03-03 10:45:00;2.4645
2025-03-03 11:00:00;2.9622
2025-03-03 11:15:00;3.1017
2025-03-03 11:30:00;3.1177
2025-03-03 11:45:00;3.2386
2025-03-03 12:00:00;3.3163
2025-03-03 12:15:00;3.3730
2025-03-03 12:30:00;3.3391
2025-03-03 12:45:00;3.5837
2025-03-03 13:00:00;3.3920
2025-03-03 13:15:00;3.1530
2025-03-03 13:30:00;3.4117
2025-03-03 13:45:00;3.4291
2025-03-03 14:00:00;2.7753
2025-03-03 14:15:00;2.8115
2025-03-03 14:30:00;2.7654
2025-03-03 14:45:00;2.7522
2025-03-03 15:00:00;3.0226
2025-03-03 15:15:00;2.8408
2025-03-03 15:30:00;2.6551
2025-03-03 15:45:00;2.4944
2025-03-03 16:00:00;2.0206
2025-03-03 16:15:00;1.9474
2025-03-03 16:30:00;1.7279
2025-03-03 16:45:00;1.5673
2025-03-03 17:00:00;1.9288
2025-03-03 17:15:00;1.7141
2025-03-03 17:30:00;1.4494
2025-03-03 17:45:00;1.2216
2025-03-03 18:00:00;0.7694
2025-03-03 18:15:00;0.5655
2025-03-03 18:30:00;0.3862
2025-03-03 18:45:00;0.2012
2025-03-03 19:00:00;0.0000
2025-03-03 19:15:00;0.0000
2025-03-03 19:30:00;0.0000
2025-03-03 19:45:00;0.0000
2025-03-03 20:00:00;0.0000
2025-03-03 20:15:00;0.0000
2025-03-03 20:30:00;0.0000
2025-03-03 20:45:00;0.0000
2025-03-03 21:00:00;0.0000
2025-03-03 21:15:00;0.0000
2025-03-03 21:30:00;0.0000
2025-03-03 21:45:00;0.0000
2025-03-03 22:00:00;0.0000
2025-03-03 22:15:00;0.0000
2025-03-03 22:30:00;0.0000
2025-03-03 22:45:00;0.0000
2025-03-03 23:00:00;0.0000
2025-03-03 23:15:00;0.0000
2025-03-03 23:30:00;0.0000
2025-03-03 23:45:00;0.0000
2025-03-04 00:00:00;0.0000
2025-03-04 00:15:00;0.0000
2025-03-04 00:30:00;0.0000
2025-03-04 00:45:00;0.0000
2025-03-04 01:00:00;0.0000
2025-03-04 01:15:00;0.0000
2025-03-04 01:30:00;0.0000
2025-03-04 01:45:00;0.0000
2025-03-04 02:00:00;0.0000
2025-03-04 02:15:00;0.0000
2025-03-04 02:30:00;0.0000
2025-03-04 02:45:00;0.0000
2025-03-04 03:00:00;0.0000
2025-03-04 03:15:00;0.0000
2025-03-04 03:30:00;0.0000
2025-03-04 03:45:00;0.0000
2025-03-04 04:00:00;0.0000
2025-03-04 04:15:00;0.0000
2025-03-04 04:30:00;0.0000
2025-03-04 04:45:00;0.0000
2025-03-04 05:00:00;0.0000
2025-03-04 05:15:00;0.0000
2025-03-04 05:30:00;0.0000
2025-03-04 05:45:00;0.0000
2025-03-04 06:00:00;0.0000
2025-03-04 06:15:00;0.0000
2025-03-04 06:30:00;0.0000
2025-03-04 06:45:00;0.0000
2025-03-04 07:00:00;0.0000
2025-03-04 07:15:00;1.0334
2025-03-04 07:30:00;2.1792
2025-03-04 07:45:00;3.0813
2025-03-04 08:00:00;4.2835
2025-03-04 08:15:00;5.4432
2025-03-04 08:30:00;6.5658
2025-03-04 08:45:00;7.4766
2025-03-04 09:00:00;4.8264
2025-03-04 09:15:00;5.5092
2025-03-04 09:30:00;6.1058
2025-03-04 09:45:00;6.8170
2025-03-04 10:00:00;13.5138
2025-03-04 10:15:00;14.9402
2025-03-04 10:30:00;15.8261
2025-03-04 10:45:00;17.1741
2025-03-04 11:00:00;8.2678
2025-03-04 11:15:00;8.8633
2025-03-04 11:30:00;9.3743
2025-03-04 11:45:00;9.8272
2025-03-04 12:00:00;18.3332
2025-03-04 12:15:00;19.1795
2025-03-04 12:30:00;20.4475
2025-03-04 12:45:00;19.3583
2025-03-04 13:00:00;23.2481
2025-03-04 13:15:00;21.6671
2025-03-04 13:30:00;23.0852
2025-03-04 13:45:00;21.5043
2025-03-04 14:00:00;19.9539
2025-03-04 14:15:00;20.2695
2025-03-04 14:30:00;19.1990
2025-03-04 14:45:00;18.3560
2025-03-04 15:00:00;19.6124
2025-03-04 15:15:00;19.3442
2025-03-04 15:30:00;18.4144
2025-03-04 15:45:00;17.4440
2025-03-04 16:00:00;15.1149
2025-03-04 16:15:00;13.7500
2025-03-04 16:30:00;12.7922
2025-03-04 16:45:00;11.8333
2025-03-04 17:00:00;9.4295
2025-03-04 17:15:00;8.2614
2025-03-04 17:30:00;7.5279
2025-03-04 17:45:00;6.1501
2025-03-04 18:00:00;5.5998
2025-03-04 18:15:00;4.5525
2025-03-04 18:30:00;3.0190
2025-03-04 18:45:00;1.4898
2025-03-04 19:00:00;0.0000
2025-03-04 19:15:00;0.0000
2025-03-04 19:30:00;0.0000
2025-03-04 19:45:00;0.0000
2025-03-04 20:00:00;0.0000
2025-03-04 20:15:00;0.0000
2025-03-04 20:30:00;0.0000
2025-03-04 20:45:00;0.0000
2025-03-04 21:00:00;0.0000
2025-03-04 21:15:00;0.0000
2025-03-04 21:30:00;0.0000
2025-03-04 21:45:00;0.0000
2025-03-04 22:00:00;0.0000
2025-03-04 22:15:00;0.0000
2025-03-04 22:30:00;0.0000
2025-03-04 22:45:00;0.0000
2025-03-04 23:00:00;0.0000
2025-03-04 23:15:00;0.0000
2025-03-04 23:30:00;0.0000
2025-03-04 23:45:00;0.0000
2025-03-05 00:00:00;0.0000
2025-03-05 00:15:00;0.0000
2025-03-05 00:30:00;0.0000
2025-03-05 00:45:00;0.0000
2025-03-05 01:00:00;0.0000
2025-03-05 01:15:00;0.0000
2025-03-05 01:30:00;0.0000
2025-03-05 01:45:00;0.0000
2025-03-05 02:00:00;0.0000
2025-03-05 02:15:00;0.0000
2025-03-05 02:30:00;0.0000
2025-03-05 02:45:00;0.0000
2025-03-05 03:00:00;0.0000
2025-03-05 03:15:00;0.0000
2025-03-05 03:30:00;0.0000
2025-03-05 03:45:00;0.0000
2025-03-05 04:00:00;0.0000
2025-03-05 04:15:00;0.0000
2025-03-05 04:30:00;0.0000
2025-03-05 04:45:00;0.0000
2025-03-05 05:00:00;0.0000
2025-03-05 05:15:00;0.0000
2025-03-05 05:30:00;0.0000
2025-03-05 05:45:00;0.0000
2025-03-05 06:00:00;0.0000
2025-03-05 06:15:00;0.0000
2025-03-05 06:30:00;0.0000
2025-03-05 06:45:00;0.0000
2025-03-05 07:00:00;0.0000
2025-03-05 07:15:00;1.4229
2025-03-05 07:30:00;2.9289
2025-03-05 07:45:00;4.4477
2025-03-05 08:00:00;5.4792
2025-03-05 08:15:00;7.3186
2025-03-05 08:30:00;8.8652
2025-03-05 08:45:00;9.0150
2025-03-05 09:00:00;9.0243
2025-03-05 09:15:00;9.6252
2025-03-05 09:30:00;10.6030
2025-03-05 09:45:00;11.7971
2025-03-05 10:00:00;14.4088
2025-03-05 10:15:00;15.2254
2025-03-05 10:30:00;16.3421
2025-03-05 10:45:00;17.4105
2025-03-05 11:00:00;6.5194
2025-03-05 11:15:00;7.5444
2025-03-05 11:30:00;7.3715
2025-03-05 11:45:00;7.9614
2025-03-05 12:00:00;20.8677
2025-03-05 12:15:00;22.1998
2025-03-05 12:30:00;20.5223
2025-03-05 12:45:00;21.6912
2025-03-05 13:00:00;10.9296
2025-03-05 13:15:00;10.1428
2025-03-05 13:30:00;10.1428
2025-03-05 13:45:00;10.4118
2025-03-05 14:00:00;19.9578
2025-03-05 14:15:00;19.4089
2025-03-05 14:30:00;19.1530
2025-03-05 14:45:00;17.5189
2025-03-05 15:00:00;17.6440
2025-03-05 15:15:00;19.2891
2025-03-05 15:30:00;18.3627
2025-03-05 15:45:00;17.5148
2025-03-05 16:00:00;8.8030
2025-03-05 16:15:00;7.7949
2025-03-05 16:30:00;7.4928
2025-03-05 16:45:00;6.7962
2025-03-05 17:00:00;6.3791
2025-03-05 17:15:00;5.6068
2025-03-05 17:30:00;4.9453
2025-03-05 17:45:00;4.1541
2025-03-05 18:00:00;5.8313
2025-03-05 18:15:00;4.3300
2025-03-05 18:30:00;2.9439
2025-03-05 18:45:00;1.4964
2025-03-05 19:00:00;0.0000
2025-03-05 19:15:00;0.0000
2025-03-05 19:30:00;0.0000
2025-03-05 19:45:00;0.0000
2025-03-05 20:00:00;0.0000
2025-03-05 20:15:00;0.0000
2025-03-05 20:30:00;0.0000
2025-03-05 20:45:00;0.0000
2025-03-05 21:00:00;0.0000
2025-03-05 21:15:00;0.0000
2025-03-05 21:30:00;0.0000
2025-03-05 21:45:00;0.0000
2025-03-05 22:00:00;0.0000
2025-03-05 22:15:00;0.0000
2025-03-05 22:30:00;0.0000
2025-03-05 22:45:00;0.0000
2025-03-05 23:00:00;0.0000
2025-03-05 23:15:00;0.0000
2025-03-05 23:30:00;0.0000
2025-03-05 23:45:00;0.0000
2025-03-06 00:00:00;0.0000
2025-03-06 00:15:00;0.0000
2025-03-06 00:30:00;0.0000
2025-03-06 00:45:00;0.0000
2025-03-06 01:00:00;0.0000
2025-03-06 01:15:00;0.0000
2025-03-06 01:30:00;0.0000
2025-03-06 01:45:00;0.0000
2025-03-06 02:00:00;0.0000
2025-03-06 02:15:00;0.0000
2025-03-06 02:30:00;0.0000
2025-03-06 02:45:00;0.0000
2025-03-06 03:00:00;0.0000
2025-03-06 03:15:00;0.0000
2025-03-06 03:30:00;0.0000
2025-03-06 03:45:00;0.0000
2025-03-06 04:00:00;0.0000
2025-03-06 04:15:00;0.0000
2025-03-06 04:30:00;0.0000
2025-03-06 04:45:00;0.0000
2025-03-06 05:00:00;0.0000
2025-03-06 05:15:00;0.0000
2025-03-06 05:30:00;0.0000
2025-03-06 05:45:00;0.0000
2025-03-06 06:00:00;0.0000
2025-03-06 06:15:00;0.0000
2025-03-06 06:30:00;0.0000
2025-03-06 06:45:00;0.0000
2025-03-06 07:00:00;0.0000
2025-03-06 07:15:00;0.2291
2025-03-06 07:30:00;0.4504
2025-03-06 07:45:00;0.6839
2025-03-06 08:00:00;0.7623
2025-03-06 08:15:00;0.9052
2025-03-06 08:30:00;1.0772
2025-03-06 08:45:00;1.1930
2025-03-06 09:00:00;1.6240
2025-03-06 09:15:00;1.7954
2025-03-06 09:30:00;2.0061
2025-03-06 09:45:00;2.1548
2025-03-06 10:00:00;2.3170
2025-03-06 10:15:00;2.4023
2025-03-06 10:30:00;2.5167
2025-03-06 10:45:00;2.6969
2025-03-06 11:00:00;2.6545
2025-03-06 11:15:00;2.5541
2025-03-06 11:30:00;2.5906
2025-03-06 11:45:00;2.4997
2025-03-06 12:00:00;2.9962
2025-03-06 12:15:00;3.0500
2025-03-06 12:30:00;3.2132
2025-03-06 12:45:00;3.1755
2025-03-06 13:00:00;2.9923
2025-03-06 13:15:00;3.1405
2025-03-06 13:30:00;3.1419
2025-03-06 13:45:00;2.8653
2025-03-06 14:00:00;3.0249
2025-03-06 14:15:00;3.3560
2025-03-06 14:30:00;3.1509
2025-03-06 14:45:00;2.9163
2025-03-06 15:00:00;3.0736
2025-03-06 15:15:00;3.1120
2025-03-06 15:30:00;2.8215
2025-03-06 15:45:00;2.6754
2025-03-06 16:00:00;2.1317
2025-03-06 16:15:00;1.7823
2025-03-06 16:30:00;1.7226
2025-03-06 16:45:00;1.5291
2025-03-06 17:00:00;1.6536
2025-03-06 17:15:00;1.4319
2025-03-06 17:30:00;1.2448
2025-03-06 17:45:00;1.0609
2025-03-06 18:00:00;0.7967
2025-03-06 18:15:00;0.5628
2025-03-06 18:30:00;0.3784
2025-03-06 18:45:00;0.1984
2025-03-06 19:00:00;0.0000
2025-03-06 19:15:00;0.0000
2025-03-06 19:30:00;0.0000
2025-03-06 19:45:00;0.0000
2025-03-06 20:00:00;0.0000
2025-03-06 20:15:00;0.0000
2025-03-06 20:30:00;0.0000
2025-03-06 20:45:00;0.0000
2025-03-06 21:00:00;0.0000
2025-03-06 21:15:00;0.0000
2025-03-06 21:30:00;0.0000
2025-03-06 21:45:00;0.0000
2025-03-06 22:00:00;0.0000
2025-03-06 22:15:00;0.0000
2025-03-06 22:30:00;0.0000
2025-03-06 22:45:00;0.0000
2025-03-06 23:00:00;0.0000
2025-03-06 23:15:00;0.0000
2025-03-06 23:30:00;0.0000
2025-03-06 23:45:00;0.0000
2025-03-07 00:00:00;0.0000
2025-03-07 00:15:00;0.0000
2025-03-07 00:30:00;0.0000
2025-03-07 00:45:00;0.0000
2025-03-07 01:00:00;0.0000
2025-03-07 01:15:00;0.0000
2025-03-07 01:30:00;0.0000
2025-03-07 01:45:00;0.0000
2025-03-07 02:00:00;0.0000
2025-03-07 02:15:00;0.0000
2025-03-07 02:30:00;0.0000
2025-03-07 02:45:00;0.0000
2025-03-07 03:00:00;0.0000
2025-03-07 03:15:00;0.0000
2025-03-07 03:30:00;0.0000
2025-03-07 03:45:00;0.0000
2025-03-07 04:00:00;0.0000
2025-03-07 04:15:00;0.0000
2025-03-07 04:30:00;0.0000
2025-03-07 04:45:00;0.0000
2025-03-07 05:00:00;0.0000
2025-03-07 05:15:00;0.0000
2025-03-07 05:30:00;0.0000
2025-03-07 05:45:00;0.0000
2025-03-07 06:00:00;0.0000
2025-03-07 06:15:00;0.0000
2025-03-07 06:30:00;0.0000
2025-03-07 06:45:00;0.0000
2025-03-07 07:00:00;0.0000
2025-03-07 07:15:00;0.2033
2025-03-07 07:30:00;0.4261
2025-03-07 07:45:00;0.6228
2025-03-07 08:00:00;0.8810
2025-03-07 08:15:00;1.0735
2025-03-07 08:30:00;1.3072
2025-03-07 08:45:00;1.5151
2025-03-07 09:00:00;1.4237
2025-03-07 09:15:00;1.5908
2025-03-07 09:30:00;1.6903
2025-03-07 09:45:00;1.7957
2025-03-07 10:00:00;2.2460
2025-03-07 10:15:00;2.2553
2025-03-07 10:30:00;2.3664
2025-03-07 10:45:00;2.5810
2025-03-07 11:00:00;2.0390
2025-03-07 11:15:00;2.2518
2025-03-07 11:30:00;2.1889
2025-03-07 11:45:00;2.3846
2025-03-07 12:00:00;3.4867
2025-03-07 12:15:00;3.5924
2025-03-07 12:30:00;3.5714
2025-03-07 12:45:00;3.7981
2025-03-07 13:00:00;2.7118
2025-03-07 13:15:00;2.7526
2025-03-07 13:30:00;2.6275
2025-03-07 13:45:00;2.7599
2025-03-07 14:00:00;2.8816
2025-03-07 14:15:00;2.9746
2025-03-07 14:30:00;2.6952
2025-03-07 14:45:00;2.7387
2025-03-07 15:00:00;2.5654
2025-03-07 15:15:00;2.4467
2025-03-07 15:30:00;2.2487
2025-03-07 15:45:00;2.0546
2025-03-07 16:00:00;2.2921
2025-03-07 16:15:00;2.1167
2025-03-07 16:30:00;2.0531
2025-03-07 16:45:00;1.8138
2025-03-07 17:00:00;1.6872
2025-03-07 17:15:00;1.5008
2025-03-07 17:30:00;1.3408
2025-03-07 17:45:00;1.1186
2025-03-07 18:00:00;0.7895
2025-03-07 18:15:00;0.5980
2025-03-07 18:30:00;0.4006
2025-03-07 18:45:00;0.2071
2025-03-07 19:00:00;0.0000
2025-03-07 19:15:00;0.0000
2025-03-07 19:30:00;0.0000
2025-03-07 19:45:00;0.0000
2025-03-07 20:00:00;0.0000
2025-03-07 20:15:00;0.0000
2025-03-07 20:30:00;0.0000
2025-03-07 20:45:00;0.0000
2025-03-07 21:00:00;0.0000
2025-03-07 21:15:00;0.0000
2025-03-07 21:30:00;0.0000
2025-03-07 21:45:00;0.0000
2025-03-07 22:00:00;0.0000
2025-03-07 22:15:00;0.0000
2025-03-07 22:30:00;0.0000
2025-03-07 22:45:00;0.0000
2025-03-07 23:00:00;0.0000
2025-03-07 23:15:00;0.0000
2025-03-07 23:30:00;0.0000
2025-03-07 23:45:00;0.0000
2025-03-08 00:00:00;0.0000
2025-03-08 00:15:00;0.0000
2025-03-08 00:30:00;0.0000
2025-03-08 00:45:00;0.0000
2025-03-08 01:00:00;0.0000
2025-03-08 01:15:00;0.0000
2025-03-08 01:30:00;0.0000
2025-03-08 01:45:00;0.0000
2025-03-08 02:00:00;0.0000
2025-03-08 02:15:00;0.0000
2025-03-08 02:30:00;0.0000
2025-03-08 02:45:00;0.0000
2025-03-08 03:00:00;0.0000
2025-03-08 03:15:00;0.0000
2025-03-08 03:30:00;0.0000
2025-03-08 03:45:00;0.0000
2025-03-08 04:00:00;0.0000
2025-03-08 04:15:00;0.0000
2025-03-08 04:30:00;0.0000
2025-03-08 04:45:00;0.0000
2025-03-08 05:00:00;0.0000
2025-03-08 05:15:00;0.0000
2025-03-08 05:30:00;0.0000
2025-03-08 05:45:00;0.0000
2025-03-08 06:00:00;0.0000
2025-03-08 06:15:00;0.0000
2025-03-08 06:30:00;0.0000
2025-03-08 06:45:00;0.0000
2025-03-08 07:00:00;0.0000
2025-03-08 07:15:00;1.3123
2025-03-08 07:30:00;2.5347
2025-03-08 07:45:00;3.9021
2025-03-08 08:00:00;3.6898
2025-03-08 08:15:00;4.6781
2025-03-08 08:30:00;5.3819
2025-03-08 08:45:00;6.2788
2025-03-08 09:00:00;10.2505
2025-03-08 09:15:00;11.9184
2025-03-08 09:30:00;12.0808
2025-03-08 09:45:00;13.7836
2025-03-08 10:00:00;13.4035
2025-03-08 10:15:00;14.2875
2025-03-08 10:30:00;15.0502
2025-03-08 10:45:00;15.6052
2025-03-08 11:00:00;12.3921
2025-03-08 11:15:00;14.5908
2025-03-08 11:30:00;13.9568
2025-03-08 11:45:00;13.4945
2025-03-08 12:00:00;14.4327
2025-03-08 12:15:00;14.5074
2025-03-08 12:30:00;14.8795
2025-03-08 12:45:00;14.9152
2025-03-08 13:00:00;22.8415
2025-03-08 13:15:00;23.1431
2025-03-08 13:30:00;23.1224
2025-03-08 13:45:00;21.9039
2025-03-08 14:00:00;18.3946
2025-03-08 14:15:00;18.7830
2025-03-08 14:30:00;18.2869
2025-03-08 14:45:00;16.8330
2025-03-08 15:00:00;15.7533
2025-03-08 15:15:00;16.7903
2025-03-08 15:30:00;15.8786
2025-03-08 15:45:00;14.4706
2025-03-08 16:00:00;15.5284
2025-03-08 16:15:00;14.5435
2025-03-08 16:30:00;13.0894
2025-03-08 16:45:00;11.7415
2025-03-08 17:00:00;9.6618
2025-03-08 17:15:00;8.7326
2025-03-08 17:30:00;7.2271
2025-03-08 17:45:00;6.3584
2025-03-08 18:00:00;5.2418
2025-03-08 18:15:00;4.0481
2025-03-08 18:30:00;2.7579
2025-03-08 18:45:00;1.3733
2025-03-08 19:00:00;0.0000
2025-03-08 19:15:00;0.0000
2025-03-08 19:30:00;0.0000
2025-03-08 19:45:00;0.0000
2025-03-08 20:00:00;0.0000
2025-03-08 20:15:00;0.0000
2025-03-08 20:30:00;0.0000
2025-03-08 20:45:00;0.0000
2025-03-08 21:00:00;0.0000
2025-03-08 21:15:00;0.0000
2025-03-08 21:30:00;0.0000
2025-03-08 21:45:00;0.0000
2025-03-08 22:00:00;0.0000
2025-03-08 22:15:00;0.0000
2025-03-08 22:30:00;0.0000
2025-03-08 22:45:00;0.0000
2025-03-08 23:00:00;0.0000
2025-03-08 23:15:00;0.0000
2025-03-08 23:30:00;0.0000
2025-03-08 23:45:00;0.0000
2025-03-09 00:00:00;0.0000
2025-03-09 00:15:00;0.0000
2025-03-09 00:30:00;0.0000
2025-03-09 00:45:00;0.0000
2025-03-09 01:00:00;0.0000
2025-03-09 01:15:00;0.0000
2025-03-09 01:30:00;0.0000
2025-03-09 01:45:00;0.0000
2025-03-09 02:00:00;0.0000
2025-03-09 02:15:00;0.0000
2025-03-09 02:30:00;0.0000
2025-03-09 02:45:00;0.0000
2025-03-09 03:00:00;0.0000
2025-03-09 03:15:00;0.0000
2025-03-09 03:30:00;0.0000
2025-03-09 03:45:00;0.0000
2025-03-09 04:00:00;0.0000
2025-03-09 04:15:00;0.0000
2025-03-09 04:30:00;0.0000
2025-03-09 04:45:00;0.0000
2025-03-09 05:00:00;0.0000
2025-03-09 05:15:00;0.0000
2025-03-09 05:30:00;0.0000
2025-03-09 05:45:00;0.0000
2025-03-09 06:00:00;0.0000
2025-03-09 06:15:00;0.0000
2025-03-09 06:30:00;0.0000
2025-03-09 06:45:00;0.0000
2025-03-09 07:00:00;0.0000
2025-03-09 07:15:00;0.5459
2025-03-09 07:30:00;1.0756
2025-03-09 07:45:00;1.5603
2025-03-09 08:00:00;1.9110
2025-03-09 08:15:00;2.3215
2025-03-09 08:30:00;2.8667
2025-03-09 08:45:00;3.3069
2025-03-09 09:00:00;3.8601
2025-03-09 09:15:00;4.4367
2025-03-09 09:30:00;4.7703
2025-03-09 09:45:00;5.3132
2025-03-09 10:00:00;5.5546
2025-03-09 10:15:00;5.7186
2025-03-09 10:30:00;5.9115
2025-03-09 10:45:00;6.6403
2025-03-09 11:00:00;5.8268
2025-03-09 11:15:00;6.1329
2025-03-09 11:30:00;6.5150
2025-03-09 11:45:00;6.5639
2025-03-09 12:00:00;7.6707
2025-03-09 12:15:00;7.7406
2025-03-09 12:30:00;7.4967
2025-03-09 12:45:00;7.9983
2025-03-09 13:00:00;7.1645
2025-03-09 13:15:00;7.5047
2025-03-09 13:30:00;7.8297
2025-03-09 13:45:00;7.3694
2025-03-09 14:00:00;7.8461
2025-03-09 14:15:00;7.8387
2025-03-09 14:30:00;7.6313
2025-03-09 14:45:00;7.7098
2025-03-09 15:00:00;6.4689
2025-03-09 15:15:00;5.8109
2025-03-09 15:30:00;5.7976
2025-03-09 15:45:00;5.5032
2025-03-09 16:00:00;5.8259
2025-03-09 16:15:00;5.1755
2025-03-09 16:30:00;4.6700
2025-03-09 16:45:00;4.3439
2025-03-09 17:00:00;3.4853
2025-03-09 17:15:00;3.2219
2025-03-09 17:30:00;2.5632
2025-03-09 17:45:00;2.4207
2025-03-09 18:00:00;1.7769
2025-03-09 18:15:00;1.3553
2025-03-09 18:30:00;0.8319
2025-03-09 18:45:00;0.4564
2025-03-09 19:00:00;0.0000
2025-03-09 19:15:00;0.0000
2025-03-09 19:30:00;0.0000
2025-03-09 19:45:00;0.0000
2025-03-09 20:00:00;0.0000
2025-03-09 20:15:00;0.0000
2025-03-09 20:30:00;0.0000
2025-03-09 20:45:00;0.0000
2025-03-09 21:00:00;0.0000
2025-03-09 21:15:00;0.0000
2025-03-09 21:30:00;0.0000
2025-03-09 21:45:00;0.0000
2025-03-09 22:00:00;0.0000
2025-03-09 22:15:00;0.0000
2025-03-09 22:30:00;0.0000
2025-03-09 22:45:00;0.0000
2025-03-09 23:00:00;0.0000
2025-03-09 23:15:00;0.0000
2025-03-09 23:30:00;0.0000
2025-03-09 23:45:00;0.0000
2025-03-10 00:00:00;0.0000
2025-03-10 00:15:00;0.0000
2025-03-10 00:30:00;0.0000
2025-03-10 00:45:00;0.0000
2025-03-10 01:00:00;0.0000
2025-03-10 01:15:00;0.0000
2025-03-10 01:30:00;0.0000
2025-03-10 01:45:00;0.0000
2025-03-10 02:00:00;0.0000
2025-03-10 02:15:00;0.0000
2025-03-10 02:30:00;0.0000
2025-03-10 02:45:00;0.0000
2025-03-10 03:00:00;0.0000
2025-03-10 03:15:00;0.0000
2025-03-10 03:30:00;0.0000
2025-03-10 03:45:00;0.0000
2025-03-10 04:00:00;0.0000
2025-03-10 04:15:00;0.0000
2025-03-10 04:30:00;0.0000
2025-03-10 04:45:00;0.0000
2025-03-10 05:00:00;0.0000
2025-03-10 05:15:00;0.0000
2025-03-10 05:30:00;0.0000
2025-03-10 05:45:00;0.0000
2025-03-10 06:00:00;0.0000
2025-03-10 06:15:00;0.0000
2025-03-10 06:30:00;0.0000
2025-03-10 06:45:00;0.0000
2025-03-10 07:00:00;0.0000
2025-03-10 07:15:00;0.4494
2025-03-10 07:30:00;0.8591
2025-03-10 07:45:00;1.3299
2025-03-10 08:00:00;2.2821
2025-03-10 08:15:00;2.9539
2025-03-10 08:30:00;3.3153
2025-03-10 08:45:00;3.6171
2025-03-10 09:00:00;4.6799
2025-03-10 09:15:00;4.7571
2025-03-10 09:30:00;5.4043
2025-03-10 09:45:00;6.0814
2025-03-10 10:00:00;5.2972
2025-03-10 10:15:00;5.3598
2025-03-10 10:30:00;5.5410
2025-03-10 10:45:00;5.9019
2025-03-10 11:00:00;6.4872
2025-03-10 11:15:00;6.8370
2025-03-10 11:30:00;7.2076
2025-03-10 11:45:00;7.0075
2025-03-10 12:00:00;8.1401
2025-03-10 12:15:00;7.6164
2025-03-10 12:30:00;8.0116
2025-03-10 12:45:00;8.0085
2025-03-10 13:00:00;8.1318
2025-03-10 13:15:00;8.3429
2025-03-10 13:30:00;8.0847
2025-03-10 13:45:00;7.4447
2025-03-10 14:00:00;7.3069
2025-03-10 14:15:00;7.0969
2025-03-10 14:30:00;6.6556
2025-03-10 14:45:00;6.3248
2025-03-10 15:00:00;7.7993
2025-03-10 15:15:00;7.2628
2025-03-10 15:30:00;6.6141
2025-03-10 15:45:00;6.2349
2025-03-10 16:00:00;4.9514
2025-03-10 16:15:00;4.6990
2025-03-10 16:30:00;4.0639
2025-03-10 16:45:00;3.6934
2025-03-10 17:00:00;3.6012
2025-03-10 17:15:00;3.3243
2025-03-10 17:30:00;2.8449
2025-03-10 17:45:00;2.4042
2025-03-10 18:00:00;1.9515
2025-03-10 18:15:00;1.5692
2025-03-10 18:30:00;1.0053
2025-03-10 18:45:00;0.5043
2025-03-10 19:00:00;0.0000
2025-03-10 19:15:00;0.0000
2025-03-10 19:30:00;0.0000
2025-03-10 19:45:00;0.0000
2025-03-10 20:00:00;0.0000
2025-03-10 20:15:00;0.0000
2025-03-10 20:30:00;0.0000
2025-03-10 20:45:00;0.0000
2025-03-10 21:00:00;0.0000
2025-03-10 21:15:00;0.0000
2025-03-10 21:30:00;0.0000
2025-03-10 21:45:00;0.0000
2025-03-10 22:00:00;0.0000
2025-03-10 22:15:00;0.0000
2025-03-10 22:30:00;0.0000
2025-03-10 22:45:00;0.0000
2025-03-10 23:00:00;0.0000
2025-03-10 23:15:00;0.0000
2025-03-10 23:30:00;0.0000
2025-03-10 23:45:00;0.0000
2025-03-11 00:00:00;0.0000
2025-03-11 00:15:00;0.0000
2025-03-11 00:30:00;0.0000
2025-03-11 00:45:00;0.0000
2025-03-11 01:00:00;0.0000
2025-03-11 01:15:00;0.0000
2025-03-11 01:30:00;0.0000
2025-03-11 01:45:00;0.0000
2025-03-11 02:00:00;0.0000
2025-03-11 02:15:00;0.0000
2025-03-11 02:30:00;0.0000
2025-03-11 02:45:00;0.0000
2025-03-11 03:00:00;0.0000
2025-03-11 03:15:00;0.0000
2025-03-11 03:30:00;0.0000
2025-03-11 03:45:00;0.0000
2025-03-11 04:00:00;0.0000
2025-03-11 04:15:00;0.0000
2025-03-11 04:30:00;0.0000
2025-03-11 04:45:00;0.0000
2025-03-11 05:00:00;0.0000
2025-03-11 05:15:00;0.0000
2025-03-11 05:30:00;0.0000
2025-03-11 05:45:00;0.0000
2025-03-11 06:00:00;0.0000
2025-03-11 06:15:00;0.0000
2025-03-11 06:30:00;0.0000
2025-03-11 06:45:00;0.0000
2025-03-11 07:00:00;0.0000
2025-03-11 07:15:00;0.5895
2025-03-11 07:30:00;1.1686
2025-03-11 07:45:00;1.8586
2025-03-11 08:00:00;4.4330
2025-03-11 08:15:00;5.7512
2025-03-11 08:30:00;6.5558
2025-03-11 08:45:00;8.1238
2025-03-11 09:00:00;10.7179
2025-03-11 09:15:00;12.0949
2025-03-11 09:30:00;13.2675
2025-03-11 09:45:00;13.7619
2025-03-11 10:00:00;13.8024
2025-03-11 10:15:00;13.7915
2025-03-11 10:30:00;14.3073
2025-03-11 10:45:00;14.9836
2025-03-11 11:00:00;6.9981
2025-03-11 11:15:00;7.4080
2025-03-11 11:30:00;7.5525
2025-03-11 11:45:00;8.0178
2025-03-11 12:00:00;12.1794
2025-03-11 12:15:00;12.7088
2025-03-11 12:30:00;12.2786
2025-03-11 12:45:00;12.8398
2025-03-11 13:00:00;21.0541
2025-03-11 13:15:00;20.6266
2025-03-11 13:30:00;19.9577
2025-03-11 13:45:00;19.2073
2025-03-11 14:00:00;19.8458
2025-03-11 14:15:00;17.8701
2025-03-11 14:30:00;17.8940
2025-03-11 14:45:00;17.5857
2025-03-11 15:00:00;16.4423
2025-03-11 15:15:00;15.0413
2025-03-11 15:30:00;15.0028
2025-03-11 15:45:00;14.3372
2025-03-11 16:00:00;15.5939
2025-03-11 16:15:00;14.2213
2025-03-11 16:30:00;13.8654
2025-03-11 16:45:00;12.0645
2025-03-11 17:00:00;4.8789
2025-03-11 17:15:00;4.3657
2025-03-11 17:30:00;3.5462
2025-03-11 17:45:00;3.0463
2025-03-11 18:00:00;5.1662
2025-03-11 18:15:00;3.8701
2025-03-11 18:30:00;2.6531
2025-03-11 18:45:00;1.3152
2025-03-11 19:00:00;0.0000
2025-03-11 19:15:00;0.0000
2025-03-11 19:30:00;0.0000
2025-03-11 19:45:00;0.0000
2025-03-11 20:00:00;0.0000
2025-03-11 20:15:00;0.0000
2025-03-11 20:30:00;0.0000
2025-03-11 20:45:00;0.0000
2025-03-11 21:00:00;0.0000
2025-03-11 21:15:00;0.0000
2025-03-11 21:30:00;0.0000
2025-03-11 21:45:00;0.0000
2025-03-11 22:00:00;0.0000
2025-03-11 22:15:00;0.0000
2025-03-11 22:30:00;0.0000
2025-03-11 22:45:00;0.0000
2025-03-11 23:00:00;0.0000
2025-03-11 23:15:00;0.0000
2025-03-11 23:30:00;0.0000
2025-03-11 23:45:00;0.0000
2025-03-12 00:00:00;0.0000
2025-03-12 00:15:00;0.0000
2025-03-12 00:30:00;0.0000
2025-03-12 00:45:00;0.0000
2025-03-12 01:00:00;0.0000
2025-03-12 01:15:00;0.0000
2025-03-12 01:30:00;0.0000
2025-03-12 01:45:00;0.0000
2025-03-12 02:00:00;0.0000
2025-03-12 02:15:00;0.0000
2025-03-12 02:30:00;0.0000
2025-03-12 02:45:00;0.0000
2025-03-12 03:00:00;0.0000
2025-03-12 03:15:00;0.0000
2025-03-12 03:30:00;0.0000
2025-03-12 03:45:00;0.0000
2025-03-12 04:00:00;0.0000
2025-03-12 04:15:00;0.0000
2025-03-12 04:30:00;0.0000
2025-03-12 04:45:00;0.0000
2025-03-12 05:00:00;0.0000
2025-03-12 05:15:00;0.0000
2025-03-12 05:30:00;0.0000
2025-03-12 05:45:00;0.0000
2025-03-12 06:00:00;0.0000
2025-03-12 06:15:00;0.0000
2025-03-12 06:30:00;0.0000
2025-03-12 06:45:00;0.0000
2025-03-12 07:00:00;0.0000
2025-03-12 07:15:00;1.0298
2025-03-12 07:30:00;2.1266
2025-03-12 07:45:00;3.0704
2025-03-12 08:00:00;5.7067
2025-03-12 08:15:00;6.6726
2025-03-12 08:30:00;8.3917
2025-03-12 08:45:00;9.4793
2025-03-12 09:00:00;8.6834
2025-03-12 09:15:00;9.2116
2025-03-12 09:30:00;10.3545
2025-03-12 09:45:00;11.7700
2025-03-12 10:00:00;14.2239
2025-03-12 10:15:00;15.0869
2025-03-12 10:30:00;16.1184
2025-03-12 10:45:00;16.4778
2025-03-12 11:00:00;18.2091
2025-03-12 11:15:00;19.0838
2025-03-12 11:30:00;19.8711
2025-03-12 11:45:00;19.1823
2025-03-12 12:00:00;15.2858
2025-03-12 12:15:00;15.6035
2025-03-12 12:30:00;16.7303
2025-03-12 12:45:00;16.3023
2025-03-12 13:00:00;13.7296
2025-03-12 13:15:00;13.6071
2025-03-12 13:30:00;13.2275
2025-03-12 13:45:00;13.8914
2025-03-12 14:00:00;17.1682
2025-03-12 14:15:00;18.8551
2025-03-12 14:30:00;17.5426
2025-03-12 14:45:00;16.4571
2025-03-12 15:00:00;8.3866
2025-03-12 15:15:00;8.7317
2025-03-12 15:30:00;7.8618
2025-03-12 15:45:00;7.3913
2025-03-12 16:00:00;19.6126
2025-03-12 16:15:00;17.9129
2025-03-12 16:30:00;16.7608
2025-03-12 16:45:00;14.1349
2025-03-12 17:00:00;10.1278
2025-03-12 17:15:00;9.3688
2025-03-12 17:30:00;7.6404
2025-03-12 17:45:00;6.3582
2025-03-12 18:00:00;2.5302
2025-03-12 18:15:00;1.7924
2025-03-12 18:30:00;1.1483
2025-03-12 18:45:00;0.6087
2025-03-12 19:00:00;0.0000
2025-03-12 19:15:00;0.0000
2025-03-12 19:30:00;0.0000
2025-03-12 19:45:00;0.0000
2025-03-12 20:00:00;0.0000
2025-03-12 20:15:00;0.0000
2025-03-12 20:30:00;0.0000
2025-03-12 20:45:00;0.0000
2025-03-12 21:00:00;0.0000
2025-03-12 21:15:00;0.0000
2025-03-12 21:30:00;0.0000
2025-03-12 21:45:00;0.0000
2025-03-12 22:00:00;0.0000
2025-03-12 22:15:00;0.0000
2025-03-12 22:30:00;0.0000
2025-03-12 22:45:00;0.0000
2025-03-12 23:00:00;0.0000
2025-03-12 23:15:00;0.0000
2025-03-12 23:30:00;0.0000
2025-03-12 23:45:00;0.0000
2025-03-13 00:00:00;0.0000
2025-03-13 00:15:00;0.0000
2025-03-13 00:30:00;0.0000
2025-03-13 00:45:00;0.0000
2025-03-13 01:00:00;0.0000
2025-03-13 01:15:00;0.0000
2025-03-13 01:30:00;0.0000
2025-03-13 01:45:00;0.0000
2025-03-13 02:00:00;0.0000
2025-03-13 02:15:00;0.0000
2025-03-13 02:30:00;0.0000
2025-03-13 02:45:00;0.0000
2025-03-13 03:00:00;0.0000
2025-03-13 03:15:00;0.0000
2025-03-13 03:30:00;0.0000
2025-03-13 03:45:00;0.0000
2025-03-13 04:00:00;0.0000
2025-03-13 04:15:00;0.0000
2025-03-13 04:30:00;0.0000
2025-03-13 04:45:00;0.0000
2025-03-13 05:00:00;0.0000
2025-03-13 05:15:00;0.0000
2025-03-13 05:30:00;0.0000
2025-03-13 05:45:00;0.0000
2025-03-13 06:00:00;0.0000
2025-03-13 06:15:00;0.0000
2025-03-13 06:30:00;0.0000
2025-03-13 06:45:00;0.0000
2025-03-13 07:00:00;0.0000
2025-03-13 07:15:00;1.3917
2025-03-13 07:30:00;2.6998
2025-03-13 07:45:00;4.0262
2025-03-13 08:00:00;6.2315
2025-03-13 08:15:00;7.3364
2025-03-13 08:30:00;8.8715
2025-03-13 08:45:00;10.3608
2025-03-13 09:00:00;10.2077
2025-03-13 09:15:00;10.2711
2025-03-13 09:30:00;11.5058
2025-03-13 09:45:00;13.1514
2025-03-13 10:00:00;12.4298
2025-03-13 10:15:00;13.3251
2025-03-13 10:30:00;14.3189
2025-03-13 10:45:00;15.6125
2025-03-13 11:00:00;17.9563
2025-03-13 11:15:00;19.5232
2025-03-13 11:30:00;19.6553
2025-03-13 11:45:00;20.2334
2025-03-13 12:00:00;18.1641
2025-03-13 12:15:00;18.2613
2025-03-13 12:30:00;19.2144
2025-03-13 12:45:00;19.3040
2025-03-13 13:00:00;21.2045
2025-03-13 13:15:00;20.9831
2025-03-13 13:30:00;19.3741
2025-03-13 13:45:00;19.7537
2025-03-13 14:00:00;17.5314
2025-03-13 14:15:00;16.6016
2025-03-13 14:30:00;15.5378
2025-03-13 14:45:00;15.1477
2025-03-13 15:00:00;17.7246
2025-03-13 15:15:00;17.8102
2025-03-13 15:30:00;16.0333
2025-03-13 15:45:00;15.1301
2025-03-13 16:00:00;14.4712
2025-03-13 16:15:00;13.4052
2025-03-13 16:30:00;12.4758
2025-03-13 16:45:00;11.5927
2025-03-13 17:00:00;8.5701
2025-03-13 17:15:00;7.7117
2025-03-13 17:30:00;6.8421
2025-03-13 17:45:00;5.5764
2025-03-13 18:00:00;4.9884
2025-03-13 18:15:00;3.8061
2025-03-13 18:30:00;2.5848
2025-03-13 18:45:00;1.3344
2025-03-13 19:00:00;0.0000
2025-03-13 19:15:00;0.0000
2025-03-13 19:30:00;0.0000
2025-03-13 19:45:00;0.0000
2025-03-13 20:00:00;0.0000
2025-03-13 20:15:00;0.0000
2025-03-13 20:30:00;0.0000
2025-03-13 20:45:00;0.0000
2025-03-13 21:00:00;0.0000
2025-03-13 21:15:00;0.0000
2025-03-13 21:30:00;0.0000
2025-03-13 21:45:00;0.0000
2025-03-13 22:00:00;0.0000
2025-03-13 22:15:00;0.0000
2025-03-13 22:30:00;0.0000
2025-03-13 22:45:00;0.0000
2025-03-13 23:00:00;0.0000
2025-03-13 23:15:00;0.0000
2025-03-13 23:30:00;0.0000
2025-03-13 23:45:00;0.0000
2025-03-14 00:00:00;0.0000
2025-03-14 00:15:00;0.0000
2025-03-14 00:30:00;0.0000
2025-03-14 00:45:00;0.0000
2025-03-14 01:00:00;0.0000
2025-03-14 01:15:00;0.0000
2025-03-14 01:30:00;0.0000
2025-03-14 01:45:00;0.0000
2025-03-14 02:00:00;0.0000
2025-03-14 02:15:00;0.0000
2025-03-14 02:30:00;0.0000
2025-03-14 02:45:00;0.0000
2025-03-14 03:00:00;0.0000
2025-03-14 03:15:00;0.0000
2025-03-14 03:30:00;0.0000
2025-03-14 03:45:00;0.0000
2025-03-14 04:00:00;0.0000
2025-03-14 04:15:00;0.0000
2025-03-14 04:30:00;0.0000
2025-03-14 04:45:00;0.0000
2025-03-14 05:00:00;0.0000
2025-03-14 05:15:00;0.0000
2025-03-14 05:30:00;0.0000
2025-03-14 05:45:00;0.0000
2025-03-14 06:00:00;0.0000
2025-03-14 06:15:00;0.0000
2025-03-14 06:30:00;0.0000
2025-03-14 06:45:00;0.0000
2025-03-14 07:00:00;0.0000
2025-03-14 07:15:00;0.5971
2025-03-14 07:30:00;1.1494
2025-03-14 07:45:00;1.7958
2025-03-14 08:00:00;1.8742
2025-03-14 08:15:00;2.4391
2025-03-14 08:30:00;3.0068
2025-03-14 08:45:00;3.2313
2025-03-14 09:00:00;4.1154
2025-03-14 09:15:00;4.6435
2025-03-14 09:30:00;5.0671
2025-03-14 09:45:00;5.2299
2025-03-14 10:00:00;5.2341
2025-03-14 10:15:00;5.5164
2025-03-14 10:30:00;5.8260
2025-03-14 10:45:00;6.1396
2025-03-14 11:00:00;6.4713
2025-03-14 11:15:00;6.9038
2025-03-14 11:30:00;7.1924
2025-03-14 11:45:00;7.3032
2025-03-14 12:00:00;7.8751
2025-03-14 12:15:00;7.9549
2025-03-14 12:30:00;7.9874
2025-03-14 12:45:00;7.9394
2025-03-14 13:00:00;7.6017
2025-03-14 13:15:00;7.3637
2025-03-14 13:30:00;7.4423
2025-03-14 13:45:00;7.3619
2025-03-14 14:00:00;7.2319
2025-03-14 14:15:00;6.7379
2025-03-14 14:30:00;6.7333
2025-03-14 14:45:00;6.8702
2025-03-14 15:00:00;7.6108
2025-03-14 15:15:00;7.2966
2025-03-14 15:30:00;6.6929
2025-03-14 15:45:00;6.5883
2025-03-14 16:00:00;6.2963
2025-03-14 16:15:00;5.8520
2025-03-14 16:30:00;5.2698
2025-03-14 16:45:00;5.0681
2025-03-14 17:00:00;4.3146
2025-03-14 17:15:00;3.5841
2025-03-14 17:30:00;3.0808
2025-03-14 17:45:00;2.5820
2025-03-14 18:00:00;1.9512
2025-03-14 18:15:00;1.3543
2025-03-14 18:30:00;0.9856
2025-03-14 18:45:00;0.4794
2025-03-14 19:00:00;0.0000
2025-03-14 19:15:00;0.0000
2025-03-14 19:30:00;0.0000
2025-03-14 19:45:00;0.0000
2025-03-14 20:00:00;0.0000
2025-03-14 20:15:00;0.0000
2025-03-14 20:30:00;0.0000
2025-03-14 20:45:00;0.0000
2025-03-14 21:00:00;0.0000
2025-03-14 21:15:00;0.0000
2025-03-14 21:30:00;0.0000
2025-03-14 21:45:00;0.0000
2025-03-14 22:00:00;0.0000
2025-03-14 22:15:00;0.0000
2025-03-14 22:30:00;0.0000
2025-03-14 22:45:00;0.0000
2025-03-14 23:00:00;0.0000
2025-03-14 23:15:00;0.0000
2025-03-14 23:30:00;0.0000
2025-03-14 23:45:00;0.0000
2025-03-15 00:00:00;0.0000
2025-03-15 00:15:00;0.0000
2025-03-15 00:30:00;0.0000
2025-03-15 00:45:00;0.0000
2025-03-15 01:00:00;0.0000
2025-03-15 01:15:00;0.0000
2025-03-15 01:30:00;0.0000
2025-03-15 01:45:00;0.0000
2025-03-15 02:00:00;0.0000
2025-03-15 02:15:00;0.0000
2025-03-15 02:30:00;0.0000
2025-03-15 02:45:00;0.0000
2025-03-15 03:00:00;0.0000
2025-03-15 03:15:00;0.0000
2025-03-15 03:30:00;0.0000
2025-03-15 03:45:00;0.0000
2025-03-15 04:00:00;0.0000
2025-03-15 04:15:00;0.0000
2025-03-15 04:30:00;0.0000
2025-03-15 04:45:00;0.0000
2025-03-15 05:00:00;0.0000
2025-03-15 05:15:00;0.0000
2025-03-15 05:30:00;0.0000
2025-03-15 05:45:00;0.0000
2025-03-15 06:00:00;0.0000
2025-03-15 06:15:00;0.0000
2025-03-15 06:30:00;0.0000
2025-03-15 06:45:00;0.0000
2025-03-15 07:00:00;0.0000
2025-03-15 07:15:00;0.8354
2025-03-15 07:30:00;1.5987
2025-03-15 07:45:00;2.4161
2025-03-15 08:00:00;6.1392
2025-03-15 08:15:00;7.1942
2025-03-15 08:30:00;8.7939
2025-03-15 08:45:00;9.1496
2025-03-15 09:00:00;11.2056
2025-03-15 09:15:00;12.6503
2025-03-15 09:30:00;13.6803
2025-03-15 09:45:00;14.1991
2025-03-15 10:00:00;11.7463
2025-03-15 10:15:00;12.6632
2025-03-15 10:30:00;14.1506
2025-03-15 10:45:00;13.8958
2025-03-15 11:00:00;18.2883
2025-03-15 11:15:00;19.4918
2025-03-15 11:30:00;19.5498
2025-03-15 11:45:00;20.6636
2025-03-15 12:00:00;23.4825
2025-03-15 12:15:00;21.6234
2025-03-15 12:30:00;23.6814
2025-03-15 12:45:00;22.4064
2025-03-15 13:00:00;13.1180
2025-03-15 13:15:00;12.8368
2025-03-15 13:30:00;12.8167
2025-03-15 13:45:00;12.2807
2025-03-15 14:00:00;18.2836
2025-03-15 14:15:00;19.5637
2025-03-15 14:30:00;18.0816
2025-03-15 14:45:00;18.2855
2025-03-15 15:00:00;16.5894
2025-03-15 15:15:00;15.5060
2025-03-15 15:30:00;14.4708
2025-03-15 15:45:00;14.2704
2025-03-15 16:00:00;6.9312
2025-03-15 16:15:00;6.6679
2025-03-15 16:30:00;5.7157
2025-03-15 16:45:00;5.7867
2025-03-15 17:00:00;11.3258
2025-03-15 17:15:00;10.2251
2025-03-15 17:30:00;8.5817
2025-03-15 17:45:00;7.4036
2025-03-15 18:00:00;3.7740
2025-03-15 18:15:00;2.9425
2025-03-15 18:30:00;1.9068
2025-03-15 18:45:00;0.9051
2025-03-15 19:00:00;0.0000
2025-03-15 19:15:00;0.0000
2025-03-15 19:30:00;0.0000
2025-03-15 19:45:00;0.0000
2025-03-15 20:00:00;0.0000
2025-03-15 20:15:00;0.0000
2025-03-15 20:30:00;0.0000
2025-03-15 20:45:00;0.0000
2025-03-15 21:00:00;0.0000
2025-03-15 21:15:00;0.0000
2025-03-15 21:30:00;0.0000
2025-03-15 21:45:00;0.0000
2025-03-15 22:00:00;0.0000
2025-03-15 22:15:00;0.0000
2025-03-15 22:30:00;0.0000
2025-03-15 22:45:00;0.0000
2025-03-15 23:00:00;0.0000
2025-03-15 23:15:00;0.0000
2025-03-15 23:30:00;0.0000
2025-03-15 23:45:00;0.0000
2025-03-16 00:00:00;0.0000
2025-03-16 00:15:00;0.0000
2025-03-16 00:30:00;0.0000
2025-03-16 00:45:00;0.0000
2025-03-16 01:00:00;0.0000
2025-03-16 01:15:00;0.0000
2025-03-16 01:30:00;0.0000
2025-03-16 01:45:00;0.0000
2025-03-16 02:00:00;0.0000
2025-03-16 02:15:00;0.0000
2025-03-16 02:30:00;0.0000
2025-03-16 02:45:00;0.0000
2025-03-16 03:00:00;0.0000
2025-03-16 03:15:00;0.0000
2025-03-16 03:30:00;0.0000
2025-03-16 03:45:00;0.0000
2025-03-16 04:00:00;0.0000
2025-03-16 04:15:00;0.0000
2025-03-16 04:30:00;0.0000
2025-03-16 04:45:00;0.0000
2025-03-16 05:00:00;0.0000
2025-03-16 05:15:00;0.0000
2025-03-16 05:30:00;0.0000
2025-03-16 05:45:00;0.0000
2025-03-16 06:00:00;0.0000
2025-03-16 06:15:00;0.0000
2025-03-16 06:30:00;0.0000
2025-03-16 06:45:00;0.0000
2025-03-16 07:00:00;0.0000
2025-03-16 07:15:00;0.1974
2025-03-16 07:30:00;0.3732
2025-03-16 07:45:00;0.5886
2025-03-16 08:00:00;0.7754
2025-03-16 08:15:00;0.9437
2025-03-16 08:30:00;1.1131
2025-03-16 08:45:00;1.3740
2025-03-16 09:00:00;1.5844
2025-03-16 09:15:00;1.6748
2025-03-16 09:30:00;1.9124
2025-03-16 09:45:00;1.9454
2025-03-16 10:00:00;2.1748
2025-03-16 10:15:00;2.3299
2025-03-16 10:30:00;2.4806
2025-03-16 10:45:00;2.4338
2025-03-16 11:00:00;2.5274
2025-03-16 11:15:00;2.7376
2025-03-16 11:30:00;2.7137
2025-03-16 11:45:00;2.7852
2025-03-16 12:00:00;2.8146
2025-03-16 12:15:00;2.7560
2025-03-16 12:30:00;2.7775
2025-03-16 12:45:00;2.9668
2025-03-16 13:00:00;3.1526
2025-03-16 13:15:00;3.1938
2025-03-16 13:30:00;2.9961
2025-03-16 13:45:00;2.9031
2025-03-16 14:00:00;3.1888
2025-03-16 14:15:00;3.1808
2025-03-16 14:30:00;3.0978
2025-03-16 14:45:00;3.0280
2025-03-16 15:00:00;2.9462
2025-03-16 15:15:00;2.6385
2025-03-16 15:30:00;2.6357
2025-03-16 15:45:00;2.5052
2025-03-16 16:00:00;2.2244
2025-03-16 16:15:00;2.1150
2025-03-16 16:30:00;1.9913
2025-03-16 16:45:00;1.6938
2025-03-16 17:00:00;1.6185
2025-03-16 17:15:00;1.3149
2025-03-16 17:30:00;1.1695
2025-03-16 17:45:00;0.9985
2025-03-16 18:00:00;0.7695
2025-03-16 18:15:00;0.6192
2025-03-16 18:30:00;0.4018
2025-03-16 18:45:00;0.1975
2025-03-16 19:00:00;0.0000
2025-03-16 19:15:00;0.0000
2025-03-16 19:30:00;0.0000
2025-03-16 19:45:00;0.0000
2025-03-16 20:00:00;0.0000
2025-03-16 20:15:00;0.0000
2025-03-16 20:30:00;0.0000
2025-03-16 20:45:00;0.0000
2025-03-16 21:00:00;0.0000
2025-03-16 21:15:00;0.0000
2025-03-16 21:30:00;0.0000
2025-03-16 21:45:00;0.0000
2025-03-16 22:00:00;0.0000
2025-03-16 22:15:00;0.0000
2025-03-16 22:30:00;0.0000
2025-03-16 22:45:00;0.0000
2025-03-16 23:00:00;0.0000
2025-03-16 23:15:00;0.0000
2025-03-16 23:30:00;0.0000
2025-03-16 23:45:00;0.0000
2025-03-17 00:00:00;0.0000
2025-03-17 00:15:00;0.0000
2025-03-17 00:30:00;0.0000
2025-03-17 00:45:00;0.0000
2025-03-17 01:00:00;0.0000
2025-03-17 01:15:00;0.0000
2025-03-17 01:30:00;0.0000
2025-03-17 01:45:00;0.0000
2025-03-17 02:00:00;0.0000
2025-03-17 02:15:00;0.0000
2025-03-17 02:30:00;0.0000
2025-03-17 02:45:00;0.0000
2025-03-17 03:00:00;0.0000
2025-03-17 03:15:00;0.0000
2025-03-17 03:30:00;0.0000
2025-03-17 03:45:00;0.0000
2025-03-17 04:00:00;0.0000
2025-03-17 04:15:00;0.0000
2025-03-17 04:30:00;0.0000
2025-03-17 04:45:00;0.0000
2025-03-17 05:00:00;0.0000
2025-03-17 05:15:00;0.0000
2025-03-17 05:30:00;0.0000
2025-03-17 05:45:00;0.0000
2025-03-17 06:00:00;0.0000
2025-03-17 06:15:00;0.0000
2025-03-17 06:30:00;0.0000
2025-03-17 06:45:00;0.0000
2025-03-17 07:00:00;0.0000
2025-03-17 07:15:00;0.2014
2025-03-17 07:30:00;0.4239
2025-03-17 07:45:00;0.6307
2025-03-17 08:00:00;0.8938
2025-03-17 08:15:00;1.1079
2025-03-17 08:30:00;1.2983
2025-03-17 08:45:00;1.5396
2025-03-17 09:00:00;1.6718
2025-03-17 09:15:00;1.6670
2025-03-17 09:30:00;1.9294
2025-03-17 09:45:00;2.0773
2025-03-17 10:00:00;2.1664
2025-03-17 10:15:00;2.2716
2025-03-17 10:30:00;2.4474
2025-03-17 10:45:00;2.5858
2025-03-17 11:00:00;2.8405
2025-03-17 11:15:00;2.8809
2025-03-17 11:30:00;2.8759
2025-03-17 11:45:00;2.9824
2025-03-17 12:00:00;2.8689
2025-03-17 12:15:00;2.9719
2025-03-17 12:30:00;3.0042
2025-03-17 12:45:00;2.9754
2025-03-17 13:00:00;3.1887
2025-03-17 13:15:00;3.3296
2025-03-17 13:30:00;3.3377
2025-03-17 13:45:00;3.0515
2025-03-17 14:00:00;3.0847
2025-03-17 14:15:00;2.9156
2025-03-17 14:30:00;2.8829
2025-03-17 14:45:00;3.0438
2025-03-17 15:00:00;2.7285
2025-03-17 15:15:00;2.5257
2025-03-17 15:30:00;2.3887
2025-03-17 15:45:00;2.3061
2025-03-17 16:00:00;2.3107
2025-03-17 16:15:00;2.1106
2025-03-17 16:30:00;1.9556
2025-03-17 16:45:00;1.7773
2025-03-17 17:00:00;1.4294
2025-03-17 17:15:00;1.3874
2025-03-17 17:30:00;1.1693
2025-03-17 17:45:00;0.9798
2025-03-17 18:00:00;0.8252
2025-03-17 18:15:00;0.6234
2025-03-17 18:30:00;0.4277
2025-03-17 18:45:00;0.2202
2025-03-17 19:00:00;0.0000
2025-03-17 19:15:00;0.0000
2025-03-17 19:30:00;0.0000
2025-03-17 19:45:00;0.0000
2025-03-17 20:00:00;0.0000
2025-03-17 20:15:00;0.0000
2025-03-17 20:30:00;0.0000
2025-03-17 20:45:00;0.0000
2025-03-17 21:00:00;0.0000
2025-03-17 21:15:00;0.0000
2025-03-17 21:30:00;0.0000
2025-03-17 21:45:00;0.0000
2025-03-17 22:00:00;0.0000
2025-03-17 22:15:00;0.0000
2025-03-17 22:30:00;0.0000
2025-03-17 22:45:00;0.0000
2025-03-17 23:00:00;0.0000
2025-03-17 23:15:00;0.0000
2025-03-17 23:30:00;0.0000
2025-03-17 23:45:00;0.0000
2025-03-18 00:00:00;0.0000
2025-03-18 00:15:00;0.0000
2025-03-18 00:30:00;0.0000
2025-03-18 00:45:00;0.0000
2025-03-18 01:00:00;0.0000
2025-03-18 01:15:00;0.0000
2025-03-18 01:30:00;0.0000
2025-03-18 01:45:00;0.0000
2025-03-18 02:00:00;0.0000
2025-03-18 02:15:00;0.0000
2025-03-18 02:30:00;0.0000
2025-03-18 02:45:00;0.0000
2025-03-18 03:00:00;0.0000
2025-03-18 03:15:00;0.0000
2025-03-18 03:30:00;0.0000
2025-03-18 03:45:00;0.0000
2025-03-18 04:00:00;0.0000
2025-03-18 04:15:00;0.0000
2025-03-18 04:30:00;0.0000
2025-03-18 04:45:00;0.0000
2025-03-18 05:00:00;0.0000
2025-03-18 05:15:00;0.0000
2025-03-18 05:30:00;0.0000
2025-03-18 05:45:00;0.0000
2025-03-18 06:00:00;0.0000
2025-03-18 06:15:00;0.0000
2025-03-18 06:30:00;0.0000
2025-03-18 06:45:00;0.0000
2025-03-18 07:00:00;0.0000
2025-03-18 07:15:00;1.9143
2025-03-18 07:30:00;4.1152
2025-03-18 07:45:00;6.0554
2025-03-18 08:00:00;6.4355
2025-03-18 08:15:00;7.8666
2025-03-18 08:30:00;9.8277
2025-03-18 08:45:00;11.8521
2025-03-18 09:00:00;15.9413
2025-03-18 09:15:00;17.7082
2025-03-18 09:30:00;18.8599
2025-03-18 09:45:00;21.1914
2025-03-18 10:00:00;23.6136
2025-03-18 10:15:00;24.0628
2025-03-18 10:30:00;26.1135
2025-03-18 10:45:00;24.7107
2025-03-18 11:00:00;28.4981
2025-03-18 11:15:00;30.1607
2025-03-18 11:30:00;28.8980
2025-03-18 11:45:00;30.3237
2025-03-18 12:00:00;33.2044
2025-03-18 12:15:00;33.9555
2025-03-18 12:30:00;34.9898
2025-03-18 12:45:00;35.6618
2025-03-18 13:00:00;31.4044
2025-03-18 13:15:00;30.2082
2025-03-18 13:30:00;31.3798
2025-03-18 13:45:00;30.5709
2025-03-18 14:00:00;33.7617
2025-03-18 14:15:00;34.3706
2025-03-18 14:30:00;34.6405
2025-03-18 14:45:00;33.1415
2025-03-18 15:00:00;25.8799
2025-03-18 15:15:00;24.7170
2025-03-18 15:30:00;23.1584
2025-03-18 15:45:00;23.2329
2025-03-18 16:00:00;22.6175
2025-03-18 16:15:00;20.8007
2025-03-18 16:30:00;20.0544
2025-03-18 16:45:00;17.7879
2025-03-18 17:00:00;15.9561
2025-03-18 17:15:00;13.3816
2025-03-18 17:30:00;12.2786
2025-03-18 17:45:00;10.7329
2025-03-18 18:00:00;9.1495
2025-03-18 18:15:00;6.8938
2025-03-18 18:30:00;4.7517
2025-03-18 18:45:00;2.2898
2025-03-18 19:00:00;0.0000
2025-03-18 19:15:00;0.0000
2025-03-18 19:30:00;0.0000
2025-03-18 19:45:00;0.0000
2025-03-18 20:00:00;0.0000
2025-03-18 20:15:00;0.0000
2025-03-18 20:30:00;0.0000
2025-03-18 20:45:00;0.0000
2025-03-18 21:00:00;0.0000
2025-03-18 21:15:00;0.0000
2025-03-18 21:30:00;0.0000
2025-03-18 21:45:00;0.0000
2025-03-18 22:00:00;0.0000
2025-03-18 22:15:00;0.0000
2025-03-18 22:30:00;0.0000
2025-03-18 22:45:00;0.0000
2025-03-18 23:00:00;0.0000
2025-03-18 23:15:00;0.0000
2025-03-18 23:30:00;0.0000
2025-03-18 23:45:00;0.0000
2025-03-19 00:00:00;0.0000
2025-03-19 00:15:00;0.0000
2025-03-19 00:30:00;0.0000
2025-03-19 00:45:00;0.0000
2025-03-19 01:00:00;0.0000
2025-03-19 01:15:00;0.0000
2025-03-19 01:30:00;0.0000
2025-03-19 01:45:00;0.0000
2025-03-19 02:00:00;0.0000
2025-03-19 02:15:00;0.0000
2025-03-19 02:30:00;0.0000
2025-03-19 02:45:00;0.0000
2025-03-19 03:00:00;0.0000
2025-03-19 03:15:00;0.0000
2025-03-19 03:30:00;0.0000
2025-03-19 03:45:00;0.0000
2025-03-19 04:00:00;0.0000
2025-03-19 04:15:00;0.0000
2025-03-19 04:30:00;0.0000
2025-03-19 04:45:00;0.0000
2025-03-19 05:00:00;0.0000
2025-03-19 05:15:00;0.0000
2025-03-19 05:30:00;0.0000
2025-03-19 05:45:00;0.0000
2025-03-19 06:00:00;0.0000
2025-03-19 06:15:00;0.0000
2025-03-19 06:30:00;0.0000
2025-03-19 06:45:00;0.0000
2025-03-19 07:00:00;0.0000
2025-03-19 07:15:00;1.3979
2025-03-19 07:30:00;2.9018
2025-03-19 07:45:00;4.2964
2025-03-19 08:00:00;5.5293
2025-03-19 08:15:00;6.8058
2025-03-19 08:30:00;8.4061
2025-03-19 08:45:00;9.7954
2025-03-19 09:00:00;5.0927
2025-03-19 09:15:00;5.4745
2025-03-19 09:30:00;6.1536
2025-03-19 09:45:00;6.5341
2025-03-19 10:00:00;6.6820
2025-03-19 10:15:00;6.3696
2025-03-19 10:30:00;7.1845
2025-03-19 10:45:00;7.8816
2025-03-19 11:00:00;13.6643
2025-03-19 11:15:00;14.8736
2025-03-19 11:30:00;15.2517
2025-03-19 11:45:00;15.5700
2025-03-19 12:00:00;19.1416
2025-03-19 12:15:00;19.2732
2025-03-19 12:30:00;20.0227
2025-03-19 12:45:00;20.8349
2025-03-19 13:00:00;14.2296
2025-03-19 13:15:00;14.3330
2025-03-19 13:30:00;13.6559
2025-03-19 13:45:00;14.2335
2025-03-19 14:00:00;8.8040
2025-03-19 14:15:00;8.6477
2025-03-19 14:30:00;8.4282
2025-03-19 14:45:00;8.5114
2025-03-19 15:00:00;20.8710
2025-03-19 15:15:00;19.2921
2025-03-19 15:30:00;18.2787
2025-03-19 15:45:00;17.7911
2025-03-19 16:00:00;13.9190
2025-03-19 16:15:00;13.0891
2025-03-19 16:30:00;11.8975
2025-03-19 16:45:00;11.0445
2025-03-19 17:00:00;9.1428
2025-03-19 17:15:00;8.3653
2025-03-19 17:30:00;7.2595
2025-03-19 17:45:00;5.9792
2025-03-19 18:00:00;5.4999
2025-03-19 18:15:00;4.0013
2025-03-19 18:30:00;2.7714
2025-03-19 18:45:00;1.4385
2025-03-19 19:00:00;0.0000
2025-03-19 19:15:00;0.0000
2025-03-19 19:30:00;0.0000
2025-03-19 19:45:00;0.0000
2025-03-19 20:00:00;0.0000
2025-03-19 20:15:00;0.0000
2025-03-19 20:30:00;0.0000
2025-03-19 20:45:00;0.0000
2025-03-19 21:00:00;0.0000
2025-03-19 21:15:00;0.0000
2025-03-19 21:30:00;0.0000
2025-03-19 21:45:00;0.0000
2025-03-19 22:00:00;0.0000
2025-03-19 22:15:00;0.0000
2025-03-19 22:30:00;0.0000
2025-03-19 22:45:00;0.0000
2025-03-19 23:00:00;0.0000
2025-03-19 23:15:00;0.0000
2025-03-19 23:30:00;0.0000
2025-03-19 23:45:00;0.0000
2025-03-20 00:00:00;0.0000
2025-03-20 00:15:00;0.0000
2025-03-20 00:30:00;0.0000
2025-03-20 00:45:00;0.0000
2025-03-20 01:00:00;0.0000
2025-03-20 01:15:00;0.0000
2025-03-20 01:30:00;0.0000
2025-03-20 01:45:00;0.0000
2025-03-20 02:00:00;0.0000
2025-03-20 02:15:00;0.0000
2025-03-20 02:30:00;0.0000
2025-03-20 02:45:00;0.0000
2025-03-20 03:00:00;0.0000
2025-03-20 03:15:00;0.0000
2025-03-20 03:30:00;0.0000
2025-03-20 03:45:00;0.0000
2025-03-20 04:00:00;0.0000
2025-03-20 04:15:00;0.0000
2025-03-20 04:30:00;0.0000
2025-03-20 04:45:00;0.0000
2025-03-20 05:00:00;0.0000
2025-03-20 05:15:00;0.0000
2025-03-20 05:30:00;0.0000
2025-03-20 05:45:00;0.0000
2025-03-20 06:00:00;0.0000
2025-03-20 06:15:00;0.0000
2025-03-20 06:30:00;0.0000
2025-03-20 06:45:00;0.0000
2025-03-20 07:00:00;0.0000
2025-03-20 07:15:00;0.2198
2025-03-20 07:30:00;0.4178
2025-03-20 07:45:00;0.7170
2025-03-20 08:00:00;0.8793
2025-03-20 08:15:00;1.0155
2025-03-20 08:30:00;1.2718
2025-03-20 08:45:00;1.4982
2025-03-20 09:00:00;1.7253
2025-03-20 09:15:00;2.0872
2025-03-20 09:30:00;2.2076
2025-03-20 09:45:00;2.2358
2025-03-20 10:00:00;2.4685
2025-03-20 10:15:00;2.5615
2025-03-20 10:30:00;2.7526
2025-03-20 10:45:00;2.9113
2025-03-20 11:00:00;2.7468
2025-03-20 11:15:00;2.7599
2025-03-20 11:30:00;2.7430
2025-03-20 11:45:00;2.9018
2025-03-20 12:00:00;2.7085
2025-03-20 12:15:00;2.7372
2025-03-20 12:30:00;2.7283
2025-03-20 12:45:00;2.6532
2025-03-20 13:00:00;2.7806
2025-03-20 13:15:00;2.8864
2025-03-20 13:30:00;2.7559
2025-03-20 13:45:00;2.7908
2025-03-20 14:00:00;2.7670
2025-03-20 14:15:00;2.4691
2025-03-20 14:30:00;2.4438
2025-03-20 14:45:00;2.4949
2025-03-20 15:00:00;2.7668
2025-03-20 15:15:00;2.7151
2025-03-20 15:30:00;2.3995
2025-03-20 15:45:00;2.4341
2025-03-20 16:00:00;1.7969
2025-03-20 16:15:00;1.8130
2025-03-20 16:30:00;1.6185
2025-03-20 16:45:00;1.5248
2025-03-20 17:00:00;1.6662
2025-03-20 17:15:00;1.4915
2025-03-20 17:30:00;1.2204
2025-03-20 17:45:00;1.0508
2025-03-20 18:00:00;0.7962
2025-03-20 18:15:00;0.6108
2025-03-20 18:30:00;0.4041
2025-03-20 18:45:00;0.1997
2025-03-20 19:00:00;0.0000
2025-03-20 19:15:00;0.0000
2025-03-20 19:30:00;0.0000
2025-03-20 19:45:00;0.0000
2025-03-20 20:00:00;0.0000
2025-03-20 20:15:00;0.0000
2025-03-20 20:30:00;0.0000
2025-03-20 20:45:00;0.0000
2025-03-20 21:00:00;0.0000
2025-03-20 21:15:00;0.0000
2025-03-20 21:30:00;0.0000
2025-03-20 21:45:00;0.0000
2025-03-20 22:00:00;0.0000
2025-03-20 22:15:00;0.0000
2025-03-20 22:30:00;0.0000
2025-03-20 22:45:00;0.0000
2025-03-20 23:00:00;0.0000
2025-03-20 23:15:00;0.0000
2025-03-20 23:30:00;0.0000
2025-03-20 23:45:00;0.0000
2025-03-21 00:00:00;0.0000
2025-03-21 00:15:00;0.0000
2025-03-21 00:30:00;0.0000
2025-03-21 00:45:00;0.0000
2025-03-21 01:00:00;0.0000
2025-03-21 01:15:00;0.0000
2025-03-21 01:30:00;0.0000
2025-03-21 01:45:00;0.0000
2025-03-21 02:00:00;0.0000
2025-03-21 02:15:00;0.0000
2025-03-21 02:30:00;0.0000
2025-03-21 02:45:00;0.0000
2025-03-21 03:00:00;0.0000
2025-03-21 03:15:00;0.0000
2025-03-21 03:30:00;0.0000
2025-03-21 03:45:00;0.0000
2025-03-21 04:00:00;0.0000
2025-03-21 04:15:00;0.0000
2025-03-21 04:30:00;0.0000
2025-03-21 04:45:00;0.0000
2025-03-21 05:00:00;0.0000
2025-03-21 05:15:00;0.0000
2025-03-21 05:30:00;0.0000
2025-03-21 05:45:00;0.0000
2025-03-21 06:00:00;0.0000
2025-03-21 06:15:00;0.0000
2025-03-21 06:30:00;0.0000
2025-03-21 06:45:00;0.0000
2025-03-21 07:00:00;0.0000
2025-03-21 07:15:00;1.4545
2025-03-21 07:30:00;2.9699
2025-03-21 07:45:00;4.1949
2025-03-21 08:00:00;5.2625
2025-03-21 08:15:00;6.6475
2025-03-21 08:30:00;7.7698
2025-03-21 08:45:00;9.3981
2025-03-21 09:00:00;9.9823
2025-03-21 09:15:00;10.8762
2025-03-21 09:30:00;12.3392
2025-03-21 09:45:00;12.9483
2025-03-21 10:00:00;11.6578
2025-03-21 10:15:00;12.1676
2025-03-21 10:30:00;13.5143
2025-03-21 10:45:00;14.1722
2025-03-21 11:00:00;16.6211
2025-03-21 11:15:00;17.2966
2025-03-21 11:30:00;16.9500
2025-03-21 11:45:00;18.4390
2025-03-21 12:00:00;20.3097
2025-03-21 12:15:00;21.5485
2025-03-21 12:30:00;21.4481
2025-03-21 12:45:00;22.1266
2025-03-21 13:00:00;19.2986
2025-03-21 13:15:00;19.7217
2025-03-21 13:30:00;19.1641
2025-03-21 13:45:00;18.7363
2025-03-21 14:00:00;8.9459
2025-03-21 14:15:00;8.7830
2025-03-21 14:30:00;8.5884
2025-03-21 14:45:00;8.1668
2025-03-21 15:00:00;19.6577
2025-03-21 15:15:00;18.7407
2025-03-21 15:30:00;17.7904
2025-03-21 15:45:00;17.1645
2025-03-21 16:00:00;13.8944
2025-03-21 16:15:00;11.9600
2025-03-21 16:30:00;11.0726
2025-03-21 16:45:00;10.7043
2025-03-21 17:00:00;7.8497
2025-03-21 17:15:00;6.7678
2025-03-21 17:30:00;6.0608
2025-03-21 17:45:00;5.1595
2025-03-21 18:00:00;3.9034
2025-03-21 18:15:00;3.1288
2025-03-21 18:30:00;2.0907
2025-03-21 18:45:00;1.0291
2025-03-21 19:00:00;0.0000
2025-03-21 19:15:00;0.0000
2025-03-21 19:30:00;0.0000
2025-03-21 19:45:00;0.0000
2025-03-21 20:00:00;0.0000
2025-03-21 20:15:00;0.0000
2025-03-21 20:30:00;0.0000
2025-03-21 20:45:00;0.0000
2025-03-21 21:00:00;0.0000
2025-03-21 21:15:00;0.0000
2025-03-21 21:30:00;0.0000
2025-03-21 21:45:00;0.0000
2025-03-21 22:00:00;0.0000
2025-03-21 22:15:00;0.0000
2025-03-21 22:30:00;0.0000
2025-03-21 22:45:00;0.0000
2025-03-21 23:00:00;0.0000
2025-03-21 23:15:00;0.0000
2025-03-21 23:30:00;0.0000
2025-03-21 23:45:00;0.0000
2025-03-22 00:00:00;0.0000
2025-03-22 00:15:00;0.0000
2025-03-22 00:30:00;0.0000
2025-03-22 00:45:00;0.0000
2025-03-22 01:00:00;0.0000
2025-03-22 01:15:00;0.0000
2025-03-22 01:30:00;0.0000
2025-03-22 01:45:00;0.0000
2025-03-22 02:00:00;0.0000
2025-03-22 02:15:00;0.0000
2025-03-22 02:30:00;0.0000
2025-03-22 02:45:00;0.0000
2025-03-22 03:00:00;0.0000
2025-03-22 03:15:00;0.0000
2025-03-22 03:30:00;0.0000
2025-03-22 03:45:00;0.0000
2025-03-22 04:00:00;0.0000
2025-03-22 04:15:00;0.0000
2025-03-22 04:30:00;0.0000
2025-03-22 04:45:00;0.0000
2025-03-22 05:00:00;0.0000
2025-03-22 05:15:00;0.0000
2025-03-22 05:30:00;0.0000
2025-03-22 05:45:00;0.0000
2025-03-22 06:00:00;0.0000
2025-03-22 06:15:00;0.0000
2025-03-22 06:30:00;0.0000
2025-03-22 06:45:00;0.0000
2025-03-22 07:00:00;0.0000
2025-03-22 07:15:00;1.3051
2025-03-22 07:30:00;2.5696
2025-03-22 07:45:00;3.9952
2025-03-22 08:00:00;4.8472
2025-03-22 08:15:00;5.7823
2025-03-22 08:30:00;6.8605
2025-03-22 08:45:00;7.9981
2025-03-22 09:00:00;11.7910
2025-03-22 09:15:00;13.4674
2025-03-22 09:30:00;14.0338
2025-03-22 09:45:00;16.0832
2025-03-22 10:00:00;16.7897
2025-03-22 10:15:00;18.0480
2025-03-22 10:30:00;18.8009
2025-03-22 10:45:00;19.4745
2025-03-22 11:00:00;16.8731
2025-03-22 11:15:00;18.9433
2025-03-22 11:30:00;19.0242
2025-03-22 11:45:00;18.5570
2025-03-22 12:00:00;20.1901
2025-03-22 12:15:00;19.3683
2025-03-22 12:30:00;20.1963
2025-03-22 12:45:00;20.8676
2025-03-22 13:00:00;18.2284
2025-03-22 13:15:00;19.3568
2025-03-22 13:30:00;18.0974
2025-03-22 13:45:00;18.0490
2025-03-22 14:00:00;11.9595
2025-03-22 14:15:00;10.9147
2025-03-22 14:30:00;11.1561
2025-03-22 14:45:00;11.1834
2025-03-22 15:00:00;9.1033
2025-03-22 15:15:00;8.6124
2025-03-22 15:30:00;8.4840
2025-03-22 15:45:00;7.5930
2025-03-22 16:00:00;12.9059
2025-03-22 16:15:00;11.7997
2025-03-22 16:30:00;11.5654
2025-03-22 16:45:00;10.3661
2025-03-22 17:00:00;7.0075
2025-03-22 17:15:00;6.2228
2025-03-22 17:30:00;5.2052
2025-03-22 17:45:00;4.5087
2025-03-22 18:00:00;3.4687
2025-03-22 18:15:00;2.4892
2025-03-22 18:30:00;1.7127
2025-03-22 18:45:00;0.8234
2025-03-22 19:00:00;0.0000
2025-03-22 19:15:00;0.0000
2025-03-22 19:30:00;0.0000
2025-03-22 19:45:00;0.0000
2025-03-22 20:00:00;0.0000
2025-03-22 20:15:00;0.0000
2025-03-22 20:30:00;0.0000
2025-03-22 20:45:00;0.0000
2025-03-22 21:00:00;0.0000
2025-03-22 21:15:00;0.0000
2025-03-22 21:30:00;0.0000
2025-03-22 21:45:00;0.0000
2025-03-22 22:00:00;0.0000
2025-03-22 22:15:00;0.0000
2025-03-22 22:30:00;0.0000
2025-03-22 22:45:00;0.0000
2025-03-22 23:00:00;0.0000
2025-03-22 23:15:00;0.0000
2025-03-22 23:30:00;0.0000
2025-03-22 23:45:00;0.0000
2025-03-23 00:00:00;0.0000
2025-03-23 00:15:00;0.0000
2025-03-23 00:30:00;0.0000
2025-03-23 00:45:00;0.0000
2025-03-23 01:00:00;0.0000
2025-03-23 01:15:00;0.0000
2025-03-23 01:30:00;0.0000
2025-03-23 01:45:00;0.0000
2025-03-23 02:00:00;0.0000
2025-03-23 02:15:00;0.0000
2025-03-23 02:30:00;0.0000
2025-03-23 02:45:00;0.0000
2025-03-23 03:00:00;0.0000
2025-03-23 03:15:00;0.0000
2025-03-23 03:30:00;0.0000
2025-03-23 03:45:00;0.0000
2025-03-23 04:00:00;0.0000
2025-03-23 04:15:00;0.0000
2025-03-23 04:30:00;0.0000
2025-03-23 04:45:00;0.0000
2025-03-23 05:00:00;0.0000
2025-03-23 05:15:00;0.0000
2025-03-23 05:30:00;0.0000
2025-03-23 05:45:00;0.0000
2025-03-23 06:00:00;0.0000
2025-03-23 06:15:00;0.0000
2025-03-23 06:30:00;0.0000
2025-03-23 06:45:00;0.0000
2025-03-23 07:00:00;0.0000
2025-03-23 07:15:00;0.5173
2025-03-23 07:30:00;1.0153
2025-03-23 07:45:00;1.5535
2025-03-23 08:00:00;1.9747
2025-03-23 08:15:00;2.6871
2025-03-23 08:30:00;3.1054
2025-03-23 08:45:00;3.3738
2025-03-23 09:00:00;4.1656
2025-03-23 09:15:00;4.2766
2025-03-23 09:30:00;4.7000
2025-03-23 09:45:00;5.4996
2025-03-23 10:00:00;5.1117
2025-03-23 10:15:00;5.8368
2025-03-23 10:30:00;6.4180
2025-03-23 10:45:00;6.2904
2025-03-23 11:00:00;7.0939
2025-03-23 11:15:00;7.7260
2025-03-23 11:30:00;7.6936
2025-03-23 11:45:00;8.1371
2025-03-23 12:00:00;7.5819
2025-03-23 12:15:00;7.6745
2025-03-23 12:30:00;7.7187
2025-03-23 12:45:00;7.8994
2025-03-23 13:00:00;8.4180
2025-03-23 13:15:00;8.1309
2025-03-23 13:30:00;8.3726
2025-03-23 13:45:00;8.1250
2025-03-23 14:00:00;7.4307
2025-03-23 14:15:00;7.2210
2025-03-23 14:30:00;7.2338
2025-03-23 14:45:00;6.9108
2025-03-23 15:00:00;6.9750
2025-03-23 15:15:00;6.5758
2025-03-23 15:30:00;6.5190
2025-03-23 15:45:00;5.9633
2025-03-23 16:00:00;6.2559
2025-03-23 16:15:00;5.5737
2025-03-23 16:30:00;5.2506
2025-03-23 16:45:00;4.7049
2025-03-23 17:00:00;3.3942
2025-03-23 17:15:00;3.0619
2025-03-23 17:30:00;2.5492
2025-03-23 17:45:00;2.2494
2025-03-23 18:00:00;2.1683
2025-03-23 18:15:00;1.7042
2025-03-23 18:30:00;1.0926
2025-03-23 18:45:00;0.5542
2025-03-23 19:00:00;0.0000
2025-03-23 19:15:00;0.0000
2025-03-23 19:30:00;0.0000
2025-03-23 19:45:00;0.0000
2025-03-23 20:00:00;0.0000
2025-03-23 20:15:00;0.0000
2025-03-23 20:30:00;0.0000
2025-03-23 20:45:00;0.0000
2025-03-23 21:00:00;0.0000
2025-03-23 21:15:00;0.0000
2025-03-23 21:30:00;0.0000
2025-03-23 21:45:00;0.0000
2025-03-23 22:00:00;0.0000
2025-03-23 22:15:00;0.0000
2025-03-23 22:30:00;0.0000
2025-03-23 22:45:00;0.0000
2025-03-23 23:00:00;0.0000
2025-03-23 23:15:00;0.0000
2025-03-23 23:30:00;0.0000
2025-03-23 23:45:00;0.0000
2025-03-24 00:00:00;0.0000
2025-03-24 00:15:00;0.0000
2025-03-24 00:30:00;0.0000
2025-03-24 00:45:00;0.0000
2025-03-24 01:00:00;0.0000
2025-03-24 01:15:00;0.0000
2025-03-24 01:30:00;0.0000
2025-03-24 01:45:00;0.0000
2025-03-24 02:00:00;0.0000
2025-03-24 02:15:00;0.0000
2025-03-24 02:30:00;0.0000
2025-03-24 02:45:00;0.0000
2025-03-24 03:00:00;0.0000
2025-03-24 03:15:00;0.0000
2025-03-24 03:30:00;0.0000
2025-03-24 03:45:00;0.0000
2025-03-24 04:00:00;0.0000
2025-03-24 04:15:00;0.0000
2025-03-24 04:30:00;0.0000
2025-03-24 04:45:00;0.0000
2025-03-24 05:00:00;0.0000
2025-03-24 05:15:00;0.0000
2025-03-24 05:30:00;0.0000
2025-03-24 05:45:00;0.0000
2025-03-24 06:00:00;0.0000
2025-03-24 06:15:00;0.0000
2025-03-24 06:30:00;0.0000
2025-03-24 06:45:00;0.0000
2025-03-24 07:00:00;0.0000
2025-03-24 07:15:00;0.2027
2025-03-24 07:30:00;0.4233
2025-03-24 07:45:00;0.6158
2025-03-24 08:00:00;0.7927
2025-03-24 08:15:00;1.0006
2025-03-24 08:30:00;1.1186
2025-03-24 08:45:00;1.2891
2025-03-24 09:00:00;1.4473
2025-03-24 09:15:00;1.5478
2025-03-24 09:30:00;1.7360
2025-03-24 09:45:00;1.9941
2025-03-24 10:00:00;2.3191
2025-03-24 10:15:00;2.5473
2025-03-24 10:30:00;2.5229
2025-03-24 10:45:00;2.7560
2025-03-24 11:00:00;2.7218
2025-03-24 11:15:00;2.8073
2025-03-24 11:30:00;2.9963
2025-03-24 11:45:00;2.8226
2025-03-24 12:00:00;3.0828
2025-03-24 12:15:00;3.1931
2025-03-24 12:30:00;3.0155
2025-03-24 12:45:00;3.2415
2025-03-24 13:00:00;3.1047
2025-03-24 13:15:00;3.0124
2025-03-24 13:30:00;3.1543
2025-03-24 13:45:00;3.0387
2025-03-24 14:00:00;3.1576
2025-03-24 14:15:00;3.2507
2025-03-24 14:30:00;3.1862
2025-03-24 14:45:00;2.9068
2025-03-24 15:00:00;2.7229
2025-03-24 15:15:00;2.4703
2025-03-24 15:30:00;2.4300
2025-03-24 15:45:00;2.3186
2025-03-24 16:00:00;2.1118
2025-03-24 16:15:00;2.2226
2025-03-24 16:30:00;1.9170
2025-03-24 16:45:00;1.7815
2025-03-24 17:00:00;1.6302
2025-03-24 17:15:00;1.3439
2025-03-24 17:30:00;1.1893
2025-03-24 17:45:00;1.0359
2025-03-24 18:00:00;0.8128
2025-03-24 18:15:00;0.5717
2025-03-24 18:30:00;0.3900
2025-03-24 18:45:00;0.1999
2025-03-24 19:00:00;0.0000
2025-03-24 19:15:00;0.0000
2025-03-24 19:30:00;0.0000
2025-03-24 19:45:00;0.0000
2025-03-24 20:00:00;0.0000
2025-03-24 20:15:00;0.0000
2025-03-24 20:30:00;0.0000
2025-03-24 20:45:00;0.0000
2025-03-24 21:00:00;0.0000
2025-03-24 21:15:00;0.0000
2025-03-24 21:30:00;0.0000
2025-03-24 21:45:00;0.0000
2025-03-24 22:00:00;0.0000
2025-03-24 22:15:00;0.0000
2025-03-24 22:30:00;0.0000
2025-03-24 22:45:00;0.0000
2025-03-24 23:00:00;0.0000
2025-03-24 23:15:00;0.0000
2025-03-24 23:30:00;0.0000
2025-03-24 23:45:00;0.0000
2025-03-25 00:00:00;0.0000
2025-03-25 00:15:00;0.0000
2025-03-25 00:30:00;0.0000
2025-03-25 00:45:00;0.0000
2025-03-25 01:00:00;0.0000
2025-03-25 01:15:00;0.0000
2025-03-25 01:30:00;0.0000
2025-03-25 01:45:00;0.0000
2025-03-25 02:00:00;0.0000
2025-03-25 02:15:00;0.0000
2025-03-25 02:30:00;0.0000
2025-03-25 02:45:00;0.0000
2025-03-25 03:00:00;0.0000
2025-03-25 03:15:00;0.0000
2025-03-25 03:30:00;0.0000
2025-03-25 03:45:00;0.0000
2025-03-25 04:00:00;0.0000
2025-03-25 04:15:00;0.0000
2025-03-25 04:30:00;0.0000
2025-03-25 04:45:00;0.0000
2025-03-25 05:00:00;0.0000
2025-03-25 05:15:00;0.0000
2025-03-25 05:30:00;0.0000
2025-03-25 05:45:00;0.0000
2025-03-25 06:00:00;0.0000
2025-03-25 06:15:00;0.0000
2025-03-25 06:30:00;0.0000
2025-03-25 06:45:00;0.0000
2025-03-25 07:00:00;0.0000
2025-03-25 07:15:00;0.7502
2025-03-25 07:30:00;1.4552
2025-03-25 07:45:00;2.2050
2025-03-25 08:00:00;4.4406
2025-03-25 08:15:00;5.6044
2025-03-25 08:30:00;6.9557
2025-03-25 08:45:00;7.8590
2025-03-25 09:00:00;10.8136
2025-03-25 09:15:00;11.5900
2025-03-25 09:30:00;13.2024
2025-03-25 09:45:00;13.9455
2025-03-25 10:00:00;7.9265
2025-03-25 10:15:00;8.3721
2025-03-25 10:30:00;9.0765
2025-03-25 10:45:00;9.8497
2025-03-25 11:00:00;16.6182
2025-03-25 11:15:00;17.4404
2025-03-25 11:30:00;18.6742
2025-03-25 11:45:00;18.7290
2025-03-25 12:00:00;22.6774
2025-03-25 12:15:00;23.2983
2025-03-25 12:30:00;24.6752
2025-03-25 12:45:00;23.6258
2025-03-25 13:00:00;18.9781
2025-03-25 13:15:00;20.0995
2025-03-25 13:30:00;19.9994
2025-03-25 13:45:00;18.4849
2025-03-25 14:00:00;14.5038
2025-03-25 14:15:00;14.2384
2025-03-25 14:30:00;13.9160
2025-03-25 14:45:00;13.4286
2025-03-25 15:00:00;17.2873
2025-03-25 15:15:00;15.9484
2025-03-25 15:30:00;15.8671
2025-03-25 15:45:00;14.6264
2025-03-25 16:00:00;15.1649
2025-03-25 16:15:00;13.9688
2025-03-25 16:30:00;12.8229
2025-03-25 16:45:00;11.6480
2025-03-25 17:00:00;8.5286
2025-03-25 17:15:00;7.0730
2025-03-25 17:30:00;6.6345
2025-03-25 17:45:00;4.9365
2025-03-25 18:00:00;5.7141
2025-03-25 18:15:00;4.3451
2025-03-25 18:30:00;2.8047
2025-03-25 18:45:00;1.3189
2025-03-25 19:00:00;0.0000
2025-03-25 19:15:00;0.0000
2025-03-25 19:30:00;0.0000
2025-03-25 19:45:00;0.0000
2025-03-25 20:00:00;0.0000
2025-03-25 20:15:00;0.0000
2025-03-25 20:30:00;0.0000
2025-03-25 20:45:00;0.0000
2025-03-25 21:00:00;0.0000
2025-03-25 21:15:00;0.0000
2025-03-25 21:30:00;0.0000
2025-03-25 21:45:00;0.0000
2025-03-25 22:00:00;0.0000
2025-03-25 22:15:00;0.0000
2025-03-25 22:30:00;0.0000
2025-03-25 22:45:00;0.0000
2025-03-25 23:00:00;0.0000
2025-03-25 23:15:00;0.0000
2025-03-25 23:30:00;0.0000
2025-03-25 23:45:00;0.0000
2025-03-26 00:00:00;0.0000
2025-03-26 00:15:00;0.0000
2025-03-26 00:30:00;0.0000
2025-03-26 00:45:00;0.0000
2025-03-26 01:00:00;0.0000
2025-03-26 01:15:00;0.0000
2025-03-26 01:30:00;0.0000
2025-03-26 01:45:00;0.0000
2025-03-26 02:00:00;0.0000
2025-03-26 02:15:00;0.0000
2025-03-26 02:30:00;0.0000
2025-03-26 02:45:00;0.0000
2025-03-26 03:00:00;0.0000
2025-03-26 03:15:00;0.0000
2025-03-26 03:30:00;0.0000
2025-03-26 03:45:00;0.0000
2025-03-26 04:00:00;0.0000
2025-03-26 04:15:00;0.0000
2025-03-26 04:30:00;0.0000
2025-03-26 04:45:00;0.0000
2025-03-26 05:00:00;0.0000
2025-03-26 05:15:00;0.0000
2025-03-26 05:30:00;0.0000
2025-03-26 05:45:00;0.0000
2025-03-26 06:00:00;0.0000
2025-03-26 06:15:00;0.0000
2025-03-26 06:30:00;0.0000
2025-03-26 06:45:00;0.0000
2025-03-26 07:00:00;0.0000
2025-03-26 07:15:00;1.2897
2025-03-26 07:30:00;2.7791
2025-03-26 07:45:00;4.1686
2025-03-26 08:00:00;4.7406
2025-03-26 08:15:00;5.6450
2025-03-26 08:30:00;6.9220
2025-03-26 08:45:00;8.1681
2025-03-26 09:00:00;9.1573
2025-03-26 09:15:00;9.8988
2025-03-26 09:30:00;11.2724
2025-03-26 09:45:00;12.2218
2025-03-26 10:00:00;14.6126
2025-03-26 10:15:00;15.8519
2025-03-26 10:30:00;17.1878
2025-03-26 10:45:00;16.7791
2025-03-26 11:00:00;6.5821
2025-03-26 11:15:00;6.7708
2025-03-26 11:30:00;7.1744
2025-03-26 11:45:00;7.3142
2025-03-26 12:00:00;24.3479
2025-03-26 12:15:00;23.9238
2025-03-26 12:30:00;23.8980
2025-03-26 12:45:00;24.7031
2025-03-26 13:00:00;18.9279
2025-03-26 13:15:00;18.7130
2025-03-26 13:30:00;18.8682
2025-03-26 13:45:00;18.8329
2025-03-26 14:00:00;19.5168
2025-03-26 14:15:00;18.9688
2025-03-26 14:30:00;18.1242
2025-03-26 14:45:00;17.7978
2025-03-26 15:00:00;19.0741
2025-03-26 15:15:00;18.7633
2025-03-26 15:30:00;17.9925
2025-03-26 15:45:00;16.8740
2025-03-26 16:00:00;15.4391
2025-03-26 16:15:00;15.2327
2025-03-26 16:30:00;14.0914
2025-03-26 16:45:00;12.4068
2025-03-26 17:00:00;9.6445
2025-03-26 17:15:00;8.6205
2025-03-26 17:30:00;7.5825
2025-03-26 17:45:00;6.4563
2025-03-26 18:00:00;5.8549
2025-03-26 18:15:00;4.2417
2025-03-26 18:30:00;2.9513
2025-03-26 18:45:00;1.4524
2025-03-26 19:00:00;0.0000
2025-03-26 19:15:00;0.0000
2025-03-26 19:30:00;0.0000
2025-03-26 19:45:00;0.0000
2025-03-26 20:00:00;0.0000
2025-03-26 20:15:00;0.0000
2025-03-26 20:30:00;0.0000
2025-03-26 20:45:00;0.0000
2025-03-26 21:00:00;0.0000
2025-03-26 21:15:00;0.0000
2025-03-26 21:30:00;0.0000
2025-03-26 21:45:00;0.0000
2025-03-26 22:00:00;0.0000
2025-03-26 22:15:00;0.0000
2025-03-26 22:30:00;0.0000
2025-03-26 22:45:00;0.0000
2025-03-26 23:00:00;0.0000
2025-03-26 23:15:00;0.0000
2025-03-26 23:30:00;0.0000
2025-03-26 23:45:00;0.0000
2025-03-27 00:00:00;0.0000
2025-03-27 00:15:00;0.0000
2025-03-27 00:30:00;0.0000
2025-03-27 00:45:00;0.0000
2025-03-27 01:00:00;0.0000
2025-03-27 01:15:00;0.0000
2025-03-27 01:30:00;0.0000
2025-03-27 01:45:00;0.0000
2025-03-27 02:00:00;0.0000
2025-03-27 02:15:00;0.0000
2025-03-27 02:30:00;0.0000
2025-03-27 02:45:00;0.0000
2025-03-27 03:00:00;0.0000
2025-03-27 03:15:00;0.0000
2025-03-27 03:30:00;0.0000
2025-03-27 03:45:00;0.0000
2025-03-27 04:00:00;0.0000
2025-03-27 04:15:00;0.0000
2025-03-27 04:30:00;0.0000
2025-03-27 04:45:00;0.0000
2025-03-27 05:00:00;0.0000
2025-03-27 05:15:00;0.0000
2025-03-27 05:30:00;0.0000
2025-03-27 05:45:00;0.0000
2025-03-27 06:00:00;0.0000
2025-03-27 06:15:00;0.0000
2025-03-27 06:30:00;0.0000
2025-03-27 06:45:00;0.0000
2025-03-27 07:00:00;0.0000
2025-03-27 07:15:00;0.1861
2025-03-27 07:30:00;0.3959
2025-03-27 07:45:00;0.5636
2025-03-27 08:00:00;0.9176
2025-03-27 08:15:00;1.0626
2025-03-27 08:30:00;1.2819
2025-03-27 08:45:00;1.4329
2025-03-27 09:00:00;1.6661
2025-03-27 09:15:00;1.8874
2025-03-27 09:30:00;1.9881
2025-03-27 09:45:00;2.1897
2025-03-27 10:00:00;2.1228
2025-03-27 10:15:00;2.3359
2025-03-27 10:30:00;2.2212
2025-03-27 10:45:00;2.4262
2025-03-27 11:00:00;2.8750
2025-03-27 11:15:00;2.9606
2025-03-27 11:30:00;3.0813
2025-03-27 11:45:00;2.8399
2025-03-27 12:00:00;3.0680
2025-03-27 12:15:00;3.1950
2025-03-27 12:30:00;3.1935
2025-03-27 12:45:00;3.1791
2025-03-27 13:00:00;3.3287
2025-03-27 13:15:00;3.5763
2025-03-27 13:30:00;3.6148
2025-03-27 13:45:00;3.4290
2025-03-27 14:00:00;2.6779
2025-03-27 14:15:00;2.7610
2025-03-27 14:30:00;2.7205
2025-03-27 14:45:00;2.5938
2025-03-27 15:00:00;2.3253
2025-03-27 15:15:00;2.2872
2025-03-27 15:30:00;2.1796
2025-03-27 15:45:00;1.9970
2025-03-27 16:00:00;2.1862
2025-03-27 16:15:00;1.8735
2025-03-27 16:30:00;1.8406
2025-03-27 16:45:00;1.6779
2025-03-27 17:00:00;1.5327
2025-03-27 17:15:00;1.3452
2025-03-27 17:30:00;1.1253
2025-03-27 17:45:00;0.9661
2025-03-27 18:00:00;0.9129
2025-03-27 18:15:00;0.7045
2025-03-27 18:30:00;0.4496
2025-03-27 18:45:00;0.2237
2025-03-27 19:00:00;0.0000
2025-03-27 19:15:00;0.0000
2025-03-27 19:30:00;0.0000
2025-03-27 19:45:00;0.0000
2025-03-27 20:00:00;0.0000
2025-03-27 20:15:00;0.0000
2025-03-27 20:30:00;0.0000
2025-03-27 20:45:00;0.0000
2025-03-27 21:00:00;0.0000
2025-03-27 21:15:00;0.0000
2025-03-27 21:30:00;0.0000
2025-03-27 21:45:00;0.0000
2025-03-27 22:00:00;0.0000
2025-03-27 22:15:00;0.0000
2025-03-27 22:30:00;0.0000
2025-03-27 22:45:00;0.0000
2025-03-27 23:00:00;0.0000
2025-03-27 23:15:00;0.0000
2025-03-27 23:30:00;0.0000
2025-03-27 23:45:00;0.0000
2025-03-28 00:00:00;0.0000
2025-03-28 00:15:00;0.0000
2025-03-28 00:30:00;0.0000
2025-03-28 00:45:00;0.0000
2025-03-28 01:00:00;0.0000
2025-03-28 01:15:00;0.0000
2025-03-28 01:30:00;0.0000
2025-03-28 01:45:00;0.0000
2025-03-28 02:00:00;0.0000
2025-03-28 02:15:00;0.0000
2025-03-28 02:30:00;0.0000
2025-03-28 02:45:00;0.0000
2025-03-28 03:00:00;0.0000
2025-03-28 03:15:00;0.0000
2025-03-28 03:30:00;0.0000
2025-03-28 03:45:00;0.0000
2025-03-28 04:00:00;0.0000
2025-03-28 04:15:00;0.0000
2025-03-28 04:30:00;0.0000
2025-03-28 04:45:00;0.0000
2025-03-28 05:00:00;0.0000
2025-03-28 05:15:00;0.0000
2025-03-28 05:30:00;0.0000
2025-03-28 05:45:00;0.0000
2025-03-28 06:00:00;0.0000
2025-03-28 06:15:00;0.0000
2025-03-28 06:30:00;0.0000
2025-03-28 06:45:00;0.0000
2025-03-28 07:00:00;0.0000
2025-03-28 07:15:00;0.4558
2025-03-28 07:30:00;0.9194
2025-03-28 07:45:00;1.3329
2025-03-28 08:00:00;2.0640
2025-03-28 08:15:00;2.3647
2025-03-28 08:30:00;2.9169
2025-03-28 08:45:00;3.2645
2025-03-28 09:00:00;3.3112
2025-03-28 09:15:00;4.2073
2025-03-28 09:30:00;4.2933
2025-03-28 09:45:00;4.8841
2025-03-28 10:00:00;5.8233
2025-03-28 10:15:00;6.2120
2025-03-28 10:30:00;6.8540
2025-03-28 10:45:00;6.6922
2025-03-28 11:00:00;6.5136
2025-03-28 11:15:00;6.7353
2025-03-28 11:30:00;6.9520
2025-03-28 11:45:00;7.0922
2025-03-28 12:00:00;7.6240
2025-03-28 12:15:00;7.6030
2025-03-28 12:30:00;8.1641
2025-03-28 12:45:00;7.6448
2025-03-28 13:00:00;7.9350
2025-03-28 13:15:00;7.7256
2025-03-28 13:30:00;7.9329
2025-03-28 13:45:00;7.6532
2025-03-28 14:00:00;6.9026
2025-03-28 14:15:00;6.6194
2025-03-28 14:30:00;6.4659
2025-03-28 14:45:00;6.3014
2025-03-28 15:00:00;6.6712
2025-03-28 15:15:00;6.0296
2025-03-28 15:30:00;6.2500
2025-03-28 15:45:00;5.6113
2025-03-28 16:00:00;5.2377
2025-03-28 16:15:00;4.8936
2025-03-28 16:30:00;4.5048
2025-03-28 16:45:00;4.0685
2025-03-28 17:00:00;3.5810
2025-03-28 17:15:00;3.2223
2025-03-28 17:30:00;2.6408
2025-03-28 17:45:00;2.3776
2025-03-28 18:00:00;1.7940
2025-03-28 18:15:00;1.4025
2025-03-28 18:30:00;0.9046
2025-03-28 18:45:00;0.4766
2025-03-28 19:00:00;0.0000
2025-03-28 19:15:00;0.0000
2025-03-28 19:30:00;0.0000
2025-03-28 19:45:00;0.0000
2025-03-28 20:00:00;0.0000
2025-03-28 20:15:00;0.0000
2025-03-28 20:30:00;0.0000
2025-03-28 20:45:00;0.0000
2025-03-28 21:00:00;0.0000
2025-03-28 21:15:00;0.0000
2025-03-28 21:30:00;0.0000
2025-03-28 21:45:00;0.0000
2025-03-28 22:00:00;0.0000
2025-03-28 22:15:00;0.0000
2025-03-28 22:30:00;0.0000
2025-03-28 22:45:00;0.0000
2025-03-28 23:00:00;0.0000
2025-03-28 23:15:00;0.0000
2025-03-28 23:30:00;0.0000
2025-03-28 23:45:00;0.0000
2025-03-29 00:00:00;0.0000
2025-03-29 00:15:00;0.0000
2025-03-29 00:30:00;0.0000
2025-03-29 00:45:00;0.0000
2025-03-29 01:00:00;0.0000
2025-03-29 01:15:00;0.0000
2025-03-29 01:30:00;0.0000
2025-03-29 01:45:00;0.0000
2025-03-29 02:00:00;0.0000
2025-03-29 02:15:00;0.0000
2025-03-29 02:30:00;0.0000
2025-03-29 02:45:00;0.0000
2025-03-29 03:00:00;0.0000
2025-03-29 03:15:00;0.0000
2025-03-29 03:30:00;0.0000
2025-03-29 03:45:00;0.0000
2025-03-29 04:00:00;0.0000
2025-03-29 04:15:00;0.0000
2025-03-29 04:30:00;0.0000
2025-03-29 04:45:00;0.0000
2025-03-29 05:00:00;0.0000
2025-03-29 05:15:00;0.0000
2025-03-29 05:30:00;0.0000
2025-03-29 05:45:00;0.0000
2025-03-29 06:00:00;0.0000
2025-03-29 06:15:00;0.0000
2025-03-29 06:30:00;0.0000
2025-03-29 06:45:00;0.0000
2025-03-29 07:00:00;0.0000
2025-03-29 07:15:00;0.2086
2025-03-29 07:30:00;0.4343
2025-03-29 07:45:00;0.6275
2025-03-29 08:00:00;0.6530
2025-03-29 08:15:00;0.7885
2025-03-29 08:30:00;0.9798
2025-03-29 08:45:00;1.1016
2025-03-29 09:00:00;1.5408
2025-03-29 09:15:00;1.6550
2025-03-29 09:30:00;1.7940
2025-03-29 09:45:00;2.0052
2025-03-29 10:00:00;2.4128
2025-03-29 10:15:00;2.5683
2025-03-29 10:30:00;2.7316
2025-03-29 10:45:00;2.8787
2025-03-29 11:00:00;2.1861
2025-03-29 11:15:00;2.1865
2025-03-29 11:30:00;2.4134
2025-03-29 11:45:00;2.3150
2025-03-29 12:00:00;2.8408
2025-03-29 12:15:00;2.8865
2025-03-29 12:30:00;2.9865
2025-03-29 12:45:00;2.8710
2025-03-29 13:00:00;3.3477
2025-03-29 13:15:00;3.2500
2025-03-29 13:30:00;3.2119
2025-03-29 13:45:00;3.1949
2025-03-29 14:00:00;3.1374
2025-03-29 14:15:00;3.3981
2025-03-29 14:30:00;3.0624
2025-03-29 14:45:00;3.0717
2025-03-29 15:00:00;2.5496
2025-03-29 15:15:00;2.3936
2025-03-29 15:30:00;2.3603
2025-03-29 15:45:00;2.1126
2025-03-29 16:00:00;2.1780
2025-03-29 16:15:00;2.0326
2025-03-29 16:30:00;1.9080
2025-03-29 16:45:00;1.7764
2025-03-29 17:00:00;1.7913
2025-03-29 17:15:00;1.7153
2025-03-29 17:30:00;1.4276
2025-03-29 17:45:00;1.1705
2025-03-29 18:00:00;0.8842
2025-03-29 18:15:00;0.6770
2025-03-29 18:30:00;0.4428
2025-03-29 18:45:00;0.2164
2025-03-29 19:00:00;0.0000
2025-03-29 19:15:00;0.0000
2025-03-29 19:30:00;0.0000
2025-03-29 19:45:00;0.0000
2025-03-29 20:00:00;0.0000
2025-03-29 20:15:00;0.0000
2025-03-29 20:30:00;0.0000
2025-03-29 20:45:00;0.0000
2025-03-29 21:00:00;0.0000
2025-03-29 21:15:00;0.0000
2025-03-29 21:30:00;0.0000
2025-03-29 21:45:00;0.0000
2025-03-29 22:00:00;0.0000
2025-03-29 22:15:00;0.0000
2025-03-29 22:30:00;0.0000
2025-03-29 22:45:00;0.0000
2025-03-29 23:00:00;0.0000
2025-03-29 23:15:00;0.0000
2025-03-29 23:30:00;0.0000
2025-03-29 23:45:00;0.0000
2025-03-30 00:00:00;0.0000
2025-03-30 00:15:00;0.0000
2025-03-30 00:30:00;0.0000
2025-03-30 00:45:00;0.0000
2025-03-30 01:00:00;0.0000
2025-03-30 01:15:00;0.0000
2025-03-30 01:30:00;0.0000
2025-03-30 01:45:00;0.0000
2025-03-30 03:00:00;0.0000
2025-03-30 03:15:00;0.0000
2025-03-30 03:30:00;0.0000
2025-03-30 03:45:00;0.0000
2025-03-30 04:00:00;0.0000
2025-03-30 04:15:00;0.0000
2025-03-30 04:30:00;0.0000
2025-03-30 04:45:00;0.0000
2025-03-30 05:00:00;0.0000
2025-03-30 05:15:00;0.0000
2025-03-30 05:30:00;0.0000
2025-03-30 05:45:00;0.0000
2025-03-30 06:00:00;0.0000
2025-03-30 06:15:00;0.0000
2025-03-30 06:30:00;0.0000
2025-03-30 06:45:00;0.0000
2025-03-30 07:00:00;0.0000
2025-03-30 07:15:00;1.3049
2025-03-30 07:30:00;2.5832
2025-03-30 07:45:00;3.8288
2025-03-30 08:00:00;5.3105
2025-03-30 08:15:00;6.5865
2025-03-30 08:30:00;8.1371
2025-03-30 08:45:00;9.4079
2025-03-30 09:00:00;5.4082
2025-03-30 09:15:00;6.1276
2025-03-30 09:30:00;6.8941
2025-03-30 09:45:00;7.7142
2025-03-30 10:00:00;13.1304
2025-03-30 10:15:00;14.5438
2025-03-30 10:30:00;15.2396
2025-03-30 10:45:00;16.4735
2025-03-30 11:00:00;18.5066
2025-03-30 11:15:00;20.1432
2025-03-30 11:30:00;20.0731
2025-03-30 11:45:00;21.4597
2025-03-30 12:00:00;22.1097
2025-03-30 12:15:00;22.7550
2025-03-30 12:30:00;23.3397
2025-03-30 12:45:00;23.1563
2025-03-30 13:00:00;22.1849
2025-03-30 13:15:00;22.8481
2025-03-30 13:30:00;22.5645
2025-03-30 13:45:00;21.9413
2025-03-30 14:00:00;19.7910
2025-03-30 14:15:00;18.8073
2025-03-30 14:30:00;18.9109
2025-03-30 14:45:00;18.6843
2025-03-30 15:00:00;10.6748
2025-03-30 15:15:00;10.0988
2025-03-30 15:30:00;9.2511
2025-03-30 15:45:00;8.2447
2025-03-30 16:00:00;9.1913
2025-03-30 16:15:00;8.8609
2025-03-30 16:30:00;7.6551
2025-03-30 16:45:00;7.3030
2025-03-30 17:00:00;5.3783
2025-03-30 17:15:00;4.7509
2025-03-30 17:30:00;4.1768
2025-03-30 17:45:00;3.5187
2025-03-30 18:00:00;5.6042
2025-03-30 18:15:00;4.0385
2025-03-30 18:30:00;2.8836
2025-03-30 18:45:00;1.4079
2025-03-30 19:00:00;0.0000
2025-03-30 19:15:00;0.0000
2025-03-30 19:30:00;0.0000
2025-03-30 19:45:00;0.0000
2025-03-30 20:00:00;0.0000
2025-03-30 20:15:00;0.0000
2025-03-30 20:30:00;0.0000
2025-03-30 20:45:00;0.0000
2025-03-30 21:00:00;0.0000
2025-03-30 21:15:00;0.0000
2025-03-30 21:30:00;0.0000
2025-03-30 21:45:00;0.0000
2025-03-30 22:00:00;0.0000
2025-03-30 22:15:00;0.0000
2025-03-30 22:30:00;0.0000
2025-03-30 22:45:00;0.0000
2025-03-30 23:00:00;0.0000
2025-03-30 23:15:00;0.0000
2025-03-30 23:30:00;0.0000
2025-03-30 23:45:00;0.0000
2025-03-31 00:00:00;0.0000
2025-03-31 00:15:00;0.0000
2025-03-31 00:30:00;0.0000
2025-03-31 00:45:00;0.0000
2025-03-31 01:00:00;0.0000
2025-03-31 01:15:00;0.0000
2025-03-31 01:30:00;0.0000
2025-03-31 01:45:00;0.0000
2025-03-31 02:00:00;0.0000
2025-03-31 02:15:00;0.0000
2025-03-31 02:30:00;0.0000
2025-03-31 02:45:00;0.0000
2025-03-31 03:00:00;0.0000
2025-03-31 03:15:00;0.0000
2025-03-31 03:30:00;0.0000
2025-03-31 03:45:00;0.0000
2025-03-31 04:00:00;0.0000
2025-03-31 04:15:00;0.0000
2025-03-31 04:30:00;0.0000
2025-03-31 04:45:00;0.0000
2025-03-31 05:00:00;0.0000
2025-03-31 05:15:00;0.0000
2025-03-31 05:30:00;0.0000
2025-03-31 05:45:00;0.0000
2025-03-31 06:00:00;0.0000
2025-03-31 06:15:00;0.0000
2025-03-31 06:30:00;0.0000
2025-03-31 06:45:00;0.0000
2025-03-31 07:00:00;0.0000
2025-03-31 07:15:00;1.1975
2025-03-31 07:30:00;2.4042
2025-03-31 07:45:00;3.7456
2025-03-31 08:00:00;5.1453
2025-03-31 08:15:00;6.1196
2025-03-31 08:30:00;7.4651
2025-03-31 08:45:00;8.7233
2025-03-31 09:00:00;10.4315
2025-03-31 09:15:00;11.2926
2025-03-31 09:30:00;13.5461
2025-03-31 09:45:00;14.0598
2025-03-31 10:00:00;13.7692
2025-03-31 10:15:00;14.4377
2025-03-31 10:30:00;14.9107
2025-03-31 10:45:00;16.3446
2025-03-31 11:00:00;15.0019
2025-03-31 11:15:00;15.0411
2025-03-31 11:30:00;14.8675
2025-03-31 11:45:00;16.7126
2025-03-31 12:00:00;10.8639
2025-03-31 12:15:00;10.8453
2025-03-31 12:30:00;10.7965
2025-03-31 12:45:00;10.7584
2025-03-31 13:00:00;21.4414
2025-03-31 13:15:00;22.2234
2025-03-31 13:30:00;20.0286
2025-03-31 13:45:00;20.2678
2025-03-31 14:00:00;21.0861
2025-03-31 14:15:00;22.0243
2025-03-31 14:30:00;21.4011
2025-03-31 14:45:00;20.5414
2025-03-31 15:00:00;18.7883
2025-03-31 15:15:00;17.3825
2025-03-31 15:30:00;16.9002
2025-03-31 15:45:00;15.4876
2025-03-31 16:00:00;12.5447
2025-03-31 16:15:00;12.3362
2025-03-31 16:30:00;11.4376
2025-03-31 16:45:00;10.8745
2025-03-31 17:00:00;5.8891
2025-03-31 17:15:00;5.0361
2025-03-31 17:30:00;4.3322
2025-03-31 17:45:00;3.5723
2025-03-31 18:00:00;4.5061
2025-03-31 18:15:00;3.3226
2025-03-31 18:30:00;2.2019
2025-03-31 18:45:00;1.0908
2025-03-31 19:00:00;0.0000
2025-03-31 19:15:00;0.0000
2025-03-31 19:30:00;0.0000
2025-03-31 19:45:00;0.0000
2025-03-31 20:00:00;0.0000
2025-03-31 20:15:00;0.0000
2025-03-31 20:30:00;0.0000
2025-03-31 20:45:00;0.0000
2025-03-31 21:00:00;0.0000
2025-03-31 21:15:00;0.0000
2025-03-31 21:30:00;0.0000
2025-03-31 21:45:00;0.0000
2025-03-31 22:00:00;0.0000
2025-03-31 22:15:00;0.0000
2025-03-31 22:30:00;0.0000
2025-03-31 22:45:00;0.0000
2025-03-31 23:00:00;0.0000
2025-03-31 23:15:00;0.0000
2025-03-31 23:30:00;0.0000
2025-03-31 23:45:00;0.0000
2025-04-01 00:00:00;0.0000
2025-04-01 00:15:00;0.0000
2025-04-01 00:30:00;0.0000
2025-04-01 00:45:00;0.0000
2025-04-01 01:00:00;0.0000
2025-04-01 01:15:00;0.0000
2025-04-01 01:30:00;0.0000
2025-04-01 01:45:00;0.0000
2025-04-01 02:00:00;0.0000
2025-04-01 02:15:00;0.0000
2025-04-01 02:30:00;0.0000
2025-04-01 02:45:00;0.0000
2025-04-01 03:00:00;0.0000
2025-04-01 03:15:00;0.0000
2025-04-01 03:30:00;0.0000
2025-04-01 03:45:00;0.0000
2025-04-01 04:00:00;0.0000
2025-04-01 04:15:00;0.0000
2025-04-01 04:30:00;0.0000
2025-04-01 04:45:00;0.0000
2025-04-01 05:00:00;0.0000
2025-04-01 05:15:00;0.0000
2025-04-01 05:30:00;0.0000
2025-04-01 05:45:00;0.0000
2025-04-01 06:00:00;0.0000
2025-04-01 06:15:00;0.0000
2025-04-01 06:30:00;0.0000
2025-04-01 06:45:00;0.0000
2025-04-01 07:00:00;1.3096
2025-04-01 07:15:00;2.6287
2025-04-01 07:30:00;3.8081
2025-04-01 07:45:00;5.0421
2025-04-01 08:00:00;7.6279
2025-04-01 08:15:00;9.7121
2025-04-01 08:30:00;10.9713
2025-04-01 08:45:00;11.9583
2025-04-01 09:00:00;12.6960
2025-04-01 09:15:00;13.7870
2025-04-01 09:30:00;14.8441
2025-04-01 09:45:00;15.5073
2025-04-01 10:00:00;15.8450
2025-04-01 10:15:00;16.6013
2025-04-01 10:30:00;19.2519
2025-04-01 10:45:00;20.0928
2025-04-01 11:00:00;22.6845
2025-04-01 11:15:00;22.5824
2025-04-01 11:30:00;22.3281
2025-04-01 11:45:00;22.8050
2025-04-01 12:00:00;11.4148
2025-04-01 12:15:00;11.6115
2025-04-01 12:30:00;12.6280
2025-04-01 12:45:00;12.5857
2025-04-01 13:00:00;27.0887
2025-04-01 13:15:00;27.1214
2025-04-01 13:30:00;29.0558
2025-04-01 13:45:00;26.6657
2025-04-01 14:00:00;9.8573
2025-04-01 14:15:00;10.0298
2025-04-01 14:30:00;9.8215
2025-04-01 14:45:00;9.9964
2025-04-01 15:00:00;16.7637
2025-04-01 15:15:00;17.0759
2025-04-01 15:30:00;17.4673
2025-04-01 15:45:00;16.2461
2025-04-01 16:00:00;21.2253
2025-04-01 16:15:00;21.1649
2025-04-01 16:30:00;19.8959
2025-04-01 16:45:00;19.4699
2025-04-01 17:00:00;17.0566
2025-04-01 17:15:00;15.5530
2025-04-01 17:30:00;13.7005
2025-04-01 17:45:00;13.0141
2025-04-01 18:00:00;8.1675
2025-04-01 18:15:00;7.8152
2025-04-01 18:30:00;6.5579
2025-04-01 18:45:00;5.8330
2025-04-01 19:00:00;7.1688
2025-04-01 19:15:00;5.7817
2025-04-01 19:30:00;4.8456
2025-04-01 19:45:00;3.4168
2025-04-01 20:00:00;2.9701
2025-04-01 20:15:00;1.5495
2025-04-01 20:30:00;0.0000
2025-04-01 20:45:00;0.0000
2025-04-01 21:00:00;0.0000
2025-04-01 21:15:00;0.0000
2025-04-01 21:30:00;0.0000
2025-04-01 21:45:00;0.0000
2025-04-01 22:00:00;0.0000
2025-04-01 22:15:00;0.0000
2025-04-01 22:30:00;0.0000
2025-04-01 22:45:00;0.0000
2025-04-01 23:00:00;0.0000
2025-04-01 23:15:00;0.0000
2025-04-01 23:30:00;0.0000
2025-04-01 23:45:00;0.0000
2025-04-02 00:00:00;0.0000
2025-04-02 00:15:00;0.0000
2025-04-02 00:30:00;0.0000
2025-04-02 00:45:00;0.0000
2025-04-02 01:00:00;0.0000
2025-04-02 01:15:00;0.0000
2025-04-02 01:30:00;0.0000
2025-04-02 01:45:00;0.0000
2025-04-02 02:00:00;0.0000
2025-04-02 02:15:00;0.0000
2025-04-02 02:30:00;0.0000
2025-04-02 02:45:00;0.0000
2025-04-02 03:00:00;0.0000
2025-04-02 03:15:00;0.0000
2025-04-02 03:30:00;0.0000
2025-04-02 03:45:00;0.0000
2025-04-02 04:00:00;0.0000
2025-04-02 04:15:00;0.0000
2025-04-02 04:30:00;0.0000
2025-04-02 04:45:00;0.0000
2025-04-02 05:00:00;0.0000
2025-04-02 05:15:00;0.0000
2025-04-02 05:30:00;0.0000
2025-04-02 05:45:00;0.0000
2025-04-02 06:00:00;0.0000
2025-04-02 06:15:00;0.0000
2025-04-02 06:30:00;0.0000
2025-04-02 06:45:00;0.0000
2025-04-02 07:00:00;0.2086
2025-04-02 07:15:00;0.4442
2025-04-02 07:30:00;0.6841
2025-04-02 07:45:00;0.8979
2025-04-02 08:00:00;1.2318
2025-04-02 08:15:00;1.4315
2025-04-02 08:30:00;1.7903
2025-04-02 08:45:00;1.9247
2025-04-02 09:00:00;1.6167
2025-04-02 09:15:00;1.7638
2025-04-02 09:30:00;1.9706
2025-04-02 09:45:00;2.2125
2025-04-02 10:00:00;2.7682
2025-04-02 10:15:00;2.9782
2025-04-02 10:30:00;3.0575
2025-04-02 10:45:00;3.2260
2025-04-02 11:00:00;3.3241
2025-04-02 11:15:00;3.4063
2025-04-02 11:30:00;3.7323
2025-04-02 11:45:00;3.8802
2025-04-02 12:00:00;4.3136
2025-04-02 12:15:00;4.4504
2025-04-02 12:30:00;4.3021
2025-04-02 12:45:00;4.5662
2025-04-02 13:00:00;3.8949
2025-04-02 13:15:00;3.8903
2025-04-02 13:30:00;3.9617
2025-04-02 13:45:00;3.9054
2025-04-02 14:00:00;3.8453
2025-04-02 14:15:00;3.8128
2025-04-02 14:30:00;3.6500
2025-04-02 14:45:00;3.8647
2025-04-02 15:00:00;3.6423
2025-04-02 15:15:00;3.8386
2025-04-02 15:30:00;3.7100
2025-04-02 15:45:00;3.7425
2025-04-02 16:00:00;3.3361
2025-04-02 16:15:00;3.2904
2025-04-02 16:30:00;2.8897
2025-04-02 16:45:00;3.0114
2025-04-02 17:00:00;2.8575
2025-04-02 17:15:00;2.7045
2025-04-02 17:30:00;2.5227
2025-04-02 17:45:00;2.3097
2025-04-02 18:00:00;2.3066
2025-04-02 18:15:00;1.9799
2025-04-02 18:30:00;1.8709
2025-04-02 18:45:00;1.6508
2025-04-02 19:00:00;1.3580
2025-04-02 19:15:00;1.2085
2025-04-02 19:30:00;0.9661
2025-04-02 19:45:00;0.7270
2025-04-02 20:00:00;0.4084
2025-04-02 20:15:00;0.2068
2025-04-02 20:30:00;0.0000
2025-04-02 20:45:00;0.0000
2025-04-02 21:00:00;0.0000
2025-04-02 21:15:00;0.0000
2025-04-02 21:30:00;0.0000
2025-04-02 21:45:00;0.0000
2025-04-02 22:00:00;0.0000
2025-04-02 22:15:00;0.0000
2025-04-02 22:30:00;0.0000
2025-04-02 22:45:00;0.0000
2025-04-02 23:00:00;0.0000
2025-04-02 23:15:00;0.0000
2025-04-02 23:30:00;0.0000
2025-04-02 23:45:00;0.0000
2025-04-03 00:00:00;0.0000
2025-04-03 00:15:00;0.0000
2025-04-03 00:30:00;0.0000
2025-04-03 00:45:00;0.0000
2025-04-03 01:00:00;0.0000
2025-04-03 01:15:00;0.0000
2025-04-03 01:30:00;0.0000
2025-04-03 01:45:00;0.0000
2025-04-03 02:00:00;0.0000
2025-04-03 02:15:00;0.0000
2025-04-03 02:30:00;0.0000
2025-04-03 02:45:00;0.0000
2025-04-03 03:00:00;0.0000
2025-04-03 03:15:00;0.0000
2025-04-03 03:30:00;0.0000
2025-04-03 03:45:00;0.0000
2025-04-03 04:00:00;0.0000
2025-04-03 04:15:00;0.0000
2025-04-03 04:30:00;0.0000
2025-04-03 04:45:00;0.0000
2025-04-03 05:00:00;0.0000
2025-04-03 05:15:00;0.0000
2025-04-03 05:30:00;0.0000
2025-04-03 05:45:00;0.0000
2025-04-03 06:00:00;0.0000
2025-04-03 06:15:00;0.0000
2025-04-03 06:30:00;0.0000
2025-04-03 06:45:00;0.0000
2025-04-03 07:00:00;0.5828
2025-04-03 07:15:00;1.1506
2025-04-03 07:30:00;1.5950
2025-04-03 07:45:00;2.3582
2025-04-03 08:00:00;2.8707
2025-04-03 08:15:00;3.2318
2025-04-03 08:30:00;3.5483
2025-04-03 08:45:00;4.2450
2025-04-03 09:00:00;4.9686
2025-04-03 09:15:00;5.6587
2025-04-03 09:30:00;6.3097
2025-04-03 09:45:00;6.6152
2025-04-03 10:00:00;5.7576
2025-04-03 10:15:00;6.3326
2025-04-03 10:30:00;6.6331
2025-04-03 10:45:00;7.1903
2025-04-03 11:00:00;8.6602
2025-04-03 11:15:00;9.0080
2025-04-03 11:30:00;9.0369
2025-04-03 11:45:00;9.5954
2025-04-03 12:00:00;10.8852
2025-04-03 12:15:00;10.8978
2025-04-03 12:30:00;11.2868
2025-04-03 12:45:00;11.5779
2025-04-03 13:00:00;9.4276
2025-04-03 13:15:00;9.8235
2025-04-03 13:30:00;10.0650
2025-04-03 13:45:00;9.9079
2025-04-03 14:00:00;9.5751
2025-04-03 14:15:00;9.3016
2025-04-03 14:30:00;9.0791
2025-04-03 14:45:00;9.0610
2025-04-03 15:00:00;9.7103
2025-04-03 15:15:00;10.0525
2025-04-03 15:30:00;8.9610
2025-04-03 15:45:00;8.8239
2025-04-03 16:00:00;7.9299
2025-04-03 16:15:00;7.4728
2025-04-03 16:30:00;7.4213
2025-04-03 16:45:00;6.6624
2025-04-03 17:00:00;7.8093
2025-04-03 17:15:00;7.4298
2025-04-03 17:30:00;6.6879
2025-04-03 17:45:00;5.8971
2025-04-03 18:00:00;5.8549
2025-04-03 18:15:00;5.2220
2025-04-03 18:30:00;4.5610
2025-04-03 18:45:00;4.0331
2025-04-03 19:00:00;3.1976
2025-04-03 19:15:00;2.5219
2025-04-03 19:30:00;2.1244
2025-04-03 19:45:00;1.6245
2025-04-03 20:00:00;1.1349
2025-04-03 20:15:00;0.5750
2025-04-03 20:30:00;0.0000
2025-04-03 20:45:00;0.0000
2025-04-03 21:00:00;0.0000
2025-04-03 21:15:00;0.0000
2025-04-03 21:30:00;0.0000
2025-04-03 21:45:00;0.0000
2025-04-03 22:00:00;0.0000
2025-04-03 22:15:00;0.0000
2025-04-03 22:30:00;0.0000
2025-04-03 22:45:00;0.0000
2025-04-03 23:00:00;0.0000
2025-04-03 23:15:00;0.0000
2025-04-03 23:30:00;0.0000
2025-04-03 23:45:00;0.0000
2025-04-04 00:00:00;0.0000
2025-04-04 00:15:00;0.0000
2025-04-04 00:30:00;0.0000
2025-04-04 00:45:00;0.0000
2025-04-04 01:00:00;0.0000
2025-04-04 01:15:00;0.0000
2025-04-04 01:30:00;0.0000
2025-04-04 01:45:00;0.0000
2025-04-04 02:00:00;0.0000
2025-04-04 02:15:00;0.0000
2025-04-04 02:30:00;0.0000
2025-04-04 02:45:00;0.0000
2025-04-04 03:00:00;0.0000
2025-04-04 03:15:00;0.0000
2025-04-04 03:30:00;0.0000
2025-04-04 03:45:00;0.0000
2025-04-04 04:00:00;0.0000
2025-04-04 04:15:00;0.0000
2025-04-04 04:30:00;0.0000
2025-04-04 04:45:00;0.0000
2025-04-04 05:00:00;0.0000
2025-04-04 05:15:00;0.0000
2025-04-04 05:30:00;0.0000
2025-04-04 05:45:00;0.0000
2025-04-04 06:00:00;0.0000
2025-04-04 06:15:00;0.0000
2025-04-04 06:30:00;0.0000
2025-04-04 06:45:00;0.0000
2025-04-04 07:00:00;0.2232
2025-04-04 07:15:00;0.4198
2025-04-04 07:30:00;0.6476
2025-04-04 07:45:00;0.8680
2025-04-04 08:00:00;1.0387
2025-04-04 08:15:00;1.2225
2025-04-04 08:30:00;1.4585
2025-04-04 08:45:00;1.6048
2025-04-04 09:00:00;2.0489
2025-04-04 09:15:00;2.2109
2025-04-04 09:30:00;2.3283
2025-04-04 09:45:00;2.5671
2025-04-04 10:00:00;2.8122
2025-04-04 10:15:00;2.9835
2025-04-04 10:30:00;3.1053
2025-04-04 10:45:00;3.3669
2025-04-04 11:00:00;3.4044
2025-04-04 11:15:00;3.5585
2025-04-04 11:30:00;3.5872
2025-04-04 11:45:00;3.6705
2025-04-04 12:00:00;3.8287
2025-04-04 12:15:00;3.7951
2025-04-04 12:30:00;3.8881
2025-04-04 12:45:00;4.0339
2025-04-04 13:00:00;3.6416
2025-04-04 13:15:00;3.8009
2025-04-04 13:30:00;3.5261
2025-04-04 13:45:00;3.5565
2025-04-04 14:00:00;4.2301
2025-04-04 14:15:00;4.2220
2025-04-04 14:30:00;4.2286
2025-04-04 14:45:00;4.1145
2025-04-04 15:00:00;3.8623
2025-04-04 15:15:00;4.0535
2025-04-04 15:30:00;3.6583
2025-04-04 15:45:00;3.7370
2025-04-04 16:00:00;2.9428
2025-04-04 16:15:00;2.8363
2025-04-04 16:30:00;2.5314
2025-04-04 16:45:00;2.5484
2025-04-04 17:00:00;3.1676
2025-04-04 17:15:00;3.0502
2025-04-04 17:30:00;2.7206
2025-04-04 17:45:00;2.5322
2025-04-04 18:00:00;2.1111
2025-04-04 18:15:00;1.9745
2025-04-04 18:30:00;1.6856
2025-04-04 18:45:00;1.5435
2025-04-04 19:00:00;1.3209
2025-04-04 19:15:00;1.1698
2025-04-04 19:30:00;0.9673
2025-04-04 19:45:00;0.7145
2025-04-04 20:00:00;0.5148
2025-04-04 20:15:00;0.2473
2025-04-04 20:30:00;0.0000
2025-04-04 20:45:00;0.0000
2025-04-04 21:00:00;0.0000
2025-04-04 21:15:00;0.0000
2025-04-04 21:30:00;0.0000
2025-04-04 21:45:00;0.0000
2025-04-04 22:00:00;0.0000
2025-04-04 22:15:00;0.0000
2025-04-04 22:30:00;0.0000
2025-04-04 22:45:00;0.0000
2025-04-04 23:00:00;0.0000
2025-04-04 23:15:00;0.0000
2025-04-04 23:30:00;0.0000
2025-04-04 23:45:00;0.0000
2025-04-05 00:00:00;0.0000
2025-04-05 00:15:00;0.0000
2025-04-05 00:30:00;0.0000
2025-04-05 00:45:00;0.0000
2025-04-05 01:00:00;0.0000
2025-04-05 01:15:00;0.0000
2025-04-05 01:30:00;0.0000
2025-04-05 01:45:00;0.0000
2025-04-05 02:00:00;0.0000
2025-04-05 02:15:00;0.0000
2025-04-05 02:30:00;0.0000
2025-04-05 02:45:00;0.0000
2025-04-05 03:00:00;0.0000
2025-04-05 03:15:00;0.0000
2025-04-05 03:30:00;0.0000
2025-04-05 03:45:00;0.0000
2025-04-05 04:00:00;0.0000
2025-04-05 04:15:00;0.0000
2025-04-05 04:30:00;0.0000
2025-04-05 04:45:00;0.0000
2025-04-05 05:00:00;0.0000
2025-04-05 05:15:00;0.0000
2025-04-05 05:30:00;0.0000
2025-04-05 05:45:00;0.0000
2025-04-05 06:00:00;0.0000
2025-04-05 06:15:00;0.0000
2025-04-05 06:30:00;0.0000
2025-04-05 06:45:00;0.0000
2025-04-05 07:00:00;1.4149
2025-04-05 07:15:00;2.5929
2025-04-05 07:30:00;3.9959
2025-04-05 07:45:00;5.3248
2025-04-05 08:00:00;7.5235
2025-04-05 08:15:00;9.2206
2025-04-05 08:30:00;10.7005
2025-04-05 08:45:00;12.2545
2025-04-05 09:00:00;12.2992
2025-04-05 09:15:00;13.7767
2025-04-05 09:30:00;15.1908
2025-04-05 09:45:00;16.4526
2025-04-05 10:00:00;16.9332
2025-04-05 10:15:00;18.0845
2025-04-05 10:30:00;17.8863
2025-04-05 10:45:00;20.2568
2025-04-05 11:00:00;20.6720
2025-04-05 11:15:00;21.1692
2025-04-05 11:30:00;21.5658
2025-04-05 11:45:00;21.8748
2025-04-05 12:00:00;24.4817
2025-04-05 12:15:00;25.3197
2025-04-05 12:30:00;25.0685
2025-04-05 12:45:00;25.3972
2025-04-05 13:00:00;26.0038
2025-04-05 13:15:00;24.9636
2025-04-05 13:30:00;26.5001
2025-04-05 13:45:00;25.7319
2025-04-05 14:00:00;11.9210
2025-04-05 14:15:00;12.1173
2025-04-05 14:30:00;11.9215
2025-04-05 14:45:00;10.8734
2025-04-05 15:00:00;23.2233
2025-04-05 15:15:00;23.0018
2025-04-05 15:30:00;22.4829
2025-04-05 15:45:00;20.1843
2025-04-05 16:00:00;22.6161
2025-04-05 16:15:00;22.2191
2025-04-05 16:30:00;22.2140
2025-04-05 16:45:00;21.6025
2025-04-05 17:00:00;19.9508
2025-04-05 17:15:00;18.6398
2025-04-05 17:30:00;17.0386
2025-04-05 17:45:00;16.1878
2025-04-05 18:00:00;14.0651
2025-04-05 18:15:00;12.9283
2025-04-05 18:30:00;11.5102
2025-04-05 18:45:00;9.9680
2025-04-05 19:00:00;9.6109
2025-04-05 19:15:00;7.5222
2025-04-05 19:30:00;5.7814
2025-04-05 19:45:00;4.5551
2025-04-05 20:00:00;1.2965
2025-04-05 20:15:00;0.6474
2025-04-05 20:30:00;0.0000
2025-04-05 20:45:00;0.0000
2025-04-05 21:00:00;0.0000
2025-04-05 21:15:00;0.0000
2025-04-05 21:30:00;0.0000
2025-04-05 21:45:00;0.0000
2025-04-05 22:00:00;0.0000
2025-04-05 22:15:00;0.0000
2025-04-05 22:30:00;0.0000
2025-04-05 22:45:00;0.0000
2025-04-05 23:00:00;0.0000
2025-04-05 23:15:00;0.0000
2025-04-05 23:30:00;0.0000
2025-04-05 23:45:00;0.0000
2025-04-06 00:00:00;0.0000
2025-04-06 00:15:00;0.0000
2025-04-06 00:30:00;0.0000
2025-04-06 00:45:00;0.0000
2025-04-06 01:00:00;0.0000
2025-04-06 01:15:00;0.0000
2025-04-06 01:30:00;0.0000
2025-04-06 01:45:00;0.0000
2025-04-06 02:00:00;0.0000
2025-04-06 02:15:00;0.0000
2025-04-06 02:30:00;0.0000
2025-04-06 02:45:00;0.0000
2025-04-06 03:00:00;0.0000
2025-04-06 03:15:00;0.0000
2025-04-06 03:30:00;0.0000
2025-04-06 03:45:00;0.0000
2025-04-06 04:00:00;0.0000
2025-04-06 04:15:00;0.0000
2025-04-06 04:30:00;0.0000
2025-04-06 04:45:00;0.0000
2025-04-06 05:00:00;0.0000
2025-04-06 05:15:00;0.0000
2025-04-06 05:30:00;0.0000
2025-04-06 05:45:00;0.0000
2025-04-06 06:00:00;0.0000
2025-04-06 06:15:00;0.0000
2025-04-06 06:30:00;0.0000
2025-04-06 06:45:00;0.0000
2025-04-06 07:00:00;0.2433
2025-04-06 07:15:00;0.4788
2025-04-06 07:30:00;0.7552
2025-04-06 07:45:00;0.9405
2025-04-06 08:00:00;1.1239
2025-04-06 08:15:00;1.4374
2025-04-06 08:30:00;1.6743
2025-04-06 08:45:00;1.8261
2025-04-06 09:00:00;1.7082
2025-04-06 09:15:00;1.9527
2025-04-06 09:30:00;2.1448
2025-04-06 09:45:00;2.2427
2025-04-06 10:00:00;2.6870
2025-04-06 10:15:00;2.8731
2025-04-06 10:30:00;3.1257
2025-04-06 10:45:00;3.2262
2025-04-06 11:00:00;3.4375
2025-04-06 11:15:00;3.6863
2025-04-06 11:30:00;3.6146
2025-04-06 11:45:00;3.7573
2025-04-06 12:00:00;3.6583
2025-04-06 12:15:00;3.7306
2025-04-06 12:30:00;4.0600
2025-04-06 12:45:00;4.0909
2025-04-06 13:00:00;4.3181
2025-04-06 13:15:00;4.7427
2025-04-06 13:30:00;4.3435
2025-04-06 13:45:00;4.5742
2025-04-06 14:00:00;4.6105
2025-04-06 14:15:00;4.2078
2025-04-06 14:30:00;4.2694
2025-04-06 14:45:00;4.2438
2025-04-06 15:00:00;4.1759
2025-04-06 15:15:00;3.7286
2025-04-06 15:30:00;3.8353
2025-04-06 15:45:00;4.0666
2025-04-06 16:00:00;3.2410
2025-04-06 16:15:00;3.1639
2025-04-06 16:30:00;3.0514
2025-04-06 16:45:00;3.0227
2025-04-06 17:00:00;2.9024
2025-04-06 17:15:00;2.7876
2025-04-06 17:30:00;2.5308
2025-04-06 17:45:00;2.2688
2025-04-06 18:00:00;1.9778
2025-04-06 18:15:00;1.7473
2025-04-06 18:30:00;1.6694
2025-04-06 18:45:00;1.4420
2025-04-06 19:00:00;1.4061
2025-04-06 19:15:00;1.1783
2025-04-06 19:30:00;0.9447
2025-04-06 19:45:00;0.6991
2025-04-06 20:00:00;0.4605
2025-04-06 20:15:00;0.2247
2025-04-06 20:30:00;0.0000
2025-04-06 20:45:00;0.0000
2025-04-06 21:00:00;0.0000
2025-04-06 21:15:00;0.0000
2025-04-06 21:30:00;0.0000
2025-04-06 21:45:00;0.0000
2025-04-06 22:00:00;0.0000
2025-04-06 22:15:00;0.0000
2025-04-06 22:30:00;0.0000
2025-04-06 22:45:00;0.0000
2025-04-06 23:00:00;0.0000
2025-04-06 23:15:00;0.0000
2025-04-06 23:30:00;0.0000
2025-04-06 23:45:00;0.0000
2025-04-07 00:00:00;0.0000
2025-04-07 00:15:00;0.0000
2025-04-07 00:30:00;0.0000
2025-04-07 00:45:00;0.0000
2025-04-07 01:00:00;0.0000
2025-04-07 01:15:00;0.0000
2025-04-07 01:30:00;0.0000
2025-04-07 01:45:00;0.0000
2025-04-07 02:00:00;0.0000
2025-04-07 02:15:00;0.0000
2025-04-07 02:30:00;0.0000
2025-04-07 02:45:00;0.0000
2025-04-07 03:00:00;0.0000
2025-04-07 03:15:00;0.0000
2025-04-07 03:30:00;0.0000
2025-04-07 03:45:00;0.0000
2025-04-07 04:00:00;0.0000
2025-04-07 04:15:00;0.0000
2025-04-07 04:30:00;0.0000
2025-04-07 04:45:00;0.0000
2025-04-07 05:00:00;0.0000
2025-04-07 05:15:00;0.0000
2025-04-07 05:30:00;0.0000
2025-04-07 05:45:00;0.0000
2025-04-07 06:00:00;0.0000
2025-04-07 06:15:00;0.0000
2025-04-07 06:30:00;0.0000
2025-04-07 06:45:00;0.0000
2025-04-07 07:00:00;1.6954
2025-04-07 07:15:00;3.5795
2025-04-07 07:30:00;5.1034
2025-04-07 07:45:00;6.7667
2025-04-07 08:00:00;4.6314
2025-04-07 08:15:00;6.1559
2025-04-07 08:30:00;6.6338
2025-04-07 08:45:00;7.4769
2025-04-07 09:00:00;12.4966
2025-04-07 09:15:00;14.3515
2025-04-07 09:30:00;15.3976
2025-04-07 09:45:00;17.0515
2025-04-07 10:00:00;8.3271
2025-04-07 10:15:00;9.1534
2025-04-07 10:30:00;9.5638
2025-04-07 10:45:00;9.8484
2025-04-07 11:00:00;21.0775
2025-04-07 11:15:00;20.5547
2025-04-07 11:30:00;21.7436
2025-04-07 11:45:00;22.1756
2025-04-07 12:00:00;28.8447
2025-04-07 12:15:00;30.5169
2025-04-07 12:30:00;28.8137
2025-04-07 12:45:00;31.1297
2025-04-07 13:00:00;26.5297
2025-04-07 13:15:00;26.1493
2025-04-07 13:30:00;26.8284
2025-04-07 13:45:00;26.4083
2025-04-07 14:00:00;23.9209
2025-04-07 14:15:00;24.8076
2025-04-07 14:30:00;25.1234
2025-04-07 14:45:00;22.5515
2025-04-07 15:00:00;21.9671
2025-04-07 15:15:00;21.1164
2025-04-07 15:30:00;20.1836
2025-04-07 15:45:00;20.4192
2025-04-07 16:00:00;18.2010
2025-04-07 16:15:00;16.8364
2025-04-07 16:30:00;15.6323
2025-04-07 16:45:00;14.8085
2025-04-07 17:00:00;18.6094
2025-04-07 17:15:00;16.6069
2025-04-07 17:30:00;15.9615
2025-04-07 17:45:00;15.1289
2025-04-07 18:00:00;11.8622
2025-04-07 18:15:00;10.5327
2025-04-07 18:30:00;9.8373
2025-04-07 18:45:00;8.7797
2025-04-07 19:00:00;8.2337
2025-04-07 19:15:00;6.9026
2025-04-07 19:30:00;5.6892
2025-04-07 19:45:00;4.0748
2025-04-07 20:00:00;3.0017
2025-04-07 20:15:00;1.5673
2025-04-07 20:30:00;0.0000
2025-04-07 20:45:00;0.0000
2025-04-07 21:00:00;0.0000
2025-04-07 21:15:00;0.0000
2025-04-07 21:30:00;0.0000
2025-04-07 21:45:00;0.0000
2025-04-07 22:00:00;0.0000
2025-04-07 22:15:00;0.0000
2025-04-07 22:30:00;0.0000
2025-04-07 22:45:00;0.0000
2025-04-07 23:00:00;0.0000
2025-04-07 23:15:00;0.0000
2025-04-07 23:30:00;0.0000
2025-04-07 23:45:00;0.0000
2025-04-08 00:00:00;0.0000
2025-04-08 00:15:00;0.0000
2025-04-08 00:30:00;0.0000
2025-04-08 00:45:00;0.0000
2025-04-08 01:00:00;0.0000
2025-04-08 01:15:00;0.0000
2025-04-08 01:30:00;0.0000
2025-04-08 01:45:00;0.0000
2025-04-08 02:00:00;0.0000
2025-04-08 02:15:00;0.0000
2025-04-08 02:30:00;0.0000
2025-04-08 02:45:00;0.0000
2025-04-08 03:00:00;0.0000
2025-04-08 03:15:00;0.0000
2025-04-08 03:30:00;0.0000
2025-04-08 03:45:00;0.0000
2025-04-08 04:00:00;0.0000
2025-04-08 04:15:00;0.0000
2025-04-08 04:30:00;0.0000
2025-04-08 04:45:00;0.0000
2025-04-08 05:00:00;0.0000
2025-04-08 05:15:00;0.0000
2025-04-08 05:30:00;0.0000
2025-04-08 05:45:00;0.0000
2025-04-08 06:00:00;0.0000
2025-04-08 06:15:00;0.0000
2025-04-08 06:30:00;0.0000
2025-04-08 06:45:00;0.0000
2025-04-08 07:00:00;0.2346
2025-04-08 07:15:00;0.4465
2025-04-08 07:30:00;0.6874
2025-04-08 07:45:00;0.8753
2025-04-08 08:00:00;1.1733
2025-04-08 08:15:00;1.3681
2025-04-08 08:30:00;1.5657
2025-04-08 08:45:00;1.7181
2025-04-08 09:00:00;1.9609
2025-04-08 09:15:00;2.3212
2025-04-08 09:30:00;2.4707
2025-04-08 09:45:00;2.5192
2025-04-08 10:00:00;2.6978
2025-04-08 10:15:00;2.9208
2025-04-08 10:30:00;3.0031
2025-04-08 10:45:00;3.2193
2025-04-08 11:00:00;3.4381
2025-04-08 11:15:00;3.7983
2025-04-08 11:30:00;3.6859
2025-04-08 11:45:00;3.5276
2025-04-08 12:00:00;3.7193
2025-04-08 12:15:00;3.7503
2025-04-08 12:30:00;3.5994
2025-04-08 12:45:00;3.7922
2025-04-08 13:00:00;4.4107
2025-04-08 13:15:00;4.0719
2025-04-08 13:30:00;4.3717
2025-04-08 13:45:00;4.2787
2025-04-08 14:00:00;4.0534
2025-04-08 14:15:00;4.1380
2025-04-08 14:30:00;4.1350
2025-04-08 14:45:00;4.0901
2025-04-08 15:00:00;4.2212
2025-04-08 15:15:00;4.1634
2025-04-08 15:30:00;3.8193
2025-04-08 15:45:00;3.9211
2025-04-08 16:00:00;4.0527
2025-04-08 16:15:00;3.7598
2025-04-08 16:30:00;3.6654
2025-04-08 16:45:00;3.4473
2025-04-08 17:00:00;2.6826
2025-04-08 17:15:00;2.6568
2025-04-08 17:30:00;2.3769
2025-04-08 17:45:00;2.1424
2025-04-08 18:00:00;2.0195
2025-04-08 18:15:00;1.8740
2025-04-08 18:30:00;1.6170
2025-04-08 18:45:00;1.4333
2025-04-08 19:00:00;1.2273
2025-04-08 19:15:00;1.0772
2025-04-08 19:30:00;0.8715
2025-04-08 19:45:00;0.6390
2025-04-08 20:00:00;0.5185
2025-04-08 20:15:00;0.2447
2025-04-08 20:30:00;0.0000
2025-04-08 20:45:00;0.0000
2025-04-08 21:00:00;0.0000
2025-04-08 21:15:00;0.0000
2025-04-08 21:30:00;0.0000
2025-04-08 21:45:00;0.0000
2025-04-08 22:00:00;0.0000
2025-04-08 22:15:00;0.0000
2025-04-08 22:30:00;0.0000
2025-04-08 22:45:00;0.0000
2025-04-08 23:00:00;0.0000
2025-04-08 23:15:00;0.0000
2025-04-08 23:30:00;0.0000
2025-04-08 23:45:00;0.0000
2025-04-09 00:00:00;0.0000
2025-04-09 00:15:00;0.0000
2025-04-09 00:30:00;0.0000
2025-04-09 00:45:00;0.0000
2025-04-09 01:00:00;0.0000
2025-04-09 01:15:00;0.0000
2025-04-09 01:30:00;0.0000
2025-04-09 01:45:00;0.0000
2025-04-09 02:00:00;0.0000
2025-04-09 02:15:00;0.0000
2025-04-09 02:30:00;0.0000
2025-04-09 02:45:00;0.0000
2025-04-09 03:00:00;0.0000
2025-04-09 03:15:00;0.0000
2025-04-09 03:30:00;0.0000
2025-04-09 03:45:00;0.0000
2025-04-09 04:00:00;0.0000
2025-04-09 04:15:00;0.0000
2025-04-09 04:30:00;0.0000
2025-04-09 04:45:00;0.0000
2025-04-09 05:00:00;0.0000
2025-04-09 05:15:00;0.0000
2025-04-09 05:30:00;0.0000
2025-04-09 05:45:00;0.0000
2025-04-09 06:00:00;0.0000
2025-04-09 06:15:00;0.0000
2025-04-09 06:30:00;0.0000
2025-04-09 06:45:00;0.0000
2025-04-09 07:00:00;1.2151
2025-04-09 07:15:00;2.2176
2025-04-09 07:30:00;3.5464
2025-04-09 07:45:00;4.7255
2025-04-09 08:00:00;3.0376
2025-04-09 08:15:00;3.5803
2025-04-09 08:30:00;4.2379
2025-04-09 08:45:00;4.9560
2025-04-09 09:00:00;13.1165
2025-04-09 09:15:00;15.2294
2025-04-09 09:30:00;15.8484
2025-04-09 09:45:00;17.5144
2025-04-09 10:00:00;17.7080
2025-04-09 10:15:00;18.8579
2025-04-09 10:30:00;20.0514
2025-04-09 10:45:00;20.6276
2025-04-09 11:00:00;11.9839
2025-04-09 11:15:00;11.8401
2025-04-09 11:30:00;12.0776
2025-04-09 11:45:00;12.6457
2025-04-09 12:00:00;25.5955
2025-04-09 12:15:00;25.7057
2025-04-09 12:30:00;25.3558
2025-04-09 12:45:00;26.8929
2025-04-09 13:00:00;24.2785
2025-04-09 13:15:00;25.6747
2025-04-09 13:30:00;25.5111
2025-04-09 13:45:00;25.2682
2025-04-09 14:00:00;26.4607
2025-04-09 14:15:00;27.2084
2025-04-09 14:30:00;26.7655
2025-04-09 14:45:00;25.4005
2025-04-09 15:00:00;25.5168
2025-04-09 15:15:00;23.7436
2025-04-09 15:30:00;23.2169
2025-04-09 15:45:00;23.0906
2025-04-09 16:00:00;20.5376
2025-04-09 16:15:00;19.2154
2025-04-09 16:30:00;18.3623
2025-04-09 16:45:00;18.3193
2025-04-09 17:00:00;12.1485
2025-04-09 17:15:00;12.0199
2025-04-09 17:30:00;11.8456
2025-04-09 17:45:00;10.4912
2025-04-09 18:00:00;15.2736
2025-04-09 18:15:00;13.9769
2025-04-09 18:30:00;12.8620
2025-04-09 18:45:00;10.7657
2025-04-09 19:00:00;7.6885
2025-04-09 19:15:00;6.1661
2025-04-09 19:30:00;4.9316
2025-04-09 19:45:00;3.9948
2025-04-09 20:00:00;2.9451
2025-04-09 20:15:00;1.4883
2025-04-09 20:30:00;0.0000
2025-04-09 20:45:00;0.0000
2025-04-09 21:00:00;0.0000
2025-04-09 21:15:00;0.0000
2025-04-09 21:30:00;0.0000
2025-04-09 21:45:00;0.0000
2025-04-09 22:00:00;0.0000
2025-04-09 22:15:00;0.0000
2025-04-09 22:30:00;0.0000
2025-04-09 22:45:00;0.0000
2025-04-09 23:00:00;0.0000
2025-04-09 23:15:00;0.0000
2025-04-09 23:30:00;0.0000
2025-04-09 23:45:00;0.0000
2025-04-10 00:00:00;0.0000
2025-04-10 00:15:00;0.0000
2025-04-10 00:30:00;0.0000
2025-04-10 00:45:00;0.0000
2025-04-10 01:00:00;0.0000
2025-04-10 01:15:00;0.0000
2025-04-10 01:30:00;0.0000
2025-04-10 01:45:00;0.0000
2025-04-10 02:00:00;0.0000
2025-04-10 02:15:00;0.0000
2025-04-10 02:30:00;0.0000
2025-04-10 02:45:00;0.0000
2025-04-10 03:00:00;0.0000
2025-04-10 03:15:00;0.0000
2025-04-10 03:30:00;0.0000
2025-04-10 03:45:00;0.0000
2025-04-10 04:00:00;0.0000
2025-04-10 04:15:00;0.0000
2025-04-10 04:30:00;0.0000
2025-04-10 04:45:00;0.0000
2025-04-10 05:00:00;0.0000
2025-04-10 05:15:00;0.0000
2025-04-10 05:30:00;0.0000
2025-04-10 05:45:00;0.0000
2025-04-10 06:00:00;0.0000
2025-04-10 06:15:00;0.0000
2025-04-10 06:30:00;0.0000
2025-04-10 06:45:00;0.0000
2025-04-10 07:00:00;0.5228
2025-04-10 07:15:00;1.0146
2025-04-10 07:30:00;1.5012
2025-04-10 07:45:00;2.0943
2025-04-10 08:00:00;2.6753
2025-04-10 08:15:00;3.1942
2025-04-10 08:30:00;3.5887
2025-04-10 08:45:00;3.9719
2025-04-10 09:00:00;5.1397
2025-04-10 09:15:00;5.2592
2025-04-10 09:30:00;5.9599
2025-04-10 09:45:00;6.1636
2025-04-10 10:00:00;7.6810
2025-04-10 10:15:00;8.0813
2025-04-10 10:30:00;8.7443
2025-04-10 10:45:00;8.5923
2025-04-10 11:00:00;8.1736
2025-04-10 11:15:00;8.7989
2025-04-10 11:30:00;9.4045
2025-04-10 11:45:00;9.3536
2025-04-10 12:00:00;8.8208
2025-04-10 12:15:00;9.2121
2025-04-10 12:30:00;9.0363
2025-04-10 12:45:00;9.7465
2025-04-10 13:00:00;10.0272
2025-04-10 13:15:00;10.6254
2025-04-10 13:30:00;10.7063
2025-04-10 13:45:00;10.7500
2025-04-10 14:00:00;7.9428
2025-04-10 14:15:00;7.7108
2025-04-10 14:30:00;8.0817
2025-04-10 14:45:00;7.5682
2025-04-10 15:00:00;8.9762
2025-04-10 15:15:00;8.8049
2025-04-10 15:30:00;8.4825
2025-04-10 15:45:00;8.1366
2025-04-10 16:00:00;8.5960
2025-04-10 16:15:00;8.3336
2025-04-10 16:30:00;7.7387
2025-04-10 16:45:00;7.5844
2025-04-10 17:00:00;6.2160
2025-04-10 17:15:00;5.9047
2025-04-10 17:30:00;5.8260
2025-04-10 17:45:00;5.2096
2025-04-10 18:00:00;5.1917
2025-04-10 18:15:00;4.7599
2025-04-10 18:30:00;4.2342
2025-04-10 18:45:00;3.6826
2025-04-10 19:00:00;3.1523
2025-04-10 19:15:00;2.7630
2025-04-10 19:30:00;2.2153
2025-04-10 19:45:00;1.5385
2025-04-10 20:00:00;1.3212
2025-04-10 20:15:00;0.6153
2025-04-10 20:30:00;0.0000
2025-04-10 20:45:00;0.0000
2025-04-10 21:00:00;0.0000
2025-04-10 21:15:00;0.0000
2025-04-10 21:30:00;0.0000
2025-04-10 21:45:00;0.0000
2025-04-10 22:00:00;0.0000
2025-04-10 22:15:00;0.0000
2025-04-10 22:30:00;0.0000
2025-04-10 22:45:00;0.0000
2025-04-10 23:00:00;0.0000
2025-04-10 23:15:00;0.0000
2025-04-10 23:30:00;0.0000
2025-04-10 23:45:00;0.0000
2025-04-11 00:00:00;0.0000
2025-04-11 00:15:00;0.0000
2025-04-11 00:30:00;0.0000
2025-04-11 00:45:00;0.0000
2025-04-11 01:00:00;0.0000
2025-04-11 01:15:00;0.0000
2025-04-11 01:30:00;0.0000
2025-04-11 01:45:00;0.0000
2025-04-11 02:00:00;0.0000
2025-04-11 02:15:00;0.0000
2025-04-11 02:30:00;0.0000
2025-04-11 02:45:00;0.0000
2025-04-11 03:00:00;0.0000
2025-04-11 03:15:00;0.0000
2025-04-11 03:30:00;0.0000
2025-04-11 03:45:00;0.0000
2025-04-11 04:00:00;0.0000
2025-04-11 04:15:00;0.0000
2025-04-11 04:30:00;0.0000
2025-04-11 04:45:00;0.0000
2025-04-11 05:00:00;0.0000
2025-04-11 05:15:00;0.0000
2025-04-11 05:30:00;0.0000
2025-04-11 05:45:00;0.0000
2025-04-11 06:00:00;0.0000
2025-04-11 06:15:00;0.0000
2025-04-11 06:30:00;0.0000
2025-04-11 06:45:00;0.0000
2025-04-11 07:00:00;0.5673
2025-04-11 07:15:00;1.1583
2025-04-11 07:30:00;1.7557
2025-04-11 07:45:00;2.3782
2025-04-11 08:00:00;2.7693
2025-04-11 08:15:00;3.2691
2025-04-11 08:30:00;3.8293
2025-04-11 08:45:00;4.1539
2025-04-11 09:00:00;4.6831
2025-04-11 09:15:00;4.5411
2025-04-11 09:30:00;5.2230
2025-04-11 09:45:00;5.8973
2025-04-11 10:00:00;7.1693
2025-04-11 10:15:00;7.9345
2025-04-11 10:30:00;8.4965
2025-04-11 10:45:00;8.7761
2025-04-11 11:00:00;8.8520
2025-04-11 11:15:00;9.1095
2025-04-11 11:30:00;10.1533
2025-04-11 11:45:00;9.9090
2025-04-11 12:00:00;7.4584
2025-04-11 12:15:00;7.7720
2025-04-11 12:30:00;8.1881
2025-04-11 12:45:00;8.2133
2025-04-11 13:00:00;9.8874
2025-04-11 13:15:00;10.0605
2025-04-11 13:30:00;9.5691
2025-04-11 13:45:00;9.8130
2025-04-11 14:00:00;9.1588
2025-04-11 14:15:00;9.2211
2025-04-11 14:30:00;9.2876
2025-04-11 14:45:00;9.5959
2025-04-11 15:00:00;8.7720
2025-04-11 15:15:00;8.4244
2025-04-11 15:30:00;8.7613
2025-04-11 15:45:00;8.7195
2025-04-11 16:00:00;8.4129
2025-04-11 16:15:00;8.6695
2025-04-11 16:30:00;7.8755
2025-04-11 16:45:00;7.8115
2025-04-11 17:00:00;7.3323
2025-04-11 17:15:00;7.2948
2025-04-11 17:30:00;6.7010
2025-04-11 17:45:00;6.1238
2025-04-11 18:00:00;4.8853
2025-04-11 18:15:00;4.1238
2025-04-11 18:30:00;4.0004
2025-04-11 18:45:00;3.5058
2025-04-11 19:00:00;3.4675
2025-04-11 19:15:00;2.9737
2025-04-11 19:30:00;2.2969
2025-04-11 19:45:00;1.7739
2025-04-11 20:00:00;1.3058
2025-04-11 20:15:00;0.6918
2025-04-11 20:30:00;0.0000
2025-04-11 20:45:00;0.0000
2025-04-11 21:00:00;0.0000
2025-04-11 21:15:00;0.0000
2025-04-11 21:30:00;0.0000
2025-04-11 21:45:00;0.0000
2025-04-11 22:00:00;0.0000
2025-04-11 22:15:00;0.0000
2025-04-11 22:30:00;0.0000
2025-04-11 22:45:00;0.0000
2025-04-11 23:00:00;0.0000
2025-04-11 23:15:00;0.0000
2025-04-11 23:30:00;0.0000
2025-04-11 23:45:00;0.0000
2025-04-12 00:00:00;0.0000
2025-04-12 00:15:00;0.0000
2025-04-12 00:30:00;0.0000
2025-04-12 00:45:00;0.0000
2025-04-12 01:00:00;0.0000
2025-04-12 01:15:00;0.0000
2025-04-12 01:30:00;0.0000
2025-04-12 01:45:00;0.0000
2025-04-12 02:00:00;0.0000
2025-04-12 02:15:00;0.0000
2025-04-12 02:30:00;0.0000
2025-04-12 02:45:00;0.0000
2025-04-12 03:00:00;0.0000
2025-04-12 03:15:00;0.0000
2025-04-12 03:30:00;0.0000
2025-04-12 03:45:00;0.0000
2025-04-12 04:00:00;0.0000
2025-04-12 04:15:00;0.0000
2025-04-12 04:30:00;0.0000
2025-04-12 04:45:00;0.0000
2025-04-12 05:00:00;0.0000
2025-04-12 05:15:00;0.0000
2025-04-12 05:30:00;0.0000
2025-04-12 05:45:00;0.0000
2025-04-12 06:00:00;0.0000
2025-04-12 06:15:00;0.0000
2025-04-12 06:30:00;0.0000
2025-04-12 06:45:00;0.0000
2025-04-12 07:00:00;2.2703
2025-04-12 07:15:00;4.4855
2025-04-12 07:30:00;6.9511
2025-04-12 07:45:00;8.5877
2025-04-12 08:00:00;12.3511
2025-04-12 08:15:00;15.3695
2025-04-12 08:30:00;17.1409
2025-04-12 08:45:00;20.0230
2025-04-12 09:00:00;18.0521
2025-04-12 09:15:00;21.1194
2025-04-12 09:30:00;21.8669
2025-04-12 09:45:00;23.6247
2025-04-12 10:00:00;30.2680
2025-04-12 10:15:00;31.4097
2025-04-12 10:30:00;32.8725
2025-04-12 10:45:00;35.6477
2025-04-12 11:00:00;27.9228
2025-04-12 11:15:00;28.7381
2025-04-12 11:30:00;30.4675
2025-04-12 11:45:00;30.7642
2025-04-12 12:00:00;35.6118
2025-04-12 12:15:00;36.1148
2025-04-12 12:30:00;36.1332
2025-04-12 12:45:00;37.1653
2025-04-12 13:00:00;37.1557
2025-04-12 13:15:00;37.1766
2025-04-12 13:30:00;37.1519
2025-04-12 13:45:00;37.1948
2025-04-12 14:00:00;37.0919
2025-04-12 14:15:00;37.1852
2025-04-12 14:30:00;37.1151
2025-04-12 14:45:00;37.1960
2025-04-12 15:00:00;35.0320
2025-04-12 15:15:00;33.7322
2025-04-12 15:30:00;33.1639
2025-04-12 15:45:00;33.5031
2025-04-12 16:00:00;36.1063
2025-04-12 16:15:00;33.4996
2025-04-12 16:30:00;33.1287
2025-04-12 16:45:00;31.5036
2025-04-12 17:00:00;24.5720
2025-04-12 17:15:00;21.7443
2025-04-12 17:30:00;20.8697
2025-04-12 17:45:00;19.0838
2025-04-12 18:00:00;19.7298
2025-04-12 18:15:00;18.4410
2025-04-12 18:30:00;16.8634
2025-04-12 18:45:00;14.6993
2025-04-12 19:00:00;12.2211
2025-04-12 19:15:00;11.1457
2025-04-12 19:30:00;8.2765
2025-04-12 19:45:00;6.3974
2025-04-12 20:00:00;4.6967
2025-04-12 20:15:00;2.3485
2025-04-12 20:30:00;0.0000
2025-04-12 20:45:00;0.0000
2025-04-12 21:00:00;0.0000
2025-04-12 21:15:00;0.0000
2025-04-12 21:30:00;0.0000
2025-04-12 21:45:00;0.0000
2025-04-12 22:00:00;0.0000
2025-04-12 22:15:00;0.0000
2025-04-12 22:30:00;0.0000
2025-04-12 22:45:00;0.0000
2025-04-12 23:00:00;0.0000
2025-04-12 23:15:00;0.0000
2025-04-12 23:30:00;0.0000
2025-04-12 23:45:00;0.0000
2025-04-13 00:00:00;0.0000
2025-04-13 00:15:00;0.0000
2025-04-13 00:30:00;0.0000
2025-04-13 00:45:00;0.0000
2025-04-13 01:00:00;0.0000
2025-04-13 01:15:00;0.0000
2025-04-13 01:30:00;0.0000
2025-04-13 01:45:00;0.0000
2025-04-13 02:00:00;0.0000
2025-04-13 02:15:00;0.0000
2025-04-13 02:30:00;0.0000
2025-04-13 02:45:00;0.0000
2025-04-13 03:00:00;0.0000
2025-04-13 03:15:00;0.0000
2025-04-13 03:30:00;0.0000
2025-04-13 03:45:00;0.0000
2025-04-13 04:00:00;0.0000
2025-04-13 04:15:00;0.0000
2025-04-13 04:30:00;0.0000
2025-04-13 04:45:00;0.0000
2025-04-13 05:00:00;0.0000
2025-04-13 05:15:00;0.0000
2025-04-13 05:30:00;0.0000
2025-04-13 05:45:00;0.0000
2025-04-13 06:00:00;0.0000
2025-04-13 06:15:00;0.0000
2025-04-13 06:30:00;0.0000
2025-04-13 06:45:00;0.0000
2025-04-13 07:00:00;2.2379
2025-04-13 07:15:00;4.6607
2025-04-13 07:30:00;6.9323
2025-04-13 07:45:00;9.2542
2025-04-13 08:00:00;11.4896
2025-04-13 08:15:00;14.1704
2025-04-13 08:30:00;16.2137
2025-04-13 08:45:00;18.8247
2025-04-13 09:00:00;22.4256
2025-04-13 09:15:00;23.4843
2025-04-13 09:30:00;25.8726
2025-04-13 09:45:00;28.3409
2025-04-13 10:00:00;29.7383
2025-04-13 10:15:00;30.4191
2025-04-13 10:30:00;31.3319
2025-04-13 10:45:00;34.7368
2025-04-13 11:00:00;33.7320
2025-04-13 11:15:00;34.0452
2025-04-13 11:30:00;34.7007
2025-04-13 11:45:00;35.9751
2025-04-13 12:00:00;37.2162
2025-04-13 12:15:00;37.1736
2025-04-13 12:30:00;37.2295
2025-04-13 12:45:00;37.2052
2025-04-13 13:00:00;35.7134
2025-04-13 13:15:00;35.9935
2025-04-13 13:30:00;36.5935
2025-04-13 13:45:00;36.9294
2025-04-13 14:00:00;37.0768
2025-04-13 14:15:00;36.6084
2025-04-13 14:30:00;36.4502
2025-04-13 14:45:00;35.0322
2025-04-13 15:00:00;36.4776
2025-04-13 15:15:00;35.8555
2025-04-13 15:30:00;33.7700
2025-04-13 15:45:00;33.1730
2025-04-13 16:00:00;36.9798
2025-04-13 16:15:00;34.0988
2025-04-13 16:30:00;31.7754
2025-04-13 16:45:00;32.7289
2025-04-13 17:00:00;29.3266
2025-04-13 17:15:00;28.3771
2025-04-13 17:30:00;25.5409
2025-04-13 17:45:00;23.6486
2025-04-13 18:00:00;22.0817
2025-04-13 18:15:00;20.1160
2025-04-13 18:30:00;18.2692
2025-04-13 18:45:00;16.5805
2025-04-13 19:00:00;13.7843
2025-04-13 19:15:00;11.5854
2025-04-13 19:30:00;8.8420
2025-04-13 19:45:00;6.7680
2025-04-13 20:00:00;4.7696
2025-04-13 20:15:00;2.4625
2025-04-13 20:30:00;0.0000
2025-04-13 20:45:00;0.0000
2025-04-13 21:00:00;0.0000
2025-04-13 21:15:00;0.0000
2025-04-13 21:30:00;0.0000
2025-04-13 21:45:00;0.0000
2025-04-13 22:00:00;0.0000
2025-04-13 22:15:00;0.0000
2025-04-13 22:30:00;0.0000
2025-04-13 22:45:00;0.0000
2025-04-13 23:00:00;0.0000
2025-04-13 23:15:00;0.0000
2025-04-13 23:30:00;0.0000
2025-04-13 23:45:00;0.0000
2025-04-14 00:00:00;0.0000
2025-04-14 00:15:00;0.0000
2025-04-14 00:30:00;0.0000
2025-04-14 00:45:00;0.0000
2025-04-14 01:00:00;0.0000
2025-04-14 01:15:00;0.0000
2025-04-14 01:30:00;0.0000
2025-04-14 01:45:00;0.0000
2025-04-14 02:00:00;0.0000
2025-04-14 02:15:00;0.0000
2025-04-14 02:30:00;0.0000
2025-04-14 02:45:00;0.0000
2025-04-14 03:00:00;0.0000
2025-04-14 03:15:00;0.0000
2025-04-14 03:30:00;0.0000
2025-04-14 03:45:00;0.0000
2025-04-14 04:00:00;0.0000
2025-04-14 04:15:00;0.0000
2025-04-14 04:30:00;0.0000
2025-04-14 04:45:00;0.0000
2025-04-14 05:00:00;0.0000
2025-04-14 05:15:00;0.0000
2025-04-14 05:30:00;0.0000
2025-04-14 05:45:00;0.0000
2025-04-14 06:00:00;0.0000
2025-04-14 06:15:00;0.0000
2025-04-14 06:30:00;0.0000
2025-04-14 06:45:00;0.0000
2025-04-14 07:00:00;0.2218
2025-04-14 07:15:00;0.4393
2025-04-14 07:30:00;0.6940
2025-04-14 07:45:00;0.8950
2025-04-14 08:00:00;1.0844
2025-04-14 08:15:00;1.3049
2025-04-14 08:30:00;1.5021
2025-04-14 08:45:00;1.7706
2025-04-14 09:00:00;2.2026
2025-04-14 09:15:00;2.2723
2025-04-14 09:30:00;2.5053
2025-04-14 09:45:00;2.6448
2025-04-14 10:00:00;3.0963
2025-04-14 10:15:00;3.3078
2025-04-14 10:30:00;3.5714
2025-04-14 10:45:00;3.8320
2025-04-14 11:00:00;3.4301
2025-04-14 11:15:00;3.5654
2025-04-14 11:30:00;3.8173
2025-04-14 11:45:00;3.9889
2025-04-14 12:00:00;3.9878
2025-04-14 12:15:00;4.0451
2025-04-14 12:30:00;4.0294
2025-04-14 12:45:00;3.9928
2025-04-14 13:00:00;3.9450
2025-04-14 13:15:00;3.7217
2025-04-14 13:30:00;3.9110
2025-04-14 13:45:00;3.9780
2025-04-14 14:00:00;3.0998
2025-04-14 14:15:00;3.1634
2025-04-14 14:30:00;3.0784
2025-04-14 14:45:00;3.0053
2025-04-14 15:00:00;3.5610
2025-04-14 15:15:00;3.5550
2025-04-14 15:30:00;3.5259
2025-04-14 15:45:00;3.2778
2025-04-14 16:00:00;3.4632
2025-04-14 16:15:00;3.2138
2025-04-14 16:30:00;3.1039
2025-04-14 16:45:00;2.8491
2025-04-14 17:00:00;2.2991
2025-04-14 17:15:00;2.0884
2025-04-14 17:30:00;1.9884
2025-04-14 17:45:00;1.7685
2025-04-14 18:00:00;2.0468
2025-04-14 18:15:00;1.7932
2025-04-14 18:30:00;1.6670
2025-04-14 18:45:00;1.4310
2025-04-14 19:00:00;1.4071
2025-04-14 19:15:00;1.2106
2025-04-14 19:30:00;0.9162
2025-04-14 19:45:00;0.7630
2025-04-14 20:00:00;0.4180
2025-04-14 20:15:00;0.1942
2025-04-14 20:30:00;0.0000
2025-04-14 20:45:00;0.0000
2025-04-14 21:00:00;0.0000
2025-04-14 21:15:00;0.0000
2025-04-14 21:30:00;0.0000
2025-04-14 21:45:00;0.0000
2025-04-14 22:00:00;0.0000
2025-04-14 22:15:00;0.0000
2025-04-14 22:30:00;0.0000
2025-04-14 22:45:00;0.0000
2025-04-14 23:00:00;0.0000
2025-04-14 23:15:00;0.0000
2025-04-14 23:30:00;0.0000
2025-04-14 23:45:00;0.0000
2025-04-15 00:00:00;0.0000
2025-04-15 00:15:00;0.0000
2025-04-15 00:30:00;0.0000
2025-04-15 00:45:00;0.0000
2025-04-15 01:00:00;0.0000
2025-04-15 01:15:00;0.0000
2025-04-15 01:30:00;0.0000
2025-04-15 01:45:00;0.0000
2025-04-15 02:00:00;0.0000
2025-04-15 02:15:00;0.0000
2025-04-15 02:30:00;0.0000
2025-04-15 02:45:00;0.0000
2025-04-15 03:00:00;0.0000
2025-04-15 03:15:00;0.0000
2025-04-15 03:30:00;0.0000
2025-04-15 03:45:00;0.0000
2025-04-15 04:00:00;0.0000
2025-04-15 04:15:00;0.0000
2025-04-15 04:30:00;0.0000
2025-04-15 04:45:00;0.0000
2025-04-15 05:00:00;0.0000
2025-04-15 05:15:00;0.0000
2025-04-15 05:30:00;0.0000
2025-04-15 05:45:00;0.0000
2025-04-15 06:00:00;0.0000
2025-04-15 06:15:00;0.0000
2025-04-15 06:30:00;0.0000
2025-04-15 06:45:00;0.0000
2025-04-15 07:00:00;0.2235
2025-04-15 07:15:00;0.4576
2025-04-15 07:30:00;0.6804
2025-04-15 07:45:00;0.9126
2025-04-15 08:00:00;0.9161
2025-04-15 08:15:00;1.0994
2025-04-15 08:30:00;1.2492
2025-04-15 08:45:00;1.5304
2025-04-15 09:00:00;1.9635
2025-04-15 09:15:00;2.2832
2025-04-15 09:30:00;2.2982
2025-04-15 09:45:00;2.7028
2025-04-15 10:00:00;2.6433
2025-04-15 10:15:00;2.5543
2025-04-15 10:30:00;2.8795
2025-04-15 10:45:00;2.8916
2025-04-15 11:00:00;3.3213
2025-04-15 11:15:00;3.3224
2025-04-15 11:30:00;3.5041
2025-04-15 11:45:00;3.6724
2025-04-15 12:00:00;3.9237
2025-04-15 12:15:00;3.9522
2025-04-15 12:30:00;4.0692
2025-04-15 12:45:00;4.4192
2025-04-15 13:00:00;4.2085
2025-04-15 13:15:00;4.2479
2025-04-15 13:30:00;4.3912
2025-04-15 13:45:00;4.3065
2025-04-15 14:00:00;4.2168
2025-04-15 14:15:00;4.4138
2025-04-15 14:30:00;4.2806
2025-04-15 14:45:00;4.2052
2025-04-15 15:00:00;3.9210
2025-04-15 15:15:00;3.6637
2025-04-15 15:30:00;3.8197
2025-04-15 15:45:00;3.5103
2025-04-15 16:00:00;3.8530
2025-04-15 16:15:00;3.5377
2025-04-15 16:30:00;3.3743
2025-04-15 16:45:00;3.2479
2025-04-15 17:00:00;2.8320
2025-04-15 17:15:00;2.4458
2025-04-15 17:30:00;2.5262
2025-04-15 17:45:00;2.2493
2025-04-15 18:00:00;1.9482
2025-04-15 18:15:00;1.9630
2025-04-15 18:30:00;1.6112
2025-04-15 18:45:00;1.4907
2025-04-15 19:00:00;1.4446
2025-04-15 19:15:00;1.1149
2025-04-15 19:30:00;0.8808
2025-04-15 19:45:00;0.6813
2025-04-15 20:00:00;0.4750
2025-04-15 20:15:00;0.2470
2025-04-15 20:30:00;0.0000
2025-04-15 20:45:00;0.0000
2025-04-15 21:00:00;0.0000
2025-04-15 21:15:00;0.0000
2025-04-15 21:30:00;0.0000
2025-04-15 21:45:00;0.0000
2025-04-15 22:00:00;0.0000
2025-04-15 22:15:00;0.0000
2025-04-15 22:30:00;0.0000
2025-04-15 22:45:00;0.0000
2025-04-15 23:00:00;0.0000
2025-04-15 23:15:00;0.0000
2025-04-15 23:30:00;0.0000
2025-04-15 23:45:00;0.0000
2025-04-16 00:00:00;0.0000
2025-04-16 00:15:00;0.0000
2025-04-16 00:30:00;0.0000
2025-04-16 00:45:00;0.0000
2025-04-16 01:00:00;0.0000
2025-04-16 01:15:00;0.0000
2025-04-16 01:30:00;0.0000
2025-04-16 01:45:00;0.0000
2025-04-16 02:00:00;0.0000
2025-04-16 02:15:00;0.0000
2025-04-16 02:30:00;0.0000
2025-04-16 02:45:00;0.0000
2025-04-16 03:00:00;0.0000
2025-04-16 03:15:00;0.0000
2025-04-16 03:30:00;0.0000
2025-04-16 03:45:00;0.0000
2025-04-16 04:00:00;0.0000
2025-04-16 04:15:00;0.0000
2025-04-16 04:30:00;0.0000
2025-04-16 04:45:00;0.0000
2025-04-16 05:00:00;0.0000
2025-04-16 05:15:00;0.0000
2025-04-16 05:30:00;0.0000
2025-04-16 05:45:00;0.0000
2025-04-16 06:00:00;0.0000
2025-04-16 06:15:00;0.0000
2025-04-16 06:30:00;0.0000
2025-04-16 06:45:00;0.0000
2025-04-16 07:00:00;2.2260
2025-04-16 07:15:00;4.3839
2025-04-16 07:30:00;6.5838
2025-04-16 07:45:00;8.7252
2025-04-16 08:00:00;11.3141
2025-04-16 08:15:00;14.2437
2025-04-16 08:30:00;15.4831
2025-04-16 08:45:00;17.6093
2025-04-16 09:00:00;22.2528
2025-04-16 09:15:00;24.3512
2025-04-16 09:30:00;25.9168
2025-04-16 09:45:00;27.5365
2025-04-16 10:00:00;24.2237
2025-04-16 10:15:00;25.5035
2025-04-16 10:30:00;26.0907
2025-04-16 10:45:00;27.8437
2025-04-16 11:00:00;37.1911
2025-04-16 11:15:00;37.1789
2025-04-16 11:30:00;37.2095
2025-04-16 11:45:00;37.1636
2025-04-16 12:00:00;34.0519
2025-04-16 12:15:00;35.8350
2025-04-16 12:30:00;34.6121
2025-04-16 12:45:00;35.7821
2025-04-16 13:00:00;35.7578
2025-04-16 13:15:00;36.4690
2025-04-16 13:30:00;36.7672
2025-04-16 13:45:00;37.1805
2025-04-16 14:00:00;37.1593
2025-04-16 14:15:00;37.1196
2025-04-16 14:30:00;37.1392
2025-04-16 14:45:00;35.3345
2025-04-16 15:00:00;36.0920
2025-04-16 15:15:00;35.1837
2025-04-16 15:30:00;33.9090
2025-04-16 15:45:00;35.3612
2025-04-16 16:00:00;28.9824
2025-04-16 16:15:00;27.6547
2025-04-16 16:30:00;25.2046
2025-04-16 16:45:00;25.4616
2025-04-16 17:00:00;31.5252
2025-04-16 17:15:00;29.2881
2025-04-16 17:30:00;26.7720
2025-04-16 17:45:00;25.3848
2025-04-16 18:00:00;22.7206
2025-04-16 18:15:00;20.0255
2025-04-16 18:30:00;18.7543
2025-04-16 18:45:00;15.4453
2025-04-16 19:00:00;10.9079
2025-04-16 19:15:00;8.9387
2025-04-16 19:30:00;6.9864
2025-04-16 19:45:00;5.6687
2025-04-16 20:00:00;4.3560
2025-04-16 20:15:00;2.1769
2025-04-16 20:30:00;0.0000
2025-04-16 20:45:00;0.0000
2025-04-16 21:00:00;0.0000
2025-04-16 21:15:00;0.0000
2025-04-16 21:30:00;0.0000
2025-04-16 21:45:00;0.0000
2025-04-16 22:00:00;0.0000
2025-04-16 22:15:00;0.0000
2025-04-16 22:30:00;0.0000
2025-04-16 22:45:00;0.0000
2025-04-16 23:00:00;0.0000
2025-04-16 23:15:00;0.0000
2025-04-16 23:30:00;0.0000
2025-04-16 23:45:00;0.0000
2025-04-17 00:00:00;0.0000
2025-04-17 00:15:00;0.0000
2025-04-17 00:30:00;0.0000
2025-04-17 00:45:00;0.0000
2025-04-17 01:00:00;0.0000
2025-04-17 01:15:00;0.0000
2025-04-17 01:30:00;0.0000
2025-04-17 01:45:00;0.0000
2025-04-17 02:00:00;0.0000
2025-04-17 02:15:00;0.0000
2025-04-17 02:30:00;0.0000
2025-04-17 02:45:00;0.0000
2025-04-17 03:00:00;0.0000
2025-04-17 03:15:00;0.0000
2025-04-17 03:30:00;0.0000
2025-04-17 03:45:00;0.0000
2025-04-17 04:00:00;0.0000
2025-04-17 04:15:00;0.0000
2025-04-17 04:30:00;0.0000
2025-04-17 04:45:00;0.0000
2025-04-17 05:00:00;0.0000
2025-04-17 05:15:00;0.0000
2025-04-17 05:30:00;0.0000
2025-04-17 05:45:00;0.0000
2025-04-17 06:00:00;0.0000
2025-04-17 06:15:00;0.0000
2025-04-17 06:30:00;0.0000
2025-04-17 06:45:00;0.0000
2025-04-17 07:00:00;0.5783
2025-04-17 07:15:00;1.0991
2025-04-17 07:30:00;1.7190
2025-04-17 07:45:00;2.3802
2025-04-17 08:00:00;3.0818
2025-04-17 08:15:00;3.5784
2025-04-17 08:30:00;4.2387
2025-04-17 08:45:00;4.9437
2025-04-17 09:00:00;5.1017
2025-04-17 09:15:00;5.9415
2025-04-17 09:30:00;6.3134
2025-04-17 09:45:00;7.1345
2025-04-17 10:00:00;7.5103
2025-04-17 10:15:00;7.8242
2025-04-17 10:30:00;8.1728
2025-04-17 10:45:00;8.6445
2025-04-17 11:00:00;8.9811
2025-04-17 11:15:00;8.9461
2025-04-17 11:30:00;9.3993
2025-04-17 11:45:00;10.1336
2025-04-17 12:00:00;10.7505
2025-04-17 12:15:00;11.1208
2025-04-17 12:30:00;11.0527
2025-04-17 12:45:00;11.2223
2025-04-17 13:00:00;11.6103
2025-04-17 13:15:00;11.1920
2025-04-17 13:30:00;11.1536
2025-04-17 13:45:00;11.3416
2025-04-17 14:00:00;8.8152
2025-04-17 14:15:00;9.0641
2025-04-17 14:30:00;8.6551
2025-04-17 14:45:00;8.8244
2025-04-17 15:00:00;9.5127
2025-04-17 15:15:00;9.3812
2025-04-17 15:30:00;8.9453
2025-04-17 15:45:00;8.9737
2025-04-17 16:00:00;8.1788
2025-04-17 16:15:00;7.7427
2025-04-17 16:30:00;7.7243
2025-04-17 16:45:00;7.2050
2025-04-17 17:00:00;7.4679
2025-04-17 17:15:00;7.1551
2025-04-17 17:30:00;6.9157
2025-04-17 17:45:00;5.6088
2025-04-17 18:00:00;5.6699
2025-04-17 18:15:00;4.8996
2025-04-17 18:30:00;4.4894
2025-04-17 18:45:00;4.1002
2025-04-17 19:00:00;3.6322
2025-04-17 19:15:00;3.0216
2025-04-17 19:30:00;2.4146
2025-04-17 19:45:00;1.9017
2025-04-17 20:00:00;1.0237
2025-04-17 20:15:00;0.4858
2025-04-17 20:30:00;0.0000
2025-04-17 20:45:00;0.0000
2025-04-17 21:00:00;0.0000
2025-04-17 21:15:00;0.0000
2025-04-17 21:30:00;0.0000
2025-04-17 21:45:00;0.0000
2025-04-17 22:00:00;0.0000
2025-04-17 22:15:00;0.0000
2025-04-17 22:30:00;0.0000
2025-04-17 22:45:00;0.0000
2025-04-17 23:00:00;0.0000
2025-04-17 23:15:00;0.0000
2025-04-17 23:30:00;0.0000
2025-04-17 23:45:00;0.0000
2025-04-18 00:00:00;0.0000
2025-04-18 00:15:00;0.0000
2025-04-18 00:30:00;0.0000
2025-04-18 00:45:00;0.0000
2025-04-18 01:00:00;0.0000
2025-04-18 01:15:00;0.0000
2025-04-18 01:30:00;0.0000
2025-04-18 01:45:00;0.0000
2025-04-18 02:00:00;0.0000
2025-04-18 02:15:00;0.0000
2025-04-18 02:30:00;0.0000
2025-04-18 02:45:00;0.0000
2025-04-18 03:00:00;0.0000
2025-04-18 03:15:00;0.0000
2025-04-18 03:30:00;0.0000
2025-04-18 03:45:00;0.0000
2025-04-18 04:00:00;0.0000
2025-04-18 04:15:00;0.0000
2025-04-18 04:30:00;0.0000
2025-04-18 04:45:00;0.0000
2025-04-18 05:00:00;0.0000
2025-04-18 05:15:00;0.0000
2025-04-18 05:30:00;0.0000
2025-04-18 05:45:00;0.0000
2025-04-18 06:00:00;0.0000
2025-04-18 06:15:00;0.0000
2025-04-18 06:30:00;0.0000
2025-04-18 06:45:00;0.0000
2025-04-18 07:00:00;0.5302
2025-04-18 07:15:00;1.0203
2025-04-18 07:30:00;1.5266
2025-04-18 07:45:00;1.9468
2025-04-18 08:00:00;2.8950
2025-04-18 08:15:00;3.5174
2025-04-18 08:30:00;4.1729
2025-04-18 08:45:00;4.4435
2025-04-18 09:00:00;4.7537
2025-04-18 09:15:00;5.1654
2025-04-18 09:30:00;5.6709
2025-04-18 09:45:00;5.9139
2025-04-18 10:00:00;6.6487
2025-04-18 10:15:00;7.5765
2025-04-18 10:30:00;7.4827
2025-04-18 10:45:00;8.8512
2025-04-18 11:00:00;7.9292
2025-04-18 11:15:00;8.9514
2025-04-18 11:30:00;8.9990
2025-04-18 11:45:00;9.1689
2025-04-18 12:00:00;10.0065
2025-04-18 12:15:00;10.7984
2025-04-18 12:30:00;10.2360
2025-04-18 12:45:00;10.4290
2025-04-18 13:00:00;9.5655
2025-04-18 13:15:00;9.5095
2025-04-18 13:30:00;9.9439
2025-04-18 13:45:00;10.0394
2025-04-18 14:00:00;9.7960
2025-04-18 14:15:00;9.6159
2025-04-18 14:30:00;9.3845
2025-04-18 14:45:00;9.0946
2025-04-18 15:00:00;10.2874
2025-04-18 15:15:00;10.0982
2025-04-18 15:30:00;9.7384
2025-04-18 15:45:00;9.2216
2025-04-18 16:00:00;8.8249
2025-04-18 16:15:00;9.0349
2025-04-18 16:30:00;8.1232
2025-04-18 16:45:00;8.1455
2025-04-18 17:00:00;8.1414
2025-04-18 17:15:00;7.7530
2025-04-18 17:30:00;7.2926
2025-04-18 17:45:00;6.5951
2025-04-18 18:00:00;5.4534
2025-04-18 18:15:00;5.0125
2025-04-18 18:30:00;4.7227
2025-04-18 18:45:00;4.0232
2025-04-18 19:00:00;3.3384
2025-04-18 19:15:00;2.6145
2025-04-18 19:30:00;2.1219
2025-04-18 19:45:00;1.6507
2025-04-18 20:00:00;1.1011
2025-04-18 20:15:00;0.6050
2025-04-18 20:30:00;0.0000
2025-04-18 20:45:00;0.0000
2025-04-18 21:00:00;0.0000
2025-04-18 21:15:00;0.0000
2025-04-18 21:30:00;0.0000
2025-04-18 21:45:00;0.0000
2025-04-18 22:00:00;0.0000
2025-04-18 22:15:00;0.0000
2025-04-18 22:30:00;0.0000
2025-04-18 22:45:00;0.0000
2025-04-18 23:00:00;0.0000
2025-04-18 23:15:00;0.0000
2025-04-18 23:30:00;0.0000
2025-04-18 23:45:00;0.0000
2025-04-19 00:00:00;0.0000
2025-04-19 00:15:00;0.0000
2025-04-19 00:30:00;0.0000
2025-04-19 00:45:00;0.0000
2025-04-19 01:00:00;0.0000
2025-04-19 01:15:00;0.0000
2025-04-19 01:30:00;0.0000
2025-04-19 01:45:00;0.0000
2025-04-19 02:00:00;0.0000
2025-04-19 02:15:00;0.0000
2025-04-19 02:30:00;0.0000
2025-04-19 02:45:00;0.0000
2025-04-19 03:00:00;0.0000
2025-04-19 03:15:00;0.0000
2025-04-19 03:30:00;0.0000
2025-04-19 03:45:00;0.0000
2025-04-19 04:00:00;0.0000
2025-04-19 04:15:00;0.0000
2025-04-19 04:30:00;0.0000
2025-04-19 04:45:00;0.0000
2025-04-19 05:00:00;0.0000
2025-04-19 05:15:00;0.0000
2025-04-19 05:30:00;0.0000
2025-04-19 05:45:00;0.0000
2025-04-19 06:00:00;0.0000
2025-04-19 06:15:00;0.0000
2025-04-19 06:30:00;0.0000
2025-04-19 06:45:00;0.0000
2025-04-19 07:00:00;0.2186
2025-04-19 07:15:00;0.4267
2025-04-19 07:30:00;0.6514
2025-04-19 07:45:00;0.8747
2025-04-19 08:00:00;1.0533
2025-04-19 08:15:00;1.3706
2025-04-19 08:30:00;1.5419
2025-04-19 08:45:00;1.7481
2025-04-19 09:00:00;1.7858
2025-04-19 09:15:00;1.9945
2025-04-19 09:30:00;2.1850
2025-04-19 09:45:00;2.3010
2025-04-19 10:00:00;2.9257
2025-04-19 10:15:00;3.1081
2025-04-19 10:30:00;3.2505
2025-04-19 10:45:00;3.4877
2025-04-19 11:00:00;3.1827
2025-04-19 11:15:00;3.3504
2025-04-19 11:30:00;3.7219
2025-04-19 11:45:00;3.5794
2025-04-19 12:00:00;3.8013
2025-04-19 12:15:00;3.8987
2025-04-19 12:30:00;3.8078
2025-04-19 12:45:00;3.8436
2025-04-19 13:00:00;3.9205
2025-04-19 13:15:00;3.9060
2025-04-19 13:30:00;3.7223
2025-04-19 13:45:00;3.8578
2025-04-19 14:00:00;3.7204
2025-04-19 14:15:00;4.0828
2025-04-19 14:30:00;4.2179
2025-04-19 14:45:00;3.6190
2025-04-19 15:00:00;3.4672
2025-04-19 15:15:00;3.5748
2025-04-19 15:30:00;3.3037
2025-04-19 15:45:00;3.2327
2025-04-19 16:00:00;3.2143
2025-04-19 16:15:00;3.1316
2025-04-19 16:30:00;2.9036
2025-04-19 16:45:00;2.7670
2025-04-19 17:00:00;2.8570
2025-04-19 17:15:00;2.6080
2025-04-19 17:30:00;2.4142
2025-04-19 17:45:00;2.4108
2025-04-19 18:00:00;2.0558
2025-04-19 18:15:00;1.7515
2025-04-19 18:30:00;1.6970
2025-04-19 18:45:00;1.3834
2025-04-19 19:00:00;1.5230
2025-04-19 19:15:00;1.2099
2025-04-19 19:30:00;1.0108
2025-04-19 19:45:00;0.7723
2025-04-19 20:00:00;0.4346
2025-04-19 20:15:00;0.2049
2025-04-19 20:30:00;0.0000
2025-04-19 20:45:00;0.0000
2025-04-19 21:00:00;0.0000
2025-04-19 21:15:00;0.0000
2025-04-19 21:30:00;0.0000
2025-04-19 21:45:00;0.0000
2025-04-19 22:00:00;0.0000
2025-04-19 22:15:00;0.0000
2025-04-19 22:30:00;0.0000
2025-04-19 22:45:00;0.0000
2025-04-19 23:00:00;0.0000
2025-04-19 23:15:00;0.0000
2025-04-19 23:30:00;0.0000
2025-04-19 23:45:00;0.0000
2025-04-20 00:00:00;0.0000
2025-04-20 00:15:00;0.0000
2025-04-20 00:30:00;0.0000
2025-04-20 00:45:00;0.0000
2025-04-20 01:00:00;0.0000
2025-04-20 01:15:00;0.0000
2025-04-20 01:30:00;0.0000
2025-04-20 01:45:00;0.0000
2025-04-20 02:00:00;0.0000
2025-04-20 02:15:00;0.0000
2025-04-20 02:30:00;0.0000
2025-04-20 02:45:00;0.0000
2025-04-20 03:00:00;0.0000
2025-04-20 03:15:00;0.0000
2025-04-20 03:30:00;0.0000
2025-04-20 03:45:00;0.0000
2025-04-20 04:00:00;0.0000
2025-04-20 04:15:00;0.0000
2025-04-20 04:30:00;0.0000
2025-04-20 04:45:00;0.0000
2025-04-20 05:00:00;0.0000
2025-04-20 05:15:00;0.0000
2025-04-20 05:30:00;0.0000
2025-04-20 05:45:00;0.0000
2025-04-20 06:00:00;0.0000
2025-04-20 06:15:00;0.0000
2025-04-20 06:30:00;0.0000
2025-04-20 06:45:00;0.0000
2025-04-20 07:00:00;1.3146
2025-04-20 07:15:00;2.5744
2025-04-20 07:30:00;3.9228
2025-04-20 07:45:00;5.2631
2025-04-20 08:00:00;6.9373
2025-04-20 08:15:00;8.5838
2025-04-20 08:30:00;10.0923
2025-04-20 08:45:00;10.8952
2025-04-20 09:00:00;8.6781
2025-04-20 09:15:00;10.0834
2025-04-20 09:30:00;10.8761
2025-04-20 09:45:00;11.8737
2025-04-20 10:00:00;16.4619
2025-04-20 10:15:00;17.4660
2025-04-20 10:30:00;17.9039
2025-04-20 10:45:00;17.7260
2025-04-20 11:00:00;23.0555
2025-04-20 11:15:00;23.8319
2025-04-20 11:30:00;25.3399
2025-04-20 11:45:00;24.9565
2025-04-20 12:00:00;23.3162
2025-04-20 12:15:00;23.5501
2025-04-20 12:30:00;23.3049
2025-04-20 12:45:00;22.8913
2025-04-20 13:00:00;16.8108
2025-04-20 13:15:00;17.3169
2025-04-20 13:30:00;16.4254
2025-04-20 13:45:00;17.0495
2025-04-20 14:00:00;28.7092
2025-04-20 14:15:00;28.2796
2025-04-20 14:30:00;26.5590
2025-04-20 14:45:00;26.9635
2025-04-20 15:00:00;27.2414
2025-04-20 15:15:00;25.5210
2025-04-20 15:30:00;25.0147
2025-04-20 15:45:00;24.5646
2025-04-20 16:00:00;21.9895
2025-04-20 16:15:00;20.8658
2025-04-20 16:30:00;19.6925
2025-04-20 16:45:00;19.5318
2025-04-20 17:00:00;17.0582
2025-04-20 17:15:00;16.9365
2025-04-20 17:30:00;15.4985
2025-04-20 17:45:00;14.5150
2025-04-20 18:00:00;13.6919
2025-04-20 18:15:00;12.2063
2025-04-20 18:30:00;11.2797
2025-04-20 18:45:00;10.3126
2025-04-20 19:00:00;8.9134
2025-04-20 19:15:00;7.1184
2025-04-20 19:30:00;5.7910
2025-04-20 19:45:00;4.5829
2025-04-20 20:00:00;2.9912
2025-04-20 20:15:00;1.5826
2025-04-20 20:30:00;0.0000
2025-04-20 20:45:00;0.0000
2025-04-20 21:00:00;0.0000
2025-04-20 21:15:00;0.0000
2025-04-20 21:30:00;0.0000
2025-04-20 21:45:00;0.0000
2025-04-20 22:00:00;0.0000
2025-04-20 22:15:00;0.0000
2025-04-20 22:30:00;0.0000
2025-04-20 22:45:00;0.0000
2025-04-20 23:00:00;0.0000
2025-04-20 23:15:00;0.0000
2025-04-20 23:30:00;0.0000
2025-04-20 23:45:00;0.0000
2025-04-21 00:00:00;0.0000
2025-04-21 00:15:00;0.0000
2025-04-21 00:30:00;0.0000
2025-04-21 00:45:00;0.0000
2025-04-21 01:00:00;0.0000
2025-04-21 01:15:00;0.0000
2025-04-21 01:30:00;0.0000
2025-04-21 01:45:00;0.0000
2025-04-21 02:00:00;0.0000
2025-04-21 02:15:00;0.0000
2025-04-21 02:30:00;0.0000
2025-04-21 02:45:00;0.0000
2025-04-21 03:00:00;0.0000
2025-04-21 03:15:00;0.0000
2025-04-21 03:30:00;0.0000
2025-04-21 03:45:00;0.0000
2025-04-21 04:00:00;0.0000
2025-04-21 04:15:00;0.0000
2025-04-21 04:30:00;0.0000
2025-04-21 04:45:00;0.0000
2025-04-21 05:00:00;0.0000
2025-04-21 05:15:00;0.0000
2025-04-21 05:30:00;0.0000
2025-04-21 05:45:00;0.0000
2025-04-21 06:00:00;0.0000
2025-04-21 06:15:00;0.0000
2025-04-21 06:30:00;0.0000
2025-04-21 06:45:00;0.0000
2025-04-21 07:00:00;2.4089
2025-04-21 07:15:00;4.4005
2025-04-21 07:30:00;7.3306
2025-04-21 07:45:00;9.4997
2025-04-21 08:00:00;11.7611
2025-04-21 08:15:00;14.9505
2025-04-21 08:30:00;16.4749
2025-04-21 08:45:00;18.1798
2025-04-21 09:00:00;20.0721
2025-04-21 09:15:00;22.2832
2025-04-21 09:30:00;23.8504
2025-04-21 09:45:00;26.6627
2025-04-21 10:00:00;26.5893
2025-04-21 10:15:00;28.9715
2025-04-21 10:30:00;32.3506
2025-04-21 10:45:00;31.7919
2025-04-21 11:00:00;30.4872
2025-04-21 11:15:00;34.7758
2025-04-21 11:30:00;32.4699
2025-04-21 11:45:00;33.9317
2025-04-21 12:00:00;34.9331
2025-04-21 12:15:00;33.2583
2025-04-21 12:30:00;33.4870
2025-04-21 12:45:00;37.1675
2025-04-21 13:00:00;37.1930
2025-04-21 13:15:00;37.2009
2025-04-21 13:30:00;37.1340
2025-04-21 13:45:00;37.0608
2025-04-21 14:00:00;37.2201
2025-04-21 14:15:00;37.2025
2025-04-21 14:30:00;37.1217
2025-04-21 14:45:00;37.1911
2025-04-21 15:00:00;35.2728
2025-04-21 15:15:00;34.9839
2025-04-21 15:30:00;32.4712
2025-04-21 15:45:00;31.1587
2025-04-21 16:00:00;32.5215
2025-04-21 16:15:00;32.3319
2025-04-21 16:30:00;31.8480
2025-04-21 16:45:00;29.5206
2025-04-21 17:00:00;32.5179
2025-04-21 17:15:00;29.6003
2025-04-21 17:30:00;26.1243
2025-04-21 17:45:00;26.6584
2025-04-21 18:00:00;21.7175
2025-04-21 18:15:00;20.7332
2025-04-21 18:30:00;18.1420
2025-04-21 18:45:00;16.2003
2025-04-21 19:00:00;15.3197
2025-04-21 19:15:00;12.6977
2025-04-21 19:30:00;10.2710
2025-04-21 19:45:00;8.0473
2025-04-21 20:00:00;4.0801
2025-04-21 20:15:00;1.9410
2025-04-21 20:30:00;0.0000
2025-04-21 20:45:00;0.0000
2025-04-21 21:00:00;0.0000
2025-04-21 21:15:00;0.0000
2025-04-21 21:30:00;0.0000
2025-04-21 21:45:00;0.0000
2025-04-21 22:00:00;0.0000
2025-04-21 22:15:00;0.0000
2025-04-21 22:30:00;0.0000
2025-04-21 22:45:00;0.0000
2025-04-21 23:00:00;0.0000
2025-04-21 23:15:00;0.0000
2025-04-21 23:30:00;0.0000
2025-04-21 23:45:00;0.0000
2025-04-22 00:00:00;0.0000
2025-04-22 00:15:00;0.0000
2025-04-22 00:30:00;0.0000
2025-04-22 00:45:00;0.0000
2025-04-22 01:00:00;0.0000
2025-04-22 01:15:00;0.0000
2025-04-22 01:30:00;0.0000
2025-04-22 01:45:00;0.0000
2025-04-22 02:00:00;0.0000
2025-04-22 02:15:00;0.0000
2025-04-22 02:30:00;0.0000
2025-04-22 02:45:00;0.0000
2025-04-22 03:00:00;0.0000
2025-04-22 03:15:00;0.0000
2025-04-22 03:30:00;0.0000
2025-04-22 03:45:00;0.0000
2025-04-22 04:00:00;0.0000
2025-04-22 04:15:00;0.0000
2025-04-22 04:30:00;0.0000
2025-04-22 04:45:00;0.0000
2025-04-22 05:00:00;0.0000
2025-04-22 05:15:00;0.0000
2025-04-22 05:30:00;0.0000
2025-04-22 05:45:00;0.0000
2025-04-22 06:00:00;0.0000
2025-04-22 06:15:00;0.0000
2025-04-22 06:30:00;0.0000
2025-04-22 06:45:00;0.0000
2025-04-22 07:00:00;1.5783
2025-04-22 07:15:00;2.9262
2025-04-22 07:30:00;4.3632
2025-04-22 07:45:00;6.3005
2025-04-22 08:00:00;2.9514
2025-04-22 08:15:00;3.6495
2025-04-22 08:30:00;4.0131
2025-04-22 08:45:00;4.6432
2025-04-22 09:00:00;13.0927
2025-04-22 09:15:00;15.3607
2025-04-22 09:30:00;15.9222
2025-04-22 09:45:00;17.6243
2025-04-22 10:00:00;10.4817
2025-04-22 10:15:00;11.0491
2025-04-22 10:30:00;11.4755
2025-04-22 10:45:00;12.2351
2025-04-22 11:00:00;21.0730
2025-04-22 11:15:00;22.8554
2025-04-22 11:30:00;21.3261
2025-04-22 11:45:00;23.6271
2025-04-22 12:00:00;28.2543
2025-04-22 12:15:00;28.2320
2025-04-22 12:30:00;26.4721
2025-04-22 12:45:00;28.1564
2025-04-22 13:00:00;18.0822
2025-04-22 13:15:00;18.7546
2025-04-22 13:30:00;18.3573
2025-04-22 13:45:00;19.0212
2025-04-22 14:00:00;25.3596
2025-04-22 14:15:00;24.6783
2025-04-22 14:30:00;25.7175
2025-04-22 14:45:00;26.6652
2025-04-22 15:00:00;18.0248
2025-04-22 15:15:00;18.8009
2025-04-22 15:30:00;16.0447
2025-04-22 15:45:00;17.2329
2025-04-22 16:00:00;26.0963
2025-04-22 16:15:00;24.6991
2025-04-22 16:30:00;23.3231
2025-04-22 16:45:00;22.6486
2025-04-22 17:00:00;17.7077
2025-04-22 17:15:00;16.0916
2025-04-22 17:30:00;15.0134
2025-04-22 17:45:00;14.2275
2025-04-22 18:00:00;14.3102
2025-04-22 18:15:00;12.6840
2025-04-22 18:30:00;11.3789
2025-04-22 18:45:00;10.5627
2025-04-22 19:00:00;4.5975
2025-04-22 19:15:00;3.9128
2025-04-22 19:30:00;3.0067
2025-04-22 19:45:00;2.4331
2025-04-22 20:00:00;2.5691
2025-04-22 20:15:00;1.2263
2025-04-22 20:30:00;0.0000
2025-04-22 20:45:00;0.0000
2025-04-22 21:00:00;0.0000
2025-04-22 21:15:00;0.0000
2025-04-22 21:30:00;0.0000
2025-04-22 21:45:00;0.0000
2025-04-22 22:00:00;0.0000
2025-04-22 22:15:00;0.0000
2025-04-22 22:30:00;0.0000
2025-04-22 22:45:00;0.0000
2025-04-22 23:00:00;0.0000
2025-04-22 23:15:00;0.0000
2025-04-22 23:30:00;0.0000
2025-04-22 23:45:00;0.0000
2025-04-23 00:00:00;0.0000
2025-04-23 00:15:00;0.0000
2025-04-23 00:30:00;0.0000
2025-04-23 00:45:00;0.0000
2025-04-23 01:00:00;0.0000
2025-04-23 01:15:00;0.0000
2025-04-23 01:30:00;0.0000
2025-04-23 01:45:00;0.0000
2025-04-23 02:00:00;0.0000
2025-04-23 02:15:00;0.0000
2025-04-23 02:30:00;0.0000
2025-04-23 02:45:00;0.0000
2025-04-23 03:00:00;0.0000
2025-04-23 03:15:00;0.0000
2025-04-23 03:30:00;0.0000
2025-04-23 03:45:00;0.0000
2025-04-23 04:00:00;0.0000
2025-04-23 04:15:00;0.0000
2025-04-23 04:30:00;0.0000
2025-04-23 04:45:00;0.0000
2025-04-23 05:00:00;0.0000
2025-04-23 05:15:00;0.0000
2025-04-23 05:30:00;0.0000
2025-04-23 05:45:00;0.0000
2025-04-23 06:00:00;0.0000
2025-04-23 06:15:00;0.0000
2025-04-23 06:30:00;0.0000
2025-04-23 06:45:00;0.0000
2025-04-23 07:00:00;2.4826
2025-04-23 07:15:00;4.9474
2025-04-23 07:30:00;7.4136
2025-04-23 07:45:00;9.4152
2025-04-23 08:00:00;11.4971
2025-04-23 08:15:00;13.9708
2025-04-23 08:30:00;16.3599
2025-04-23 08:45:00;17.9186
2025-04-23 09:00:00;19.2348
2025-04-23 09:15:00;20.5281
2025-04-23 09:30:00;22.7520
2025-04-23 09:45:00;23.4964
2025-04-23 10:00:00;29.1929
2025-04-23 10:15:00;30.3454
2025-04-23 10:30:00;31.0095
2025-04-23 10:45:00;34.6342
2025-04-23 11:00:00;35.5218
2025-04-23 11:15:00;34.8010
2025-04-23 11:30:00;36.4980
2025-04-23 11:45:00;37.1024
2025-04-23 12:00:00;37.1587
2025-04-23 12:15:00;37.1898
2025-04-23 12:30:00;37.1439
2025-04-23 12:45:00;37.1766
2025-04-23 13:00:00;36.9917
2025-04-23 13:15:00;37.0725
2025-04-23 13:30:00;37.1405
2025-04-23 13:45:00;37.0964
2025-04-23 14:00:00;33.8371
2025-04-23 14:15:00;35.0450
2025-04-23 14:30:00;33.9417
2025-04-23 14:45:00;33.3030
2025-04-23 15:00:00;37.1502
2025-04-23 15:15:00;37.0936
2025-04-23 15:30:00;37.1675
2025-04-23 15:45:00;36.5635
2025-04-23 16:00:00;36.1644
2025-04-23 16:15:00;36.5493
2025-04-23 16:30:00;36.1684
2025-04-23 16:45:00;33.4340
2025-04-23 17:00:00;26.1756
2025-04-23 17:15:00;25.1133
2025-04-23 17:30:00;23.3822
2025-04-23 17:45:00;20.5908
2025-04-23 18:00:00;23.5184
2025-04-23 18:15:00;22.5042
2025-04-23 18:30:00;19.5423
2025-04-23 18:45:00;17.9202
2025-04-23 19:00:00;12.3710
2025-04-23 19:15:00;10.9840
2025-04-23 19:30:00;8.3422
2025-04-23 19:45:00;6.5468
2025-04-23 20:00:00;4.8759
2025-04-23 20:15:00;2.5287
2025-04-23 20:30:00;0.0000
2025-04-23 20:45:00;0.0000
2025-04-23 21:00:00;0.0000
2025-04-23 21:15:00;0.0000
2025-04-23 21:30:00;0.0000
2025-04-23 21:45:00;0.0000
2025-04-23 22:00:00;0.0000
2025-04-23 22:15:00;0.0000
2025-04-23 22:30:00;0.0000
2025-04-23 22:45:00;0.0000
2025-04-23 23:00:00;0.0000
2025-04-23 23:15:00;0.0000
2025-04-23 23:30:00;0.0000
2025-04-23 23:45:00;0.0000
2025-04-24 00:00:00;0.0000
2025-04-24 00:15:00;0.0000
2025-04-24 00:30:00;0.0000
2025-04-24 00:45:00;0.0000
2025-04-24 01:00:00;0.0000
2025-04-24 01:15:00;0.0000
2025-04-24 01:30:00;0.0000
2025-04-24 01:45:00;0.0000
2025-04-24 02:00:00;0.0000
2025-04-24 02:15:00;0.0000
2025-04-24 02:30:00;0.0000
2025-04-24 02:45:00;0.0000
2025-04-24 03:00:00;0.0000
2025-04-24 03:15:00;0.0000
2025-04-24 03:30:00;0.0000
2025-04-24 03:45:00;0.0000
2025-04-24 04:00:00;0.0000
2025-04-24 04:15:00;0.0000
2025-04-24 04:30:00;0.0000
2025-04-24 04:45:00;0.0000
2025-04-24 05:00:00;0.0000
2025-04-24 05:15:00;0.0000
2025-04-24 05:30:00;0.0000
2025-04-24 05:45:00;0.0000
2025-04-24 06:00:00;0.0000
2025-04-24 06:15:00;0.0000
2025-04-24 06:30:00;0.0000
2025-04-24 06:45:00;0.0000
2025-04-24 07:00:00;0.4944
2025-04-24 07:15:00;1.0285
2025-04-24 07:30:00;1.4756
2025-04-24 07:45:00;1.9969
2025-04-24 08:00:00;2.9025
2025-04-24 08:15:00;3.6147
2025-04-24 08:30:00;3.9734
2025-04-24 08:45:00;4.5232
2025-04-24 09:00:00;5.2941
2025-04-24 09:15:00;5.7768
2025-04-24 09:30:00;6.6014
2025-04-24 09:45:00;6.9341
2025-04-24 10:00:00;5.7111
2025-04-24 10:15:00;5.8167
2025-04-24 10:30:00;5.9977
2025-04-24 10:45:00;6.5321
2025-04-24 11:00:00;9.4481
2025-04-24 11:15:00;9.4879
2025-04-24 11:30:00;10.1397
2025-04-24 11:45:00;10.2330
2025-04-24 12:00:00;8.7723
2025-04-24 12:15:00;9.0133
2025-04-24 12:30:00;9.3100
2025-04-24 12:45:00;9.4851
2025-04-24 13:00:00;8.1937
2025-04-24 13:15:00;8.6299
2025-04-24 13:30:00;8.3549
2025-04-24 13:45:00;8.6599
2025-04-24 14:00:00;9.7253
2025-04-24 14:15:00;9.9906
2025-04-24 14:30:00;9.3894
2025-04-24 14:45:00;9.4912
2025-04-24 15:00:00;10.2459
2025-04-24 15:15:00;10.4069
2025-04-24 15:30:00;10.0143
2025-04-24 15:45:00;9.8079
2025-04-24 16:00:00;8.6296
2025-04-24 16:15:00;8.1619
2025-04-24 16:30:00;8.0750
2025-04-24 16:45:00;7.3557
2025-04-24 17:00:00;7.1379
2025-04-24 17:15:00;6.5391
2025-04-24 17:30:00;6.0461
2025-04-24 17:45:00;5.7696
2025-04-24 18:00:00;5.7826
2025-04-24 18:15:00;5.0110
2025-04-24 18:30:00;4.5059
2025-04-24 18:45:00;4.0001
2025-04-24 19:00:00;3.0175
2025-04-24 19:15:00;2.6976
2025-04-24 19:30:00;2.2279
2025-04-24 19:45:00;1.6827
2025-04-24 20:00:00;1.1145
2025-04-24 20:15:00;0.5743
2025-04-24 20:30:00;0.0000
2025-04-24 20:45:00;0.0000
2025-04-24 21:00:00;0.0000
2025-04-24 21:15:00;0.0000
2025-04-24 21:30:00;0.0000
2025-04-24 21:45:00;0.0000
2025-04-24 22:00:00;0.0000
2025-04-24 22:15:00;0.0000
2025-04-24 22:30:00;0.0000
2025-04-24 22:45:00;0.0000
2025-04-24 23:00:00;0.0000
2025-04-24 23:15:00;0.0000
2025-04-24 23:30:00;0.0000
2025-04-24 23:45:00;0.0000
2025-04-25 00:00:00;0.0000
2025-04-25 00:15:00;0.0000
2025-04-25 00:30:00;0.0000
2025-04-25 00:45:00;0.0000
2025-04-25 01:00:00;0.0000
2025-04-25 01:15:00;0.0000
2025-04-25 01:30:00;0.0000
2025-04-25 01:45:00;0.0000
2025-04-25 02:00:00;0.0000
2025-04-25 02:15:00;0.0000
2025-04-25 02:30:00;0.0000
2025-04-25 02:45:00;0.0000
2025-04-25 03:00:00;0.0000
2025-04-25 03:15:00;0.0000
2025-04-25 03:30:00;0.0000
2025-04-25 03:45:00;0.0000
2025-04-25 04:00:00;0.0000
2025-04-25 04:15:00;0.0000
2025-04-25 04:30:00;0.0000
2025-04-25 04:45:00;0.0000
2025-04-25 05:00:00;0.0000
2025-04-25 05:15:00;0.0000
2025-04-25 05:30:00;0.0000
2025-04-25 05:45:00;0.0000
2025-04-25 06:00:00;0.0000
2025-04-25 06:15:00;0.0000
2025-04-25 06:30:00;0.0000
2025-04-25 06:45:00;0.0000
2025-04-25 07:00:00;0.5402
2025-04-25 07:15:00;1.1686
2025-04-25 07:30:00;1.6768
2025-04-25 07:45:00;2.3676
2025-04-25 08:00:00;2.8039
2025-04-25 08:15:00;3.3981
2025-04-25 08:30:00;3.9023
2025-04-25 08:45:00;4.4757
2025-04-25 09:00:00;4.9659
2025-04-25 09:15:00;5.6162
2025-04-25 09:30:00;5.7945
2025-04-25 09:45:00;6.6249
2025-04-25 10:00:00;5.9094
2025-04-25 10:15:00;6.2098
2025-04-25 10:30:00;6.4999
2025-04-25 10:45:00;6.9243
2025-04-25 11:00:00;8.5880
2025-04-25 11:15:00;8.8948
2025-04-25 11:30:00;9.6670
2025-04-25 11:45:00;9.7966
2025-04-25 12:00:00;8.1617
2025-04-25 12:15:00;8.1056
2025-04-25 12:30:00;8.7499
2025-04-25 12:45:00;8.7761
2025-04-25 13:00:00;10.1490
2025-04-25 13:15:00;10.3437
2025-04-25 13:30:00;9.9377
2025-04-25 13:45:00;10.3788
2025-04-25 14:00:00;9.4697
2025-04-25 14:15:00;9.1728
2025-04-25 14:30:00;9.3411
2025-04-25 14:45:00;8.4006
2025-04-25 15:00:00;8.6086
2025-04-25 15:15:00;8.5654
2025-04-25 15:30:00;8.8857
2025-04-25 15:45:00;8.0498
2025-04-25 16:00:00;9.2559
2025-04-25 16:15:00;8.6994
2025-04-25 16:30:00;8.2136
2025-04-25 16:45:00;7.9762
2025-04-25 17:00:00;6.9662
2025-04-25 17:15:00;6.7997
2025-04-25 17:30:00;6.2376
2025-04-25 17:45:00;5.8007
2025-04-25 18:00:00;5.0015
2025-04-25 18:15:00;4.2475
2025-04-25 18:30:00;3.8093
2025-04-25 18:45:00;3.3771
2025-04-25 19:00:00;3.0165
2025-04-25 19:15:00;2.5428
2025-04-25 19:30:00;1.9121
2025-04-25 19:45:00;1.5229
2025-04-25 20:00:00;1.1234
2025-04-25 20:15:00;0.5579
2025-04-25 20:30:00;0.0000
2025-04-25 20:45:00;0.0000
2025-04-25 21:00:00;0.0000
2025-04-25 21:15:00;0.0000
2025-04-25 21:30:00;0.0000
2025-04-25 21:45:00;0.0000
2025-04-25 22:00:00;0.0000
2025-04-25 22:15:00;0.0000
2025-04-25 22:30:00;0.0000
2025-04-25 22:45:00;0.0000
2025-04-25 23:00:00;0.0000
2025-04-25 23:15:00;0.0000
2025-04-25 23:30:00;0.0000
2025-04-25 23:45:00;0.0000
2025-04-26 00:00:00;0.0000
2025-04-26 00:15:00;0.0000
2025-04-26 00:30:00;0.0000
2025-04-26 00:45:00;0.0000
2025-04-26 01:00:00;0.0000
2025-04-26 01:15:00;0.0000
2025-04-26 01:30:00;0.0000
2025-04-26 01:45:00;0.0000
2025-04-26 02:00:00;0.0000
2025-04-26 02:15:00;0.0000
2025-04-26 02:30:00;0.0000
2025-04-26 02:45:00;0.0000
2025-04-26 03:00:00;0.0000
2025-04-26 03:15:00;0.0000
2025-04-26 03:30:00;0.0000
2025-04-26 03:45:00;0.0000
2025-04-26 04:00:00;0.0000
2025-04-26 04:15:00;0.0000
2025-04-26 04:30:00;0.0000
2025-04-26 04:45:00;0.0000
2025-04-26 05:00:00;0.0000
2025-04-26 05:15:00;0.0000
2025-04-26 05:30:00;0.0000
2025-04-26 05:45:00;0.0000
2025-04-26 06:00:00;0.0000
2025-04-26 06:15:00;0.0000
2025-04-26 06:30:00;0.0000
2025-04-26 06:45:00;0.0000
2025-04-26 07:00:00;0.2170
2025-04-26 07:15:00;0.4599
2025-04-26 07:30:00;0.6878
2025-04-26 07:45:00;0.8984
2025-04-26 08:00:00;1.1662
2025-04-26 08:15:00;1.2706
2025-04-26 08:30:00;1.4614
2025-04-26 08:45:00;1.6777
2025-04-26 09:00:00;1.8422
2025-04-26 09:15:00;2.0058
2025-04-26 09:30:00;2.2552
2025-04-26 09:45:00;2.3555
2025-04-26 10:00:00;2.3940
2025-04-26 10:15:00;2.4682
2025-04-26 10:30:00;2.7332
2025-04-26 10:45:00;2.9935
2025-04-26 11:00:00;3.2245
2025-04-26 11:15:00;3.3529
2025-04-26 11:30:00;3.2550
2025-04-26 11:45:00;3.5114
2025-04-26 12:00:00;3.8903
2025-04-26 12:15:00;3.7613
2025-04-26 12:30:00;3.9162
2025-04-26 12:45:00;3.9046
2025-04-26 13:00:00;4.2496
2025-04-26 13:15:00;4.3638
2025-04-26 13:30:00;4.2797
2025-04-26 13:45:00;4.2163
2025-04-26 14:00:00;3.9648
2025-04-26 14:15:00;4.0843
2025-04-26 14:30:00;3.9285
2025-04-26 14:45:00;3.8189
2025-04-26 15:00:00;3.8065
2025-04-26 15:15:00;3.8214
2025-04-26 15:30:00;3.8875
2025-04-26 15:45:00;3.6099
2025-04-26 16:00:00;2.4593
2025-04-26 16:15:00;2.3627
2025-04-26 16:30:00;2.5023
2025-04-26 16:45:00;2.2911
2025-04-26 17:00:00;2.7644
2025-04-26 17:15:00;2.5037
2025-04-26 17:30:00;2.4300
2025-04-26 17:45:00;2.4285
2025-04-26 18:00:00;2.0673
2025-04-26 18:15:00;1.7788
2025-04-26 18:30:00;1.6376
2025-04-26 18:45:00;1.4526
2025-04-26 19:00:00;1.4527
2025-04-26 19:15:00;1.2195
2025-04-26 19:30:00;0.9941
2025-04-26 19:45:00;0.7008
2025-04-26 20:00:00;0.4436
2025-04-26 20:15:00;0.2204
2025-04-26 20:30:00;0.0000
2025-04-26 20:45:00;0.0000
2025-04-26 21:00:00;0.0000
2025-04-26 21:15:00;0.0000
2025-04-26 21:30:00;0.0000
2025-04-26 21:45:00;0.0000
2025-04-26 22:00:00;0.0000
2025-04-26 22:15:00;0.0000
2025-04-26 22:30:00;0.0000
2025-04-26 22:45:00;0.0000
2025-04-26 23:00:00;0.0000
2025-04-26 23:15:00;0.0000
2025-04-26 23:30:00;0.0000
2025-04-26 23:45:00;0.0000
2025-04-27 00:00:00;0.0000
2025-04-27 00:15:00;0.0000
2025-04-27 00:30:00;0.0000
2025-04-27 00:45:00;0.0000
2025-04-27 01:00:00;0.0000
2025-04-27 01:15:00;0.0000
2025-04-27 01:30:00;0.0000
2025-04-27 01:45:00;0.0000
2025-04-27 02:00:00;0.0000
2025-04-27 02:15:00;0.0000
2025-04-27 02:30:00;0.0000
2025-04-27 02:45:00;0.0000
2025-04-27 03:00:00;0.0000
2025-04-27 03:15:00;0.0000
2025-04-27 03:30:00;0.0000
2025-04-27 03:45:00;0.0000
2025-04-27 04:00:00;0.0000
2025-04-27 04:15:00;0.0000
2025-04-27 04:30:00;0.0000
2025-04-27 04:45:00;0.0000
2025-04-27 05:00:00;0.0000
2025-04-27 05:15:00;0.0000
2025-04-27 05:30:00;0.0000
2025-04-27 05:45:00;0.0000
2025-04-27 06:00:00;0.0000
2025-04-27 06:15:00;0.0000
2025-04-27 06:30:00;0.0000
2025-04-27 06:45:00;0.0000
2025-04-27 07:00:00;0.6116
2025-04-27 07:15:00;1.2728
2025-04-27 07:30:00;1.7701
2025-04-27 07:45:00;2.3723
2025-04-27 08:00:00;2.5302
2025-04-27 08:15:00;3.2342
2025-04-27 08:30:00;3.4031
2025-04-27 08:45:00;4.0072
2025-04-27 09:00:00;4.9993
2025-04-27 09:15:00;5.3197
2025-04-27 09:30:00;5.8054
2025-04-27 09:45:00;5.9420
2025-04-27 10:00:00;5.7387
2025-04-27 10:15:00;6.3519
2025-04-27 10:30:00;6.6956
2025-04-27 10:45:00;6.9761
2025-04-27 11:00:00;8.1016
2025-04-27 11:15:00;8.6961
2025-04-27 11:30:00;8.7148
2025-04-27 11:45:00;8.7302
2025-04-27 12:00:00;10.0552
2025-04-27 12:15:00;10.0259
2025-04-27 12:30:00;10.2485
2025-04-27 12:45:00;10.7426
2025-04-27 13:00:00;9.6937
2025-04-27 13:15:00;10.1277
2025-04-27 13:30:00;9.7944
2025-04-27 13:45:00;10.8953
2025-04-27 14:00:00;10.8803
2025-04-27 14:15:00;10.2938
2025-04-27 14:30:00;10.7550
2025-04-27 14:45:00;10.4318
2025-04-27 15:00:00;10.0860
2025-04-27 15:15:00;9.4266
2025-04-27 15:30:00;9.7358
2025-04-27 15:45:00;9.0550
2025-04-27 16:00:00;6.7701
2025-04-27 16:15:00;6.7548
2025-04-27 16:30:00;6.0486
2025-04-27 16:45:00;5.8753
2025-04-27 17:00:00;6.9529
2025-04-27 17:15:00;6.8713
2025-04-27 17:30:00;6.0648
2025-04-27 17:45:00;5.6078
2025-04-27 18:00:00;5.8166
2025-04-27 18:15:00;5.1791
2025-04-27 18:30:00;4.8152
2025-04-27 18:45:00;4.3991
2025-04-27 19:00:00;3.0222
2025-04-27 19:15:00;2.4886
2025-04-27 19:30:00;2.0001
2025-04-27 19:45:00;1.4867
2025-04-27 20:00:00;1.3451
2025-04-27 20:15:00;0.6121
2025-04-27 20:30:00;0.0000
2025-04-27 20:45:00;0.0000
2025-04-27 21:00:00;0.0000
2025-04-27 21:15:00;0.0000
2025-04-27 21:30:00;0.0000
2025-04-27 21:45:00;0.0000
2025-04-27 22:00:00;0.0000
2025-04-27 22:15:00;0.0000
2025-04-27 22:30:00;0.0000
2025-04-27 22:45:00;0.0000
2025-04-27 23:00:00;0.0000
2025-04-27 23:15:00;0.0000
2025-04-27 23:30:00;0.0000
2025-04-27 23:45:00;0.0000
2025-04-28 00:00:00;0.0000
2025-04-28 00:15:00;0.0000
2025-04-28 00:30:00;0.0000
2025-04-28 00:45:00;0.0000
2025-04-28 01:00:00;0.0000
2025-04-28 01:15:00;0.0000
2025-04-28 01:30:00;0.0000
2025-04-28 01:45:00;0.0000
2025-04-28 02:00:00;0.0000
2025-04-28 02:15:00;0.0000
2025-04-28 02:30:00;0.0000
2025-04-28 02:45:00;0.0000
2025-04-28 03:00:00;0.0000
2025-04-28 03:15:00;0.0000
2025-04-28 03:30:00;0.0000
2025-04-28 03:45:00;0.0000
2025-04-28 04:00:00;0.0000
2025-04-28 04:15:00;0.0000
2025-04-28 04:30:00;0.0000
2025-04-28 04:45:00;0.0000
2025-04-28 05:00:00;0.0000
2025-04-28 05:15:00;0.0000
2025-04-28 05:30:00;0.0000
2025-04-28 05:45:00;0.0000
2025-04-28 06:00:00;0.0000
2025-04-28 06:15:00;0.0000
2025-04-28 06:30:00;0.0000
2025-04-28 06:45:00;0.0000
2025-04-28 07:00:00;1.5361
2025-04-28 07:15:00;2.7980
2025-04-28 07:30:00;4.2783
2025-04-28 07:45:00;5.6648
2025-04-28 08:00:00;6.6632
2025-04-28 08:15:00;7.7641
2025-04-28 08:30:00;9.2214
2025-04-28 08:45:00;10.7705
2025-04-28 09:00:00;13.8346
2025-04-28 09:15:00;15.1993
2025-04-28 09:30:00;17.0934
2025-04-28 09:45:00;18.4474
2025-04-28 10:00:00;19.0190
2025-04-28 10:15:00;20.7932
2025-04-28 10:30:00;21.6796
2025-04-28 10:45:00;22.5224
2025-04-28 11:00:00;22.2140
2025-04-28 11:15:00;23.1773
2025-04-28 11:30:00;23.1194
2025-04-28 11:45:00;23.2745
2025-04-28 12:00:00;20.3300
2025-04-28 12:15:00;20.8289
2025-04-28 12:30:00;22.2063
2025-04-28 12:45:00;21.4776
2025-04-28 13:00:00;24.5810
2025-04-28 13:15:00;24.5725
2025-04-28 13:30:00;24.8596
2025-04-28 13:45:00;25.7152
2025-04-28 14:00:00;27.6467
2025-04-28 14:15:00;27.7337
2025-04-28 14:30:00;27.1023
2025-04-28 14:45:00;27.5748
2025-04-28 15:00:00;28.1019
2025-04-28 15:15:00;27.0435
2025-04-28 15:30:00;25.5769
2025-04-28 15:45:00;24.5674
2025-04-28 16:00:00;19.4355
2025-04-28 16:15:00;18.2883
2025-04-28 16:30:00;17.6165
2025-04-28 16:45:00;16.7237
2025-04-28 17:00:00;8.2528
2025-04-28 17:15:00;8.2480
2025-04-28 17:30:00;7.6415
2025-04-28 17:45:00;6.9477
2025-04-28 18:00:00;11.4574
2025-04-28 18:15:00;10.3486
2025-04-28 18:30:00;9.2371
2025-04-28 18:45:00;8.0222
2025-04-28 19:00:00;9.4055
2025-04-28 19:15:00;7.7017
2025-04-28 19:30:00;6.3922
2025-04-28 19:45:00;4.7993
2025-04-28 20:00:00;1.7412
2025-04-28 20:15:00;0.9380
2025-04-28 20:30:00;0.0000
2025-04-28 20:45:00;0.0000
2025-04-28 21:00:00;0.0000
2025-04-28 21:15:00;0.0000
2025-04-28 21:30:00;0.0000
2025-04-28 21:45:00;0.0000
2025-04-28 22:00:00;0.0000
2025-04-28 22:15:00;0.0000
2025-04-28 22:30:00;0.0000
2025-04-28 22:45:00;0.0000
2025-04-28 23:00:00;0.0000
2025-04-28 23:15:00;0.0000
2025-04-28 23:30:00;0.0000
2025-04-28 23:45:00;0.0000
2025-04-29 00:00:00;0.0000
2025-04-29 00:15:00;0.0000
2025-04-29 00:30:00;0.0000
2025-04-29 00:45:00;0.0000
2025-04-29 01:00:00;0.0000
2025-04-29 01:15:00;0.0000
2025-04-29 01:30:00;0.0000
2025-04-29 01:45:00;0.0000
2025-04-29 02:00:00;0.0000
2025-04-29 02:15:00;0.0000
2025-04-29 02:30:00;0.0000
2025-04-29 02:45:00;0.0000
2025-04-29 03:00:00;0.0000
2025-04-29 03:15:00;0.0000
2025-04-29 03:30:00;0.0000
2025-04-29 03:45:00;0.0000
2025-04-29 04:00:00;0.0000
2025-04-29 04:15:00;0.0000
2025-04-29 04:30:00;0.0000
2025-04-29 04:45:00;0.0000
2025-04-29 05:00:00;0.0000
2025-04-29 05:15:00;0.0000
2025-04-29 05:30:00;0.0000
2025-04-29 05:45:00;0.0000
2025-04-29 06:00:00;0.0000
2025-04-29 06:15:00;0.0000
2025-04-29 06:30:00;0.0000
2025-04-29 06:45:00;0.0000
2025-04-29 07:00:00;0.5784
2025-04-29 07:15:00;1.1203
2025-04-29 07:30:00;1.7941
2025-04-29 07:45:00;2.3656
2025-04-29 08:00:00;9.3921
2025-04-29 08:15:00;10.3258
2025-04-29 08:30:00;12.3410
2025-04-29 08:45:00;13.9362
2025-04-29 09:00:00;14.8726
2025-04-29 09:15:00;17.5122
2025-04-29 09:30:00;18.7242
2025-04-29 09:45:00;18.1593
2025-04-29 10:00:00;17.5002
2025-04-29 10:15:00;18.5071
2025-04-29 10:30:00;19.4883
2025-04-29 10:45:00;20.7147
2025-04-29 11:00:00;21.0213
2025-04-29 11:15:00;22.2574
2025-04-29 11:30:00;22.7262
2025-04-29 11:45:00;22.3762
2025-04-29 12:00:00;24.3171
2025-04-29 12:15:00;26.1329
2025-04-29 12:30:00;25.9172
2025-04-29 12:45:00;27.1764
2025-04-29 13:00:00;22.5334
2025-04-29 13:15:00;21.8096
2025-04-29 13:30:00;22.1696
2025-04-29 13:45:00;22.2954
2025-04-29 14:00:00;27.5438
2025-04-29 14:15:00;26.0789
2025-04-29 14:30:00;26.4739
2025-04-29 14:45:00;25.7411
2025-04-29 15:00:00;28.1188
2025-04-29 15:15:00;28.1708
2025-04-29 15:30:00;27.3023
2025-04-29 15:45:00;26.6416
2025-04-29 16:00:00;24.8458
2025-04-29 16:15:00;24.6821
2025-04-29 16:30:00;24.3755
2025-04-29 16:45:00;21.9849
2025-04-29 17:00:00;18.0499
2025-04-29 17:15:00;17.5878
2025-04-29 17:30:00;16.0312
2025-04-29 17:45:00;14.6399
2025-04-29 18:00:00;15.4602
2025-04-29 18:15:00;13.6336
2025-04-29 18:30:00;12.3178
2025-04-29 18:45:00;10.9871
2025-04-29 19:00:00;9.2292
2025-04-29 19:15:00;7.5515
2025-04-29 19:30:00;6.0858
2025-04-29 19:45:00;4.8148
2025-04-29 20:00:00;3.3593
2025-04-29 20:15:00;1.6587
2025-04-29 20:30:00;0.0000
2025-04-29 20:45:00;0.0000
2025-04-29 21:00:00;0.0000
2025-04-29 21:15:00;0.0000
2025-04-29 21:30:00;0.0000
2025-04-29 21:45:00;0.0000
2025-04-29 22:00:00;0.0000
2025-04-29 22:15:00;0.0000
2025-04-29 22:30:00;0.0000
2025-04-29 22:45:00;0.0000
2025-04-29 23:00:00;0.0000
2025-04-29 23:15:00;0.0000
2025-04-29 23:30:00;0.0000
2025-04-29 23:45:00;0.0000
2025-04-30 00:00:00;0.0000
2025-04-30 00:15:00;0.0000
2025-04-30 00:30:00;0.0000
2025-04-30 00:45:00;0.0000
2025-04-30 01:00:00;0.0000
2025-04-30 01:15:00;0.0000
2025-04-30 01:30:00;0.0000
2025-04-30 01:45:00;0.0000
2025-04-30 02:00:00;0.0000
2025-04-30 02:15:00;0.0000
2025-04-30 02:30:00;0.0000
2025-04-30 02:45:00;0.0000
2025-04-30 03:00:00;0.0000
2025-04-30 03:15:00;0.0000
2025-04-30 03:30:00;0.0000
2025-04-30 03:45:00;0.0000
2025-04-30 04:00:00;0.0000
2025-04-30 04:15:00;0.0000
2025-04-30 04:30:00;0.0000
2025-04-30 04:45:00;0.0000
2025-04-30 05:00:00;0.0000
2025-04-30 05:15:00;0.0000
2025-04-30 05:30:00;0.0000
2025-04-30 05:45:00;0.0000
2025-04-30 06:00:00;0.0000
2025-04-30 06:15:00;0.0000
2025-04-30 06:30:00;0.0000
2025-04-30 06:45:00;0.0000
2025-04-30 07:00:00;2.3975
2025-04-30 07:15:00;4.7003
2025-04-30 07:30:00;6.9402
2025-04-30 07:45:00;9.6591
2025-04-30 08:00:00;11.8381
2025-04-30 08:15:00;13.6210
2025-04-30 08:30:00;17.1355
2025-04-30 08:45:00;18.3133
2025-04-30 09:00:00;17.6874
2025-04-30 09:15:00;19.3681
2025-04-30 09:30:00;21.6241
2025-04-30 09:45:00;23.1541
2025-04-30 10:00:00;28.8507
2025-04-30 10:15:00;30.0803
2025-04-30 10:30:00;32.7746
2025-04-30 10:45:00;32.9607
2025-04-30 11:00:00;29.7064
2025-04-30 11:15:00;31.8983
2025-04-30 11:30:00;32.5605
2025-04-30 11:45:00;32.9662
2025-04-30 12:00:00;37.1558
2025-04-30 12:15:00;37.2205
2025-04-30 12:30:00;37.1472
2025-04-30 12:45:00;37.1737
2025-04-30 13:00:00;37.1720
2025-04-30 13:15:00;37.1453
2025-04-30 13:30:00;37.1675
2025-04-30 13:45:00;37.1598
2025-04-30 14:00:00;37.2200
2025-04-30 14:15:00;37.0978
2025-04-30 14:30:00;37.1115
2025-04-30 14:45:00;35.6832
2025-04-30 15:00:00;37.1255
2025-04-30 15:15:00;37.1785
2025-04-30 15:30:00;37.1358
2025-04-30 15:45:00;37.2212
2025-04-30 16:00:00;37.1413
2025-04-30 16:15:00;37.1156
2025-04-30 16:30:00;36.9478
2025-04-30 16:45:00;34.1281
2025-04-30 17:00:00;31.5852
2025-04-30 17:15:00;28.6713
2025-04-30 17:30:00;26.9026
2025-04-30 17:45:00;23.9092
2025-04-30 18:00:00;19.6705
2025-04-30 18:15:00;18.5396
2025-04-30 18:30:00;15.6816
2025-04-30 18:45:00;14.5047
2025-04-30 19:00:00;13.5430
2025-04-30 19:15:00;11.6114
2025-04-30 19:30:00;9.7571
2025-04-30 19:45:00;6.9870
2025-04-30 20:00:00;4.3837
2025-04-30 20:15:00;2.1265
2025-04-30 20:30:00;0.0000
2025-04-30 20:45:00;0.0000
2025-04-30 21:00:00;0.0000
2025-04-30 21:15:00;0.0000
2025-04-30 21:30:00;0.0000
2025-04-30 21:45:00;0.0000
2025-04-30 22:00:00;0.0000
2025-04-30 22:15:00;0.0000
2025-04-30 22:30:00;0.0000
2025-04-30 22:45:00;0.0000
2025-04-30 23:00:00;0.0000
2025-04-30 23:15:00;0.0000
2025-04-30 23:30:00;0.0000
2025-04-30 23:45:00;0.0000
2025-05-01 00:00:00;0.0000
2025-05-01 00:15:00;0.0000
2025-05-01 00:30:00;0.0000
2025-05-01 00:45:00;0.0000
2025-05-01 01:00:00;0.0000
2025-05-01 01:15:00;0.0000
2025-05-01 01:30:00;0.0000
2025-05-01 01:45:00;0.0000
2025-05-01 02:00:00;0.0000
2025-05-01 02:15:00;0.0000
2025-05-01 02:30:00;0.0000
2025-05-01 02:45:00;0.0000
2025-05-01 03:00:00;0.0000
2025-05-01 03:15:00;0.0000
2025-05-01 03:30:00;0.0000
2025-05-01 03:45:00;0.0000
2025-05-01 04:00:00;0.0000
2025-05-01 04:15:00;0.0000
2025-05-01 04:30:00;0.0000
2025-05-01 04:45:00;0.0000
2025-05-01 05:00:00;0.0000
2025-05-01 05:15:00;0.0000
2025-05-01 05:30:00;0.0000
2025-05-01 05:45:00;0.0000
2025-05-01 06:00:00;1.9638
2025-05-01 06:15:00;4.0940
2025-05-01 06:30:00;5.8726
2025-05-01 06:45:00;7.7584
2025-05-01 07:00:00;4.2456
2025-05-01 07:15:00;4.8617
2025-05-01 07:30:00;5.7911
2025-05-01 07:45:00;6.8255
2025-05-01 08:00:00;7.9677
2025-05-01 08:15:00;9.4767
2025-05-01 08:30:00;9.9869
2025-05-01 08:45:00;10.5474
2025-05-01 09:00:00;20.6351
2025-05-01 09:15:00;22.2036
2025-05-01 09:30:00;23.3566
2025-05-01 09:45:00;23.3856
2025-05-01 10:00:00;26.0195
2025-05-01 10:15:00;27.8816
2025-05-01 10:30:00;29.7252
2025-05-01 10:45:00;28.7009
2025-05-01 11:00:00;14.3452
2025-05-01 11:15:00;14.6572
2025-05-01 11:30:00;14.4028
2025-05-01 11:45:00;14.9699
2025-05-01 12:00:00;33.5098
2025-05-01 12:15:00;33.4821
2025-05-01 12:30:00;33.8866
2025-05-01 12:45:00;36.2628
2025-05-01 13:00:00;33.5125
2025-05-01 13:15:00;35.1275
2025-05-01 13:30:00;35.5529
2025-05-01 13:45:00;35.6319
2025-05-01 14:00:00;30.7956
2025-05-01 14:15:00;30.3886
2025-05-01 14:30:00;30.6159
2025-05-01 14:45:00;29.7572
2025-05-01 15:00:00;27.2545
2025-05-01 15:15:00;25.2041
2025-05-01 15:30:00;26.8180
2025-05-01 15:45:00;25.1796
2025-05-01 16:00:00;19.1133
2025-05-01 16:15:00;19.7944
2025-05-01 16:30:00;18.8940
2025-05-01 16:45:00;18.7357
2025-05-01 17:00:00;22.4543
2025-05-01 17:15:00;20.7359
2025-05-01 17:30:00;19.2757
2025-05-01 17:45:00;19.7415
2025-05-01 18:00:00;20.8731
2025-05-01 18:15:00;19.2331
2025-05-01 18:30:00;19.0248
2025-05-01 18:45:00;17.1281
2025-05-01 19:00:00;13.2828
2025-05-01 19:15:00;11.6892
2025-05-01 19:30:00;10.7417
2025-05-01 19:45:00;9.2185
2025-05-01 20:00:00;9.3670
2025-05-01 20:15:00;7.4959
2025-05-01 20:30:00;5.9759
2025-05-01 20:45:00;4.5399
2025-05-01 21:00:00;3.8963
2025-05-01 21:15:00;1.9584
2025-05-01 21:30:00;0.0000
2025-05-01 21:45:00;0.0000
2025-05-01 22:00:00;0.0000
2025-05-01 22:15:00;0.0000
2025-05-01 22:30:00;0.0000
2025-05-01 22:45:00;0.0000
2025-05-01 23:00:00;0.0000
2025-05-01 23:15:00;0.0000
2025-05-01 23:30:00;0.0000
2025-05-01 23:45:00;0.0000
2025-05-02 00:00:00;0.0000
2025-05-02 00:15:00;0.0000
2025-05-02 00:30:00;0.0000
2025-05-02 00:45:00;0.0000
2025-05-02 01:00:00;0.0000
2025-05-02 01:15:00;0.0000
2025-05-02 01:30:00;0.0000
2025-05-02 01:45:00;0.0000
2025-05-02 02:00:00;0.0000
2025-05-02 02:15:00;0.0000
2025-05-02 02:30:00;0.0000
2025-05-02 02:45:00;0.0000
2025-05-02 03:00:00;0.0000
2025-05-02 03:15:00;0.0000
2025-05-02 03:30:00;0.0000
2025-05-02 03:45:00;0.0000
2025-05-02 04:00:00;0.0000
2025-05-02 04:15:00;0.0000
2025-05-02 04:30:00;0.0000
2025-05-02 04:45:00;0.0000
2025-05-02 05:00:00;0.0000
2025-05-02 05:15:00;0.0000
2025-05-02 05:30:00;0.0000
2025-05-02 05:45:00;0.0000
2025-05-02 06:00:00;0.1980
2025-05-02 06:15:00;0.4042
2025-05-02 06:30:00;0.5808
2025-05-02 06:45:00;0.8141
2025-05-02 07:00:00;1.0769
2025-05-02 07:15:00;1.1841
2025-05-02 07:30:00;1.4582
2025-05-02 07:45:00;1.7220
2025-05-02 08:00:00;2.0773
2025-05-02 08:15:00;2.3462
2025-05-02 08:30:00;2.7069
2025-05-02 08:45:00;2.7676
2025-05-02 09:00:00;2.9740
2025-05-02 09:15:00;3.3057
2025-05-02 09:30:00;3.3657
2025-05-02 09:45:00;3.4915
2025-05-02 10:00:00;3.5918
2025-05-02 10:15:00;3.7149
2025-05-02 10:30:00;3.8598
2025-05-02 10:45:00;4.1012
2025-05-02 11:00:00;3.3031
2025-05-02 11:15:00;3.5550
2025-05-02 11:30:00;3.5192
2025-05-02 11:45:00;3.5958
2025-05-02 12:00:00;4.5014
2025-05-02 12:15:00;4.3693
2025-05-02 12:30:00;4.5626
2025-05-02 12:45:00;4.3390
2025-05-02 13:00:00;4.1848
2025-05-02 13:15:00;4.4198
2025-05-02 13:30:00;4.4136
2025-05-02 13:45:00;4.5574
2025-05-02 14:00:00;4.7084
2025-05-02 14:15:00;4.7022
2025-05-02 14:30:00;5.0800
2025-05-02 14:45:00;4.8582
2025-05-02 15:00:00;4.5890
2025-05-02 15:15:00;4.5063
2025-05-02 15:30:00;4.4664
2025-05-02 15:45:00;4.4311
2025-05-02 16:00:00;4.9880
2025-05-02 16:15:00;5.0873
2025-05-02 16:30:00;4.8105
2025-05-02 16:45:00;4.7971
2025-05-02 17:00:00;3.6609
2025-05-02 17:15:00;3.4392
2025-05-02 17:30:00;3.2839
2025-05-02 17:45:00;3.1270
2025-05-02 18:00:00;3.0410
2025-05-02 18:15:00;2.7776
2025-05-02 18:30:00;2.6786
2025-05-02 18:45:00;2.3220
2025-05-02 19:00:00;2.3311
2025-05-02 19:15:00;1.9605
2025-05-02 19:30:00;1.8525
2025-05-02 19:45:00;1.5547
2025-05-02 20:00:00;1.3906
2025-05-02 20:15:00;1.2511
2025-05-02 20:30:00;0.9299
2025-05-02 20:45:00;0.7095
2025-05-02 21:00:00;0.4659
2025-05-02 21:15:00;0.2455
2025-05-02 21:30:00;0.0000
2025-05-02 21:45:00;0.0000
2025-05-02 22:00:00;0.0000
2025-05-02 22:15:00;0.0000
2025-05-02 22:30:00;0.0000
2025-05-02 22:45:00;0.0000
2025-05-02 23:00:00;0.0000
2025-05-02 23:15:00;0.0000
2025-05-02 23:30:00;0.0000
2025-05-02 23:45:00;0.0000
2025-05-03 00:00:00;0.0000
2025-05-03 00:15:00;0.0000
2025-05-03 00:30:00;0.0000
2025-05-03 00:45:00;0.0000
2025-05-03 01:00:00;0.0000
2025-05-03 01:15:00;0.0000
2025-05-03 01:30:00;0.0000
2025-05-03 01:45:00;0.0000
2025-05-03 02:00:00;0.0000
2025-05-03 02:15:00;0.0000
2025-05-03 02:30:00;0.0000
2025-05-03 02:45:00;0.0000
2025-05-03 03:00:00;0.0000
2025-05-03 03:15:00;0.0000
2025-05-03 03:30:00;0.0000
2025-05-03 03:45:00;0.0000
2025-05-03 04:00:00;0.0000
2025-05-03 04:15:00;0.0000
2025-05-03 04:30:00;0.0000
2025-05-03 04:45:00;0.0000
2025-05-03 05:00:00;0.0000
2025-05-03 05:15:00;0.0000
2025-05-03 05:30:00;0.0000
2025-05-03 05:45:00;0.0000
2025-05-03 06:00:00;2.1136
2025-05-03 06:15:00;4.1199
2025-05-03 06:30:00;6.5565
2025-05-03 06:45:00;8.3499
2025-05-03 07:00:00;10.7102
2025-05-03 07:15:00;13.2020
2025-05-03 07:30:00;15.1325
2025-05-03 07:45:00;17.1537
2025-05-03 08:00:00;19.9019
2025-05-03 08:15:00;23.3339
2025-05-03 08:30:00;24.7768
2025-05-03 08:45:00;27.3870
2025-05-03 09:00:00;28.4455
2025-05-03 09:15:00;31.2985
2025-05-03 09:30:00;33.9612
2025-05-03 09:45:00;34.8547
2025-05-03 10:00:00;37.1847
2025-05-03 10:15:00;37.1447
2025-05-03 10:30:00;37.1592
2025-05-03 10:45:00;37.1474
2025-05-03 11:00:00;37.1804
2025-05-03 11:15:00;37.1931
2025-05-03 11:30:00;37.1575
2025-05-03 11:45:00;37.1959
2025-05-03 12:00:00;37.2243
2025-05-03 12:15:00;37.1561
2025-05-03 12:30:00;37.1673
2025-05-03 12:45:00;37.1610
2025-05-03 13:00:00;37.1654
2025-05-03 13:15:00;37.1545
2025-05-03 13:30:00;37.1694
2025-05-03 13:45:00;37.1187
2025-05-03 14:00:00;37.1998
2025-05-03 14:15:00;37.1916
2025-05-03 14:30:00;37.1577
2025-05-03 14:45:00;37.1094
2025-05-03 15:00:00;37.0704
2025-05-03 15:15:00;37.1463
2025-05-03 15:30:00;37.2009
2025-05-03 15:45:00;37.1751
2025-05-03 16:00:00;37.1891
2025-05-03 16:15:00;37.1361
2025-05-03 16:30:00;37.2054
2025-05-03 16:45:00;37.1681
2025-05-03 17:00:00;37.0559
2025-05-03 17:15:00;34.3347
2025-05-03 17:30:00;35.2278
2025-05-03 17:45:00;32.4675
2025-05-03 18:00:00;26.6137
2025-05-03 18:15:00;23.9486
2025-05-03 18:30:00;23.7122
2025-05-03 18:45:00;22.7672
2025-05-03 19:00:00;24.4925
2025-05-03 19:15:00;21.0043
2025-05-03 19:30:00;19.6690
2025-05-03 19:45:00;16.3587
2025-05-03 20:00:00;13.7037
2025-05-03 20:15:00;11.4260
2025-05-03 20:30:00;9.5577
2025-05-03 20:45:00;6.8568
2025-05-03 21:00:00;4.5901
2025-05-03 21:15:00;2.2830
2025-05-03 21:30:00;0.0000
2025-05-03 21:45:00;0.0000
2025-05-03 22:00:00;0.0000
2025-05-03 22:15:00;0.0000
2025-05-03 22:30:00;0.0000
2025-05-03 22:45:00;0.0000
2025-05-03 23:00:00;0.0000
2025-05-03 23:15:00;0.0000
2025-05-03 23:30:00;0.0000
2025-05-03 23:45:00;0.0000
2025-05-04 00:00:00;0.0000
2025-05-04 00:15:00;0.0000
2025-05-04 00:30:00;0.0000
2025-05-04 00:45:00;0.0000
2025-05-04 01:00:00;0.0000
2025-05-04 01:15:00;0.0000
2025-05-04 01:30:00;0.0000
2025-05-04 01:45:00;0.0000
2025-05-04 02:00:00;0.0000
2025-05-04 02:15:00;0.0000
2025-05-04 02:30:00;0.0000
2025-05-04 02:45:00;0.0000
2025-05-04 03:00:00;0.0000
2025-05-04 03:15:00;0.0000
2025-05-04 03:30:00;0.0000
2025-05-04 03:45:00;0.0000
2025-05-04 04:00:00;0.0000
2025-05-04 04:15:00;0.0000
2025-05-04 04:30:00;0.0000
2025-05-04 04:45:00;0.0000
2025-05-04 05:00:00;0.0000
2025-05-04 05:15:00;0.0000
2025-05-04 05:30:00;0.0000
2025-05-04 05:45:00;0.0000
2025-05-04 06:00:00;1.4900
2025-05-04 06:15:00;2.9122
2025-05-04 06:30:00;4.4868
2025-05-04 06:45:00;5.9024
2025-05-04 07:00:00;7.3295
2025-05-04 07:15:00;8.6806
2025-05-04 07:30:00;10.4302
2025-05-04 07:45:00;11.4304
2025-05-04 08:00:00;15.1325
2025-05-04 08:15:00;16.9706
2025-05-04 08:30:00;19.2626
2025-05-04 08:45:00;20.7278
2025-05-04 09:00:00;18.8531
2025-05-04 09:15:00;21.9116
2025-05-04 09:30:00;21.5469
2025-05-04 09:45:00;23.1355
2025-05-04 10:00:00;9.4486
2025-05-04 10:15:00;9.4879
2025-05-04 10:30:00;10.3784
2025-05-04 10:45:00;9.2583
2025-05-04 11:00:00;30.0523
2025-05-04 11:15:00;30.4903
2025-05-04 11:30:00;32.5068
2025-05-04 11:45:00;33.6364
2025-05-04 12:00:00;11.7947
2025-05-04 12:15:00;12.2717
2025-05-04 12:30:00;12.6517
2025-05-04 12:45:00;13.1000
2025-05-04 13:00:00;28.5145
2025-05-04 13:15:00;28.3257
2025-05-04 13:30:00;29.1434
2025-05-04 13:45:00;27.8544
2025-05-04 14:00:00;23.9844
2025-05-04 14:15:00;23.4430
2025-05-04 14:30:00;23.0553
2025-05-04 14:45:00;23.4673
2025-05-04 15:00:00;26.7185
2025-05-04 15:15:00;24.8481
2025-05-04 15:30:00;25.4377
2025-05-04 15:45:00;24.9623
2025-05-04 16:00:00;29.0200
2025-05-04 16:15:00;27.6715
2025-05-04 16:30:00;26.6604
2025-05-04 16:45:00;26.0934
2025-05-04 17:00:00;24.2824
2025-05-04 17:15:00;22.6579
2025-05-04 17:30:00;21.4984
2025-05-04 17:45:00;20.0933
2025-05-04 18:00:00;17.5285
2025-05-04 18:15:00;17.1968
2025-05-04 18:30:00;15.2944
2025-05-04 18:45:00;14.1981
2025-05-04 19:00:00;15.6922
2025-05-04 19:15:00;13.8531
2025-05-04 19:30:00;12.5933
2025-05-04 19:45:00;11.4101
2025-05-04 20:00:00;9.4512
2025-05-04 20:15:00;8.0360
2025-05-04 20:30:00;6.4557
2025-05-04 20:45:00;5.0199
2025-05-04 21:00:00;2.9136
2025-05-04 21:15:00;1.3516
2025-05-04 21:30:00;0.0000
2025-05-04 21:45:00;0.0000
2025-05-04 22:00:00;0.0000
2025-05-04 22:15:00;0.0000
2025-05-04 22:30:00;0.0000
2025-05-04 22:45:00;0.0000
2025-05-04 23:00:00;0.0000
2025-05-04 23:15:00;0.0000
2025-05-04 23:30:00;0.0000
2025-05-04 23:45:00;0.0000
2025-05-05 00:00:00;0.0000
2025-05-05 00:15:00;0.0000
2025-05-05 00:30:00;0.0000
2025-05-05 00:45:00;0.0000
2025-05-05 01:00:00;0.0000
2025-05-05 01:15:00;0.0000
2025-05-05 01:30:00;0.0000
2025-05-05 01:45:00;0.0000
2025-05-05 02:00:00;0.0000
2025-05-05 02:15:00;0.0000
2025-05-05 02:30:00;0.0000
2025-05-05 02:45:00;0.0000
2025-05-05 03:00:00;0.0000
2025-05-05 03:15:00;0.0000
2025-05-05 03:30:00;0.0000
2025-05-05 03:45:00;0.0000
2025-05-05 04:00:00;0.0000
2025-05-05 04:15:00;0.0000
2025-05-05 04:30:00;0.0000
2025-05-05 04:45:00;0.0000
2025-05-05 05:00:00;0.0000
2025-05-05 05:15:00;0.0000
2025-05-05 05:30:00;0.0000
2025-05-05 05:45:00;0.0000
2025-05-05 06:00:00;2.4444
2025-05-05 06:15:00;4.7902
2025-05-05 06:30:00;7.5566
2025-05-05 06:45:00;9.8794
2025-05-05 07:00:00;11.0728
2025-05-05 07:15:00;13.1918
2025-05-05 07:30:00;15.6800
2025-05-05 07:45:00;17.4323
2025-05-05 08:00:00;18.8733
2025-05-05 08:15:00;20.0264
2025-05-05 08:30:00;21.6210
2025-05-05 08:45:00;24.7003
2025-05-05 09:00:00;24.6827
2025-05-05 09:15:00;25.8957
2025-05-05 09:30:00;26.4847
2025-05-05 09:45:00;29.0289
2025-05-05 10:00:00;37.1283
2025-05-05 10:15:00;37.1464
2025-05-05 10:30:00;37.2004
2025-05-05 10:45:00;37.1717
2025-05-05 11:00:00;37.0106
2025-05-05 11:15:00;37.1879
2025-05-05 11:30:00;37.1760
2025-05-05 11:45:00;37.2032
2025-05-05 12:00:00;37.1183
2025-05-05 12:15:00;37.2138
2025-05-05 12:30:00;37.1016
2025-05-05 12:45:00;37.1812
2025-05-05 13:00:00;37.1897
2025-05-05 13:15:00;37.1313
2025-05-05 13:30:00;37.1800
2025-05-05 13:45:00;37.1748
2025-05-05 14:00:00;37.1739
2025-05-05 14:15:00;37.1951
2025-05-05 14:30:00;37.1252
2025-05-05 14:45:00;37.1665
2025-05-05 15:00:00;37.1911
2025-05-05 15:15:00;37.1023
2025-05-05 15:30:00;37.1457
2025-05-05 15:45:00;37.1574
2025-05-05 16:00:00;37.0981
2025-05-05 16:15:00;37.1910
2025-05-05 16:30:00;37.1992
2025-05-05 16:45:00;34.5307
2025-05-05 17:00:00;37.1150
2025-05-05 17:15:00;35.2558
2025-05-05 17:30:00;35.7191
2025-05-05 17:45:00;32.3903
2025-05-05 18:00:00;29.5561
2025-05-05 18:15:00;29.1864
2025-05-05 18:30:00;25.5227
2025-05-05 18:45:00;24.9347
2025-05-05 19:00:00;22.5251
2025-05-05 19:15:00;20.0423
2025-05-05 19:30:00;18.0813
2025-05-05 19:45:00;16.2585
2025-05-05 20:00:00;13.3678
2025-05-05 20:15:00;10.8136
2025-05-05 20:30:00;8.9102
2025-05-05 20:45:00;6.9443
2025-05-05 21:00:00;4.1977
2025-05-05 21:15:00;2.1683
2025-05-05 21:30:00;0.0000
2025-05-05 21:45:00;0.0000
2025-05-05 22:00:00;0.0000
2025-05-05 22:15:00;0.0000
2025-05-05 22:30:00;0.0000
2025-05-05 22:45:00;0.0000
2025-05-05 23:00:00;0.0000
2025-05-05 23:15:00;0.0000
2025-05-05 23:30:00;0.0000
2025-05-05 23:45:00;0.0000
2025-05-06 00:00:00;0.0000
2025-05-06 00:15:00;0.0000
2025-05-06 00:30:00;0.0000
2025-05-06 00:45:00;0.0000
2025-05-06 01:00:00;0.0000
2025-05-06 01:15:00;0.0000
2025-05-06 01:30:00;0.0000
2025-05-06 01:45:00;0.0000
2025-05-06 02:00:00;0.0000
2025-05-06 02:15:00;0.0000
2025-05-06 02:30:00;0.0000
2025-05-06 02:45:00;0.0000
2025-05-06 03:00:00;0.0000
2025-05-06 03:15:00;0.0000
2025-05-06 03:30:00;0.0000
2025-05-06 03:45:00;0.0000
2025-05-06 04:00:00;0.0000
2025-05-06 04:15:00;0.0000
2025-05-06 04:30:00;0.0000
2025-05-06 04:45:00;0.0000
2025-05-06 05:00:00;0.0000
2025-05-06 05:15:00;0.0000
2025-05-06 05:30:00;0.0000
2025-05-06 05:45:00;0.0000
2025-05-06 06:00:00;1.4431
2025-05-06 06:15:00;2.7345
2025-05-06 06:30:00;4.3532
2025-05-06 06:45:00;5.6768
2025-05-06 07:00:00;7.9144
2025-05-06 07:15:00;9.1908
2025-05-06 07:30:00;10.5354
2025-05-06 07:45:00;12.0440
2025-05-06 08:00:00;14.3744
2025-05-06 08:15:00;17.3756
2025-05-06 08:30:00;17.9463
2025-05-06 08:45:00;19.8318
2025-05-06 09:00:00;18.2419
2025-05-06 09:15:00;18.7948
2025-05-06 09:30:00;21.2639
2025-05-06 09:45:00;21.7863
2025-05-06 10:00:00;19.8730
2025-05-06 10:15:00;20.4421
2025-05-06 10:30:00;21.2987
2025-05-06 10:45:00;22.3506
2025-05-06 11:00:00;17.2381
2025-05-06 11:15:00;16.4450
2025-05-06 11:30:00;17.8150
2025-05-06 11:45:00;18.4952
2025-05-06 12:00:00;16.2071
2025-05-06 12:15:00;16.0365
2025-05-06 12:30:00;16.5628
2025-05-06 12:45:00;16.0049
2025-05-06 13:00:00;32.7196
2025-05-06 13:15:00;33.5297
2025-05-06 13:30:00;34.0557
2025-05-06 13:45:00;32.5385
2025-05-06 14:00:00;30.5917
2025-05-06 14:15:00;30.4076
2025-05-06 14:30:00;29.4250
2025-05-06 14:45:00;31.2621
2025-05-06 15:00:00;30.8845
2025-05-06 15:15:00;29.8636
2025-05-06 15:30:00;31.1980
2025-05-06 15:45:00;30.1246
2025-05-06 16:00:00;25.6123
2025-05-06 16:15:00;25.8081
2025-05-06 16:30:00;24.6038
2025-05-06 16:45:00;23.7151
2025-05-06 17:00:00;22.5388
2025-05-06 17:15:00;22.3082
2025-05-06 17:30:00;19.5731
2025-05-06 17:45:00;18.9508
2025-05-06 18:00:00;14.4678
2025-05-06 18:15:00;13.4867
2025-05-06 18:30:00;12.2913
2025-05-06 18:45:00;11.8338
2025-05-06 19:00:00;15.3983
2025-05-06 19:15:00;13.0314
2025-05-06 19:30:00;12.5279
2025-05-06 19:45:00;11.0188
2025-05-06 20:00:00;5.9088
2025-05-06 20:15:00;4.9005
2025-05-06 20:30:00;4.1191
2025-05-06 20:45:00;3.0817
2025-05-06 21:00:00;3.4590
2025-05-06 21:15:00;1.8526
2025-05-06 21:30:00;0.0000
2025-05-06 21:45:00;0.0000
2025-05-06 22:00:00;0.0000
2025-05-06 22:15:00;0.0000
2025-05-06 22:30:00;0.0000
2025-05-06 22:45:00;0.0000
2025-05-06 23:00:00;0.0000
2025-05-06 23:15:00;0.0000
2025-05-06 23:30:00;0.0000
2025-05-06 23:45:00;0.0000
2025-05-07 00:00:00;0.0000
2025-05-07 00:15:00;0.0000
2025-05-07 00:30:00;0.0000
2025-05-07 00:45:00;0.0000
2025-05-07 01:00:00;0.0000
2025-05-07 01:15:00;0.0000
2025-05-07 01:30:00;0.0000
2025-05-07 01:45:00;0.0000
2025-05-07 02:00:00;0.0000
2025-05-07 02:15:00;0.0000
2025-05-07 02:30:00;0.0000
2025-05-07 02:45:00;0.0000
2025-05-07 03:00:00;0.0000
2025-05-07 03:15:00;0.0000
2025-05-07 03:30:00;0.0000
2025-05-07 03:45:00;0.0000
2025-05-07 04:00:00;0.0000
2025-05-07 04:15:00;0.0000
2025-05-07 04:30:00;0.0000
2025-05-07 04:45:00;0.0000
2025-05-07 05:00:00;0.0000
2025-05-07 05:15:00;0.0000
2025-05-07 05:30:00;0.0000
2025-05-07 05:45:00;0.0000
2025-05-07 06:00:00;1.6184
2025-05-07 06:15:00;3.0692
2025-05-07 06:30:00;4.6036
2025-05-07 06:45:00;6.0262
2025-05-07 07:00:00;7.2498
2025-05-07 07:15:00;8.9815
2025-05-07 07:30:00;10.0707
2025-05-07 07:45:00;11.3783
2025-05-07 08:00:00;13.7656
2025-05-07 08:15:00;15.9022
2025-05-07 08:30:00;17.1063
2025-05-07 08:45:00;18.9423
2025-05-07 09:00:00;21.0791
2025-05-07 09:15:00;21.4435
2025-05-07 09:30:00;23.6741
2025-05-07 09:45:00;23.6857
2025-05-07 10:00:00;24.5747
2025-05-07 10:15:00;24.4014
2025-05-07 10:30:00;25.4490
2025-05-07 10:45:00;26.9127
2025-05-07 11:00:00;29.8157
2025-05-07 11:15:00;29.3759
2025-05-07 11:30:00;29.4706
2025-05-07 11:45:00;30.3046
2025-05-07 12:00:00;28.7076
2025-05-07 12:15:00;30.8667
2025-05-07 12:30:00;30.7143
2025-05-07 12:45:00;29.3223
2025-05-07 13:00:00;30.6607
2025-05-07 13:15:00;30.1843
2025-05-07 13:30:00;29.2446
2025-05-07 13:45:00;29.4949
2025-05-07 14:00:00;31.5752
2025-05-07 14:15:00;31.8231
2025-05-07 14:30:00;29.8584
2025-05-07 14:45:00;30.0367
2025-05-07 15:00:00;29.1521
2025-05-07 15:15:00;30.9757
2025-05-07 15:30:00;30.6325
2025-05-07 15:45:00;29.6219
2025-05-07 16:00:00;29.5375
2025-05-07 16:15:00;27.9664
2025-05-07 16:30:00;27.0291
2025-05-07 16:45:00;27.0703
2025-05-07 17:00:00;21.5901
2025-05-07 17:15:00;20.9317
2025-05-07 17:30:00;19.2977
2025-05-07 17:45:00;18.3769
2025-05-07 18:00:00;17.3181
2025-05-07 18:15:00;15.3027
2025-05-07 18:30:00;14.6808
2025-05-07 18:45:00;13.0862
2025-05-07 19:00:00;7.6925
2025-05-07 19:15:00;6.8509
2025-05-07 19:30:00;6.1009
2025-05-07 19:45:00;5.4280
2025-05-07 20:00:00;6.2498
2025-05-07 20:15:00;5.0895
2025-05-07 20:30:00;3.9222
2025-05-07 20:45:00;2.9057
2025-05-07 21:00:00;2.9521
2025-05-07 21:15:00;1.5354
2025-05-07 21:30:00;0.0000
2025-05-07 21:45:00;0.0000
2025-05-07 22:00:00;0.0000
2025-05-07 22:15:00;0.0000
2025-05-07 22:30:00;0.0000
2025-05-07 22:45:00;0.0000
2025-05-07 23:00:00;0.0000
2025-05-07 23:15:00;0.0000
2025-05-07 23:30:00;0.0000
2025-05-07 23:45:00;0.0000
2025-05-08 00:00:00;0.0000
2025-05-08 00:15:00;0.0000
2025-05-08 00:30:00;0.0000
2025-05-08 00:45:00;0.0000
2025-05-08 01:00:00;0.0000
2025-05-08 01:15:00;0.0000
2025-05-08 01:30:00;0.0000
2025-05-08 01:45:00;0.0000
2025-05-08 02:00:00;0.0000
2025-05-08 02:15:00;0.0000
2025-05-08 02:30:00;0.0000
2025-05-08 02:45:00;0.0000
2025-05-08 03:00:00;0.0000
2025-05-08 03:15:00;0.0000
2025-05-08 03:30:00;0.0000
2025-05-08 03:45:00;0.0000
2025-05-08 04:00:00;0.0000
2025-05-08 04:15:00;0.0000
2025-05-08 04:30:00;0.0000
2025-05-08 04:45:00;0.0000
2025-05-08 05:00:00;0.0000
2025-05-08 05:15:00;0.0000
2025-05-08 05:30:00;0.0000
2025-05-08 05:45:00;0.0000
2025-05-08 06:00:00;1.4912
2025-05-08 06:15:00;3.0253
2025-05-08 06:30:00;4.6829
2025-05-08 06:45:00;5.7663
2025-05-08 07:00:00;7.7400
2025-05-08 07:15:00;8.5657
2025-05-08 07:30:00;10.9181
2025-05-08 07:45:00;11.6298
2025-05-08 08:00:00;11.6494
2025-05-08 08:15:00;11.7956
2025-05-08 08:30:00;14.3283
2025-05-08 08:45:00;14.8702
2025-05-08 09:00:00;20.6350
2025-05-08 09:15:00;22.4248
2025-05-08 09:30:00;22.1054
2025-05-08 09:45:00;23.8865
2025-05-08 10:00:00;23.0306
2025-05-08 10:15:00;23.1131
2025-05-08 10:30:00;24.5243
2025-05-08 10:45:00;27.0454
2025-05-08 11:00:00;28.0617
2025-05-08 11:15:00;28.7941
2025-05-08 11:30:00;27.9438
2025-05-08 11:45:00;28.7239
2025-05-08 12:00:00;26.5471
2025-05-08 12:15:00;26.5358
2025-05-08 12:30:00;27.6539
2025-05-08 12:45:00;27.4389
2025-05-08 13:00:00;17.3913
2025-05-08 13:15:00;16.0919
2025-05-08 13:30:00;16.6609
2025-05-08 13:45:00;17.5470
2025-05-08 14:00:00;32.4161
2025-05-08 14:15:00;31.3426
2025-05-08 14:30:00;31.8452
2025-05-08 14:45:00;32.1856
2025-05-08 15:00:00;26.8035
2025-05-08 15:15:00;26.7049
2025-05-08 15:30:00;26.7536
2025-05-08 15:45:00;26.2727
2025-05-08 16:00:00;36.3191
2025-05-08 16:15:00;36.5940
2025-05-08 16:30:00;36.7934
2025-05-08 16:45:00;33.9821
2025-05-08 17:00:00;21.8993
2025-05-08 17:15:00;20.7774
2025-05-08 17:30:00;19.4520
2025-05-08 17:45:00;19.1316
2025-05-08 18:00:00;19.2365
2025-05-08 18:15:00;17.3482
2025-05-08 18:30:00;16.6963
2025-05-08 18:45:00;15.1827
2025-05-08 19:00:00;14.2148
2025-05-08 19:15:00;12.5419
2025-05-08 19:30:00;11.2583
2025-05-08 19:45:00;10.3734
2025-05-08 20:00:00;4.8250
2025-05-08 20:15:00;4.0291
2025-05-08 20:30:00;3.3839
2025-05-08 20:45:00;2.4381
2025-05-08 21:00:00;2.9197
2025-05-08 21:15:00;1.4516
2025-05-08 21:30:00;0.0000
2025-05-08 21:45:00;0.0000
2025-05-08 22:00:00;0.0000
2025-05-08 22:15:00;0.0000
2025-05-08 22:30:00;0.0000
2025-05-08 22:45:00;0.0000
2025-05-08 23:00:00;0.0000
2025-05-08 23:15:00;0.0000
2025-05-08 23:30:00;0.0000
2025-05-08 23:45:00;0.0000
2025-05-09 00:00:00;0.0000
2025-05-09 00:15:00;0.0000
2025-05-09 00:30:00;0.0000
2025-05-09 00:45:00;0.0000
2025-05-09 01:00:00;0.0000
2025-05-09 01:15:00;0.0000
2025-05-09 01:30:00;0.0000
2025-05-09 01:45:00;0.0000
2025-05-09 02:00:00;0.0000
2025-05-09 02:15:00;0.0000
2025-05-09 02:30:00;0.0000
2025-05-09 02:45:00;0.0000
2025-05-09 03:00:00;0.0000
2025-05-09 03:15:00;0.0000
2025-05-09 03:30:00;0.0000
2025-05-09 03:45:00;0.0000
2025-05-09 04:00:00;0.0000
2025-05-09 04:15:00;0.0000
2025-05-09 04:30:00;0.0000
2025-05-09 04:45:00;0.0000
2025-05-09 05:00:00;0.0000
2025-05-09 05:15:00;0.0000
2025-05-09 05:30:00;0.0000
2025-05-09 05:45:00;0.0000
2025-05-09 06:00:00;0.5903
2025-05-09 06:15:00;1.1691
2025-05-09 06:30:00;1.7013
2025-05-09 06:45:00;2.3312
2025-05-09 07:00:00;2.8809
2025-05-09 07:15:00;3.2330
2025-05-09 07:30:00;3.7910
2025-05-09 07:45:00;4.5155
2025-05-09 08:00:00;5.1479
2025-05-09 08:15:00;5.9171
2025-05-09 08:30:00;6.3124
2025-05-09 08:45:00;6.8324
2025-05-09 09:00:00;7.4717
2025-05-09 09:15:00;7.4312
2025-05-09 09:30:00;7.9653
2025-05-09 09:45:00;9.0816
2025-05-09 10:00:00;9.3703
2025-05-09 10:15:00;9.8826
2025-05-09 10:30:00;10.3879
2025-05-09 10:45:00;10.8394
2025-05-09 11:00:00;10.7635
2025-05-09 11:15:00;10.7375
2025-05-09 11:30:00;11.4195
2025-05-09 11:45:00;11.6006
2025-05-09 12:00:00;10.8003
2025-05-09 12:15:00;11.7947
2025-05-09 12:30:00;11.4879
2025-05-09 12:45:00;11.7966
2025-05-09 13:00:00;11.2525
2025-05-09 13:15:00;11.3321
2025-05-09 13:30:00;11.8897
2025-05-09 13:45:00;11.6416
2025-05-09 14:00:00;12.0661
2025-05-09 14:15:00;12.3695
2025-05-09 14:30:00;11.8979
2025-05-09 14:45:00;12.0414
2025-05-09 15:00:00;10.6216
2025-05-09 15:15:00;10.2661
2025-05-09 15:30:00;9.7604
2025-05-09 15:45:00;9.9939
2025-05-09 16:00:00;9.6955
2025-05-09 16:15:00;9.5884
2025-05-09 16:30:00;8.8678
2025-05-09 16:45:00;9.3433
2025-05-09 17:00:00;9.4317
2025-05-09 17:15:00;9.0769
2025-05-09 17:30:00;8.6212
2025-05-09 17:45:00;8.0212
2025-05-09 18:00:00;8.6468
2025-05-09 18:15:00;7.6234
2025-05-09 18:30:00;7.3949
2025-05-09 18:45:00;6.8054
2025-05-09 19:00:00;6.2452
2025-05-09 19:15:00;5.9083
2025-05-09 19:30:00;4.9842
2025-05-09 19:45:00;4.5339
2025-05-09 20:00:00;2.7007
2025-05-09 20:15:00;2.1404
2025-05-09 20:30:00;1.7320
2025-05-09 20:45:00;1.2649
2025-05-09 21:00:00;1.1898
2025-05-09 21:15:00;0.5889
2025-05-09 21:30:00;0.0000
2025-05-09 21:45:00;0.0000
2025-05-09 22:00:00;0.0000
2025-05-09 22:15:00;0.0000
2025-05-09 22:30:00;0.0000
2025-05-09 22:45:00;0.0000
2025-05-09 23:00:00;0.0000
2025-05-09 23:15:00;0.0000
2025-05-09 23:30:00;0.0000
2025-05-09 23:45:00;0.0000
2025-05-10 00:00:00;0.0000
2025-05-10 00:15:00;0.0000
2025-05-10 00:30:00;0.0000
2025-05-10 00:45:00;0.0000
2025-05-10 01:00:00;0.0000
2025-05-10 01:15:00;0.0000
2025-05-10 01:30:00;0.0000
2025-05-10 01:45:00;0.0000
2025-05-10 02:00:00;0.0000
2025-05-10 02:15:00;0.0000
2025-05-10 02:30:00;0.0000
2025-05-10 02:45:00;0.0000
2025-05-10 03:00:00;0.0000
2025-05-10 03:15:00;0.0000
2025-05-10 03:30:00;0.0000
2025-05-10 03:45:00;0.0000
2025-05-10 04:00:00;0.0000
2025-05-10 04:15:00;0.0000
2025-05-10 04:30:00;0.0000
2025-05-10 04:45:00;0.0000
2025-05-10 05:00:00;0.0000
2025-05-10 05:15:00;0.0000
2025-05-10 05:30:00;0.0000
2025-05-10 05:45:00;0.0000
2025-05-10 06:00:00;0.8099
2025-05-10 06:15:00;1.6172
2025-05-10 06:30:00;2.3939
2025-05-10 06:45:00;3.1130
2025-05-10 07:00:00;7.7171
2025-05-10 07:15:00;9.2168
2025-05-10 07:30:00;10.8188
2025-05-10 07:45:00;12.1110
2025-05-10 08:00:00;13.0817
2025-05-10 08:15:00;13.9530
2025-05-10 08:30:00;15.5617
2025-05-10 08:45:00;16.8880
2025-05-10 09:00:00;19.7091
2025-05-10 09:15:00;20.8852
2025-05-10 09:30:00;23.0356
2025-05-10 09:45:00;24.0391
2025-05-10 10:00:00;15.8322
2025-05-10 10:15:00;15.1486
2025-05-10 10:30:00;18.0045
2025-05-10 10:45:00;17.3974
2025-05-10 11:00:00;30.0857
2025-05-10 11:15:00;31.8993
2025-05-10 11:30:00;33.7207
2025-05-10 11:45:00;33.4833
2025-05-10 12:00:00;20.9234
2025-05-10 12:15:00;22.0804
2025-05-10 12:30:00;22.6476
2025-05-10 12:45:00;21.8200
2025-05-10 13:00:00;31.4680
2025-05-10 13:15:00;33.3172
2025-05-10 13:30:00;30.8588
2025-05-10 13:45:00;32.2456
2025-05-10 14:00:00;25.1705
2025-05-10 14:15:00;25.7021
2025-05-10 14:30:00;24.6297
2025-05-10 14:45:00;25.6553
2025-05-10 15:00:00;29.0751
2025-05-10 15:15:00;29.2412
2025-05-10 15:30:00;29.2037
2025-05-10 15:45:00;26.6569
2025-05-10 16:00:00;28.1546
2025-05-10 16:15:00;27.0724
2025-05-10 16:30:00;27.7214
2025-05-10 16:45:00;26.2907
2025-05-10 17:00:00;19.8262
2025-05-10 17:15:00;18.1398
2025-05-10 17:30:00;17.4796
2025-05-10 17:45:00;17.0328
2025-05-10 18:00:00;20.1864
2025-05-10 18:15:00;19.1594
2025-05-10 18:30:00;16.9397
2025-05-10 18:45:00;15.3170
2025-05-10 19:00:00;8.7951
2025-05-10 19:15:00;7.9090
2025-05-10 19:30:00;6.6455
2025-05-10 19:45:00;6.0824
2025-05-10 20:00:00;5.9354
2025-05-10 20:15:00;4.7603
2025-05-10 20:30:00;3.7452
2025-05-10 20:45:00;2.8815
2025-05-10 21:00:00;1.6915
2025-05-10 21:15:00;0.8050
2025-05-10 21:30:00;0.0000
2025-05-10 21:45:00;0.0000
2025-05-10 22:00:00;0.0000
2025-05-10 22:15:00;0.0000
2025-05-10 22:30:00;0.0000
2025-05-10 22:45:00;0.0000
2025-05-10 23:00:00;0.0000
2025-05-10 23:15:00;0.0000
2025-05-10 23:30:00;0.0000
2025-05-10 23:45:00;0.0000
2025-05-11 00:00:00;0.0000
2025-05-11 00:15:00;0.0000
2025-05-11 00:30:00;0.0000
2025-05-11 00:45:00;0.0000
2025-05-11 01:00:00;0.0000
2025-05-11 01:15:00;0.0000
2025-05-11 01:30:00;0.0000
2025-05-11 01:45:00;0.0000
2025-05-11 02:00:00;0.0000
2025-05-11 02:15:00;0.0000
2025-05-11 02:30:00;0.0000
2025-05-11 02:45:00;0.0000
2025-05-11 03:00:00;0.0000
2025-05-11 03:15:00;0.0000
2025-05-11 03:30:00;0.0000
2025-05-11 03:45:00;0.0000
2025-05-11 04:00:00;0.0000
2025-05-11 04:15:00;0.0000
2025-05-11 04:30:00;0.0000
2025-05-11 04:45:00;0.0000
2025-05-11 05:00:00;0.0000
2025-05-11 05:15:00;0.0000
2025-05-11 05:30:00;0.0000
2025-05-11 05:45:00;0.0000
2025-05-11 06:00:00;1.6175
2025-05-11 06:15:00;3.0143
2025-05-11 06:30:00;4.8756
2025-05-11 06:45:00;6.3458
2025-05-11 07:00:00;8.9613
2025-05-11 07:15:00;10.5427
2025-05-11 07:30:00;12.2772
2025-05-11 07:45:00;13.3078
2025-05-11 08:00:00;14.3649
2025-05-11 08:15:00;16.9756
2025-05-11 08:30:00;17.5708
2025-05-11 08:45:00;19.1660
2025-05-11 09:00:00;6.5954
2025-05-11 09:15:00;7.0694
2025-05-11 09:30:00;7.5659
2025-05-11 09:45:00;7.3443
2025-05-11 10:00:00;27.8618
2025-05-11 10:15:00;26.8688
2025-05-11 10:30:00;29.4709
2025-05-11 10:45:00;30.6968
2025-05-11 11:00:00;20.1053
2025-05-11 11:15:00;22.5004
2025-05-11 11:30:00;22.9613
2025-05-11 11:45:00;22.6042
2025-05-11 12:00:00;11.8902
2025-05-11 12:15:00;12.2462
2025-05-11 12:30:00;12.4301
2025-05-11 12:45:00;11.5065
2025-05-11 13:00:00;14.0200
2025-05-11 13:15:00;13.9565
2025-05-11 13:30:00;14.0267
2025-05-11 13:45:00;13.4371
2025-05-11 14:00:00;19.6547
2025-05-11 14:15:00;20.6712
2025-05-11 14:30:00;19.8478
2025-05-11 14:45:00;19.6541
2025-05-11 15:00:00;31.9645
2025-05-11 15:15:00;31.2038
2025-05-11 15:30:00;33.2826
2025-05-11 15:45:00;31.0541
2025-05-11 16:00:00;28.3129
2025-05-11 16:15:00;27.1688
2025-05-11 16:30:00;28.0031
2025-05-11 16:45:00;27.4231
2025-05-11 17:00:00;24.2711
2025-05-11 17:15:00;22.6629
2025-05-11 17:30:00;19.6658
2025-05-11 17:45:00;19.8835
2025-05-11 18:00:00;18.7962
2025-05-11 18:15:00;17.5085
2025-05-11 18:30:00;15.8242
2025-05-11 18:45:00;14.8970
2025-05-11 19:00:00;13.9830
2025-05-11 19:15:00;12.6914
2025-05-11 19:30:00;12.0115
2025-05-11 19:45:00;10.6264
2025-05-11 20:00:00;7.6613
2025-05-11 20:15:00;6.6176
2025-05-11 20:30:00;5.3712
2025-05-11 20:45:00;4.0199
2025-05-11 21:00:00;1.9944
2025-05-11 21:15:00;1.0377
2025-05-11 21:30:00;0.0000
2025-05-11 21:45:00;0.0000
2025-05-11 22:00:00;0.0000
2025-05-11 22:15:00;0.0000
2025-05-11 22:30:00;0.0000
2025-05-11 22:45:00;0.0000
2025-05-11 23:00:00;0.0000
2025-05-11 23:15:00;0.0000
2025-05-11 23:30:00;0.0000
2025-05-11 23:45:00;0.0000
2025-05-12 00:00:00;0.0000
2025-05-12 00:15:00;0.0000
2025-05-12 00:30:00;0.0000
2025-05-12 00:45:00;0.0000
2025-05-12 01:00:00;0.0000
2025-05-12 01:15:00;0.0000
2025-05-12 01:30:00;0.0000
2025-05-12 01:45:00;0.0000
2025-05-12 02:00:00;0.0000
2025-05-12 02:15:00;0.0000
2025-05-12 02:30:00;0.0000
2025-05-12 02:45:00;0.0000
2025-05-12 03:00:00;0.0000
2025-05-12 03:15:00;0.0000
2025-05-12 03:30:00;0.0000
2025-05-12 03:45:00;0.0000
2025-05-12 04:00:00;0.0000
2025-05-12 04:15:00;0.0000
2025-05-12 04:30:00;0.0000
2025-05-12 04:45:00;0.0000
2025-05-12 05:00:00;0.0000
2025-05-12 05:15:00;0.0000
2025-05-12 05:30:00;0.0000
2025-05-12 05:45:00;0.0000
2025-05-12 06:00:00;1.5990
2025-05-12 06:15:00;3.0855
2025-05-12 06:30:00;4.6364
2025-05-12 06:45:00;6.2492
2025-05-12 07:00:00;8.0044
2025-05-12 07:15:00;8.9584
2025-05-12 07:30:00;10.5257
2025-05-12 07:45:00;12.5042
2025-05-12 08:00:00;7.5547
2025-05-12 08:15:00;8.3956
2025-05-12 08:30:00;8.7878
2025-05-12 08:45:00;9.3077
2025-05-12 09:00:00;18.7305
2025-05-12 09:15:00;20.1630
2025-05-12 09:30:00;20.5887
2025-05-12 09:45:00;22.3311
2025-05-12 10:00:00;26.1454
2025-05-12 10:15:00;27.0563
2025-05-12 10:30:00;27.9011
2025-05-12 10:45:00;29.2768
2025-05-12 11:00:00;26.3886
2025-05-12 11:15:00;26.7104
2025-05-12 11:30:00;28.4222
2025-05-12 11:45:00;29.4279
2025-05-12 12:00:00;28.2285
2025-05-12 12:15:00;26.4014
2025-05-12 12:30:00;27.5289
2025-05-12 12:45:00;28.2404
2025-05-12 13:00:00;13.5168
2025-05-12 13:15:00;12.7543
2025-05-12 13:30:00;12.5453
2025-05-12 13:45:00;12.5547
2025-05-12 14:00:00;32.9545
2025-05-12 14:15:00;32.5645
2025-05-12 14:30:00;30.6517
2025-05-12 14:45:00;31.2799
2025-05-12 15:00:00;31.4484
2025-05-12 15:15:00;30.6543
2025-05-12 15:30:00;31.4558
2025-05-12 15:45:00;29.5020
2025-05-12 16:00:00;20.2891
2025-05-12 16:15:00;18.7131
2025-05-12 16:30:00;17.3556
2025-05-12 16:45:00;17.1176
2025-05-12 17:00:00;27.9392
2025-05-12 17:15:00;25.5388
2025-05-12 17:30:00;25.2967
2025-05-12 17:45:00;24.0948
2025-05-12 18:00:00;16.5405
2025-05-12 18:15:00;15.9726
2025-05-12 18:30:00;14.3076
2025-05-12 18:45:00;13.6191
2025-05-12 19:00:00;8.5752
2025-05-12 19:15:00;7.6253
2025-05-12 19:30:00;7.2113
2025-05-12 19:45:00;5.9530
2025-05-12 20:00:00;5.1071
2025-05-12 20:15:00;4.3400
2025-05-12 20:30:00;3.4566
2025-05-12 20:45:00;2.5415
2025-05-12 21:00:00;3.1150
2025-05-12 21:15:00;1.5911
2025-05-12 21:30:00;0.0000
2025-05-12 21:45:00;0.0000
2025-05-12 22:00:00;0.0000
2025-05-12 22:15:00;0.0000
2025-05-12 22:30:00;0.0000
2025-05-12 22:45:00;0.0000
2025-05-12 23:00:00;0.0000
2025-05-12 23:15:00;0.0000
2025-05-12 23:30:00;0.0000
2025-05-12 23:45:00;0.0000
2025-05-13 00:00:00;0.0000
2025-05-13 00:15:00;0.0000
2025-05-13 00:30:00;0.0000
2025-05-13 00:45:00;0.0000
2025-05-13 01:00:00;0.0000
2025-05-13 01:15:00;0.0000
2025-05-13 01:30:00;0.0000
2025-05-13 01:45:00;0.0000
2025-05-13 02:00:00;0.0000
2025-05-13 02:15:00;0.0000
2025-05-13 02:30:00;0.0000
2025-05-13 02:45:00;0.0000
2025-05-13 03:00:00;0.0000
2025-05-13 03:15:00;0.0000
2025-05-13 03:30:00;0.0000
2025-05-13 03:45:00;0.0000
2025-05-13 04:00:00;0.0000
2025-05-13 04:15:00;0.0000
2025-05-13 04:30:00;0.0000
2025-05-13 04:45:00;0.0000
2025-05-13 05:00:00;0.0000
2025-05-13 05:15:00;0.0000
2025-05-13 05:30:00;0.0000
2025-05-13 05:45:00;0.0000
2025-05-13 06:00:00;2.4791
2025-05-13 06:15:00;4.8905
2025-05-13 06:30:00;7.9095
2025-05-13 06:45:00;10.2995
2025-05-13 07:00:00;10.2244
2025-05-13 07:15:00;11.9639
2025-05-13 07:30:00;15.5493
2025-05-13 07:45:00;16.9789
2025-05-13 08:00:00;19.9987
2025-05-13 08:15:00;21.4605
2025-05-13 08:30:00;24.4527
2025-05-13 08:45:00;26.7714
2025-05-13 09:00:00;27.9745
2025-05-13 09:15:00;30.8701
2025-05-13 09:30:00;33.0762
2025-05-13 09:45:00;35.5974
2025-05-13 10:00:00;37.2086
2025-05-13 10:15:00;37.1559
2025-05-13 10:30:00;37.1901
2025-05-13 10:45:00;37.1491
2025-05-13 11:00:00;37.1325
2025-05-13 11:15:00;37.1835
2025-05-13 11:30:00;37.1748
2025-05-13 11:45:00;37.1905
2025-05-13 12:00:00;37.1514
2025-05-13 12:15:00;37.1934
2025-05-13 12:30:00;37.1546
2025-05-13 12:45:00;37.1869
2025-05-13 13:00:00;37.2084
2025-05-13 13:15:00;37.1950
2025-05-13 13:30:00;37.1239
2025-05-13 13:45:00;37.1405
2025-05-13 14:00:00;37.1691
2025-05-13 14:15:00;37.2021
2025-05-13 14:30:00;37.0820
2025-05-13 14:45:00;37.1468
2025-05-13 15:00:00;37.2167
2025-05-13 15:15:00;37.0862
2025-05-13 15:30:00;37.1757
2025-05-13 15:45:00;37.1972
2025-05-13 16:00:00;37.1216
2025-05-13 16:15:00;37.1207
2025-05-13 16:30:00;37.1991
2025-05-13 16:45:00;37.1467
2025-05-13 17:00:00;32.0930
2025-05-13 17:15:00;32.2606
2025-05-13 17:30:00;30.1567
2025-05-13 17:45:00;29.0008
2025-05-13 18:00:00;31.5355
2025-05-13 18:15:00;29.6840
2025-05-13 18:30:00;29.4653
2025-05-13 18:45:00;25.3478
2025-05-13 19:00:00;21.2395
2025-05-13 19:15:00;20.8301
2025-05-13 19:30:00;17.6972
2025-05-13 19:45:00;16.0569
2025-05-13 20:00:00;14.2251
2025-05-13 20:15:00;11.1986
2025-05-13 20:30:00;8.5987
2025-05-13 20:45:00;6.4655
2025-05-13 21:00:00;4.8872
2025-05-13 21:15:00;2.2745
2025-05-13 21:30:00;0.0000
2025-05-13 21:45:00;0.0000
2025-05-13 22:00:00;0.0000
2025-05-13 22:15:00;0.0000
2025-05-13 22:30:00;0.0000
2025-05-13 22:45:00;0.0000
2025-05-13 23:00:00;0.0000
2025-05-13 23:15:00;0.0000
2025-05-13 23:30:00;0.0000
2025-05-13 23:45:00;0.0000
2025-05-14 00:00:00;0.0000
2025-05-14 00:15:00;0.0000
2025-05-14 00:30:00;0.0000
2025-05-14 00:45:00;0.0000
2025-05-14 01:00:00;0.0000
2025-05-14 01:15:00;0.0000
2025-05-14 01:30:00;0.0000
2025-05-14 01:45:00;0.0000
2025-05-14 02:00:00;0.0000
2025-05-14 02:15:00;0.0000
2025-05-14 02:30:00;0.0000
2025-05-14 02:45:00;0.0000
2025-05-14 03:00:00;0.0000
2025-05-14 03:15:00;0.0000
2025-05-14 03:30:00;0.0000
2025-05-14 03:45:00;0.0000
2025-05-14 04:00:00;0.0000
2025-05-14 04:15:00;0.0000
2025-05-14 04:30:00;0.0000
2025-05-14 04:45:00;0.0000
2025-05-14 05:00:00;0.0000
2025-05-14 05:15:00;0.0000
2025-05-14 05:30:00;0.0000
2025-05-14 05:45:00;0.0000
2025-05-14 06:00:00;0.2256
2025-05-14 06:15:00;0.4743
2025-05-14 06:30:00;0.6746
2025-05-14 06:45:00;0.8319
2025-05-14 07:00:00;1.0945
2025-05-14 07:15:00;1.2278
2025-05-14 07:30:00;1.4875
2025-05-14 07:45:00;1.7150
2025-05-14 08:00:00;2.3003
2025-05-14 08:15:00;2.5684
2025-05-14 08:30:00;2.6852
2025-05-14 08:45:00;3.0063
2025-05-14 09:00:00;2.8605
2025-05-14 09:15:00;3.0825
2025-05-14 09:30:00;3.1684
2025-05-14 09:45:00;3.4232
2025-05-14 10:00:00;3.9053
2025-05-14 10:15:00;3.8095
2025-05-14 10:30:00;3.9444
2025-05-14 10:45:00;4.2169
2025-05-14 11:00:00;2.8283
2025-05-14 11:15:00;2.8975
2025-05-14 11:30:00;3.2308
2025-05-14 11:45:00;3.1461
2025-05-14 12:00:00;4.5627
2025-05-14 12:15:00;4.4540
2025-05-14 12:30:00;4.5081
2025-05-14 12:45:00;4.2152
2025-05-14 13:00:00;5.0459
2025-05-14 13:15:00;4.8440
2025-05-14 13:30:00;4.9216
2025-05-14 13:45:00;4.6320
2025-05-14 14:00:00;3.9132
2025-05-14 14:15:00;3.9201
2025-05-14 14:30:00;3.7497
2025-05-14 14:45:00;3.8653
2025-05-14 15:00:00;4.6065
2025-05-14 15:15:00;4.4466
2025-05-14 15:30:00;4.2179
2025-05-14 15:45:00;4.2929
2025-05-14 16:00:00;4.2098
2025-05-14 16:15:00;3.8222
2025-05-14 16:30:00;3.6641
2025-05-14 16:45:00;3.6928
2025-05-14 17:00:00;3.6689
2025-05-14 17:15:00;3.3353
2025-05-14 17:30:00;3.2709
2025-05-14 17:45:00;3.0944
2025-05-14 18:00:00;3.2914
2025-05-14 18:15:00;3.0111
2025-05-14 18:30:00;3.0444
2025-05-14 18:45:00;2.6364
2025-05-14 19:00:00;2.0550
2025-05-14 19:15:00;1.8996
2025-05-14 19:30:00;1.6463
2025-05-14 19:45:00;1.5109
2025-05-14 20:00:00;1.4697
2025-05-14 20:15:00;1.2368
2025-05-14 20:30:00;1.0030
2025-05-14 20:45:00;0.7128
2025-05-14 21:00:00;0.5123
2025-05-14 21:15:00;0.2644
2025-05-14 21:30:00;0.0000
2025-05-14 21:45:00;0.0000
2025-05-14 22:00:00;0.0000
2025-05-14 22:15:00;0.0000
2025-05-14 22:30:00;0.0000
2025-05-14 22:45:00;0.0000
2025-05-14 23:00:00;0.0000
2025-05-14 23:15:00;0.0000
2025-05-14 23:30:00;0.0000
2025-05-14 23:45:00;0.0000
2025-05-15 00:00:00;0.0000
2025-05-15 00:15:00;0.0000
2025-05-15 00:30:00;0.0000
2025-05-15 00:45:00;0.0000
2025-05-15 01:00:00;0.0000
2025-05-15 01:15:00;0.0000
2025-05-15 01:30:00;0.0000
2025-05-15 01:45:00;0.0000
2025-05-15 02:00:00;0.0000
2025-05-15 02:15:00;0.0000
2025-05-15 02:30:00;0.0000
2025-05-15 02:45:00;0.0000
2025-05-15 03:00:00;0.0000
2025-05-15 03:15:00;0.0000
2025-05-15 03:30:00;0.0000
2025-05-15 03:45:00;0.0000
2025-05-15 04:00:00;0.0000
2025-05-15 04:15:00;0.0000
2025-05-15 04:30:00;0.0000
2025-05-15 04:45:00;0.0000
2025-05-15 05:00:00;0.0000
2025-05-15 05:15:00;0.0000
2025-05-15 05:30:00;0.0000
2025-05-15 05:45:00;0.0000
2025-05-15 06:00:00;0.6462
2025-05-15 06:15:00;1.3012
2025-05-15 06:30:00;1.8561
2025-05-15 06:45:00;2.4779
2025-05-15 07:00:00;2.6710
2025-05-15 07:15:00;3.2272
2025-05-15 07:30:00;3.7629
2025-05-15 07:45:00;4.0916
2025-05-15 08:00:00;5.1063
2025-05-15 08:15:00;5.6824
2025-05-15 08:30:00;6.1092
2025-05-15 08:45:00;6.6306
2025-05-15 09:00:00;6.3960
2025-05-15 09:15:00;6.7002
2025-05-15 09:30:00;7.4341
2025-05-15 09:45:00;7.3390
2025-05-15 10:00:00;8.3667
2025-05-15 10:15:00;8.0771
2025-05-15 10:30:00;8.6696
2025-05-15 10:45:00;9.7422
2025-05-15 11:00:00;9.6545
2025-05-15 11:15:00;10.4801
2025-05-15 11:30:00;10.3999
2025-05-15 11:45:00;10.4121
2025-05-15 12:00:00;12.0707
2025-05-15 12:15:00;12.0202
2025-05-15 12:30:00;13.0194
2025-05-15 12:45:00;12.6076
2025-05-15 13:00:00;10.7915
2025-05-15 13:15:00;11.1711
2025-05-15 13:30:00;11.1081
2025-05-15 13:45:00;11.1635
2025-05-15 14:00:00;10.9207
2025-05-15 14:15:00;10.6011
2025-05-15 14:30:00;10.7733
2025-05-15 14:45:00;10.9081
2025-05-15 15:00:00;12.0505
2025-05-15 15:15:00;12.0072
2025-05-15 15:30:00;11.7818
2025-05-15 15:45:00;11.2195
2025-05-15 16:00:00;10.4684
2025-05-15 16:15:00;9.8877
2025-05-15 16:30:00;9.7019
2025-05-15 16:45:00;9.7179
2025-05-15 17:00:00;7.3044
2025-05-15 17:15:00;6.8929
2025-05-15 17:30:00;6.6726
2025-05-15 17:45:00;6.3598
2025-05-15 18:00:00;6.8307
2025-05-15 18:15:00;6.5295
2025-05-15 18:30:00;6.2947
2025-05-15 18:45:00;5.5566
2025-05-15 19:00:00;5.0591
2025-05-15 19:15:00;4.4725
2025-05-15 19:30:00;3.7707
2025-05-15 19:45:00;3.4006
2025-05-15 20:00:00;3.2118
2025-05-15 20:15:00;2.8365
2025-05-15 20:30:00;2.1616
2025-05-15 20:45:00;1.5613
2025-05-15 21:00:00;0.9787
2025-05-15 21:15:00;0.4924
2025-05-15 21:30:00;0.0000
2025-05-15 21:45:00;0.0000
2025-05-15 22:00:00;0.0000
2025-05-15 22:15:00;0.0000
2025-05-15 22:30:00;0.0000
2025-05-15 22:45:00;0.0000
2025-05-15 23:00:00;0.0000
2025-05-15 23:15:00;0.0000
2025-05-15 23:30:00;0.0000
2025-05-15 23:45:00;0.0000
2025-05-16 00:00:00;0.0000
2025-05-16 00:15:00;0.0000
2025-05-16 00:30:00;0.0000
2025-05-16 00:45:00;0.0000
2025-05-16 01:00:00;0.0000
2025-05-16 01:15:00;0.0000
2025-05-16 01:30:00;0.0000
2025-05-16 01:45:00;0.0000
2025-05-16 02:00:00;0.0000
2025-05-16 02:15:00;0.0000
2025-05-16 02:30:00;0.0000
2025-05-16 02:45:00;0.0000
2025-05-16 03:00:00;0.0000
2025-05-16 03:15:00;0.0000
2025-05-16 03:30:00;0.0000
2025-05-16 03:45:00;0.0000
2025-05-16 04:00:00;0.0000
2025-05-16 04:15:00;0.0000
2025-05-16 04:30:00;0.0000
2025-05-16 04:45:00;0.0000
2025-05-16 05:00:00;0.0000
2025-05-16 05:15:00;0.0000
2025-05-16 05:30:00;0.0000
2025-05-16 05:45:00;0.0000
2025-05-16 06:00:00;2.3427
2025-05-16 06:15:00;4.3051
2025-05-16 06:30:00;6.6584
2025-05-16 06:45:00;9.2185
2025-05-16 07:00:00;11.1904
2025-05-16 07:15:00;13.2707
2025-05-16 07:30:00;15.1393
2025-05-16 07:45:00;18.1228
2025-05-16 08:00:00;20.3199
2025-05-16 08:15:00;21.8789
2025-05-16 08:30:00;25.0143
2025-05-16 08:45:00;27.9108
2025-05-16 09:00:00;31.2921
2025-05-16 09:15:00;32.3939
2025-05-16 09:30:00;34.5273
2025-05-16 09:45:00;37.1073
2025-05-16 10:00:00;36.1036
2025-05-16 10:15:00;37.0784
2025-05-16 10:30:00;37.1306
2025-05-16 10:45:00;37.1080
2025-05-16 11:00:00;37.2197
2025-05-16 11:15:00;37.1377
2025-05-16 11:30:00;37.1765
2025-05-16 11:45:00;37.1686
2025-05-16 12:00:00;37.1341
2025-05-16 12:15:00;37.1157
2025-05-16 12:30:00;37.2335
2025-05-16 12:45:00;37.1757
2025-05-16 13:00:00;37.1664
2025-05-16 13:15:00;37.1840
2025-05-16 13:30:00;37.1908
2025-05-16 13:45:00;37.1914
2025-05-16 14:00:00;37.1412
2025-05-16 14:15:00;37.1268
2025-05-16 14:30:00;37.1120
2025-05-16 14:45:00;37.1936
2025-05-16 15:00:00;37.2055
2025-05-16 15:15:00;37.1672
2025-05-16 15:30:00;37.2020
2025-05-16 15:45:00;37.1951
2025-05-16 16:00:00;37.1207
2025-05-16 16:15:00;37.1119
2025-05-16 16:30:00;37.1207
2025-05-16 16:45:00;37.1409
2025-05-16 17:00:00;32.8909
2025-05-16 17:15:00;32.9883
2025-05-16 17:30:00;32.2123
2025-05-16 17:45:00;29.4040
2025-05-16 18:00:00;29.6030
2025-05-16 18:15:00;27.0192
2025-05-16 18:30:00;25.8767
2025-05-16 18:45:00;23.0779
2025-05-16 19:00:00;23.8719
2025-05-16 19:15:00;20.5888
2025-05-16 19:30:00;18.2625
2025-05-16 19:45:00;15.9496
2025-05-16 20:00:00;12.1939
2025-05-16 20:15:00;10.3663
2025-05-16 20:30:00;7.9279
2025-05-16 20:45:00;6.0452
2025-05-16 21:00:00;4.0254
2025-05-16 21:15:00;1.9672
2025-05-16 21:30:00;0.0000
2025-05-16 21:45:00;0.0000
2025-05-16 22:00:00;0.0000
2025-05-16 22:15:00;0.0000
2025-05-16 22:30:00;0.0000
2025-05-16 22:45:00;0.0000
2025-05-16 23:00:00;0.0000
2025-05-16 23:15:00;0.0000
2025-05-16 23:30:00;0.0000
2025-05-16 23:45:00;0.0000
2025-05-17 00:00:00;0.0000
2025-05-17 00:15:00;0.0000
2025-05-17 00:30:00;0.0000
2025-05-17 00:45:00;0.0000
2025-05-17 01:00:00;0.0000
2025-05-17 01:15:00;0.0000
2025-05-17 01:30:00;0.0000
2025-05-17 01:45:00;0.0000
2025-05-17 02:00:00;0.0000
2025-05-17 02:15:00;0.0000
2025-05-17 02:30:00;0.0000
2025-05-17 02:45:00;0.0000
2025-05-17 03:00:00;0.0000
2025-05-17 03:15:00;0.0000
2025-05-17 03:30:00;0.0000
2025-05-17 03:45:00;0.0000
2025-05-17 04:00:00;0.0000
2025-05-17 04:15:00;0.0000
2025-05-17 04:30:00;0.0000
2025-05-17 04:45:00;0.0000
2025-05-17 05:00:00;0.0000
2025-05-17 05:15:00;0.0000
2025-05-17 05:30:00;0.0000
2025-05-17 05:45:00;0.0000
2025-05-17 06:00:00;2.3585
2025-05-17 06:15:00;4.8668
2025-05-17 06:30:00;7.4830
2025-05-17 06:45:00;9.1226
2025-05-17 07:00:00;12.3539
2025-05-17 07:15:00;15.2512
2025-05-17 07:30:00;16.4376
2025-05-17 07:45:00;19.4282
2025-05-17 08:00:00;22.2761
2025-05-17 08:15:00;25.7001
2025-05-17 08:30:00;27.4369
2025-05-17 08:45:00;30.1318
2025-05-17 09:00:00;25.0153
2025-05-17 09:15:00;26.3211
2025-05-17 09:30:00;29.1093
2025-05-17 09:45:00;28.9657
2025-05-17 10:00:00;37.1459
2025-05-17 10:15:00;37.0993
2025-05-17 10:30:00;37.1660
2025-05-17 10:45:00;37.1889
2025-05-17 11:00:00;37.1651
2025-05-17 11:15:00;37.1702
2025-05-17 11:30:00;37.1669
2025-05-17 11:45:00;37.2081
2025-05-17 12:00:00;37.1526
2025-05-17 12:15:00;37.1660
2025-05-17 12:30:00;37.1912
2025-05-17 12:45:00;37.1412
2025-05-17 13:00:00;37.2264
2025-05-17 13:15:00;37.1776
2025-05-17 13:30:00;37.1570
2025-05-17 13:45:00;37.1708
2025-05-17 14:00:00;37.1888
2025-05-17 14:15:00;37.1938
2025-05-17 14:30:00;37.1453
2025-05-17 14:45:00;37.1411
2025-05-17 15:00:00;37.1185
2025-05-17 15:15:00;36.9115
2025-05-17 15:30:00;34.5050
2025-05-17 15:45:00;36.8358
2025-05-17 16:00:00;36.0276
2025-05-17 16:15:00;37.1504
2025-05-17 16:30:00;35.7938
2025-05-17 16:45:00;36.7974
2025-05-17 17:00:00;37.2280
2025-05-17 17:15:00;37.1569
2025-05-17 17:30:00;37.1492
2025-05-17 17:45:00;35.4446
2025-05-17 18:00:00;34.7293
2025-05-17 18:15:00;36.1626
2025-05-17 18:30:00;30.2469
2025-05-17 18:45:00;28.9562
2025-05-17 19:00:00;19.3249
2025-05-17 19:15:00;17.9572
2025-05-17 19:30:00;15.6268
2025-05-17 19:45:00;13.4286
2025-05-17 20:00:00;13.5854
2025-05-17 20:15:00;11.7573
2025-05-17 20:30:00;9.2295
2025-05-17 20:45:00;6.9999
2025-05-17 21:00:00;3.9908
2025-05-17 21:15:00;1.9773
2025-05-17 21:30:00;0.0000
2025-05-17 21:45:00;0.0000
2025-05-17 22:00:00;0.0000
2025-05-17 22:15:00;0.0000
2025-05-17 22:30:00;0.0000
2025-05-17 22:45:00;0.0000
2025-05-17 23:00:00;0.0000
2025-05-17 23:15:00;0.0000
2025-05-17 23:30:00;0.0000
2025-05-17 23:45:00;0.0000
2025-05-18 00:00:00;0.0000
2025-05-18 00:15:00;0.0000
2025-05-18 00:30:00;0.0000
2025-05-18 00:45:00;0.0000
2025-05-18 01:00:00;0.0000
2025-05-18 01:15:00;0.0000
2025-05-18 01:30:00;0.0000
2025-05-18 01:45:00;0.0000
2025-05-18 02:00:00;0.0000
2025-05-18 02:15:00;0.0000
2025-05-18 02:30:00;0.0000
2025-05-18 02:45:00;0.0000
2025-05-18 03:00:00;0.0000
2025-05-18 03:15:00;0.0000
2025-05-18 03:30:00;0.0000
2025-05-18 03:45:00;0.0000
2025-05-18 04:00:00;0.0000
2025-05-18 04:15:00;0.0000
2025-05-18 04:30:00;0.0000
2025-05-18 04:45:00;0.0000
2025-05-18 05:00:00;0.0000
2025-05-18 05:15:00;0.0000
2025-05-18 05:30:00;0.0000
2025-05-18 05:45:00;0.0000
2025-05-18 06:00:00;0.5616
2025-05-18 06:15:00;1.1345
2025-05-18 06:30:00;1.8190
2025-05-18 06:45:00;2.2476
2025-05-18 07:00:00;2.7299
2025-05-18 07:15:00;3.3038
2025-05-18 07:30:00;3.9232
2025-05-18 07:45:00;4.3378
2025-05-18 08:00:00;4.7992
2025-05-18 08:15:00;5.0683
2025-05-18 08:30:00;5.6682
2025-05-18 08:45:00;6.1961
2025-05-18 09:00:00;6.6441
2025-05-18 09:15:00;7.1935
2025-05-18 09:30:00;7.7020
2025-05-18 09:45:00;8.1059
2025-05-18 10:00:00;9.0259
2025-05-18 10:15:00;9.1206
2025-05-18 10:30:00;9.0128
2025-05-18 10:45:00;9.3862
2025-05-18 11:00:00;10.3356
2025-05-18 11:15:00;10.8682
2025-05-18 11:30:00;10.7767
2025-05-18 11:45:00;11.0230
2025-05-18 12:00:00;10.7419
2025-05-18 12:15:00;10.6968
2025-05-18 12:30:00;10.5105
2025-05-18 12:45:00;11.8332
2025-05-18 13:00:00;11.3449
2025-05-18 13:15:00;11.4633
2025-05-18 13:30:00;10.9731
2025-05-18 13:45:00;11.3645
2025-05-18 14:00:00;12.6822
2025-05-18 14:15:00;13.5709
2025-05-18 14:30:00;13.7448
2025-05-18 14:45:00;13.3595
2025-05-18 15:00:00;13.1555
2025-05-18 15:15:00;13.2729
2025-05-18 15:30:00;12.4586
2025-05-18 15:45:00;11.5893
2025-05-18 16:00:00;10.0263
2025-05-18 16:15:00;10.1207
2025-05-18 16:30:00;9.5656
2025-05-18 16:45:00;9.5718
2025-05-18 17:00:00;7.4560
2025-05-18 17:15:00;7.1993
2025-05-18 17:30:00;6.6647
2025-05-18 17:45:00;6.4349
2025-05-18 18:00:00;8.1128
2025-05-18 18:15:00;8.0809
2025-05-18 18:30:00;7.1741
2025-05-18 18:45:00;6.6180
2025-05-18 19:00:00;5.7366
2025-05-18 19:15:00;5.0636
2025-05-18 19:30:00;4.4976
2025-05-18 19:45:00;4.0746
2025-05-18 20:00:00;3.4113
2025-05-18 20:15:00;2.8201
2025-05-18 20:30:00;2.2313
2025-05-18 20:45:00;1.7652
2025-05-18 21:00:00;1.0595
2025-05-18 21:15:00;0.5206
2025-05-18 21:30:00;0.0000
2025-05-18 21:45:00;0.0000
2025-05-18 22:00:00;0.0000
2025-05-18 22:15:00;0.0000
2025-05-18 22:30:00;0.0000
2025-05-18 22:45:00;0.0000
2025-05-18 23:00:00;0.0000
2025-05-18 23:15:00;0.0000
2025-05-18 23:30:00;0.0000
2025-05-18 23:45:00;0.0000
2025-05-19 00:00:00;0.0000
2025-05-19 00:15:00;0.0000
2025-05-19 00:30:00;0.0000
2025-05-19 00:45:00;0.0000
2025-05-19 01:00:00;0.0000
2025-05-19 01:15:00;0.0000
2025-05-19 01:30:00;0.0000
2025-05-19 01:45:00;0.0000
2025-05-19 02:00:00;0.0000
2025-05-19 02:15:00;0.0000
2025-05-19 02:30:00;0.0000
2025-05-19 02:45:00;0.0000
2025-05-19 03:00:00;0.0000
2025-05-19 03:15:00;0.0000
2025-05-19 03:30:00;0.0000
2025-05-19 03:45:00;0.0000
2025-05-19 04:00:00;0.0000
2025-05-19 04:15:00;0.0000
2025-05-19 04:30:00;0.0000
2025-05-19 04:45:00;0.0000
2025-05-19 05:00:00;0.0000
2025-05-19 05:15:00;0.0000
2025-05-19 05:30:00;0.0000
2025-05-19 05:45:00;0.0000
2025-05-19 06:00:00;1.9278
2025-05-19 06:15:00;3.9203
2025-05-19 06:30:00;5.7130
2025-05-19 06:45:00;7.5105
2025-05-19 07:00:00;6.7766
2025-05-19 07:15:00;7.8884
2025-05-19 07:30:00;9.3944
2025-05-19 07:45:00;10.5273
2025-05-19 08:00:00;15.7635
2025-05-19 08:15:00;17.4172
2025-05-19 08:30:00;19.5793
2025-05-19 08:45:00;20.7240
2025-05-19 09:00:00;17.7339
2025-05-19 09:15:00;18.5830
2025-05-19 09:30:00;19.6545
2025-05-19 09:45:00;20.7942
2025-05-19 10:00:00;19.9446
2025-05-19 10:15:00;20.8101
2025-05-19 10:30:00;20.8479
2025-05-19 10:45:00;22.8633
2025-05-19 11:00:00;11.6374
2025-05-19 11:15:00;12.2706
2025-05-19 11:30:00;13.2791
2025-05-19 11:45:00;13.0288
2025-05-19 12:00:00;16.1410
2025-05-19 12:15:00;16.1935
2025-05-19 12:30:00;16.2663
2025-05-19 12:45:00;16.4828
2025-05-19 13:00:00;26.4926
2025-05-19 13:15:00;26.5882
2025-05-19 13:30:00;28.8226
2025-05-19 13:45:00;27.4544
2025-05-19 14:00:00;29.9636
2025-05-19 14:15:00;31.5573
2025-05-19 14:30:00;28.3594
2025-05-19 14:45:00;29.5801
2025-05-19 15:00:00;32.0964
2025-05-19 15:15:00;29.1107
2025-05-19 15:30:00;31.3185
2025-05-19 15:45:00;30.4905
2025-05-19 16:00:00;28.5518
2025-05-19 16:15:00;27.7357
2025-05-19 16:30:00;27.0285
2025-05-19 16:45:00;26.9865
2025-05-19 17:00:00;11.5442
2025-05-19 17:15:00;11.5824
2025-05-19 17:30:00;11.1447
2025-05-19 17:45:00;10.4478
2025-05-19 18:00:00;18.5793
2025-05-19 18:15:00;16.3180
2025-05-19 18:30:00;15.8200
2025-05-19 18:45:00;14.9486
2025-05-19 19:00:00;15.5257
2025-05-19 19:15:00;13.4207
2025-05-19 19:30:00;12.1134
2025-05-19 19:45:00;10.4454
2025-05-19 20:00:00;8.7490
2025-05-19 20:15:00;7.1840
2025-05-19 20:30:00;5.6781
2025-05-19 20:45:00;4.4113
2025-05-19 21:00:00;3.1486
2025-05-19 21:15:00;1.6139
2025-05-19 21:30:00;0.0000
2025-05-19 21:45:00;0.0000
2025-05-19 22:00:00;0.0000
2025-05-19 22:15:00;0.0000
2025-05-19 22:30:00;0.0000
2025-05-19 22:45:00;0.0000
2025-05-19 23:00:00;0.0000
2025-05-19 23:15:00;0.0000
2025-05-19 23:30:00;0.0000
2025-05-19 23:45:00;0.0000
2025-05-20 00:00:00;0.0000
2025-05-20 00:15:00;0.0000
2025-05-20 00:30:00;0.0000
2025-05-20 00:45:00;0.0000
2025-05-20 01:00:00;0.0000
2025-05-20 01:15:00;0.0000
2025-05-20 01:30:00;0.0000
2025-05-20 01:45:00;0.0000
2025-05-20 02:00:00;0.0000
2025-05-20 02:15:00;0.0000
2025-05-20 02:30:00;0.0000
2025-05-20 02:45:00;0.0000
2025-05-20 03:00:00;0.0000
2025-05-20 03:15:00;0.0000
2025-05-20 03:30:00;0.0000
2025-05-20 03:45:00;0.0000
2025-05-20 04:00:00;0.0000
2025-05-20 04:15:00;0.0000
2025-05-20 04:30:00;0.0000
2025-05-20 04:45:00;0.0000
2025-05-20 05:00:00;0.0000
2025-05-20 05:15:00;0.0000
2025-05-20 05:30:00;0.0000
2025-05-20 05:45:00;0.0000
2025-05-20 06:00:00;0.5952
2025-05-20 06:15:00;1.2129
2025-05-20 06:30:00;1.7977
2025-05-20 06:45:00;2.4026
2025-05-20 07:00:00;2.9649
2025-05-20 07:15:00;3.4005
2025-05-20 07:30:00;3.9968
2025-05-20 07:45:00;4.5813
2025-05-20 08:00:00;5.0534
2025-05-20 08:15:00;5.6724
2025-05-20 08:30:00;5.9829
2025-05-20 08:45:00;6.6437
2025-05-20 09:00:00;7.2120
2025-05-20 09:15:00;7.4318
2025-05-20 09:30:00;7.9205
2025-05-20 09:45:00;8.3623
2025-05-20 10:00:00;8.2932
2025-05-20 10:15:00;8.6476
2025-05-20 10:30:00;9.6709
2025-05-20 10:45:00;9.6549
2025-05-20 11:00:00;10.1235
2025-05-20 11:15:00;9.9497
2025-05-20 11:30:00;9.9223
2025-05-20 11:45:00;11.2475
2025-05-20 12:00:00;11.9065
2025-05-20 12:15:00;12.2172
2025-05-20 12:30:00;11.7840
2025-05-20 12:45:00;13.0592
2025-05-20 13:00:00;11.8574
2025-05-20 13:15:00;11.5382
2025-05-20 13:30:00;11.2246
2025-05-20 13:45:00;11.1552
2025-05-20 14:00:00;12.9384
2025-05-20 14:15:00;12.6382
2025-05-20 14:30:00;12.7966
2025-05-20 14:45:00;12.4964
2025-05-20 15:00:00;10.4274
2025-05-20 15:15:00;9.8838
2025-05-20 15:30:00;10.1079
2025-05-20 15:45:00;9.9033
2025-05-20 16:00:00;11.9601
2025-05-20 16:15:00;10.8848
2025-05-20 16:30:00;10.6969
2025-05-20 16:45:00;10.8691
2025-05-20 17:00:00;8.3420
2025-05-20 17:15:00;8.1957
2025-05-20 17:30:00;7.2773
2025-05-20 17:45:00;7.4406
2025-05-20 18:00:00;7.0641
2025-05-20 18:15:00;7.1386
2025-05-20 18:30:00;6.6971
2025-05-20 18:45:00;6.1362
2025-05-20 19:00:00;5.0360
2025-05-20 19:15:00;4.6230
2025-05-20 19:30:00;4.4562
2025-05-20 19:45:00;3.7639
2025-05-20 20:00:00;3.4177
2025-05-20 20:15:00;2.8622
2025-05-20 20:30:00;2.2505
2025-05-20 20:45:00;1.6531
2025-05-20 21:00:00;1.2014
2025-05-20 21:15:00;0.5972
2025-05-20 21:30:00;0.0000
2025-05-20 21:45:00;0.0000
2025-05-20 22:00:00;0.0000
2025-05-20 22:15:00;0.0000
2025-05-20 22:30:00;0.0000
2025-05-20 22:45:00;0.0000
2025-05-20 23:00:00;0.0000
2025-05-20 23:15:00;0.0000
2025-05-20 23:30:00;0.0000
2025-05-20 23:45:00;0.0000
2025-05-21 00:00:00;0.0000
2025-05-21 00:15:00;0.0000
2025-05-21 00:30:00;0.0000
2025-05-21 00:45:00;0.0000
2025-05-21 01:00:00;0.0000
2025-05-21 01:15:00;0.0000
2025-05-21 01:30:00;0.0000
2025-05-21 01:45:00;0.0000
2025-05-21 02:00:00;0.0000
2025-05-21 02:15:00;0.0000
2025-05-21 02:30:00;0.0000
2025-05-21 02:45:00;0.0000
2025-05-21 03:00:00;0.0000
2025-05-21 03:15:00;0.0000
2025-05-21 03:30:00;0.0000
2025-05-21 03:45:00;0.0000
2025-05-21 04:00:00;0.0000
2025-05-21 04:15:00;0.0000
2025-05-21 04:30:00;0.0000
2025-05-21 04:45:00;0.0000
2025-05-21 05:00:00;0.0000
2025-05-21 05:15:00;0.0000
2025-05-21 05:30:00;0.0000
2025-05-21 05:45:00;0.0000
2025-05-21 06:00:00;2.3307
2025-05-21 06:15:00;4.6387
2025-05-21 06:30:00;6.7554
2025-05-21 06:45:00;9.7902
2025-05-21 07:00:00;12.5584
2025-05-21 07:15:00;15.4746
2025-05-21 07:30:00;17.2109
2025-05-21 07:45:00;19.7014
2025-05-21 08:00:00;19.6062
2025-05-21 08:15:00;21.6974
2025-05-21 08:30:00;24.1997
2025-05-21 08:45:00;25.7994
2025-05-21 09:00:00;31.6025
2025-05-21 09:15:00;31.2522
2025-05-21 09:30:00;32.6005
2025-05-21 09:45:00;36.2016
2025-05-21 10:00:00;36.0939
2025-05-21 10:15:00;37.1700
2025-05-21 10:30:00;37.1534
2025-05-21 10:45:00;37.1992
2025-05-21 11:00:00;37.1400
2025-05-21 11:15:00;37.1154
2025-05-21 11:30:00;37.1810
2025-05-21 11:45:00;37.1913
2025-05-21 12:00:00;37.2025
2025-05-21 12:15:00;37.1780
2025-05-21 12:30:00;37.1736
2025-05-21 12:45:00;37.1216
2025-05-21 13:00:00;37.1084
2025-05-21 13:15:00;37.1805
2025-05-21 13:30:00;37.1257
2025-05-21 13:45:00;37.1274
2025-05-21 14:00:00;37.1928
2025-05-21 14:15:00;37.1766
2025-05-21 14:30:00;37.1311
2025-05-21 14:45:00;37.2355
2025-05-21 15:00:00;37.1025
2025-05-21 15:15:00;37.1872
2025-05-21 15:30:00;37.1024
2025-05-21 15:45:00;37.1854
2025-05-21 16:00:00;37.2005
2025-05-21 16:15:00;37.1922
2025-05-21 16:30:00;37.1360
2025-05-21 16:45:00;35.4775
2025-05-21 17:00:00;37.1137
2025-05-21 17:15:00;37.1195
2025-05-21 17:30:00;33.6794
2025-05-21 17:45:00;32.0338
2025-05-21 18:00:00;29.3490
2025-05-21 18:15:00;26.2793
2025-05-21 18:30:00;24.8729
2025-05-21 18:45:00;24.6484
2025-05-21 19:00:00;23.3520
2025-05-21 19:15:00;21.1809
2025-05-21 19:30:00;19.1531
2025-05-21 19:45:00;17.4142
2025-05-21 20:00:00;13.5744
2025-05-21 20:15:00;11.8671
2025-05-21 20:30:00;9.2553
2025-05-21 20:45:00;6.9355
2025-05-21 21:00:00;4.3365
2025-05-21 21:15:00;2.2315
2025-05-21 21:30:00;0.0000
2025-05-21 21:45:00;0.0000
2025-05-21 22:00:00;0.0000
2025-05-21 22:15:00;0.0000
2025-05-21 22:30:00;0.0000
2025-05-21 22:45:00;0.0000
2025-05-21 23:00:00;0.0000
2025-05-21 23:15:00;0.0000
2025-05-21 23:30:00;0.0000
2025-05-21 23:45:00;0.0000
2025-05-22 00:00:00;0.0000
2025-05-22 00:15:00;0.0000
2025-05-22 00:30:00;0.0000
2025-05-22 00:45:00;0.0000
2025-05-22 01:00:00;0.0000
2025-05-22 01:15:00;0.0000
2025-05-22 01:30:00;0.0000
2025-05-22 01:45:00;0.0000
2025-05-22 02:00:00;0.0000
2025-05-22 02:15:00;0.0000
2025-05-22 02:30:00;0.0000
2025-05-22 02:45:00;0.0000
2025-05-22 03:00:00;0.0000
2025-05-22 03:15:00;0.0000
2025-05-22 03:30:00;0.0000
2025-05-22 03:45:00;0.0000
2025-05-22 04:00:00;0.0000
2025-05-22 04:15:00;0.0000
2025-05-22 04:30:00;0.0000
2025-05-22 04:45:00;0.0000
2025-05-22 05:00:00;0.0000
2025-05-22 05:15:00;0.0000
2025-05-22 05:30:00;0.0000
2025-05-22 05:45:00;0.0000
2025-05-22 06:00:00;1.6095
2025-05-22 06:15:00;3.3761
2025-05-22 06:30:00;4.9528
2025-05-22 06:45:00;6.4862
2025-05-22 07:00:00;6.6485
2025-05-22 07:15:00;7.5923
2025-05-22 07:30:00;9.2642
2025-05-22 07:45:00;10.5827
2025-05-22 08:00:00;11.7869
2025-05-22 08:15:00;13.2619
2025-05-22 08:30:00;14.3156
2025-05-22 08:45:00;15.0973
2025-05-22 09:00:00;18.4148
2025-05-22 09:15:00;20.5133
2025-05-22 09:30:00;20.8847
2025-05-22 09:45:00;22.1259
2025-05-22 10:00:00;25.2187
2025-05-22 10:15:00;25.0496
2025-05-22 10:30:00;25.5881
2025-05-22 10:45:00;27.8915
2025-05-22 11:00:00;17.9647
2025-05-22 11:15:00;18.3041
2025-05-22 11:30:00;19.1389
2025-05-22 11:45:00;19.3787
2025-05-22 12:00:00;28.0595
2025-05-22 12:15:00;29.2931
2025-05-22 12:30:00;27.3869
2025-05-22 12:45:00;28.7442
2025-05-22 13:00:00;28.8933
2025-05-22 13:15:00;28.9270
2025-05-22 13:30:00;29.4254
2025-05-22 13:45:00;29.6296
2025-05-22 14:00:00;32.9716
2025-05-22 14:15:00;33.2882
2025-05-22 14:30:00;30.9248
2025-05-22 14:45:00;31.9212
2025-05-22 15:00:00;24.4555
2025-05-22 15:15:00;24.8161
2025-05-22 15:30:00;22.4781
2025-05-22 15:45:00;22.6408
2025-05-22 16:00:00;29.0957
2025-05-22 16:15:00;27.9088
2025-05-22 16:30:00;27.5346
2025-05-22 16:45:00;27.3563
2025-05-22 17:00:00;19.3962
2025-05-22 17:15:00;18.2998
2025-05-22 17:30:00;17.9894
2025-05-22 17:45:00;17.7504
2025-05-22 18:00:00;18.1503
2025-05-22 18:15:00;16.5217
2025-05-22 18:30:00;15.5546
2025-05-22 18:45:00;14.3077
2025-05-22 19:00:00;14.8228
2025-05-22 19:15:00;13.4264
2025-05-22 19:30:00;12.1164
2025-05-22 19:45:00;10.7685
2025-05-22 20:00:00;6.9683
2025-05-22 20:15:00;5.6291
2025-05-22 20:30:00;4.4656
2025-05-22 20:45:00;3.4725
2025-05-22 21:00:00;2.8921
2025-05-22 21:15:00;1.4456
2025-05-22 21:30:00;0.0000
2025-05-22 21:45:00;0.0000
2025-05-22 22:00:00;0.0000
2025-05-22 22:15:00;0.0000
2025-05-22 22:30:00;0.0000
2025-05-22 22:45:00;0.0000
2025-05-22 23:00:00;0.0000
2025-05-22 23:15:00;0.0000
2025-05-22 23:30:00;0.0000
2025-05-22 23:45:00;0.0000
2025-05-23 00:00:00;0.0000
2025-05-23 00:15:00;0.0000
2025-05-23 00:30:00;0.0000
2025-05-23 00:45:00;0.0000
2025-05-23 01:00:00;0.0000
2025-05-23 01:15:00;0.0000
2025-05-23 01:30:00;0.0000
2025-05-23 01:45:00;0.0000
2025-05-23 02:00:00;0.0000
2025-05-23 02:15:00;0.0000
2025-05-23 02:30:00;0.0000
2025-05-23 02:45:00;0.0000
2025-05-23 03:00:00;0.0000
2025-05-23 03:15:00;0.0000
2025-05-23 03:30:00;0.0000
2025-05-23 03:45:00;0.0000
2025-05-23 04:00:00;0.0000
2025-05-23 04:15:00;0.0000
2025-05-23 04:30:00;0.0000
2025-05-23 04:45:00;0.0000
2025-05-23 05:00:00;0.0000
2025-05-23 05:15:00;0.0000
2025-05-23 05:30:00;0.0000
2025-05-23 05:45:00;0.0000
2025-05-23 06:00:00;1.5265
2025-05-23 06:15:00;2.9956
2025-05-23 06:30:00;4.5290
2025-05-23 06:45:00;5.6914
2025-05-23 07:00:00;7.2391
2025-05-23 07:15:00;8.9502
2025-05-23 07:30:00;10.3535
2025-05-23 07:45:00;11.6957
2025-05-23 08:00:00;14.6787
2025-05-23 08:15:00;17.1019
2025-05-23 08:30:00;18.2163
2025-05-23 08:45:00;19.8233
2025-05-23 09:00:00;9.2249
2025-05-23 09:15:00;9.4379
2025-05-23 09:30:00;10.2695
2025-05-23 09:45:00;11.1787
2025-05-23 10:00:00;22.3383
2025-05-23 10:15:00;23.9916
2025-05-23 10:30:00;23.9116
2025-05-23 10:45:00;25.4880
2025-05-23 11:00:00;25.5075
2025-05-23 11:15:00;24.9252
2025-05-23 11:30:00;26.2946
2025-05-23 11:45:00;25.8469
2025-05-23 12:00:00;13.3576
2025-05-23 12:15:00;13.6328
2025-05-23 12:30:00;14.7447
2025-05-23 12:45:00;14.6174
2025-05-23 13:00:00;28.3483
2025-05-23 13:15:00;27.4791
2025-05-23 13:30:00;29.3363
2025-05-23 13:45:00;29.9915
2025-05-23 14:00:00;28.5788
2025-05-23 14:15:00;27.6442
2025-05-23 14:30:00;29.2615
2025-05-23 14:45:00;27.7614
2025-05-23 15:00:00;19.3799
2025-05-23 15:15:00;20.1682
2025-05-23 15:30:00;19.7302
2025-05-23 15:45:00;18.5872
2025-05-23 16:00:00;22.5312
2025-05-23 16:15:00;23.9472
2025-05-23 16:30:00;22.0711
2025-05-23 16:45:00;21.7310
2025-05-23 17:00:00;13.6568
2025-05-23 17:15:00;12.7741
2025-05-23 17:30:00;11.5487
2025-05-23 17:45:00;11.5066
2025-05-23 18:00:00;18.0904
2025-05-23 18:15:00;17.1152
2025-05-23 18:30:00;16.0781
2025-05-23 18:45:00;14.8869
2025-05-23 19:00:00;13.6698
2025-05-23 19:15:00;12.4652
2025-05-23 19:30:00;11.6066
2025-05-23 19:45:00;10.4279
2025-05-23 20:00:00;5.1438
2025-05-23 20:15:00;4.4814
2025-05-23 20:30:00;3.6320
2025-05-23 20:45:00;2.4317
2025-05-23 21:00:00;3.2380
2025-05-23 21:15:00;1.6270
2025-05-23 21:30:00;0.0000
2025-05-23 21:45:00;0.0000
2025-05-23 22:00:00;0.0000
2025-05-23 22:15:00;0.0000
2025-05-23 22:30:00;0.0000
2025-05-23 22:45:00;0.0000
2025-05-23 23:00:00;0.0000
2025-05-23 23:15:00;0.0000
2025-05-23 23:30:00;0.0000
2025-05-23 23:45:00;0.0000
2025-05-24 00:00:00;0.0000
2025-05-24 00:15:00;0.0000
2025-05-24 00:30:00;0.0000
2025-05-24 00:45:00;0.0000
2025-05-24 01:00:00;0.0000
2025-05-24 01:15:00;0.0000
2025-05-24 01:30:00;0.0000
2025-05-24 01:45:00;0.0000
2025-05-24 02:00:00;0.0000
2025-05-24 02:15:00;0.0000
2025-05-24 02:30:00;0.0000
2025-05-24 02:45:00;0.0000
2025-05-24 03:00:00;0.0000
2025-05-24 03:15:00;0.0000
2025-05-24 03:30:00;0.0000
2025-05-24 03:45:00;0.0000
2025-05-24 04:00:00;0.0000
2025-05-24 04:15:00;0.0000
2025-05-24 04:30:00;0.0000
2025-05-24 04:45:00;0.0000
2025-05-24 05:00:00;0.0000
2025-05-24 05:15:00;0.0000
2025-05-24 05:30:00;0.0000
2025-05-24 05:45:00;0.0000
2025-05-24 06:00:00;2.6045
2025-05-24 06:15:00;5.1870
2025-05-24 06:30:00;7.8034
2025-05-24 06:45:00;10.0608
2025-05-24 07:00:00;12.3894
2025-05-24 07:15:00;14.4409
2025-05-24 07:30:00;16.3531
2025-05-24 07:45:00;20.6019
2025-05-24 08:00:00;23.1169
2025-05-24 08:15:00;24.8088
2025-05-24 08:30:00;27.0763
2025-05-24 08:45:00;29.8085
2025-05-24 09:00:00;29.1054
2025-05-24 09:15:00;32.3402
2025-05-24 09:30:00;32.7656
2025-05-24 09:45:00;36.8418
2025-05-24 10:00:00;32.6115
2025-05-24 10:15:00;33.5702
2025-05-24 10:30:00;35.3621
2025-05-24 10:45:00;34.8387
2025-05-24 11:00:00;37.1024
2025-05-24 11:15:00;37.0807
2025-05-24 11:30:00;37.1574
2025-05-24 11:45:00;37.1683
2025-05-24 12:00:00;37.1917
2025-05-24 12:15:00;37.1354
2025-05-24 12:30:00;37.1659
2025-05-24 12:45:00;37.1424
2025-05-24 13:00:00;37.2208
2025-05-24 13:15:00;37.1067
2025-05-24 13:30:00;37.1556
2025-05-24 13:45:00;37.1015
2025-05-24 14:00:00;37.1796
2025-05-24 14:15:00;37.2205
2025-05-24 14:30:00;37.1886
2025-05-24 14:45:00;37.1682
2025-05-24 15:00:00;37.1659
2025-05-24 15:15:00;37.1560
2025-05-24 15:30:00;37.0689
2025-05-24 15:45:00;37.1716
2025-05-24 16:00:00;35.9171
2025-05-24 16:15:00;36.6853
2025-05-24 16:30:00;35.3858
2025-05-24 16:45:00;31.3300
2025-05-24 17:00:00;37.2210
2025-05-24 17:15:00;37.2301
2025-05-24 17:30:00;35.6137
2025-05-24 17:45:00;33.3250
2025-05-24 18:00:00;26.1313
2025-05-24 18:15:00;24.9950
2025-05-24 18:30:00;21.9763
2025-05-24 18:45:00;21.2173
2025-05-24 19:00:00;20.6748
2025-05-24 19:15:00;19.3681
2025-05-24 19:30:00;17.1150
2025-05-24 19:45:00;15.3627
2025-05-24 20:00:00;14.2586
2025-05-24 20:15:00;12.9098
2025-05-24 20:30:00;9.8662
2025-05-24 20:45:00;7.3565
2025-05-24 21:00:00;4.7983
2025-05-24 21:15:00;2.4180
2025-05-24 21:30:00;0.0000
2025-05-24 21:45:00;0.0000
2025-05-24 22:00:00;0.0000
2025-05-24 22:15:00;0.0000
2025-05-24 22:30:00;0.0000
2025-05-24 22:45:00;0.0000
2025-05-24 23:00:00;0.0000
2025-05-24 23:15:00;0.0000
2025-05-24 23:30:00;0.0000
2025-05-24 23:45:00;0.0000
2025-05-25 00:00:00;0.0000
2025-05-25 00:15:00;0.0000
2025-05-25 00:30:00;0.0000
2025-05-25 00:45:00;0.0000
2025-05-25 01:00:00;0.0000
2025-05-25 01:15:00;0.0000
2025-05-25 01:30:00;0.0000
2025-05-25 01:45:00;0.0000
2025-05-25 02:00:00;0.0000
2025-05-25 02:15:00;0.0000
2025-05-25 02:30:00;0.0000
2025-05-25 02:45:00;0.0000
2025-05-25 03:00:00;0.0000
2025-05-25 03:15:00;0.0000
2025-05-25 03:30:00;0.0000
2025-05-25 03:45:00;0.0000
2025-05-25 04:00:00;0.0000
2025-05-25 04:15:00;0.0000
2025-05-25 04:30:00;0.0000
2025-05-25 04:45:00;0.0000
2025-05-25 05:00:00;0.0000
2025-05-25 05:15:00;0.0000
2025-05-25 05:30:00;0.0000
2025-05-25 05:45:00;0.0000
2025-05-25 06:00:00;2.3990
2025-05-25 06:15:00;4.8621
2025-05-25 06:30:00;7.0996
2025-05-25 06:45:00;9.3363
2025-05-25 07:00:00;13.0737
2025-05-25 07:15:00;15.3645
2025-05-25 07:30:00;16.7717
2025-05-25 07:45:00;20.9881
2025-05-25 08:00:00;24.3611
2025-05-25 08:15:00;24.2471
2025-05-25 08:30:00;28.0217
2025-05-25 08:45:00;28.6634
2025-05-25 09:00:00;23.2912
2025-05-25 09:15:00;26.7153
2025-05-25 09:30:00;27.2796
2025-05-25 09:45:00;29.1189
2025-05-25 10:00:00;35.9828
2025-05-25 10:15:00;34.0372
2025-05-25 10:30:00;36.3756
2025-05-25 10:45:00;37.1193
2025-05-25 11:00:00;37.1365
2025-05-25 11:15:00;37.1488
2025-05-25 11:30:00;37.1589
2025-05-25 11:45:00;37.1790
2025-05-25 12:00:00;37.1483
2025-05-25 12:15:00;37.1304
2025-05-25 12:30:00;37.2044
2025-05-25 12:45:00;37.1411
2025-05-25 13:00:00;37.1502
2025-05-25 13:15:00;37.1694
2025-05-25 13:30:00;37.1057
2025-05-25 13:45:00;37.1359
2025-05-25 14:00:00;37.1077
2025-05-25 14:15:00;37.1842
2025-05-25 14:30:00;37.1363
2025-05-25 14:45:00;37.1984
2025-05-25 15:00:00;37.1913
2025-05-25 15:15:00;37.2321
2025-05-25 15:30:00;37.2062
2025-05-25 15:45:00;37.1186
2025-05-25 16:00:00;37.1859
2025-05-25 16:15:00;37.1352
2025-05-25 16:30:00;37.1277
2025-05-25 16:45:00;37.1029
2025-05-25 17:00:00;35.2964
2025-05-25 17:15:00;32.0185
2025-05-25 17:30:00;30.6197
2025-05-25 17:45:00;28.5319
2025-05-25 18:00:00;32.4687
2025-05-25 18:15:00;29.2754
2025-05-25 18:30:00;28.1830
2025-05-25 18:45:00;25.7048
2025-05-25 19:00:00;18.9773
2025-05-25 19:15:00;18.2981
2025-05-25 19:30:00;15.3708
2025-05-25 19:45:00;13.7105
2025-05-25 20:00:00;14.2679
2025-05-25 20:15:00;11.3780
2025-05-25 20:30:00;9.7419
2025-05-25 20:45:00;6.9420
2025-05-25 21:00:00;4.9666
2025-05-25 21:15:00;2.3228
2025-05-25 21:30:00;0.0000
2025-05-25 21:45:00;0.0000
2025-05-25 22:00:00;0.0000
2025-05-25 22:15:00;0.0000
2025-05-25 22:30:00;0.0000
2025-05-25 22:45:00;0.0000
2025-05-25 23:00:00;0.0000
2025-05-25 23:15:00;0.0000
2025-05-25 23:30:00;0.0000
2025-05-25 23:45:00;0.0000
2025-05-26 00:00:00;0.0000
2025-05-26 00:15:00;0.0000
2025-05-26 00:30:00;0.0000
2025-05-26 00:45:00;0.0000
2025-05-26 01:00:00;0.0000
2025-05-26 01:15:00;0.0000
2025-05-26 01:30:00;0.0000
2025-05-26 01:45:00;0.0000
2025-05-26 02:00:00;0.0000
2025-05-26 02:15:00;0.0000
2025-05-26 02:30:00;0.0000
2025-05-26 02:45:00;0.0000
2025-05-26 03:00:00;0.0000
2025-05-26 03:15:00;0.0000
2025-05-26 03:30:00;0.0000
2025-05-26 03:45:00;0.0000
2025-05-26 04:00:00;0.0000
2025-05-26 04:15:00;0.0000
2025-05-26 04:30:00;0.0000
2025-05-26 04:45:00;0.0000
2025-05-26 05:00:00;0.0000
2025-05-26 05:15:00;0.0000
2025-05-26 05:30:00;0.0000
2025-05-26 05:45:00;0.0000
2025-05-26 06:00:00;0.6025
2025-05-26 06:15:00;1.2099
2025-05-26 06:30:00;1.7805
2025-05-26 06:45:00;2.5309
2025-05-26 07:00:00;3.1252
2025-05-26 07:15:00;3.6599
2025-05-26 07:30:00;4.2982
2025-05-26 07:45:00;5.0543
2025-05-26 08:00:00;4.8849
2025-05-26 08:15:00;5.1293
2025-05-26 08:30:00;5.9652
2025-05-26 08:45:00;6.1107
2025-05-26 09:00:00;7.3630
2025-05-26 09:15:00;7.6167
2025-05-26 09:30:00;8.4553
2025-05-26 09:45:00;8.4217
2025-05-26 10:00:00;9.1576
2025-05-26 10:15:00;8.8652
2025-05-26 10:30:00;10.1809
2025-05-26 10:45:00;10.0391
2025-05-26 11:00:00;11.1922
2025-05-26 11:15:00;11.6392
2025-05-26 11:30:00;11.1926
2025-05-26 11:45:00;11.6331
2025-05-26 12:00:00;11.6638
2025-05-26 12:15:00;11.8070
2025-05-26 12:30:00;11.6929
2025-05-26 12:45:00;11.8148
2025-05-26 13:00:00;10.4570
2025-05-26 13:15:00;10.6940
2025-05-26 13:30:00;10.7730
2025-05-26 13:45:00;11.4994
2025-05-26 14:00:00;12.4090
2025-05-26 14:15:00;11.8174
2025-05-26 14:30:00;12.1803
2025-05-26 14:45:00;12.2680
2025-05-26 15:00:00;11.5358
2025-05-26 15:15:00;11.3642
2025-05-26 15:30:00;11.2465
2025-05-26 15:45:00;11.0239
2025-05-26 16:00:00;9.2529
2025-05-26 16:15:00;8.4893
2025-05-26 16:30:00;8.5311
2025-05-26 16:45:00;8.1026
2025-05-26 17:00:00;7.7373
2025-05-26 17:15:00;7.2060
2025-05-26 17:30:00;6.8792
2025-05-26 17:45:00;6.8351
2025-05-26 18:00:00;8.1963
2025-05-26 18:15:00;7.3762
2025-05-26 18:30:00;7.2148
2025-05-26 18:45:00;6.1593
2025-05-26 19:00:00;5.1724
2025-05-26 19:15:00;4.8115
2025-05-26 19:30:00;4.4044
2025-05-26 19:45:00;3.6416
2025-05-26 20:00:00;3.4922
2025-05-26 20:15:00;2.8053
2025-05-26 20:30:00;2.2655
2025-05-26 20:45:00;1.7668
2025-05-26 21:00:00;1.2763
2025-05-26 21:15:00;0.6208
2025-05-26 21:30:00;0.0000
2025-05-26 21:45:00;0.0000
2025-05-26 22:00:00;0.0000
2025-05-26 22:15:00;0.0000
2025-05-26 22:30:00;0.0000
2025-05-26 22:45:00;0.0000
2025-05-26 23:00:00;0.0000
2025-05-26 23:15:00;0.0000
2025-05-26 23:30:00;0.0000
2025-05-26 23:45:00;0.0000
2025-05-27 00:00:00;0.0000
2025-05-27 00:15:00;0.0000
2025-05-27 00:30:00;0.0000
2025-05-27 00:45:00;0.0000
2025-05-27 01:00:00;0.0000
2025-05-27 01:15:00;0.0000
2025-05-27 01:30:00;0.0000
2025-05-27 01:45:00;0.0000
2025-05-27 02:00:00;0.0000
2025-05-27 02:15:00;0.0000
2025-05-27 02:30:00;0.0000
2025-05-27 02:45:00;0.0000
2025-05-27 03:00:00;0.0000
2025-05-27 03:15:00;0.0000
2025-05-27 03:30:00;0.0000
2025-05-27 03:45:00;0.0000
2025-05-27 04:00:00;0.0000
2025-05-27 04:15:00;0.0000
2025-05-27 04:30:00;0.0000
2025-05-27 04:45:00;0.0000
2025-05-27 05:00:00;0.0000
2025-05-27 05:15:00;0.0000
2025-05-27 05:30:00;0.0000
2025-05-27 05:45:00;0.0000
2025-05-27 06:00:00;0.2282
2025-05-27 06:15:00;0.4330
2025-05-27 06:30:00;0.6978
2025-05-27 06:45:00;0.9464
2025-05-27 07:00:00;1.4119
2025-05-27 07:15:00;1.5798
2025-05-27 07:30:00;1.7115
2025-05-27 07:45:00;2.0989
2025-05-27 08:00:00;2.1203
2025-05-27 08:15:00;2.1734
2025-05-27 08:30:00;2.4817
2025-05-27 08:45:00;2.7257
2025-05-27 09:00:00;2.8396
2025-05-27 09:15:00;3.0220
2025-05-27 09:30:00;3.2287
2025-05-27 09:45:00;3.4224
2025-05-27 10:00:00;3.4147
2025-05-27 10:15:00;3.6102
2025-05-27 10:30:00;3.5434
2025-05-27 10:45:00;3.8717
2025-05-27 11:00:00;4.8499
2025-05-27 11:15:00;4.7792
2025-05-27 11:30:00;4.8590
2025-05-27 11:45:00;5.1090
2025-05-27 12:00:00;4.2277
2025-05-27 12:15:00;4.2446
2025-05-27 12:30:00;4.3399
2025-05-27 12:45:00;4.4334
2025-05-27 13:00:00;5.1092
2025-05-27 13:15:00;4.9309
2025-05-27 13:30:00;5.0157
2025-05-27 13:45:00;5.1139
2025-05-27 14:00:00;4.3915
2025-05-27 14:15:00;4.3149
2025-05-27 14:30:00;4.3072
2025-05-27 14:45:00;4.2885
2025-05-27 15:00:00;4.5406
2025-05-27 15:15:00;4.7500
2025-05-27 15:30:00;4.4160
2025-05-27 15:45:00;4.4492
2025-05-27 16:00:00;3.7749
2025-05-27 16:15:00;3.6215
2025-05-27 16:30:00;3.5180
2025-05-27 16:45:00;3.3053
2025-05-27 17:00:00;3.3573
2025-05-27 17:15:00;3.2490
2025-05-27 17:30:00;3.0515
2025-05-27 17:45:00;2.9670
2025-05-27 18:00:00;2.9798
2025-05-27 18:15:00;2.7717
2025-05-27 18:30:00;2.6875
2025-05-27 18:45:00;2.4907
2025-05-27 19:00:00;2.1928
2025-05-27 19:15:00;1.9474
2025-05-27 19:30:00;1.7090
2025-05-27 19:45:00;1.4424
2025-05-27 20:00:00;1.6735
2025-05-27 20:15:00;1.3090
2025-05-27 20:30:00;1.0907
2025-05-27 20:45:00;0.8603
2025-05-27 21:00:00;0.4606
2025-05-27 21:15:00;0.2206
2025-05-27 21:30:00;0.0000
2025-05-27 21:45:00;0.0000
2025-05-27 22:00:00;0.0000
2025-05-27 22:15:00;0.0000
2025-05-27 22:30:00;0.0000
2025-05-27 22:45:00;0.0000
2025-05-27 23:00:00;0.0000
2025-05-27 23:15:00;0.0000
2025-05-27 23:30:00;0.0000
2025-05-27 23:45:00;0.0000
2025-05-28 00:00:00;0.0000
2025-05-28 00:15:00;0.0000
2025-05-28 00:30:00;0.0000
2025-05-28 00:45:00;0.0000
2025-05-28 01:00:00;0.0000
2025-05-28 01:15:00;0.0000
2025-05-28 01:30:00;0.0000
2025-05-28 01:45:00;0.0000
2025-05-28 02:00:00;0.0000
2025-05-28 02:15:00;0.0000
2025-05-28 02:30:00;0.0000
2025-05-28 02:45:00;0.0000
2025-05-28 03:00:00;0.0000
2025-05-28 03:15:00;0.0000
2025-05-28 03:30:00;0.0000
2025-05-28 03:45:00;0.0000
2025-05-28 04:00:00;0.0000
2025-05-28 04:15:00;0.0000
2025-05-28 04:30:00;0.0000
2025-05-28 04:45:00;0.0000
2025-05-28 05:00:00;0.0000
2025-05-28 05:15:00;0.0000
2025-05-28 05:30:00;0.0000
2025-05-28 05:45:00;0.0000
2025-05-28 06:00:00;2.4240
2025-05-28 06:15:00;4.8944
2025-05-28 06:30:00;7.4374
2025-05-28 06:45:00;9.3780
2025-05-28 07:00:00;11.8902
2025-05-28 07:15:00;13.0859
2025-05-28 07:30:00;15.6863
2025-05-28 07:45:00;17.3705
2025-05-28 08:00:00;22.3693
2025-05-28 08:15:00;24.3548
2025-05-28 08:30:00;27.0228
2025-05-28 08:45:00;28.1717
2025-05-28 09:00:00;27.9312
2025-05-28 09:15:00;29.9790
2025-05-28 09:30:00;29.9162
2025-05-28 09:45:00;33.7654
2025-05-28 10:00:00;32.8520
2025-05-28 10:15:00;34.1656
2025-05-28 10:30:00;34.4405
2025-05-28 10:45:00;35.7262
2025-05-28 11:00:00;37.0904
2025-05-28 11:15:00;37.1638
2025-05-28 11:30:00;37.1713
2025-05-28 11:45:00;37.1303
2025-05-28 12:00:00;37.1612
2025-05-28 12:15:00;37.1225
2025-05-28 12:30:00;37.1830
2025-05-28 12:45:00;37.1695
2025-05-28 13:00:00;37.1563
2025-05-28 13:15:00;37.1947
2025-05-28 13:30:00;37.1843
2025-05-28 13:45:00;37.1455
2025-05-28 14:00:00;37.1261
2025-05-28 14:15:00;37.1794
2025-05-28 14:30:00;37.1653
2025-05-28 14:45:00;37.1457
2025-05-28 15:00:00;37.1189
2025-05-28 15:15:00;37.1308
2025-05-28 15:30:00;37.1793
2025-05-28 15:45:00;37.2002
2025-05-28 16:00:00;37.1377
2025-05-28 16:15:00;37.1374
2025-05-28 16:30:00;37.1075
2025-05-28 16:45:00;37.2206
2025-05-28 17:00:00;37.1006
2025-05-28 17:15:00;37.1278
2025-05-28 17:30:00;35.0461
2025-05-28 17:45:00;33.5401
2025-05-28 18:00:00;31.4821
2025-05-28 18:15:00;29.1160
2025-05-28 18:30:00;25.9771
2025-05-28 18:45:00;24.7828
2025-05-28 19:00:00;22.2802
2025-05-28 19:15:00;19.7643
2025-05-28 19:30:00;18.6424
2025-05-28 19:45:00;16.2080
2025-05-28 20:00:00;14.7830
2025-05-28 20:15:00;12.1728
2025-05-28 20:30:00;10.2194
2025-05-28 20:45:00;7.7228
2025-05-28 21:00:00;4.4484
2025-05-28 21:15:00;2.2029
2025-05-28 21:30:00;0.0000
2025-05-28 21:45:00;0.0000
2025-05-28 22:00:00;0.0000
2025-05-28 22:15:00;0.0000
2025-05-28 22:30:00;0.0000
2025-05-28 22:45:00;0.0000
2025-05-28 23:00:00;0.0000
2025-05-28 23:15:00;0.0000
2025-05-28 23:30:00;0.0000
2025-05-28 23:45:00;0.0000
2025-05-29 00:00:00;0.0000
2025-05-29 00:15:00;0.0000
2025-05-29 00:30:00;0.0000
2025-05-29 00:45:00;0.0000
2025-05-29 01:00:00;0.0000
2025-05-29 01:15:00;0.0000
2025-05-29 01:30:00;0.0000
2025-05-29 01:45:00;0.0000
2025-05-29 02:00:00;0.0000
2025-05-29 02:15:00;0.0000
2025-05-29 02:30:00;0.0000
2025-05-29 02:45:00;0.0000
2025-05-29 03:00:00;0.0000
2025-05-29 03:15:00;0.0000
2025-05-29 03:30:00;0.0000
2025-05-29 03:45:00;0.0000
2025-05-29 04:00:00;0.0000
2025-05-29 04:15:00;0.0000
2025-05-29 04:30:00;0.0000
2025-05-29 04:45:00;0.0000
2025-05-29 05:00:00;0.0000
2025-05-29 05:15:00;0.0000
2025-05-29 05:30:00;0.0000
2025-05-29 05:45:00;0.0000
2025-05-29 06:00:00;1.1456
2025-05-29 06:15:00;2.1817
2025-05-29 06:30:00;3.4049
2025-05-29 06:45:00;4.8915
2025-05-29 07:00:00;7.4113
2025-05-29 07:15:00;8.8239
2025-05-29 07:30:00;10.5246
2025-05-29 07:45:00;11.4292
2025-05-29 08:00:00;14.0929
2025-05-29 08:15:00;16.1618
2025-05-29 08:30:00;16.7263
2025-05-29 08:45:00;19.0209
2025-05-29 09:00:00;20.5847
2025-05-29 09:15:00;22.3268
2025-05-29 09:30:00;23.1044
2025-05-29 09:45:00;25.3405
2025-05-29 10:00:00;16.7984
2025-05-29 10:15:00;18.0671
2025-05-29 10:30:00;20.0420
2025-05-29 10:45:00;19.9588
2025-05-29 11:00:00;28.1688
2025-05-29 11:15:00;28.4763
2025-05-29 11:30:00;29.1846
2025-05-29 11:45:00;28.9630
2025-05-29 12:00:00;28.7296
2025-05-29 12:15:00;29.0236
2025-05-29 12:30:00;28.3213
2025-05-29 12:45:00;28.7940
2025-05-29 13:00:00;29.7730
2025-05-29 13:15:00;28.7813
2025-05-29 13:30:00;30.1346
2025-05-29 13:45:00;30.4093
2025-05-29 14:00:00;30.0424
2025-05-29 14:15:00;30.2678
2025-05-29 14:30:00;30.0735
2025-05-29 14:45:00;30.2012
2025-05-29 15:00:00;16.6454
2025-05-29 15:15:00;16.9682
2025-05-29 15:30:00;16.7603
2025-05-29 15:45:00;16.3315
2025-05-29 16:00:00;30.0085
2025-05-29 16:15:00;28.5528
2025-05-29 16:30:00;29.2110
2025-05-29 16:45:00;27.1728
2025-05-29 17:00:00;26.1355
2025-05-29 17:15:00;24.1250
2025-05-29 17:30:00;24.2322
2025-05-29 17:45:00;23.1889
2025-05-29 18:00:00;18.6540
2025-05-29 18:15:00;18.0915
2025-05-29 18:30:00;17.2973
2025-05-29 18:45:00;14.6726
2025-05-29 19:00:00;7.1896
2025-05-29 19:15:00;6.8479
2025-05-29 19:30:00;5.9293
2025-05-29 19:45:00;5.3520
2025-05-29 20:00:00;9.0060
2025-05-29 20:15:00;7.6529
2025-05-29 20:30:00;5.8232
2025-05-29 20:45:00;4.3413
2025-05-29 21:00:00;3.2527
2025-05-29 21:15:00;1.6536
2025-05-29 21:30:00;0.0000
2025-05-29 21:45:00;0.0000
2025-05-29 22:00:00;0.0000
2025-05-29 22:15:00;0.0000
2025-05-29 22:30:00;0.0000
2025-05-29 22:45:00;0.0000
2025-05-29 23:00:00;0.0000
2025-05-29 23:15:00;0.0000
2025-05-29 23:30:00;0.0000
2025-05-29 23:45:00;0.0000
2025-05-30 00:00:00;0.0000
2025-05-30 00:15:00;0.0000
2025-05-30 00:30:00;0.0000
2025-05-30 00:45:00;0.0000
2025-05-30 01:00:00;0.0000
2025-05-30 01:15:00;0.0000
2025-05-30 01:30:00;0.0000
2025-05-30 01:45:00;0.0000
2025-05-30 02:00:00;0.0000
2025-05-30 02:15:00;0.0000
2025-05-30 02:30:00;0.0000
2025-05-30 02:45:00;0.0000
2025-05-30 03:00:00;0.0000
2025-05-30 03:15:00;0.0000
2025-05-30 03:30:00;0.0000
2025-05-30 03:45:00;0.0000
2025-05-30 04:00:00;0.0000
2025-05-30 04:15:00;0.0000
2025-05-30 04:30:00;0.0000
2025-05-30 04:45:00;0.0000
2025-05-30 05:00:00;0.0000
2025-05-30 05:15:00;0.0000
2025-05-30 05:30:00;0.0000
2025-05-30 05:45:00;0.0000
2025-05-30 06:00:00;1.8975
2025-05-30 06:15:00;3.7919
2025-05-30 06:30:00;6.2494
2025-05-30 06:45:00;7.9323
2025-05-30 07:00:00;13.1975
2025-05-30 07:15:00;15.0474
2025-05-30 07:30:00;17.1968
2025-05-30 07:45:00;20.0719
2025-05-30 08:00:00;23.6497
2025-05-30 08:15:00;25.3195
2025-05-30 08:30:00;27.4073
2025-05-30 08:45:00;28.3921
2025-05-30 09:00:00;27.1969
2025-05-30 09:15:00;30.3186
2025-05-30 09:30:00;28.8785
2025-05-30 09:45:00;33.2996
2025-05-30 10:00:00;36.1463
2025-05-30 10:15:00;37.1705
2025-05-30 10:30:00;37.1666
2025-05-30 10:45:00;37.0729
2025-05-30 11:00:00;37.1576
2025-05-30 11:15:00;37.1606
2025-05-30 11:30:00;37.1274
2025-05-30 11:45:00;37.1668
2025-05-30 12:00:00;37.1665
2025-05-30 12:15:00;37.1332
2025-05-30 12:30:00;37.1994
2025-05-30 12:45:00;37.1843
2025-05-30 13:00:00;37.0843
2025-05-30 13:15:00;37.1732
2025-05-30 13:30:00;37.1268
2025-05-30 13:45:00;37.1425
2025-05-30 14:00:00;37.2034
2025-05-30 14:15:00;37.1317
2025-05-30 14:30:00;37.1815
2025-05-30 14:45:00;37.0906
2025-05-30 15:00:00;37.1232
2025-05-30 15:15:00;37.1872
2025-05-30 15:30:00;37.1827
2025-05-30 15:45:00;37.1114
2025-05-30 16:00:00;37.1392
2025-05-30 16:15:00;37.1441
2025-05-30 16:30:00;37.1306
2025-05-30 16:45:00;37.1464
2025-05-30 17:00:00;33.8735
2025-05-30 17:15:00;34.0293
2025-05-30 17:30:00;32.6459
2025-05-30 17:45:00;28.5233
2025-05-30 18:00:00;29.1053
2025-05-30 18:15:00;26.9317
2025-05-30 18:30:00;26.0037
2025-05-30 18:45:00;23.4257
2025-05-30 19:00:00;23.0980
2025-05-30 19:15:00;22.1820
2025-05-30 19:30:00;19.2938
2025-05-30 19:45:00;16.7425
2025-05-30 20:00:00;14.7355
2025-05-30 20:15:00;12.1759
2025-05-30 20:30:00;9.1867
2025-05-30 20:45:00;7.0366
2025-05-30 21:00:00;4.6435
2025-05-30 21:15:00;2.2986
2025-05-30 21:30:00;0.0000
2025-05-30 21:45:00;0.0000
2025-05-30 22:00:00;0.0000
2025-05-30 22:15:00;0.0000
2025-05-30 22:30:00;0.0000
2025-05-30 22:45:00;0.0000
2025-05-30 23:00:00;0.0000
2025-05-30 23:15:00;0.0000
2025-05-30 23:30:00;0.0000
2025-05-30 23:45:00;0.0000
2025-05-31 00:00:00;0.0000
2025-05-31 00:15:00;0.0000
2025-05-31 00:30:00;0.0000
2025-05-31 00:45:00;0.0000
2025-05-31 01:00:00;0.0000
2025-05-31 01:15:00;0.0000
2025-05-31 01:30:00;0.0000
2025-05-31 01:45:00;0.0000
2025-05-31 02:00:00;0.0000
2025-05-31 02:15:00;0.0000
2025-05-31 02:30:00;0.0000
2025-05-31 02:45:00;0.0000
2025-05-31 03:00:00;0.0000
2025-05-31 03:15:00;0.0000
2025-05-31 03:30:00;0.0000
2025-05-31 03:45:00;0.0000
2025-05-31 04:00:00;0.0000
2025-05-31 04:15:00;0.0000
2025-05-31 04:30:00;0.0000
2025-05-31 04:45:00;0.0000
2025-05-31 05:00:00;0.0000
2025-05-31 05:15:00;0.0000
2025-05-31 05:30:00;0.0000
2025-05-31 05:45:00;0.0000
2025-05-31 06:00:00;0.5412
2025-05-31 06:15:00;1.1199
2025-05-31 06:30:00;1.5943
2025-05-31 06:45:00;2.0642
2025-05-31 07:00:00;2.9867
2025-05-31 07:15:00;3.3380
2025-05-31 07:30:00;3.8405
2025-05-31 07:45:00;4.5865
2025-05-31 08:00:00;4.4794
2025-05-31 08:15:00;5.0019
2025-05-31 08:30:00;5.6755
2025-05-31 08:45:00;5.5529
2025-05-31 09:00:00;7.7286
2025-05-31 09:15:00;7.6792
2025-05-31 09:30:00;7.8137
2025-05-31 09:45:00;9.2195
2025-05-31 10:00:00;8.5447
2025-05-31 10:15:00;9.1788
2025-05-31 10:30:00;9.3428
2025-05-31 10:45:00;9.5317
2025-05-31 11:00:00;8.3591
2025-05-31 11:15:00;8.4893
2025-05-31 11:30:00;8.8641
2025-05-31 11:45:00;9.0652
2025-05-31 12:00:00;9.7340
2025-05-31 12:15:00;10.1087
2025-05-31 12:30:00;9.8101
2025-05-31 12:45:00;9.7866
2025-05-31 13:00:00;11.6605
2025-05-31 13:15:00;11.9174
2025-05-31 13:30:00;12.6018
2025-05-31 13:45:00;12.2913
2025-05-31 14:00:00;11.8521
2025-05-31 14:15:00;12.4295
2025-05-31 14:30:00;11.6955
2025-05-31 14:45:00;11.1652
2025-05-31 15:00:00;10.2517
2025-05-31 15:15:00;10.4426
2025-05-31 15:30:00;9.9241
2025-05-31 15:45:00;10.0155
2025-05-31 16:00:00;8.7919
2025-05-31 16:15:00;9.1951
2025-05-31 16:30:00;8.9047
2025-05-31 16:45:00;8.0604
2025-05-31 17:00:00;9.8308
2025-05-31 17:15:00;9.0952
2025-05-31 17:30:00;9.2980
2025-05-31 17:45:00;8.7470
2025-05-31 18:00:00;7.9440
2025-05-31 18:15:00;7.4497
2025-05-31 18:30:00;6.7440
2025-05-31 18:45:00;6.3649
2025-05-31 19:00:00;6.0250
2025-05-31 19:15:00;5.3965
2025-05-31 19:30:00;4.7327
2025-05-31 19:45:00;4.3596
2025-05-31 20:00:00;2.8257
2025-05-31 20:15:00;2.5359
2025-05-31 20:30:00;2.0280
2025-05-31 20:45:00;1.5121
2025-05-31 21:00:00;1.2118
2025-05-31 21:15:00;0.5963
2025-05-31 21:30:00;0.0000
2025-05-31 21:45:00;0.0000
2025-05-31 22:00:00;0.0000
2025-05-31 22:15:00;0.0000
2025-05-31 22:30:00;0.0000
2025-05-31 22:45:00;0.0000
2025-05-31 23:00:00;0.0000
2025-05-31 23:15:00;0.0000
2025-05-31 23:30:00;0.0000
2025-05-31 23:45:00;0.0000
2025-06-01 00:00:00;0.0000
2025-06-01 00:15:00;0.0000
2025-06-01 00:30:00;0.0000
2025-06-01 00:45:00;0.0000
2025-06-01 01:00:00;0.0000
2025-06-01 01:15:00;0.0000
2025-06-01 01:30:00;0.0000
2025-06-01 01:45:00;0.0000
2025-06-01 02:00:00;0.0000
2025-06-01 02:15:00;0.0000
2025-06-01 02:30:00;0.0000
2025-06-01 02:45:00;0.0000
2025-06-01 03:00:00;0.0000
2025-06-01 03:15:00;0.0000
2025-06-01 03:30:00;0.0000
2025-06-01 03:45:00;0.0000
2025-06-01 04:00:00;0.0000
2025-06-01 04:15:00;0.0000
2025-06-01 04:30:00;0.0000
2025-06-01 04:45:00;0.0000
2025-06-01 05:00:00;0.0000
2025-06-01 05:15:00;0.0000
2025-06-01 05:30:00;0.0000
2025-06-01 05:45:00;0.6651
2025-06-01 06:00:00;1.0497
2025-06-01 06:15:00;1.6557
2025-06-01 06:30:00;2.2280
2025-06-01 06:45:00;2.7745
2025-06-01 07:00:00;3.5955
2025-06-01 07:15:00;3.8281
2025-06-01 07:30:00;4.2516
2025-06-01 07:45:00;4.8859
2025-06-01 08:00:00;4.9336
2025-06-01 08:15:00;5.2862
2025-06-01 08:30:00;6.2770
2025-06-01 08:45:00;6.3298
2025-06-01 09:00:00;7.6724
2025-06-01 09:15:00;8.3769
2025-06-01 09:30:00;8.4408
2025-06-01 09:45:00;8.3790
2025-06-01 10:00:00;9.2174
2025-06-01 10:15:00;8.6105
2025-06-01 10:30:00;9.7378
2025-06-01 10:45:00;9.9964
2025-06-01 11:00:00;9.1581
2025-06-01 11:15:00;9.6286
2025-06-01 11:30:00;9.5613
2025-06-01 11:45:00;9.5798
2025-06-01 12:00:00;11.9263
2025-06-01 12:15:00;12.0619
2025-06-01 12:30:00;13.4189
2025-06-01 12:45:00;12.8631
2025-06-01 13:00:00;13.4434
2025-06-01 13:15:00;12.6216
2025-06-01 13:30:00;12.4746
2025-06-01 13:45:00;12.5443
2025-06-01 14:00:00;12.3036
2025-06-01 14:15:00;11.0544
2025-06-01 14:30:00;11.8606
2025-06-01 14:45:00;12.2394
2025-06-01 15:00:00;12.0332
2025-06-01 15:15:00;11.3479
2025-06-01 15:30:00;11.1386
2025-06-01 15:45:00;10.9997
2025-06-01 16:00:00;10.3557
2025-06-01 16:15:00;10.4062
2025-06-01 16:30:00;9.6906
2025-06-01 16:45:00;9.4528
2025-06-01 17:00:00;11.4246
2025-06-01 17:15:00;11.0731
2025-06-01 17:30:00;11.4757
2025-06-01 17:45:00;10.1120
2025-06-01 18:00:00;7.6791
2025-06-01 18:15:00;7.5012
2025-06-01 18:30:00;7.2828
2025-06-01 18:45:00;6.5506
2025-06-01 19:00:00;5.6095
2025-06-01 19:15:00;5.1038
2025-06-01 19:30:00;5.0284
2025-06-01 19:45:00;4.5163
2025-06-01 20:00:00;5.0161
2025-06-01 20:15:00;4.2370
2025-06-01 20:30:00;3.7515
2025-06-01 20:45:00;3.1597
2025-06-01 21:00:00;2.4231
2025-06-01 21:15:00;1.6731
2025-06-01 21:30:00;1.1784
2025-06-01 21:45:00;0.6029
2025-06-01 22:00:00;0.0000
2025-06-01 22:15:00;0.0000
2025-06-01 22:30:00;0.0000
2025-06-01 22:45:00;0.0000
2025-06-01 23:00:00;0.0000
2025-06-01 23:15:00;0.0000
2025-06-01 23:30:00;0.0000
2025-06-01 23:45:00;0.0000
2025-06-02 00:00:00;0.0000
2025-06-02 00:15:00;0.0000
2025-06-02 00:30:00;0.0000
2025-06-02 00:45:00;0.0000
2025-06-02 01:00:00;0.0000
2025-06-02 01:15:00;0.0000
2025-06-02 01:30:00;0.0000
2025-06-02 01:45:00;0.0000
2025-06-02 02:00:00;0.0000
2025-06-02 02:15:00;0.0000
2025-06-02 02:30:00;0.0000
2025-06-02 02:45:00;0.0000
2025-06-02 03:00:00;0.0000
2025-06-02 03:15:00;0.0000
2025-06-02 03:30:00;0.0000
2025-06-02 03:45:00;0.0000
2025-06-02 04:00:00;0.0000
2025-06-02 04:15:00;0.0000
2025-06-02 04:30:00;0.0000
2025-06-02 04:45:00;0.0000
2025-06-02 05:00:00;0.0000
2025-06-02 05:15:00;0.0000
2025-06-02 05:30:00;0.0000
2025-06-02 05:45:00;0.2207
2025-06-02 06:00:00;0.4119
2025-06-02 06:15:00;0.6490
2025-06-02 06:30:00;0.8903
2025-06-02 06:45:00;1.0254
2025-06-02 07:00:00;1.3671
2025-06-02 07:15:00;1.6353
2025-06-02 07:30:00;1.7967
2025-06-02 07:45:00;1.8906
2025-06-02 08:00:00;2.5055
2025-06-02 08:15:00;2.7887
2025-06-02 08:30:00;2.9960
2025-06-02 08:45:00;3.1573
2025-06-02 09:00:00;3.1121
2025-06-02 09:15:00;3.2927
2025-06-02 09:30:00;3.5218
2025-06-02 09:45:00;3.7404
2025-06-02 10:00:00;3.5476
2025-06-02 10:15:00;3.6416
2025-06-02 10:30:00;3.7733
2025-06-02 10:45:00;3.9992
2025-06-02 11:00:00;4.7011
2025-06-02 11:15:00;4.6866
2025-06-02 11:30:00;4.8701
2025-06-02 11:45:00;4.6980
2025-06-02 12:00:00;3.9155
2025-06-02 12:15:00;3.9826
2025-06-02 12:30:00;4.1546
2025-06-02 12:45:00;4.0587
2025-06-02 13:00:00;4.4256
2025-06-02 13:15:00;4.3209
2025-06-02 13:30:00;4.6072
2025-06-02 13:45:00;4.5145
2025-06-02 14:00:00;5.1525
2025-06-02 14:15:00;5.1853
2025-06-02 14:30:00;4.9286
2025-06-02 14:45:00;4.8804
2025-06-02 15:00:00;5.5792
2025-06-02 15:15:00;5.2023
2025-06-02 15:30:00;5.2378
2025-06-02 15:45:00;5.0315
2025-06-02 16:00:00;4.0517
2025-06-02 16:15:00;3.9225
2025-06-02 16:30:00;3.8837
2025-06-02 16:45:00;3.7116
2025-06-02 17:00:00;4.6298
2025-06-02 17:15:00;4.3768
2025-06-02 17:30:00;4.1646
2025-06-02 17:45:00;4.0298
2025-06-02 18:00:00;3.5987
2025-06-02 18:15:00;3.6669
2025-06-02 18:30:00;3.4485
2025-06-02 18:45:00;3.1770
2025-06-02 19:00:00;2.6077
2025-06-02 19:15:00;2.3582
2025-06-02 19:30:00;2.2856
2025-06-02 19:45:00;2.0945
2025-06-02 20:00:00;2.0288
2025-06-02 20:15:00;1.8262
2025-06-02 20:30:00;1.4679
2025-06-02 20:45:00;1.3089
2025-06-02 21:00:00;0.8871
2025-06-02 21:15:00;0.6612
2025-06-02 21:30:00;0.4587
2025-06-02 21:45:00;0.2105
2025-06-02 22:00:00;0.0000
2025-06-02 22:15:00;0.0000
2025-06-02 22:30:00;0.0000
2025-06-02 22:45:00;0.0000
2025-06-02 23:00:00;0.0000
2025-06-02 23:15:00;0.0000
2025-06-02 23:30:00;0.0000
2025-06-02 23:45:00;0.0000
2025-06-03 00:00:00;0.0000
2025-06-03 00:15:00;0.0000
2025-06-03 00:30:00;0.0000
2025-06-03 00:45:00;0.0000
2025-06-03 01:00:00;0.0000
2025-06-03 01:15:00;0.0000
2025-06-03 01:30:00;0.0000
2025-06-03 01:45:00;0.0000
2025-06-03 02:00:00;0.0000
2025-06-03 02:15:00;0.0000
2025-06-03 02:30:00;0.0000
2025-06-03 02:45:00;0.0000
2025-06-03 03:00:00;0.0000
2025-06-03 03:15:00;0.0000
2025-06-03 03:30:00;0.0000
2025-06-03 03:45:00;0.0000
2025-06-03 04:00:00;0.0000
2025-06-03 04:15:00;0.0000
2025-06-03 04:30:00;0.0000
2025-06-03 04:45:00;0.0000
2025-06-03 05:00:00;0.0000
2025-06-03 05:15:00;0.0000
2025-06-03 05:30:00;0.0000
2025-06-03 05:45:00;0.5572
2025-06-03 06:00:00;0.9826
2025-06-03 06:15:00;1.4578
2025-06-03 06:30:00;2.0238
2025-06-03 06:45:00;2.3738
2025-06-03 07:00:00;3.3845
2025-06-03 07:15:00;3.8566
2025-06-03 07:30:00;4.2069
2025-06-03 07:45:00;4.6246
2025-06-03 08:00:00;6.3739
2025-06-03 08:15:00;6.5137
2025-06-03 08:30:00;7.1546
2025-06-03 08:45:00;7.9123
2025-06-03 09:00:00;8.1458
2025-06-03 09:15:00;8.9361
2025-06-03 09:30:00;9.7820
2025-06-03 09:45:00;9.4744
2025-06-03 10:00:00;8.1403
2025-06-03 10:15:00;8.3431
2025-06-03 10:30:00;8.6351
2025-06-03 10:45:00;9.2634
2025-06-03 11:00:00;11.9255
2025-06-03 11:15:00;12.1686
2025-06-03 11:30:00;12.5694
2025-06-03 11:45:00;11.9636
2025-06-03 12:00:00;13.1543
2025-06-03 12:15:00;12.0333
2025-06-03 12:30:00;13.7657
2025-06-03 12:45:00;12.9608
2025-06-03 13:00:00;13.1619
2025-06-03 13:15:00;12.9080
2025-06-03 13:30:00;12.0920
2025-06-03 13:45:00;12.8346
2025-06-03 14:00:00;12.4974
2025-06-03 14:15:00;12.8061
2025-06-03 14:30:00;12.4515
2025-06-03 14:45:00;12.6308
2025-06-03 15:00:00;11.2814
2025-06-03 15:15:00;10.5372
2025-06-03 15:30:00;10.7840
2025-06-03 15:45:00;10.2489
2025-06-03 16:00:00;12.5992
2025-06-03 16:15:00;12.0174
2025-06-03 16:30:00;10.7823
2025-06-03 16:45:00;10.9540
2025-06-03 17:00:00;10.1717
2025-06-03 17:15:00;8.8058
2025-06-03 17:30:00;9.1494
2025-06-03 17:45:00;8.6921
2025-06-03 18:00:00;8.9310
2025-06-03 18:15:00;8.4162
2025-06-03 18:30:00;8.3688
2025-06-03 18:45:00;7.5857
2025-06-03 19:00:00;7.2926
2025-06-03 19:15:00;6.4334
2025-06-03 19:30:00;5.7971
2025-06-03 19:45:00;5.2042
2025-06-03 20:00:00;4.7149
2025-06-03 20:15:00;4.2357
2025-06-03 20:30:00;3.8453
2025-06-03 20:45:00;3.0759
2025-06-03 21:00:00;2.4768
2025-06-03 21:15:00;2.1092
2025-06-03 21:30:00;1.2725
2025-06-03 21:45:00;0.6393
2025-06-03 22:00:00;0.0000
2025-06-03 22:15:00;0.0000
2025-06-03 22:30:00;0.0000
2025-06-03 22:45:00;0.0000
2025-06-03 23:00:00;0.0000
2025-06-03 23:15:00;0.0000
2025-06-03 23:30:00;0.0000
2025-06-03 23:45:00;0.0000
2025-06-04 00:00:00;0.0000
2025-06-04 00:15:00;0.0000
2025-06-04 00:30:00;0.0000
2025-06-04 00:45:00;0.0000
2025-06-04 01:00:00;0.0000
2025-06-04 01:15:00;0.0000
2025-06-04 01:30:00;0.0000
2025-06-04 01:45:00;0.0000
2025-06-04 02:00:00;0.0000
2025-06-04 02:15:00;0.0000
2025-06-04 02:30:00;0.0000
2025-06-04 02:45:00;0.0000
2025-06-04 03:00:00;0.0000
2025-06-04 03:15:00;0.0000
2025-06-04 03:30:00;0.0000
2025-06-04 03:45:00;0.0000
2025-06-04 04:00:00;0.0000
2025-06-04 04:15:00;0.0000
2025-06-04 04:30:00;0.0000
2025-06-04 04:45:00;0.0000
2025-06-04 05:00:00;0.0000
2025-06-04 05:15:00;0.0000
2025-06-04 05:30:00;0.0000
2025-06-04 05:45:00;0.6151
2025-06-04 06:00:00;1.1631
2025-06-04 06:15:00;1.9181
2025-06-04 06:30:00;2.4586
2025-06-04 06:45:00;2.9474
2025-06-04 07:00:00;3.6678
2025-06-04 07:15:00;4.2967
2025-06-04 07:30:00;5.1276
2025-06-04 07:45:00;5.5247
2025-06-04 08:00:00;5.6870
2025-06-04 08:15:00;6.4319
2025-06-04 08:30:00;6.5818
2025-06-04 08:45:00;7.5333
2025-06-04 09:00:00;7.2952
2025-06-04 09:15:00;8.1370
2025-06-04 09:30:00;8.7185
2025-06-04 09:45:00;8.4251
2025-06-04 10:00:00;9.9366
2025-06-04 10:15:00;10.5879
2025-06-04 10:30:00;10.5061
2025-06-04 10:45:00;10.9216
2025-06-04 11:00:00;10.7493
2025-06-04 11:15:00;11.6529
2025-06-04 11:30:00;11.3510
2025-06-04 11:45:00;11.1741
2025-06-04 12:00:00;12.1192
2025-06-04 12:15:00;12.0136
2025-06-04 12:30:00;12.7831
2025-06-04 12:45:00;12.9502
2025-06-04 13:00:00;10.6081
2025-06-04 13:15:00;11.3310
2025-06-04 13:30:00;11.3959
2025-06-04 13:45:00;11.5524
2025-06-04 14:00:00;10.4577
2025-06-04 14:15:00;10.2503
2025-06-04 14:30:00;10.1981
2025-06-04 14:45:00;9.7136
2025-06-04 15:00:00;12.3544
2025-06-04 15:15:00;11.5735
2025-06-04 15:30:00;11.8019
2025-06-04 15:45:00;11.1657
2025-06-04 16:00:00;10.2530
2025-06-04 16:15:00;9.7640
2025-06-04 16:30:00;9.4410
2025-06-04 16:45:00;9.8119
2025-06-04 17:00:00;9.2133
2025-06-04 17:15:00;8.9530
2025-06-04 17:30:00;8.6746
2025-06-04 17:45:00;8.2470
2025-06-04 18:00:00;9.1867
2025-06-04 18:15:00;8.6815
2025-06-04 18:30:00;7.6255
2025-06-04 18:45:00;7.8049
2025-06-04 19:00:00;6.6751
2025-06-04 19:15:00;5.9140
2025-06-04 19:30:00;5.6183
2025-06-04 19:45:00;5.0304
2025-06-04 20:00:00;4.8505
2025-06-04 20:15:00;4.2534
2025-06-04 20:30:00;3.7473
2025-06-04 20:45:00;3.1144
2025-06-04 21:00:00;2.4446
2025-06-04 21:15:00;1.7892
2025-06-04 21:30:00;1.1414
2025-06-04 21:45:00;0.6209
2025-06-04 22:00:00;0.0000
2025-06-04 22:15:00;0.0000
2025-06-04 22:30:00;0.0000
2025-06-04 22:45:00;0.0000
2025-06-04 23:00:00;0.0000
2025-06-04 23:15:00;0.0000
2025-06-04 23:30:00;0.0000
2025-06-04 23:45:00;0.0000
2025-06-05 00:00:00;0.0000
2025-06-05 00:15:00;0.0000
2025-06-05 00:30:00;0.0000
2025-06-05 00:45:00;0.0000
2025-06-05 01:00:00;0.0000
2025-06-05 01:15:00;0.0000
2025-06-05 01:30:00;0.0000
2025-06-05 01:45:00;0.0000
2025-06-05 02:00:00;0.0000
2025-06-05 02:15:00;0.0000
2025-06-05 02:30:00;0.0000
2025-06-05 02:45:00;0.0000
2025-06-05 03:00:00;0.0000
2025-06-05 03:15:00;0.0000
2025-06-05 03:30:00;0.0000
2025-06-05 03:45:00;0.0000
2025-06-05 04:00:00;0.0000
2025-06-05 04:15:00;0.0000
2025-06-05 04:30:00;0.0000
2025-06-05 04:45:00;0.0000
2025-06-05 05:00:00;0.0000
2025-06-05 05:15:00;0.0000
2025-06-05 05:30:00;0.0000
2025-06-05 05:45:00;1.9834
2025-06-05 06:00:00;4.4550
2025-06-05 06:15:00;6.9250
2025-06-05 06:30:00;8.5379
2025-06-05 06:45:00;11.2073
2025-06-05 07:00:00;14.7806
2025-06-05 07:15:00;17.1787
2025-06-05 07:30:00;20.6458
2025-06-05 07:45:00;21.7909
2025-06-05 08:00:00;22.2499
2025-06-05 08:15:00;24.4885
2025-06-05 08:30:00;26.2322
2025-06-05 08:45:00;27.6047
2025-06-05 09:00:00;31.0394
2025-06-05 09:15:00;33.5243
2025-06-05 09:30:00;33.2787
2025-06-05 09:45:00;34.6717
2025-06-05 10:00:00;37.0736
2025-06-05 10:15:00;36.9519
2025-06-05 10:30:00;36.2613
2025-06-05 10:45:00;37.1564
2025-06-05 11:00:00;37.1778
2025-06-05 11:15:00;37.1871
2025-06-05 11:30:00;37.1103
2025-06-05 11:45:00;37.1574
2025-06-05 12:00:00;37.1047
2025-06-05 12:15:00;37.1074
2025-06-05 12:30:00;37.1857
2025-06-05 12:45:00;37.2198
2025-06-05 13:00:00;37.0789
2025-06-05 13:15:00;37.1617
2025-06-05 13:30:00;37.1295
2025-06-05 13:45:00;37.1631
2025-06-05 14:00:00;37.1302
2025-06-05 14:15:00;37.1904
2025-06-05 14:30:00;37.1510
2025-06-05 14:45:00;37.1412
2025-06-05 15:00:00;37.1734
2025-06-05 15:15:00;37.1629
2025-06-05 15:30:00;37.1790
2025-06-05 15:45:00;37.1481
2025-06-05 16:00:00;37.1456
2025-06-05 16:15:00;37.1404
2025-06-05 16:30:00;37.1731
2025-06-05 16:45:00;37.2131
2025-06-05 17:00:00;37.1425
2025-06-05 17:15:00;37.1377
2025-06-05 17:30:00;37.2253
2025-06-05 17:45:00;37.1234
2025-06-05 18:00:00;35.9276
2025-06-05 18:15:00;34.4838
2025-06-05 18:30:00;34.4552
2025-06-05 18:45:00;30.4292
2025-06-05 19:00:00;27.1161
2025-06-05 19:15:00;25.8709
2025-06-05 19:30:00;23.3378
2025-06-05 19:45:00;21.5559
2025-06-05 20:00:00;21.8060
2025-06-05 20:15:00;19.6204
2025-06-05 20:30:00;16.3804
2025-06-05 20:45:00;14.2281
2025-06-05 21:00:00;8.2880
2025-06-05 21:15:00;5.9308
2025-06-05 21:30:00;4.1668
2025-06-05 21:45:00;2.0462
2025-06-05 22:00:00;0.0000
2025-06-05 22:15:00;0.0000
2025-06-05 22:30:00;0.0000
2025-06-05 22:45:00;0.0000
2025-06-05 23:00:00;0.0000
2025-06-05 23:15:00;0.0000
2025-06-05 23:30:00;0.0000
2025-06-05 23:45:00;0.0000
2025-06-06 00:00:00;0.0000
2025-06-06 00:15:00;0.0000
2025-06-06 00:30:00;0.0000
2025-06-06 00:45:00;0.0000
2025-06-06 01:00:00;0.0000
2025-06-06 01:15:00;0.0000
2025-06-06 01:30:00;0.0000
2025-06-06 01:45:00;0.0000
2025-06-06 02:00:00;0.0000
2025-06-06 02:15:00;0.0000
2025-06-06 02:30:00;0.0000
2025-06-06 02:45:00;0.0000
2025-06-06 03:00:00;0.0000
2025-06-06 03:15:00;0.0000
2025-06-06 03:30:00;0.0000
2025-06-06 03:45:00;0.0000
2025-06-06 04:00:00;0.0000
2025-06-06 04:15:00;0.0000
2025-06-06 04:30:00;0.0000
2025-06-06 04:45:00;0.0000
2025-06-06 05:00:00;0.0000
2025-06-06 05:15:00;0.0000
2025-06-06 05:30:00;0.0000
2025-06-06 05:45:00;0.2610
2025-06-06 06:00:00;0.5114
2025-06-06 06:15:00;0.7303
2025-06-06 06:30:00;1.0103
2025-06-06 06:45:00;1.2387
2025-06-06 07:00:00;1.2931
2025-06-06 07:15:00;1.3845
2025-06-06 07:30:00;1.4643
2025-06-06 07:45:00;1.7268
2025-06-06 08:00:00;2.0334
2025-06-06 08:15:00;2.2281
2025-06-06 08:30:00;2.4833
2025-06-06 08:45:00;2.5950
2025-06-06 09:00:00;2.9897
2025-06-06 09:15:00;3.0532
2025-06-06 09:30:00;3.0584
2025-06-06 09:45:00;3.4500
2025-06-06 10:00:00;3.8392
2025-06-06 10:15:00;3.7938
2025-06-06 10:30:00;4.0858
2025-06-06 10:45:00;4.2586
2025-06-06 11:00:00;3.8556
2025-06-06 11:15:00;3.9257
2025-06-06 11:30:00;4.0107
2025-06-06 11:45:00;4.0436
2025-06-06 12:00:00;5.1307
2025-06-06 12:15:00;5.2731
2025-06-06 12:30:00;5.3049
2025-06-06 12:45:00;5.3013
2025-06-06 13:00:00;4.7585
2025-06-06 13:15:00;4.7235
2025-06-06 13:30:00;4.5688
2025-06-06 13:45:00;4.8528
2025-06-06 14:00:00;4.7545
2025-06-06 14:15:00;4.4231
2025-06-06 14:30:00;4.6657
2025-06-06 14:45:00;4.5789
2025-06-06 15:00:00;4.8942
2025-06-06 15:15:00;5.0278
2025-06-06 15:30:00;4.6724
2025-06-06 15:45:00;4.5520
2025-06-06 16:00:00;5.1549
2025-06-06 16:15:00;4.7321
2025-06-06 16:30:00;4.5841
2025-06-06 16:45:00;4.6121
2025-06-06 17:00:00;4.4452
2025-06-06 17:15:00;4.2190
2025-06-06 17:30:00;4.0270
2025-06-06 17:45:00;3.7625
2025-06-06 18:00:00;3.3579
2025-06-06 18:15:00;3.2253
2025-06-06 18:30:00;3.2030
2025-06-06 18:45:00;2.8135
2025-06-06 19:00:00;2.4519
2025-06-06 19:15:00;2.3303
2025-06-06 19:30:00;2.1292
2025-06-06 19:45:00;1.8674
2025-06-06 20:00:00;1.9683
2025-06-06 20:15:00;1.7704
2025-06-06 20:30:00;1.4731
2025-06-06 20:45:00;1.2821
2025-06-06 21:00:00;1.0450
2025-06-06 21:15:00;0.8202
2025-06-06 21:30:00;0.5208
2025-06-06 21:45:00;0.2664
2025-06-06 22:00:00;0.0000
2025-06-06 22:15:00;0.0000
2025-06-06 22:30:00;0.0000
2025-06-06 22:45:00;0.0000
2025-06-06 23:00:00;0.0000
2025-06-06 23:15:00;0.0000
2025-06-06 23:30:00;0.0000
2025-06-06 23:45:00;0.0000
2025-06-07 00:00:00;0.0000
2025-06-07 00:15:00;0.0000
2025-06-07 00:30:00;0.0000
2025-06-07 00:45:00;0.0000
2025-06-07 01:00:00;0.0000
2025-06-07 01:15:00;0.0000
2025-06-07 01:30:00;0.0000
2025-06-07 01:45:00;0.0000
2025-06-07 02:00:00;0.0000
2025-06-07 02:15:00;0.0000
2025-06-07 02:30:00;0.0000
2025-06-07 02:45:00;0.0000
2025-06-07 03:00:00;0.0000
2025-06-07 03:15:00;0.0000
2025-06-07 03:30:00;0.0000
2025-06-07 03:45:00;0.0000
2025-06-07 04:00:00;0.0000
2025-06-07 04:15:00;0.0000
2025-06-07 04:30:00;0.0000
2025-06-07 04:45:00;0.0000
2025-06-07 05:00:00;0.0000
2025-06-07 05:15:00;0.0000
2025-06-07 05:30:00;0.0000
2025-06-07 05:45:00;0.5703
2025-06-07 06:00:00;1.2868
2025-06-07 06:15:00;1.9097
2025-06-07 06:30:00;2.5044
2025-06-07 06:45:00;3.3962
2025-06-07 07:00:00;3.7295
2025-06-07 07:15:00;4.6296
2025-06-07 07:30:00;5.3761
2025-06-07 07:45:00;5.5855
2025-06-07 08:00:00;5.7038
2025-06-07 08:15:00;5.8858
2025-06-07 08:30:00;6.4788
2025-06-07 08:45:00;7.5860
2025-06-07 09:00:00;8.0245
2025-06-07 09:15:00;8.4604
2025-06-07 09:30:00;8.6142
2025-06-07 09:45:00;8.9327
2025-06-07 10:00:00;9.0440
2025-06-07 10:15:00;9.3457
2025-06-07 10:30:00;10.4348
2025-06-07 10:45:00;10.2475
2025-06-07 11:00:00;11.3421
2025-06-07 11:15:00;11.9080
2025-06-07 11:30:00;12.3320
2025-06-07 11:45:00;12.6876
2025-06-07 12:00:00;11.1558
2025-06-07 12:15:00;11.3484
2025-06-07 12:30:00;11.7171
2025-06-07 12:45:00;11.8504
2025-06-07 13:00:00;12.1257
2025-06-07 13:15:00;12.1406
2025-06-07 13:30:00;12.2647
2025-06-07 13:45:00;11.8357
2025-06-07 14:00:00;11.8354
2025-06-07 14:15:00;11.7956
2025-06-07 14:30:00;11.2835
2025-06-07 14:45:00;11.6402
2025-06-07 15:00:00;12.6215
2025-06-07 15:15:00;12.8583
2025-06-07 15:30:00;12.1245
2025-06-07 15:45:00;11.9841
2025-06-07 16:00:00;11.9554
2025-06-07 16:15:00;11.9397
2025-06-07 16:30:00;11.8349
2025-06-07 16:45:00;11.6361
2025-06-07 17:00:00;11.5761
2025-06-07 17:15:00;10.7406
2025-06-07 17:30:00;10.3351
2025-06-07 17:45:00;9.9813
2025-06-07 18:00:00;8.5647
2025-06-07 18:15:00;8.2019
2025-06-07 18:30:00;7.9043
2025-06-07 18:45:00;7.0920
2025-06-07 19:00:00;6.6669
2025-06-07 19:15:00;6.0754
2025-06-07 19:30:00;5.5460
2025-06-07 19:45:00;5.0924
2025-06-07 20:00:00;4.7982
2025-06-07 20:15:00;4.1447
2025-06-07 20:30:00;3.4859
2025-06-07 20:45:00;3.0451
2025-06-07 21:00:00;2.4316
2025-06-07 21:15:00;1.8513
2025-06-07 21:30:00;1.2318
2025-06-07 21:45:00;0.6040
2025-06-07 22:00:00;0.0000
2025-06-07 22:15:00;0.0000
2025-06-07 22:30:00;0.0000
2025-06-07 22:45:00;0.0000
2025-06-07 23:00:00;0.0000
2025-06-07 23:15:00;0.0000
2025-06-07 23:30:00;0.0000
2025-06-07 23:45:00;0.0000
2025-06-08 00:00:00;0.0000
2025-06-08 00:15:00;0.0000
2025-06-08 00:30:00;0.0000
2025-06-08 00:45:00;0.0000
2025-06-08 01:00:00;0.0000
2025-06-08 01:15:00;0.0000
2025-06-08 01:30:00;0.0000
2025-06-08 01:45:00;0.0000
2025-06-08 02:00:00;0.0000
2025-06-08 02:15:00;0.0000
2025-06-08 02:30:00;0.0000
2025-06-08 02:45:00;0.0000
2025-06-08 03:00:00;0.0000
2025-06-08 03:15:00;0.0000
2025-06-08 03:30:00;0.0000
2025-06-08 03:45:00;0.0000
2025-06-08 04:00:00;0.0000
2025-06-08 04:15:00;0.0000
2025-06-08 04:30:00;0.0000
2025-06-08 04:45:00;0.0000
2025-06-08 05:00:00;0.0000
2025-06-08 05:15:00;0.0000
2025-06-08 05:30:00;0.0000
2025-06-08 05:45:00;2.5311
2025-06-08 06:00:00;5.2861
2025-06-08 06:15:00;8.0543
2025-06-08 06:30:00;10.5678
2025-06-08 06:45:00;12.7107
2025-06-08 07:00:00;11.8343
2025-06-08 07:15:00;13.9406
2025-06-08 07:30:00;16.0597
2025-06-08 07:45:00;18.7496
2025-06-08 08:00:00;21.0997
2025-06-08 08:15:00;22.3581
2025-06-08 08:30:00;23.1779
2025-06-08 08:45:00;26.2195
2025-06-08 09:00:00;26.2085
2025-06-08 09:15:00;26.9836
2025-06-08 09:30:00;28.6224
2025-06-08 09:45:00;31.0825
2025-06-08 10:00:00;37.1703
2025-06-08 10:15:00;37.1716
2025-06-08 10:30:00;37.1839
2025-06-08 10:45:00;37.1669
2025-06-08 11:00:00;37.2027
2025-06-08 11:15:00;37.1895
2025-06-08 11:30:00;37.1022
2025-06-08 11:45:00;37.1663
2025-06-08 12:00:00;37.0887
2025-06-08 12:15:00;37.2346
2025-06-08 12:30:00;37.1692
2025-06-08 12:45:00;37.0958
2025-06-08 13:00:00;37.1712
2025-06-08 13:15:00;37.1702
2025-06-08 13:30:00;37.1874
2025-06-08 13:45:00;37.1845
2025-06-08 14:00:00;37.2012
2025-06-08 14:15:00;37.1820
2025-06-08 14:30:00;37.1926
2025-06-08 14:45:00;37.1610
2025-06-08 15:00:00;37.1552
2025-06-08 15:15:00;37.1431
2025-06-08 15:30:00;37.1848
2025-06-08 15:45:00;37.1563
2025-06-08 16:00:00;37.0974
2025-06-08 16:15:00;37.1203
2025-06-08 16:30:00;37.1631
2025-06-08 16:45:00;37.1619
2025-06-08 17:00:00;37.1661
2025-06-08 17:15:00;37.1873
2025-06-08 17:30:00;35.9578
2025-06-08 17:45:00;35.5135
2025-06-08 18:00:00;29.8194
2025-06-08 18:15:00;29.7106
2025-06-08 18:30:00;26.8652
2025-06-08 18:45:00;26.2204
2025-06-08 19:00:00;23.9171
2025-06-08 19:15:00;22.2693
2025-06-08 19:30:00;21.2356
2025-06-08 19:45:00;18.6327
2025-06-08 20:00:00;18.7525
2025-06-08 20:15:00;16.4146
2025-06-08 20:30:00;13.8740
2025-06-08 20:45:00;12.5235
2025-06-08 21:00:00;9.0884
2025-06-08 21:15:00;7.1673
2025-06-08 21:30:00;4.5688
2025-06-08 21:45:00;2.3706
2025-06-08 22:00:00;0.0000
2025-06-08 22:15:00;0.0000
2025-06-08 22:30:00;0.0000
2025-06-08 22:45:00;0.0000
2025-06-08 23:00:00;0.0000
2025-06-08 23:15:00;0.0000
2025-06-08 23:30:00;0.0000
2025-06-08 23:45:00;0.0000
2025-06-09 00:00:00;0.0000
2025-06-09 00:15:00;0.0000
2025-06-09 00:30:00;0.0000
2025-06-09 00:45:00;0.0000
2025-06-09 01:00:00;0.0000
2025-06-09 01:15:00;0.0000
2025-06-09 01:30:00;0.0000
2025-06-09 01:45:00;0.0000
2025-06-09 02:00:00;0.0000
2025-06-09 02:15:00;0.0000
2025-06-09 02:30:00;0.0000
2025-06-09 02:45:00;0.0000
2025-06-09 03:00:00;0.0000
2025-06-09 03:15:00;0.0000
2025-06-09 03:30:00;0.0000
2025-06-09 03:45:00;0.0000
2025-06-09 04:00:00;0.0000
2025-06-09 04:15:00;0.0000
2025-06-09 04:30:00;0.0000
2025-06-09 04:45:00;0.0000
2025-06-09 05:00:00;0.0000
2025-06-09 05:15:00;0.0000
2025-06-09 05:30:00;0.0000
2025-06-09 05:45:00;0.5710
2025-06-09 06:00:00;1.3339
2025-06-09 06:15:00;1.8682
2025-06-09 06:30:00;2.7324
2025-06-09 06:45:00;3.3128
2025-06-09 07:00:00;3.2373
2025-06-09 07:15:00;3.8949
2025-06-09 07:30:00;4.1745
2025-06-09 07:45:00;4.6571
2025-06-09 08:00:00;4.6072
2025-06-09 08:15:00;5.1651
2025-06-09 08:30:00;5.3665
2025-06-09 08:45:00;6.0138
2025-06-09 09:00:00;7.1562
2025-06-09 09:15:00;7.7065
2025-06-09 09:30:00;7.7547
2025-06-09 09:45:00;8.2570
2025-06-09 10:00:00;10.4187
2025-06-09 10:15:00;10.7079
2025-06-09 10:30:00;11.4640
2025-06-09 10:45:00;11.9700
2025-06-09 11:00:00;11.8094
2025-06-09 11:15:00;12.0151
2025-06-09 11:30:00;12.7752
2025-06-09 11:45:00;12.8259
2025-06-09 12:00:00;11.8523
2025-06-09 12:15:00;12.3582
2025-06-09 12:30:00;13.1411
2025-06-09 12:45:00;12.6032
2025-06-09 13:00:00;10.7689
2025-06-09 13:15:00;10.2744
2025-06-09 13:30:00;11.0853
2025-06-09 13:45:00;11.0411
2025-06-09 14:00:00;12.8493
2025-06-09 14:15:00;11.4927
2025-06-09 14:30:00;12.2968
2025-06-09 14:45:00;12.2526
2025-06-09 15:00:00;11.5304
2025-06-09 15:15:00;10.7223
2025-06-09 15:30:00;10.3153
2025-06-09 15:45:00;10.8805
2025-06-09 16:00:00;10.4763
2025-06-09 16:15:00;9.3477
2025-06-09 16:30:00;9.5315
2025-06-09 16:45:00;9.4629
2025-06-09 17:00:00;9.8735
2025-06-09 17:15:00;9.5120
2025-06-09 17:30:00;8.8596
2025-06-09 17:45:00;8.5233
2025-06-09 18:00:00;7.8414
2025-06-09 18:15:00;7.3641
2025-06-09 18:30:00;7.2481
2025-06-09 18:45:00;6.5201
2025-06-09 19:00:00;6.8158
2025-06-09 19:15:00;6.3615
2025-06-09 19:30:00;5.6617
2025-06-09 19:45:00;5.3763
2025-06-09 20:00:00;4.1419
2025-06-09 20:15:00;3.4842
2025-06-09 20:30:00;3.0942
2025-06-09 20:45:00;2.6500
2025-06-09 21:00:00;1.7146
2025-06-09 21:15:00;1.2591
2025-06-09 21:30:00;0.8502
2025-06-09 21:45:00;0.4116
2025-06-09 22:00:00;0.0000
2025-06-09 22:15:00;0.0000
2025-06-09 22:30:00;0.0000
2025-06-09 22:45:00;0.0000
2025-06-09 23:00:00;0.0000
2025-06-09 23:15:00;0.0000
2025-06-09 23:30:00;0.0000
2025-06-09 23:45:00;0.0000
2025-06-10 00:00:00;0.0000
2025-06-10 00:15:00;0.0000
2025-06-10 00:30:00;0.0000
2025-06-10 00:45:00;0.0000
2025-06-10 01:00:00;0.0000
2025-06-10 01:15:00;0.0000
2025-06-10 01:30:00;0.0000
2025-06-10 01:45:00;0.0000
2025-06-10 02:00:00;0.0000
2025-06-10 02:15:00;0.0000
2025-06-10 02:30:00;0.0000
2025-06-10 02:45:00;0.0000
2025-06-10 03:00:00;0.0000
2025-06-10 03:15:00;0.0000
2025-06-10 03:30:00;0.0000
2025-06-10 03:45:00;0.0000
2025-06-10 04:00:00;0.0000
2025-06-10 04:15:00;0.0000
2025-06-10 04:30:00;0.0000
2025-06-10 04:45:00;0.0000
2025-06-10 05:00:00;0.0000
2025-06-10 05:15:00;0.0000
2025-06-10 05:30:00;0.0000
2025-06-10 05:45:00;1.4177
2025-06-10 06:00:00;1.4606
2025-06-10 06:15:00;1.9370
2025-06-10 06:30:00;2.7731
2025-06-10 06:45:00;3.2349
2025-06-10 07:00:00;9.5945
2025-06-10 07:15:00;11.2611
2025-06-10 07:30:00;13.2316
2025-06-10 07:45:00;15.2591
2025-06-10 08:00:00;8.8945
2025-06-10 08:15:00;9.4925
2025-06-10 08:30:00;10.4759
2025-06-10 08:45:00;10.9654
2025-06-10 09:00:00;20.4926
2025-06-10 09:15:00;22.5462
2025-06-10 09:30:00;23.2047
2025-06-10 09:45:00;25.2901
2025-06-10 10:00:00;32.3253
2025-06-10 10:15:00;33.4133
2025-06-10 10:30:00;35.2565
2025-06-10 10:45:00;35.6990
2025-06-10 11:00:00;25.0910
2025-06-10 11:15:00;24.0650
2025-06-10 11:30:00;24.9803
2025-06-10 11:45:00;26.5437
2025-06-10 12:00:00;25.6435
2025-06-10 12:15:00;24.4644
2025-06-10 12:30:00;25.9298
2025-06-10 12:45:00;25.6227
2025-06-10 13:00:00;25.9552
2025-06-10 13:15:00;25.3770
2025-06-10 13:30:00;27.4349
2025-06-10 13:45:00;26.5437
2025-06-10 14:00:00;30.1546
2025-06-10 14:15:00;30.4826
2025-06-10 14:30:00;29.9735
2025-06-10 14:45:00;28.6311
2025-06-10 15:00:00;27.2692
2025-06-10 15:15:00;28.1907
2025-06-10 15:30:00;28.1016
2025-06-10 15:45:00;27.6456
2025-06-10 16:00:00;31.0665
2025-06-10 16:15:00;30.7717
2025-06-10 16:30:00;30.4971
2025-06-10 16:45:00;29.0563
2025-06-10 17:00:00;30.9520
2025-06-10 17:15:00;30.6885
2025-06-10 17:30:00;28.6052
2025-06-10 17:45:00;26.1699
2025-06-10 18:00:00;26.1877
2025-06-10 18:15:00;25.5760
2025-06-10 18:30:00;22.2661
2025-06-10 18:45:00;22.0264
2025-06-10 19:00:00;16.6657
2025-06-10 19:15:00;14.8196
2025-06-10 19:30:00;13.9254
2025-06-10 19:45:00;13.3699
2025-06-10 20:00:00;11.3831
2025-06-10 20:15:00;9.5419
2025-06-10 20:30:00;8.4555
2025-06-10 20:45:00;7.1006
2025-06-10 21:00:00;6.7297
2025-06-10 21:15:00;4.9809
2025-06-10 21:30:00;3.1715
2025-06-10 21:45:00;1.7052
2025-06-10 22:00:00;0.0000
2025-06-10 22:15:00;0.0000
2025-06-10 22:30:00;0.0000
2025-06-10 22:45:00;0.0000
2025-06-10 23:00:00;0.0000
2025-06-10 23:15:00;0.0000
2025-06-10 23:30:00;0.0000
2025-06-10 23:45:00;0.0000
2025-06-11 00:00:00;0.0000
2025-06-11 00:15:00;0.0000
2025-06-11 00:30:00;0.0000
2025-06-11 00:45:00;0.0000
2025-06-11 01:00:00;0.0000
2025-06-11 01:15:00;0.0000
2025-06-11 01:30:00;0.0000
2025-06-11 01:45:00;0.0000
2025-06-11 02:00:00;0.0000
2025-06-11 02:15:00;0.0000
2025-06-11 02:30:00;0.0000
2025-06-11 02:45:00;0.0000
2025-06-11 03:00:00;0.0000
2025-06-11 03:15:00;0.0000
2025-06-11 03:30:00;0.0000
2025-06-11 03:45:00;0.0000
2025-06-11 04:00:00;0.0000
2025-06-11 04:15:00;0.0000
2025-06-11 04:30:00;0.0000
2025-06-11 04:45:00;0.0000
2025-06-11 05:00:00;0.0000
2025-06-11 05:15:00;0.0000
2025-06-11 05:30:00;0.0000
2025-06-11 05:45:00;2.4454
2025-06-11 06:00:00;5.2345
2025-06-11 06:15:00;7.3796
2025-06-11 06:30:00;10.3142
2025-06-11 06:45:00;12.3789
2025-06-11 07:00:00;14.4861
2025-06-11 07:15:00;16.4395
2025-06-11 07:30:00;19.9727
2025-06-11 07:45:00;21.2366
2025-06-11 08:00:00;20.6111
2025-06-11 08:15:00;23.2613
2025-06-11 08:30:00;24.0404
2025-06-11 08:45:00;25.3368
2025-06-11 09:00:00;29.9391
2025-06-11 09:15:00;33.4286
2025-06-11 09:30:00;34.9798
2025-06-11 09:45:00;35.3774
2025-06-11 10:00:00;37.0642
2025-06-11 10:15:00;37.1626
2025-06-11 10:30:00;37.1489
2025-06-11 10:45:00;37.1553
2025-06-11 11:00:00;37.1109
2025-06-11 11:15:00;37.1415
2025-06-11 11:30:00;37.1636
2025-06-11 11:45:00;37.1513
2025-06-11 12:00:00;37.1718
2025-06-11 12:15:00;37.1739
2025-06-11 12:30:00;37.0891
2025-06-11 12:45:00;37.1720
2025-06-11 13:00:00;37.1139
2025-06-11 13:15:00;37.1244
2025-06-11 13:30:00;37.1386
2025-06-11 13:45:00;37.1095
2025-06-11 14:00:00;37.1913
2025-06-11 14:15:00;37.0844
2025-06-11 14:30:00;37.1386
2025-06-11 14:45:00;37.1563
2025-06-11 15:00:00;37.1671
2025-06-11 15:15:00;37.1794
2025-06-11 15:30:00;37.1540
2025-06-11 15:45:00;37.1345
2025-06-11 16:00:00;37.1417
2025-06-11 16:15:00;37.1964
2025-06-11 16:30:00;37.1738
2025-06-11 16:45:00;37.1988
2025-06-11 17:00:00;37.1562
2025-06-11 17:15:00;37.1419
2025-06-11 17:30:00;36.5618
2025-06-11 17:45:00;34.8747
2025-06-11 18:00:00;31.0848
2025-06-11 18:15:00;27.6248
2025-06-11 18:30:00;26.1843
2025-06-11 18:45:00;24.5474
2025-06-11 19:00:00;26.1507
2025-06-11 19:15:00;25.4334
2025-06-11 19:30:00;22.5498
2025-06-11 19:45:00;21.5062
2025-06-11 20:00:00;16.4875
2025-06-11 20:15:00;14.8949
2025-06-11 20:30:00;12.2956
2025-06-11 20:45:00;11.1920
2025-06-11 21:00:00;10.9174
2025-06-11 21:15:00;7.9902
2025-06-11 21:30:00;5.4537
2025-06-11 21:45:00;2.6948
2025-06-11 22:00:00;0.0000
2025-06-11 22:15:00;0.0000
2025-06-11 22:30:00;0.0000
2025-06-11 22:45:00;0.0000
2025-06-11 23:00:00;0.0000
2025-06-11 23:15:00;0.0000
2025-06-11 23:30:00;0.0000
2025-06-11 23:45:00;0.0000
2025-06-12 00:00:00;0.0000
2025-06-12 00:15:00;0.0000
2025-06-12 00:30:00;0.0000
2025-06-12 00:45:00;0.0000
2025-06-12 01:00:00;0.0000
2025-06-12 01:15:00;0.0000
2025-06-12 01:30:00;0.0000
2025-06-12 01:45:00;0.0000
2025-06-12 02:00:00;0.0000
2025-06-12 02:15:00;0.0000
2025-06-12 02:30:00;0.0000
2025-06-12 02:45:00;0.0000
2025-06-12 03:00:00;0.0000
2025-06-12 03:15:00;0.0000
2025-06-12 03:30:00;0.0000
2025-06-12 03:45:00;0.0000
2025-06-12 04:00:00;0.0000
2025-06-12 04:15:00;0.0000
2025-06-12 04:30:00;0.0000
2025-06-12 04:45:00;0.0000
2025-06-12 05:00:00;0.0000
2025-06-12 05:15:00;0.0000
2025-06-12 05:30:00;0.0000
2025-06-12 05:45:00;2.3993
2025-06-12 06:00:00;5.5875
2025-06-12 06:15:00;8.1110
2025-06-12 06:30:00;10.6267
2025-06-12 06:45:00;12.8046
2025-06-12 07:00:00;11.0888
2025-06-12 07:15:00;13.0212
2025-06-12 07:30:00;13.8321
2025-06-12 07:45:00;16.3147
2025-06-12 08:00:00;21.9856
2025-06-12 08:15:00;23.2428
2025-06-12 08:30:00;25.2988
2025-06-12 08:45:00;27.2681
2025-06-12 09:00:00;35.7003
2025-06-12 09:15:00;37.1362
2025-06-12 09:30:00;37.2040
2025-06-12 09:45:00;37.1757
2025-06-12 10:00:00;37.1465
2025-06-12 10:15:00;37.1746
2025-06-12 10:30:00;37.2155
2025-06-12 10:45:00;37.1783
2025-06-12 11:00:00;37.1533
2025-06-12 11:15:00;37.2110
2025-06-12 11:30:00;37.1550
2025-06-12 11:45:00;37.1610
2025-06-12 12:00:00;37.1397
2025-06-12 12:15:00;37.1113
2025-06-12 12:30:00;37.1316
2025-06-12 12:45:00;37.1579
2025-06-12 13:00:00;37.1225
2025-06-12 13:15:00;37.1456
2025-06-12 13:30:00;37.1732
2025-06-12 13:45:00;37.1068
2025-06-12 14:00:00;37.0924
2025-06-12 14:15:00;37.1657
2025-06-12 14:30:00;37.1870
2025-06-12 14:45:00;37.1500
2025-06-12 15:00:00;37.1468
2025-06-12 15:15:00;37.1768
2025-06-12 15:30:00;37.1005
2025-06-12 15:45:00;37.1351
2025-06-12 16:00:00;37.0954
2025-06-12 16:15:00;37.1655
2025-06-12 16:30:00;37.1940
2025-06-12 16:45:00;37.1662
2025-06-12 17:00:00;37.1683
2025-06-12 17:15:00;37.1280
2025-06-12 17:30:00;37.0706
2025-06-12 17:45:00;37.0754
2025-06-12 18:00:00;30.8299
2025-06-12 18:15:00;30.5496
2025-06-12 18:30:00;27.1519
2025-06-12 18:45:00;26.3965
2025-06-12 19:00:00;28.3653
2025-06-12 19:15:00;23.9357
2025-06-12 19:30:00;24.6472
2025-06-12 19:45:00;20.8637
2025-06-12 20:00:00;20.4503
2025-06-12 20:15:00;18.1804
2025-06-12 20:30:00;15.6110
2025-06-12 20:45:00;13.6473
2025-06-12 21:00:00;8.8270
2025-06-12 21:15:00;6.6535
2025-06-12 21:30:00;4.4508
2025-06-12 21:45:00;2.2331
2025-06-12 22:00:00;0.0000
2025-06-12 22:15:00;0.0000
2025-06-12 22:30:00;0.0000
2025-06-12 22:45:00;0.0000
2025-06-12 23:00:00;0.0000
2025-06-12 23:15:00;0.0000
2025-06-12 23:30:00;0.0000
2025-06-12 23:45:00;0.0000
2025-06-13 00:00:00;0.0000
2025-06-13 00:15:00;0.0000
2025-06-13 00:30:00;0.0000
2025-06-13 00:45:00;0.0000
2025-06-13 01:00:00;0.0000
2025-06-13 01:15:00;0.0000
2025-06-13 01:30:00;0.0000
2025-06-13 01:45:00;0.0000
2025-06-13 02:00:00;0.0000
2025-06-13 02:15:00;0.0000
2025-06-13 02:30:00;0.0000
2025-06-13 02:45:00;0.0000
2025-06-13 03:00:00;0.0000
2025-06-13 03:15:00;0.0000
2025-06-13 03:30:00;0.0000
2025-06-13 03:45:00;0.0000
2025-06-13 04:00:00;0.0000
2025-06-13 04:15:00;0.0000
2025-06-13 04:30:00;0.0000
2025-06-13 04:45:00;0.0000
2025-06-13 05:00:00;0.0000
2025-06-13 05:15:00;0.0000
2025-06-13 05:30:00;0.0000
2025-06-13 05:45:00;0.8271
2025-06-13 06:00:00;3.4396
2025-06-13 06:15:00;4.6205
2025-06-13 06:30:00;7.0590
2025-06-13 06:45:00;8.3622
2025-06-13 07:00:00;8.3990
2025-06-13 07:15:00;9.8581
2025-06-13 07:30:00;11.0467
2025-06-13 07:45:00;12.4791
2025-06-13 08:00:00;10.0621
2025-06-13 08:15:00;11.8426
2025-06-13 08:30:00;12.6795
2025-06-13 08:45:00;13.5694
2025-06-13 09:00:00;12.8931
2025-06-13 09:15:00;13.2193
2025-06-13 09:30:00;13.8570
2025-06-13 09:45:00;15.2976
2025-06-13 10:00:00;29.7862
2025-06-13 10:15:00;31.0195
2025-06-13 10:30:00;31.0316
2025-06-13 10:45:00;33.7386
2025-06-13 11:00:00;31.5118
2025-06-13 11:15:00;30.8686
2025-06-13 11:30:00;30.1667
2025-06-13 11:45:00;31.4481
2025-06-13 12:00:00;28.1568
2025-06-13 12:15:00;29.7374
2025-06-13 12:30:00;28.0593
2025-06-13 12:45:00;30.4248
2025-06-13 13:00:00;32.4401
2025-06-13 13:15:00;32.0234
2025-06-13 13:30:00;31.7768
2025-06-13 13:45:00;31.5718
2025-06-13 14:00:00;19.9975
2025-06-13 14:15:00;20.3493
2025-06-13 14:30:00;21.3270
2025-06-13 14:45:00;19.7552
2025-06-13 15:00:00;32.3550
2025-06-13 15:15:00;30.7432
2025-06-13 15:30:00;30.8037
2025-06-13 15:45:00;31.4165
2025-06-13 16:00:00;28.9775
2025-06-13 16:15:00;28.3649
2025-06-13 16:30:00;27.7338
2025-06-13 16:45:00;27.2313
2025-06-13 17:00:00;29.3891
2025-06-13 17:15:00;28.2648
2025-06-13 17:30:00;26.4804
2025-06-13 17:45:00;24.7874
2025-06-13 18:00:00;20.7320
2025-06-13 18:15:00;19.7381
2025-06-13 18:30:00;21.0663
2025-06-13 18:45:00;18.4604
2025-06-13 19:00:00;12.2379
2025-06-13 19:15:00;11.3448
2025-06-13 19:30:00;10.9139
2025-06-13 19:45:00;9.9656
2025-06-13 20:00:00;12.1730
2025-06-13 20:15:00;10.4366
2025-06-13 20:30:00;8.5308
2025-06-13 20:45:00;7.3080
2025-06-13 21:00:00;5.3475
2025-06-13 21:15:00;4.2693
2025-06-13 21:30:00;2.9156
2025-06-13 21:45:00;1.4287
2025-06-13 22:00:00;0.0000
2025-06-13 22:15:00;0.0000
2025-06-13 22:30:00;0.0000
2025-06-13 22:45:00;0.0000
2025-06-13 23:00:00;0.0000
2025-06-13 23:15:00;0.0000
2025-06-13 23:30:00;0.0000
2025-06-13 23:45:00;0.0000
2025-06-14 00:00:00;0.0000
2025-06-14 00:15:00;0.0000
2025-06-14 00:30:00;0.0000
2025-06-14 00:45:00;0.0000
2025-06-14 01:00:00;0.0000
2025-06-14 01:15:00;0.0000
2025-06-14 01:30:00;0.0000
2025-06-14 01:45:00;0.0000
2025-06-14 02:00:00;0.0000
2025-06-14 02:15:00;0.0000
2025-06-14 02:30:00;0.0000
2025-06-14 02:45:00;0.0000
2025-06-14 03:00:00;0.0000
2025-06-14 03:15:00;0.0000
2025-06-14 03:30:00;0.0000
2025-06-14 03:45:00;0.0000
2025-06-14 04:00:00;0.0000
2025-06-14 04:15:00;0.0000
2025-06-14 04:30:00;0.0000
2025-06-14 04:45:00;0.0000
2025-06-14 05:00:00;0.0000
2025-06-14 05:15:00;0.0000
2025-06-14 05:30:00;0.0000
2025-06-14 05:45:00;0.2561
2025-06-14 06:00:00;0.4794
2025-06-14 06:15:00;0.6942
2025-06-14 06:30:00;0.9174
2025-06-14 06:45:00;1.1154
2025-06-14 07:00:00;1.3236
2025-06-14 07:15:00;1.6914
2025-06-14 07:30:00;1.7725
2025-06-14 07:45:00;2.0752
2025-06-14 08:00:00;2.1425
2025-06-14 08:15:00;2.3490
2025-06-14 08:30:00;2.3342
2025-06-14 08:45:00;2.6969
2025-06-14 09:00:00;3.0976
2025-06-14 09:15:00;3.2151
2025-06-14 09:30:00;3.2424
2025-06-14 09:45:00;3.4322
2025-06-14 10:00:00;3.8919
2025-06-14 10:15:00;3.8772
2025-06-14 10:30:00;3.9332
2025-06-14 10:45:00;4.1874
2025-06-14 11:00:00;3.9965
2025-06-14 11:15:00;4.4005
2025-06-14 11:30:00;4.1682
2025-06-14 11:45:00;4.3008
2025-06-14 12:00:00;4.7250
2025-06-14 12:15:00;4.6538
2025-06-14 12:30:00;4.8599
2025-06-14 12:45:00;4.6646
2025-06-14 13:00:00;4.1649
2025-06-14 13:15:00;4.2513
2025-06-14 13:30:00;4.2855
2025-06-14 13:45:00;4.4575
2025-06-14 14:00:00;4.6854
2025-06-14 14:15:00;4.8847
2025-06-14 14:30:00;4.8042
2025-06-14 14:45:00;4.5985
2025-06-14 15:00:00;4.8228
2025-06-14 15:15:00;4.8495
2025-06-14 15:30:00;4.7790
2025-06-14 15:45:00;4.8059
2025-06-14 16:00:00;3.8974
2025-06-14 16:15:00;4.0006
2025-06-14 16:30:00;3.7319
2025-06-14 16:45:00;3.7687
2025-06-14 17:00:00;3.9538
2025-06-14 17:15:00;3.7656
2025-06-14 17:30:00;3.8184
2025-06-14 17:45:00;3.4956
2025-06-14 18:00:00;3.3286
2025-06-14 18:15:00;3.2332
2025-06-14 18:30:00;3.0521
2025-06-14 18:45:00;2.8144
2025-06-14 19:00:00;2.8553
2025-06-14 19:15:00;2.6343
2025-06-14 19:30:00;2.4978
2025-06-14 19:45:00;2.2425
2025-06-14 20:00:00;1.9324
2025-06-14 20:15:00;1.6536
2025-06-14 20:30:00;1.4714
2025-06-14 20:45:00;1.1723
2025-06-14 21:00:00;0.8799
2025-06-14 21:15:00;0.6709
2025-06-14 21:30:00;0.4567
2025-06-14 21:45:00;0.2396
2025-06-14 22:00:00;0.0000
2025-06-14 22:15:00;0.0000
2025-06-14 22:30:00;0.0000
2025-06-14 22:45:00;0.0000
2025-06-14 23:00:00;0.0000
2025-06-14 23:15:00;0.0000
2025-06-14 23:30:00;0.0000
2025-06-14 23:45:00;0.0000
2025-06-15 00:00:00;0.0000
2025-06-15 00:15:00;0.0000
2025-06-15 00:30:00;0.0000
2025-06-15 00:45:00;0.0000
2025-06-15 01:00:00;0.0000
2025-06-15 01:15:00;0.0000
2025-06-15 01:30:00;0.0000
2025-06-15 01:45:00;0.0000
2025-06-15 02:00:00;0.0000
2025-06-15 02:15:00;0.0000
2025-06-15 02:30:00;0.0000
2025-06-15 02:45:00;0.0000
2025-06-15 03:00:00;0.0000
2025-06-15 03:15:00;0.0000
2025-06-15 03:30:00;0.0000
2025-06-15 03:45:00;0.0000
2025-06-15 04:00:00;0.0000
2025-06-15 04:15:00;0.0000
2025-06-15 04:30:00;0.0000
2025-06-15 04:45:00;0.0000
2025-06-15 05:00:00;0.0000
2025-06-15 05:15:00;0.0000
2025-06-15 05:30:00;0.0000
2025-06-15 05:45:00;0.5450
2025-06-15 06:00:00;1.0896
2025-06-15 06:15:00;1.6922
2025-06-15 06:30:00;2.2187
2025-06-15 06:45:00;2.9299
2025-06-15 07:00:00;3.8043
2025-06-15 07:15:00;4.4956
2025-06-15 07:30:00;4.8548
2025-06-15 07:45:00;5.9289
2025-06-15 08:00:00;4.5791
2025-06-15 08:15:00;5.0291
2025-06-15 08:30:00;5.5702
2025-06-15 08:45:00;6.2709
2025-06-15 09:00:00;7.6910
2025-06-15 09:15:00;8.1292
2025-06-15 09:30:00;8.9129
2025-06-15 09:45:00;8.9102
2025-06-15 10:00:00;10.6113
2025-06-15 10:15:00;10.2161
2025-06-15 10:30:00;10.9928
2025-06-15 10:45:00;11.0312
2025-06-15 11:00:00;9.6000
2025-06-15 11:15:00;9.7165
2025-06-15 11:30:00;9.9958
2025-06-15 11:45:00;10.4400
2025-06-15 12:00:00;11.8916
2025-06-15 12:15:00;12.7317
2025-06-15 12:30:00;12.6845
2025-06-15 12:45:00;13.6900
2025-06-15 13:00:00;10.4932
2025-06-15 13:15:00;10.9625
2025-06-15 13:30:00;10.9685
2025-06-15 13:45:00;10.8194
2025-06-15 14:00:00;12.3276
2025-06-15 14:15:00;12.2004
2025-06-15 14:30:00;12.7722
2025-06-15 14:45:00;11.3066
2025-06-15 15:00:00;10.9228
2025-06-15 15:15:00;11.6781
2025-06-15 15:30:00;10.7626
2025-06-15 15:45:00;10.5900
2025-06-15 16:00:00;12.2712
2025-06-15 16:15:00;11.4456
2025-06-15 16:30:00;10.5002
2025-06-15 16:45:00;10.5485
2025-06-15 17:00:00;10.8387
2025-06-15 17:15:00;9.9863
2025-06-15 17:30:00;9.6581
2025-06-15 17:45:00;8.5145
2025-06-15 18:00:00;9.4960
2025-06-15 18:15:00;9.2336
2025-06-15 18:30:00;9.0638
2025-06-15 18:45:00;8.3641
2025-06-15 19:00:00;6.3126
2025-06-15 19:15:00;5.8869
2025-06-15 19:30:00;5.5534
2025-06-15 19:45:00;5.0861
2025-06-15 20:00:00;5.1915
2025-06-15 20:15:00;4.0942
2025-06-15 20:30:00;3.7031
2025-06-15 20:45:00;3.0405
2025-06-15 21:00:00;2.9111
2025-06-15 21:15:00;2.0533
2025-06-15 21:30:00;1.2629
2025-06-15 21:45:00;0.6805
2025-06-15 22:00:00;0.0000
2025-06-15 22:15:00;0.0000
2025-06-15 22:30:00;0.0000
2025-06-15 22:45:00;0.0000
2025-06-15 23:00:00;0.0000
2025-06-15 23:15:00;0.0000
2025-06-15 23:30:00;0.0000
2025-06-15 23:45:00;0.0000
2025-06-16 00:00:00;0.0000
2025-06-16 00:15:00;0.0000
2025-06-16 00:30:00;0.0000
2025-06-16 00:45:00;0.0000
2025-06-16 01:00:00;0.0000
2025-06-16 01:15:00;0.0000
2025-06-16 01:30:00;0.0000
2025-06-16 01:45:00;0.0000
2025-06-16 02:00:00;0.0000
2025-06-16 02:15:00;0.0000
2025-06-16 02:30:00;0.0000
2025-06-16 02:45:00;0.0000
2025-06-16 03:00:00;0.0000
2025-06-16 03:15:00;0.0000
2025-06-16 03:30:00;0.0000
2025-06-16 03:45:00;0.0000
2025-06-16 04:00:00;0.0000
2025-06-16 04:15:00;0.0000
2025-06-16 04:30:00;0.0000
2025-06-16 04:45:00;0.0000
2025-06-16 05:00:00;0.0000
2025-06-16 05:15:00;0.0000
2025-06-16 05:30:00;0.0000
2025-06-16 05:45:00;1.6337
2025-06-16 06:00:00;2.9073
2025-06-16 06:15:00;4.1782
2025-06-16 06:30:00;5.7334
2025-06-16 06:45:00;7.1551
2025-06-16 07:00:00;8.4318
2025-06-16 07:15:00;9.4438
2025-06-16 07:30:00;11.3726
2025-06-16 07:45:00;12.3114
2025-06-16 08:00:00;14.6566
2025-06-16 08:15:00;15.9127
2025-06-16 08:30:00;16.9433
2025-06-16 08:45:00;18.2575
2025-06-16 09:00:00;13.3980
2025-06-16 09:15:00;14.1457
2025-06-16 09:30:00;15.1715
2025-06-16 09:45:00;16.1310
2025-06-16 10:00:00;26.2711
2025-06-16 10:15:00;27.5493
2025-06-16 10:30:00;25.8338
2025-06-16 10:45:00;29.1914
2025-06-16 11:00:00;24.4131
2025-06-16 11:15:00;25.9530
2025-06-16 11:30:00;25.3694
2025-06-16 11:45:00;26.4578
2025-06-16 12:00:00;33.5999
2025-06-16 12:15:00;33.3740
2025-06-16 12:30:00;34.4995
2025-06-16 12:45:00;32.6233
2025-06-16 13:00:00;24.1475
2025-06-16 13:15:00;25.7564
2025-06-16 13:30:00;23.9224
2025-06-16 13:45:00;25.3017
2025-06-16 14:00:00;27.3490
2025-06-16 14:15:00;28.1966
2025-06-16 14:30:00;27.9557
2025-06-16 14:45:00;27.3328
2025-06-16 15:00:00;33.8838
2025-06-16 15:15:00;31.1766
2025-06-16 15:30:00;32.1919
2025-06-16 15:45:00;30.0896
2025-06-16 16:00:00;8.6486
2025-06-16 16:15:00;8.9409
2025-06-16 16:30:00;8.4098
2025-06-16 16:45:00;8.2128
2025-06-16 17:00:00;26.7274
2025-06-16 17:15:00;26.6597
2025-06-16 17:30:00;25.1140
2025-06-16 17:45:00;24.0924
2025-06-16 18:00:00;25.3721
2025-06-16 18:15:00;23.5622
2025-06-16 18:30:00;21.6272
2025-06-16 18:45:00;20.3061
2025-06-16 19:00:00;16.6523
2025-06-16 19:15:00;15.2020
2025-06-16 19:30:00;14.7445
2025-06-16 19:45:00;13.7310
2025-06-16 20:00:00;12.0753
2025-06-16 20:15:00;10.7521
2025-06-16 20:30:00;8.8734
2025-06-16 20:45:00;7.6446
2025-06-16 21:00:00;5.5615
2025-06-16 21:15:00;4.4034
2025-06-16 21:30:00;2.9255
2025-06-16 21:45:00;1.4727
2025-06-16 22:00:00;0.0000
2025-06-16 22:15:00;0.0000
2025-06-16 22:30:00;0.0000
2025-06-16 22:45:00;0.0000
2025-06-16 23:00:00;0.0000
2025-06-16 23:15:00;0.0000
2025-06-16 23:30:00;0.0000
2025-06-16 23:45:00;0.0000
2025-06-17 00:00:00;0.0000
2025-06-17 00:15:00;0.0000
2025-06-17 00:30:00;0.0000
2025-06-17 00:45:00;0.0000
2025-06-17 01:00:00;0.0000
2025-06-17 01:15:00;0.0000
2025-06-17 01:30:00;0.0000
2025-06-17 01:45:00;0.0000
2025-06-17 02:00:00;0.0000
2025-06-17 02:15:00;0.0000
2025-06-17 02:30:00;0.0000
2025-06-17 02:45:00;0.0000
2025-06-17 03:00:00;0.0000
2025-06-17 03:15:00;0.0000
2025-06-17 03:30:00;0.0000
2025-06-17 03:45:00;0.0000
2025-06-17 04:00:00;0.0000
2025-06-17 04:15:00;0.0000
2025-06-17 04:30:00;0.0000
2025-06-17 04:45:00;0.0000
2025-06-17 05:00:00;0.0000
2025-06-17 05:15:00;0.0000
2025-06-17 05:30:00;0.0000
2025-06-17 05:45:00;2.4073
2025-06-17 06:00:00;4.5981
2025-06-17 06:15:00;7.1861
2025-06-17 06:30:00;9.6221
2025-06-17 06:45:00;11.5583
2025-06-17 07:00:00;14.7093
2025-06-17 07:15:00;16.6245
2025-06-17 07:30:00;19.8639
2025-06-17 07:45:00;21.5081
2025-06-17 08:00:00;21.1345
2025-06-17 08:15:00;24.6282
2025-06-17 08:30:00;26.7296
2025-06-17 08:45:00;27.9721
2025-06-17 09:00:00;33.1575
2025-06-17 09:15:00;33.8851
2025-06-17 09:30:00;36.3934
2025-06-17 09:45:00;37.1746
2025-06-17 10:00:00;37.1720
2025-06-17 10:15:00;37.1969
2025-06-17 10:30:00;37.1465
2025-06-17 10:45:00;37.0788
2025-06-17 11:00:00;37.2314
2025-06-17 11:15:00;37.1272
2025-06-17 11:30:00;37.1900
2025-06-17 11:45:00;37.1533
2025-06-17 12:00:00;37.1221
2025-06-17 12:15:00;37.1017
2025-06-17 12:30:00;37.1051
2025-06-17 12:45:00;37.1957
2025-06-17 13:00:00;37.1600
2025-06-17 13:15:00;37.0930
2025-06-17 13:30:00;37.1579
2025-06-17 13:45:00;37.1815
2025-06-17 14:00:00;37.1520
2025-06-17 14:15:00;37.1839
2025-06-17 14:30:00;37.1405
2025-06-17 14:45:00;37.1887
2025-06-17 15:00:00;37.2106
2025-06-17 15:15:00;37.2269
2025-06-17 15:30:00;37.2237
2025-06-17 15:45:00;37.1299
2025-06-17 16:00:00;37.1606
2025-06-17 16:15:00;37.1152
2025-06-17 16:30:00;37.1736
2025-06-17 16:45:00;37.1640
2025-06-17 17:00:00;37.1862
2025-06-17 17:15:00;37.1798
2025-06-17 17:30:00;37.1537
2025-06-17 17:45:00;35.9952
2025-06-17 18:00:00;36.6355
2025-06-17 18:15:00;35.3670
2025-06-17 18:30:00;32.1832
2025-06-17 18:45:00;30.7597
2025-06-17 19:00:00;22.1972
2025-06-17 19:15:00;21.8997
2025-06-17 19:30:00;19.7714
2025-06-17 19:45:00;17.7988
2025-06-17 20:00:00;18.6255
2025-06-17 20:15:00;17.1835
2025-06-17 20:30:00;14.3538
2025-06-17 20:45:00;11.8709
2025-06-17 21:00:00;10.1441
2025-06-17 21:15:00;7.2476
2025-06-17 21:30:00;5.4776
2025-06-17 21:45:00;2.4300
2025-06-17 22:00:00;0.0000
2025-06-17 22:15:00;0.0000
2025-06-17 22:30:00;0.0000
2025-06-17 22:45:00;0.0000
2025-06-17 23:00:00;0.0000
2025-06-17 23:15:00;0.0000
2025-06-17 23:30:00;0.0000
2025-06-17 23:45:00;0.0000
2025-06-18 00:00:00;0.0000
2025-06-18 00:15:00;0.0000
2025-06-18 00:30:00;0.0000
2025-06-18 00:45:00;0.0000
2025-06-18 01:00:00;0.0000
2025-06-18 01:15:00;0.0000
2025-06-18 01:30:00;0.0000
2025-06-18 01:45:00;0.0000
2025-06-18 02:00:00;0.0000
2025-06-18 02:15:00;0.0000
2025-06-18 02:30:00;0.0000
2025-06-18 02:45:00;0.0000
2025-06-18 03:00:00;0.0000
2025-06-18 03:15:00;0.0000
2025-06-18 03:30:00;0.0000
2025-06-18 03:45:00;0.0000
2025-06-18 04:00:00;0.0000
2025-06-18 04:15:00;0.0000
2025-06-18 04:30:00;0.0000
2025-06-18 04:45:00;0.0000
2025-06-18 05:00:00;0.0000
2025-06-18 05:15:00;0.0000
2025-06-18 05:30:00;0.0000
2025-06-18 05:45:00;1.6661
2025-06-18 06:00:00;2.7561
2025-06-18 06:15:00;4.0375
2025-06-18 06:30:00;5.0682
2025-06-18 06:45:00;7.3098
2025-06-18 07:00:00;3.5588
2025-06-18 07:15:00;4.2142
2025-06-18 07:30:00;4.9037
2025-06-18 07:45:00;5.4163
2025-06-18 08:00:00;15.3809
2025-06-18 08:15:00;16.7313
2025-06-18 08:30:00;17.8392
2025-06-18 08:45:00;18.5666
2025-06-18 09:00:00;22.8107
2025-06-18 09:15:00;24.9451
2025-06-18 09:30:00;24.0267
2025-06-18 09:45:00;26.2534
2025-06-18 10:00:00;32.2969
2025-06-18 10:15:00;34.6911
2025-06-18 10:30:00;36.6306
2025-06-18 10:45:00;36.9306
2025-06-18 11:00:00;27.3453
2025-06-18 11:15:00;27.8255
2025-06-18 11:30:00;26.9370
2025-06-18 11:45:00;29.8380
2025-06-18 12:00:00;19.8771
2025-06-18 12:15:00;20.1236
2025-06-18 12:30:00;20.2984
2025-06-18 12:45:00;20.5504
2025-06-18 13:00:00;22.4039
2025-06-18 13:15:00;22.5621
2025-06-18 13:30:00;22.6998
2025-06-18 13:45:00;23.2155
2025-06-18 14:00:00;32.5250
2025-06-18 14:15:00;31.2626
2025-06-18 14:30:00;31.9069
2025-06-18 14:45:00;29.9756
2025-06-18 15:00:00;31.4520
2025-06-18 15:15:00;31.4308
2025-06-18 15:30:00;30.2410
2025-06-18 15:45:00;29.9647
2025-06-18 16:00:00;28.6598
2025-06-18 16:15:00;26.8277
2025-06-18 16:30:00;25.8147
2025-06-18 16:45:00;25.0490
2025-06-18 17:00:00;24.3308
2025-06-18 17:15:00;23.6458
2025-06-18 17:30:00;23.2060
2025-06-18 17:45:00;22.9876
2025-06-18 18:00:00;12.6974
2025-06-18 18:15:00;11.6090
2025-06-18 18:30:00;11.1356
2025-06-18 18:45:00;10.5241
2025-06-18 19:00:00;17.1338
2025-06-18 19:15:00;14.8532
2025-06-18 19:30:00;14.4246
2025-06-18 19:45:00;12.7279
2025-06-18 20:00:00;13.5461
2025-06-18 20:15:00;12.0610
2025-06-18 20:30:00;10.6443
2025-06-18 20:45:00;9.1780
2025-06-18 21:00:00;2.7316
2025-06-18 21:15:00;2.2131
2025-06-18 21:30:00;1.4435
2025-06-18 21:45:00;0.7465
2025-06-18 22:00:00;0.0000
2025-06-18 22:15:00;0.0000
2025-06-18 22:30:00;0.0000
2025-06-18 22:45:00;0.0000
2025-06-18 23:00:00;0.0000
2025-06-18 23:15:00;0.0000
2025-06-18 23:30:00;0.0000
2025-06-18 23:45:00;0.0000
2025-06-19 00:00:00;0.0000
2025-06-19 00:15:00;0.0000
2025-06-19 00:30:00;0.0000
2025-06-19 00:45:00;0.0000
2025-06-19 01:00:00;0.0000
2025-06-19 01:15:00;0.0000
2025-06-19 01:30:00;0.0000
2025-06-19 01:45:00;0.0000
2025-06-19 02:00:00;0.0000
2025-06-19 02:15:00;0.0000
2025-06-19 02:30:00;0.0000
2025-06-19 02:45:00;0.0000
2025-06-19 03:00:00;0.0000
2025-06-19 03:15:00;0.0000
2025-06-19 03:30:00;0.0000
2025-06-19 03:45:00;0.0000
2025-06-19 04:00:00;0.0000
2025-06-19 04:15:00;0.0000
2025-06-19 04:30:00;0.0000
2025-06-19 04:45:00;0.0000
2025-06-19 05:00:00;0.0000
2025-06-19 05:15:00;0.0000
2025-06-19 05:30:00;0.0000
2025-06-19 05:45:00;1.5912
2025-06-19 06:00:00;3.2033
2025-06-19 06:15:00;4.8135
2025-06-19 06:30:00;6.7120
2025-06-19 06:45:00;8.2605
2025-06-19 07:00:00;5.2454
2025-06-19 07:15:00;5.9030
2025-06-19 07:30:00;6.4801
2025-06-19 07:45:00;7.2846
2025-06-19 08:00:00;17.3965
2025-06-19 08:15:00;20.4771
2025-06-19 08:30:00;20.6895
2025-06-19 08:45:00;21.5514
2025-06-19 09:00:00;24.0822
2025-06-19 09:15:00;25.1642
2025-06-19 09:30:00;26.3772
2025-06-19 09:45:00;27.6167
2025-06-19 10:00:00;28.2927
2025-06-19 10:15:00;29.1454
2025-06-19 10:30:00;30.9851
2025-06-19 10:45:00;30.2215
2025-06-19 11:00:00;33.7926
2025-06-19 11:15:00;31.9640
2025-06-19 11:30:00;35.5023
2025-06-19 11:45:00;36.7112
2025-06-19 12:00:00;21.8853
2025-06-19 12:15:00;21.3725
2025-06-19 12:30:00;22.9521
2025-06-19 12:45:00;23.0542
2025-06-19 13:00:00;27.9869
2025-06-19 13:15:00;28.7944
2025-06-19 13:30:00;30.0476
2025-06-19 13:45:00;27.6529
2025-06-19 14:00:00;37.0077
2025-06-19 14:15:00;34.9763
2025-06-19 14:30:00;35.5539
2025-06-19 14:45:00;34.7706
2025-06-19 15:00:00;32.8293
2025-06-19 15:15:00;33.1461
2025-06-19 15:30:00;33.6712
2025-06-19 15:45:00;31.2840
2025-06-19 16:00:00;28.8552
2025-06-19 16:15:00;30.2191
2025-06-19 16:30:00;30.1742
2025-06-19 16:45:00;28.5592
2025-06-19 17:00:00;30.0378
2025-06-19 17:15:00;28.5550
2025-06-19 17:30:00;26.9732
2025-06-19 17:45:00;26.8428
2025-06-19 18:00:00;17.5631
2025-06-19 18:15:00;17.7049
2025-06-19 18:30:00;15.1219
2025-06-19 18:45:00;15.3426
2025-06-19 19:00:00;7.3900
2025-06-19 19:15:00;6.5877
2025-06-19 19:30:00;6.0172
2025-06-19 19:45:00;5.7610
2025-06-19 20:00:00;10.6888
2025-06-19 20:15:00;9.4211
2025-06-19 20:30:00;8.3106
2025-06-19 20:45:00;6.9445
2025-06-19 21:00:00;5.3940
2025-06-19 21:15:00;4.2545
2025-06-19 21:30:00;2.7113
2025-06-19 21:45:00;1.3823
2025-06-19 22:00:00;0.0000
2025-06-19 22:15:00;0.0000
2025-06-19 22:30:00;0.0000
2025-06-19 22:45:00;0.0000
2025-06-19 23:00:00;0.0000
2025-06-19 23:15:00;0.0000
2025-06-19 23:30:00;0.0000
2025-06-19 23:45:00;0.0000
2025-06-20 00:00:00;0.0000
2025-06-20 00:15:00;0.0000
2025-06-20 00:30:00;0.0000
2025-06-20 00:45:00;0.0000
2025-06-20 01:00:00;0.0000
2025-06-20 01:15:00;0.0000
2025-06-20 01:30:00;0.0000
2025-06-20 01:45:00;0.0000
2025-06-20 02:00:00;0.0000
2025-06-20 02:15:00;0.0000
2025-06-20 02:30:00;0.0000
2025-06-20 02:45:00;0.0000
2025-06-20 03:00:00;0.0000
2025-06-20 03:15:00;0.0000
2025-06-20 03:30:00;0.0000
2025-06-20 03:45:00;0.0000
2025-06-20 04:00:00;0.0000
2025-06-20 04:15:00;0.0000
2025-06-20 04:30:00;0.0000
2025-06-20 04:45:00;0.0000
2025-06-20 05:00:00;0.0000
2025-06-20 05:15:00;0.0000
2025-06-20 05:30:00;0.0000
2025-06-20 05:45:00;1.5571
2025-06-20 06:00:00;1.1333
2025-06-20 06:15:00;1.6648
2025-06-20 06:30:00;2.2218
2025-06-20 06:45:00;2.7742
2025-06-20 07:00:00;8.4645
2025-06-20 07:15:00;9.9619
2025-06-20 07:30:00;11.3560
2025-06-20 07:45:00;12.5370
2025-06-20 08:00:00;12.7071
2025-06-20 08:15:00;13.8213
2025-06-20 08:30:00;13.8949
2025-06-20 08:45:00;16.4208
2025-06-20 09:00:00;10.9775
2025-06-20 09:15:00;11.4860
2025-06-20 09:30:00;11.9779
2025-06-20 09:45:00;12.7499
2025-06-20 10:00:00;23.5057
2025-06-20 10:15:00;24.6207
2025-06-20 10:30:00;26.2619
2025-06-20 10:45:00;25.5676
2025-06-20 11:00:00;26.9619
2025-06-20 11:15:00;26.7032
2025-06-20 11:30:00;27.5877
2025-06-20 11:45:00;28.8755
2025-06-20 12:00:00;19.1562
2025-06-20 12:15:00;19.8801
2025-06-20 12:30:00;19.7729
2025-06-20 12:45:00;19.2699
2025-06-20 13:00:00;37.1428
2025-06-20 13:15:00;37.1254
2025-06-20 13:30:00;37.2029
2025-06-20 13:45:00;36.2260
2025-06-20 14:00:00;37.2512
2025-06-20 14:15:00;37.1533
2025-06-20 14:30:00;37.1550
2025-06-20 14:45:00;36.7890
2025-06-20 15:00:00;28.5058
2025-06-20 15:15:00;30.2651
2025-06-20 15:30:00;29.5632
2025-06-20 15:45:00;27.8466
2025-06-20 16:00:00;22.6632
2025-06-20 16:15:00;23.5055
2025-06-20 16:30:00;20.9473
2025-06-20 16:45:00;22.0146
2025-06-20 17:00:00;18.0822
2025-06-20 17:15:00;18.4413
2025-06-20 17:30:00;16.8498
2025-06-20 17:45:00;16.3325
2025-06-20 18:00:00;19.9200
2025-06-20 18:15:00;19.0801
2025-06-20 18:30:00;17.4932
2025-06-20 18:45:00;16.4429
2025-06-20 19:00:00;16.6078
2025-06-20 19:15:00;14.9195
2025-06-20 19:30:00;14.0594
2025-06-20 19:45:00;13.5541
2025-06-20 20:00:00;11.9060
2025-06-20 20:15:00;10.5661
2025-06-20 20:30:00;9.2078
2025-06-20 20:45:00;7.3913
2025-06-20 21:00:00;5.5143
2025-06-20 21:15:00;4.2616
2025-06-20 21:30:00;2.7688
2025-06-20 21:45:00;1.4947
2025-06-20 22:00:00;0.0000
2025-06-20 22:15:00;0.0000
2025-06-20 22:30:00;0.0000
2025-06-20 22:45:00;0.0000
2025-06-20 23:00:00;0.0000
2025-06-20 23:15:00;0.0000
2025-06-20 23:30:00;0.0000
2025-06-20 23:45:00;0.0000
2025-06-21 00:00:00;0.0000
2025-06-21 00:15:00;0.0000
2025-06-21 00:30:00;0.0000
2025-06-21 00:45:00;0.0000
2025-06-21 01:00:00;0.0000
2025-06-21 01:15:00;0.0000
2025-06-21 01:30:00;0.0000
2025-06-21 01:45:00;0.0000
2025-06-21 02:00:00;0.0000
2025-06-21 02:15:00;0.0000
2025-06-21 02:30:00;0.0000
2025-06-21 02:45:00;0.0000
2025-06-21 03:00:00;0.0000
2025-06-21 03:15:00;0.0000
2025-06-21 03:30:00;0.0000
2025-06-21 03:45:00;0.0000
2025-06-21 04:00:00;0.0000
2025-06-21 04:15:00;0.0000
2025-06-21 04:30:00;0.0000
2025-06-21 04:45:00;0.0000
2025-06-21 05:00:00;0.0000
2025-06-21 05:15:00;0.0000
2025-06-21 05:30:00;0.0000
2025-06-21 05:45:00;2.0629
2025-06-21 06:00:00;4.6266
2025-06-21 06:15:00;7.3145
2025-06-21 06:30:00;9.0617
2025-06-21 06:45:00;10.8290
2025-06-21 07:00:00;12.7104
2025-06-21 07:15:00;14.5693
2025-06-21 07:30:00;16.3356
2025-06-21 07:45:00;17.9567
2025-06-21 08:00:00;22.7678
2025-06-21 08:15:00;25.1013
2025-06-21 08:30:00;26.3893
2025-06-21 08:45:00;27.6539
2025-06-21 09:00:00;30.8236
2025-06-21 09:15:00;34.7408
2025-06-21 09:30:00;35.1982
2025-06-21 09:45:00;36.6332
2025-06-21 10:00:00;37.1203
2025-06-21 10:15:00;37.1293
2025-06-21 10:30:00;37.1753
2025-06-21 10:45:00;37.2384
2025-06-21 11:00:00;37.1603
2025-06-21 11:15:00;37.1509
2025-06-21 11:30:00;37.1448
2025-06-21 11:45:00;37.1735
2025-06-21 12:00:00;37.1882
2025-06-21 12:15:00;37.2123
2025-06-21 12:30:00;37.1063
2025-06-21 12:45:00;37.2171
2025-06-21 13:00:00;37.1581
2025-06-21 13:15:00;37.1388
2025-06-21 13:30:00;37.1341
2025-06-21 13:45:00;37.2234
2025-06-21 14:00:00;37.0954
2025-06-21 14:15:00;37.1447
2025-06-21 14:30:00;37.1637
2025-06-21 14:45:00;37.1813
2025-06-21 15:00:00;37.1074
2025-06-21 15:15:00;37.1860
2025-06-21 15:30:00;37.1785
2025-06-21 15:45:00;37.1119
2025-06-21 16:00:00;37.1358
2025-06-21 16:15:00;37.1797
2025-06-21 16:30:00;37.1306
2025-06-21 16:45:00;37.1457
2025-06-21 17:00:00;37.1527
2025-06-21 17:15:00;35.6499
2025-06-21 17:30:00;33.3532
2025-06-21 17:45:00;32.4939
2025-06-21 18:00:00;33.7619
2025-06-21 18:15:00;32.5938
2025-06-21 18:30:00;27.9679
2025-06-21 18:45:00;26.6283
2025-06-21 19:00:00;30.1820
2025-06-21 19:15:00;25.2097
2025-06-21 19:30:00;24.8814
2025-06-21 19:45:00;22.9636
2025-06-21 20:00:00;18.7502
2025-06-21 20:15:00;16.2846
2025-06-21 20:30:00;15.0255
2025-06-21 20:45:00;12.7294
2025-06-21 21:00:00;9.5344
2025-06-21 21:15:00;7.0655
2025-06-21 21:30:00;4.8767
2025-06-21 21:45:00;2.2990
2025-06-21 22:00:00;0.0000
2025-06-21 22:15:00;0.0000
2025-06-21 22:30:00;0.0000
2025-06-21 22:45:00;0.0000
2025-06-21 23:00:00;0.0000
2025-06-21 23:15:00;0.0000
2025-06-21 23:30:00;0.0000
2025-06-21 23:45:00;0.0000
2025-06-22 00:00:00;0.0000
2025-06-22 00:15:00;0.0000
2025-06-22 00:30:00;0.0000
2025-06-22 00:45:00;0.0000
2025-06-22 01:00:00;0.0000
2025-06-22 01:15:00;0.0000
2025-06-22 01:30:00;0.0000
2025-06-22 01:45:00;0.0000
2025-06-22 02:00:00;0.0000
2025-06-22 02:15:00;0.0000
2025-06-22 02:30:00;0.0000
2025-06-22 02:45:00;0.0000
2025-06-22 03:00:00;0.0000
2025-06-22 03:15:00;0.0000
2025-06-22 03:30:00;0.0000
2025-06-22 03:45:00;0.0000
2025-06-22 04:00:00;0.0000
2025-06-22 04:15:00;0.0000
2025-06-22 04:30:00;0.0000
2025-06-22 04:45:00;0.0000
2025-06-22 05:00:00;0.0000
2025-06-22 05:15:00;0.0000
2025-06-22 05:30:00;0.0000
2025-06-22 05:45:00;0.5575
2025-06-22 06:00:00;1.2602
2025-06-22 06:15:00;2.0264
2025-06-22 06:30:00;2.5150
2025-06-22 06:45:00;3.2961
2025-06-22 07:00:00;4.1549
2025-06-22 07:15:00;4.5411
2025-06-22 07:30:00;5.1448
2025-06-22 07:45:00;6.2122
2025-06-22 08:00:00;6.5702
2025-06-22 08:15:00;7.3610
2025-06-22 08:30:00;7.3036
2025-06-22 08:45:00;8.1689
2025-06-22 09:00:00;7.3910
2025-06-22 09:15:00;7.9473
2025-06-22 09:30:00;8.3625
2025-06-22 09:45:00;9.2249
2025-06-22 10:00:00;7.7764
2025-06-22 10:15:00;7.7324
2025-06-22 10:30:00;8.7963
2025-06-22 10:45:00;9.4634
2025-06-22 11:00:00;9.8236
2025-06-22 11:15:00;10.9307
2025-06-22 11:30:00;11.3116
2025-06-22 11:45:00;11.0484
2025-06-22 12:00:00;12.2977
2025-06-22 12:15:00;11.6968
2025-06-22 12:30:00;11.7445
2025-06-22 12:45:00;12.9527
2025-06-22 13:00:00;12.8264
2025-06-22 13:15:00;12.7237
2025-06-22 13:30:00;12.9616
2025-06-22 13:45:00;13.7647
2025-06-22 14:00:00;12.1710
2025-06-22 14:15:00;11.7955
2025-06-22 14:30:00;12.4656
2025-06-22 14:45:00;12.4515
2025-06-22 15:00:00;12.9425
2025-06-22 15:15:00;13.0563
2025-06-22 15:30:00;12.5952
2025-06-22 15:45:00;11.9587
2025-06-22 16:00:00;11.5944
2025-06-22 16:15:00;11.5279
2025-06-22 16:30:00;11.1761
2025-06-22 16:45:00;10.8125
2025-06-22 17:00:00;9.9370
2025-06-22 17:15:00;9.3581
2025-06-22 17:30:00;9.2851
2025-06-22 17:45:00;8.7223
2025-06-22 18:00:00;7.0001
2025-06-22 18:15:00;6.4083
2025-06-22 18:30:00;6.4883
2025-06-22 18:45:00;5.5835
2025-06-22 19:00:00;6.9389
2025-06-22 19:15:00;6.6658
2025-06-22 19:30:00;5.9202
2025-06-22 19:45:00;5.3583
2025-06-22 20:00:00;4.5245
2025-06-22 20:15:00;3.8167
2025-06-22 20:30:00;3.2477
2025-06-22 20:45:00;2.8503
2025-06-22 21:00:00;2.0119
2025-06-22 21:15:00;1.5551
2025-06-22 21:30:00;1.0535
2025-06-22 21:45:00;0.5157
2025-06-22 22:00:00;0.0000
2025-06-22 22:15:00;0.0000
2025-06-22 22:30:00;0.0000
2025-06-22 22:45:00;0.0000
2025-06-22 23:00:00;0.0000
2025-06-22 23:15:00;0.0000
2025-06-22 23:30:00;0.0000
2025-06-22 23:45:00;0.0000
2025-06-23 00:00:00;0.0000
2025-06-23 00:15:00;0.0000
2025-06-23 00:30:00;0.0000
2025-06-23 00:45:00;0.0000
2025-06-23 01:00:00;0.0000
2025-06-23 01:15:00;0.0000
2025-06-23 01:30:00;0.0000
2025-06-23 01:45:00;0.0000
2025-06-23 02:00:00;0.0000
2025-06-23 02:15:00;0.0000
2025-06-23 02:30:00;0.0000
2025-06-23 02:45:00;0.0000
2025-06-23 03:00:00;0.0000
2025-06-23 03:15:00;0.0000
2025-06-23 03:30:00;0.0000
2025-06-23 03:45:00;0.0000
2025-06-23 04:00:00;0.0000
2025-06-23 04:15:00;0.0000
2025-06-23 04:30:00;0.0000
2025-06-23 04:45:00;0.0000
2025-06-23 05:00:00;0.0000
2025-06-23 05:15:00;0.0000
2025-06-23 05:30:00;0.0000
2025-06-23 05:45:00;0.6653
2025-06-23 06:00:00;3.1257
2025-06-23 06:15:00;5.0808
2025-06-23 06:30:00;6.2360
2025-06-23 06:45:00;7.9823
2025-06-23 07:00:00;6.4753
2025-06-23 07:15:00;7.2840
2025-06-23 07:30:00;8.3600
2025-06-23 07:45:00;8.9128
2025-06-23 08:00:00;15.5103
2025-06-23 08:15:00;15.1661
2025-06-23 08:30:00;16.9942
2025-06-23 08:45:00;18.6875
2025-06-23 09:00:00;16.3990
2025-06-23 09:15:00;17.4398
2025-06-23 09:30:00;18.4394
2025-06-23 09:45:00;20.1213
2025-06-23 10:00:00;15.0392
2025-06-23 10:15:00;16.4847
2025-06-23 10:30:00;16.9862
2025-06-23 10:45:00;16.9866
2025-06-23 11:00:00;25.0717
2025-06-23 11:15:00;28.5950
2025-06-23 11:30:00;27.9201
2025-06-23 11:45:00;29.0592
2025-06-23 12:00:00;31.4814
2025-06-23 12:15:00;30.4709
2025-06-23 12:30:00;32.6944
2025-06-23 12:45:00;32.7202
2025-06-23 13:00:00;37.1434
2025-06-23 13:15:00;37.1802
2025-06-23 13:30:00;35.5440
2025-06-23 13:45:00;35.6171
2025-06-23 14:00:00;28.9871
2025-06-23 14:15:00;29.5642
2025-06-23 14:30:00;30.0563
2025-06-23 14:45:00;29.8741
2025-06-23 15:00:00;28.3318
2025-06-23 15:15:00;27.4227
2025-06-23 15:30:00;27.2479
2025-06-23 15:45:00;26.3820
2025-06-23 16:00:00;26.9163
2025-06-23 16:15:00;25.8167
2025-06-23 16:30:00;25.0670
2025-06-23 16:45:00;22.5478
2025-06-23 17:00:00;25.2400
2025-06-23 17:15:00;24.0470
2025-06-23 17:30:00;23.1780
2025-06-23 17:45:00;21.8600
2025-06-23 18:00:00;20.9828
2025-06-23 18:15:00;20.0296
2025-06-23 18:30:00;18.1597
2025-06-23 18:45:00;17.6981
2025-06-23 19:00:00;16.2676
2025-06-23 19:15:00;14.2668
2025-06-23 19:30:00;14.3599
2025-06-23 19:45:00;11.9831
2025-06-23 20:00:00;11.8056
2025-06-23 20:15:00;10.1744
2025-06-23 20:30:00;8.7972
2025-06-23 20:45:00;7.2843
2025-06-23 21:00:00;5.1925
2025-06-23 21:15:00;3.9731
2025-06-23 21:30:00;2.6429
2025-06-23 21:45:00;1.2745
2025-06-23 22:00:00;0.0000
2025-06-23 22:15:00;0.0000
2025-06-23 22:30:00;0.0000
2025-06-23 22:45:00;0.0000
2025-06-23 23:00:00;0.0000
2025-06-23 23:15:00;0.0000
2025-06-23 23:30:00;0.0000
2025-06-23 23:45:00;0.0000
2025-06-24 00:00:00;0.0000
2025-06-24 00:15:00;0.0000
2025-06-24 00:30:00;0.0000
2025-06-24 00:45:00;0.0000
2025-06-24 01:00:00;0.0000
2025-06-24 01:15:00;0.0000
2025-06-24 01:30:00;0.0000
2025-06-24 01:45:00;0.0000
2025-06-24 02:00:00;0.0000
2025-06-24 02:15:00;0.0000
2025-06-24 02:30:00;0.0000
2025-06-24 02:45:00;0.0000
2025-06-24 03:00:00;0.0000
2025-06-24 03:15:00;0.0000
2025-06-24 03:30:00;0.0000
2025-06-24 03:45:00;0.0000
2025-06-24 04:00:00;0.0000
2025-06-24 04:15:00;0.0000
2025-06-24 04:30:00;0.0000
2025-06-24 04:45:00;0.0000
2025-06-24 05:00:00;0.0000
2025-06-24 05:15:00;0.0000
2025-06-24 05:30:00;0.0000
2025-06-24 05:45:00;0.6170
2025-06-24 06:00:00;1.0097
2025-06-24 06:15:00;1.5687
2025-06-24 06:30:00;2.0472
2025-06-24 06:45:00;2.4307
2025-06-24 07:00:00;3.4344
2025-06-24 07:15:00;4.0461
2025-06-24 07:30:00;4.1572
2025-06-24 07:45:00;4.8842
2025-06-24 08:00:00;5.2445
2025-06-24 08:15:00;5.8071
2025-06-24 08:30:00;6.1129
2025-06-24 08:45:00;6.4488
2025-06-24 09:00:00;6.5791
2025-06-24 09:15:00;7.0192
2025-06-24 09:30:00;7.7636
2025-06-24 09:45:00;7.5393
2025-06-24 10:00:00;9.6079
2025-06-24 10:15:00;9.8775
2025-06-24 10:30:00;10.4162
2025-06-24 10:45:00;11.1025
2025-06-24 11:00:00;9.2854
2025-06-24 11:15:00;9.7079
2025-06-24 11:30:00;10.7602
2025-06-24 11:45:00;10.6318
2025-06-24 12:00:00;10.3736
2025-06-24 12:15:00;10.8795
2025-06-24 12:30:00;10.3141
2025-06-24 12:45:00;10.8876
2025-06-24 13:00:00;12.6363
2025-06-24 13:15:00;12.6656
2025-06-24 13:30:00;12.3674
2025-06-24 13:45:00;12.2108
2025-06-24 14:00:00;10.5733
2025-06-24 14:15:00;10.4818
2025-06-24 14:30:00;10.5938
2025-06-24 14:45:00;10.5765
2025-06-24 15:00:00;11.8849
2025-06-24 15:15:00;11.8727
2025-06-24 15:30:00;10.9343
2025-06-24 15:45:00;11.3146
2025-06-24 16:00:00;9.4438
2025-06-24 16:15:00;9.6347
2025-06-24 16:30:00;9.1833
2025-06-24 16:45:00;9.2590
2025-06-24 17:00:00;9.9199
2025-06-24 17:15:00;9.8977
2025-06-24 17:30:00;9.6473
2025-06-24 17:45:00;9.0444
2025-06-24 18:00:00;8.1797
2025-06-24 18:15:00;7.7433
2025-06-24 18:30:00;7.0088
2025-06-24 18:45:00;6.9503
2025-06-24 19:00:00;6.7086
2025-06-24 19:15:00;6.3497
2025-06-24 19:30:00;5.7879
2025-06-24 19:45:00;5.3104
2025-06-24 20:00:00;4.5970
2025-06-24 20:15:00;4.3833
2025-06-24 20:30:00;3.5263
2025-06-24 20:45:00;2.9030
2025-06-24 21:00:00;2.6298
2025-06-24 21:15:00;1.9598
2025-06-24 21:30:00;1.2527
2025-06-24 21:45:00;0.6732
2025-06-24 22:00:00;0.0000
2025-06-24 22:15:00;0.0000
2025-06-24 22:30:00;0.0000
2025-06-24 22:45:00;0.0000
2025-06-24 23:00:00;0.0000
2025-06-24 23:15:00;0.0000
2025-06-24 23:30:00;0.0000
2025-06-24 23:45:00;0.0000
2025-06-25 00:00:00;0.0000
2025-06-25 00:15:00;0.0000
2025-06-25 00:30:00;0.0000
2025-06-25 00:45:00;0.0000
2025-06-25 01:00:00;0.0000
2025-06-25 01:15:00;0.0000
2025-06-25 01:30:00;0.0000
2025-06-25 01:45:00;0.0000
2025-06-25 02:00:00;0.0000
2025-06-25 02:15:00;0.0000
2025-06-25 02:30:00;0.0000
2025-06-25 02:45:00;0.0000
2025-06-25 03:00:00;0.0000
2025-06-25 03:15:00;0.0000
2025-06-25 03:30:00;0.0000
2025-06-25 03:45:00;0.0000
2025-06-25 04:00:00;0.0000
2025-06-25 04:15:00;0.0000
2025-06-25 04:30:00;0.0000
2025-06-25 04:45:00;0.0000
2025-06-25 05:00:00;0.0000
2025-06-25 05:15:00;0.0000
2025-06-25 05:30:00;0.0000
2025-06-25 05:45:00;1.4587
2025-06-25 06:00:00;3.2415
2025-06-25 06:15:00;4.7164
2025-06-25 06:30:00;6.3028
2025-06-25 06:45:00;8.1565
2025-06-25 07:00:00;8.7081
2025-06-25 07:15:00;10.3367
2025-06-25 07:30:00;10.9419
2025-06-25 07:45:00;12.7819
2025-06-25 08:00:00;10.1934
2025-06-25 08:15:00;10.7402
2025-06-25 08:30:00;11.4859
2025-06-25 08:45:00;11.9080
2025-06-25 09:00:00;8.6209
2025-06-25 09:15:00;9.6447
2025-06-25 09:30:00;9.8103
2025-06-25 09:45:00;10.2097
2025-06-25 10:00:00;17.6572
2025-06-25 10:15:00;19.6592
2025-06-25 10:30:00;20.9273
2025-06-25 10:45:00;19.8123
2025-06-25 11:00:00;22.7560
2025-06-25 11:15:00;21.7634
2025-06-25 11:30:00;24.4117
2025-06-25 11:45:00;22.7388
2025-06-25 12:00:00;27.4126
2025-06-25 12:15:00;27.2537
2025-06-25 12:30:00;27.9418
2025-06-25 12:45:00;28.7353
2025-06-25 13:00:00;30.4901
2025-06-25 13:15:00;32.4524
2025-06-25 13:30:00;31.2734
2025-06-25 13:45:00;30.6683
2025-06-25 14:00:00;33.7850
2025-06-25 14:15:00;32.6747
2025-06-25 14:30:00;33.8694
2025-06-25 14:45:00;31.7653
2025-06-25 15:00:00;29.7262
2025-06-25 15:15:00;28.0659
2025-06-25 15:30:00;27.7093
2025-06-25 15:45:00;28.9416
2025-06-25 16:00:00;24.0586
2025-06-25 16:15:00;24.2052
2025-06-25 16:30:00;22.6951
2025-06-25 16:45:00;21.3584
2025-06-25 17:00:00;27.3894
2025-06-25 17:15:00;26.5079
2025-06-25 17:30:00;24.8931
2025-06-25 17:45:00;24.9211
2025-06-25 18:00:00;22.1012
2025-06-25 18:15:00;21.0957
2025-06-25 18:30:00;19.0599
2025-06-25 18:45:00;19.1530
2025-06-25 19:00:00;18.3751
2025-06-25 19:15:00;16.4768
2025-06-25 19:30:00;15.8978
2025-06-25 19:45:00;13.8198
2025-06-25 20:00:00;12.9279
2025-06-25 20:15:00;11.1325
2025-06-25 20:30:00;9.4523
2025-06-25 20:45:00;8.1654
2025-06-25 21:00:00;5.5497
2025-06-25 21:15:00;4.5781
2025-06-25 21:30:00;3.0000
2025-06-25 21:45:00;1.4948
2025-06-25 22:00:00;0.0000
2025-06-25 22:15:00;0.0000
2025-06-25 22:30:00;0.0000
2025-06-25 22:45:00;0.0000
2025-06-25 23:00:00;0.0000
2025-06-25 23:15:00;0.0000
2025-06-25 23:30:00;0.0000
2025-06-25 23:45:00;0.0000
2025-06-26 00:00:00;0.0000
2025-06-26 00:15:00;0.0000
2025-06-26 00:30:00;0.0000
2025-06-26 00:45:00;0.0000
2025-06-26 01:00:00;0.0000
2025-06-26 01:15:00;0.0000
2025-06-26 01:30:00;0.0000
2025-06-26 01:45:00;0.0000
2025-06-26 02:00:00;0.0000
2025-06-26 02:15:00;0.0000
2025-06-26 02:30:00;0.0000
2025-06-26 02:45:00;0.0000
2025-06-26 03:00:00;0.0000
2025-06-26 03:15:00;0.0000
2025-06-26 03:30:00;0.0000
2025-06-26 03:45:00;0.0000
2025-06-26 04:00:00;0.0000
2025-06-26 04:15:00;0.0000
2025-06-26 04:30:00;0.0000
2025-06-26 04:45:00;0.0000
2025-06-26 05:00:00;0.0000
2025-06-26 05:15:00;0.0000
2025-06-26 05:30:00;0.0000
2025-06-26 05:45:00;2.1981
2025-06-26 06:00:00;4.5187
2025-06-26 06:15:00;6.4115
2025-06-26 06:30:00;8.8884
2025-06-26 06:45:00;11.2596
2025-06-26 07:00:00;14.1105
2025-06-26 07:15:00;16.1896
2025-06-26 07:30:00;18.6959
2025-06-26 07:45:00;19.6382
2025-06-26 08:00:00;22.1899
2025-06-26 08:15:00;24.8979
2025-06-26 08:30:00;25.5612
2025-06-26 08:45:00;29.0311
2025-06-26 09:00:00;27.3118
2025-06-26 09:15:00;26.3974
2025-06-26 09:30:00;28.2145
2025-06-26 09:45:00;30.9905
2025-06-26 10:00:00;37.1950
2025-06-26 10:15:00;37.1476
2025-06-26 10:30:00;37.1861
2025-06-26 10:45:00;37.1534
2025-06-26 11:00:00;37.2105
2025-06-26 11:15:00;37.1255
2025-06-26 11:30:00;37.2085
2025-06-26 11:45:00;37.1830
2025-06-26 12:00:00;37.1354
2025-06-26 12:15:00;37.1311
2025-06-26 12:30:00;37.1572
2025-06-26 12:45:00;37.1662
2025-06-26 13:00:00;37.1586
2025-06-26 13:15:00;37.1332
2025-06-26 13:30:00;37.1838
2025-06-26 13:45:00;37.1261
2025-06-26 14:00:00;37.1557
2025-06-26 14:15:00;37.1751
2025-06-26 14:30:00;37.1390
2025-06-26 14:45:00;37.1947
2025-06-26 15:00:00;37.1558
2025-06-26 15:15:00;37.1191
2025-06-26 15:30:00;37.1343
2025-06-26 15:45:00;37.1196
2025-06-26 16:00:00;37.1779
2025-06-26 16:15:00;37.1730
2025-06-26 16:30:00;37.1348
2025-06-26 16:45:00;35.2505
2025-06-26 17:00:00;37.0931
2025-06-26 17:15:00;37.1733
2025-06-26 17:30:00;37.1789
2025-06-26 17:45:00;37.1499
2025-06-26 18:00:00;35.4769
2025-06-26 18:15:00;33.2828
2025-06-26 18:30:00;32.1410
2025-06-26 18:45:00;30.5799
2025-06-26 19:00:00;26.5485
2025-06-26 19:15:00;25.0516
2025-06-26 19:30:00;22.7920
2025-06-26 19:45:00;20.8571
2025-06-26 20:00:00;18.0207
2025-06-26 20:15:00;15.2180
2025-06-26 20:30:00;12.8917
2025-06-26 20:45:00;11.6518
2025-06-26 21:00:00;8.8234
2025-06-26 21:15:00;6.7239
2025-06-26 21:30:00;4.2209
2025-06-26 21:45:00;2.3169
2025-06-26 22:00:00;0.0000
2025-06-26 22:15:00;0.0000
2025-06-26 22:30:00;0.0000
2025-06-26 22:45:00;0.0000
2025-06-26 23:00:00;0.0000
2025-06-26 23:15:00;0.0000
2025-06-26 23:30:00;0.0000
2025-06-26 23:45:00;0.0000
2025-06-27 00:00:00;0.0000
2025-06-27 00:15:00;0.0000
2025-06-27 00:30:00;0.0000
2025-06-27 00:45:00;0.0000
2025-06-27 01:00:00;0.0000
2025-06-27 01:15:00;0.0000
2025-06-27 01:30:00;0.0000
2025-06-27 01:45:00;0.0000
2025-06-27 02:00:00;0.0000
2025-06-27 02:15:00;0.0000
2025-06-27 02:30:00;0.0000
2025-06-27 02:45:00;0.0000
2025-06-27 03:00:00;0.0000
2025-06-27 03:15:00;0.0000
2025-06-27 03:30:00;0.0000
2025-06-27 03:45:00;0.0000
2025-06-27 04:00:00;0.0000
2025-06-27 04:15:00;0.0000
2025-06-27 04:30:00;0.0000
2025-06-27 04:45:00;0.0000
2025-06-27 05:00:00;0.0000
2025-06-27 05:15:00;0.0000
2025-06-27 05:30:00;0.0000
2025-06-27 05:45:00;0.9093
2025-06-27 06:00:00;1.5186
2025-06-27 06:15:00;2.1835
2025-06-27 06:30:00;2.8549
2025-06-27 06:45:00;3.6674
2025-06-27 07:00:00;10.0019
2025-06-27 07:15:00;11.5998
2025-06-27 07:30:00;12.5673
2025-06-27 07:45:00;14.1578
2025-06-27 08:00:00;10.6659
2025-06-27 08:15:00;11.6167
2025-06-27 08:30:00;12.2871
2025-06-27 08:45:00;12.3923
2025-06-27 09:00:00;19.0598
2025-06-27 09:15:00;18.3941
2025-06-27 09:30:00;20.3317
2025-06-27 09:45:00;23.0841
2025-06-27 10:00:00;21.8571
2025-06-27 10:15:00;24.6113
2025-06-27 10:30:00;25.3369
2025-06-27 10:45:00;27.0583
2025-06-27 11:00:00;30.7416
2025-06-27 11:15:00;31.1883
2025-06-27 11:30:00;29.8891
2025-06-27 11:45:00;31.8878
2025-06-27 12:00:00;30.7589
2025-06-27 12:15:00;29.9075
2025-06-27 12:30:00;32.0402
2025-06-27 12:45:00;29.8966
2025-06-27 13:00:00;31.6694
2025-06-27 13:15:00;30.1802
2025-06-27 13:30:00;32.5141
2025-06-27 13:45:00;31.3932
2025-06-27 14:00:00;35.3156
2025-06-27 14:15:00;33.0939
2025-06-27 14:30:00;33.9005
2025-06-27 14:45:00;31.9177
2025-06-27 15:00:00;36.3391
2025-06-27 15:15:00;35.5171
2025-06-27 15:30:00;33.3006
2025-06-27 15:45:00;31.3218
2025-06-27 16:00:00;28.5628
2025-06-27 16:15:00;28.0025
2025-06-27 16:30:00;27.7672
2025-06-27 16:45:00;25.6142
2025-06-27 17:00:00;29.7638
2025-06-27 17:15:00;29.6429
2025-06-27 17:30:00;27.3833
2025-06-27 17:45:00;25.0148
2025-06-27 18:00:00;23.8793
2025-06-27 18:15:00;23.7522
2025-06-27 18:30:00;21.6479
2025-06-27 18:45:00;20.7417
2025-06-27 19:00:00;18.6805
2025-06-27 19:15:00;17.2503
2025-06-27 19:30:00;15.9050
2025-06-27 19:45:00;14.7034
2025-06-27 20:00:00;12.4001
2025-06-27 20:15:00;10.8210
2025-06-27 20:30:00;9.3705
2025-06-27 20:45:00;7.9306
2025-06-27 21:00:00;4.6751
2025-06-27 21:15:00;3.4558
2025-06-27 21:30:00;2.3408
2025-06-27 21:45:00;1.2447
2025-06-27 22:00:00;0.0000
2025-06-27 22:15:00;0.0000
2025-06-27 22:30:00;0.0000
2025-06-27 22:45:00;0.0000
2025-06-27 23:00:00;0.0000
2025-06-27 23:15:00;0.0000
2025-06-27 23:30:00;0.0000
2025-06-27 23:45:00;0.0000
2025-06-28 00:00:00;0.0000
2025-06-28 00:15:00;0.0000
2025-06-28 00:30:00;0.0000
2025-06-28 00:45:00;0.0000
2025-06-28 01:00:00;0.0000
2025-06-28 01:15:00;0.0000
2025-06-28 01:30:00;0.0000
2025-06-28 01:45:00;0.0000
2025-06-28 02:00:00;0.0000
2025-06-28 02:15:00;0.0000
2025-06-28 02:30:00;0.0000
2025-06-28 02:45:00;0.0000
2025-06-28 03:00:00;0.0000
2025-06-28 03:15:00;0.0000
2025-06-28 03:30:00;0.0000
2025-06-28 03:45:00;0.0000
2025-06-28 04:00:00;0.0000
2025-06-28 04:15:00;0.0000
2025-06-28 04:30:00;0.0000
2025-06-28 04:45:00;0.0000
2025-06-28 05:00:00;0.0000
2025-06-28 05:15:00;0.0000
2025-06-28 05:30:00;0.0000
2025-06-28 05:45:00;2.0359
2025-06-28 06:00:00;4.4923
2025-06-28 06:15:00;7.1052
2025-06-28 06:30:00;8.3939
2025-06-28 06:45:00;11.6132
2025-06-28 07:00:00;14.3968
2025-06-28 07:15:00;17.1456
2025-06-28 07:30:00;20.1957
2025-06-28 07:45:00;20.6040
2025-06-28 08:00:00;23.1994
2025-06-28 08:15:00;26.3204
2025-06-28 08:30:00;27.9948
2025-06-28 08:45:00;29.0497
2025-06-28 09:00:00;31.1817
2025-06-28 09:15:00;33.1073
2025-06-28 09:30:00;34.7173
2025-06-28 09:45:00;37.1609
2025-06-28 10:00:00;37.1546
2025-06-28 10:15:00;37.1633
2025-06-28 10:30:00;37.2353
2025-06-28 10:45:00;37.1975
2025-06-28 11:00:00;37.1616
2025-06-28 11:15:00;37.1824
2025-06-28 11:30:00;37.1971
2025-06-28 11:45:00;37.1813
2025-06-28 12:00:00;37.1554
2025-06-28 12:15:00;37.0881
2025-06-28 12:30:00;37.0772
2025-06-28 12:45:00;37.1557
2025-06-28 13:00:00;37.1826
2025-06-28 13:15:00;37.1671
2025-06-28 13:30:00;37.1737
2025-06-28 13:45:00;37.1279
2025-06-28 14:00:00;37.1541
2025-06-28 14:15:00;37.2173
2025-06-28 14:30:00;37.2130
2025-06-28 14:45:00;37.1208
2025-06-28 15:00:00;37.1565
2025-06-28 15:15:00;37.1248
2025-06-28 15:30:00;37.1582
2025-06-28 15:45:00;37.1187
2025-06-28 16:00:00;37.2040
2025-06-28 16:15:00;37.1669
2025-06-28 16:30:00;37.1598
2025-06-28 16:45:00;37.1910
2025-06-28 17:00:00;37.1082
2025-06-28 17:15:00;37.1505
2025-06-28 17:30:00;37.0706
2025-06-28 17:45:00;37.0525
2025-06-28 18:00:00;34.5553
2025-06-28 18:15:00;32.1226
2025-06-28 18:30:00;30.1092
2025-06-28 18:45:00;27.9749
2025-06-28 19:00:00;27.7605
2025-06-28 19:15:00;23.7577
2025-06-28 19:30:00;23.4145
2025-06-28 19:45:00;20.6863
2025-06-28 20:00:00;18.9767
2025-06-28 20:15:00;15.6877
2025-06-28 20:30:00;13.7352
2025-06-28 20:45:00;11.5120
2025-06-28 21:00:00;9.4986
2025-06-28 21:15:00;7.0515
2025-06-28 21:30:00;4.6898
2025-06-28 21:45:00;2.1773
2025-06-28 22:00:00;0.0000
2025-06-28 22:15:00;0.0000
2025-06-28 22:30:00;0.0000
2025-06-28 22:45:00;0.0000
2025-06-28 23:00:00;0.0000
2025-06-28 23:15:00;0.0000
2025-06-28 23:30:00;0.0000
2025-06-28 23:45:00;0.0000
2025-06-29 00:00:00;0.0000
2025-06-29 00:15:00;0.0000
2025-06-29 00:30:00;0.0000
2025-06-29 00:45:00;0.0000
2025-06-29 01:00:00;0.0000
2025-06-29 01:15:00;0.0000
2025-06-29 01:30:00;0.0000
2025-06-29 01:45:00;0.0000
2025-06-29 02:00:00;0.0000
2025-06-29 02:15:00;0.0000
2025-06-29 02:30:00;0.0000
2025-06-29 02:45:00;0.0000
2025-06-29 03:00:00;0.0000
2025-06-29 03:15:00;0.0000
2025-06-29 03:30:00;0.0000
2025-06-29 03:45:00;0.0000
2025-06-29 04:00:00;0.0000
2025-06-29 04:15:00;0.0000
2025-06-29 04:30:00;0.0000
2025-06-29 04:45:00;0.0000
2025-06-29 05:00:00;0.0000
2025-06-29 05:15:00;0.0000
2025-06-29 05:30:00;0.0000
2025-06-29 05:45:00;2.3374
2025-06-29 06:00:00;4.1542
2025-06-29 06:15:00;6.1175
2025-06-29 06:30:00;8.5038
2025-06-29 06:45:00;10.2510
2025-06-29 07:00:00;13.9315
2025-06-29 07:15:00;15.9831
2025-06-29 07:30:00;17.4795
2025-06-29 07:45:00;19.9337
2025-06-29 08:00:00;20.1694
2025-06-29 08:15:00;21.8614
2025-06-29 08:30:00;23.3121
2025-06-29 08:45:00;24.5225
2025-06-29 09:00:00;30.8411
2025-06-29 09:15:00;34.0489
2025-06-29 09:30:00;37.1650
2025-06-29 09:45:00;36.8345
2025-06-29 10:00:00;33.5696
2025-06-29 10:15:00;35.4364
2025-06-29 10:30:00;36.0306
2025-06-29 10:45:00;37.1267
2025-06-29 11:00:00;37.1497
2025-06-29 11:15:00;37.1939
2025-06-29 11:30:00;37.1214
2025-06-29 11:45:00;37.1630
2025-06-29 12:00:00;37.1516
2025-06-29 12:15:00;37.1561
2025-06-29 12:30:00;37.1152
2025-06-29 12:45:00;37.1947
2025-06-29 13:00:00;37.2226
2025-06-29 13:15:00;37.1341
2025-06-29 13:30:00;37.0956
2025-06-29 13:45:00;37.1743
2025-06-29 14:00:00;37.1667
2025-06-29 14:15:00;37.0737
2025-06-29 14:30:00;37.1663
2025-06-29 14:45:00;37.1177
2025-06-29 15:00:00;37.1870
2025-06-29 15:15:00;37.1279
2025-06-29 15:30:00;37.1150
2025-06-29 15:45:00;37.1366
2025-06-29 16:00:00;37.1224
2025-06-29 16:15:00;37.1967
2025-06-29 16:30:00;37.1714
2025-06-29 16:45:00;37.1500
2025-06-29 17:00:00;37.1837
2025-06-29 17:15:00;37.2188
2025-06-29 17:30:00;37.1252
2025-06-29 17:45:00;37.1237
2025-06-29 18:00:00;35.6231
2025-06-29 18:15:00;32.7148
2025-06-29 18:30:00;31.1842
2025-06-29 18:45:00;29.6750
2025-06-29 19:00:00;26.8994
2025-06-29 19:15:00;24.0984
2025-06-29 19:30:00;21.7483
2025-06-29 19:45:00;20.6318
2025-06-29 20:00:00;18.6939
2025-06-29 20:15:00;15.7070
2025-06-29 20:30:00;14.3789
2025-06-29 20:45:00;11.6585
2025-06-29 21:00:00;10.3066
2025-06-29 21:15:00;7.7684
2025-06-29 21:30:00;5.5198
2025-06-29 21:45:00;2.6342
2025-06-29 22:00:00;0.0000
2025-06-29 22:15:00;0.0000
2025-06-29 22:30:00;0.0000
2025-06-29 22:45:00;0.0000
2025-06-29 23:00:00;0.0000
2025-06-29 23:15:00;0.0000
2025-06-29 23:30:00;0.0000
2025-06-29 23:45:00;0.0000
2025-06-30 00:00:00;0.0000
2025-06-30 00:15:00;0.0000
2025-06-30 00:30:00;0.0000
2025-06-30 00:45:00;0.0000
2025-06-30 01:00:00;0.0000
2025-06-30 01:15:00;0.0000
2025-06-30 01:30:00;0.0000
2025-06-30 01:45:00;0.0000
2025-06-30 02:00:00;0.0000
2025-06-30 02:15:00;0.0000
2025-06-30 02:30:00;0.0000
2025-06-30 02:45:00;0.0000
2025-06-30 03:00:00;0.0000
2025-06-30 03:15:00;0.0000
2025-06-30 03:30:00;0.0000
2025-06-30 03:45:00;0.0000
2025-06-30 04:00:00;0.0000
2025-06-30 04:15:00;0.0000
2025-06-30 04:30:00;0.0000
2025-06-30 04:45:00;0.0000
2025-06-30 05:00:00;0.0000
2025-06-30 05:15:00;0.0000
2025-06-30 05:30:00;0.0000
2025-06-30 05:45:00;2.6831
2025-06-30 06:00:00;4.3224
2025-06-30 06:15:00;6.9042
2025-06-30 06:30:00;9.3516
2025-06-30 06:45:00;11.0446
2025-06-30 07:00:00;14.4323
2025-06-30 07:15:00;17.0046
2025-06-30 07:30:00;18.5431
2025-06-30 07:45:00;20.9657
2025-06-30 08:00:00;21.2488
2025-06-30 08:15:00;22.9586
2025-06-30 08:30:00;24.9821
2025-06-30 08:45:00;26.6301
2025-06-30 09:00:00;28.0210
2025-06-30 09:15:00;31.5337
2025-06-30 09:30:00;32.0828
2025-06-30 09:45:00;31.9019
2025-06-30 10:00:00;37.1582
2025-06-30 10:15:00;37.1311
2025-06-30 10:30:00;37.1181
2025-06-30 10:45:00;37.1792
2025-06-30 11:00:00;37.1047
2025-06-30 11:15:00;37.1099
2025-06-30 11:30:00;37.1739
2025-06-30 11:45:00;37.1866
2025-06-30 12:00:00;37.1759
2025-06-30 12:15:00;37.1612
2025-06-30 12:30:00;37.1485
2025-06-30 12:45:00;37.1187
2025-06-30 13:00:00;37.1510
2025-06-30 13:15:00;37.1480
2025-06-30 13:30:00;37.2199
2025-06-30 13:45:00;37.0884
2025-06-30 14:00:00;37.1040
2025-06-30 14:15:00;37.1853
2025-06-30 14:30:00;37.1876
2025-06-30 14:45:00;37.1990
2025-06-30 15:00:00;37.1408
2025-06-30 15:15:00;37.1879
2025-06-30 15:30:00;37.1621
2025-06-30 15:45:00;37.1737
2025-06-30 16:00:00;37.1618
2025-06-30 16:15:00;37.1733
2025-06-30 16:30:00;37.1658
2025-06-30 16:45:00;37.1375
2025-06-30 17:00:00;37.1575
2025-06-30 17:15:00;37.1665
2025-06-30 17:30:00;37.1487
2025-06-30 17:45:00;36.7676
2025-06-30 18:00:00;29.9911
2025-06-30 18:15:00;27.6132
2025-06-30 18:30:00;28.2291
2025-06-30 18:45:00;27.1920
2025-06-30 19:00:00;25.4418
2025-06-30 19:15:00;23.7363
2025-06-30 19:30:00;22.1626
2025-06-30 19:45:00;20.2878
2025-06-30 20:00:00;17.4883
2025-06-30 20:15:00;16.0869
2025-06-30 20:30:00;13.5098
2025-06-30 20:45:00;10.3163
2025-06-30 21:00:00;8.9749
2025-06-30 21:15:00;6.8710
2025-06-30 21:30:00;4.4996
2025-06-30 21:45:00;2.2448
2025-06-30 22:00:00;0.0000
2025-06-30 22:15:00;0.0000
2025-06-30 22:30:00;0.0000
2025-06-30 22:45:00;0.0000
2025-06-30 23:00:00;0.0000
2025-06-30 23:15:00;0.0000
2025-06-30 23:30:00;0.0000
2025-06-30 23:45:00;0.0000
2025-07-01 00:00:00;0.0000
2025-07-01 00:15:00;0.0000
2025-07-01 00:30:00;0.0000
2025-07-01 00:45:00;0.0000
2025-07-01 01:00:00;0.0000
2025-07-01 01:15:00;0.0000
2025-07-01 01:30:00;0.0000
2025-07-01 01:45:00;0.0000
2025-07-01 02:00:00;0.0000
2025-07-01 02:15:00;0.0000
2025-07-01 02:30:00;0.0000
2025-07-01 02:45:00;0.0000
2025-07-01 03:00:00;0.0000
2025-07-01 03:15:00;0.0000
2025-07-01 03:30:00;0.0000
2025-07-01 03:45:00;0.0000
2025-07-01 04:00:00;0.0000
2025-07-01 04:15:00;0.0000
2025-07-01 04:30:00;0.0000
2025-07-01 04:45:00;0.0000
2025-07-01 05:00:00;0.0000
2025-07-01 05:15:00;0.0000
2025-07-01 05:30:00;0.0000
2025-07-01 05:45:00;0.0000
2025-07-01 06:00:00;0.6469
2025-07-01 06:15:00;1.2949
2025-07-01 06:30:00;1.9688
2025-07-01 06:45:00;2.4052
2025-07-01 07:00:00;3.0695
2025-07-01 07:15:00;3.5093
2025-07-01 07:30:00;4.0767
2025-07-01 07:45:00;4.7643
2025-07-01 08:00:00;4.3933
2025-07-01 08:15:00;4.6958
2025-07-01 08:30:00;5.1809
2025-07-01 08:45:00;5.7644
2025-07-01 09:00:00;7.1996
2025-07-01 09:15:00;7.4941
2025-07-01 09:30:00;7.6860
2025-07-01 09:45:00;7.7186
2025-07-01 10:00:00;9.9633
2025-07-01 10:15:00;10.2774
2025-07-01 10:30:00;10.6334
2025-07-01 10:45:00;10.3621
2025-07-01 11:00:00;9.9344
2025-07-01 11:15:00;10.3275
2025-07-01 11:30:00;9.6434
2025-07-01 11:45:00;10.7927
2025-07-01 12:00:00;10.7353
2025-07-01 12:15:00;10.4780
2025-07-01 12:30:00;10.8300
2025-07-01 12:45:00;10.7055
2025-07-01 13:00:00;11.5066
2025-07-01 13:15:00;11.4666
2025-07-01 13:30:00;11.6396
2025-07-01 13:45:00;12.4222
2025-07-01 14:00:00;12.3905
2025-07-01 14:15:00;12.4895
2025-07-01 14:30:00;12.1945
2025-07-01 14:45:00;11.4946
2025-07-01 15:00:00;12.4933
2025-07-01 15:15:00;11.4102
2025-07-01 15:30:00;11.0273
2025-07-01 15:45:00;11.0650
2025-07-01 16:00:00;11.8949
2025-07-01 16:15:00;12.3928
2025-07-01 16:30:00;10.7185
2025-07-01 16:45:00;10.1553
2025-07-01 17:00:00;10.2582
2025-07-01 17:15:00;10.1946
2025-07-01 17:30:00;9.9555
2025-07-01 17:45:00;9.3306
2025-07-01 18:00:00;8.5493
2025-07-01 18:15:00;8.2663
2025-07-01 18:30:00;7.4548
2025-07-01 18:45:00;7.1341
2025-07-01 19:00:00;7.0072
2025-07-01 19:15:00;5.9633
2025-07-01 19:30:00;5.7698
2025-07-01 19:45:00;4.7590
2025-07-01 20:00:00;4.1375
2025-07-01 20:15:00;3.5724
2025-07-01 20:30:00;2.7895
2025-07-01 20:45:00;2.2374
2025-07-01 21:00:00;1.9228
2025-07-01 21:15:00;1.2619
2025-07-01 21:30:00;0.6908
2025-07-01 21:45:00;0.0000
2025-07-01 22:00:00;0.0000
2025-07-01 22:15:00;0.0000
2025-07-01 22:30:00;0.0000
2025-07-01 22:45:00;0.0000
2025-07-01 23:00:00;0.0000
2025-07-01 23:15:00;0.0000
2025-07-01 23:30:00;0.0000
2025-07-01 23:45:00;0.0000
2025-07-02 00:00:00;0.0000
2025-07-02 00:15:00;0.0000
2025-07-02 00:30:00;0.0000
2025-07-02 00:45:00;0.0000
2025-07-02 01:00:00;0.0000
2025-07-02 01:15:00;0.0000
2025-07-02 01:30:00;0.0000
2025-07-02 01:45:00;0.0000
2025-07-02 02:00:00;0.0000
2025-07-02 02:15:00;0.0000
2025-07-02 02:30:00;0.0000
2025-07-02 02:45:00;0.0000
2025-07-02 03:00:00;0.0000
2025-07-02 03:15:00;0.0000
2025-07-02 03:30:00;0.0000
2025-07-02 03:45:00;0.0000
2025-07-02 04:00:00;0.0000
2025-07-02 04:15:00;0.0000
2025-07-02 04:30:00;0.0000
2025-07-02 04:45:00;0.0000
2025-07-02 05:00:00;0.0000
2025-07-02 05:15:00;0.0000
2025-07-02 05:30:00;0.0000
2025-07-02 05:45:00;0.0000
2025-07-02 06:00:00;2.4651
2025-07-02 06:15:00;5.2236
2025-07-02 06:30:00;7.9549
2025-07-02 06:45:00;10.7809
2025-07-02 07:00:00;10.7646
2025-07-02 07:15:00;14.0683
2025-07-02 07:30:00;16.8662
2025-07-02 07:45:00;19.3265
2025-07-02 08:00:00;19.3012
2025-07-02 08:15:00;22.1933
2025-07-02 08:30:00;24.0711
2025-07-02 08:45:00;27.0868
2025-07-02 09:00:00;30.3596
2025-07-02 09:15:00;33.0133
2025-07-02 09:30:00;32.7021
2025-07-02 09:45:00;34.9304
2025-07-02 10:00:00;37.1435
2025-07-02 10:15:00;37.1676
2025-07-02 10:30:00;37.1308
2025-07-02 10:45:00;37.1804
2025-07-02 11:00:00;37.1502
2025-07-02 11:15:00;37.1475
2025-07-02 11:30:00;37.1568
2025-07-02 11:45:00;37.1240
2025-07-02 12:00:00;37.2230
2025-07-02 12:15:00;37.1887
2025-07-02 12:30:00;37.1810
2025-07-02 12:45:00;37.1596
2025-07-02 13:00:00;37.1283
2025-07-02 13:15:00;37.1237
2025-07-02 13:30:00;37.1125
2025-07-02 13:45:00;37.1671
2025-07-02 14:00:00;37.1693
2025-07-02 14:15:00;37.1737
2025-07-02 14:30:00;37.1872
2025-07-02 14:45:00;37.1433
2025-07-02 15:00:00;37.1745
2025-07-02 15:15:00;37.2092
2025-07-02 15:30:00;37.1040
2025-07-02 15:45:00;37.2000
2025-07-02 16:00:00;34.5076
2025-07-02 16:15:00;35.0623
2025-07-02 16:30:00;33.9285
2025-07-02 16:45:00;33.3082
2025-07-02 17:00:00;37.1463
2025-07-02 17:15:00;37.1351
2025-07-02 17:30:00;37.2164
2025-07-02 17:45:00;35.6754
2025-07-02 18:00:00;31.8732
2025-07-02 18:15:00;30.6567
2025-07-02 18:30:00;28.6683
2025-07-02 18:45:00;25.3275
2025-07-02 19:00:00;25.6613
2025-07-02 19:15:00;22.7220
2025-07-02 19:30:00;22.5151
2025-07-02 19:45:00;19.8890
2025-07-02 20:00:00;17.2141
2025-07-02 20:15:00;14.1601
2025-07-02 20:30:00;12.3853
2025-07-02 20:45:00;10.3751
2025-07-02 21:00:00;6.3057
2025-07-02 21:15:00;4.2067
2025-07-02 21:30:00;2.0141
2025-07-02 21:45:00;0.0000
2025-07-02 22:00:00;0.0000
2025-07-02 22:15:00;0.0000
2025-07-02 22:30:00;0.0000
2025-07-02 22:45:00;0.0000
2025-07-02 23:00:00;0.0000
2025-07-02 23:15:00;0.0000
2025-07-02 23:30:00;0.0000
2025-07-02 23:45:00;0.0000
2025-07-03 00:00:00;0.0000
2025-07-03 00:15:00;0.0000
2025-07-03 00:30:00;0.0000
2025-07-03 00:45:00;0.0000
2025-07-03 01:00:00;0.0000
2025-07-03 01:15:00;0.0000
2025-07-03 01:30:00;0.0000
2025-07-03 01:45:00;0.0000
2025-07-03 02:00:00;0.0000
2025-07-03 02:15:00;0.0000
2025-07-03 02:30:00;0.0000
2025-07-03 02:45:00;0.0000
2025-07-03 03:00:00;0.0000
2025-07-03 03:15:00;0.0000
2025-07-03 03:30:00;0.0000
2025-07-03 03:45:00;0.0000
2025-07-03 04:00:00;0.0000
2025-07-03 04:15:00;0.0000
2025-07-03 04:30:00;0.0000
2025-07-03 04:45:00;0.0000
2025-07-03 05:00:00;0.0000
2025-07-03 05:15:00;0.0000
2025-07-03 05:30:00;0.0000
2025-07-03 05:45:00;0.0000
2025-07-03 06:00:00;1.1055
2025-07-03 06:15:00;2.1210
2025-07-03 06:30:00;3.2438
2025-07-03 06:45:00;4.2611
2025-07-03 07:00:00;7.2550
2025-07-03 07:15:00;8.7956
2025-07-03 07:30:00;10.2058
2025-07-03 07:45:00;11.5777
2025-07-03 08:00:00;14.0270
2025-07-03 08:15:00;15.2541
2025-07-03 08:30:00;15.8932
2025-07-03 08:45:00;17.1940
2025-07-03 09:00:00;7.9804
2025-07-03 09:15:00;8.3207
2025-07-03 09:30:00;9.1406
2025-07-03 09:45:00;9.4869
2025-07-03 10:00:00;19.8588
2025-07-03 10:15:00;22.2410
2025-07-03 10:30:00;23.4711
2025-07-03 10:45:00;23.9518
2025-07-03 11:00:00;29.0163
2025-07-03 11:15:00;28.2924
2025-07-03 11:30:00;29.1745
2025-07-03 11:45:00;30.3971
2025-07-03 12:00:00;13.5851
2025-07-03 12:15:00;13.2487
2025-07-03 12:30:00;15.1439
2025-07-03 12:45:00;14.2799
2025-07-03 13:00:00;21.8808
2025-07-03 13:15:00;20.8769
2025-07-03 13:30:00;22.4030
2025-07-03 13:45:00;22.3336
2025-07-03 14:00:00;17.6031
2025-07-03 14:15:00;17.6661
2025-07-03 14:30:00;17.4658
2025-07-03 14:45:00;17.5984
2025-07-03 15:00:00;18.0747
2025-07-03 15:15:00;17.4768
2025-07-03 15:30:00;17.0361
2025-07-03 15:45:00;16.9879
2025-07-03 16:00:00;28.3344
2025-07-03 16:15:00;25.8924
2025-07-03 16:30:00;25.6809
2025-07-03 16:45:00;23.1516
2025-07-03 17:00:00;25.1860
2025-07-03 17:15:00;24.7860
2025-07-03 17:30:00;24.2448
2025-07-03 17:45:00;23.4133
2025-07-03 18:00:00;19.8993
2025-07-03 18:15:00;19.2417
2025-07-03 18:30:00;18.0389
2025-07-03 18:45:00;16.5936
2025-07-03 19:00:00;12.2268
2025-07-03 19:15:00;10.9049
2025-07-03 19:30:00;9.6297
2025-07-03 19:45:00;9.0607
2025-07-03 20:00:00;9.5992
2025-07-03 20:15:00;8.3271
2025-07-03 20:30:00;6.9309
2025-07-03 20:45:00;5.3392
2025-07-03 21:00:00;4.5492
2025-07-03 21:15:00;2.8647
2025-07-03 21:30:00;1.4476
2025-07-03 21:45:00;0.0000
2025-07-03 22:00:00;0.0000
2025-07-03 22:15:00;0.0000
2025-07-03 22:30:00;0.0000
2025-07-03 22:45:00;0.0000
2025-07-03 23:00:00;0.0000
2025-07-03 23:15:00;0.0000
2025-07-03 23:30:00;0.0000
2025-07-03 23:45:00;0.0000
2025-07-04 00:00:00;0.0000
2025-07-04 00:15:00;0.0000
2025-07-04 00:30:00;0.0000
2025-07-04 00:45:00;0.0000
2025-07-04 01:00:00;0.0000
2025-07-04 01:15:00;0.0000
2025-07-04 01:30:00;0.0000
2025-07-04 01:45:00;0.0000
2025-07-04 02:00:00;0.0000
2025-07-04 02:15:00;0.0000
2025-07-04 02:30:00;0.0000
2025-07-04 02:45:00;0.0000
2025-07-04 03:00:00;0.0000
2025-07-04 03:15:00;0.0000
2025-07-04 03:30:00;0.0000
2025-07-04 03:45:00;0.0000
2025-07-04 04:00:00;0.0000
2025-07-04 04:15:00;0.0000
2025-07-04 04:30:00;0.0000
2025-07-04 04:45:00;0.0000
2025-07-04 05:00:00;0.0000
2025-07-04 05:15:00;0.0000
2025-07-04 05:30:00;0.0000
2025-07-04 05:45:00;0.0000
2025-07-04 06:00:00;2.4066
2025-07-04 06:15:00;4.8295
2025-07-04 06:30:00;7.5224
2025-07-04 06:45:00;9.7287
2025-07-04 07:00:00;13.7412
2025-07-04 07:15:00;16.0149
2025-07-04 07:30:00;18.0819
2025-07-04 07:45:00;20.4946
2025-07-04 08:00:00;20.8023
2025-07-04 08:15:00;25.5786
2025-07-04 08:30:00;26.9497
2025-07-04 08:45:00;28.7855
2025-07-04 09:00:00;26.3312
2025-07-04 09:15:00;26.8859
2025-07-04 09:30:00;29.2764
2025-07-04 09:45:00;32.1848
2025-07-04 10:00:00;37.2147
2025-07-04 10:15:00;37.1356
2025-07-04 10:30:00;37.1977
2025-07-04 10:45:00;37.1832
2025-07-04 11:00:00;37.1691
2025-07-04 11:15:00;37.1235
2025-07-04 11:30:00;37.1496
2025-07-04 11:45:00;37.1532
2025-07-04 12:00:00;37.1862
2025-07-04 12:15:00;37.1532
2025-07-04 12:30:00;37.1420
2025-07-04 12:45:00;37.1694
2025-07-04 13:00:00;37.1498
2025-07-04 13:15:00;37.1491
2025-07-04 13:30:00;37.1600
2025-07-04 13:45:00;37.1453
2025-07-04 14:00:00;37.1428
2025-07-04 14:15:00;37.1816
2025-07-04 14:30:00;37.1620
2025-07-04 14:45:00;37.1884
2025-07-04 15:00:00;37.1401
2025-07-04 15:15:00;37.1362
2025-07-04 15:30:00;37.1642
2025-07-04 15:45:00;37.2003
2025-07-04 16:00:00;37.1443
2025-07-04 16:15:00;37.2000
2025-07-04 16:30:00;37.1533
2025-07-04 16:45:00;37.1387
2025-07-04 17:00:00;37.1402
2025-07-04 17:15:00;37.1994
2025-07-04 17:30:00;36.6188
2025-07-04 17:45:00;35.2257
2025-07-04 18:00:00;31.6573
2025-07-04 18:15:00;27.6076
2025-07-04 18:30:00;27.5044
2025-07-04 18:45:00;25.1872
2025-07-04 19:00:00;25.8945
2025-07-04 19:15:00;24.2945
2025-07-04 19:30:00;21.6424
2025-07-04 19:45:00;18.9140
2025-07-04 20:00:00;16.4575
2025-07-04 20:15:00;14.1411
2025-07-04 20:30:00;11.9879
2025-07-04 20:45:00;9.7341
2025-07-04 21:00:00;7.1955
2025-07-04 21:15:00;4.8880
2025-07-04 21:30:00;2.3879
2025-07-04 21:45:00;0.0000
2025-07-04 22:00:00;0.0000
2025-07-04 22:15:00;0.0000
2025-07-04 22:30:00;0.0000
2025-07-04 22:45:00;0.0000
2025-07-04 23:00:00;0.0000
2025-07-04 23:15:00;0.0000
2025-07-04 23:30:00;0.0000
2025-07-04 23:45:00;0.0000
2025-07-05 00:00:00;0.0000
2025-07-05 00:15:00;0.0000
2025-07-05 00:30:00;0.0000
2025-07-05 00:45:00;0.0000
2025-07-05 01:00:00;0.0000
2025-07-05 01:15:00;0.0000
2025-07-05 01:30:00;0.0000
2025-07-05 01:45:00;0.0000
2025-07-05 02:00:00;0.0000
2025-07-05 02:15:00;0.0000
2025-07-05 02:30:00;0.0000
2025-07-05 02:45:00;0.0000
2025-07-05 03:00:00;0.0000
2025-07-05 03:15:00;0.0000
2025-07-05 03:30:00;0.0000
2025-07-05 03:45:00;0.0000
2025-07-05 04:00:00;0.0000
2025-07-05 04:15:00;0.0000
2025-07-05 04:30:00;0.0000
2025-07-05 04:45:00;0.0000
2025-07-05 05:00:00;0.0000
2025-07-05 05:15:00;0.0000
2025-07-05 05:30:00;0.0000
2025-07-05 05:45:00;0.0000
2025-07-05 06:00:00;1.5783
2025-07-05 06:15:00;3.0569
2025-07-05 06:30:00;4.6106
2025-07-05 06:45:00;6.2341
2025-07-05 07:00:00;6.1933
2025-07-05 07:15:00;7.6722
2025-07-05 07:30:00;8.3901
2025-07-05 07:45:00;9.3837
2025-07-05 08:00:00;15.9469
2025-07-05 08:15:00;17.2272
2025-07-05 08:30:00;19.0772
2025-07-05 08:45:00;20.8462
2025-07-05 09:00:00;9.4717
2025-07-05 09:15:00;9.5305
2025-07-05 09:30:00;10.3498
2025-07-05 09:45:00;10.9076
2025-07-05 10:00:00;22.4049
2025-07-05 10:15:00;24.3310
2025-07-05 10:30:00;24.8718
2025-07-05 10:45:00;25.3449
2025-07-05 11:00:00;21.3958
2025-07-05 11:15:00;23.6081
2025-07-05 11:30:00;23.4729
2025-07-05 11:45:00;24.6171
2025-07-05 12:00:00;22.4619
2025-07-05 12:15:00;22.0981
2025-07-05 12:30:00;21.8913
2025-07-05 12:45:00;24.0433
2025-07-05 13:00:00;29.9719
2025-07-05 13:15:00;30.6671
2025-07-05 13:30:00;33.4977
2025-07-05 13:45:00;31.3607
2025-07-05 14:00:00;30.8509
2025-07-05 14:15:00;33.3450
2025-07-05 14:30:00;31.2697
2025-07-05 14:45:00;30.4135
2025-07-05 15:00:00;28.3374
2025-07-05 15:15:00;26.3285
2025-07-05 15:30:00;27.0690
2025-07-05 15:45:00;27.0017
2025-07-05 16:00:00;27.9396
2025-07-05 16:15:00;27.6713
2025-07-05 16:30:00;26.1778
2025-07-05 16:45:00;24.5989
2025-07-05 17:00:00;26.1807
2025-07-05 17:15:00;24.8318
2025-07-05 17:30:00;22.3413
2025-07-05 17:45:00;22.4666
2025-07-05 18:00:00;19.6466
2025-07-05 18:15:00;19.3589
2025-07-05 18:30:00;18.2166
2025-07-05 18:45:00;16.5855
2025-07-05 19:00:00;14.3362
2025-07-05 19:15:00;13.6359
2025-07-05 19:30:00;12.2204
2025-07-05 19:45:00;10.8271
2025-07-05 20:00:00;5.3354
2025-07-05 20:15:00;4.6547
2025-07-05 20:30:00;3.6377
2025-07-05 20:45:00;2.9706
2025-07-05 21:00:00;4.2843
2025-07-05 21:15:00;2.9946
2025-07-05 21:30:00;1.4741
2025-07-05 21:45:00;0.0000
2025-07-05 22:00:00;0.0000
2025-07-05 22:15:00;0.0000
2025-07-05 22:30:00;0.0000
2025-07-05 22:45:00;0.0000
2025-07-05 23:00:00;0.0000
2025-07-05 23:15:00;0.0000
2025-07-05 23:30:00;0.0000
2025-07-05 23:45:00;0.0000
2025-07-06 00:00:00;0.0000
2025-07-06 00:15:00;0.0000
2025-07-06 00:30:00;0.0000
2025-07-06 00:45:00;0.0000
2025-07-06 01:00:00;0.0000
2025-07-06 01:15:00;0.0000
2025-07-06 01:30:00;0.0000
2025-07-06 01:45:00;0.0000
2025-07-06 02:00:00;0.0000
2025-07-06 02:15:00;0.0000
2025-07-06 02:30:00;0.0000
2025-07-06 02:45:00;0.0000
2025-07-06 03:00:00;0.0000
2025-07-06 03:15:00;0.0000
2025-07-06 03:30:00;0.0000
2025-07-06 03:45:00;0.0000
2025-07-06 04:00:00;0.0000
2025-07-06 04:15:00;0.0000
2025-07-06 04:30:00;0.0000
2025-07-06 04:45:00;0.0000
2025-07-06 05:00:00;0.0000
2025-07-06 05:15:00;0.0000
2025-07-06 05:30:00;0.0000
2025-07-06 05:45:00;0.0000
2025-07-06 06:00:00;0.5239
2025-07-06 06:15:00;1.0686
2025-07-06 06:30:00;1.5373
2025-07-06 06:45:00;2.0846
2025-07-06 07:00:00;3.1407
2025-07-06 07:15:00;3.5075
2025-07-06 07:30:00;4.0716
2025-07-06 07:45:00;4.9693
2025-07-06 08:00:00;4.5834
2025-07-06 08:15:00;5.0627
2025-07-06 08:30:00;5.3619
2025-07-06 08:45:00;5.8817
2025-07-06 09:00:00;6.8585
2025-07-06 09:15:00;6.9512
2025-07-06 09:30:00;7.1747
2025-07-06 09:45:00;7.7139
2025-07-06 10:00:00;8.1880
2025-07-06 10:15:00;9.0530
2025-07-06 10:30:00;9.0638
2025-07-06 10:45:00;9.3367
2025-07-06 11:00:00;10.4046
2025-07-06 11:15:00;11.1105
2025-07-06 11:30:00;11.2892
2025-07-06 11:45:00;11.6538
2025-07-06 12:00:00;11.9934
2025-07-06 12:15:00;11.2120
2025-07-06 12:30:00;12.2236
2025-07-06 12:45:00;12.6514
2025-07-06 13:00:00;11.7080
2025-07-06 13:15:00;12.1510
2025-07-06 13:30:00;11.4526
2025-07-06 13:45:00;12.0950
2025-07-06 14:00:00;11.6487
2025-07-06 14:15:00;11.3695
2025-07-06 14:30:00;11.6337
2025-07-06 14:45:00;11.2919
2025-07-06 15:00:00;10.3369
2025-07-06 15:15:00;10.9655
2025-07-06 15:30:00;10.7122
2025-07-06 15:45:00;11.1328
2025-07-06 16:00:00;11.6939
2025-07-06 16:15:00;10.8507
2025-07-06 16:30:00;10.6053
2025-07-06 16:45:00;9.4086
2025-07-06 17:00:00;10.0540
2025-07-06 17:15:00;9.5021
2025-07-06 17:30:00;9.4159
2025-07-06 17:45:00;9.4406
2025-07-06 18:00:00;7.4366
2025-07-06 18:15:00;7.2544
2025-07-06 18:30:00;6.9085
2025-07-06 18:45:00;6.6204
2025-07-06 19:00:00;6.3453
2025-07-06 19:15:00;5.4323
2025-07-06 19:30:00;4.9769
2025-07-06 19:45:00;4.3964
2025-07-06 20:00:00;3.3344
2025-07-06 20:15:00;3.0321
2025-07-06 20:30:00;2.4070
2025-07-06 20:45:00;1.9624
2025-07-06 21:00:00;1.7694
2025-07-06 21:15:00;1.2062
2025-07-06 21:30:00;0.5951
2025-07-06 21:45:00;0.0000
2025-07-06 22:00:00;0.0000
2025-07-06 22:15:00;0.0000
2025-07-06 22:30:00;0.0000
2025-07-06 22:45:00;0.0000
2025-07-06 23:00:00;0.0000
2025-07-06 23:15:00;0.0000
2025-07-06 23:30:00;0.0000
2025-07-06 23:45:00;0.0000
2025-07-07 00:00:00;0.0000
2025-07-07 00:15:00;0.0000
2025-07-07 00:30:00;0.0000
2025-07-07 00:45:00;0.0000
2025-07-07 01:00:00;0.0000
2025-07-07 01:15:00;0.0000
2025-07-07 01:30:00;0.0000
2025-07-07 01:45:00;0.0000
2025-07-07 02:00:00;0.0000
2025-07-07 02:15:00;0.0000
2025-07-07 02:30:00;0.0000
2025-07-07 02:45:00;0.0000
2025-07-07 03:00:00;0.0000
2025-07-07 03:15:00;0.0000
2025-07-07 03:30:00;0.0000
2025-07-07 03:45:00;0.0000
2025-07-07 04:00:00;0.0000
2025-07-07 04:15:00;0.0000
2025-07-07 04:30:00;0.0000
2025-07-07 04:45:00;0.0000
2025-07-07 05:00:00;0.0000
2025-07-07 05:15:00;0.0000
2025-07-07 05:30:00;0.0000
2025-07-07 05:45:00;0.0000
2025-07-07 06:00:00;0.5707
2025-07-07 06:15:00;1.1651
2025-07-07 06:30:00;1.6215
2025-07-07 06:45:00;2.2298
2025-07-07 07:00:00;2.9764
2025-07-07 07:15:00;3.5514
2025-07-07 07:30:00;4.1657
2025-07-07 07:45:00;4.7119
2025-07-07 08:00:00;5.2843
2025-07-07 08:15:00;5.8678
2025-07-07 08:30:00;6.2871
2025-07-07 08:45:00;6.9249
2025-07-07 09:00:00;6.4957
2025-07-07 09:15:00;7.0721
2025-07-07 09:30:00;7.3819
2025-07-07 09:45:00;7.6968
2025-07-07 10:00:00;8.5363
2025-07-07 10:15:00;8.7783
2025-07-07 10:30:00;9.5908
2025-07-07 10:45:00;9.4230
2025-07-07 11:00:00;10.4093
2025-07-07 11:15:00;11.2556
2025-07-07 11:30:00;11.3943
2025-07-07 11:45:00;11.5184
2025-07-07 12:00:00;11.2994
2025-07-07 12:15:00;12.5514
2025-07-07 12:30:00;11.5868
2025-07-07 12:45:00;11.9755
2025-07-07 13:00:00;12.7105
2025-07-07 13:15:00;12.9848
2025-07-07 13:30:00;13.1099
2025-07-07 13:45:00;12.8988
2025-07-07 14:00:00;11.1024
2025-07-07 14:15:00;11.6456
2025-07-07 14:30:00;12.2441
2025-07-07 14:45:00;11.1325
2025-07-07 15:00:00;12.3410
2025-07-07 15:15:00;11.9292
2025-07-07 15:30:00;11.7358
2025-07-07 15:45:00;11.4993
2025-07-07 16:00:00;11.3227
2025-07-07 16:15:00;11.0728
2025-07-07 16:30:00;10.8449
2025-07-07 16:45:00;10.4317
2025-07-07 17:00:00;9.5486
2025-07-07 17:15:00;9.9611
2025-07-07 17:30:00;8.9966
2025-07-07 17:45:00;8.7866
2025-07-07 18:00:00;7.4307
2025-07-07 18:15:00;6.9382
2025-07-07 18:30:00;6.6648
2025-07-07 18:45:00;6.7826
2025-07-07 19:00:00;6.3693
2025-07-07 19:15:00;5.9009
2025-07-07 19:30:00;5.5297
2025-07-07 19:45:00;4.5002
2025-07-07 20:00:00;4.5186
2025-07-07 20:15:00;3.9380
2025-07-07 20:30:00;3.3622
2025-07-07 20:45:00;2.5352
2025-07-07 21:00:00;1.8583
2025-07-07 21:15:00;1.1984
2025-07-07 21:30:00;0.6240
2025-07-07 21:45:00;0.0000
2025-07-07 22:00:00;0.0000
2025-07-07 22:15:00;0.0000
2025-07-07 22:30:00;0.0000
2025-07-07 22:45:00;0.0000
2025-07-07 23:00:00;0.0000
2025-07-07 23:15:00;0.0000
2025-07-07 23:30:00;0.0000
2025-07-07 23:45:00;0.0000
2025-07-08 00:00:00;0.0000
2025-07-08 00:15:00;0.0000
2025-07-08 00:30:00;0.0000
2025-07-08 00:45:00;0.0000
2025-07-08 01:00:00;0.0000
2025-07-08 01:15:00;0.0000
2025-07-08 01:30:00;0.0000
2025-07-08 01:45:00;0.0000
2025-07-08 02:00:00;0.0000
2025-07-08 02:15:00;0.0000
2025-07-08 02:30:00;0.0000
2025-07-08 02:45:00;0.0000
2025-07-08 03:00:00;0.0000
2025-07-08 03:15:00;0.0000
2025-07-08 03:30:00;0.0000
2025-07-08 03:45:00;0.0000
2025-07-08 04:00:00;0.0000
2025-07-08 04:15:00;0.0000
2025-07-08 04:30:00;0.0000
2025-07-08 04:45:00;0.0000
2025-07-08 05:00:00;0.0000
2025-07-08 05:15:00;0.0000
2025-07-08 05:30:00;0.0000
2025-07-08 05:45:00;0.0000
2025-07-08 06:00:00;1.5904
2025-07-08 06:15:00;3.2103
2025-07-08 06:30:00;4.8696
2025-07-08 06:45:00;6.4732
2025-07-08 07:00:00;6.5695
2025-07-08 07:15:00;7.8161
2025-07-08 07:30:00;9.0062
2025-07-08 07:45:00;10.5731
2025-07-08 08:00:00;14.1594
2025-07-08 08:15:00;14.8606
2025-07-08 08:30:00;16.5379
2025-07-08 08:45:00;17.3795
2025-07-08 09:00:00;18.2662
2025-07-08 09:15:00;19.3768
2025-07-08 09:30:00;21.0282
2025-07-08 09:45:00;21.7797
2025-07-08 10:00:00;25.9611
2025-07-08 10:15:00;27.1015
2025-07-08 10:30:00;28.5846
2025-07-08 10:45:00;28.2325
2025-07-08 11:00:00;13.0236
2025-07-08 11:15:00;13.1990
2025-07-08 11:30:00;12.7105
2025-07-08 11:45:00;13.2542
2025-07-08 12:00:00;29.2469
2025-07-08 12:15:00;29.7741
2025-07-08 12:30:00;30.9811
2025-07-08 12:45:00;29.2687
2025-07-08 13:00:00;30.6780
2025-07-08 13:15:00;28.4252
2025-07-08 13:30:00;28.6440
2025-07-08 13:45:00;28.8830
2025-07-08 14:00:00;30.1335
2025-07-08 14:15:00;29.9406
2025-07-08 14:30:00;28.8307
2025-07-08 14:45:00;29.0098
2025-07-08 15:00:00;32.4900
2025-07-08 15:15:00;34.7061
2025-07-08 15:30:00;34.9552
2025-07-08 15:45:00;34.4423
2025-07-08 16:00:00;25.4724
2025-07-08 16:15:00;26.2804
2025-07-08 16:30:00;24.6697
2025-07-08 16:45:00;24.4110
2025-07-08 17:00:00;25.3931
2025-07-08 17:15:00;25.9538
2025-07-08 17:30:00;23.9038
2025-07-08 17:45:00;23.2492
2025-07-08 18:00:00;18.5635
2025-07-08 18:15:00;16.8878
2025-07-08 18:30:00;15.7866
2025-07-08 18:45:00;15.3089
2025-07-08 19:00:00;15.9469
2025-07-08 19:15:00;14.7109
2025-07-08 19:30:00;12.4641
2025-07-08 19:45:00;11.1397
2025-07-08 20:00:00;11.0038
2025-07-08 20:15:00;8.8745
2025-07-08 20:30:00;7.8646
2025-07-08 20:45:00;6.2968
2025-07-08 21:00:00;5.1610
2025-07-08 21:15:00;3.3063
2025-07-08 21:30:00;1.6779
2025-07-08 21:45:00;0.0000
2025-07-08 22:00:00;0.0000
2025-07-08 22:15:00;0.0000
2025-07-08 22:30:00;0.0000
2025-07-08 22:45:00;0.0000
2025-07-08 23:00:00;0.0000
2025-07-08 23:15:00;0.0000
2025-07-08 23:30:00;0.0000
2025-07-08 23:45:00;0.0000
2025-07-09 00:00:00;0.0000
2025-07-09 00:15:00;0.0000
2025-07-09 00:30:00;0.0000
2025-07-09 00:45:00;0.0000
2025-07-09 01:00:00;0.0000
2025-07-09 01:15:00;0.0000
2025-07-09 01:30:00;0.0000
2025-07-09 01:45:00;0.0000
2025-07-09 02:00:00;0.0000
2025-07-09 02:15:00;0.0000
2025-07-09 02:30:00;0.0000
2025-07-09 02:45:00;0.0000
2025-07-09 03:00:00;0.0000
2025-07-09 03:15:00;0.0000
2025-07-09 03:30:00;0.0000
2025-07-09 03:45:00;0.0000
2025-07-09 04:00:00;0.0000
2025-07-09 04:15:00;0.0000
2025-07-09 04:30:00;0.0000
2025-07-09 04:45:00;0.0000
2025-07-09 05:00:00;0.0000
2025-07-09 05:15:00;0.0000
2025-07-09 05:30:00;0.0000
2025-07-09 05:45:00;0.0000
2025-07-09 06:00:00;2.3994
2025-07-09 06:15:00;4.7977
2025-07-09 06:30:00;7.4805
2025-07-09 06:45:00;9.4777
2025-07-09 07:00:00;11.9551
2025-07-09 07:15:00;13.4744
2025-07-09 07:30:00;15.9213
2025-07-09 07:45:00;19.4588
2025-07-09 08:00:00;21.0191
2025-07-09 08:15:00;22.4151
2025-07-09 08:30:00;24.4695
2025-07-09 08:45:00;27.0551
2025-07-09 09:00:00;27.7496
2025-07-09 09:15:00;30.7776
2025-07-09 09:30:00;33.5175
2025-07-09 09:45:00;37.0535
2025-07-09 10:00:00;36.4779
2025-07-09 10:15:00;37.1356
2025-07-09 10:30:00;37.0801
2025-07-09 10:45:00;37.1413
2025-07-09 11:00:00;37.1546
2025-07-09 11:15:00;37.1634
2025-07-09 11:30:00;37.1848
2025-07-09 11:45:00;37.1275
2025-07-09 12:00:00;37.1856
2025-07-09 12:15:00;37.1157
2025-07-09 12:30:00;37.1621
2025-07-09 12:45:00;37.1171
2025-07-09 13:00:00;37.2224
2025-07-09 13:15:00;37.1999
2025-07-09 13:30:00;37.1882
2025-07-09 13:45:00;37.1328
2025-07-09 14:00:00;37.1584
2025-07-09 14:15:00;37.1468
2025-07-09 14:30:00;37.2044
2025-07-09 14:45:00;37.1194
2025-07-09 15:00:00;37.1564
2025-07-09 15:15:00;37.1291
2025-07-09 15:30:00;37.1376
2025-07-09 15:45:00;37.1779
2025-07-09 16:00:00;37.1746
2025-07-09 16:15:00;37.1775
2025-07-09 16:30:00;37.2218
2025-07-09 16:45:00;37.1126
2025-07-09 17:00:00;37.1307
2025-07-09 17:15:00;37.1536
2025-07-09 17:30:00;37.1553
2025-07-09 17:45:00;34.9665
2025-07-09 18:00:00;33.6447
2025-07-09 18:15:00;30.8546
2025-07-09 18:30:00;28.4106
2025-07-09 18:45:00;26.4007
2025-07-09 19:00:00;23.2237
2025-07-09 19:15:00;21.0622
2025-07-09 19:30:00;18.8237
2025-07-09 19:45:00;17.5259
2025-07-09 20:00:00;18.1261
2025-07-09 20:15:00;15.3771
2025-07-09 20:30:00;13.5019
2025-07-09 20:45:00;10.4032
2025-07-09 21:00:00;7.4351
2025-07-09 21:15:00;5.0201
2025-07-09 21:30:00;2.4983
2025-07-09 21:45:00;0.0000
2025-07-09 22:00:00;0.0000
2025-07-09 22:15:00;0.0000
2025-07-09 22:30:00;0.0000
2025-07-09 22:45:00;0.0000
2025-07-09 23:00:00;0.0000
2025-07-09 23:15:00;0.0000
2025-07-09 23:30:00;0.0000
2025-07-09 23:45:00;0.0000
2025-07-10 00:00:00;0.0000
2025-07-10 00:15:00;0.0000
2025-07-10 00:30:00;0.0000
2025-07-10 00:45:00;0.0000
2025-07-10 01:00:00;0.0000
2025-07-10 01:15:00;0.0000
2025-07-10 01:30:00;0.0000
2025-07-10 01:45:00;0.0000
2025-07-10 02:00:00;0.0000
2025-07-10 02:15:00;0.0000
2025-07-10 02:30:00;0.0000
2025-07-10 02:45:00;0.0000
2025-07-10 03:00:00;0.0000
2025-07-10 03:15:00;0.0000
2025-07-10 03:30:00;0.0000
2025-07-10 03:45:00;0.0000
2025-07-10 04:00:00;0.0000
2025-07-10 04:15:00;0.0000
2025-07-10 04:30:00;0.0000
2025-07-10 04:45:00;0.0000
2025-07-10 05:00:00;0.0000
2025-07-10 05:15:00;0.0000
2025-07-10 05:30:00;0.0000
2025-07-10 05:45:00;0.0000
2025-07-10 06:00:00;1.1318
2025-07-10 06:15:00;2.2763
2025-07-10 06:30:00;3.4315
2025-07-10 06:45:00;4.1437
2025-07-10 07:00:00;7.6910
2025-07-10 07:15:00;8.6866
2025-07-10 07:30:00;10.2442
2025-07-10 07:45:00;12.5722
2025-07-10 08:00:00;14.0910
2025-07-10 08:15:00;16.1872
2025-07-10 08:30:00;18.4495
2025-07-10 08:45:00;19.4265
2025-07-10 09:00:00;14.0260
2025-07-10 09:15:00;15.0892
2025-07-10 09:30:00;15.7764
2025-07-10 09:45:00;17.1034
2025-07-10 10:00:00;24.0665
2025-07-10 10:15:00;24.1308
2025-07-10 10:30:00;25.6846
2025-07-10 10:45:00;26.7545
2025-07-10 11:00:00;17.6379
2025-07-10 11:15:00;17.1942
2025-07-10 11:30:00;18.7839
2025-07-10 11:45:00;18.6082
2025-07-10 12:00:00;19.3608
2025-07-10 12:15:00;19.5583
2025-07-10 12:30:00;20.5296
2025-07-10 12:45:00;21.1895
2025-07-10 13:00:00;22.6418
2025-07-10 13:15:00;22.2181
2025-07-10 13:30:00;22.7807
2025-07-10 13:45:00;22.4761
2025-07-10 14:00:00;33.3017
2025-07-10 14:15:00;33.9565
2025-07-10 14:30:00;33.0719
2025-07-10 14:45:00;32.9719
2025-07-10 15:00:00;27.4772
2025-07-10 15:15:00;25.5758
2025-07-10 15:30:00;27.2168
2025-07-10 15:45:00;26.8819
2025-07-10 16:00:00;22.6053
2025-07-10 16:15:00;22.3917
2025-07-10 16:30:00;21.2566
2025-07-10 16:45:00;21.0689
2025-07-10 17:00:00;22.8487
2025-07-10 17:15:00;22.0337
2025-07-10 17:30:00;20.7159
2025-07-10 17:45:00;19.9382
2025-07-10 18:00:00;22.2969
2025-07-10 18:15:00;22.5441
2025-07-10 18:30:00;20.3831
2025-07-10 18:45:00;18.2107
2025-07-10 19:00:00;13.1293
2025-07-10 19:15:00;11.3122
2025-07-10 19:30:00;10.6905
2025-07-10 19:45:00;9.7196
2025-07-10 20:00:00;9.7732
2025-07-10 20:15:00;8.5626
2025-07-10 20:30:00;7.2115
2025-07-10 20:45:00;5.5269
2025-07-10 21:00:00;5.0379
2025-07-10 21:15:00;3.2130
2025-07-10 21:30:00;1.6433
2025-07-10 21:45:00;0.0000
2025-07-10 22:00:00;0.0000
2025-07-10 22:15:00;0.0000
2025-07-10 22:30:00;0.0000
2025-07-10 22:45:00;0.0000
2025-07-10 23:00:00;0.0000
2025-07-10 23:15:00;0.0000
2025-07-10 23:30:00;0.0000
2025-07-10 23:45:00;0.0000
2025-07-11 00:00:00;0.0000
2025-07-11 00:15:00;0.0000
2025-07-11 00:30:00;0.0000
2025-07-11 00:45:00;0.0000
2025-07-11 01:00:00;0.0000
2025-07-11 01:15:00;0.0000
2025-07-11 01:30:00;0.0000
2025-07-11 01:45:00;0.0000
2025-07-11 02:00:00;0.0000
2025-07-11 02:15:00;0.0000
2025-07-11 02:30:00;0.0000
2025-07-11 02:45:00;0.0000
2025-07-11 03:00:00;0.0000
2025-07-11 03:15:00;0.0000
2025-07-11 03:30:00;0.0000
2025-07-11 03:45:00;0.0000
2025-07-11 04:00:00;0.0000
2025-07-11 04:15:00;0.0000
2025-07-11 04:30:00;0.0000
2025-07-11 04:45:00;0.0000
2025-07-11 05:00:00;0.0000
2025-07-11 05:15:00;0.0000
2025-07-11 05:30:00;0.0000
2025-07-11 05:45:00;0.0000
2025-07-11 06:00:00;0.5747
2025-07-11 06:15:00;1.1642
2025-07-11 06:30:00;1.7762
2025-07-11 06:45:00;2.5042
2025-07-11 07:00:00;2.8956
2025-07-11 07:15:00;3.1564
2025-07-11 07:30:00;3.7465
2025-07-11 07:45:00;4.2866
2025-07-11 08:00:00;5.0591
2025-07-11 08:15:00;6.2512
2025-07-11 08:30:00;6.6581
2025-07-11 08:45:00;7.3011
2025-07-11 09:00:00;6.3762
2025-07-11 09:15:00;6.6905
2025-07-11 09:30:00;7.0721
2025-07-11 09:45:00;7.8326
2025-07-11 10:00:00;9.6978
2025-07-11 10:15:00;9.9490
2025-07-11 10:30:00;10.3303
2025-07-11 10:45:00;11.0765
2025-07-11 11:00:00;8.5458
2025-07-11 11:15:00;9.3768
2025-07-11 11:30:00;9.6318
2025-07-11 11:45:00;9.8410
2025-07-11 12:00:00;10.9114
2025-07-11 12:15:00;11.5763
2025-07-11 12:30:00;11.5592
2025-07-11 12:45:00;11.9413
2025-07-11 13:00:00;11.3509
2025-07-11 13:15:00;11.8976
2025-07-11 13:30:00;11.2639
2025-07-11 13:45:00;10.8414
2025-07-11 14:00:00;11.4153
2025-07-11 14:15:00;10.9231
2025-07-11 14:30:00;11.3938
2025-07-11 14:45:00;11.7428
2025-07-11 15:00:00;12.2525
2025-07-11 15:15:00;11.9525
2025-07-11 15:30:00;11.5044
2025-07-11 15:45:00;10.9674
2025-07-11 16:00:00;11.2681
2025-07-11 16:15:00;11.4247
2025-07-11 16:30:00;10.7989
2025-07-11 16:45:00;10.9758
2025-07-11 17:00:00;8.7097
2025-07-11 17:15:00;8.9436
2025-07-11 17:30:00;8.5776
2025-07-11 17:45:00;8.6358
2025-07-11 18:00:00;7.7296
2025-07-11 18:15:00;7.2273
2025-07-11 18:30:00;7.4043
2025-07-11 18:45:00;6.3767
2025-07-11 19:00:00;6.9144
2025-07-11 19:15:00;6.2802
2025-07-11 19:30:00;5.7452
2025-07-11 19:45:00;4.9011
2025-07-11 20:00:00;3.6889
2025-07-11 20:15:00;3.4140
2025-07-11 20:30:00;2.7461
2025-07-11 20:45:00;2.2639
2025-07-11 21:00:00;1.8294
2025-07-11 21:15:00;1.2516
2025-07-11 21:30:00;0.6458
2025-07-11 21:45:00;0.0000
2025-07-11 22:00:00;0.0000
2025-07-11 22:15:00;0.0000
2025-07-11 22:30:00;0.0000
2025-07-11 22:45:00;0.0000
2025-07-11 23:00:00;0.0000
2025-07-11 23:15:00;0.0000
2025-07-11 23:30:00;0.0000
2025-07-11 23:45:00;0.0000
2025-07-12 00:00:00;0.0000
2025-07-12 00:15:00;0.0000
2025-07-12 00:30:00;0.0000
2025-07-12 00:45:00;0.0000
2025-07-12 01:00:00;0.0000
2025-07-12 01:15:00;0.0000
2025-07-12 01:30:00;0.0000
2025-07-12 01:45:00;0.0000
2025-07-12 02:00:00;0.0000
2025-07-12 02:15:00;0.0000
2025-07-12 02:30:00;0.0000
2025-07-12 02:45:00;0.0000
2025-07-12 03:00:00;0.0000
2025-07-12 03:15:00;0.0000
2025-07-12 03:30:00;0.0000
2025-07-12 03:45:00;0.0000
2025-07-12 04:00:00;0.0000
2025-07-12 04:15:00;0.0000
2025-07-12 04:30:00;0.0000
2025-07-12 04:45:00;0.0000
2025-07-12 05:00:00;0.0000
2025-07-12 05:15:00;0.0000
2025-07-12 05:30:00;0.0000
2025-07-12 05:45:00;0.0000
2025-07-12 06:00:00;0.6253
2025-07-12 06:15:00;1.1755
2025-07-12 06:30:00;1.8392
2025-07-12 06:45:00;2.3912
2025-07-12 07:00:00;2.9899
2025-07-12 07:15:00;3.6133
2025-07-12 07:30:00;4.3121
2025-07-12 07:45:00;4.7845
2025-07-12 08:00:00;4.8257
2025-07-12 08:15:00;5.4259
2025-07-12 08:30:00;5.4827
2025-07-12 08:45:00;5.9732
2025-07-12 09:00:00;7.2411
2025-07-12 09:15:00;8.0761
2025-07-12 09:30:00;8.2528
2025-07-12 09:45:00;8.9628
2025-07-12 10:00:00;9.4548
2025-07-12 10:15:00;10.2997
2025-07-12 10:30:00;10.7296
2025-07-12 10:45:00;11.1632
2025-07-12 11:00:00;9.6198
2025-07-12 11:15:00;10.0981
2025-07-12 11:30:00;10.3434
2025-07-12 11:45:00;10.0914
2025-07-12 12:00:00;10.7154
2025-07-12 12:15:00;11.3309
2025-07-12 12:30:00;10.8088
2025-07-12 12:45:00;10.9647
2025-07-12 13:00:00;12.3527
2025-07-12 13:15:00;12.0869
2025-07-12 13:30:00;11.8679
2025-07-12 13:45:00;12.5433
2025-07-12 14:00:00;13.0983
2025-07-12 14:15:00;12.9012
2025-07-12 14:30:00;12.7972
2025-07-12 14:45:00;12.8690
2025-07-12 15:00:00;11.2645
2025-07-12 15:15:00;11.2336
2025-07-12 15:30:00;10.8630
2025-07-12 15:45:00;11.1009
2025-07-12 16:00:00;11.8585
2025-07-12 16:15:00;11.6106
2025-07-12 16:30:00;11.4594
2025-07-12 16:45:00;11.4887
2025-07-12 17:00:00;10.0070
2025-07-12 17:15:00;9.2797
2025-07-12 17:30:00;9.1989
2025-07-12 17:45:00;8.4987
2025-07-12 18:00:00;6.2329
2025-07-12 18:15:00;6.2913
2025-07-12 18:30:00;6.0794
2025-07-12 18:45:00;5.5338
2025-07-12 19:00:00;5.9728
2025-07-12 19:15:00;5.2675
2025-07-12 19:30:00;4.7231
2025-07-12 19:45:00;4.2595
2025-07-12 20:00:00;3.9100
2025-07-12 20:15:00;3.5277
2025-07-12 20:30:00;2.9413
2025-07-12 20:45:00;2.2961
2025-07-12 21:00:00;1.8876
2025-07-12 21:15:00;1.2257
2025-07-12 21:30:00;0.6440
2025-07-12 21:45:00;0.0000
2025-07-12 22:00:00;0.0000
2025-07-12 22:15:00;0.0000
2025-07-12 22:30:00;0.0000
2025-07-12 22:45:00;0.0000
2025-07-12 23:00:00;0.0000
2025-07-12 23:15:00;0.0000
2025-07-12 23:30:00;0.0000
2025-07-12 23:45:00;0.0000
2025-07-13 00:00:00;0.0000
2025-07-13 00:15:00;0.0000
2025-07-13 00:30:00;0.0000
2025-07-13 00:45:00;0.0000
2025-07-13 01:00:00;0.0000
2025-07-13 01:15:00;0.0000
2025-07-13 01:30:00;0.0000
2025-07-13 01:45:00;0.0000
2025-07-13 02:00:00;0.0000
2025-07-13 02:15:00;0.0000
2025-07-13 02:30:00;0.0000
2025-07-13 02:45:00;0.0000
2025-07-13 03:00:00;0.0000
2025-07-13 03:15:00;0.0000
2025-07-13 03:30:00;0.0000
2025-07-13 03:45:00;0.0000
2025-07-13 04:00:00;0.0000
2025-07-13 04:15:00;0.0000
2025-07-13 04:30:00;0.0000
2025-07-13 04:45:00;0.0000
2025-07-13 05:00:00;0.0000
2025-07-13 05:15:00;0.0000
2025-07-13 05:30:00;0.0000
2025-07-13 05:45:00;0.0000
2025-07-13 06:00:00;0.6587
2025-07-13 06:15:00;1.4569
2025-07-13 06:30:00;2.1833
2025-07-13 06:45:00;2.7994
2025-07-13 07:00:00;2.7909
2025-07-13 07:15:00;3.4823
2025-07-13 07:30:00;4.0511
2025-07-13 07:45:00;4.5242
2025-07-13 08:00:00;5.1194
2025-07-13 08:15:00;5.3001
2025-07-13 08:30:00;5.9340
2025-07-13 08:45:00;6.5331
2025-07-13 09:00:00;7.9120
2025-07-13 09:15:00;8.6279
2025-07-13 09:30:00;9.7993
2025-07-13 09:45:00;9.4216
2025-07-13 10:00:00;10.8614
2025-07-13 10:15:00;11.4934
2025-07-13 10:30:00;12.4112
2025-07-13 10:45:00;12.2681
2025-07-13 11:00:00;10.6598
2025-07-13 11:15:00;10.7969
2025-07-13 11:30:00;11.0882
2025-07-13 11:45:00;12.0606
2025-07-13 12:00:00;11.8505
2025-07-13 12:15:00;12.1467
2025-07-13 12:30:00;12.0765
2025-07-13 12:45:00;12.1070
2025-07-13 13:00:00;11.0090
2025-07-13 13:15:00;10.6948
2025-07-13 13:30:00;11.1338
2025-07-13 13:45:00;10.9236
2025-07-13 14:00:00;11.6368
2025-07-13 14:15:00;12.5392
2025-07-13 14:30:00;11.8247
2025-07-13 14:45:00;12.5453
2025-07-13 15:00:00;10.5734
2025-07-13 15:15:00;10.6091
2025-07-13 15:30:00;10.0140
2025-07-13 15:45:00;10.1355
2025-07-13 16:00:00;11.9410
2025-07-13 16:15:00;12.0259
2025-07-13 16:30:00;11.4655
2025-07-13 16:45:00;11.0252
2025-07-13 17:00:00;10.6313
2025-07-13 17:15:00;9.7239
2025-07-13 17:30:00;9.2656
2025-07-13 17:45:00;9.5120
2025-07-13 18:00:00;6.9535
2025-07-13 18:15:00;7.0528
2025-07-13 18:30:00;6.3736
2025-07-13 18:45:00;6.1050
2025-07-13 19:00:00;6.0877
2025-07-13 19:15:00;5.5948
2025-07-13 19:30:00;4.9959
2025-07-13 19:45:00;4.5856
2025-07-13 20:00:00;3.3821
2025-07-13 20:15:00;2.9067
2025-07-13 20:30:00;2.3613
2025-07-13 20:45:00;1.9604
2025-07-13 21:00:00;1.5975
2025-07-13 21:15:00;1.0202
2025-07-13 21:30:00;0.5778
2025-07-13 21:45:00;0.0000
2025-07-13 22:00:00;0.0000
2025-07-13 22:15:00;0.0000
2025-07-13 22:30:00;0.0000
2025-07-13 22:45:00;0.0000
2025-07-13 23:00:00;0.0000
2025-07-13 23:15:00;0.0000
2025-07-13 23:30:00;0.0000
2025-07-13 23:45:00;0.0000
2025-07-14 00:00:00;0.0000
2025-07-14 00:15:00;0.0000
2025-07-14 00:30:00;0.0000
2025-07-14 00:45:00;0.0000
2025-07-14 01:00:00;0.0000
2025-07-14 01:15:00;0.0000
2025-07-14 01:30:00;0.0000
2025-07-14 01:45:00;0.0000
2025-07-14 02:00:00;0.0000
2025-07-14 02:15:00;0.0000
2025-07-14 02:30:00;0.0000
2025-07-14 02:45:00;0.0000
2025-07-14 03:00:00;0.0000
2025-07-14 03:15:00;0.0000
2025-07-14 03:30:00;0.0000
2025-07-14 03:45:00;0.0000
2025-07-14 04:00:00;0.0000
2025-07-14 04:15:00;0.0000
2025-07-14 04:30:00;0.0000
2025-07-14 04:45:00;0.0000
2025-07-14 05:00:00;0.0000
2025-07-14 05:15:00;0.0000
2025-07-14 05:30:00;0.0000
2025-07-14 05:45:00;0.0000
2025-07-14 06:00:00;0.8572
2025-07-14 06:15:00;1.6540
2025-07-14 06:30:00;2.4949
2025-07-14 06:45:00;3.5301
2025-07-14 07:00:00;7.4805
2025-07-14 07:15:00;9.1971
2025-07-14 07:30:00;10.3107
2025-07-14 07:45:00;11.9996
2025-07-14 08:00:00;7.2081
2025-07-14 08:15:00;7.9652
2025-07-14 08:30:00;8.6527
2025-07-14 08:45:00;9.7008
2025-07-14 09:00:00;22.8987
2025-07-14 09:15:00;23.5376
2025-07-14 09:30:00;23.4783
2025-07-14 09:45:00;25.3319
2025-07-14 10:00:00;22.9926
2025-07-14 10:15:00;24.9827
2025-07-14 10:30:00;27.5142
2025-07-14 10:45:00;26.3100
2025-07-14 11:00:00;24.6233
2025-07-14 11:15:00;25.6065
2025-07-14 11:30:00;27.0421
2025-07-14 11:45:00;26.2927
2025-07-14 12:00:00;27.1324
2025-07-14 12:15:00;26.4359
2025-07-14 12:30:00;26.3937
2025-07-14 12:45:00;26.5189
2025-07-14 13:00:00;34.5035
2025-07-14 13:15:00;34.3643
2025-07-14 13:30:00;32.3459
2025-07-14 13:45:00;32.7216
2025-07-14 14:00:00;34.8753
2025-07-14 14:15:00;34.7521
2025-07-14 14:30:00;32.1050
2025-07-14 14:45:00;33.7500
2025-07-14 15:00:00;23.9684
2025-07-14 15:15:00;23.2327
2025-07-14 15:30:00;22.3523
2025-07-14 15:45:00;21.3248
2025-07-14 16:00:00;30.6692
2025-07-14 16:15:00;30.8669
2025-07-14 16:30:00;29.6791
2025-07-14 16:45:00;27.8703
2025-07-14 17:00:00;12.7755
2025-07-14 17:15:00;12.7418
2025-07-14 17:30:00;12.3159
2025-07-14 17:45:00;11.1812
2025-07-14 18:00:00;19.9585
2025-07-14 18:15:00;18.2788
2025-07-14 18:30:00;16.5837
2025-07-14 18:45:00;15.8353
2025-07-14 19:00:00;10.9690
2025-07-14 19:15:00;9.9751
2025-07-14 19:30:00;9.0418
2025-07-14 19:45:00;8.1334
2025-07-14 20:00:00;11.2379
2025-07-14 20:15:00;9.8082
2025-07-14 20:30:00;7.8512
2025-07-14 20:45:00;6.4336
2025-07-14 21:00:00;4.9818
2025-07-14 21:15:00;3.4646
2025-07-14 21:30:00;1.6927
2025-07-14 21:45:00;0.0000
2025-07-14 22:00:00;0.0000
2025-07-14 22:15:00;0.0000
2025-07-14 22:30:00;0.0000
2025-07-14 22:45:00;0.0000
2025-07-14 23:00:00;0.0000
2025-07-14 23:15:00;0.0000
2025-07-14 23:30:00;0.0000
2025-07-14 23:45:00;0.0000
2025-07-15 00:00:00;0.0000
2025-07-15 00:15:00;0.0000
2025-07-15 00:30:00;0.0000
2025-07-15 00:45:00;0.0000
2025-07-15 01:00:00;0.0000
2025-07-15 01:15:00;0.0000
2025-07-15 01:30:00;0.0000
2025-07-15 01:45:00;0.0000
2025-07-15 02:00:00;0.0000
2025-07-15 02:15:00;0.0000
2025-07-15 02:30:00;0.0000
2025-07-15 02:45:00;0.0000
2025-07-15 03:00:00;0.0000
2025-07-15 03:15:00;0.0000
2025-07-15 03:30:00;0.0000
2025-07-15 03:45:00;0.0000
2025-07-15 04:00:00;0.0000
2025-07-15 04:15:00;0.0000
2025-07-15 04:30:00;0.0000
2025-07-15 04:45:00;0.0000
2025-07-15 05:00:00;0.0000
2025-07-15 05:15:00;0.0000
2025-07-15 05:30:00;0.0000
2025-07-15 05:45:00;0.0000
2025-07-15 06:00:00;2.3200
2025-07-15 06:15:00;4.6767
2025-07-15 06:30:00;6.7550
2025-07-15 06:45:00;8.3811
2025-07-15 07:00:00;11.4110
2025-07-15 07:15:00;13.5399
2025-07-15 07:30:00;16.1015
2025-07-15 07:45:00;17.6950
2025-07-15 08:00:00;20.5893
2025-07-15 08:15:00;22.4971
2025-07-15 08:30:00;25.7339
2025-07-15 08:45:00;27.3513
2025-07-15 09:00:00;23.8103
2025-07-15 09:15:00;27.6796
2025-07-15 09:30:00;29.5697
2025-07-15 09:45:00;30.7132
2025-07-15 10:00:00;35.9591
2025-07-15 10:15:00;37.1553
2025-07-15 10:30:00;37.1450
2025-07-15 10:45:00;37.1639
2025-07-15 11:00:00;37.1507
2025-07-15 11:15:00;37.1018
2025-07-15 11:30:00;37.2193
2025-07-15 11:45:00;37.1566
2025-07-15 12:00:00;37.1123
2025-07-15 12:15:00;37.1214
2025-07-15 12:30:00;37.2093
2025-07-15 12:45:00;37.1417
2025-07-15 13:00:00;37.1744
2025-07-15 13:15:00;37.1339
2025-07-15 13:30:00;37.1626
2025-07-15 13:45:00;37.0926
2025-07-15 14:00:00;37.1309
2025-07-15 14:15:00;37.1983
2025-07-15 14:30:00;37.1654
2025-07-15 14:45:00;37.1933
2025-07-15 15:00:00;37.1111
2025-07-15 15:15:00;37.1785
2025-07-15 15:30:00;37.1666
2025-07-15 15:45:00;37.1788
2025-07-15 16:00:00;37.2040
2025-07-15 16:15:00;37.1902
2025-07-15 16:30:00;37.1815
2025-07-15 16:45:00;37.0981
2025-07-15 17:00:00;37.1785
2025-07-15 17:15:00;37.0999
2025-07-15 17:30:00;37.1673
2025-07-15 17:45:00;36.5321
2025-07-15 18:00:00;34.3663
2025-07-15 18:15:00;30.2048
2025-07-15 18:30:00;30.6617
2025-07-15 18:45:00;28.2431
2025-07-15 19:00:00;25.3817
2025-07-15 19:15:00;22.3257
2025-07-15 19:30:00;20.0692
2025-07-15 19:45:00;18.4953
2025-07-15 20:00:00;13.9099
2025-07-15 20:15:00;12.6074
2025-07-15 20:30:00;11.2377
2025-07-15 20:45:00;8.0407
2025-07-15 21:00:00;7.9417
2025-07-15 21:15:00;5.2008
2025-07-15 21:30:00;2.6547
2025-07-15 21:45:00;0.0000
2025-07-15 22:00:00;0.0000
2025-07-15 22:15:00;0.0000
2025-07-15 22:30:00;0.0000
2025-07-15 22:45:00;0.0000
2025-07-15 23:00:00;0.0000
2025-07-15 23:15:00;0.0000
2025-07-15 23:30:00;0.0000
2025-07-15 23:45:00;0.0000
2025-07-16 00:00:00;0.0000
2025-07-16 00:15:00;0.0000
2025-07-16 00:30:00;0.0000
2025-07-16 00:45:00;0.0000
2025-07-16 01:00:00;0.0000
2025-07-16 01:15:00;0.0000
2025-07-16 01:30:00;0.0000
2025-07-16 01:45:00;0.0000
2025-07-16 02:00:00;0.0000
2025-07-16 02:15:00;0.0000
2025-07-16 02:30:00;0.0000
2025-07-16 02:45:00;0.0000
2025-07-16 03:00:00;0.0000
2025-07-16 03:15:00;0.0000
2025-07-16 03:30:00;0.0000
2025-07-16 03:45:00;0.0000
2025-07-16 04:00:00;0.0000
2025-07-16 04:15:00;0.0000
2025-07-16 04:30:00;0.0000
2025-07-16 04:45:00;0.0000
2025-07-16 05:00:00;0.0000
2025-07-16 05:15:00;0.0000
2025-07-16 05:30:00;0.0000
2025-07-16 05:45:00;0.0000
2025-07-16 06:00:00;1.4801
2025-07-16 06:15:00;3.1804
2025-07-16 06:30:00;4.7385
2025-07-16 06:45:00;5.8333
2025-07-16 07:00:00;7.6284
2025-07-16 07:15:00;9.1089
2025-07-16 07:30:00;11.0005
2025-07-16 07:45:00;11.7457
2025-07-16 08:00:00;12.8595
2025-07-16 08:15:00;14.3272
2025-07-16 08:30:00;15.5674
2025-07-16 08:45:00;17.1588
2025-07-16 09:00:00;16.5671
2025-07-16 09:15:00;19.4016
2025-07-16 09:30:00;20.1737
2025-07-16 09:45:00;20.3916
2025-07-16 10:00:00;23.2042
2025-07-16 10:15:00;24.9589
2025-07-16 10:30:00;26.1186
2025-07-16 10:45:00;25.0877
2025-07-16 11:00:00;25.1356
2025-07-16 11:15:00;26.5177
2025-07-16 11:30:00;27.8063
2025-07-16 11:45:00;29.0104
2025-07-16 12:00:00;14.7747
2025-07-16 12:15:00;14.8515
2025-07-16 12:30:00;15.5167
2025-07-16 12:45:00;15.2924
2025-07-16 13:00:00;28.6284
2025-07-16 13:15:00;28.8677
2025-07-16 13:30:00;25.8638
2025-07-16 13:45:00;26.4607
2025-07-16 14:00:00;34.7422
2025-07-16 14:15:00;32.5331
2025-07-16 14:30:00;31.7214
2025-07-16 14:45:00;31.8930
2025-07-16 15:00:00;30.0154
2025-07-16 15:15:00;29.6502
2025-07-16 15:30:00;29.4296
2025-07-16 15:45:00;27.3977
2025-07-16 16:00:00;29.3658
2025-07-16 16:15:00;28.4749
2025-07-16 16:30:00;28.9850
2025-07-16 16:45:00;26.4502
2025-07-16 17:00:00;21.1854
2025-07-16 17:15:00;20.0451
2025-07-16 17:30:00;19.3815
2025-07-16 17:45:00;19.1811
2025-07-16 18:00:00;19.9037
2025-07-16 18:15:00;19.0751
2025-07-16 18:30:00;17.7759
2025-07-16 18:45:00;16.7365
2025-07-16 19:00:00;17.0045
2025-07-16 19:15:00;15.9673
2025-07-16 19:30:00;14.3299
2025-07-16 19:45:00;12.5328
2025-07-16 20:00:00;9.9379
2025-07-16 20:15:00;8.9346
2025-07-16 20:30:00;7.3833
2025-07-16 20:45:00;6.0145
2025-07-16 21:00:00;4.7044
2025-07-16 21:15:00;3.4210
2025-07-16 21:30:00;1.7019
2025-07-16 21:45:00;0.0000
2025-07-16 22:00:00;0.0000
2025-07-16 22:15:00;0.0000
2025-07-16 22:30:00;0.0000
2025-07-16 22:45:00;0.0000
2025-07-16 23:00:00;0.0000
2025-07-16 23:15:00;0.0000
2025-07-16 23:30:00;0.0000
2025-07-16 23:45:00;0.0000
2025-07-17 00:00:00;0.0000
2025-07-17 00:15:00;0.0000
2025-07-17 00:30:00;0.0000
2025-07-17 00:45:00;0.0000
2025-07-17 01:00:00;0.0000
2025-07-17 01:15:00;0.0000
2025-07-17 01:30:00;0.0000
2025-07-17 01:45:00;0.0000
2025-07-17 02:00:00;0.0000
2025-07-17 02:15:00;0.0000
2025-07-17 02:30:00;0.0000
2025-07-17 02:45:00;0.0000
2025-07-17 03:00:00;0.0000
2025-07-17 03:15:00;0.0000
2025-07-17 03:30:00;0.0000
2025-07-17 03:45:00;0.0000
2025-07-17 04:00:00;0.0000
2025-07-17 04:15:00;0.0000
2025-07-17 04:30:00;0.0000
2025-07-17 04:45:00;0.0000
2025-07-17 05:00:00;0.0000
2025-07-17 05:15:00;0.0000
2025-07-17 05:30:00;0.0000
2025-07-17 05:45:00;0.0000
2025-07-17 06:00:00;2.2778
2025-07-17 06:15:00;4.6757
2025-07-17 06:30:00;6.6034
2025-07-17 06:45:00;8.7193
2025-07-17 07:00:00;11.4177
2025-07-17 07:15:00;12.7324
2025-07-17 07:30:00;14.7329
2025-07-17 07:45:00;16.1206
2025-07-17 08:00:00;23.7232
2025-07-17 08:15:00;24.4572
2025-07-17 08:30:00;26.7550
2025-07-17 08:45:00;30.9344
2025-07-17 09:00:00;32.2403
2025-07-17 09:15:00;35.6466
2025-07-17 09:30:00;37.2252
2025-07-17 09:45:00;37.2039
2025-07-17 10:00:00;36.6783
2025-07-17 10:15:00;37.1310
2025-07-17 10:30:00;37.1253
2025-07-17 10:45:00;37.1379
2025-07-17 11:00:00;37.2117
2025-07-17 11:15:00;37.1818
2025-07-17 11:30:00;37.2349
2025-07-17 11:45:00;37.1878
2025-07-17 12:00:00;37.0519
2025-07-17 12:15:00;37.2036
2025-07-17 12:30:00;37.1219
2025-07-17 12:45:00;37.1489
2025-07-17 13:00:00;37.1852
2025-07-17 13:15:00;37.2157
2025-07-17 13:30:00;37.1076
2025-07-17 13:45:00;37.1170
2025-07-17 14:00:00;37.1810
2025-07-17 14:15:00;37.1297
2025-07-17 14:30:00;37.1848
2025-07-17 14:45:00;37.1543
2025-07-17 15:00:00;37.1531
2025-07-17 15:15:00;37.2093
2025-07-17 15:30:00;37.2001
2025-07-17 15:45:00;37.1344
2025-07-17 16:00:00;37.1476
2025-07-17 16:15:00;37.1199
2025-07-17 16:30:00;37.1582
2025-07-17 16:45:00;37.1387
2025-07-17 17:00:00;36.8848
2025-07-17 17:15:00;36.4525
2025-07-17 17:30:00;33.7148
2025-07-17 17:45:00;32.4414
2025-07-17 18:00:00;29.8731
2025-07-17 18:15:00;29.8228
2025-07-17 18:30:00;26.2282
2025-07-17 18:45:00;23.8417
2025-07-17 19:00:00;26.8951
2025-07-17 19:15:00;26.1212
2025-07-17 19:30:00;23.4433
2025-07-17 19:45:00;21.1008
2025-07-17 20:00:00;15.0075
2025-07-17 20:15:00;13.2348
2025-07-17 20:30:00;10.8311
2025-07-17 20:45:00;9.1006
2025-07-17 21:00:00;6.4192
2025-07-17 21:15:00;4.5209
2025-07-17 21:30:00;2.1413
2025-07-17 21:45:00;0.0000
2025-07-17 22:00:00;0.0000
2025-07-17 22:15:00;0.0000
2025-07-17 22:30:00;0.0000
2025-07-17 22:45:00;0.0000
2025-07-17 23:00:00;0.0000
2025-07-17 23:15:00;0.0000
2025-07-17 23:30:00;0.0000
2025-07-17 23:45:00;0.0000
2025-07-18 00:00:00;0.0000
2025-07-18 00:15:00;0.0000
2025-07-18 00:30:00;0.0000
2025-07-18 00:45:00;0.0000
2025-07-18 01:00:00;0.0000
2025-07-18 01:15:00;0.0000
2025-07-18 01:30:00;0.0000
2025-07-18 01:45:00;0.0000
2025-07-18 02:00:00;0.0000
2025-07-18 02:15:00;0.0000
2025-07-18 02:30:00;0.0000
2025-07-18 02:45:00;0.0000
2025-07-18 03:00:00;0.0000
2025-07-18 03:15:00;0.0000
2025-07-18 03:30:00;0.0000
2025-07-18 03:45:00;0.0000
2025-07-18 04:00:00;0.0000
2025-07-18 04:15:00;0.0000
2025-07-18 04:30:00;0.0000
2025-07-18 04:45:00;0.0000
2025-07-18 05:00:00;0.0000
2025-07-18 05:15:00;0.0000
2025-07-18 05:30:00;0.0000
2025-07-18 05:45:00;0.0000
2025-07-18 06:00:00;2.2377
2025-07-18 06:15:00;4.4103
2025-07-18 06:30:00;6.6942
2025-07-18 06:45:00;9.2048
2025-07-18 07:00:00;10.0894
2025-07-18 07:15:00;12.8859
2025-07-18 07:30:00;14.9348
2025-07-18 07:45:00;16.5612
2025-07-18 08:00:00;19.1741
2025-07-18 08:15:00;22.3531
2025-07-18 08:30:00;22.8937
2025-07-18 08:45:00;25.3144
2025-07-18 09:00:00;29.2492
2025-07-18 09:15:00;32.2710
2025-07-18 09:30:00;36.6704
2025-07-18 09:45:00;36.2264
2025-07-18 10:00:00;34.0725
2025-07-18 10:15:00;36.0015
2025-07-18 10:30:00;36.4034
2025-07-18 10:45:00;37.1657
2025-07-18 11:00:00;37.2091
2025-07-18 11:15:00;37.1407
2025-07-18 11:30:00;37.1646
2025-07-18 11:45:00;37.0959
2025-07-18 12:00:00;37.1257
2025-07-18 12:15:00;37.1322
2025-07-18 12:30:00;37.1652
2025-07-18 12:45:00;37.1936
2025-07-18 13:00:00;37.2091
2025-07-18 13:15:00;37.1774
2025-07-18 13:30:00;37.1269
2025-07-18 13:45:00;37.1450
2025-07-18 14:00:00;37.1196
2025-07-18 14:15:00;37.0877
2025-07-18 14:30:00;37.0994
2025-07-18 14:45:00;37.1922
2025-07-18 15:00:00;37.1323
2025-07-18 15:15:00;37.1396
2025-07-18 15:30:00;37.1707
2025-07-18 15:45:00;37.1611
2025-07-18 16:00:00;37.0990
2025-07-18 16:15:00;37.1540
2025-07-18 16:30:00;37.2167
2025-07-18 16:45:00;35.5359
2025-07-18 17:00:00;35.2820
2025-07-18 17:15:00;33.8003
2025-07-18 17:30:00;34.2598
2025-07-18 17:45:00;33.4833
2025-07-18 18:00:00;34.4632
2025-07-18 18:15:00;34.1135
2025-07-18 18:30:00;30.9101
2025-07-18 18:45:00;27.3007
2025-07-18 19:00:00;28.5348
2025-07-18 19:15:00;26.4046
2025-07-18 19:30:00;23.9130
2025-07-18 19:45:00;21.5386
2025-07-18 20:00:00;18.4878
2025-07-18 20:15:00;16.3710
2025-07-18 20:30:00;13.1268
2025-07-18 20:45:00;10.5337
2025-07-18 21:00:00;8.1971
2025-07-18 21:15:00;5.3572
2025-07-18 21:30:00;2.7391
2025-07-18 21:45:00;0.0000
2025-07-18 22:00:00;0.0000
2025-07-18 22:15:00;0.0000
2025-07-18 22:30:00;0.0000
2025-07-18 22:45:00;0.0000
2025-07-18 23:00:00;0.0000
2025-07-18 23:15:00;0.0000
2025-07-18 23:30:00;0.0000
2025-07-18 23:45:00;0.0000
2025-07-19 00:00:00;0.0000
2025-07-19 00:15:00;0.0000
2025-07-19 00:30:00;0.0000
2025-07-19 00:45:00;0.0000
2025-07-19 01:00:00;0.0000
2025-07-19 01:15:00;0.0000
2025-07-19 01:30:00;0.0000
2025-07-19 01:45:00;0.0000
2025-07-19 02:00:00;0.0000
2025-07-19 02:15:00;0.0000
2025-07-19 02:30:00;0.0000
2025-07-19 02:45:00;0.0000
2025-07-19 03:00:00;0.0000
2025-07-19 03:15:00;0.0000
2025-07-19 03:30:00;0.0000
2025-07-19 03:45:00;0.0000
2025-07-19 04:00:00;0.0000
2025-07-19 04:15:00;0.0000
2025-07-19 04:30:00;0.0000
2025-07-19 04:45:00;0.0000
2025-07-19 05:00:00;0.0000
2025-07-19 05:15:00;0.0000
2025-07-19 05:30:00;0.0000
2025-07-19 05:45:00;0.0000
2025-07-19 06:00:00;0.8213
2025-07-19 06:15:00;1.7080
2025-07-19 06:30:00;2.4544
2025-07-19 06:45:00;3.2768
2025-07-19 07:00:00;5.0849
2025-07-19 07:15:00;6.2249
2025-07-19 07:30:00;7.5965
2025-07-19 07:45:00;8.3959
2025-07-19 08:00:00;12.3500
2025-07-19 08:15:00;13.5859
2025-07-19 08:30:00;15.1312
2025-07-19 08:45:00;16.3718
2025-07-19 09:00:00;17.6810
2025-07-19 09:15:00;18.1869
2025-07-19 09:30:00;19.1137
2025-07-19 09:45:00;20.8300
2025-07-19 10:00:00;23.1071
2025-07-19 10:15:00;26.6181
2025-07-19 10:30:00;27.0023
2025-07-19 10:45:00;28.8052
2025-07-19 11:00:00;25.7837
2025-07-19 11:15:00;26.4634
2025-07-19 11:30:00;28.0995
2025-07-19 11:45:00;27.6312
2025-07-19 12:00:00;30.9639
2025-07-19 12:15:00;32.0532
2025-07-19 12:30:00;32.6032
2025-07-19 12:45:00;33.1380
2025-07-19 13:00:00;30.5695
2025-07-19 13:15:00;29.5915
2025-07-19 13:30:00;30.5633
2025-07-19 13:45:00;30.3087
2025-07-19 14:00:00;19.1324
2025-07-19 14:15:00;18.6945
2025-07-19 14:30:00;18.5286
2025-07-19 14:45:00;18.6104
2025-07-19 15:00:00;32.1039
2025-07-19 15:15:00;34.0380
2025-07-19 15:30:00;32.0360
2025-07-19 15:45:00;31.1877
2025-07-19 16:00:00;28.2159
2025-07-19 16:15:00;26.3986
2025-07-19 16:30:00;25.8422
2025-07-19 16:45:00;26.1555
2025-07-19 17:00:00;28.2070
2025-07-19 17:15:00;25.7583
2025-07-19 17:30:00;25.2465
2025-07-19 17:45:00;23.3800
2025-07-19 18:00:00;20.8042
2025-07-19 18:15:00;18.3912
2025-07-19 18:30:00;17.6825
2025-07-19 18:45:00;16.9549
2025-07-19 19:00:00;17.9457
2025-07-19 19:15:00;16.3344
2025-07-19 19:30:00;16.1688
2025-07-19 19:45:00;14.4682
2025-07-19 20:00:00;11.5264
2025-07-19 20:15:00;9.8205
2025-07-19 20:30:00;7.8459
2025-07-19 20:45:00;6.2893
2025-07-19 21:00:00;4.8912
2025-07-19 21:15:00;3.3369
2025-07-19 21:30:00;1.6154
2025-07-19 21:45:00;0.0000
2025-07-19 22:00:00;0.0000
2025-07-19 22:15:00;0.0000
2025-07-19 22:30:00;0.0000
2025-07-19 22:45:00;0.0000
2025-07-19 23:00:00;0.0000
2025-07-19 23:15:00;0.0000
2025-07-19 23:30:00;0.0000
2025-07-19 23:45:00;0.0000
2025-07-20 00:00:00;0.0000
2025-07-20 00:15:00;0.0000
2025-07-20 00:30:00;0.0000
2025-07-20 00:45:00;0.0000
2025-07-20 01:00:00;0.0000
2025-07-20 01:15:00;0.0000
2025-07-20 01:30:00;0.0000
2025-07-20 01:45:00;0.0000
2025-07-20 02:00:00;0.0000
2025-07-20 02:15:00;0.0000
2025-07-20 02:30:00;0.0000
2025-07-20 02:45:00;0.0000
2025-07-20 03:00:00;0.0000
2025-07-20 03:15:00;0.0000
2025-07-20 03:30:00;0.0000
2025-07-20 03:45:00;0.0000
2025-07-20 04:00:00;0.0000
2025-07-20 04:15:00;0.0000
2025-07-20 04:30:00;0.0000
2025-07-20 04:45:00;0.0000
2025-07-20 05:00:00;0.0000
2025-07-20 05:15:00;0.0000
2025-07-20 05:30:00;0.0000
2025-07-20 05:45:00;0.0000
2025-07-20 06:00:00;0.2431
2025-07-20 06:15:00;0.4927
2025-07-20 06:30:00;0.7319
2025-07-20 06:45:00;0.9518
2025-07-20 07:00:00;1.1984
2025-07-20 07:15:00;1.4840
2025-07-20 07:30:00;1.6701
2025-07-20 07:45:00;1.7516
2025-07-20 08:00:00;2.3835
2025-07-20 08:15:00;2.5135
2025-07-20 08:30:00;2.7936
2025-07-20 08:45:00;3.0305
2025-07-20 09:00:00;2.6696
2025-07-20 09:15:00;3.0150
2025-07-20 09:30:00;3.3300
2025-07-20 09:45:00;3.3735
2025-07-20 10:00:00;3.7266
2025-07-20 10:15:00;3.7813
2025-07-20 10:30:00;3.9375
2025-07-20 10:45:00;4.0827
2025-07-20 11:00:00;4.4843
2025-07-20 11:15:00;4.7017
2025-07-20 11:30:00;4.6759
2025-07-20 11:45:00;4.6622
2025-07-20 12:00:00;4.7135
2025-07-20 12:15:00;4.5299
2025-07-20 12:30:00;4.9372
2025-07-20 12:45:00;4.7779
2025-07-20 13:00:00;5.4677
2025-07-20 13:15:00;5.4348
2025-07-20 13:30:00;5.3659
2025-07-20 13:45:00;5.2194
2025-07-20 14:00:00;4.3973
2025-07-20 14:15:00;4.2620
2025-07-20 14:30:00;4.2894
2025-07-20 14:45:00;4.0760
2025-07-20 15:00:00;4.7373
2025-07-20 15:15:00;4.8173
2025-07-20 15:30:00;4.6775
2025-07-20 15:45:00;4.3635
2025-07-20 16:00:00;4.5657
2025-07-20 16:15:00;4.3534
2025-07-20 16:30:00;4.3739
2025-07-20 16:45:00;4.0702
2025-07-20 17:00:00;4.0429
2025-07-20 17:15:00;3.7081
2025-07-20 17:30:00;3.4834
2025-07-20 17:45:00;3.6578
2025-07-20 18:00:00;2.8486
2025-07-20 18:15:00;2.7891
2025-07-20 18:30:00;2.5144
2025-07-20 18:45:00;2.2988
2025-07-20 19:00:00;2.4803
2025-07-20 19:15:00;2.2203
2025-07-20 19:30:00;1.9044
2025-07-20 19:45:00;1.8646
2025-07-20 20:00:00;1.6901
2025-07-20 20:15:00;1.5185
2025-07-20 20:30:00;1.2465
2025-07-20 20:45:00;1.0181
2025-07-20 21:00:00;0.7594
2025-07-20 21:15:00;0.4705
2025-07-20 21:30:00;0.2463
2025-07-20 21:45:00;0.0000
2025-07-20 22:00:00;0.0000
2025-07-20 22:15:00;0.0000
2025-07-20 22:30:00;0.0000
2025-07-20 22:45:00;0.0000
2025-07-20 23:00:00;0.0000
2025-07-20 23:15:00;0.0000
2025-07-20 23:30:00;0.0000
2025-07-20 23:45:00;0.0000
2025-07-21 00:00:00;0.0000
2025-07-21 00:15:00;0.0000
2025-07-21 00:30:00;0.0000
2025-07-21 00:45:00;0.0000
2025-07-21 01:00:00;0.0000
2025-07-21 01:15:00;0.0000
2025-07-21 01:30:00;0.0000
2025-07-21 01:45:00;0.0000
2025-07-21 02:00:00;0.0000
2025-07-21 02:15:00;0.0000
2025-07-21 02:30:00;0.0000
2025-07-21 02:45:00;0.0000
2025-07-21 03:00:00;0.0000
2025-07-21 03:15:00;0.0000
2025-07-21 03:30:00;0.0000
2025-07-21 03:45:00;0.0000
2025-07-21 04:00:00;0.0000
2025-07-21 04:15:00;0.0000
2025-07-21 04:30:00;0.0000
2025-07-21 04:45:00;0.0000
2025-07-21 05:00:00;0.0000
2025-07-21 05:15:00;0.0000
2025-07-21 05:30:00;0.0000
2025-07-21 05:45:00;0.0000
2025-07-21 06:00:00;0.5917
2025-07-21 06:15:00;1.1021
2025-07-21 06:30:00;1.6346
2025-07-21 06:45:00;2.0897
2025-07-21 07:00:00;2.7935
2025-07-21 07:15:00;3.2145
2025-07-21 07:30:00;3.7479
2025-07-21 07:45:00;4.3924
2025-07-21 08:00:00;5.8005
2025-07-21 08:15:00;6.3905
2025-07-21 08:30:00;7.3941
2025-07-21 08:45:00;7.7927
2025-07-21 09:00:00;7.0094
2025-07-21 09:15:00;7.1113
2025-07-21 09:30:00;7.8880
2025-07-21 09:45:00;8.8112
2025-07-21 10:00:00;8.5884
2025-07-21 10:15:00;8.9458
2025-07-21 10:30:00;9.3883
2025-07-21 10:45:00;9.8051
2025-07-21 11:00:00;11.0863
2025-07-21 11:15:00;11.4436
2025-07-21 11:30:00;11.7246
2025-07-21 11:45:00;11.9048
2025-07-21 12:00:00;11.0044
2025-07-21 12:15:00;11.3700
2025-07-21 12:30:00;11.2424
2025-07-21 12:45:00;11.1377
2025-07-21 13:00:00;10.9919
2025-07-21 13:15:00;10.9906
2025-07-21 13:30:00;11.3501
2025-07-21 13:45:00;10.6485
2025-07-21 14:00:00;12.2521
2025-07-21 14:15:00;12.4374
2025-07-21 14:30:00;12.5594
2025-07-21 14:45:00;12.6228
2025-07-21 15:00:00;11.8577
2025-07-21 15:15:00;11.5602
2025-07-21 15:30:00;11.1766
2025-07-21 15:45:00;11.0776
2025-07-21 16:00:00;11.0674
2025-07-21 16:15:00;11.0456
2025-07-21 16:30:00;10.2834
2025-07-21 16:45:00;10.3228
2025-07-21 17:00:00;9.0519
2025-07-21 17:15:00;9.1548
2025-07-21 17:30:00;8.6987
2025-07-21 17:45:00;8.3759
2025-07-21 18:00:00;9.2631
2025-07-21 18:15:00;9.2501
2025-07-21 18:30:00;7.8181
2025-07-21 18:45:00;7.7137
2025-07-21 19:00:00;6.5245
2025-07-21 19:15:00;6.0417
2025-07-21 19:30:00;5.3951
2025-07-21 19:45:00;4.7679
2025-07-21 20:00:00;4.0060
2025-07-21 20:15:00;3.5982
2025-07-21 20:30:00;2.8417
2025-07-21 20:45:00;2.2021
2025-07-21 21:00:00;1.8064
2025-07-21 21:15:00;1.2870
2025-07-21 21:30:00;0.6479
2025-07-21 21:45:00;0.0000
2025-07-21 22:00:00;0.0000
2025-07-21 22:15:00;0.0000
2025-07-21 22:30:00;0.0000
2025-07-21 22:45:00;0.0000
2025-07-21 23:00:00;0.0000
2025-07-21 23:15:00;0.0000
2025-07-21 23:30:00;0.0000
2025-07-21 23:45:00;0.0000
2025-07-22 00:00:00;0.0000
2025-07-22 00:15:00;0.0000
2025-07-22 00:30:00;0.0000
2025-07-22 00:45:00;0.0000
2025-07-22 01:00:00;0.0000
2025-07-22 01:15:00;0.0000
2025-07-22 01:30:00;0.0000
2025-07-22 01:45:00;0.0000
2025-07-22 02:00:00;0.0000
2025-07-22 02:15:00;0.0000
2025-07-22 02:30:00;0.0000
2025-07-22 02:45:00;0.0000
2025-07-22 03:00:00;0.0000
2025-07-22 03:15:00;0.0000
2025-07-22 03:30:00;0.0000
2025-07-22 03:45:00;0.0000
2025-07-22 04:00:00;0.0000
2025-07-22 04:15:00;0.0000
2025-07-22 04:30:00;0.0000
2025-07-22 04:45:00;0.0000
2025-07-22 05:00:00;0.0000
2025-07-22 05:15:00;0.0000
2025-07-22 05:30:00;0.0000
2025-07-22 05:45:00;0.0000
2025-07-22 06:00:00;1.6999
2025-07-22 06:15:00;3.2795
2025-07-22 06:30:00;4.9602
2025-07-22 06:45:00;5.9416
2025-07-22 07:00:00;3.7388
2025-07-22 07:15:00;4.1961
2025-07-22 07:30:00;5.1961
2025-07-22 07:45:00;6.0089
2025-07-22 08:00:00;8.3180
2025-07-22 08:15:00;9.0167
2025-07-22 08:30:00;10.0335
2025-07-22 08:45:00;11.1087
2025-07-22 09:00:00;19.9988
2025-07-22 09:15:00;23.1141
2025-07-22 09:30:00;24.1449
2025-07-22 09:45:00;23.1727
2025-07-22 10:00:00;18.4608
2025-07-22 10:15:00;19.5708
2025-07-22 10:30:00;21.0539
2025-07-22 10:45:00;20.2097
2025-07-22 11:00:00;24.1801
2025-07-22 11:15:00;24.3012
2025-07-22 11:30:00;25.7268
2025-07-22 11:45:00;25.5443
2025-07-22 12:00:00;24.9310
2025-07-22 12:15:00;24.2557
2025-07-22 12:30:00;24.4668
2025-07-22 12:45:00;23.7783
2025-07-22 13:00:00;31.6058
2025-07-22 13:15:00;32.6788
2025-07-22 13:30:00;31.9659
2025-07-22 13:45:00;33.0529
2025-07-22 14:00:00;35.0464
2025-07-22 14:15:00;33.6823
2025-07-22 14:30:00;34.6775
2025-07-22 14:45:00;35.3315
2025-07-22 15:00:00;35.1710
2025-07-22 15:15:00;34.0881
2025-07-22 15:30:00;34.1760
2025-07-22 15:45:00;33.1041
2025-07-22 16:00:00;29.7084
2025-07-22 16:15:00;27.6757
2025-07-22 16:30:00;27.6664
2025-07-22 16:45:00;27.5634
2025-07-22 17:00:00;22.1744
2025-07-22 17:15:00;21.5953
2025-07-22 17:30:00;20.3690
2025-07-22 17:45:00;19.8668
2025-07-22 18:00:00;23.1999
2025-07-22 18:15:00;22.7702
2025-07-22 18:30:00;20.8339
2025-07-22 18:45:00;19.6701
2025-07-22 19:00:00;10.8329
2025-07-22 19:15:00;9.8522
2025-07-22 19:30:00;8.8346
2025-07-22 19:45:00;7.5999
2025-07-22 20:00:00;10.2207
2025-07-22 20:15:00;9.1345
2025-07-22 20:30:00;7.5239
2025-07-22 20:45:00;6.0036
2025-07-22 21:00:00;2.9688
2025-07-22 21:15:00;1.8910
2025-07-22 21:30:00;0.9987
2025-07-22 21:45:00;0.0000
2025-07-22 22:00:00;0.0000
2025-07-22 22:15:00;0.0000
2025-07-22 22:30:00;0.0000
2025-07-22 22:45:00;0.0000
2025-07-22 23:00:00;0.0000
2025-07-22 23:15:00;0.0000
2025-07-22 23:30:00;0.0000
2025-07-22 23:45:00;0.0000
2025-07-23 00:00:00;0.0000
2025-07-23 00:15:00;0.0000
2025-07-23 00:30:00;0.0000
2025-07-23 00:45:00;0.0000
2025-07-23 01:00:00;0.0000
2025-07-23 01:15:00;0.0000
2025-07-23 01:30:00;0.0000
2025-07-23 01:45:00;0.0000
2025-07-23 02:00:00;0.0000
2025-07-23 02:15:00;0.0000
2025-07-23 02:30:00;0.0000
2025-07-23 02:45:00;0.0000
2025-07-23 03:00:00;0.0000
2025-07-23 03:15:00;0.0000
2025-07-23 03:30:00;0.0000
2025-07-23 03:45:00;0.0000
2025-07-23 04:00:00;0.0000
2025-07-23 04:15:00;0.0000
2025-07-23 04:30:00;0.0000
2025-07-23 04:45:00;0.0000
2025-07-23 05:00:00;0.0000
2025-07-23 05:15:00;0.0000
2025-07-23 05:30:00;0.0000
2025-07-23 05:45:00;0.0000
2025-07-23 06:00:00;1.7593
2025-07-23 06:15:00;3.2203
2025-07-23 06:30:00;5.0388
2025-07-23 06:45:00;6.4503
2025-07-23 07:00:00;7.8615
2025-07-23 07:15:00;10.0720
2025-07-23 07:30:00;11.5619
2025-07-23 07:45:00;12.9623
2025-07-23 08:00:00;13.8251
2025-07-23 08:15:00;15.3155
2025-07-23 08:30:00;17.4123
2025-07-23 08:45:00;18.6706
2025-07-23 09:00:00;12.1230
2025-07-23 09:15:00;13.0234
2025-07-23 09:30:00;13.6995
2025-07-23 09:45:00;14.5855
2025-07-23 10:00:00;24.9414
2025-07-23 10:15:00;25.9477
2025-07-23 10:30:00;25.6529
2025-07-23 10:45:00;27.2594
2025-07-23 11:00:00;27.5907
2025-07-23 11:15:00;28.2748
2025-07-23 11:30:00;27.8413
2025-07-23 11:45:00;28.8794
2025-07-23 12:00:00;29.3316
2025-07-23 12:15:00;30.8119
2025-07-23 12:30:00;29.8809
2025-07-23 12:45:00;30.4462
2025-07-23 13:00:00;33.3836
2025-07-23 13:15:00;32.7399
2025-07-23 13:30:00;32.9639
2025-07-23 13:45:00;33.3738
2025-07-23 14:00:00;29.9304
2025-07-23 14:15:00;28.7669
2025-07-23 14:30:00;29.4414
2025-07-23 14:45:00;29.5900
2025-07-23 15:00:00;18.2461
2025-07-23 15:15:00;18.7923
2025-07-23 15:30:00;18.2122
2025-07-23 15:45:00;17.7101
2025-07-23 16:00:00;21.9350
2025-07-23 16:15:00;20.0976
2025-07-23 16:30:00;21.7350
2025-07-23 16:45:00;19.9997
2025-07-23 17:00:00;27.5298
2025-07-23 17:15:00;25.7041
2025-07-23 17:30:00;23.9637
2025-07-23 17:45:00;24.3921
2025-07-23 18:00:00;21.3025
2025-07-23 18:15:00;20.1620
2025-07-23 18:30:00;19.1508
2025-07-23 18:45:00;17.2182
2025-07-23 19:00:00;11.0999
2025-07-23 19:15:00;10.5052
2025-07-23 19:30:00;8.9247
2025-07-23 19:45:00;7.8838
2025-07-23 20:00:00;5.1555
2025-07-23 20:15:00;4.4575
2025-07-23 20:30:00;3.7193
2025-07-23 20:45:00;3.0481
2025-07-23 21:00:00;5.2564
2025-07-23 21:15:00;3.6213
2025-07-23 21:30:00;1.6983
2025-07-23 21:45:00;0.0000
2025-07-23 22:00:00;0.0000
2025-07-23 22:15:00;0.0000
2025-07-23 22:30:00;0.0000
2025-07-23 22:45:00;0.0000
2025-07-23 23:00:00;0.0000
2025-07-23 23:15:00;0.0000
2025-07-23 23:30:00;0.0000
2025-07-23 23:45:00;0.0000
2025-07-24 00:00:00;0.0000
2025-07-24 00:15:00;0.0000
2025-07-24 00:30:00;0.0000
2025-07-24 00:45:00;0.0000
2025-07-24 01:00:00;0.0000
2025-07-24 01:15:00;0.0000
2025-07-24 01:30:00;0.0000
2025-07-24 01:45:00;0.0000
2025-07-24 02:00:00;0.0000
2025-07-24 02:15:00;0.0000
2025-07-24 02:30:00;0.0000
2025-07-24 02:45:00;0.0000
2025-07-24 03:00:00;0.0000
2025-07-24 03:15:00;0.0000
2025-07-24 03:30:00;0.0000
2025-07-24 03:45:00;0.0000
2025-07-24 04:00:00;0.0000
2025-07-24 04:15:00;0.0000
2025-07-24 04:30:00;0.0000
2025-07-24 04:45:00;0.0000
2025-07-24 05:00:00;0.0000
2025-07-24 05:15:00;0.0000
2025-07-24 05:30:00;0.0000
2025-07-24 05:45:00;0.0000
2025-07-24 06:00:00;2.2049
2025-07-24 06:15:00;4.7594
2025-07-24 06:30:00;6.6682
2025-07-24 06:45:00;8.9656
2025-07-24 07:00:00;12.6230
2025-07-24 07:15:00;13.9988
2025-07-24 07:30:00;16.7379
2025-07-24 07:45:00;19.5266
2025-07-24 08:00:00;19.4009
2025-07-24 08:15:00;21.0120
2025-07-24 08:30:00;24.0601
2025-07-24 08:45:00;24.3151
2025-07-24 09:00:00;26.8649
2025-07-24 09:15:00;27.8852
2025-07-24 09:30:00;29.9489
2025-07-24 09:45:00;32.0589
2025-07-24 10:00:00;27.5040
2025-07-24 10:15:00;29.4507
2025-07-24 10:30:00;32.7083
2025-07-24 10:45:00;33.0203
2025-07-24 11:00:00;37.1853
2025-07-24 11:15:00;37.1789
2025-07-24 11:30:00;37.0803
2025-07-24 11:45:00;37.2001
2025-07-24 12:00:00;37.1275
2025-07-24 12:15:00;37.2000
2025-07-24 12:30:00;37.1350
2025-07-24 12:45:00;37.1427
2025-07-24 13:00:00;37.1670
2025-07-24 13:15:00;37.1243
2025-07-24 13:30:00;37.1274
2025-07-24 13:45:00;37.2237
2025-07-24 14:00:00;37.1211
2025-07-24 14:15:00;37.1672
2025-07-24 14:30:00;37.1341
2025-07-24 14:45:00;37.1316
2025-07-24 15:00:00;37.1707
2025-07-24 15:15:00;37.2155
2025-07-24 15:30:00;37.1141
2025-07-24 15:45:00;37.1319
2025-07-24 16:00:00;37.2150
2025-07-24 16:15:00;37.1326
2025-07-24 16:30:00;37.2129
2025-07-24 16:45:00;37.1476
2025-07-24 17:00:00;37.1720
2025-07-24 17:15:00;37.1539
2025-07-24 17:30:00;37.1317
2025-07-24 17:45:00;37.1679
2025-07-24 18:00:00;32.2322
2025-07-24 18:15:00;30.2531
2025-07-24 18:30:00;28.2158
2025-07-24 18:45:00;25.3166
2025-07-24 19:00:00;24.7673
2025-07-24 19:15:00;22.8516
2025-07-24 19:30:00;21.1220
2025-07-24 19:45:00;19.1654
2025-07-24 20:00:00;16.1075
2025-07-24 20:15:00;14.3333
2025-07-24 20:30:00;11.1209
2025-07-24 20:45:00;9.7157
2025-07-24 21:00:00;7.5366
2025-07-24 21:15:00;5.1597
2025-07-24 21:30:00;2.4511
2025-07-24 21:45:00;0.0000
2025-07-24 22:00:00;0.0000
2025-07-24 22:15:00;0.0000
2025-07-24 22:30:00;0.0000
2025-07-24 22:45:00;0.0000
2025-07-24 23:00:00;0.0000
2025-07-24 23:15:00;0.0000
2025-07-24 23:30:00;0.0000
2025-07-24 23:45:00;0.0000
2025-07-25 00:00:00;0.0000
2025-07-25 00:15:00;0.0000
2025-07-25 00:30:00;0.0000
2025-07-25 00:45:00;0.0000
2025-07-25 01:00:00;0.0000
2025-07-25 01:15:00;0.0000
2025-07-25 01:30:00;0.0000
2025-07-25 01:45:00;0.0000
2025-07-25 02:00:00;0.0000
2025-07-25 02:15:00;0.0000
2025-07-25 02:30:00;0.0000
2025-07-25 02:45:00;0.0000
2025-07-25 03:00:00;0.0000
2025-07-25 03:15:00;0.0000
2025-07-25 03:30:00;0.0000
2025-07-25 03:45:00;0.0000
2025-07-25 04:00:00;0.0000
2025-07-25 04:15:00;0.0000
2025-07-25 04:30:00;0.0000
2025-07-25 04:45:00;0.0000
2025-07-25 05:00:00;0.0000
2025-07-25 05:15:00;0.0000
2025-07-25 05:30:00;0.0000
2025-07-25 05:45:00;0.0000
2025-07-25 06:00:00;1.5737
2025-07-25 06:15:00;2.9392
2025-07-25 06:30:00;4.8343
2025-07-25 06:45:00;6.2124
2025-07-25 07:00:00;4.8485
2025-07-25 07:15:00;5.7737
2025-07-25 07:30:00;6.7300
2025-07-25 07:45:00;7.5932
2025-07-25 08:00:00;7.1207
2025-07-25 08:15:00;7.8873
2025-07-25 08:30:00;8.0843
2025-07-25 08:45:00;9.1595
2025-07-25 09:00:00;17.5600
2025-07-25 09:15:00;18.0805
2025-07-25 09:30:00;20.5302
2025-07-25 09:45:00;20.5696
2025-07-25 10:00:00;24.1336
2025-07-25 10:15:00;26.8507
2025-07-25 10:30:00;24.6144
2025-07-25 10:45:00;27.1975
2025-07-25 11:00:00;26.4863
2025-07-25 11:15:00;26.2430
2025-07-25 11:30:00;27.1013
2025-07-25 11:45:00;27.8015
2025-07-25 12:00:00;22.5836
2025-07-25 12:15:00;22.2093
2025-07-25 12:30:00;23.0976
2025-07-25 12:45:00;23.7523
2025-07-25 13:00:00;27.1126
2025-07-25 13:15:00;27.7008
2025-07-25 13:30:00;29.3058
2025-07-25 13:45:00;29.0081
2025-07-25 14:00:00;28.9918
2025-07-25 14:15:00;29.4509
2025-07-25 14:30:00;29.3399
2025-07-25 14:45:00;28.1606
2025-07-25 15:00:00;13.8966
2025-07-25 15:15:00;13.8121
2025-07-25 15:30:00;12.8282
2025-07-25 15:45:00;13.3237
2025-07-25 16:00:00;27.4948
2025-07-25 16:15:00;27.4927
2025-07-25 16:30:00;26.7551
2025-07-25 16:45:00;25.4802
2025-07-25 17:00:00;27.3792
2025-07-25 17:15:00;24.5649
2025-07-25 17:30:00;23.0617
2025-07-25 17:45:00;23.5017
2025-07-25 18:00:00;18.8103
2025-07-25 18:15:00;16.9308
2025-07-25 18:30:00;16.4296
2025-07-25 18:45:00;14.3805
2025-07-25 19:00:00;17.3503
2025-07-25 19:15:00;16.0883
2025-07-25 19:30:00;14.4015
2025-07-25 19:45:00;12.7195
2025-07-25 20:00:00;9.8009
2025-07-25 20:15:00;8.3888
2025-07-25 20:30:00;7.2453
2025-07-25 20:45:00;5.6259
2025-07-25 21:00:00;3.8515
2025-07-25 21:15:00;2.7202
2025-07-25 21:30:00;1.2578
2025-07-25 21:45:00;0.0000
2025-07-25 22:00:00;0.0000
2025-07-25 22:15:00;0.0000
2025-07-25 22:30:00;0.0000
2025-07-25 22:45:00;0.0000
2025-07-25 23:00:00;0.0000
2025-07-25 23:15:00;0.0000
2025-07-25 23:30:00;0.0000
2025-07-25 23:45:00;0.0000
2025-07-26 00:00:00;0.0000
2025-07-26 00:15:00;0.0000
2025-07-26 00:30:00;0.0000
2025-07-26 00:45:00;0.0000
2025-07-26 01:00:00;0.0000
2025-07-26 01:15:00;0.0000
2025-07-26 01:30:00;0.0000
2025-07-26 01:45:00;0.0000
2025-07-26 02:00:00;0.0000
2025-07-26 02:15:00;0.0000
2025-07-26 02:30:00;0.0000
2025-07-26 02:45:00;0.0000
2025-07-26 03:00:00;0.0000
2025-07-26 03:15:00;0.0000
2025-07-26 03:30:00;0.0000
2025-07-26 03:45:00;0.0000
2025-07-26 04:00:00;0.0000
2025-07-26 04:15:00;0.0000
2025-07-26 04:30:00;0.0000
2025-07-26 04:45:00;0.0000
2025-07-26 05:00:00;0.0000
2025-07-26 05:15:00;0.0000
2025-07-26 05:30:00;0.0000
2025-07-26 05:45:00;0.0000
2025-07-26 06:00:00;2.4421
2025-07-26 06:15:00;4.7381
2025-07-26 06:30:00;7.2005
2025-07-26 06:45:00;9.7235
2025-07-26 07:00:00;11.8212
2025-07-26 07:15:00;13.2572
2025-07-26 07:30:00;14.6355
2025-07-26 07:45:00;17.4034
2025-07-26 08:00:00;18.2856
2025-07-26 08:15:00;20.5307
2025-07-26 08:30:00;21.8954
2025-07-26 08:45:00;22.7671
2025-07-26 09:00:00;29.2129
2025-07-26 09:15:00;30.9093
2025-07-26 09:30:00;32.8525
2025-07-26 09:45:00;31.7954
2025-07-26 10:00:00;37.0543
2025-07-26 10:15:00;37.0996
2025-07-26 10:30:00;37.1342
2025-07-26 10:45:00;37.1999
2025-07-26 11:00:00;37.1333
2025-07-26 11:15:00;37.1150
2025-07-26 11:30:00;37.1247
2025-07-26 11:45:00;37.0900
2025-07-26 12:00:00;37.1111
2025-07-26 12:15:00;37.0912
2025-07-26 12:30:00;37.2501
2025-07-26 12:45:00;37.0931
2025-07-26 13:00:00;37.1845
2025-07-26 13:15:00;37.1760
2025-07-26 13:30:00;37.0863
2025-07-26 13:45:00;37.1447
2025-07-26 14:00:00;37.1900
2025-07-26 14:15:00;37.1066
2025-07-26 14:30:00;37.1964
2025-07-26 14:45:00;37.1434
2025-07-26 15:00:00;37.2489
2025-07-26 15:15:00;37.1081
2025-07-26 15:30:00;37.1347
2025-07-26 15:45:00;37.1444
2025-07-26 16:00:00;37.1777
2025-07-26 16:15:00;37.0503
2025-07-26 16:30:00;36.9874
2025-07-26 16:45:00;36.1104
2025-07-26 17:00:00;37.1894
2025-07-26 17:15:00;35.0058
2025-07-26 17:30:00;32.9755
2025-07-26 17:45:00;32.0796
2025-07-26 18:00:00;33.2493
2025-07-26 18:15:00;30.6146
2025-07-26 18:30:00;29.6555
2025-07-26 18:45:00;25.9083
2025-07-26 19:00:00;25.0699
2025-07-26 19:15:00;22.7773
2025-07-26 19:30:00;20.9019
2025-07-26 19:45:00;18.6510
2025-07-26 20:00:00;14.5139
2025-07-26 20:15:00;13.4564
2025-07-26 20:30:00;11.3245
2025-07-26 20:45:00;8.9169
2025-07-26 21:00:00;6.4447
2025-07-26 21:15:00;4.2855
2025-07-26 21:30:00;2.1840
2025-07-26 21:45:00;0.0000
2025-07-26 22:00:00;0.0000
2025-07-26 22:15:00;0.0000
2025-07-26 22:30:00;0.0000
2025-07-26 22:45:00;0.0000
2025-07-26 23:00:00;0.0000
2025-07-26 23:15:00;0.0000
2025-07-26 23:30:00;0.0000
2025-07-26 23:45:00;0.0000
2025-07-27 00:00:00;0.0000
2025-07-27 00:15:00;0.0000
2025-07-27 00:30:00;0.0000
2025-07-27 00:45:00;0.0000
2025-07-27 01:00:00;0.0000
2025-07-27 01:15:00;0.0000
2025-07-27 01:30:00;0.0000
2025-07-27 01:45:00;0.0000
2025-07-27 02:00:00;0.0000
2025-07-27 02:15:00;0.0000
2025-07-27 02:30:00;0.0000
2025-07-27 02:45:00;0.0000
2025-07-27 03:00:00;0.0000
2025-07-27 03:15:00;0.0000
2025-07-27 03:30:00;0.0000
2025-07-27 03:45:00;0.0000
2025-07-27 04:00:00;0.0000
2025-07-27 04:15:00;0.0000
2025-07-27 04:30:00;0.0000
2025-07-27 04:45:00;0.0000
2025-07-27 05:00:00;0.0000
2025-07-27 05:15:00;0.0000
2025-07-27 05:30:00;0.0000
2025-07-27 05:45:00;0.0000
2025-07-27 06:00:00;0.5958
2025-07-27 06:15:00;1.1980
2025-07-27 06:30:00;1.8503
2025-07-27 06:45:00;2.4833
2025-07-27 07:00:00;3.0942
2025-07-27 07:15:00;3.7690
2025-07-27 07:30:00;4.1957
2025-07-27 07:45:00;4.7873
2025-07-27 08:00:00;4.7331
2025-07-27 08:15:00;5.3444
2025-07-27 08:30:00;5.6736
2025-07-27 08:45:00;6.6482
2025-07-27 09:00:00;8.4721
2025-07-27 09:15:00;8.6703
2025-07-27 09:30:00;9.6386
2025-07-27 09:45:00;10.1766
2025-07-27 10:00:00;8.9176
2025-07-27 10:15:00;8.8980
2025-07-27 10:30:00;8.9387
2025-07-27 10:45:00;9.6148
2025-07-27 11:00:00;9.9304
2025-07-27 11:15:00;10.7120
2025-07-27 11:30:00;10.8316
2025-07-27 11:45:00;10.9295
2025-07-27 12:00:00;11.0853
2025-07-27 12:15:00;10.9901
2025-07-27 12:30:00;11.6115
2025-07-27 12:45:00;11.4500
2025-07-27 13:00:00;11.0929
2025-07-27 13:15:00;10.8402
2025-07-27 13:30:00;11.2888
2025-07-27 13:45:00;10.9194
2025-07-27 14:00:00;12.7392
2025-07-27 14:15:00;13.0521
2025-07-27 14:30:00;13.1740
2025-07-27 14:45:00;12.7773
2025-07-27 15:00:00;11.4475
2025-07-27 15:15:00;10.8913
2025-07-27 15:30:00;10.7653
2025-07-27 15:45:00;11.3670
2025-07-27 16:00:00;11.6854
2025-07-27 16:15:00;10.9469
2025-07-27 16:30:00;10.8725
2025-07-27 16:45:00;10.1963
2025-07-27 17:00:00;9.2462
2025-07-27 17:15:00;8.8070
2025-07-27 17:30:00;8.4776
2025-07-27 17:45:00;8.2235
2025-07-27 18:00:00;8.3526
2025-07-27 18:15:00;8.0131
2025-07-27 18:30:00;7.4138
2025-07-27 18:45:00;6.8146
2025-07-27 19:00:00;6.4053
2025-07-27 19:15:00;6.0149
2025-07-27 19:30:00;5.4271
2025-07-27 19:45:00;5.0476
2025-07-27 20:00:00;3.9714
2025-07-27 20:15:00;3.6958
2025-07-27 20:30:00;2.9138
2025-07-27 20:45:00;2.3739
2025-07-27 21:00:00;1.7076
2025-07-27 21:15:00;1.1695
2025-07-27 21:30:00;0.6122
2025-07-27 21:45:00;0.0000
2025-07-27 22:00:00;0.0000
2025-07-27 22:15:00;0.0000
2025-07-27 22:30:00;0.0000
2025-07-27 22:45:00;0.0000
2025-07-27 23:00:00;0.0000
2025-07-27 23:15:00;0.0000
2025-07-27 23:30:00;0.0000
2025-07-27 23:45:00;0.0000
2025-07-28 00:00:00;0.0000
2025-07-28 00:15:00;0.0000
2025-07-28 00:30:00;0.0000
2025-07-28 00:45:00;0.0000
2025-07-28 01:00:00;0.0000
2025-07-28 01:15:00;0.0000
2025-07-28 01:30:00;0.0000
2025-07-28 01:45:00;0.0000
2025-07-28 02:00:00;0.0000
2025-07-28 02:15:00;0.0000
2025-07-28 02:30:00;0.0000
2025-07-28 02:45:00;0.0000
2025-07-28 03:00:00;0.0000
2025-07-28 03:15:00;0.0000
2025-07-28 03:30:00;0.0000
2025-07-28 03:45:00;0.0000
2025-07-28 04:00:00;0.0000
2025-07-28 04:15:00;0.0000
2025-07-28 04:30:00;0.0000
2025-07-28 04:45:00;0.0000
2025-07-28 05:00:00;0.0000
2025-07-28 05:15:00;0.0000
2025-07-28 05:30:00;0.0000
2025-07-28 05:45:00;0.0000
2025-07-28 06:00:00;0.5927
2025-07-28 06:15:00;1.2315
2025-07-28 06:30:00;1.8247
2025-07-28 06:45:00;2.5209
2025-07-28 07:00:00;3.7382
2025-07-28 07:15:00;4.2080
2025-07-28 07:30:00;5.2656
2025-07-28 07:45:00;5.6881
2025-07-28 08:00:00;5.2346
2025-07-28 08:15:00;6.3172
2025-07-28 08:30:00;6.5783
2025-07-28 08:45:00;6.8560
2025-07-28 09:00:00;7.0861
2025-07-28 09:15:00;8.0018
2025-07-28 09:30:00;8.8130
2025-07-28 09:45:00;8.9170
2025-07-28 10:00:00;8.5574
2025-07-28 10:15:00;9.1267
2025-07-28 10:30:00;9.2429
2025-07-28 10:45:00;9.5402
2025-07-28 11:00:00;11.0321
2025-07-28 11:15:00;10.9001
2025-07-28 11:30:00;11.2405
2025-07-28 11:45:00;12.2419
2025-07-28 12:00:00;10.8365
2025-07-28 12:15:00;10.6943
2025-07-28 12:30:00;10.8915
2025-07-28 12:45:00;10.6921
2025-07-28 13:00:00;13.0410
2025-07-28 13:15:00;13.1919
2025-07-28 13:30:00;12.3056
2025-07-28 13:45:00;12.5366
2025-07-28 14:00:00;11.4396
2025-07-28 14:15:00;11.5717
2025-07-28 14:30:00;11.2613
2025-07-28 14:45:00;11.1520
2025-07-28 15:00:00;10.7713
2025-07-28 15:15:00;10.2236
2025-07-28 15:30:00;10.0195
2025-07-28 15:45:00;9.8818
2025-07-28 16:00:00;9.5478
2025-07-28 16:15:00;9.8079
2025-07-28 16:30:00;9.0642
2025-07-28 16:45:00;9.1406
2025-07-28 17:00:00;9.8134
2025-07-28 17:15:00;9.4824
2025-07-28 17:30:00;9.0692
2025-07-28 17:45:00;8.8004
2025-07-28 18:00:00;7.8580
2025-07-28 18:15:00;7.0925
2025-07-28 18:30:00;7.0223
2025-07-28 18:45:00;6.5438
2025-07-28 19:00:00;5.7510
2025-07-28 19:15:00;5.6127
2025-07-28 19:30:00;4.9660
2025-07-28 19:45:00;4.4365
2025-07-28 20:00:00;4.8260
2025-07-28 20:15:00;3.7598
2025-07-28 20:30:00;3.4963
2025-07-28 20:45:00;2.5403
2025-07-28 21:00:00;1.8307
2025-07-28 21:15:00;1.2433
2025-07-28 21:30:00;0.5764
2025-07-28 21:45:00;0.0000
2025-07-28 22:00:00;0.0000
2025-07-28 22:15:00;0.0000
2025-07-28 22:30:00;0.0000
2025-07-28 22:45:00;0.0000
2025-07-28 23:00:00;0.0000
2025-07-28 23:15:00;0.0000
2025-07-28 23:30:00;0.0000
2025-07-28 23:45:00;0.0000
2025-07-29 00:00:00;0.0000
2025-07-29 00:15:00;0.0000
2025-07-29 00:30:00;0.0000
2025-07-29 00:45:00;0.0000
2025-07-29 01:00:00;0.0000
2025-07-29 01:15:00;0.0000
2025-07-29 01:30:00;0.0000
2025-07-29 01:45:00;0.0000
2025-07-29 02:00:00;0.0000
2025-07-29 02:15:00;0.0000
2025-07-29 02:30:00;0.0000
2025-07-29 02:45:00;0.0000
2025-07-29 03:00:00;0.0000
2025-07-29 03:15:00;0.0000
2025-07-29 03:30:00;0.0000
2025-07-29 03:45:00;0.0000
2025-07-29 04:00:00;0.0000
2025-07-29 04:15:00;0.0000
2025-07-29 04:30:00;0.0000
2025-07-29 04:45:00;0.0000
2025-07-29 05:00:00;0.0000
2025-07-29 05:15:00;0.0000
2025-07-29 05:30:00;0.0000
2025-07-29 05:45:00;0.0000
2025-07-29 06:00:00;0.7571
2025-07-29 06:15:00;1.5160
2025-07-29 06:30:00;2.3102
2025-07-29 06:45:00;3.2048
2025-07-29 07:00:00;8.0499
2025-07-29 07:15:00;9.6824
2025-07-29 07:30:00;11.8156
2025-07-29 07:45:00;12.7138
2025-07-29 08:00:00;14.8283
2025-07-29 08:15:00;15.3484
2025-07-29 08:30:00;17.6064
2025-07-29 08:45:00;19.8480
2025-07-29 09:00:00;17.3556
2025-07-29 09:15:00;17.4785
2025-07-29 09:30:00;19.4593
2025-07-29 09:45:00;20.8395
2025-07-29 10:00:00;23.4831
2025-07-29 10:15:00;23.1538
2025-07-29 10:30:00;25.6058
2025-07-29 10:45:00;26.2982
2025-07-29 11:00:00;24.3723
2025-07-29 11:15:00;24.1613
2025-07-29 11:30:00;26.2483
2025-07-29 11:45:00;24.8969
2025-07-29 12:00:00;30.5999
2025-07-29 12:15:00;30.9197
2025-07-29 12:30:00;30.4760
2025-07-29 12:45:00;32.1222
2025-07-29 13:00:00;30.9618
2025-07-29 13:15:00;29.3099
2025-07-29 13:30:00;29.8368
2025-07-29 13:45:00;28.9757
2025-07-29 14:00:00;32.9924
2025-07-29 14:15:00;32.1458
2025-07-29 14:30:00;34.0304
2025-07-29 14:45:00;32.9616
2025-07-29 15:00:00;31.6857
2025-07-29 15:15:00;29.6168
2025-07-29 15:30:00;28.0827
2025-07-29 15:45:00;29.0187
2025-07-29 16:00:00;28.5444
2025-07-29 16:15:00;30.2129
2025-07-29 16:30:00;27.8777
2025-07-29 16:45:00;26.4374
2025-07-29 17:00:00;25.0945
2025-07-29 17:15:00;25.5820
2025-07-29 17:30:00;23.7201
2025-07-29 17:45:00;23.0388
2025-07-29 18:00:00;23.2782
2025-07-29 18:15:00;20.3623
2025-07-29 18:30:00;20.9482
2025-07-29 18:45:00;19.0250
2025-07-29 19:00:00;10.0942
2025-07-29 19:15:00;9.3344
2025-07-29 19:30:00;8.0528
2025-07-29 19:45:00;7.3626
2025-07-29 20:00:00;10.2611
2025-07-29 20:15:00;9.1786
2025-07-29 20:30:00;7.6191
2025-07-29 20:45:00;6.2180
2025-07-29 21:00:00;4.0170
2025-07-29 21:15:00;2.6783
2025-07-29 21:30:00;1.4026
2025-07-29 21:45:00;0.0000
2025-07-29 22:00:00;0.0000
2025-07-29 22:15:00;0.0000
2025-07-29 22:30:00;0.0000
2025-07-29 22:45:00;0.0000
2025-07-29 23:00:00;0.0000
2025-07-29 23:15:00;0.0000
2025-07-29 23:30:00;0.0000
2025-07-29 23:45:00;0.0000
2025-07-30 00:00:00;0.0000
2025-07-30 00:15:00;0.0000
2025-07-30 00:30:00;0.0000
2025-07-30 00:45:00;0.0000
2025-07-30 01:00:00;0.0000
2025-07-30 01:15:00;0.0000
2025-07-30 01:30:00;0.0000
2025-07-30 01:45:00;0.0000
2025-07-30 02:00:00;0.0000
2025-07-30 02:15:00;0.0000
2025-07-30 02:30:00;0.0000
2025-07-30 02:45:00;0.0000
2025-07-30 03:00:00;0.0000
2025-07-30 03:15:00;0.0000
2025-07-30 03:30:00;0.0000
2025-07-30 03:45:00;0.0000
2025-07-30 04:00:00;0.0000
2025-07-30 04:15:00;0.0000
2025-07-30 04:30:00;0.0000
2025-07-30 04:45:00;0.0000
2025-07-30 05:00:00;0.0000
2025-07-30 05:15:00;0.0000
2025-07-30 05:30:00;0.0000
2025-07-30 05:45:00;0.0000
2025-07-30 06:00:00;1.6802
2025-07-30 06:15:00;3.2414
2025-07-30 06:30:00;4.6775
2025-07-30 06:45:00;6.2496
2025-07-30 07:00:00;8.0104
2025-07-30 07:15:00;9.6229
2025-07-30 07:30:00;11.5226
2025-07-30 07:45:00;12.3942
2025-07-30 08:00:00;10.0734
2025-07-30 08:15:00;11.0313
2025-07-30 08:30:00;12.0425
2025-07-30 08:45:00;12.9289
2025-07-30 09:00:00;19.7325
2025-07-30 09:15:00;21.4615
2025-07-30 09:30:00;21.5131
2025-07-30 09:45:00;23.4801
2025-07-30 10:00:00;22.3338
2025-07-30 10:15:00;23.7308
2025-07-30 10:30:00;23.9418
2025-07-30 10:45:00;25.2512
2025-07-30 11:00:00;9.9619
2025-07-30 11:15:00;10.0066
2025-07-30 11:30:00;9.5532
2025-07-30 11:45:00;10.7049
2025-07-30 12:00:00;30.6231
2025-07-30 12:15:00;30.1226
2025-07-30 12:30:00;31.6549
2025-07-30 12:45:00;30.7633
2025-07-30 13:00:00;16.0772
2025-07-30 13:15:00;16.2476
2025-07-30 13:30:00;15.8443
2025-07-30 13:45:00;15.8197
2025-07-30 14:00:00;31.0192
2025-07-30 14:15:00;29.7775
2025-07-30 14:30:00;32.0160
2025-07-30 14:45:00;30.0056
2025-07-30 15:00:00;31.0050
2025-07-30 15:15:00;27.7406
2025-07-30 15:30:00;29.8787
2025-07-30 15:45:00;29.6206
2025-07-30 16:00:00;25.9900
2025-07-30 16:15:00;26.3746
2025-07-30 16:30:00;25.4983
2025-07-30 16:45:00;24.1693
2025-07-30 17:00:00;25.1477
2025-07-30 17:15:00;24.5638
2025-07-30 17:30:00;24.5416
2025-07-30 17:45:00;22.9881
2025-07-30 18:00:00;20.8694
2025-07-30 18:15:00;18.8505
2025-07-30 18:30:00;19.1042
2025-07-30 18:45:00;16.9626
2025-07-30 19:00:00;14.8166
2025-07-30 19:15:00;13.6574
2025-07-30 19:30:00;12.4415
2025-07-30 19:45:00;11.6595
2025-07-30 20:00:00;9.6706
2025-07-30 20:15:00;8.2821
2025-07-30 20:30:00;7.0836
2025-07-30 20:45:00;5.6682
2025-07-30 21:00:00;4.2123
2025-07-30 21:15:00;2.8268
2025-07-30 21:30:00;1.4411
2025-07-30 21:45:00;0.0000
2025-07-30 22:00:00;0.0000
2025-07-30 22:15:00;0.0000
2025-07-30 22:30:00;0.0000
2025-07-30 22:45:00;0.0000
2025-07-30 23:00:00;0.0000
2025-07-30 23:15:00;0.0000
2025-07-30 23:30:00;0.0000
2025-07-30 23:45:00;0.0000
2025-07-31 00:00:00;0.0000
2025-07-31 00:15:00;0.0000
2025-07-31 00:30:00;0.0000
2025-07-31 00:45:00;0.0000
2025-07-31 01:00:00;0.0000
2025-07-31 01:15:00;0.0000
2025-07-31 01:30:00;0.0000
2025-07-31 01:45:00;0.0000
2025-07-31 02:00:00;0.0000
2025-07-31 02:15:00;0.0000
2025-07-31 02:30:00;0.0000
2025-07-31 02:45:00;0.0000
2025-07-31 03:00:00;0.0000
2025-07-31 03:15:00;0.0000
2025-07-31 03:30:00;0.0000
2025-07-31 03:45:00;0.0000
2025-07-31 04:00:00;0.0000
2025-07-31 04:15:00;0.0000
2025-07-31 04:30:00;0.0000
2025-07-31 04:45:00;0.0000
2025-07-31 05:00:00;0.0000
2025-07-31 05:15:00;0.0000
2025-07-31 05:30:00;0.0000
2025-07-31 05:45:00;0.0000
2025-07-31 06:00:00;0.6776
2025-07-31 06:15:00;1.2714
2025-07-31 06:30:00;1.9976
2025-07-31 06:45:00;2.5507
2025-07-31 07:00:00;2.9182
2025-07-31 07:15:00;3.4967
2025-07-31 07:30:00;4.5498
2025-07-31 07:45:00;4.7632
2025-07-31 08:00:00;5.8781
2025-07-31 08:15:00;6.5045
2025-07-31 08:30:00;6.9516
2025-07-31 08:45:00;7.9450
2025-07-31 09:00:00;6.4579
2025-07-31 09:15:00;7.1353
2025-07-31 09:30:00;7.3998
2025-07-31 09:45:00;7.6527
2025-07-31 10:00:00;8.4848
2025-07-31 10:15:00;8.9384
2025-07-31 10:30:00;9.6289
2025-07-31 10:45:00;9.3167
2025-07-31 11:00:00;10.7172
2025-07-31 11:15:00;11.0132
2025-07-31 11:30:00;11.2456
2025-07-31 11:45:00;12.0324
2025-07-31 12:00:00;11.5288
2025-07-31 12:15:00;11.1078
2025-07-31 12:30:00;11.9439
2025-07-31 12:45:00;12.3864
2025-07-31 13:00:00;10.2679
2025-07-31 13:15:00;10.5981
2025-07-31 13:30:00;10.7975
2025-07-31 13:45:00;10.7084
2025-07-31 14:00:00;12.3750
2025-07-31 14:15:00;12.1742
2025-07-31 14:30:00;12.0807
2025-07-31 14:45:00;12.5130
2025-07-31 15:00:00;10.1230
2025-07-31 15:15:00;10.5901
2025-07-31 15:30:00;10.3008
2025-07-31 15:45:00;9.7092
2025-07-31 16:00:00;12.4886
2025-07-31 16:15:00;12.0273
2025-07-31 16:30:00;11.6231
2025-07-31 16:45:00;11.6315
2025-07-31 17:00:00;10.2254
2025-07-31 17:15:00;9.1595
2025-07-31 17:30:00;9.0371
2025-07-31 17:45:00;9.1433
2025-07-31 18:00:00;7.8850
2025-07-31 18:15:00;7.4882
2025-07-31 18:30:00;6.7440
2025-07-31 18:45:00;6.1893
2025-07-31 19:00:00;6.0379
2025-07-31 19:15:00;5.8372
2025-07-31 19:30:00;4.8783
2025-07-31 19:45:00;4.0942
2025-07-31 20:00:00;4.9831
2025-07-31 20:15:00;4.0836
2025-07-31 20:30:00;3.5182
2025-07-31 20:45:00;2.8625
2025-07-31 21:00:00;1.4934
2025-07-31 21:15:00;1.0622
2025-07-31 21:30:00;0.5086
2025-07-31 21:45:00;0.0000
2025-07-31 22:00:00;0.0000
2025-07-31 22:15:00;0.0000
2025-07-31 22:30:00;0.0000
2025-07-31 22:45:00;0.0000
2025-07-31 23:00:00;0.0000
2025-07-31 23:15:00;0.0000
2025-07-31 23:30:00;0.0000
2025-07-31 23:45:00;0.0000
2025-08-01 00:00:00;0.0000
2025-08-01 00:15:00;0.0000
2025-08-01 00:30:00;0.0000
2025-08-01 00:45:00;0.0000
2025-08-01 01:00:00;0.0000
2025-08-01 01:15:00;0.0000
2025-08-01 01:30:00;0.0000
2025-08-01 01:45:00;0.0000
2025-08-01 02:00:00;0.0000
2025-08-01 02:15:00;0.0000
2025-08-01 02:30:00;0.0000
2025-08-01 02:45:00;0.0000
2025-08-01 03:00:00;0.0000
2025-08-01 03:15:00;0.0000
2025-08-01 03:30:00;0.0000
2025-08-01 03:45:00;0.0000
2025-08-01 04:00:00;0.0000
2025-08-01 04:15:00;0.0000
2025-08-01 04:30:00;0.0000
2025-08-01 04:45:00;0.0000
2025-08-01 05:00:00;0.0000
2025-08-01 05:15:00;0.0000
2025-08-01 05:30:00;0.0000
2025-08-01 05:45:00;0.0000
2025-08-01 06:00:00;0.0000
2025-08-01 06:15:00;0.0000
2025-08-01 06:30:00;0.0000
2025-08-01 06:45:00;0.5200
2025-08-01 07:00:00;1.0699
2025-08-01 07:15:00;1.6728
2025-08-01 07:30:00;2.0825
2025-08-01 07:45:00;2.6060
2025-08-01 08:00:00;3.1928
2025-08-01 08:15:00;3.9984
2025-08-01 08:30:00;4.0607
2025-08-01 08:45:00;5.2709
2025-08-01 09:00:00;5.1040
2025-08-01 09:15:00;5.5465
2025-08-01 09:30:00;6.0405
2025-08-01 09:45:00;6.5574
2025-08-01 10:00:00;8.6465
2025-08-01 10:15:00;8.8722
2025-08-01 10:30:00;9.4610
2025-08-01 10:45:00;9.8678
2025-08-01 11:00:00;8.3857
2025-08-01 11:15:00;8.9323
2025-08-01 11:30:00;9.1680
2025-08-01 11:45:00;9.1389
2025-08-01 12:00:00;9.4878
2025-08-01 12:15:00;9.4435
2025-08-01 12:30:00;9.4532
2025-08-01 12:45:00;9.5776
2025-08-01 13:00:00;10.3390
2025-08-01 13:15:00;10.4755
2025-08-01 13:30:00;11.1042
2025-08-01 13:45:00;10.8679
2025-08-01 14:00:00;11.0071
2025-08-01 14:15:00;10.6981
2025-08-01 14:30:00;11.0058
2025-08-01 14:45:00;10.4942
2025-08-01 15:00:00;10.9370
2025-08-01 15:15:00;11.0200
2025-08-01 15:30:00;9.9860
2025-08-01 15:45:00;9.8567
2025-08-01 16:00:00;9.0906
2025-08-01 16:15:00;8.9734
2025-08-01 16:30:00;8.6976
2025-08-01 16:45:00;8.4119
2025-08-01 17:00:00;7.9730
2025-08-01 17:15:00;7.6217
2025-08-01 17:30:00;7.5208
2025-08-01 17:45:00;6.8053
2025-08-01 18:00:00;7.7233
2025-08-01 18:15:00;6.9958
2025-08-01 18:30:00;6.8856
2025-08-01 18:45:00;5.6326
2025-08-01 19:00:00;4.8295
2025-08-01 19:15:00;4.3701
2025-08-01 19:30:00;3.7734
2025-08-01 19:45:00;3.3819
2025-08-01 20:00:00;2.7072
2025-08-01 20:15:00;1.8848
2025-08-01 20:30:00;1.3392
2025-08-01 20:45:00;0.6559
2025-08-01 21:00:00;0.0000
2025-08-01 21:15:00;0.0000
2025-08-01 21:30:00;0.0000
2025-08-01 21:45:00;0.0000
2025-08-01 22:00:00;0.0000
2025-08-01 22:15:00;0.0000
2025-08-01 22:30:00;0.0000
2025-08-01 22:45:00;0.0000
2025-08-01 23:00:00;0.0000
2025-08-01 23:15:00;0.0000
2025-08-01 23:30:00;0.0000
2025-08-01 23:45:00;0.0000
2025-08-02 00:00:00;0.0000
2025-08-02 00:15:00;0.0000
2025-08-02 00:30:00;0.0000
2025-08-02 00:45:00;0.0000
2025-08-02 01:00:00;0.0000
2025-08-02 01:15:00;0.0000
2025-08-02 01:30:00;0.0000
2025-08-02 01:45:00;0.0000
2025-08-02 02:00:00;0.0000
2025-08-02 02:15:00;0.0000
2025-08-02 02:30:00;0.0000
2025-08-02 02:45:00;0.0000
2025-08-02 03:00:00;0.0000
2025-08-02 03:15:00;0.0000
2025-08-02 03:30:00;0.0000
2025-08-02 03:45:00;0.0000
2025-08-02 04:00:00;0.0000
2025-08-02 04:15:00;0.0000
2025-08-02 04:30:00;0.0000
2025-08-02 04:45:00;0.0000
2025-08-02 05:00:00;0.0000
2025-08-02 05:15:00;0.0000
2025-08-02 05:30:00;0.0000
2025-08-02 05:45:00;0.0000
2025-08-02 06:00:00;0.0000
2025-08-02 06:15:00;0.0000
2025-08-02 06:30:00;0.0000
2025-08-02 06:45:00;1.5525
2025-08-02 07:00:00;2.9117
2025-08-02 07:15:00;4.3363
2025-08-02 07:30:00;6.0482
2025-08-02 07:45:00;7.5358
2025-08-02 08:00:00;9.4407
2025-08-02 08:15:00;10.1897
2025-08-02 08:30:00;12.3771
2025-08-02 08:45:00;13.7977
2025-08-02 09:00:00;15.4429
2025-08-02 09:15:00;16.2443
2025-08-02 09:30:00;17.9677
2025-08-02 09:45:00;18.7971
2025-08-02 10:00:00;19.7769
2025-08-02 10:15:00;20.8476
2025-08-02 10:30:00;22.3614
2025-08-02 10:45:00;23.2227
2025-08-02 11:00:00;25.8774
2025-08-02 11:15:00;27.2668
2025-08-02 11:30:00;28.2023
2025-08-02 11:45:00;29.1741
2025-08-02 12:00:00;27.2693
2025-08-02 12:15:00;27.9492
2025-08-02 12:30:00;28.6149
2025-08-02 12:45:00;29.4286
2025-08-02 13:00:00;27.4487
2025-08-02 13:15:00;28.3742
2025-08-02 13:30:00;27.6315
2025-08-02 13:45:00;28.1801
2025-08-02 14:00:00;28.2915
2025-08-02 14:15:00;28.1793
2025-08-02 14:30:00;27.2361
2025-08-02 14:45:00;27.6837
2025-08-02 15:00:00;18.4706
2025-08-02 15:15:00;19.0058
2025-08-02 15:30:00;19.8397
2025-08-02 15:45:00;18.5408
2025-08-02 16:00:00;26.4040
2025-08-02 16:15:00;25.8901
2025-08-02 16:30:00;23.8781
2025-08-02 16:45:00;23.1258
2025-08-02 17:00:00;23.8257
2025-08-02 17:15:00;22.0538
2025-08-02 17:30:00;20.1278
2025-08-02 17:45:00;18.9060
2025-08-02 18:00:00;16.1731
2025-08-02 18:15:00;14.1377
2025-08-02 18:30:00;13.8949
2025-08-02 18:45:00;11.6835
2025-08-02 19:00:00;12.6248
2025-08-02 19:15:00;11.3220
2025-08-02 19:30:00;9.8177
2025-08-02 19:45:00;8.5783
2025-08-02 20:00:00;3.4255
2025-08-02 20:15:00;2.6677
2025-08-02 20:30:00;1.7991
2025-08-02 20:45:00;0.9086
2025-08-02 21:00:00;0.0000
2025-08-02 21:15:00;0.0000
2025-08-02 21:30:00;0.0000
2025-08-02 21:45:00;0.0000
2025-08-02 22:00:00;0.0000
2025-08-02 22:15:00;0.0000
2025-08-02 22:30:00;0.0000
2025-08-02 22:45:00;0.0000
2025-08-02 23:00:00;0.0000
2025-08-02 23:15:00;0.0000
2025-08-02 23:30:00;0.0000
2025-08-02 23:45:00;0.0000
2025-08-03 00:00:00;0.0000
2025-08-03 00:15:00;0.0000
2025-08-03 00:30:00;0.0000
2025-08-03 00:45:00;0.0000
2025-08-03 01:00:00;0.0000
2025-08-03 01:15:00;0.0000
2025-08-03 01:30:00;0.0000
2025-08-03 01:45:00;0.0000
2025-08-03 02:00:00;0.0000
2025-08-03 02:15:00;0.0000
2025-08-03 02:30:00;0.0000
2025-08-03 02:45:00;0.0000
2025-08-03 03:00:00;0.0000
2025-08-03 03:15:00;0.0000
2025-08-03 03:30:00;0.0000
2025-08-03 03:45:00;0.0000
2025-08-03 04:00:00;0.0000
2025-08-03 04:15:00;0.0000
2025-08-03 04:30:00;0.0000
2025-08-03 04:45:00;0.0000
2025-08-03 05:00:00;0.0000
2025-08-03 05:15:00;0.0000
2025-08-03 05:30:00;0.0000
2025-08-03 05:45:00;0.0000
2025-08-03 06:00:00;0.0000
2025-08-03 06:15:00;0.0000
2025-08-03 06:30:00;0.0000
2025-08-03 06:45:00;0.6428
2025-08-03 07:00:00;1.1150
2025-08-03 07:15:00;1.6734
2025-08-03 07:30:00;2.1988
2025-08-03 07:45:00;2.7734
2025-08-03 08:00:00;3.3924
2025-08-03 08:15:00;3.9342
2025-08-03 08:30:00;4.3900
2025-08-03 08:45:00;4.8691
2025-08-03 09:00:00;5.7453
2025-08-03 09:15:00;6.5226
2025-08-03 09:30:00;6.8212
2025-08-03 09:45:00;7.1492
2025-08-03 10:00:00;7.1937
2025-08-03 10:15:00;7.9054
2025-08-03 10:30:00;8.1464
2025-08-03 10:45:00;8.5461
2025-08-03 11:00:00;9.4466
2025-08-03 11:15:00;9.7953
2025-08-03 11:30:00;10.0541
2025-08-03 11:45:00;9.9214
2025-08-03 12:00:00;10.5232
2025-08-03 12:15:00;9.8692
2025-08-03 12:30:00;10.3756
2025-08-03 12:45:00;10.3912
2025-08-03 13:00:00;10.9040
2025-08-03 13:15:00;10.8251
2025-08-03 13:30:00;11.0897
2025-08-03 13:45:00;11.5871
2025-08-03 14:00:00;10.1386
2025-08-03 14:15:00;10.0018
2025-08-03 14:30:00;9.8688
2025-08-03 14:45:00;9.5090
2025-08-03 15:00:00;11.3130
2025-08-03 15:15:00;10.8763
2025-08-03 15:30:00;10.8356
2025-08-03 15:45:00;11.0629
2025-08-03 16:00:00;7.9846
2025-08-03 16:15:00;7.9558
2025-08-03 16:30:00;7.8457
2025-08-03 16:45:00;7.5673
2025-08-03 17:00:00;7.6138
2025-08-03 17:15:00;7.1804
2025-08-03 17:30:00;6.9794
2025-08-03 17:45:00;6.5963
2025-08-03 18:00:00;5.9436
2025-08-03 18:15:00;5.8508
2025-08-03 18:30:00;5.2412
2025-08-03 18:45:00;4.5848
2025-08-03 19:00:00;5.3122
2025-08-03 19:15:00;4.1945
2025-08-03 19:30:00;3.8495
2025-08-03 19:45:00;3.1499
2025-08-03 20:00:00;2.5111
2025-08-03 20:15:00;1.7652
2025-08-03 20:30:00;1.2142
2025-08-03 20:45:00;0.6162
2025-08-03 21:00:00;0.0000
2025-08-03 21:15:00;0.0000
2025-08-03 21:30:00;0.0000
2025-08-03 21:45:00;0.0000
2025-08-03 22:00:00;0.0000
2025-08-03 22:15:00;0.0000
2025-08-03 22:30:00;0.0000
2025-08-03 22:45:00;0.0000
2025-08-03 23:00:00;0.0000
2025-08-03 23:15:00;0.0000
2025-08-03 23:30:00;0.0000
2025-08-03 23:45:00;0.0000
2025-08-04 00:00:00;0.0000
2025-08-04 00:15:00;0.0000
2025-08-04 00:30:00;0.0000
2025-08-04 00:45:00;0.0000
2025-08-04 01:00:00;0.0000
2025-08-04 01:15:00;0.0000
2025-08-04 01:30:00;0.0000
2025-08-04 01:45:00;0.0000
2025-08-04 02:00:00;0.0000
2025-08-04 02:15:00;0.0000
2025-08-04 02:30:00;0.0000
2025-08-04 02:45:00;0.0000
2025-08-04 03:00:00;0.0000
2025-08-04 03:15:00;0.0000
2025-08-04 03:30:00;0.0000
2025-08-04 03:45:00;0.0000
2025-08-04 04:00:00;0.0000
2025-08-04 04:15:00;0.0000
2025-08-04 04:30:00;0.0000
2025-08-04 04:45:00;0.0000
2025-08-04 05:00:00;0.0000
2025-08-04 05:15:00;0.0000
2025-08-04 05:30:00;0.0000
2025-08-04 05:45:00;0.0000
2025-08-04 06:00:00;0.0000
2025-08-04 06:15:00;0.0000
2025-08-04 06:30:00;0.0000
2025-08-04 06:45:00;0.6532
2025-08-04 07:00:00;0.9762
2025-08-04 07:15:00;1.4295
2025-08-04 07:30:00;2.1201
2025-08-04 07:45:00;2.3459
2025-08-04 08:00:00;3.7497
2025-08-04 08:15:00;4.2161
2025-08-04 08:30:00;4.9368
2025-08-04 08:45:00;5.2013
2025-08-04 09:00:00;5.8636
2025-08-04 09:15:00;7.1189
2025-08-04 09:30:00;7.3093
2025-08-04 09:45:00;7.6288
2025-08-04 10:00:00;7.4951
2025-08-04 10:15:00;7.8938
2025-08-04 10:30:00;8.7205
2025-08-04 10:45:00;9.9048
2025-08-04 11:00:00;9.4062
2025-08-04 11:15:00;9.2763
2025-08-04 11:30:00;9.8474
2025-08-04 11:45:00;9.7105
2025-08-04 12:00:00;9.0488
2025-08-04 12:15:00;9.9677
2025-08-04 12:30:00;10.0931
2025-08-04 12:45:00;10.1342
2025-08-04 13:00:00;9.4419
2025-08-04 13:15:00;9.5157
2025-08-04 13:30:00;8.9428
2025-08-04 13:45:00;9.5676
2025-08-04 14:00:00;11.1987
2025-08-04 14:15:00;11.4502
2025-08-04 14:30:00;10.7907
2025-08-04 14:45:00;10.9136
2025-08-04 15:00:00;10.2113
2025-08-04 15:15:00;10.8052
2025-08-04 15:30:00;9.9728
2025-08-04 15:45:00;9.9256
2025-08-04 16:00:00;10.2520
2025-08-04 16:15:00;9.5280
2025-08-04 16:30:00;9.5660
2025-08-04 16:45:00;8.9251
2025-08-04 17:00:00;9.0345
2025-08-04 17:15:00;8.0304
2025-08-04 17:30:00;7.7617
2025-08-04 17:45:00;7.2928
2025-08-04 18:00:00;6.4840
2025-08-04 18:15:00;6.0109
2025-08-04 18:30:00;5.2665
2025-08-04 18:45:00;4.8825
2025-08-04 19:00:00;3.7122
2025-08-04 19:15:00;2.8993
2025-08-04 19:30:00;2.6761
2025-08-04 19:45:00;2.4030
2025-08-04 20:00:00;2.2132
2025-08-04 20:15:00;1.6008
2025-08-04 20:30:00;1.1451
2025-08-04 20:45:00;0.6051
2025-08-04 21:00:00;0.0000
2025-08-04 21:15:00;0.0000
2025-08-04 21:30:00;0.0000
2025-08-04 21:45:00;0.0000
2025-08-04 22:00:00;0.0000
2025-08-04 22:15:00;0.0000
2025-08-04 22:30:00;0.0000
2025-08-04 22:45:00;0.0000
2025-08-04 23:00:00;0.0000
2025-08-04 23:15:00;0.0000
2025-08-04 23:30:00;0.0000
2025-08-04 23:45:00;0.0000
2025-08-05 00:00:00;0.0000
2025-08-05 00:15:00;0.0000
2025-08-05 00:30:00;0.0000
2025-08-05 00:45:00;0.0000
2025-08-05 01:00:00;0.0000
2025-08-05 01:15:00;0.0000
2025-08-05 01:30:00;0.0000
2025-08-05 01:45:00;0.0000
2025-08-05 02:00:00;0.0000
2025-08-05 02:15:00;0.0000
2025-08-05 02:30:00;0.0000
2025-08-05 02:45:00;0.0000
2025-08-05 03:00:00;0.0000
2025-08-05 03:15:00;0.0000
2025-08-05 03:30:00;0.0000
2025-08-05 03:45:00;0.0000
2025-08-05 04:00:00;0.0000
2025-08-05 04:15:00;0.0000
2025-08-05 04:30:00;0.0000
2025-08-05 04:45:00;0.0000
2025-08-05 05:00:00;0.0000
2025-08-05 05:15:00;0.0000
2025-08-05 05:30:00;0.0000
2025-08-05 05:45:00;0.0000
2025-08-05 06:00:00;0.0000
2025-08-05 06:15:00;0.0000
2025-08-05 06:30:00;0.0000
2025-08-05 06:45:00;0.2563
2025-08-05 07:00:00;0.4497
2025-08-05 07:15:00;0.6989
2025-08-05 07:30:00;0.9095
2025-08-05 07:45:00;1.1583
2025-08-05 08:00:00;1.1423
2025-08-05 08:15:00;1.2963
2025-08-05 08:30:00;1.3884
2025-08-05 08:45:00;1.6653
2025-08-05 09:00:00;2.3233
2025-08-05 09:15:00;2.4433
2025-08-05 09:30:00;2.5322
2025-08-05 09:45:00;2.8092
2025-08-05 10:00:00;2.4326
2025-08-05 10:15:00;2.5179
2025-08-05 10:30:00;2.6578
2025-08-05 10:45:00;2.8846
2025-08-05 11:00:00;3.5993
2025-08-05 11:15:00;3.7225
2025-08-05 11:30:00;3.9512
2025-08-05 11:45:00;3.7664
2025-08-05 12:00:00;4.6804
2025-08-05 12:15:00;4.6251
2025-08-05 12:30:00;4.4744
2025-08-05 12:45:00;4.4986
2025-08-05 13:00:00;3.7807
2025-08-05 13:15:00;3.9555
2025-08-05 13:30:00;3.9694
2025-08-05 13:45:00;3.6323
2025-08-05 14:00:00;3.6670
2025-08-05 14:15:00;3.8606
2025-08-05 14:30:00;3.6600
2025-08-05 14:45:00;3.6910
2025-08-05 15:00:00;3.9635
2025-08-05 15:15:00;3.7008
2025-08-05 15:30:00;3.5669
2025-08-05 15:45:00;3.5279
2025-08-05 16:00:00;3.8610
2025-08-05 16:15:00;3.6003
2025-08-05 16:30:00;3.6599
2025-08-05 16:45:00;3.3421
2025-08-05 17:00:00;3.1693
2025-08-05 17:15:00;3.0504
2025-08-05 17:30:00;2.9889
2025-08-05 17:45:00;2.7204
2025-08-05 18:00:00;2.8858
2025-08-05 18:15:00;2.6345
2025-08-05 18:30:00;2.4619
2025-08-05 18:45:00;2.1237
2025-08-05 19:00:00;1.7788
2025-08-05 19:15:00;1.5996
2025-08-05 19:30:00;1.3079
2025-08-05 19:45:00;1.1249
2025-08-05 20:00:00;0.9264
2025-08-05 20:15:00;0.6836
2025-08-05 20:30:00;0.4355
2025-08-05 20:45:00;0.2316
2025-08-05 21:00:00;0.0000
2025-08-05 21:15:00;0.0000
2025-08-05 21:30:00;0.0000
2025-08-05 21:45:00;0.0000
2025-08-05 22:00:00;0.0000
2025-08-05 22:15:00;0.0000
2025-08-05 22:30:00;0.0000
2025-08-05 22:45:00;0.0000
2025-08-05 23:00:00;0.0000
2025-08-05 23:15:00;0.0000
2025-08-05 23:30:00;0.0000
2025-08-05 23:45:00;0.0000
2025-08-06 00:00:00;0.0000
2025-08-06 00:15:00;0.0000
2025-08-06 00:30:00;0.0000
2025-08-06 00:45:00;0.0000
2025-08-06 01:00:00;0.0000
2025-08-06 01:15:00;0.0000
2025-08-06 01:30:00;0.0000
2025-08-06 01:45:00;0.0000
2025-08-06 02:00:00;0.0000
2025-08-06 02:15:00;0.0000
2025-08-06 02:30:00;0.0000
2025-08-06 02:45:00;0.0000
2025-08-06 03:00:00;0.0000
2025-08-06 03:15:00;0.0000
2025-08-06 03:30:00;0.0000
2025-08-06 03:45:00;0.0000
2025-08-06 04:00:00;0.0000
2025-08-06 04:15:00;0.0000
2025-08-06 04:30:00;0.0000
2025-08-06 04:45:00;0.0000
2025-08-06 05:00:00;0.0000
2025-08-06 05:15:00;0.0000
2025-08-06 05:30:00;0.0000
2025-08-06 05:45:00;0.0000
2025-08-06 06:00:00;0.0000
2025-08-06 06:15:00;0.0000
2025-08-06 06:30:00;0.0000
2025-08-06 06:45:00;0.5063
2025-08-06 07:00:00;1.2604
2025-08-06 07:15:00;1.8948
2025-08-06 07:30:00;2.5545
2025-08-06 07:45:00;3.0834
2025-08-06 08:00:00;3.7479
2025-08-06 08:15:00;4.1682
2025-08-06 08:30:00;4.7082
2025-08-06 08:45:00;5.7863
2025-08-06 09:00:00;4.9853
2025-08-06 09:15:00;5.4752
2025-08-06 09:30:00;5.9459
2025-08-06 09:45:00;6.3834
2025-08-06 10:00:00;7.2263
2025-08-06 10:15:00;7.0419
2025-08-06 10:30:00;7.7292
2025-08-06 10:45:00;7.8806
2025-08-06 11:00:00;8.3971
2025-08-06 11:15:00;8.4136
2025-08-06 11:30:00;8.6379
2025-08-06 11:45:00;9.3394
2025-08-06 12:00:00;10.0945
2025-08-06 12:15:00;10.6543
2025-08-06 12:30:00;10.8710
2025-08-06 12:45:00;10.9070
2025-08-06 13:00:00;9.9509
2025-08-06 13:15:00;10.0941
2025-08-06 13:30:00;10.3158
2025-08-06 13:45:00;10.2594
2025-08-06 14:00:00;11.0832
2025-08-06 14:15:00;11.1195
2025-08-06 14:30:00;11.2490
2025-08-06 14:45:00;10.6803
2025-08-06 15:00:00;10.9148
2025-08-06 15:15:00;10.6066
2025-08-06 15:30:00;10.0130
2025-08-06 15:45:00;9.8033
2025-08-06 16:00:00;8.8816
2025-08-06 16:15:00;8.3009
2025-08-06 16:30:00;8.8825
2025-08-06 16:45:00;7.9937
2025-08-06 17:00:00;8.5266
2025-08-06 17:15:00;7.4929
2025-08-06 17:30:00;7.5736
2025-08-06 17:45:00;6.8871
2025-08-06 18:00:00;6.6813
2025-08-06 18:15:00;5.9322
2025-08-06 18:30:00;5.8345
2025-08-06 18:45:00;4.8939
2025-08-06 19:00:00;4.5146
2025-08-06 19:15:00;3.9489
2025-08-06 19:30:00;3.5409
2025-08-06 19:45:00;2.9960
2025-08-06 20:00:00;2.2612
2025-08-06 20:15:00;1.6499
2025-08-06 20:30:00;1.0630
2025-08-06 20:45:00;0.5582
2025-08-06 21:00:00;0.0000
2025-08-06 21:15:00;0.0000
2025-08-06 21:30:00;0.0000
2025-08-06 21:45:00;0.0000
2025-08-06 22:00:00;0.0000
2025-08-06 22:15:00;0.0000
2025-08-06 22:30:00;0.0000
2025-08-06 22:45:00;0.0000
2025-08-06 23:00:00;0.0000
2025-08-06 23:15:00;0.0000
2025-08-06 23:30:00;0.0000
2025-08-06 23:45:00;0.0000
2025-08-07 00:00:00;0.0000
2025-08-07 00:15:00;0.0000
2025-08-07 00:30:00;0.0000
2025-08-07 00:45:00;0.0000
2025-08-07 01:00:00;0.0000
2025-08-07 01:15:00;0.0000
2025-08-07 01:30:00;0.0000
2025-08-07 01:45:00;0.0000
2025-08-07 02:00:00;0.0000
2025-08-07 02:15:00;0.0000
2025-08-07 02:30:00;0.0000
2025-08-07 02:45:00;0.0000
2025-08-07 03:00:00;0.0000
2025-08-07 03:15:00;0.0000
2025-08-07 03:30:00;0.0000
2025-08-07 03:45:00;0.0000
2025-08-07 04:00:00;0.0000
2025-08-07 04:15:00;0.0000
2025-08-07 04:30:00;0.0000
2025-08-07 04:45:00;0.0000
2025-08-07 05:00:00;0.0000
2025-08-07 05:15:00;0.0000
2025-08-07 05:30:00;0.0000
2025-08-07 05:45:00;0.0000
2025-08-07 06:00:00;0.0000
2025-08-07 06:15:00;0.0000
2025-08-07 06:30:00;0.0000
2025-08-07 06:45:00;2.1146
2025-08-07 07:00:00;4.2865
2025-08-07 07:15:00;6.7617
2025-08-07 07:30:00;8.6498
2025-08-07 07:45:00;11.2697
2025-08-07 08:00:00;12.4223
2025-08-07 08:15:00;14.5243
2025-08-07 08:30:00;16.4447
2025-08-07 08:45:00;19.0524
2025-08-07 09:00:00;23.9528
2025-08-07 09:15:00;24.5965
2025-08-07 09:30:00;28.7173
2025-08-07 09:45:00;30.9126
2025-08-07 10:00:00;31.6222
2025-08-07 10:15:00;34.4411
2025-08-07 10:30:00;35.3694
2025-08-07 10:45:00;36.4577
2025-08-07 11:00:00;37.1716
2025-08-07 11:15:00;37.1829
2025-08-07 11:30:00;37.1370
2025-08-07 11:45:00;37.1854
2025-08-07 12:00:00;37.1435
2025-08-07 12:15:00;37.1649
2025-08-07 12:30:00;37.2230
2025-08-07 12:45:00;37.2178
2025-08-07 13:00:00;37.1085
2025-08-07 13:15:00;37.1833
2025-08-07 13:30:00;37.1824
2025-08-07 13:45:00;37.0909
2025-08-07 14:00:00;37.1280
2025-08-07 14:15:00;37.1716
2025-08-07 14:30:00;37.1418
2025-08-07 14:45:00;37.1798
2025-08-07 15:00:00;37.1276
2025-08-07 15:15:00;37.1097
2025-08-07 15:30:00;37.2472
2025-08-07 15:45:00;36.7897
2025-08-07 16:00:00;32.1180
2025-08-07 16:15:00;32.2777
2025-08-07 16:30:00;33.2523
2025-08-07 16:45:00;31.3271
2025-08-07 17:00:00;33.5268
2025-08-07 17:15:00;32.5012
2025-08-07 17:30:00;28.4912
2025-08-07 17:45:00;28.3643
2025-08-07 18:00:00;26.2585
2025-08-07 18:15:00;25.1224
2025-08-07 18:30:00;21.0378
2025-08-07 18:45:00;20.2694
2025-08-07 19:00:00;17.5304
2025-08-07 19:15:00;14.4668
2025-08-07 19:30:00;12.9729
2025-08-07 19:45:00;10.5740
2025-08-07 20:00:00;9.2444
2025-08-07 20:15:00;6.9218
2025-08-07 20:30:00;4.4110
2025-08-07 20:45:00;2.3524
2025-08-07 21:00:00;0.0000
2025-08-07 21:15:00;0.0000
2025-08-07 21:30:00;0.0000
2025-08-07 21:45:00;0.0000
2025-08-07 22:00:00;0.0000
2025-08-07 22:15:00;0.0000
2025-08-07 22:30:00;0.0000
2025-08-07 22:45:00;0.0000
2025-08-07 23:00:00;0.0000
2025-08-07 23:15:00;0.0000
2025-08-07 23:30:00;0.0000
2025-08-07 23:45:00;0.0000
2025-08-08 00:00:00;0.0000
2025-08-08 00:15:00;0.0000
2025-08-08 00:30:00;0.0000
2025-08-08 00:45:00;0.0000
2025-08-08 01:00:00;0.0000
2025-08-08 01:15:00;0.0000
2025-08-08 01:30:00;0.0000
2025-08-08 01:45:00;0.0000
2025-08-08 02:00:00;0.0000
2025-08-08 02:15:00;0.0000
2025-08-08 02:30:00;0.0000
2025-08-08 02:45:00;0.0000
2025-08-08 03:00:00;0.0000
2025-08-08 03:15:00;0.0000
2025-08-08 03:30:00;0.0000
2025-08-08 03:45:00;0.0000
2025-08-08 04:00:00;0.0000
2025-08-08 04:15:00;0.0000
2025-08-08 04:30:00;0.0000
2025-08-08 04:45:00;0.0000
2025-08-08 05:00:00;0.0000
2025-08-08 05:15:00;0.0000
2025-08-08 05:30:00;0.0000
2025-08-08 05:45:00;0.0000
2025-08-08 06:00:00;0.0000
2025-08-08 06:15:00;0.0000
2025-08-08 06:30:00;0.0000
2025-08-08 06:45:00;0.8641
2025-08-08 07:00:00;2.8100
2025-08-08 07:15:00;4.2217
2025-08-08 07:30:00;5.4213
2025-08-08 07:45:00;7.1802
2025-08-08 08:00:00;9.2990
2025-08-08 08:15:00;10.3318
2025-08-08 08:30:00;11.8379
2025-08-08 08:45:00;13.2460
2025-08-08 09:00:00;12.2420
2025-08-08 09:15:00;13.2219
2025-08-08 09:30:00;14.6854
2025-08-08 09:45:00;15.7734
2025-08-08 10:00:00;18.5328
2025-08-08 10:15:00;19.3076
2025-08-08 10:30:00;21.0594
2025-08-08 10:45:00;21.7017
2025-08-08 11:00:00;25.0940
2025-08-08 11:15:00;26.8390
2025-08-08 11:30:00;26.5094
2025-08-08 11:45:00;26.9359
2025-08-08 12:00:00;23.2689
2025-08-08 12:15:00;23.0523
2025-08-08 12:30:00;25.3029
2025-08-08 12:45:00;24.7314
2025-08-08 13:00:00;25.2758
2025-08-08 13:15:00;26.8214
2025-08-08 13:30:00;27.9474
2025-08-08 13:45:00;26.7928
2025-08-08 14:00:00;19.8482
2025-08-08 14:15:00;19.6218
2025-08-08 14:30:00;18.3897
2025-08-08 14:45:00;18.2440
2025-08-08 15:00:00;28.0152
2025-08-08 15:15:00;28.5111
2025-08-08 15:30:00;27.4749
2025-08-08 15:45:00;26.2718
2025-08-08 16:00:00;25.7538
2025-08-08 16:15:00;26.8522
2025-08-08 16:30:00;24.3406
2025-08-08 16:45:00;23.3697
2025-08-08 17:00:00;9.0083
2025-08-08 17:15:00;8.5785
2025-08-08 17:30:00;8.0939
2025-08-08 17:45:00;7.7813
2025-08-08 18:00:00;14.8132
2025-08-08 18:15:00;14.3093
2025-08-08 18:30:00;13.2293
2025-08-08 18:45:00;11.6391
2025-08-08 19:00:00;7.8383
2025-08-08 19:15:00;7.2713
2025-08-08 19:30:00;6.0753
2025-08-08 19:45:00;5.2770
2025-08-08 20:00:00;7.2882
2025-08-08 20:15:00;5.0873
2025-08-08 20:30:00;3.3705
2025-08-08 20:45:00;1.7911
2025-08-08 21:00:00;0.0000
2025-08-08 21:15:00;0.0000
2025-08-08 21:30:00;0.0000
2025-08-08 21:45:00;0.0000
2025-08-08 22:00:00;0.0000
2025-08-08 22:15:00;0.0000
2025-08-08 22:30:00;0.0000
2025-08-08 22:45:00;0.0000
2025-08-08 23:00:00;0.0000
2025-08-08 23:15:00;0.0000
2025-08-08 23:30:00;0.0000
2025-08-08 23:45:00;0.0000
2025-08-09 00:00:00;0.0000
2025-08-09 00:15:00;0.0000
2025-08-09 00:30:00;0.0000
2025-08-09 00:45:00;0.0000
2025-08-09 01:00:00;0.0000
2025-08-09 01:15:00;0.0000
2025-08-09 01:30:00;0.0000
2025-08-09 01:45:00;0.0000
2025-08-09 02:00:00;0.0000
2025-08-09 02:15:00;0.0000
2025-08-09 02:30:00;0.0000
2025-08-09 02:45:00;0.0000
2025-08-09 03:00:00;0.0000
2025-08-09 03:15:00;0.0000
2025-08-09 03:30:00;0.0000
2025-08-09 03:45:00;0.0000
2025-08-09 04:00:00;0.0000
2025-08-09 04:15:00;0.0000
2025-08-09 04:30:00;0.0000
2025-08-09 04:45:00;0.0000
2025-08-09 05:00:00;0.0000
2025-08-09 05:15:00;0.0000
2025-08-09 05:30:00;0.0000
2025-08-09 05:45:00;0.0000
2025-08-09 06:00:00;0.0000
2025-08-09 06:15:00;0.0000
2025-08-09 06:30:00;0.0000
2025-08-09 06:45:00;0.6510
2025-08-09 07:00:00;1.1370
2025-08-09 07:15:00;1.6268
2025-08-09 07:30:00;2.1177
2025-08-09 07:45:00;2.6325
2025-08-09 08:00:00;3.4417
2025-08-09 08:15:00;4.1068
2025-08-09 08:30:00;4.7436
2025-08-09 08:45:00;5.2026
2025-08-09 09:00:00;5.6280
2025-08-09 09:15:00;6.2392
2025-08-09 09:30:00;6.3459
2025-08-09 09:45:00;6.7840
2025-08-09 10:00:00;7.3404
2025-08-09 10:15:00;7.6456
2025-08-09 10:30:00;8.3650
2025-08-09 10:45:00;8.4953
2025-08-09 11:00:00;9.4896
2025-08-09 11:15:00;9.3594
2025-08-09 11:30:00;10.0656
2025-08-09 11:45:00;9.9367
2025-08-09 12:00:00;9.9722
2025-08-09 12:15:00;9.5494
2025-08-09 12:30:00;10.1832
2025-08-09 12:45:00;9.9634
2025-08-09 13:00:00;10.6672
2025-08-09 13:15:00;10.5782
2025-08-09 13:30:00;11.0030
2025-08-09 13:45:00;10.9886
2025-08-09 14:00:00;11.4282
2025-08-09 14:15:00;11.9006
2025-08-09 14:30:00;11.6250
2025-08-09 14:45:00;11.0219
2025-08-09 15:00:00;10.7961
2025-08-09 15:15:00;10.0988
2025-08-09 15:30:00;10.2277
2025-08-09 15:45:00;9.8488
2025-08-09 16:00:00;9.4822
2025-08-09 16:15:00;9.1181
2025-08-09 16:30:00;8.9117
2025-08-09 16:45:00;8.4807
2025-08-09 17:00:00;8.2429
2025-08-09 17:15:00;7.4400
2025-08-09 17:30:00;7.0752
2025-08-09 17:45:00;7.0237
2025-08-09 18:00:00;5.8758
2025-08-09 18:15:00;5.9566
2025-08-09 18:30:00;5.1560
2025-08-09 18:45:00;5.0132
2025-08-09 19:00:00;5.2383
2025-08-09 19:15:00;4.2632
2025-08-09 19:30:00;3.8179
2025-08-09 19:45:00;3.2199
2025-08-09 20:00:00;2.4834
2025-08-09 20:15:00;1.9457
2025-08-09 20:30:00;1.2194
2025-08-09 20:45:00;0.6228
2025-08-09 21:00:00;0.0000
2025-08-09 21:15:00;0.0000
2025-08-09 21:30:00;0.0000
2025-08-09 21:45:00;0.0000
2025-08-09 22:00:00;0.0000
2025-08-09 22:15:00;0.0000
2025-08-09 22:30:00;0.0000
2025-08-09 22:45:00;0.0000
2025-08-09 23:00:00;0.0000
2025-08-09 23:15:00;0.0000
2025-08-09 23:30:00;0.0000
2025-08-09 23:45:00;0.0000
2025-08-10 00:00:00;0.0000
2025-08-10 00:15:00;0.0000
2025-08-10 00:30:00;0.0000
2025-08-10 00:45:00;0.0000
2025-08-10 01:00:00;0.0000
2025-08-10 01:15:00;0.0000
2025-08-10 01:30:00;0.0000
2025-08-10 01:45:00;0.0000
2025-08-10 02:00:00;0.0000
2025-08-10 02:15:00;0.0000
2025-08-10 02:30:00;0.0000
2025-08-10 02:45:00;0.0000
2025-08-10 03:00:00;0.0000
2025-08-10 03:15:00;0.0000
2025-08-10 03:30:00;0.0000
2025-08-10 03:45:00;0.0000
2025-08-10 04:00:00;0.0000
2025-08-10 04:15:00;0.0000
2025-08-10 04:30:00;0.0000
2025-08-10 04:45:00;0.0000
2025-08-10 05:00:00;0.0000
2025-08-10 05:15:00;0.0000
2025-08-10 05:30:00;0.0000
2025-08-10 05:45:00;0.0000
2025-08-10 06:00:00;0.0000
2025-08-10 06:15:00;0.0000
2025-08-10 06:30:00;0.0000
2025-08-10 06:45:00;2.2597
2025-08-10 07:00:00;4.5548
2025-08-10 07:15:00;6.4051
2025-08-10 07:30:00;8.3733
2025-08-10 07:45:00;10.7798
2025-08-10 08:00:00;13.1836
2025-08-10 08:15:00;16.3367
2025-08-10 08:30:00;17.1921
2025-08-10 08:45:00;19.2708
2025-08-10 09:00:00;21.2561
2025-08-10 09:15:00;24.0112
2025-08-10 09:30:00;25.3659
2025-08-10 09:45:00;27.7970
2025-08-10 10:00:00;27.4927
2025-08-10 10:15:00;29.7531
2025-08-10 10:30:00;30.6544
2025-08-10 10:45:00;31.1926
2025-08-10 11:00:00;28.8754
2025-08-10 11:15:00;29.1011
2025-08-10 11:30:00;31.6608
2025-08-10 11:45:00;32.6508
2025-08-10 12:00:00;33.2009
2025-08-10 12:15:00;37.0479
2025-08-10 12:30:00;35.9881
2025-08-10 12:45:00;34.6387
2025-08-10 13:00:00;37.1963
2025-08-10 13:15:00;37.1823
2025-08-10 13:30:00;37.1322
2025-08-10 13:45:00;37.1670
2025-08-10 14:00:00;37.1865
2025-08-10 14:15:00;37.1779
2025-08-10 14:30:00;37.1510
2025-08-10 14:45:00;37.1091
2025-08-10 15:00:00;35.3978
2025-08-10 15:15:00;34.7901
2025-08-10 15:30:00;36.9046
2025-08-10 15:45:00;35.0053
2025-08-10 16:00:00;31.5922
2025-08-10 16:15:00;31.8848
2025-08-10 16:30:00;30.0642
2025-08-10 16:45:00;29.2609
2025-08-10 17:00:00;32.7310
2025-08-10 17:15:00;31.5461
2025-08-10 17:30:00;28.2995
2025-08-10 17:45:00;28.9160
2025-08-10 18:00:00;25.3186
2025-08-10 18:15:00;24.2662
2025-08-10 18:30:00;21.9241
2025-08-10 18:45:00;20.0663
2025-08-10 19:00:00;19.7086
2025-08-10 19:15:00;16.8832
2025-08-10 19:30:00;14.1400
2025-08-10 19:45:00;11.8856
2025-08-10 20:00:00;8.8731
2025-08-10 20:15:00;6.6816
2025-08-10 20:30:00;4.5820
2025-08-10 20:45:00;2.1320
2025-08-10 21:00:00;0.0000
2025-08-10 21:15:00;0.0000
2025-08-10 21:30:00;0.0000
2025-08-10 21:45:00;0.0000
2025-08-10 22:00:00;0.0000
2025-08-10 22:15:00;0.0000
2025-08-10 22:30:00;0.0000
2025-08-10 22:45:00;0.0000
2025-08-10 23:00:00;0.0000
2025-08-10 23:15:00;0.0000
2025-08-10 23:30:00;0.0000
2025-08-10 23:45:00;0.0000
2025-08-11 00:00:00;0.0000
2025-08-11 00:15:00;0.0000
2025-08-11 00:30:00;0.0000
2025-08-11 00:45:00;0.0000
2025-08-11 01:00:00;0.0000
2025-08-11 01:15:00;0.0000
2025-08-11 01:30:00;0.0000
2025-08-11 01:45:00;0.0000
2025-08-11 02:00:00;0.0000
2025-08-11 02:15:00;0.0000
2025-08-11 02:30:00;0.0000
2025-08-11 02:45:00;0.0000
2025-08-11 03:00:00;0.0000
2025-08-11 03:15:00;0.0000
2025-08-11 03:30:00;0.0000
2025-08-11 03:45:00;0.0000
2025-08-11 04:00:00;0.0000
2025-08-11 04:15:00;0.0000
2025-08-11 04:30:00;0.0000
2025-08-11 04:45:00;0.0000
2025-08-11 05:00:00;0.0000
2025-08-11 05:15:00;0.0000
2025-08-11 05:30:00;0.0000
2025-08-11 05:45:00;0.0000
2025-08-11 06:00:00;0.0000
2025-08-11 06:15:00;0.0000
2025-08-11 06:30:00;0.0000
2025-08-11 06:45:00;1.6170
2025-08-11 07:00:00;2.9745
2025-08-11 07:15:00;4.4342
2025-08-11 07:30:00;5.7433
2025-08-11 07:45:00;7.4763
2025-08-11 08:00:00;8.3480
2025-08-11 08:15:00;9.8099
2025-08-11 08:30:00;11.4593
2025-08-11 08:45:00;12.0154
2025-08-11 09:00:00;15.7850
2025-08-11 09:15:00;17.2557
2025-08-11 09:30:00;18.1341
2025-08-11 09:45:00;19.9934
2025-08-11 10:00:00;17.5150
2025-08-11 10:15:00;19.1669
2025-08-11 10:30:00;19.9251
2025-08-11 10:45:00;20.8432
2025-08-11 11:00:00;21.1896
2025-08-11 11:15:00;22.5961
2025-08-11 11:30:00;23.4790
2025-08-11 11:45:00;23.5900
2025-08-11 12:00:00;29.3283
2025-08-11 12:15:00;29.0152
2025-08-11 12:30:00;27.9217
2025-08-11 12:45:00;28.0426
2025-08-11 13:00:00;29.8377
2025-08-11 13:15:00;29.3827
2025-08-11 13:30:00;29.4115
2025-08-11 13:45:00;29.4521
2025-08-11 14:00:00;27.8884
2025-08-11 14:15:00;29.2977
2025-08-11 14:30:00;30.2951
2025-08-11 14:45:00;27.2251
2025-08-11 15:00:00;23.5575
2025-08-11 15:15:00;22.6419
2025-08-11 15:30:00;23.7166
2025-08-11 15:45:00;21.4327
2025-08-11 16:00:00;23.7429
2025-08-11 16:15:00;23.0577
2025-08-11 16:30:00;21.0414
2025-08-11 16:45:00;20.8713
2025-08-11 17:00:00;12.7716
2025-08-11 17:15:00;11.8616
2025-08-11 17:30:00;11.5403
2025-08-11 17:45:00;11.0552
2025-08-11 18:00:00;16.3936
2025-08-11 18:15:00;15.0674
2025-08-11 18:30:00;13.7716
2025-08-11 18:45:00;12.3921
2025-08-11 19:00:00;5.5731
2025-08-11 19:15:00;4.9851
2025-08-11 19:30:00;4.4600
2025-08-11 19:45:00;3.6273
2025-08-11 20:00:00;6.7025
2025-08-11 20:15:00;4.8142
2025-08-11 20:30:00;3.5786
2025-08-11 20:45:00;1.7334
2025-08-11 21:00:00;0.0000
2025-08-11 21:15:00;0.0000
2025-08-11 21:30:00;0.0000
2025-08-11 21:45:00;0.0000
2025-08-11 22:00:00;0.0000
2025-08-11 22:15:00;0.0000
2025-08-11 22:30:00;0.0000
2025-08-11 22:45:00;0.0000
2025-08-11 23:00:00;0.0000
2025-08-11 23:15:00;0.0000
2025-08-11 23:30:00;0.0000
2025-08-11 23:45:00;0.0000
2025-08-12 00:00:00;0.0000
2025-08-12 00:15:00;0.0000
2025-08-12 00:30:00;0.0000
2025-08-12 00:45:00;0.0000
2025-08-12 01:00:00;0.0000
2025-08-12 01:15:00;0.0000
2025-08-12 01:30:00;0.0000
2025-08-12 01:45:00;0.0000
2025-08-12 02:00:00;0.0000
2025-08-12 02:15:00;0.0000
2025-08-12 02:30:00;0.0000
2025-08-12 02:45:00;0.0000
2025-08-12 03:00:00;0.0000
2025-08-12 03:15:00;0.0000
2025-08-12 03:30:00;0.0000
2025-08-12 03:45:00;0.0000
2025-08-12 04:00:00;0.0000
2025-08-12 04:15:00;0.0000
2025-08-12 04:30:00;0.0000
2025-08-12 04:45:00;0.0000
2025-08-12 05:00:00;0.0000
2025-08-12 05:15:00;0.0000
2025-08-12 05:30:00;0.0000
2025-08-12 05:45:00;0.0000
2025-08-12 06:00:00;0.0000
2025-08-12 06:15:00;0.0000
2025-08-12 06:30:00;0.0000
2025-08-12 06:45:00;1.4129
2025-08-12 07:00:00;2.0305
2025-08-12 07:15:00;2.9786
2025-08-12 07:30:00;3.8586
2025-08-12 07:45:00;5.0524
2025-08-12 08:00:00;8.7969
2025-08-12 08:15:00;9.5478
2025-08-12 08:30:00;10.5838
2025-08-12 08:45:00;12.4884
2025-08-12 09:00:00;16.5449
2025-08-12 09:15:00;17.4502
2025-08-12 09:30:00;18.5385
2025-08-12 09:45:00;19.5591
2025-08-12 10:00:00;18.2210
2025-08-12 10:15:00;20.6580
2025-08-12 10:30:00;20.3246
2025-08-12 10:45:00;21.4947
2025-08-12 11:00:00;23.8966
2025-08-12 11:15:00;25.1563
2025-08-12 11:30:00;26.7190
2025-08-12 11:45:00;25.6032
2025-08-12 12:00:00;24.2223
2025-08-12 12:15:00;23.2949
2025-08-12 12:30:00;24.6338
2025-08-12 12:45:00;26.3520
2025-08-12 13:00:00;28.1790
2025-08-12 13:15:00;27.4698
2025-08-12 13:30:00;27.4504
2025-08-12 13:45:00;29.1341
2025-08-12 14:00:00;25.1075
2025-08-12 14:15:00;24.8296
2025-08-12 14:30:00;25.7042
2025-08-12 14:45:00;24.5909
2025-08-12 15:00:00;29.9689
2025-08-12 15:15:00;30.9994
2025-08-12 15:30:00;29.9096
2025-08-12 15:45:00;26.8884
2025-08-12 16:00:00;25.3099
2025-08-12 16:15:00;25.5716
2025-08-12 16:30:00;25.1456
2025-08-12 16:45:00;22.7167
2025-08-12 17:00:00;21.4667
2025-08-12 17:15:00;20.5346
2025-08-12 17:30:00;19.3522
2025-08-12 17:45:00;17.8495
2025-08-12 18:00:00;12.7266
2025-08-12 18:15:00;12.6927
2025-08-12 18:30:00;11.0413
2025-08-12 18:45:00;9.8627
2025-08-12 19:00:00;5.8450
2025-08-12 19:15:00;5.1303
2025-08-12 19:30:00;4.3061
2025-08-12 19:45:00;3.7636
2025-08-12 20:00:00;6.8290
2025-08-12 20:15:00;5.1362
2025-08-12 20:30:00;3.1588
2025-08-12 20:45:00;1.6954
2025-08-12 21:00:00;0.0000
2025-08-12 21:15:00;0.0000
2025-08-12 21:30:00;0.0000
2025-08-12 21:45:00;0.0000
2025-08-12 22:00:00;0.0000
2025-08-12 22:15:00;0.0000
2025-08-12 22:30:00;0.0000
2025-08-12 22:45:00;0.0000
2025-08-12 23:00:00;0.0000
2025-08-12 23:15:00;0.0000
2025-08-12 23:30:00;0.0000
2025-08-12 23:45:00;0.0000
2025-08-13 00:00:00;0.0000
2025-08-13 00:15:00;0.0000
2025-08-13 00:30:00;0.0000
2025-08-13 00:45:00;0.0000
2025-08-13 01:00:00;0.0000
2025-08-13 01:15:00;0.0000
2025-08-13 01:30:00;0.0000
2025-08-13 01:45:00;0.0000
2025-08-13 02:00:00;0.0000
2025-08-13 02:15:00;0.0000
2025-08-13 02:30:00;0.0000
2025-08-13 02:45:00;0.0000
2025-08-13 03:00:00;0.0000
2025-08-13 03:15:00;0.0000
2025-08-13 03:30:00;0.0000
2025-08-13 03:45:00;0.0000
2025-08-13 04:00:00;0.0000
2025-08-13 04:15:00;0.0000
2025-08-13 04:30:00;0.0000
2025-08-13 04:45:00;0.0000
2025-08-13 05:00:00;0.0000
2025-08-13 05:15:00;0.0000
2025-08-13 05:30:00;0.0000
2025-08-13 05:45:00;0.0000
2025-08-13 06:00:00;0.0000
2025-08-13 06:15:00;0.0000
2025-08-13 06:30:00;0.0000
2025-08-13 06:45:00;0.6315
2025-08-13 07:00:00;1.3630
2025-08-13 07:15:00;2.0440
2025-08-13 07:30:00;2.7588
2025-08-13 07:45:00;3.1105
2025-08-13 08:00:00;3.7713
2025-08-13 08:15:00;4.4870
2025-08-13 08:30:00;5.4077
2025-08-13 08:45:00;5.7714
2025-08-13 09:00:00;5.3016
2025-08-13 09:15:00;6.0079
2025-08-13 09:30:00;6.2679
2025-08-13 09:45:00;6.5555
2025-08-13 10:00:00;7.4597
2025-08-13 10:15:00;7.5168
2025-08-13 10:30:00;8.0202
2025-08-13 10:45:00;8.3407
2025-08-13 11:00:00;10.0099
2025-08-13 11:15:00;10.1611
2025-08-13 11:30:00;10.5931
2025-08-13 11:45:00;10.8168
2025-08-13 12:00:00;9.1044
2025-08-13 12:15:00;10.0500
2025-08-13 12:30:00;9.4611
2025-08-13 12:45:00;9.9797
2025-08-13 13:00:00;10.0692
2025-08-13 13:15:00;10.5260
2025-08-13 13:30:00;10.3543
2025-08-13 13:45:00;10.2126
2025-08-13 14:00:00;11.1111
2025-08-13 14:15:00;10.8704
2025-08-13 14:30:00;10.8417
2025-08-13 14:45:00;11.2158
2025-08-13 15:00:00;9.2034
2025-08-13 15:15:00;10.1534
2025-08-13 15:30:00;9.6814
2025-08-13 15:45:00;9.2077
2025-08-13 16:00:00;9.8663
2025-08-13 16:15:00;9.6832
2025-08-13 16:30:00;9.2092
2025-08-13 16:45:00;8.6586
2025-08-13 17:00:00;8.2445
2025-08-13 17:15:00;7.6476
2025-08-13 17:30:00;7.1722
2025-08-13 17:45:00;6.6824
2025-08-13 18:00:00;5.6956
2025-08-13 18:15:00;5.4608
2025-08-13 18:30:00;5.0449
2025-08-13 18:45:00;4.7362
2025-08-13 19:00:00;4.4161
2025-08-13 19:15:00;3.9716
2025-08-13 19:30:00;3.3263
2025-08-13 19:45:00;2.8211
2025-08-13 20:00:00;2.2684
2025-08-13 20:15:00;1.7694
2025-08-13 20:30:00;1.1321
2025-08-13 20:45:00;0.5618
2025-08-13 21:00:00;0.0000
2025-08-13 21:15:00;0.0000
2025-08-13 21:30:00;0.0000
2025-08-13 21:45:00;0.0000
2025-08-13 22:00:00;0.0000
2025-08-13 22:15:00;0.0000
2025-08-13 22:30:00;0.0000
2025-08-13 22:45:00;0.0000
2025-08-13 23:00:00;0.0000
2025-08-13 23:15:00;0.0000
2025-08-13 23:30:00;0.0000
2025-08-13 23:45:00;0.0000
2025-08-14 00:00:00;0.0000
2025-08-14 00:15:00;0.0000
2025-08-14 00:30:00;0.0000
2025-08-14 00:45:00;0.0000
2025-08-14 01:00:00;0.0000
2025-08-14 01:15:00;0.0000
2025-08-14 01:30:00;0.0000
2025-08-14 01:45:00;0.0000
2025-08-14 02:00:00;0.0000
2025-08-14 02:15:00;0.0000
2025-08-14 02:30:00;0.0000
2025-08-14 02:45:00;0.0000
2025-08-14 03:00:00;0.0000
2025-08-14 03:15:00;0.0000
2025-08-14 03:30:00;0.0000
2025-08-14 03:45:00;0.0000
2025-08-14 04:00:00;0.0000
2025-08-14 04:15:00;0.0000
2025-08-14 04:30:00;0.0000
2025-08-14 04:45:00;0.0000
2025-08-14 05:00:00;0.0000
2025-08-14 05:15:00;0.0000
2025-08-14 05:30:00;0.0000
2025-08-14 05:45:00;0.0000
2025-08-14 06:00:00;0.0000
2025-08-14 06:15:00;0.0000
2025-08-14 06:30:00;0.0000
2025-08-14 06:45:00;2.2945
2025-08-14 07:00:00;5.1756
2025-08-14 07:15:00;7.7770
2025-08-14 07:30:00;10.3666
2025-08-14 07:45:00;12.9553
2025-08-14 08:00:00;11.9788
2025-08-14 08:15:00;14.0787
2025-08-14 08:30:00;15.3748
2025-08-14 08:45:00;17.3562
2025-08-14 09:00:00;25.6436
2025-08-14 09:15:00;25.6765
2025-08-14 09:30:00;29.5305
2025-08-14 09:45:00;31.7739
2025-08-14 10:00:00;29.2886
2025-08-14 10:15:00;28.6855
2025-08-14 10:30:00;30.5446
2025-08-14 10:45:00;32.9151
2025-08-14 11:00:00;33.5952
2025-08-14 11:15:00;35.1414
2025-08-14 11:30:00;33.6988
2025-08-14 11:45:00;37.1627
2025-08-14 12:00:00;33.6407
2025-08-14 12:15:00;32.6503
2025-08-14 12:30:00;33.7862
2025-08-14 12:45:00;34.1970
2025-08-14 13:00:00;37.1393
2025-08-14 13:15:00;37.1856
2025-08-14 13:30:00;37.1775
2025-08-14 13:45:00;37.1515
2025-08-14 14:00:00;37.2236
2025-08-14 14:15:00;37.1446
2025-08-14 14:30:00;37.1893
2025-08-14 14:45:00;37.0734
2025-08-14 15:00:00;37.1949
2025-08-14 15:15:00;37.1640
2025-08-14 15:30:00;37.1644
2025-08-14 15:45:00;37.0742
2025-08-14 16:00:00;36.1961
2025-08-14 16:15:00;33.9623
2025-08-14 16:30:00;34.7974
2025-08-14 16:45:00;33.1183
2025-08-14 17:00:00;34.7369
2025-08-14 17:15:00;33.0151
2025-08-14 17:30:00;30.9749
2025-08-14 17:45:00;28.1788
2025-08-14 18:00:00;28.3593
2025-08-14 18:15:00;25.0984
2025-08-14 18:30:00;22.2722
2025-08-14 18:45:00;21.0538
2025-08-14 19:00:00;16.7550
2025-08-14 19:15:00;15.2172
2025-08-14 19:30:00;13.6215
2025-08-14 19:45:00;11.2683
2025-08-14 20:00:00;9.6363
2025-08-14 20:15:00;7.0732
2025-08-14 20:30:00;4.8477
2025-08-14 20:45:00;2.3459
2025-08-14 21:00:00;0.0000
2025-08-14 21:15:00;0.0000
2025-08-14 21:30:00;0.0000
2025-08-14 21:45:00;0.0000
2025-08-14 22:00:00;0.0000
2025-08-14 22:15:00;0.0000
2025-08-14 22:30:00;0.0000
2025-08-14 22:45:00;0.0000
2025-08-14 23:00:00;0.0000
2025-08-14 23:15:00;0.0000
2025-08-14 23:30:00;0.0000
2025-08-14 23:45:00;0.0000
2025-08-15 00:00:00;0.0000
2025-08-15 00:15:00;0.0000
2025-08-15 00:30:00;0.0000
2025-08-15 00:45:00;0.0000
2025-08-15 01:00:00;0.0000
2025-08-15 01:15:00;0.0000
2025-08-15 01:30:00;0.0000
2025-08-15 01:45:00;0.0000
2025-08-15 02:00:00;0.0000
2025-08-15 02:15:00;0.0000
2025-08-15 02:30:00;0.0000
2025-08-15 02:45:00;0.0000
2025-08-15 03:00:00;0.0000
2025-08-15 03:15:00;0.0000
2025-08-15 03:30:00;0.0000
2025-08-15 03:45:00;0.0000
2025-08-15 04:00:00;0.0000
2025-08-15 04:15:00;0.0000
2025-08-15 04:30:00;0.0000
2025-08-15 04:45:00;0.0000
2025-08-15 05:00:00;0.0000
2025-08-15 05:15:00;0.0000
2025-08-15 05:30:00;0.0000
2025-08-15 05:45:00;0.0000
2025-08-15 06:00:00;0.0000
2025-08-15 06:15:00;0.0000
2025-08-15 06:30:00;0.0000
2025-08-15 06:45:00;2.1860
2025-08-15 07:00:00;5.1018
2025-08-15 07:15:00;7.8244
2025-08-15 07:30:00;10.0932
2025-08-15 07:45:00;12.7175
2025-08-15 08:00:00;13.9058
2025-08-15 08:15:00;17.0621
2025-08-15 08:30:00;18.7548
2025-08-15 08:45:00;20.5522
2025-08-15 09:00:00;20.9695
2025-08-15 09:15:00;21.2358
2025-08-15 09:30:00;24.1832
2025-08-15 09:45:00;25.9169
2025-08-15 10:00:00;32.6675
2025-08-15 10:15:00;34.0832
2025-08-15 10:30:00;37.1597
2025-08-15 10:45:00;36.5402
2025-08-15 11:00:00;32.0094
2025-08-15 11:15:00;35.1087
2025-08-15 11:30:00;33.5814
2025-08-15 11:45:00;36.4170
2025-08-15 12:00:00;37.1682
2025-08-15 12:15:00;35.7402
2025-08-15 12:30:00;36.4158
2025-08-15 12:45:00;35.4302
2025-08-15 13:00:00;37.0987
2025-08-15 13:15:00;37.2036
2025-08-15 13:30:00;37.1273
2025-08-15 13:45:00;37.1168
2025-08-15 14:00:00;37.1415
2025-08-15 14:15:00;37.2180
2025-08-15 14:30:00;37.1336
2025-08-15 14:45:00;37.1706
2025-08-15 15:00:00;37.1430
2025-08-15 15:15:00;37.1624
2025-08-15 15:30:00;37.1556
2025-08-15 15:45:00;37.1306
2025-08-15 16:00:00;37.2183
2025-08-15 16:15:00;37.1826
2025-08-15 16:30:00;37.2258
2025-08-15 16:45:00;36.1968
2025-08-15 17:00:00;31.5075
2025-08-15 17:15:00;30.8884
2025-08-15 17:30:00;29.1801
2025-08-15 17:45:00;27.9795
2025-08-15 18:00:00;25.7960
2025-08-15 18:15:00;23.9744
2025-08-15 18:30:00;22.4572
2025-08-15 18:45:00;18.9252
2025-08-15 19:00:00;14.0921
2025-08-15 19:15:00;12.8435
2025-08-15 19:30:00;11.4635
2025-08-15 19:45:00;9.4276
2025-08-15 20:00:00;9.2704
2025-08-15 20:15:00;6.9791
2025-08-15 20:30:00;4.4951
2025-08-15 20:45:00;2.3682
2025-08-15 21:00:00;0.0000
2025-08-15 21:15:00;0.0000
2025-08-15 21:30:00;0.0000
2025-08-15 21:45:00;0.0000
2025-08-15 22:00:00;0.0000
2025-08-15 22:15:00;0.0000
2025-08-15 22:30:00;0.0000
2025-08-15 22:45:00;0.0000
2025-08-15 23:00:00;0.0000
2025-08-15 23:15:00;0.0000
2025-08-15 23:30:00;0.0000
2025-08-15 23:45:00;0.0000
2025-08-16 00:00:00;0.0000
2025-08-16 00:15:00;0.0000
2025-08-16 00:30:00;0.0000
2025-08-16 00:45:00;0.0000
2025-08-16 01:00:00;0.0000
2025-08-16 01:15:00;0.0000
2025-08-16 01:30:00;0.0000
2025-08-16 01:45:00;0.0000
2025-08-16 02:00:00;0.0000
2025-08-16 02:15:00;0.0000
2025-08-16 02:30:00;0.0000
2025-08-16 02:45:00;0.0000
2025-08-16 03:00:00;0.0000
2025-08-16 03:15:00;0.0000
2025-08-16 03:30:00;0.0000
2025-08-16 03:45:00;0.0000
2025-08-16 04:00:00;0.0000
2025-08-16 04:15:00;0.0000
2025-08-16 04:30:00;0.0000
2025-08-16 04:45:00;0.0000
2025-08-16 05:00:00;0.0000
2025-08-16 05:15:00;0.0000
2025-08-16 05:30:00;0.0000
2025-08-16 05:45:00;0.0000
2025-08-16 06:00:00;0.0000
2025-08-16 06:15:00;0.0000
2025-08-16 06:30:00;0.0000
2025-08-16 06:45:00;1.4700
2025-08-16 07:00:00;3.0492
2025-08-16 07:15:00;4.3049
2025-08-16 07:30:00;5.7187
2025-08-16 07:45:00;7.6929
2025-08-16 08:00:00;6.6072
2025-08-16 08:15:00;7.6687
2025-08-16 08:30:00;8.5628
2025-08-16 08:45:00;9.2954
2025-08-16 09:00:00;14.0297
2025-08-16 09:15:00;15.0397
2025-08-16 09:30:00;17.5636
2025-08-16 09:45:00;17.9322
2025-08-16 10:00:00;20.6902
2025-08-16 10:15:00;22.1671
2025-08-16 10:30:00;21.6072
2025-08-16 10:45:00;25.7276
2025-08-16 11:00:00;15.1076
2025-08-16 11:15:00;16.0047
2025-08-16 11:30:00;15.5928
2025-08-16 11:45:00;16.0603
2025-08-16 12:00:00;28.7708
2025-08-16 12:15:00;29.8271
2025-08-16 12:30:00;31.3676
2025-08-16 12:45:00;31.6085
2025-08-16 13:00:00;28.4269
2025-08-16 13:15:00;27.8772
2025-08-16 13:30:00;26.9301
2025-08-16 13:45:00;27.6510
2025-08-16 14:00:00;31.0305
2025-08-16 14:15:00;31.3537
2025-08-16 14:30:00;31.6407
2025-08-16 14:45:00;30.3678
2025-08-16 15:00:00;12.4731
2025-08-16 15:15:00;12.1542
2025-08-16 15:30:00;11.6938
2025-08-16 15:45:00;11.7708
2025-08-16 16:00:00;23.7022
2025-08-16 16:15:00;21.9006
2025-08-16 16:30:00;20.7208
2025-08-16 16:45:00;20.5095
2025-08-16 17:00:00;15.4435
2025-08-16 17:15:00;14.0896
2025-08-16 17:30:00;12.9530
2025-08-16 17:45:00;12.8518
2025-08-16 18:00:00;16.1414
2025-08-16 18:15:00;14.3832
2025-08-16 18:30:00;13.6599
2025-08-16 18:45:00;13.1647
2025-08-16 19:00:00;5.3314
2025-08-16 19:15:00;4.7787
2025-08-16 19:30:00;4.1402
2025-08-16 19:45:00;3.3141
2025-08-16 20:00:00;6.9687
2025-08-16 20:15:00;4.9806
2025-08-16 20:30:00;3.5454
2025-08-16 20:45:00;1.6041
2025-08-16 21:00:00;0.0000
2025-08-16 21:15:00;0.0000
2025-08-16 21:30:00;0.0000
2025-08-16 21:45:00;0.0000
2025-08-16 22:00:00;0.0000
2025-08-16 22:15:00;0.0000
2025-08-16 22:30:00;0.0000
2025-08-16 22:45:00;0.0000
2025-08-16 23:00:00;0.0000
2025-08-16 23:15:00;0.0000
2025-08-16 23:30:00;0.0000
2025-08-16 23:45:00;0.0000
2025-08-17 00:00:00;0.0000
2025-08-17 00:15:00;0.0000
2025-08-17 00:30:00;0.0000
2025-08-17 00:45:00;0.0000
2025-08-17 01:00:00;0.0000
2025-08-17 01:15:00;0.0000
2025-08-17 01:30:00;0.0000
2025-08-17 01:45:00;0.0000
2025-08-17 02:00:00;0.0000
2025-08-17 02:15:00;0.0000
2025-08-17 02:30:00;0.0000
2025-08-17 02:45:00;0.0000
2025-08-17 03:00:00;0.0000
2025-08-17 03:15:00;0.0000
2025-08-17 03:30:00;0.0000
2025-08-17 03:45:00;0.0000
2025-08-17 04:00:00;0.0000
2025-08-17 04:15:00;0.0000
2025-08-17 04:30:00;0.0000
2025-08-17 04:45:00;0.0000
2025-08-17 05:00:00;0.0000
2025-08-17 05:15:00;0.0000
2025-08-17 05:30:00;0.0000
2025-08-17 05:45:00;0.0000
2025-08-17 06:00:00;0.0000
2025-08-17 06:15:00;0.0000
2025-08-17 06:30:00;0.0000
2025-08-17 06:45:00;0.5313
2025-08-17 07:00:00;1.0053
2025-08-17 07:15:00;1.5064
2025-08-17 07:30:00;2.0020
2025-08-17 07:45:00;2.6406
2025-08-17 08:00:00;3.5422
2025-08-17 08:15:00;3.8148
2025-08-17 08:30:00;4.9614
2025-08-17 08:45:00;4.9530
2025-08-17 09:00:00;5.6031
2025-08-17 09:15:00;5.8326
2025-08-17 09:30:00;6.5204
2025-08-17 09:45:00;6.5256
2025-08-17 10:00:00;8.1157
2025-08-17 10:15:00;8.9394
2025-08-17 10:30:00;9.1575
2025-08-17 10:45:00;9.5350
2025-08-17 11:00:00;8.4708
2025-08-17 11:15:00;9.3724
2025-08-17 11:30:00;9.2944
2025-08-17 11:45:00;9.3016
2025-08-17 12:00:00;10.3215
2025-08-17 12:15:00;10.3321
2025-08-17 12:30:00;11.0026
2025-08-17 12:45:00;10.9567
2025-08-17 13:00:00;9.3325
2025-08-17 13:15:00;9.8736
2025-08-17 13:30:00;9.5569
2025-08-17 13:45:00;9.3721
2025-08-17 14:00:00;8.8798
2025-08-17 14:15:00;9.2106
2025-08-17 14:30:00;8.9568
2025-08-17 14:45:00;8.7983
2025-08-17 15:00:00;10.9398
2025-08-17 15:15:00;10.2767
2025-08-17 15:30:00;10.8203
2025-08-17 15:45:00;10.0118
2025-08-17 16:00:00;9.8022
2025-08-17 16:15:00;9.6879
2025-08-17 16:30:00;9.5036
2025-08-17 16:45:00;8.7654
2025-08-17 17:00:00;8.5248
2025-08-17 17:15:00;7.7139
2025-08-17 17:30:00;7.4021
2025-08-17 17:45:00;6.8940
2025-08-17 18:00:00;5.3650
2025-08-17 18:15:00;4.7620
2025-08-17 18:30:00;4.2867
2025-08-17 18:45:00;3.9715
2025-08-17 19:00:00;4.9525
2025-08-17 19:15:00;4.2804
2025-08-17 19:30:00;3.7569
2025-08-17 19:45:00;3.2429
2025-08-17 20:00:00;2.3462
2025-08-17 20:15:00;1.8744
2025-08-17 20:30:00;1.1384
2025-08-17 20:45:00;0.5538
2025-08-17 21:00:00;0.0000
2025-08-17 21:15:00;0.0000
2025-08-17 21:30:00;0.0000
2025-08-17 21:45:00;0.0000
2025-08-17 22:00:00;0.0000
2025-08-17 22:15:00;0.0000
2025-08-17 22:30:00;0.0000
2025-08-17 22:45:00;0.0000
2025-08-17 23:00:00;0.0000
2025-08-17 23:15:00;0.0000
2025-08-17 23:30:00;0.0000
2025-08-17 23:45:00;0.0000
2025-08-18 00:00:00;0.0000
2025-08-18 00:15:00;0.0000
2025-08-18 00:30:00;0.0000
2025-08-18 00:45:00;0.0000
2025-08-18 01:00:00;0.0000
2025-08-18 01:15:00;0.0000
2025-08-18 01:30:00;0.0000
2025-08-18 01:45:00;0.0000
2025-08-18 02:00:00;0.0000
2025-08-18 02:15:00;0.0000
2025-08-18 02:30:00;0.0000
2025-08-18 02:45:00;0.0000
2025-08-18 03:00:00;0.0000
2025-08-18 03:15:00;0.0000
2025-08-18 03:30:00;0.0000
2025-08-18 03:45:00;0.0000
2025-08-18 04:00:00;0.0000
2025-08-18 04:15:00;0.0000
2025-08-18 04:30:00;0.0000
2025-08-18 04:45:00;0.0000
2025-08-18 05:00:00;0.0000
2025-08-18 05:15:00;0.0000
2025-08-18 05:30:00;0.0000
2025-08-18 05:45:00;0.0000
2025-08-18 06:00:00;0.0000
2025-08-18 06:15:00;0.0000
2025-08-18 06:30:00;0.0000
2025-08-18 06:45:00;2.3929
2025-08-18 07:00:00;4.2862
2025-08-18 07:15:00;5.9875
2025-08-18 07:30:00;8.2990
2025-08-18 07:45:00;10.5252
2025-08-18 08:00:00;14.5823
2025-08-18 08:15:00;17.5075
2025-08-18 08:30:00;18.2751
2025-08-18 08:45:00;20.4948
2025-08-18 09:00:00;22.6358
2025-08-18 09:15:00;25.2733
2025-08-18 09:30:00;25.4860
2025-08-18 09:45:00;27.2080
2025-08-18 10:00:00;25.6649
2025-08-18 10:15:00;26.4526
2025-08-18 10:30:00;27.3291
2025-08-18 10:45:00;29.6463
2025-08-18 11:00:00;37.2382
2025-08-18 11:15:00;37.1951
2025-08-18 11:30:00;37.1528
2025-08-18 11:45:00;37.1734
2025-08-18 12:00:00;37.2115
2025-08-18 12:15:00;37.1331
2025-08-18 12:30:00;37.1320
2025-08-18 12:45:00;37.1341
2025-08-18 13:00:00;37.1492
2025-08-18 13:15:00;37.0076
2025-08-18 13:30:00;36.5867
2025-08-18 13:45:00;37.1678
2025-08-18 14:00:00;37.1255
2025-08-18 14:15:00;37.1355
2025-08-18 14:30:00;37.1306
2025-08-18 14:45:00;37.1597
2025-08-18 15:00:00;37.1439
2025-08-18 15:15:00;37.1653
2025-08-18 15:30:00;37.1817
2025-08-18 15:45:00;37.1652
2025-08-18 16:00:00;34.2503
2025-08-18 16:15:00;34.0424
2025-08-18 16:30:00;31.7658
2025-08-18 16:45:00;33.3226
2025-08-18 17:00:00;30.5805
2025-08-18 17:15:00;29.6233
2025-08-18 17:30:00;27.7819
2025-08-18 17:45:00;25.6587
2025-08-18 18:00:00;23.7694
2025-08-18 18:15:00;22.2263
2025-08-18 18:30:00;20.1403
2025-08-18 18:45:00;18.0543
2025-08-18 19:00:00;15.3716
2025-08-18 19:15:00;13.2791
2025-08-18 19:30:00;11.6138
2025-08-18 19:45:00;9.9202
2025-08-18 20:00:00;8.4002
2025-08-18 20:15:00;6.6330
2025-08-18 20:30:00;4.0378
2025-08-18 20:45:00;2.0563
2025-08-18 21:00:00;0.0000
2025-08-18 21:15:00;0.0000
2025-08-18 21:30:00;0.0000
2025-08-18 21:45:00;0.0000
2025-08-18 22:00:00;0.0000
2025-08-18 22:15:00;0.0000
2025-08-18 22:30:00;0.0000
2025-08-18 22:45:00;0.0000
2025-08-18 23:00:00;0.0000
2025-08-18 23:15:00;0.0000
2025-08-18 23:30:00;0.0000
2025-08-18 23:45:00;0.0000
2025-08-19 00:00:00;0.0000
2025-08-19 00:15:00;0.0000
2025-08-19 00:30:00;0.0000
2025-08-19 00:45:00;0.0000
2025-08-19 01:00:00;0.0000
2025-08-19 01:15:00;0.0000
2025-08-19 01:30:00;0.0000
2025-08-19 01:45:00;0.0000
2025-08-19 02:00:00;0.0000
2025-08-19 02:15:00;0.0000
2025-08-19 02:30:00;0.0000
2025-08-19 02:45:00;0.0000
2025-08-19 03:00:00;0.0000
2025-08-19 03:15:00;0.0000
2025-08-19 03:30:00;0.0000
2025-08-19 03:45:00;0.0000
2025-08-19 04:00:00;0.0000
2025-08-19 04:15:00;0.0000
2025-08-19 04:30:00;0.0000
2025-08-19 04:45:00;0.0000
2025-08-19 05:00:00;0.0000
2025-08-19 05:15:00;0.0000
2025-08-19 05:30:00;0.0000
2025-08-19 05:45:00;0.0000
2025-08-19 06:00:00;0.0000
2025-08-19 06:15:00;0.0000
2025-08-19 06:30:00;0.0000
2025-08-19 06:45:00;0.5646
2025-08-19 07:00:00;1.2640
2025-08-19 07:15:00;1.9725
2025-08-19 07:30:00;2.5030
2025-08-19 07:45:00;3.1032
2025-08-19 08:00:00;3.7138
2025-08-19 08:15:00;4.1222
2025-08-19 08:30:00;4.8750
2025-08-19 08:45:00;5.4224
2025-08-19 09:00:00;5.5208
2025-08-19 09:15:00;6.0625
2025-08-19 09:30:00;6.5589
2025-08-19 09:45:00;6.7668
2025-08-19 10:00:00;7.1114
2025-08-19 10:15:00;7.4149
2025-08-19 10:30:00;7.7991
2025-08-19 10:45:00;8.2402
2025-08-19 11:00:00;8.1792
2025-08-19 11:15:00;8.7107
2025-08-19 11:30:00;9.2550
2025-08-19 11:45:00;9.4240
2025-08-19 12:00:00;10.7527
2025-08-19 12:15:00;10.8203
2025-08-19 12:30:00;11.1211
2025-08-19 12:45:00;11.2744
2025-08-19 13:00:00;9.9706
2025-08-19 13:15:00;9.8811
2025-08-19 13:30:00;10.1539
2025-08-19 13:45:00;10.2222
2025-08-19 14:00:00;8.7530
2025-08-19 14:15:00;8.5803
2025-08-19 14:30:00;8.8273
2025-08-19 14:45:00;8.8084
2025-08-19 15:00:00;9.8381
2025-08-19 15:15:00;9.6006
2025-08-19 15:30:00;9.1378
2025-08-19 15:45:00;9.3244
2025-08-19 16:00:00;9.1631
2025-08-19 16:15:00;8.8011
2025-08-19 16:30:00;8.7221
2025-08-19 16:45:00;8.6904
2025-08-19 17:00:00;7.6883
2025-08-19 17:15:00;7.4080
2025-08-19 17:30:00;7.4017
2025-08-19 17:45:00;6.4273
2025-08-19 18:00:00;7.0553
2025-08-19 18:15:00;6.2349
2025-08-19 18:30:00;5.6549
2025-08-19 18:45:00;5.1029
2025-08-19 19:00:00;4.2378
2025-08-19 19:15:00;3.6704
2025-08-19 19:30:00;3.3193
2025-08-19 19:45:00;2.7535
2025-08-19 20:00:00;2.4751
2025-08-19 20:15:00;1.8318
2025-08-19 20:30:00;1.2103
2025-08-19 20:45:00;0.6024
2025-08-19 21:00:00;0.0000
2025-08-19 21:15:00;0.0000
2025-08-19 21:30:00;0.0000
2025-08-19 21:45:00;0.0000
2025-08-19 22:00:00;0.0000
2025-08-19 22:15:00;0.0000
2025-08-19 22:30:00;0.0000
2025-08-19 22:45:00;0.0000
2025-08-19 23:00:00;0.0000
2025-08-19 23:15:00;0.0000
2025-08-19 23:30:00;0.0000
2025-08-19 23:45:00;0.0000
2025-08-20 00:00:00;0.0000
2025-08-20 00:15:00;0.0000
2025-08-20 00:30:00;0.0000
2025-08-20 00:45:00;0.0000
2025-08-20 01:00:00;0.0000
2025-08-20 01:15:00;0.0000
2025-08-20 01:30:00;0.0000
2025-08-20 01:45:00;0.0000
2025-08-20 02:00:00;0.0000
2025-08-20 02:15:00;0.0000
2025-08-20 02:30:00;0.0000
2025-08-20 02:45:00;0.0000
2025-08-20 03:00:00;0.0000
2025-08-20 03:15:00;0.0000
2025-08-20 03:30:00;0.0000
2025-08-20 03:45:00;0.0000
2025-08-20 04:00:00;0.0000
2025-08-20 04:15:00;0.0000
2025-08-20 04:30:00;0.0000
2025-08-20 04:45:00;0.0000
2025-08-20 05:00:00;0.0000
2025-08-20 05:15:00;0.0000
2025-08-20 05:30:00;0.0000
2025-08-20 05:45:00;0.0000
2025-08-20 06:00:00;0.0000
2025-08-20 06:15:00;0.0000
2025-08-20 06:30:00;0.0000
2025-08-20 06:45:00;1.5060
2025-08-20 07:00:00;2.8973
2025-08-20 07:15:00;4.4323
2025-08-20 07:30:00;5.9993
2025-08-20 07:45:00;7.3057
2025-08-20 08:00:00;7.8676
2025-08-20 08:15:00;9.5407
2025-08-20 08:30:00;10.5587
2025-08-20 08:45:00;11.6361
2025-08-20 09:00:00;14.5594
2025-08-20 09:15:00;16.1130
2025-08-20 09:30:00;16.5573
2025-08-20 09:45:00;17.8152
2025-08-20 10:00:00;20.6063
2025-08-20 10:15:00;22.2316
2025-08-20 10:30:00;21.6547
2025-08-20 10:45:00;22.8548
2025-08-20 11:00:00;13.8751
2025-08-20 11:15:00;13.7343
2025-08-20 11:30:00;14.7651
2025-08-20 11:45:00;15.0031
2025-08-20 12:00:00;23.6764
2025-08-20 12:15:00;22.7606
2025-08-20 12:30:00;23.9727
2025-08-20 12:45:00;23.8043
2025-08-20 13:00:00;16.8992
2025-08-20 13:15:00;16.4993
2025-08-20 13:30:00;17.8964
2025-08-20 13:45:00;18.1167
2025-08-20 14:00:00;11.8890
2025-08-20 14:15:00;12.4464
2025-08-20 14:30:00;11.1447
2025-08-20 14:45:00;11.7754
2025-08-20 15:00:00;25.0353
2025-08-20 15:15:00;26.0065
2025-08-20 15:30:00;25.5316
2025-08-20 15:45:00;25.1414
2025-08-20 16:00:00;22.3819
2025-08-20 16:15:00;22.3309
2025-08-20 16:30:00;19.3680
2025-08-20 16:45:00;20.8156
2025-08-20 17:00:00;20.5274
2025-08-20 17:15:00;19.0986
2025-08-20 17:30:00;18.8058
2025-08-20 17:45:00;17.5408
2025-08-20 18:00:00;15.9590
2025-08-20 18:15:00;14.5414
2025-08-20 18:30:00;13.9917
2025-08-20 18:45:00;12.8184
2025-08-20 19:00:00;6.3004
2025-08-20 19:15:00;6.0175
2025-08-20 19:30:00;4.6276
2025-08-20 19:45:00;3.9883
2025-08-20 20:00:00;4.9240
2025-08-20 20:15:00;3.8023
2025-08-20 20:30:00;2.6334
2025-08-20 20:45:00;1.3581
2025-08-20 21:00:00;0.0000
2025-08-20 21:15:00;0.0000
2025-08-20 21:30:00;0.0000
2025-08-20 21:45:00;0.0000
2025-08-20 22:00:00;0.0000
2025-08-20 22:15:00;0.0000
2025-08-20 22:30:00;0.0000
2025-08-20 22:45:00;0.0000
2025-08-20 23:00:00;0.0000
2025-08-20 23:15:00;0.0000
2025-08-20 23:30:00;0.0000
2025-08-20 23:45:00;0.0000
2025-08-21 00:00:00;0.0000
2025-08-21 00:15:00;0.0000
2025-08-21 00:30:00;0.0000
2025-08-21 00:45:00;0.0000
2025-08-21 01:00:00;0.0000
2025-08-21 01:15:00;0.0000
2025-08-21 01:30:00;0.0000
2025-08-21 01:45:00;0.0000
2025-08-21 02:00:00;0.0000
2025-08-21 02:15:00;0.0000
2025-08-21 02:30:00;0.0000
2025-08-21 02:45:00;0.0000
2025-08-21 03:00:00;0.0000
2025-08-21 03:15:00;0.0000
2025-08-21 03:30:00;0.0000
2025-08-21 03:45:00;0.0000
2025-08-21 04:00:00;0.0000
2025-08-21 04:15:00;0.0000
2025-08-21 04:30:00;0.0000
2025-08-21 04:45:00;0.0000
2025-08-21 05:00:00;0.0000
2025-08-21 05:15:00;0.0000
2025-08-21 05:30:00;0.0000
2025-08-21 05:45:00;0.0000
2025-08-21 06:00:00;0.0000
2025-08-21 06:15:00;0.0000
2025-08-21 06:30:00;0.0000
2025-08-21 06:45:00;0.5456
2025-08-21 07:00:00;1.2536
2025-08-21 07:15:00;1.8240
2025-08-21 07:30:00;2.2789
2025-08-21 07:45:00;2.9704
2025-08-21 08:00:00;2.7090
2025-08-21 08:15:00;3.0866
2025-08-21 08:30:00;3.6623
2025-08-21 08:45:00;3.9325
2025-08-21 09:00:00;5.8041
2025-08-21 09:15:00;6.0783
2025-08-21 09:30:00;6.4004
2025-08-21 09:45:00;6.7257
2025-08-21 10:00:00;5.9926
2025-08-21 10:15:00;6.2229
2025-08-21 10:30:00;6.7166
2025-08-21 10:45:00;7.0945
2025-08-21 11:00:00;9.6603
2025-08-21 11:15:00;9.6678
2025-08-21 11:30:00;9.8592
2025-08-21 11:45:00;10.3299
2025-08-21 12:00:00;10.0722
2025-08-21 12:15:00;9.7298
2025-08-21 12:30:00;11.0069
2025-08-21 12:45:00;11.1940
2025-08-21 13:00:00;10.6505
2025-08-21 13:15:00;10.6449
2025-08-21 13:30:00;10.3953
2025-08-21 13:45:00;10.5455
2025-08-21 14:00:00;10.6788
2025-08-21 14:15:00;9.9320
2025-08-21 14:30:00;10.4885
2025-08-21 14:45:00;10.1931
2025-08-21 15:00:00;8.8490
2025-08-21 15:15:00;9.2015
2025-08-21 15:30:00;9.3182
2025-08-21 15:45:00;9.0643
2025-08-21 16:00:00;9.4836
2025-08-21 16:15:00;9.3609
2025-08-21 16:30:00;8.1430
2025-08-21 16:45:00;8.4861
2025-08-21 17:00:00;6.9164
2025-08-21 17:15:00;6.6885
2025-08-21 17:30:00;6.3960
2025-08-21 17:45:00;5.9827
2025-08-21 18:00:00;6.2386
2025-08-21 18:15:00;5.9469
2025-08-21 18:30:00;5.5240
2025-08-21 18:45:00;5.0969
2025-08-21 19:00:00;4.9814
2025-08-21 19:15:00;4.0720
2025-08-21 19:30:00;3.5247
2025-08-21 19:45:00;2.7845
2025-08-21 20:00:00;2.6142
2025-08-21 20:15:00;1.8794
2025-08-21 20:30:00;1.2478
2025-08-21 20:45:00;0.6714
2025-08-21 21:00:00;0.0000
2025-08-21 21:15:00;0.0000
2025-08-21 21:30:00;0.0000
2025-08-21 21:45:00;0.0000
2025-08-21 22:00:00;0.0000
2025-08-21 22:15:00;0.0000
2025-08-21 22:30:00;0.0000
2025-08-21 22:45:00;0.0000
2025-08-21 23:00:00;0.0000
2025-08-21 23:15:00;0.0000
2025-08-21 23:30:00;0.0000
2025-08-21 23:45:00;0.0000
2025-08-22 00:00:00;0.0000
2025-08-22 00:15:00;0.0000
2025-08-22 00:30:00;0.0000
2025-08-22 00:45:00;0.0000
2025-08-22 01:00:00;0.0000
2025-08-22 01:15:00;0.0000
2025-08-22 01:30:00;0.0000
2025-08-22 01:45:00;0.0000
2025-08-22 02:00:00;0.0000
2025-08-22 02:15:00;0.0000
2025-08-22 02:30:00;0.0000
2025-08-22 02:45:00;0.0000
2025-08-22 03:00:00;0.0000
2025-08-22 03:15:00;0.0000
2025-08-22 03:30:00;0.0000
2025-08-22 03:45:00;0.0000
2025-08-22 04:00:00;0.0000
2025-08-22 04:15:00;0.0000
2025-08-22 04:30:00;0.0000
2025-08-22 04:45:00;0.0000
2025-08-22 05:00:00;0.0000
2025-08-22 05:15:00;0.0000
2025-08-22 05:30:00;0.0000
2025-08-22 05:45:00;0.0000
2025-08-22 06:00:00;0.0000
2025-08-22 06:15:00;0.0000
2025-08-22 06:30:00;0.0000
2025-08-22 06:45:00;0.6993
2025-08-22 07:00:00;2.8290
2025-08-22 07:15:00;4.3490
2025-08-22 07:30:00;5.6222
2025-08-22 07:45:00;6.9959
2025-08-22 08:00:00;6.8975
2025-08-22 08:15:00;7.6231
2025-08-22 08:30:00;8.4415
2025-08-22 08:45:00;9.7019
2025-08-22 09:00:00;12.5753
2025-08-22 09:15:00;14.5924
2025-08-22 09:30:00;13.9813
2025-08-22 09:45:00;16.4503
2025-08-22 10:00:00;24.2230
2025-08-22 10:15:00;27.6795
2025-08-22 10:30:00;28.1122
2025-08-22 10:45:00;29.2843
2025-08-22 11:00:00;11.5296
2025-08-22 11:15:00;11.7307
2025-08-22 11:30:00;12.5725
2025-08-22 11:45:00;13.4134
2025-08-22 12:00:00;25.0749
2025-08-22 12:15:00;25.3450
2025-08-22 12:30:00;26.8591
2025-08-22 12:45:00;26.3025
2025-08-22 13:00:00;28.8555
2025-08-22 13:15:00;28.9281
2025-08-22 13:30:00;30.5241
2025-08-22 13:45:00;30.3547
2025-08-22 14:00:00;12.5532
2025-08-22 14:15:00;12.7376
2025-08-22 14:30:00;12.8785
2025-08-22 14:45:00;12.4762
2025-08-22 15:00:00;19.1615
2025-08-22 15:15:00;18.8778
2025-08-22 15:30:00;18.9362
2025-08-22 15:45:00;18.5586
2025-08-22 16:00:00;23.0741
2025-08-22 16:15:00;20.6106
2025-08-22 16:30:00;19.6311
2025-08-22 16:45:00;19.1432
2025-08-22 17:00:00;14.4516
2025-08-22 17:15:00;14.0030
2025-08-22 17:30:00;12.5813
2025-08-22 17:45:00;11.9942
2025-08-22 18:00:00;19.5003
2025-08-22 18:15:00;16.6952
2025-08-22 18:30:00;16.4286
2025-08-22 18:45:00;13.8326
2025-08-22 19:00:00;13.8602
2025-08-22 19:15:00;11.9991
2025-08-22 19:30:00;10.1649
2025-08-22 19:45:00;8.8442
2025-08-22 20:00:00;6.0166
2025-08-22 20:15:00;4.1973
2025-08-22 20:30:00;3.0694
2025-08-22 20:45:00;1.5322
2025-08-22 21:00:00;0.0000
2025-08-22 21:15:00;0.0000
2025-08-22 21:30:00;0.0000
2025-08-22 21:45:00;0.0000
2025-08-22 22:00:00;0.0000
2025-08-22 22:15:00;0.0000
2025-08-22 22:30:00;0.0000
2025-08-22 22:45:00;0.0000
2025-08-22 23:00:00;0.0000
2025-08-22 23:15:00;0.0000
2025-08-22 23:30:00;0.0000
2025-08-22 23:45:00;0.0000
2025-08-23 00:00:00;0.0000
2025-08-23 00:15:00;0.0000
2025-08-23 00:30:00;0.0000
2025-08-23 00:45:00;0.0000
2025-08-23 01:00:00;0.0000
2025-08-23 01:15:00;0.0000
2025-08-23 01:30:00;0.0000
2025-08-23 01:45:00;0.0000
2025-08-23 02:00:00;0.0000
2025-08-23 02:15:00;0.0000
2025-08-23 02:30:00;0.0000
2025-08-23 02:45:00;0.0000
2025-08-23 03:00:00;0.0000
2025-08-23 03:15:00;0.0000
2025-08-23 03:30:00;0.0000
2025-08-23 03:45:00;0.0000
2025-08-23 04:00:00;0.0000
2025-08-23 04:15:00;0.0000
2025-08-23 04:30:00;0.0000
2025-08-23 04:45:00;0.0000
2025-08-23 05:00:00;0.0000
2025-08-23 05:15:00;0.0000
2025-08-23 05:30:00;0.0000
2025-08-23 05:45:00;0.0000
2025-08-23 06:00:00;0.0000
2025-08-23 06:15:00;0.0000
2025-08-23 06:30:00;0.0000
2025-08-23 06:45:00;2.5134
2025-08-23 07:00:00;5.0301
2025-08-23 07:15:00;7.5158
2025-08-23 07:30:00;9.8912
2025-08-23 07:45:00;12.7438
2025-08-23 08:00:00;14.7737
2025-08-23 08:15:00;16.5039
2025-08-23 08:30:00;19.4943
2025-08-23 08:45:00;21.9997
2025-08-23 09:00:00;26.0026
2025-08-23 09:15:00;27.9175
2025-08-23 09:30:00;31.2580
2025-08-23 09:45:00;31.2775
2025-08-23 10:00:00;30.8122
2025-08-23 10:15:00;32.7637
2025-08-23 10:30:00;34.4728
2025-08-23 10:45:00;35.4765
2025-08-23 11:00:00;37.1916
2025-08-23 11:15:00;37.1383
2025-08-23 11:30:00;37.0878
2025-08-23 11:45:00;37.1139
2025-08-23 12:00:00;37.2324
2025-08-23 12:15:00;37.1474
2025-08-23 12:30:00;37.1711
2025-08-23 12:45:00;37.1502
2025-08-23 13:00:00;37.1224
2025-08-23 13:15:00;37.2221
2025-08-23 13:30:00;37.1514
2025-08-23 13:45:00;37.1632
2025-08-23 14:00:00;37.1617
2025-08-23 14:15:00;37.2232
2025-08-23 14:30:00;37.1390
2025-08-23 14:45:00;36.2397
2025-08-23 15:00:00;37.1383
2025-08-23 15:15:00;37.0784
2025-08-23 15:30:00;37.1962
2025-08-23 15:45:00;37.1751
2025-08-23 16:00:00;37.1860
2025-08-23 16:15:00;37.1180
2025-08-23 16:30:00;35.8197
2025-08-23 16:45:00;35.3037
2025-08-23 17:00:00;29.9609
2025-08-23 17:15:00;27.5768
2025-08-23 17:30:00;26.6838
2025-08-23 17:45:00;25.9394
2025-08-23 18:00:00;27.1100
2025-08-23 18:15:00;25.2202
2025-08-23 18:30:00;23.6634
2025-08-23 18:45:00;21.0871
2025-08-23 19:00:00;18.4004
2025-08-23 19:15:00;15.7946
2025-08-23 19:30:00;13.7570
2025-08-23 19:45:00;11.5778
2025-08-23 20:00:00;9.8298
2025-08-23 20:15:00;7.7580
2025-08-23 20:30:00;4.9505
2025-08-23 20:45:00;2.3371
2025-08-23 21:00:00;0.0000
2025-08-23 21:15:00;0.0000
2025-08-23 21:30:00;0.0000
2025-08-23 21:45:00;0.0000
2025-08-23 22:00:00;0.0000
2025-08-23 22:15:00;0.0000
2025-08-23 22:30:00;0.0000
2025-08-23 22:45:00;0.0000
2025-08-23 23:00:00;0.0000
2025-08-23 23:15:00;0.0000
2025-08-23 23:30:00;0.0000
2025-08-23 23:45:00;0.0000
2025-08-24 00:00:00;0.0000
2025-08-24 00:15:00;0.0000
2025-08-24 00:30:00;0.0000
2025-08-24 00:45:00;0.0000
2025-08-24 01:00:00;0.0000
2025-08-24 01:15:00;0.0000
2025-08-24 01:30:00;0.0000
2025-08-24 01:45:00;0.0000
2025-08-24 02:00:00;0.0000
2025-08-24 02:15:00;0.0000
2025-08-24 02:30:00;0.0000
2025-08-24 02:45:00;0.0000
2025-08-24 03:00:00;0.0000
2025-08-24 03:15:00;0.0000
2025-08-24 03:30:00;0.0000
2025-08-24 03:45:00;0.0000
2025-08-24 04:00:00;0.0000
2025-08-24 04:15:00;0.0000
2025-08-24 04:30:00;0.0000
2025-08-24 04:45:00;0.0000
2025-08-24 05:00:00;0.0000
2025-08-24 05:15:00;0.0000
2025-08-24 05:30:00;0.0000
2025-08-24 05:45:00;0.0000
2025-08-24 06:00:00;0.0000
2025-08-24 06:15:00;0.0000
2025-08-24 06:30:00;0.0000
2025-08-24 06:45:00;1.5808
2025-08-24 07:00:00;3.0103
2025-08-24 07:15:00;4.7730
2025-08-24 07:30:00;5.9008
2025-08-24 07:45:00;7.8643
2025-08-24 08:00:00;9.2434
2025-08-24 08:15:00;10.9528
2025-08-24 08:30:00;12.0996
2025-08-24 08:45:00;13.5529
2025-08-24 09:00:00;5.3399
2025-08-24 09:15:00;5.4821
2025-08-24 09:30:00;6.0178
2025-08-24 09:45:00;6.4968
2025-08-24 10:00:00;15.3528
2025-08-24 10:15:00;16.2844
2025-08-24 10:30:00;17.1536
2025-08-24 10:45:00;17.9576
2025-08-24 11:00:00;14.7254
2025-08-24 11:15:00;14.4284
2025-08-24 11:30:00;15.4885
2025-08-24 11:45:00;16.3701
2025-08-24 12:00:00;25.8282
2025-08-24 12:15:00;26.8121
2025-08-24 12:30:00;27.2327
2025-08-24 12:45:00;27.7021
2025-08-24 13:00:00;26.1246
2025-08-24 13:15:00;24.9216
2025-08-24 13:30:00;26.1246
2025-08-24 13:45:00;27.1811
2025-08-24 14:00:00;27.3091
2025-08-24 14:15:00;29.2437
2025-08-24 14:30:00;25.5565
2025-08-24 14:45:00;26.7946
2025-08-24 15:00:00;28.9403
2025-08-24 15:15:00;29.5206
2025-08-24 15:30:00;29.0233
2025-08-24 15:45:00;28.3323
2025-08-24 16:00:00;23.9524
2025-08-24 16:15:00;25.1424
2025-08-24 16:30:00;22.1640
2025-08-24 16:45:00;20.9867
2025-08-24 17:00:00;16.4793
2025-08-24 17:15:00;16.1151
2025-08-24 17:30:00;16.1390
2025-08-24 17:45:00;15.0069
2025-08-24 18:00:00;17.4867
2025-08-24 18:15:00;16.0784
2025-08-24 18:30:00;14.5519
2025-08-24 18:45:00;13.7921
2025-08-24 19:00:00;12.0193
2025-08-24 19:15:00;10.9139
2025-08-24 19:30:00;9.7231
2025-08-24 19:45:00;7.8948
2025-08-24 20:00:00;5.0767
2025-08-24 20:15:00;3.6288
2025-08-24 20:30:00;2.4882
2025-08-24 20:45:00;1.2780
2025-08-24 21:00:00;0.0000
2025-08-24 21:15:00;0.0000
2025-08-24 21:30:00;0.0000
2025-08-24 21:45:00;0.0000
2025-08-24 22:00:00;0.0000
2025-08-24 22:15:00;0.0000
2025-08-24 22:30:00;0.0000
2025-08-24 22:45:00;0.0000
2025-08-24 23:00:00;0.0000
2025-08-24 23:15:00;0.0000
2025-08-24 23:30:00;0.0000
2025-08-24 23:45:00;0.0000
2025-08-25 00:00:00;0.0000
2025-08-25 00:15:00;0.0000
2025-08-25 00:30:00;0.0000
2025-08-25 00:45:00;0.0000
2025-08-25 01:00:00;0.0000
2025-08-25 01:15:00;0.0000
2025-08-25 01:30:00;0.0000
2025-08-25 01:45:00;0.0000
2025-08-25 02:00:00;0.0000
2025-08-25 02:15:00;0.0000
2025-08-25 02:30:00;0.0000
2025-08-25 02:45:00;0.0000
2025-08-25 03:00:00;0.0000
2025-08-25 03:15:00;0.0000
2025-08-25 03:30:00;0.0000
2025-08-25 03:45:00;0.0000
2025-08-25 04:00:00;0.0000
2025-08-25 04:15:00;0.0000
2025-08-25 04:30:00;0.0000
2025-08-25 04:45:00;0.0000
2025-08-25 05:00:00;0.0000
2025-08-25 05:15:00;0.0000
2025-08-25 05:30:00;0.0000
2025-08-25 05:45:00;0.0000
2025-08-25 06:00:00;0.0000
2025-08-25 06:15:00;0.0000
2025-08-25 06:30:00;0.0000
2025-08-25 06:45:00;1.2872
2025-08-25 07:00:00;2.8011
2025-08-25 07:15:00;4.0732
2025-08-25 07:30:00;5.4253
2025-08-25 07:45:00;6.8579
2025-08-25 08:00:00;7.4079
2025-08-25 08:15:00;9.0142
2025-08-25 08:30:00;9.9471
2025-08-25 08:45:00;11.1361
2025-08-25 09:00:00;15.3768
2025-08-25 09:15:00;18.7884
2025-08-25 09:30:00;18.9622
2025-08-25 09:45:00;20.7685
2025-08-25 10:00:00;17.1394
2025-08-25 10:15:00;17.6922
2025-08-25 10:30:00;18.1385
2025-08-25 10:45:00;19.6889
2025-08-25 11:00:00;22.8686
2025-08-25 11:15:00;24.1231
2025-08-25 11:30:00;25.6367
2025-08-25 11:45:00;26.4044
2025-08-25 12:00:00;23.6368
2025-08-25 12:15:00;23.5659
2025-08-25 12:30:00;25.7698
2025-08-25 12:45:00;24.1195
2025-08-25 13:00:00;30.5013
2025-08-25 13:15:00;33.4845
2025-08-25 13:30:00;32.8764
2025-08-25 13:45:00;31.9308
2025-08-25 14:00:00;19.1740
2025-08-25 14:15:00;19.9018
2025-08-25 14:30:00;18.6340
2025-08-25 14:45:00;19.4085
2025-08-25 15:00:00;15.9830
2025-08-25 15:15:00;15.7823
2025-08-25 15:30:00;15.6841
2025-08-25 15:45:00;15.4837
2025-08-25 16:00:00;25.9832
2025-08-25 16:15:00;26.8753
2025-08-25 16:30:00;22.6810
2025-08-25 16:45:00;24.0187
2025-08-25 17:00:00;23.1007
2025-08-25 17:15:00;21.9102
2025-08-25 17:30:00;20.8547
2025-08-25 17:45:00;19.9162
2025-08-25 18:00:00;15.4687
2025-08-25 18:15:00;14.0368
2025-08-25 18:30:00;13.1825
2025-08-25 18:45:00;11.7867
2025-08-25 19:00:00;4.7100
2025-08-25 19:15:00;4.1561
2025-08-25 19:30:00;3.7286
2025-08-25 19:45:00;3.1692
2025-08-25 20:00:00;6.1273
2025-08-25 20:15:00;4.5039
2025-08-25 20:30:00;2.8827
2025-08-25 20:45:00;1.5308
2025-08-25 21:00:00;0.0000
2025-08-25 21:15:00;0.0000
2025-08-25 21:30:00;0.0000
2025-08-25 21:45:00;0.0000
2025-08-25 22:00:00;0.0000
2025-08-25 22:15:00;0.0000
2025-08-25 22:30:00;0.0000
2025-08-25 22:45:00;0.0000
2025-08-25 23:00:00;0.0000
2025-08-25 23:15:00;0.0000
2025-08-25 23:30:00;0.0000
2025-08-25 23:45:00;0.0000
2025-08-26 00:00:00;0.0000
2025-08-26 00:15:00;0.0000
2025-08-26 00:30:00;0.0000
2025-08-26 00:45:00;0.0000
2025-08-26 01:00:00;0.0000
2025-08-26 01:15:00;0.0000
2025-08-26 01:30:00;0.0000
2025-08-26 01:45:00;0.0000
2025-08-26 02:00:00;0.0000
2025-08-26 02:15:00;0.0000
2025-08-26 02:30:00;0.0000
2025-08-26 02:45:00;0.0000
2025-08-26 03:00:00;0.0000
2025-08-26 03:15:00;0.0000
2025-08-26 03:30:00;0.0000
2025-08-26 03:45:00;0.0000
2025-08-26 04:00:00;0.0000
2025-08-26 04:15:00;0.0000
2025-08-26 04:30:00;0.0000
2025-08-26 04:45:00;0.0000
2025-08-26 05:00:00;0.0000
2025-08-26 05:15:00;0.0000
2025-08-26 05:30:00;0.0000
2025-08-26 05:45:00;0.0000
2025-08-26 06:00:00;0.0000
2025-08-26 06:15:00;0.0000
2025-08-26 06:30:00;0.0000
2025-08-26 06:45:00;0.2568
2025-08-26 07:00:00;0.5255
2025-08-26 07:15:00;0.7717
2025-08-26 07:30:00;0.9767
2025-08-26 07:45:00;1.2606
2025-08-26 08:00:00;1.3761
2025-08-26 08:15:00;1.6273
2025-08-26 08:30:00;1.7708
2025-08-26 08:45:00;2.0497
2025-08-26 09:00:00;2.2725
2025-08-26 09:15:00;2.4326
2025-08-26 09:30:00;2.7105
2025-08-26 09:45:00;2.9130
2025-08-26 10:00:00;2.6934
2025-08-26 10:15:00;2.9706
2025-08-26 10:30:00;3.1234
2025-08-26 10:45:00;3.3760
2025-08-26 11:00:00;3.2757
2025-08-26 11:15:00;3.4028
2025-08-26 11:30:00;3.4780
2025-08-26 11:45:00;3.5336
2025-08-26 12:00:00;4.3205
2025-08-26 12:15:00;4.3966
2025-08-26 12:30:00;4.3346
2025-08-26 12:45:00;4.5652
2025-08-26 13:00:00;4.2790
2025-08-26 13:15:00;4.4732
2025-08-26 13:30:00;4.3313
2025-08-26 13:45:00;4.5349
2025-08-26 14:00:00;4.9377
2025-08-26 14:15:00;4.8956
2025-08-26 14:30:00;4.7917
2025-08-26 14:45:00;4.7957
2025-08-26 15:00:00;4.1487
2025-08-26 15:15:00;4.1587
2025-08-26 15:30:00;4.0254
2025-08-26 15:45:00;3.9457
2025-08-26 16:00:00;3.8690
2025-08-26 16:15:00;3.8132
2025-08-26 16:30:00;3.8326
2025-08-26 16:45:00;3.4674
2025-08-26 17:00:00;3.6418
2025-08-26 17:15:00;3.2746
2025-08-26 17:30:00;3.3956
2025-08-26 17:45:00;3.0765
2025-08-26 18:00:00;2.3577
2025-08-26 18:15:00;2.2050
2025-08-26 18:30:00;2.0324
2025-08-26 18:45:00;1.8410
2025-08-26 19:00:00;1.7951
2025-08-26 19:15:00;1.5588
2025-08-26 19:30:00;1.3348
2025-08-26 19:45:00;1.1005
2025-08-26 20:00:00;0.9520
2025-08-26 20:15:00;0.7061
2025-08-26 20:30:00;0.4541
2025-08-26 20:45:00;0.2341
2025-08-26 21:00:00;0.0000
2025-08-26 21:15:00;0.0000
2025-08-26 21:30:00;0.0000
2025-08-26 21:45:00;0.0000
2025-08-26 22:00:00;0.0000
2025-08-26 22:15:00;0.0000
2025-08-26 22:30:00;0.0000
2025-08-26 22:45:00;0.0000
2025-08-26 23:00:00;0.0000
2025-08-26 23:15:00;0.0000
2025-08-26 23:30:00;0.0000
2025-08-26 23:45:00;0.0000
2025-08-27 00:00:00;0.0000
2025-08-27 00:15:00;0.0000
2025-08-27 00:30:00;0.0000
2025-08-27 00:45:00;0.0000
2025-08-27 01:00:00;0.0000
2025-08-27 01:15:00;0.0000
2025-08-27 01:30:00;0.0000
2025-08-27 01:45:00;0.0000
2025-08-27 02:00:00;0.0000
2025-08-27 02:15:00;0.0000
2025-08-27 02:30:00;0.0000
2025-08-27 02:45:00;0.0000
2025-08-27 03:00:00;0.0000
2025-08-27 03:15:00;0.0000
2025-08-27 03:30:00;0.0000
2025-08-27 03:45:00;0.0000
2025-08-27 04:00:00;0.0000
2025-08-27 04:15:00;0.0000
2025-08-27 04:30:00;0.0000
2025-08-27 04:45:00;0.0000
2025-08-27 05:00:00;0.0000
2025-08-27 05:15:00;0.0000
2025-08-27 05:30:00;0.0000
2025-08-27 05:45:00;0.0000
2025-08-27 06:00:00;0.0000
2025-08-27 06:15:00;0.0000
2025-08-27 06:30:00;0.0000
2025-08-27 06:45:00;1.1078
2025-08-27 07:00:00;2.7652
2025-08-27 07:15:00;4.3276
2025-08-27 07:30:00;5.6736
2025-08-27 07:45:00;6.8145
2025-08-27 08:00:00;3.9207
2025-08-27 08:15:00;4.6716
2025-08-27 08:30:00;5.2423
2025-08-27 08:45:00;5.5965
2025-08-27 09:00:00;14.2253
2025-08-27 09:15:00;15.0572
2025-08-27 09:30:00;16.5926
2025-08-27 09:45:00;17.5616
2025-08-27 10:00:00;18.9040
2025-08-27 10:15:00;19.5338
2025-08-27 10:30:00;20.9756
2025-08-27 10:45:00;21.2139
2025-08-27 11:00:00;24.0036
2025-08-27 11:15:00;24.7408
2025-08-27 11:30:00;25.9366
2025-08-27 11:45:00;25.9368
2025-08-27 12:00:00;16.4665
2025-08-27 12:15:00;16.6262
2025-08-27 12:30:00;16.4021
2025-08-27 12:45:00;16.6588
2025-08-27 13:00:00;28.9192
2025-08-27 13:15:00;26.7848
2025-08-27 13:30:00;27.9037
2025-08-27 13:45:00;27.0112
2025-08-27 14:00:00;17.0061
2025-08-27 14:15:00;19.2250
2025-08-27 14:30:00;17.8379
2025-08-27 14:45:00;18.5539
2025-08-27 15:00:00;10.6842
2025-08-27 15:15:00;10.0823
2025-08-27 15:30:00;11.3033
2025-08-27 15:45:00;9.8653
2025-08-27 16:00:00;20.8498
2025-08-27 16:15:00;21.9170
2025-08-27 16:30:00;21.1624
2025-08-27 16:45:00;20.0294
2025-08-27 17:00:00;20.2592
2025-08-27 17:15:00;17.6886
2025-08-27 17:30:00;17.2438
2025-08-27 17:45:00;17.2684
2025-08-27 18:00:00;19.4680
2025-08-27 18:15:00;18.1995
2025-08-27 18:30:00;16.3178
2025-08-27 18:45:00;14.7046
2025-08-27 19:00:00;9.7720
2025-08-27 19:15:00;8.7787
2025-08-27 19:30:00;7.5006
2025-08-27 19:45:00;6.3330
2025-08-27 20:00:00;6.3964
2025-08-27 20:15:00;4.8096
2025-08-27 20:30:00;3.3596
2025-08-27 20:45:00;1.5657
2025-08-27 21:00:00;0.0000
2025-08-27 21:15:00;0.0000
2025-08-27 21:30:00;0.0000
2025-08-27 21:45:00;0.0000
2025-08-27 22:00:00;0.0000
2025-08-27 22:15:00;0.0000
2025-08-27 22:30:00;0.0000
2025-08-27 22:45:00;0.0000
2025-08-27 23:00:00;0.0000
2025-08-27 23:15:00;0.0000
2025-08-27 23:30:00;0.0000
2025-08-27 23:45:00;0.0000
2025-08-28 00:00:00;0.0000
2025-08-28 00:15:00;0.0000
2025-08-28 00:30:00;0.0000
2025-08-28 00:45:00;0.0000
2025-08-28 01:00:00;0.0000
2025-08-28 01:15:00;0.0000
2025-08-28 01:30:00;0.0000
2025-08-28 01:45:00;0.0000
2025-08-28 02:00:00;0.0000
2025-08-28 02:15:00;0.0000
2025-08-28 02:30:00;0.0000
2025-08-28 02:45:00;0.0000
2025-08-28 03:00:00;0.0000
2025-08-28 03:15:00;0.0000
2025-08-28 03:30:00;0.0000
2025-08-28 03:45:00;0.0000
2025-08-28 04:00:00;0.0000
2025-08-28 04:15:00;0.0000
2025-08-28 04:30:00;0.0000
2025-08-28 04:45:00;0.0000
2025-08-28 05:00:00;0.0000
2025-08-28 05:15:00;0.0000
2025-08-28 05:30:00;0.0000
2025-08-28 05:45:00;0.0000
2025-08-28 06:00:00;0.0000
2025-08-28 06:15:00;0.0000
2025-08-28 06:30:00;0.0000
2025-08-28 06:45:00;0.5876
2025-08-28 07:00:00;1.1757
2025-08-28 07:15:00;1.7060
2025-08-28 07:30:00;2.3001
2025-08-28 07:45:00;2.8688
2025-08-28 08:00:00;3.6055
2025-08-28 08:15:00;4.4046
2025-08-28 08:30:00;4.4854
2025-08-28 08:45:00;5.5785
2025-08-28 09:00:00;5.1994
2025-08-28 09:15:00;6.0371
2025-08-28 09:30:00;6.1213
2025-08-28 09:45:00;6.6733
2025-08-28 10:00:00;6.5645
2025-08-28 10:15:00;7.0776
2025-08-28 10:30:00;7.2414
2025-08-28 10:45:00;7.6042
2025-08-28 11:00:00;8.7228
2025-08-28 11:15:00;8.8704
2025-08-28 11:30:00;8.9640
2025-08-28 11:45:00;9.7334
2025-08-28 12:00:00;9.2265
2025-08-28 12:15:00;9.5329
2025-08-28 12:30:00;9.0869
2025-08-28 12:45:00;10.1539
2025-08-28 13:00:00;10.6122
2025-08-28 13:15:00;10.1834
2025-08-28 13:30:00;10.7228
2025-08-28 13:45:00;10.7457
2025-08-28 14:00:00;10.0055
2025-08-28 14:15:00;9.5183
2025-08-28 14:30:00;9.1842
2025-08-28 14:45:00;9.2589
2025-08-28 15:00:00;11.4787
2025-08-28 15:15:00;10.5500
2025-08-28 15:30:00;12.0835
2025-08-28 15:45:00;10.9531
2025-08-28 16:00:00;9.4262
2025-08-28 16:15:00;9.3412
2025-08-28 16:30:00;8.5584
2025-08-28 16:45:00;8.4951
2025-08-28 17:00:00;9.4059
2025-08-28 17:15:00;8.7801
2025-08-28 17:30:00;8.5846
2025-08-28 17:45:00;7.6989
2025-08-28 18:00:00;6.8219
2025-08-28 18:15:00;6.2483
2025-08-28 18:30:00;6.0003
2025-08-28 18:45:00;5.3323
2025-08-28 19:00:00;4.8110
2025-08-28 19:15:00;4.3944
2025-08-28 19:30:00;3.3320
2025-08-28 19:45:00;3.0234
2025-08-28 20:00:00;2.1915
2025-08-28 20:15:00;1.7045
2025-08-28 20:30:00;1.1151
2025-08-28 20:45:00;0.5417
2025-08-28 21:00:00;0.0000
2025-08-28 21:15:00;0.0000
2025-08-28 21:30:00;0.0000
2025-08-28 21:45:00;0.0000
2025-08-28 22:00:00;0.0000
2025-08-28 22:15:00;0.0000
2025-08-28 22:30:00;0.0000
2025-08-28 22:45:00;0.0000
2025-08-28 23:00:00;0.0000
2025-08-28 23:15:00;0.0000
2025-08-28 23:30:00;0.0000
2025-08-28 23:45:00;0.0000
2025-08-29 00:00:00;0.0000
2025-08-29 00:15:00;0.0000
2025-08-29 00:30:00;0.0000
2025-08-29 00:45:00;0.0000
2025-08-29 01:00:00;0.0000
2025-08-29 01:15:00;0.0000
2025-08-29 01:30:00;0.0000
2025-08-29 01:45:00;0.0000
2025-08-29 02:00:00;0.0000
2025-08-29 02:15:00;0.0000
2025-08-29 02:30:00;0.0000
2025-08-29 02:45:00;0.0000
2025-08-29 03:00:00;0.0000
2025-08-29 03:15:00;0.0000
2025-08-29 03:30:00;0.0000
2025-08-29 03:45:00;0.0000
2025-08-29 04:00:00;0.0000
2025-08-29 04:15:00;0.0000
2025-08-29 04:30:00;0.0000
2025-08-29 04:45:00;0.0000
2025-08-29 05:00:00;0.0000
2025-08-29 05:15:00;0.0000
2025-08-29 05:30:00;0.0000
2025-08-29 05:45:00;0.0000
2025-08-29 06:00:00;0.0000
2025-08-29 06:15:00;0.0000
2025-08-29 06:30:00;0.0000
2025-08-29 06:45:00;0.6863
2025-08-29 07:00:00;1.2762
2025-08-29 07:15:00;1.9436
2025-08-29 07:30:00;2.5484
2025-08-29 07:45:00;3.0750
2025-08-29 08:00:00;3.4462
2025-08-29 08:15:00;4.0161
2025-08-29 08:30:00;4.5410
2025-08-29 08:45:00;5.1671
2025-08-29 09:00:00;5.6825
2025-08-29 09:15:00;6.5930
2025-08-29 09:30:00;6.8597
2025-08-29 09:45:00;7.1039
2025-08-29 10:00:00;8.1121
2025-08-29 10:15:00;8.4778
2025-08-29 10:30:00;8.4447
2025-08-29 10:45:00;9.6909
2025-08-29 11:00:00;8.4128
2025-08-29 11:15:00;8.6494
2025-08-29 11:30:00;9.0248
2025-08-29 11:45:00;9.4893
2025-08-29 12:00:00;9.0098
2025-08-29 12:15:00;9.1120
2025-08-29 12:30:00;9.3170
2025-08-29 12:45:00;9.5343
2025-08-29 13:00:00;9.6616
2025-08-29 13:15:00;10.0730
2025-08-29 13:30:00;10.5376
2025-08-29 13:45:00;10.6010
2025-08-29 14:00:00;10.6189
2025-08-29 14:15:00;10.5557
2025-08-29 14:30:00;11.0870
2025-08-29 14:45:00;10.5514
2025-08-29 15:00:00;10.6713
2025-08-29 15:15:00;10.9054
2025-08-29 15:30:00;10.2161
2025-08-29 15:45:00;10.0533
2025-08-29 16:00:00;9.7924
2025-08-29 16:15:00;9.7621
2025-08-29 16:30:00;9.3802
2025-08-29 16:45:00;9.2475
2025-08-29 17:00:00;8.3636
2025-08-29 17:15:00;8.4086
2025-08-29 17:30:00;7.6693
2025-08-29 17:45:00;7.1960
2025-08-29 18:00:00;6.9321
2025-08-29 18:15:00;6.5124
2025-08-29 18:30:00;6.0907
2025-08-29 18:45:00;5.5981
2025-08-29 19:00:00;4.1489
2025-08-29 19:15:00;3.5223
2025-08-29 19:30:00;3.2320
2025-08-29 19:45:00;2.5875
2025-08-29 20:00:00;2.0279
2025-08-29 20:15:00;1.6011
2025-08-29 20:30:00;1.0765
2025-08-29 20:45:00;0.5354
2025-08-29 21:00:00;0.0000
2025-08-29 21:15:00;0.0000
2025-08-29 21:30:00;0.0000
2025-08-29 21:45:00;0.0000
2025-08-29 22:00:00;0.0000
2025-08-29 22:15:00;0.0000
2025-08-29 22:30:00;0.0000
2025-08-29 22:45:00;0.0000
2025-08-29 23:00:00;0.0000
2025-08-29 23:15:00;0.0000
2025-08-29 23:30:00;0.0000
2025-08-29 23:45:00;0.0000
2025-08-30 00:00:00;0.0000
2025-08-30 00:15:00;0.0000
2025-08-30 00:30:00;0.0000
2025-08-30 00:45:00;0.0000
2025-08-30 01:00:00;0.0000
2025-08-30 01:15:00;0.0000
2025-08-30 01:30:00;0.0000
2025-08-30 01:45:00;0.0000
2025-08-30 02:00:00;0.0000
2025-08-30 02:15:00;0.0000
2025-08-30 02:30:00;0.0000
2025-08-30 02:45:00;0.0000
2025-08-30 03:00:00;0.0000
2025-08-30 03:15:00;0.0000
2025-08-30 03:30:00;0.0000
2025-08-30 03:45:00;0.0000
2025-08-30 04:00:00;0.0000
2025-08-30 04:15:00;0.0000
2025-08-30 04:30:00;0.0000
2025-08-30 04:45:00;0.0000
2025-08-30 05:00:00;0.0000
2025-08-30 05:15:00;0.0000
2025-08-30 05:30:00;0.0000
2025-08-30 05:45:00;0.0000
2025-08-30 06:00:00;0.0000
2025-08-30 06:15:00;0.0000
2025-08-30 06:30:00;0.0000
2025-08-30 06:45:00;0.5434
2025-08-30 07:00:00;1.1718
2025-08-30 07:15:00;1.8625
2025-08-30 07:30:00;2.2648
2025-08-30 07:45:00;3.0105
2025-08-30 08:00:00;3.5923
2025-08-30 08:15:00;4.3412
2025-08-30 08:30:00;4.9555
2025-08-30 08:45:00;5.1986
2025-08-30 09:00:00;5.2544
2025-08-30 09:15:00;6.6102
2025-08-30 09:30:00;6.7886
2025-08-30 09:45:00;7.0918
2025-08-30 10:00:00;7.9081
2025-08-30 10:15:00;8.5201
2025-08-30 10:30:00;8.9678
2025-08-30 10:45:00;9.6882
2025-08-30 11:00:00;9.0035
2025-08-30 11:15:00;9.0737
2025-08-30 11:30:00;9.5233
2025-08-30 11:45:00;9.0244
2025-08-30 12:00:00;10.2341
2025-08-30 12:15:00;11.5255
2025-08-30 12:30:00;11.5271
2025-08-30 12:45:00;11.7373
2025-08-30 13:00:00;9.6543
2025-08-30 13:15:00;9.7707
2025-08-30 13:30:00;9.7789
2025-08-30 13:45:00;10.0010
2025-08-30 14:00:00;11.2929
2025-08-30 14:15:00;11.0464
2025-08-30 14:30:00;10.8515
2025-08-30 14:45:00;11.7533
2025-08-30 15:00:00;12.0852
2025-08-30 15:15:00;11.4739
2025-08-30 15:30:00;11.9386
2025-08-30 15:45:00;11.0388
2025-08-30 16:00:00;10.3199
2025-08-30 16:15:00;9.8842
2025-08-30 16:30:00;9.7469
2025-08-30 16:45:00;8.5745
2025-08-30 17:00:00;8.3002
2025-08-30 17:15:00;8.3314
2025-08-30 17:30:00;7.4120
2025-08-30 17:45:00;7.2189
2025-08-30 18:00:00;6.3481
2025-08-30 18:15:00;5.5680
2025-08-30 18:30:00;5.5622
2025-08-30 18:45:00;4.9846
2025-08-30 19:00:00;4.4072
2025-08-30 19:15:00;3.9792
2025-08-30 19:30:00;3.1846
2025-08-30 19:45:00;2.8638
2025-08-30 20:00:00;2.3859
2025-08-30 20:15:00;1.6367
2025-08-30 20:30:00;1.1860
2025-08-30 20:45:00;0.5854
2025-08-30 21:00:00;0.0000
2025-08-30 21:15:00;0.0000
2025-08-30 21:30:00;0.0000
2025-08-30 21:45:00;0.0000
2025-08-30 22:00:00;0.0000
2025-08-30 22:15:00;0.0000
2025-08-30 22:30:00;0.0000
2025-08-30 22:45:00;0.0000
2025-08-30 23:00:00;0.0000
2025-08-30 23:15:00;0.0000
2025-08-30 23:30:00;0.0000
2025-08-30 23:45:00;0.0000
2025-08-31 00:00:00;0.0000
2025-08-31 00:15:00;0.0000
2025-08-31 00:30:00;0.0000
2025-08-31 00:45:00;0.0000
2025-08-31 01:00:00;0.0000
2025-08-31 01:15:00;0.0000
2025-08-31 01:30:00;0.0000
2025-08-31 01:45:00;0.0000
2025-08-31 02:00:00;0.0000
2025-08-31 02:15:00;0.0000
2025-08-31 02:30:00;0.0000
2025-08-31 02:45:00;0.0000
2025-08-31 03:00:00;0.0000
2025-08-31 03:15:00;0.0000
2025-08-31 03:30:00;0.0000
2025-08-31 03:45:00;0.0000
2025-08-31 04:00:00;0.0000
2025-08-31 04:15:00;0.0000
2025-08-31 04:30:00;0.0000
2025-08-31 04:45:00;0.0000
2025-08-31 05:00:00;0.0000
2025-08-31 05:15:00;0.0000
2025-08-31 05:30:00;0.0000
2025-08-31 05:45:00;0.0000
2025-08-31 06:00:00;0.0000
2025-08-31 06:15:00;0.0000
2025-08-31 06:30:00;0.0000
2025-08-31 06:45:00;0.8818
2025-08-31 07:00:00;2.8409
2025-08-31 07:15:00;4.2160
2025-08-31 07:30:00;5.4004
2025-08-31 07:45:00;7.0246
2025-08-31 08:00:00;9.0509
2025-08-31 08:15:00;10.0972
2025-08-31 08:30:00;12.0567
2025-08-31 08:45:00;12.9687
2025-08-31 09:00:00;16.9502
2025-08-31 09:15:00;16.4471
2025-08-31 09:30:00;18.4727
2025-08-31 09:45:00;20.5611
2025-08-31 10:00:00;19.0566
2025-08-31 10:15:00;19.5967
2025-08-31 10:30:00;21.2975
2025-08-31 10:45:00;21.4398
2025-08-31 11:00:00;20.6539
2025-08-31 11:15:00;21.0764
2025-08-31 11:30:00;22.8646
2025-08-31 11:45:00;22.5893
2025-08-31 12:00:00;13.0843
2025-08-31 12:15:00;12.8219
2025-08-31 12:30:00;13.2031
2025-08-31 12:45:00;13.3356
2025-08-31 13:00:00;30.5009
2025-08-31 13:15:00;29.2119
2025-08-31 13:30:00;30.9907
2025-08-31 13:45:00;29.2786
2025-08-31 14:00:00;28.7127
2025-08-31 14:15:00;28.8460
2025-08-31 14:30:00;28.7430
2025-08-31 14:45:00;29.6782
2025-08-31 15:00:00;23.7293
2025-08-31 15:15:00;23.3170
2025-08-31 15:30:00;22.3550
2025-08-31 15:45:00;22.5839
2025-08-31 16:00:00;22.7697
2025-08-31 16:15:00;23.2933
2025-08-31 16:30:00;22.4264
2025-08-31 16:45:00;20.7284
2025-08-31 17:00:00;10.5515
2025-08-31 17:15:00;10.4352
2025-08-31 17:30:00;9.5868
2025-08-31 17:45:00;8.8812
2025-08-31 18:00:00;16.1274
2025-08-31 18:15:00;15.1968
2025-08-31 18:30:00;13.5884
2025-08-31 18:45:00;12.3877
2025-08-31 19:00:00;13.5572
2025-08-31 19:15:00;11.4680
2025-08-31 19:30:00;10.0464
2025-08-31 19:45:00;8.2505
2025-08-31 20:00:00;4.1147
2025-08-31 20:15:00;2.9679
2025-08-31 20:30:00;1.9835
2025-08-31 20:45:00;1.0015
2025-08-31 21:00:00;0.0000
2025-08-31 21:15:00;0.0000
2025-08-31 21:30:00;0.0000
2025-08-31 21:45:00;0.0000
2025-08-31 22:00:00;0.0000
2025-08-31 22:15:00;0.0000
2025-08-31 22:30:00;0.0000
2025-08-31 22:45:00;0.0000
2025-08-31 23:00:00;0.0000
2025-08-31 23:15:00;0.0000
2025-08-31 23:30:00;0.0000
2025-08-31 23:45:00;0.0000
2025-09-01 00:00:00;0.0000
2025-09-01 00:15:00;0.0000
2025-09-01 00:30:00;0.0000
2025-09-01 00:45:00;0.0000
2025-09-01 01:00:00;0.0000
2025-09-01 01:15:00;0.0000
2025-09-01 01:30:00;0.0000
2025-09-01 01:45:00;0.0000
2025-09-01 02:00:00;0.0000
2025-09-01 02:15:00;0.0000
2025-09-01 02:30:00;0.0000
2025-09-01 02:45:00;0.0000
2025-09-01 03:00:00;0.0000
2025-09-01 03:15:00;0.0000
2025-09-01 03:30:00;0.0000
2025-09-01 03:45:00;0.0000
2025-09-01 04:00:00;0.0000
2025-09-01 04:15:00;0.0000
2025-09-01 04:30:00;0.0000
2025-09-01 04:45:00;0.0000
2025-09-01 05:00:00;0.0000
2025-09-01 05:15:00;0.0000
2025-09-01 05:30:00;0.0000
2025-09-01 05:45:00;0.0000
2025-09-01 06:00:00;0.0000
2025-09-01 06:15:00;0.0000
2025-09-01 06:30:00;0.0000
2025-09-01 06:45:00;0.0000
2025-09-01 07:00:00;0.0000
2025-09-01 07:15:00;0.0000
2025-09-01 07:30:00;2.1378
2025-09-01 07:45:00;4.1711
2025-09-01 08:00:00;4.7776
2025-09-01 08:15:00;6.6263
2025-09-01 08:30:00;8.0194
2025-09-01 08:45:00;10.2222
2025-09-01 09:00:00;11.7637
2025-09-01 09:15:00;13.6455
2025-09-01 09:30:00;15.9123
2025-09-01 09:45:00;16.4762
2025-09-01 10:00:00;23.8221
2025-09-01 10:15:00;22.8899
2025-09-01 10:30:00;27.0832
2025-09-01 10:45:00;26.8219
2025-09-01 11:00:00;25.3888
2025-09-01 11:15:00;29.5876
2025-09-01 11:30:00;29.0077
2025-09-01 11:45:00;28.7664
2025-09-01 12:00:00;27.0598
2025-09-01 12:15:00;28.8450
2025-09-01 12:30:00;29.0031
2025-09-01 12:45:00;29.0916
2025-09-01 13:00:00;34.8582
2025-09-01 13:15:00;34.2327
2025-09-01 13:30:00;34.1449
2025-09-01 13:45:00;33.1987
2025-09-01 14:00:00;33.7835
2025-09-01 14:15:00;33.6451
2025-09-01 14:30:00;33.1695
2025-09-01 14:45:00;32.6135
2025-09-01 15:00:00;31.1314
2025-09-01 15:15:00;30.2911
2025-09-01 15:30:00;30.3199
2025-09-01 15:45:00;29.4848
2025-09-01 16:00:00;27.3926
2025-09-01 16:15:00;26.5602
2025-09-01 16:30:00;24.9514
2025-09-01 16:45:00;23.3551
2025-09-01 17:00:00;20.0681
2025-09-01 17:15:00;18.7408
2025-09-01 17:30:00;19.0288
2025-09-01 17:45:00;15.9677
2025-09-01 18:00:00;16.0766
2025-09-01 18:15:00;14.1848
2025-09-01 18:30:00;11.5206
2025-09-01 18:45:00;10.8223
2025-09-01 19:00:00;9.2433
2025-09-01 19:15:00;6.7070
2025-09-01 19:30:00;4.5653
2025-09-01 19:45:00;2.3429
2025-09-01 20:00:00;0.0000
2025-09-01 20:15:00;0.0000
2025-09-01 20:30:00;0.0000
2025-09-01 20:45:00;0.0000
2025-09-01 21:00:00;0.0000
2025-09-01 21:15:00;0.0000
2025-09-01 21:30:00;0.0000
2025-09-01 21:45:00;0.0000
2025-09-01 22:00:00;0.0000
2025-09-01 22:15:00;0.0000
2025-09-01 22:30:00;0.0000
2025-09-01 22:45:00;0.0000
2025-09-01 23:00:00;0.0000
2025-09-01 23:15:00;0.0000
2025-09-01 23:30:00;0.0000
2025-09-01 23:45:00;0.0000
2025-09-02 00:00:00;0.0000
2025-09-02 00:15:00;0.0000
2025-09-02 00:30:00;0.0000
2025-09-02 00:45:00;0.0000
2025-09-02 01:00:00;0.0000
2025-09-02 01:15:00;0.0000
2025-09-02 01:30:00;0.0000
2025-09-02 01:45:00;0.0000
2025-09-02 02:00:00;0.0000
2025-09-02 02:15:00;0.0000
2025-09-02 02:30:00;0.0000
2025-09-02 02:45:00;0.0000
2025-09-02 03:00:00;0.0000
2025-09-02 03:15:00;0.0000
2025-09-02 03:30:00;0.0000
2025-09-02 03:45:00;0.0000
2025-09-02 04:00:00;0.0000
2025-09-02 04:15:00;0.0000
2025-09-02 04:30:00;0.0000
2025-09-02 04:45:00;0.0000
2025-09-02 05:00:00;0.0000
2025-09-02 05:15:00;0.0000
2025-09-02 05:30:00;0.0000
2025-09-02 05:45:00;0.0000
2025-09-02 06:00:00;0.0000
2025-09-02 06:15:00;0.0000
2025-09-02 06:30:00;0.0000
2025-09-02 06:45:00;0.0000
2025-09-02 07:00:00;0.0000
2025-09-02 07:15:00;0.0000
2025-09-02 07:30:00;0.7040
2025-09-02 07:45:00;1.3844
2025-09-02 08:00:00;3.5329
2025-09-02 08:15:00;4.6610
2025-09-02 08:30:00;6.0366
2025-09-02 08:45:00;7.2746
2025-09-02 09:00:00;9.4732
2025-09-02 09:15:00;9.9629
2025-09-02 09:30:00;12.1149
2025-09-02 09:45:00;12.8230
2025-09-02 10:00:00;14.1500
2025-09-02 10:15:00;15.6470
2025-09-02 10:30:00;15.7695
2025-09-02 10:45:00;17.4057
2025-09-02 11:00:00;18.2088
2025-09-02 11:15:00;19.9327
2025-09-02 11:30:00;19.0613
2025-09-02 11:45:00;20.2100
2025-09-02 12:00:00;19.8180
2025-09-02 12:15:00;19.8528
2025-09-02 12:30:00;19.7100
2025-09-02 12:45:00;21.8751
2025-09-02 13:00:00;21.5551
2025-09-02 13:15:00;21.2038
2025-09-02 13:30:00;22.9877
2025-09-02 13:45:00;22.8337
2025-09-02 14:00:00;20.5845
2025-09-02 14:15:00;20.1494
2025-09-02 14:30:00;20.1394
2025-09-02 14:45:00;20.4037
2025-09-02 15:00:00;21.8703
2025-09-02 15:15:00;21.7879
2025-09-02 15:30:00;21.1888
2025-09-02 15:45:00;20.4536
2025-09-02 16:00:00;19.0684
2025-09-02 16:15:00;18.6577
2025-09-02 16:30:00;17.3534
2025-09-02 16:45:00;15.9080
2025-09-02 17:00:00;14.6310
2025-09-02 17:15:00;13.3828
2025-09-02 17:30:00;12.4782
2025-09-02 17:45:00;11.5402
2025-09-02 18:00:00;10.8871
2025-09-02 18:15:00;9.1067
2025-09-02 18:30:00;8.2118
2025-09-02 18:45:00;6.4575
2025-09-02 19:00:00;4.2885
2025-09-02 19:15:00;2.9318
2025-09-02 19:30:00;2.0719
2025-09-02 19:45:00;1.0160
2025-09-02 20:00:00;0.0000
2025-09-02 20:15:00;0.0000
2025-09-02 20:30:00;0.0000
2025-09-02 20:45:00;0.0000
2025-09-02 21:00:00;0.0000
2025-09-02 21:15:00;0.0000
2025-09-02 21:30:00;0.0000
2025-09-02 21:45:00;0.0000
2025-09-02 22:00:00;0.0000
2025-09-02 22:15:00;0.0000
2025-09-02 22:30:00;0.0000
2025-09-02 22:45:00;0.0000
2025-09-02 23:00:00;0.0000
2025-09-02 23:15:00;0.0000
2025-09-02 23:30:00;0.0000
2025-09-02 23:45:00;0.0000
2025-09-03 00:00:00;0.0000
2025-09-03 00:15:00;0.0000
2025-09-03 00:30:00;0.0000
2025-09-03 00:45:00;0.0000
2025-09-03 01:00:00;0.0000
2025-09-03 01:15:00;0.0000
2025-09-03 01:30:00;0.0000
2025-09-03 01:45:00;0.0000
2025-09-03 02:00:00;0.0000
2025-09-03 02:15:00;0.0000
2025-09-03 02:30:00;0.0000
2025-09-03 02:45:00;0.0000
2025-09-03 03:00:00;0.0000
2025-09-03 03:15:00;0.0000
2025-09-03 03:30:00;0.0000
2025-09-03 03:45:00;0.0000
2025-09-03 04:00:00;0.0000
2025-09-03 04:15:00;0.0000
2025-09-03 04:30:00;0.0000
2025-09-03 04:45:00;0.0000
2025-09-03 05:00:00;0.0000
2025-09-03 05:15:00;0.0000
2025-09-03 05:30:00;0.0000
2025-09-03 05:45:00;0.0000
2025-09-03 06:00:00;0.0000
2025-09-03 06:15:00;0.0000
2025-09-03 06:30:00;0.0000
2025-09-03 06:45:00;0.0000
2025-09-03 07:00:00;0.0000
2025-09-03 07:15:00;0.0000
2025-09-03 07:30:00;1.9691
2025-09-03 07:45:00;3.8580
2025-09-03 08:00:00;6.8731
2025-09-03 08:15:00;9.1232
2025-09-03 08:30:00;11.0379
2025-09-03 08:45:00;13.6149
2025-09-03 09:00:00;18.0013
2025-09-03 09:15:00;18.2879
2025-09-03 09:30:00;21.1973
2025-09-03 09:45:00;22.2321
2025-09-03 10:00:00;22.3061
2025-09-03 10:15:00;23.5560
2025-09-03 10:30:00;24.5124
2025-09-03 10:45:00;25.4376
2025-09-03 11:00:00;25.0122
2025-09-03 11:15:00;24.4630
2025-09-03 11:30:00;25.9815
2025-09-03 11:45:00;26.1311
2025-09-03 12:00:00;32.8017
2025-09-03 12:15:00;34.3046
2025-09-03 12:30:00;35.6094
2025-09-03 12:45:00;33.2772
2025-09-03 13:00:00;32.5580
2025-09-03 13:15:00;32.0848
2025-09-03 13:30:00;32.6008
2025-09-03 13:45:00;32.3293
2025-09-03 14:00:00;34.6212
2025-09-03 14:15:00;35.6065
2025-09-03 14:30:00;35.7472
2025-09-03 14:45:00;34.0284
2025-09-03 15:00:00;33.9963
2025-09-03 15:15:00;32.3076
2025-09-03 15:30:00;30.6642
2025-09-03 15:45:00;29.9578
2025-09-03 16:00:00;27.6834
2025-09-03 16:15:00;26.7058
2025-09-03 16:30:00;25.1240
2025-09-03 16:45:00;23.8045
2025-09-03 17:00:00;22.6334
2025-09-03 17:15:00;19.5010
2025-09-03 17:30:00;18.8516
2025-09-03 17:45:00;17.1817
2025-09-03 18:00:00;15.5288
2025-09-03 18:15:00;13.4972
2025-09-03 18:30:00;12.3400
2025-09-03 18:45:00;10.5545
2025-09-03 19:00:00;8.0311
2025-09-03 19:15:00;6.0870
2025-09-03 19:30:00;4.0909
2025-09-03 19:45:00;1.9132
2025-09-03 20:00:00;0.0000
2025-09-03 20:15:00;0.0000
2025-09-03 20:30:00;0.0000
2025-09-03 20:45:00;0.0000
2025-09-03 21:00:00;0.0000
2025-09-03 21:15:00;0.0000
2025-09-03 21:30:00;0.0000
2025-09-03 21:45:00;0.0000
2025-09-03 22:00:00;0.0000
2025-09-03 22:15:00;0.0000
2025-09-03 22:30:00;0.0000
2025-09-03 22:45:00;0.0000
2025-09-03 23:00:00;0.0000
2025-09-03 23:15:00;0.0000
2025-09-03 23:30:00;0.0000
2025-09-03 23:45:00;0.0000
2025-09-04 00:00:00;0.0000
2025-09-04 00:15:00;0.0000
2025-09-04 00:30:00;0.0000
2025-09-04 00:45:00;0.0000
2025-09-04 01:00:00;0.0000
2025-09-04 01:15:00;0.0000
2025-09-04 01:30:00;0.0000
2025-09-04 01:45:00;0.0000
2025-09-04 02:00:00;0.0000
2025-09-04 02:15:00;0.0000
2025-09-04 02:30:00;0.0000
2025-09-04 02:45:00;0.0000
2025-09-04 03:00:00;0.0000
2025-09-04 03:15:00;0.0000
2025-09-04 03:30:00;0.0000
2025-09-04 03:45:00;0.0000
2025-09-04 04:00:00;0.0000
2025-09-04 04:15:00;0.0000
2025-09-04 04:30:00;0.0000
2025-09-04 04:45:00;0.0000
2025-09-04 05:00:00;0.0000
2025-09-04 05:15:00;0.0000
2025-09-04 05:30:00;0.0000
2025-09-04 05:45:00;0.0000
2025-09-04 06:00:00;0.0000
2025-09-04 06:15:00;0.0000
2025-09-04 06:30:00;0.0000
2025-09-04 06:45:00;0.0000
2025-09-04 07:00:00;0.0000
2025-09-04 07:15:00;0.0000
2025-09-04 07:30:00;0.5169
2025-09-04 07:45:00;1.0545
2025-09-04 08:00:00;1.6341
2025-09-04 08:15:00;2.1500
2025-09-04 08:30:00;2.6685
2025-09-04 08:45:00;3.1805
2025-09-04 09:00:00;3.5511
2025-09-04 09:15:00;3.7527
2025-09-04 09:30:00;4.1417
2025-09-04 09:45:00;4.6844
2025-09-04 10:00:00;5.4153
2025-09-04 10:15:00;5.5253
2025-09-04 10:30:00;5.9433
2025-09-04 10:45:00;6.4260
2025-09-04 11:00:00;7.2636
2025-09-04 11:15:00;7.4416
2025-09-04 11:30:00;7.9728
2025-09-04 11:45:00;8.2799
2025-09-04 12:00:00;8.6492
2025-09-04 12:15:00;8.4596
2025-09-04 12:30:00;9.5563
2025-09-04 12:45:00;8.8304
2025-09-04 13:00:00;8.2684
2025-09-04 13:15:00;8.2130
2025-09-04 13:30:00;7.8288
2025-09-04 13:45:00;8.2040
2025-09-04 14:00:00;9.2510
2025-09-04 14:15:00;9.4488
2025-09-04 14:30:00;9.6787
2025-09-04 14:45:00;9.6007
2025-09-04 15:00:00;8.4243
2025-09-04 15:15:00;7.7147
2025-09-04 15:30:00;7.4754
2025-09-04 15:45:00;7.4798
2025-09-04 16:00:00;7.5150
2025-09-04 16:15:00;7.0714
2025-09-04 16:30:00;6.7373
2025-09-04 16:45:00;6.3523
2025-09-04 17:00:00;5.3035
2025-09-04 17:15:00;4.8117
2025-09-04 17:30:00;4.4003
2025-09-04 17:45:00;4.1995
2025-09-04 18:00:00;4.2158
2025-09-04 18:15:00;3.4366
2025-09-04 18:30:00;3.0194
2025-09-04 18:45:00;2.5251
2025-09-04 19:00:00;2.2119
2025-09-04 19:15:00;1.5802
2025-09-04 19:30:00;1.0761
2025-09-04 19:45:00;0.5292
2025-09-04 20:00:00;0.0000
2025-09-04 20:15:00;0.0000
2025-09-04 20:30:00;0.0000
2025-09-04 20:45:00;0.0000
2025-09-04 21:00:00;0.0000
2025-09-04 21:15:00;0.0000
2025-09-04 21:30:00;0.0000
2025-09-04 21:45:00;0.0000
2025-09-04 22:00:00;0.0000
2025-09-04 22:15:00;0.0000
2025-09-04 22:30:00;0.0000
2025-09-04 22:45:00;0.0000
2025-09-04 23:00:00;0.0000
2025-09-04 23:15:00;0.0000
2025-09-04 23:30:00;0.0000
2025-09-04 23:45:00;0.0000
2025-09-05 00:00:00;0.0000
2025-09-05 00:15:00;0.0000
2025-09-05 00:30:00;0.0000
2025-09-05 00:45:00;0.0000
2025-09-05 01:00:00;0.0000
2025-09-05 01:15:00;0.0000
2025-09-05 01:30:00;0.0000
2025-09-05 01:45:00;0.0000
2025-09-05 02:00:00;0.0000
2025-09-05 02:15:00;0.0000
2025-09-05 02:30:00;0.0000
2025-09-05 02:45:00;0.0000
2025-09-05 03:00:00;0.0000
2025-09-05 03:15:00;0.0000
2025-09-05 03:30:00;0.0000
2025-09-05 03:45:00;0.0000
2025-09-05 04:00:00;0.0000
2025-09-05 04:15:00;0.0000
2025-09-05 04:30:00;0.0000
2025-09-05 04:45:00;0.0000
2025-09-05 05:00:00;0.0000
2025-09-05 05:15:00;0.0000
2025-09-05 05:30:00;0.0000
2025-09-05 05:45:00;0.0000
2025-09-05 06:00:00;0.0000
2025-09-05 06:15:00;0.0000
2025-09-05 06:30:00;0.0000
2025-09-05 06:45:00;0.0000
2025-09-05 07:00:00;0.0000
2025-09-05 07:15:00;0.0000
2025-09-05 07:30:00;0.5380
2025-09-05 07:45:00;1.1280
2025-09-05 08:00:00;1.5507
2025-09-05 08:15:00;2.0608
2025-09-05 08:30:00;2.4617
2025-09-05 08:45:00;3.0417
2025-09-05 09:00:00;3.7509
2025-09-05 09:15:00;4.2253
2025-09-05 09:30:00;4.9979
2025-09-05 09:45:00;5.4073
2025-09-05 10:00:00;5.1912
2025-09-05 10:15:00;5.3966
2025-09-05 10:30:00;6.0374
2025-09-05 10:45:00;6.2793
2025-09-05 11:00:00;7.4823
2025-09-05 11:15:00;8.2884
2025-09-05 11:30:00;8.4552
2025-09-05 11:45:00;8.2608
2025-09-05 12:00:00;7.1560
2025-09-05 12:15:00;7.3847
2025-09-05 12:30:00;7.6135
2025-09-05 12:45:00;7.8854
2025-09-05 13:00:00;9.0075
2025-09-05 13:15:00;9.2676
2025-09-05 13:30:00;9.4492
2025-09-05 13:45:00;9.3417
2025-09-05 14:00:00;8.2047
2025-09-05 14:15:00;8.2961
2025-09-05 14:30:00;7.6800
2025-09-05 14:45:00;7.6524
2025-09-05 15:00:00;8.0863
2025-09-05 15:15:00;8.0167
2025-09-05 15:30:00;7.7416
2025-09-05 15:45:00;7.1328
2025-09-05 16:00:00;6.4247
2025-09-05 16:15:00;6.9357
2025-09-05 16:30:00;6.1588
2025-09-05 16:45:00;5.9045
2025-09-05 17:00:00;5.8100
2025-09-05 17:15:00;5.6297
2025-09-05 17:30:00;5.0523
2025-09-05 17:45:00;4.8431
2025-09-05 18:00:00;4.7320
2025-09-05 18:15:00;4.0439
2025-09-05 18:30:00;3.5158
2025-09-05 18:45:00;2.9589
2025-09-05 19:00:00;1.9295
2025-09-05 19:15:00;1.3319
2025-09-05 19:30:00;0.9952
2025-09-05 19:45:00;0.4920
2025-09-05 20:00:00;0.0000
2025-09-05 20:15:00;0.0000
2025-09-05 20:30:00;0.0000
2025-09-05 20:45:00;0.0000
2025-09-05 21:00:00;0.0000
2025-09-05 21:15:00;0.0000
2025-09-05 21:30:00;0.0000
2025-09-05 21:45:00;0.0000
2025-09-05 22:00:00;0.0000
2025-09-05 22:15:00;0.0000
2025-09-05 22:30:00;0.0000
2025-09-05 22:45:00;0.0000
2025-09-05 23:00:00;0.0000
2025-09-05 23:15:00;0.0000
2025-09-05 23:30:00;0.0000
2025-09-05 23:45:00;0.0000
2025-09-06 00:00:00;0.0000
2025-09-06 00:15:00;0.0000
2025-09-06 00:30:00;0.0000
2025-09-06 00:45:00;0.0000
2025-09-06 01:00:00;0.0000
2025-09-06 01:15:00;0.0000
2025-09-06 01:30:00;0.0000
2025-09-06 01:45:00;0.0000
2025-09-06 02:00:00;0.0000
2025-09-06 02:15:00;0.0000
2025-09-06 02:30:00;0.0000
2025-09-06 02:45:00;0.0000
2025-09-06 03:00:00;0.0000
2025-09-06 03:15:00;0.0000
2025-09-06 03:30:00;0.0000
2025-09-06 03:45:00;0.0000
2025-09-06 04:00:00;0.0000
2025-09-06 04:15:00;0.0000
2025-09-06 04:30:00;0.0000
2025-09-06 04:45:00;0.0000
2025-09-06 05:00:00;0.0000
2025-09-06 05:15:00;0.0000
2025-09-06 05:30:00;0.0000
2025-09-06 05:45:00;0.0000
2025-09-06 06:00:00;0.0000
2025-09-06 06:15:00;0.0000
2025-09-06 06:30:00;0.0000
2025-09-06 06:45:00;0.0000
2025-09-06 07:00:00;0.0000
2025-09-06 07:15:00;0.0000
2025-09-06 07:30:00;0.2039
2025-09-06 07:45:00;0.4306
2025-09-06 08:00:00;0.6620
2025-09-06 08:15:00;0.8998
2025-09-06 08:30:00;1.0702
2025-09-06 08:45:00;1.2658
2025-09-06 09:00:00;1.4133
2025-09-06 09:15:00;1.5571
2025-09-06 09:30:00;1.7493
2025-09-06 09:45:00;1.8774
2025-09-06 10:00:00;2.0944
2025-09-06 10:15:00;2.1330
2025-09-06 10:30:00;2.2153
2025-09-06 10:45:00;2.4898
2025-09-06 11:00:00;2.4291
2025-09-06 11:15:00;2.5250
2025-09-06 11:30:00;2.5441
2025-09-06 11:45:00;2.7999
2025-09-06 12:00:00;2.9864
2025-09-06 12:15:00;3.3509
2025-09-06 12:30:00;3.4440
2025-09-06 12:45:00;3.1769
2025-09-06 13:00:00;3.1658
2025-09-06 13:15:00;3.0031
2025-09-06 13:30:00;3.0097
2025-09-06 13:45:00;2.9851
2025-09-06 14:00:00;3.4271
2025-09-06 14:15:00;3.1926
2025-09-06 14:30:00;3.2280
2025-09-06 14:45:00;3.1260
2025-09-06 15:00:00;3.0114
2025-09-06 15:15:00;2.8704
2025-09-06 15:30:00;3.0905
2025-09-06 15:45:00;2.7999
2025-09-06 16:00:00;2.9479
2025-09-06 16:15:00;2.5698
2025-09-06 16:30:00;2.6190
2025-09-06 16:45:00;2.4578
2025-09-06 17:00:00;1.9817
2025-09-06 17:15:00;1.8192
2025-09-06 17:30:00;1.5365
2025-09-06 17:45:00;1.5786
2025-09-06 18:00:00;1.5666
2025-09-06 18:15:00;1.4180
2025-09-06 18:30:00;1.2313
2025-09-06 18:45:00;0.9791
2025-09-06 19:00:00;0.8821
2025-09-06 19:15:00;0.6902
2025-09-06 19:30:00;0.4620
2025-09-06 19:45:00;0.2153
2025-09-06 20:00:00;0.0000
2025-09-06 20:15:00;0.0000
2025-09-06 20:30:00;0.0000
2025-09-06 20:45:00;0.0000
2025-09-06 21:00:00;0.0000
2025-09-06 21:15:00;0.0000
2025-09-06 21:30:00;0.0000
2025-09-06 21:45:00;0.0000
2025-09-06 22:00:00;0.0000
2025-09-06 22:15:00;0.0000
2025-09-06 22:30:00;0.0000
2025-09-06 22:45:00;0.0000
2025-09-06 23:00:00;0.0000
2025-09-06 23:15:00;0.0000
2025-09-06 23:30:00;0.0000
2025-09-06 23:45:00;0.0000
2025-09-07 00:00:00;0.0000
2025-09-07 00:15:00;0.0000
2025-09-07 00:30:00;0.0000
2025-09-07 00:45:00;0.0000
2025-09-07 01:00:00;0.0000
2025-09-07 01:15:00;0.0000
2025-09-07 01:30:00;0.0000
2025-09-07 01:45:00;0.0000
2025-09-07 02:00:00;0.0000
2025-09-07 02:15:00;0.0000
2025-09-07 02:30:00;0.0000
2025-09-07 02:45:00;0.0000
2025-09-07 03:00:00;0.0000
2025-09-07 03:15:00;0.0000
2025-09-07 03:30:00;0.0000
2025-09-07 03:45:00;0.0000
2025-09-07 04:00:00;0.0000
2025-09-07 04:15:00;0.0000
2025-09-07 04:30:00;0.0000
2025-09-07 04:45:00;0.0000
2025-09-07 05:00:00;0.0000
2025-09-07 05:15:00;0.0000
2025-09-07 05:30:00;0.0000
2025-09-07 05:45:00;0.0000
2025-09-07 06:00:00;0.0000
2025-09-07 06:15:00;0.0000
2025-09-07 06:30:00;0.0000
2025-09-07 06:45:00;0.0000
2025-09-07 07:00:00;0.0000
2025-09-07 07:15:00;0.0000
2025-09-07 07:30:00;0.5106
2025-09-07 07:45:00;1.0369
2025-09-07 08:00:00;1.4275
2025-09-07 08:15:00;1.8456
2025-09-07 08:30:00;2.3411
2025-09-07 08:45:00;2.7804
2025-09-07 09:00:00;3.8743
2025-09-07 09:15:00;4.3559
2025-09-07 09:30:00;4.6650
2025-09-07 09:45:00;5.3710
2025-09-07 10:00:00;4.0210
2025-09-07 10:15:00;4.0861
2025-09-07 10:30:00;4.4474
2025-09-07 10:45:00;4.9526
2025-09-07 11:00:00;6.2011
2025-09-07 11:15:00;6.6075
2025-09-07 11:30:00;6.8744
2025-09-07 11:45:00;7.0272
2025-09-07 12:00:00;7.3645
2025-09-07 12:15:00;7.5509
2025-09-07 12:30:00;7.3390
2025-09-07 12:45:00;7.8086
2025-09-07 13:00:00;9.3937
2025-09-07 13:15:00;9.0932
2025-09-07 13:30:00;8.7051
2025-09-07 13:45:00;8.8708
2025-09-07 14:00:00;6.8192
2025-09-07 14:15:00;7.7148
2025-09-07 14:30:00;7.7503
2025-09-07 14:45:00;7.4392
2025-09-07 15:00:00;8.2619
2025-09-07 15:15:00;8.0937
2025-09-07 15:30:00;8.1125
2025-09-07 15:45:00;7.5428
2025-09-07 16:00:00;5.8301
2025-09-07 16:15:00;5.6688
2025-09-07 16:30:00;5.5039
2025-09-07 16:45:00;4.9077
2025-09-07 17:00:00;5.5472
2025-09-07 17:15:00;5.3970
2025-09-07 17:30:00;4.7498
2025-09-07 17:45:00;4.5766
2025-09-07 18:00:00;3.7955
2025-09-07 18:15:00;3.1936
2025-09-07 18:30:00;2.8508
2025-09-07 18:45:00;2.3625
2025-09-07 19:00:00;2.1715
2025-09-07 19:15:00;1.7761
2025-09-07 19:30:00;1.1596
2025-09-07 19:45:00;0.5987
2025-09-07 20:00:00;0.0000
2025-09-07 20:15:00;0.0000
2025-09-07 20:30:00;0.0000
2025-09-07 20:45:00;0.0000
2025-09-07 21:00:00;0.0000
2025-09-07 21:15:00;0.0000
2025-09-07 21:30:00;0.0000
2025-09-07 21:45:00;0.0000
2025-09-07 22:00:00;0.0000
2025-09-07 22:15:00;0.0000
2025-09-07 22:30:00;0.0000
2025-09-07 22:45:00;0.0000
2025-09-07 23:00:00;0.0000
2025-09-07 23:15:00;0.0000
2025-09-07 23:30:00;0.0000
2025-09-07 23:45:00;0.0000
2025-09-08 00:00:00;0.0000
2025-09-08 00:15:00;0.0000
2025-09-08 00:30:00;0.0000
2025-09-08 00:45:00;0.0000
2025-09-08 01:00:00;0.0000
2025-09-08 01:15:00;0.0000
2025-09-08 01:30:00;0.0000
2025-09-08 01:45:00;0.0000
2025-09-08 02:00:00;0.0000
2025-09-08 02:15:00;0.0000
2025-09-08 02:30:00;0.0000
2025-09-08 02:45:00;0.0000
2025-09-08 03:00:00;0.0000
2025-09-08 03:15:00;0.0000
2025-09-08 03:30:00;0.0000
2025-09-08 03:45:00;0.0000
2025-09-08 04:00:00;0.0000
2025-09-08 04:15:00;0.0000
2025-09-08 04:30:00;0.0000
2025-09-08 04:45:00;0.0000
2025-09-08 05:00:00;0.0000
2025-09-08 05:15:00;0.0000
2025-09-08 05:30:00;0.0000
2025-09-08 05:45:00;0.0000
2025-09-08 06:00:00;0.0000
2025-09-08 06:15:00;0.0000
2025-09-08 06:30:00;0.0000
2025-09-08 06:45:00;0.0000
2025-09-08 07:00:00;0.0000
2025-09-08 07:15:00;0.0000
2025-09-08 07:30:00;0.1868
2025-09-08 07:45:00;0.3718
2025-09-08 08:00:00;0.6182
2025-09-08 08:15:00;0.8199
2025-09-08 08:30:00;0.9853
2025-09-08 08:45:00;1.2034
2025-09-08 09:00:00;1.6035
2025-09-08 09:15:00;1.8613
2025-09-08 09:30:00;1.8705
2025-09-08 09:45:00;2.1609
2025-09-08 10:00:00;2.3371
2025-09-08 10:15:00;2.4134
2025-09-08 10:30:00;2.5774
2025-09-08 10:45:00;2.8497
2025-09-08 11:00:00;2.3826
2025-09-08 11:15:00;2.5713
2025-09-08 11:30:00;2.8017
2025-09-08 11:45:00;2.9723
2025-09-08 12:00:00;3.0419
2025-09-08 12:15:00;2.8483
2025-09-08 12:30:00;2.8367
2025-09-08 12:45:00;2.9956
2025-09-08 13:00:00;3.5275
2025-09-08 13:15:00;3.4831
2025-09-08 13:30:00;3.5797
2025-09-08 13:45:00;3.5055
2025-09-08 14:00:00;3.2604
2025-09-08 14:15:00;3.1207
2025-09-08 14:30:00;3.1669
2025-09-08 14:45:00;3.0368
2025-09-08 15:00:00;3.7104
2025-09-08 15:15:00;3.2719
2025-09-08 15:30:00;3.3016
2025-09-08 15:45:00;3.0473
2025-09-08 16:00:00;2.6764
2025-09-08 16:15:00;2.5623
2025-09-08 16:30:00;2.5680
2025-09-08 16:45:00;2.2362
2025-09-08 17:00:00;2.6735
2025-09-08 17:15:00;2.3661
2025-09-08 17:30:00;2.0752
2025-09-08 17:45:00;2.1472
2025-09-08 18:00:00;1.7050
2025-09-08 18:15:00;1.4712
2025-09-08 18:30:00;1.2571
2025-09-08 18:45:00;1.1181
2025-09-08 19:00:00;0.8426
2025-09-08 19:15:00;0.6138
2025-09-08 19:30:00;0.4163
2025-09-08 19:45:00;0.2218
2025-09-08 20:00:00;0.0000
2025-09-08 20:15:00;0.0000
2025-09-08 20:30:00;0.0000
2025-09-08 20:45:00;0.0000
2025-09-08 21:00:00;0.0000
2025-09-08 21:15:00;0.0000
2025-09-08 21:30:00;0.0000
2025-09-08 21:45:00;0.0000
2025-09-08 22:00:00;0.0000
2025-09-08 22:15:00;0.0000
2025-09-08 22:30:00;0.0000
2025-09-08 22:45:00;0.0000
2025-09-08 23:00:00;0.0000
2025-09-08 23:15:00;0.0000
2025-09-08 23:30:00;0.0000
2025-09-08 23:45:00;0.0000
2025-09-09 00:00:00;0.0000
2025-09-09 00:15:00;0.0000
2025-09-09 00:30:00;0.0000
2025-09-09 00:45:00;0.0000
2025-09-09 01:00:00;0.0000
2025-09-09 01:15:00;0.0000
2025-09-09 01:30:00;0.0000
2025-09-09 01:45:00;0.0000
2025-09-09 02:00:00;0.0000
2025-09-09 02:15:00;0.0000
2025-09-09 02:30:00;0.0000
2025-09-09 02:45:00;0.0000
2025-09-09 03:00:00;0.0000
2025-09-09 03:15:00;0.0000
2025-09-09 03:30:00;0.0000
2025-09-09 03:45:00;0.0000
2025-09-09 04:00:00;0.0000
2025-09-09 04:15:00;0.0000
2025-09-09 04:30:00;0.0000
2025-09-09 04:45:00;0.0000
2025-09-09 05:00:00;0.0000
2025-09-09 05:15:00;0.0000
2025-09-09 05:30:00;0.0000
2025-09-09 05:45:00;0.0000
2025-09-09 06:00:00;0.0000
2025-09-09 06:15:00;0.0000
2025-09-09 06:30:00;0.0000
2025-09-09 06:45:00;0.0000
2025-09-09 07:00:00;0.0000
2025-09-09 07:15:00;0.0000
2025-09-09 07:30:00;0.2030
2025-09-09 07:45:00;0.4495
2025-09-09 08:00:00;0.6063
2025-09-09 08:15:00;0.7795
2025-09-09 08:30:00;1.0152
2025-09-09 08:45:00;1.2211
2025-09-09 09:00:00;1.5736
2025-09-09 09:15:00;1.7047
2025-09-09 09:30:00;1.9650
2025-09-09 09:45:00;2.0551
2025-09-09 10:00:00;2.1887
2025-09-09 10:15:00;2.2853
2025-09-09 10:30:00;2.5181
2025-09-09 10:45:00;2.6631
2025-09-09 11:00:00;2.4204
2025-09-09 11:15:00;2.6440
2025-09-09 11:30:00;2.6861
2025-09-09 11:45:00;2.6918
2025-09-09 12:00:00;3.0784
2025-09-09 12:15:00;3.1284
2025-09-09 12:30:00;3.3186
2025-09-09 12:45:00;3.3756
2025-09-09 13:00:00;3.1575
2025-09-09 13:15:00;2.8706
2025-09-09 13:30:00;3.1579
2025-09-09 13:45:00;3.1343
2025-09-09 14:00:00;3.0556
2025-09-09 14:15:00;2.8920
2025-09-09 14:30:00;3.0463
2025-09-09 14:45:00;3.0108
2025-09-09 15:00:00;2.9029
2025-09-09 15:15:00;2.8196
2025-09-09 15:30:00;2.6443
2025-09-09 15:45:00;2.6871
2025-09-09 16:00:00;2.8935
2025-09-09 16:15:00;2.7384
2025-09-09 16:30:00;2.6656
2025-09-09 16:45:00;2.6823
2025-09-09 17:00:00;1.9096
2025-09-09 17:15:00;1.8647
2025-09-09 17:30:00;1.7341
2025-09-09 17:45:00;1.5500
2025-09-09 18:00:00;1.6440
2025-09-09 18:15:00;1.4408
2025-09-09 18:30:00;1.2553
2025-09-09 18:45:00;0.9907
2025-09-09 19:00:00;0.6774
2025-09-09 19:15:00;0.4854
2025-09-09 19:30:00;0.3385
2025-09-09 19:45:00;0.1651
2025-09-09 20:00:00;0.0000
2025-09-09 20:15:00;0.0000
2025-09-09 20:30:00;0.0000
2025-09-09 20:45:00;0.0000
2025-09-09 21:00:00;0.0000
2025-09-09 21:15:00;0.0000
2025-09-09 21:30:00;0.0000
2025-09-09 21:45:00;0.0000
2025-09-09 22:00:00;0.0000
2025-09-09 22:15:00;0.0000
2025-09-09 22:30:00;0.0000
2025-09-09 22:45:00;0.0000
2025-09-09 23:00:00;0.0000
2025-09-09 23:15:00;0.0000
2025-09-09 23:30:00;0.0000
2025-09-09 23:45:00;0.0000
2025-09-10 00:00:00;0.0000
2025-09-10 00:15:00;0.0000
2025-09-10 00:30:00;0.0000
2025-09-10 00:45:00;0.0000
2025-09-10 01:00:00;0.0000
2025-09-10 01:15:00;0.0000
2025-09-10 01:30:00;0.0000
2025-09-10 01:45:00;0.0000
2025-09-10 02:00:00;0.0000
2025-09-10 02:15:00;0.0000
2025-09-10 02:30:00;0.0000
2025-09-10 02:45:00;0.0000
2025-09-10 03:00:00;0.0000
2025-09-10 03:15:00;0.0000
2025-09-10 03:30:00;0.0000
2025-09-10 03:45:00;0.0000
2025-09-10 04:00:00;0.0000
2025-09-10 04:15:00;0.0000
2025-09-10 04:30:00;0.0000
2025-09-10 04:45:00;0.0000
2025-09-10 05:00:00;0.0000
2025-09-10 05:15:00;0.0000
2025-09-10 05:30:00;0.0000
2025-09-10 05:45:00;0.0000
2025-09-10 06:00:00;0.0000
2025-09-10 06:15:00;0.0000
2025-09-10 06:30:00;0.0000
2025-09-10 06:45:00;0.0000
2025-09-10 07:00:00;0.0000
2025-09-10 07:15:00;0.0000
2025-09-10 07:30:00;1.3431
2025-09-10 07:45:00;2.7316
2025-09-10 08:00:00;4.0657
2025-09-10 08:15:00;5.3271
2025-09-10 08:30:00;6.4470
2025-09-10 08:45:00;7.7585
2025-09-10 09:00:00;8.8067
2025-09-10 09:15:00;10.9682
2025-09-10 09:30:00;11.7650
2025-09-10 09:45:00;12.5878
2025-09-10 10:00:00;12.0259
2025-09-10 10:15:00;12.6991
2025-09-10 10:30:00;12.7705
2025-09-10 10:45:00;14.4148
2025-09-10 11:00:00;12.4910
2025-09-10 11:15:00;12.9566
2025-09-10 11:30:00;13.1311
2025-09-10 11:45:00;13.8533
2025-09-10 12:00:00;10.5565
2025-09-10 12:15:00;9.6718
2025-09-10 12:30:00;10.7267
2025-09-10 12:45:00;11.0146
2025-09-10 13:00:00;18.2685
2025-09-10 13:15:00;19.0079
2025-09-10 13:30:00;18.7364
2025-09-10 13:45:00;18.6575
2025-09-10 14:00:00;20.6921
2025-09-10 14:15:00;20.7407
2025-09-10 14:30:00;20.4625
2025-09-10 14:45:00;19.4144
2025-09-10 15:00:00;13.2609
2025-09-10 15:15:00;12.2674
2025-09-10 15:30:00;11.9643
2025-09-10 15:45:00;12.0474
2025-09-10 16:00:00;18.4211
2025-09-10 16:15:00;18.9352
2025-09-10 16:30:00;17.1456
2025-09-10 16:45:00;15.5082
2025-09-10 17:00:00;8.5689
2025-09-10 17:15:00;8.0010
2025-09-10 17:30:00;8.0049
2025-09-10 17:45:00;6.9230
2025-09-10 18:00:00;10.8923
2025-09-10 18:15:00;10.0466
2025-09-10 18:30:00;8.7865
2025-09-10 18:45:00;7.0125
2025-09-10 19:00:00;5.2314
2025-09-10 19:15:00;3.7922
2025-09-10 19:30:00;2.5060
2025-09-10 19:45:00;1.3394
2025-09-10 20:00:00;0.0000
2025-09-10 20:15:00;0.0000
2025-09-10 20:30:00;0.0000
2025-09-10 20:45:00;0.0000
2025-09-10 21:00:00;0.0000
2025-09-10 21:15:00;0.0000
2025-09-10 21:30:00;0.0000
2025-09-10 21:45:00;0.0000
2025-09-10 22:00:00;0.0000
2025-09-10 22:15:00;0.0000
2025-09-10 22:30:00;0.0000
2025-09-10 22:45:00;0.0000
2025-09-10 23:00:00;0.0000
2025-09-10 23:15:00;0.0000
2025-09-10 23:30:00;0.0000
2025-09-10 23:45:00;0.0000
2025-09-11 00:00:00;0.0000
2025-09-11 00:15:00;0.0000
2025-09-11 00:30:00;0.0000
2025-09-11 00:45:00;0.0000
2025-09-11 01:00:00;0.0000
2025-09-11 01:15:00;0.0000
2025-09-11 01:30:00;0.0000
2025-09-11 01:45:00;0.0000
2025-09-11 02:00:00;0.0000
2025-09-11 02:15:00;0.0000
2025-09-11 02:30:00;0.0000
2025-09-11 02:45:00;0.0000
2025-09-11 03:00:00;0.0000
2025-09-11 03:15:00;0.0000
2025-09-11 03:30:00;0.0000
2025-09-11 03:45:00;0.0000
2025-09-11 04:00:00;0.0000
2025-09-11 04:15:00;0.0000
2025-09-11 04:30:00;0.0000
2025-09-11 04:45:00;0.0000
2025-09-11 05:00:00;0.0000
2025-09-11 05:15:00;0.0000
2025-09-11 05:30:00;0.0000
2025-09-11 05:45:00;0.0000
2025-09-11 06:00:00;0.0000
2025-09-11 06:15:00;0.0000
2025-09-11 06:30:00;0.0000
2025-09-11 06:45:00;0.0000
2025-09-11 07:00:00;0.0000
2025-09-11 07:15:00;0.0000
2025-09-11 07:30:00;1.7854
2025-09-11 07:45:00;3.7473
2025-09-11 08:00:00;6.1388
2025-09-11 08:15:00;8.6746
2025-09-11 08:30:00;10.9019
2025-09-11 08:45:00;12.3253
2025-09-11 09:00:00;16.0062
2025-09-11 09:15:00;18.3817
2025-09-11 09:30:00;20.2972
2025-09-11 09:45:00;22.2132
2025-09-11 10:00:00;24.7839
2025-09-11 10:15:00;25.5950
2025-09-11 10:30:00;27.0649
2025-09-11 10:45:00;31.6410
2025-09-11 11:00:00;26.2442
2025-09-11 11:15:00;28.6311
2025-09-11 11:30:00;28.9669
2025-09-11 11:45:00;28.8954
2025-09-11 12:00:00;27.7508
2025-09-11 12:15:00;29.7702
2025-09-11 12:30:00;28.5600
2025-09-11 12:45:00;29.1546
2025-09-11 13:00:00;35.4207
2025-09-11 13:15:00;34.4429
2025-09-11 13:30:00;34.3140
2025-09-11 13:45:00;34.6834
2025-09-11 14:00:00;32.5936
2025-09-11 14:15:00;32.5313
2025-09-11 14:30:00;32.3810
2025-09-11 14:45:00;33.9734
2025-09-11 15:00:00;32.3225
2025-09-11 15:15:00;32.7282
2025-09-11 15:30:00;33.3230
2025-09-11 15:45:00;30.4080
2025-09-11 16:00:00;29.3553
2025-09-11 16:15:00;27.2888
2025-09-11 16:30:00;26.6514
2025-09-11 16:45:00;24.9002
2025-09-11 17:00:00;22.0252
2025-09-11 17:15:00;20.7149
2025-09-11 17:30:00;19.5576
2025-09-11 17:45:00;16.9677
2025-09-11 18:00:00;17.6011
2025-09-11 18:15:00;15.6824
2025-09-11 18:30:00;13.6325
2025-09-11 18:45:00;10.8134
2025-09-11 19:00:00;7.4364
2025-09-11 19:15:00;5.5843
2025-09-11 19:30:00;3.7022
2025-09-11 19:45:00;1.7871
2025-09-11 20:00:00;0.0000
2025-09-11 20:15:00;0.0000
2025-09-11 20:30:00;0.0000
2025-09-11 20:45:00;0.0000
2025-09-11 21:00:00;0.0000
2025-09-11 21:15:00;0.0000
2025-09-11 21:30:00;0.0000
2025-09-11 21:45:00;0.0000
2025-09-11 22:00:00;0.0000
2025-09-11 22:15:00;0.0000
2025-09-11 22:30:00;0.0000
2025-09-11 22:45:00;0.0000
2025-09-11 23:00:00;0.0000
2025-09-11 23:15:00;0.0000
2025-09-11 23:30:00;0.0000
2025-09-11 23:45:00;0.0000
2025-09-12 00:00:00;0.0000
2025-09-12 00:15:00;0.0000
2025-09-12 00:30:00;0.0000
2025-09-12 00:45:00;0.0000
2025-09-12 01:00:00;0.0000
2025-09-12 01:15:00;0.0000
2025-09-12 01:30:00;0.0000
2025-09-12 01:45:00;0.0000
2025-09-12 02:00:00;0.0000
2025-09-12 02:15:00;0.0000
2025-09-12 02:30:00;0.0000
2025-09-12 02:45:00;0.0000
2025-09-12 03:00:00;0.0000
2025-09-12 03:15:00;0.0000
2025-09-12 03:30:00;0.0000
2025-09-12 03:45:00;0.0000
2025-09-12 04:00:00;0.0000
2025-09-12 04:15:00;0.0000
2025-09-12 04:30:00;0.0000
2025-09-12 04:45:00;0.0000
2025-09-12 05:00:00;0.0000
2025-09-12 05:15:00;0.0000
2025-09-12 05:30:00;0.0000
2025-09-12 05:45:00;0.0000
2025-09-12 06:00:00;0.0000
2025-09-12 06:15:00;0.0000
2025-09-12 06:30:00;0.0000
2025-09-12 06:45:00;0.0000
2025-09-12 07:00:00;0.0000
2025-09-12 07:15:00;0.0000
2025-09-12 07:30:00;0.2370
2025-09-12 07:45:00;0.4834
2025-09-12 08:00:00;0.6137
2025-09-12 08:15:00;0.8470
2025-09-12 08:30:00;1.0579
2025-09-12 08:45:00;1.2406
2025-09-12 09:00:00;1.3006
2025-09-12 09:15:00;1.4375
2025-09-12 09:30:00;1.5959
2025-09-12 09:45:00;1.7818
2025-09-12 10:00:00;2.0622
2025-09-12 10:15:00;2.0193
2025-09-12 10:30:00;2.3832
2025-09-12 10:45:00;2.4852
2025-09-12 11:00:00;2.7601
2025-09-12 11:15:00;2.8465
2025-09-12 11:30:00;2.9465
2025-09-12 11:45:00;3.1933
2025-09-12 12:00:00;2.6150
2025-09-12 12:15:00;2.6503
2025-09-12 12:30:00;2.8483
2025-09-12 12:45:00;2.7211
2025-09-12 13:00:00;3.1811
2025-09-12 13:15:00;3.3737
2025-09-12 13:30:00;3.3494
2025-09-12 13:45:00;3.2557
2025-09-12 14:00:00;2.9834
2025-09-12 14:15:00;2.9295
2025-09-12 14:30:00;2.8073
2025-09-12 14:45:00;2.8572
2025-09-12 15:00:00;3.3736
2025-09-12 15:15:00;3.1187
2025-09-12 15:30:00;3.2277
2025-09-12 15:45:00;3.0504
2025-09-12 16:00:00;2.6149
2025-09-12 16:15:00;2.4301
2025-09-12 16:30:00;2.3516
2025-09-12 16:45:00;2.1424
2025-09-12 17:00:00;2.0466
2025-09-12 17:15:00;1.8918
2025-09-12 17:30:00;1.7100
2025-09-12 17:45:00;1.5256
2025-09-12 18:00:00;1.6401
2025-09-12 18:15:00;1.4884
2025-09-12 18:30:00;1.3230
2025-09-12 18:45:00;1.0849
2025-09-12 19:00:00;0.8405
2025-09-12 19:15:00;0.6074
2025-09-12 19:30:00;0.4322
2025-09-12 19:45:00;0.2013
2025-09-12 20:00:00;0.0000
2025-09-12 20:15:00;0.0000
2025-09-12 20:30:00;0.0000
2025-09-12 20:45:00;0.0000
2025-09-12 21:00:00;0.0000
2025-09-12 21:15:00;0.0000
2025-09-12 21:30:00;0.0000
2025-09-12 21:45:00;0.0000
2025-09-12 22:00:00;0.0000
2025-09-12 22:15:00;0.0000
2025-09-12 22:30:00;0.0000
2025-09-12 22:45:00;0.0000
2025-09-12 23:00:00;0.0000
2025-09-12 23:15:00;0.0000
2025-09-12 23:30:00;0.0000
2025-09-12 23:45:00;0.0000
2025-09-13 00:00:00;0.0000
2025-09-13 00:15:00;0.0000
2025-09-13 00:30:00;0.0000
2025-09-13 00:45:00;0.0000
2025-09-13 01:00:00;0.0000
2025-09-13 01:15:00;0.0000
2025-09-13 01:30:00;0.0000
2025-09-13 01:45:00;0.0000
2025-09-13 02:00:00;0.0000
2025-09-13 02:15:00;0.0000
2025-09-13 02:30:00;0.0000
2025-09-13 02:45:00;0.0000
2025-09-13 03:00:00;0.0000
2025-09-13 03:15:00;0.0000
2025-09-13 03:30:00;0.0000
2025-09-13 03:45:00;0.0000
2025-09-13 04:00:00;0.0000
2025-09-13 04:15:00;0.0000
2025-09-13 04:30:00;0.0000
2025-09-13 04:45:00;0.0000
2025-09-13 05:00:00;0.0000
2025-09-13 05:15:00;0.0000
2025-09-13 05:30:00;0.0000
2025-09-13 05:45:00;0.0000
2025-09-13 06:00:00;0.0000
2025-09-13 06:15:00;0.0000
2025-09-13 06:30:00;0.0000
2025-09-13 06:45:00;0.0000
2025-09-13 07:00:00;0.0000
2025-09-13 07:15:00;0.0000
2025-09-13 07:30:00;0.5018
2025-09-13 07:45:00;1.0780
2025-09-13 08:00:00;1.6462
2025-09-13 08:15:00;2.1845
2025-09-13 08:30:00;2.9443
2025-09-13 08:45:00;3.3981
2025-09-13 09:00:00;3.9346
2025-09-13 09:15:00;4.1310
2025-09-13 09:30:00;4.6603
2025-09-13 09:45:00;5.1153
2025-09-13 10:00:00;4.6433
2025-09-13 10:15:00;4.7905
2025-09-13 10:30:00;5.1706
2025-09-13 10:45:00;5.6885
2025-09-13 11:00:00;6.1868
2025-09-13 11:15:00;6.9635
2025-09-13 11:30:00;6.9262
2025-09-13 11:45:00;6.8103
2025-09-13 12:00:00;7.3506
2025-09-13 12:15:00;7.4523
2025-09-13 12:30:00;7.8117
2025-09-13 12:45:00;7.8865
2025-09-13 13:00:00;9.1847
2025-09-13 13:15:00;9.1144
2025-09-13 13:30:00;9.2690
2025-09-13 13:45:00;9.3578
2025-09-13 14:00:00;7.7967
2025-09-13 14:15:00;7.5009
2025-09-13 14:30:00;7.2571
2025-09-13 14:45:00;7.4647
2025-09-13 15:00:00;8.0294
2025-09-13 15:15:00;8.0458
2025-09-13 15:30:00;7.9828
2025-09-13 15:45:00;7.6905
2025-09-13 16:00:00;6.3133
2025-09-13 16:15:00;6.5222
2025-09-13 16:30:00;6.0395
2025-09-13 16:45:00;5.6846
2025-09-13 17:00:00;5.1131
2025-09-13 17:15:00;4.6997
2025-09-13 17:30:00;4.4113
2025-09-13 17:45:00;3.9409
2025-09-13 18:00:00;3.8211
2025-09-13 18:15:00;3.5141
2025-09-13 18:30:00;2.9199
2025-09-13 18:45:00;2.5358
2025-09-13 19:00:00;2.0280
2025-09-13 19:15:00;1.5092
2025-09-13 19:30:00;1.0309
2025-09-13 19:45:00;0.5271
2025-09-13 20:00:00;0.0000
2025-09-13 20:15:00;0.0000
2025-09-13 20:30:00;0.0000
2025-09-13 20:45:00;0.0000
2025-09-13 21:00:00;0.0000
2025-09-13 21:15:00;0.0000
2025-09-13 21:30:00;0.0000
2025-09-13 21:45:00;0.0000
2025-09-13 22:00:00;0.0000
2025-09-13 22:15:00;0.0000
2025-09-13 22:30:00;0.0000
2025-09-13 22:45:00;0.0000
2025-09-13 23:00:00;0.0000
2025-09-13 23:15:00;0.0000
2025-09-13 23:30:00;0.0000
2025-09-13 23:45:00;0.0000
2025-09-14 00:00:00;0.0000
2025-09-14 00:15:00;0.0000
2025-09-14 00:30:00;0.0000
2025-09-14 00:45:00;0.0000
2025-09-14 01:00:00;0.0000
2025-09-14 01:15:00;0.0000
2025-09-14 01:30:00;0.0000
2025-09-14 01:45:00;0.0000
2025-09-14 02:00:00;0.0000
2025-09-14 02:15:00;0.0000
2025-09-14 02:30:00;0.0000
2025-09-14 02:45:00;0.0000
2025-09-14 03:00:00;0.0000
2025-09-14 03:15:00;0.0000
2025-09-14 03:30:00;0.0000
2025-09-14 03:45:00;0.0000
2025-09-14 04:00:00;0.0000
2025-09-14 04:15:00;0.0000
2025-09-14 04:30:00;0.0000
2025-09-14 04:45:00;0.0000
2025-09-14 05:00:00;0.0000
2025-09-14 05:15:00;0.0000
2025-09-14 05:30:00;0.0000
2025-09-14 05:45:00;0.0000
2025-09-14 06:00:00;0.0000
2025-09-14 06:15:00;0.0000
2025-09-14 06:30:00;0.0000
2025-09-14 06:45:00;0.0000
2025-09-14 07:00:00;0.0000
2025-09-14 07:15:00;0.0000
2025-09-14 07:30:00;0.2300
2025-09-14 07:45:00;0.4628
2025-09-14 08:00:00;0.5734
2025-09-14 08:15:00;0.7905
2025-09-14 08:30:00;0.9670
2025-09-14 08:45:00;1.1867
2025-09-14 09:00:00;1.3246
2025-09-14 09:15:00;1.4346
2025-09-14 09:30:00;1.7912
2025-09-14 09:45:00;1.9317
2025-09-14 10:00:00;2.3157
2025-09-14 10:15:00;2.7176
2025-09-14 10:30:00;2.6876
2025-09-14 10:45:00;3.1048
2025-09-14 11:00:00;2.6168
2025-09-14 11:15:00;2.7802
2025-09-14 11:30:00;2.9908
2025-09-14 11:45:00;2.8829
2025-09-14 12:00:00;3.2353
2025-09-14 12:15:00;3.3832
2025-09-14 12:30:00;3.4237
2025-09-14 12:45:00;3.4477
2025-09-14 13:00:00;2.8677
2025-09-14 13:15:00;3.0056
2025-09-14 13:30:00;2.8880
2025-09-14 13:45:00;3.0083
2025-09-14 14:00:00;3.6972
2025-09-14 14:15:00;3.3664
2025-09-14 14:30:00;3.3700
2025-09-14 14:45:00;3.3445
2025-09-14 15:00:00;3.5310
2025-09-14 15:15:00;3.3008
2025-09-14 15:30:00;3.3157
2025-09-14 15:45:00;3.2967
2025-09-14 16:00:00;2.8373
2025-09-14 16:15:00;2.9624
2025-09-14 16:30:00;2.7719
2025-09-14 16:45:00;2.3877
2025-09-14 17:00:00;2.1613
2025-09-14 17:15:00;1.9800
2025-09-14 17:30:00;1.8439
2025-09-14 17:45:00;1.6216
2025-09-14 18:00:00;1.6085
2025-09-14 18:15:00;1.3700
2025-09-14 18:30:00;1.3156
2025-09-14 18:45:00;1.0599
2025-09-14 19:00:00;0.8075
2025-09-14 19:15:00;0.5971
2025-09-14 19:30:00;0.4138
2025-09-14 19:45:00;0.2042
2025-09-14 20:00:00;0.0000
2025-09-14 20:15:00;0.0000
2025-09-14 20:30:00;0.0000
2025-09-14 20:45:00;0.0000
2025-09-14 21:00:00;0.0000
2025-09-14 21:15:00;0.0000
2025-09-14 21:30:00;0.0000
2025-09-14 21:45:00;0.0000
2025-09-14 22:00:00;0.0000
2025-09-14 22:15:00;0.0000
2025-09-14 22:30:00;0.0000
2025-09-14 22:45:00;0.0000
2025-09-14 23:00:00;0.0000
2025-09-14 23:15:00;0.0000
2025-09-14 23:30:00;0.0000
2025-09-14 23:45:00;0.0000
2025-09-15 00:00:00;0.0000
2025-09-15 00:15:00;0.0000
2025-09-15 00:30:00;0.0000
2025-09-15 00:45:00;0.0000
2025-09-15 01:00:00;0.0000
2025-09-15 01:15:00;0.0000
2025-09-15 01:30:00;0.0000
2025-09-15 01:45:00;0.0000
2025-09-15 02:00:00;0.0000
2025-09-15 02:15:00;0.0000
2025-09-15 02:30:00;0.0000
2025-09-15 02:45:00;0.0000
2025-09-15 03:00:00;0.0000
2025-09-15 03:15:00;0.0000
2025-09-15 03:30:00;0.0000
2025-09-15 03:45:00;0.0000
2025-09-15 04:00:00;0.0000
2025-09-15 04:15:00;0.0000
2025-09-15 04:30:00;0.0000
2025-09-15 04:45:00;0.0000
2025-09-15 05:00:00;0.0000
2025-09-15 05:15:00;0.0000
2025-09-15 05:30:00;0.0000
2025-09-15 05:45:00;0.0000
2025-09-15 06:00:00;0.0000
2025-09-15 06:15:00;0.0000
2025-09-15 06:30:00;0.0000
2025-09-15 06:45:00;0.0000
2025-09-15 07:00:00;0.0000
2025-09-15 07:15:00;0.0000
2025-09-15 07:30:00;0.2181
2025-09-15 07:45:00;0.4235
2025-09-15 08:00:00;0.4806
2025-09-15 08:15:00;0.6961
2025-09-15 08:30:00;0.8596
2025-09-15 08:45:00;1.0509
2025-09-15 09:00:00;1.1971
2025-09-15 09:15:00;1.4379
2025-09-15 09:30:00;1.5743
2025-09-15 09:45:00;1.6795
2025-09-15 10:00:00;2.1442
2025-09-15 10:15:00;2.1629
2025-09-15 10:30:00;2.3545
2025-09-15 10:45:00;2.5898
2025-09-15 11:00:00;2.7573
2025-09-15 11:15:00;2.6905
2025-09-15 11:30:00;2.9109
2025-09-15 11:45:00;2.9153
2025-09-15 12:00:00;3.1121
2025-09-15 12:15:00;3.0927
2025-09-15 12:30:00;3.0771
2025-09-15 12:45:00;3.0583
2025-09-15 13:00:00;3.5149
2025-09-15 13:15:00;3.4385
2025-09-15 13:30:00;3.6399
2025-09-15 13:45:00;3.6597
2025-09-15 14:00:00;3.1102
2025-09-15 14:15:00;3.0911
2025-09-15 14:30:00;2.8567
2025-09-15 14:45:00;2.8648
2025-09-15 15:00:00;3.3496
2025-09-15 15:15:00;2.9925
2025-09-15 15:30:00;3.1244
2025-09-15 15:45:00;3.0725
2025-09-15 16:00:00;2.6740
2025-09-15 16:15:00;2.5420
2025-09-15 16:30:00;2.3517
2025-09-15 16:45:00;2.3626
2025-09-15 17:00:00;2.0273
2025-09-15 17:15:00;1.9117
2025-09-15 17:30:00;1.8250
2025-09-15 17:45:00;1.5748
2025-09-15 18:00:00;1.6736
2025-09-15 18:15:00;1.3466
2025-09-15 18:30:00;1.2748
2025-09-15 18:45:00;1.0400
2025-09-15 19:00:00;0.8555
2025-09-15 19:15:00;0.6446
2025-09-15 19:30:00;0.4170
2025-09-15 19:45:00;0.2125
2025-09-15 20:00:00;0.0000
2025-09-15 20:15:00;0.0000
2025-09-15 20:30:00;0.0000
2025-09-15 20:45:00;0.0000
2025-09-15 21:00:00;0.0000
2025-09-15 21:15:00;0.0000
2025-09-15 21:30:00;0.0000
2025-09-15 21:45:00;0.0000
2025-09-15 22:00:00;0.0000
2025-09-15 22:15:00;0.0000
2025-09-15 22:30:00;0.0000
2025-09-15 22:45:00;0.0000
2025-09-15 23:00:00;0.0000
2025-09-15 23:15:00;0.0000
2025-09-15 23:30:00;0.0000
2025-09-15 23:45:00;0.0000
2025-09-16 00:00:00;0.0000
2025-09-16 00:15:00;0.0000
2025-09-16 00:30:00;0.0000
2025-09-16 00:45:00;0.0000
2025-09-16 01:00:00;0.0000
2025-09-16 01:15:00;0.0000
2025-09-16 01:30:00;0.0000
2025-09-16 01:45:00;0.0000
2025-09-16 02:00:00;0.0000
2025-09-16 02:15:00;0.0000
2025-09-16 02:30:00;0.0000
2025-09-16 02:45:00;0.0000
2025-09-16 03:00:00;0.0000
2025-09-16 03:15:00;0.0000
2025-09-16 03:30:00;0.0000
2025-09-16 03:45:00;0.0000
2025-09-16 04:00:00;0.0000
2025-09-16 04:15:00;0.0000
2025-09-16 04:30:00;0.0000
2025-09-16 04:45:00;0.0000
2025-09-16 05:00:00;0.0000
2025-09-16 05:15:00;0.0000
2025-09-16 05:30:00;0.0000
2025-09-16 05:45:00;0.0000
2025-09-16 06:00:00;0.0000
2025-09-16 06:15:00;0.0000
2025-09-16 06:30:00;0.0000
2025-09-16 06:45:00;0.0000
2025-09-16 07:00:00;0.0000
2025-09-16 07:15:00;0.0000
2025-09-16 07:30:00;0.6676
2025-09-16 07:45:00;1.2724
2025-09-16 08:00:00;3.3108
2025-09-16 08:15:00;4.7083
2025-09-16 08:30:00;5.6021
2025-09-16 08:45:00;6.8029
2025-09-16 09:00:00;6.7947
2025-09-16 09:15:00;7.5289
2025-09-16 09:30:00;8.7543
2025-09-16 09:45:00;8.9434
2025-09-16 10:00:00;12.2613
2025-09-16 10:15:00;13.4686
2025-09-16 10:30:00;14.0150
2025-09-16 10:45:00;14.8692
2025-09-16 11:00:00;20.0724
2025-09-16 11:15:00;21.2142
2025-09-16 11:30:00;21.6264
2025-09-16 11:45:00;22.6088
2025-09-16 12:00:00;21.3736
2025-09-16 12:15:00;23.0116
2025-09-16 12:30:00;23.7023
2025-09-16 12:45:00;22.7667
2025-09-16 13:00:00;9.2235
2025-09-16 13:15:00;8.9331
2025-09-16 13:30:00;8.8980
2025-09-16 13:45:00;9.0864
2025-09-16 14:00:00;21.4437
2025-09-16 14:15:00;21.7490
2025-09-16 14:30:00;20.6212
2025-09-16 14:45:00;19.5592
2025-09-16 15:00:00;20.3352
2025-09-16 15:15:00;19.9768
2025-09-16 15:30:00;18.2951
2025-09-16 15:45:00;18.5143
2025-09-16 16:00:00;14.8533
2025-09-16 16:15:00;14.0261
2025-09-16 16:30:00;14.7147
2025-09-16 16:45:00;13.0096
2025-09-16 17:00:00;13.4348
2025-09-16 17:15:00;14.2896
2025-09-16 17:30:00;12.4430
2025-09-16 17:45:00;11.5585
2025-09-16 18:00:00;12.5817
2025-09-16 18:15:00;11.0772
2025-09-16 18:30:00;9.6138
2025-09-16 18:45:00;8.0899
2025-09-16 19:00:00;4.8713
2025-09-16 19:15:00;3.7811
2025-09-16 19:30:00;2.3690
2025-09-16 19:45:00;1.3739
2025-09-16 20:00:00;0.0000
2025-09-16 20:15:00;0.0000
2025-09-16 20:30:00;0.0000
2025-09-16 20:45:00;0.0000
2025-09-16 21:00:00;0.0000
2025-09-16 21:15:00;0.0000
2025-09-16 21:30:00;0.0000
2025-09-16 21:45:00;0.0000
2025-09-16 22:00:00;0.0000
2025-09-16 22:15:00;0.0000
2025-09-16 22:30:00;0.0000
2025-09-16 22:45:00;0.0000
2025-09-16 23:00:00;0.0000
2025-09-16 23:15:00;0.0000
2025-09-16 23:30:00;0.0000
2025-09-16 23:45:00;0.0000
2025-09-17 00:00:00;0.0000
2025-09-17 00:15:00;0.0000
2025-09-17 00:30:00;0.0000
2025-09-17 00:45:00;0.0000
2025-09-17 01:00:00;0.0000
2025-09-17 01:15:00;0.0000
2025-09-17 01:30:00;0.0000
2025-09-17 01:45:00;0.0000
2025-09-17 02:00:00;0.0000
2025-09-17 02:15:00;0.0000
2025-09-17 02:30:00;0.0000
2025-09-17 02:45:00;0.0000
2025-09-17 03:00:00;0.0000
2025-09-17 03:15:00;0.0000
2025-09-17 03:30:00;0.0000
2025-09-17 03:45:00;0.0000
2025-09-17 04:00:00;0.0000
2025-09-17 04:15:00;0.0000
2025-09-17 04:30:00;0.0000
2025-09-17 04:45:00;0.0000
2025-09-17 05:00:00;0.0000
2025-09-17 05:15:00;0.0000
2025-09-17 05:30:00;0.0000
2025-09-17 05:45:00;0.0000
2025-09-17 06:00:00;0.0000
2025-09-17 06:15:00;0.0000
2025-09-17 06:30:00;0.0000
2025-09-17 06:45:00;0.0000
2025-09-17 07:00:00;0.0000
2025-09-17 07:15:00;0.0000
2025-09-17 07:30:00;1.3451
2025-09-17 07:45:00;2.7637
2025-09-17 08:00:00;3.9792
2025-09-17 08:15:00;5.2078
2025-09-17 08:30:00;6.6906
2025-09-17 08:45:00;7.6595
2025-09-17 09:00:00;3.7124
2025-09-17 09:15:00;4.1037
2025-09-17 09:30:00;4.5232
2025-09-17 09:45:00;5.1462
2025-09-17 10:00:00;15.0458
2025-09-17 10:15:00;16.2402
2025-09-17 10:30:00;16.8564
2025-09-17 10:45:00;18.7755
2025-09-17 11:00:00;17.6174
2025-09-17 11:15:00;19.6490
2025-09-17 11:30:00;19.6485
2025-09-17 11:45:00;20.8006
2025-09-17 12:00:00;16.6189
2025-09-17 12:15:00;16.7573
2025-09-17 12:30:00;17.8028
2025-09-17 12:45:00;17.1412
2025-09-17 13:00:00;23.5850
2025-09-17 13:15:00;23.2325
2025-09-17 13:30:00;22.9745
2025-09-17 13:45:00;23.5520
2025-09-17 14:00:00;23.3651
2025-09-17 14:15:00;21.7789
2025-09-17 14:30:00;22.5734
2025-09-17 14:45:00;21.3485
2025-09-17 15:00:00;22.1030
2025-09-17 15:15:00;20.7432
2025-09-17 15:30:00;19.8748
2025-09-17 15:45:00;19.9535
2025-09-17 16:00:00;19.6853
2025-09-17 16:15:00;18.9761
2025-09-17 16:30:00;17.9734
2025-09-17 16:45:00;17.1285
2025-09-17 17:00:00;15.2045
2025-09-17 17:15:00;14.1793
2025-09-17 17:30:00;12.4225
2025-09-17 17:45:00;11.2075
2025-09-17 18:00:00;9.9114
2025-09-17 18:15:00;9.5003
2025-09-17 18:30:00;7.8134
2025-09-17 18:45:00;6.8050
2025-09-17 19:00:00;5.4305
2025-09-17 19:15:00;3.9709
2025-09-17 19:30:00;2.6757
2025-09-17 19:45:00;1.3705
2025-09-17 20:00:00;0.0000
2025-09-17 20:15:00;0.0000
2025-09-17 20:30:00;0.0000
2025-09-17 20:45:00;0.0000
2025-09-17 21:00:00;0.0000
2025-09-17 21:15:00;0.0000
2025-09-17 21:30:00;0.0000
2025-09-17 21:45:00;0.0000
2025-09-17 22:00:00;0.0000
2025-09-17 22:15:00;0.0000
2025-09-17 22:30:00;0.0000
2025-09-17 22:45:00;0.0000
2025-09-17 23:00:00;0.0000
2025-09-17 23:15:00;0.0000
2025-09-17 23:30:00;0.0000
2025-09-17 23:45:00;0.0000
2025-09-18 00:00:00;0.0000
2025-09-18 00:15:00;0.0000
2025-09-18 00:30:00;0.0000
2025-09-18 00:45:00;0.0000
2025-09-18 01:00:00;0.0000
2025-09-18 01:15:00;0.0000
2025-09-18 01:30:00;0.0000
2025-09-18 01:45:00;0.0000
2025-09-18 02:00:00;0.0000
2025-09-18 02:15:00;0.0000
2025-09-18 02:30:00;0.0000
2025-09-18 02:45:00;0.0000
2025-09-18 03:00:00;0.0000
2025-09-18 03:15:00;0.0000
2025-09-18 03:30:00;0.0000
2025-09-18 03:45:00;0.0000
2025-09-18 04:00:00;0.0000
2025-09-18 04:15:00;0.0000
2025-09-18 04:30:00;0.0000
2025-09-18 04:45:00;0.0000
2025-09-18 05:00:00;0.0000
2025-09-18 05:15:00;0.0000
2025-09-18 05:30:00;0.0000
2025-09-18 05:45:00;0.0000
2025-09-18 06:00:00;0.0000
2025-09-18 06:15:00;0.0000
2025-09-18 06:30:00;0.0000
2025-09-18 06:45:00;0.0000
2025-09-18 07:00:00;0.0000
2025-09-18 07:15:00;0.0000
2025-09-18 07:30:00;2.0962
2025-09-18 07:45:00;3.9736
2025-09-18 08:00:00;6.1165
2025-09-18 08:15:00;8.0182
2025-09-18 08:30:00;10.1783
2025-09-18 08:45:00;12.3810
2025-09-18 09:00:00;14.5945
2025-09-18 09:15:00;16.2946
2025-09-18 09:30:00;18.0292
2025-09-18 09:45:00;20.5982
2025-09-18 10:00:00;20.8595
2025-09-18 10:15:00;23.0863
2025-09-18 10:30:00;25.4326
2025-09-18 10:45:00;26.1099
2025-09-18 11:00:00;28.7764
2025-09-18 11:15:00;30.0203
2025-09-18 11:30:00;30.0921
2025-09-18 11:45:00;32.4574
2025-09-18 12:00:00;27.6202
2025-09-18 12:15:00;29.0586
2025-09-18 12:30:00;30.3522
2025-09-18 12:45:00;28.7663
2025-09-18 13:00:00;35.1189
2025-09-18 13:15:00;35.3630
2025-09-18 13:30:00;34.6300
2025-09-18 13:45:00;34.2271
2025-09-18 14:00:00;29.8455
2025-09-18 14:15:00;29.8806
2025-09-18 14:30:00;30.9707
2025-09-18 14:45:00;30.1086
2025-09-18 15:00:00;31.5740
2025-09-18 15:15:00;29.2584
2025-09-18 15:30:00;30.0086
2025-09-18 15:45:00;28.2376
2025-09-18 16:00:00;30.0336
2025-09-18 16:15:00;28.1052
2025-09-18 16:30:00;28.2200
2025-09-18 16:45:00;24.9966
2025-09-18 17:00:00;19.9044
2025-09-18 17:15:00;18.1836
2025-09-18 17:30:00;17.6819
2025-09-18 17:45:00;16.3099
2025-09-18 18:00:00;15.7417
2025-09-18 18:15:00;13.0192
2025-09-18 18:30:00;12.0357
2025-09-18 18:45:00;9.8399
2025-09-18 19:00:00;7.2011
2025-09-18 19:15:00;5.4375
2025-09-18 19:30:00;3.4777
2025-09-18 19:45:00;1.8149
2025-09-18 20:00:00;0.0000
2025-09-18 20:15:00;0.0000
2025-09-18 20:30:00;0.0000
2025-09-18 20:45:00;0.0000
2025-09-18 21:00:00;0.0000
2025-09-18 21:15:00;0.0000
2025-09-18 21:30:00;0.0000
2025-09-18 21:45:00;0.0000
2025-09-18 22:00:00;0.0000
2025-09-18 22:15:00;0.0000
2025-09-18 22:30:00;0.0000
2025-09-18 22:45:00;0.0000
2025-09-18 23:00:00;0.0000
2025-09-18 23:15:00;0.0000
2025-09-18 23:30:00;0.0000
2025-09-18 23:45:00;0.0000
2025-09-19 00:00:00;0.0000
2025-09-19 00:15:00;0.0000
2025-09-19 00:30:00;0.0000
2025-09-19 00:45:00;0.0000
2025-09-19 01:00:00;0.0000
2025-09-19 01:15:00;0.0000
2025-09-19 01:30:00;0.0000
2025-09-19 01:45:00;0.0000
2025-09-19 02:00:00;0.0000
2025-09-19 02:15:00;0.0000
2025-09-19 02:30:00;0.0000
2025-09-19 02:45:00;0.0000
2025-09-19 03:00:00;0.0000
2025-09-19 03:15:00;0.0000
2025-09-19 03:30:00;0.0000
2025-09-19 03:45:00;0.0000
2025-09-19 04:00:00;0.0000
2025-09-19 04:15:00;0.0000
2025-09-19 04:30:00;0.0000
2025-09-19 04:45:00;0.0000
2025-09-19 05:00:00;0.0000
2025-09-19 05:15:00;0.0000
2025-09-19 05:30:00;0.0000
2025-09-19 05:45:00;0.0000
2025-09-19 06:00:00;0.0000
2025-09-19 06:15:00;0.0000
2025-09-19 06:30:00;0.0000
2025-09-19 06:45:00;0.0000
2025-09-19 07:00:00;0.0000
2025-09-19 07:15:00;0.0000
2025-09-19 07:30:00;1.6072
2025-09-19 07:45:00;3.0281
2025-09-19 08:00:00;2.3117
2025-09-19 08:15:00;3.1465
2025-09-19 08:30:00;3.9481
2025-09-19 08:45:00;4.3377
2025-09-19 09:00:00;9.8015
2025-09-19 09:15:00;10.5521
2025-09-19 09:30:00;11.7263
2025-09-19 09:45:00;13.3375
2025-09-19 10:00:00;10.1529
2025-09-19 10:15:00;11.0775
2025-09-19 10:30:00;11.5913
2025-09-19 10:45:00;12.0826
2025-09-19 11:00:00;17.5745
2025-09-19 11:15:00;20.4917
2025-09-19 11:30:00;20.4058
2025-09-19 11:45:00;21.5197
2025-09-19 12:00:00;19.8495
2025-09-19 12:15:00;18.9739
2025-09-19 12:30:00;20.3299
2025-09-19 12:45:00;20.2841
2025-09-19 13:00:00;22.9518
2025-09-19 13:15:00;22.3935
2025-09-19 13:30:00;22.3177
2025-09-19 13:45:00;21.8959
2025-09-19 14:00:00;18.7359
2025-09-19 14:15:00;18.7627
2025-09-19 14:30:00;19.1311
2025-09-19 14:45:00;18.6309
2025-09-19 15:00:00;19.3156
2025-09-19 15:15:00;18.7121
2025-09-19 15:30:00;17.9700
2025-09-19 15:45:00;17.4912
2025-09-19 16:00:00;19.2309
2025-09-19 16:15:00;18.8866
2025-09-19 16:30:00;16.7643
2025-09-19 16:45:00;16.0651
2025-09-19 17:00:00;16.7610
2025-09-19 17:15:00;15.4599
2025-09-19 17:30:00;14.1337
2025-09-19 17:45:00;12.6582
2025-09-19 18:00:00;5.6785
2025-09-19 18:15:00;4.9941
2025-09-19 18:30:00;4.3507
2025-09-19 18:45:00;3.5492
2025-09-19 19:00:00;5.4096
2025-09-19 19:15:00;3.9079
2025-09-19 19:30:00;2.6030
2025-09-19 19:45:00;1.4102
2025-09-19 20:00:00;0.0000
2025-09-19 20:15:00;0.0000
2025-09-19 20:30:00;0.0000
2025-09-19 20:45:00;0.0000
2025-09-19 21:00:00;0.0000
2025-09-19 21:15:00;0.0000
2025-09-19 21:30:00;0.0000
2025-09-19 21:45:00;0.0000
2025-09-19 22:00:00;0.0000
2025-09-19 22:15:00;0.0000
2025-09-19 22:30:00;0.0000
2025-09-19 22:45:00;0.0000
2025-09-19 23:00:00;0.0000
2025-09-19 23:15:00;0.0000
2025-09-19 23:30:00;0.0000
2025-09-19 23:45:00;0.0000
2025-09-20 00:00:00;0.0000
2025-09-20 00:15:00;0.0000
2025-09-20 00:30:00;0.0000
2025-09-20 00:45:00;0.0000
2025-09-20 01:00:00;0.0000
2025-09-20 01:15:00;0.0000
2025-09-20 01:30:00;0.0000
2025-09-20 01:45:00;0.0000
2025-09-20 02:00:00;0.0000
2025-09-20 02:15:00;0.0000
2025-09-20 02:30:00;0.0000
2025-09-20 02:45:00;0.0000
2025-09-20 03:00:00;0.0000
2025-09-20 03:15:00;0.0000
2025-09-20 03:30:00;0.0000
2025-09-20 03:45:00;0.0000
2025-09-20 04:00:00;0.0000
2025-09-20 04:15:00;0.0000
2025-09-20 04:30:00;0.0000
2025-09-20 04:45:00;0.0000
2025-09-20 05:00:00;0.0000
2025-09-20 05:15:00;0.0000
2025-09-20 05:30:00;0.0000
2025-09-20 05:45:00;0.0000
2025-09-20 06:00:00;0.0000
2025-09-20 06:15:00;0.0000
2025-09-20 06:30:00;0.0000
2025-09-20 06:45:00;0.0000
2025-09-20 07:00:00;0.0000
2025-09-20 07:15:00;0.0000
2025-09-20 07:30:00;0.9868
2025-09-20 07:45:00;1.9773
2025-09-20 08:00:00;4.2380
2025-09-20 08:15:00;5.4453
2025-09-20 08:30:00;6.6177
2025-09-20 08:45:00;7.9178
2025-09-20 09:00:00;8.6901
2025-09-20 09:15:00;9.7835
2025-09-20 09:30:00;11.1979
2025-09-20 09:45:00;11.9365
2025-09-20 10:00:00;15.4463
2025-09-20 10:15:00;16.3032
2025-09-20 10:30:00;17.0471
2025-09-20 10:45:00;16.7007
2025-09-20 11:00:00;16.6891
2025-09-20 11:15:00;20.4415
2025-09-20 11:30:00;20.0785
2025-09-20 11:45:00;20.6684
2025-09-20 12:00:00;8.7595
2025-09-20 12:15:00;9.0289
2025-09-20 12:30:00;9.0089
2025-09-20 12:45:00;9.1504
2025-09-20 13:00:00;19.6529
2025-09-20 13:15:00;19.0537
2025-09-20 13:30:00;18.9096
2025-09-20 13:45:00;19.6406
2025-09-20 14:00:00;20.1077
2025-09-20 14:15:00;21.2356
2025-09-20 14:30:00;20.1037
2025-09-20 14:45:00;20.5700
2025-09-20 15:00:00;21.8898
2025-09-20 15:15:00;20.9688
2025-09-20 15:30:00;19.8173
2025-09-20 15:45:00;19.6338
2025-09-20 16:00:00;18.8636
2025-09-20 16:15:00;17.0894
2025-09-20 16:30:00;15.7218
2025-09-20 16:45:00;15.5492
2025-09-20 17:00:00;14.4587
2025-09-20 17:15:00;13.7570
2025-09-20 17:30:00;12.2655
2025-09-20 17:45:00;10.9613
2025-09-20 18:00:00;9.8548
2025-09-20 18:15:00;9.2455
2025-09-20 18:30:00;7.6228
2025-09-20 18:45:00;6.4734
2025-09-20 19:00:00;5.6857
2025-09-20 19:15:00;4.1351
2025-09-20 19:30:00;2.9441
2025-09-20 19:45:00;1.5037
2025-09-20 20:00:00;0.0000
2025-09-20 20:15:00;0.0000
2025-09-20 20:30:00;0.0000
2025-09-20 20:45:00;0.0000
2025-09-20 21:00:00;0.0000
2025-09-20 21:15:00;0.0000
2025-09-20 21:30:00;0.0000
2025-09-20 21:45:00;0.0000
2025-09-20 22:00:00;0.0000
2025-09-20 22:15:00;0.0000
2025-09-20 22:30:00;0.0000
2025-09-20 22:45:00;0.0000
2025-09-20 23:00:00;0.0000
2025-09-20 23:15:00;0.0000
2025-09-20 23:30:00;0.0000
2025-09-20 23:45:00;0.0000
2025-09-21 00:00:00;0.0000
2025-09-21 00:15:00;0.0000
2025-09-21 00:30:00;0.0000
2025-09-21 00:45:00;0.0000
2025-09-21 01:00:00;0.0000
2025-09-21 01:15:00;0.0000
2025-09-21 01:30:00;0.0000
2025-09-21 01:45:00;0.0000
2025-09-21 02:00:00;0.0000
2025-09-21 02:15:00;0.0000
2025-09-21 02:30:00;0.0000
2025-09-21 02:45:00;0.0000
2025-09-21 03:00:00;0.0000
2025-09-21 03:15:00;0.0000
2025-09-21 03:30:00;0.0000
2025-09-21 03:45:00;0.0000
2025-09-21 04:00:00;0.0000
2025-09-21 04:15:00;0.0000
2025-09-21 04:30:00;0.0000
2025-09-21 04:45:00;0.0000
2025-09-21 05:00:00;0.0000
2025-09-21 05:15:00;0.0000
2025-09-21 05:30:00;0.0000
2025-09-21 05:45:00;0.0000
2025-09-21 06:00:00;0.0000
2025-09-21 06:15:00;0.0000
2025-09-21 06:30:00;0.0000
2025-09-21 06:45:00;0.0000
2025-09-21 07:00:00;0.0000
2025-09-21 07:15:00;0.0000
2025-09-21 07:30:00;1.4589
2025-09-21 07:45:00;2.8547
2025-09-21 08:00:00;3.9707
2025-09-21 08:15:00;5.4227
2025-09-21 08:30:00;6.8818
2025-09-21 08:45:00;7.9439
2025-09-21 09:00:00;9.1518
2025-09-21 09:15:00;10.8209
2025-09-21 09:30:00;12.1336
2025-09-21 09:45:00;13.2890
2025-09-21 10:00:00;14.0881
2025-09-21 10:15:00;14.9581
2025-09-21 10:30:00;15.4360
2025-09-21 10:45:00;17.4643
2025-09-21 11:00:00;17.7091
2025-09-21 11:15:00;19.1833
2025-09-21 11:30:00;20.0005
2025-09-21 11:45:00;20.8032
2025-09-21 12:00:00;7.2306
2025-09-21 12:15:00;7.4413
2025-09-21 12:30:00;7.8187
2025-09-21 12:45:00;8.3209
2025-09-21 13:00:00;19.6585
2025-09-21 13:15:00;21.0184
2025-09-21 13:30:00;21.0680
2025-09-21 13:45:00;21.2312
2025-09-21 14:00:00;11.2974
2025-09-21 14:15:00;11.7391
2025-09-21 14:30:00;11.4449
2025-09-21 14:45:00;10.9534
2025-09-21 15:00:00;19.0767
2025-09-21 15:15:00;18.9432
2025-09-21 15:30:00;18.7766
2025-09-21 15:45:00;17.1353
2025-09-21 16:00:00;19.5330
2025-09-21 16:15:00;19.3746
2025-09-21 16:30:00;16.8633
2025-09-21 16:45:00;15.7550
2025-09-21 17:00:00;15.7572
2025-09-21 17:15:00;14.8474
2025-09-21 17:30:00;13.6348
2025-09-21 17:45:00;12.0904
2025-09-21 18:00:00;6.1201
2025-09-21 18:15:00;5.1810
2025-09-21 18:30:00;4.5862
2025-09-21 18:45:00;3.8578
2025-09-21 19:00:00;5.5214
2025-09-21 19:15:00;3.8660
2025-09-21 19:30:00;2.7270
2025-09-21 19:45:00;1.3287
2025-09-21 20:00:00;0.0000
2025-09-21 20:15:00;0.0000
2025-09-21 20:30:00;0.0000
2025-09-21 20:45:00;0.0000
2025-09-21 21:00:00;0.0000
2025-09-21 21:15:00;0.0000
2025-09-21 21:30:00;0.0000
2025-09-21 21:45:00;0.0000
2025-09-21 22:00:00;0.0000
2025-09-21 22:15:00;0.0000
2025-09-21 22:30:00;0.0000
2025-09-21 22:45:00;0.0000
2025-09-21 23:00:00;0.0000
2025-09-21 23:15:00;0.0000
2025-09-21 23:30:00;0.0000
2025-09-21 23:45:00;0.0000
2025-09-22 00:00:00;0.0000
2025-09-22 00:15:00;0.0000
2025-09-22 00:30:00;0.0000
2025-09-22 00:45:00;0.0000
2025-09-22 01:00:00;0.0000
2025-09-22 01:15:00;0.0000
2025-09-22 01:30:00;0.0000
2025-09-22 01:45:00;0.0000
2025-09-22 02:00:00;0.0000
2025-09-22 02:15:00;0.0000
2025-09-22 02:30:00;0.0000
2025-09-22 02:45:00;0.0000
2025-09-22 03:00:00;0.0000
2025-09-22 03:15:00;0.0000
2025-09-22 03:30:00;0.0000
2025-09-22 03:45:00;0.0000
2025-09-22 04:00:00;0.0000
2025-09-22 04:15:00;0.0000
2025-09-22 04:30:00;0.0000
2025-09-22 04:45:00;0.0000
2025-09-22 05:00:00;0.0000
2025-09-22 05:15:00;0.0000
2025-09-22 05:30:00;0.0000
2025-09-22 05:45:00;0.0000
2025-09-22 06:00:00;0.0000
2025-09-22 06:15:00;0.0000
2025-09-22 06:30:00;0.0000
2025-09-22 06:45:00;0.0000
2025-09-22 07:00:00;0.0000
2025-09-22 07:15:00;0.0000
2025-09-22 07:30:00;1.9415
2025-09-22 07:45:00;3.9868
2025-09-22 08:00:00;5.7348
2025-09-22 08:15:00;8.1128
2025-09-22 08:30:00;10.2243
2025-09-22 08:45:00;11.4756
2025-09-22 09:00:00;15.2842
2025-09-22 09:15:00;17.1854
2025-09-22 09:30:00;19.5869
2025-09-22 09:45:00;19.5188
2025-09-22 10:00:00;21.1704
2025-09-22 10:15:00;23.9132
2025-09-22 10:30:00;25.0709
2025-09-22 10:45:00;26.3147
2025-09-22 11:00:00;28.0069
2025-09-22 11:15:00;27.3784
2025-09-22 11:30:00;27.3212
2025-09-22 11:45:00;30.4916
2025-09-22 12:00:00;31.2055
2025-09-22 12:15:00;33.0629
2025-09-22 12:30:00;33.0631
2025-09-22 12:45:00;33.9220
2025-09-22 13:00:00;31.5775
2025-09-22 13:15:00;33.0087
2025-09-22 13:30:00;32.9701
2025-09-22 13:45:00;30.7633
2025-09-22 14:00:00;32.5215
2025-09-22 14:15:00;30.8132
2025-09-22 14:30:00;32.0250
2025-09-22 14:45:00;31.4238
2025-09-22 15:00:00;30.4061
2025-09-22 15:15:00;28.6532
2025-09-22 15:30:00;26.9290
2025-09-22 15:45:00;27.8790
2025-09-22 16:00:00;25.3192
2025-09-22 16:15:00;24.9621
2025-09-22 16:30:00;22.8611
2025-09-22 16:45:00;22.2182
2025-09-22 17:00:00;21.0849
2025-09-22 17:15:00;19.4395
2025-09-22 17:30:00;17.9617
2025-09-22 17:45:00;15.8684
2025-09-22 18:00:00;16.1286
2025-09-22 18:15:00;14.1680
2025-09-22 18:30:00;11.8024
2025-09-22 18:45:00;10.5163
2025-09-22 19:00:00;7.1684
2025-09-22 19:15:00;5.3647
2025-09-22 19:30:00;4.0154
2025-09-22 19:45:00;1.8473
2025-09-22 20:00:00;0.0000
2025-09-22 20:15:00;0.0000
2025-09-22 20:30:00;0.0000
2025-09-22 20:45:00;0.0000
2025-09-22 21:00:00;0.0000
2025-09-22 21:15:00;0.0000
2025-09-22 21:30:00;0.0000
2025-09-22 21:45:00;0.0000
2025-09-22 22:00:00;0.0000
2025-09-22 22:15:00;0.0000
2025-09-22 22:30:00;0.0000
2025-09-22 22:45:00;0.0000
2025-09-22 23:00:00;0.0000
2025-09-22 23:15:00;0.0000
2025-09-22 23:30:00;0.0000
2025-09-22 23:45:00;0.0000
2025-09-23 00:00:00;0.0000
2025-09-23 00:15:00;0.0000
2025-09-23 00:30:00;0.0000
2025-09-23 00:45:00;0.0000
2025-09-23 01:00:00;0.0000
2025-09-23 01:15:00;0.0000
2025-09-23 01:30:00;0.0000
2025-09-23 01:45:00;0.0000
2025-09-23 02:00:00;0.0000
2025-09-23 02:15:00;0.0000
2025-09-23 02:30:00;0.0000
2025-09-23 02:45:00;0.0000
2025-09-23 03:00:00;0.0000
2025-09-23 03:15:00;0.0000
2025-09-23 03:30:00;0.0000
2025-09-23 03:45:00;0.0000
2025-09-23 04:00:00;0.0000
2025-09-23 04:15:00;0.0000
2025-09-23 04:30:00;0.0000
2025-09-23 04:45:00;0.0000
2025-09-23 05:00:00;0.0000
2025-09-23 05:15:00;0.0000
2025-09-23 05:30:00;0.0000
2025-09-23 05:45:00;0.0000
2025-09-23 06:00:00;0.0000
2025-09-23 06:15:00;0.0000
2025-09-23 06:30:00;0.0000
2025-09-23 06:45:00;0.0000
2025-09-23 07:00:00;0.0000
2025-09-23 07:15:00;0.0000
2025-09-23 07:30:00;1.2630
2025-09-23 07:45:00;2.5551
2025-09-23 08:00:00;3.6037
2025-09-23 08:15:00;4.8122
2025-09-23 08:30:00;6.0662
2025-09-23 08:45:00;6.8559
2025-09-23 09:00:00;9.0006
2025-09-23 09:15:00;9.7092
2025-09-23 09:30:00;11.1992
2025-09-23 09:45:00;11.4537
2025-09-23 10:00:00;8.8454
2025-09-23 10:15:00;8.9133
2025-09-23 10:30:00;9.8764
2025-09-23 10:45:00;10.6659
2025-09-23 11:00:00;15.5278
2025-09-23 11:15:00;16.4260
2025-09-23 11:30:00;18.0721
2025-09-23 11:45:00;17.4336
2025-09-23 12:00:00;25.5478
2025-09-23 12:15:00;27.3541
2025-09-23 12:30:00;28.1975
2025-09-23 12:45:00;27.3701
2025-09-23 13:00:00;11.3485
2025-09-23 13:15:00;11.2367
2025-09-23 13:30:00;11.0871
2025-09-23 13:45:00;11.0256
2025-09-23 14:00:00;19.8960
2025-09-23 14:15:00;20.4780
2025-09-23 14:30:00;20.2213
2025-09-23 14:45:00;19.6562
2025-09-23 15:00:00;15.3466
2025-09-23 15:15:00;16.2911
2025-09-23 15:30:00;14.2921
2025-09-23 15:45:00;13.7042
2025-09-23 16:00:00;19.2727
2025-09-23 16:15:00;18.0486
2025-09-23 16:30:00;17.6081
2025-09-23 16:45:00;16.5088
2025-09-23 17:00:00;15.0724
2025-09-23 17:15:00;13.4804
2025-09-23 17:30:00;12.6262
2025-09-23 17:45:00;11.7090
2025-09-23 18:00:00;10.1803
2025-09-23 18:15:00;9.3115
2025-09-23 18:30:00;7.6421
2025-09-23 18:45:00;6.6116
2025-09-23 19:00:00;4.9783
2025-09-23 19:15:00;3.7528
2025-09-23 19:30:00;2.3357
2025-09-23 19:45:00;1.2008
2025-09-23 20:00:00;0.0000
2025-09-23 20:15:00;0.0000
2025-09-23 20:30:00;0.0000
2025-09-23 20:45:00;0.0000
2025-09-23 21:00:00;0.0000
2025-09-23 21:15:00;0.0000
2025-09-23 21:30:00;0.0000
2025-09-23 21:45:00;0.0000
2025-09-23 22:00:00;0.0000
2025-09-23 22:15:00;0.0000
2025-09-23 22:30:00;0.0000
2025-09-23 22:45:00;0.0000
2025-09-23 23:00:00;0.0000
2025-09-23 23:15:00;0.0000
2025-09-23 23:30:00;0.0000
2025-09-23 23:45:00;0.0000
2025-09-24 00:00:00;0.0000
2025-09-24 00:15:00;0.0000
2025-09-24 00:30:00;0.0000
2025-09-24 00:45:00;0.0000
2025-09-24 01:00:00;0.0000
2025-09-24 01:15:00;0.0000
2025-09-24 01:30:00;0.0000
2025-09-24 01:45:00;0.0000
2025-09-24 02:00:00;0.0000
2025-09-24 02:15:00;0.0000
2025-09-24 02:30:00;0.0000
2025-09-24 02:45:00;0.0000
2025-09-24 03:00:00;0.0000
2025-09-24 03:15:00;0.0000
2025-09-24 03:30:00;0.0000
2025-09-24 03:45:00;0.0000
2025-09-24 04:00:00;0.0000
2025-09-24 04:15:00;0.0000
2025-09-24 04:30:00;0.0000
2025-09-24 04:45:00;0.0000
2025-09-24 05:00:00;0.0000
2025-09-24 05:15:00;0.0000
2025-09-24 05:30:00;0.0000
2025-09-24 05:45:00;0.0000
2025-09-24 06:00:00;0.0000
2025-09-24 06:15:00;0.0000
2025-09-24 06:30:00;0.0000
2025-09-24 06:45:00;0.0000
2025-09-24 07:00:00;0.0000
2025-09-24 07:15:00;0.0000
2025-09-24 07:30:00;2.1521
2025-09-24 07:45:00;4.2662
2025-09-24 08:00:00;5.7008
2025-09-24 08:15:00;7.4475
2025-09-24 08:30:00;9.8267
2025-09-24 08:45:00;11.0728
2025-09-24 09:00:00;15.2122
2025-09-24 09:15:00;17.3535
2025-09-24 09:30:00;18.3355
2025-09-24 09:45:00;21.0547
2025-09-24 10:00:00;21.9592
2025-09-24 10:15:00;22.8713
2025-09-24 10:30:00;26.6427
2025-09-24 10:45:00;27.2831
2025-09-24 11:00:00;26.6491
2025-09-24 11:15:00;29.2280
2025-09-24 11:30:00;29.7136
2025-09-24 11:45:00;31.1570
2025-09-24 12:00:00;35.1421
2025-09-24 12:15:00;33.0739
2025-09-24 12:30:00;34.3805
2025-09-24 12:45:00;35.0871
2025-09-24 13:00:00;30.6266
2025-09-24 13:15:00;32.1610
2025-09-24 13:30:00;28.8629
2025-09-24 13:45:00;31.1024
2025-09-24 14:00:00;33.7764
2025-09-24 14:15:00;32.6127
2025-09-24 14:30:00;32.9769
2025-09-24 14:45:00;33.4104
2025-09-24 15:00:00;29.2576
2025-09-24 15:15:00;30.6425
2025-09-24 15:30:00;29.8123
2025-09-24 15:45:00;27.7920
2025-09-24 16:00:00;30.0948
2025-09-24 16:15:00;29.6516
2025-09-24 16:30:00;28.6148
2025-09-24 16:45:00;25.5473
2025-09-24 17:00:00;23.2284
2025-09-24 17:15:00;22.0436
2025-09-24 17:30:00;19.3984
2025-09-24 17:45:00;17.9671
2025-09-24 18:00:00;15.1688
2025-09-24 18:15:00;14.0483
2025-09-24 18:30:00;12.3718
2025-09-24 18:45:00;10.2406
2025-09-24 19:00:00;8.3768
2025-09-24 19:15:00;6.4466
2025-09-24 19:30:00;4.4597
2025-09-24 19:45:00;2.2768
2025-09-24 20:00:00;0.0000
2025-09-24 20:15:00;0.0000
2025-09-24 20:30:00;0.0000
2025-09-24 20:45:00;0.0000
2025-09-24 21:00:00;0.0000
2025-09-24 21:15:00;0.0000
2025-09-24 21:30:00;0.0000
2025-09-24 21:45:00;0.0000
2025-09-24 22:00:00;0.0000
2025-09-24 22:15:00;0.0000
2025-09-24 22:30:00;0.0000
2025-09-24 22:45:00;0.0000
2025-09-24 23:00:00;0.0000
2025-09-24 23:15:00;0.0000
2025-09-24 23:30:00;0.0000
2025-09-24 23:45:00;0.0000
2025-09-25 00:00:00;0.0000
2025-09-25 00:15:00;0.0000
2025-09-25 00:30:00;0.0000
2025-09-25 00:45:00;0.0000
2025-09-25 01:00:00;0.0000
2025-09-25 01:15:00;0.0000
2025-09-25 01:30:00;0.0000
2025-09-25 01:45:00;0.0000
2025-09-25 02:00:00;0.0000
2025-09-25 02:15:00;0.0000
2025-09-25 02:30:00;0.0000
2025-09-25 02:45:00;0.0000
2025-09-25 03:00:00;0.0000
2025-09-25 03:15:00;0.0000
2025-09-25 03:30:00;0.0000
2025-09-25 03:45:00;0.0000
2025-09-25 04:00:00;0.0000
2025-09-25 04:15:00;0.0000
2025-09-25 04:30:00;0.0000
2025-09-25 04:45:00;0.0000
2025-09-25 05:00:00;0.0000
2025-09-25 05:15:00;0.0000
2025-09-25 05:30:00;0.0000
2025-09-25 05:45:00;0.0000
2025-09-25 06:00:00;0.0000
2025-09-25 06:15:00;0.0000
2025-09-25 06:30:00;0.0000
2025-09-25 06:45:00;0.0000
2025-09-25 07:00:00;0.0000
2025-09-25 07:15:00;0.0000
2025-09-25 07:30:00;1.0652
2025-09-25 07:45:00;2.1751
2025-09-25 08:00:00;4.5814
2025-09-25 08:15:00;6.5688
2025-09-25 08:30:00;7.6635
2025-09-25 08:45:00;8.6543
2025-09-25 09:00:00;8.7870
2025-09-25 09:15:00;10.8450
2025-09-25 09:30:00;11.2064
2025-09-25 09:45:00;13.3065
2025-09-25 10:00:00;13.3801
2025-09-25 10:15:00;14.5380
2025-09-25 10:30:00;14.6677
2025-09-25 10:45:00;15.6479
2025-09-25 11:00:00;14.8590
2025-09-25 11:15:00;15.3039
2025-09-25 11:30:00;17.6661
2025-09-25 11:45:00;17.6706
2025-09-25 12:00:00;21.4238
2025-09-25 12:15:00;21.8172
2025-09-25 12:30:00;22.7518
2025-09-25 12:45:00;23.2184
2025-09-25 13:00:00;9.4010
2025-09-25 13:15:00;9.0773
2025-09-25 13:30:00;9.2675
2025-09-25 13:45:00;9.4852
2025-09-25 14:00:00;28.0667
2025-09-25 14:15:00;25.9695
2025-09-25 14:30:00;24.8874
2025-09-25 14:45:00;26.2329
2025-09-25 15:00:00;18.9177
2025-09-25 15:15:00;18.9809
2025-09-25 15:30:00;18.2942
2025-09-25 15:45:00;16.8306
2025-09-25 16:00:00;17.0611
2025-09-25 16:15:00;16.0096
2025-09-25 16:30:00;14.7608
2025-09-25 16:45:00;14.4084
2025-09-25 17:00:00;9.0020
2025-09-25 17:15:00;8.8694
2025-09-25 17:30:00;7.8698
2025-09-25 17:45:00;7.2930
2025-09-25 18:00:00;5.0380
2025-09-25 18:15:00;4.6325
2025-09-25 18:30:00;3.7132
2025-09-25 18:45:00;3.2145
2025-09-25 19:00:00;5.4223
2025-09-25 19:15:00;4.2483
2025-09-25 19:30:00;2.7450
2025-09-25 19:45:00;1.4695
2025-09-25 20:00:00;0.0000
2025-09-25 20:15:00;0.0000
2025-09-25 20:30:00;0.0000
2025-09-25 20:45:00;0.0000
2025-09-25 21:00:00;0.0000
2025-09-25 21:15:00;0.0000
2025-09-25 21:30:00;0.0000
2025-09-25 21:45:00;0.0000
2025-09-25 22:00:00;0.0000
2025-09-25 22:15:00;0.0000
2025-09-25 22:30:00;0.0000
2025-09-25 22:45:00;0.0000
2025-09-25 23:00:00;0.0000
2025-09-25 23:15:00;0.0000
2025-09-25 23:30:00;0.0000
2025-09-25 23:45:00;0.0000
2025-09-26 00:00:00;0.0000
2025-09-26 00:15:00;0.0000
2025-09-26 00:30:00;0.0000
2025-09-26 00:45:00;0.0000
2025-09-26 01:00:00;0.0000
2025-09-26 01:15:00;0.0000
2025-09-26 01:30:00;0.0000
2025-09-26 01:45:00;0.0000
2025-09-26 02:00:00;0.0000
2025-09-26 02:15:00;0.0000
2025-09-26 02:30:00;0.0000
2025-09-26 02:45:00;0.0000
2025-09-26 03:00:00;0.0000
2025-09-26 03:15:00;0.0000
2025-09-26 03:30:00;0.0000
2025-09-26 03:45:00;0.0000
2025-09-26 04:00:00;0.0000
2025-09-26 04:15:00;0.0000
2025-09-26 04:30:00;0.0000
2025-09-26 04:45:00;0.0000
2025-09-26 05:00:00;0.0000
2025-09-26 05:15:00;0.0000
2025-09-26 05:30:00;0.0000
2025-09-26 05:45:00;0.0000
2025-09-26 06:00:00;0.0000
2025-09-26 06:15:00;0.0000
2025-09-26 06:30:00;0.0000
2025-09-26 06:45:00;0.0000
2025-09-26 07:00:00;0.0000
2025-09-26 07:15:00;0.0000
2025-09-26 07:30:00;0.6757
2025-09-26 07:45:00;1.3399
2025-09-26 08:00:00;2.7299
2025-09-26 08:15:00;3.7510
2025-09-26 08:30:00;4.5578
2025-09-26 08:45:00;5.4163
2025-09-26 09:00:00;8.6066
2025-09-26 09:15:00;9.8395
2025-09-26 09:30:00;11.4212
2025-09-26 09:45:00;11.6068
2025-09-26 10:00:00;11.3804
2025-09-26 10:15:00;11.1632
2025-09-26 10:30:00;12.8160
2025-09-26 10:45:00;13.0717
2025-09-26 11:00:00;15.5773
2025-09-26 11:15:00;15.1611
2025-09-26 11:30:00;15.4676
2025-09-26 11:45:00;17.5729
2025-09-26 12:00:00;22.7512
2025-09-26 12:15:00;23.6603
2025-09-26 12:30:00;23.9371
2025-09-26 12:45:00;24.6901
2025-09-26 13:00:00;22.2599
2025-09-26 13:15:00;22.7090
2025-09-26 13:30:00;24.0147
2025-09-26 13:45:00;23.0029
2025-09-26 14:00:00;19.8419
2025-09-26 14:15:00;19.3538
2025-09-26 14:30:00;19.0349
2025-09-26 14:45:00;18.3466
2025-09-26 15:00:00;20.8319
2025-09-26 15:15:00;20.8198
2025-09-26 15:30:00;19.8107
2025-09-26 15:45:00;19.8624
2025-09-26 16:00:00;18.5615
2025-09-26 16:15:00;17.8164
2025-09-26 16:30:00;16.7579
2025-09-26 16:45:00;16.1630
2025-09-26 17:00:00;14.2573
2025-09-26 17:15:00;13.5791
2025-09-26 17:30:00;12.8862
2025-09-26 17:45:00;11.8703
2025-09-26 18:00:00;9.6669
2025-09-26 18:15:00;9.3456
2025-09-26 18:30:00;7.6074
2025-09-26 18:45:00;6.6891
2025-09-26 19:00:00;5.2221
2025-09-26 19:15:00;4.0538
2025-09-26 19:30:00;2.8344
2025-09-26 19:45:00;1.3321
2025-09-26 20:00:00;0.0000
2025-09-26 20:15:00;0.0000
2025-09-26 20:30:00;0.0000
2025-09-26 20:45:00;0.0000
2025-09-26 21:00:00;0.0000
2025-09-26 21:15:00;0.0000
2025-09-26 21:30:00;0.0000
2025-09-26 21:45:00;0.0000
2025-09-26 22:00:00;0.0000
2025-09-26 22:15:00;0.0000
2025-09-26 22:30:00;0.0000
2025-09-26 22:45:00;0.0000
2025-09-26 23:00:00;0.0000
2025-09-26 23:15:00;0.0000
2025-09-26 23:30:00;0.0000
2025-09-26 23:45:00;0.0000
2025-09-27 00:00:00;0.0000
2025-09-27 00:15:00;0.0000
2025-09-27 00:30:00;0.0000
2025-09-27 00:45:00;0.0000
2025-09-27 01:00:00;0.0000
2025-09-27 01:15:00;0.0000
2025-09-27 01:30:00;0.0000
2025-09-27 01:45:00;0.0000
2025-09-27 02:00:00;0.0000
2025-09-27 02:15:00;0.0000
2025-09-27 02:30:00;0.0000
2025-09-27 02:45:00;0.0000
2025-09-27 03:00:00;0.0000
2025-09-27 03:15:00;0.0000
2025-09-27 03:30:00;0.0000
2025-09-27 03:45:00;0.0000
2025-09-27 04:00:00;0.0000
2025-09-27 04:15:00;0.0000
2025-09-27 04:30:00;0.0000
2025-09-27 04:45:00;0.0000
2025-09-27 05:00:00;0.0000
2025-09-27 05:15:00;0.0000
2025-09-27 05:30:00;0.0000
2025-09-27 05:45:00;0.0000
2025-09-27 06:00:00;0.0000
2025-09-27 06:15:00;0.0000
2025-09-27 06:30:00;0.0000
2025-09-27 06:45:00;0.0000
2025-09-27 07:00:00;0.0000
2025-09-27 07:15:00;0.0000
2025-09-27 07:30:00;0.5273
2025-09-27 07:45:00;1.0179
2025-09-27 08:00:00;1.5463
2025-09-27 08:15:00;2.0429
2025-09-27 08:30:00;2.4855
2025-09-27 08:45:00;3.1242
2025-09-27 09:00:00;3.4284
2025-09-27 09:15:00;3.9233
2025-09-27 09:30:00;4.1729
2025-09-27 09:45:00;4.7293
2025-09-27 10:00:00;4.2265
2025-09-27 10:15:00;4.5665
2025-09-27 10:30:00;5.2115
2025-09-27 10:45:00;5.3465
2025-09-27 11:00:00;6.8137
2025-09-27 11:15:00;6.9778
2025-09-27 11:30:00;6.8026
2025-09-27 11:45:00;7.5247
2025-09-27 12:00:00;7.3152
2025-09-27 12:15:00;7.2869
2025-09-27 12:30:00;7.6613
2025-09-27 12:45:00;7.5319
2025-09-27 13:00:00;7.8680
2025-09-27 13:15:00;7.0157
2025-09-27 13:30:00;7.1696
2025-09-27 13:45:00;7.2278
2025-09-27 14:00:00;8.6102
2025-09-27 14:15:00;8.5872
2025-09-27 14:30:00;8.6969
2025-09-27 14:45:00;8.2686
2025-09-27 15:00:00;7.7154
2025-09-27 15:15:00;7.2254
2025-09-27 15:30:00;7.0490
2025-09-27 15:45:00;6.9133
2025-09-27 16:00:00;6.2104
2025-09-27 16:15:00;5.5888
2025-09-27 16:30:00;5.7024
2025-09-27 16:45:00;4.9925
2025-09-27 17:00:00;5.5193
2025-09-27 17:15:00;4.8948
2025-09-27 17:30:00;4.5235
2025-09-27 17:45:00;4.2117
2025-09-27 18:00:00;4.0090
2025-09-27 18:15:00;3.3400
2025-09-27 18:30:00;3.0068
2025-09-27 18:45:00;2.5583
2025-09-27 19:00:00;1.7722
2025-09-27 19:15:00;1.3970
2025-09-27 19:30:00;0.8788
2025-09-27 19:45:00;0.4529
2025-09-27 20:00:00;0.0000
2025-09-27 20:15:00;0.0000
2025-09-27 20:30:00;0.0000
2025-09-27 20:45:00;0.0000
2025-09-27 21:00:00;0.0000
2025-09-27 21:15:00;0.0000
2025-09-27 21:30:00;0.0000
2025-09-27 21:45:00;0.0000
2025-09-27 22:00:00;0.0000
2025-09-27 22:15:00;0.0000
2025-09-27 22:30:00;0.0000
2025-09-27 22:45:00;0.0000
2025-09-27 23:00:00;0.0000
2025-09-27 23:15:00;0.0000
2025-09-27 23:30:00;0.0000
2025-09-27 23:45:00;0.0000
2025-09-28 00:00:00;0.0000
2025-09-28 00:15:00;0.0000
2025-09-28 00:30:00;0.0000
2025-09-28 00:45:00;0.0000
2025-09-28 01:00:00;0.0000
2025-09-28 01:15:00;0.0000
2025-09-28 01:30:00;0.0000
2025-09-28 01:45:00;0.0000
2025-09-28 02:00:00;0.0000
2025-09-28 02:15:00;0.0000
2025-09-28 02:30:00;0.0000
2025-09-28 02:45:00;0.0000
2025-09-28 03:00:00;0.0000
2025-09-28 03:15:00;0.0000
2025-09-28 03:30:00;0.0000
2025-09-28 03:45:00;0.0000
2025-09-28 04:00:00;0.0000
2025-09-28 04:15:00;0.0000
2025-09-28 04:30:00;0.0000
2025-09-28 04:45:00;0.0000
2025-09-28 05:00:00;0.0000
2025-09-28 05:15:00;0.0000
2025-09-28 05:30:00;0.0000
2025-09-28 05:45:00;0.0000
2025-09-28 06:00:00;0.0000
2025-09-28 06:15:00;0.0000
2025-09-28 06:30:00;0.0000
2025-09-28 06:45:00;0.0000
2025-09-28 07:00:00;0.0000
2025-09-28 07:15:00;0.0000
2025-09-28 07:30:00;0.8351
2025-09-28 07:45:00;1.7553
2025-09-28 08:00:00;3.6607
2025-09-28 08:15:00;4.7012
2025-09-28 08:30:00;5.9704
2025-09-28 08:45:00;7.1289
2025-09-28 09:00:00;10.1559
2025-09-28 09:15:00;11.5267
2025-09-28 09:30:00;12.9672
2025-09-28 09:45:00;14.9136
2025-09-28 10:00:00;8.9624
2025-09-28 10:15:00;10.0615
2025-09-28 10:30:00;10.7175
2025-09-28 10:45:00;10.3591
2025-09-28 11:00:00;15.9339
2025-09-28 11:15:00;15.5756
2025-09-28 11:30:00;16.9461
2025-09-28 11:45:00;17.4374
2025-09-28 12:00:00;22.2631
2025-09-28 12:15:00;23.2958
2025-09-28 12:30:00;22.4625
2025-09-28 12:45:00;24.6520
2025-09-28 13:00:00;23.0980
2025-09-28 13:15:00;22.1676
2025-09-28 13:30:00;22.2588
2025-09-28 13:45:00;22.2971
2025-09-28 14:00:00;24.8616
2025-09-28 14:15:00;24.5454
2025-09-28 14:30:00;24.8845
2025-09-28 14:45:00;23.6672
2025-09-28 15:00:00;19.0358
2025-09-28 15:15:00;17.5555
2025-09-28 15:30:00;18.4807
2025-09-28 15:45:00;17.2496
2025-09-28 16:00:00;21.4265
2025-09-28 16:15:00;20.3471
2025-09-28 16:30:00;20.0419
2025-09-28 16:45:00;19.6244
2025-09-28 17:00:00;5.3050
2025-09-28 17:15:00;4.8062
2025-09-28 17:30:00;4.6600
2025-09-28 17:45:00;4.1432
2025-09-28 18:00:00;8.8181
2025-09-28 18:15:00;8.1823
2025-09-28 18:30:00;6.8890
2025-09-28 18:45:00;5.9564
2025-09-28 19:00:00;5.7346
2025-09-28 19:15:00;4.3637
2025-09-28 19:30:00;3.0618
2025-09-28 19:45:00;1.5314
2025-09-28 20:00:00;0.0000
2025-09-28 20:15:00;0.0000
2025-09-28 20:30:00;0.0000
2025-09-28 20:45:00;0.0000
2025-09-28 21:00:00;0.0000
2025-09-28 21:15:00;0.0000
2025-09-28 21:30:00;0.0000
2025-09-28 21:45:00;0.0000
2025-09-28 22:00:00;0.0000
2025-09-28 22:15:00;0.0000
2025-09-28 22:30:00;0.0000
2025-09-28 22:45:00;0.0000
2025-09-28 23:00:00;0.0000
2025-09-28 23:15:00;0.0000
2025-09-28 23:30:00;0.0000
2025-09-28 23:45:00;0.0000
2025-09-29 00:00:00;0.0000
2025-09-29 00:15:00;0.0000
2025-09-29 00:30:00;0.0000
2025-09-29 00:45:00;0.0000
2025-09-29 01:00:00;0.0000
2025-09-29 01:15:00;0.0000
2025-09-29 01:30:00;0.0000
2025-09-29 01:45:00;0.0000
2025-09-29 02:00:00;0.0000
2025-09-29 02:15:00;0.0000
2025-09-29 02:30:00;0.0000
2025-09-29 02:45:00;0.0000
2025-09-29 03:00:00;0.0000
2025-09-29 03:15:00;0.0000
2025-09-29 03:30:00;0.0000
2025-09-29 03:45:00;0.0000
2025-09-29 04:00:00;0.0000
2025-09-29 04:15:00;0.0000
2025-09-29 04:30:00;0.0000
2025-09-29 04:45:00;0.0000
2025-09-29 05:00:00;0.0000
2025-09-29 05:15:00;0.0000
2025-09-29 05:30:00;0.0000
2025-09-29 05:45:00;0.0000
2025-09-29 06:00:00;0.0000
2025-09-29 06:15:00;0.0000
2025-09-29 06:30:00;0.0000
2025-09-29 06:45:00;0.0000
2025-09-29 07:00:00;0.0000
2025-09-29 07:15:00;0.0000
2025-09-29 07:30:00;1.2688
2025-09-29 07:45:00;2.5580
2025-09-29 08:00:00;4.3241
2025-09-29 08:15:00;5.5663
2025-09-29 08:30:00;6.9391
2025-09-29 08:45:00;8.7071
2025-09-29 09:00:00;8.8002
2025-09-29 09:15:00;10.5128
2025-09-29 09:30:00;11.4914
2025-09-29 09:45:00;12.8354
2025-09-29 10:00:00;13.6808
2025-09-29 10:15:00;13.7493
2025-09-29 10:30:00;14.8399
2025-09-29 10:45:00;16.5514
2025-09-29 11:00:00;19.1936
2025-09-29 11:15:00;19.4205
2025-09-29 11:30:00;19.9453
2025-09-29 11:45:00;19.4556
2025-09-29 12:00:00;18.3392
2025-09-29 12:15:00;20.6606
2025-09-29 12:30:00;21.5917
2025-09-29 12:45:00;20.2659
2025-09-29 13:00:00;16.3604
2025-09-29 13:15:00;15.7031
2025-09-29 13:30:00;16.0542
2025-09-29 13:45:00;16.5166
2025-09-29 14:00:00;23.3592
2025-09-29 14:15:00;23.9717
2025-09-29 14:30:00;22.8148
2025-09-29 14:45:00;22.8304
2025-09-29 15:00:00;20.0501
2025-09-29 15:15:00;18.4224
2025-09-29 15:30:00;17.5167
2025-09-29 15:45:00;18.9469
2025-09-29 16:00:00;18.1665
2025-09-29 16:15:00;16.7158
2025-09-29 16:30:00;15.7362
2025-09-29 16:45:00;15.4631
2025-09-29 17:00:00;14.0653
2025-09-29 17:15:00;12.5711
2025-09-29 17:30:00;11.5651
2025-09-29 17:45:00;11.2140
2025-09-29 18:00:00;10.4046
2025-09-29 18:15:00;9.1662
2025-09-29 18:30:00;7.7142
2025-09-29 18:45:00;6.3468
2025-09-29 19:00:00;3.4664
2025-09-29 19:15:00;2.5610
2025-09-29 19:30:00;1.7854
2025-09-29 19:45:00;0.9092
2025-09-29 20:00:00;0.0000
2025-09-29 20:15:00;0.0000
2025-09-29 20:30:00;0.0000
2025-09-29 20:45:00;0.0000
2025-09-29 21:00:00;0.0000
2025-09-29 21:15:00;0.0000
2025-09-29 21:30:00;0.0000
2025-09-29 21:45:00;0.0000
2025-09-29 22:00:00;0.0000
2025-09-29 22:15:00;0.0000
2025-09-29 22:30:00;0.0000
2025-09-29 22:45:00;0.0000
2025-09-29 23:00:00;0.0000
2025-09-29 23:15:00;0.0000
2025-09-29 23:30:00;0.0000
2025-09-29 23:45:00;0.0000
2025-09-30 00:00:00;0.0000
2025-09-30 00:15:00;0.0000
2025-09-30 00:30:00;0.0000
2025-09-30 00:45:00;0.0000
2025-09-30 01:00:00;0.0000
2025-09-30 01:15:00;0.0000
2025-09-30 01:30:00;0.0000
2025-09-30 01:45:00;0.0000
2025-09-30 02:00:00;0.0000
2025-09-30 02:15:00;0.0000
2025-09-30 02:30:00;0.0000
2025-09-30 02:45:00;0.0000
2025-09-30 03:00:00;0.0000
2025-09-30 03:15:00;0.0000
2025-09-30 03:30:00;0.0000
2025-09-30 03:45:00;0.0000
2025-09-30 04:00:00;0.0000
2025-09-30 04:15:00;0.0000
2025-09-30 04:30:00;0.0000
2025-09-30 04:45:00;0.0000
2025-09-30 05:00:00;0.0000
2025-09-30 05:15:00;0.0000
2025-09-30 05:30:00;0.0000
2025-09-30 05:45:00;0.0000
2025-09-30 06:00:00;0.0000
2025-09-30 06:15:00;0.0000
2025-09-30 06:30:00;0.0000
2025-09-30 06:45:00;0.0000
2025-09-30 07:00:00;0.0000
2025-09-30 07:15:00;0.0000
2025-09-30 07:30:00;0.4729
2025-09-30 07:45:00;0.9732
2025-09-30 08:00:00;1.6162
2025-09-30 08:15:00;2.1750
2025-09-30 08:30:00;2.6187
2025-09-30 08:45:00;3.0881
2025-09-30 09:00:00;3.6373
2025-09-30 09:15:00;4.2790
2025-09-30 09:30:00;4.6357
2025-09-30 09:45:00;5.3399
2025-09-30 10:00:00;5.2408
2025-09-30 10:15:00;5.8997
2025-09-30 10:30:00;6.3304
2025-09-30 10:45:00;6.4954
2025-09-30 11:00:00;6.3074
2025-09-30 11:15:00;6.5127
2025-09-30 11:30:00;6.8283
2025-09-30 11:45:00;6.8605
2025-09-30 12:00:00;8.9507
2025-09-30 12:15:00;8.6891
2025-09-30 12:30:00;9.1778
2025-09-30 12:45:00;9.0553
2025-09-30 13:00:00;8.7888
2025-09-30 13:15:00;8.4848
2025-09-30 13:30:00;8.8746
2025-09-30 13:45:00;9.0131
2025-09-30 14:00:00;8.6489
2025-09-30 14:15:00;8.5221
2025-09-30 14:30:00;8.3693
2025-09-30 14:45:00;8.6077
2025-09-30 15:00:00;8.1957
2025-09-30 15:15:00;7.4311
2025-09-30 15:30:00;7.0772
2025-09-30 15:45:00;7.6907
2025-09-30 16:00:00;7.5589
2025-09-30 16:15:00;6.9783
2025-09-30 16:30:00;6.5221
2025-09-30 16:45:00;6.1961
2025-09-30 17:00:00;6.1171
2025-09-30 17:15:00;5.8696
2025-09-30 17:30:00;5.1708
2025-09-30 17:45:00;5.1382
2025-09-30 18:00:00;3.7026
2025-09-30 18:15:00;3.1620
2025-09-30 18:30:00;2.7950
2025-09-30 18:45:00;2.3276
2025-09-30 19:00:00;2.0679
2025-09-30 19:15:00;1.6795
2025-09-30 19:30:00;1.0195
2025-09-30 19:45:00;0.5308
2025-09-30 20:00:00;0.0000
2025-09-30 20:15:00;0.0000
2025-09-30 20:30:00;0.0000
2025-09-30 20:45:00;0.0000
2025-09-30 21:00:00;0.0000
2025-09-30 21:15:00;0.0000
2025-09-30 21:30:00;0.0000
2025-09-30 21:45:00;0.0000
2025-09-30 22:00:00;0.0000
2025-09-30 22:15:00;0.0000
2025-09-30 22:30:00;0.0000
2025-09-30 22:45:00;0.0000
2025-09-30 23:00:00;0.0000
2025-09-30 23:15:00;0.0000
2025-09-30 23:30:00;0.0000
2025-09-30 23:45:00;0.0000
2025-10-01 00:00:00;0.0000
2025-10-01 00:15:00;0.0000
2025-10-01 00:30:00;0.0000
2025-10-01 00:45:00;0.0000
2025-10-01 01:00:00;0.0000
2025-10-01 01:15:00;0.0000
2025-10-01 01:30:00;0.0000
2025-10-01 01:45:00;0.0000
2025-10-01 02:00:00;0.0000
2025-10-01 02:15:00;0.0000
2025-10-01 02:30:00;0.0000
2025-10-01 02:45:00;0.0000
2025-10-01 03:00:00;0.0000
2025-10-01 03:15:00;0.0000
2025-10-01 03:30:00;0.0000
2025-10-01 03:45:00;0.0000
2025-10-01 04:00:00;0.0000
2025-10-01 04:15:00;0.0000
2025-10-01 04:30:00;0.0000
2025-10-01 04:45:00;0.0000
2025-10-01 05:00:00;0.0000
2025-10-01 05:15:00;0.0000
2025-10-01 05:30:00;0.0000
2025-10-01 05:45:00;0.0000
2025-10-01 06:00:00;0.0000
2025-10-01 06:15:00;0.0000
2025-10-01 06:30:00;0.0000
2025-10-01 06:45:00;0.0000
2025-10-01 07:00:00;0.0000
2025-10-01 07:15:00;0.0000
2025-10-01 07:30:00;0.0000
2025-10-01 07:45:00;0.0000
2025-10-01 08:00:00;0.0000
2025-10-01 08:15:00;1.0399
2025-10-01 08:30:00;2.1820
2025-10-01 08:45:00;3.2350
2025-10-01 09:00:00;3.8346
2025-10-01 09:15:00;4.6270
2025-10-01 09:30:00;5.4729
2025-10-01 09:45:00;6.8198
2025-10-01 10:00:00;9.4418
2025-10-01 10:15:00;10.2736
2025-10-01 10:30:00;11.5573
2025-10-01 10:45:00;12.3858
2025-10-01 11:00:00;9.1888
2025-10-01 11:15:00;9.5541
2025-10-01 11:30:00;9.8880
2025-10-01 11:45:00;10.4867
2025-10-01 12:00:00;8.4506
2025-10-01 12:15:00;9.3977
2025-10-01 12:30:00;9.3628
2025-10-01 12:45:00;9.6650
2025-10-01 13:00:00;10.4012
2025-10-01 13:15:00;10.8055
2025-10-01 13:30:00;10.5471
2025-10-01 13:45:00;10.4829
2025-10-01 14:00:00;12.7024
2025-10-01 14:15:00;12.0987
2025-10-01 14:30:00;11.8662
2025-10-01 14:45:00;11.7716
2025-10-01 15:00:00;13.0747
2025-10-01 15:15:00;12.1209
2025-10-01 15:30:00;11.0879
2025-10-01 15:45:00;11.0757
2025-10-01 16:00:00;12.6119
2025-10-01 16:15:00;12.5205
2025-10-01 16:30:00;10.7270
2025-10-01 16:45:00;9.5454
2025-10-01 17:00:00;7.5669
2025-10-01 17:15:00;6.3926
2025-10-01 17:30:00;5.4731
2025-10-01 17:45:00;4.2015
2025-10-01 18:00:00;3.9116
2025-10-01 18:15:00;2.4598
2025-10-01 18:30:00;1.2670
2025-10-01 18:45:00;0.0000
2025-10-01 19:00:00;0.0000
2025-10-01 19:15:00;0.0000
2025-10-01 19:30:00;0.0000
2025-10-01 19:45:00;0.0000
2025-10-01 20:00:00;0.0000
2025-10-01 20:15:00;0.0000
2025-10-01 20:30:00;0.0000
2025-10-01 20:45:00;0.0000
2025-10-01 21:00:00;0.0000
2025-10-01 21:15:00;0.0000
2025-10-01 21:30:00;0.0000
2025-10-01 21:45:00;0.0000
2025-10-01 22:00:00;0.0000
2025-10-01 22:15:00;0.0000
2025-10-01 22:30:00;0.0000
2025-10-01 22:45:00;0.0000
2025-10-01 23:00:00;0.0000
2025-10-01 23:15:00;0.0000
2025-10-01 23:30:00;0.0000
2025-10-01 23:45:00;0.0000
2025-10-02 00:00:00;0.0000
2025-10-02 00:15:00;0.0000
2025-10-02 00:30:00;0.0000
2025-10-02 00:45:00;0.0000
2025-10-02 01:00:00;0.0000
2025-10-02 01:15:00;0.0000
2025-10-02 01:30:00;0.0000
2025-10-02 01:45:00;0.0000
2025-10-02 02:00:00;0.0000
2025-10-02 02:15:00;0.0000
2025-10-02 02:30:00;0.0000
2025-10-02 02:45:00;0.0000
2025-10-02 03:00:00;0.0000
2025-10-02 03:15:00;0.0000
2025-10-02 03:30:00;0.0000
2025-10-02 03:45:00;0.0000
2025-10-02 04:00:00;0.0000
2025-10-02 04:15:00;0.0000
2025-10-02 04:30:00;0.0000
2025-10-02 04:45:00;0.0000
2025-10-02 05:00:00;0.0000
2025-10-02 05:15:00;0.0000
2025-10-02 05:30:00;0.0000
2025-10-02 05:45:00;0.0000
2025-10-02 06:00:00;0.0000
2025-10-02 06:15:00;0.0000
2025-10-02 06:30:00;0.0000
2025-10-02 06:45:00;0.0000
2025-10-02 07:00:00;0.0000
2025-10-02 07:15:00;0.0000
2025-10-02 07:30:00;0.0000
2025-10-02 07:45:00;0.0000
2025-10-02 08:00:00;0.0000
2025-10-02 08:15:00;1.2283
2025-10-02 08:30:00;2.4568
2025-10-02 08:45:00;3.8565
2025-10-02 09:00:00;5.1941
2025-10-02 09:15:00;6.4903
2025-10-02 09:30:00;7.7839
2025-10-02 09:45:00;9.3636
2025-10-02 10:00:00;8.7270
2025-10-02 10:15:00;9.1804
2025-10-02 10:30:00;10.3009
2025-10-02 10:45:00;11.3663
2025-10-02 11:00:00;8.0138
2025-10-02 11:15:00;8.3671
2025-10-02 11:30:00;9.3872
2025-10-02 11:45:00;9.9755
2025-10-02 12:00:00;11.9094
2025-10-02 12:15:00;11.7727
2025-10-02 12:30:00;12.4672
2025-10-02 12:45:00;12.0975
2025-10-02 13:00:00;19.5723
2025-10-02 13:15:00;19.0028
2025-10-02 13:30:00;18.4788
2025-10-02 13:45:00;18.8917
2025-10-02 14:00:00;15.1131
2025-10-02 14:15:00;14.2647
2025-10-02 14:30:00;14.0276
2025-10-02 14:45:00;13.8214
2025-10-02 15:00:00;11.7111
2025-10-02 15:15:00;11.8366
2025-10-02 15:30:00;11.0638
2025-10-02 15:45:00;10.5466
2025-10-02 16:00:00;9.5265
2025-10-02 16:15:00;8.9251
2025-10-02 16:30:00;7.9667
2025-10-02 16:45:00;7.3342
2025-10-02 17:00:00;4.0987
2025-10-02 17:15:00;3.4021
2025-10-02 17:30:00;2.8012
2025-10-02 17:45:00;2.2507
2025-10-02 18:00:00;1.8326
2025-10-02 18:15:00;1.2546
2025-10-02 18:30:00;0.6052
2025-10-02 18:45:00;0.0000
2025-10-02 19:00:00;0.0000
2025-10-02 19:15:00;0.0000
2025-10-02 19:30:00;0.0000
2025-10-02 19:45:00;0.0000
2025-10-02 20:00:00;0.0000
2025-10-02 20:15:00;0.0000
2025-10-02 20:30:00;0.0000
2025-10-02 20:45:00;0.0000
2025-10-02 21:00:00;0.0000
2025-10-02 21:15:00;0.0000
2025-10-02 21:30:00;0.0000
2025-10-02 21:45:00;0.0000
2025-10-02 22:00:00;0.0000
2025-10-02 22:15:00;0.0000
2025-10-02 22:30:00;0.0000
2025-10-02 22:45:00;0.0000
2025-10-02 23:00:00;0.0000
2025-10-02 23:15:00;0.0000
2025-10-02 23:30:00;0.0000
2025-10-02 23:45:00;0.0000
2025-10-03 00:00:00;0.0000
2025-10-03 00:15:00;0.0000
2025-10-03 00:30:00;0.0000
2025-10-03 00:45:00;0.0000
2025-10-03 01:00:00;0.0000
2025-10-03 01:15:00;0.0000
2025-10-03 01:30:00;0.0000
2025-10-03 01:45:00;0.0000
2025-10-03 02:00:00;0.0000
2025-10-03 02:15:00;0.0000
2025-10-03 02:30:00;0.0000
2025-10-03 02:45:00;0.0000
2025-10-03 03:00:00;0.0000
2025-10-03 03:15:00;0.0000
2025-10-03 03:30:00;0.0000
2025-10-03 03:45:00;0.0000
2025-10-03 04:00:00;0.0000
2025-10-03 04:15:00;0.0000
2025-10-03 04:30:00;0.0000
2025-10-03 04:45:00;0.0000
2025-10-03 05:00:00;0.0000
2025-10-03 05:15:00;0.0000
2025-10-03 05:30:00;0.0000
2025-10-03 05:45:00;0.0000
2025-10-03 06:00:00;0.0000
2025-10-03 06:15:00;0.0000
2025-10-03 06:30:00;0.0000
2025-10-03 06:45:00;0.0000
2025-10-03 07:00:00;0.0000
2025-10-03 07:15:00;0.0000
2025-10-03 07:30:00;0.0000
2025-10-03 07:45:00;0.0000
2025-10-03 08:00:00;0.0000
2025-10-03 08:15:00;0.1475
2025-10-03 08:30:00;0.3034
2025-10-03 08:45:00;0.4778
2025-10-03 09:00:00;0.7217
2025-10-03 09:15:00;0.8607
2025-10-03 09:30:00;1.0740
2025-10-03 09:45:00;1.2610
2025-10-03 10:00:00;1.3990
2025-10-03 10:15:00;1.4994
2025-10-03 10:30:00;1.6872
2025-10-03 10:45:00;1.8255
2025-10-03 11:00:00;1.5014
2025-10-03 11:15:00;1.6429
2025-10-03 11:30:00;1.6018
2025-10-03 11:45:00;1.7361
2025-10-03 12:00:00;2.2369
2025-10-03 12:15:00;2.1245
2025-10-03 12:30:00;2.3481
2025-10-03 12:45:00;2.3536
2025-10-03 13:00:00;2.4715
2025-10-03 13:15:00;2.3832
2025-10-03 13:30:00;2.4267
2025-10-03 13:45:00;2.5083
2025-10-03 14:00:00;2.6149
2025-10-03 14:15:00;2.5598
2025-10-03 14:30:00;2.6739
2025-10-03 14:45:00;2.4334
2025-10-03 15:00:00;1.9928
2025-10-03 15:15:00;1.9007
2025-10-03 15:30:00;1.8116
2025-10-03 15:45:00;1.7060
2025-10-03 16:00:00;1.8012
2025-10-03 16:15:00;1.7302
2025-10-03 16:30:00;1.5727
2025-10-03 16:45:00;1.3769
2025-10-03 17:00:00;1.3082
2025-10-03 17:15:00;1.0036
2025-10-03 17:30:00;0.9138
2025-10-03 17:45:00;0.7348
2025-10-03 18:00:00;0.4374
2025-10-03 18:15:00;0.2860
2025-10-03 18:30:00;0.1449
2025-10-03 18:45:00;0.0000
2025-10-03 19:00:00;0.0000
2025-10-03 19:15:00;0.0000
2025-10-03 19:30:00;0.0000
2025-10-03 19:45:00;0.0000
2025-10-03 20:00:00;0.0000
2025-10-03 20:15:00;0.0000
2025-10-03 20:30:00;0.0000
2025-10-03 20:45:00;0.0000
2025-10-03 21:00:00;0.0000
2025-10-03 21:15:00;0.0000
2025-10-03 21:30:00;0.0000
2025-10-03 21:45:00;0.0000
2025-10-03 22:00:00;0.0000
2025-10-03 22:15:00;0.0000
2025-10-03 22:30:00;0.0000
2025-10-03 22:45:00;0.0000
2025-10-03 23:00:00;0.0000
2025-10-03 23:15:00;0.0000
2025-10-03 23:30:00;0.0000
2025-10-03 23:45:00;0.0000
2025-10-04 00:00:00;0.0000
2025-10-04 00:15:00;0.0000
2025-10-04 00:30:00;0.0000
2025-10-04 00:45:00;0.0000
2025-10-04 01:00:00;0.0000
2025-10-04 01:15:00;0.0000
2025-10-04 01:30:00;0.0000
2025-10-04 01:45:00;0.0000
2025-10-04 02:00:00;0.0000
2025-10-04 02:15:00;0.0000
2025-10-04 02:30:00;0.0000
2025-10-04 02:45:00;0.0000
2025-10-04 03:00:00;0.0000
2025-10-04 03:15:00;0.0000
2025-10-04 03:30:00;0.0000
2025-10-04 03:45:00;0.0000
2025-10-04 04:00:00;0.0000
2025-10-04 04:15:00;0.0000
2025-10-04 04:30:00;0.0000
2025-10-04 04:45:00;0.0000
2025-10-04 05:00:00;0.0000
2025-10-04 05:15:00;0.0000
2025-10-04 05:30:00;0.0000
2025-10-04 05:45:00;0.0000
2025-10-04 06:00:00;0.0000
2025-10-04 06:15:00;0.0000
2025-10-04 06:30:00;0.0000
2025-10-04 06:45:00;0.0000
2025-10-04 07:00:00;0.0000
2025-10-04 07:15:00;0.0000
2025-10-04 07:30:00;0.0000
2025-10-04 07:45:00;0.0000
2025-10-04 08:00:00;0.0000
2025-10-04 08:15:00;0.4977
2025-10-04 08:30:00;0.9743
2025-10-04 08:45:00;1.4613
2025-10-04 09:00:00;1.7006
2025-10-04 09:15:00;2.2037
2025-10-04 09:30:00;2.6471
2025-10-04 09:45:00;3.0290
2025-10-04 10:00:00;3.2921
2025-10-04 10:15:00;3.5823
2025-10-04 10:30:00;3.9737
2025-10-04 10:45:00;4.2404
2025-10-04 11:00:00;4.4855
2025-10-04 11:15:00;4.5966
2025-10-04 11:30:00;4.9604
2025-10-04 11:45:00;5.3196
2025-10-04 12:00:00;5.3211
2025-10-04 12:15:00;5.3574
2025-10-04 12:30:00;5.1939
2025-10-04 12:45:00;5.5401
2025-10-04 13:00:00;6.7898
2025-10-04 13:15:00;6.6163
2025-10-04 13:30:00;6.8073
2025-10-04 13:45:00;6.5411
2025-10-04 14:00:00;6.5027
2025-10-04 14:15:00;6.3348
2025-10-04 14:30:00;6.3846
2025-10-04 14:45:00;5.8446
2025-10-04 15:00:00;5.9542
2025-10-04 15:15:00;5.9507
2025-10-04 15:30:00;5.7074
2025-10-04 15:45:00;5.2495
2025-10-04 16:00:00;3.6010
2025-10-04 16:15:00;3.3842
2025-10-04 16:30:00;2.9951
2025-10-04 16:45:00;2.8388
2025-10-04 17:00:00;2.5937
2025-10-04 17:15:00;2.2400
2025-10-04 17:30:00;1.9456
2025-10-04 17:45:00;1.6002
2025-10-04 18:00:00;1.3686
2025-10-04 18:15:00;0.9159
2025-10-04 18:30:00;0.4533
2025-10-04 18:45:00;0.0000
2025-10-04 19:00:00;0.0000
2025-10-04 19:15:00;0.0000
2025-10-04 19:30:00;0.0000
2025-10-04 19:45:00;0.0000
2025-10-04 20:00:00;0.0000
2025-10-04 20:15:00;0.0000
2025-10-04 20:30:00;0.0000
2025-10-04 20:45:00;0.0000
2025-10-04 21:00:00;0.0000
2025-10-04 21:15:00;0.0000
2025-10-04 21:30:00;0.0000
2025-10-04 21:45:00;0.0000
2025-10-04 22:00:00;0.0000
2025-10-04 22:15:00;0.0000
2025-10-04 22:30:00;0.0000
2025-10-04 22:45:00;0.0000
2025-10-04 23:00:00;0.0000
2025-10-04 23:15:00;0.0000
2025-10-04 23:30:00;0.0000
2025-10-04 23:45:00;0.0000
2025-10-05 00:00:00;0.0000
2025-10-05 00:15:00;0.0000
2025-10-05 00:30:00;0.0000
2025-10-05 00:45:00;0.0000
2025-10-05 01:00:00;0.0000
2025-10-05 01:15:00;0.0000
2025-10-05 01:30:00;0.0000
2025-10-05 01:45:00;0.0000
2025-10-05 02:00:00;0.0000
2025-10-05 02:15:00;0.0000
2025-10-05 02:30:00;0.0000
2025-10-05 02:45:00;0.0000
2025-10-05 03:00:00;0.0000
2025-10-05 03:15:00;0.0000
2025-10-05 03:30:00;0.0000
2025-10-05 03:45:00;0.0000
2025-10-05 04:00:00;0.0000
2025-10-05 04:15:00;0.0000
2025-10-05 04:30:00;0.0000
2025-10-05 04:45:00;0.0000
2025-10-05 05:00:00;0.0000
2025-10-05 05:15:00;0.0000
2025-10-05 05:30:00;0.0000
2025-10-05 05:45:00;0.0000
2025-10-05 06:00:00;0.0000
2025-10-05 06:15:00;0.0000
2025-10-05 06:30:00;0.0000
2025-10-05 06:45:00;0.0000
2025-10-05 07:00:00;0.0000
2025-10-05 07:15:00;0.0000
2025-10-05 07:30:00;0.0000
2025-10-05 07:45:00;0.0000
2025-10-05 08:00:00;0.0000
2025-10-05 08:15:00;1.2310
2025-10-05 08:30:00;2.3923
2025-10-05 08:45:00;3.7580
2025-10-05 09:00:00;1.3773
2025-10-05 09:15:00;1.7428
2025-10-05 09:30:00;2.0256
2025-10-05 09:45:00;2.5254
2025-10-05 10:00:00;3.5520
2025-10-05 10:15:00;3.7439
2025-10-05 10:30:00;4.2105
2025-10-05 10:45:00;4.5518
2025-10-05 11:00:00;13.0390
2025-10-05 11:15:00;13.7016
2025-10-05 11:30:00;15.0659
2025-10-05 11:45:00;14.6388
2025-10-05 12:00:00;13.1731
2025-10-05 12:15:00;13.0793
2025-10-05 12:30:00;14.1527
2025-10-05 12:45:00;13.5104
2025-10-05 13:00:00;15.6037
2025-10-05 13:15:00;15.7148
2025-10-05 13:30:00;15.2226
2025-10-05 13:45:00;15.7944
2025-10-05 14:00:00;8.5567
2025-10-05 14:15:00;8.6879
2025-10-05 14:30:00;8.9697
2025-10-05 14:45:00;8.3673
2025-10-05 15:00:00;5.7803
2025-10-05 15:15:00;5.6089
2025-10-05 15:30:00;5.5082
2025-10-05 15:45:00;5.3671
2025-10-05 16:00:00;8.4631
2025-10-05 16:15:00;7.8784
2025-10-05 16:30:00;6.9656
2025-10-05 16:45:00;6.0995
2025-10-05 17:00:00;6.2789
2025-10-05 17:15:00;5.4472
2025-10-05 17:30:00;4.6355
2025-10-05 17:45:00;3.7432
2025-10-05 18:00:00;1.2810
2025-10-05 18:15:00;0.9468
2025-10-05 18:30:00;0.4827
2025-10-05 18:45:00;0.0000
2025-10-05 19:00:00;0.0000
2025-10-05 19:15:00;0.0000
2025-10-05 19:30:00;0.0000
2025-10-05 19:45:00;0.0000
2025-10-05 20:00:00;0.0000
2025-10-05 20:15:00;0.0000
2025-10-05 20:30:00;0.0000
2025-10-05 20:45:00;0.0000
2025-10-05 21:00:00;0.0000
2025-10-05 21:15:00;0.0000
2025-10-05 21:30:00;0.0000
2025-10-05 21:45:00;0.0000
2025-10-05 22:00:00;0.0000
2025-10-05 22:15:00;0.0000
2025-10-05 22:30:00;0.0000
2025-10-05 22:45:00;0.0000
2025-10-05 23:00:00;0.0000
2025-10-05 23:15:00;0.0000
2025-10-05 23:30:00;0.0000
2025-10-05 23:45:00;0.0000
2025-10-06 00:00:00;0.0000
2025-10-06 00:15:00;0.0000
2025-10-06 00:30:00;0.0000
2025-10-06 00:45:00;0.0000
2025-10-06 01:00:00;0.0000
2025-10-06 01:15:00;0.0000
2025-10-06 01:30:00;0.0000
2025-10-06 01:45:00;0.0000
2025-10-06 02:00:00;0.0000
2025-10-06 02:15:00;0.0000
2025-10-06 02:30:00;0.0000
2025-10-06 02:45:00;0.0000
2025-10-06 03:00:00;0.0000
2025-10-06 03:15:00;0.0000
2025-10-06 03:30:00;0.0000
2025-10-06 03:45:00;0.0000
2025-10-06 04:00:00;0.0000
2025-10-06 04:15:00;0.0000
2025-10-06 04:30:00;0.0000
2025-10-06 04:45:00;0.0000
2025-10-06 05:00:00;0.0000
2025-10-06 05:15:00;0.0000
2025-10-06 05:30:00;0.0000
2025-10-06 05:45:00;0.0000
2025-10-06 06:00:00;0.0000
2025-10-06 06:15:00;0.0000
2025-10-06 06:30:00;0.0000
2025-10-06 06:45:00;0.0000
2025-10-06 07:00:00;0.0000
2025-10-06 07:15:00;0.0000
2025-10-06 07:30:00;0.0000
2025-10-06 07:45:00;0.0000
2025-10-06 08:00:00;0.0000
2025-10-06 08:15:00;0.4036
2025-10-06 08:30:00;0.8539
2025-10-06 08:45:00;1.1892
2025-10-06 09:00:00;1.7951
2025-10-06 09:15:00;2.2239
2025-10-06 09:30:00;2.6144
2025-10-06 09:45:00;3.0159
2025-10-06 10:00:00;3.4597
2025-10-06 10:15:00;3.7168
2025-10-06 10:30:00;4.1617
2025-10-06 10:45:00;4.5736
2025-10-06 11:00:00;4.7140
2025-10-06 11:15:00;5.1644
2025-10-06 11:30:00;5.0444
2025-10-06 11:45:00;5.2551
2025-10-06 12:00:00;5.4796
2025-10-06 12:15:00;5.5969
2025-10-06 12:30:00;5.8049
2025-10-06 12:45:00;6.1705
2025-10-06 13:00:00;5.6186
2025-10-06 13:15:00;6.0122
2025-10-06 13:30:00;5.7031
2025-10-06 13:45:00;6.0164
2025-10-06 14:00:00;5.7177
2025-10-06 14:15:00;5.3709
2025-10-06 14:30:00;5.2807
2025-10-06 14:45:00;5.0645
2025-10-06 15:00:00;5.7735
2025-10-06 15:15:00;5.2361
2025-10-06 15:30:00;5.1725
2025-10-06 15:45:00;4.6943
2025-10-06 16:00:00;4.4150
2025-10-06 16:15:00;4.1103
2025-10-06 16:30:00;3.8066
2025-10-06 16:45:00;3.2824
2025-10-06 17:00:00;2.9108
2025-10-06 17:15:00;2.5494
2025-10-06 17:30:00;2.2688
2025-10-06 17:45:00;1.7692
2025-10-06 18:00:00;1.1258
2025-10-06 18:15:00;0.7367
2025-10-06 18:30:00;0.3366
2025-10-06 18:45:00;0.0000
2025-10-06 19:00:00;0.0000
2025-10-06 19:15:00;0.0000
2025-10-06 19:30:00;0.0000
2025-10-06 19:45:00;0.0000
2025-10-06 20:00:00;0.0000
2025-10-06 20:15:00;0.0000
2025-10-06 20:30:00;0.0000
2025-10-06 20:45:00;0.0000
2025-10-06 21:00:00;0.0000
2025-10-06 21:15:00;0.0000
2025-10-06 21:30:00;0.0000
2025-10-06 21:45:00;0.0000
2025-10-06 22:00:00;0.0000
2025-10-06 22:15:00;0.0000
2025-10-06 22:30:00;0.0000
2025-10-06 22:45:00;0.0000
2025-10-06 23:00:00;0.0000
2025-10-06 23:15:00;0.0000
2025-10-06 23:30:00;0.0000
2025-10-06 23:45:00;0.0000
2025-10-07 00:00:00;0.0000
2025-10-07 00:15:00;0.0000
2025-10-07 00:30:00;0.0000
2025-10-07 00:45:00;0.0000
2025-10-07 01:00:00;0.0000
2025-10-07 01:15:00;0.0000
2025-10-07 01:30:00;0.0000
2025-10-07 01:45:00;0.0000
2025-10-07 02:00:00;0.0000
2025-10-07 02:15:00;0.0000
2025-10-07 02:30:00;0.0000
2025-10-07 02:45:00;0.0000
2025-10-07 03:00:00;0.0000
2025-10-07 03:15:00;0.0000
2025-10-07 03:30:00;0.0000
2025-10-07 03:45:00;0.0000
2025-10-07 04:00:00;0.0000
2025-10-07 04:15:00;0.0000
2025-10-07 04:30:00;0.0000
2025-10-07 04:45:00;0.0000
2025-10-07 05:00:00;0.0000
2025-10-07 05:15:00;0.0000
2025-10-07 05:30:00;0.0000
2025-10-07 05:45:00;0.0000
2025-10-07 06:00:00;0.0000
2025-10-07 06:15:00;0.0000
2025-10-07 06:30:00;0.0000
2025-10-07 06:45:00;0.0000
2025-10-07 07:00:00;0.0000
2025-10-07 07:15:00;0.0000
2025-10-07 07:30:00;0.0000
2025-10-07 07:45:00;0.0000
2025-10-07 08:00:00;0.0000
2025-10-07 08:15:00;0.4668
2025-10-07 08:30:00;0.9452
2025-10-07 08:45:00;1.3759
2025-10-07 09:00:00;1.6189
2025-10-07 09:15:00;1.9118
2025-10-07 09:30:00;2.5106
2025-10-07 09:45:00;2.8328
2025-10-07 10:00:00;2.8575
2025-10-07 10:15:00;3.4800
2025-10-07 10:30:00;3.6850
2025-10-07 10:45:00;3.9646
2025-10-07 11:00:00;4.3759
2025-10-07 11:15:00;4.7426
2025-10-07 11:30:00;4.8567
2025-10-07 11:45:00;4.8699
2025-10-07 12:00:00;5.0543
2025-10-07 12:15:00;5.3617
2025-10-07 12:30:00;5.4513
2025-10-07 12:45:00;5.3052
2025-10-07 13:00:00;4.8367
2025-10-07 13:15:00;5.1159
2025-10-07 13:30:00;4.9258
2025-10-07 13:45:00;5.1406
2025-10-07 14:00:00;5.9841
2025-10-07 14:15:00;6.0384
2025-10-07 14:30:00;5.5711
2025-10-07 14:45:00;5.3765
2025-10-07 15:00:00;4.9312
2025-10-07 15:15:00;4.7701
2025-10-07 15:30:00;4.4477
2025-10-07 15:45:00;4.1281
2025-10-07 16:00:00;4.0113
2025-10-07 16:15:00;3.8464
2025-10-07 16:30:00;3.6373
2025-10-07 16:45:00;3.1700
2025-10-07 17:00:00;2.7410
2025-10-07 17:15:00;2.4203
2025-10-07 17:30:00;2.0482
2025-10-07 17:45:00;1.6440
2025-10-07 18:00:00;1.4382
2025-10-07 18:15:00;0.9028
2025-10-07 18:30:00;0.4731
2025-10-07 18:45:00;0.0000
2025-10-07 19:00:00;0.0000
2025-10-07 19:15:00;0.0000
2025-10-07 19:30:00;0.0000
2025-10-07 19:45:00;0.0000
2025-10-07 20:00:00;0.0000
2025-10-07 20:15:00;0.0000
2025-10-07 20:30:00;0.0000
2025-10-07 20:45:00;0.0000
2025-10-07 21:00:00;0.0000
2025-10-07 21:15:00;0.0000
2025-10-07 21:30:00;0.0000
2025-10-07 21:45:00;0.0000
2025-10-07 22:00:00;0.0000
2025-10-07 22:15:00;0.0000
2025-10-07 22:30:00;0.0000
2025-10-07 22:45:00;0.0000
2025-10-07 23:00:00;0.0000
2025-10-07 23:15:00;0.0000
2025-10-07 23:30:00;0.0000
2025-10-07 23:45:00;0.0000
2025-10-08 00:00:00;0.0000
2025-10-08 00:15:00;0.0000
2025-10-08 00:30:00;0.0000
2025-10-08 00:45:00;0.0000
2025-10-08 01:00:00;0.0000
2025-10-08 01:15:00;0.0000
2025-10-08 01:30:00;0.0000
2025-10-08 01:45:00;0.0000
2025-10-08 02:00:00;0.0000
2025-10-08 02:15:00;0.0000
2025-10-08 02:30:00;0.0000
2025-10-08 02:45:00;0.0000
2025-10-08 03:00:00;0.0000
2025-10-08 03:15:00;0.0000
2025-10-08 03:30:00;0.0000
2025-10-08 03:45:00;0.0000
2025-10-08 04:00:00;0.0000
2025-10-08 04:15:00;0.0000
2025-10-08 04:30:00;0.0000
2025-10-08 04:45:00;0.0000
2025-10-08 05:00:00;0.0000
2025-10-08 05:15:00;0.0000
2025-10-08 05:30:00;0.0000
2025-10-08 05:45:00;0.0000
2025-10-08 06:00:00;0.0000
2025-10-08 06:15:00;0.0000
2025-10-08 06:30:00;0.0000
2025-10-08 06:45:00;0.0000
2025-10-08 07:00:00;0.0000
2025-10-08 07:15:00;0.0000
2025-10-08 07:30:00;0.0000
2025-10-08 07:45:00;0.0000
2025-10-08 08:00:00;0.0000
2025-10-08 08:15:00;2.0065
2025-10-08 08:30:00;4.0445
2025-10-08 08:45:00;5.9155
2025-10-08 09:00:00;6.7994
2025-10-08 09:15:00;8.8506
2025-10-08 09:30:00;10.1221
2025-10-08 09:45:00;11.9711
2025-10-08 10:00:00;15.3699
2025-10-08 10:15:00;17.3863
2025-10-08 10:30:00;18.5171
2025-10-08 10:45:00;21.0084
2025-10-08 11:00:00;15.8674
2025-10-08 11:15:00;16.6865
2025-10-08 11:30:00;17.9038
2025-10-08 11:45:00;17.5664
2025-10-08 12:00:00;24.4225
2025-10-08 12:15:00;24.6159
2025-10-08 12:30:00;25.5774
2025-10-08 12:45:00;27.9919
2025-10-08 13:00:00;23.9305
2025-10-08 13:15:00;23.8146
2025-10-08 13:30:00;23.2306
2025-10-08 13:45:00;24.9574
2025-10-08 14:00:00;23.7959
2025-10-08 14:15:00;22.7964
2025-10-08 14:30:00;22.0082
2025-10-08 14:45:00;22.7393
2025-10-08 15:00:00;21.6050
2025-10-08 15:15:00;20.2437
2025-10-08 15:30:00;20.1530
2025-10-08 15:45:00;17.5871
2025-10-08 16:00:00;14.1237
2025-10-08 16:15:00;12.8883
2025-10-08 16:30:00;11.4823
2025-10-08 16:45:00;10.7354
2025-10-08 17:00:00;11.7738
2025-10-08 17:15:00;10.3424
2025-10-08 17:30:00;8.2109
2025-10-08 17:45:00;7.1996
2025-10-08 18:00:00;5.4737
2025-10-08 18:15:00;3.7666
2025-10-08 18:30:00;1.8263
2025-10-08 18:45:00;0.0000
2025-10-08 19:00:00;0.0000
2025-10-08 19:15:00;0.0000
2025-10-08 19:30:00;0.0000
2025-10-08 19:45:00;0.0000
2025-10-08 20:00:00;0.0000
2025-10-08 20:15:00;0.0000
2025-10-08 20:30:00;0.0000
2025-10-08 20:45:00;0.0000
2025-10-08 21:00:00;0.0000
2025-10-08 21:15:00;0.0000
2025-10-08 21:30:00;0.0000
2025-10-08 21:45:00;0.0000
2025-10-08 22:00:00;0.0000
2025-10-08 22:15:00;0.0000
2025-10-08 22:30:00;0.0000
2025-10-08 22:45:00;0.0000
2025-10-08 23:00:00;0.0000
2025-10-08 23:15:00;0.0000
2025-10-08 23:30:00;0.0000
2025-10-08 23:45:00;0.0000
2025-10-09 00:00:00;0.0000
2025-10-09 00:15:00;0.0000
2025-10-09 00:30:00;0.0000
2025-10-09 00:45:00;0.0000
2025-10-09 01:00:00;0.0000
2025-10-09 01:15:00;0.0000
2025-10-09 01:30:00;0.0000
2025-10-09 01:45:00;0.0000
2025-10-09 02:00:00;0.0000
2025-10-09 02:15:00;0.0000
2025-10-09 02:30:00;0.0000
2025-10-09 02:45:00;0.0000
2025-10-09 03:00:00;0.0000
2025-10-09 03:15:00;0.0000
2025-10-09 03:30:00;0.0000
2025-10-09 03:45:00;0.0000
2025-10-09 04:00:00;0.0000
2025-10-09 04:15:00;0.0000
2025-10-09 04:30:00;0.0000
2025-10-09 04:45:00;0.0000
2025-10-09 05:00:00;0.0000
2025-10-09 05:15:00;0.0000
2025-10-09 05:30:00;0.0000
2025-10-09 05:45:00;0.0000
2025-10-09 06:00:00;0.0000
2025-10-09 06:15:00;0.0000
2025-10-09 06:30:00;0.0000
2025-10-09 06:45:00;0.0000
2025-10-09 07:00:00;0.0000
2025-10-09 07:15:00;0.0000
2025-10-09 07:30:00;0.0000
2025-10-09 07:45:00;0.0000
2025-10-09 08:00:00;0.0000
2025-10-09 08:15:00;0.1577
2025-10-09 08:30:00;0.3302
2025-10-09 08:45:00;0.4774
2025-10-09 09:00:00;0.7299
2025-10-09 09:15:00;0.9584
2025-10-09 09:30:00;1.0770
2025-10-09 09:45:00;1.2684
2025-10-09 10:00:00;1.4060
2025-10-09 10:15:00;1.5575
2025-10-09 10:30:00;1.7372
2025-10-09 10:45:00;1.8205
2025-10-09 11:00:00;1.7319
2025-10-09 11:15:00;1.8209
2025-10-09 11:30:00;1.8701
2025-10-09 11:45:00;1.9718
2025-10-09 12:00:00;2.0529
2025-10-09 12:15:00;2.2802
2025-10-09 12:30:00;2.3290
2025-10-09 12:45:00;2.3563
2025-10-09 13:00:00;2.1013
2025-10-09 13:15:00;2.1813
2025-10-09 13:30:00;2.1031
2025-10-09 13:45:00;2.2027
2025-10-09 14:00:00;2.2661
2025-10-09 14:15:00;2.3123
2025-10-09 14:30:00;2.3570
2025-10-09 14:45:00;2.2106
2025-10-09 15:00:00;1.8339
2025-10-09 15:15:00;1.6548
2025-10-09 15:30:00;1.6347
2025-10-09 15:45:00;1.5852
2025-10-09 16:00:00;1.5673
2025-10-09 16:15:00;1.4136
2025-10-09 16:30:00;1.3244
2025-10-09 16:45:00;1.1953
2025-10-09 17:00:00;1.0056
2025-10-09 17:15:00;0.8623
2025-10-09 17:30:00;0.7337
2025-10-09 17:45:00;0.5767
2025-10-09 18:00:00;0.4890
2025-10-09 18:15:00;0.3478
2025-10-09 18:30:00;0.1660
2025-10-09 18:45:00;0.0000
2025-10-09 19:00:00;0.0000
2025-10-09 19:15:00;0.0000
2025-10-09 19:30:00;0.0000
2025-10-09 19:45:00;0.0000
2025-10-09 20:00:00;0.0000
2025-10-09 20:15:00;0.0000
2025-10-09 20:30:00;0.0000
2025-10-09 20:45:00;0.0000
2025-10-09 21:00:00;0.0000
2025-10-09 21:15:00;0.0000
2025-10-09 21:30:00;0.0000
2025-10-09 21:45:00;0.0000
2025-10-09 22:00:00;0.0000
2025-10-09 22:15:00;0.0000
2025-10-09 22:30:00;0.0000
2025-10-09 22:45:00;0.0000
2025-10-09 23:00:00;0.0000
2025-10-09 23:15:00;0.0000
2025-10-09 23:30:00;0.0000
2025-10-09 23:45:00;0.0000
2025-10-10 00:00:00;0.0000
2025-10-10 00:15:00;0.0000
2025-10-10 00:30:00;0.0000
2025-10-10 00:45:00;0.0000
2025-10-10 01:00:00;0.0000
2025-10-10 01:15:00;0.0000
2025-10-10 01:30:00;0.0000
2025-10-10 01:45:00;0.0000
2025-10-10 02:00:00;0.0000
2025-10-10 02:15:00;0.0000
2025-10-10 02:30:00;0.0000
2025-10-10 02:45:00;0.0000
2025-10-10 03:00:00;0.0000
2025-10-10 03:15:00;0.0000
2025-10-10 03:30:00;0.0000
2025-10-10 03:45:00;0.0000
2025-10-10 04:00:00;0.0000
2025-10-10 04:15:00;0.0000
2025-10-10 04:30:00;0.0000
2025-10-10 04:45:00;0.0000
2025-10-10 05:00:00;0.0000
2025-10-10 05:15:00;0.0000
2025-10-10 05:30:00;0.0000
2025-10-10 05:45:00;0.0000
2025-10-10 06:00:00;0.0000
2025-10-10 06:15:00;0.0000
2025-10-10 06:30:00;0.0000
2025-10-10 06:45:00;0.0000
2025-10-10 07:00:00;0.0000
2025-10-10 07:15:00;0.0000
2025-10-10 07:30:00;0.0000
2025-10-10 07:45:00;0.0000
2025-10-10 08:00:00;0.0000
2025-10-10 08:15:00;1.0593
2025-10-10 08:30:00;2.0930
2025-10-10 08:45:00;3.2545
2025-10-10 09:00:00;3.2316
2025-10-10 09:15:00;3.9362
2025-10-10 09:30:00;4.4214
2025-10-10 09:45:00;5.4307
2025-10-10 10:00:00;9.4390
2025-10-10 10:15:00;9.8329
2025-10-10 10:30:00;11.5275
2025-10-10 10:45:00;11.6680
2025-10-10 11:00:00;12.0564
2025-10-10 11:15:00;12.6980
2025-10-10 11:30:00;12.6410
2025-10-10 11:45:00;13.8784
2025-10-10 12:00:00;13.1992
2025-10-10 12:15:00;14.1810
2025-10-10 12:30:00;15.2082
2025-10-10 12:45:00;15.6806
2025-10-10 13:00:00;11.8610
2025-10-10 13:15:00;11.9089
2025-10-10 13:30:00;11.9120
2025-10-10 13:45:00;11.9312
2025-10-10 14:00:00;14.0320
2025-10-10 14:15:00;13.7062
2025-10-10 14:30:00;14.2933
2025-10-10 14:45:00;14.0353
2025-10-10 15:00:00;7.7845
2025-10-10 15:15:00;7.5816
2025-10-10 15:30:00;6.9952
2025-10-10 15:45:00;6.5500
2025-10-10 16:00:00;11.2799
2025-10-10 16:15:00;10.2490
2025-10-10 16:30:00;10.2853
2025-10-10 16:45:00;8.9573
2025-10-10 17:00:00;8.3614
2025-10-10 17:15:00;6.8153
2025-10-10 17:30:00;5.7651
2025-10-10 17:45:00;4.6704
2025-10-10 18:00:00;3.1845
2025-10-10 18:15:00;2.0824
2025-10-10 18:30:00;1.0913
2025-10-10 18:45:00;0.0000
2025-10-10 19:00:00;0.0000
2025-10-10 19:15:00;0.0000
2025-10-10 19:30:00;0.0000
2025-10-10 19:45:00;0.0000
2025-10-10 20:00:00;0.0000
2025-10-10 20:15:00;0.0000
2025-10-10 20:30:00;0.0000
2025-10-10 20:45:00;0.0000
2025-10-10 21:00:00;0.0000
2025-10-10 21:15:00;0.0000
2025-10-10 21:30:00;0.0000
2025-10-10 21:45:00;0.0000
2025-10-10 22:00:00;0.0000
2025-10-10 22:15:00;0.0000
2025-10-10 22:30:00;0.0000
2025-10-10 22:45:00;0.0000
2025-10-10 23:00:00;0.0000
2025-10-10 23:15:00;0.0000
2025-10-10 23:30:00;0.0000
2025-10-10 23:45:00;0.0000
2025-10-11 00:00:00;0.0000
2025-10-11 00:15:00;0.0000
2025-10-11 00:30:00;0.0000
2025-10-11 00:45:00;0.0000
2025-10-11 01:00:00;0.0000
2025-10-11 01:15:00;0.0000
2025-10-11 01:30:00;0.0000
2025-10-11 01:45:00;0.0000
2025-10-11 02:00:00;0.0000
2025-10-11 02:15:00;0.0000
2025-10-11 02:30:00;0.0000
2025-10-11 02:45:00;0.0000
2025-10-11 03:00:00;0.0000
2025-10-11 03:15:00;0.0000
2025-10-11 03:30:00;0.0000
2025-10-11 03:45:00;0.0000
2025-10-11 04:00:00;0.0000
2025-10-11 04:15:00;0.0000
2025-10-11 04:30:00;0.0000
2025-10-11 04:45:00;0.0000
2025-10-11 05:00:00;0.0000
2025-10-11 05:15:00;0.0000
2025-10-11 05:30:00;0.0000
2025-10-11 05:45:00;0.0000
2025-10-11 06:00:00;0.0000
2025-10-11 06:15:00;0.0000
2025-10-11 06:30:00;0.0000
2025-10-11 06:45:00;0.0000
2025-10-11 07:00:00;0.0000
2025-10-11 07:15:00;0.0000
2025-10-11 07:30:00;0.0000
2025-10-11 07:45:00;0.0000
2025-10-11 08:00:00;0.0000
2025-10-11 08:15:00;0.4117
2025-10-11 08:30:00;0.8105
2025-10-11 08:45:00;1.2360
2025-10-11 09:00:00;1.5404
2025-10-11 09:15:00;1.8842
2025-10-11 09:30:00;2.2286
2025-10-11 09:45:00;2.6820
2025-10-11 10:00:00;2.8554
2025-10-11 10:15:00;3.1686
2025-10-11 10:30:00;3.4819
2025-10-11 10:45:00;4.0639
2025-10-11 11:00:00;4.4105
2025-10-11 11:15:00;4.9632
2025-10-11 11:30:00;5.0867
2025-10-11 11:45:00;5.2134
2025-10-11 12:00:00;5.3039
2025-10-11 12:15:00;5.4221
2025-10-11 12:30:00;5.3664
2025-10-11 12:45:00;6.0253
2025-10-11 13:00:00;6.4677
2025-10-11 13:15:00;7.1366
2025-10-11 13:30:00;6.7568
2025-10-11 13:45:00;6.8588
2025-10-11 14:00:00;5.5294
2025-10-11 14:15:00;5.6049
2025-10-11 14:30:00;5.2879
2025-10-11 14:45:00;5.3702
2025-10-11 15:00:00;5.9456
2025-10-11 15:15:00;5.6079
2025-10-11 15:30:00;5.0602
2025-10-11 15:45:00;5.0267
2025-10-11 16:00:00;4.3613
2025-10-11 16:15:00;3.9725
2025-10-11 16:30:00;3.7661
2025-10-11 16:45:00;3.0384
2025-10-11 17:00:00;2.5600
2025-10-11 17:15:00;2.1213
2025-10-11 17:30:00;1.8216
2025-10-11 17:45:00;1.5499
2025-10-11 18:00:00;1.0795
2025-10-11 18:15:00;0.7843
2025-10-11 18:30:00;0.3735
2025-10-11 18:45:00;0.0000
2025-10-11 19:00:00;0.0000
2025-10-11 19:15:00;0.0000
2025-10-11 19:30:00;0.0000
2025-10-11 19:45:00;0.0000
2025-10-11 20:00:00;0.0000
2025-10-11 20:15:00;0.0000
2025-10-11 20:30:00;0.0000
2025-10-11 20:45:00;0.0000
2025-10-11 21:00:00;0.0000
2025-10-11 21:15:00;0.0000
2025-10-11 21:30:00;0.0000
2025-10-11 21:45:00;0.0000
2025-10-11 22:00:00;0.0000
2025-10-11 22:15:00;0.0000
2025-10-11 22:30:00;0.0000
2025-10-11 22:45:00;0.0000
2025-10-11 23:00:00;0.0000
2025-10-11 23:15:00;0.0000
2025-10-11 23:30:00;0.0000
2025-10-11 23:45:00;0.0000
2025-10-12 00:00:00;0.0000
2025-10-12 00:15:00;0.0000
2025-10-12 00:30:00;0.0000
2025-10-12 00:45:00;0.0000
2025-10-12 01:00:00;0.0000
2025-10-12 01:15:00;0.0000
2025-10-12 01:30:00;0.0000
2025-10-12 01:45:00;0.0000
2025-10-12 02:00:00;0.0000
2025-10-12 02:15:00;0.0000
2025-10-12 02:30:00;0.0000
2025-10-12 02:45:00;0.0000
2025-10-12 03:00:00;0.0000
2025-10-12 03:15:00;0.0000
2025-10-12 03:30:00;0.0000
2025-10-12 03:45:00;0.0000
2025-10-12 04:00:00;0.0000
2025-10-12 04:15:00;0.0000
2025-10-12 04:30:00;0.0000
2025-10-12 04:45:00;0.0000
2025-10-12 05:00:00;0.0000
2025-10-12 05:15:00;0.0000
2025-10-12 05:30:00;0.0000
2025-10-12 05:45:00;0.0000
2025-10-12 06:00:00;0.0000
2025-10-12 06:15:00;0.0000
2025-10-12 06:30:00;0.0000
2025-10-12 06:45:00;0.0000
2025-10-12 07:00:00;0.0000
2025-10-12 07:15:00;0.0000
2025-10-12 07:30:00;0.0000
2025-10-12 07:45:00;0.0000
2025-10-12 08:00:00;0.0000
2025-10-12 08:15:00;1.2362
2025-10-12 08:30:00;2.4921
2025-10-12 08:45:00;3.4241
2025-10-12 09:00:00;4.4201
2025-10-12 09:15:00;5.6212
2025-10-12 09:30:00;6.4619
2025-10-12 09:45:00;7.7267
2025-10-12 10:00:00;6.0588
2025-10-12 10:15:00;6.4902
2025-10-12 10:30:00;7.2961
2025-10-12 10:45:00;7.8424
2025-10-12 11:00:00;11.4098
2025-10-12 11:15:00;12.1733
2025-10-12 11:30:00;12.5744
2025-10-12 11:45:00;12.7829
2025-10-12 12:00:00;16.0247
2025-10-12 12:15:00;17.0427
2025-10-12 12:30:00;16.7578
2025-10-12 12:45:00;17.2993
2025-10-12 13:00:00;14.0254
2025-10-12 13:15:00;14.8087
2025-10-12 13:30:00;14.1362
2025-10-12 13:45:00;14.5101
2025-10-12 14:00:00;14.3820
2025-10-12 14:15:00;14.3853
2025-10-12 14:30:00;14.2076
2025-10-12 14:45:00;14.2316
2025-10-12 15:00:00;14.3112
2025-10-12 15:15:00;13.1822
2025-10-12 15:30:00;13.1644
2025-10-12 15:45:00;13.0084
2025-10-12 16:00:00;10.1020
2025-10-12 16:15:00;8.7925
2025-10-12 16:30:00;8.9103
2025-10-12 16:45:00;7.7173
2025-10-12 17:00:00;3.7560
2025-10-12 17:15:00;3.1764
2025-10-12 17:30:00;2.7355
2025-10-12 17:45:00;2.1228
2025-10-12 18:00:00;3.0638
2025-10-12 18:15:00;2.0985
2025-10-12 18:30:00;1.0513
2025-10-12 18:45:00;0.0000
2025-10-12 19:00:00;0.0000
2025-10-12 19:15:00;0.0000
2025-10-12 19:30:00;0.0000
2025-10-12 19:45:00;0.0000
2025-10-12 20:00:00;0.0000
2025-10-12 20:15:00;0.0000
2025-10-12 20:30:00;0.0000
2025-10-12 20:45:00;0.0000
2025-10-12 21:00:00;0.0000
2025-10-12 21:15:00;0.0000
2025-10-12 21:30:00;0.0000
2025-10-12 21:45:00;0.0000
2025-10-12 22:00:00;0.0000
2025-10-12 22:15:00;0.0000
2025-10-12 22:30:00;0.0000
2025-10-12 22:45:00;0.0000
2025-10-12 23:00:00;0.0000
2025-10-12 23:15:00;0.0000
2025-10-12 23:30:00;0.0000
2025-10-12 23:45:00;0.0000
2025-10-13 00:00:00;0.0000
2025-10-13 00:15:00;0.0000
2025-10-13 00:30:00;0.0000
2025-10-13 00:45:00;0.0000
2025-10-13 01:00:00;0.0000
2025-10-13 01:15:00;0.0000
2025-10-13 01:30:00;0.0000
2025-10-13 01:45:00;0.0000
2025-10-13 02:00:00;0.0000
2025-10-13 02:15:00;0.0000
2025-10-13 02:30:00;0.0000
2025-10-13 02:45:00;0.0000
2025-10-13 03:00:00;0.0000
2025-10-13 03:15:00;0.0000
2025-10-13 03:30:00;0.0000
2025-10-13 03:45:00;0.0000
2025-10-13 04:00:00;0.0000
2025-10-13 04:15:00;0.0000
2025-10-13 04:30:00;0.0000
2025-10-13 04:45:00;0.0000
2025-10-13 05:00:00;0.0000
2025-10-13 05:15:00;0.0000
2025-10-13 05:30:00;0.0000
2025-10-13 05:45:00;0.0000
2025-10-13 06:00:00;0.0000
2025-10-13 06:15:00;0.0000
2025-10-13 06:30:00;0.0000
2025-10-13 06:45:00;0.0000
2025-10-13 07:00:00;0.0000
2025-10-13 07:15:00;0.0000
2025-10-13 07:30:00;0.0000
2025-10-13 07:45:00;0.0000
2025-10-13 08:00:00;0.0000
2025-10-13 08:15:00;0.3988
2025-10-13 08:30:00;0.7529
2025-10-13 08:45:00;1.1193
2025-10-13 09:00:00;1.7222
2025-10-13 09:15:00;2.0885
2025-10-13 09:30:00;2.5369
2025-10-13 09:45:00;2.7781
2025-10-13 10:00:00;3.2765
2025-10-13 10:15:00;3.4084
2025-10-13 10:30:00;3.6180
2025-10-13 10:45:00;3.8596
2025-10-13 11:00:00;4.5324
2025-10-13 11:15:00;4.6023
2025-10-13 11:30:00;5.2737
2025-10-13 11:45:00;5.8306
2025-10-13 12:00:00;5.5031
2025-10-13 12:15:00;5.9425
2025-10-13 12:30:00;5.7012
2025-10-13 12:45:00;5.8659
2025-10-13 13:00:00;5.6186
2025-10-13 13:15:00;5.4076
2025-10-13 13:30:00;5.6222
2025-10-13 13:45:00;5.7338
2025-10-13 14:00:00;6.0804
2025-10-13 14:15:00;5.8918
2025-10-13 14:30:00;5.2358
2025-10-13 14:45:00;5.1807
2025-10-13 15:00:00;5.0555
2025-10-13 15:15:00;4.6451
2025-10-13 15:30:00;4.4417
2025-10-13 15:45:00;4.1069
2025-10-13 16:00:00;4.7699
2025-10-13 16:15:00;4.3506
2025-10-13 16:30:00;3.7638
2025-10-13 16:45:00;3.6174
2025-10-13 17:00:00;3.1520
2025-10-13 17:15:00;2.5813
2025-10-13 17:30:00;2.1305
2025-10-13 17:45:00;1.7689
2025-10-13 18:00:00;1.2043
2025-10-13 18:15:00;0.7689
2025-10-13 18:30:00;0.4031
2025-10-13 18:45:00;0.0000
2025-10-13 19:00:00;0.0000
2025-10-13 19:15:00;0.0000
2025-10-13 19:30:00;0.0000
2025-10-13 19:45:00;0.0000
2025-10-13 20:00:00;0.0000
2025-10-13 20:15:00;0.0000
2025-10-13 20:30:00;0.0000
2025-10-13 20:45:00;0.0000
2025-10-13 21:00:00;0.0000
2025-10-13 21:15:00;0.0000
2025-10-13 21:30:00;0.0000
2025-10-13 21:45:00;0.0000
2025-10-13 22:00:00;0.0000
2025-10-13 22:15:00;0.0000
2025-10-13 22:30:00;0.0000
2025-10-13 22:45:00;0.0000
2025-10-13 23:00:00;0.0000
2025-10-13 23:15:00;0.0000
2025-10-13 23:30:00;0.0000
2025-10-13 23:45:00;0.0000
2025-10-14 00:00:00;0.0000
2025-10-14 00:15:00;0.0000
2025-10-14 00:30:00;0.0000
2025-10-14 00:45:00;0.0000
2025-10-14 01:00:00;0.0000
2025-10-14 01:15:00;0.0000
2025-10-14 01:30:00;0.0000
2025-10-14 01:45:00;0.0000
2025-10-14 02:00:00;0.0000
2025-10-14 02:15:00;0.0000
2025-10-14 02:30:00;0.0000
2025-10-14 02:45:00;0.0000
2025-10-14 03:00:00;0.0000
2025-10-14 03:15:00;0.0000
2025-10-14 03:30:00;0.0000
2025-10-14 03:45:00;0.0000
2025-10-14 04:00:00;0.0000
2025-10-14 04:15:00;0.0000
2025-10-14 04:30:00;0.0000
2025-10-14 04:45:00;0.0000
2025-10-14 05:00:00;0.0000
2025-10-14 05:15:00;0.0000
2025-10-14 05:30:00;0.0000
2025-10-14 05:45:00;0.0000
2025-10-14 06:00:00;0.0000
2025-10-14 06:15:00;0.0000
2025-10-14 06:30:00;0.0000
2025-10-14 06:45:00;0.0000
2025-10-14 07:00:00;0.0000
2025-10-14 07:15:00;0.0000
2025-10-14 07:30:00;0.0000
2025-10-14 07:45:00;0.0000
2025-10-14 08:00:00;0.0000
2025-10-14 08:15:00;0.4272
2025-10-14 08:30:00;0.8689
2025-10-14 08:45:00;1.3488
2025-10-14 09:00:00;1.7098
2025-10-14 09:15:00;2.0940
2025-10-14 09:30:00;2.4209
2025-10-14 09:45:00;2.6752
2025-10-14 10:00:00;2.5287
2025-10-14 10:15:00;2.7918
2025-10-14 10:30:00;2.8658
2025-10-14 10:45:00;3.2175
2025-10-14 11:00:00;4.7350
2025-10-14 11:15:00;5.2704
2025-10-14 11:30:00;5.3722
2025-10-14 11:45:00;5.5386
2025-10-14 12:00:00;4.4509
2025-10-14 12:15:00;4.6388
2025-10-14 12:30:00;4.7274
2025-10-14 12:45:00;4.7289
2025-10-14 13:00:00;5.2834
2025-10-14 13:15:00;5.6250
2025-10-14 13:30:00;5.6555
2025-10-14 13:45:00;5.8339
2025-10-14 14:00:00;6.0658
2025-10-14 14:15:00;6.1295
2025-10-14 14:30:00;6.1651
2025-10-14 14:45:00;6.0499
2025-10-14 15:00:00;5.0474
2025-10-14 15:15:00;4.5549
2025-10-14 15:30:00;4.4091
2025-10-14 15:45:00;3.9722
2025-10-14 16:00:00;4.7149
2025-10-14 16:15:00;4.3529
2025-10-14 16:30:00;4.1782
2025-10-14 16:45:00;3.5395
2025-10-14 17:00:00;3.1632
2025-10-14 17:15:00;2.4930
2025-10-14 17:30:00;2.2167
2025-10-14 17:45:00;1.7166
2025-10-14 18:00:00;1.4122
2025-10-14 18:15:00;0.9572
2025-10-14 18:30:00;0.4625
2025-10-14 18:45:00;0.0000
2025-10-14 19:00:00;0.0000
2025-10-14 19:15:00;0.0000
2025-10-14 19:30:00;0.0000
2025-10-14 19:45:00;0.0000
2025-10-14 20:00:00;0.0000
2025-10-14 20:15:00;0.0000
2025-10-14 20:30:00;0.0000
2025-10-14 20:45:00;0.0000
2025-10-14 21:00:00;0.0000
2025-10-14 21:15:00;0.0000
2025-10-14 21:30:00;0.0000
2025-10-14 21:45:00;0.0000
2025-10-14 22:00:00;0.0000
2025-10-14 22:15:00;0.0000
2025-10-14 22:30:00;0.0000
2025-10-14 22:45:00;0.0000
2025-10-14 23:00:00;0.0000
2025-10-14 23:15:00;0.0000
2025-10-14 23:30:00;0.0000
2025-10-14 23:45:00;0.0000
2025-10-15 00:00:00;0.0000
2025-10-15 00:15:00;0.0000
2025-10-15 00:30:00;0.0000
2025-10-15 00:45:00;0.0000
2025-10-15 01:00:00;0.0000
2025-10-15 01:15:00;0.0000
2025-10-15 01:30:00;0.0000
2025-10-15 01:45:00;0.0000
2025-10-15 02:00:00;0.0000
2025-10-15 02:15:00;0.0000
2025-10-15 02:30:00;0.0000
2025-10-15 02:45:00;0.0000
2025-10-15 03:00:00;0.0000
2025-10-15 03:15:00;0.0000
2025-10-15 03:30:00;0.0000
2025-10-15 03:45:00;0.0000
2025-10-15 04:00:00;0.0000
2025-10-15 04:15:00;0.0000
2025-10-15 04:30:00;0.0000
2025-10-15 04:45:00;0.0000
2025-10-15 05:00:00;0.0000
2025-10-15 05:15:00;0.0000
2025-10-15 05:30:00;0.0000
2025-10-15 05:45:00;0.0000
2025-10-15 06:00:00;0.0000
2025-10-15 06:15:00;0.0000
2025-10-15 06:30:00;0.0000
2025-10-15 06:45:00;0.0000
2025-10-15 07:00:00;0.0000
2025-10-15 07:15:00;0.0000
2025-10-15 07:30:00;0.0000
2025-10-15 07:45:00;0.0000
2025-10-15 08:00:00;0.0000
2025-10-15 08:15:00;1.1489
2025-10-15 08:30:00;2.1542
2025-10-15 08:45:00;3.2692
2025-10-15 09:00:00;2.9344
2025-10-15 09:15:00;3.5116
2025-10-15 09:30:00;4.2447
2025-10-15 09:45:00;5.1848
2025-10-15 10:00:00;4.2622
2025-10-15 10:15:00;4.8311
2025-10-15 10:30:00;5.3465
2025-10-15 10:45:00;5.6042
2025-10-15 11:00:00;6.2378
2025-10-15 11:15:00;6.9991
2025-10-15 11:30:00;7.0724
2025-10-15 11:45:00;7.6018
2025-10-15 12:00:00;16.1444
2025-10-15 12:15:00;15.5596
2025-10-15 12:30:00;15.7866
2025-10-15 12:45:00;15.6521
2025-10-15 13:00:00;16.2845
2025-10-15 13:15:00;17.6373
2025-10-15 13:30:00;15.8314
2025-10-15 13:45:00;16.3129
2025-10-15 14:00:00;6.2551
2025-10-15 14:15:00;5.8630
2025-10-15 14:30:00;5.7131
2025-10-15 14:45:00;5.8378
2025-10-15 15:00:00;11.9518
2025-10-15 15:15:00;10.8328
2025-10-15 15:30:00;10.2930
2025-10-15 15:45:00;10.0557
2025-10-15 16:00:00;4.9352
2025-10-15 16:15:00;4.3537
2025-10-15 16:30:00;4.2245
2025-10-15 16:45:00;3.9686
2025-10-15 17:00:00;6.7037
2025-10-15 17:15:00;6.0698
2025-10-15 17:30:00;5.1342
2025-10-15 17:45:00;4.1102
2025-10-15 18:00:00;3.4060
2025-10-15 18:15:00;2.2863
2025-10-15 18:30:00;1.1328
2025-10-15 18:45:00;0.0000
2025-10-15 19:00:00;0.0000
2025-10-15 19:15:00;0.0000
2025-10-15 19:30:00;0.0000
2025-10-15 19:45:00;0.0000
2025-10-15 20:00:00;0.0000
2025-10-15 20:15:00;0.0000
2025-10-15 20:30:00;0.0000
2025-10-15 20:45:00;0.0000
2025-10-15 21:00:00;0.0000
2025-10-15 21:15:00;0.0000
2025-10-15 21:30:00;0.0000
2025-10-15 21:45:00;0.0000
2025-10-15 22:00:00;0.0000
2025-10-15 22:15:00;0.0000
2025-10-15 22:30:00;0.0000
2025-10-15 22:45:00;0.0000
2025-10-15 23:00:00;0.0000
2025-10-15 23:15:00;0.0000
2025-10-15 23:30:00;0.0000
2025-10-15 23:45:00;0.0000
2025-10-16 00:00:00;0.0000
2025-10-16 00:15:00;0.0000
2025-10-16 00:30:00;0.0000
2025-10-16 00:45:00;0.0000
2025-10-16 01:00:00;0.0000
2025-10-16 01:15:00;0.0000
2025-10-16 01:30:00;0.0000
2025-10-16 01:45:00;0.0000
2025-10-16 02:00:00;0.0000
2025-10-16 02:15:00;0.0000
2025-10-16 02:30:00;0.0000
2025-10-16 02:45:00;0.0000
2025-10-16 03:00:00;0.0000
2025-10-16 03:15:00;0.0000
2025-10-16 03:30:00;0.0000
2025-10-16 03:45:00;0.0000
2025-10-16 04:00:00;0.0000
2025-10-16 04:15:00;0.0000
2025-10-16 04:30:00;0.0000
2025-10-16 04:45:00;0.0000
2025-10-16 05:00:00;0.0000
2025-10-16 05:15:00;0.0000
2025-10-16 05:30:00;0.0000
2025-10-16 05:45:00;0.0000
2025-10-16 06:00:00;0.0000
2025-10-16 06:15:00;0.0000
2025-10-16 06:30:00;0.0000
2025-10-16 06:45:00;0.0000
2025-10-16 07:00:00;0.0000
2025-10-16 07:15:00;0.0000
2025-10-16 07:30:00;0.0000
2025-10-16 07:45:00;0.0000
2025-10-16 08:00:00;0.0000
2025-10-16 08:15:00;0.4110
2025-10-16 08:30:00;0.8657
2025-10-16 08:45:00;1.2319
2025-10-16 09:00:00;1.5531
2025-10-16 09:15:00;1.9475
2025-10-16 09:30:00;2.2727
2025-10-16 09:45:00;2.7942
2025-10-16 10:00:00;3.8295
2025-10-16 10:15:00;4.1549
2025-10-16 10:30:00;4.4093
2025-10-16 10:45:00;4.8808
2025-10-16 11:00:00;4.8419
2025-10-16 11:15:00;4.9259
2025-10-16 11:30:00;5.5293
2025-10-16 11:45:00;5.6599
2025-10-16 12:00:00;5.5100
2025-10-16 12:15:00;5.6952
2025-10-16 12:30:00;5.8008
2025-10-16 12:45:00;5.6544
2025-10-16 13:00:00;6.1497
2025-10-16 13:15:00;6.4475
2025-10-16 13:30:00;6.2449
2025-10-16 13:45:00;6.1881
2025-10-16 14:00:00;5.8281
2025-10-16 14:15:00;5.9482
2025-10-16 14:30:00;5.7487
2025-10-16 14:45:00;5.4287
2025-10-16 15:00:00;4.5684
2025-10-16 15:15:00;4.4776
2025-10-16 15:30:00;4.2458
2025-10-16 15:45:00;3.9563
2025-10-16 16:00:00;4.4713
2025-10-16 16:15:00;4.2090
2025-10-16 16:30:00;3.7463
2025-10-16 16:45:00;3.3850
2025-10-16 17:00:00;2.7065
2025-10-16 17:15:00;2.4340
2025-10-16 17:30:00;1.9859
2025-10-16 17:45:00;1.5645
2025-10-16 18:00:00;1.2998
2025-10-16 18:15:00;0.9209
2025-10-16 18:30:00;0.4988
2025-10-16 18:45:00;0.0000
2025-10-16 19:00:00;0.0000
2025-10-16 19:15:00;0.0000
2025-10-16 19:30:00;0.0000
2025-10-16 19:45:00;0.0000
2025-10-16 20:00:00;0.0000
2025-10-16 20:15:00;0.0000
2025-10-16 20:30:00;0.0000
2025-10-16 20:45:00;0.0000
2025-10-16 21:00:00;0.0000
2025-10-16 21:15:00;0.0000
2025-10-16 21:30:00;0.0000
2025-10-16 21:45:00;0.0000
2025-10-16 22:00:00;0.0000
2025-10-16 22:15:00;0.0000
2025-10-16 22:30:00;0.0000
2025-10-16 22:45:00;0.0000
2025-10-16 23:00:00;0.0000
2025-10-16 23:15:00;0.0000
2025-10-16 23:30:00;0.0000
2025-10-16 23:45:00;0.0000
2025-10-17 00:00:00;0.0000
2025-10-17 00:15:00;0.0000
2025-10-17 00:30:00;0.0000
2025-10-17 00:45:00;0.0000
2025-10-17 01:00:00;0.0000
2025-10-17 01:15:00;0.0000
2025-10-17 01:30:00;0.0000
2025-10-17 01:45:00;0.0000
2025-10-17 02:00:00;0.0000
2025-10-17 02:15:00;0.0000
2025-10-17 02:30:00;0.0000
2025-10-17 02:45:00;0.0000
2025-10-17 03:00:00;0.0000
2025-10-17 03:15:00;0.0000
2025-10-17 03:30:00;0.0000
2025-10-17 03:45:00;0.0000
2025-10-17 04:00:00;0.0000
2025-10-17 04:15:00;0.0000
2025-10-17 04:30:00;0.0000
2025-10-17 04:45:00;0.0000
2025-10-17 05:00:00;0.0000
2025-10-17 05:15:00;0.0000
2025-10-17 05:30:00;0.0000
2025-10-17 05:45:00;0.0000
2025-10-17 06:00:00;0.0000
2025-10-17 06:15:00;0.0000
2025-10-17 06:30:00;0.0000
2025-10-17 06:45:00;0.0000
2025-10-17 07:00:00;0.0000
2025-10-17 07:15:00;0.0000
2025-10-17 07:30:00;0.0000
2025-10-17 07:45:00;0.0000
2025-10-17 08:00:00;0.0000
2025-10-17 08:15:00;0.9373
2025-10-17 08:30:00;1.8470
2025-10-17 08:45:00;2.8440
2025-10-17 09:00:00;1.8666
2025-10-17 09:15:00;2.2053
2025-10-17 09:30:00;2.5797
2025-10-17 09:45:00;3.2821
2025-10-17 10:00:00;7.7946
2025-10-17 10:15:00;8.8314
2025-10-17 10:30:00;9.5055
2025-10-17 10:45:00;9.9016
2025-10-17 11:00:00;11.9026
2025-10-17 11:15:00;11.5397
2025-10-17 11:30:00;13.2712
2025-10-17 11:45:00;12.6563
2025-10-17 12:00:00;5.9053
2025-10-17 12:15:00;5.7015
2025-10-17 12:30:00;6.2879
2025-10-17 12:45:00;6.1179
2025-10-17 13:00:00;6.7100
2025-10-17 13:15:00;7.0756
2025-10-17 13:30:00;6.7048
2025-10-17 13:45:00;6.7285
2025-10-17 14:00:00;13.5616
2025-10-17 14:15:00;13.3436
2025-10-17 14:30:00;12.1618
2025-10-17 14:45:00;12.5859
2025-10-17 15:00:00;15.2089
2025-10-17 15:15:00;14.4402
2025-10-17 15:30:00;13.9107
2025-10-17 15:45:00;13.0466
2025-10-17 16:00:00;7.6410
2025-10-17 16:15:00;7.0906
2025-10-17 16:30:00;6.4292
2025-10-17 16:45:00;5.9811
2025-10-17 17:00:00;8.3384
2025-10-17 17:15:00;7.2088
2025-10-17 17:30:00;5.8976
2025-10-17 17:45:00;4.5559
2025-10-17 18:00:00;2.1958
2025-10-17 18:15:00;1.4123
2025-10-17 18:30:00;0.7416
2025-10-17 18:45:00;0.0000
2025-10-17 19:00:00;0.0000
2025-10-17 19:15:00;0.0000
2025-10-17 19:30:00;0.0000
2025-10-17 19:45:00;0.0000
2025-10-17 20:00:00;0.0000
2025-10-17 20:15:00;0.0000
2025-10-17 20:30:00;0.0000
2025-10-17 20:45:00;0.0000
2025-10-17 21:00:00;0.0000
2025-10-17 21:15:00;0.0000
2025-10-17 21:30:00;0.0000
2025-10-17 21:45:00;0.0000
2025-10-17 22:00:00;0.0000
2025-10-17 22:15:00;0.0000
2025-10-17 22:30:00;0.0000
2025-10-17 22:45:00;0.0000
2025-10-17 23:00:00;0.0000
2025-10-17 23:15:00;0.0000
2025-10-17 23:30:00;0.0000
2025-10-17 23:45:00;0.0000
2025-10-18 00:00:00;0.0000
2025-10-18 00:15:00;0.0000
2025-10-18 00:30:00;0.0000
2025-10-18 00:45:00;0.0000
2025-10-18 01:00:00;0.0000
2025-10-18 01:15:00;0.0000
2025-10-18 01:30:00;0.0000
2025-10-18 01:45:00;0.0000
2025-10-18 02:00:00;0.0000
2025-10-18 02:15:00;0.0000
2025-10-18 02:30:00;0.0000
2025-10-18 02:45:00;0.0000
2025-10-18 03:00:00;0.0000
2025-10-18 03:15:00;0.0000
2025-10-18 03:30:00;0.0000
2025-10-18 03:45:00;0.0000
2025-10-18 04:00:00;0.0000
2025-10-18 04:15:00;0.0000
2025-10-18 04:30:00;0.0000
2025-10-18 04:45:00;0.0000
2025-10-18 05:00:00;0.0000
2025-10-18 05:15:00;0.0000
2025-10-18 05:30:00;0.0000
2025-10-18 05:45:00;0.0000
2025-10-18 06:00:00;0.0000
2025-10-18 06:15:00;0.0000
2025-10-18 06:30:00;0.0000
2025-10-18 06:45:00;0.0000
2025-10-18 07:00:00;0.0000
2025-10-18 07:15:00;0.0000
2025-10-18 07:30:00;0.0000
2025-10-18 07:45:00;0.0000
2025-10-18 08:00:00;0.0000
2025-10-18 08:15:00;0.9135
2025-10-18 08:30:00;1.9760
2025-10-18 08:45:00;2.8940
2025-10-18 09:00:00;3.2122
2025-10-18 09:15:00;4.0776
2025-10-18 09:30:00;5.0016
2025-10-18 09:45:00;5.5864
2025-10-18 10:00:00;7.6270
2025-10-18 10:15:00;8.2410
2025-10-18 10:30:00;8.9044
2025-10-18 10:45:00;9.6129
2025-10-18 11:00:00;8.1404
2025-10-18 11:15:00;9.3868
2025-10-18 11:30:00;9.3421
2025-10-18 11:45:00;9.6762
2025-10-18 12:00:00;15.2470
2025-10-18 12:15:00;16.2808
2025-10-18 12:30:00;15.9035
2025-10-18 12:45:00;16.0675
2025-10-18 13:00:00;16.5278
2025-10-18 13:15:00;17.8499
2025-10-18 13:30:00;17.1527
2025-10-18 13:45:00;16.8912
2025-10-18 14:00:00;14.1755
2025-10-18 14:15:00;13.8761
2025-10-18 14:30:00;13.6000
2025-10-18 14:45:00;13.3130
2025-10-18 15:00:00;14.5029
2025-10-18 15:15:00;14.0359
2025-10-18 15:30:00;13.3139
2025-10-18 15:45:00;12.3428
2025-10-18 16:00:00;6.0539
2025-10-18 16:15:00;5.8028
2025-10-18 16:30:00;5.0904
2025-10-18 16:45:00;5.1218
2025-10-18 17:00:00;6.4510
2025-10-18 17:15:00;5.6935
2025-10-18 17:30:00;4.4016
2025-10-18 17:45:00;3.8553
2025-10-18 18:00:00;3.9355
2025-10-18 18:15:00;2.6625
2025-10-18 18:30:00;1.2801
2025-10-18 18:45:00;0.0000
2025-10-18 19:00:00;0.0000
2025-10-18 19:15:00;0.0000
2025-10-18 19:30:00;0.0000
2025-10-18 19:45:00;0.0000
2025-10-18 20:00:00;0.0000
2025-10-18 20:15:00;0.0000
2025-10-18 20:30:00;0.0000
2025-10-18 20:45:00;0.0000
2025-10-18 21:00:00;0.0000
2025-10-18 21:15:00;0.0000
2025-10-18 21:30:00;0.0000
2025-10-18 21:45:00;0.0000
2025-10-18 22:00:00;0.0000
2025-10-18 22:15:00;0.0000
2025-10-18 22:30:00;0.0000
2025-10-18 22:45:00;0.0000
2025-10-18 23:00:00;0.0000
2025-10-18 23:15:00;0.0000
2025-10-18 23:30:00;0.0000
2025-10-18 23:45:00;0.0000
2025-10-19 00:00:00;0.0000
2025-10-19 00:15:00;0.0000
2025-10-19 00:30:00;0.0000
2025-10-19 00:45:00;0.0000
2025-10-19 01:00:00;0.0000
2025-10-19 01:15:00;0.0000
2025-10-19 01:30:00;0.0000
2025-10-19 01:45:00;0.0000
2025-10-19 02:00:00;0.0000
2025-10-19 02:15:00;0.0000
2025-10-19 02:30:00;0.0000
2025-10-19 02:45:00;0.0000
2025-10-19 03:00:00;0.0000
2025-10-19 03:15:00;0.0000
2025-10-19 03:30:00;0.0000
2025-10-19 03:45:00;0.0000
2025-10-19 04:00:00;0.0000
2025-10-19 04:15:00;0.0000
2025-10-19 04:30:00;0.0000
2025-10-19 04:45:00;0.0000
2025-10-19 05:00:00;0.0000
2025-10-19 05:15:00;0.0000
2025-10-19 05:30:00;0.0000
2025-10-19 05:45:00;0.0000
2025-10-19 06:00:00;0.0000
2025-10-19 06:15:00;0.0000
2025-10-19 06:30:00;0.0000
2025-10-19 06:45:00;0.0000
2025-10-19 07:00:00;0.0000
2025-10-19 07:15:00;0.0000
2025-10-19 07:30:00;0.0000
2025-10-19 07:45:00;0.0000
2025-10-19 08:00:00;0.0000
2025-10-19 08:15:00;0.4265
2025-10-19 08:30:00;0.8769
2025-10-19 08:45:00;1.3238
2025-10-19 09:00:00;1.6654
2025-10-19 09:15:00;2.1344
2025-10-19 09:30:00;2.4717
2025-10-19 09:45:00;2.9028
2025-10-19 10:00:00;3.4764
2025-10-19 10:15:00;3.9625
2025-10-19 10:30:00;4.1932
2025-10-19 10:45:00;4.4918
2025-10-19 11:00:00;4.5570
2025-10-19 11:15:00;4.9450
2025-10-19 11:30:00;5.0808
2025-10-19 11:45:00;5.0374
2025-10-19 12:00:00;5.1638
2025-10-19 12:15:00;5.1710
2025-10-19 12:30:00;5.3721
2025-10-19 12:45:00;5.1234
2025-10-19 13:00:00;5.5500
2025-10-19 13:15:00;5.7770
2025-10-19 13:30:00;5.3045
2025-10-19 13:45:00;5.7371
2025-10-19 14:00:00;5.5289
2025-10-19 14:15:00;5.1654
2025-10-19 14:30:00;5.3422
2025-10-19 14:45:00;5.2062
2025-10-19 15:00:00;5.4629
2025-10-19 15:15:00;5.2442
2025-10-19 15:30:00;4.9972
2025-10-19 15:45:00;4.5965
2025-10-19 16:00:00;3.7646
2025-10-19 16:15:00;3.6212
2025-10-19 16:30:00;3.3155
2025-10-19 16:45:00;3.0906
2025-10-19 17:00:00;2.6582
2025-10-19 17:15:00;2.5563
2025-10-19 17:30:00;1.9384
2025-10-19 17:45:00;1.6546
2025-10-19 18:00:00;1.2950
2025-10-19 18:15:00;0.8899
2025-10-19 18:30:00;0.4308
2025-10-19 18:45:00;0.0000
2025-10-19 19:00:00;0.0000
2025-10-19 19:15:00;0.0000
2025-10-19 19:30:00;0.0000
2025-10-19 19:45:00;0.0000
2025-10-19 20:00:00;0.0000
2025-10-19 20:15:00;0.0000
2025-10-19 20:30:00;0.0000
2025-10-19 20:45:00;0.0000
2025-10-19 21:00:00;0.0000
2025-10-19 21:15:00;0.0000
2025-10-19 21:30:00;0.0000
2025-10-19 21:45:00;0.0000
2025-10-19 22:00:00;0.0000
2025-10-19 22:15:00;0.0000
2025-10-19 22:30:00;0.0000
2025-10-19 22:45:00;0.0000
2025-10-19 23:00:00;0.0000
2025-10-19 23:15:00;0.0000
2025-10-19 23:30:00;0.0000
2025-10-19 23:45:00;0.0000
2025-10-20 00:00:00;0.0000
2025-10-20 00:15:00;0.0000
2025-10-20 00:30:00;0.0000
2025-10-20 00:45:00;0.0000
2025-10-20 01:00:00;0.0000
2025-10-20 01:15:00;0.0000
2025-10-20 01:30:00;0.0000
2025-10-20 01:45:00;0.0000
2025-10-20 02:00:00;0.0000
2025-10-20 02:15:00;0.0000
2025-10-20 02:30:00;0.0000
2025-10-20 02:45:00;0.0000
2025-10-20 03:00:00;0.0000
2025-10-20 03:15:00;0.0000
2025-10-20 03:30:00;0.0000
2025-10-20 03:45:00;0.0000
2025-10-20 04:00:00;0.0000
2025-10-20 04:15:00;0.0000
2025-10-20 04:30:00;0.0000
2025-10-20 04:45:00;0.0000
2025-10-20 05:00:00;0.0000
2025-10-20 05:15:00;0.0000
2025-10-20 05:30:00;0.0000
2025-10-20 05:45:00;0.0000
2025-10-20 06:00:00;0.0000
2025-10-20 06:15:00;0.0000
2025-10-20 06:30:00;0.0000
2025-10-20 06:45:00;0.0000
2025-10-20 07:00:00;0.0000
2025-10-20 07:15:00;0.0000
2025-10-20 07:30:00;0.0000
2025-10-20 07:45:00;0.0000
2025-10-20 08:00:00;0.0000
2025-10-20 08:15:00;0.9422
2025-10-20 08:30:00;2.0252
2025-10-20 08:45:00;2.9027
2025-10-20 09:00:00;4.3262
2025-10-20 09:15:00;5.5030
2025-10-20 09:30:00;6.5615
2025-10-20 09:45:00;7.3511
2025-10-20 10:00:00;4.7204
2025-10-20 10:15:00;4.9550
2025-10-20 10:30:00;5.3210
2025-10-20 10:45:00;5.9611
2025-10-20 11:00:00;8.6521
2025-10-20 11:15:00;9.1463
2025-10-20 11:30:00;9.8786
2025-10-20 11:45:00;9.8737
2025-10-20 12:00:00;7.0021
2025-10-20 12:15:00;7.2530
2025-10-20 12:30:00;7.3543
2025-10-20 12:45:00;7.5845
2025-10-20 13:00:00;7.0728
2025-10-20 13:15:00;6.8489
2025-10-20 13:30:00;7.4150
2025-10-20 13:45:00;6.7695
2025-10-20 14:00:00;16.3543
2025-10-20 14:15:00;16.2858
2025-10-20 14:30:00;15.1491
2025-10-20 14:45:00;15.8508
2025-10-20 15:00:00;9.9184
2025-10-20 15:15:00;9.3984
2025-10-20 15:30:00;8.5344
2025-10-20 15:45:00;8.3748
2025-10-20 16:00:00;4.9975
2025-10-20 16:15:00;4.6170
2025-10-20 16:30:00;4.4494
2025-10-20 16:45:00;3.8413
2025-10-20 17:00:00;6.6781
2025-10-20 17:15:00;5.7890
2025-10-20 17:30:00;4.8526
2025-10-20 17:45:00;3.9034
2025-10-20 18:00:00;3.2236
2025-10-20 18:15:00;2.0980
2025-10-20 18:30:00;1.0408
2025-10-20 18:45:00;0.0000
2025-10-20 19:00:00;0.0000
2025-10-20 19:15:00;0.0000
2025-10-20 19:30:00;0.0000
2025-10-20 19:45:00;0.0000
2025-10-20 20:00:00;0.0000
2025-10-20 20:15:00;0.0000
2025-10-20 20:30:00;0.0000
2025-10-20 20:45:00;0.0000
2025-10-20 21:00:00;0.0000
2025-10-20 21:15:00;0.0000
2025-10-20 21:30:00;0.0000
2025-10-20 21:45:00;0.0000
2025-10-20 22:00:00;0.0000
2025-10-20 22:15:00;0.0000
2025-10-20 22:30:00;0.0000
2025-10-20 22:45:00;0.0000
2025-10-20 23:00:00;0.0000
2025-10-20 23:15:00;0.0000
2025-10-20 23:30:00;0.0000
2025-10-20 23:45:00;0.0000
2025-10-21 00:00:00;0.0000
2025-10-21 00:15:00;0.0000
2025-10-21 00:30:00;0.0000
2025-10-21 00:45:00;0.0000
2025-10-21 01:00:00;0.0000
2025-10-21 01:15:00;0.0000
2025-10-21 01:30:00;0.0000
2025-10-21 01:45:00;0.0000
2025-10-21 02:00:00;0.0000
2025-10-21 02:15:00;0.0000
2025-10-21 02:30:00;0.0000
2025-10-21 02:45:00;0.0000
2025-10-21 03:00:00;0.0000
2025-10-21 03:15:00;0.0000
2025-10-21 03:30:00;0.0000
2025-10-21 03:45:00;0.0000
2025-10-21 04:00:00;0.0000
2025-10-21 04:15:00;0.0000
2025-10-21 04:30:00;0.0000
2025-10-21 04:45:00;0.0000
2025-10-21 05:00:00;0.0000
2025-10-21 05:15:00;0.0000
2025-10-21 05:30:00;0.0000
2025-10-21 05:45:00;0.0000
2025-10-21 06:00:00;0.0000
2025-10-21 06:15:00;0.0000
2025-10-21 06:30:00;0.0000
2025-10-21 06:45:00;0.0000
2025-10-21 07:00:00;0.0000
2025-10-21 07:15:00;0.0000
2025-10-21 07:30:00;0.0000
2025-10-21 07:45:00;0.0000
2025-10-21 08:00:00;0.0000
2025-10-21 08:15:00;1.1611
2025-10-21 08:30:00;2.3374
2025-10-21 08:45:00;3.5574
2025-10-21 09:00:00;3.0019
2025-10-21 09:15:00;3.7951
2025-10-21 09:30:00;4.5273
2025-10-21 09:45:00;5.1329
2025-10-21 10:00:00;8.3238
2025-10-21 10:15:00;8.9880
2025-10-21 10:30:00;9.9792
2025-10-21 10:45:00;10.6593
2025-10-21 11:00:00;10.0000
2025-10-21 11:15:00;11.1444
2025-10-21 11:30:00;12.1689
2025-10-21 11:45:00;12.5712
2025-10-21 12:00:00;15.3137
2025-10-21 12:15:00;15.1594
2025-10-21 12:30:00;15.1753
2025-10-21 12:45:00;15.8556
2025-10-21 13:00:00;7.3521
2025-10-21 13:15:00;7.2026
2025-10-21 13:30:00;7.2908
2025-10-21 13:45:00;7.3975
2025-10-21 14:00:00;12.1983
2025-10-21 14:15:00;11.5183
2025-10-21 14:30:00;11.5371
2025-10-21 14:45:00;11.1934
2025-10-21 15:00:00;13.1950
2025-10-21 15:15:00;12.0703
2025-10-21 15:30:00;11.0581
2025-10-21 15:45:00;10.7617
2025-10-21 16:00:00;11.7137
2025-10-21 16:15:00;11.5113
2025-10-21 16:30:00;10.6148
2025-10-21 16:45:00;8.7186
2025-10-21 17:00:00;6.1843
2025-10-21 17:15:00;5.3665
2025-10-21 17:30:00;4.8002
2025-10-21 17:45:00;3.7487
2025-10-21 18:00:00;3.4618
2025-10-21 18:15:00;2.3606
2025-10-21 18:30:00;1.1722
2025-10-21 18:45:00;0.0000
2025-10-21 19:00:00;0.0000
2025-10-21 19:15:00;0.0000
2025-10-21 19:30:00;0.0000
2025-10-21 19:45:00;0.0000
2025-10-21 20:00:00;0.0000
2025-10-21 20:15:00;0.0000
2025-10-21 20:30:00;0.0000
2025-10-21 20:45:00;0.0000
2025-10-21 21:00:00;0.0000
2025-10-21 21:15:00;0.0000
2025-10-21 21:30:00;0.0000
2025-10-21 21:45:00;0.0000
2025-10-21 22:00:00;0.0000
2025-10-21 22:15:00;0.0000
2025-10-21 22:30:00;0.0000
2025-10-21 22:45:00;0.0000
2025-10-21 23:00:00;0.0000
2025-10-21 23:15:00;0.0000
2025-10-21 23:30:00;0.0000
2025-10-21 23:45:00;0.0000
2025-10-22 00:00:00;0.0000
2025-10-22 00:15:00;0.0000
2025-10-22 00:30:00;0.0000
2025-10-22 00:45:00;0.0000
2025-10-22 01:00:00;0.0000
2025-10-22 01:15:00;0.0000
2025-10-22 01:30:00;0.0000
2025-10-22 01:45:00;0.0000
2025-10-22 02:00:00;0.0000
2025-10-22 02:15:00;0.0000
2025-10-22 02:30:00;0.0000
2025-10-22 02:45:00;0.0000
2025-10-22 03:00:00;0.0000
2025-10-22 03:15:00;0.0000
2025-10-22 03:30:00;0.0000
2025-10-22 03:45:00;0.0000
2025-10-22 04:00:00;0.0000
2025-10-22 04:15:00;0.0000
2025-10-22 04:30:00;0.0000
2025-10-22 04:45:00;0.0000
2025-10-22 05:00:00;0.0000
2025-10-22 05:15:00;0.0000
2025-10-22 05:30:00;0.0000
2025-10-22 05:45:00;0.0000
2025-10-22 06:00:00;0.0000
2025-10-22 06:15:00;0.0000
2025-10-22 06:30:00;0.0000
2025-10-22 06:45:00;0.0000
2025-10-22 07:00:00;0.0000
2025-10-22 07:15:00;0.0000
2025-10-22 07:30:00;0.0000
2025-10-22 07:45:00;0.0000
2025-10-22 08:00:00;0.0000
2025-10-22 08:15:00;0.8361
2025-10-22 08:30:00;1.7063
2025-10-22 08:45:00;2.4265
2025-10-22 09:00:00;5.0277
2025-10-22 09:15:00;6.1752
2025-10-22 09:30:00;7.6310
2025-10-22 09:45:00;8.3274
2025-10-22 10:00:00;8.8023
2025-10-22 10:15:00;9.5512
2025-10-22 10:30:00;11.2467
2025-10-22 10:45:00;11.6385
2025-10-22 11:00:00;4.6046
2025-10-22 11:15:00;4.8286
2025-10-22 11:30:00;5.3161
2025-10-22 11:45:00;5.3278
2025-10-22 12:00:00;11.8553
2025-10-22 12:15:00;12.9425
2025-10-22 12:30:00;12.3931
2025-10-22 12:45:00;13.3575
2025-10-22 13:00:00;10.0872
2025-10-22 13:15:00;10.2870
2025-10-22 13:30:00;10.1577
2025-10-22 13:45:00;9.9954
2025-10-22 14:00:00;16.2020
2025-10-22 14:15:00;16.5763
2025-10-22 14:30:00;15.2259
2025-10-22 14:45:00;14.8755
2025-10-22 15:00:00;15.2968
2025-10-22 15:15:00;14.1345
2025-10-22 15:30:00;13.9792
2025-10-22 15:45:00;12.5752
2025-10-22 16:00:00;11.8821
2025-10-22 16:15:00;10.2414
2025-10-22 16:30:00;9.6985
2025-10-22 16:45:00;8.9019
2025-10-22 17:00:00;8.6572
2025-10-22 17:15:00;7.5647
2025-10-22 17:30:00;6.7658
2025-10-22 17:45:00;5.3905
2025-10-22 18:00:00;2.0711
2025-10-22 18:15:00;1.3144
2025-10-22 18:30:00;0.6231
2025-10-22 18:45:00;0.0000
2025-10-22 19:00:00;0.0000
2025-10-22 19:15:00;0.0000
2025-10-22 19:30:00;0.0000
2025-10-22 19:45:00;0.0000
2025-10-22 20:00:00;0.0000
2025-10-22 20:15:00;0.0000
2025-10-22 20:30:00;0.0000
2025-10-22 20:45:00;0.0000
2025-10-22 21:00:00;0.0000
2025-10-22 21:15:00;0.0000
2025-10-22 21:30:00;0.0000
2025-10-22 21:45:00;0.0000
2025-10-22 22:00:00;0.0000
2025-10-22 22:15:00;0.0000
2025-10-22 22:30:00;0.0000
2025-10-22 22:45:00;0.0000
2025-10-22 23:00:00;0.0000
2025-10-22 23:15:00;0.0000
2025-10-22 23:30:00;0.0000
2025-10-22 23:45:00;0.0000
2025-10-23 00:00:00;0.0000
2025-10-23 00:15:00;0.0000
2025-10-23 00:30:00;0.0000
2025-10-23 00:45:00;0.0000
2025-10-23 01:00:00;0.0000
2025-10-23 01:15:00;0.0000
2025-10-23 01:30:00;0.0000
2025-10-23 01:45:00;0.0000
2025-10-23 02:00:00;0.0000
2025-10-23 02:15:00;0.0000
2025-10-23 02:30:00;0.0000
2025-10-23 02:45:00;0.0000
2025-10-23 03:00:00;0.0000
2025-10-23 03:15:00;0.0000
2025-10-23 03:30:00;0.0000
2025-10-23 03:45:00;0.0000
2025-10-23 04:00:00;0.0000
2025-10-23 04:15:00;0.0000
2025-10-23 04:30:00;0.0000
2025-10-23 04:45:00;0.0000
2025-10-23 05:00:00;0.0000
2025-10-23 05:15:00;0.0000
2025-10-23 05:30:00;0.0000
2025-10-23 05:45:00;0.0000
2025-10-23 06:00:00;0.0000
2025-10-23 06:15:00;0.0000
2025-10-23 06:30:00;0.0000
2025-10-23 06:45:00;0.0000
2025-10-23 07:00:00;0.0000
2025-10-23 07:15:00;0.0000
2025-10-23 07:30:00;0.0000
2025-10-23 07:45:00;0.0000
2025-10-23 08:00:00;0.0000
2025-10-23 08:15:00;0.3883
2025-10-23 08:30:00;0.7938
2025-10-23 08:45:00;1.1792
2025-10-23 09:00:00;1.7367
2025-10-23 09:15:00;2.0804
2025-10-23 09:30:00;2.5894
2025-10-23 09:45:00;2.7241
2025-10-23 10:00:00;3.2555
2025-10-23 10:15:00;3.6151
2025-10-23 10:30:00;4.2529
2025-10-23 10:45:00;4.6098
2025-10-23 11:00:00;4.8503
2025-10-23 11:15:00;4.6677
2025-10-23 11:30:00;5.1610
2025-10-23 11:45:00;5.3930
2025-10-23 12:00:00;5.6851
2025-10-23 12:15:00;5.3525
2025-10-23 12:30:00;5.8078
2025-10-23 12:45:00;6.2196
2025-10-23 13:00:00;6.2076
2025-10-23 13:15:00;6.0074
2025-10-23 13:30:00;5.9743
2025-10-23 13:45:00;5.9812
2025-10-23 14:00:00;6.7823
2025-10-23 14:15:00;6.7957
2025-10-23 14:30:00;6.7250
2025-10-23 14:45:00;6.1197
2025-10-23 15:00:00;5.4891
2025-10-23 15:15:00;5.2237
2025-10-23 15:30:00;4.6788
2025-10-23 15:45:00;4.6577
2025-10-23 16:00:00;4.3404
2025-10-23 16:15:00;3.9638
2025-10-23 16:30:00;3.8047
2025-10-23 16:45:00;3.4792
2025-10-23 17:00:00;2.6943
2025-10-23 17:15:00;2.4892
2025-10-23 17:30:00;2.1701
2025-10-23 17:45:00;1.6271
2025-10-23 18:00:00;1.2677
2025-10-23 18:15:00;0.8265
2025-10-23 18:30:00;0.4162
2025-10-23 18:45:00;0.0000
2025-10-23 19:00:00;0.0000
2025-10-23 19:15:00;0.0000
2025-10-23 19:30:00;0.0000
2025-10-23 19:45:00;0.0000
2025-10-23 20:00:00;0.0000
2025-10-23 20:15:00;0.0000
2025-10-23 20:30:00;0.0000
2025-10-23 20:45:00;0.0000
2025-10-23 21:00:00;0.0000
2025-10-23 21:15:00;0.0000
2025-10-23 21:30:00;0.0000
2025-10-23 21:45:00;0.0000
2025-10-23 22:00:00;0.0000
2025-10-23 22:15:00;0.0000
2025-10-23 22:30:00;0.0000
2025-10-23 22:45:00;0.0000
2025-10-23 23:00:00;0.0000
2025-10-23 23:15:00;0.0000
2025-10-23 23:30:00;0.0000
2025-10-23 23:45:00;0.0000
2025-10-24 00:00:00;0.0000
2025-10-24 00:15:00;0.0000
2025-10-24 00:30:00;0.0000
2025-10-24 00:45:00;0.0000
2025-10-24 01:00:00;0.0000
2025-10-24 01:15:00;0.0000
2025-10-24 01:30:00;0.0000
2025-10-24 01:45:00;0.0000
2025-10-24 02:00:00;0.0000
2025-10-24 02:15:00;0.0000
2025-10-24 02:30:00;0.0000
2025-10-24 02:45:00;0.0000
2025-10-24 03:00:00;0.0000
2025-10-24 03:15:00;0.0000
2025-10-24 03:30:00;0.0000
2025-10-24 03:45:00;0.0000
2025-10-24 04:00:00;0.0000
2025-10-24 04:15:00;0.0000
2025-10-24 04:30:00;0.0000
2025-10-24 04:45:00;0.0000
2025-10-24 05:00:00;0.0000
2025-10-24 05:15:00;0.0000
2025-10-24 05:30:00;0.0000
2025-10-24 05:45:00;0.0000
2025-10-24 06:00:00;0.0000
2025-10-24 06:15:00;0.0000
2025-10-24 06:30:00;0.0000
2025-10-24 06:45:00;0.0000
2025-10-24 07:00:00;0.0000
2025-10-24 07:15:00;0.0000
2025-10-24 07:30:00;0.0000
2025-10-24 07:45:00;0.0000
2025-10-24 08:00:00;0.0000
2025-10-24 08:15:00;0.5741
2025-10-24 08:30:00;1.0777
2025-10-24 08:45:00;1.7827
2025-10-24 09:00:00;3.8991
2025-10-24 09:15:00;4.8951
2025-10-24 09:30:00;5.5603
2025-10-24 09:45:00;6.7027
2025-10-24 10:00:00;7.7156
2025-10-24 10:15:00;8.8779
2025-10-24 10:30:00;9.7920
2025-10-24 10:45:00;10.0626
2025-10-24 11:00:00;5.0705
2025-10-24 11:15:00;5.5552
2025-10-24 11:30:00;5.8641
2025-10-24 11:45:00;5.8975
2025-10-24 12:00:00;10.8374
2025-10-24 12:15:00;11.7075
2025-10-24 12:30:00;12.6163
2025-10-24 12:45:00;12.3026
2025-10-24 13:00:00;6.6454
2025-10-24 13:15:00;6.3901
2025-10-24 13:30:00;6.6702
2025-10-24 13:45:00;6.1247
2025-10-24 14:00:00;14.1333
2025-10-24 14:15:00;13.6431
2025-10-24 14:30:00;13.4039
2025-10-24 14:45:00;12.8582
2025-10-24 15:00:00;13.2585
2025-10-24 15:15:00;12.8708
2025-10-24 15:30:00;12.0133
2025-10-24 15:45:00;11.3893
2025-10-24 16:00:00;11.9472
2025-10-24 16:15:00;11.4804
2025-10-24 16:30:00;10.6856
2025-10-24 16:45:00;9.6843
2025-10-24 17:00:00;7.3679
2025-10-24 17:15:00;6.8100
2025-10-24 17:30:00;5.6544
2025-10-24 17:45:00;4.7014
2025-10-24 18:00:00;3.3844
2025-10-24 18:15:00;2.2077
2025-10-24 18:30:00;1.1507
2025-10-24 18:45:00;0.0000
2025-10-24 19:00:00;0.0000
2025-10-24 19:15:00;0.0000
2025-10-24 19:30:00;0.0000
2025-10-24 19:45:00;0.0000
2025-10-24 20:00:00;0.0000
2025-10-24 20:15:00;0.0000
2025-10-24 20:30:00;0.0000
2025-10-24 20:45:00;0.0000
2025-10-24 21:00:00;0.0000
2025-10-24 21:15:00;0.0000
2025-10-24 21:30:00;0.0000
2025-10-24 21:45:00;0.0000
2025-10-24 22:00:00;0.0000
2025-10-24 22:15:00;0.0000
2025-10-24 22:30:00;0.0000
2025-10-24 22:45:00;0.0000
2025-10-24 23:00:00;0.0000
2025-10-24 23:15:00;0.0000
2025-10-24 23:30:00;0.0000
2025-10-24 23:45:00;0.0000
2025-10-25 00:00:00;0.0000
2025-10-25 00:15:00;0.0000
2025-10-25 00:30:00;0.0000
2025-10-25 00:45:00;0.0000
2025-10-25 01:00:00;0.0000
2025-10-25 01:15:00;0.0000
2025-10-25 01:30:00;0.0000
2025-10-25 01:45:00;0.0000
2025-10-25 02:00:00;0.0000
2025-10-25 02:15:00;0.0000
2025-10-25 02:30:00;0.0000
2025-10-25 02:45:00;0.0000
2025-10-25 03:00:00;0.0000
2025-10-25 03:15:00;0.0000
2025-10-25 03:30:00;0.0000
2025-10-25 03:45:00;0.0000
2025-10-25 04:00:00;0.0000
2025-10-25 04:15:00;0.0000
2025-10-25 04:30:00;0.0000
2025-10-25 04:45:00;0.0000
2025-10-25 05:00:00;0.0000
2025-10-25 05:15:00;0.0000
2025-10-25 05:30:00;0.0000
2025-10-25 05:45:00;0.0000
2025-10-25 06:00:00;0.0000
2025-10-25 06:15:00;0.0000
2025-10-25 06:30:00;0.0000
2025-10-25 06:45:00;0.0000
2025-10-25 07:00:00;0.0000
2025-10-25 07:15:00;0.0000
2025-10-25 07:30:00;0.0000
2025-10-25 07:45:00;0.0000
2025-10-25 08:00:00;0.0000
2025-10-25 08:15:00;0.7606
2025-10-25 08:30:00;1.4592
2025-10-25 08:45:00;2.1709
2025-10-25 09:00:00;4.3590
2025-10-25 09:15:00;5.4196
2025-10-25 09:30:00;5.9438
2025-10-25 09:45:00;7.1224
2025-10-25 10:00:00;7.5062
2025-10-25 10:15:00;8.1468
2025-10-25 10:30:00;8.7957
2025-10-25 10:45:00;10.0307
2025-10-25 11:00:00;12.2446
2025-10-25 11:15:00;12.1019
2025-10-25 11:30:00;13.1920
2025-10-25 11:45:00;13.2875
2025-10-25 12:00:00;6.4830
2025-10-25 12:15:00;6.3166
2025-10-25 12:30:00;6.5435
2025-10-25 12:45:00;6.0498
2025-10-25 13:00:00;11.0104
2025-10-25 13:15:00;11.0248
2025-10-25 13:30:00;10.5919
2025-10-25 13:45:00;10.9936
2025-10-25 14:00:00;16.3775
2025-10-25 14:15:00;15.2505
2025-10-25 14:30:00;15.2401
2025-10-25 14:45:00;14.6295
2025-10-25 15:00:00;13.8386
2025-10-25 15:15:00;13.7359
2025-10-25 15:30:00;11.8577
2025-10-25 15:45:00;11.6780
2025-10-25 16:00:00;10.6994
2025-10-25 16:15:00;9.9699
2025-10-25 16:30:00;9.3364
2025-10-25 16:45:00;8.3870
2025-10-25 17:00:00;3.8064
2025-10-25 17:15:00;3.2798
2025-10-25 17:30:00;2.7019
2025-10-25 17:45:00;2.1758
2025-10-25 18:00:00;3.1696
2025-10-25 18:15:00;2.0598
2025-10-25 18:30:00;1.1065
2025-10-25 18:45:00;0.0000
2025-10-25 19:00:00;0.0000
2025-10-25 19:15:00;0.0000
2025-10-25 19:30:00;0.0000
2025-10-25 19:45:00;0.0000
2025-10-25 20:00:00;0.0000
2025-10-25 20:15:00;0.0000
2025-10-25 20:30:00;0.0000
2025-10-25 20:45:00;0.0000
2025-10-25 21:00:00;0.0000
2025-10-25 21:15:00;0.0000
2025-10-25 21:30:00;0.0000
2025-10-25 21:45:00;0.0000
2025-10-25 22:00:00;0.0000
2025-10-25 22:15:00;0.0000
2025-10-25 22:30:00;0.0000
2025-10-25 22:45:00;0.0000
2025-10-25 23:00:00;0.0000
2025-10-25 23:15:00;0.0000
2025-10-25 23:30:00;0.0000
2025-10-25 23:45:00;0.0000
2025-10-26 00:00:00;0.0000
2025-10-26 00:15:00;0.0000
2025-10-26 00:30:00;0.0000
2025-10-26 00:45:00;0.0000
2025-10-26 01:00:00;0.0000
2025-10-26 01:15:00;0.0000
2025-10-26 01:30:00;0.0000
2025-10-26 01:45:00;0.0000
2025-10-26 02:00:00;0.0000
2025-10-26 02:15:00;0.0000
2025-10-26 02:30:00;0.0000
2025-10-26 02:45:00;0.0000
2025-10-26 03:00:00;0.0000
2025-10-26 03:15:00;0.0000
2025-10-26 03:30:00;0.0000
2025-10-26 03:45:00;0.0000
2025-10-26 04:00:00;0.0000
2025-10-26 04:15:00;0.0000
2025-10-26 04:30:00;0.0000
2025-10-26 04:45:00;0.0000
2025-10-26 05:00:00;0.0000
2025-10-26 05:15:00;0.0000
2025-10-26 05:30:00;0.0000
2025-10-26 05:45:00;0.0000
2025-10-26 06:00:00;0.0000
2025-10-26 06:15:00;0.0000
2025-10-26 06:30:00;0.0000
2025-10-26 06:45:00;0.0000
2025-10-26 07:00:00;0.0000
2025-10-26 07:15:00;0.0000
2025-10-26 07:30:00;0.0000
2025-10-26 07:45:00;0.0000
2025-10-26 08:00:00;0.0000
2025-10-26 08:15:00;0.1675
2025-10-26 08:30:00;0.3623
2025-10-26 08:45:00;0.5145
2025-10-26 09:00:00;0.6695
2025-10-26 09:15:00;0.8505
2025-10-26 09:30:00;0.9926
2025-10-26 09:45:00;1.1419
2025-10-26 10:00:00;1.2409
2025-10-26 10:15:00;1.2851
2025-10-26 10:30:00;1.4890
2025-10-26 10:45:00;1.6808
2025-10-26 11:00:00;1.7733
2025-10-26 11:15:00;1.8682
2025-10-26 11:30:00;2.0683
2025-10-26 11:45:00;2.1840
2025-10-26 12:00:00;2.1818
2025-10-26 12:15:00;2.3201
2025-10-26 12:30:00;2.2328
2025-10-26 12:45:00;2.4261
2025-10-26 13:00:00;2.5771
2025-10-26 13:15:00;2.6127
2025-10-26 13:30:00;2.5527
2025-10-26 13:45:00;2.5293
2025-10-26 14:00:00;2.1176
2025-10-26 14:15:00;2.0871
2025-10-26 14:30:00;2.0564
2025-10-26 14:45:00;2.0768
2025-10-26 15:00:00;2.1419
2025-10-26 15:15:00;2.0673
2025-10-26 15:30:00;1.8973
2025-10-26 15:45:00;1.7671
2025-10-26 16:00:00;1.5958
2025-10-26 16:15:00;1.4787
2025-10-26 16:30:00;1.4119
2025-10-26 16:45:00;1.2502
2025-10-26 17:00:00;1.0380
2025-10-26 17:15:00;0.9685
2025-10-26 17:30:00;0.7756
2025-10-26 17:45:00;0.6365
2025-10-26 18:00:00;0.4786
2025-10-26 18:15:00;0.3276
2025-10-26 18:30:00;0.1533
2025-10-26 18:45:00;0.0000
2025-10-26 19:00:00;0.0000
2025-10-26 19:15:00;0.0000
2025-10-26 19:30:00;0.0000
2025-10-26 19:45:00;0.0000
2025-10-26 20:00:00;0.0000
2025-10-26 20:15:00;0.0000
2025-10-26 20:30:00;0.0000
2025-10-26 20:45:00;0.0000
2025-10-26 21:00:00;0.0000
2025-10-26 21:15:00;0.0000
2025-10-26 21:30:00;0.0000
2025-10-26 21:45:00;0.0000
2025-10-26 22:00:00;0.0000
2025-10-26 22:15:00;0.0000
2025-10-26 22:30:00;0.0000
2025-10-26 22:45:00;0.0000
2025-10-26 23:00:00;0.0000
2025-10-26 23:15:00;0.0000
2025-10-26 23:30:00;0.0000
2025-10-26 23:45:00;0.0000
2025-10-27 00:00:00;0.0000
2025-10-27 00:15:00;0.0000
2025-10-27 00:30:00;0.0000
2025-10-27 00:45:00;0.0000
2025-10-27 01:00:00;0.0000
2025-10-27 01:15:00;0.0000
2025-10-27 01:30:00;0.0000
2025-10-27 01:45:00;0.0000
2025-10-27 02:00:00;0.0000
2025-10-27 02:15:00;0.0000
2025-10-27 02:30:00;0.0000
2025-10-27 02:45:00;0.0000
2025-10-27 03:00:00;0.0000
2025-10-27 03:15:00;0.0000
2025-10-27 03:30:00;0.0000
2025-10-27 03:45:00;0.0000
2025-10-27 04:00:00;0.0000
2025-10-27 04:15:00;0.0000
2025-10-27 04:30:00;0.0000
2025-10-27 04:45:00;0.0000
2025-10-27 05:00:00;0.0000
2025-10-27 05:15:00;0.0000
2025-10-27 05:30:00;0.0000
2025-10-27 05:45:00;0.0000
2025-10-27 06:00:00;0.0000
2025-10-27 06:15:00;0.0000
2025-10-27 06:30:00;0.0000
2025-10-27 06:45:00;0.0000
2025-10-27 07:00:00;0.0000
2025-10-27 07:15:00;0.0000
2025-10-27 07:30:00;0.0000
2025-10-27 07:45:00;0.0000
2025-10-27 08:00:00;0.0000
2025-10-27 08:15:00;1.7817
2025-10-27 08:30:00;3.5081
2025-10-27 08:45:00;5.0773
2025-10-27 09:00:00;6.9821
2025-10-27 09:15:00;7.9563
2025-10-27 09:30:00;9.9302
2025-10-27 09:45:00;11.3106
2025-10-27 10:00:00;11.7361
2025-10-27 10:15:00;13.3991
2025-10-27 10:30:00;14.3709
2025-10-27 10:45:00;15.2777
2025-10-27 11:00:00;19.1883
2025-10-27 11:15:00;21.6502
2025-10-27 11:30:00;21.3283
2025-10-27 11:45:00;20.8412
2025-10-27 12:00:00;23.5544
2025-10-27 12:15:00;24.1907
2025-10-27 12:30:00;24.5629
2025-10-27 12:45:00;24.8216
2025-10-27 13:00:00;22.7427
2025-10-27 13:15:00;23.2937
2025-10-27 13:30:00;22.5573
2025-10-27 13:45:00;22.7324
2025-10-27 14:00:00;22.0052
2025-10-27 14:15:00;21.2283
2025-10-27 14:30:00;20.9013
2025-10-27 14:45:00;18.2190
2025-10-27 15:00:00;25.3683
2025-10-27 15:15:00;22.9017
2025-10-27 15:30:00;21.7221
2025-10-27 15:45:00;20.4116
2025-10-27 16:00:00;14.3043
2025-10-27 16:15:00;13.1512
2025-10-27 16:30:00;12.9180
2025-10-27 16:45:00;11.3055
2025-10-27 17:00:00;11.0718
2025-10-27 17:15:00;10.4398
2025-10-27 17:30:00;7.7530
2025-10-27 17:45:00;6.5569
2025-10-27 18:00:00;5.6417
2025-10-27 18:15:00;3.7373
2025-10-27 18:30:00;1.9160
2025-10-27 18:45:00;0.0000
2025-10-27 19:00:00;0.0000
2025-10-27 19:15:00;0.0000
2025-10-27 19:30:00;0.0000
2025-10-27 19:45:00;0.0000
2025-10-27 20:00:00;0.0000
2025-10-27 20:15:00;0.0000
2025-10-27 20:30:00;0.0000
2025-10-27 20:45:00;0.0000
2025-10-27 21:00:00;0.0000
2025-10-27 21:15:00;0.0000
2025-10-27 21:30:00;0.0000
2025-10-27 21:45:00;0.0000
2025-10-27 22:00:00;0.0000
2025-10-27 22:15:00;0.0000
2025-10-27 22:30:00;0.0000
2025-10-27 22:45:00;0.0000
2025-10-27 23:00:00;0.0000
2025-10-27 23:15:00;0.0000
2025-10-27 23:30:00;0.0000
2025-10-27 23:45:00;0.0000
2025-10-28 00:00:00;0.0000
2025-10-28 00:15:00;0.0000
2025-10-28 00:30:00;0.0000
2025-10-28 00:45:00;0.0000
2025-10-28 01:00:00;0.0000
2025-10-28 01:15:00;0.0000
2025-10-28 01:30:00;0.0000
2025-10-28 01:45:00;0.0000
2025-10-28 02:00:00;0.0000
2025-10-28 02:15:00;0.0000
2025-10-28 02:30:00;0.0000
2025-10-28 02:45:00;0.0000
2025-10-28 03:00:00;0.0000
2025-10-28 03:15:00;0.0000
2025-10-28 03:30:00;0.0000
2025-10-28 03:45:00;0.0000
2025-10-28 04:00:00;0.0000
2025-10-28 04:15:00;0.0000
2025-10-28 04:30:00;0.0000
2025-10-28 04:45:00;0.0000
2025-10-28 05:00:00;0.0000
2025-10-28 05:15:00;0.0000
2025-10-28 05:30:00;0.0000
2025-10-28 05:45:00;0.0000
2025-10-28 06:00:00;0.0000
2025-10-28 06:15:00;0.0000
2025-10-28 06:30:00;0.0000
2025-10-28 06:45:00;0.0000
2025-10-28 07:00:00;0.0000
2025-10-28 07:15:00;0.0000
2025-10-28 07:30:00;0.0000
2025-10-28 07:45:00;0.0000
2025-10-28 08:00:00;0.0000
2025-10-28 08:15:00;0.1802
2025-10-28 08:30:00;0.3518
2025-10-28 08:45:00;0.5182
2025-10-28 09:00:00;0.6645
2025-10-28 09:15:00;0.8259
2025-10-28 09:30:00;0.9456
2025-10-28 09:45:00;1.0732
2025-10-28 10:00:00;1.1479
2025-10-28 10:15:00;1.3070
2025-10-28 10:30:00;1.4845
2025-10-28 10:45:00;1.5550
2025-10-28 11:00:00;1.7594
2025-10-28 11:15:00;1.8254
2025-10-28 11:30:00;1.9173
2025-10-28 11:45:00;1.9241
2025-10-28 12:00:00;2.0506
2025-10-28 12:15:00;2.1448
2025-10-28 12:30:00;2.1358
2025-10-28 12:45:00;2.0951
2025-10-28 13:00:00;2.3067
2025-10-28 13:15:00;2.3328
2025-10-28 13:30:00;2.2873
2025-10-28 13:45:00;2.3351
2025-10-28 14:00:00;2.2410
2025-10-28 14:15:00;2.1917
2025-10-28 14:30:00;2.2246
2025-10-28 14:45:00;2.1566
2025-10-28 15:00:00;2.4793
2025-10-28 15:15:00;2.0368
2025-10-28 15:30:00;2.0089
2025-10-28 15:45:00;1.9336
2025-10-28 16:00:00;1.4631
2025-10-28 16:15:00;1.3525
2025-10-28 16:30:00;1.1864
2025-10-28 16:45:00;1.0458
2025-10-28 17:00:00;1.3086
2025-10-28 17:15:00;1.1460
2025-10-28 17:30:00;1.0524
2025-10-28 17:45:00;0.7848
2025-10-28 18:00:00;0.4429
2025-10-28 18:15:00;0.2970
2025-10-28 18:30:00;0.1505
2025-10-28 18:45:00;0.0000
2025-10-28 19:00:00;0.0000
2025-10-28 19:15:00;0.0000
2025-10-28 19:30:00;0.0000
2025-10-28 19:45:00;0.0000
2025-10-28 20:00:00;0.0000
2025-10-28 20:15:00;0.0000
2025-10-28 20:30:00;0.0000
2025-10-28 20:45:00;0.0000
2025-10-28 21:00:00;0.0000
2025-10-28 21:15:00;0.0000
2025-10-28 21:30:00;0.0000
2025-10-28 21:45:00;0.0000
2025-10-28 22:00:00;0.0000
2025-10-28 22:15:00;0.0000
2025-10-28 22:30:00;0.0000
2025-10-28 22:45:00;0.0000
2025-10-28 23:00:00;0.0000
2025-10-28 23:15:00;0.0000
2025-10-28 23:30:00;0.0000
2025-10-28 23:45:00;0.0000
2025-10-29 00:00:00;0.0000
2025-10-29 00:15:00;0.0000
2025-10-29 00:30:00;0.0000
2025-10-29 00:45:00;0.0000
2025-10-29 01:00:00;0.0000
2025-10-29 01:15:00;0.0000
2025-10-29 01:30:00;0.0000
2025-10-29 01:45:00;0.0000
2025-10-29 02:00:00;0.0000
2025-10-29 02:15:00;0.0000
2025-10-29 02:30:00;0.0000
2025-10-29 02:45:00;0.0000
2025-10-29 03:00:00;0.0000
2025-10-29 03:15:00;0.0000
2025-10-29 03:30:00;0.0000
2025-10-29 03:45:00;0.0000
2025-10-29 04:00:00;0.0000
2025-10-29 04:15:00;0.0000
2025-10-29 04:30:00;0.0000
2025-10-29 04:45:00;0.0000
2025-10-29 05:00:00;0.0000
2025-10-29 05:15:00;0.0000
2025-10-29 05:30:00;0.0000
2025-10-29 05:45:00;0.0000
2025-10-29 06:00:00;0.0000
2025-10-29 06:15:00;0.0000
2025-10-29 06:30:00;0.0000
2025-10-29 06:45:00;0.0000
2025-10-29 07:00:00;0.0000
2025-10-29 07:15:00;0.0000
2025-10-29 07:30:00;0.0000
2025-10-29 07:45:00;0.0000
2025-10-29 08:00:00;0.0000
2025-10-29 08:15:00;0.1657
2025-10-29 08:30:00;0.3284
2025-10-29 08:45:00;0.4934
2025-10-29 09:00:00;0.7265
2025-10-29 09:15:00;0.8550
2025-10-29 09:30:00;1.0600
2025-10-29 09:45:00;1.1709
2025-10-29 10:00:00;1.4410
2025-10-29 10:15:00;1.6944
2025-10-29 10:30:00;1.7729
2025-10-29 10:45:00;1.9169
2025-10-29 11:00:00;1.5691
2025-10-29 11:15:00;1.7031
2025-10-29 11:30:00;1.8366
2025-10-29 11:45:00;1.8572
2025-10-29 12:00:00;2.0675
2025-10-29 12:15:00;2.1148
2025-10-29 12:30:00;2.1656
2025-10-29 12:45:00;2.2445
2025-10-29 13:00:00;2.1494
2025-10-29 13:15:00;2.2429
2025-10-29 13:30:00;2.1361
2025-10-29 13:45:00;2.1455
2025-10-29 14:00:00;1.9071
2025-10-29 14:15:00;1.9084
2025-10-29 14:30:00;1.7647
2025-10-29 14:45:00;1.7614
2025-10-29 15:00:00;2.1892
2025-10-29 15:15:00;2.1324
2025-10-29 15:30:00;1.9302
2025-10-29 15:45:00;1.9155
2025-10-29 16:00:00;1.6887
2025-10-29 16:15:00;1.6331
2025-10-29 16:30:00;1.4046
2025-10-29 16:45:00;1.2968
2025-10-29 17:00:00;1.0682
2025-10-29 17:15:00;0.9421
2025-10-29 17:30:00;0.7963
2025-10-29 17:45:00;0.6244
2025-10-29 18:00:00;0.4802
2025-10-29 18:15:00;0.3142
2025-10-29 18:30:00;0.1762
2025-10-29 18:45:00;0.0000
2025-10-29 19:00:00;0.0000
2025-10-29 19:15:00;0.0000
2025-10-29 19:30:00;0.0000
2025-10-29 19:45:00;0.0000
2025-10-29 20:00:00;0.0000
2025-10-29 20:15:00;0.0000
2025-10-29 20:30:00;0.0000
2025-10-29 20:45:00;0.0000
2025-10-29 21:00:00;0.0000
2025-10-29 21:15:00;0.0000
2025-10-29 21:30:00;0.0000
2025-10-29 21:45:00;0.0000
2025-10-29 22:00:00;0.0000
2025-10-29 22:15:00;0.0000
2025-10-29 22:30:00;0.0000
2025-10-29 22:45:00;0.0000
2025-10-29 23:00:00;0.0000
2025-10-29 23:15:00;0.0000
2025-10-29 23:30:00;0.0000
2025-10-29 23:45:00;0.0000
2025-10-30 00:00:00;0.0000
2025-10-30 00:15:00;0.0000
2025-10-30 00:30:00;0.0000
2025-10-30 00:45:00;0.0000
2025-10-30 01:00:00;0.0000
2025-10-30 01:15:00;0.0000
2025-10-30 01:30:00;0.0000
2025-10-30 01:45:00;0.0000
2025-10-30 02:00:00;0.0000
2025-10-30 02:15:00;0.0000
2025-10-30 02:30:00;0.0000
2025-10-30 02:45:00;0.0000
2025-10-30 03:00:00;0.0000
2025-10-30 03:15:00;0.0000
2025-10-30 03:30:00;0.0000
2025-10-30 03:45:00;0.0000
2025-10-30 04:00:00;0.0000
2025-10-30 04:15:00;0.0000
2025-10-30 04:30:00;0.0000
2025-10-30 04:45:00;0.0000
2025-10-30 05:00:00;0.0000
2025-10-30 05:15:00;0.0000
2025-10-30 05:30:00;0.0000
2025-10-30 05:45:00;0.0000
2025-10-30 06:00:00;0.0000
2025-10-30 06:15:00;0.0000
2025-10-30 06:30:00;0.0000
2025-10-30 06:45:00;0.0000
2025-10-30 07:00:00;0.0000
2025-10-30 07:15:00;0.0000
2025-10-30 07:30:00;0.0000
2025-10-30 07:45:00;0.0000
2025-10-30 08:00:00;0.0000
2025-10-30 08:15:00;0.4227
2025-10-30 08:30:00;0.8063
2025-10-30 08:45:00;1.2717
2025-10-30 09:00:00;1.5710
2025-10-30 09:15:00;1.9853
2025-10-30 09:30:00;2.3302
2025-10-30 09:45:00;2.5532
2025-10-30 10:00:00;3.3586
2025-10-30 10:15:00;3.5792
2025-10-30 10:30:00;4.0729
2025-10-30 10:45:00;4.2431
2025-10-30 11:00:00;4.1226
2025-10-30 11:15:00;4.5621
2025-10-30 11:30:00;4.4417
2025-10-30 11:45:00;4.8102
2025-10-30 12:00:00;4.4159
2025-10-30 12:15:00;5.1072
2025-10-30 12:30:00;4.9952
2025-10-30 12:45:00;5.1969
2025-10-30 13:00:00;5.2379
2025-10-30 13:15:00;5.0046
2025-10-30 13:30:00;5.4091
2025-10-30 13:45:00;5.1272
2025-10-30 14:00:00;6.5194
2025-10-30 14:15:00;6.1098
2025-10-30 14:30:00;6.3456
2025-10-30 14:45:00;5.9857
2025-10-30 15:00:00;5.2267
2025-10-30 15:15:00;4.8832
2025-10-30 15:30:00;4.5399
2025-10-30 15:45:00;4.4920
2025-10-30 16:00:00;4.2718
2025-10-30 16:15:00;3.9973
2025-10-30 16:30:00;3.6216
2025-10-30 16:45:00;3.3223
2025-10-30 17:00:00;2.8412
2025-10-30 17:15:00;2.4318
2025-10-30 17:30:00;2.0123
2025-10-30 17:45:00;1.6068
2025-10-30 18:00:00;1.3285
2025-10-30 18:15:00;0.8175
2025-10-30 18:30:00;0.4566
2025-10-30 18:45:00;0.0000
2025-10-30 19:00:00;0.0000
2025-10-30 19:15:00;0.0000
2025-10-30 19:30:00;0.0000
2025-10-30 19:45:00;0.0000
2025-10-30 20:00:00;0.0000
2025-10-30 20:15:00;0.0000
2025-10-30 20:30:00;0.0000
2025-10-30 20:45:00;0.0000
2025-10-30 21:00:00;0.0000
2025-10-30 21:15:00;0.0000
2025-10-30 21:30:00;0.0000
2025-10-30 21:45:00;0.0000
2025-10-30 22:00:00;0.0000
2025-10-30 22:15:00;0.0000
2025-10-30 22:30:00;0.0000
2025-10-30 22:45:00;0.0000
2025-10-30 23:00:00;0.0000
2025-10-30 23:15:00;0.0000
2025-10-30 23:30:00;0.0000
2025-10-30 23:45:00;0.0000
2025-10-31 00:00:00;0.0000
2025-10-31 00:15:00;0.0000
2025-10-31 00:30:00;0.0000
2025-10-31 00:45:00;0.0000
2025-10-31 01:00:00;0.0000
2025-10-31 01:15:00;0.0000
2025-10-31 01:30:00;0.0000
2025-10-31 01:45:00;0.0000
2025-10-31 02:00:00;0.0000
2025-10-31 02:15:00;0.0000
2025-10-31 02:30:00;0.0000
2025-10-31 02:45:00;0.0000
2025-10-31 03:00:00;0.0000
2025-10-31 03:15:00;0.0000
2025-10-31 03:30:00;0.0000
2025-10-31 03:45:00;0.0000
2025-10-31 04:00:00;0.0000
2025-10-31 04:15:00;0.0000
2025-10-31 04:30:00;0.0000
2025-10-31 04:45:00;0.0000
2025-10-31 05:00:00;0.0000
2025-10-31 05:15:00;0.0000
2025-10-31 05:30:00;0.0000
2025-10-31 05:45:00;0.0000
2025-10-31 06:00:00;0.0000
2025-10-31 06:15:00;0.0000
2025-10-31 06:30:00;0.0000
2025-10-31 06:45:00;0.0000
2025-10-31 07:00:00;0.0000
2025-10-31 07:15:00;0.0000
2025-10-31 07:30:00;0.0000
2025-10-31 07:45:00;0.0000
2025-10-31 08:00:00;0.0000
2025-10-31 08:15:00;1.0602
2025-10-31 08:30:00;2.1025
2025-10-31 08:45:00;3.2359
2025-10-31 09:00:00;4.9373
2025-10-31 09:15:00;5.9151
2025-10-31 09:30:00;7.2000
2025-10-31 09:45:00;7.8406
2025-10-31 10:00:00;8.8615
2025-10-31 10:15:00;9.5529
2025-10-31 10:30:00;10.6760
2025-10-31 10:45:00;11.5362
2025-10-31 11:00:00;13.3390
2025-10-31 11:15:00;14.6157
2025-10-31 11:30:00;15.5013
2025-10-31 11:45:00;15.8807
2025-10-31 12:00:00;16.7307
2025-10-31 12:15:00;15.3954
2025-10-31 12:30:00;15.5613
2025-10-31 12:45:00;16.9356
2025-10-31 13:00:00;16.6420
2025-10-31 13:15:00;15.6870
2025-10-31 13:30:00;16.1610
2025-10-31 13:45:00;15.9466
2025-10-31 14:00:00;14.3610
2025-10-31 14:15:00;14.2264
2025-10-31 14:30:00;13.9210
2025-10-31 14:45:00;14.6405
2025-10-31 15:00:00;16.7426
2025-10-31 15:15:00;15.1219
2025-10-31 15:30:00;15.2078
2025-10-31 15:45:00;13.9666
2025-10-31 16:00:00;10.1034
2025-10-31 16:15:00;9.8675
2025-10-31 16:30:00;8.3980
2025-10-31 16:45:00;7.6999
2025-10-31 17:00:00;8.5968
2025-10-31 17:15:00;8.3058
2025-10-31 17:30:00;6.6942
2025-10-31 17:45:00;5.2716
2025-10-31 18:00:00;3.5027
2025-10-31 18:15:00;2.3317
2025-10-31 18:30:00;1.1963
2025-10-31 18:45:00;0.0000
2025-10-31 19:00:00;0.0000
2025-10-31 19:15:00;0.0000
2025-10-31 19:30:00;0.0000
2025-10-31 19:45:00;0.0000
2025-10-31 20:00:00;0.0000
2025-10-31 20:15:00;0.0000
2025-10-31 20:30:00;0.0000
2025-10-31 20:45:00;0.0000
2025-10-31 21:00:00;0.0000
2025-10-31 21:15:00;0.0000
2025-10-31 21:30:00;0.0000
2025-10-31 21:45:00;0.0000
2025-10-31 22:00:00;0.0000
2025-10-31 22:15:00;0.0000
2025-10-31 22:30:00;0.0000
2025-10-31 22:45:00;0.0000
2025-10-31 23:00:00;0.0000
2025-10-31 23:15:00;0.0000
2025-10-31 23:30:00;0.0000
2025-10-31 23:45:00;0.0000
2025-11-01 00:00:00;0.0000
2025-11-01 00:15:00;0.0000
2025-11-01 00:30:00;0.0000
2025-11-01 00:45:00;0.0000
2025-11-01 01:00:00;0.0000
2025-11-01 01:15:00;0.0000
2025-11-01 01:30:00;0.0000
2025-11-01 01:45:00;0.0000
2025-11-01 02:00:00;0.0000
2025-11-01 02:15:00;0.0000
2025-11-01 02:30:00;0.0000
2025-11-01 02:45:00;0.0000
2025-11-01 03:00:00;0.0000
2025-11-01 03:15:00;0.0000
2025-11-01 03:30:00;0.0000
2025-11-01 03:45:00;0.0000
2025-11-01 04:00:00;0.0000
2025-11-01 04:15:00;0.0000
2025-11-01 04:30:00;0.0000
2025-11-01 04:45:00;0.0000
2025-11-01 05:00:00;0.0000
2025-11-01 05:15:00;0.0000
2025-11-01 05:30:00;0.0000
2025-11-01 05:45:00;0.0000
2025-11-01 06:00:00;0.0000
2025-11-01 06:15:00;0.0000
2025-11-01 06:30:00;0.0000
2025-11-01 06:45:00;0.0000
2025-11-01 07:00:00;0.0000
2025-11-01 07:15:00;0.0000
2025-11-01 07:30:00;0.0000
2025-11-01 07:45:00;0.0000
2025-11-01 08:00:00;0.1252
2025-11-01 08:15:00;0.2288
2025-11-01 08:30:00;0.3492
2025-11-01 08:45:00;0.4886
2025-11-01 09:00:00;0.5152
2025-11-01 09:15:00;0.6797
2025-11-01 09:30:00;0.7587
2025-11-01 09:45:00;0.8293
2025-11-01 10:00:00;0.8685
2025-11-01 10:15:00;0.9285
2025-11-01 10:30:00;0.9844
2025-11-01 10:45:00;1.1224
2025-11-01 11:00:00;1.4019
2025-11-01 11:15:00;1.4189
2025-11-01 11:30:00;1.4861
2025-11-01 11:45:00;1.5200
2025-11-01 12:00:00;1.5077
2025-11-01 12:15:00;1.5226
2025-11-01 12:30:00;1.4309
2025-11-01 12:45:00;1.5505
2025-11-01 13:00:00;1.5286
2025-11-01 13:15:00;1.4445
2025-11-01 13:30:00;1.4866
2025-11-01 13:45:00;1.3749
2025-11-01 14:00:00;1.2046
2025-11-01 14:15:00;1.1320
2025-11-01 14:30:00;1.1052
2025-11-01 14:45:00;1.0604
2025-11-01 15:00:00;0.9826
2025-11-01 15:15:00;0.8376
2025-11-01 15:30:00;0.7745
2025-11-01 15:45:00;0.6120
2025-11-01 16:00:00;0.4741
2025-11-01 16:15:00;0.3199
2025-11-01 16:30:00;0.2295
2025-11-01 16:45:00;0.1185
2025-11-01 17:00:00;0.0000
2025-11-01 17:15:00;0.0000
2025-11-01 17:30:00;0.0000
2025-11-01 17:45:00;0.0000
2025-11-01 18:00:00;0.0000
2025-11-01 18:15:00;0.0000
2025-11-01 18:30:00;0.0000
2025-11-01 18:45:00;0.0000
2025-11-01 19:00:00;0.0000
2025-11-01 19:15:00;0.0000
2025-11-01 19:30:00;0.0000
2025-11-01 19:45:00;0.0000
2025-11-01 20:00:00;0.0000
2025-11-01 20:15:00;0.0000
2025-11-01 20:30:00;0.0000
2025-11-01 20:45:00;0.0000
2025-11-01 21:00:00;0.0000
2025-11-01 21:15:00;0.0000
2025-11-01 21:30:00;0.0000
2025-11-01 21:45:00;0.0000
2025-11-01 22:00:00;0.0000
2025-11-01 22:15:00;0.0000
2025-11-01 22:30:00;0.0000
2025-11-01 22:45:00;0.0000
2025-11-01 23:00:00;0.0000
2025-11-01 23:15:00;0.0000
2025-11-01 23:30:00;0.0000
2025-11-01 23:45:00;0.0000
2025-11-02 00:00:00;0.0000
2025-11-02 00:15:00;0.0000
2025-11-02 00:30:00;0.0000
2025-11-02 00:45:00;0.0000
2025-11-02 01:00:00;0.0000
2025-11-02 01:15:00;0.0000
2025-11-02 01:30:00;0.0000
2025-11-02 01:45:00;0.0000
2025-11-02 02:00:00;0.0000
2025-11-02 02:15:00;0.0000
2025-11-02 02:30:00;0.0000
2025-11-02 02:45:00;0.0000
2025-11-02 03:00:00;0.0000
2025-11-02 03:15:00;0.0000
2025-11-02 03:30:00;0.0000
2025-11-02 03:45:00;0.0000
2025-11-02 04:00:00;0.0000
2025-11-02 04:15:00;0.0000
2025-11-02 04:30:00;0.0000
2025-11-02 04:45:00;0.0000
2025-11-02 05:00:00;0.0000
2025-11-02 05:15:00;0.0000
2025-11-02 05:30:00;0.0000
2025-11-02 05:45:00;0.0000
2025-11-02 06:00:00;0.0000
2025-11-02 06:15:00;0.0000
2025-11-02 06:30:00;0.0000
2025-11-02 06:45:00;0.0000
2025-11-02 07:00:00;0.0000
2025-11-02 07:15:00;0.0000
2025-11-02 07:30:00;0.0000
2025-11-02 07:45:00;0.0000
2025-11-02 08:00:00;1.0208
2025-11-02 08:15:00;1.9575
2025-11-02 08:30:00;3.1825
2025-11-02 08:45:00;3.9269
2025-11-02 09:00:00;4.7223
2025-11-02 09:15:00;5.9390
2025-11-02 09:30:00;6.2271
2025-11-02 09:45:00;7.4922
2025-11-02 10:00:00;10.2621
2025-11-02 10:15:00;10.7978
2025-11-02 10:30:00;11.7276
2025-11-02 10:45:00;13.3532
2025-11-02 11:00:00;15.3115
2025-11-02 11:15:00;15.7126
2025-11-02 11:30:00;17.4322
2025-11-02 11:45:00;16.9200
2025-11-02 12:00:00;13.2904
2025-11-02 12:15:00;12.4649
2025-11-02 12:30:00;13.3814
2025-11-02 12:45:00;12.7477
2025-11-02 13:00:00;12.7606
2025-11-02 13:15:00;12.4909
2025-11-02 13:30:00;11.9267
2025-11-02 13:45:00;11.2935
2025-11-02 14:00:00;12.1437
2025-11-02 14:15:00;11.7759
2025-11-02 14:30:00;10.8245
2025-11-02 14:45:00;9.4567
2025-11-02 15:00:00;9.3974
2025-11-02 15:15:00;9.0091
2025-11-02 15:30:00;7.7573
2025-11-02 15:45:00;6.4581
2025-11-02 16:00:00;4.4712
2025-11-02 16:15:00;3.4237
2025-11-02 16:30:00;2.2146
2025-11-02 16:45:00;1.0336
2025-11-02 17:00:00;0.0000
2025-11-02 17:15:00;0.0000
2025-11-02 17:30:00;0.0000
2025-11-02 17:45:00;0.0000
2025-11-02 18:00:00;0.0000
2025-11-02 18:15:00;0.0000
2025-11-02 18:30:00;0.0000
2025-11-02 18:45:00;0.0000
2025-11-02 19:00:00;0.0000
2025-11-02 19:15:00;0.0000
2025-11-02 19:30:00;0.0000
2025-11-02 19:45:00;0.0000
2025-11-02 20:00:00;0.0000
2025-11-02 20:15:00;0.0000
2025-11-02 20:30:00;0.0000
2025-11-02 20:45:00;0.0000
2025-11-02 21:00:00;0.0000
2025-11-02 21:15:00;0.0000
2025-11-02 21:30:00;0.0000
2025-11-02 21:45:00;0.0000
2025-11-02 22:00:00;0.0000
2025-11-02 22:15:00;0.0000
2025-11-02 22:30:00;0.0000
2025-11-02 22:45:00;0.0000
2025-11-02 23:00:00;0.0000
2025-11-02 23:15:00;0.0000
2025-11-02 23:30:00;0.0000
2025-11-02 23:45:00;0.0000
2025-11-03 00:00:00;0.0000
2025-11-03 00:15:00;0.0000
2025-11-03 00:30:00;0.0000
2025-11-03 00:45:00;0.0000
2025-11-03 01:00:00;0.0000
2025-11-03 01:15:00;0.0000
2025-11-03 01:30:00;0.0000
2025-11-03 01:45:00;0.0000
2025-11-03 02:00:00;0.0000
2025-11-03 02:15:00;0.0000
2025-11-03 02:30:00;0.0000
2025-11-03 02:45:00;0.0000
2025-11-03 03:00:00;0.0000
2025-11-03 03:15:00;0.0000
2025-11-03 03:30:00;0.0000
2025-11-03 03:45:00;0.0000
2025-11-03 04:00:00;0.0000
2025-11-03 04:15:00;0.0000
2025-11-03 04:30:00;0.0000
2025-11-03 04:45:00;0.0000
2025-11-03 05:00:00;0.0000
2025-11-03 05:15:00;0.0000
2025-11-03 05:30:00;0.0000
2025-11-03 05:45:00;0.0000
2025-11-03 06:00:00;0.0000
2025-11-03 06:15:00;0.0000
2025-11-03 06:30:00;0.0000
2025-11-03 06:45:00;0.0000
2025-11-03 07:00:00;0.0000
2025-11-03 07:15:00;0.0000
2025-11-03 07:30:00;0.0000
2025-11-03 07:45:00;0.0000
2025-11-03 08:00:00;1.4245
2025-11-03 08:15:00;2.7347
2025-11-03 08:30:00;4.1064
2025-11-03 08:45:00;5.7244
2025-11-03 09:00:00;5.0965
2025-11-03 09:15:00;5.8167
2025-11-03 09:30:00;7.1571
2025-11-03 09:45:00;7.8157
2025-11-03 10:00:00;10.9095
2025-11-03 10:15:00;11.9099
2025-11-03 10:30:00;12.7721
2025-11-03 10:45:00;12.9512
2025-11-03 11:00:00;12.0597
2025-11-03 11:15:00;12.0258
2025-11-03 11:30:00;12.8178
2025-11-03 11:45:00;12.5909
2025-11-03 12:00:00;14.4085
2025-11-03 12:15:00;15.6719
2025-11-03 12:30:00;14.9036
2025-11-03 12:45:00;14.8021
2025-11-03 13:00:00;13.8521
2025-11-03 13:15:00;14.4576
2025-11-03 13:30:00;14.1247
2025-11-03 13:45:00;13.7704
2025-11-03 14:00:00;13.2434
2025-11-03 14:15:00;12.0391
2025-11-03 14:30:00;11.2693
2025-11-03 14:45:00;10.7630
2025-11-03 15:00:00;8.0883
2025-11-03 15:15:00;7.2935
2025-11-03 15:30:00;6.3760
2025-11-03 15:45:00;5.6455
2025-11-03 16:00:00;4.3492
2025-11-03 16:15:00;3.2452
2025-11-03 16:30:00;2.1622
2025-11-03 16:45:00;1.0672
2025-11-03 17:00:00;0.0000
2025-11-03 17:15:00;0.0000
2025-11-03 17:30:00;0.0000
2025-11-03 17:45:00;0.0000
2025-11-03 18:00:00;0.0000
2025-11-03 18:15:00;0.0000
2025-11-03 18:30:00;0.0000
2025-11-03 18:45:00;0.0000
2025-11-03 19:00:00;0.0000
2025-11-03 19:15:00;0.0000
2025-11-03 19:30:00;0.0000
2025-11-03 19:45:00;0.0000
2025-11-03 20:00:00;0.0000
2025-11-03 20:15:00;0.0000
2025-11-03 20:30:00;0.0000
2025-11-03 20:45:00;0.0000
2025-11-03 21:00:00;0.0000
2025-11-03 21:15:00;0.0000
2025-11-03 21:30:00;0.0000
2025-11-03 21:45:00;0.0000
2025-11-03 22:00:00;0.0000
2025-11-03 22:15:00;0.0000
2025-11-03 22:30:00;0.0000
2025-11-03 22:45:00;0.0000
2025-11-03 23:00:00;0.0000
2025-11-03 23:15:00;0.0000
2025-11-03 23:30:00;0.0000
2025-11-03 23:45:00;0.0000
2025-11-04 00:00:00;0.0000
2025-11-04 00:15:00;0.0000
2025-11-04 00:30:00;0.0000
2025-11-04 00:45:00;0.0000
2025-11-04 01:00:00;0.0000
2025-11-04 01:15:00;0.0000
2025-11-04 01:30:00;0.0000
2025-11-04 01:45:00;0.0000
2025-11-04 02:00:00;0.0000
2025-11-04 02:15:00;0.0000
2025-11-04 02:30:00;0.0000
2025-11-04 02:45:00;0.0000
2025-11-04 03:00:00;0.0000
2025-11-04 03:15:00;0.0000
2025-11-04 03:30:00;0.0000
2025-11-04 03:45:00;0.0000
2025-11-04 04:00:00;0.0000
2025-11-04 04:15:00;0.0000
2025-11-04 04:30:00;0.0000
2025-11-04 04:45:00;0.0000
2025-11-04 05:00:00;0.0000
2025-11-04 05:15:00;0.0000
2025-11-04 05:30:00;0.0000
2025-11-04 05:45:00;0.0000
2025-11-04 06:00:00;0.0000
2025-11-04 06:15:00;0.0000
2025-11-04 06:30:00;0.0000
2025-11-04 06:45:00;0.0000
2025-11-04 07:00:00;0.0000
2025-11-04 07:15:00;0.0000
2025-11-04 07:30:00;0.0000
2025-11-04 07:45:00;0.0000
2025-11-04 08:00:00;1.1881
2025-11-04 08:15:00;2.1142
2025-11-04 08:30:00;3.3797
2025-11-04 08:45:00;4.4844
2025-11-04 09:00:00;5.6940
2025-11-04 09:15:00;6.7350
2025-11-04 09:30:00;7.9993
2025-11-04 09:45:00;8.9843
2025-11-04 10:00:00;7.9709
2025-11-04 10:15:00;8.7666
2025-11-04 10:30:00;8.4967
2025-11-04 10:45:00;9.1790
2025-11-04 11:00:00;12.0939
2025-11-04 11:15:00;12.5076
2025-11-04 11:30:00;12.7332
2025-11-04 11:45:00;13.2406
2025-11-04 12:00:00;14.6270
2025-11-04 12:15:00;15.5277
2025-11-04 12:30:00;14.5176
2025-11-04 12:45:00;14.6039
2025-11-04 13:00:00;14.2447
2025-11-04 13:15:00;13.8210
2025-11-04 13:30:00;13.0143
2025-11-04 13:45:00;12.5122
2025-11-04 14:00:00;11.4701
2025-11-04 14:15:00;10.9323
2025-11-04 14:30:00;9.8505
2025-11-04 14:45:00;9.4675
2025-11-04 15:00:00;9.7228
2025-11-04 15:15:00;8.3702
2025-11-04 15:30:00;7.6409
2025-11-04 15:45:00;6.3295
2025-11-04 16:00:00;4.9676
2025-11-04 16:15:00;3.6583
2025-11-04 16:30:00;2.3336
2025-11-04 16:45:00;1.2855
2025-11-04 17:00:00;0.0000
2025-11-04 17:15:00;0.0000
2025-11-04 17:30:00;0.0000
2025-11-04 17:45:00;0.0000
2025-11-04 18:00:00;0.0000
2025-11-04 18:15:00;0.0000
2025-11-04 18:30:00;0.0000
2025-11-04 18:45:00;0.0000
2025-11-04 19:00:00;0.0000
2025-11-04 19:15:00;0.0000
2025-11-04 19:30:00;0.0000
2025-11-04 19:45:00;0.0000
2025-11-04 20:00:00;0.0000
2025-11-04 20:15:00;0.0000
2025-11-04 20:30:00;0.0000
2025-11-04 20:45:00;0.0000
2025-11-04 21:00:00;0.0000
2025-11-04 21:15:00;0.0000
2025-11-04 21:30:00;0.0000
2025-11-04 21:45:00;0.0000
2025-11-04 22:00:00;0.0000
2025-11-04 22:15:00;0.0000
2025-11-04 22:30:00;0.0000
2025-11-04 22:45:00;0.0000
2025-11-04 23:00:00;0.0000
2025-11-04 23:15:00;0.0000
2025-11-04 23:30:00;0.0000
2025-11-04 23:45:00;0.0000
2025-11-05 00:00:00;0.0000
2025-11-05 00:15:00;0.0000
2025-11-05 00:30:00;0.0000
2025-11-05 00:45:00;0.0000
2025-11-05 01:00:00;0.0000
2025-11-05 01:15:00;0.0000
2025-11-05 01:30:00;0.0000
2025-11-05 01:45:00;0.0000
2025-11-05 02:00:00;0.0000
2025-11-05 02:15:00;0.0000
2025-11-05 02:30:00;0.0000
2025-11-05 02:45:00;0.0000
2025-11-05 03:00:00;0.0000
2025-11-05 03:15:00;0.0000
2025-11-05 03:30:00;0.0000
2025-11-05 03:45:00;0.0000
2025-11-05 04:00:00;0.0000
2025-11-05 04:15:00;0.0000
2025-11-05 04:30:00;0.0000
2025-11-05 04:45:00;0.0000
2025-11-05 05:00:00;0.0000
2025-11-05 05:15:00;0.0000
2025-11-05 05:30:00;0.0000
2025-11-05 05:45:00;0.0000
2025-11-05 06:00:00;0.0000
2025-11-05 06:15:00;0.0000
2025-11-05 06:30:00;0.0000
2025-11-05 06:45:00;0.0000
2025-11-05 07:00:00;0.0000
2025-11-05 07:15:00;0.0000
2025-11-05 07:30:00;0.0000
2025-11-05 07:45:00;0.0000
2025-11-05 08:00:00;0.1270
2025-11-05 08:15:00;0.2524
2025-11-05 08:30:00;0.3987
2025-11-05 08:45:00;0.5194
2025-11-05 09:00:00;0.6245
2025-11-05 09:15:00;0.7851
2025-11-05 09:30:00;0.9098
2025-11-05 09:45:00;1.0012
2025-11-05 10:00:00;1.1226
2025-11-05 10:15:00;1.0978
2025-11-05 10:30:00;1.1751
2025-11-05 10:45:00;1.2920
2025-11-05 11:00:00;1.2182
2025-11-05 11:15:00;1.2702
2025-11-05 11:30:00;1.2425
2025-11-05 11:45:00;1.3425
2025-11-05 12:00:00;1.4182
2025-11-05 12:15:00;1.3826
2025-11-05 12:30:00;1.4480
2025-11-05 12:45:00;1.3610
2025-11-05 13:00:00;1.4374
2025-11-05 13:15:00;1.5219
2025-11-05 13:30:00;1.4158
2025-11-05 13:45:00;1.2950
2025-11-05 14:00:00;1.3909
2025-11-05 14:15:00;1.2167
2025-11-05 14:30:00;1.1999
2025-11-05 14:45:00;1.0870
2025-11-05 15:00:00;0.8117
2025-11-05 15:15:00;0.7020
2025-11-05 15:30:00;0.5623
2025-11-05 15:45:00;0.5220
2025-11-05 16:00:00;0.4812
2025-11-05 16:15:00;0.3691
2025-11-05 16:30:00;0.2508
2025-11-05 16:45:00;0.1260
2025-11-05 17:00:00;0.0000
2025-11-05 17:15:00;0.0000
2025-11-05 17:30:00;0.0000
2025-11-05 17:45:00;0.0000
2025-11-05 18:00:00;0.0000
2025-11-05 18:15:00;0.0000
2025-11-05 18:30:00;0.0000
2025-11-05 18:45:00;0.0000
2025-11-05 19:00:00;0.0000
2025-11-05 19:15:00;0.0000
2025-11-05 19:30:00;0.0000
2025-11-05 19:45:00;0.0000
2025-11-05 20:00:00;0.0000
2025-11-05 20:15:00;0.0000
2025-11-05 20:30:00;0.0000
2025-11-05 20:45:00;0.0000
2025-11-05 21:00:00;0.0000
2025-11-05 21:15:00;0.0000
2025-11-05 21:30:00;0.0000
2025-11-05 21:45:00;0.0000
2025-11-05 22:00:00;0.0000
2025-11-05 22:15:00;0.0000
2025-11-05 22:30:00;0.0000
2025-11-05 22:45:00;0.0000
2025-11-05 23:00:00;0.0000
2025-11-05 23:15:00;0.0000
2025-11-05 23:30:00;0.0000
2025-11-05 23:45:00;0.0000
2025-11-06 00:00:00;0.0000
2025-11-06 00:15:00;0.0000
2025-11-06 00:30:00;0.0000
2025-11-06 00:45:00;0.0000
2025-11-06 01:00:00;0.0000
2025-11-06 01:15:00;0.0000
2025-11-06 01:30:00;0.0000
2025-11-06 01:45:00;0.0000
2025-11-06 02:00:00;0.0000
2025-11-06 02:15:00;0.0000
2025-11-06 02:30:00;0.0000
2025-11-06 02:45:00;0.0000
2025-11-06 03:00:00;0.0000
2025-11-06 03:15:00;0.0000
2025-11-06 03:30:00;0.0000
2025-11-06 03:45:00;0.0000
2025-11-06 04:00:00;0.0000
2025-11-06 04:15:00;0.0000
2025-11-06 04:30:00;0.0000
2025-11-06 04:45:00;0.0000
2025-11-06 05:00:00;0.0000
2025-11-06 05:15:00;0.0000
2025-11-06 05:30:00;0.0000
2025-11-06 05:45:00;0.0000
2025-11-06 06:00:00;0.0000
2025-11-06 06:15:00;0.0000
2025-11-06 06:30:00;0.0000
2025-11-06 06:45:00;0.0000
2025-11-06 07:00:00;0.0000
2025-11-06 07:15:00;0.0000
2025-11-06 07:30:00;0.0000
2025-11-06 07:45:00;0.0000
2025-11-06 08:00:00;0.3908
2025-11-06 08:15:00;0.8188
2025-11-06 08:30:00;1.2210
2025-11-06 08:45:00;1.5512
2025-11-06 09:00:00;3.8343
2025-11-06 09:15:00;4.3717
2025-11-06 09:30:00;4.9583
2025-11-06 09:45:00;5.6462
2025-11-06 10:00:00;4.6471
2025-11-06 10:15:00;5.0944
2025-11-06 10:30:00;5.0996
2025-11-06 10:45:00;5.9466
2025-11-06 11:00:00;7.5051
2025-11-06 11:15:00;8.0734
2025-11-06 11:30:00;8.7283
2025-11-06 11:45:00;8.7448
2025-11-06 12:00:00;7.5593
2025-11-06 12:15:00;7.3112
2025-11-06 12:30:00;6.8241
2025-11-06 12:45:00;7.1914
2025-11-06 13:00:00;6.0562
2025-11-06 13:15:00;5.9200
2025-11-06 13:30:00;5.6404
2025-11-06 13:45:00;5.3577
2025-11-06 14:00:00;8.7170
2025-11-06 14:15:00;7.9303
2025-11-06 14:30:00;7.7271
2025-11-06 14:45:00;6.8418
2025-11-06 15:00:00;3.6428
2025-11-06 15:15:00;3.2608
2025-11-06 15:30:00;2.7374
2025-11-06 15:45:00;2.5147
2025-11-06 16:00:00;3.1918
2025-11-06 16:15:00;2.3252
2025-11-06 16:30:00;1.6125
2025-11-06 16:45:00;0.8443
2025-11-06 17:00:00;0.0000
2025-11-06 17:15:00;0.0000
2025-11-06 17:30:00;0.0000
2025-11-06 17:45:00;0.0000
2025-11-06 18:00:00;0.0000
2025-11-06 18:15:00;0.0000
2025-11-06 18:30:00;0.0000
2025-11-06 18:45:00;0.0000
2025-11-06 19:00:00;0.0000
2025-11-06 19:15:00;0.0000
2025-11-06 19:30:00;0.0000
2025-11-06 19:45:00;0.0000
2025-11-06 20:00:00;0.0000
2025-11-06 20:15:00;0.0000
2025-11-06 20:30:00;0.0000
2025-11-06 20:45:00;0.0000
2025-11-06 21:00:00;0.0000
2025-11-06 21:15:00;0.0000
2025-11-06 21:30:00;0.0000
2025-11-06 21:45:00;0.0000
2025-11-06 22:00:00;0.0000
2025-11-06 22:15:00;0.0000
2025-11-06 22:30:00;0.0000
2025-11-06 22:45:00;0.0000
2025-11-06 23:00:00;0.0000
2025-11-06 23:15:00;0.0000
2025-11-06 23:30:00;0.0000
2025-11-06 23:45:00;0.0000
2025-11-07 00:00:00;0.0000
2025-11-07 00:15:00;0.0000
2025-11-07 00:30:00;0.0000
2025-11-07 00:45:00;0.0000
2025-11-07 01:00:00;0.0000
2025-11-07 01:15:00;0.0000
2025-11-07 01:30:00;0.0000
2025-11-07 01:45:00;0.0000
2025-11-07 02:00:00;0.0000
2025-11-07 02:15:00;0.0000
2025-11-07 02:30:00;0.0000
2025-11-07 02:45:00;0.0000
2025-11-07 03:00:00;0.0000
2025-11-07 03:15:00;0.0000
2025-11-07 03:30:00;0.0000
2025-11-07 03:45:00;0.0000
2025-11-07 04:00:00;0.0000
2025-11-07 04:15:00;0.0000
2025-11-07 04:30:00;0.0000
2025-11-07 04:45:00;0.0000
2025-11-07 05:00:00;0.0000
2025-11-07 05:15:00;0.0000
2025-11-07 05:30:00;0.0000
2025-11-07 05:45:00;0.0000
2025-11-07 06:00:00;0.0000
2025-11-07 06:15:00;0.0000
2025-11-07 06:30:00;0.0000
2025-11-07 06:45:00;0.0000
2025-11-07 07:00:00;0.0000
2025-11-07 07:15:00;0.0000
2025-11-07 07:30:00;0.0000
2025-11-07 07:45:00;0.0000
2025-11-07 08:00:00;0.1276
2025-11-07 08:15:00;0.2482
2025-11-07 08:30:00;0.3694
2025-11-07 08:45:00;0.5046
2025-11-07 09:00:00;0.6035
2025-11-07 09:15:00;0.6615
2025-11-07 09:30:00;0.7639
2025-11-07 09:45:00;0.9009
2025-11-07 10:00:00;0.9361
2025-11-07 10:15:00;0.9509
2025-11-07 10:30:00;1.0278
2025-11-07 10:45:00;1.0747
2025-11-07 11:00:00;1.4038
2025-11-07 11:15:00;1.4593
2025-11-07 11:30:00;1.4526
2025-11-07 11:45:00;1.5130
2025-11-07 12:00:00;1.5401
2025-11-07 12:15:00;1.5892
2025-11-07 12:30:00;1.6093
2025-11-07 12:45:00;1.4853
2025-11-07 13:00:00;1.4021
2025-11-07 13:15:00;1.4159
2025-11-07 13:30:00;1.3779
2025-11-07 13:45:00;1.3245
2025-11-07 14:00:00;1.2795
2025-11-07 14:15:00;1.2425
2025-11-07 14:30:00;1.1267
2025-11-07 14:45:00;1.0430
2025-11-07 15:00:00;0.8267
2025-11-07 15:15:00;0.7467
2025-11-07 15:30:00;0.6455
2025-11-07 15:45:00;0.5793
2025-11-07 16:00:00;0.4422
2025-11-07 16:15:00;0.3267
2025-11-07 16:30:00;0.2217
2025-11-07 16:45:00;0.1154
2025-11-07 17:00:00;0.0000
2025-11-07 17:15:00;0.0000
2025-11-07 17:30:00;0.0000
2025-11-07 17:45:00;0.0000
2025-11-07 18:00:00;0.0000
2025-11-07 18:15:00;0.0000
2025-11-07 18:30:00;0.0000
2025-11-07 18:45:00;0.0000
2025-11-07 19:00:00;0.0000
2025-11-07 19:15:00;0.0000
2025-11-07 19:30:00;0.0000
2025-11-07 19:45:00;0.0000
2025-11-07 20:00:00;0.0000
2025-11-07 20:15:00;0.0000
2025-11-07 20:30:00;0.0000
2025-11-07 20:45:00;0.0000
2025-11-07 21:00:00;0.0000
2025-11-07 21:15:00;0.0000
2025-11-07 21:30:00;0.0000
2025-11-07 21:45:00;0.0000
2025-11-07 22:00:00;0.0000
2025-11-07 22:15:00;0.0000
2025-11-07 22:30:00;0.0000
2025-11-07 22:45:00;0.0000
2025-11-07 23:00:00;0.0000
2025-11-07 23:15:00;0.0000
2025-11-07 23:30:00;0.0000
2025-11-07 23:45:00;0.0000
2025-11-08 00:00:00;0.0000
2025-11-08 00:15:00;0.0000
2025-11-08 00:30:00;0.0000
2025-11-08 00:45:00;0.0000
2025-11-08 01:00:00;0.0000
2025-11-08 01:15:00;0.0000
2025-11-08 01:30:00;0.0000
2025-11-08 01:45:00;0.0000
2025-11-08 02:00:00;0.0000
2025-11-08 02:15:00;0.0000
2025-11-08 02:30:00;0.0000
2025-11-08 02:45:00;0.0000
2025-11-08 03:00:00;0.0000
2025-11-08 03:15:00;0.0000
2025-11-08 03:30:00;0.0000
2025-11-08 03:45:00;0.0000
2025-11-08 04:00:00;0.0000
2025-11-08 04:15:00;0.0000
2025-11-08 04:30:00;0.0000
2025-11-08 04:45:00;0.0000
2025-11-08 05:00:00;0.0000
2025-11-08 05:15:00;0.0000
2025-11-08 05:30:00;0.0000
2025-11-08 05:45:00;0.0000
2025-11-08 06:00:00;0.0000
2025-11-08 06:15:00;0.0000
2025-11-08 06:30:00;0.0000
2025-11-08 06:45:00;0.0000
2025-11-08 07:00:00;0.0000
2025-11-08 07:15:00;0.0000
2025-11-08 07:30:00;0.0000
2025-11-08 07:45:00;0.0000
2025-11-08 08:00:00;0.3269
2025-11-08 08:15:00;0.7168
2025-11-08 08:30:00;1.0096
2025-11-08 08:45:00;1.4400
2025-11-08 09:00:00;1.2792
2025-11-08 09:15:00;1.5318
2025-11-08 09:30:00;1.9009
2025-11-08 09:45:00;2.1536
2025-11-08 10:00:00;2.8515
2025-11-08 10:15:00;3.0515
2025-11-08 10:30:00;3.1332
2025-11-08 10:45:00;3.5002
2025-11-08 11:00:00;2.7600
2025-11-08 11:15:00;2.9198
2025-11-08 11:30:00;3.0036
2025-11-08 11:45:00;3.1556
2025-11-08 12:00:00;3.7209
2025-11-08 12:15:00;3.6171
2025-11-08 12:30:00;3.2488
2025-11-08 12:45:00;3.6683
2025-11-08 13:00:00;3.3829
2025-11-08 13:15:00;3.4128
2025-11-08 13:30:00;3.2566
2025-11-08 13:45:00;3.1599
2025-11-08 14:00:00;3.1120
2025-11-08 14:15:00;3.0474
2025-11-08 14:30:00;2.8041
2025-11-08 14:45:00;2.5734
2025-11-08 15:00:00;2.6176
2025-11-08 15:15:00;2.1560
2025-11-08 15:30:00;1.8830
2025-11-08 15:45:00;1.6355
2025-11-08 16:00:00;1.1642
2025-11-08 16:15:00;0.8559
2025-11-08 16:30:00;0.6082
2025-11-08 16:45:00;0.3136
2025-11-08 17:00:00;0.0000
2025-11-08 17:15:00;0.0000
2025-11-08 17:30:00;0.0000
2025-11-08 17:45:00;0.0000
2025-11-08 18:00:00;0.0000
2025-11-08 18:15:00;0.0000
2025-11-08 18:30:00;0.0000
2025-11-08 18:45:00;0.0000
2025-11-08 19:00:00;0.0000
2025-11-08 19:15:00;0.0000
2025-11-08 19:30:00;0.0000
2025-11-08 19:45:00;0.0000
2025-11-08 20:00:00;0.0000
2025-11-08 20:15:00;0.0000
2025-11-08 20:30:00;0.0000
2025-11-08 20:45:00;0.0000
2025-11-08 21:00:00;0.0000
2025-11-08 21:15:00;0.0000
2025-11-08 21:30:00;0.0000
2025-11-08 21:45:00;0.0000
2025-11-08 22:00:00;0.0000
2025-11-08 22:15:00;0.0000
2025-11-08 22:30:00;0.0000
2025-11-08 22:45:00;0.0000
2025-11-08 23:00:00;0.0000
2025-11-08 23:15:00;0.0000
2025-11-08 23:30:00;0.0000
2025-11-08 23:45:00;0.0000
2025-11-09 00:00:00;0.0000
2025-11-09 00:15:00;0.0000
2025-11-09 00:30:00;0.0000
2025-11-09 00:45:00;0.0000
2025-11-09 01:00:00;0.0000
2025-11-09 01:15:00;0.0000
2025-11-09 01:30:00;0.0000
2025-11-09 01:45:00;0.0000
2025-11-09 02:00:00;0.0000
2025-11-09 02:15:00;0.0000
2025-11-09 02:30:00;0.0000
2025-11-09 02:45:00;0.0000
2025-11-09 03:00:00;0.0000
2025-11-09 03:15:00;0.0000
2025-11-09 03:30:00;0.0000
2025-11-09 03:45:00;0.0000
2025-11-09 04:00:00;0.0000
2025-11-09 04:15:00;0.0000
2025-11-09 04:30:00;0.0000
2025-11-09 04:45:00;0.0000
2025-11-09 05:00:00;0.0000
2025-11-09 05:15:00;0.0000
2025-11-09 05:30:00;0.0000
2025-11-09 05:45:00;0.0000
2025-11-09 06:00:00;0.0000
2025-11-09 06:15:00;0.0000
2025-11-09 06:30:00;0.0000
2025-11-09 06:45:00;0.0000
2025-11-09 07:00:00;0.0000
2025-11-09 07:15:00;0.0000
2025-11-09 07:30:00;0.0000
2025-11-09 07:45:00;0.0000
2025-11-09 08:00:00;0.7031
2025-11-09 08:15:00;1.4733
2025-11-09 08:30:00;2.2037
2025-11-09 08:45:00;3.0142
2025-11-09 09:00:00;3.8962
2025-11-09 09:15:00;4.7020
2025-11-09 09:30:00;5.0532
2025-11-09 09:45:00;6.0683
2025-11-09 10:00:00;4.4966
2025-11-09 10:15:00;4.9476
2025-11-09 10:30:00;5.5732
2025-11-09 10:45:00;5.3662
2025-11-09 11:00:00;7.9073
2025-11-09 11:15:00;8.6122
2025-11-09 11:30:00;8.7087
2025-11-09 11:45:00;9.1260
2025-11-09 12:00:00;8.2187
2025-11-09 12:15:00;8.4701
2025-11-09 12:30:00;8.1216
2025-11-09 12:45:00;8.2680
2025-11-09 13:00:00;8.7356
2025-11-09 13:15:00;9.1107
2025-11-09 13:30:00;8.3880
2025-11-09 13:45:00;7.9996
2025-11-09 14:00:00;9.7240
2025-11-09 14:15:00;8.5000
2025-11-09 14:30:00;8.5219
2025-11-09 14:45:00;7.6903
2025-11-09 15:00:00;6.1464
2025-11-09 15:15:00;5.3334
2025-11-09 15:30:00;4.4721
2025-11-09 15:45:00;3.9573
2025-11-09 16:00:00;3.2518
2025-11-09 16:15:00;2.3906
2025-11-09 16:30:00;1.6859
2025-11-09 16:45:00;0.7270
2025-11-09 17:00:00;0.0000
2025-11-09 17:15:00;0.0000
2025-11-09 17:30:00;0.0000
2025-11-09 17:45:00;0.0000
2025-11-09 18:00:00;0.0000
2025-11-09 18:15:00;0.0000
2025-11-09 18:30:00;0.0000
2025-11-09 18:45:00;0.0000
2025-11-09 19:00:00;0.0000
2025-11-09 19:15:00;0.0000
2025-11-09 19:30:00;0.0000
2025-11-09 19:45:00;0.0000
2025-11-09 20:00:00;0.0000
2025-11-09 20:15:00;0.0000
2025-11-09 20:30:00;0.0000
2025-11-09 20:45:00;0.0000
2025-11-09 21:00:00;0.0000
2025-11-09 21:15:00;0.0000
2025-11-09 21:30:00;0.0000
2025-11-09 21:45:00;0.0000
2025-11-09 22:00:00;0.0000
2025-11-09 22:15:00;0.0000
2025-11-09 22:30:00;0.0000
2025-11-09 22:45:00;0.0000
2025-11-09 23:00:00;0.0000
2025-11-09 23:15:00;0.0000
2025-11-09 23:30:00;0.0000
2025-11-09 23:45:00;0.0000
2025-11-10 00:00:00;0.0000
2025-11-10 00:15:00;0.0000
2025-11-10 00:30:00;0.0000
2025-11-10 00:45:00;0.0000
2025-11-10 01:00:00;0.0000
2025-11-10 01:15:00;0.0000
2025-11-10 01:30:00;0.0000
2025-11-10 01:45:00;0.0000
2025-11-10 02:00:00;0.0000
2025-11-10 02:15:00;0.0000
2025-11-10 02:30:00;0.0000
2025-11-10 02:45:00;0.0000
2025-11-10 03:00:00;0.0000
2025-11-10 03:15:00;0.0000
2025-11-10 03:30:00;0.0000
2025-11-10 03:45:00;0.0000
2025-11-10 04:00:00;0.0000
2025-11-10 04:15:00;0.0000
2025-11-10 04:30:00;0.0000
2025-11-10 04:45:00;0.0000
2025-11-10 05:00:00;0.0000
2025-11-10 05:15:00;0.0000
2025-11-10 05:30:00;0.0000
2025-11-10 05:45:00;0.0000
2025-11-10 06:00:00;0.0000
2025-11-10 06:15:00;0.0000
2025-11-10 06:30:00;0.0000
2025-11-10 06:45:00;0.0000
2025-11-10 07:00:00;0.0000
2025-11-10 07:15:00;0.0000
2025-11-10 07:30:00;0.0000
2025-11-10 07:45:00;0.0000
2025-11-10 08:00:00;0.8660
2025-11-10 08:15:00;1.7271
2025-11-10 08:30:00;2.6761
2025-11-10 08:45:00;3.2705
2025-11-10 09:00:00;3.5099
2025-11-10 09:15:00;4.1992
2025-11-10 09:30:00;4.6246
2025-11-10 09:45:00;5.6250
2025-11-10 10:00:00;7.1377
2025-11-10 10:15:00;7.2733
2025-11-10 10:30:00;8.1556
2025-11-10 10:45:00;8.6439
2025-11-10 11:00:00;7.1443
2025-11-10 11:15:00;7.3434
2025-11-10 11:30:00;7.3163
2025-11-10 11:45:00;7.2621
2025-11-10 12:00:00;9.8397
2025-11-10 12:15:00;9.5441
2025-11-10 12:30:00;9.4035
2025-11-10 12:45:00;9.2300
2025-11-10 13:00:00;8.4696
2025-11-10 13:15:00;8.4126
2025-11-10 13:30:00;8.2089
2025-11-10 13:45:00;7.9259
2025-11-10 14:00:00;8.2027
2025-11-10 14:15:00;7.4834
2025-11-10 14:30:00;7.0474
2025-11-10 14:45:00;6.4783
2025-11-10 15:00:00;5.9399
2025-11-10 15:15:00;5.4498
2025-11-10 15:30:00;4.8950
2025-11-10 15:45:00;4.0139
2025-11-10 16:00:00;2.2209
2025-11-10 16:15:00;1.7021
2025-11-10 16:30:00;1.1036
2025-11-10 16:45:00;0.5768
2025-11-10 17:00:00;0.0000
2025-11-10 17:15:00;0.0000
2025-11-10 17:30:00;0.0000
2025-11-10 17:45:00;0.0000
2025-11-10 18:00:00;0.0000
2025-11-10 18:15:00;0.0000
2025-11-10 18:30:00;0.0000
2025-11-10 18:45:00;0.0000
2025-11-10 19:00:00;0.0000
2025-11-10 19:15:00;0.0000
2025-11-10 19:30:00;0.0000
2025-11-10 19:45:00;0.0000
2025-11-10 20:00:00;0.0000
2025-11-10 20:15:00;0.0000
2025-11-10 20:30:00;0.0000
2025-11-10 20:45:00;0.0000
2025-11-10 21:00:00;0.0000
2025-11-10 21:15:00;0.0000
2025-11-10 21:30:00;0.0000
2025-11-10 21:45:00;0.0000
2025-11-10 22:00:00;0.0000
2025-11-10 22:15:00;0.0000
2025-11-10 22:30:00;0.0000
2025-11-10 22:45:00;0.0000
2025-11-10 23:00:00;0.0000
2025-11-10 23:15:00;0.0000
2025-11-10 23:30:00;0.0000
2025-11-10 23:45:00;0.0000
2025-11-11 00:00:00;0.0000
2025-11-11 00:15:00;0.0000
2025-11-11 00:30:00;0.0000
2025-11-11 00:45:00;0.0000
2025-11-11 01:00:00;0.0000
2025-11-11 01:15:00;0.0000
2025-11-11 01:30:00;0.0000
2025-11-11 01:45:00;0.0000
2025-11-11 02:00:00;0.0000
2025-11-11 02:15:00;0.0000
2025-11-11 02:30:00;0.0000
2025-11-11 02:45:00;0.0000
2025-11-11 03:00:00;0.0000
2025-11-11 03:15:00;0.0000
2025-11-11 03:30:00;0.0000
2025-11-11 03:45:00;0.0000
2025-11-11 04:00:00;0.0000
2025-11-11 04:15:00;0.0000
2025-11-11 04:30:00;0.0000
2025-11-11 04:45:00;0.0000
2025-11-11 05:00:00;0.0000
2025-11-11 05:15:00;0.0000
2025-11-11 05:30:00;0.0000
2025-11-11 05:45:00;0.0000
2025-11-11 06:00:00;0.0000
2025-11-11 06:15:00;0.0000
2025-11-11 06:30:00;0.0000
2025-11-11 06:45:00;0.0000
2025-11-11 07:00:00;0.0000
2025-11-11 07:15:00;0.0000
2025-11-11 07:30:00;0.0000
2025-11-11 07:45:00;0.0000
2025-11-11 08:00:00;0.2629
2025-11-11 08:15:00;0.5027
2025-11-11 08:30:00;0.7446
2025-11-11 08:45:00;1.0375
2025-11-11 09:00:00;1.5482
2025-11-11 09:15:00;1.7545
2025-11-11 09:30:00;2.0998
2025-11-11 09:45:00;2.2764
2025-11-11 10:00:00;2.4006
2025-11-11 10:15:00;2.3868
2025-11-11 10:30:00;2.6295
2025-11-11 10:45:00;2.7534
2025-11-11 11:00:00;3.2261
2025-11-11 11:15:00;3.2204
2025-11-11 11:30:00;3.4326
2025-11-11 11:45:00;3.6161
2025-11-11 12:00:00;3.4756
2025-11-11 12:15:00;3.5544
2025-11-11 12:30:00;3.4162
2025-11-11 12:45:00;3.4401
2025-11-11 13:00:00;3.6990
2025-11-11 13:15:00;3.6628
2025-11-11 13:30:00;3.2494
2025-11-11 13:45:00;3.2740
2025-11-11 14:00:00;2.9536
2025-11-11 14:15:00;2.8252
2025-11-11 14:30:00;2.5184
2025-11-11 14:45:00;2.4532
2025-11-11 15:00:00;2.2150
2025-11-11 15:15:00;2.1196
2025-11-11 15:30:00;1.9269
2025-11-11 15:45:00;1.5896
2025-11-11 16:00:00;1.3535
2025-11-11 16:15:00;1.0068
2025-11-11 16:30:00;0.7053
2025-11-11 16:45:00;0.3337
2025-11-11 17:00:00;0.0000
2025-11-11 17:15:00;0.0000
2025-11-11 17:30:00;0.0000
2025-11-11 17:45:00;0.0000
2025-11-11 18:00:00;0.0000
2025-11-11 18:15:00;0.0000
2025-11-11 18:30:00;0.0000
2025-11-11 18:45:00;0.0000
2025-11-11 19:00:00;0.0000
2025-11-11 19:15:00;0.0000
2025-11-11 19:30:00;0.0000
2025-11-11 19:45:00;0.0000
2025-11-11 20:00:00;0.0000
2025-11-11 20:15:00;0.0000
2025-11-11 20:30:00;0.0000
2025-11-11 20:45:00;0.0000
2025-11-11 21:00:00;0.0000
2025-11-11 21:15:00;0.0000
2025-11-11 21:30:00;0.0000
2025-11-11 21:45:00;0.0000
2025-11-11 22:00:00;0.0000
2025-11-11 22:15:00;0.0000
2025-11-11 22:30:00;0.0000
2025-11-11 22:45:00;0.0000
2025-11-11 23:00:00;0.0000
2025-11-11 23:15:00;0.0000
2025-11-11 23:30:00;0.0000
2025-11-11 23:45:00;0.0000
2025-11-12 00:00:00;0.0000
2025-11-12 00:15:00;0.0000
2025-11-12 00:30:00;0.0000
2025-11-12 00:45:00;0.0000
2025-11-12 01:00:00;0.0000
2025-11-12 01:15:00;0.0000
2025-11-12 01:30:00;0.0000
2025-11-12 01:45:00;0.0000
2025-11-12 02:00:00;0.0000
2025-11-12 02:15:00;0.0000
2025-11-12 02:30:00;0.0000
2025-11-12 02:45:00;0.0000
2025-11-12 03:00:00;0.0000
2025-11-12 03:15:00;0.0000
2025-11-12 03:30:00;0.0000
2025-11-12 03:45:00;0.0000
2025-11-12 04:00:00;0.0000
2025-11-12 04:15:00;0.0000
2025-11-12 04:30:00;0.0000
2025-11-12 04:45:00;0.0000
2025-11-12 05:00:00;0.0000
2025-11-12 05:15:00;0.0000
2025-11-12 05:30:00;0.0000
2025-11-12 05:45:00;0.0000
2025-11-12 06:00:00;0.0000
2025-11-12 06:15:00;0.0000
2025-11-12 06:30:00;0.0000
2025-11-12 06:45:00;0.0000
2025-11-12 07:00:00;0.0000
2025-11-12 07:15:00;0.0000
2025-11-12 07:30:00;0.0000
2025-11-12 07:45:00;0.0000
2025-11-12 08:00:00;0.2915
2025-11-12 08:15:00;0.5932
2025-11-12 08:30:00;0.8688
2025-11-12 08:45:00;1.2275
2025-11-12 09:00:00;1.4471
2025-11-12 09:15:00;1.7242
2025-11-12 09:30:00;1.8938
2025-11-12 09:45:00;2.1522
2025-11-12 10:00:00;2.0998
2025-11-12 10:15:00;2.4443
2025-11-12 10:30:00;2.6012
2025-11-12 10:45:00;2.8290
2025-11-12 11:00:00;3.7365
2025-11-12 11:15:00;3.7507
2025-11-12 11:30:00;3.7725
2025-11-12 11:45:00;4.0587
2025-11-12 12:00:00;3.1535
2025-11-12 12:15:00;3.2652
2025-11-12 12:30:00;3.4052
2025-11-12 12:45:00;3.3172
2025-11-12 13:00:00;3.3894
2025-11-12 13:15:00;3.3455
2025-11-12 13:30:00;2.9763
2025-11-12 13:45:00;2.8083
2025-11-12 14:00:00;2.8626
2025-11-12 14:15:00;2.6432
2025-11-12 14:30:00;2.4588
2025-11-12 14:45:00;2.3700
2025-11-12 15:00:00;2.1523
2025-11-12 15:15:00;1.9596
2025-11-12 15:30:00;1.7261
2025-11-12 15:45:00;1.4864
2025-11-12 16:00:00;1.1260
2025-11-12 16:15:00;0.8333
2025-11-12 16:30:00;0.5697
2025-11-12 16:45:00;0.2860
2025-11-12 17:00:00;0.0000
2025-11-12 17:15:00;0.0000
2025-11-12 17:30:00;0.0000
2025-11-12 17:45:00;0.0000
2025-11-12 18:00:00;0.0000
2025-11-12 18:15:00;0.0000
2025-11-12 18:30:00;0.0000
2025-11-12 18:45:00;0.0000
2025-11-12 19:00:00;0.0000
2025-11-12 19:15:00;0.0000
2025-11-12 19:30:00;0.0000
2025-11-12 19:45:00;0.0000
2025-11-12 20:00:00;0.0000
2025-11-12 20:15:00;0.0000
2025-11-12 20:30:00;0.0000
2025-11-12 20:45:00;0.0000
2025-11-12 21:00:00;0.0000
2025-11-12 21:15:00;0.0000
2025-11-12 21:30:00;0.0000
2025-11-12 21:45:00;0.0000
2025-11-12 22:00:00;0.0000
2025-11-12 22:15:00;0.0000
2025-11-12 22:30:00;0.0000
2025-11-12 22:45:00;0.0000
2025-11-12 23:00:00;0.0000
2025-11-12 23:15:00;0.0000
2025-11-12 23:30:00;0.0000
2025-11-12 23:45:00;0.0000
2025-11-13 00:00:00;0.0000
2025-11-13 00:15:00;0.0000
2025-11-13 00:30:00;0.0000
2025-11-13 00:45:00;0.0000
2025-11-13 01:00:00;0.0000
2025-11-13 01:15:00;0.0000
2025-11-13 01:30:00;0.0000
2025-11-13 01:45:00;0.0000
2025-11-13 02:00:00;0.0000
2025-11-13 02:15:00;0.0000
2025-11-13 02:30:00;0.0000
2025-11-13 02:45:00;0.0000
2025-11-13 03:00:00;0.0000
2025-11-13 03:15:00;0.0000
2025-11-13 03:30:00;0.0000
2025-11-13 03:45:00;0.0000
2025-11-13 04:00:00;0.0000
2025-11-13 04:15:00;0.0000
2025-11-13 04:30:00;0.0000
2025-11-13 04:45:00;0.0000
2025-11-13 05:00:00;0.0000
2025-11-13 05:15:00;0.0000
2025-11-13 05:30:00;0.0000
2025-11-13 05:45:00;0.0000
2025-11-13 06:00:00;0.0000
2025-11-13 06:15:00;0.0000
2025-11-13 06:30:00;0.0000
2025-11-13 06:45:00;0.0000
2025-11-13 07:00:00;0.0000
2025-11-13 07:15:00;0.0000
2025-11-13 07:30:00;0.0000
2025-11-13 07:45:00;0.0000
2025-11-13 08:00:00;0.2847
2025-11-13 08:15:00;0.6021
2025-11-13 08:30:00;0.8618
2025-11-13 08:45:00;1.0550
2025-11-13 09:00:00;1.6729
2025-11-13 09:15:00;1.9247
2025-11-13 09:30:00;2.2550
2025-11-13 09:45:00;2.4821
2025-11-13 10:00:00;2.6748
2025-11-13 10:15:00;2.5815
2025-11-13 10:30:00;3.0689
2025-11-13 10:45:00;3.1792
2025-11-13 11:00:00;3.2465
2025-11-13 11:15:00;3.4098
2025-11-13 11:30:00;3.3587
2025-11-13 11:45:00;3.5974
2025-11-13 12:00:00;3.1062
2025-11-13 12:15:00;3.1557
2025-11-13 12:30:00;3.1397
2025-11-13 12:45:00;3.3065
2025-11-13 13:00:00;3.7639
2025-11-13 13:15:00;3.4795
2025-11-13 13:30:00;3.3384
2025-11-13 13:45:00;3.4349
2025-11-13 14:00:00;2.5856
2025-11-13 14:15:00;2.6320
2025-11-13 14:30:00;2.2449
2025-11-13 14:45:00;2.1492
2025-11-13 15:00:00;2.1480
2025-11-13 15:15:00;1.9790
2025-11-13 15:30:00;1.6990
2025-11-13 15:45:00;1.4517
2025-11-13 16:00:00;1.1051
2025-11-13 16:15:00;0.9617
2025-11-13 16:30:00;0.6026
2025-11-13 16:45:00;0.2968
2025-11-13 17:00:00;0.0000
2025-11-13 17:15:00;0.0000
2025-11-13 17:30:00;0.0000
2025-11-13 17:45:00;0.0000
2025-11-13 18:00:00;0.0000
2025-11-13 18:15:00;0.0000
2025-11-13 18:30:00;0.0000
2025-11-13 18:45:00;0.0000
2025-11-13 19:00:00;0.0000
2025-11-13 19:15:00;0.0000
2025-11-13 19:30:00;0.0000
2025-11-13 19:45:00;0.0000
2025-11-13 20:00:00;0.0000
2025-11-13 20:15:00;0.0000
2025-11-13 20:30:00;0.0000
2025-11-13 20:45:00;0.0000
2025-11-13 21:00:00;0.0000
2025-11-13 21:15:00;0.0000
2025-11-13 21:30:00;0.0000
2025-11-13 21:45:00;0.0000
2025-11-13 22:00:00;0.0000
2025-11-13 22:15:00;0.0000
2025-11-13 22:30:00;0.0000
2025-11-13 22:45:00;0.0000
2025-11-13 23:00:00;0.0000
2025-11-13 23:15:00;0.0000
2025-11-13 23:30:00;0.0000
2025-11-13 23:45:00;0.0000
2025-11-14 00:00:00;0.0000
2025-11-14 00:15:00;0.0000
2025-11-14 00:30:00;0.0000
2025-11-14 00:45:00;0.0000
2025-11-14 01:00:00;0.0000
2025-11-14 01:15:00;0.0000
2025-11-14 01:30:00;0.0000
2025-11-14 01:45:00;0.0000
2025-11-14 02:00:00;0.0000
2025-11-14 02:15:00;0.0000
2025-11-14 02:30:00;0.0000
2025-11-14 02:45:00;0.0000
2025-11-14 03:00:00;0.0000
2025-11-14 03:15:00;0.0000
2025-11-14 03:30:00;0.0000
2025-11-14 03:45:00;0.0000
2025-11-14 04:00:00;0.0000
2025-11-14 04:15:00;0.0000
2025-11-14 04:30:00;0.0000
2025-11-14 04:45:00;0.0000
2025-11-14 05:00:00;0.0000
2025-11-14 05:15:00;0.0000
2025-11-14 05:30:00;0.0000
2025-11-14 05:45:00;0.0000
2025-11-14 06:00:00;0.0000
2025-11-14 06:15:00;0.0000
2025-11-14 06:30:00;0.0000
2025-11-14 06:45:00;0.0000
2025-11-14 07:00:00;0.0000
2025-11-14 07:15:00;0.0000
2025-11-14 07:30:00;0.0000
2025-11-14 07:45:00;0.0000
2025-11-14 08:00:00;1.1961
2025-11-14 08:15:00;2.3736
2025-11-14 08:30:00;3.6900
2025-11-14 08:45:00;4.8174
2025-11-14 09:00:00;5.6692
2025-11-14 09:15:00;7.3038
2025-11-14 09:30:00;7.7683
2025-11-14 09:45:00;8.2126
2025-11-14 10:00:00;10.6061
2025-11-14 10:15:00;12.2255
2025-11-14 10:30:00;12.0974
2025-11-14 10:45:00;13.8210
2025-11-14 11:00:00;12.0469
2025-11-14 11:15:00;11.7739
2025-11-14 11:30:00;11.9690
2025-11-14 11:45:00;12.4785
2025-11-14 12:00:00;11.9245
2025-11-14 12:15:00;11.8529
2025-11-14 12:30:00;12.0616
2025-11-14 12:45:00;12.2138
2025-11-14 13:00:00;12.8998
2025-11-14 13:15:00;12.2918
2025-11-14 13:30:00;11.9674
2025-11-14 13:45:00;11.7097
2025-11-14 14:00:00;12.1581
2025-11-14 14:15:00;11.7965
2025-11-14 14:30:00;10.8431
2025-11-14 14:45:00;10.3574
2025-11-14 15:00:00;8.7438
2025-11-14 15:15:00;7.5709
2025-11-14 15:30:00;6.7363
2025-11-14 15:45:00;5.8780
2025-11-14 16:00:00;5.0995
2025-11-14 16:15:00;3.7192
2025-11-14 16:30:00;2.3526
2025-11-14 16:45:00;1.2965
2025-11-14 17:00:00;0.0000
2025-11-14 17:15:00;0.0000
2025-11-14 17:30:00;0.0000
2025-11-14 17:45:00;0.0000
2025-11-14 18:00:00;0.0000
2025-11-14 18:15:00;0.0000
2025-11-14 18:30:00;0.0000
2025-11-14 18:45:00;0.0000
2025-11-14 19:00:00;0.0000
2025-11-14 19:15:00;0.0000
2025-11-14 19:30:00;0.0000
2025-11-14 19:45:00;0.0000
2025-11-14 20:00:00;0.0000
2025-11-14 20:15:00;0.0000
2025-11-14 20:30:00;0.0000
2025-11-14 20:45:00;0.0000
2025-11-14 21:00:00;0.0000
2025-11-14 21:15:00;0.0000
2025-11-14 21:30:00;0.0000
2025-11-14 21:45:00;0.0000
2025-11-14 22:00:00;0.0000
2025-11-14 22:15:00;0.0000
2025-11-14 22:30:00;0.0000
2025-11-14 22:45:00;0.0000
2025-11-14 23:00:00;0.0000
2025-11-14 23:15:00;0.0000
2025-11-14 23:30:00;0.0000
2025-11-14 23:45:00;0.0000
2025-11-15 00:00:00;0.0000
2025-11-15 00:15:00;0.0000
2025-11-15 00:30:00;0.0000
2025-11-15 00:45:00;0.0000
2025-11-15 01:00:00;0.0000
2025-11-15 01:15:00;0.0000
2025-11-15 01:30:00;0.0000
2025-11-15 01:45:00;0.0000
2025-11-15 02:00:00;0.0000
2025-11-15 02:15:00;0.0000
2025-11-15 02:30:00;0.0000
2025-11-15 02:45:00;0.0000
2025-11-15 03:00:00;0.0000
2025-11-15 03:15:00;0.0000
2025-11-15 03:30:00;0.0000
2025-11-15 03:45:00;0.0000
2025-11-15 04:00:00;0.0000
2025-11-15 04:15:00;0.0000
2025-11-15 04:30:00;0.0000
2025-11-15 04:45:00;0.0000
2025-11-15 05:00:00;0.0000
2025-11-15 05:15:00;0.0000
2025-11-15 05:30:00;0.0000
2025-11-15 05:45:00;0.0000
2025-11-15 06:00:00;0.0000
2025-11-15 06:15:00;0.0000
2025-11-15 06:30:00;0.0000
2025-11-15 06:45:00;0.0000
2025-11-15 07:00:00;0.0000
2025-11-15 07:15:00;0.0000
2025-11-15 07:30:00;0.0000
2025-11-15 07:45:00;0.0000
2025-11-15 08:00:00;0.7081
2025-11-15 08:15:00;1.4199
2025-11-15 08:30:00;2.1664
2025-11-15 08:45:00;2.7931
2025-11-15 09:00:00;2.0647
2025-11-15 09:15:00;2.5874
2025-11-15 09:30:00;2.9081
2025-11-15 09:45:00;3.1872
2025-11-15 10:00:00;7.8380
2025-11-15 10:15:00;8.0911
2025-11-15 10:30:00;8.5400
2025-11-15 10:45:00;8.8890
2025-11-15 11:00:00;8.3291
2025-11-15 11:15:00;8.7049
2025-11-15 11:30:00;8.9669
2025-11-15 11:45:00;9.1121
2025-11-15 12:00:00;5.1672
2025-11-15 12:15:00;5.0277
2025-11-15 12:30:00;5.0086
2025-11-15 12:45:00;5.0530
2025-11-15 13:00:00;8.5678
2025-11-15 13:15:00;8.7270
2025-11-15 13:30:00;8.4185
2025-11-15 13:45:00;7.6447
2025-11-15 14:00:00;8.8687
2025-11-15 14:15:00;7.9151
2025-11-15 14:30:00;8.1120
2025-11-15 14:45:00;7.3963
2025-11-15 15:00:00;6.0651
2025-11-15 15:15:00;5.3062
2025-11-15 15:30:00;4.7124
2025-11-15 15:45:00;3.9522
2025-11-15 16:00:00;2.2566
2025-11-15 16:15:00;1.7602
2025-11-15 16:30:00;1.2227
2025-11-15 16:45:00;0.5745
2025-11-15 17:00:00;0.0000
2025-11-15 17:15:00;0.0000
2025-11-15 17:30:00;0.0000
2025-11-15 17:45:00;0.0000
2025-11-15 18:00:00;0.0000
2025-11-15 18:15:00;0.0000
2025-11-15 18:30:00;0.0000
2025-11-15 18:45:00;0.0000
2025-11-15 19:00:00;0.0000
2025-11-15 19:15:00;0.0000
2025-11-15 19:30:00;0.0000
2025-11-15 19:45:00;0.0000
2025-11-15 20:00:00;0.0000
2025-11-15 20:15:00;0.0000
2025-11-15 20:30:00;0.0000
2025-11-15 20:45:00;0.0000
2025-11-15 21:00:00;0.0000
2025-11-15 21:15:00;0.0000
2025-11-15 21:30:00;0.0000
2025-11-15 21:45:00;0.0000
2025-11-15 22:00:00;0.0000
2025-11-15 22:15:00;0.0000
2025-11-15 22:30:00;0.0000
2025-11-15 22:45:00;0.0000
2025-11-15 23:00:00;0.0000
2025-11-15 23:15:00;0.0000
2025-11-15 23:30:00;0.0000
2025-11-15 23:45:00;0.0000
2025-11-16 00:00:00;0.0000
2025-11-16 00:15:00;0.0000
2025-11-16 00:30:00;0.0000
2025-11-16 00:45:00;0.0000
2025-11-16 01:00:00;0.0000
2025-11-16 01:15:00;0.0000
2025-11-16 01:30:00;0.0000
2025-11-16 01:45:00;0.0000
2025-11-16 02:00:00;0.0000
2025-11-16 02:15:00;0.0000
2025-11-16 02:30:00;0.0000
2025-11-16 02:45:00;0.0000
2025-11-16 03:00:00;0.0000
2025-11-16 03:15:00;0.0000
2025-11-16 03:30:00;0.0000
2025-11-16 03:45:00;0.0000
2025-11-16 04:00:00;0.0000
2025-11-16 04:15:00;0.0000
2025-11-16 04:30:00;0.0000
2025-11-16 04:45:00;0.0000
2025-11-16 05:00:00;0.0000
2025-11-16 05:15:00;0.0000
2025-11-16 05:30:00;0.0000
2025-11-16 05:45:00;0.0000
2025-11-16 06:00:00;0.0000
2025-11-16 06:15:00;0.0000
2025-11-16 06:30:00;0.0000
2025-11-16 06:45:00;0.0000
2025-11-16 07:00:00;0.0000
2025-11-16 07:15:00;0.0000
2025-11-16 07:30:00;0.0000
2025-11-16 07:45:00;0.0000
2025-11-16 08:00:00;0.1316
2025-11-16 08:15:00;0.2714
2025-11-16 08:30:00;0.3827
2025-11-16 08:45:00;0.5167
2025-11-16 09:00:00;0.6103
2025-11-16 09:15:00;0.7550
2025-11-16 09:30:00;0.8793
2025-11-16 09:45:00;0.9926
2025-11-16 10:00:00;0.9454
2025-11-16 10:15:00;1.0130
2025-11-16 10:30:00;1.0944
2025-11-16 10:45:00;1.1316
2025-11-16 11:00:00;1.4146
2025-11-16 11:15:00;1.5273
2025-11-16 11:30:00;1.5777
2025-11-16 11:45:00;1.5499
2025-11-16 12:00:00;1.5358
2025-11-16 12:15:00;1.4830
2025-11-16 12:30:00;1.4804
2025-11-16 12:45:00;1.4905
2025-11-16 13:00:00;1.3747
2025-11-16 13:15:00;1.3059
2025-11-16 13:30:00;1.2526
2025-11-16 13:45:00;1.2112
2025-11-16 14:00:00;1.3503
2025-11-16 14:15:00;1.2709
2025-11-16 14:30:00;1.1802
2025-11-16 14:45:00;1.1447
2025-11-16 15:00:00;0.9926
2025-11-16 15:15:00;0.9415
2025-11-16 15:30:00;0.7533
2025-11-16 15:45:00;0.6596
2025-11-16 16:00:00;0.4567
2025-11-16 16:15:00;0.3697
2025-11-16 16:30:00;0.2459
2025-11-16 16:45:00;0.1262
2025-11-16 17:00:00;0.0000
2025-11-16 17:15:00;0.0000
2025-11-16 17:30:00;0.0000
2025-11-16 17:45:00;0.0000
2025-11-16 18:00:00;0.0000
2025-11-16 18:15:00;0.0000
2025-11-16 18:30:00;0.0000
2025-11-16 18:45:00;0.0000
2025-11-16 19:00:00;0.0000
2025-11-16 19:15:00;0.0000
2025-11-16 19:30:00;0.0000
2025-11-16 19:45:00;0.0000
2025-11-16 20:00:00;0.0000
2025-11-16 20:15:00;0.0000
2025-11-16 20:30:00;0.0000
2025-11-16 20:45:00;0.0000
2025-11-16 21:00:00;0.0000
2025-11-16 21:15:00;0.0000
2025-11-16 21:30:00;0.0000
2025-11-16 21:45:00;0.0000
2025-11-16 22:00:00;0.0000
2025-11-16 22:15:00;0.0000
2025-11-16 22:30:00;0.0000
2025-11-16 22:45:00;0.0000
2025-11-16 23:00:00;0.0000
2025-11-16 23:15:00;0.0000
2025-11-16 23:30:00;0.0000
2025-11-16 23:45:00;0.0000
2025-11-17 00:00:00;0.0000
2025-11-17 00:15:00;0.0000
2025-11-17 00:30:00;0.0000
2025-11-17 00:45:00;0.0000
2025-11-17 01:00:00;0.0000
2025-11-17 01:15:00;0.0000
2025-11-17 01:30:00;0.0000
2025-11-17 01:45:00;0.0000
2025-11-17 02:00:00;0.0000
2025-11-17 02:15:00;0.0000
2025-11-17 02:30:00;0.0000
2025-11-17 02:45:00;0.0000
2025-11-17 03:00:00;0.0000
2025-11-17 03:15:00;0.0000
2025-11-17 03:30:00;0.0000
2025-11-17 03:45:00;0.0000
2025-11-17 04:00:00;0.0000
2025-11-17 04:15:00;0.0000
2025-11-17 04:30:00;0.0000
2025-11-17 04:45:00;0.0000
2025-11-17 05:00:00;0.0000
2025-11-17 05:15:00;0.0000
2025-11-17 05:30:00;0.0000
2025-11-17 05:45:00;0.0000
2025-11-17 06:00:00;0.0000
2025-11-17 06:15:00;0.0000
2025-11-17 06:30:00;0.0000
2025-11-17 06:45:00;0.0000
2025-11-17 07:00:00;0.0000
2025-11-17 07:15:00;0.0000
2025-11-17 07:30:00;0.0000
2025-11-17 07:45:00;0.0000
2025-11-17 08:00:00;0.3968
2025-11-17 08:15:00;0.8072
2025-11-17 08:30:00;1.1853
2025-11-17 08:45:00;1.6434
2025-11-17 09:00:00;3.8586
2025-11-17 09:15:00;4.4354
2025-11-17 09:30:00;5.3499
2025-11-17 09:45:00;6.0227
2025-11-17 10:00:00;7.2267
2025-11-17 10:15:00;7.5697
2025-11-17 10:30:00;8.0296
2025-11-17 10:45:00;9.1757
2025-11-17 11:00:00;4.1423
2025-11-17 11:15:00;4.2876
2025-11-17 11:30:00;4.2968
2025-11-17 11:45:00;4.3393
2025-11-17 12:00:00;11.1957
2025-11-17 12:15:00;11.0633
2025-11-17 12:30:00;11.3959
2025-11-17 12:45:00;10.5841
2025-11-17 13:00:00;8.2883
2025-11-17 13:15:00;8.7302
2025-11-17 13:30:00;8.6576
2025-11-17 13:45:00;7.6678
2025-11-17 14:00:00;6.9578
2025-11-17 14:15:00;6.7480
2025-11-17 14:30:00;6.1575
2025-11-17 14:45:00;5.8043
2025-11-17 15:00:00;5.8734
2025-11-17 15:15:00;5.2150
2025-11-17 15:30:00;4.4778
2025-11-17 15:45:00;3.8421
2025-11-17 16:00:00;3.1518
2025-11-17 16:15:00;2.4787
2025-11-17 16:30:00;1.6456
2025-11-17 16:45:00;0.7613
2025-11-17 17:00:00;0.0000
2025-11-17 17:15:00;0.0000
2025-11-17 17:30:00;0.0000
2025-11-17 17:45:00;0.0000
2025-11-17 18:00:00;0.0000
2025-11-17 18:15:00;0.0000
2025-11-17 18:30:00;0.0000
2025-11-17 18:45:00;0.0000
2025-11-17 19:00:00;0.0000
2025-11-17 19:15:00;0.0000
2025-11-17 19:30:00;0.0000
2025-11-17 19:45:00;0.0000
2025-11-17 20:00:00;0.0000
2025-11-17 20:15:00;0.0000
2025-11-17 20:30:00;0.0000
2025-11-17 20:45:00;0.0000
2025-11-17 21:00:00;0.0000
2025-11-17 21:15:00;0.0000
2025-11-17 21:30:00;0.0000
2025-11-17 21:45:00;0.0000
2025-11-17 22:00:00;0.0000
2025-11-17 22:15:00;0.0000
2025-11-17 22:30:00;0.0000
2025-11-17 22:45:00;0.0000
2025-11-17 23:00:00;0.0000
2025-11-17 23:15:00;0.0000
2025-11-17 23:30:00;0.0000
2025-11-17 23:45:00;0.0000
2025-11-18 00:00:00;0.0000
2025-11-18 00:15:00;0.0000
2025-11-18 00:30:00;0.0000
2025-11-18 00:45:00;0.0000
2025-11-18 01:00:00;0.0000
2025-11-18 01:15:00;0.0000
2025-11-18 01:30:00;0.0000
2025-11-18 01:45:00;0.0000
2025-11-18 02:00:00;0.0000
2025-11-18 02:15:00;0.0000
2025-11-18 02:30:00;0.0000
2025-11-18 02:45:00;0.0000
2025-11-18 03:00:00;0.0000
2025-11-18 03:15:00;0.0000
2025-11-18 03:30:00;0.0000
2025-11-18 03:45:00;0.0000
2025-11-18 04:00:00;0.0000
2025-11-18 04:15:00;0.0000
2025-11-18 04:30:00;0.0000
2025-11-18 04:45:00;0.0000
2025-11-18 05:00:00;0.0000
2025-11-18 05:15:00;0.0000
2025-11-18 05:30:00;0.0000
2025-11-18 05:45:00;0.0000
2025-11-18 06:00:00;0.0000
2025-11-18 06:15:00;0.0000
2025-11-18 06:30:00;0.0000
2025-11-18 06:45:00;0.0000
2025-11-18 07:00:00;0.0000
2025-11-18 07:15:00;0.0000
2025-11-18 07:30:00;0.0000
2025-11-18 07:45:00;0.0000
2025-11-18 08:00:00;0.5455
2025-11-18 08:15:00;1.0666
2025-11-18 08:30:00;1.4782
2025-11-18 08:45:00;2.0780
2025-11-18 09:00:00;2.4320
2025-11-18 09:15:00;3.0804
2025-11-18 09:30:00;3.3481
2025-11-18 09:45:00;3.7908
2025-11-18 10:00:00;7.0800
2025-11-18 10:15:00;7.3313
2025-11-18 10:30:00;7.8588
2025-11-18 10:45:00;7.9490
2025-11-18 11:00:00;8.0471
2025-11-18 11:15:00;9.0758
2025-11-18 11:30:00;8.6424
2025-11-18 11:45:00;9.0281
2025-11-18 12:00:00;5.1092
2025-11-18 12:15:00;5.2523
2025-11-18 12:30:00;5.0963
2025-11-18 12:45:00;5.1757
2025-11-18 13:00:00;4.2667
2025-11-18 13:15:00;4.1735
2025-11-18 13:30:00;3.9356
2025-11-18 13:45:00;3.7996
2025-11-18 14:00:00;7.7534
2025-11-18 14:15:00;7.4624
2025-11-18 14:30:00;7.0118
2025-11-18 14:45:00;6.1623
2025-11-18 15:00:00;5.1192
2025-11-18 15:15:00;4.4662
2025-11-18 15:30:00;3.9394
2025-11-18 15:45:00;3.3051
2025-11-18 16:00:00;3.4833
2025-11-18 16:15:00;2.6244
2025-11-18 16:30:00;1.7278
2025-11-18 16:45:00;0.8482
2025-11-18 17:00:00;0.0000
2025-11-18 17:15:00;0.0000
2025-11-18 17:30:00;0.0000
2025-11-18 17:45:00;0.0000
2025-11-18 18:00:00;0.0000
2025-11-18 18:15:00;0.0000
2025-11-18 18:30:00;0.0000
2025-11-18 18:45:00;0.0000
2025-11-18 19:00:00;0.0000
2025-11-18 19:15:00;0.0000
2025-11-18 19:30:00;0.0000
2025-11-18 19:45:00;0.0000
2025-11-18 20:00:00;0.0000
2025-11-18 20:15:00;0.0000
2025-11-18 20:30:00;0.0000
2025-11-18 20:45:00;0.0000
2025-11-18 21:00:00;0.0000
2025-11-18 21:15:00;0.0000
2025-11-18 21:30:00;0.0000
2025-11-18 21:45:00;0.0000
2025-11-18 22:00:00;0.0000
2025-11-18 22:15:00;0.0000
2025-11-18 22:30:00;0.0000
2025-11-18 22:45:00;0.0000
2025-11-18 23:00:00;0.0000
2025-11-18 23:15:00;0.0000
2025-11-18 23:30:00;0.0000
2025-11-18 23:45:00;0.0000
2025-11-19 00:00:00;0.0000
2025-11-19 00:15:00;0.0000
2025-11-19 00:30:00;0.0000
2025-11-19 00:45:00;0.0000
2025-11-19 01:00:00;0.0000
2025-11-19 01:15:00;0.0000
2025-11-19 01:30:00;0.0000
2025-11-19 01:45:00;0.0000
2025-11-19 02:00:00;0.0000
2025-11-19 02:15:00;0.0000
2025-11-19 02:30:00;0.0000
2025-11-19 02:45:00;0.0000
2025-11-19 03:00:00;0.0000
2025-11-19 03:15:00;0.0000
2025-11-19 03:30:00;0.0000
2025-11-19 03:45:00;0.0000
2025-11-19 04:00:00;0.0000
2025-11-19 04:15:00;0.0000
2025-11-19 04:30:00;0.0000
2025-11-19 04:45:00;0.0000
2025-11-19 05:00:00;0.0000
2025-11-19 05:15:00;0.0000
2025-11-19 05:30:00;0.0000
2025-11-19 05:45:00;0.0000
2025-11-19 06:00:00;0.0000
2025-11-19 06:15:00;0.0000
2025-11-19 06:30:00;0.0000
2025-11-19 06:45:00;0.0000
2025-11-19 07:00:00;0.0000
2025-11-19 07:15:00;0.0000
2025-11-19 07:30:00;0.0000
2025-11-19 07:45:00;0.0000
2025-11-19 08:00:00;1.2059
2025-11-19 08:15:00;2.4729
2025-11-19 08:30:00;3.7638
2025-11-19 08:45:00;4.7599
2025-11-19 09:00:00;6.4319
2025-11-19 09:15:00;7.3492
2025-11-19 09:30:00;7.8297
2025-11-19 09:45:00;8.9173
2025-11-19 10:00:00;9.8203
2025-11-19 10:15:00;10.2443
2025-11-19 10:30:00;11.4667
2025-11-19 10:45:00;11.5490
2025-11-19 11:00:00;12.6688
2025-11-19 11:15:00;12.6793
2025-11-19 11:30:00;12.9918
2025-11-19 11:45:00;12.9036
2025-11-19 12:00:00;15.2565
2025-11-19 12:15:00;15.0792
2025-11-19 12:30:00;15.6529
2025-11-19 12:45:00;15.1966
2025-11-19 13:00:00;13.5802
2025-11-19 13:15:00;13.2711
2025-11-19 13:30:00;12.1745
2025-11-19 13:45:00;12.3774
2025-11-19 14:00:00;12.4279
2025-11-19 14:15:00;11.0480
2025-11-19 14:30:00;9.6561
2025-11-19 14:45:00;9.2633
2025-11-19 15:00:00;7.9736
2025-11-19 15:15:00;7.1266
2025-11-19 15:30:00;5.9605
2025-11-19 15:45:00;5.2549
2025-11-19 16:00:00;4.8474
2025-11-19 16:15:00;3.7739
2025-11-19 16:30:00;2.4597
2025-11-19 16:45:00;1.2154
2025-11-19 17:00:00;0.0000
2025-11-19 17:15:00;0.0000
2025-11-19 17:30:00;0.0000
2025-11-19 17:45:00;0.0000
2025-11-19 18:00:00;0.0000
2025-11-19 18:15:00;0.0000
2025-11-19 18:30:00;0.0000
2025-11-19 18:45:00;0.0000
2025-11-19 19:00:00;0.0000
2025-11-19 19:15:00;0.0000
2025-11-19 19:30:00;0.0000
2025-11-19 19:45:00;0.0000
2025-11-19 20:00:00;0.0000
2025-11-19 20:15:00;0.0000
2025-11-19 20:30:00;0.0000
2025-11-19 20:45:00;0.0000
2025-11-19 21:00:00;0.0000
2025-11-19 21:15:00;0.0000
2025-11-19 21:30:00;0.0000
2025-11-19 21:45:00;0.0000
2025-11-19 22:00:00;0.0000
2025-11-19 22:15:00;0.0000
2025-11-19 22:30:00;0.0000
2025-11-19 22:45:00;0.0000
2025-11-19 23:00:00;0.0000
2025-11-19 23:15:00;0.0000
2025-11-19 23:30:00;0.0000
2025-11-19 23:45:00;0.0000
2025-11-20 00:00:00;0.0000
2025-11-20 00:15:00;0.0000
2025-11-20 00:30:00;0.0000
2025-11-20 00:45:00;0.0000
2025-11-20 01:00:00;0.0000
2025-11-20 01:15:00;0.0000
2025-11-20 01:30:00;0.0000
2025-11-20 01:45:00;0.0000
2025-11-20 02:00:00;0.0000
2025-11-20 02:15:00;0.0000
2025-11-20 02:30:00;0.0000
2025-11-20 02:45:00;0.0000
2025-11-20 03:00:00;0.0000
2025-11-20 03:15:00;0.0000
2025-11-20 03:30:00;0.0000
2025-11-20 03:45:00;0.0000
2025-11-20 04:00:00;0.0000
2025-11-20 04:15:00;0.0000
2025-11-20 04:30:00;0.0000
2025-11-20 04:45:00;0.0000
2025-11-20 05:00:00;0.0000
2025-11-20 05:15:00;0.0000
2025-11-20 05:30:00;0.0000
2025-11-20 05:45:00;0.0000
2025-11-20 06:00:00;0.0000
2025-11-20 06:15:00;0.0000
2025-11-20 06:30:00;0.0000
2025-11-20 06:45:00;0.0000
2025-11-20 07:00:00;0.0000
2025-11-20 07:15:00;0.0000
2025-11-20 07:30:00;0.0000
2025-11-20 07:45:00;0.0000
2025-11-20 08:00:00;0.4591
2025-11-20 08:15:00;0.8630
2025-11-20 08:30:00;1.4161
2025-11-20 08:45:00;1.8871
2025-11-20 09:00:00;4.2578
2025-11-20 09:15:00;5.2786
2025-11-20 09:30:00;5.8247
2025-11-20 09:45:00;6.4169
2025-11-20 10:00:00;6.6455
2025-11-20 10:15:00;7.2810
2025-11-20 10:30:00;7.7932
2025-11-20 10:45:00;7.8367
2025-11-20 11:00:00;7.6952
2025-11-20 11:15:00;7.7906
2025-11-20 11:30:00;7.6610
2025-11-20 11:45:00;8.3114
2025-11-20 12:00:00;11.4937
2025-11-20 12:15:00;12.2725
2025-11-20 12:30:00;11.8211
2025-11-20 12:45:00;11.6749
2025-11-20 13:00:00;8.0540
2025-11-20 13:15:00;7.3038
2025-11-20 13:30:00;7.7772
2025-11-20 13:45:00;7.3832
2025-11-20 14:00:00;9.0514
2025-11-20 14:15:00;8.9374
2025-11-20 14:30:00;8.0776
2025-11-20 14:45:00;7.4023
2025-11-20 15:00:00;5.4428
2025-11-20 15:15:00;4.9616
2025-11-20 15:30:00;4.3224
2025-11-20 15:45:00;3.4401
2025-11-20 16:00:00;2.9020
2025-11-20 16:15:00;2.2382
2025-11-20 16:30:00;1.5637
2025-11-20 16:45:00;0.7810
2025-11-20 17:00:00;0.0000
2025-11-20 17:15:00;0.0000
2025-11-20 17:30:00;0.0000
2025-11-20 17:45:00;0.0000
2025-11-20 18:00:00;0.0000
2025-11-20 18:15:00;0.0000
2025-11-20 18:30:00;0.0000
2025-11-20 18:45:00;0.0000
2025-11-20 19:00:00;0.0000
2025-11-20 19:15:00;0.0000
2025-11-20 19:30:00;0.0000
2025-11-20 19:45:00;0.0000
2025-11-20 20:00:00;0.0000
2025-11-20 20:15:00;0.0000
2025-11-20 20:30:00;0.0000
2025-11-20 20:45:00;0.0000
2025-11-20 21:00:00;0.0000
2025-11-20 21:15:00;0.0000
2025-11-20 21:30:00;0.0000
2025-11-20 21:45:00;0.0000
2025-11-20 22:00:00;0.0000
2025-11-20 22:15:00;0.0000
2025-11-20 22:30:00;0.0000
2025-11-20 22:45:00;0.0000
2025-11-20 23:00:00;0.0000
2025-11-20 23:15:00;0.0000
2025-11-20 23:30:00;0.0000
2025-11-20 23:45:00;0.0000
2025-11-21 00:00:00;0.0000
2025-11-21 00:15:00;0.0000
2025-11-21 00:30:00;0.0000
2025-11-21 00:45:00;0.0000
2025-11-21 01:00:00;0.0000
2025-11-21 01:15:00;0.0000
2025-11-21 01:30:00;0.0000
2025-11-21 01:45:00;0.0000
2025-11-21 02:00:00;0.0000
2025-11-21 02:15:00;0.0000
2025-11-21 02:30:00;0.0000
2025-11-21 02:45:00;0.0000
2025-11-21 03:00:00;0.0000
2025-11-21 03:15:00;0.0000
2025-11-21 03:30:00;0.0000
2025-11-21 03:45:00;0.0000
2025-11-21 04:00:00;0.0000
2025-11-21 04:15:00;0.0000
2025-11-21 04:30:00;0.0000
2025-11-21 04:45:00;0.0000
2025-11-21 05:00:00;0.0000
2025-11-21 05:15:00;0.0000
2025-11-21 05:30:00;0.0000
2025-11-21 05:45:00;0.0000
2025-11-21 06:00:00;0.0000
2025-11-21 06:15:00;0.0000
2025-11-21 06:30:00;0.0000
2025-11-21 06:45:00;0.0000
2025-11-21 07:00:00;0.0000
2025-11-21 07:15:00;0.0000
2025-11-21 07:30:00;0.0000
2025-11-21 07:45:00;0.0000
2025-11-21 08:00:00;0.1134
2025-11-21 08:15:00;0.2275
2025-11-21 08:30:00;0.3384
2025-11-21 08:45:00;0.4668
2025-11-21 09:00:00;0.6517
2025-11-21 09:15:00;0.7805
2025-11-21 09:30:00;0.8229
2025-11-21 09:45:00;0.9740
2025-11-21 10:00:00;0.9910
2025-11-21 10:15:00;1.0103
2025-11-21 10:30:00;1.1092
2025-11-21 10:45:00;1.1278
2025-11-21 11:00:00;1.3244
2025-11-21 11:15:00;1.4383
2025-11-21 11:30:00;1.4056
2025-11-21 11:45:00;1.4345
2025-11-21 12:00:00;1.4451
2025-11-21 12:15:00;1.4847
2025-11-21 12:30:00;1.5091
2025-11-21 12:45:00;1.4967
2025-11-21 13:00:00;1.4213
2025-11-21 13:15:00;1.4545
2025-11-21 13:30:00;1.3877
2025-11-21 13:45:00;1.3551
2025-11-21 14:00:00;1.2302
2025-11-21 14:15:00;1.1410
2025-11-21 14:30:00;1.1357
2025-11-21 14:45:00;1.0017
2025-11-21 15:00:00;0.8411
2025-11-21 15:15:00;0.8043
2025-11-21 15:30:00;0.6947
2025-11-21 15:45:00;0.5879
2025-11-21 16:00:00;0.4127
2025-11-21 16:15:00;0.3185
2025-11-21 16:30:00;0.2132
2025-11-21 16:45:00;0.1050
2025-11-21 17:00:00;0.0000
2025-11-21 17:15:00;0.0000
2025-11-21 17:30:00;0.0000
2025-11-21 17:45:00;0.0000
2025-11-21 18:00:00;0.0000
2025-11-21 18:15:00;0.0000
2025-11-21 18:30:00;0.0000
2025-11-21 18:45:00;0.0000
2025-11-21 19:00:00;0.0000
2025-11-21 19:15:00;0.0000
2025-11-21 19:30:00;0.0000
2025-11-21 19:45:00;0.0000
2025-11-21 20:00:00;0.0000
2025-11-21 20:15:00;0.0000
2025-11-21 20:30:00;0.0000
2025-11-21 20:45:00;0.0000
2025-11-21 21:00:00;0.0000
2025-11-21 21:15:00;0.0000
2025-11-21 21:30:00;0.0000
2025-11-21 21:45:00;0.0000
2025-11-21 22:00:00;0.0000
2025-11-21 22:15:00;0.0000
2025-11-21 22:30:00;0.0000
2025-11-21 22:45:00;0.0000
2025-11-21 23:00:00;0.0000
2025-11-21 23:15:00;0.0000
2025-11-21 23:30:00;0.0000
2025-11-21 23:45:00;0.0000
2025-11-22 00:00:00;0.0000
2025-11-22 00:15:00;0.0000
2025-11-22 00:30:00;0.0000
2025-11-22 00:45:00;0.0000
2025-11-22 01:00:00;0.0000
2025-11-22 01:15:00;0.0000
2025-11-22 01:30:00;0.0000
2025-11-22 01:45:00;0.0000
2025-11-22 02:00:00;0.0000
2025-11-22 02:15:00;0.0000
2025-11-22 02:30:00;0.0000
2025-11-22 02:45:00;0.0000
2025-11-22 03:00:00;0.0000
2025-11-22 03:15:00;0.0000
2025-11-22 03:30:00;0.0000
2025-11-22 03:45:00;0.0000
2025-11-22 04:00:00;0.0000
2025-11-22 04:15:00;0.0000
2025-11-22 04:30:00;0.0000
2025-11-22 04:45:00;0.0000
2025-11-22 05:00:00;0.0000
2025-11-22 05:15:00;0.0000
2025-11-22 05:30:00;0.0000
2025-11-22 05:45:00;0.0000
2025-11-22 06:00:00;0.0000
2025-11-22 06:15:00;0.0000
2025-11-22 06:30:00;0.0000
2025-11-22 06:45:00;0.0000
2025-11-22 07:00:00;0.0000
2025-11-22 07:15:00;0.0000
2025-11-22 07:30:00;0.0000
2025-11-22 07:45:00;0.0000
2025-11-22 08:00:00;0.7099
2025-11-22 08:15:00;1.4584
2025-11-22 08:30:00;2.1108
2025-11-22 08:45:00;2.6256
2025-11-22 09:00:00;4.1097
2025-11-22 09:15:00;4.8771
2025-11-22 09:30:00;5.4676
2025-11-22 09:45:00;6.4479
2025-11-22 10:00:00;6.6429
2025-11-22 10:15:00;6.9106
2025-11-22 10:30:00;7.7356
2025-11-22 10:45:00;7.9596
2025-11-22 11:00:00;4.5190
2025-11-22 11:15:00;4.9579
2025-11-22 11:30:00;5.1729
2025-11-22 11:45:00;5.0623
2025-11-22 12:00:00;9.7117
2025-11-22 12:15:00;9.8180
2025-11-22 12:30:00;9.9489
2025-11-22 12:45:00;9.6074
2025-11-22 13:00:00;8.9354
2025-11-22 13:15:00;8.9492
2025-11-22 13:30:00;8.5857
2025-11-22 13:45:00;9.4148
2025-11-22 14:00:00;8.8238
2025-11-22 14:15:00;7.8162
2025-11-22 14:30:00;7.5408
2025-11-22 14:45:00;7.1018
2025-11-22 15:00:00;3.9222
2025-11-22 15:15:00;3.5931
2025-11-22 15:30:00;3.1376
2025-11-22 15:45:00;2.5180
2025-11-22 16:00:00;3.0158
2025-11-22 16:15:00;2.2634
2025-11-22 16:30:00;1.5252
2025-11-22 16:45:00;0.7804
2025-11-22 17:00:00;0.0000
2025-11-22 17:15:00;0.0000
2025-11-22 17:30:00;0.0000
2025-11-22 17:45:00;0.0000
2025-11-22 18:00:00;0.0000
2025-11-22 18:15:00;0.0000
2025-11-22 18:30:00;0.0000
2025-11-22 18:45:00;0.0000
2025-11-22 19:00:00;0.0000
2025-11-22 19:15:00;0.0000
2025-11-22 19:30:00;0.0000
2025-11-22 19:45:00;0.0000
2025-11-22 20:00:00;0.0000
2025-11-22 20:15:00;0.0000
2025-11-22 20:30:00;0.0000
2025-11-22 20:45:00;0.0000
2025-11-22 21:00:00;0.0000
2025-11-22 21:15:00;0.0000
2025-11-22 21:30:00;0.0000
2025-11-22 21:45:00;0.0000
2025-11-22 22:00:00;0.0000
2025-11-22 22:15:00;0.0000
2025-11-22 22:30:00;0.0000
2025-11-22 22:45:00;0.0000
2025-11-22 23:00:00;0.0000
2025-11-22 23:15:00;0.0000
2025-11-22 23:30:00;0.0000
2025-11-22 23:45:00;0.0000
2025-11-23 00:00:00;0.0000
2025-11-23 00:15:00;0.0000
2025-11-23 00:30:00;0.0000
2025-11-23 00:45:00;0.0000
2025-11-23 01:00:00;0.0000
2025-11-23 01:15:00;0.0000
2025-11-23 01:30:00;0.0000
2025-11-23 01:45:00;0.0000
2025-11-23 02:00:00;0.0000
2025-11-23 02:15:00;0.0000
2025-11-23 02:30:00;0.0000
2025-11-23 02:45:00;0.0000
2025-11-23 03:00:00;0.0000
2025-11-23 03:15:00;0.0000
2025-11-23 03:30:00;0.0000
2025-11-23 03:45:00;0.0000
2025-11-23 04:00:00;0.0000
2025-11-23 04:15:00;0.0000
2025-11-23 04:30:00;0.0000
2025-11-23 04:45:00;0.0000
2025-11-23 05:00:00;0.0000
2025-11-23 05:15:00;0.0000
2025-11-23 05:30:00;0.0000
2025-11-23 05:45:00;0.0000
2025-11-23 06:00:00;0.0000
2025-11-23 06:15:00;0.0000
2025-11-23 06:30:00;0.0000
2025-11-23 06:45:00;0.0000
2025-11-23 07:00:00;0.0000
2025-11-23 07:15:00;0.0000
2025-11-23 07:30:00;0.0000
2025-11-23 07:45:00;0.0000
2025-11-23 08:00:00;0.3023
2025-11-23 08:15:00;0.6354
2025-11-23 08:30:00;0.9080
2025-11-23 08:45:00;1.1726
2025-11-23 09:00:00;1.4419
2025-11-23 09:15:00;1.7231
2025-11-23 09:30:00;1.8815
2025-11-23 09:45:00;2.0878
2025-11-23 10:00:00;2.8131
2025-11-23 10:15:00;2.8578
2025-11-23 10:30:00;3.0602
2025-11-23 10:45:00;3.3440
2025-11-23 11:00:00;2.8651
2025-11-23 11:15:00;2.9106
2025-11-23 11:30:00;2.9158
2025-11-23 11:45:00;3.2408
2025-11-23 12:00:00;3.8576
2025-11-23 12:15:00;3.9051
2025-11-23 12:30:00;3.9113
2025-11-23 12:45:00;3.6825
2025-11-23 13:00:00;3.5603
2025-11-23 13:15:00;3.7381
2025-11-23 13:30:00;3.5624
2025-11-23 13:45:00;3.3377
2025-11-23 14:00:00;3.3046
2025-11-23 14:15:00;3.2590
2025-11-23 14:30:00;3.1228
2025-11-23 14:45:00;2.8071
2025-11-23 15:00:00;2.2724
2025-11-23 15:15:00;1.9368
2025-11-23 15:30:00;1.7971
2025-11-23 15:45:00;1.4360
2025-11-23 16:00:00;1.2833
2025-11-23 16:15:00;0.9686
2025-11-23 16:30:00;0.6469
2025-11-23 16:45:00;0.3147
2025-11-23 17:00:00;0.0000
2025-11-23 17:15:00;0.0000
2025-11-23 17:30:00;0.0000
2025-11-23 17:45:00;0.0000
2025-11-23 18:00:00;0.0000
2025-11-23 18:15:00;0.0000
2025-11-23 18:30:00;0.0000
2025-11-23 18:45:00;0.0000
2025-11-23 19:00:00;0.0000
2025-11-23 19:15:00;0.0000
2025-11-23 19:30:00;0.0000
2025-11-23 19:45:00;0.0000
2025-11-23 20:00:00;0.0000
2025-11-23 20:15:00;0.0000
2025-11-23 20:30:00;0.0000
2025-11-23 20:45:00;0.0000
2025-11-23 21:00:00;0.0000
2025-11-23 21:15:00;0.0000
2025-11-23 21:30:00;0.0000
2025-11-23 21:45:00;0.0000
2025-11-23 22:00:00;0.0000
2025-11-23 22:15:00;0.0000
2025-11-23 22:30:00;0.0000
2025-11-23 22:45:00;0.0000
2025-11-23 23:00:00;0.0000
2025-11-23 23:15:00;0.0000
2025-11-23 23:30:00;0.0000
2025-11-23 23:45:00;0.0000
2025-11-24 00:00:00;0.0000
2025-11-24 00:15:00;0.0000
2025-11-24 00:30:00;0.0000
2025-11-24 00:45:00;0.0000
2025-11-24 01:00:00;0.0000
2025-11-24 01:15:00;0.0000
2025-11-24 01:30:00;0.0000
2025-11-24 01:45:00;0.0000
2025-11-24 02:00:00;0.0000
2025-11-24 02:15:00;0.0000
2025-11-24 02:30:00;0.0000
2025-11-24 02:45:00;0.0000
2025-11-24 03:00:00;0.0000
2025-11-24 03:15:00;0.0000
2025-11-24 03:30:00;0.0000
2025-11-24 03:45:00;0.0000
2025-11-24 04:00:00;0.0000
2025-11-24 04:15:00;0.0000
2025-11-24 04:30:00;0.0000
2025-11-24 04:45:00;0.0000
2025-11-24 05:00:00;0.0000
2025-11-24 05:15:00;0.0000
2025-11-24 05:30:00;0.0000
2025-11-24 05:45:00;0.0000
2025-11-24 06:00:00;0.0000
2025-11-24 06:15:00;0.0000
2025-11-24 06:30:00;0.0000
2025-11-24 06:45:00;0.0000
2025-11-24 07:00:00;0.0000
2025-11-24 07:15:00;0.0000
2025-11-24 07:30:00;0.0000
2025-11-24 07:45:00;0.0000
2025-11-24 08:00:00;0.3312
2025-11-24 08:15:00;0.6607
2025-11-24 08:30:00;0.9419
2025-11-24 08:45:00;1.3708
2025-11-24 09:00:00;1.4157
2025-11-24 09:15:00;1.6029
2025-11-24 09:30:00;1.8649
2025-11-24 09:45:00;2.2174
2025-11-24 10:00:00;2.3106
2025-11-24 10:15:00;2.5964
2025-11-24 10:30:00;2.6002
2025-11-24 10:45:00;2.8833
2025-11-24 11:00:00;3.2310
2025-11-24 11:15:00;3.2445
2025-11-24 11:30:00;3.6330
2025-11-24 11:45:00;3.7581
2025-11-24 12:00:00;4.0801
2025-11-24 12:15:00;4.2125
2025-11-24 12:30:00;4.0810
2025-11-24 12:45:00;4.3753
2025-11-24 13:00:00;2.7915
2025-11-24 13:15:00;2.8246
2025-11-24 13:30:00;2.7459
2025-11-24 13:45:00;2.6641
2025-11-24 14:00:00;2.9991
2025-11-24 14:15:00;2.6881
2025-11-24 14:30:00;2.5973
2025-11-24 14:45:00;2.5383
2025-11-24 15:00:00;2.3789
2025-11-24 15:15:00;2.0915
2025-11-24 15:30:00;1.9008
2025-11-24 15:45:00;1.5429
2025-11-24 16:00:00;1.2793
2025-11-24 16:15:00;0.9824
2025-11-24 16:30:00;0.6295
2025-11-24 16:45:00;0.3448
2025-11-24 17:00:00;0.0000
2025-11-24 17:15:00;0.0000
2025-11-24 17:30:00;0.0000
2025-11-24 17:45:00;0.0000
2025-11-24 18:00:00;0.0000
2025-11-24 18:15:00;0.0000
2025-11-24 18:30:00;0.0000
2025-11-24 18:45:00;0.0000
2025-11-24 19:00:00;0.0000
2025-11-24 19:15:00;0.0000
2025-11-24 19:30:00;0.0000
2025-11-24 19:45:00;0.0000
2025-11-24 20:00:00;0.0000
2025-11-24 20:15:00;0.0000
2025-11-24 20:30:00;0.0000
2025-11-24 20:45:00;0.0000
2025-11-24 21:00:00;0.0000
2025-11-24 21:15:00;0.0000
2025-11-24 21:30:00;0.0000
2025-11-24 21:45:00;0.0000
2025-11-24 22:00:00;0.0000
2025-11-24 22:15:00;0.0000
2025-11-24 22:30:00;0.0000
2025-11-24 22:45:00;0.0000
2025-11-24 23:00:00;0.0000
2025-11-24 23:15:00;0.0000
2025-11-24 23:30:00;0.0000
2025-11-24 23:45:00;0.0000
2025-11-25 00:00:00;0.0000
2025-11-25 00:15:00;0.0000
2025-11-25 00:30:00;0.0000
2025-11-25 00:45:00;0.0000
2025-11-25 01:00:00;0.0000
2025-11-25 01:15:00;0.0000
2025-11-25 01:30:00;0.0000
2025-11-25 01:45:00;0.0000
2025-11-25 02:00:00;0.0000
2025-11-25 02:15:00;0.0000
2025-11-25 02:30:00;0.0000
2025-11-25 02:45:00;0.0000
2025-11-25 03:00:00;0.0000
2025-11-25 03:15:00;0.0000
2025-11-25 03:30:00;0.0000
2025-11-25 03:45:00;0.0000
2025-11-25 04:00:00;0.0000
2025-11-25 04:15:00;0.0000
2025-11-25 04:30:00;0.0000
2025-11-25 04:45:00;0.0000
2025-11-25 05:00:00;0.0000
2025-11-25 05:15:00;0.0000
2025-11-25 05:30:00;0.0000
2025-11-25 05:45:00;0.0000
2025-11-25 06:00:00;0.0000
2025-11-25 06:15:00;0.0000
2025-11-25 06:30:00;0.0000
2025-11-25 06:45:00;0.0000
2025-11-25 07:00:00;0.0000
2025-11-25 07:15:00;0.0000
2025-11-25 07:30:00;0.0000
2025-11-25 07:45:00;0.0000
2025-11-25 08:00:00;0.2818
2025-11-25 08:15:00;0.5282
2025-11-25 08:30:00;0.8419
2025-11-25 08:45:00;1.0829
2025-11-25 09:00:00;1.4851
2025-11-25 09:15:00;1.7458
2025-11-25 09:30:00;1.9662
2025-11-25 09:45:00;2.2297
2025-11-25 10:00:00;2.4427
2025-11-25 10:15:00;2.9072
2025-11-25 10:30:00;3.1222
2025-11-25 10:45:00;3.2692
2025-11-25 11:00:00;2.8999
2025-11-25 11:15:00;3.0416
2025-11-25 11:30:00;3.0281
2025-11-25 11:45:00;3.2588
2025-11-25 12:00:00;3.8342
2025-11-25 12:15:00;3.8935
2025-11-25 12:30:00;3.8714
2025-11-25 12:45:00;3.8456
2025-11-25 13:00:00;3.2178
2025-11-25 13:15:00;3.1946
2025-11-25 13:30:00;3.0801
2025-11-25 13:45:00;2.9728
2025-11-25 14:00:00;3.3066
2025-11-25 14:15:00;3.0255
2025-11-25 14:30:00;2.8102
2025-11-25 14:45:00;2.6650
2025-11-25 15:00:00;2.1790
2025-11-25 15:15:00;1.9342
2025-11-25 15:30:00;1.7298
2025-11-25 15:45:00;1.4972
2025-11-25 16:00:00;1.4496
2025-11-25 16:15:00;1.0417
2025-11-25 16:30:00;0.7000
2025-11-25 16:45:00;0.3497
2025-11-25 17:00:00;0.0000
2025-11-25 17:15:00;0.0000
2025-11-25 17:30:00;0.0000
2025-11-25 17:45:00;0.0000
2025-11-25 18:00:00;0.0000
2025-11-25 18:15:00;0.0000
2025-11-25 18:30:00;0.0000
2025-11-25 18:45:00;0.0000
2025-11-25 19:00:00;0.0000
2025-11-25 19:15:00;0.0000
2025-11-25 19:30:00;0.0000
2025-11-25 19:45:00;0.0000
2025-11-25 20:00:00;0.0000
2025-11-25 20:15:00;0.0000
2025-11-25 20:30:00;0.0000
2025-11-25 20:45:00;0.0000
2025-11-25 21:00:00;0.0000
2025-11-25 21:15:00;0.0000
2025-11-25 21:30:00;0.0000
2025-11-25 21:45:00;0.0000
2025-11-25 22:00:00;0.0000
2025-11-25 22:15:00;0.0000
2025-11-25 22:30:00;0.0000
2025-11-25 22:45:00;0.0000
2025-11-25 23:00:00;0.0000
2025-11-25 23:15:00;0.0000
2025-11-25 23:30:00;0.0000
2025-11-25 23:45:00;0.0000
2025-11-26 00:00:00;0.0000
2025-11-26 00:15:00;0.0000
2025-11-26 00:30:00;0.0000
2025-11-26 00:45:00;0.0000
2025-11-26 01:00:00;0.0000
2025-11-26 01:15:00;0.0000
2025-11-26 01:30:00;0.0000
2025-11-26 01:45:00;0.0000
2025-11-26 02:00:00;0.0000
2025-11-26 02:15:00;0.0000
2025-11-26 02:30:00;0.0000
2025-11-26 02:45:00;0.0000
2025-11-26 03:00:00;0.0000
2025-11-26 03:15:00;0.0000
2025-11-26 03:30:00;0.0000
2025-11-26 03:45:00;0.0000
2025-11-26 04:00:00;0.0000
2025-11-26 04:15:00;0.0000
2025-11-26 04:30:00;0.0000
2025-11-26 04:45:00;0.0000
2025-11-26 05:00:00;0.0000
2025-11-26 05:15:00;0.0000
2025-11-26 05:30:00;0.0000
2025-11-26 05:45:00;0.0000
2025-11-26 06:00:00;0.0000
2025-11-26 06:15:00;0.0000
2025-11-26 06:30:00;0.0000
2025-11-26 06:45:00;0.0000
2025-11-26 07:00:00;0.0000
2025-11-26 07:15:00;0.0000
2025-11-26 07:30:00;0.0000
2025-11-26 07:45:00;0.0000
2025-11-26 08:00:00;0.3025
2025-11-26 08:15:00;0.6279
2025-11-26 08:30:00;0.8852
2025-11-26 08:45:00;1.2117
2025-11-26 09:00:00;1.6055
2025-11-26 09:15:00;2.0175
2025-11-26 09:30:00;2.2309
2025-11-26 09:45:00;2.4078
2025-11-26 10:00:00;2.7841
2025-11-26 10:15:00;2.9030
2025-11-26 10:30:00;3.0442
2025-11-26 10:45:00;3.2456
2025-11-26 11:00:00;2.8873
2025-11-26 11:15:00;3.1939
2025-11-26 11:30:00;3.2673
2025-11-26 11:45:00;3.2042
2025-11-26 12:00:00;3.7237
2025-11-26 12:15:00;3.6937
2025-11-26 12:30:00;3.6235
2025-11-26 12:45:00;3.7955
2025-11-26 13:00:00;3.3190
2025-11-26 13:15:00;3.3206
2025-11-26 13:30:00;3.1390
2025-11-26 13:45:00;3.2263
2025-11-26 14:00:00;2.6494
2025-11-26 14:15:00;2.5123
2025-11-26 14:30:00;2.2807
2025-11-26 14:45:00;2.2738
2025-11-26 15:00:00;2.0959
2025-11-26 15:15:00;2.0031
2025-11-26 15:30:00;1.7017
2025-11-26 15:45:00;1.4319
2025-11-26 16:00:00;1.2296
2025-11-26 16:15:00;0.9710
2025-11-26 16:30:00;0.6343
2025-11-26 16:45:00;0.3197
2025-11-26 17:00:00;0.0000
2025-11-26 17:15:00;0.0000
2025-11-26 17:30:00;0.0000
2025-11-26 17:45:00;0.0000
2025-11-26 18:00:00;0.0000
2025-11-26 18:15:00;0.0000
2025-11-26 18:30:00;0.0000
2025-11-26 18:45:00;0.0000
2025-11-26 19:00:00;0.0000
2025-11-26 19:15:00;0.0000
2025-11-26 19:30:00;0.0000
2025-11-26 19:45:00;0.0000
2025-11-26 20:00:00;0.0000
2025-11-26 20:15:00;0.0000
2025-11-26 20:30:00;0.0000
2025-11-26 20:45:00;0.0000
2025-11-26 21:00:00;0.0000
2025-11-26 21:15:00;0.0000
2025-11-26 21:30:00;0.0000
2025-11-26 21:45:00;0.0000
2025-11-26 22:00:00;0.0000
2025-11-26 22:15:00;0.0000
2025-11-26 22:30:00;0.0000
2025-11-26 22:45:00;0.0000
2025-11-26 23:00:00;0.0000
2025-11-26 23:15:00;0.0000
2025-11-26 23:30:00;0.0000
2025-11-26 23:45:00;0.0000
2025-11-27 00:00:00;0.0000
2025-11-27 00:15:00;0.0000
2025-11-27 00:30:00;0.0000
2025-11-27 00:45:00;0.0000
2025-11-27 01:00:00;0.0000
2025-11-27 01:15:00;0.0000
2025-11-27 01:30:00;0.0000
2025-11-27 01:45:00;0.0000
2025-11-27 02:00:00;0.0000
2025-11-27 02:15:00;0.0000
2025-11-27 02:30:00;0.0000
2025-11-27 02:45:00;0.0000
2025-11-27 03:00:00;0.0000
2025-11-27 03:15:00;0.0000
2025-11-27 03:30:00;0.0000
2025-11-27 03:45:00;0.0000
2025-11-27 04:00:00;0.0000
2025-11-27 04:15:00;0.0000
2025-11-27 04:30:00;0.0000
2025-11-27 04:45:00;0.0000
2025-11-27 05:00:00;0.0000
2025-11-27 05:15:00;0.0000
2025-11-27 05:30:00;0.0000
2025-11-27 05:45:00;0.0000
2025-11-27 06:00:00;0.0000
2025-11-27 06:15:00;0.0000
2025-11-27 06:30:00;0.0000
2025-11-27 06:45:00;0.0000
2025-11-27 07:00:00;0.0000
2025-11-27 07:15:00;0.0000
2025-11-27 07:30:00;0.0000
2025-11-27 07:45:00;0.0000
2025-11-27 08:00:00;0.1352
2025-11-27 08:15:00;0.2782
2025-11-27 08:30:00;0.4357
2025-11-27 08:45:00;0.5123
2025-11-27 09:00:00;0.6593
2025-11-27 09:15:00;0.7610
2025-11-27 09:30:00;0.9204
2025-11-27 09:45:00;0.9545
2025-11-27 10:00:00;1.0360
2025-11-27 10:15:00;1.0943
2025-11-27 10:30:00;1.2151
2025-11-27 10:45:00;1.2168
2025-11-27 11:00:00;1.1925
2025-11-27 11:15:00;1.2250
2025-11-27 11:30:00;1.2603
2025-11-27 11:45:00;1.3118
2025-11-27 12:00:00;1.6375
2025-11-27 12:15:00;1.6760
2025-11-27 12:30:00;1.7571
2025-11-27 12:45:00;1.6760
2025-11-27 13:00:00;1.3462
2025-11-27 13:15:00;1.3858
2025-11-27 13:30:00;1.2691
2025-11-27 13:45:00;1.3027
2025-11-27 14:00:00;1.1504
2025-11-27 14:15:00;1.1105
2025-11-27 14:30:00;1.0344
2025-11-27 14:45:00;0.9013
2025-11-27 15:00:00;1.0129
2025-11-27 15:15:00;0.8593
2025-11-27 15:30:00;0.7393
2025-11-27 15:45:00;0.6553
2025-11-27 16:00:00;0.4444
2025-11-27 16:15:00;0.3473
2025-11-27 16:30:00;0.2322
2025-11-27 16:45:00;0.1083
2025-11-27 17:00:00;0.0000
2025-11-27 17:15:00;0.0000
2025-11-27 17:30:00;0.0000
2025-11-27 17:45:00;0.0000
2025-11-27 18:00:00;0.0000
2025-11-27 18:15:00;0.0000
2025-11-27 18:30:00;0.0000
2025-11-27 18:45:00;0.0000
2025-11-27 19:00:00;0.0000
2025-11-27 19:15:00;0.0000
2025-11-27 19:30:00;0.0000
2025-11-27 19:45:00;0.0000
2025-11-27 20:00:00;0.0000
2025-11-27 20:15:00;0.0000
2025-11-27 20:30:00;0.0000
2025-11-27 20:45:00;0.0000
2025-11-27 21:00:00;0.0000
2025-11-27 21:15:00;0.0000
2025-11-27 21:30:00;0.0000
2025-11-27 21:45:00;0.0000
2025-11-27 22:00:00;0.0000
2025-11-27 22:15:00;0.0000
2025-11-27 22:30:00;0.0000
2025-11-27 22:45:00;0.0000
2025-11-27 23:00:00;0.0000
2025-11-27 23:15:00;0.0000
2025-11-27 23:30:00;0.0000
2025-11-27 23:45:00;0.0000
2025-11-28 00:00:00;0.0000
2025-11-28 00:15:00;0.0000
2025-11-28 00:30:00;0.0000
2025-11-28 00:45:00;0.0000
2025-11-28 01:00:00;0.0000
2025-11-28 01:15:00;0.0000
2025-11-28 01:30:00;0.0000
2025-11-28 01:45:00;0.0000
2025-11-28 02:00:00;0.0000
2025-11-28 02:15:00;0.0000
2025-11-28 02:30:00;0.0000
2025-11-28 02:45:00;0.0000
2025-11-28 03:00:00;0.0000
2025-11-28 03:15:00;0.0000
2025-11-28 03:30:00;0.0000
2025-11-28 03:45:00;0.0000
2025-11-28 04:00:00;0.0000
2025-11-28 04:15:00;0.0000
2025-11-28 04:30:00;0.0000
2025-11-28 04:45:00;0.0000
2025-11-28 05:00:00;0.0000
2025-11-28 05:15:00;0.0000
2025-11-28 05:30:00;0.0000
2025-11-28 05:45:00;0.0000
2025-11-28 06:00:00;0.0000
2025-11-28 06:15:00;0.0000
2025-11-28 06:30:00;0.0000
2025-11-28 06:45:00;0.0000
2025-11-28 07:00:00;0.0000
2025-11-28 07:15:00;0.0000
2025-11-28 07:30:00;0.0000
2025-11-28 07:45:00;0.0000
2025-11-28 08:00:00;0.3081
2025-11-28 08:15:00;0.6244
2025-11-28 08:30:00;0.9214
2025-11-28 08:45:00;1.2431
2025-11-28 09:00:00;1.5291
2025-11-28 09:15:00;1.8187
2025-11-28 09:30:00;2.0302
2025-11-28 09:45:00;2.4152
2025-11-28 10:00:00;2.7706
2025-11-28 10:15:00;2.9378
2025-11-28 10:30:00;2.9944
2025-11-28 10:45:00;3.3290
2025-11-28 11:00:00;3.2131
2025-11-28 11:15:00;3.3157
2025-11-28 11:30:00;3.5647
2025-11-28 11:45:00;3.6961
2025-11-28 12:00:00;3.5421
2025-11-28 12:15:00;3.4561
2025-11-28 12:30:00;3.3501
2025-11-28 12:45:00;3.5319
2025-11-28 13:00:00;3.8208
2025-11-28 13:15:00;3.4759
2025-11-28 13:30:00;3.6070
2025-11-28 13:45:00;3.5509
2025-11-28 14:00:00;3.3263
2025-11-28 14:15:00;3.4259
2025-11-28 14:30:00;3.0223
2025-11-28 14:45:00;2.6526
2025-11-28 15:00:00;2.3807
2025-11-28 15:15:00;2.0493
2025-11-28 15:30:00;1.8119
2025-11-28 15:45:00;1.5481
2025-11-28 16:00:00;1.2908
2025-11-28 16:15:00;0.9390
2025-11-28 16:30:00;0.6782
2025-11-28 16:45:00;0.3434
2025-11-28 17:00:00;0.0000
2025-11-28 17:15:00;0.0000
2025-11-28 17:30:00;0.0000
2025-11-28 17:45:00;0.0000
2025-11-28 18:00:00;0.0000
2025-11-28 18:15:00;0.0000
2025-11-28 18:30:00;0.0000
2025-11-28 18:45:00;0.0000
2025-11-28 19:00:00;0.0000
2025-11-28 19:15:00;0.0000
2025-11-28 19:30:00;0.0000
2025-11-28 19:45:00;0.0000
2025-11-28 20:00:00;0.0000
2025-11-28 20:15:00;0.0000
2025-11-28 20:30:00;0.0000
2025-11-28 20:45:00;0.0000
2025-11-28 21:00:00;0.0000
2025-11-28 21:15:00;0.0000
2025-11-28 21:30:00;0.0000
2025-11-28 21:45:00;0.0000
2025-11-28 22:00:00;0.0000
2025-11-28 22:15:00;0.0000
2025-11-28 22:30:00;0.0000
2025-11-28 22:45:00;0.0000
2025-11-28 23:00:00;0.0000
2025-11-28 23:15:00;0.0000
2025-11-28 23:30:00;0.0000
2025-11-28 23:45:00;0.0000
2025-11-29 00:00:00;0.0000
2025-11-29 00:15:00;0.0000
2025-11-29 00:30:00;0.0000
2025-11-29 00:45:00;0.0000
2025-11-29 01:00:00;0.0000
2025-11-29 01:15:00;0.0000
2025-11-29 01:30:00;0.0000
2025-11-29 01:45:00;0.0000
2025-11-29 02:00:00;0.0000
2025-11-29 02:15:00;0.0000
2025-11-29 02:30:00;0.0000
2025-11-29 02:45:00;0.0000
2025-11-29 03:00:00;0.0000
2025-11-29 03:15:00;0.0000
2025-11-29 03:30:00;0.0000
2025-11-29 03:45:00;0.0000
2025-11-29 04:00:00;0.0000
2025-11-29 04:15:00;0.0000
2025-11-29 04:30:00;0.0000
2025-11-29 04:45:00;0.0000
2025-11-29 05:00:00;0.0000
2025-11-29 05:15:00;0.0000
2025-11-29 05:30:00;0.0000
2025-11-29 05:45:00;0.0000
2025-11-29 06:00:00;0.0000
2025-11-29 06:15:00;0.0000
2025-11-29 06:30:00;0.0000
2025-11-29 06:45:00;0.0000
2025-11-29 07:00:00;0.0000
2025-11-29 07:15:00;0.0000
2025-11-29 07:30:00;0.0000
2025-11-29 07:45:00;0.0000
2025-11-29 08:00:00;0.1265
2025-11-29 08:15:00;0.2379
2025-11-29 08:30:00;0.3659
2025-11-29 08:45:00;0.4589
2025-11-29 09:00:00;0.5944
2025-11-29 09:15:00;0.6874
2025-11-29 09:30:00;0.8293
2025-11-29 09:45:00;0.8985
2025-11-29 10:00:00;1.1047
2025-11-29 10:15:00;1.1584
2025-11-29 10:30:00;1.2140
2025-11-29 10:45:00;1.3232
2025-11-29 11:00:00;1.2574
2025-11-29 11:15:00;1.2615
2025-11-29 11:30:00;1.3293
2025-11-29 11:45:00;1.2954
2025-11-29 12:00:00;1.2085
2025-11-29 12:15:00;1.2636
2025-11-29 12:30:00;1.3313
2025-11-29 12:45:00;1.2514
2025-11-29 13:00:00;1.5124
2025-11-29 13:15:00;1.4695
2025-11-29 13:30:00;1.4176
2025-11-29 13:45:00;1.3573
2025-11-29 14:00:00;1.2237
2025-11-29 14:15:00;1.1356
2025-11-29 14:30:00;1.0722
2025-11-29 14:45:00;1.0014
2025-11-29 15:00:00;0.8792
2025-11-29 15:15:00;0.7892
2025-11-29 15:30:00;0.6925
2025-11-29 15:45:00;0.5851
2025-11-29 16:00:00;0.4196
2025-11-29 16:15:00;0.3219
2025-11-29 16:30:00;0.2209
2025-11-29 16:45:00;0.1033
2025-11-29 17:00:00;0.0000
2025-11-29 17:15:00;0.0000
2025-11-29 17:30:00;0.0000
2025-11-29 17:45:00;0.0000
2025-11-29 18:00:00;0.0000
2025-11-29 18:15:00;0.0000
2025-11-29 18:30:00;0.0000
2025-11-29 18:45:00;0.0000
2025-11-29 19:00:00;0.0000
2025-11-29 19:15:00;0.0000
2025-11-29 19:30:00;0.0000
2025-11-29 19:45:00;0.0000
2025-11-29 20:00:00;0.0000
2025-11-29 20:15:00;0.0000
2025-11-29 20:30:00;0.0000
2025-11-29 20:45:00;0.0000
2025-11-29 21:00:00;0.0000
2025-11-29 21:15:00;0.0000
2025-11-29 21:30:00;0.0000
2025-11-29 21:45:00;0.0000
2025-11-29 22:00:00;0.0000
2025-11-29 22:15:00;0.0000
2025-11-29 22:30:00;0.0000
2025-11-29 22:45:00;0.0000
2025-11-29 23:00:00;0.0000
2025-11-29 23:15:00;0.0000
2025-11-29 23:30:00;0.0000
2025-11-29 23:45:00;0.0000
2025-11-30 00:00:00;0.0000
2025-11-30 00:15:00;0.0000
2025-11-30 00:30:00;0.0000
2025-11-30 00:45:00;0.0000
2025-11-30 01:00:00;0.0000
2025-11-30 01:15:00;0.0000
2025-11-30 01:30:00;0.0000
2025-11-30 01:45:00;0.0000
2025-11-30 02:00:00;0.0000
2025-11-30 02:15:00;0.0000
2025-11-30 02:30:00;0.0000
2025-11-30 02:45:00;0.0000
2025-11-30 03:00:00;0.0000
2025-11-30 03:15:00;0.0000
2025-11-30 03:30:00;0.0000
2025-11-30 03:45:00;0.0000
2025-11-30 04:00:00;0.0000
2025-11-30 04:15:00;0.0000
2025-11-30 04:30:00;0.0000
2025-11-30 04:45:00;0.0000
2025-11-30 05:00:00;0.0000
2025-11-30 05:15:00;0.0000
2025-11-30 05:30:00;0.0000
2025-11-30 05:45:00;0.0000
2025-11-30 06:00:00;0.0000
2025-11-30 06:15:00;0.0000
2025-11-30 06:30:00;0.0000
2025-11-30 06:45:00;0.0000
2025-11-30 07:00:00;0.0000
2025-11-30 07:15:00;0.0000
2025-11-30 07:30:00;0.0000
2025-11-30 07:45:00;0.0000
2025-11-30 08:00:00;1.2727
2025-11-30 08:15:00;2.5434
2025-11-30 08:30:00;3.7800
2025-11-30 08:45:00;5.0555
2025-11-30 09:00:00;5.8111
2025-11-30 09:15:00;6.8292
2025-11-30 09:30:00;8.1971
2025-11-30 09:45:00;9.1762
2025-11-30 10:00:00;10.6757
2025-11-30 10:15:00;12.1334
2025-11-30 10:30:00;12.9721
2025-11-30 10:45:00;13.8210
2025-11-30 11:00:00;11.0035
2025-11-30 11:15:00;12.5930
2025-11-30 11:30:00;12.6990
2025-11-30 11:45:00;13.2644
2025-11-30 12:00:00;15.8247
2025-11-30 12:15:00;15.3943
2025-11-30 12:30:00;16.4374
2025-11-30 12:45:00;15.4968
2025-11-30 13:00:00;15.7246
2025-11-30 13:15:00;15.2849
2025-11-30 13:30:00;15.2741
2025-11-30 13:45:00;13.3911
2025-11-30 14:00:00;13.1677
2025-11-30 14:15:00;11.8667
2025-11-30 14:30:00;10.7347
2025-11-30 14:45:00;11.2745
2025-11-30 15:00:00;10.2319
2025-11-30 15:15:00;9.1503
2025-11-30 15:30:00;8.3220
2025-11-30 15:45:00;6.8063
2025-11-30 16:00:00;5.3055
2025-11-30 16:15:00;4.1498
2025-11-30 16:30:00;2.8073
2025-11-30 16:45:00;1.3942
2025-11-30 17:00:00;0.0000
2025-11-30 17:15:00;0.0000
2025-11-30 17:30:00;0.0000
2025-11-30 17:45:00;0.0000
2025-11-30 18:00:00;0.0000
2025-11-30 18:15:00;0.0000
2025-11-30 18:30:00;0.0000
2025-11-30 18:45:00;0.0000
2025-11-30 19:00:00;0.0000
2025-11-30 19:15:00;0.0000
2025-11-30 19:30:00;0.0000
2025-11-30 19:45:00;0.0000
2025-11-30 20:00:00;0.0000
2025-11-30 20:15:00;0.0000
2025-11-30 20:30:00;0.0000
2025-11-30 20:45:00;0.0000
2025-11-30 21:00:00;0.0000
2025-11-30 21:15:00;0.0000
2025-11-30 21:30:00;0.0000
2025-11-30 21:45:00;0.0000
2025-11-30 22:00:00;0.0000
2025-11-30 22:15:00;0.0000
2025-11-30 22:30:00;0.0000
2025-11-30 22:45:00;0.0000
2025-11-30 23:00:00;0.0000
2025-11-30 23:15:00;0.0000
2025-11-30 23:30:00;0.0000
2025-11-30 23:45:00;0.0000
2025-12-01 00:00:00;0.0000
2025-12-01 00:15:00;0.0000
2025-12-01 00:30:00;0.0000
2025-12-01 00:45:00;0.0000
2025-12-01 01:00:00;0.0000
2025-12-01 01:15:00;0.0000
2025-12-01 01:30:00;0.0000
2025-12-01 01:45:00;0.0000
2025-12-01 02:00:00;0.0000
2025-12-01 02:15:00;0.0000
2025-12-01 02:30:00;0.0000
2025-12-01 02:45:00;0.0000
2025-12-01 03:00:00;0.0000
2025-12-01 03:15:00;0.0000
2025-12-01 03:30:00;0.0000
2025-12-01 03:45:00;0.0000
2025-12-01 04:00:00;0.0000
2025-12-01 04:15:00;0.0000
2025-12-01 04:30:00;0.0000
2025-12-01 04:45:00;0.0000
2025-12-01 05:00:00;0.0000
2025-12-01 05:15:00;0.0000
2025-12-01 05:30:00;0.0000
2025-12-01 05:45:00;0.0000
2025-12-01 06:00:00;0.0000
2025-12-01 06:15:00;0.0000
2025-12-01 06:30:00;0.0000
2025-12-01 06:45:00;0.0000
2025-12-01 07:00:00;0.0000
2025-12-01 07:15:00;0.0000
2025-12-01 07:30:00;0.0000
2025-12-01 07:45:00;0.0000
2025-12-01 08:00:00;0.0000
2025-12-01 08:15:00;0.0000
2025-12-01 08:30:00;0.0000
2025-12-01 08:45:00;0.2399
2025-12-01 09:00:00;0.5004
2025-12-01 09:15:00;0.7587
2025-12-01 09:30:00;1.0559
2025-12-01 09:45:00;1.2755
2025-12-01 10:00:00;1.2308
2025-12-01 10:15:00;1.3954
2025-12-01 10:30:00;1.6073
2025-12-01 10:45:00;1.6769
2025-12-01 11:00:00;2.1058
2025-12-01 11:15:00;2.2906
2025-12-01 11:30:00;2.3798
2025-12-01 11:45:00;2.4934
2025-12-01 12:00:00;2.3225
2025-12-01 12:15:00;2.4887
2025-12-01 12:30:00;2.3422
2025-12-01 12:45:00;2.1510
2025-12-01 13:00:00;2.4163
2025-12-01 13:15:00;2.3930
2025-12-01 13:30:00;2.3035
2025-12-01 13:45:00;2.2591
2025-12-01 14:00:00;2.4557
2025-12-01 14:15:00;2.2155
2025-12-01 14:30:00;1.8689
2025-12-01 14:45:00;1.7512
2025-12-01 15:00:00;1.4003
2025-12-01 15:15:00;1.2096
2025-12-01 15:30:00;0.9803
2025-12-01 15:45:00;0.7382
2025-12-01 16:00:00;0.4970
2025-12-01 16:15:00;0.2630
2025-12-01 16:30:00;0.0000
2025-12-01 16:45:00;0.0000
2025-12-01 17:00:00;0.0000
2025-12-01 17:15:00;0.0000
2025-12-01 17:30:00;0.0000
2025-12-01 17:45:00;0.0000
2025-12-01 18:00:00;0.0000
2025-12-01 18:15:00;0.0000
2025-12-01 18:30:00;0.0000
2025-12-01 18:45:00;0.0000
2025-12-01 19:00:00;0.0000
2025-12-01 19:15:00;0.0000
2025-12-01 19:30:00;0.0000
2025-12-01 19:45:00;0.0000
2025-12-01 20:00:00;0.0000
2025-12-01 20:15:00;0.0000
2025-12-01 20:30:00;0.0000
2025-12-01 20:45:00;0.0000
2025-12-01 21:00:00;0.0000
2025-12-01 21:15:00;0.0000
2025-12-01 21:30:00;0.0000
2025-12-01 21:45:00;0.0000
2025-12-01 22:00:00;0.0000
2025-12-01 22:15:00;0.0000
2025-12-01 22:30:00;0.0000
2025-12-01 22:45:00;0.0000
2025-12-01 23:00:00;0.0000
2025-12-01 23:15:00;0.0000
2025-12-01 23:30:00;0.0000
2025-12-01 23:45:00;0.0000
2025-12-02 00:00:00;0.0000
2025-12-02 00:15:00;0.0000
2025-12-02 00:30:00;0.0000
2025-12-02 00:45:00;0.0000
2025-12-02 01:00:00;0.0000
2025-12-02 01:15:00;0.0000
2025-12-02 01:30:00;0.0000
2025-12-02 01:45:00;0.0000
2025-12-02 02:00:00;0.0000
2025-12-02 02:15:00;0.0000
2025-12-02 02:30:00;0.0000
2025-12-02 02:45:00;0.0000
2025-12-02 03:00:00;0.0000
2025-12-02 03:15:00;0.0000
2025-12-02 03:30:00;0.0000
2025-12-02 03:45:00;0.0000
2025-12-02 04:00:00;0.0000
2025-12-02 04:15:00;0.0000
2025-12-02 04:30:00;0.0000
2025-12-02 04:45:00;0.0000
2025-12-02 05:00:00;0.0000
2025-12-02 05:15:00;0.0000
2025-12-02 05:30:00;0.0000
2025-12-02 05:45:00;0.0000
2025-12-02 06:00:00;0.0000
2025-12-02 06:15:00;0.0000
2025-12-02 06:30:00;0.0000
2025-12-02 06:45:00;0.0000
2025-12-02 07:00:00;0.0000
2025-12-02 07:15:00;0.0000
2025-12-02 07:30:00;0.0000
2025-12-02 07:45:00;0.0000
2025-12-02 08:00:00;0.0000
2025-12-02 08:15:00;0.0000
2025-12-02 08:30:00;0.0000
2025-12-02 08:45:00;0.2150
2025-12-02 09:00:00;0.4991
2025-12-02 09:15:00;0.6880
2025-12-02 09:30:00;0.9553
2025-12-02 09:45:00;1.1577
2025-12-02 10:00:00;1.4129
2025-12-02 10:15:00;1.5592
2025-12-02 10:30:00;1.7938
2025-12-02 10:45:00;1.9276
2025-12-02 11:00:00;2.3621
2025-12-02 11:15:00;2.6897
2025-12-02 11:30:00;2.6582
2025-12-02 11:45:00;2.7404
2025-12-02 12:00:00;2.3475
2025-12-02 12:15:00;2.5817
2025-12-02 12:30:00;2.3534
2025-12-02 12:45:00;2.4973
2025-12-02 13:00:00;2.4651
2025-12-02 13:15:00;2.3741
2025-12-02 13:30:00;2.3485
2025-12-02 13:45:00;2.3317
2025-12-02 14:00:00;1.9526
2025-12-02 14:15:00;1.8354
2025-12-02 14:30:00;1.5996
2025-12-02 14:45:00;1.5264
2025-12-02 15:00:00;1.4245
2025-12-02 15:15:00;1.1994
2025-12-02 15:30:00;0.9339
2025-12-02 15:45:00;0.7491
2025-12-02 16:00:00;0.4922
2025-12-02 16:15:00;0.2445
2025-12-02 16:30:00;0.0000
2025-12-02 16:45:00;0.0000
2025-12-02 17:00:00;0.0000
2025-12-02 17:15:00;0.0000
2025-12-02 17:30:00;0.0000
2025-12-02 17:45:00;0.0000
2025-12-02 18:00:00;0.0000
2025-12-02 18:15:00;0.0000
2025-12-02 18:30:00;0.0000
2025-12-02 18:45:00;0.0000
2025-12-02 19:00:00;0.0000
2025-12-02 19:15:00;0.0000
2025-12-02 19:30:00;0.0000
2025-12-02 19:45:00;0.0000
2025-12-02 20:00:00;0.0000
2025-12-02 20:15:00;0.0000
2025-12-02 20:30:00;0.0000
2025-12-02 20:45:00;0.0000
2025-12-02 21:00:00;0.0000
2025-12-02 21:15:00;0.0000
2025-12-02 21:30:00;0.0000
2025-12-02 21:45:00;0.0000
2025-12-02 22:00:00;0.0000
2025-12-02 22:15:00;0.0000
2025-12-02 22:30:00;0.0000
2025-12-02 22:45:00;0.0000
2025-12-02 23:00:00;0.0000
2025-12-02 23:15:00;0.0000
2025-12-02 23:30:00;0.0000
2025-12-02 23:45:00;0.0000
2025-12-03 00:00:00;0.0000
2025-12-03 00:15:00;0.0000
2025-12-03 00:30:00;0.0000
2025-12-03 00:45:00;0.0000
2025-12-03 01:00:00;0.0000
2025-12-03 01:15:00;0.0000
2025-12-03 01:30:00;0.0000
2025-12-03 01:45:00;0.0000
2025-12-03 02:00:00;0.0000
2025-12-03 02:15:00;0.0000
2025-12-03 02:30:00;0.0000
2025-12-03 02:45:00;0.0000
2025-12-03 03:00:00;0.0000
2025-12-03 03:15:00;0.0000
2025-12-03 03:30:00;0.0000
2025-12-03 03:45:00;0.0000
2025-12-03 04:00:00;0.0000
2025-12-03 04:15:00;0.0000
2025-12-03 04:30:00;0.0000
2025-12-03 04:45:00;0.0000
2025-12-03 05:00:00;0.0000
2025-12-03 05:15:00;0.0000
2025-12-03 05:30:00;0.0000
2025-12-03 05:45:00;0.0000
2025-12-03 06:00:00;0.0000
2025-12-03 06:15:00;0.0000
2025-12-03 06:30:00;0.0000
2025-12-03 06:45:00;0.0000
2025-12-03 07:00:00;0.0000
2025-12-03 07:15:00;0.0000
2025-12-03 07:30:00;0.0000
2025-12-03 07:45:00;0.0000
2025-12-03 08:00:00;0.0000
2025-12-03 08:15:00;0.0000
2025-12-03 08:30:00;0.0000
2025-12-03 08:45:00;0.0981
2025-12-03 09:00:00;0.2149
2025-12-03 09:15:00;0.2891
2025-12-03 09:30:00;0.4100
2025-12-03 09:45:00;0.4876
2025-12-03 10:00:00;0.6300
2025-12-03 10:15:00;0.7454
2025-12-03 10:30:00;0.8097
2025-12-03 10:45:00;0.8592
2025-12-03 11:00:00;0.9006
2025-12-03 11:15:00;0.8592
2025-12-03 11:30:00;0.9611
2025-12-03 11:45:00;1.0115
2025-12-03 12:00:00;0.9987
2025-12-03 12:15:00;1.0602
2025-12-03 12:30:00;1.0371
2025-12-03 12:45:00;0.9887
2025-12-03 13:00:00;0.9274
2025-12-03 13:15:00;0.9499
2025-12-03 13:30:00;0.9126
2025-12-03 13:45:00;0.8578
2025-12-03 14:00:00;0.8192
2025-12-03 14:15:00;0.7416
2025-12-03 14:30:00;0.7441
2025-12-03 14:45:00;0.6103
2025-12-03 15:00:00;0.6525
2025-12-03 15:15:00;0.5425
2025-12-03 15:30:00;0.4383
2025-12-03 15:45:00;0.3371
2025-12-03 16:00:00;0.2177
2025-12-03 16:15:00;0.1084
2025-12-03 16:30:00;0.0000
2025-12-03 16:45:00;0.0000
2025-12-03 17:00:00;0.0000
2025-12-03 17:15:00;0.0000
2025-12-03 17:30:00;0.0000
2025-12-03 17:45:00;0.0000
2025-12-03 18:00:00;0.0000
2025-12-03 18:15:00;0.0000
2025-12-03 18:30:00;0.0000
2025-12-03 18:45:00;0.0000
2025-12-03 19:00:00;0.0000
2025-12-03 19:15:00;0.0000
2025-12-03 19:30:00;0.0000
2025-12-03 19:45:00;0.0000
2025-12-03 20:00:00;0.0000
2025-12-03 20:15:00;0.0000
2025-12-03 20:30:00;0.0000
2025-12-03 20:45:00;0.0000
2025-12-03 21:00:00;0.0000
2025-12-03 21:15:00;0.0000
2025-12-03 21:30:00;0.0000
2025-12-03 21:45:00;0.0000
2025-12-03 22:00:00;0.0000
2025-12-03 22:15:00;0.0000
2025-12-03 22:30:00;0.0000
2025-12-03 22:45:00;0.0000
2025-12-03 23:00:00;0.0000
2025-12-03 23:15:00;0.0000
2025-12-03 23:30:00;0.0000
2025-12-03 23:45:00;0.0000
2025-12-04 00:00:00;0.0000
2025-12-04 00:15:00;0.0000
2025-12-04 00:30:00;0.0000
2025-12-04 00:45:00;0.0000
2025-12-04 01:00:00;0.0000
2025-12-04 01:15:00;0.0000
2025-12-04 01:30:00;0.0000
2025-12-04 01:45:00;0.0000
2025-12-04 02:00:00;0.0000
2025-12-04 02:15:00;0.0000
2025-12-04 02:30:00;0.0000
2025-12-04 02:45:00;0.0000
2025-12-04 03:00:00;0.0000
2025-12-04 03:15:00;0.0000
2025-12-04 03:30:00;0.0000
2025-12-04 03:45:00;0.0000
2025-12-04 04:00:00;0.0000
2025-12-04 04:15:00;0.0000
2025-12-04 04:30:00;0.0000
2025-12-04 04:45:00;0.0000
2025-12-04 05:00:00;0.0000
2025-12-04 05:15:00;0.0000
2025-12-04 05:30:00;0.0000
2025-12-04 05:45:00;0.0000
2025-12-04 06:00:00;0.0000
2025-12-04 06:15:00;0.0000
2025-12-04 06:30:00;0.0000
2025-12-04 06:45:00;0.0000
2025-12-04 07:00:00;0.0000
2025-12-04 07:15:00;0.0000
2025-12-04 07:30:00;0.0000
2025-12-04 07:45:00;0.0000
2025-12-04 08:00:00;0.0000
2025-12-04 08:15:00;0.0000
2025-12-04 08:30:00;0.0000
2025-12-04 08:45:00;0.9961
2025-12-04 09:00:00;1.8916
2025-12-04 09:15:00;2.9004
2025-12-04 09:30:00;3.8351
2025-12-04 09:45:00;4.7405
2025-12-04 10:00:00;5.4548
2025-12-04 10:15:00;5.4786
2025-12-04 10:30:00;6.2956
2025-12-04 10:45:00;7.0388
2025-12-04 11:00:00;9.1768
2025-12-04 11:15:00;9.2542
2025-12-04 11:30:00;10.0974
2025-12-04 11:45:00;10.3437
2025-12-04 12:00:00;9.4221
2025-12-04 12:15:00;10.2938
2025-12-04 12:30:00;10.4019
2025-12-04 12:45:00;9.9680
2025-12-04 13:00:00;9.7425
2025-12-04 13:15:00;10.0915
2025-12-04 13:30:00;9.8198
2025-12-04 13:45:00;9.9369
2025-12-04 14:00:00;7.9255
2025-12-04 14:15:00;7.0042
2025-12-04 14:30:00;6.2497
2025-12-04 14:45:00;5.7776
2025-12-04 15:00:00;5.7419
2025-12-04 15:15:00;4.6640
2025-12-04 15:30:00;3.7420
2025-12-04 15:45:00;2.9827
2025-12-04 16:00:00;2.1775
2025-12-04 16:15:00;1.1135
2025-12-04 16:30:00;0.0000
2025-12-04 16:45:00;0.0000
2025-12-04 17:00:00;0.0000
2025-12-04 17:15:00;0.0000
2025-12-04 17:30:00;0.0000
2025-12-04 17:45:00;0.0000
2025-12-04 18:00:00;0.0000
2025-12-04 18:15:00;0.0000
2025-12-04 18:30:00;0.0000
2025-12-04 18:45:00;0.0000
2025-12-04 19:00:00;0.0000
2025-12-04 19:15:00;0.0000
2025-12-04 19:30:00;0.0000
2025-12-04 19:45:00;0.0000
2025-12-04 20:00:00;0.0000
2025-12-04 20:15:00;0.0000
2025-12-04 20:30:00;0.0000
2025-12-04 20:45:00;0.0000
2025-12-04 21:00:00;0.0000
2025-12-04 21:15:00;0.0000
2025-12-04 21:30:00;0.0000
2025-12-04 21:45:00;0.0000
2025-12-04 22:00:00;0.0000
2025-12-04 22:15:00;0.0000
2025-12-04 22:30:00;0.0000
2025-12-04 22:45:00;0.0000
2025-12-04 23:00:00;0.0000
2025-12-04 23:15:00;0.0000
2025-12-04 23:30:00;0.0000
2025-12-04 23:45:00;0.0000
2025-12-05 00:00:00;0.0000
2025-12-05 00:15:00;0.0000
2025-12-05 00:30:00;0.0000
2025-12-05 00:45:00;0.0000
2025-12-05 01:00:00;0.0000
2025-12-05 01:15:00;0.0000
2025-12-05 01:30:00;0.0000
2025-12-05 01:45:00;0.0000
2025-12-05 02:00:00;0.0000
2025-12-05 02:15:00;0.0000
2025-12-05 02:30:00;0.0000
2025-12-05 02:45:00;0.0000
2025-12-05 03:00:00;0.0000
2025-12-05 03:15:00;0.0000
2025-12-05 03:30:00;0.0000
2025-12-05 03:45:00;0.0000
2025-12-05 04:00:00;0.0000
2025-12-05 04:15:00;0.0000
2025-12-05 04:30:00;0.0000
2025-12-05 04:45:00;0.0000
2025-12-05 05:00:00;0.0000
2025-12-05 05:15:00;0.0000
2025-12-05 05:30:00;0.0000
2025-12-05 05:45:00;0.0000
2025-12-05 06:00:00;0.0000
2025-12-05 06:15:00;0.0000
2025-12-05 06:30:00;0.0000
2025-12-05 06:45:00;0.0000
2025-12-05 07:00:00;0.0000
2025-12-05 07:15:00;0.0000
2025-12-05 07:30:00;0.0000
2025-12-05 07:45:00;0.0000
2025-12-05 08:00:00;0.0000
2025-12-05 08:15:00;0.0000
2025-12-05 08:30:00;0.0000
2025-12-05 08:45:00;0.7863
2025-12-05 09:00:00;0.5750
2025-12-05 09:15:00;0.9182
2025-12-05 09:30:00;1.1794
2025-12-05 09:45:00;1.5198
2025-12-05 10:00:00;2.5243
2025-12-05 10:15:00;2.9324
2025-12-05 10:30:00;3.2455
2025-12-05 10:45:00;3.7068
2025-12-05 11:00:00;5.4670
2025-12-05 11:15:00;5.7926
2025-12-05 11:30:00;5.8682
2025-12-05 11:45:00;6.4509
2025-12-05 12:00:00;4.3271
2025-12-05 12:15:00;4.6757
2025-12-05 12:30:00;4.4742
2025-12-05 12:45:00;4.3890
2025-12-05 13:00:00;6.2303
2025-12-05 13:15:00;5.5819
2025-12-05 13:30:00;5.8388
2025-12-05 13:45:00;5.4847
2025-12-05 14:00:00;5.5022
2025-12-05 14:15:00;5.2728
2025-12-05 14:30:00;4.6683
2025-12-05 14:45:00;4.0624
2025-12-05 15:00:00;3.7253
2025-12-05 15:15:00;3.1873
2025-12-05 15:30:00;2.6993
2025-12-05 15:45:00;1.9146
2025-12-05 16:00:00;1.2805
2025-12-05 16:15:00;0.6101
2025-12-05 16:30:00;0.0000
2025-12-05 16:45:00;0.0000
2025-12-05 17:00:00;0.0000
2025-12-05 17:15:00;0.0000
2025-12-05 17:30:00;0.0000
2025-12-05 17:45:00;0.0000
2025-12-05 18:00:00;0.0000
2025-12-05 18:15:00;0.0000
2025-12-05 18:30:00;0.0000
2025-12-05 18:45:00;0.0000
2025-12-05 19:00:00;0.0000
2025-12-05 19:15:00;0.0000
2025-12-05 19:30:00;0.0000
2025-12-05 19:45:00;0.0000
2025-12-05 20:00:00;0.0000
2025-12-05 20:15:00;0.0000
2025-12-05 20:30:00;0.0000
2025-12-05 20:45:00;0.0000
2025-12-05 21:00:00;0.0000
2025-12-05 21:15:00;0.0000
2025-12-05 21:30:00;0.0000
2025-12-05 21:45:00;0.0000
2025-12-05 22:00:00;0.0000
2025-12-05 22:15:00;0.0000
2025-12-05 22:30:00;0.0000
2025-12-05 22:45:00;0.0000
2025-12-05 23:00:00;0.0000
2025-12-05 23:15:00;0.0000
2025-12-05 23:30:00;0.0000
2025-12-05 23:45:00;0.0000
2025-12-06 00:00:00;0.0000
2025-12-06 00:15:00;0.0000
2025-12-06 00:30:00;0.0000
2025-12-06 00:45:00;0.0000
2025-12-06 01:00:00;0.0000
2025-12-06 01:15:00;0.0000
2025-12-06 01:30:00;0.0000
2025-12-06 01:45:00;0.0000
2025-12-06 02:00:00;0.0000
2025-12-06 02:15:00;0.0000
2025-12-06 02:30:00;0.0000
2025-12-06 02:45:00;0.0000
2025-12-06 03:00:00;0.0000
2025-12-06 03:15:00;0.0000
2025-12-06 03:30:00;0.0000
2025-12-06 03:45:00;0.0000
2025-12-06 04:00:00;0.0000
2025-12-06 04:15:00;0.0000
2025-12-06 04:30:00;0.0000
2025-12-06 04:45:00;0.0000
2025-12-06 05:00:00;0.0000
2025-12-06 05:15:00;0.0000
2025-12-06 05:30:00;0.0000
2025-12-06 05:45:00;0.0000
2025-12-06 06:00:00;0.0000
2025-12-06 06:15:00;0.0000
2025-12-06 06:30:00;0.0000
2025-12-06 06:45:00;0.0000
2025-12-06 07:00:00;0.0000
2025-12-06 07:15:00;0.0000
2025-12-06 07:30:00;0.0000
2025-12-06 07:45:00;0.0000
2025-12-06 08:00:00;0.0000
2025-12-06 08:15:00;0.0000
2025-12-06 08:30:00;0.0000
2025-12-06 08:45:00;0.0951
2025-12-06 09:00:00;0.2158
2025-12-06 09:15:00;0.3294
2025-12-06 09:30:00;0.4152
2025-12-06 09:45:00;0.5265
2025-12-06 10:00:00;0.5558
2025-12-06 10:15:00;0.6415
2025-12-06 10:30:00;0.7053
2025-12-06 10:45:00;0.7971
2025-12-06 11:00:00;0.8373
2025-12-06 11:15:00;0.8234
2025-12-06 11:30:00;0.9219
2025-12-06 11:45:00;0.8802
2025-12-06 12:00:00;0.9099
2025-12-06 12:15:00;0.9509
2025-12-06 12:30:00;0.9227
2025-12-06 12:45:00;0.8665
2025-12-06 13:00:00;1.0116
2025-12-06 13:15:00;0.9696
2025-12-06 13:30:00;0.9428
2025-12-06 13:45:00;0.8768
2025-12-06 14:00:00;0.8052
2025-12-06 14:15:00;0.7586
2025-12-06 14:30:00;0.6985
2025-12-06 14:45:00;0.6129
2025-12-06 15:00:00;0.5573
2025-12-06 15:15:00;0.4678
2025-12-06 15:30:00;0.3716
2025-12-06 15:45:00;0.3040
2025-12-06 16:00:00;0.1790
2025-12-06 16:15:00;0.0909
2025-12-06 16:30:00;0.0000
2025-12-06 16:45:00;0.0000
2025-12-06 17:00:00;0.0000
2025-12-06 17:15:00;0.0000
2025-12-06 17:30:00;0.0000
2025-12-06 17:45:00;0.0000
2025-12-06 18:00:00;0.0000
2025-12-06 18:15:00;0.0000
2025-12-06 18:30:00;0.0000
2025-12-06 18:45:00;0.0000
2025-12-06 19:00:00;0.0000
2025-12-06 19:15:00;0.0000
2025-12-06 19:30:00;0.0000
2025-12-06 19:45:00;0.0000
2025-12-06 20:00:00;0.0000
2025-12-06 20:15:00;0.0000
2025-12-06 20:30:00;0.0000
2025-12-06 20:45:00;0.0000
2025-12-06 21:00:00;0.0000
2025-12-06 21:15:00;0.0000
2025-12-06 21:30:00;0.0000
2025-12-06 21:45:00;0.0000
2025-12-06 22:00:00;0.0000
2025-12-06 22:15:00;0.0000
2025-12-06 22:30:00;0.0000
2025-12-06 22:45:00;0.0000
2025-12-06 23:00:00;0.0000
2025-12-06 23:15:00;0.0000
2025-12-06 23:30:00;0.0000
2025-12-06 23:45:00;0.0000
2025-12-07 00:00:00;0.0000
2025-12-07 00:15:00;0.0000
2025-12-07 00:30:00;0.0000
2025-12-07 00:45:00;0.0000
2025-12-07 01:00:00;0.0000
2025-12-07 01:15:00;0.0000
2025-12-07 01:30:00;0.0000
2025-12-07 01:45:00;0.0000
2025-12-07 02:00:00;0.0000
2025-12-07 02:15:00;0.0000
2025-12-07 02:30:00;0.0000
2025-12-07 02:45:00;0.0000
2025-12-07 03:00:00;0.0000
2025-12-07 03:15:00;0.0000
2025-12-07 03:30:00;0.0000
2025-12-07 03:45:00;0.0000
2025-12-07 04:00:00;0.0000
2025-12-07 04:15:00;0.0000
2025-12-07 04:30:00;0.0000
2025-12-07 04:45:00;0.0000
2025-12-07 05:00:00;0.0000
2025-12-07 05:15:00;0.0000
2025-12-07 05:30:00;0.0000
2025-12-07 05:45:00;0.0000
2025-12-07 06:00:00;0.0000
2025-12-07 06:15:00;0.0000
2025-12-07 06:30:00;0.0000
2025-12-07 06:45:00;0.0000
2025-12-07 07:00:00;0.0000
2025-12-07 07:15:00;0.0000
2025-12-07 07:30:00;0.0000
2025-12-07 07:45:00;0.0000
2025-12-07 08:00:00;0.0000
2025-12-07 08:15:00;0.0000
2025-12-07 08:30:00;0.0000
2025-12-07 08:45:00;0.0963
2025-12-07 09:00:00;0.2270
2025-12-07 09:15:00;0.3500
2025-12-07 09:30:00;0.4593
2025-12-07 09:45:00;0.5758
2025-12-07 10:00:00;0.5553
2025-12-07 10:15:00;0.6076
2025-12-07 10:30:00;0.7024
2025-12-07 10:45:00;0.7567
2025-12-07 11:00:00;0.9765
2025-12-07 11:15:00;1.0545
2025-12-07 11:30:00;1.0581
2025-12-07 11:45:00;1.1552
2025-12-07 12:00:00;1.1079
2025-12-07 12:15:00;1.1122
2025-12-07 12:30:00;1.1747
2025-12-07 12:45:00;1.1412
2025-12-07 13:00:00;0.9390
2025-12-07 13:15:00;0.9469
2025-12-07 13:30:00;0.9620
2025-12-07 13:45:00;0.9091
2025-12-07 14:00:00;0.7427
2025-12-07 14:15:00;0.7377
2025-12-07 14:30:00;0.6452
2025-12-07 14:45:00;0.5584
2025-12-07 15:00:00;0.5049
2025-12-07 15:15:00;0.4592
2025-12-07 15:30:00;0.3449
2025-12-07 15:45:00;0.2855
2025-12-07 16:00:00;0.1733
2025-12-07 16:15:00;0.0855
2025-12-07 16:30:00;0.0000
2025-12-07 16:45:00;0.0000
2025-12-07 17:00:00;0.0000
2025-12-07 17:15:00;0.0000
2025-12-07 17:30:00;0.0000
2025-12-07 17:45:00;0.0000
2025-12-07 18:00:00;0.0000
2025-12-07 18:15:00;0.0000
2025-12-07 18:30:00;0.0000
2025-12-07 18:45:00;0.0000
2025-12-07 19:00:00;0.0000
2025-12-07 19:15:00;0.0000
2025-12-07 19:30:00;0.0000
2025-12-07 19:45:00;0.0000
2025-12-07 20:00:00;0.0000
2025-12-07 20:15:00;0.0000
2025-12-07 20:30:00;0.0000
2025-12-07 20:45:00;0.0000
2025-12-07 21:00:00;0.0000
2025-12-07 21:15:00;0.0000
2025-12-07 21:30:00;0.0000
2025-12-07 21:45:00;0.0000
2025-12-07 22:00:00;0.0000
2025-12-07 22:15:00;0.0000
2025-12-07 22:30:00;0.0000
2025-12-07 22:45:00;0.0000
2025-12-07 23:00:00;0.0000
2025-12-07 23:15:00;0.0000
2025-12-07 23:30:00;0.0000
2025-12-07 23:45:00;0.0000
2025-12-08 00:00:00;0.0000
2025-12-08 00:15:00;0.0000
2025-12-08 00:30:00;0.0000
2025-12-08 00:45:00;0.0000
2025-12-08 01:00:00;0.0000
2025-12-08 01:15:00;0.0000
2025-12-08 01:30:00;0.0000
2025-12-08 01:45:00;0.0000
2025-12-08 02:00:00;0.0000
2025-12-08 02:15:00;0.0000
2025-12-08 02:30:00;0.0000
2025-12-08 02:45:00;0.0000
2025-12-08 03:00:00;0.0000
2025-12-08 03:15:00;0.0000
2025-12-08 03:30:00;0.0000
2025-12-08 03:45:00;0.0000
2025-12-08 04:00:00;0.0000
2025-12-08 04:15:00;0.0000
2025-12-08 04:30:00;0.0000
2025-12-08 04:45:00;0.0000
2025-12-08 05:00:00;0.0000
2025-12-08 05:15:00;0.0000
2025-12-08 05:30:00;0.0000
2025-12-08 05:45:00;0.0000
2025-12-08 06:00:00;0.0000
2025-12-08 06:15:00;0.0000
2025-12-08 06:30:00;0.0000
2025-12-08 06:45:00;0.0000
2025-12-08 07:00:00;0.0000
2025-12-08 07:15:00;0.0000
2025-12-08 07:30:00;0.0000
2025-12-08 07:45:00;0.0000
2025-12-08 08:00:00;0.0000
2025-12-08 08:15:00;0.0000
2025-12-08 08:30:00;0.0000
2025-12-08 08:45:00;0.2414
2025-12-08 09:00:00;0.4759
2025-12-08 09:15:00;0.7478
2025-12-08 09:30:00;0.9184
2025-12-08 09:45:00;1.0836
2025-12-08 10:00:00;1.4090
2025-12-08 10:15:00;1.5907
2025-12-08 10:30:00;1.8513
2025-12-08 10:45:00;2.0663
2025-12-08 11:00:00;2.1521
2025-12-08 11:15:00;2.2212
2025-12-08 11:30:00;2.3098
2025-12-08 11:45:00;2.5044
2025-12-08 12:00:00;2.4770
2025-12-08 12:15:00;2.6519
2025-12-08 12:30:00;2.6071
2025-12-08 12:45:00;2.4946
2025-12-08 13:00:00;2.4772
2025-12-08 13:15:00;2.3673
2025-12-08 13:30:00;2.4494
2025-12-08 13:45:00;2.2185
2025-12-08 14:00:00;2.5519
2025-12-08 14:15:00;2.2612
2025-12-08 14:30:00;2.1196
2025-12-08 14:45:00;1.8624
2025-12-08 15:00:00;1.4068
2025-12-08 15:15:00;1.2114
2025-12-08 15:30:00;0.9751
2025-12-08 15:45:00;0.7039
2025-12-08 16:00:00;0.4780
2025-12-08 16:15:00;0.2403
2025-12-08 16:30:00;0.0000
2025-12-08 16:45:00;0.0000
2025-12-08 17:00:00;0.0000
2025-12-08 17:15:00;0.0000
2025-12-08 17:30:00;0.0000
2025-12-08 17:45:00;0.0000
2025-12-08 18:00:00;0.0000
2025-12-08 18:15:00;0.0000
2025-12-08 18:30:00;0.0000
2025-12-08 18:45:00;0.0000
2025-12-08 19:00:00;0.0000
2025-12-08 19:15:00;0.0000
2025-12-08 19:30:00;0.0000
2025-12-08 19:45:00;0.0000
2025-12-08 20:00:00;0.0000
2025-12-08 20:15:00;0.0000
2025-12-08 20:30:00;0.0000
2025-12-08 20:45:00;0.0000
2025-12-08 21:00:00;0.0000
2025-12-08 21:15:00;0.0000
2025-12-08 21:30:00;0.0000
2025-12-08 21:45:00;0.0000
2025-12-08 22:00:00;0.0000
2025-12-08 22:15:00;0.0000
2025-12-08 22:30:00;0.0000
2025-12-08 22:45:00;0.0000
2025-12-08 23:00:00;0.0000
2025-12-08 23:15:00;0.0000
2025-12-08 23:30:00;0.0000
2025-12-08 23:45:00;0.0000
2025-12-09 00:00:00;0.0000
2025-12-09 00:15:00;0.0000
2025-12-09 00:30:00;0.0000
2025-12-09 00:45:00;0.0000
2025-12-09 01:00:00;0.0000
2025-12-09 01:15:00;0.0000
2025-12-09 01:30:00;0.0000
2025-12-09 01:45:00;0.0000
2025-12-09 02:00:00;0.0000
2025-12-09 02:15:00;0.0000
2025-12-09 02:30:00;0.0000
2025-12-09 02:45:00;0.0000
2025-12-09 03:00:00;0.0000
2025-12-09 03:15:00;0.0000
2025-12-09 03:30:00;0.0000
2025-12-09 03:45:00;0.0000
2025-12-09 04:00:00;0.0000
2025-12-09 04:15:00;0.0000
2025-12-09 04:30:00;0.0000
2025-12-09 04:45:00;0.0000
2025-12-09 05:00:00;0.0000
2025-12-09 05:15:00;0.0000
2025-12-09 05:30:00;0.0000
2025-12-09 05:45:00;0.0000
2025-12-09 06:00:00;0.0000
2025-12-09 06:15:00;0.0000
2025-12-09 06:30:00;0.0000
2025-12-09 06:45:00;0.0000
2025-12-09 07:00:00;0.0000
2025-12-09 07:15:00;0.0000
2025-12-09 07:30:00;0.0000
2025-12-09 07:45:00;0.0000
2025-12-09 08:00:00;0.0000
2025-12-09 08:15:00;0.0000
2025-12-09 08:30:00;0.0000
2025-12-09 08:45:00;0.2755
2025-12-09 09:00:00;0.4890
2025-12-09 09:15:00;0.7251
2025-12-09 09:30:00;1.0234
2025-12-09 09:45:00;1.2188
2025-12-09 10:00:00;1.4787
2025-12-09 10:15:00;1.6491
2025-12-09 10:30:00;1.8842
2025-12-09 10:45:00;1.9982
2025-12-09 11:00:00;2.1303
2025-12-09 11:15:00;2.3204
2025-12-09 11:30:00;2.3182
2025-12-09 11:45:00;2.5678
2025-12-09 12:00:00;1.9403
2025-12-09 12:15:00;2.1167
2025-12-09 12:30:00;2.0705
2025-12-09 12:45:00;2.0666
2025-12-09 13:00:00;2.6554
2025-12-09 13:15:00;2.6415
2025-12-09 13:30:00;2.4397
2025-12-09 13:45:00;2.3313
2025-12-09 14:00:00;2.3034
2025-12-09 14:15:00;2.1324
2025-12-09 14:30:00;1.8938
2025-12-09 14:45:00;1.6822
2025-12-09 15:00:00;1.2905
2025-12-09 15:15:00;1.0952
2025-12-09 15:30:00;0.8741
2025-12-09 15:45:00;0.7033
2025-12-09 16:00:00;0.5116
2025-12-09 16:15:00;0.2454
2025-12-09 16:30:00;0.0000
2025-12-09 16:45:00;0.0000
2025-12-09 17:00:00;0.0000
2025-12-09 17:15:00;0.0000
2025-12-09 17:30:00;0.0000
2025-12-09 17:45:00;0.0000
2025-12-09 18:00:00;0.0000
2025-12-09 18:15:00;0.0000
2025-12-09 18:30:00;0.0000
2025-12-09 18:45:00;0.0000
2025-12-09 19:00:00;0.0000
2025-12-09 19:15:00;0.0000
2025-12-09 19:30:00;0.0000
2025-12-09 19:45:00;0.0000
2025-12-09 20:00:00;0.0000
2025-12-09 20:15:00;0.0000
2025-12-09 20:30:00;0.0000
2025-12-09 20:45:00;0.0000
2025-12-09 21:00:00;0.0000
2025-12-09 21:15:00;0.0000
2025-12-09 21:30:00;0.0000
2025-12-09 21:45:00;0.0000
2025-12-09 22:00:00;0.0000
2025-12-09 22:15:00;0.0000
2025-12-09 22:30:00;0.0000
2025-12-09 22:45:00;0.0000
2025-12-09 23:00:00;0.0000
2025-12-09 23:15:00;0.0000
2025-12-09 23:30:00;0.0000
2025-12-09 23:45:00;0.0000
2025-12-10 00:00:00;0.0000
2025-12-10 00:15:00;0.0000
2025-12-10 00:30:00;0.0000
2025-12-10 00:45:00;0.0000
2025-12-10 01:00:00;0.0000
2025-12-10 01:15:00;0.0000
2025-12-10 01:30:00;0.0000
2025-12-10 01:45:00;0.0000
2025-12-10 02:00:00;0.0000
2025-12-10 02:15:00;0.0000
2025-12-10 02:30:00;0.0000
2025-12-10 02:45:00;0.0000
2025-12-10 03:00:00;0.0000
2025-12-10 03:15:00;0.0000
2025-12-10 03:30:00;0.0000
2025-12-10 03:45:00;0.0000
2025-12-10 04:00:00;0.0000
2025-12-10 04:15:00;0.0000
2025-12-10 04:30:00;0.0000
2025-12-10 04:45:00;0.0000
2025-12-10 05:00:00;0.0000
2025-12-10 05:15:00;0.0000
2025-12-10 05:30:00;0.0000
2025-12-10 05:45:00;0.0000
2025-12-10 06:00:00;0.0000
2025-12-10 06:15:00;0.0000
2025-12-10 06:30:00;0.0000
2025-12-10 06:45:00;0.0000
2025-12-10 07:00:00;0.0000
2025-12-10 07:15:00;0.0000
2025-12-10 07:30:00;0.0000
2025-12-10 07:45:00;0.0000
2025-12-10 08:00:00;0.0000
2025-12-10 08:15:00;0.0000
2025-12-10 08:30:00;0.0000
2025-12-10 08:45:00;0.8678
2025-12-10 09:00:00;2.1423
2025-12-10 09:15:00;3.1969
2025-12-10 09:30:00;4.1709
2025-12-10 09:45:00;4.9173
2025-12-10 10:00:00;5.5915
2025-12-10 10:15:00;6.0680
2025-12-10 10:30:00;7.0164
2025-12-10 10:45:00;7.7134
2025-12-10 11:00:00;7.6313
2025-12-10 11:15:00;8.0652
2025-12-10 11:30:00;8.3912
2025-12-10 11:45:00;8.8201
2025-12-10 12:00:00;8.1721
2025-12-10 12:15:00;7.8382
2025-12-10 12:30:00;8.0009
2025-12-10 12:45:00;8.2637
2025-12-10 13:00:00;9.7680
2025-12-10 13:15:00;9.9921
2025-12-10 13:30:00;9.0856
2025-12-10 13:45:00;9.2183
2025-12-10 14:00:00;9.2949
2025-12-10 14:15:00;8.5784
2025-12-10 14:30:00;7.5802
2025-12-10 14:45:00;6.5119
2025-12-10 15:00:00;5.2764
2025-12-10 15:15:00;4.4661
2025-12-10 15:30:00;3.5484
2025-12-10 15:45:00;2.8152
2025-12-10 16:00:00;1.9128
2025-12-10 16:15:00;1.0078
2025-12-10 16:30:00;0.0000
2025-12-10 16:45:00;0.0000
2025-12-10 17:00:00;0.0000
2025-12-10 17:15:00;0.0000
2025-12-10 17:30:00;0.0000
2025-12-10 17:45:00;0.0000
2025-12-10 18:00:00;0.0000
2025-12-10 18:15:00;0.0000
2025-12-10 18:30:00;0.0000
2025-12-10 18:45:00;0.0000
2025-12-10 19:00:00;0.0000
2025-12-10 19:15:00;0.0000
2025-12-10 19:30:00;0.0000
2025-12-10 19:45:00;0.0000
2025-12-10 20:00:00;0.0000
2025-12-10 20:15:00;0.0000
2025-12-10 20:30:00;0.0000
2025-12-10 20:45:00;0.0000
2025-12-10 21:00:00;0.0000
2025-12-10 21:15:00;0.0000
2025-12-10 21:30:00;0.0000
2025-12-10 21:45:00;0.0000
2025-12-10 22:00:00;0.0000
2025-12-10 22:15:00;0.0000
2025-12-10 22:30:00;0.0000
2025-12-10 22:45:00;0.0000
2025-12-10 23:00:00;0.0000
2025-12-10 23:15:00;0.0000
2025-12-10 23:30:00;0.0000
2025-12-10 23:45:00;0.0000
2025-12-11 00:00:00;0.0000
2025-12-11 00:15:00;0.0000
2025-12-11 00:30:00;0.0000
2025-12-11 00:45:00;0.0000
2025-12-11 01:00:00;0.0000
2025-12-11 01:15:00;0.0000
2025-12-11 01:30:00;0.0000
2025-12-11 01:45:00;0.0000
2025-12-11 02:00:00;0.0000
2025-12-11 02:15:00;0.0000
2025-12-11 02:30:00;0.0000
2025-12-11 02:45:00;0.0000
2025-12-11 03:00:00;0.0000
2025-12-11 03:15:00;0.0000
2025-12-11 03:30:00;0.0000
2025-12-11 03:45:00;0.0000
2025-12-11 04:00:00;0.0000
2025-12-11 04:15:00;0.0000
2025-12-11 04:30:00;0.0000
2025-12-11 04:45:00;0.0000
2025-12-11 05:00:00;0.0000
2025-12-11 05:15:00;0.0000
2025-12-11 05:30:00;0.0000
2025-12-11 05:45:00;0.0000
2025-12-11 06:00:00;0.0000
2025-12-11 06:15:00;0.0000
2025-12-11 06:30:00;0.0000
2025-12-11 06:45:00;0.0000
2025-12-11 07:00:00;0.0000
2025-12-11 07:15:00;0.0000
2025-12-11 07:30:00;0.0000
2025-12-11 07:45:00;0.0000
2025-12-11 08:00:00;0.0000
2025-12-11 08:15:00;0.0000
2025-12-11 08:30:00;0.0000
2025-12-11 08:45:00;0.2691
2025-12-11 09:00:00;0.5191
2025-12-11 09:15:00;0.7534
2025-12-11 09:30:00;1.0145
2025-12-11 09:45:00;1.3302
2025-12-11 10:00:00;1.2176
2025-12-11 10:15:00;1.3838
2025-12-11 10:30:00;1.5457
2025-12-11 10:45:00;1.6762
2025-12-11 11:00:00;1.9312
2025-12-11 11:15:00;2.1452
2025-12-11 11:30:00;2.2739
2025-12-11 11:45:00;2.3736
2025-12-11 12:00:00;2.4234
2025-12-11 12:15:00;2.5255
2025-12-11 12:30:00;2.5931
2025-12-11 12:45:00;2.5510
2025-12-11 13:00:00;2.5891
2025-12-11 13:15:00;2.4630
2025-12-11 13:30:00;2.3627
2025-12-11 13:45:00;2.1997
2025-12-11 14:00:00;2.2242
2025-12-11 14:15:00;2.0376
2025-12-11 14:30:00;1.8693
2025-12-11 14:45:00;1.6797
2025-12-11 15:00:00;1.5985
2025-12-11 15:15:00;1.3649
2025-12-11 15:30:00;1.1152
2025-12-11 15:45:00;0.8074
2025-12-11 16:00:00;0.5634
2025-12-11 16:15:00;0.2725
2025-12-11 16:30:00;0.0000
2025-12-11 16:45:00;0.0000
2025-12-11 17:00:00;0.0000
2025-12-11 17:15:00;0.0000
2025-12-11 17:30:00;0.0000
2025-12-11 17:45:00;0.0000
2025-12-11 18:00:00;0.0000
2025-12-11 18:15:00;0.0000
2025-12-11 18:30:00;0.0000
2025-12-11 18:45:00;0.0000
2025-12-11 19:00:00;0.0000
2025-12-11 19:15:00;0.0000
2025-12-11 19:30:00;0.0000
2025-12-11 19:45:00;0.0000
2025-12-11 20:00:00;0.0000
2025-12-11 20:15:00;0.0000
2025-12-11 20:30:00;0.0000
2025-12-11 20:45:00;0.0000
2025-12-11 21:00:00;0.0000
2025-12-11 21:15:00;0.0000
2025-12-11 21:30:00;0.0000
2025-12-11 21:45:00;0.0000
2025-12-11 22:00:00;0.0000
2025-12-11 22:15:00;0.0000
2025-12-11 22:30:00;0.0000
2025-12-11 22:45:00;0.0000
2025-12-11 23:00:00;0.0000
2025-12-11 23:15:00;0.0000
2025-12-11 23:30:00;0.0000
2025-12-11 23:45:00;0.0000
2025-12-12 00:00:00;0.0000
2025-12-12 00:15:00;0.0000
2025-12-12 00:30:00;0.0000
2025-12-12 00:45:00;0.0000
2025-12-12 01:00:00;0.0000
2025-12-12 01:15:00;0.0000
2025-12-12 01:30:00;0.0000
2025-12-12 01:45:00;0.0000
2025-12-12 02:00:00;0.0000
2025-12-12 02:15:00;0.0000
2025-12-12 02:30:00;0.0000
2025-12-12 02:45:00;0.0000
2025-12-12 03:00:00;0.0000
2025-12-12 03:15:00;0.0000
2025-12-12 03:30:00;0.0000
2025-12-12 03:45:00;0.0000
2025-12-12 04:00:00;0.0000
2025-12-12 04:15:00;0.0000
2025-12-12 04:30:00;0.0000
2025-12-12 04:45:00;0.0000
2025-12-12 05:00:00;0.0000
2025-12-12 05:15:00;0.0000
2025-12-12 05:30:00;0.0000
2025-12-12 05:45:00;0.0000
2025-12-12 06:00:00;0.0000
2025-12-12 06:15:00;0.0000
2025-12-12 06:30:00;0.0000
2025-12-12 06:45:00;0.0000
2025-12-12 07:00:00;0.0000
2025-12-12 07:15:00;0.0000
2025-12-12 07:30:00;0.0000
2025-12-12 07:45:00;0.0000
2025-12-12 08:00:00;0.0000
2025-12-12 08:15:00;0.0000
2025-12-12 08:30:00;0.0000
2025-12-12 08:45:00;0.1037
2025-12-12 09:00:00;0.1923
2025-12-12 09:15:00;0.2925
2025-12-12 09:30:00;0.3846
2025-12-12 09:45:00;0.4501
2025-12-12 10:00:00;0.5241
2025-12-12 10:15:00;0.6181
2025-12-12 10:30:00;0.6957
2025-12-12 10:45:00;0.7629
2025-12-12 11:00:00;0.7458
2025-12-12 11:15:00;0.8061
2025-12-12 11:30:00;0.8708
2025-12-12 11:45:00;0.9169
2025-12-12 12:00:00;0.9128
2025-12-12 12:15:00;0.9481
2025-12-12 12:30:00;0.9292
2025-12-12 12:45:00;0.9293
2025-12-12 13:00:00;1.0098
2025-12-12 13:15:00;1.0071
2025-12-12 13:30:00;0.9408
2025-12-12 13:45:00;0.9272
2025-12-12 14:00:00;0.7962
2025-12-12 14:15:00;0.7271
2025-12-12 14:30:00;0.6863
2025-12-12 14:45:00;0.5875
2025-12-12 15:00:00;0.6025
2025-12-12 15:15:00;0.5127
2025-12-12 15:30:00;0.4301
2025-12-12 15:45:00;0.3130
2025-12-12 16:00:00;0.2057
2025-12-12 16:15:00;0.0963
2025-12-12 16:30:00;0.0000
2025-12-12 16:45:00;0.0000
2025-12-12 17:00:00;0.0000
2025-12-12 17:15:00;0.0000
2025-12-12 17:30:00;0.0000
2025-12-12 17:45:00;0.0000
2025-12-12 18:00:00;0.0000
2025-12-12 18:15:00;0.0000
2025-12-12 18:30:00;0.0000
2025-12-12 18:45:00;0.0000
2025-12-12 19:00:00;0.0000
2025-12-12 19:15:00;0.0000
2025-12-12 19:30:00;0.0000
2025-12-12 19:45:00;0.0000
2025-12-12 20:00:00;0.0000
2025-12-12 20:15:00;0.0000
2025-12-12 20:30:00;0.0000
2025-12-12 20:45:00;0.0000
2025-12-12 21:00:00;0.0000
2025-12-12 21:15:00;0.0000
2025-12-12 21:30:00;0.0000
2025-12-12 21:45:00;0.0000
2025-12-12 22:00:00;0.0000
2025-12-12 22:15:00;0.0000
2025-12-12 22:30:00;0.0000
2025-12-12 22:45:00;0.0000
2025-12-12 23:00:00;0.0000
2025-12-12 23:15:00;0.0000
2025-12-12 23:30:00;0.0000
2025-12-12 23:45:00;0.0000
2025-12-13 00:00:00;0.0000
2025-12-13 00:15:00;0.0000
2025-12-13 00:30:00;0.0000
2025-12-13 00:45:00;0.0000
2025-12-13 01:00:00;0.0000
2025-12-13 01:15:00;0.0000
2025-12-13 01:30:00;0.0000
2025-12-13 01:45:00;0.0000
2025-12-13 02:00:00;0.0000
2025-12-13 02:15:00;0.0000
2025-12-13 02:30:00;0.0000
2025-12-13 02:45:00;0.0000
2025-12-13 03:00:00;0.0000
2025-12-13 03:15:00;0.0000
2025-12-13 03:30:00;0.0000
2025-12-13 03:45:00;0.0000
2025-12-13 04:00:00;0.0000
2025-12-13 04:15:00;0.0000
2025-12-13 04:30:00;0.0000
2025-12-13 04:45:00;0.0000
2025-12-13 05:00:00;0.0000
2025-12-13 05:15:00;0.0000
2025-12-13 05:30:00;0.0000
2025-12-13 05:45:00;0.0000
2025-12-13 06:00:00;0.0000
2025-12-13 06:15:00;0.0000
2025-12-13 06:30:00;0.0000
2025-12-13 06:45:00;0.0000
2025-12-13 07:00:00;0.0000
2025-12-13 07:15:00;0.0000
2025-12-13 07:30:00;0.0000
2025-12-13 07:45:00;0.0000
2025-12-13 08:00:00;0.0000
2025-12-13 08:15:00;0.0000
2025-12-13 08:30:00;0.0000
2025-12-13 08:45:00;0.1076
2025-12-13 09:00:00;0.1943
2025-12-13 09:15:00;0.2998
2025-12-13 09:30:00;0.3955
2025-12-13 09:45:00;0.4861
2025-12-13 10:00:00;0.5480
2025-12-13 10:15:00;0.6416
2025-12-13 10:30:00;0.6932
2025-12-13 10:45:00;0.7632
2025-12-13 11:00:00;0.8582
2025-12-13 11:15:00;0.9162
2025-12-13 11:30:00;0.8290
2025-12-13 11:45:00;0.9184
2025-12-13 12:00:00;1.0629
2025-12-13 12:15:00;1.1616
2025-12-13 12:30:00;1.1919
2025-12-13 12:45:00;1.1221
2025-12-13 13:00:00;1.0765
2025-12-13 13:15:00;1.0039
2025-12-13 13:30:00;0.9860
2025-12-13 13:45:00;0.9624
2025-12-13 14:00:00;0.8479
2025-12-13 14:15:00;0.7129
2025-12-13 14:30:00;0.6946
2025-12-13 14:45:00;0.5995
2025-12-13 15:00:00;0.5919
2025-12-13 15:15:00;0.4957
2025-12-13 15:30:00;0.3867
2025-12-13 15:45:00;0.3150
2025-12-13 16:00:00;0.1828
2025-12-13 16:15:00;0.0892
2025-12-13 16:30:00;0.0000
2025-12-13 16:45:00;0.0000
2025-12-13 17:00:00;0.0000
2025-12-13 17:15:00;0.0000
2025-12-13 17:30:00;0.0000
2025-12-13 17:45:00;0.0000
2025-12-13 18:00:00;0.0000
2025-12-13 18:15:00;0.0000
2025-12-13 18:30:00;0.0000
2025-12-13 18:45:00;0.0000
2025-12-13 19:00:00;0.0000
2025-12-13 19:15:00;0.0000
2025-12-13 19:30:00;0.0000
2025-12-13 19:45:00;0.0000
2025-12-13 20:00:00;0.0000
2025-12-13 20:15:00;0.0000
2025-12-13 20:30:00;0.0000
2025-12-13 20:45:00;0.0000
2025-12-13 21:00:00;0.0000
2025-12-13 21:15:00;0.0000
2025-12-13 21:30:00;0.0000
2025-12-13 21:45:00;0.0000
2025-12-13 22:00:00;0.0000
2025-12-13 22:15:00;0.0000
2025-12-13 22:30:00;0.0000
2025-12-13 22:45:00;0.0000
2025-12-13 23:00:00;0.0000
2025-12-13 23:15:00;0.0000
2025-12-13 23:30:00;0.0000
2025-12-13 23:45:00;0.0000
2025-12-14 00:00:00;0.0000
2025-12-14 00:15:00;0.0000
2025-12-14 00:30:00;0.0000
2025-12-14 00:45:00;0.0000
2025-12-14 01:00:00;0.0000
2025-12-14 01:15:00;0.0000
2025-12-14 01:30:00;0.0000
2025-12-14 01:45:00;0.0000
2025-12-14 02:00:00;0.0000
2025-12-14 02:15:00;0.0000
2025-12-14 02:30:00;0.0000
2025-12-14 02:45:00;0.0000
2025-12-14 03:00:00;0.0000
2025-12-14 03:15:00;0.0000
2025-12-14 03:30:00;0.0000
2025-12-14 03:45:00;0.0000
2025-12-14 04:00:00;0.0000
2025-12-14 04:15:00;0.0000
2025-12-14 04:30:00;0.0000
2025-12-14 04:45:00;0.0000
2025-12-14 05:00:00;0.0000
2025-12-14 05:15:00;0.0000
2025-12-14 05:30:00;0.0000
2025-12-14 05:45:00;0.0000
2025-12-14 06:00:00;0.0000
2025-12-14 06:15:00;0.0000
2025-12-14 06:30:00;0.0000
2025-12-14 06:45:00;0.0000
2025-12-14 07:00:00;0.0000
2025-12-14 07:15:00;0.0000
2025-12-14 07:30:00;0.0000
2025-12-14 07:45:00;0.0000
2025-12-14 08:00:00;0.0000
2025-12-14 08:15:00;0.0000
2025-12-14 08:30:00;0.0000
2025-12-14 08:45:00;0.1018
2025-12-14 09:00:00;0.1811
2025-12-14 09:15:00;0.2687
2025-12-14 09:30:00;0.3347
2025-12-14 09:45:00;0.4229
2025-12-14 10:00:00;0.5738
2025-12-14 10:15:00;0.6386
2025-12-14 10:30:00;0.7093
2025-12-14 10:45:00;0.8294
2025-12-14 11:00:00;0.8917
2025-12-14 11:15:00;0.9101
2025-12-14 11:30:00;0.9243
2025-12-14 11:45:00;1.0007
2025-12-14 12:00:00;0.8157
2025-12-14 12:15:00;0.7962
2025-12-14 12:30:00;0.8183
2025-12-14 12:45:00;0.8367
2025-12-14 13:00:00;0.9095
2025-12-14 13:15:00;0.8820
2025-12-14 13:30:00;0.9249
2025-12-14 13:45:00;0.7932
2025-12-14 14:00:00;0.7459
2025-12-14 14:15:00;0.6829
2025-12-14 14:30:00;0.6667
2025-12-14 14:45:00;0.6128
2025-12-14 15:00:00;0.5759
2025-12-14 15:15:00;0.4765
2025-12-14 15:30:00;0.4258
2025-12-14 15:45:00;0.2952
2025-12-14 16:00:00;0.2433
2025-12-14 16:15:00;0.1153
2025-12-14 16:30:00;0.0000
2025-12-14 16:45:00;0.0000
2025-12-14 17:00:00;0.0000
2025-12-14 17:15:00;0.0000
2025-12-14 17:30:00;0.0000
2025-12-14 17:45:00;0.0000
2025-12-14 18:00:00;0.0000
2025-12-14 18:15:00;0.0000
2025-12-14 18:30:00;0.0000
2025-12-14 18:45:00;0.0000
2025-12-14 19:00:00;0.0000
2025-12-14 19:15:00;0.0000
2025-12-14 19:30:00;0.0000
2025-12-14 19:45:00;0.0000
2025-12-14 20:00:00;0.0000
2025-12-14 20:15:00;0.0000
2025-12-14 20:30:00;0.0000
2025-12-14 20:45:00;0.0000
2025-12-14 21:00:00;0.0000
2025-12-14 21:15:00;0.0000
2025-12-14 21:30:00;0.0000
2025-12-14 21:45:00;0.0000
2025-12-14 22:00:00;0.0000
2025-12-14 22:15:00;0.0000
2025-12-14 22:30:00;0.0000
2025-12-14 22:45:00;0.0000
2025-12-14 23:00:00;0.0000
2025-12-14 23:15:00;0.0000
2025-12-14 23:30:00;0.0000
2025-12-14 23:45:00;0.0000
2025-12-15 00:00:00;0.0000
2025-12-15 00:15:00;0.0000
2025-12-15 00:30:00;0.0000
2025-12-15 00:45:00;0.0000
2025-12-15 01:00:00;0.0000
2025-12-15 01:15:00;0.0000
2025-12-15 01:30:00;0.0000
2025-12-15 01:45:00;0.0000
2025-12-15 02:00:00;0.0000
2025-12-15 02:15:00;0.0000
2025-12-15 02:30:00;0.0000
2025-12-15 02:45:00;0.0000
2025-12-15 03:00:00;0.0000
2025-12-15 03:15:00;0.0000
2025-12-15 03:30:00;0.0000
2025-12-15 03:45:00;0.0000
2025-12-15 04:00:00;0.0000
2025-12-15 04:15:00;0.0000
2025-12-15 04:30:00;0.0000
2025-12-15 04:45:00;0.0000
2025-12-15 05:00:00;0.0000
2025-12-15 05:15:00;0.0000
2025-12-15 05:30:00;0.0000
2025-12-15 05:45:00;0.0000
2025-12-15 06:00:00;0.0000
2025-12-15 06:15:00;0.0000
2025-12-15 06:30:00;0.0000
2025-12-15 06:45:00;0.0000
2025-12-15 07:00:00;0.0000
2025-12-15 07:15:00;0.0000
2025-12-15 07:30:00;0.0000
2025-12-15 07:45:00;0.0000
2025-12-15 08:00:00;0.0000
2025-12-15 08:15:00;0.0000
2025-12-15 08:30:00;0.0000
2025-12-15 08:45:00;0.1090
2025-12-15 09:00:00;0.1910
2025-12-15 09:15:00;0.2854
2025-12-15 09:30:00;0.3855
2025-12-15 09:45:00;0.4828
2025-12-15 10:00:00;0.6372
2025-12-15 10:15:00;0.7454
2025-12-15 10:30:00;0.8187
2025-12-15 10:45:00;0.8787
2025-12-15 11:00:00;0.8943
2025-12-15 11:15:00;0.9259
2025-12-15 11:30:00;0.9708
2025-12-15 11:45:00;0.9559
2025-12-15 12:00:00;1.0081
2025-12-15 12:15:00;1.0817
2025-12-15 12:30:00;1.0647
2025-12-15 12:45:00;1.0445
2025-12-15 13:00:00;1.0466
2025-12-15 13:15:00;1.0092
2025-12-15 13:30:00;1.0075
2025-12-15 13:45:00;0.9736
2025-12-15 14:00:00;0.8556
2025-12-15 14:15:00;0.7903
2025-12-15 14:30:00;0.8098
2025-12-15 14:45:00;0.6466
2025-12-15 15:00:00;0.6737
2025-12-15 15:15:00;0.6132
2025-12-15 15:30:00;0.4863
2025-12-15 15:45:00;0.3514
2025-12-15 16:00:00;0.1890
2025-12-15 16:15:00;0.0905
2025-12-15 16:30:00;0.0000
2025-12-15 16:45:00;0.0000
2025-12-15 17:00:00;0.0000
2025-12-15 17:15:00;0.0000
2025-12-15 17:30:00;0.0000
2025-12-15 17:45:00;0.0000
2025-12-15 18:00:00;0.0000
2025-12-15 18:15:00;0.0000
2025-12-15 18:30:00;0.0000
2025-12-15 18:45:00;0.0000
2025-12-15 19:00:00;0.0000
2025-12-15 19:15:00;0.0000
2025-12-15 19:30:00;0.0000
2025-12-15 19:45:00;0.0000
2025-12-15 20:00:00;0.0000
2025-12-15 20:15:00;0.0000
2025-12-15 20:30:00;0.0000
2025-12-15 20:45:00;0.0000
2025-12-15 21:00:00;0.0000
2025-12-15 21:15:00;0.0000
2025-12-15 21:30:00;0.0000
2025-12-15 21:45:00;0.0000
2025-12-15 22:00:00;0.0000
2025-12-15 22:15:00;0.0000
2025-12-15 22:30:00;0.0000
2025-12-15 22:45:00;0.0000
2025-12-15 23:00:00;0.0000
2025-12-15 23:15:00;0.0000
2025-12-15 23:30:00;0.0000
2025-12-15 23:45:00;0.0000
2025-12-16 00:00:00;0.0000
2025-12-16 00:15:00;0.0000
2025-12-16 00:30:00;0.0000
2025-12-16 00:45:00;0.0000
2025-12-16 01:00:00;0.0000
2025-12-16 01:15:00;0.0000
2025-12-16 01:30:00;0.0000
2025-12-16 01:45:00;0.0000
2025-12-16 02:00:00;0.0000
2025-12-16 02:15:00;0.0000
2025-12-16 02:30:00;0.0000
2025-12-16 02:45:00;0.0000
2025-12-16 03:00:00;0.0000
2025-12-16 03:15:00;0.0000
2025-12-16 03:30:00;0.0000
2025-12-16 03:45:00;0.0000
2025-12-16 04:00:00;0.0000
2025-12-16 04:15:00;0.0000
2025-12-16 04:30:00;0.0000
2025-12-16 04:45:00;0.0000
2025-12-16 05:00:00;0.0000
2025-12-16 05:15:00;0.0000
2025-12-16 05:30:00;0.0000
2025-12-16 05:45:00;0.0000
2025-12-16 06:00:00;0.0000
2025-12-16 06:15:00;0.0000
2025-12-16 06:30:00;0.0000
2025-12-16 06:45:00;0.0000
2025-12-16 07:00:00;0.0000
2025-12-16 07:15:00;0.0000
2025-12-16 07:30:00;0.0000
2025-12-16 07:45:00;0.0000
2025-12-16 08:00:00;0.0000
2025-12-16 08:15:00;0.0000
2025-12-16 08:30:00;0.0000
2025-12-16 08:45:00;0.0944
2025-12-16 09:00:00;0.2181
2025-12-16 09:15:00;0.3158
2025-12-16 09:30:00;0.4225
2025-12-16 09:45:00;0.5242
2025-12-16 10:00:00;0.5040
2025-12-16 10:15:00;0.5341
2025-12-16 10:30:00;0.6120
2025-12-16 10:45:00;0.6725
2025-12-16 11:00:00;0.8498
2025-12-16 11:15:00;0.8929
2025-12-16 11:30:00;0.8965
2025-12-16 11:45:00;0.9592
2025-12-16 12:00:00;0.9840
2025-12-16 12:15:00;0.9553
2025-12-16 12:30:00;0.9513
2025-12-16 12:45:00;0.9437
2025-12-16 13:00:00;1.0918
2025-12-16 13:15:00;1.0910
2025-12-16 13:30:00;1.0872
2025-12-16 13:45:00;0.9683
2025-12-16 14:00:00;0.8898
2025-12-16 14:15:00;0.7933
2025-12-16 14:30:00;0.7507
2025-12-16 14:45:00;0.6491
2025-12-16 15:00:00;0.5077
2025-12-16 15:15:00;0.4477
2025-12-16 15:30:00;0.3526
2025-12-16 15:45:00;0.2732
2025-12-16 16:00:00;0.1893
2025-12-16 16:15:00;0.0900
2025-12-16 16:30:00;0.0000
2025-12-16 16:45:00;0.0000
2025-12-16 17:00:00;0.0000
2025-12-16 17:15:00;0.0000
2025-12-16 17:30:00;0.0000
2025-12-16 17:45:00;0.0000
2025-12-16 18:00:00;0.0000
2025-12-16 18:15:00;0.0000
2025-12-16 18:30:00;0.0000
2025-12-16 18:45:00;0.0000
2025-12-16 19:00:00;0.0000
2025-12-16 19:15:00;0.0000
2025-12-16 19:30:00;0.0000
2025-12-16 19:45:00;0.0000
2025-12-16 20:00:00;0.0000
2025-12-16 20:15:00;0.0000
2025-12-16 20:30:00;0.0000
2025-12-16 20:45:00;0.0000
2025-12-16 21:00:00;0.0000
2025-12-16 21:15:00;0.0000
2025-12-16 21:30:00;0.0000
2025-12-16 21:45:00;0.0000
2025-12-16 22:00:00;0.0000
2025-12-16 22:15:00;0.0000
2025-12-16 22:30:00;0.0000
2025-12-16 22:45:00;0.0000
2025-12-16 23:00:00;0.0000
2025-12-16 23:15:00;0.0000
2025-12-16 23:30:00;0.0000
2025-12-16 23:45:00;0.0000
2025-12-17 00:00:00;0.0000
2025-12-17 00:15:00;0.0000
2025-12-17 00:30:00;0.0000
2025-12-17 00:45:00;0.0000
2025-12-17 01:00:00;0.0000
2025-12-17 01:15:00;0.0000
2025-12-17 01:30:00;0.0000
2025-12-17 01:45:00;0.0000
2025-12-17 02:00:00;0.0000
2025-12-17 02:15:00;0.0000
2025-12-17 02:30:00;0.0000
2025-12-17 02:45:00;0.0000
2025-12-17 03:00:00;0.0000
2025-12-17 03:15:00;0.0000
2025-12-17 03:30:00;0.0000
2025-12-17 03:45:00;0.0000
2025-12-17 04:00:00;0.0000
2025-12-17 04:15:00;0.0000
2025-12-17 04:30:00;0.0000
2025-12-17 04:45:00;0.0000
2025-12-17 05:00:00;0.0000
2025-12-17 05:15:00;0.0000
2025-12-17 05:30:00;0.0000
2025-12-17 05:45:00;0.0000
2025-12-17 06:00:00;0.0000
2025-12-17 06:15:00;0.0000
2025-12-17 06:30:00;0.0000
2025-12-17 06:45:00;0.0000
2025-12-17 07:00:00;0.0000
2025-12-17 07:15:00;0.0000
2025-12-17 07:30:00;0.0000
2025-12-17 07:45:00;0.0000
2025-12-17 08:00:00;0.0000
2025-12-17 08:15:00;0.0000
2025-12-17 08:30:00;0.0000
2025-12-17 08:45:00;0.2191
2025-12-17 09:00:00;0.5452
2025-12-17 09:15:00;0.8428
2025-12-17 09:30:00;1.1496
2025-12-17 09:45:00;1.3716
2025-12-17 10:00:00;1.4957
2025-12-17 10:15:00;1.7781
2025-12-17 10:30:00;1.9173
2025-12-17 10:45:00;2.0408
2025-12-17 11:00:00;2.4417
2025-12-17 11:15:00;2.5083
2025-12-17 11:30:00;2.6340
2025-12-17 11:45:00;2.8561
2025-12-17 12:00:00;2.3474
2025-12-17 12:15:00;2.3332
2025-12-17 12:30:00;2.4043
2025-12-17 12:45:00;2.3710
2025-12-17 13:00:00;2.1988
2025-12-17 13:15:00;2.1696
2025-12-17 13:30:00;2.0786
2025-12-17 13:45:00;1.9390
2025-12-17 14:00:00;1.8772
2025-12-17 14:15:00;1.8204
2025-12-17 14:30:00;1.5782
2025-12-17 14:45:00;1.4482
2025-12-17 15:00:00;1.1877
2025-12-17 15:15:00;1.0361
2025-12-17 15:30:00;0.8136
2025-12-17 15:45:00;0.6344
2025-12-17 16:00:00;0.4151
2025-12-17 16:15:00;0.2009
2025-12-17 16:30:00;0.0000
2025-12-17 16:45:00;0.0000
2025-12-17 17:00:00;0.0000
2025-12-17 17:15:00;0.0000
2025-12-17 17:30:00;0.0000
2025-12-17 17:45:00;0.0000
2025-12-17 18:00:00;0.0000
2025-12-17 18:15:00;0.0000
2025-12-17 18:30:00;0.0000
2025-12-17 18:45:00;0.0000
2025-12-17 19:00:00;0.0000
2025-12-17 19:15:00;0.0000
2025-12-17 19:30:00;0.0000
2025-12-17 19:45:00;0.0000
2025-12-17 20:00:00;0.0000
2025-12-17 20:15:00;0.0000
2025-12-17 20:30:00;0.0000
2025-12-17 20:45:00;0.0000
2025-12-17 21:00:00;0.0000
2025-12-17 21:15:00;0.0000
2025-12-17 21:30:00;0.0000
2025-12-17 21:45:00;0.0000
2025-12-17 22:00:00;0.0000
2025-12-17 22:15:00;0.0000
2025-12-17 22:30:00;0.0000
2025-12-17 22:45:00;0.0000
2025-12-17 23:00:00;0.0000
2025-12-17 23:15:00;0.0000
2025-12-17 23:30:00;0.0000
2025-12-17 23:45:00;0.0000
2025-12-18 00:00:00;0.0000
2025-12-18 00:15:00;0.0000
2025-12-18 00:30:00;0.0000
2025-12-18 00:45:00;0.0000
2025-12-18 01:00:00;0.0000
2025-12-18 01:15:00;0.0000
2025-12-18 01:30:00;0.0000
2025-12-18 01:45:00;0.0000
2025-12-18 02:00:00;0.0000
2025-12-18 02:15:00;0.0000
2025-12-18 02:30:00;0.0000
2025-12-18 02:45:00;0.0000
2025-12-18 03:00:00;0.0000
2025-12-18 03:15:00;0.0000
2025-12-18 03:30:00;0.0000
2025-12-18 03:45:00;0.0000
2025-12-18 04:00:00;0.0000
2025-12-18 04:15:00;0.0000
2025-12-18 04:30:00;0.0000
2025-12-18 04:45:00;0.0000
2025-12-18 05:00:00;0.0000
2025-12-18 05:15:00;0.0000
2025-12-18 05:30:00;0.0000
2025-12-18 05:45:00;0.0000
2025-12-18 06:00:00;0.0000
2025-12-18 06:15:00;0.0000
2025-12-18 06:30:00;0.0000
2025-12-18 06:45:00;0.0000
2025-12-18 07:00:00;0.0000
2025-12-18 07:15:00;0.0000
2025-12-18 07:30:00;0.0000
2025-12-18 07:45:00;0.0000
2025-12-18 08:00:00;0.0000
2025-12-18 08:15:00;0.0000
2025-12-18 08:30:00;0.0000
2025-12-18 08:45:00;0.0987
2025-12-18 09:00:00;0.2209
2025-12-18 09:15:00;0.3206
2025-12-18 09:30:00;0.4178
2025-12-18 09:45:00;0.5220
2025-12-18 10:00:00;0.5993
2025-12-18 10:15:00;0.6622
2025-12-18 10:30:00;0.7365
2025-12-18 10:45:00;0.8241
2025-12-18 11:00:00;0.7811
2025-12-18 11:15:00;0.8027
2025-12-18 11:30:00;0.8440
2025-12-18 11:45:00;0.9484
2025-12-18 12:00:00;1.0587
2025-12-18 12:15:00;1.0367
2025-12-18 12:30:00;1.0558
2025-12-18 12:45:00;1.0583
2025-12-18 13:00:00;1.0213
2025-12-18 13:15:00;0.9890
2025-12-18 13:30:00;0.9776
2025-12-18 13:45:00;0.9681
2025-12-18 14:00:00;0.8182
2025-12-18 14:15:00;0.7465
2025-12-18 14:30:00;0.6706
2025-12-18 14:45:00;0.6021
2025-12-18 15:00:00;0.5883
2025-12-18 15:15:00;0.4880
2025-12-18 15:30:00;0.4305
2025-12-18 15:45:00;0.3113
2025-12-18 16:00:00;0.1831
2025-12-18 16:15:00;0.0899
2025-12-18 16:30:00;0.0000
2025-12-18 16:45:00;0.0000
2025-12-18 17:00:00;0.0000
2025-12-18 17:15:00;0.0000
2025-12-18 17:30:00;0.0000
2025-12-18 17:45:00;0.0000
2025-12-18 18:00:00;0.0000
2025-12-18 18:15:00;0.0000
2025-12-18 18:30:00;0.0000
2025-12-18 18:45:00;0.0000
2025-12-18 19:00:00;0.0000
2025-12-18 19:15:00;0.0000
2025-12-18 19:30:00;0.0000
2025-12-18 19:45:00;0.0000
2025-12-18 20:00:00;0.0000
2025-12-18 20:15:00;0.0000
2025-12-18 20:30:00;0.0000
2025-12-18 20:45:00;0.0000
2025-12-18 21:00:00;0.0000
2025-12-18 21:15:00;0.0000
2025-12-18 21:30:00;0.0000
2025-12-18 21:45:00;0.0000
2025-12-18 22:00:00;0.0000
2025-12-18 22:15:00;0.0000
2025-12-18 22:30:00;0.0000
2025-12-18 22:45:00;0.0000
2025-12-18 23:00:00;0.0000
2025-12-18 23:15:00;0.0000
2025-12-18 23:30:00;0.0000
2025-12-18 23:45:00;0.0000
2025-12-19 00:00:00;0.0000
2025-12-19 00:15:00;0.0000
2025-12-19 00:30:00;0.0000
2025-12-19 00:45:00;0.0000
2025-12-19 01:00:00;0.0000
2025-12-19 01:15:00;0.0000
2025-12-19 01:30:00;0.0000
2025-12-19 01:45:00;0.0000
2025-12-19 02:00:00;0.0000
2025-12-19 02:15:00;0.0000
2025-12-19 02:30:00;0.0000
2025-12-19 02:45:00;0.0000
2025-12-19 03:00:00;0.0000
2025-12-19 03:15:00;0.0000
2025-12-19 03:30:00;0.0000
2025-12-19 03:45:00;0.0000
2025-12-19 04:00:00;0.0000
2025-12-19 04:15:00;0.0000
2025-12-19 04:30:00;0.0000
2025-12-19 04:45:00;0.0000
2025-12-19 05:00:00;0.0000
2025-12-19 05:15:00;0.0000
2025-12-19 05:30:00;0.0000
2025-12-19 05:45:00;0.0000
2025-12-19 06:00:00;0.0000
2025-12-19 06:15:00;0.0000
2025-12-19 06:30:00;0.0000
2025-12-19 06:45:00;0.0000
2025-12-19 07:00:00;0.0000
2025-12-19 07:15:00;0.0000
2025-12-19 07:30:00;0.0000
2025-12-19 07:45:00;0.0000
2025-12-19 08:00:00;0.0000
2025-12-19 08:15:00;0.0000
2025-12-19 08:30:00;0.0000
2025-12-19 08:45:00;0.0941
2025-12-19 09:00:00;0.2074
2025-12-19 09:15:00;0.3119
2025-12-19 09:30:00;0.4158
2025-12-19 09:45:00;0.5098
2025-12-19 10:00:00;0.5729
2025-12-19 10:15:00;0.6461
2025-12-19 10:30:00;0.7130
2025-12-19 10:45:00;0.8443
2025-12-19 11:00:00;0.8472
2025-12-19 11:15:00;0.9800
2025-12-19 11:30:00;0.9934
2025-12-19 11:45:00;1.0317
2025-12-19 12:00:00;0.9372
2025-12-19 12:15:00;0.9505
2025-12-19 12:30:00;0.9842
2025-12-19 12:45:00;0.9368
2025-12-19 13:00:00;0.8727
2025-12-19 13:15:00;0.9131
2025-12-19 13:30:00;0.7826
2025-12-19 13:45:00;0.7806
2025-12-19 14:00:00;0.7846
2025-12-19 14:15:00;0.6921
2025-12-19 14:30:00;0.6376
2025-12-19 14:45:00;0.5702
2025-12-19 15:00:00;0.6089
2025-12-19 15:15:00;0.5078
2025-12-19 15:30:00;0.4294
2025-12-19 15:45:00;0.3089
2025-12-19 16:00:00;0.1704
2025-12-19 16:15:00;0.0794
2025-12-19 16:30:00;0.0000
2025-12-19 16:45:00;0.0000
2025-12-19 17:00:00;0.0000
2025-12-19 17:15:00;0.0000
2025-12-19 17:30:00;0.0000
2025-12-19 17:45:00;0.0000
2025-12-19 18:00:00;0.0000
2025-12-19 18:15:00;0.0000
2025-12-19 18:30:00;0.0000
2025-12-19 18:45:00;0.0000
2025-12-19 19:00:00;0.0000
2025-12-19 19:15:00;0.0000
2025-12-19 19:30:00;0.0000
2025-12-19 19:45:00;0.0000
2025-12-19 20:00:00;0.0000
2025-12-19 20:15:00;0.0000
2025-12-19 20:30:00;0.0000
2025-12-19 20:45:00;0.0000
2025-12-19 21:00:00;0.0000
2025-12-19 21:15:00;0.0000
2025-12-19 21:30:00;0.0000
2025-12-19 21:45:00;0.0000
2025-12-19 22:00:00;0.0000
2025-12-19 22:15:00;0.0000
2025-12-19 22:30:00;0.0000
2025-12-19 22:45:00;0.0000
2025-12-19 23:00:00;0.0000
2025-12-19 23:15:00;0.0000
2025-12-19 23:30:00;0.0000
2025-12-19 23:45:00;0.0000
2025-12-20 00:00:00;0.0000
2025-12-20 00:15:00;0.0000
2025-12-20 00:30:00;0.0000
2025-12-20 00:45:00;0.0000
2025-12-20 01:00:00;0.0000
2025-12-20 01:15:00;0.0000
2025-12-20 01:30:00;0.0000
2025-12-20 01:45:00;0.0000
2025-12-20 02:00:00;0.0000
2025-12-20 02:15:00;0.0000
2025-12-20 02:30:00;0.0000
2025-12-20 02:45:00;0.0000
2025-12-20 03:00:00;0.0000
2025-12-20 03:15:00;0.0000
2025-12-20 03:30:00;0.0000
2025-12-20 03:45:00;0.0000
2025-12-20 04:00:00;0.0000
2025-12-20 04:15:00;0.0000
2025-12-20 04:30:00;0.0000
2025-12-20 04:45:00;0.0000
2025-12-20 05:00:00;0.0000
2025-12-20 05:15:00;0.0000
2025-12-20 05:30:00;0.0000
2025-12-20 05:45:00;0.0000
2025-12-20 06:00:00;0.0000
2025-12-20 06:15:00;0.0000
2025-12-20 06:30:00;0.0000
2025-12-20 06:45:00;0.0000
2025-12-20 07:00:00;0.0000
2025-12-20 07:15:00;0.0000
2025-12-20 07:30:00;0.0000
2025-12-20 07:45:00;0.0000
2025-12-20 08:00:00;0.0000
2025-12-20 08:15:00;0.0000
2025-12-20 08:30:00;0.0000
2025-12-20 08:45:00;0.1047
2025-12-20 09:00:00;0.1960
2025-12-20 09:15:00;0.2868
2025-12-20 09:30:00;0.3654
2025-12-20 09:45:00;0.4919
2025-12-20 10:00:00;0.5239
2025-12-20 10:15:00;0.5570
2025-12-20 10:30:00;0.6451
2025-12-20 10:45:00;0.7037
2025-12-20 11:00:00;0.7547
2025-12-20 11:15:00;0.8424
2025-12-20 11:30:00;0.8885
2025-12-20 11:45:00;0.8603
2025-12-20 12:00:00;1.1021
2025-12-20 12:15:00;1.1055
2025-12-20 12:30:00;1.1500
2025-12-20 12:45:00;1.1493
2025-12-20 13:00:00;1.1596
2025-12-20 13:15:00;1.1532
2025-12-20 13:30:00;1.0867
2025-12-20 13:45:00;1.0758
2025-12-20 14:00:00;0.7701
2025-12-20 14:15:00;0.6916
2025-12-20 14:30:00;0.6371
2025-12-20 14:45:00;0.6087
2025-12-20 15:00:00;0.5126
2025-12-20 15:15:00;0.4364
2025-12-20 15:30:00;0.3593
2025-12-20 15:45:00;0.2780
2025-12-20 16:00:00;0.1947
2025-12-20 16:15:00;0.1018
2025-12-20 16:30:00;0.0000
2025-12-20 16:45:00;0.0000
2025-12-20 17:00:00;0.0000
2025-12-20 17:15:00;0.0000
2025-12-20 17:30:00;0.0000
2025-12-20 17:45:00;0.0000
2025-12-20 18:00:00;0.0000
2025-12-20 18:15:00;0.0000
2025-12-20 18:30:00;0.0000
2025-12-20 18:45:00;0.0000
2025-12-20 19:00:00;0.0000
2025-12-20 19:15:00;0.0000
2025-12-20 19:30:00;0.0000
2025-12-20 19:45:00;0.0000
2025-12-20 20:00:00;0.0000
2025-12-20 20:15:00;0.0000
2025-12-20 20:30:00;0.0000
2025-12-20 20:45:00;0.0000
2025-12-20 21:00:00;0.0000
2025-12-20 21:15:00;0.0000
2025-12-20 21:30:00;0.0000
2025-12-20 21:45:00;0.0000
2025-12-20 22:00:00;0.0000
2025-12-20 22:15:00;0.0000
2025-12-20 22:30:00;0.0000
2025-12-20 22:45:00;0.0000
2025-12-20 23:00:00;0.0000
2025-12-20 23:15:00;0.0000
2025-12-20 23:30:00;0.0000
2025-12-20 23:45:00;0.0000
2025-12-21 00:00:00;0.0000
2025-12-21 00:15:00;0.0000
2025-12-21 00:30:00;0.0000
2025-12-21 00:45:00;0.0000
2025-12-21 01:00:00;0.0000
2025-12-21 01:15:00;0.0000
2025-12-21 01:30:00;0.0000
2025-12-21 01:45:00;0.0000
2025-12-21 02:00:00;0.0000
2025-12-21 02:15:00;0.0000
2025-12-21 02:30:00;0.0000
2025-12-21 02:45:00;0.0000
2025-12-21 03:00:00;0.0000
2025-12-21 03:15:00;0.0000
2025-12-21 03:30:00;0.0000
2025-12-21 03:45:00;0.0000
2025-12-21 04:00:00;0.0000
2025-12-21 04:15:00;0.0000
2025-12-21 04:30:00;0.0000
2025-12-21 04:45:00;0.0000
2025-12-21 05:00:00;0.0000
2025-12-21 05:15:00;0.0000
2025-12-21 05:30:00;0.0000
2025-12-21 05:45:00;0.0000
2025-12-21 06:00:00;0.0000
2025-12-21 06:15:00;0.0000
2025-12-21 06:30:00;0.0000
2025-12-21 06:45:00;0.0000
2025-12-21 07:00:00;0.0000
2025-12-21 07:15:00;0.0000
2025-12-21 07:30:00;0.0000
2025-12-21 07:45:00;0.0000
2025-12-21 08:00:00;0.0000
2025-12-21 08:15:00;0.0000
2025-12-21 08:30:00;0.0000
2025-12-21 08:45:00;0.2394
2025-12-21 09:00:00;0.4898
2025-12-21 09:15:00;0.7115
2025-12-21 09:30:00;0.9151
2025-12-21 09:45:00;1.1311
2025-12-21 10:00:00;1.4487
2025-12-21 10:15:00;1.6048
2025-12-21 10:30:00;2.0341
2025-12-21 10:45:00;2.0872
2025-12-21 11:00:00;2.1851
2025-12-21 11:15:00;2.1466
2025-12-21 11:30:00;2.3532
2025-12-21 11:45:00;2.2386
2025-12-21 12:00:00;2.4218
2025-12-21 12:15:00;2.2748
2025-12-21 12:30:00;2.3251
2025-12-21 12:45:00;2.3995
2025-12-21 13:00:00;2.4096
2025-12-21 13:15:00;2.3463
2025-12-21 13:30:00;2.0994
2025-12-21 13:45:00;2.0757
2025-12-21 14:00:00;1.8736
2025-12-21 14:15:00;1.8544
2025-12-21 14:30:00;1.6566
2025-12-21 14:45:00;1.4628
2025-12-21 15:00:00;1.4558
2025-12-21 15:15:00;1.2259
2025-12-21 15:30:00;0.9864
2025-12-21 15:45:00;0.7903
2025-12-21 16:00:00;0.5656
2025-12-21 16:15:00;0.2551
2025-12-21 16:30:00;0.0000
2025-12-21 16:45:00;0.0000
2025-12-21 17:00:00;0.0000
2025-12-21 17:15:00;0.0000
2025-12-21 17:30:00;0.0000
2025-12-21 17:45:00;0.0000
2025-12-21 18:00:00;0.0000
2025-12-21 18:15:00;0.0000
2025-12-21 18:30:00;0.0000
2025-12-21 18:45:00;0.0000
2025-12-21 19:00:00;0.0000
2025-12-21 19:15:00;0.0000
2025-12-21 19:30:00;0.0000
2025-12-21 19:45:00;0.0000
2025-12-21 20:00:00;0.0000
2025-12-21 20:15:00;0.0000
2025-12-21 20:30:00;0.0000
2025-12-21 20:45:00;0.0000
2025-12-21 21:00:00;0.0000
2025-12-21 21:15:00;0.0000
2025-12-21 21:30:00;0.0000
2025-12-21 21:45:00;0.0000
2025-12-21 22:00:00;0.0000
2025-12-21 22:15:00;0.0000
2025-12-21 22:30:00;0.0000
2025-12-21 22:45:00;0.0000
2025-12-21 23:00:00;0.0000
2025-12-21 23:15:00;0.0000
2025-12-21 23:30:00;0.0000
2025-12-21 23:45:00;0.0000
2025-12-22 00:00:00;0.0000
2025-12-22 00:15:00;0.0000
2025-12-22 00:30:00;0.0000
2025-12-22 00:45:00;0.0000
2025-12-22 01:00:00;0.0000
2025-12-22 01:15:00;0.0000
2025-12-22 01:30:00;0.0000
2025-12-22 01:45:00;0.0000
2025-12-22 02:00:00;0.0000
2025-12-22 02:15:00;0.0000
2025-12-22 02:30:00;0.0000
2025-12-22 02:45:00;0.0000
2025-12-22 03:00:00;0.0000
2025-12-22 03:15:00;0.0000
2025-12-22 03:30:00;0.0000
2025-12-22 03:45:00;0.0000
2025-12-22 04:00:00;0.0000
2025-12-22 04:15:00;0.0000
2025-12-22 04:30:00;0.0000
2025-12-22 04:45:00;0.0000
2025-12-22 05:00:00;0.0000
2025-12-22 05:15:00;0.0000
2025-12-22 05:30:00;0.0000
2025-12-22 05:45:00;0.0000
2025-12-22 06:00:00;0.0000
2025-12-22 06:15:00;0.0000
2025-12-22 06:30:00;0.0000
2025-12-22 06:45:00;0.0000
2025-12-22 07:00:00;0.0000
2025-12-22 07:15:00;0.0000
2025-12-22 07:30:00;0.0000
2025-12-22 07:45:00;0.0000
2025-12-22 08:00:00;0.0000
2025-12-22 08:15:00;0.0000
2025-12-22 08:30:00;0.0000
2025-12-22 08:45:00;0.2704
2025-12-22 09:00:00;0.4440
2025-12-22 09:15:00;0.7103
2025-12-22 09:30:00;0.8809
2025-12-22 09:45:00;1.0653
2025-12-22 10:00:00;1.4105
2025-12-22 10:15:00;1.5614
2025-12-22 10:30:00;1.7160
2025-12-22 10:45:00;1.9300
2025-12-22 11:00:00;2.1084
2025-12-22 11:15:00;2.4194
2025-12-22 11:30:00;2.4808
2025-12-22 11:45:00;2.6379
2025-12-22 12:00:00;2.4510
2025-12-22 12:15:00;2.4893
2025-12-22 12:30:00;2.4986
2025-12-22 12:45:00;2.4904
2025-12-22 13:00:00;2.7176
2025-12-22 13:15:00;2.4481
2025-12-22 13:30:00;2.4708
2025-12-22 13:45:00;2.3349
2025-12-22 14:00:00;2.3018
2025-12-22 14:15:00;2.1859
2025-12-22 14:30:00;2.0083
2025-12-22 14:45:00;1.7590
2025-12-22 15:00:00;1.3792
2025-12-22 15:15:00;1.1601
2025-12-22 15:30:00;0.8780
2025-12-22 15:45:00;0.6759
2025-12-22 16:00:00;0.5229
2025-12-22 16:15:00;0.2641
2025-12-22 16:30:00;0.0000
2025-12-22 16:45:00;0.0000
2025-12-22 17:00:00;0.0000
2025-12-22 17:15:00;0.0000
2025-12-22 17:30:00;0.0000
2025-12-22 17:45:00;0.0000
2025-12-22 18:00:00;0.0000
2025-12-22 18:15:00;0.0000
2025-12-22 18:30:00;0.0000
2025-12-22 18:45:00;0.0000
2025-12-22 19:00:00;0.0000
2025-12-22 19:15:00;0.0000
2025-12-22 19:30:00;0.0000
2025-12-22 19:45:00;0.0000
2025-12-22 20:00:00;0.0000
2025-12-22 20:15:00;0.0000
2025-12-22 20:30:00;0.0000
2025-12-22 20:45:00;0.0000
2025-12-22 21:00:00;0.0000
2025-12-22 21:15:00;0.0000
2025-12-22 21:30:00;0.0000
2025-12-22 21:45:00;0.0000
2025-12-22 22:00:00;0.0000
2025-12-22 22:15:00;0.0000
2025-12-22 22:30:00;0.0000
2025-12-22 22:45:00;0.0000
2025-12-22 23:00:00;0.0000
2025-12-22 23:15:00;0.0000
2025-12-22 23:30:00;0.0000
2025-12-22 23:45:00;0.0000
2025-12-23 00:00:00;0.0000
2025-12-23 00:15:00;0.0000
2025-12-23 00:30:00;0.0000
2025-12-23 00:45:00;0.0000
2025-12-23 01:00:00;0.0000
2025-12-23 01:15:00;0.0000
2025-12-23 01:30:00;0.0000
2025-12-23 01:45:00;0.0000
2025-12-23 02:00:00;0.0000
2025-12-23 02:15:00;0.0000
2025-12-23 02:30:00;0.0000
2025-12-23 02:45:00;0.0000
2025-12-23 03:00:00;0.0000
2025-12-23 03:15:00;0.0000
2025-12-23 03:30:00;0.0000
2025-12-23 03:45:00;0.0000
2025-12-23 04:00:00;0.0000
2025-12-23 04:15:00;0.0000
2025-12-23 04:30:00;0.0000
2025-12-23 04:45:00;0.0000
2025-12-23 05:00:00;0.0000
2025-12-23 05:15:00;0.0000
2025-12-23 05:30:00;0.0000
2025-12-23 05:45:00;0.0000
2025-12-23 06:00:00;0.0000
2025-12-23 06:15:00;0.0000
2025-12-23 06:30:00;0.0000
2025-12-23 06:45:00;0.0000
2025-12-23 07:00:00;0.0000
2025-12-23 07:15:00;0.0000
2025-12-23 07:30:00;0.0000
2025-12-23 07:45:00;0.0000
2025-12-23 08:00:00;0.0000
2025-12-23 08:15:00;0.0000
2025-12-23 08:30:00;0.0000
2025-12-23 08:45:00;0.0930
2025-12-23 09:00:00;0.1888
2025-12-23 09:15:00;0.2791
2025-12-23 09:30:00;0.3880
2025-12-23 09:45:00;0.4637
2025-12-23 10:00:00;0.6279
2025-12-23 10:15:00;0.6848
2025-12-23 10:30:00;0.8130
2025-12-23 10:45:00;0.8714
2025-12-23 11:00:00;0.8305
2025-12-23 11:15:00;0.8593
2025-12-23 11:30:00;0.9134
2025-12-23 11:45:00;0.9492
2025-12-23 12:00:00;1.0695
2025-12-23 12:15:00;1.0402
2025-12-23 12:30:00;1.0461
2025-12-23 12:45:00;1.0891
2025-12-23 13:00:00;0.9142
2025-12-23 13:15:00;0.9015
2025-12-23 13:30:00;0.8712
2025-12-23 13:45:00;0.8369
2025-12-23 14:00:00;0.8847
2025-12-23 14:15:00;0.8116
2025-12-23 14:30:00;0.7055
2025-12-23 14:45:00;0.6717
2025-12-23 15:00:00;0.5424
2025-12-23 15:15:00;0.4534
2025-12-23 15:30:00;0.3743
2025-12-23 15:45:00;0.2834
2025-12-23 16:00:00;0.1861
2025-12-23 16:15:00;0.0988
2025-12-23 16:30:00;0.0000
2025-12-23 16:45:00;0.0000
2025-12-23 17:00:00;0.0000
2025-12-23 17:15:00;0.0000
2025-12-23 17:30:00;0.0000
2025-12-23 17:45:00;0.0000
2025-12-23 18:00:00;0.0000
2025-12-23 18:15:00;0.0000
2025-12-23 18:30:00;0.0000
2025-12-23 18:45:00;0.0000
2025-12-23 19:00:00;0.0000
2025-12-23 19:15:00;0.0000
2025-12-23 19:30:00;0.0000
2025-12-23 19:45:00;0.0000
2025-12-23 20:00:00;0.0000
2025-12-23 20:15:00;0.0000
2025-12-23 20:30:00;0.0000
2025-12-23 20:45:00;0.0000
2025-12-23 21:00:00;0.0000
2025-12-23 21:15:00;0.0000
2025-12-23 21:30:00;0.0000
2025-12-23 21:45:00;0.0000
2025-12-23 22:00:00;0.0000
2025-12-23 22:15:00;0.0000
2025-12-23 22:30:00;0.0000
2025-12-23 22:45:00;0.0000
2025-12-23 23:00:00;0.0000
2025-12-23 23:15:00;0.0000
2025-12-23 23:30:00;0.0000
2025-12-23 23:45:00;0.0000
2025-12-24 00:00:00;0.0000
2025-12-24 00:15:00;0.0000
2025-12-24 00:30:00;0.0000
2025-12-24 00:45:00;0.0000
2025-12-24 01:00:00;0.0000
2025-12-24 01:15:00;0.0000
2025-12-24 01:30:00;0.0000
2025-12-24 01:45:00;0.0000
2025-12-24 02:00:00;0.0000
2025-12-24 02:15:00;0.0000
2025-12-24 02:30:00;0.0000
2025-12-24 02:45:00;0.0000
2025-12-24 03:00:00;0.0000
2025-12-24 03:15:00;0.0000
2025-12-24 03:30:00;0.0000
2025-12-24 03:45:00;0.0000
2025-12-24 04:00:00;0.0000
2025-12-24 04:15:00;0.0000
2025-12-24 04:30:00;0.0000
2025-12-24 04:45:00;0.0000
2025-12-24 05:00:00;0.0000
2025-12-24 05:15:00;0.0000
2025-12-24 05:30:00;0.0000
2025-12-24 05:45:00;0.0000
2025-12-24 06:00:00;0.0000
2025-12-24 06:15:00;0.0000
2025-12-24 06:30:00;0.0000
2025-12-24 06:45:00;0.0000
2025-12-24 07:00:00;0.0000
2025-12-24 07:15:00;0.0000
2025-12-24 07:30:00;0.0000
2025-12-24 07:45:00;0.0000
2025-12-24 08:00:00;0.0000
2025-12-24 08:15:00;0.0000
2025-12-24 08:30:00;0.0000
2025-12-24 08:45:00;0.2331
2025-12-24 09:00:00;0.4776
2025-12-24 09:15:00;0.7359
2025-12-24 09:30:00;1.0029
2025-12-24 09:45:00;1.1994
2025-12-24 10:00:00;1.5524
2025-12-24 10:15:00;1.6673
2025-12-24 10:30:00;1.8896
2025-12-24 10:45:00;2.1314
2025-12-24 11:00:00;2.2113
2025-12-24 11:15:00;2.3250
2025-12-24 11:30:00;2.4951
2025-12-24 11:45:00;2.6228
2025-12-24 12:00:00;2.1915
2025-12-24 12:15:00;2.1724
2025-12-24 12:30:00;2.2442
2025-12-24 12:45:00;2.2996
2025-12-24 13:00:00;2.6756
2025-12-24 13:15:00;2.4843
2025-12-24 13:30:00;2.5072
2025-12-24 13:45:00;2.3259
2025-12-24 14:00:00;2.3068
2025-12-24 14:15:00;2.1123
2025-12-24 14:30:00;1.8852
2025-12-24 14:45:00;1.6827
2025-12-24 15:00:00;1.3870
2025-12-24 15:15:00;1.2637
2025-12-24 15:30:00;0.9760
2025-12-24 15:45:00;0.7412
2025-12-24 16:00:00;0.5773
2025-12-24 16:15:00;0.2742
2025-12-24 16:30:00;0.0000
2025-12-24 16:45:00;0.0000
2025-12-24 17:00:00;0.0000
2025-12-24 17:15:00;0.0000
2025-12-24 17:30:00;0.0000
2025-12-24 17:45:00;0.0000
2025-12-24 18:00:00;0.0000
2025-12-24 18:15:00;0.0000
2025-12-24 18:30:00;0.0000
2025-12-24 18:45:00;0.0000
2025-12-24 19:00:00;0.0000
2025-12-24 19:15:00;0.0000
2025-12-24 19:30:00;0.0000
2025-12-24 19:45:00;0.0000
2025-12-24 20:00:00;0.0000
2025-12-24 20:15:00;0.0000
2025-12-24 20:30:00;0.0000
2025-12-24 20:45:00;0.0000
2025-12-24 21:00:00;0.0000
2025-12-24 21:15:00;0.0000
2025-12-24 21:30:00;0.0000
2025-12-24 21:45:00;0.0000
2025-12-24 22:00:00;0.0000
2025-12-24 22:15:00;0.0000
2025-12-24 22:30:00;0.0000
2025-12-24 22:45:00;0.0000
2025-12-24 23:00:00;0.0000
2025-12-24 23:15:00;0.0000
2025-12-24 23:30:00;0.0000
2025-12-24 23:45:00;0.0000
2025-12-25 00:00:00;0.0000
2025-12-25 00:15:00;0.0000
2025-12-25 00:30:00;0.0000
2025-12-25 00:45:00;0.0000
2025-12-25 01:00:00;0.0000
2025-12-25 01:15:00;0.0000
2025-12-25 01:30:00;0.0000
2025-12-25 01:45:00;0.0000
2025-12-25 02:00:00;0.0000
2025-12-25 02:15:00;0.0000
2025-12-25 02:30:00;0.0000
2025-12-25 02:45:00;0.0000
2025-12-25 03:00:00;0.0000
2025-12-25 03:15:00;0.0000
2025-12-25 03:30:00;0.0000
2025-12-25 03:45:00;0.0000
2025-12-25 04:00:00;0.0000
2025-12-25 04:15:00;0.0000
2025-12-25 04:30:00;0.0000
2025-12-25 04:45:00;0.0000
2025-12-25 05:00:00;0.0000
2025-12-25 05:15:00;0.0000
2025-12-25 05:30:00;0.0000
2025-12-25 05:45:00;0.0000
2025-12-25 06:00:00;0.0000
2025-12-25 06:15:00;0.0000
2025-12-25 06:30:00;0.0000
2025-12-25 06:45:00;0.0000
2025-12-25 07:00:00;0.0000
2025-12-25 07:15:00;0.0000
2025-12-25 07:30:00;0.0000
2025-12-25 07:45:00;0.0000
2025-12-25 08:00:00;0.0000
2025-12-25 08:15:00;0.0000
2025-12-25 08:30:00;0.0000
2025-12-25 08:45:00;0.6827
2025-12-25 09:00:00;1.1392
2025-12-25 09:15:00;1.5678
2025-12-25 09:30:00;2.1413
2025-12-25 09:45:00;2.7055
2025-12-25 10:00:00;4.2674
2025-12-25 10:15:00;4.9892
2025-12-25 10:30:00;5.6251
2025-12-25 10:45:00;6.0639
2025-12-25 11:00:00;3.6043
2025-12-25 11:15:00;3.7649
2025-12-25 11:30:00;3.9818
2025-12-25 11:45:00;4.1806
2025-12-25 12:00:00;5.7642
2025-12-25 12:15:00;5.6277
2025-12-25 12:30:00;6.1462
2025-12-25 12:45:00;5.9281
2025-12-25 13:00:00;4.8599
2025-12-25 13:15:00;4.9592
2025-12-25 13:30:00;4.3387
2025-12-25 13:45:00;4.1816
2025-12-25 14:00:00;4.8078
2025-12-25 14:15:00;4.2965
2025-12-25 14:30:00;3.8671
2025-12-25 14:45:00;3.4970
2025-12-25 15:00:00;3.8460
2025-12-25 15:15:00;3.1819
2025-12-25 15:30:00;2.6031
2025-12-25 15:45:00;2.0575
2025-12-25 16:00:00;0.9042
2025-12-25 16:15:00;0.4064
2025-12-25 16:30:00;0.0000
2025-12-25 16:45:00;0.0000
2025-12-25 17:00:00;0.0000
2025-12-25 17:15:00;0.0000
2025-12-25 17:30:00;0.0000
2025-12-25 17:45:00;0.0000
2025-12-25 18:00:00;0.0000
2025-12-25 18:15:00;0.0000
2025-12-25 18:30:00;0.0000
2025-12-25 18:45:00;0.0000
2025-12-25 19:00:00;0.0000
2025-12-25 19:15:00;0.0000
2025-12-25 19:30:00;0.0000
2025-12-25 19:45:00;0.0000
2025-12-25 20:00:00;0.0000
2025-12-25 20:15:00;0.0000
2025-12-25 20:30:00;0.0000
2025-12-25 20:45:00;0.0000
2025-12-25 21:00:00;0.0000
2025-12-25 21:15:00;0.0000
2025-12-25 21:30:00;0.0000
2025-12-25 21:45:00;0.0000
2025-12-25 22:00:00;0.0000
2025-12-25 22:15:00;0.0000
2025-12-25 22:30:00;0.0000
2025-12-25 22:45:00;0.0000
2025-12-25 23:00:00;0.0000
2025-12-25 23:15:00;0.0000
2025-12-25 23:30:00;0.0000
2025-12-25 23:45:00;0.0000
2025-12-26 00:00:00;0.0000
2025-12-26 00:15:00;0.0000
2025-12-26 00:30:00;0.0000
2025-12-26 00:45:00;0.0000
2025-12-26 01:00:00;0.0000
2025-12-26 01:15:00;0.0000
2025-12-26 01:30:00;0.0000
2025-12-26 01:45:00;0.0000
2025-12-26 02:00:00;0.0000
2025-12-26 02:15:00;0.0000
2025-12-26 02:30:00;0.0000
2025-12-26 02:45:00;0.0000
2025-12-26 03:00:00;0.0000
2025-12-26 03:15:00;0.0000
2025-12-26 03:30:00;0.0000
2025-12-26 03:45:00;0.0000
2025-12-26 04:00:00;0.0000
2025-12-26 04:15:00;0.0000
2025-12-26 04:30:00;0.0000
2025-12-26 04:45:00;0.0000
2025-12-26 05:00:00;0.0000
2025-12-26 05:15:00;0.0000
2025-12-26 05:30:00;0.0000
2025-12-26 05:45:00;0.0000
2025-12-26 06:00:00;0.0000
2025-12-26 06:15:00;0.0000
2025-12-26 06:30:00;0.0000
2025-12-26 06:45:00;0.0000
2025-12-26 07:00:00;0.0000
2025-12-26 07:15:00;0.0000
2025-12-26 07:30:00;0.0000
2025-12-26 07:45:00;0.0000
2025-12-26 08:00:00;0.0000
2025-12-26 08:15:00;0.0000
2025-12-26 08:30:00;0.0000
2025-12-26 08:45:00;0.1057
2025-12-26 09:00:00;0.2457
2025-12-26 09:15:00;0.3502
2025-12-26 09:30:00;0.4824
2025-12-26 09:45:00;0.5946
2025-12-26 10:00:00;0.5398
2025-12-26 10:15:00;0.6460
2025-12-26 10:30:00;0.7483
2025-12-26 10:45:00;0.8015
2025-12-26 11:00:00;0.9495
2025-12-26 11:15:00;1.0519
2025-12-26 11:30:00;1.0969
2025-12-26 11:45:00;1.1251
2025-12-26 12:00:00;1.0624
2025-12-26 12:15:00;1.0312
2025-12-26 12:30:00;1.0240
2025-12-26 12:45:00;1.0135
2025-12-26 13:00:00;1.0635
2025-12-26 13:15:00;1.0564
2025-12-26 13:30:00;0.9635
2025-12-26 13:45:00;0.9299
2025-12-26 14:00:00;0.8014
2025-12-26 14:15:00;0.7188
2025-12-26 14:30:00;0.6580
2025-12-26 14:45:00;0.6225
2025-12-26 15:00:00;0.5915
2025-12-26 15:15:00;0.5239
2025-12-26 15:30:00;0.4268
2025-12-26 15:45:00;0.3098
2025-12-26 16:00:00;0.1602
2025-12-26 16:15:00;0.0753
2025-12-26 16:30:00;0.0000
2025-12-26 16:45:00;0.0000
2025-12-26 17:00:00;0.0000
2025-12-26 17:15:00;0.0000
2025-12-26 17:30:00;0.0000
2025-12-26 17:45:00;0.0000
2025-12-26 18:00:00;0.0000
2025-12-26 18:15:00;0.0000
2025-12-26 18:30:00;0.0000
2025-12-26 18:45:00;0.0000
2025-12-26 19:00:00;0.0000
2025-12-26 19:15:00;0.0000
2025-12-26 19:30:00;0.0000
2025-12-26 19:45:00;0.0000
2025-12-26 20:00:00;0.0000
2025-12-26 20:15:00;0.0000
2025-12-26 20:30:00;0.0000
2025-12-26 20:45:00;0.0000
2025-12-26 21:00:00;0.0000
2025-12-26 21:15:00;0.0000
2025-12-26 21:30:00;0.0000
2025-12-26 21:45:00;0.0000
2025-12-26 22:00:00;0.0000
2025-12-26 22:15:00;0.0000
2025-12-26 22:30:00;0.0000
2025-12-26 22:45:00;0.0000
2025-12-26 23:00:00;0.0000
2025-12-26 23:15:00;0.0000
2025-12-26 23:30:00;0.0000
2025-12-26 23:45:00;0.0000
2025-12-27 00:00:00;0.0000
2025-12-27 00:15:00;0.0000
2025-12-27 00:30:00;0.0000
2025-12-27 00:45:00;0.0000
2025-12-27 01:00:00;0.0000
2025-12-27 01:15:00;0.0000
2025-12-27 01:30:00;0.0000
2025-12-27 01:45:00;0.0000
2025-12-27 02:00:00;0.0000
2025-12-27 02:15:00;0.0000
2025-12-27 02:30:00;0.0000
2025-12-27 02:45:00;0.0000
2025-12-27 03:00:00;0.0000
2025-12-27 03:15:00;0.0000
2025-12-27 03:30:00;0.0000
2025-12-27 03:45:00;0.0000
2025-12-27 04:00:00;0.0000
2025-12-27 04:15:00;0.0000
2025-12-27 04:30:00;0.0000
2025-12-27 04:45:00;0.0000
2025-12-27 05:00:00;0.0000
2025-12-27 05:15:00;0.0000
2025-12-27 05:30:00;0.0000
2025-12-27 05:45:00;0.0000
2025-12-27 06:00:00;0.0000
2025-12-27 06:15:00;0.0000
2025-12-27 06:30:00;0.0000
2025-12-27 06:45:00;0.0000
2025-12-27 07:00:00;0.0000
2025-12-27 07:15:00;0.0000
2025-12-27 07:30:00;0.0000
2025-12-27 07:45:00;0.0000
2025-12-27 08:00:00;0.0000
2025-12-27 08:15:00;0.0000
2025-12-27 08:30:00;0.0000
2025-12-27 08:45:00;0.2409
2025-12-27 09:00:00;0.4214
2025-12-27 09:15:00;0.6305
2025-12-27 09:30:00;0.8387
2025-12-27 09:45:00;1.0513
2025-12-27 10:00:00;1.5376
2025-12-27 10:15:00;1.6066
2025-12-27 10:30:00;1.7133
2025-12-27 10:45:00;1.9605
2025-12-27 11:00:00;2.0572
2025-12-27 11:15:00;2.1137
2025-12-27 11:30:00;2.2691
2025-12-27 11:45:00;2.3886
2025-12-27 12:00:00;2.5337
2025-12-27 12:15:00;2.5630
2025-12-27 12:30:00;2.6795
2025-12-27 12:45:00;2.5623
2025-12-27 13:00:00;2.4496
2025-12-27 13:15:00;2.5018
2025-12-27 13:30:00;2.4860
2025-12-27 13:45:00;2.2621
2025-12-27 14:00:00;2.1378
2025-12-27 14:15:00;1.9167
2025-12-27 14:30:00;1.7364
2025-12-27 14:45:00;1.4929
2025-12-27 15:00:00;1.5808
2025-12-27 15:15:00;1.3462
2025-12-27 15:30:00;1.1426
2025-12-27 15:45:00;0.8668
2025-12-27 16:00:00;0.5180
2025-12-27 16:15:00;0.2618
2025-12-27 16:30:00;0.0000
2025-12-27 16:45:00;0.0000
2025-12-27 17:00:00;0.0000
2025-12-27 17:15:00;0.0000
2025-12-27 17:30:00;0.0000
2025-12-27 17:45:00;0.0000
2025-12-27 18:00:00;0.0000
2025-12-27 18:15:00;0.0000
2025-12-27 18:30:00;0.0000
2025-12-27 18:45:00;0.0000
2025-12-27 19:00:00;0.0000
2025-12-27 19:15:00;0.0000
2025-12-27 19:30:00;0.0000
2025-12-27 19:45:00;0.0000
2025-12-27 20:00:00;0.0000
2025-12-27 20:15:00;0.0000
2025-12-27 20:30:00;0.0000
2025-12-27 20:45:00;0.0000
2025-12-27 21:00:00;0.0000
2025-12-27 21:15:00;0.0000
2025-12-27 21:30:00;0.0000
2025-12-27 21:45:00;0.0000
2025-12-27 22:00:00;0.0000
2025-12-27 22:15:00;0.0000
2025-12-27 22:30:00;0.0000
2025-12-27 22:45:00;0.0000
2025-12-27 23:00:00;0.0000
2025-12-27 23:15:00;0.0000
2025-12-27 23:30:00;0.0000
2025-12-27 23:45:00;0.0000
2025-12-28 00:00:00;0.0000
2025-12-28 00:15:00;0.0000
2025-12-28 00:30:00;0.0000
2025-12-28 00:45:00;0.0000
2025-12-28 01:00:00;0.0000
2025-12-28 01:15:00;0.0000
2025-12-28 01:30:00;0.0000
2025-12-28 01:45:00;0.0000
2025-12-28 02:00:00;0.0000
2025-12-28 02:15:00;0.0000
2025-12-28 02:30:00;0.0000
2025-12-28 02:45:00;0.0000
2025-12-28 03:00:00;0.0000
2025-12-28 03:15:00;0.0000
2025-12-28 03:30:00;0.0000
2025-12-28 03:45:00;0.0000
2025-12-28 04:00:00;0.0000
2025-12-28 04:15:00;0.0000
2025-12-28 04:30:00;0.0000
2025-12-28 04:45:00;0.0000
2025-12-28 05:00:00;0.0000
2025-12-28 05:15:00;0.0000
2025-12-28 05:30:00;0.0000
2025-12-28 05:45:00;0.0000
2025-12-28 06:00:00;0.0000
2025-12-28 06:15:00;0.0000
2025-12-28 06:30:00;0.0000
2025-12-28 06:45:00;0.0000
2025-12-28 07:00:00;0.0000
2025-12-28 07:15:00;0.0000
2025-12-28 07:30:00;0.0000
2025-12-28 07:45:00;0.0000
2025-12-28 08:00:00;0.0000
2025-12-28 08:15:00;0.0000
2025-12-28 08:30:00;0.0000
2025-12-28 08:45:00;0.3067
2025-12-28 09:00:00;0.4854
2025-12-28 09:15:00;0.7405
2025-12-28 09:30:00;1.0294
2025-12-28 09:45:00;1.2405
2025-12-28 10:00:00;3.4810
2025-12-28 10:15:00;3.7345
2025-12-28 10:30:00;4.2438
2025-12-28 10:45:00;4.4061
2025-12-28 11:00:00;6.1120
2025-12-28 11:15:00;6.4315
2025-12-28 11:30:00;6.7233
2025-12-28 11:45:00;6.9985
2025-12-28 12:00:00;2.7520
2025-12-28 12:15:00;3.0898
2025-12-28 12:30:00;2.9811
2025-12-28 12:45:00;2.8279
2025-12-28 13:00:00;6.7895
2025-12-28 13:15:00;6.6926
2025-12-28 13:30:00;6.1665
2025-12-28 13:45:00;6.0900
2025-12-28 14:00:00;4.7489
2025-12-28 14:15:00;4.4574
2025-12-28 14:30:00;3.9852
2025-12-28 14:45:00;3.7141
2025-12-28 15:00:00;3.7598
2025-12-28 15:15:00;3.1185
2025-12-28 15:30:00;2.5464
2025-12-28 15:45:00;1.9605
2025-12-28 16:00:00;1.4964
2025-12-28 16:15:00;0.7665
2025-12-28 16:30:00;0.0000
2025-12-28 16:45:00;0.0000
2025-12-28 17:00:00;0.0000
2025-12-28 17:15:00;0.0000
2025-12-28 17:30:00;0.0000
2025-12-28 17:45:00;0.0000
2025-12-28 18:00:00;0.0000
2025-12-28 18:15:00;0.0000
2025-12-28 18:30:00;0.0000
2025-12-28 18:45:00;0.0000
2025-12-28 19:00:00;0.0000
2025-12-28 19:15:00;0.0000
2025-12-28 19:30:00;0.0000
2025-12-28 19:45:00;0.0000
2025-12-28 20:00:00;0.0000
2025-12-28 20:15:00;0.0000
2025-12-28 20:30:00;0.0000
2025-12-28 20:45:00;0.0000
2025-12-28 21:00:00;0.0000
2025-12-28 21:15:00;0.0000
2025-12-28 21:30:00;0.0000
2025-12-28 21:45:00;0.0000
2025-12-28 22:00:00;0.0000
2025-12-28 22:15:00;0.0000
2025-12-28 22:30:00;0.0000
2025-12-28 22:45:00;0.0000
2025-12-28 23:00:00;0.0000
2025-12-28 23:15:00;0.0000
2025-12-28 23:30:00;0.0000
2025-12-28 23:45:00;0.0000
2025-12-29 00:00:00;0.0000
2025-12-29 00:15:00;0.0000
2025-12-29 00:30:00;0.0000
2025-12-29 00:45:00;0.0000
2025-12-29 01:00:00;0.0000
2025-12-29 01:15:00;0.0000
2025-12-29 01:30:00;0.0000
2025-12-29 01:45:00;0.0000
2025-12-29 02:00:00;0.0000
2025-12-29 02:15:00;0.0000
2025-12-29 02:30:00;0.0000
2025-12-29 02:45:00;0.0000
2025-12-29 03:00:00;0.0000
2025-12-29 03:15:00;0.0000
2025-12-29 03:30:00;0.0000
2025-12-29 03:45:00;0.0000
2025-12-29 04:00:00;0.0000
2025-12-29 04:15:00;0.0000
2025-12-29 04:30:00;0.0000
2025-12-29 04:45:00;0.0000
2025-12-29 05:00:00;0.0000
2025-12-29 05:15:00;0.0000
2025-12-29 05:30:00;0.0000
2025-12-29 05:45:00;0.0000
2025-12-29 06:00:00;0.0000
2025-12-29 06:15:00;0.0000
2025-12-29 06:30:00;0.0000
2025-12-29 06:45:00;0.0000
2025-12-29 07:00:00;0.0000
2025-12-29 07:15:00;0.0000
2025-12-29 07:30:00;0.0000
2025-12-29 07:45:00;0.0000
2025-12-29 08:00:00;0.0000
2025-12-29 08:15:00;0.0000
2025-12-29 08:30:00;0.0000
2025-12-29 08:45:00;0.2260
2025-12-29 09:00:00;0.5171
2025-12-29 09:15:00;0.7923
2025-12-29 09:30:00;1.0072
2025-12-29 09:45:00;1.3848
2025-12-29 10:00:00;1.4392
2025-12-29 10:15:00;1.6775
2025-12-29 10:30:00;1.8398
2025-12-29 10:45:00;2.0927
2025-12-29 11:00:00;2.2241
2025-12-29 11:15:00;2.3553
2025-12-29 11:30:00;2.4954
2025-12-29 11:45:00;2.6636
2025-12-29 12:00:00;2.2441
2025-12-29 12:15:00;2.2452
2025-12-29 12:30:00;2.2702
2025-12-29 12:45:00;2.3889
2025-12-29 13:00:00;2.2503
2025-12-29 13:15:00;2.3433
2025-12-29 13:30:00;2.3410
2025-12-29 13:45:00;2.0142
2025-12-29 14:00:00;2.0947
2025-12-29 14:15:00;1.8447
2025-12-29 14:30:00;1.5884
2025-12-29 14:45:00;1.5244
2025-12-29 15:00:00;1.2622
2025-12-29 15:15:00;1.1113
2025-12-29 15:30:00;0.8721
2025-12-29 15:45:00;0.6522
2025-12-29 16:00:00;0.4204
2025-12-29 16:15:00;0.2162
2025-12-29 16:30:00;0.0000
2025-12-29 16:45:00;0.0000
2025-12-29 17:00:00;0.0000
2025-12-29 17:15:00;0.0000
2025-12-29 17:30:00;0.0000
2025-12-29 17:45:00;0.0000
2025-12-29 18:00:00;0.0000
2025-12-29 18:15:00;0.0000
2025-12-29 18:30:00;0.0000
2025-12-29 18:45:00;0.0000
2025-12-29 19:00:00;0.0000
2025-12-29 19:15:00;0.0000
2025-12-29 19:30:00;0.0000
2025-12-29 19:45:00;0.0000
2025-12-29 20:00:00;0.0000
2025-12-29 20:15:00;0.0000
2025-12-29 20:30:00;0.0000
2025-12-29 20:45:00;0.0000
2025-12-29 21:00:00;0.0000
2025-12-29 21:15:00;0.0000
2025-12-29 21:30:00;0.0000
2025-12-29 21:45:00;0.0000
2025-12-29 22:00:00;0.0000
2025-12-29 22:15:00;0.0000
2025-12-29 22:30:00;0.0000
2025-12-29 22:45:00;0.0000
2025-12-29 23:00:00;0.0000
2025-12-29 23:15:00;0.0000
2025-12-29 23:30:00;0.0000
2025-12-29 23:45:00;0.0000
2025-12-30 00:00:00;0.0000
2025-12-30 00:15:00;0.0000
2025-12-30 00:30:00;0.0000
2025-12-30 00:45:00;0.0000
2025-12-30 01:00:00;0.0000
2025-12-30 01:15:00;0.0000
2025-12-30 01:30:00;0.0000
2025-12-30 01:45:00;0.0000
2025-12-30 02:00:00;0.0000
2025-12-30 02:15:00;0.0000
2025-12-30 02:30:00;0.0000
2025-12-30 02:45:00;0.0000
2025-12-30 03:00:00;0.0000
2025-12-30 03:15:00;0.0000
2025-12-30 03:30:00;0.0000
2025-12-30 03:45:00;0.0000
2025-12-30 04:00:00;0.0000
2025-12-30 04:15:00;0.0000
2025-12-30 04:30:00;0.0000
2025-12-30 04:45:00;0.0000
2025-12-30 05:00:00;0.0000
2025-12-30 05:15:00;0.0000
2025-12-30 05:30:00;0.0000
2025-12-30 05:45:00;0.0000
2025-12-30 06:00:00;0.0000
2025-12-30 06:15:00;0.0000
2025-12-30 06:30:00;0.0000
2025-12-30 06:45:00;0.0000
2025-12-30 07:00:00;0.0000
2025-12-30 07:15:00;0.0000
2025-12-30 07:30:00;0.0000
2025-12-30 07:45:00;0.0000
2025-12-30 08:00:00;0.0000
2025-12-30 08:15:00;0.0000
2025-12-30 08:30:00;0.0000
2025-12-30 08:45:00;0.7552
2025-12-30 09:00:00;1.1161
2025-12-30 09:15:00;1.6221
2025-12-30 09:30:00;2.2369
2025-12-30 09:45:00;2.6577
2025-12-30 10:00:00;4.5425
2025-12-30 10:15:00;5.2130
2025-12-30 10:30:00;6.0574
2025-12-30 10:45:00;6.5192
2025-12-30 11:00:00;5.6502
2025-12-30 11:15:00;6.4962
2025-12-30 11:30:00;6.5233
2025-12-30 11:45:00;7.1210
2025-12-30 12:00:00;4.5426
2025-12-30 12:15:00;4.7298
2025-12-30 12:30:00;4.6676
2025-12-30 12:45:00;4.8645
2025-12-30 13:00:00;6.8968
2025-12-30 13:15:00;6.4055
2025-12-30 13:30:00;6.5093
2025-12-30 13:45:00;6.0560
2025-12-30 14:00:00;5.4358
2025-12-30 14:15:00;4.8873
2025-12-30 14:30:00;4.4349
2025-12-30 14:45:00;4.1104
2025-12-30 15:00:00;2.7603
2025-12-30 15:15:00;2.3149
2025-12-30 15:30:00;1.8008
2025-12-30 15:45:00;1.4374
2025-12-30 16:00:00;1.4594
2025-12-30 16:15:00;0.7488
2025-12-30 16:30:00;0.0000
2025-12-30 16:45:00;0.0000
2025-12-30 17:00:00;0.0000
2025-12-30 17:15:00;0.0000
2025-12-30 17:30:00;0.0000
2025-12-30 17:45:00;0.0000
2025-12-30 18:00:00;0.0000
2025-12-30 18:15:00;0.0000
2025-12-30 18:30:00;0.0000
2025-12-30 18:45:00;0.0000
2025-12-30 19:00:00;0.0000
2025-12-30 19:15:00;0.0000
2025-12-30 19:30:00;0.0000
2025-12-30 19:45:00;0.0000
2025-12-30 20:00:00;0.0000
2025-12-30 20:15:00;0.0000
2025-12-30 20:30:00;0.0000
2025-12-30 20:45:00;0.0000
2025-12-30 21:00:00;0.0000
2025-12-30 21:15:00;0.0000
2025-12-30 21:30:00;0.0000
2025-12-30 21:45:00;0.0000
2025-12-30 22:00:00;0.0000
2025-12-30 22:15:00;0.0000
2025-12-30 22:30:00;0.0000
2025-12-30 22:45:00;0.0000
2025-12-30 23:00:00;0.0000
2025-12-30 23:15:00;0.0000
2025-12-30 23:30:00;0.0000
2025-12-30 23:45:00;0.0000
2025-12-31 00:00:00;0.0000
2025-12-31 00:15:00;0.0000
2025-12-31 00:30:00;0.0000
2025-12-31 00:45:00;0.0000
2025-12-31 01:00:00;0.0000
2025-12-31 01:15:00;0.0000
2025-12-31 01:30:00;0.0000
2025-12-31 01:45:00;0.0000
2025-12-31 02:00:00;0.0000
2025-12-31 02:15:00;0.0000
2025-12-31 02:30:00;0.0000
2025-12-31 02:45:00;0.0000
2025-12-31 03:00:00;0.0000
2025-12-31 03:15:00;0.0000
2025-12-31 03:30:00;0.0000
2025-12-31 03:45:00;0.0000
2025-12-31 04:00:00;0.0000
2025-12-31 04:15:00;0.0000
2025-12-31 04:30:00;0.0000
2025-12-31 04:45:00;0.0000
2025-12-31 05:00:00;0.0000
2025-12-31 05:15:00;0.0000
2025-12-31 05:30:00;0.0000
2025-12-31 05:45:00;0.0000
2025-12-31 06:00:00;0.0000
2025-12-31 06:15:00;0.0000
2025-12-31 06:30:00;0.0000
2025-12-31 06:45:00;0.0000
2025-12-31 07:00:00;0.0000
2025-12-31 07:15:00;0.0000
2025-12-31 07:30:00;0.0000
2025-12-31 07:45:00;0.0000
2025-12-31 08:00:00;0.0000
2025-12-31 08:15:00;0.0000
2025-12-31 08:30:00;0.0000
2025-12-31 08:45:00;0.0945
2025-12-31 09:00:00;0.2126
2025-12-31 09:15:00;0.3191
2025-12-31 09:30:00;0.4142
2025-12-31 09:45:00;0.5293
2025-12-31 10:00:00;0.6212
2025-12-31 10:15:00;0.6983
2025-12-31 10:30:00;0.7721
2025-12-31 10:45:00;0.8435
2025-12-31 11:00:00;0.7814
2025-12-31 11:15:00;0.8362
2025-12-31 11:30:00;0.8496
2025-12-31 11:45:00;0.9317
2025-12-31 12:00:00;1.1228
2025-12-31 12:15:00;1.1491
2025-12-31 12:30:00;1.1932
2025-12-31 12:45:00;1.1701
2025-12-31 13:00:00;1.0329
2025-12-31 13:15:00;0.9951
2025-12-31 13:30:00;0.9812
2025-12-31 13:45:00;0.9770
2025-12-31 14:00:00;0.8740
2025-12-31 14:15:00;0.7753
2025-12-31 14:30:00;0.7469
2025-12-31 14:45:00;0.6308
2025-12-31 15:00:00;0.4746
2025-12-31 15:15:00;0.4405
2025-12-31 15:30:00;0.3446
2025-12-31 15:45:00;0.2652
2025-12-31 16:00:00;0.2030
2025-12-31 16:15:00;0.0931
2025-12-31 16:30:00;0.0000
2025-12-31 16:45:00;0.0000
2025-12-31 17:00:00;0.0000
2025-12-31 17:15:00;0.0000
2025-12-31 17:30:00;0.0000
2025-12-31 17:45:00;0.0000
2025-12-31 18:00:00;0.0000
2025-12-31 18:15:00;0.0000
2025-12-31 18:30:00;0.0000
2025-12-31 18:45:00;0.0000
2025-12-31 19:00:00;0.0000
2025-12-31 19:15:00;0.0000
2025-12-31 19:30:00;0.0000
2025-12-31 19:45:00;0.0000
2025-12-31 20:00:00;0.0000
2025-12-31 20:15:00;0.0000
2025-12-31 20:30:00;0.0000
2025-12-31 20:45:00;0.0000
2025-12-31 21:00:00;0.0000
2025-12-31 21:15:00;0.0000
2025-12-31 21:30:00;0.0000
2025-12-31 21:45:00;0.0000
2025-12-31 22:00:00;0.0000
2025-12-31 22:15:00;0.0000
2025-12-31 22:30:00;0.0000
2025-12-31 22:45:00;0.0000
2025-12-31 23:00:00;0.0000
2025-12-31 23:15:00;0.0000
2025-12-31 23:30:00;0.0000
2025-12-31 23:45:00;0.0000