Timestamp;Usable_kWh
2025-01-01 00:00:00;0.0
2025-01-01 00:15:00;0.0
2025-01-01 00:30:00;0.0
2025-01-01 00:45:00;0.0
2025-01-01 01:00:00;0.0
2025-01-01 01:15:00;0.0
2025-01-01 01:30:00;0.0
2025-01-01 01:45:00;0.0
2025-01-01 02:00:00;0.0
2025-01-01 02:15:00;0.0
2025-01-01 02:30:00;0.0
2025-01-01 02:45:00;0.0
2025-01-01 03:00:00;0.0
2025-01-01 03:15:00;0.0
2025-01-01 03:30:00;0.0
2025-01-01 03:45:00;0.0
2025-01-01 04:00:00;0.0
2025-01-01 04:15:00;0.0
2025-01-01 04:30:00;0.0
2025-01-01 04:45:00;0.0
2025-01-01 05:00:00;0.0
2025-01-01 05:15:00;0.0
2025-01-01 05:30:00;0.0
2025-01-01 05:45:00;0.0
2025-01-01 06:00:00;0.0
2025-01-01 06:15:00;0.0
2025-01-01 06:30:00;0.0
2025-01-01 06:45:00;0.0
2025-01-01 07:00:00;0.0
2025-01-01 07:15:00;0.0
2025-01-01 07:30:00;0.0
2025-01-01 07:45:00;0.0
2025-01-01 08:00:00;0.0
2025-01-01 08:15:00;0.0
2025-01-01 08:30:00;0.0
2025-01-01 08:45:00;0.0
2025-01-01 09:00:00;0.0
2025-01-01 09:15:00;0.0
2025-01-01 09:30:00;0.0
2025-01-01 09:45:00;0.0
2025-01-01 10:00:00;0.0
2025-01-01 10:15:00;0.0
2025-01-01 10:30:00;0.0
2025-01-01 10:45:00;0.0
2025-01-01 11:00:00;0.0
2025-01-01 11:15:00;0.0
2025-01-01 11:30:00;0.0
2025-01-01 11:45:00;0.0
2025-01-01 12:00:00;0.0
2025-01-01 12:15:00;0.0
2025-01-01 12:30:00;0.02059999999999995
2025-01-01 12:45:00;0.0
2025-01-01 13:00:00;0.0383
2025-01-01 13:15:00;0.0
2025-01-01 13:30:00;0.0
2025-01-01 13:45:00;0.0
2025-01-01 14:00:00;0.0
2025-01-01 14:15:00;0.0
2025-01-01 14:30:00;0.0
2025-01-01 14:45:00;0.0
2025-01-01 15:00:00;0.0
2025-01-01 15:15:00;0.0
2025-01-01 15:30:00;0.0
2025-01-01 15:45:00;0.0
2025-01-01 16:00:00;0.0
2025-01-01 16:15:00;0.0
2025-01-01 16:30:00;0.0
2025-01-01 16:45:00;0.0
2025-01-01 17:00:00;0.0
2025-01-01 17:15:00;0.0
2025-01-01 17:30:00;0.0
2025-01-01 17:45:00;0.0
2025-01-01 18:00:00;0.0
2025-01-01 18:15:00;0.0
2025-01-01 18:30:00;0.0
2025-01-01 18:45:00;0.0
2025-01-01 19:00:00;0.0
2025-01-01 19:15:00;0.0
2025-01-01 19:30:00;0.0
2025-01-01 19:45:00;0.0
2025-01-01 20:00:00;0.0
2025-01-01 20:15:00;0.0
2025-01-01 20:30:00;0.0
2025-01-01 20:45:00;0.0
2025-01-01 21:00:00;0.0
2025-01-01 21:15:00;0.0
2025-01-01 21:30:00;0.0
2025-01-01 21:45:00;0.0
2025-01-01 22:00:00;0.0
2025-01-01 22:15:00;0.0
2025-01-01 22:30:00;0.0
2025-01-01 22:45:00;0.0
2025-01-01 23:00:00;0.0
2025-01-01 23:15:00;0.0
2025-01-01 23:30:00;0.0
2025-01-01 23:45:00;0.0
2025-01-02 00:00:00;0.0
2025-01-02 00:15:00;0.0
2025-01-02 00:30:00;0.0
2025-01-02 00:45:00;0.0
2025-01-02 01:00:00;0.0
2025-01-02 01:15:00;0.0
2025-01-02 01:30:00;0.0
2025-01-02 01:45:00;0.0
2025-01-02 02:00:00;0.0
2025-01-02 02:15:00;0.0
2025-01-02 02:30:00;0.0
2025-01-02 02:45:00;0.0
2025-01-02 03:00:00;0.0
2025-01-02 03:15:00;0.0
2025-01-02 03:30:00;0.0
2025-01-02 03:45:00;0.0
2025-01-02 04:00:00;0.0
2025-01-02 04:15:00;0.0
2025-01-02 04:30:00;0.0
2025-01-02 04:45:00;0.0
2025-01-02 05:00:00;0.0
2025-01-02 05:15:00;0.0
2025-01-02 05:30:00;0.0
2025-01-02 05:45:00;0.0
2025-01-02 06:00:00;0.0
2025-01-02 06:15:00;0.0
2025-01-02 06:30:00;0.0
2025-01-02 06:45:00;0.0
2025-01-02 07:00:00;0.0
2025-01-02 07:15:00;0.0
2025-01-02 07:30:00;0.0
2025-01-02 07:45:00;0.0
2025-01-02 08:00:00;0.0
2025-01-02 08:15:00;0.0
2025-01-02 08:30:00;0.0
2025-01-02 08:45:00;0.0
2025-01-02 09:00:00;0.0
2025-01-02 09:15:00;0.1875
2025-01-02 09:30:00;0.7341000000000002
2025-01-02 09:45:00;1.4045
2025-01-02 10:00:00;2.1346999999999996
2025-01-02 10:15:00;2.9461999999999997
2025-01-02 10:30:00;3.058
2025-01-02 10:45:00;3.811
2025-01-02 11:00:00;4.6144
2025-01-02 11:15:00;4.7251
2025-01-02 11:30:00;5.1927
2025-01-02 11:45:00;5.4138
2025-01-02 12:00:00;5.0337000000000005
2025-01-02 12:15:00;5.4381
2025-01-02 12:30:00;5.546900000000001
2025-01-02 12:45:00;5.632
2025-01-02 13:00:00;5.6007
2025-01-02 13:15:00;5.2137
2025-01-02 13:30:00;5.3986
2025-01-02 13:45:00;5.4643
2025-01-02 14:00:00;3.1792000000000002
2025-01-02 14:15:00;2.8447
2025-01-02 14:30:00;2.684
2025-01-02 14:45:00;2.4518999999999997
2025-01-02 15:00:00;1.8823
2025-01-02 15:15:00;1.4849999999999999
2025-01-02 15:30:00;1.3403000000000003
2025-01-02 15:45:00;0.9709
2025-01-02 16:00:00;1.1682
2025-01-02 16:15:00;0.6500999999999999
2025-01-02 16:30:00;0.07580000000000009
2025-01-02 16:45:00;0.0
2025-01-02 17:00:00;0.0
2025-01-02 17:15:00;0.0
2025-01-02 17:30:00;0.0
2025-01-02 17:45:00;0.0
2025-01-02 18:00:00;0.0
2025-01-02 18:15:00;0.0
2025-01-02 18:30:00;0.0
2025-01-02 18:45:00;0.0
2025-01-02 19:00:00;0.0
2025-01-02 19:15:00;0.0
2025-01-02 19:30:00;0.0
2025-01-02 19:45:00;0.0
2025-01-02 20:00:00;0.0
2025-01-02 20:15:00;0.0
2025-01-02 20:30:00;0.0
2025-01-02 20:45:00;0.0
2025-01-02 21:00:00;0.0
2025-01-02 21:15:00;0.0
2025-01-02 21:30:00;0.0
2025-01-02 21:45:00;0.0
2025-01-02 22:00:00;0.0
2025-01-02 22:15:00;0.0
2025-01-02 22:30:00;0.0
2025-01-02 22:45:00;0.0
2025-01-02 23:00:00;0.0
2025-01-02 23:15:00;0.0
2025-01-02 23:30:00;0.0
2025-01-02 23:45:00;0.0
2025-01-03 00:00:00;0.0
2025-01-03 00:15:00;0.0
2025-01-03 00:30:00;0.0
2025-01-03 00:45:00;0.0
2025-01-03 01:00:00;0.0
2025-01-03 01:15:00;0.0
2025-01-03 01:30:00;0.0
2025-01-03 01:45:00;0.0
2025-01-03 02:00:00;0.0
2025-01-03 02:15:00;0.0
2025-01-03 02:30:00;0.0
2025-01-03 02:45:00;0.0
2025-01-03 03:00:00;0.0
2025-01-03 03:15:00;0.0
2025-01-03 03:30:00;0.0
2025-01-03 03:45:00;0.0
2025-01-03 04:00:00;0.0
2025-01-03 04:15:00;0.0
2025-01-03 04:30:00;0.0
2025-01-03 04:45:00;0.0
2025-01-03 05:00:00;0.0
2025-01-03 05:15:00;0.0
2025-01-03 05:30:00;0.0
2025-01-03 05:45:00;0.0
2025-01-03 06:00:00;0.0
2025-01-03 06:15:00;0.0
2025-01-03 06:30:00;0.0
2025-01-03 06:45:00;0.0
2025-01-03 07:00:00;0.0
2025-01-03 07:15:00;0.0
2025-01-03 07:30:00;0.0
2025-01-03 07:45:00;0.0
2025-01-03 08:00:00;0.0
2025-01-03 08:15:00;0.0
2025-01-03 08:30:00;0.0
2025-01-03 08:45:00;0.0
2025-01-03 09:00:00;0.0
2025-01-03 09:15:00;0.0
2025-01-03 09:30:00;0.0
2025-01-03 09:45:00;0.0
2025-01-03 10:00:00;0.0
2025-01-03 10:15:00;0.0
2025-01-03 10:30:00;0.0
2025-01-03 10:45:00;0.0
2025-01-03 11:00:00;0.0
2025-01-03 11:15:00;0.0
2025-01-03 11:30:00;0.0
2025-01-03 11:45:00;0.0
2025-01-03 12:00:00;0.0
2025-01-03 12:15:00;0.019400000000000084
2025-01-03 12:30:00;0.0
2025-01-03 12:45:00;0.14240000000000008
2025-01-03 13:00:00;0.05570000000000008
2025-01-03 13:15:00;0.15339999999999998
2025-01-03 13:30:00;0.05010000000000003
2025-01-03 13:45:00;0.03530000000000011
2025-01-03 14:00:00;0.0
2025-01-03 14:15:00;0.02080000000000004
2025-01-03 14:30:00;0.0
2025-01-03 14:45:00;0.0
2025-01-03 15:00:00;0.0
2025-01-03 15:15:00;0.0
2025-01-03 15:30:00;0.0
2025-01-03 15:45:00;0.0
2025-01-03 16:00:00;0.0
2025-01-03 16:15:00;0.0
2025-01-03 16:30:00;0.0
2025-01-03 16:45:00;0.0
2025-01-03 17:00:00;0.0
2025-01-03 17:15:00;0.0
2025-01-03 17:30:00;0.0
2025-01-03 17:45:00;0.0
2025-01-03 18:00:00;0.0
2025-01-03 18:15:00;0.0
2025-01-03 18:30:00;0.0
2025-01-03 18:45:00;0.0
2025-01-03 19:00:00;0.0
2025-01-03 19:15:00;0.0
2025-01-03 19:30:00;0.0
2025-01-03 19:45:00;0.0
2025-01-03 20:00:00;0.0
2025-01-03 20:15:00;0.0
2025-01-03 20:30:00;0.0
2025-01-03 20:45:00;0.0
2025-01-03 21:00:00;0.0
2025-01-03 21:15:00;0.0
2025-01-03 21:30:00;0.0
2025-01-03 21:45:00;0.0
2025-01-03 22:00:00;0.0
2025-01-03 22:15:00;0.0
2025-01-03 22:30:00;0.0
2025-01-03 22:45:00;0.0
2025-01-03 23:00:00;0.0
2025-01-03 23:15:00;0.0
2025-01-03 23:30:00;0.0
2025-01-03 23:45:00;0.0
2025-01-04 00:00:00;0.0
2025-01-04 00:15:00;0.0
2025-01-04 00:30:00;0.0
2025-01-04 00:45:00;0.0
2025-01-04 01:00:00;0.0
2025-01-04 01:15:00;0.0
2025-01-04 01:30:00;0.0
2025-01-04 01:45:00;0.0
2025-01-04 02:00:00;0.0
2025-01-04 02:15:00;0.0
2025-01-04 02:30:00;0.0
2025-01-04 02:45:00;0.0
2025-01-04 03:00:00;0.0
2025-01-04 03:15:00;0.0
2025-01-04 03:30:00;0.0
2025-01-04 03:45:00;0.0
2025-01-04 04:00:00;0.0
2025-01-04 04:15:00;0.0
2025-01-04 04:30:00;0.0
2025-01-04 04:45:00;0.0
2025-01-04 05:00:00;0.0
2025-01-04 05:15:00;0.0
2025-01-04 05:30:00;0.0
2025-01-04 05:45:00;0.0
2025-01-04 06:00:00;0.0
2025-01-04 06:15:00;0.0
2025-01-04 06:30:00;0.0
2025-01-04 06:45:00;0.0
2025-01-04 07:00:00;0.0
2025-01-04 07:15:00;0.0
2025-01-04 07:30:00;0.0
2025-01-04 07:45:00;0.0
2025-01-04 08:00:00;0.0
2025-01-04 08:15:00;0.0
2025-01-04 08:30:00;0.0
2025-01-04 08:45:00;0.0
2025-01-04 09:00:00;0.0
2025-01-04 09:15:00;0.0
2025-01-04 09:30:00;0.0
2025-01-04 09:45:00;0.0
2025-01-04 10:00:00;0.2703
2025-01-04 10:15:00;0.4232
2025-01-04 10:30:00;0.6206
2025-01-04 10:45:00;0.8381000000000001
2025-01-04 11:00:00;0.8277000000000001
2025-01-04 11:15:00;1.0623
2025-01-04 11:30:00;1.1067
2025-01-04 11:45:00;1.3507000000000002
2025-01-04 12:00:00;1.7452999999999999
2025-01-04 12:15:00;1.9324999999999999
2025-01-04 12:30:00;2.0478
2025-01-04 12:45:00;1.9659
2025-01-04 13:00:00;1.9548
2025-01-04 13:15:00;1.9503999999999997
2025-01-04 13:30:00;1.8963
2025-01-04 13:45:00;1.8179
2025-01-04 14:00:00;1.6021
2025-01-04 14:15:00;1.5237999999999998
2025-01-04 14:30:00;1.2923
2025-01-04 14:45:00;1.2146
2025-01-04 15:00:00;0.9907999999999999
2025-01-04 15:15:00;0.809
2025-01-04 15:30:00;0.3891
2025-01-04 15:45:00;0.25839999999999996
2025-01-04 16:00:00;0.0
2025-01-04 16:15:00;0.0
2025-01-04 16:30:00;0.0
2025-01-04 16:45:00;0.0
2025-01-04 17:00:00;0.0
2025-01-04 17:15:00;0.0
2025-01-04 17:30:00;0.0
2025-01-04 17:45:00;0.0
2025-01-04 18:00:00;0.0
2025-01-04 18:15:00;0.0
2025-01-04 18:30:00;0.0
2025-01-04 18:45:00;0.0
2025-01-04 19:00:00;0.0
2025-01-04 19:15:00;0.0
2025-01-04 19:30:00;0.0
2025-01-04 19:45:00;0.0
2025-01-04 20:00:00;0.0
2025-01-04 20:15:00;0.0
2025-01-04 20:30:00;0.0
2025-01-04 20:45:00;0.0
2025-01-04 21:00:00;0.0
2025-01-04 21:15:00;0.0
2025-01-04 21:30:00;0.0
2025-01-04 21:45:00;0.0
2025-01-04 22:00:00;0.0
2025-01-04 22:15:00;0.0
2025-01-04 22:30:00;0.0
2025-01-04 22:45:00;0.0
2025-01-04 23:00:00;0.0
2025-01-04 23:15:00;0.0
2025-01-04 23:30:00;0.0
2025-01-04 23:45:00;0.0
2025-01-05 00:00:00;0.0
2025-01-05 00:15:00;0.0
2025-01-05 00:30:00;0.0
2025-01-05 00:45:00;0.0
2025-01-05 01:00:00;0.0
2025-01-05 01:15:00;0.0
2025-01-05 01:30:00;0.0
2025-01-05 01:45:00;0.0
2025-01-05 02:00:00;0.0
2025-01-05 02:15:00;0.0
2025-01-05 02:30:00;0.0
2025-01-05 02:45:00;0.0
2025-01-05 03:00:00;0.0
2025-01-05 03:15:00;0.0
2025-01-05 03:30:00;0.0
2025-01-05 03:45:00;0.0
2025-01-05 04:00:00;0.0
2025-01-05 04:15:00;0.0
2025-01-05 04:30:00;0.0
2025-01-05 04:45:00;0.0
2025-01-05 05:00:00;0.0
2025-01-05 05:15:00;0.0
2025-01-05 05:30:00;0.0
2025-01-05 05:45:00;0.0
2025-01-05 06:00:00;0.0
2025-01-05 06:15:00;0.0
2025-01-05 06:30:00;0.0
2025-01-05 06:45:00;0.0
2025-01-05 07:00:00;0.0
2025-01-05 07:15:00;0.0
2025-01-05 07:30:00;0.0
2025-01-05 07:45:00;0.0
2025-01-05 08:00:00;0.0
2025-01-05 08:15:00;0.0
2025-01-05 08:30:00;0.0
2025-01-05 08:45:00;0.0
2025-01-05 09:00:00;0.0
2025-01-05 09:15:00;0.0
2025-01-05 09:30:00;0.0
2025-01-05 09:45:00;0.0
2025-01-05 10:00:00;0.0
2025-01-05 10:15:00;0.0
2025-01-05 10:30:00;0.0
2025-01-05 10:45:00;0.0
2025-01-05 11:00:00;0.0
2025-01-05 11:15:00;0.0
2025-01-05 11:30:00;0.04709999999999992
2025-01-05 11:45:00;0.03520000000000012
2025-01-05 12:00:00;0.10140000000000016
2025-01-05 12:15:00;0.1915
2025-01-05 12:30:00;0.13130000000000008
2025-01-05 12:45:00;0.08420000000000005
2025-01-05 13:00:00;0.08960000000000001
2025-01-05 13:15:00;0.0010000000000000009
2025-01-05 13:30:00;0.06140000000000012
2025-01-05 13:45:00;0.06409999999999993
2025-01-05 14:00:00;0.0
2025-01-05 14:15:00;0.0
2025-01-05 14:30:00;0.0
2025-01-05 14:45:00;0.0
2025-01-05 15:00:00;0.0
2025-01-05 15:15:00;0.0
2025-01-05 15:30:00;0.0
2025-01-05 15:45:00;0.0
2025-01-05 16:00:00;0.0
2025-01-05 16:15:00;0.0
2025-01-05 16:30:00;0.0
2025-01-05 16:45:00;0.0
2025-01-05 17:00:00;0.0
2025-01-05 17:15:00;0.0
2025-01-05 17:30:00;0.0
2025-01-05 17:45:00;0.0
2025-01-05 18:00:00;0.0
2025-01-05 18:15:00;0.0
2025-01-05 18:30:00;0.0
2025-01-05 18:45:00;0.0
2025-01-05 19:00:00;0.0
2025-01-05 19:15:00;0.0
2025-01-05 19:30:00;0.0
2025-01-05 19:45:00;0.0
2025-01-05 20:00:00;0.0
2025-01-05 20:15:00;0.0
2025-01-05 20:30:00;0.0
2025-01-05 20:45:00;0.0
2025-01-05 21:00:00;0.0
2025-01-05 21:15:00;0.0
2025-01-05 21:30:00;0.0
2025-01-05 21:45:00;0.0
2025-01-05 22:00:00;0.0
2025-01-05 22:15:00;0.0
2025-01-05 22:30:00;0.0
2025-01-05 22:45:00;0.0
2025-01-05 23:00:00;0.0
2025-01-05 23:15:00;0.0
2025-01-05 23:30:00;0.0
2025-01-05 23:45:00;0.0
2025-01-06 00:00:00;0.0
2025-01-06 00:15:00;0.0
2025-01-06 00:30:00;0.0
2025-01-06 00:45:00;0.0
2025-01-06 01:00:00;0.0
2025-01-06 01:15:00;0.0
2025-01-06 01:30:00;0.0
2025-01-06 01:45:00;0.0
2025-01-06 02:00:00;0.0
2025-01-06 02:15:00;0.0
2025-01-06 02:30:00;0.0
2025-01-06 02:45:00;0.0
2025-01-06 03:00:00;0.0
2025-01-06 03:15:00;0.0
2025-01-06 03:30:00;0.0
2025-01-06 03:45:00;0.0
2025-01-06 04:00:00;0.0
2025-01-06 04:15:00;0.0
2025-01-06 04:30:00;0.0
2025-01-06 04:45:00;0.0
2025-01-06 05:00:00;0.0
2025-01-06 05:15:00;0.0
2025-01-06 05:30:00;0.0
2025-01-06 05:45:00;0.0
2025-01-06 06:00:00;0.0
2025-01-06 06:15:00;0.0
2025-01-06 06:30:00;0.0
2025-01-06 06:45:00;0.0
2025-01-06 07:00:00;0.0
2025-01-06 07:15:00;0.0
2025-01-06 07:30:00;0.0
2025-01-06 07:45:00;0.0
2025-01-06 08:00:00;0.0
2025-01-06 08:15:00;0.0
2025-01-06 08:30:00;0.0
2025-01-06 08:45:00;0.0
2025-01-06 09:00:00;0.016700000000000048
2025-01-06 09:15:00;0.9835999999999998
2025-01-06 09:30:00;1.9995000000000003
2025-01-06 09:45:00;2.8299000000000003
2025-01-06 10:00:00;4.0205
2025-01-06 10:15:00;4.8172
2025-01-06 10:30:00;5.585699999999999
2025-01-06 10:45:00;6.2126
2025-01-06 11:00:00;6.1704
2025-01-06 11:15:00;6.2979
2025-01-06 11:30:00;7.1764
2025-01-06 11:45:00;7.214300000000001
2025-01-06 12:00:00;9.9901
2025-01-06 12:15:00;10.497499999999999
2025-01-06 12:30:00;10.7813
2025-01-06 12:45:00;10.190000000000001
2025-01-06 13:00:00;10.597900000000001
2025-01-06 13:15:00;9.4449
2025-01-06 13:30:00;10.1448
2025-01-06 13:45:00;9.2294
2025-01-06 14:00:00;9.217600000000001
2025-01-06 14:15:00;9.4177
2025-01-06 14:30:00;8.7412
2025-01-06 14:45:00;7.69
2025-01-06 15:00:00;6.5786999999999995
2025-01-06 15:15:00;5.805
2025-01-06 15:30:00;5.0600000000000005
2025-01-06 15:45:00;3.9148000000000005
2025-01-06 16:00:00;2.9692000000000003
2025-01-06 16:15:00;2.0669000000000004
2025-01-06 16:30:00;1.0271
2025-01-06 16:45:00;0.0
2025-01-06 17:00:00;0.0
2025-01-06 17:15:00;0.0
2025-01-06 17:30:00;0.0
2025-01-06 17:45:00;0.0
2025-01-06 18:00:00;0.0
2025-01-06 18:15:00;0.0
2025-01-06 18:30:00;0.0
2025-01-06 18:45:00;0.0
2025-01-06 19:00:00;0.0
2025-01-06 19:15:00;0.0
2025-01-06 19:30:00;0.0
2025-01-06 19:45:00;0.0
2025-01-06 20:00:00;0.0
2025-01-06 20:15:00;0.0
2025-01-06 20:30:00;0.0
2025-01-06 20:45:00;0.0
2025-01-06 21:00:00;0.0
2025-01-06 21:15:00;0.0
2025-01-06 21:30:00;0.0
2025-01-06 21:45:00;0.0
2025-01-06 22:00:00;0.0
2025-01-06 22:15:00;0.0
2025-01-06 22:30:00;0.0
2025-01-06 22:45:00;0.0
2025-01-06 23:00:00;0.0
2025-01-06 23:15:00;0.0
2025-01-06 23:30:00;0.0
2025-01-06 23:45:00;0.0
2025-01-07 00:00:00;0.0
2025-01-07 00:15:00;0.0
2025-01-07 00:30:00;0.0
2025-01-07 00:45:00;0.0
2025-01-07 01:00:00;0.0
2025-01-07 01:15:00;0.0
2025-01-07 01:30:00;0.0
2025-01-07 01:45:00;0.0
2025-01-07 02:00:00;0.0
2025-01-07 02:15:00;0.0
2025-01-07 02:30:00;0.0
2025-01-07 02:45:00;0.0
2025-01-07 03:00:00;0.0
2025-01-07 03:15:00;0.0
2025-01-07 03:30:00;0.0
2025-01-07 03:45:00;0.0
2025-01-07 04:00:00;0.0
2025-01-07 04:15:00;0.0
2025-01-07 04:30:00;0.0
2025-01-07 04:45:00;0.0
2025-01-07 05:00:00;0.0
2025-01-07 05:15:00;0.0
2025-01-07 05:30:00;0.0
2025-01-07 05:45:00;0.0
2025-01-07 06:00:00;0.0
2025-01-07 06:15:00;0.0
2025-01-07 06:30:00;0.0
2025-01-07 06:45:00;0.0
2025-01-07 07:00:00;0.0
2025-01-07 07:15:00;0.0
2025-01-07 07:30:00;0.0
2025-01-07 07:45:00;0.0
2025-01-07 08:00:00;0.0
2025-01-07 08:15:00;0.0
2025-01-07 08:30:00;0.0
2025-01-07 08:45:00;0.0
2025-01-07 09:00:00;0.0
2025-01-07 09:15:00;0.0
2025-01-07 09:30:00;0.0
2025-01-07 09:45:00;0.0
2025-01-07 10:00:00;0.41959999999999986
2025-01-07 10:15:00;0.6783999999999999
2025-01-07 10:30:00;0.8612
2025-01-07 10:45:00;1.1858000000000002
2025-01-07 11:00:00;1.1963
2025-01-07 11:15:00;1.2385
2025-01-07 11:30:00;1.2833999999999999
2025-01-07 11:45:00;1.5592
2025-01-07 12:00:00;1.6561000000000001
2025-01-07 12:15:00;1.7710999999999997
2025-01-07 12:30:00;1.7375
2025-01-07 12:45:00;1.7031
2025-01-07 13:00:00;1.6671999999999998
2025-01-07 13:15:00;1.6801
2025-01-07 13:30:00;1.5676
2025-01-07 13:45:00;1.6928
2025-01-07 14:00:00;1.3296999999999999
2025-01-07 14:15:00;1.3070999999999997
2025-01-07 14:30:00;1.0911
2025-01-07 14:45:00;1.0439
2025-01-07 15:00:00;0.9453
2025-01-07 15:15:00;0.5777999999999999
2025-01-07 15:30:00;0.46199999999999997
2025-01-07 15:45:00;0.2388
2025-01-07 16:00:00;0.0
2025-01-07 16:15:00;0.0
2025-01-07 16:30:00;0.0
2025-01-07 16:45:00;0.0
2025-01-07 17:00:00;0.0
2025-01-07 17:15:00;0.0
2025-01-07 17:30:00;0.0
2025-01-07 17:45:00;0.0
2025-01-07 18:00:00;0.0
2025-01-07 18:15:00;0.0
2025-01-07 18:30:00;0.0
2025-01-07 18:45:00;0.0
2025-01-07 19:00:00;0.0
2025-01-07 19:15:00;0.0
2025-01-07 19:30:00;0.0
2025-01-07 19:45:00;0.0
2025-01-07 20:00:00;0.0
2025-01-07 20:15:00;0.0
2025-01-07 20:30:00;0.0
2025-01-07 20:45:00;0.0
2025-01-07 21:00:00;0.0
2025-01-07 21:15:00;0.0
2025-01-07 21:30:00;0.0
2025-01-07 21:45:00;0.0
2025-01-07 22:00:00;0.0
2025-01-07 22:15:00;0.0
2025-01-07 22:30:00;0.0
2025-01-07 22:45:00;0.0
2025-01-07 23:00:00;0.0
2025-01-07 23:15:00;0.0
2025-01-07 23:30:00;0.0
2025-01-07 23:45:00;0.0
2025-01-08 00:00:00;0.0
2025-01-08 00:15:00;0.0
2025-01-08 00:30:00;0.0
2025-01-08 00:45:00;0.0
2025-01-08 01:00:00;0.0
2025-01-08 01:15:00;0.0
2025-01-08 01:30:00;0.0
2025-01-08 01:45:00;0.0
2025-01-08 02:00:00;0.0
2025-01-08 02:15:00;0.0
2025-01-08 02:30:00;0.0
2025-01-08 02:45:00;0.0
2025-01-08 03:00:00;0.0
2025-01-08 03:15:00;0.0
2025-01-08 03:30:00;0.0
2025-01-08 03:45:00;0.0
2025-01-08 04:00:00;0.0
2025-01-08 04:15:00;0.0
2025-01-08 04:30:00;0.0
2025-01-08 04:45:00;0.0
2025-01-08 05:00:00;0.0
2025-01-08 05:15:00;0.0
2025-01-08 05:30:00;0.0
2025-01-08 05:45:00;0.0
2025-01-08 06:00:00;0.0
2025-01-08 06:15:00;0.0
2025-01-08 06:30:00;0.0
2025-01-08 06:45:00;0.0
2025-01-08 07:00:00;0.0
2025-01-08 07:15:00;0.0
2025-01-08 07:30:00;0.0
2025-01-08 07:45:00;0.0
2025-01-08 08:00:00;0.0
2025-01-08 08:15:00;0.0
2025-01-08 08:30:00;0.0
2025-01-08 08:45:00;0.0
2025-01-08 09:00:00;0.0
2025-01-08 09:15:00;0.0
2025-01-08 09:30:00;0.0
2025-01-08 09:45:00;0.0
2025-01-08 10:00:00;0.10719999999999996
2025-01-08 10:15:00;0.3917999999999999
2025-01-08 10:30:00;0.4668000000000001
2025-01-08 10:45:00;0.6501000000000001
2025-01-08 11:00:00;0.9770999999999999
2025-01-08 11:15:00;1.2226
2025-01-08 11:30:00;1.4401
2025-01-08 11:45:00;1.4028999999999998
2025-01-08 12:00:00;1.2715999999999998
2025-01-08 12:15:00;1.3808
2025-01-08 12:30:00;1.2180000000000002
2025-01-08 12:45:00;1.4626000000000001
2025-01-08 13:00:00;1.8752999999999997
2025-01-08 13:15:00;2.112
2025-01-08 13:30:00;1.7668
2025-01-08 13:45:00;1.6945999999999999
2025-01-08 14:00:00;1.5698999999999999
2025-01-08 14:15:00;1.5467999999999997
2025-01-08 14:30:00;1.2647
2025-01-08 14:45:00;1.1036
2025-01-08 15:00:00;0.7148000000000001
2025-01-08 15:15:00;0.5279
2025-01-08 15:30:00;0.3137000000000001
2025-01-08 15:45:00;0.17799999999999994
2025-01-08 16:00:00;0.0
2025-01-08 16:15:00;0.0
2025-01-08 16:30:00;0.0
2025-01-08 16:45:00;0.0
2025-01-08 17:00:00;0.0
2025-01-08 17:15:00;0.0
2025-01-08 17:30:00;0.0
2025-01-08 17:45:00;0.0
2025-01-08 18:00:00;0.0
2025-01-08 18:15:00;0.0
2025-01-08 18:30:00;0.0
2025-01-08 18:45:00;0.0
2025-01-08 19:00:00;0.0
2025-01-08 19:15:00;0.0
2025-01-08 19:30:00;0.0
2025-01-08 19:45:00;0.0
2025-01-08 20:00:00;0.0
2025-01-08 20:15:00;0.0
2025-01-08 20:30:00;0.0
2025-01-08 20:45:00;0.0
2025-01-08 21:00:00;0.0
2025-01-08 21:15:00;0.0
2025-01-08 21:30:00;0.0
2025-01-08 21:45:00;0.0
2025-01-08 22:00:00;0.0
2025-01-08 22:15:00;0.0
2025-01-08 22:30:00;0.0
2025-01-08 22:45:00;0.0
2025-01-08 23:00:00;0.0
2025-01-08 23:15:00;0.0
2025-01-08 23:30:00;0.0
2025-01-08 23:45:00;0.0
2025-01-09 00:00:00;0.0
2025-01-09 00:15:00;0.0
2025-01-09 00:30:00;0.0
2025-01-09 00:45:00;0.0
2025-01-09 01:00:00;0.0
2025-01-09 01:15:00;0.0
2025-01-09 01:30:00;0.0
2025-01-09 01:45:00;0.0
2025-01-09 02:00:00;0.0
2025-01-09 02:15:00;0.0
2025-01-09 02:30:00;0.0
2025-01-09 02:45:00;0.0
2025-01-09 03:00:00;0.0
2025-01-09 03:15:00;0.0
2025-01-09 03:30:00;0.0
2025-01-09 03:45:00;0.0
2025-01-09 04:00:00;0.0
2025-01-09 04:15:00;0.0
2025-01-09 04:30:00;0.0
2025-01-09 04:45:00;0.0
2025-01-09 05:00:00;0.0
2025-01-09 05:15:00;0.0
2025-01-09 05:30:00;0.0
2025-01-09 05:45:00;0.0
2025-01-09 06:00:00;0.0
2025-01-09 06:15:00;0.0
2025-01-09 06:30:00;0.0
2025-01-09 06:45:00;0.0
2025-01-09 07:00:00;0.0
2025-01-09 07:15:00;0.0
2025-01-09 07:30:00;0.0
2025-01-09 07:45:00;0.0
2025-01-09 08:00:00;0.0
2025-01-09 08:15:00;0.0
2025-01-09 08:30:00;0.0
2025-01-09 08:45:00;0.0
2025-01-09 09:00:00;0.0
2025-01-09 09:15:00;0.0
2025-01-09 09:30:00;0.0
2025-01-09 09:45:00;0.11319999999999997
2025-01-09 10:00:00;1.7033
2025-01-09 10:15:00;2.1825
2025-01-09 10:30:00;2.6209
2025-01-09 10:45:00;2.9012
2025-01-09 11:00:00;4.436999999999999
2025-01-09 11:15:00;4.4551
2025-01-09 11:30:00;5.2926
2025-01-09 11:45:00;5.287699999999999
2025-01-09 12:00:00;5.8538
2025-01-09 12:15:00;5.7227
2025-01-09 12:30:00;6.179
2025-01-09 12:45:00;6.4342999999999995
2025-01-09 13:00:00;5.942
2025-01-09 13:15:00;5.6928
2025-01-09 13:30:00;5.6898
2025-01-09 13:45:00;5.511
2025-01-09 14:00:00;4.0280000000000005
2025-01-09 14:15:00;3.8246
2025-01-09 14:30:00;3.4936
2025-01-09 14:45:00;3.3139999999999996
2025-01-09 15:00:00;1.678
2025-01-09 15:15:00;1.4933
2025-01-09 15:30:00;1.0886
2025-01-09 15:45:00;0.8199
2025-01-09 16:00:00;1.3181000000000003
2025-01-09 16:15:00;0.7449999999999999
2025-01-09 16:30:00;0.1783999999999999
2025-01-09 16:45:00;0.0
2025-01-09 17:00:00;0.0
2025-01-09 17:15:00;0.0
2025-01-09 17:30:00;0.0
2025-01-09 17:45:00;0.0
2025-01-09 18:00:00;0.0
2025-01-09 18:15:00;0.0
2025-01-09 18:30:00;0.0
2025-01-09 18:45:00;0.0
2025-01-09 19:00:00;0.0
2025-01-09 19:15:00;0.0
2025-01-09 19:30:00;0.0
2025-01-09 19:45:00;0.0
2025-01-09 20:00:00;0.0
2025-01-09 20:15:00;0.0
2025-01-09 20:30:00;0.0
2025-01-09 20:45:00;0.0
2025-01-09 21:00:00;0.0
2025-01-09 21:15:00;0.0
2025-01-09 21:30:00;0.0
2025-01-09 21:45:00;0.0
2025-01-09 22:00:00;0.0
2025-01-09 22:15:00;0.0
2025-01-09 22:30:00;0.0
2025-01-09 22:45:00;0.0
2025-01-09 23:00:00;0.0
2025-01-09 23:15:00;0.0
2025-01-09 23:30:00;0.0
2025-01-09 23:45:00;0.0
2025-01-10 00:00:00;0.0
2025-01-10 00:15:00;0.0
2025-01-10 00:30:00;0.0
2025-01-10 00:45:00;0.0
2025-01-10 01:00:00;0.0
2025-01-10 01:15:00;0.0
2025-01-10 01:30:00;0.0
2025-01-10 01:45:00;0.0
2025-01-10 02:00:00;0.0
2025-01-10 02:15:00;0.0
2025-01-10 02:30:00;0.0
2025-01-10 02:45:00;0.0
2025-01-10 03:00:00;0.0
2025-01-10 03:15:00;0.0
2025-01-10 03:30:00;0.0
2025-01-10 03:45:00;0.0
2025-01-10 04:00:00;0.0
2025-01-10 04:15:00;0.0
2025-01-10 04:30:00;0.0
2025-01-10 04:45:00;0.0
2025-01-10 05:00:00;0.0
2025-01-10 05:15:00;0.0
2025-01-10 05:30:00;0.0
2025-01-10 05:45:00;0.0
2025-01-10 06:00:00;0.0
2025-01-10 06:15:00;0.0
2025-01-10 06:30:00;0.0
2025-01-10 06:45:00;0.0
2025-01-10 07:00:00;0.0
2025-01-10 07:15:00;0.0
2025-01-10 07:30:00;0.0
2025-01-10 07:45:00;0.0
2025-01-10 08:00:00;0.0
2025-01-10 08:15:00;0.0
2025-01-10 08:30:00;0.0
2025-01-10 08:45:00;0.0
2025-01-10 09:00:00;0.0
2025-01-10 09:15:00;0.0
2025-01-10 09:30:00;0.0
2025-01-10 09:45:00;0.0050000000000000044
2025-01-10 10:00:00;0.3426
2025-01-10 10:15:00;0.5016999999999999
2025-01-10 10:30:00;0.7644
2025-01-10 10:45:00;0.9695999999999999
2025-01-10 11:00:00;1.1902
2025-01-10 11:15:00;1.4144
2025-01-10 11:30:00;1.4538000000000002
2025-01-10 11:45:00;1.8169
2025-01-10 12:00:00;1.5894
2025-01-10 12:15:00;1.6585999999999999
2025-01-10 12:30:00;1.7922
2025-01-10 12:45:00;1.6776
2025-01-10 13:00:00;2.1473
2025-01-10 13:15:00;1.9867
2025-01-10 13:30:00;1.9117
2025-01-10 13:45:00;1.8503000000000003
2025-01-10 14:00:00;1.4503
2025-01-10 14:15:00;1.3052000000000001
2025-01-10 14:30:00;1.2384
2025-01-10 14:45:00;1.1017
2025-01-10 15:00:00;1.0591999999999997
2025-01-10 15:15:00;0.8824
2025-01-10 15:30:00;0.6242000000000001
2025-01-10 15:45:00;0.3447
2025-01-10 16:00:00;0.0
2025-01-10 16:15:00;0.0
2025-01-10 16:30:00;0.0
2025-01-10 16:45:00;0.0
2025-01-10 17:00:00;0.0
2025-01-10 17:15:00;0.0
2025-01-10 17:30:00;0.0
2025-01-10 17:45:00;0.0
2025-01-10 18:00:00;0.0
2025-01-10 18:15:00;0.0
2025-01-10 18:30:00;0.0
2025-01-10 18:45:00;0.0
2025-01-10 19:00:00;0.0
2025-01-10 19:15:00;0.0
2025-01-10 19:30:00;0.0
2025-01-10 19:45:00;0.0
2025-01-10 20:00:00;0.0
2025-01-10 20:15:00;0.0
2025-01-10 20:30:00;0.0
2025-01-10 20:45:00;0.0
2025-01-10 21:00:00;0.0
2025-01-10 21:15:00;0.0
2025-01-10 21:30:00;0.0
2025-01-10 21:45:00;0.0
2025-01-10 22:00:00;0.0
2025-01-10 22:15:00;0.0
2025-01-10 22:30:00;0.0
2025-01-10 22:45:00;0.0
2025-01-10 23:00:00;0.0
2025-01-10 23:15:00;0.0
2025-01-10 23:30:00;0.0
2025-01-10 23:45:00;0.0
2025-01-11 00:00:00;0.0
2025-01-11 00:15:00;0.0
2025-01-11 00:30:00;0.0
2025-01-11 00:45:00;0.0
2025-01-11 01:00:00;0.0
2025-01-11 01:15:00;0.0
2025-01-11 01:30:00;0.0
2025-01-11 01:45:00;0.0
2025-01-11 02:00:00;0.0
2025-01-11 02:15:00;0.0
2025-01-11 02:30:00;0.0
2025-01-11 02:45:00;0.0
2025-01-11 03:00:00;0.0
2025-01-11 03:15:00;0.0
2025-01-11 03:30:00;0.0
2025-01-11 03:45:00;0.0
2025-01-11 04:00:00;0.0
2025-01-11 04:15:00;0.0
2025-01-11 04:30:00;0.0
2025-01-11 04:45:00;0.0
2025-01-11 05:00:00;0.0
2025-01-11 05:15:00;0.0
2025-01-11 05:30:00;0.0
2025-01-11 05:45:00;0.0
2025-01-11 06:00:00;0.0
2025-01-11 06:15:00;0.0
2025-01-11 06:30:00;0.0
2025-01-11 06:45:00;0.0
2025-01-11 07:00:00;0.0
2025-01-11 07:15:00;0.0
2025-01-11 07:30:00;0.0
2025-01-11 07:45:00;0.0
2025-01-11 08:00:00;0.0
2025-01-11 08:15:00;0.0
2025-01-11 08:30:00;0.0
2025-01-11 08:45:00;0.0
2025-01-11 09:00:00;0.0
2025-01-11 09:15:00;0.7229999999999999
2025-01-11 09:30:00;1.3386
2025-01-11 09:45:00;2.2329999999999997
2025-01-11 10:00:00;1.3807
2025-01-11 10:15:00;1.8190000000000002
2025-01-11 10:30:00;2.1986
2025-01-11 10:45:00;2.4808
2025-01-11 11:00:00;1.6935000000000002
2025-01-11 11:15:00;1.8788999999999998
2025-01-11 11:30:00;1.9936000000000003
2025-01-11 11:45:00;2.0937
2025-01-11 12:00:00;6.4285000000000005
2025-01-11 12:15:00;7.0809999999999995
2025-01-11 12:30:00;7.0202
2025-01-11 12:45:00;7.2311
2025-01-11 13:00:00;5.8363000000000005
2025-01-11 13:15:00;5.3103
2025-01-11 13:30:00;5.2324
2025-01-11 13:45:00;5.1692
2025-01-11 14:00:00;6.261299999999999
2025-01-11 14:15:00;5.6153
2025-01-11 14:30:00;5.4821
2025-01-11 14:45:00;4.8662
2025-01-11 15:00:00;1.5917999999999999
2025-01-11 15:15:00;1.3573
2025-01-11 15:30:00;0.8972
2025-01-11 15:45:00;0.8197
2025-01-11 16:00:00;1.6314000000000002
2025-01-11 16:15:00;0.9863999999999999
2025-01-11 16:30:00;0.41379999999999995
2025-01-11 16:45:00;0.0
2025-01-11 17:00:00;0.0
2025-01-11 17:15:00;0.0
2025-01-11 17:30:00;0.0
2025-01-11 17:45:00;0.0
2025-01-11 18:00:00;0.0
2025-01-11 18:15:00;0.0
2025-01-11 18:30:00;0.0
2025-01-11 18:45:00;0.0
2025-01-11 19:00:00;0.0
2025-01-11 19:15:00;0.0
2025-01-11 19:30:00;0.0
2025-01-11 19:45:00;0.0
2025-01-11 20:00:00;0.0
2025-01-11 20:15:00;0.0
2025-01-11 20:30:00;0.0
2025-01-11 20:45:00;0.0
2025-01-11 21:00:00;0.0
2025-01-11 21:15:00;0.0
2025-01-11 21:30:00;0.0
2025-01-11 21:45:00;0.0
2025-01-11 22:00:00;0.0
2025-01-11 22:15:00;0.0
2025-01-11 22:30:00;0.0
2025-01-11 22:45:00;0.0
2025-01-11 23:00:00;0.0
2025-01-11 23:15:00;0.0
2025-01-11 23:30:00;0.0
2025-01-11 23:45:00;0.0
2025-01-12 00:00:00;0.0
2025-01-12 00:15:00;0.0
2025-01-12 00:30:00;0.0
2025-01-12 00:45:00;0.0
2025-01-12 01:00:00;0.0
2025-01-12 01:15:00;0.0
2025-01-12 01:30:00;0.0
2025-01-12 01:45:00;0.0
2025-01-12 02:00:00;0.0
2025-01-12 02:15:00;0.0
2025-01-12 02:30:00;0.0
2025-01-12 02:45:00;0.0
2025-01-12 03:00:00;0.0
2025-01-12 03:15:00;0.0
2025-01-12 03:30:00;0.0
2025-01-12 03:45:00;0.0
2025-01-12 04:00:00;0.0
2025-01-12 04:15:00;0.0
2025-01-12 04:30:00;0.0
2025-01-12 04:45:00;0.0
2025-01-12 05:00:00;0.0
2025-01-12 05:15:00;0.0
2025-01-12 05:30:00;0.0
2025-01-12 05:45:00;0.0
2025-01-12 06:00:00;0.0
2025-01-12 06:15:00;0.0
2025-01-12 06:30:00;0.0
2025-01-12 06:45:00;0.0
2025-01-12 07:00:00;0.0
2025-01-12 07:15:00;0.0
2025-01-12 07:30:00;0.0
2025-01-12 07:45:00;0.0
2025-01-12 08:00:00;0.0
2025-01-12 08:15:00;0.0
2025-01-12 08:30:00;0.0
2025-01-12 08:45:00;0.0
2025-01-12 09:00:00;0.0
2025-01-12 09:15:00;0.0
2025-01-12 09:30:00;0.0
2025-01-12 09:45:00;0.02210000000000001
2025-01-12 10:00:00;0.28070000000000006
2025-01-12 10:15:00;0.5389999999999999
2025-01-12 10:30:00;0.7596999999999999
2025-01-12 10:45:00;0.9973
2025-01-12 11:00:00;1.1583
2025-01-12 11:15:00;1.2207
2025-01-12 11:30:00;1.6104999999999998
2025-01-12 11:45:00;1.5655000000000001
2025-01-12 12:00:00;1.3171
2025-01-12 12:15:00;1.5346
2025-01-12 12:30:00;1.4043999999999999
2025-01-12 12:45:00;1.5360999999999998
2025-01-12 13:00:00;1.9727
2025-01-12 13:15:00;2.1798
2025-01-12 13:30:00;1.9714
2025-01-12 13:45:00;1.8512
2025-01-12 14:00:00;1.2072000000000003
2025-01-12 14:15:00;1.0705999999999998
2025-01-12 14:30:00;1.0148
2025-01-12 14:45:00;0.855
2025-01-12 15:00:00;0.5970000000000001
2025-01-12 15:15:00;0.5065000000000001
2025-01-12 15:30:00;0.23329999999999995
2025-01-12 15:45:00;0.10919999999999996
2025-01-12 16:00:00;0.0
2025-01-12 16:15:00;0.0
2025-01-12 16:30:00;0.0
2025-01-12 16:45:00;0.0
2025-01-12 17:00:00;0.0
2025-01-12 17:15:00;0.0
2025-01-12 17:30:00;0.0
2025-01-12 17:45:00;0.0
2025-01-12 18:00:00;0.0
2025-01-12 18:15:00;0.0
2025-01-12 18:30:00;0.0
2025-01-12 18:45:00;0.0
2025-01-12 19:00:00;0.0
2025-01-12 19:15:00;0.0
2025-01-12 19:30:00;0.0
2025-01-12 19:45:00;0.0
2025-01-12 20:00:00;0.0
2025-01-12 20:15:00;0.0
2025-01-12 20:30:00;0.0
2025-01-12 20:45:00;0.0
2025-01-12 21:00:00;0.0
2025-01-12 21:15:00;0.0
2025-01-12 21:30:00;0.0
2025-01-12 21:45:00;0.0
2025-01-12 22:00:00;0.0
2025-01-12 22:15:00;0.0
2025-01-12 22:30:00;0.0
2025-01-12 22:45:00;0.0
2025-01-12 23:00:00;0.0
2025-01-12 23:15:00;0.0
2025-01-12 23:30:00;0.0
2025-01-12 23:45:00;0.0
2025-01-13 00:00:00;0.0
2025-01-13 00:15:00;0.0
2025-01-13 00:30:00;0.0
2025-01-13 00:45:00;0.0
2025-01-13 01:00:00;0.0
2025-01-13 01:15:00;0.0
2025-01-13 01:30:00;0.0
2025-01-13 01:45:00;0.0
2025-01-13 02:00:00;0.0
2025-01-13 02:15:00;0.0
2025-01-13 02:30:00;0.0
2025-01-13 02:45:00;0.0
2025-01-13 03:00:00;0.0
2025-01-13 03:15:00;0.0
2025-01-13 03:30:00;0.0
2025-01-13 03:45:00;0.0
2025-01-13 04:00:00;0.0
2025-01-13 04:15:00;0.0
2025-01-13 04:30:00;0.0
2025-01-13 04:45:00;0.0
2025-01-13 05:00:00;0.0
2025-01-13 05:15:00;0.0
2025-01-13 05:30:00;0.0
2025-01-13 05:45:00;0.0
2025-01-13 06:00:00;0.0
2025-01-13 06:15:00;0.0
2025-01-13 06:30:00;0.0
2025-01-13 06:45:00;0.0
2025-01-13 07:00:00;0.0
2025-01-13 07:15:00;0.0
2025-01-13 07:30:00;0.0
2025-01-13 07:45:00;0.0
2025-01-13 08:00:00;0.0
2025-01-13 08:15:00;0.0
2025-01-13 08:30:00;0.0
2025-01-13 08:45:00;0.0
2025-01-13 09:00:00;0.0
2025-01-13 09:15:00;0.0
2025-01-13 09:30:00;0.0
2025-01-13 09:45:00;0.0
2025-01-13 10:00:00;0.1392
2025-01-13 10:15:00;0.31599999999999984
2025-01-13 10:30:00;0.4111
2025-01-13 10:45:00;0.6755
2025-01-13 11:00:00;1.1853999999999998
2025-01-13 11:15:00;1.2982
2025-01-13 11:30:00;1.3188000000000002
2025-01-13 11:45:00;1.4529
2025-01-13 12:00:00;1.5598
2025-01-13 12:15:00;1.426
2025-01-13 12:30:00;1.5965999999999998
2025-01-13 12:45:00;1.6309999999999998
2025-01-13 13:00:00;1.8186000000000002
2025-01-13 13:15:00;1.9509999999999998
2025-01-13 13:30:00;1.7782
2025-01-13 13:45:00;1.6205
2025-01-13 14:00:00;1.5319999999999998
2025-01-13 14:15:00;1.5120999999999998
2025-01-13 14:30:00;1.2625
2025-01-13 14:45:00;1.079
2025-01-13 15:00:00;0.655
2025-01-13 15:15:00;0.5615999999999999
2025-01-13 15:30:00;0.3400000000000001
2025-01-13 15:45:00;0.0907
2025-01-13 16:00:00;0.0
2025-01-13 16:15:00;0.0
2025-01-13 16:30:00;0.0
2025-01-13 16:45:00;0.0
2025-01-13 17:00:00;0.0
2025-01-13 17:15:00;0.0
2025-01-13 17:30:00;0.0
2025-01-13 17:45:00;0.0
2025-01-13 18:00:00;0.0
2025-01-13 18:15:00;0.0
2025-01-13 18:30:00;0.0
2025-01-13 18:45:00;0.0
2025-01-13 19:00:00;0.0
2025-01-13 19:15:00;0.0
2025-01-13 19:30:00;0.0
2025-01-13 19:45:00;0.0
2025-01-13 20:00:00;0.0
2025-01-13 20:15:00;0.0
2025-01-13 20:30:00;0.0
2025-01-13 20:45:00;0.0
2025-01-13 21:00:00;0.0
2025-01-13 21:15:00;0.0
2025-01-13 21:30:00;0.0
2025-01-13 21:45:00;0.0
2025-01-13 22:00:00;0.0
2025-01-13 22:15:00;0.0
2025-01-13 22:30:00;0.0
2025-01-13 22:45:00;0.0
2025-01-13 23:00:00;0.0
2025-01-13 23:15:00;0.0
2025-01-13 23:30:00;0.0
2025-01-13 23:45:00;0.0
2025-01-14 00:00:00;0.0
2025-01-14 00:15:00;0.0
2025-01-14 00:30:00;0.0
2025-01-14 00:45:00;0.0
2025-01-14 01:00:00;0.0
2025-01-14 01:15:00;0.0
2025-01-14 01:30:00;0.0
2025-01-14 01:45:00;0.0
2025-01-14 02:00:00;0.0
2025-01-14 02:15:00;0.0
2025-01-14 02:30:00;0.0
2025-01-14 02:45:00;0.0
2025-01-14 03:00:00;0.0
2025-01-14 03:15:00;0.0
2025-01-14 03:30:00;0.0
2025-01-14 03:45:00;0.0
2025-01-14 04:00:00;0.0
2025-01-14 04:15:00;0.0
2025-01-14 04:30:00;0.0
2025-01-14 04:45:00;0.0
2025-01-14 05:00:00;0.0
2025-01-14 05:15:00;0.0
2025-01-14 05:30:00;0.0
2025-01-14 05:45:00;0.0
2025-01-14 06:00:00;0.0
2025-01-14 06:15:00;0.0
2025-01-14 06:30:00;0.0
2025-01-14 06:45:00;0.0
2025-01-14 07:00:00;0.0
2025-01-14 07:15:00;0.0
2025-01-14 07:30:00;0.0
2025-01-14 07:45:00;0.0
2025-01-14 08:00:00;0.0
2025-01-14 08:15:00;0.0
2025-01-14 08:30:00;0.0
2025-01-14 08:45:00;0.0
2025-01-14 09:00:00;0.0
2025-01-14 09:15:00;0.9211999999999998
2025-01-14 09:30:00;1.9308999999999998
2025-01-14 09:45:00;3.2134
2025-01-14 10:00:00;3.6409000000000002
2025-01-14 10:15:00;4.5988999999999995
2025-01-14 10:30:00;5.527100000000001
2025-01-14 10:45:00;6.4851
2025-01-14 11:00:00;6.952900000000001
2025-01-14 11:15:00;8.062100000000001
2025-01-14 11:30:00;8.809600000000001
2025-01-14 11:45:00;9.0658
2025-01-14 12:00:00;8.1105
2025-01-14 12:15:00;8.753900000000002
2025-01-14 12:30:00;8.5383
2025-01-14 12:45:00;8.9231
2025-01-14 13:00:00;8.4288
2025-01-14 13:15:00;8.4636
2025-01-14 13:30:00;8.028500000000001
2025-01-14 13:45:00;7.532000000000001
2025-01-14 14:00:00;10.0986
2025-01-14 14:15:00;8.5014
2025-01-14 14:30:00;8.480799999999999
2025-01-14 14:45:00;7.4951
2025-01-14 15:00:00;5.4569
2025-01-14 15:15:00;4.8733
2025-01-14 15:30:00;4.159000000000001
2025-01-14 15:45:00;3.4349
2025-01-14 16:00:00;2.5926
2025-01-14 16:15:00;1.5656
2025-01-14 16:30:00;0.6262999999999999
2025-01-14 16:45:00;0.0
2025-01-14 17:00:00;0.0
2025-01-14 17:15:00;0.0
2025-01-14 17:30:00;0.0
2025-01-14 17:45:00;0.0
2025-01-14 18:00:00;0.0
2025-01-14 18:15:00;0.0
2025-01-14 18:30:00;0.0
2025-01-14 18:45:00;0.0
2025-01-14 19:00:00;0.0
2025-01-14 19:15:00;0.0
2025-01-14 19:30:00;0.0
2025-01-14 19:45:00;0.0
2025-01-14 20:00:00;0.0
2025-01-14 20:15:00;0.0
2025-01-14 20:30:00;0.0
2025-01-14 20:45:00;0.0
2025-01-14 21:00:00;0.0
2025-01-14 21:15:00;0.0
2025-01-14 21:30:00;0.0
2025-01-14 21:45:00;0.0
2025-01-14 22:00:00;0.0
2025-01-14 22:15:00;0.0
2025-01-14 22:30:00;0.0
2025-01-14 22:45:00;0.0
2025-01-14 23:00:00;0.0
2025-01-14 23:15:00;0.0
2025-01-14 23:30:00;0.0
2025-01-14 23:45:00;0.0
2025-01-15 00:00:00;0.0
2025-01-15 00:15:00;0.0
2025-01-15 00:30:00;0.0
2025-01-15 00:45:00;0.0
2025-01-15 01:00:00;0.0
2025-01-15 01:15:00;0.0
2025-01-15 01:30:00;0.0
2025-01-15 01:45:00;0.0
2025-01-15 02:00:00;0.0
2025-01-15 02:15:00;0.0
2025-01-15 02:30:00;0.0
2025-01-15 02:45:00;0.0
2025-01-15 03:00:00;0.0
2025-01-15 03:15:00;0.0
2025-01-15 03:30:00;0.0
2025-01-15 03:45:00;0.0
2025-01-15 04:00:00;0.0
2025-01-15 04:15:00;0.0
2025-01-15 04:30:00;0.0
2025-01-15 04:45:00;0.0
2025-01-15 05:00:00;0.0
2025-01-15 05:15:00;0.0
2025-01-15 05:30:00;0.0
2025-01-15 05:45:00;0.0
2025-01-15 06:00:00;0.0
2025-01-15 06:15:00;0.0
2025-01-15 06:30:00;0.0
2025-01-15 06:45:00;0.0
2025-01-15 07:00:00;0.0
2025-01-15 07:15:00;0.0
2025-01-15 07:30:00;0.0
2025-01-15 07:45:00;0.0
2025-01-15 08:00:00;0.0
2025-01-15 08:15:00;0.0
2025-01-15 08:30:00;0.0
2025-01-15 08:45:00;0.0
2025-01-15 09:00:00;0.0
2025-01-15 09:15:00;0.0
2025-01-15 09:30:00;0.0
2025-01-15 09:45:00;0.0
2025-01-15 10:00:00;0.0
2025-01-15 10:15:00;0.0
2025-01-15 10:30:00;0.0
2025-01-15 10:45:00;0.0
2025-01-15 11:00:00;0.0
2025-01-15 11:15:00;0.0
2025-01-15 11:30:00;0.014699999999999935
2025-01-15 11:45:00;0.037800000000000056
2025-01-15 12:00:00;0.07870000000000021
2025-01-15 12:15:00;0.009599999999999831
2025-01-15 12:30:00;0.10329999999999995
2025-01-15 12:45:00;0.10660000000000003
2025-01-15 13:00:00;0.17489999999999994
2025-01-15 13:15:00;0.14300000000000002
2025-01-15 13:30:00;0.08689999999999998
2025-01-15 13:45:00;0.12309999999999999
2025-01-15 14:00:00;0.0
2025-01-15 14:15:00;0.0
2025-01-15 14:30:00;0.0
2025-01-15 14:45:00;0.0
2025-01-15 15:00:00;0.0
2025-01-15 15:15:00;0.0
2025-01-15 15:30:00;0.0
2025-01-15 15:45:00;0.0
2025-01-15 16:00:00;0.0
2025-01-15 16:15:00;0.0
2025-01-15 16:30:00;0.0
2025-01-15 16:45:00;0.0
2025-01-15 17:00:00;0.0
2025-01-15 17:15:00;0.0
2025-01-15 17:30:00;0.0
2025-01-15 17:45:00;0.0
2025-01-15 18:00:00;0.0
2025-01-15 18:15:00;0.0
2025-01-15 18:30:00;0.0
2025-01-15 18:45:00;0.0
2025-01-15 19:00:00;0.0
2025-01-15 19:15:00;0.0
2025-01-15 19:30:00;0.0
2025-01-15 19:45:00;0.0
2025-01-15 20:00:00;0.0
2025-01-15 20:15:00;0.0
2025-01-15 20:30:00;0.0
2025-01-15 20:45:00;0.0
2025-01-15 21:00:00;0.0
2025-01-15 21:15:00;0.0
2025-01-15 21:30:00;0.0
2025-01-15 21:45:00;0.0
2025-01-15 22:00:00;0.0
2025-01-15 22:15:00;0.0
2025-01-15 22:30:00;0.0
2025-01-15 22:45:00;0.0
2025-01-15 23:00:00;0.0
2025-01-15 23:15:00;0.0
2025-01-15 23:30:00;0.0
2025-01-15 23:45:00;0.0
2025-01-16 00:00:00;0.0
2025-01-16 00:15:00;0.0
2025-01-16 00:30:00;0.0
2025-01-16 00:45:00;0.0
2025-01-16 01:00:00;0.0
2025-01-16 01:15:00;0.0
2025-01-16 01:30:00;0.0
2025-01-16 01:45:00;0.0
2025-01-16 02:00:00;0.0
2025-01-16 02:15:00;0.0
2025-01-16 02:30:00;0.0
2025-01-16 02:45:00;0.0
2025-01-16 03:00:00;0.0
2025-01-16 03:15:00;0.0
2025-01-16 03:30:00;0.0
2025-01-16 03:45:00;0.0
2025-01-16 04:00:00;0.0
2025-01-16 04:15:00;0.0
2025-01-16 04:30:00;0.0
2025-01-16 04:45:00;0.0
2025-01-16 05:00:00;0.0
2025-01-16 05:15:00;0.0
2025-01-16 05:30:00;0.0
2025-01-16 05:45:00;0.0
2025-01-16 06:00:00;0.0
2025-01-16 06:15:00;0.0
2025-01-16 06:30:00;0.0
2025-01-16 06:45:00;0.0
2025-01-16 07:00:00;0.0
2025-01-16 07:15:00;0.0
2025-01-16 07:30:00;0.0
2025-01-16 07:45:00;0.0
2025-01-16 08:00:00;0.0
2025-01-16 08:15:00;0.0
2025-01-16 08:30:00;0.0
2025-01-16 08:45:00;0.0
2025-01-16 09:00:00;0.0
2025-01-16 09:15:00;0.0
2025-01-16 09:30:00;0.0
2025-01-16 09:45:00;0.0
2025-01-16 10:00:00;0.0
2025-01-16 10:15:00;0.0
2025-01-16 10:30:00;0.0
2025-01-16 10:45:00;0.0
2025-01-16 11:00:00;0.0
2025-01-16 11:15:00;0.057699999999999974
2025-01-16 11:30:00;0.0465000000000001
2025-01-16 11:45:00;0.13990000000000002
2025-01-16 12:00:00;0.0032000000000000917
2025-01-16 12:15:00;0.04820000000000002
2025-01-16 12:30:00;0.0
2025-01-16 12:45:00;0.09440000000000004
2025-01-16 13:00:00;0.1190000000000001
2025-01-16 13:15:00;0.034700000000000064
2025-01-16 13:30:00;0.027799999999999936
2025-01-16 13:45:00;0.000300000000000078
2025-01-16 14:00:00;0.26649999999999996
2025-01-16 14:15:00;0.11399999999999999
2025-01-16 14:30:00;0.10399999999999998
2025-01-16 14:45:00;0.029999999999999916
2025-01-16 15:00:00;0.0
2025-01-16 15:15:00;0.0
2025-01-16 15:30:00;0.0
2025-01-16 15:45:00;0.0
2025-01-16 16:00:00;0.0
2025-01-16 16:15:00;0.0
2025-01-16 16:30:00;0.0
2025-01-16 16:45:00;0.0
2025-01-16 17:00:00;0.0
2025-01-16 17:15:00;0.0
2025-01-16 17:30:00;0.0
2025-01-16 17:45:00;0.0
2025-01-16 18:00:00;0.0
2025-01-16 18:15:00;0.0
2025-01-16 18:30:00;0.0
2025-01-16 18:45:00;0.0
2025-01-16 19:00:00;0.0
2025-01-16 19:15:00;0.0
2025-01-16 19:30:00;0.0
2025-01-16 19:45:00;0.0
2025-01-16 20:00:00;0.0
2025-01-16 20:15:00;0.0
2025-01-16 20:30:00;0.0
2025-01-16 20:45:00;0.0
2025-01-16 21:00:00;0.0
2025-01-16 21:15:00;0.0
2025-01-16 21:30:00;0.0
2025-01-16 21:45:00;0.0
2025-01-16 22:00:00;0.0
2025-01-16 22:15:00;0.0
2025-01-16 22:30:00;0.0
2025-01-16 22:45:00;0.0
2025-01-16 23:00:00;0.0
2025-01-16 23:15:00;0.0
2025-01-16 23:30:00;0.0
2025-01-16 23:45:00;0.0
2025-01-17 00:00:00;0.0
2025-01-17 00:15:00;0.0
2025-01-17 00:30:00;0.0
2025-01-17 00:45:00;0.0
2025-01-17 01:00:00;0.0
2025-01-17 01:15:00;0.0
2025-01-17 01:30:00;0.0
2025-01-17 01:45:00;0.0
2025-01-17 02:00:00;0.0
2025-01-17 02:15:00;0.0
2025-01-17 02:30:00;0.0
2025-01-17 02:45:00;0.0
2025-01-17 03:00:00;0.0
2025-01-17 03:15:00;0.0
2025-01-17 03:30:00;0.0
2025-01-17 03:45:00;0.0
2025-01-17 04:00:00;0.0
2025-01-17 04:15:00;0.0
2025-01-17 04:30:00;0.0
2025-01-17 04:45:00;0.0
2025-01-17 05:00:00;0.0
2025-01-17 05:15:00;0.0
2025-01-17 05:30:00;0.0
2025-01-17 05:45:00;0.0
2025-01-17 06:00:00;0.0
2025-01-17 06:15:00;0.0
2025-01-17 06:30:00;0.0
2025-01-17 06:45:00;0.0
2025-01-17 07:00:00;0.0
2025-01-17 07:15:00;0.0
2025-01-17 07:30:00;0.0
2025-01-17 07:45:00;0.0
2025-01-17 08:00:00;0.0
2025-01-17 08:15:00;0.0
2025-01-17 08:30:00;0.0
2025-01-17 08:45:00;0.0
2025-01-17 09:00:00;0.0
2025-01-17 09:15:00;0.43320000000000003
2025-01-17 09:30:00;1.0151999999999999
2025-01-17 09:45:00;1.7147000000000001
2025-01-17 10:00:00;2.2921
2025-01-17 10:15:00;2.8007
2025-01-17 10:30:00;3.2104
2025-01-17 10:45:00;3.9379999999999997
2025-01-17 11:00:00;4.7747
2025-01-17 11:15:00;5.490600000000001
2025-01-17 11:30:00;5.996300000000001
2025-01-17 11:45:00;5.7156
2025-01-17 12:00:00;4.3
2025-01-17 12:15:00;4.9868999999999994
2025-01-17 12:30:00;5.0442
2025-01-17 12:45:00;4.7103
2025-01-17 13:00:00;5.5829
2025-01-17 13:15:00;5.3198
2025-01-17 13:30:00;4.9928
2025-01-17 13:45:00;5.0635
2025-01-17 14:00:00;3.4064
2025-01-17 14:15:00;3.3411
2025-01-17 14:30:00;2.8449
2025-01-17 14:45:00;2.7279999999999998
2025-01-17 15:00:00;1.1164
2025-01-17 15:15:00;1.0137999999999998
2025-01-17 15:30:00;0.6657
2025-01-17 15:45:00;0.5333000000000001
2025-01-17 16:00:00;0.8909999999999999
2025-01-17 16:15:00;0.4859000000000001
2025-01-17 16:30:00;0.0
2025-01-17 16:45:00;0.0
2025-01-17 17:00:00;0.0
2025-01-17 17:15:00;0.0
2025-01-17 17:30:00;0.0
2025-01-17 17:45:00;0.0
2025-01-17 18:00:00;0.0
2025-01-17 18:15:00;0.0
2025-01-17 18:30:00;0.0
2025-01-17 18:45:00;0.0
2025-01-17 19:00:00;0.0
2025-01-17 19:15:00;0.0
2025-01-17 19:30:00;0.0
2025-01-17 19:45:00;0.0
2025-01-17 20:00:00;0.0
2025-01-17 20:15:00;0.0
2025-01-17 20:30:00;0.0
2025-01-17 20:45:00;0.0
2025-01-17 21:00:00;0.0
2025-01-17 21:15:00;0.0
2025-01-17 21:30:00;0.0
2025-01-17 21:45:00;0.0
2025-01-17 22:00:00;0.0
2025-01-17 22:15:00;0.0
2025-01-17 22:30:00;0.0
2025-01-17 22:45:00;0.0
2025-01-17 23:00:00;0.0
2025-01-17 23:15:00;0.0
2025-01-17 23:30:00;0.0
2025-01-17 23:45:00;0.0
2025-01-18 00:00:00;0.0
2025-01-18 00:15:00;0.0
2025-01-18 00:30:00;0.0
2025-01-18 00:45:00;0.0
2025-01-18 01:00:00;0.0
2025-01-18 01:15:00;0.0
2025-01-18 01:30:00;0.0
2025-01-18 01:45:00;0.0
2025-01-18 02:00:00;0.0
2025-01-18 02:15:00;0.0
2025-01-18 02:30:00;0.0
2025-01-18 02:45:00;0.0
2025-01-18 03:00:00;0.0
2025-01-18 03:15:00;0.0
2025-01-18 03:30:00;0.0
2025-01-18 03:45:00;0.0
2025-01-18 04:00:00;0.0
2025-01-18 04:15:00;0.0
2025-01-18 04:30:00;0.0
2025-01-18 04:45:00;0.0
2025-01-18 05:00:00;0.0
2025-01-18 05:15:00;0.0
2025-01-18 05:30:00;0.0
2025-01-18 05:45:00;0.0
2025-01-18 06:00:00;0.0
2025-01-18 06:15:00;0.0
2025-01-18 06:30:00;0.0
2025-01-18 06:45:00;0.0
2025-01-18 07:00:00;0.0
2025-01-18 07:15:00;0.0
2025-01-18 07:30:00;0.0
2025-01-18 07:45:00;0.0
2025-01-18 08:00:00;0.0
2025-01-18 08:15:00;0.0
2025-01-18 08:30:00;0.0
2025-01-18 08:45:00;0.0
2025-01-18 09:00:00;0.0
2025-01-18 09:15:00;0.0
2025-01-18 09:30:00;0.0
2025-01-18 09:45:00;0.0
2025-01-18 10:00:00;0.0
2025-01-18 10:15:00;0.0
2025-01-18 10:30:00;0.0
2025-01-18 10:45:00;0.0
2025-01-18 11:00:00;0.0
2025-01-18 11:15:00;0.0
2025-01-18 11:30:00;0.0
2025-01-18 11:45:00;0.015700000000000047
2025-01-18 12:00:00;0.09229999999999994
2025-01-18 12:15:00;0.0
2025-01-18 12:30:00;0.09589999999999999
2025-01-18 12:45:00;0.05579999999999996
2025-01-18 13:00:00;0.032200000000000006
2025-01-18 13:15:00;0.12929999999999997
2025-01-18 13:30:00;0.023799999999999932
2025-01-18 13:45:00;0.0
2025-01-18 14:00:00;0.10370000000000001
2025-01-18 14:15:00;0.04169999999999996
2025-01-18 14:30:00;0.0
2025-01-18 14:45:00;0.0
2025-01-18 15:00:00;0.0
2025-01-18 15:15:00;0.0
2025-01-18 15:30:00;0.0
2025-01-18 15:45:00;0.0
2025-01-18 16:00:00;0.0
2025-01-18 16:15:00;0.0
2025-01-18 16:30:00;0.0
2025-01-18 16:45:00;0.0
2025-01-18 17:00:00;0.0
2025-01-18 17:15:00;0.0
2025-01-18 17:30:00;0.0
2025-01-18 17:45:00;0.0
2025-01-18 18:00:00;0.0
2025-01-18 18:15:00;0.0
2025-01-18 18:30:00;0.0
2025-01-18 18:45:00;0.0
2025-01-18 19:00:00;0.0
2025-01-18 19:15:00;0.0
2025-01-18 19:30:00;0.0
2025-01-18 19:45:00;0.0
2025-01-18 20:00:00;0.0
2025-01-18 20:15:00;0.0
2025-01-18 20:30:00;0.0
2025-01-18 20:45:00;0.0
2025-01-18 21:00:00;0.0
2025-01-18 21:15:00;0.0
2025-01-18 21:30:00;0.0
2025-01-18 21:45:00;0.0
2025-01-18 22:00:00;0.0
2025-01-18 22:15:00;0.0
2025-01-18 22:30:00;0.0
2025-01-18 22:45:00;0.0
2025-01-18 23:00:00;0.0
2025-01-18 23:15:00;0.0
2025-01-18 23:30:00;0.0
2025-01-18 23:45:00;0.0
2025-01-19 00:00:00;0.0
2025-01-19 00:15:00;0.0
2025-01-19 00:30:00;0.0
2025-01-19 00:45:00;0.0
2025-01-19 01:00:00;0.0
2025-01-19 01:15:00;0.0
2025-01-19 01:30:00;0.0
2025-01-19 01:45:00;0.0
2025-01-19 02:00:00;0.0
2025-01-19 02:15:00;0.0
2025-01-19 02:30:00;0.0
2025-01-19 02:45:00;0.0
2025-01-19 03:00:00;0.0
2025-01-19 03:15:00;0.0
2025-01-19 03:30:00;0.0
2025-01-19 03:45:00;0.0
2025-01-19 04:00:00;0.0
2025-01-19 04:15:00;0.0
2025-01-19 04:30:00;0.0
2025-01-19 04:45:00;0.0
2025-01-19 05:00:00;0.0
2025-01-19 05:15:00;0.0
2025-01-19 05:30:00;0.0
2025-01-19 05:45:00;0.0
2025-01-19 06:00:00;0.0
2025-01-19 06:15:00;0.0
2025-01-19 06:30:00;0.0
2025-01-19 06:45:00;0.0
2025-01-19 07:00:00;0.0
2025-01-19 07:15:00;0.0
2025-01-19 07:30:00;0.0
2025-01-19 07:45:00;0.0
2025-01-19 08:00:00;0.0
2025-01-19 08:15:00;0.0
2025-01-19 08:30:00;0.0
2025-01-19 08:45:00;0.0
2025-01-19 09:00:00;0.0
2025-01-19 09:15:00;0.18910000000000005
2025-01-19 09:30:00;0.6588999999999999
2025-01-19 09:45:00;1.2265000000000001
2025-01-19 10:00:00;1.8622
2025-01-19 10:15:00;2.1936999999999998
2025-01-19 10:30:00;2.89
2025-01-19 10:45:00;2.9286
2025-01-19 11:00:00;3.5062999999999995
2025-01-19 11:15:00;3.9215
2025-01-19 11:30:00;4.5006
2025-01-19 11:45:00;4.6423000000000005
2025-01-19 12:00:00;6.4545
2025-01-19 12:15:00;6.7888
2025-01-19 12:30:00;6.586600000000001
2025-01-19 12:45:00;6.7023
2025-01-19 13:00:00;4.128
2025-01-19 13:15:00;4.4099
2025-01-19 13:30:00;4.36
2025-01-19 13:45:00;3.8497
2025-01-19 14:00:00;5.4066
2025-01-19 14:15:00;4.9903
2025-01-19 14:30:00;4.8977
2025-01-19 14:45:00;4.3091
2025-01-19 15:00:00;4.2052000000000005
2025-01-19 15:15:00;3.9145
2025-01-19 15:30:00;3.1641
2025-01-19 15:45:00;2.4362000000000004
2025-01-19 16:00:00;1.5818
2025-01-19 16:15:00;0.8555999999999999
2025-01-19 16:30:00;0.3636999999999999
2025-01-19 16:45:00;0.0
2025-01-19 17:00:00;0.0
2025-01-19 17:15:00;0.0
2025-01-19 17:30:00;0.0
2025-01-19 17:45:00;0.0
2025-01-19 18:00:00;0.0
2025-01-19 18:15:00;0.0
2025-01-19 18:30:00;0.0
2025-01-19 18:45:00;0.0
2025-01-19 19:00:00;0.0
2025-01-19 19:15:00;0.0
2025-01-19 19:30:00;0.0
2025-01-19 19:45:00;0.0
2025-01-19 20:00:00;0.0
2025-01-19 20:15:00;0.0
2025-01-19 20:30:00;0.0
2025-01-19 20:45:00;0.0
2025-01-19 21:00:00;0.0
2025-01-19 21:15:00;0.0
2025-01-19 21:30:00;0.0
2025-01-19 21:45:00;0.0
2025-01-19 22:00:00;0.0
2025-01-19 22:15:00;0.0
2025-01-19 22:30:00;0.0
2025-01-19 22:45:00;0.0
2025-01-19 23:00:00;0.0
2025-01-19 23:15:00;0.0
2025-01-19 23:30:00;0.0
2025-01-19 23:45:00;0.0
2025-01-20 00:00:00;0.0
2025-01-20 00:15:00;0.0
2025-01-20 00:30:00;0.0
2025-01-20 00:45:00;0.0
2025-01-20 01:00:00;0.0
2025-01-20 01:15:00;0.0
2025-01-20 01:30:00;0.0
2025-01-20 01:45:00;0.0
2025-01-20 02:00:00;0.0
2025-01-20 02:15:00;0.0
2025-01-20 02:30:00;0.0
2025-01-20 02:45:00;0.0
2025-01-20 03:00:00;0.0
2025-01-20 03:15:00;0.0
2025-01-20 03:30:00;0.0
2025-01-20 03:45:00;0.0
2025-01-20 04:00:00;0.0
2025-01-20 04:15:00;0.0
2025-01-20 04:30:00;0.0
2025-01-20 04:45:00;0.0
2025-01-20 05:00:00;0.0
2025-01-20 05:15:00;0.0
2025-01-20 05:30:00;0.0
2025-01-20 05:45:00;0.0
2025-01-20 06:00:00;0.0
2025-01-20 06:15:00;0.0
2025-01-20 06:30:00;0.0
2025-01-20 06:45:00;0.0
2025-01-20 07:00:00;0.0
2025-01-20 07:15:00;0.0
2025-01-20 07:30:00;0.0
2025-01-20 07:45:00;0.0
2025-01-20 08:00:00;0.0
2025-01-20 08:15:00;0.0
2025-01-20 08:30:00;0.0
2025-01-20 08:45:00;0.0
2025-01-20 09:00:00;0.0
2025-01-20 09:15:00;0.4475
2025-01-20 09:30:00;1.1654
2025-01-20 09:45:00;2.0461
2025-01-20 10:00:00;3.0090999999999997
2025-01-20 10:15:00;3.5092999999999996
2025-01-20 10:30:00;4.7090000000000005
2025-01-20 10:45:00;4.9085
2025-01-20 11:00:00;4.4054
2025-01-20 11:15:00;4.9582
2025-01-20 11:30:00;5.2918
2025-01-20 11:45:00;6.0806000000000004
2025-01-20 12:00:00;4.8223
2025-01-20 12:15:00;4.795999999999999
2025-01-20 12:30:00;5.4468000000000005
2025-01-20 12:45:00;5.308199999999999
2025-01-20 13:00:00;5.7576
2025-01-20 13:15:00;5.5152
2025-01-20 13:30:00;5.3733
2025-01-20 13:45:00;5.801
2025-01-20 14:00:00;2.9172000000000002
2025-01-20 14:15:00;3.0591999999999997
2025-01-20 14:30:00;2.6987
2025-01-20 14:45:00;2.5646
2025-01-20 15:00:00;3.4045000000000005
2025-01-20 15:15:00;2.9309
2025-01-20 15:30:00;2.3692
2025-01-20 15:45:00;1.8958000000000002
2025-01-20 16:00:00;1.3424
2025-01-20 16:15:00;0.7971999999999999
2025-01-20 16:30:00;0.14670000000000005
2025-01-20 16:45:00;0.0
2025-01-20 17:00:00;0.0
2025-01-20 17:15:00;0.0
2025-01-20 17:30:00;0.0
2025-01-20 17:45:00;0.0
2025-01-20 18:00:00;0.0
2025-01-20 18:15:00;0.0
2025-01-20 18:30:00;0.0
2025-01-20 18:45:00;0.0
2025-01-20 19:00:00;0.0
2025-01-20 19:15:00;0.0
2025-01-20 19:30:00;0.0
2025-01-20 19:45:00;0.0
2025-01-20 20:00:00;0.0
2025-01-20 20:15:00;0.0
2025-01-20 20:30:00;0.0
2025-01-20 20:45:00;0.0
2025-01-20 21:00:00;0.0
2025-01-20 21:15:00;0.0
2025-01-20 21:30:00;0.0
2025-01-20 21:45:00;0.0
2025-01-20 22:00:00;0.0
2025-01-20 22:15:00;0.0
2025-01-20 22:30:00;0.0
2025-01-20 22:45:00;0.0
2025-01-20 23:00:00;0.0
2025-01-20 23:15:00;0.0
2025-01-20 23:30:00;0.0
2025-01-20 23:45:00;0.0
2025-01-21 00:00:00;0.0
2025-01-21 00:15:00;0.0
2025-01-21 00:30:00;0.0
2025-01-21 00:45:00;0.0
2025-01-21 01:00:00;0.0
2025-01-21 01:15:00;0.0
2025-01-21 01:30:00;0.0
2025-01-21 01:45:00;0.0
2025-01-21 02:00:00;0.0
2025-01-21 02:15:00;0.0
2025-01-21 02:30:00;0.0
2025-01-21 02:45:00;0.0
2025-01-21 03:00:00;0.0
2025-01-21 03:15:00;0.0
2025-01-21 03:30:00;0.0
2025-01-21 03:45:00;0.0
2025-01-21 04:00:00;0.0
2025-01-21 04:15:00;0.0
2025-01-21 04:30:00;0.0
2025-01-21 04:45:00;0.0
2025-01-21 05:00:00;0.0
2025-01-21 05:15:00;0.0
2025-01-21 05:30:00;0.0
2025-01-21 05:45:00;0.0
2025-01-21 06:00:00;0.0
2025-01-21 06:15:00;0.0
2025-01-21 06:30:00;0.0
2025-01-21 06:45:00;0.0
2025-01-21 07:00:00;0.0
2025-01-21 07:15:00;0.0
2025-01-21 07:30:00;0.0
2025-01-21 07:45:00;0.0
2025-01-21 08:00:00;0.0
2025-01-21 08:15:00;0.0
2025-01-21 08:30:00;0.0
2025-01-21 08:45:00;0.0
2025-01-21 09:00:00;0.0
2025-01-21 09:15:00;0.10799999999999987
2025-01-21 09:30:00;0.9020000000000001
2025-01-21 09:45:00;1.4112
2025-01-21 10:00:00;1.9539
2025-01-21 10:15:00;2.6071999999999997
2025-01-21 10:30:00;2.877
2025-01-21 10:45:00;3.6258
2025-01-21 11:00:00;3.5271
2025-01-21 11:15:00;4.2356
2025-01-21 11:30:00;4.4421
2025-01-21 11:45:00;4.4656
2025-01-21 12:00:00;3.7491999999999996
2025-01-21 12:15:00;3.7316000000000003
2025-01-21 12:30:00;3.7803999999999998
2025-01-21 12:45:00;3.7764999999999995
2025-01-21 13:00:00;5.9398
2025-01-21 13:15:00;5.742100000000001
2025-01-21 13:30:00;5.8858
2025-01-21 13:45:00;5.6868
2025-01-21 14:00:00;1.8605
2025-01-21 14:15:00;1.8641
2025-01-21 14:30:00;1.5525000000000002
2025-01-21 14:45:00;1.404
2025-01-21 15:00:00;3.3091
2025-01-21 15:15:00;2.6673999999999998
2025-01-21 15:30:00;2.1695
2025-01-21 15:45:00;1.7988000000000002
2025-01-21 16:00:00;1.3544
2025-01-21 16:15:00;0.766
2025-01-21 16:30:00;0.09299999999999997
2025-01-21 16:45:00;0.0
2025-01-21 17:00:00;0.0
2025-01-21 17:15:00;0.0
2025-01-21 17:30:00;0.0
2025-01-21 17:45:00;0.0
2025-01-21 18:00:00;0.0
2025-01-21 18:15:00;0.0
2025-01-21 18:30:00;0.0
2025-01-21 18:45:00;0.0
2025-01-21 19:00:00;0.0
2025-01-21 19:15:00;0.0
2025-01-21 19:30:00;0.0
2025-01-21 19:45:00;0.0
2025-01-21 20:00:00;0.0
2025-01-21 20:15:00;0.0
2025-01-21 20:30:00;0.0
2025-01-21 20:45:00;0.0
2025-01-21 21:00:00;0.0
2025-01-21 21:15:00;0.0
2025-01-21 21:30:00;0.0
2025-01-21 21:45:00;0.0
2025-01-21 22:00:00;0.0
2025-01-21 22:15:00;0.0
2025-01-21 22:30:00;0.0
2025-01-21 22:45:00;0.0
2025-01-21 23:00:00;0.0
2025-01-21 23:15:00;0.0
2025-01-21 23:30:00;0.0
2025-01-21 23:45:00;0.0
2025-01-22 00:00:00;0.0
2025-01-22 00:15:00;0.0
2025-01-22 00:30:00;0.0
2025-01-22 00:45:00;0.0
2025-01-22 01:00:00;0.0
2025-01-22 01:15:00;0.0
2025-01-22 01:30:00;0.0
2025-01-22 01:45:00;0.0
2025-01-22 02:00:00;0.0
2025-01-22 02:15:00;0.0
2025-01-22 02:30:00;0.0
2025-01-22 02:45:00;0.0
2025-01-22 03:00:00;0.0
2025-01-22 03:15:00;0.0
2025-01-22 03:30:00;0.0
2025-01-22 03:45:00;0.0
2025-01-22 04:00:00;0.0
2025-01-22 04:15:00;0.0
2025-01-22 04:30:00;0.0
2025-01-22 04:45:00;0.0
2025-01-22 05:00:00;0.0
2025-01-22 05:15:00;0.0
2025-01-22 05:30:00;0.0
2025-01-22 05:45:00;0.0
2025-01-22 06:00:00;0.0
2025-01-22 06:15:00;0.0
2025-01-22 06:30:00;0.0
2025-01-22 06:45:00;0.0
2025-01-22 07:00:00;0.0
2025-01-22 07:15:00;0.0
2025-01-22 07:30:00;0.0
2025-01-22 07:45:00;0.0
2025-01-22 08:00:00;0.0
2025-01-22 08:15:00;0.0
2025-01-22 08:30:00;0.0
2025-01-22 08:45:00;0.0
2025-01-22 09:00:00;0.0
2025-01-22 09:15:00;0.0
2025-01-22 09:30:00;0.0
2025-01-22 09:45:00;0.0
2025-01-22 10:00:00;0.0
2025-01-22 10:15:00;0.0
2025-01-22 10:30:00;0.0
2025-01-22 10:45:00;0.0
2025-01-22 11:00:00;0.0011999999999999789
2025-01-22 11:15:00;0.03370000000000006
2025-01-22 11:30:00;0.07009999999999994
2025-01-22 11:45:00;0.06819999999999993
2025-01-22 12:00:00;0.06669999999999998
2025-01-22 12:15:00;0.08440000000000003
2025-01-22 12:30:00;0.0
2025-01-22 12:45:00;0.04200000000000004
2025-01-22 13:00:00;0.04189999999999994
2025-01-22 13:15:00;0.04530000000000001
2025-01-22 13:30:00;0.0
2025-01-22 13:45:00;0.005900000000000016
2025-01-22 14:00:00;0.0
2025-01-22 14:15:00;0.0
2025-01-22 14:30:00;0.0
2025-01-22 14:45:00;0.0
2025-01-22 15:00:00;0.0
2025-01-22 15:15:00;0.0
2025-01-22 15:30:00;0.0
2025-01-22 15:45:00;0.0
2025-01-22 16:00:00;0.0
2025-01-22 16:15:00;0.0
2025-01-22 16:30:00;0.0
2025-01-22 16:45:00;0.0
2025-01-22 17:00:00;0.0
2025-01-22 17:15:00;0.0
2025-01-22 17:30:00;0.0
2025-01-22 17:45:00;0.0
2025-01-22 18:00:00;0.0
2025-01-22 18:15:00;0.0
2025-01-22 18:30:00;0.0
2025-01-22 18:45:00;0.0
2025-01-22 19:00:00;0.0
2025-01-22 19:15:00;0.0
2025-01-22 19:30:00;0.0
2025-01-22 19:45:00;0.0
2025-01-22 20:00:00;0.0
2025-01-22 20:15:00;0.0
2025-01-22 20:30:00;0.0
2025-01-22 20:45:00;0.0
2025-01-22 21:00:00;0.0
2025-01-22 21:15:00;0.0
2025-01-22 21:30:00;0.0
2025-01-22 21:45:00;0.0
2025-01-22 22:00:00;0.0
2025-01-22 22:15:00;0.0
2025-01-22 22:30:00;0.0
2025-01-22 22:45:00;0.0
2025-01-22 23:00:00;0.0
2025-01-22 23:15:00;0.0
2025-01-22 23:30:00;0.0
2025-01-22 23:45:00;0.0
2025-01-23 00:00:00;0.0
2025-01-23 00:15:00;0.0
2025-01-23 00:30:00;0.0
2025-01-23 00:45:00;0.0
2025-01-23 01:00:00;0.0
2025-01-23 01:15:00;0.0
2025-01-23 01:30:00;0.0
2025-01-23 01:45:00;0.0
2025-01-23 02:00:00;0.0
2025-01-23 02:15:00;0.0
2025-01-23 02:30:00;0.0
2025-01-23 02:45:00;0.0
2025-01-23 03:00:00;0.0
2025-01-23 03:15:00;0.0
2025-01-23 03:30:00;0.0
2025-01-23 03:45:00;0.0
2025-01-23 04:00:00;0.0
2025-01-23 04:15:00;0.0
2025-01-23 04:30:00;0.0
2025-01-23 04:45:00;0.0
2025-01-23 05:00:00;0.0
2025-01-23 05:15:00;0.0
2025-01-23 05:30:00;0.0
2025-01-23 05:45:00;0.0
2025-01-23 06:00:00;0.0
2025-01-23 06:15:00;0.0
2025-01-23 06:30:00;0.0
2025-01-23 06:45:00;0.0
2025-01-23 07:00:00;0.0
2025-01-23 07:15:00;0.0
2025-01-23 07:30:00;0.0
2025-01-23 07:45:00;0.0
2025-01-23 08:00:00;0.0
2025-01-23 08:15:00;0.0
2025-01-23 08:30:00;0.0
2025-01-23 08:45:00;0.0
2025-01-23 09:00:00;0.02520000000000011
2025-01-23 09:15:00;0.9659
2025-01-23 09:30:00;2.0514
2025-01-23 09:45:00;3.1515999999999993
2025-01-23 10:00:00;3.2131
2025-01-23 10:15:00;4.2288
2025-01-23 10:30:00;4.3904
2025-01-23 10:45:00;5.381
2025-01-23 11:00:00;7.525499999999999
2025-01-23 11:15:00;8.7694
2025-01-23 11:30:00;9.4103
2025-01-23 11:45:00;9.5446
2025-01-23 12:00:00;8.9606
2025-01-23 12:15:00;9.8085
2025-01-23 12:30:00;9.658900000000001
2025-01-23 12:45:00;9.5228
2025-01-23 13:00:00;10.9512
2025-01-23 13:15:00;10.8963
2025-01-23 13:30:00;9.8993
2025-01-23 13:45:00;9.582199999999998
2025-01-23 14:00:00;8.7033
2025-01-23 14:15:00;8.162700000000001
2025-01-23 14:30:00;7.4742999999999995
2025-01-23 14:45:00;7.236
2025-01-23 15:00:00;6.8879
2025-01-23 15:15:00;6.2259
2025-01-23 15:30:00;5.5325999999999995
2025-01-23 15:45:00;4.3583
2025-01-23 16:00:00;2.6544
2025-01-23 16:15:00;1.7082000000000002
2025-01-23 16:30:00;0.9069
2025-01-23 16:45:00;0.0
2025-01-23 17:00:00;0.0
2025-01-23 17:15:00;0.0
2025-01-23 17:30:00;0.0
2025-01-23 17:45:00;0.0
2025-01-23 18:00:00;0.0
2025-01-23 18:15:00;0.0
2025-01-23 18:30:00;0.0
2025-01-23 18:45:00;0.0
2025-01-23 19:00:00;0.0
2025-01-23 19:15:00;0.0
2025-01-23 19:30:00;0.0
2025-01-23 19:45:00;0.0
2025-01-23 20:00:00;0.0
2025-01-23 20:15:00;0.0
2025-01-23 20:30:00;0.0
2025-01-23 20:45:00;0.0
2025-01-23 21:00:00;0.0
2025-01-23 21:15:00;0.0
2025-01-23 21:30:00;0.0
2025-01-23 21:45:00;0.0
2025-01-23 22:00:00;0.0
2025-01-23 22:15:00;0.0
2025-01-23 22:30:00;0.0
2025-01-23 22:45:00;0.0
2025-01-23 23:00:00;0.0
2025-01-23 23:15:00;0.0
2025-01-23 23:30:00;0.0
2025-01-23 23:45:00;0.0
2025-01-24 00:00:00;0.0
2025-01-24 00:15:00;0.0
2025-01-24 00:30:00;0.0
2025-01-24 00:45:00;0.0
2025-01-24 01:00:00;0.0
2025-01-24 01:15:00;0.0
2025-01-24 01:30:00;0.0
2025-01-24 01:45:00;0.0
2025-01-24 02:00:00;0.0
2025-01-24 02:15:00;0.0
2025-01-24 02:30:00;0.0
2025-01-24 02:45:00;0.0
2025-01-24 03:00:00;0.0
2025-01-24 03:15:00;0.0
2025-01-24 03:30:00;0.0
2025-01-24 03:45:00;0.0
2025-01-24 04:00:00;0.0
2025-01-24 04:15:00;0.0
2025-01-24 04:30:00;0.0
2025-01-24 04:45:00;0.0
2025-01-24 05:00:00;0.0
2025-01-24 05:15:00;0.0
2025-01-24 05:30:00;0.0
2025-01-24 05:45:00;0.0
2025-01-24 06:00:00;0.0
2025-01-24 06:15:00;0.0
2025-01-24 06:30:00;0.0
2025-01-24 06:45:00;0.0
2025-01-24 07:00:00;0.0
2025-01-24 07:15:00;0.0
2025-01-24 07:30:00;0.0
2025-01-24 07:45:00;0.0
2025-01-24 08:00:00;0.0
2025-01-24 08:15:00;0.0
2025-01-24 08:30:00;0.0
2025-01-24 08:45:00;0.0
2025-01-24 09:00:00;0.0
2025-01-24 09:15:00;0.0
2025-01-24 09:30:00;0.0
2025-01-24 09:45:00;0.0
2025-01-24 10:00:00;0.0
2025-01-24 10:15:00;0.0
2025-01-24 10:30:00;0.0
2025-01-24 10:45:00;0.0
2025-01-24 11:00:00;0.0
2025-01-24 11:15:00;0.0
2025-01-24 11:30:00;0.0
2025-01-24 11:45:00;0.04139999999999999
2025-01-24 12:00:00;0.0
2025-01-24 12:15:00;0.09840000000000004
2025-01-24 12:30:00;0.10929999999999995
2025-01-24 12:45:00;0.08839999999999992
2025-01-24 13:00:00;0.01969999999999994
2025-01-24 13:15:00;0.133
2025-01-24 13:30:00;0.056700000000000084
2025-01-24 13:45:00;0.05259999999999998
2025-01-24 14:00:00;0.016000000000000014
2025-01-24 14:15:00;0.0049000000000000155
2025-01-24 14:30:00;0.014700000000000046
2025-01-24 14:45:00;0.0
2025-01-24 15:00:00;0.0
2025-01-24 15:15:00;0.0
2025-01-24 15:30:00;0.0
2025-01-24 15:45:00;0.0
2025-01-24 16:00:00;0.0
2025-01-24 16:15:00;0.0
2025-01-24 16:30:00;0.0
2025-01-24 16:45:00;0.0
2025-01-24 17:00:00;0.0
2025-01-24 17:15:00;0.0
2025-01-24 17:30:00;0.0
2025-01-24 17:45:00;0.0
2025-01-24 18:00:00;0.0
2025-01-24 18:15:00;0.0
2025-01-24 18:30:00;0.0
2025-01-24 18:45:00;0.0
2025-01-24 19:00:00;0.0
2025-01-24 19:15:00;0.0
2025-01-24 19:30:00;0.0
2025-01-24 19:45:00;0.0
2025-01-24 20:00:00;0.0
2025-01-24 20:15:00;0.0
2025-01-24 20:30:00;0.0
2025-01-24 20:45:00;0.0
2025-01-24 21:00:00;0.0
2025-01-24 21:15:00;0.0
2025-01-24 21:30:00;0.0
2025-01-24 21:45:00;0.0
2025-01-24 22:00:00;0.0
2025-01-24 22:15:00;0.0
2025-01-24 22:30:00;0.0
2025-01-24 22:45:00;0.0
2025-01-24 23:00:00;0.0
2025-01-24 23:15:00;0.0
2025-01-24 23:30:00;0.0
2025-01-24 23:45:00;0.0
2025-01-25 00:00:00;0.0
2025-01-25 00:15:00;0.0
2025-01-25 00:30:00;0.0
2025-01-25 00:45:00;0.0
2025-01-25 01:00:00;0.0
2025-01-25 01:15:00;0.0
2025-01-25 01:30:00;0.0
2025-01-25 01:45:00;0.0
2025-01-25 02:00:00;0.0
2025-01-25 02:15:00;0.0
2025-01-25 02:30:00;0.0
2025-01-25 02:45:00;0.0
2025-01-25 03:00:00;0.0
2025-01-25 03:15:00;0.0
2025-01-25 03:30:00;0.0
2025-01-25 03:45:00;0.0
2025-01-25 04:00:00;0.0
2025-01-25 04:15:00;0.0
2025-01-25 04:30:00;0.0
2025-01-25 04:45:00;0.0
2025-01-25 05:00:00;0.0
2025-01-25 05:15:00;0.0
2025-01-25 05:30:00;0.0
2025-01-25 05:45:00;0.0
2025-01-25 06:00:00;0.0
2025-01-25 06:15:00;0.0
2025-01-25 06:30:00;0.0
2025-01-25 06:45:00;0.0
2025-01-25 07:00:00;0.0
2025-01-25 07:15:00;0.0
2025-01-25 07:30:00;0.0
2025-01-25 07:45:00;0.0
2025-01-25 08:00:00;0.0
2025-01-25 08:15:00;0.0
2025-01-25 08:30:00;0.0
2025-01-25 08:45:00;0.0
2025-01-25 09:00:00;0.0
2025-01-25 09:15:00;0.0
2025-01-25 09:30:00;0.07099999999999995
2025-01-25 09:45:00;0.4729000000000001
2025-01-25 10:00:00;2.4166
2025-01-25 10:15:00;2.9465
2025-01-25 10:30:00;3.2838999999999996
2025-01-25 10:45:00;3.9779
2025-01-25 11:00:00;4.1207
2025-01-25 11:15:00;4.4361999999999995
2025-01-25 11:30:00;5.13
2025-01-25 11:45:00;4.9245
2025-01-25 12:00:00;4.3481000000000005
2025-01-25 12:15:00;4.5894
2025-01-25 12:30:00;4.853300000000001
2025-01-25 12:45:00;4.5866
2025-01-25 13:00:00;3.0873
2025-01-25 13:15:00;3.0349000000000004
2025-01-25 13:30:00;2.9272
2025-01-25 13:45:00;2.7230999999999996
2025-01-25 14:00:00;6.3151
2025-01-25 14:15:00;5.7874
2025-01-25 14:30:00;5.6411
2025-01-25 14:45:00;4.8639
2025-01-25 15:00:00;3.8484
2025-01-25 15:15:00;3.1266000000000003
2025-01-25 15:30:00;2.7415000000000003
2025-01-25 15:45:00;2.3067
2025-01-25 16:00:00;1.5440999999999998
2025-01-25 16:15:00;0.8607
2025-01-25 16:30:00;0.2530999999999999
2025-01-25 16:45:00;0.0
2025-01-25 17:00:00;0.0
2025-01-25 17:15:00;0.0
2025-01-25 17:30:00;0.0
2025-01-25 17:45:00;0.0
2025-01-25 18:00:00;0.0
2025-01-25 18:15:00;0.0
2025-01-25 18:30:00;0.0
2025-01-25 18:45:00;0.0
2025-01-25 19:00:00;0.0
2025-01-25 19:15:00;0.0
2025-01-25 19:30:00;0.0
2025-01-25 19:45:00;0.0
2025-01-25 20:00:00;0.0
2025-01-25 20:15:00;0.0
2025-01-25 20:30:00;0.0
2025-01-25 20:45:00;0.0
2025-01-25 21:00:00;0.0
2025-01-25 21:15:00;0.0
2025-01-25 21:30:00;0.0
2025-01-25 21:45:00;0.0
2025-01-25 22:00:00;0.0
2025-01-25 22:15:00;0.0
2025-01-25 22:30:00;0.0
2025-01-25 22:45:00;0.0
2025-01-25 23:00:00;0.0
2025-01-25 23:15:00;0.0
2025-01-25 23:30:00;0.0
2025-01-25 23:45:00;0.0
2025-01-26 00:00:00;0.0
2025-01-26 00:15:00;0.0
2025-01-26 00:30:00;0.0
2025-01-26 00:45:00;0.0
2025-01-26 01:00:00;0.0
2025-01-26 01:15:00;0.0
2025-01-26 01:30:00;0.0
2025-01-26 01:45:00;0.0
2025-01-26 02:00:00;0.0
2025-01-26 02:15:00;0.0
2025-01-26 02:30:00;0.0
2025-01-26 02:45:00;0.0
2025-01-26 03:00:00;0.0
2025-01-26 03:15:00;0.0
2025-01-26 03:30:00;0.0
2025-01-26 03:45:00;0.0
2025-01-26 04:00:00;0.0
2025-01-26 04:15:00;0.0
2025-01-26 04:30:00;0.0
2025-01-26 04:45:00;0.0
2025-01-26 05:00:00;0.0
2025-01-26 05:15:00;0.0
2025-01-26 05:30:00;0.0
2025-01-26 05:45:00;0.0
2025-01-26 06:00:00;0.0
2025-01-26 06:15:00;0.0
2025-01-26 06:30:00;0.0
2025-01-26 06:45:00;0.0
2025-01-26 07:00:00;0.0
2025-01-26 07:15:00;0.0
2025-01-26 07:30:00;0.0
2025-01-26 07:45:00;0.0
2025-01-26 08:00:00;0.0
2025-01-26 08:15:00;0.0
2025-01-26 08:30:00;0.0
2025-01-26 08:45:00;0.0
2025-01-26 09:00:00;0.0
2025-01-26 09:15:00;0.0
2025-01-26 09:30:00;0.0
2025-01-26 09:45:00;0.2532
2025-01-26 10:00:00;0.3494999999999999
2025-01-26 10:15:00;0.40690000000000004
2025-01-26 10:30:00;0.8821
2025-01-26 10:45:00;0.9758
2025-01-26 11:00:00;1.0734
2025-01-26 11:15:00;1.115
2025-01-26 11:30:00;1.3767
2025-01-26 11:45:00;1.599
2025-01-26 12:00:00;1.3256000000000001
2025-01-26 12:15:00;1.3821999999999997
2025-01-26 12:30:00;1.4878000000000002
2025-01-26 12:45:00;1.4274000000000002
2025-01-26 13:00:00;1.9792999999999998
2025-01-26 13:15:00;1.9021
2025-01-26 13:30:00;1.6857
2025-01-26 13:45:00;1.6912
2025-01-26 14:00:00;1.5596
2025-01-26 14:15:00;1.4965
2025-01-26 14:30:00;1.2683000000000002
2025-01-26 14:45:00;1.1621000000000001
2025-01-26 15:00:00;1.2257000000000002
2025-01-26 15:15:00;0.966
2025-01-26 15:30:00;0.7459000000000001
2025-01-26 15:45:00;0.40380000000000005
2025-01-26 16:00:00;0.0
2025-01-26 16:15:00;0.0
2025-01-26 16:30:00;0.0
2025-01-26 16:45:00;0.0
2025-01-26 17:00:00;0.0
2025-01-26 17:15:00;0.0
2025-01-26 17:30:00;0.0
2025-01-26 17:45:00;0.0
2025-01-26 18:00:00;0.0
2025-01-26 18:15:00;0.0
2025-01-26 18:30:00;0.0
2025-01-26 18:45:00;0.0
2025-01-26 19:00:00;0.0
2025-01-26 19:15:00;0.0
2025-01-26 19:30:00;0.0
2025-01-26 19:45:00;0.0
2025-01-26 20:00:00;0.0
2025-01-26 20:15:00;0.0
2025-01-26 20:30:00;0.0
2025-01-26 20:45:00;0.0
2025-01-26 21:00:00;0.0
2025-01-26 21:15:00;0.0
2025-01-26 21:30:00;0.0
2025-01-26 21:45:00;0.0
2025-01-26 22:00:00;0.0
2025-01-26 22:15:00;0.0
2025-01-26 22:30:00;0.0
2025-01-26 22:45:00;0.0
2025-01-26 23:00:00;0.0
2025-01-26 23:15:00;0.0
2025-01-26 23:30:00;0.0
2025-01-26 23:45:00;0.0
2025-01-27 00:00:00;0.0
2025-01-27 00:15:00;0.0
2025-01-27 00:30:00;0.0
2025-01-27 00:45:00;0.0
2025-01-27 01:00:00;0.0
2025-01-27 01:15:00;0.0
2025-01-27 01:30:00;0.0
2025-01-27 01:45:00;0.0
2025-01-27 02:00:00;0.0
2025-01-27 02:15:00;0.0
2025-01-27 02:30:00;0.0
2025-01-27 02:45:00;0.0
2025-01-27 03:00:00;0.0
2025-01-27 03:15:00;0.0
2025-01-27 03:30:00;0.0
2025-01-27 03:45:00;0.0
2025-01-27 04:00:00;0.0
2025-01-27 04:15:00;0.0
2025-01-27 04:30:00;0.0
2025-01-27 04:45:00;0.0
2025-01-27 05:00:00;0.0
2025-01-27 05:15:00;0.0
2025-01-27 05:30:00;0.0
2025-01-27 05:45:00;0.0
2025-01-27 06:00:00;0.0
2025-01-27 06:15:00;0.0
2025-01-27 06:30:00;0.0
2025-01-27 06:45:00;0.0
2025-01-27 07:00:00;0.0
2025-01-27 07:15:00;0.0
2025-01-27 07:30:00;0.0
2025-01-27 07:45:00;0.0
2025-01-27 08:00:00;0.0
2025-01-27 08:15:00;0.0
2025-01-27 08:30:00;0.0
2025-01-27 08:45:00;0.0
2025-01-27 09:00:00;0.0
2025-01-27 09:15:00;0.0
2025-01-27 09:30:00;0.0
2025-01-27 09:45:00;0.0
2025-01-27 10:00:00;0.0
2025-01-27 10:15:00;0.0
2025-01-27 10:30:00;0.0
2025-01-27 10:45:00;0.0
2025-01-27 11:00:00;0.0
2025-01-27 11:15:00;0.0
2025-01-27 11:30:00;0.0
2025-01-27 11:45:00;0.10000000000000009
2025-01-27 12:00:00;0.0917
2025-01-27 12:15:00;0.1533
2025-01-27 12:30:00;0.1713
2025-01-27 12:45:00;0.26659999999999995
2025-01-27 13:00:00;0.3067
2025-01-27 13:15:00;0.3032
2025-01-27 13:30:00;0.23940000000000006
2025-01-27 13:45:00;0.21530000000000005
2025-01-27 14:00:00;0.08829999999999993
2025-01-27 14:15:00;0.0
2025-01-27 14:30:00;0.0
2025-01-27 14:45:00;0.0
2025-01-27 15:00:00;0.0
2025-01-27 15:15:00;0.0
2025-01-27 15:30:00;0.0
2025-01-27 15:45:00;0.0
2025-01-27 16:00:00;0.0
2025-01-27 16:15:00;0.0
2025-01-27 16:30:00;0.0
2025-01-27 16:45:00;0.0
2025-01-27 17:00:00;0.0
2025-01-27 17:15:00;0.0
2025-01-27 17:30:00;0.0
2025-01-27 17:45:00;0.0
2025-01-27 18:00:00;0.0
2025-01-27 18:15:00;0.0
2025-01-27 18:30:00;0.0
2025-01-27 18:45:00;0.0
2025-01-27 19:00:00;0.0
2025-01-27 19:15:00;0.0
2025-01-27 19:30:00;0.0
2025-01-27 19:45:00;0.0
2025-01-27 20:00:00;0.0
2025-01-27 20:15:00;0.0
2025-01-27 20:30:00;0.0
2025-01-27 20:45:00;0.0
2025-01-27 21:00:00;0.0
2025-01-27 21:15:00;0.0
2025-01-27 21:30:00;0.0
2025-01-27 21:45:00;0.0
2025-01-27 22:00:00;0.0
2025-01-27 22:15:00;0.0
2025-01-27 22:30:00;0.0
2025-01-27 22:45:00;0.0
2025-01-27 23:00:00;0.0
2025-01-27 23:15:00;0.0
2025-01-27 23:30:00;0.0
2025-01-27 23:45:00;0.0
2025-01-28 00:00:00;0.0
2025-01-28 00:15:00;0.0
2025-01-28 00:30:00;0.0
2025-01-28 00:45:00;0.0
2025-01-28 01:00:00;0.0
2025-01-28 01:15:00;0.0
2025-01-28 01:30:00;0.0
2025-01-28 01:45:00;0.0
2025-01-28 02:00:00;0.0
2025-01-28 02:15:00;0.0
2025-01-28 02:30:00;0.0
2025-01-28 02:45:00;0.0
2025-01-28 03:00:00;0.0
2025-01-28 03:15:00;0.0
2025-01-28 03:30:00;0.0
2025-01-28 03:45:00;0.0
2025-01-28 04:00:00;0.0
2025-01-28 04:15:00;0.0
2025-01-28 04:30:00;0.0
2025-01-28 04:45:00;0.0
2025-01-28 05:00:00;0.0
2025-01-28 05:15:00;0.0
2025-01-28 05:30:00;0.0
2025-01-28 05:45:00;0.0
2025-01-28 06:00:00;0.0
2025-01-28 06:15:00;0.0
2025-01-28 06:30:00;0.0
2025-01-28 06:45:00;0.0
2025-01-28 07:00:00;0.0
2025-01-28 07:15:00;0.0
2025-01-28 07:30:00;0.0
2025-01-28 07:45:00;0.0
2025-01-28 08:00:00;0.0
2025-01-28 08:15:00;0.0
2025-01-28 08:30:00;0.0
2025-01-28 08:45:00;0.0
2025-01-28 09:00:00;0.0
2025-01-28 09:15:00;0.0
2025-01-28 09:30:00;0.0
2025-01-28 09:45:00;0.0
2025-01-28 10:00:00;0.37649999999999995
2025-01-28 10:15:00;0.6691999999999999
2025-01-28 10:30:00;1.0039
2025-01-28 10:45:00;1.1219999999999999
2025-01-28 11:00:00;1.1947
2025-01-28 11:15:00;1.3521999999999998
2025-01-28 11:30:00;1.4243999999999999
2025-01-28 11:45:00;1.6755000000000002
2025-01-28 12:00:00;1.5867999999999998
2025-01-28 12:15:00;1.8105
2025-01-28 12:30:00;1.8675
2025-01-28 12:45:00;1.9289
2025-01-28 13:00:00;1.413
2025-01-28 13:15:00;1.2706
2025-01-28 13:30:00;1.2180000000000002
2025-01-28 13:45:00;1.1338
2025-01-28 14:00:00;1.5434
2025-01-28 14:15:00;1.2434999999999998
2025-01-28 14:30:00;1.1968999999999999
2025-01-28 14:45:00;1.0756
2025-01-28 15:00:00;1.1133000000000002
2025-01-28 15:15:00;0.8377999999999999
2025-01-28 15:30:00;0.7139
2025-01-28 15:45:00;0.43399999999999994
2025-01-28 16:00:00;0.0
2025-01-28 16:15:00;0.0
2025-01-28 16:30:00;0.0
2025-01-28 16:45:00;0.0
2025-01-28 17:00:00;0.0
2025-01-28 17:15:00;0.0
2025-01-28 17:30:00;0.0
2025-01-28 17:45:00;0.0
2025-01-28 18:00:00;0.0
2025-01-28 18:15:00;0.0
2025-01-28 18:30:00;0.0
2025-01-28 18:45:00;0.0
2025-01-28 19:00:00;0.0
2025-01-28 19:15:00;0.0
2025-01-28 19:30:00;0.0
2025-01-28 19:45:00;0.0
2025-01-28 20:00:00;0.0
2025-01-28 20:15:00;0.0
2025-01-28 20:30:00;0.0
2025-01-28 20:45:00;0.0
2025-01-28 21:00:00;0.0
2025-01-28 21:15:00;0.0
2025-01-28 21:30:00;0.0
2025-01-28 21:45:00;0.0
2025-01-28 22:00:00;0.0
2025-01-28 22:15:00;0.0
2025-01-28 22:30:00;0.0
2025-01-28 22:45:00;0.0
2025-01-28 23:00:00;0.0
2025-01-28 23:15:00;0.0
2025-01-28 23:30:00;0.0
2025-01-28 23:45:00;0.0
2025-01-29 00:00:00;0.0
2025-01-29 00:15:00;0.0
2025-01-29 00:30:00;0.0
2025-01-29 00:45:00;0.0
2025-01-29 01:00:00;0.0
2025-01-29 01:15:00;0.0
2025-01-29 01:30:00;0.0
2025-01-29 01:45:00;0.0
2025-01-29 02:00:00;0.0
2025-01-29 02:15:00;0.0
2025-01-29 02:30:00;0.0
2025-01-29 02:45:00;0.0
2025-01-29 03:00:00;0.0
2025-01-29 03:15:00;0.0
2025-01-29 03:30:00;0.0
2025-01-29 03:45:00;0.0
2025-01-29 04:00:00;0.0
2025-01-29 04:15:00;0.0
2025-01-29 04:30:00;0.0
2025-01-29 04:45:00;0.0
2025-01-29 05:00:00;0.0
2025-01-29 05:15:00;0.0
2025-01-29 05:30:00;0.0
2025-01-29 05:45:00;0.0
2025-01-29 06:00:00;0.0
2025-01-29 06:15:00;0.0
2025-01-29 06:30:00;0.0
2025-01-29 06:45:00;0.0
2025-01-29 07:00:00;0.0
2025-01-29 07:15:00;0.0
2025-01-29 07:30:00;0.0
2025-01-29 07:45:00;0.0
2025-01-29 08:00:00;0.0
2025-01-29 08:15:00;0.0
2025-01-29 08:30:00;0.0
2025-01-29 08:45:00;0.0
2025-01-29 09:00:00;0.0
2025-01-29 09:15:00;0.0
2025-01-29 09:30:00;0.0
2025-01-29 09:45:00;0.07589999999999997
2025-01-29 10:00:00;0.3494999999999999
2025-01-29 10:15:00;0.5911000000000001
2025-01-29 10:30:00;0.7041999999999999
2025-01-29 10:45:00;0.9447999999999999
2025-01-29 11:00:00;1.3378999999999999
2025-01-29 11:15:00;1.4956999999999998
2025-01-29 11:30:00;1.6817000000000002
2025-01-29 11:45:00;1.7711000000000001
2025-01-29 12:00:00;1.2371999999999999
2025-01-29 12:15:00;1.2449999999999997
2025-01-29 12:30:00;1.2180000000000002
2025-01-29 12:45:00;1.3788
2025-01-29 13:00:00;1.9183
2025-01-29 13:15:00;1.7150000000000003
2025-01-29 13:30:00;1.6993
2025-01-29 13:45:00;1.7064000000000001
2025-01-29 14:00:00;1.6804
2025-01-29 14:15:00;1.5011
2025-01-29 14:30:00;1.2965
2025-01-29 14:45:00;1.2609000000000001
2025-01-29 15:00:00;0.8965000000000001
2025-01-29 15:15:00;0.7500000000000001
2025-01-29 15:30:00;0.40690000000000004
2025-01-29 15:45:00;0.19899999999999984
2025-01-29 16:00:00;0.0
2025-01-29 16:15:00;0.0
2025-01-29 16:30:00;0.0
2025-01-29 16:45:00;0.0
2025-01-29 17:00:00;0.0
2025-01-29 17:15:00;0.0
2025-01-29 17:30:00;0.0
2025-01-29 17:45:00;0.0
2025-01-29 18:00:00;0.0
2025-01-29 18:15:00;0.0
2025-01-29 18:30:00;0.0
2025-01-29 18:45:00;0.0
2025-01-29 19:00:00;0.0
2025-01-29 19:15:00;0.0
2025-01-29 19:30:00;0.0
2025-01-29 19:45:00;0.0
2025-01-29 20:00:00;0.0
2025-01-29 20:15:00;0.0
2025-01-29 20:30:00;0.0
2025-01-29 20:45:00;0.0
2025-01-29 21:00:00;0.0
2025-01-29 21:15:00;0.0
2025-01-29 21:30:00;0.0
2025-01-29 21:45:00;0.0
2025-01-29 22:00:00;0.0
2025-01-29 22:15:00;0.0
2025-01-29 22:30:00;0.0
2025-01-29 22:45:00;0.0
2025-01-29 23:00:00;0.0
2025-01-29 23:15:00;0.0
2025-01-29 23:30:00;0.0
2025-01-29 23:45:00;0.0
2025-01-30 00:00:00;0.0
2025-01-30 00:15:00;0.0
2025-01-30 00:30:00;0.0
2025-01-30 00:45:00;0.0
2025-01-30 01:00:00;0.0
2025-01-30 01:15:00;0.0
2025-01-30 01:30:00;0.0
2025-01-30 01:45:00;0.0
2025-01-30 02:00:00;0.0
2025-01-30 02:15:00;0.0
2025-01-30 02:30:00;0.0
2025-01-30 02:45:00;0.0
2025-01-30 03:00:00;0.0
2025-01-30 03:15:00;0.0
2025-01-30 03:30:00;0.0
2025-01-30 03:45:00;0.0
2025-01-30 04:00:00;0.0
2025-01-30 04:15:00;0.0
2025-01-30 04:30:00;0.0
2025-01-30 04:45:00;0.0
2025-01-30 05:00:00;0.0
2025-01-30 05:15:00;0.0
2025-01-30 05:30:00;0.0
2025-01-30 05:45:00;0.0
2025-01-30 06:00:00;0.0
2025-01-30 06:15:00;0.0
2025-01-30 06:30:00;0.0
2025-01-30 06:45:00;0.0
2025-01-30 07:00:00;0.0
2025-01-30 07:15:00;0.0
2025-01-30 07:30:00;0.0
2025-01-30 07:45:00;0.0
2025-01-30 08:00:00;0.0
2025-01-30 08:15:00;0.0
2025-01-30 08:30:00;0.0
2025-01-30 08:45:00;0.0
2025-01-30 09:00:00;0.0
2025-01-30 09:15:00;0.0
2025-01-30 09:30:00;0.0
2025-01-30 09:45:00;0.0
2025-01-30 10:00:00;0.0
2025-01-30 10:15:00;0.0
2025-01-30 10:30:00;0.0
2025-01-30 10:45:00;0.0
2025-01-30 11:00:00;0.0
2025-01-30 11:15:00;0.0
2025-01-30 11:30:00;0.0
2025-01-30 11:45:00;0.0
2025-01-30 12:00:00;0.0
2025-01-30 12:15:00;0.0
2025-01-30 12:30:00;0.0
2025-01-30 12:45:00;0.1029000000000001
2025-01-30 13:00:00;0.06710000000000005
2025-01-30 13:15:00;0.10810000000000008
2025-01-30 13:30:00;0.028999999999999915
2025-01-30 13:45:00;0.07120000000000004
2025-01-30 14:00:00;0.0
2025-01-30 14:15:00;0.0
2025-01-30 14:30:00;0.0
2025-01-30 14:45:00;0.0
2025-01-30 15:00:00;0.0
2025-01-30 15:15:00;0.0
2025-01-30 15:30:00;0.0
2025-01-30 15:45:00;0.0
2025-01-30 16:00:00;0.0
2025-01-30 16:15:00;0.0
2025-01-30 16:30:00;0.0
2025-01-30 16:45:00;0.0
2025-01-30 17:00:00;0.0
2025-01-30 17:15:00;0.0
2025-01-30 17:30:00;0.0
2025-01-30 17:45:00;0.0
2025-01-30 18:00:00;0.0
2025-01-30 18:15:00;0.0
2025-01-30 18:30:00;0.0
2025-01-30 18:45:00;0.0
2025-01-30 19:00:00;0.0
2025-01-30 19:15:00;0.0
2025-01-30 19:30:00;0.0
2025-01-30 19:45:00;0.0
2025-01-30 20:00:00;0.0
2025-01-30 20:15:00;0.0
2025-01-30 20:30:00;0.0
2025-01-30 20:45:00;0.0
2025-01-30 21:00:00;0.0
2025-01-30 21:15:00;0.0
2025-01-30 21:30:00;0.0
2025-01-30 21:45:00;0.0
2025-01-30 22:00:00;0.0
2025-01-30 22:15:00;0.0
2025-01-30 22:30:00;0.0
2025-01-30 22:45:00;0.0
2025-01-30 23:00:00;0.0
2025-01-30 23:15:00;0.0
2025-01-30 23:30:00;0.0
2025-01-30 23:45:00;0.0
2025-01-31 00:00:00;0.0
2025-01-31 00:15:00;0.0
2025-01-31 00:30:00;0.0
2025-01-31 00:45:00;0.0
2025-01-31 01:00:00;0.0
2025-01-31 01:15:00;0.0
2025-01-31 01:30:00;0.0
2025-01-31 01:45:00;0.0
2025-01-31 02:00:00;0.0
2025-01-31 02:15:00;0.0
2025-01-31 02:30:00;0.0
2025-01-31 02:45:00;0.0
2025-01-31 03:00:00;0.0
2025-01-31 03:15:00;0.0
2025-01-31 03:30:00;0.0
2025-01-31 03:45:00;0.0
2025-01-31 04:00:00;0.0
2025-01-31 04:15:00;0.0
2025-01-31 04:30:00;0.0
2025-01-31 04:45:00;0.0
2025-01-31 05:00:00;0.0
2025-01-31 05:15:00;0.0
2025-01-31 05:30:00;0.0
2025-01-31 05:45:00;0.0
2025-01-31 06:00:00;0.0
2025-01-31 06:15:00;0.0
2025-01-31 06:30:00;0.0
2025-01-31 06:45:00;0.0
2025-01-31 07:00:00;0.0
2025-01-31 07:15:00;0.0
2025-01-31 07:30:00;0.0
2025-01-31 07:45:00;0.0
2025-01-31 08:00:00;0.0
2025-01-31 08:15:00;0.0
2025-01-31 08:30:00;0.0
2025-01-31 08:45:00;0.0
2025-01-31 09:00:00;0.0
2025-01-31 09:15:00;0.0
2025-01-31 09:30:00;0.0
2025-01-31 09:45:00;0.0
2025-01-31 10:00:00;0.10010000000000008
2025-01-31 10:15:00;0.30269999999999997
2025-01-31 10:30:00;0.6112
2025-01-31 10:45:00;0.7215000000000001
2025-01-31 11:00:00;1.0746000000000002
2025-01-31 11:15:00;1.2082999999999997
2025-01-31 11:30:00;1.4691
2025-01-31 11:45:00;1.5577999999999999
2025-01-31 12:00:00;1.5587
2025-01-31 12:15:00;1.7027999999999999
2025-01-31 12:30:00;1.6834000000000002
2025-01-31 12:45:00;1.7337999999999998
2025-01-31 13:00:00;1.8276
2025-01-31 13:15:00;1.7171
2025-01-31 13:30:00;1.6584999999999999
2025-01-31 13:45:00;1.5478
2025-01-31 14:00:00;1.1724
2025-01-31 14:15:00;0.9975
2025-01-31 14:30:00;0.9793000000000001
2025-01-31 14:45:00;0.7423
2025-01-31 15:00:00;0.7242000000000001
2025-01-31 15:15:00;0.5198
2025-01-31 15:30:00;0.38060000000000005
2025-01-31 15:45:00;0.135
2025-01-31 16:00:00;0.0
2025-01-31 16:15:00;0.0
2025-01-31 16:30:00;0.0
2025-01-31 16:45:00;0.0
2025-01-31 17:00:00;0.0
2025-01-31 17:15:00;0.0
2025-01-31 17:30:00;0.0
2025-01-31 17:45:00;0.0
2025-01-31 18:00:00;0.0
2025-01-31 18:15:00;0.0
2025-01-31 18:30:00;0.0
2025-01-31 18:45:00;0.0
2025-01-31 19:00:00;0.0
2025-01-31 19:15:00;0.0
2025-01-31 19:30:00;0.0
2025-01-31 19:45:00;0.0
2025-01-31 20:00:00;0.0
2025-01-31 20:15:00;0.0
2025-01-31 20:30:00;0.0
2025-01-31 20:45:00;0.0
2025-01-31 21:00:00;0.0
2025-01-31 21:15:00;0.0
2025-01-31 21:30:00;0.0
2025-01-31 21:45:00;0.0
2025-01-31 22:00:00;0.0
2025-01-31 22:15:00;0.0
2025-01-31 22:30:00;0.0
2025-01-31 22:45:00;0.0
2025-01-31 23:00:00;0.0
2025-01-31 23:15:00;0.0
2025-01-31 23:30:00;0.0
2025-01-31 23:45:00;0.0
2025-02-01 00:00:00;0.0
2025-02-01 00:15:00;0.0
2025-02-01 00:30:00;0.0
2025-02-01 00:45:00;0.0
2025-02-01 01:00:00;0.0
2025-02-01 01:15:00;0.0
2025-02-01 01:30:00;0.0
2025-02-01 01:45:00;0.0
2025-02-01 02:00:00;0.0
2025-02-01 02:15:00;0.0
2025-02-01 02:30:00;0.0
2025-02-01 02:45:00;0.0
2025-02-01 03:00:00;0.0
2025-02-01 03:15:00;0.0
2025-02-01 03:30:00;0.0
2025-02-01 03:45:00;0.0
2025-02-01 04:00:00;0.0
2025-02-01 04:15:00;0.0
2025-02-01 04:30:00;0.0
2025-02-01 04:45:00;0.0
2025-02-01 05:00:00;0.0
2025-02-01 05:15:00;0.0
2025-02-01 05:30:00;0.0
2025-02-01 05:45:00;0.0
2025-02-01 06:00:00;0.0
2025-02-01 06:15:00;0.0
2025-02-01 06:30:00;0.0
2025-02-01 06:45:00;0.0
2025-02-01 07:00:00;0.0
2025-02-01 07:15:00;0.0
2025-02-01 07:30:00;0.0
2025-02-01 07:45:00;0.0
2025-02-01 08:00:00;0.0
2025-02-01 08:15:00;0.0
2025-02-01 08:30:00;0.0
2025-02-01 08:45:00;0.0
2025-02-01 09:00:00;0.5321999999999999
2025-02-01 09:15:00;0.9288000000000001
2025-02-01 09:30:00;1.2872000000000001
2025-02-01 09:45:00;1.4732
2025-02-01 10:00:00;1.1356
2025-02-01 10:15:00;1.3941
2025-02-01 10:30:00;1.6080999999999999
2025-02-01 10:45:00;1.6206999999999998
2025-02-01 11:00:00;2.8401
2025-02-01 11:15:00;2.8870999999999998
2025-02-01 11:30:00;3.3638
2025-02-01 11:45:00;3.2875
2025-02-01 12:00:00;2.5303
2025-02-01 12:15:00;2.7335000000000003
2025-02-01 12:30:00;2.9047
2025-02-01 12:45:00;2.9562
2025-02-01 13:00:00;4.5032
2025-02-01 13:15:00;4.315200000000001
2025-02-01 13:30:00;4.457999999999999
2025-02-01 13:45:00;4.0827
2025-02-01 14:00:00;3.2016
2025-02-01 14:15:00;3.2358
2025-02-01 14:30:00;2.9447
2025-02-01 14:45:00;2.8558
2025-02-01 15:00:00;2.1849
2025-02-01 15:15:00;2.0115
2025-02-01 15:30:00;1.8780999999999999
2025-02-01 15:45:00;1.6061999999999999
2025-02-01 16:00:00;1.9679000000000002
2025-02-01 16:15:00;1.5300999999999998
2025-02-01 16:30:00;1.2071999999999998
2025-02-01 16:45:00;0.9794
2025-02-01 17:00:00;0.025800000000000045
2025-02-01 17:15:00;0.0
2025-02-01 17:30:00;0.0
2025-02-01 17:45:00;0.0
2025-02-01 18:00:00;0.0
2025-02-01 18:15:00;0.0
2025-02-01 18:30:00;0.0
2025-02-01 18:45:00;0.0
2025-02-01 19:00:00;0.0
2025-02-01 19:15:00;0.0
2025-02-01 19:30:00;0.0
2025-02-01 19:45:00;0.0
2025-02-01 20:00:00;0.0
2025-02-01 20:15:00;0.0
2025-02-01 20:30:00;0.0
2025-02-01 20:45:00;0.0
2025-02-01 21:00:00;0.0
2025-02-01 21:15:00;0.0
2025-02-01 21:30:00;0.0
2025-02-01 21:45:00;0.0
2025-02-01 22:00:00;0.0
2025-02-01 22:15:00;0.0
2025-02-01 22:30:00;0.0
2025-02-01 22:45:00;0.0
2025-02-01 23:00:00;0.0
2025-02-01 23:15:00;0.0
2025-02-01 23:30:00;0.0
2025-02-01 23:45:00;0.0
2025-02-02 00:00:00;0.0
2025-02-02 00:15:00;0.0
2025-02-02 00:30:00;0.0
2025-02-02 00:45:00;0.0
2025-02-02 01:00:00;0.0
2025-02-02 01:15:00;0.0
2025-02-02 01:30:00;0.0
2025-02-02 01:45:00;0.0
2025-02-02 02:00:00;0.0
2025-02-02 02:15:00;0.0
2025-02-02 02:30:00;0.0
2025-02-02 02:45:00;0.0
2025-02-02 03:00:00;0.0
2025-02-02 03:15:00;0.0
2025-02-02 03:30:00;0.0
2025-02-02 03:45:00;0.0
2025-02-02 04:00:00;0.0
2025-02-02 04:15:00;0.0
2025-02-02 04:30:00;0.0
2025-02-02 04:45:00;0.0
2025-02-02 05:00:00;0.0
2025-02-02 05:15:00;0.0
2025-02-02 05:30:00;0.0
2025-02-02 05:45:00;0.0
2025-02-02 06:00:00;0.0
2025-02-02 06:15:00;0.0
2025-02-02 06:30:00;0.0
2025-02-02 06:45:00;0.0
2025-02-02 07:00:00;0.0
2025-02-02 07:15:00;0.0
2025-02-02 07:30:00;0.0
2025-02-02 07:45:00;0.0
2025-02-02 08:00:00;0.0
2025-02-02 08:15:00;0.0
2025-02-02 08:30:00;0.0
2025-02-02 08:45:00;0.0
2025-02-02 09:00:00;0.4162
2025-02-02 09:15:00;0.7127000000000001
2025-02-02 09:30:00;1.0673000000000001
2025-02-02 09:45:00;1.4079000000000002
2025-02-02 10:00:00;1.9118
2025-02-02 10:15:00;1.9526999999999999
2025-02-02 10:30:00;2.2903000000000002
2025-02-02 10:45:00;2.5351
2025-02-02 11:00:00;2.3954000000000004
2025-02-02 11:15:00;2.548
2025-02-02 11:30:00;2.6235
2025-02-02 11:45:00;2.9838
2025-02-02 12:00:00;2.9411
2025-02-02 12:15:00;3.2399999999999993
2025-02-02 12:30:00;3.3072
2025-02-02 12:45:00;3.0914
2025-02-02 13:00:00;4.1561
2025-02-02 13:15:00;4.1589
2025-02-02 13:30:00;3.9604
2025-02-02 13:45:00;4.1828
2025-02-02 14:00:00;3.3053
2025-02-02 14:15:00;3.5454000000000003
2025-02-02 14:30:00;3.2417
2025-02-02 14:45:00;2.8729
2025-02-02 15:00:00;2.3689
2025-02-02 15:15:00;1.9093
2025-02-02 15:30:00;1.8565
2025-02-02 15:45:00;1.5654000000000001
2025-02-02 16:00:00;1.5485000000000002
2025-02-02 16:15:00;0.9652000000000001
2025-02-02 16:30:00;0.929
2025-02-02 16:45:00;0.5285
2025-02-02 17:00:00;0.0
2025-02-02 17:15:00;0.0
2025-02-02 17:30:00;0.0
2025-02-02 17:45:00;0.0
2025-02-02 18:00:00;0.0
2025-02-02 18:15:00;0.0
2025-02-02 18:30:00;0.0
2025-02-02 18:45:00;0.0
2025-02-02 19:00:00;0.0
2025-02-02 19:15:00;0.0
2025-02-02 19:30:00;0.0
2025-02-02 19:45:00;0.0
2025-02-02 20:00:00;0.0
2025-02-02 20:15:00;0.0
2025-02-02 20:30:00;0.0
2025-02-02 20:45:00;0.0
2025-02-02 21:00:00;0.0
2025-02-02 21:15:00;0.0
2025-02-02 21:30:00;0.0
2025-02-02 21:45:00;0.0
2025-02-02 22:00:00;0.0
2025-02-02 22:15:00;0.0
2025-02-02 22:30:00;0.0
2025-02-02 22:45:00;0.0
2025-02-02 23:00:00;0.0
2025-02-02 23:15:00;0.0
2025-02-02 23:30:00;0.0
2025-02-02 23:45:00;0.0
2025-02-03 00:00:00;0.0
2025-02-03 00:15:00;0.0
2025-02-03 00:30:00;0.0
2025-02-03 00:45:00;0.0
2025-02-03 01:00:00;0.0
2025-02-03 01:15:00;0.0
2025-02-03 01:30:00;0.0
2025-02-03 01:45:00;0.0
2025-02-03 02:00:00;0.0
2025-02-03 02:15:00;0.0
2025-02-03 02:30:00;0.0
2025-02-03 02:45:00;0.0
2025-02-03 03:00:00;0.0
2025-02-03 03:15:00;0.0
2025-02-03 03:30:00;0.0
2025-02-03 03:45:00;0.0
2025-02-03 04:00:00;0.0
2025-02-03 04:15:00;0.0
2025-02-03 04:30:00;0.0
2025-02-03 04:45:00;0.0
2025-02-03 05:00:00;0.0
2025-02-03 05:15:00;0.0
2025-02-03 05:30:00;0.0
2025-02-03 05:45:00;0.0
2025-02-03 06:00:00;0.0
2025-02-03 06:15:00;0.0
2025-02-03 06:30:00;0.0
2025-02-03 06:45:00;0.0
2025-02-03 07:00:00;0.0
2025-02-03 07:15:00;0.0
2025-02-03 07:30:00;0.0
2025-02-03 07:45:00;0.0
2025-02-03 08:00:00;0.0
2025-02-03 08:15:00;0.0
2025-02-03 08:30:00;0.0
2025-02-03 08:45:00;0.0
2025-02-03 09:00:00;0.4941000000000001
2025-02-03 09:15:00;0.6316999999999999
2025-02-03 09:30:00;1.0641
2025-02-03 09:45:00;1.3529
2025-02-03 10:00:00;1.5945
2025-02-03 10:15:00;1.8277999999999999
2025-02-03 10:30:00;2.0734000000000004
2025-02-03 10:45:00;2.3612
2025-02-03 11:00:00;1.9958
2025-02-03 11:15:00;2.2169
2025-02-03 11:30:00;2.2902
2025-02-03 11:45:00;2.4597
2025-02-03 12:00:00;2.9387999999999996
2025-02-03 12:15:00;3.1914
2025-02-03 12:30:00;3.0824
2025-02-03 12:45:00;3.2476000000000003
2025-02-03 13:00:00;3.5285
2025-02-03 13:15:00;3.1129000000000002
2025-02-03 13:30:00;3.4858000000000002
2025-02-03 13:45:00;3.1601000000000004
2025-02-03 14:00:00;2.7163999999999997
2025-02-03 14:15:00;2.8989
2025-02-03 14:30:00;2.4228
2025-02-03 14:45:00;2.3411
2025-02-03 15:00:00;2.6406
2025-02-03 15:15:00;2.7026
2025-02-03 15:30:00;2.1981
2025-02-03 15:45:00;2.0608
2025-02-03 16:00:00;1.7175
2025-02-03 16:15:00;1.3451
2025-02-03 16:30:00;1.1474000000000002
2025-02-03 16:45:00;0.8620000000000001
2025-02-03 17:00:00;0.0
2025-02-03 17:15:00;0.0
2025-02-03 17:30:00;0.0
2025-02-03 17:45:00;0.0
2025-02-03 18:00:00;0.0
2025-02-03 18:15:00;0.0
2025-02-03 18:30:00;0.0
2025-02-03 18:45:00;0.0
2025-02-03 19:00:00;0.0
2025-02-03 19:15:00;0.0
2025-02-03 19:30:00;0.0
2025-02-03 19:45:00;0.0
2025-02-03 20:00:00;0.0
2025-02-03 20:15:00;0.0
2025-02-03 20:30:00;0.0
2025-02-03 20:45:00;0.0
2025-02-03 21:00:00;0.0
2025-02-03 21:15:00;0.0
2025-02-03 21:30:00;0.0
2025-02-03 21:45:00;0.0
2025-02-03 22:00:00;0.0
2025-02-03 22:15:00;0.0
2025-02-03 22:30:00;0.0
2025-02-03 22:45:00;0.0
2025-02-03 23:00:00;0.0
2025-02-03 23:15:00;0.0
2025-02-03 23:30:00;0.0
2025-02-03 23:45:00;0.0
2025-02-04 00:00:00;0.0
2025-02-04 00:15:00;0.0
2025-02-04 00:30:00;0.0
2025-02-04 00:45:00;0.0
2025-02-04 01:00:00;0.0
2025-02-04 01:15:00;0.0
2025-02-04 01:30:00;0.0
2025-02-04 01:45:00;0.0
2025-02-04 02:00:00;0.0
2025-02-04 02:15:00;0.0
2025-02-04 02:30:00;0.0
2025-02-04 02:45:00;0.0
2025-02-04 03:00:00;0.0
2025-02-04 03:15:00;0.0
2025-02-04 03:30:00;0.0
2025-02-04 03:45:00;0.0
2025-02-04 04:00:00;0.0
2025-02-04 04:15:00;0.0
2025-02-04 04:30:00;0.0
2025-02-04 04:45:00;0.0
2025-02-04 05:00:00;0.0
2025-02-04 05:15:00;0.0
2025-02-04 05:30:00;0.0
2025-02-04 05:45:00;0.0
2025-02-04 06:00:00;0.0
2025-02-04 06:15:00;0.0
2025-02-04 06:30:00;0.0
2025-02-04 06:45:00;0.0
2025-02-04 07:00:00;0.0
2025-02-04 07:15:00;0.0
2025-02-04 07:30:00;0.0
2025-02-04 07:45:00;0.0
2025-02-04 08:00:00;0.0
2025-02-04 08:15:00;0.0
2025-02-04 08:30:00;0.6720999999999999
2025-02-04 08:45:00;1.6429
2025-02-04 09:00:00;2.7089000000000003
2025-02-04 09:15:00;3.6046
2025-02-04 09:30:00;4.6015
2025-02-04 09:45:00;5.2558
2025-02-04 10:00:00;6.0551
2025-02-04 10:15:00;6.4287
2025-02-04 10:30:00;7.5659
2025-02-04 10:45:00;8.0678
2025-02-04 11:00:00;7.2134
2025-02-04 11:15:00;8.285499999999999
2025-02-04 11:30:00;7.709599999999999
2025-02-04 11:45:00;8.7488
2025-02-04 12:00:00;4.9421
2025-02-04 12:15:00;5.1371
2025-02-04 12:30:00;5.243399999999999
2025-02-04 12:45:00;5.0234000000000005
2025-02-04 13:00:00;11.0228
2025-02-04 13:15:00;11.4212
2025-02-04 13:30:00;10.1934
2025-02-04 13:45:00;11.2696
2025-02-04 14:00:00;5.7733
2025-02-04 14:15:00;5.5840000000000005
2025-02-04 14:30:00;5.2364
2025-02-04 14:45:00;4.7504
2025-02-04 15:00:00;2.4687
2025-02-04 15:15:00;2.4671000000000003
2025-02-04 15:30:00;2.097
2025-02-04 15:45:00;1.8695
2025-02-04 16:00:00;5.355700000000001
2025-02-04 16:15:00;4.7476
2025-02-04 16:30:00;4.0107
2025-02-04 16:45:00;3.2057
2025-02-04 17:00:00;2.6401
2025-02-04 17:15:00;1.5078999999999998
2025-02-04 17:30:00;0.5428
2025-02-04 17:45:00;0.0
2025-02-04 18:00:00;0.0
2025-02-04 18:15:00;0.0
2025-02-04 18:30:00;0.0
2025-02-04 18:45:00;0.0
2025-02-04 19:00:00;0.0
2025-02-04 19:15:00;0.0
2025-02-04 19:30:00;0.0
2025-02-04 19:45:00;0.0
2025-02-04 20:00:00;0.0
2025-02-04 20:15:00;0.0
2025-02-04 20:30:00;0.0
2025-02-04 20:45:00;0.0
2025-02-04 21:00:00;0.0
2025-02-04 21:15:00;0.0
2025-02-04 21:30:00;0.0
2025-02-04 21:45:00;0.0
2025-02-04 22:00:00;0.0
2025-02-04 22:15:00;0.0
2025-02-04 22:30:00;0.0
2025-02-04 22:45:00;0.0
2025-02-04 23:00:00;0.0
2025-02-04 23:15:00;0.0
2025-02-04 23:30:00;0.0
2025-02-04 23:45:00;0.0
2025-02-05 00:00:00;0.0
2025-02-05 00:15:00;0.0
2025-02-05 00:30:00;0.0
2025-02-05 00:45:00;0.0
2025-02-05 01:00:00;0.0
2025-02-05 01:15:00;0.0
2025-02-05 01:30:00;0.0
2025-02-05 01:45:00;0.0
2025-02-05 02:00:00;0.0
2025-02-05 02:15:00;0.0
2025-02-05 02:30:00;0.0
2025-02-05 02:45:00;0.0
2025-02-05 03:00:00;0.0
2025-02-05 03:15:00;0.0
2025-02-05 03:30:00;0.0
2025-02-05 03:45:00;0.0
2025-02-05 04:00:00;0.0
2025-02-05 04:15:00;0.0
2025-02-05 04:30:00;0.0
2025-02-05 04:45:00;0.0
2025-02-05 05:00:00;0.0
2025-02-05 05:15:00;0.0
2025-02-05 05:30:00;0.0
2025-02-05 05:45:00;0.0
2025-02-05 06:00:00;0.0
2025-02-05 06:15:00;0.0
2025-02-05 06:30:00;0.0
2025-02-05 06:45:00;0.0
2025-02-05 07:00:00;0.0
2025-02-05 07:15:00;0.0
2025-02-05 07:30:00;0.0
2025-02-05 07:45:00;0.0
2025-02-05 08:00:00;0.0
2025-02-05 08:15:00;0.0
2025-02-05 08:30:00;0.2854000000000001
2025-02-05 08:45:00;1.0336
2025-02-05 09:00:00;1.5381999999999998
2025-02-05 09:15:00;2.2401
2025-02-05 09:30:00;2.8367000000000004
2025-02-05 09:45:00;3.5679
2025-02-05 10:00:00;5.5222
2025-02-05 10:15:00;6.4562
2025-02-05 10:30:00;7.044899999999999
2025-02-05 10:45:00;7.8612
2025-02-05 11:00:00;8.062899999999999
2025-02-05 11:15:00;7.996600000000001
2025-02-05 11:30:00;8.3893
2025-02-05 11:45:00;8.7754
2025-02-05 12:00:00;7.999699999999999
2025-02-05 12:15:00;7.5414
2025-02-05 12:30:00;7.9959999999999996
2025-02-05 12:45:00;8.2444
2025-02-05 13:00:00;6.464
2025-02-05 13:15:00;6.8001000000000005
2025-02-05 13:30:00;6.5851999999999995
2025-02-05 13:45:00;6.3107999999999995
2025-02-05 14:00:00;9.8964
2025-02-05 14:15:00;10.1711
2025-02-05 14:30:00;9.104
2025-02-05 14:45:00;9.227
2025-02-05 15:00:00;5.6312
2025-02-05 15:15:00;5.3528
2025-02-05 15:30:00;4.8299
2025-02-05 15:45:00;4.3057
2025-02-05 16:00:00;4.2385
2025-02-05 16:15:00;3.6165000000000003
2025-02-05 16:30:00;3.1446000000000005
2025-02-05 16:45:00;2.2921
2025-02-05 17:00:00;1.8043999999999998
2025-02-05 17:15:00;1.2946000000000002
2025-02-05 17:30:00;0.15539999999999998
2025-02-05 17:45:00;0.0
2025-02-05 18:00:00;0.0
2025-02-05 18:15:00;0.0
2025-02-05 18:30:00;0.0
2025-02-05 18:45:00;0.0
2025-02-05 19:00:00;0.0
2025-02-05 19:15:00;0.0
2025-02-05 19:30:00;0.0
2025-02-05 19:45:00;0.0
2025-02-05 20:00:00;0.0
2025-02-05 20:15:00;0.0
2025-02-05 20:30:00;0.0
2025-02-05 20:45:00;0.0
2025-02-05 21:00:00;0.0
2025-02-05 21:15:00;0.0
2025-02-05 21:30:00;0.0
2025-02-05 21:45:00;0.0
2025-02-05 22:00:00;0.0
2025-02-05 22:15:00;0.0
2025-02-05 22:30:00;0.0
2025-02-05 22:45:00;0.0
2025-02-05 23:00:00;0.0
2025-02-05 23:15:00;0.0
2025-02-05 23:30:00;0.0
2025-02-05 23:45:00;0.0
2025-02-06 00:00:00;0.0
2025-02-06 00:15:00;0.0
2025-02-06 00:30:00;0.0
2025-02-06 00:45:00;0.0
2025-02-06 01:00:00;0.0
2025-02-06 01:15:00;0.0
2025-02-06 01:30:00;0.0
2025-02-06 01:45:00;0.0
2025-02-06 02:00:00;0.0
2025-02-06 02:15:00;0.0
2025-02-06 02:30:00;0.0
2025-02-06 02:45:00;0.0
2025-02-06 03:00:00;0.0
2025-02-06 03:15:00;0.0
2025-02-06 03:30:00;0.0
2025-02-06 03:45:00;0.0
2025-02-06 04:00:00;0.0
2025-02-06 04:15:00;0.0
2025-02-06 04:30:00;0.0
2025-02-06 04:45:00;0.0
2025-02-06 05:00:00;0.0
2025-02-06 05:15:00;0.0
2025-02-06 05:30:00;0.0
2025-02-06 05:45:00;0.0
2025-02-06 06:00:00;0.0
2025-02-06 06:15:00;0.0
2025-02-06 06:30:00;0.0
2025-02-06 06:45:00;0.0
2025-02-06 07:00:00;0.0
2025-02-06 07:15:00;0.0
2025-02-06 07:30:00;0.0
2025-02-06 07:45:00;0.0
2025-02-06 08:00:00;0.0
2025-02-06 08:15:00;0.0
2025-02-06 08:30:00;0.0
2025-02-06 08:45:00;0.0
2025-02-06 09:00:00;0.24070000000000014
2025-02-06 09:15:00;0.4816999999999998
2025-02-06 09:30:00;0.8611
2025-02-06 09:45:00;1.1055999999999997
2025-02-06 10:00:00;1.3575
2025-02-06 10:15:00;1.6717
2025-02-06 10:30:00;1.7862999999999998
2025-02-06 10:45:00;2.0987999999999998
2025-02-06 11:00:00;2.4577
2025-02-06 11:15:00;2.8985000000000003
2025-02-06 11:30:00;3.0837000000000003
2025-02-06 11:45:00;3.1886000000000005
2025-02-06 12:00:00;2.8052
2025-02-06 12:15:00;2.6071999999999997
2025-02-06 12:30:00;2.7938
2025-02-06 12:45:00;3.0791999999999993
2025-02-06 13:00:00;3.3636999999999997
2025-02-06 13:15:00;3.2733
2025-02-06 13:30:00;3.4640000000000004
2025-02-06 13:45:00;3.1180000000000003
2025-02-06 14:00:00;2.7856
2025-02-06 14:15:00;2.6953
2025-02-06 14:30:00;2.2886999999999995
2025-02-06 14:45:00;2.4173
2025-02-06 15:00:00;2.3789000000000002
2025-02-06 15:15:00;2.2097
2025-02-06 15:30:00;1.9472
2025-02-06 15:45:00;1.6598000000000002
2025-02-06 16:00:00;1.1406
2025-02-06 16:15:00;0.8152999999999999
2025-02-06 16:30:00;0.5998999999999999
2025-02-06 16:45:00;0.3859999999999999
2025-02-06 17:00:00;0.0
2025-02-06 17:15:00;0.0
2025-02-06 17:30:00;0.0
2025-02-06 17:45:00;0.0
2025-02-06 18:00:00;0.0
2025-02-06 18:15:00;0.0
2025-02-06 18:30:00;0.0
2025-02-06 18:45:00;0.0
2025-02-06 19:00:00;0.0
2025-02-06 19:15:00;0.0
2025-02-06 19:30:00;0.0
2025-02-06 19:45:00;0.0
2025-02-06 20:00:00;0.0
2025-02-06 20:15:00;0.0
2025-02-06 20:30:00;0.0
2025-02-06 20:45:00;0.0
2025-02-06 21:00:00;0.0
2025-02-06 21:15:00;0.0
2025-02-06 21:30:00;0.0
2025-02-06 21:45:00;0.0
2025-02-06 22:00:00;0.0
2025-02-06 22:15:00;0.0
2025-02-06 22:30:00;0.0
2025-02-06 22:45:00;0.0
2025-02-06 23:00:00;0.0
2025-02-06 23:15:00;0.0
2025-02-06 23:30:00;0.0
2025-02-06 23:45:00;0.0
2025-02-07 00:00:00;0.0
2025-02-07 00:15:00;0.0
2025-02-07 00:30:00;0.0
2025-02-07 00:45:00;0.0
2025-02-07 01:00:00;0.0
2025-02-07 01:15:00;0.0
2025-02-07 01:30:00;0.0
2025-02-07 01:45:00;0.0
2025-02-07 02:00:00;0.0
2025-02-07 02:15:00;0.0
2025-02-07 02:30:00;0.0
2025-02-07 02:45:00;0.0
2025-02-07 03:00:00;0.0
2025-02-07 03:15:00;0.0
2025-02-07 03:30:00;0.0
2025-02-07 03:45:00;0.0
2025-02-07 04:00:00;0.0
2025-02-07 04:15:00;0.0
2025-02-07 04:30:00;0.0
2025-02-07 04:45:00;0.0
2025-02-07 05:00:00;0.0
2025-02-07 05:15:00;0.0
2025-02-07 05:30:00;0.0
2025-02-07 05:45:00;0.0
2025-02-07 06:00:00;0.0
2025-02-07 06:15:00;0.0
2025-02-07 06:30:00;0.0
2025-02-07 06:45:00;0.0
2025-02-07 07:00:00;0.0
2025-02-07 07:15:00;0.0
2025-02-07 07:30:00;0.0
2025-02-07 07:45:00;0.0
2025-02-07 08:00:00;0.0
2025-02-07 08:15:00;0.0
2025-02-07 08:30:00;0.0
2025-02-07 08:45:00;0.0
2025-02-07 09:00:00;0.3738999999999999
2025-02-07 09:15:00;0.5683999999999998
2025-02-07 09:30:00;1.009
2025-02-07 09:45:00;1.2478
2025-02-07 10:00:00;1.5008999999999997
2025-02-07 10:15:00;1.5846
2025-02-07 10:30:00;2.2283
2025-02-07 10:45:00;2.2329
2025-02-07 11:00:00;2.2129
2025-02-07 11:15:00;2.2984999999999998
2025-02-07 11:30:00;2.4378
2025-02-07 11:45:00;2.3853
2025-02-07 12:00:00;2.827
2025-02-07 12:15:00;3.1718
2025-02-07 12:30:00;3.0743000000000005
2025-02-07 12:45:00;3.0354
2025-02-07 13:00:00;2.8670999999999998
2025-02-07 13:15:00;3.0303
2025-02-07 13:30:00;2.9867
2025-02-07 13:45:00;3.0145999999999997
2025-02-07 14:00:00;2.7411999999999996
2025-02-07 14:15:00;2.6327
2025-02-07 14:30:00;2.4155
2025-02-07 14:45:00;2.2489999999999997
2025-02-07 15:00:00;2.3183
2025-02-07 15:15:00;1.9966
2025-02-07 15:30:00;1.798
2025-02-07 15:45:00;1.4229
2025-02-07 16:00:00;1.6885000000000001
2025-02-07 16:15:00;1.2308
2025-02-07 16:30:00;1.0408999999999997
2025-02-07 16:45:00;0.7087000000000001
2025-02-07 17:00:00;0.04830000000000001
2025-02-07 17:15:00;0.0
2025-02-07 17:30:00;0.0
2025-02-07 17:45:00;0.0
2025-02-07 18:00:00;0.0
2025-02-07 18:15:00;0.0
2025-02-07 18:30:00;0.0
2025-02-07 18:45:00;0.0
2025-02-07 19:00:00;0.0
2025-02-07 19:15:00;0.0
2025-02-07 19:30:00;0.0
2025-02-07 19:45:00;0.0
2025-02-07 20:00:00;0.0
2025-02-07 20:15:00;0.0
2025-02-07 20:30:00;0.0
2025-02-07 20:45:00;0.0
2025-02-07 21:00:00;0.0
2025-02-07 21:15:00;0.0
2025-02-07 21:30:00;0.0
2025-02-07 21:45:00;0.0
2025-02-07 22:00:00;0.0
2025-02-07 22:15:00;0.0
2025-02-07 22:30:00;0.0
2025-02-07 22:45:00;0.0
2025-02-07 23:00:00;0.0
2025-02-07 23:15:00;0.0
2025-02-07 23:30:00;0.0
2025-02-07 23:45:00;0.0
2025-02-08 00:00:00;0.0
2025-02-08 00:15:00;0.0
2025-02-08 00:30:00;0.0
2025-02-08 00:45:00;0.0
2025-02-08 01:00:00;0.0
2025-02-08 01:15:00;0.0
2025-02-08 01:30:00;0.0
2025-02-08 01:45:00;0.0
2025-02-08 02:00:00;0.0
2025-02-08 02:15:00;0.0
2025-02-08 02:30:00;0.0
2025-02-08 02:45:00;0.0
2025-02-08 03:00:00;0.0
2025-02-08 03:15:00;0.0
2025-02-08 03:30:00;0.0
2025-02-08 03:45:00;0.0
2025-02-08 04:00:00;0.0
2025-02-08 04:15:00;0.0
2025-02-08 04:30:00;0.0
2025-02-08 04:45:00;0.0
2025-02-08 05:00:00;0.0
2025-02-08 05:15:00;0.0
2025-02-08 05:30:00;0.0
2025-02-08 05:45:00;0.0
2025-02-08 06:00:00;0.0
2025-02-08 06:15:00;0.0
2025-02-08 06:30:00;0.0
2025-02-08 06:45:00;0.0
2025-02-08 07:00:00;0.0
2025-02-08 07:15:00;0.0
2025-02-08 07:30:00;0.0
2025-02-08 07:45:00;0.0
2025-02-08 08:00:00;0.0
2025-02-08 08:15:00;0.0
2025-02-08 08:30:00;0.0
2025-02-08 08:45:00;0.0
2025-02-08 09:00:00;0.4131
2025-02-08 09:15:00;0.8701999999999999
2025-02-08 09:30:00;1.1526
2025-02-08 09:45:00;1.3591999999999997
2025-02-08 10:00:00;1.3983999999999999
2025-02-08 10:15:00;1.6999
2025-02-08 10:30:00;1.9918
2025-02-08 10:45:00;2.2047999999999996
2025-02-08 11:00:00;3.2423999999999995
2025-02-08 11:15:00;3.4276999999999997
2025-02-08 11:30:00;3.7475000000000005
2025-02-08 11:45:00;3.5738000000000003
2025-02-08 12:00:00;3.2519
2025-02-08 12:15:00;3.4307999999999996
2025-02-08 12:30:00;3.4861999999999997
2025-02-08 12:45:00;3.532
2025-02-08 13:00:00;3.3917
2025-02-08 13:15:00;3.3014
2025-02-08 13:30:00;3.1154
2025-02-08 13:45:00;3.3596000000000004
2025-02-08 14:00:00;2.5980999999999996
2025-02-08 14:15:00;2.7904
2025-02-08 14:30:00;2.5109
2025-02-08 14:45:00;2.4212
2025-02-08 15:00:00;2.5774999999999997
2025-02-08 15:15:00;2.3992999999999998
2025-02-08 15:30:00;2.2066999999999997
2025-02-08 15:45:00;1.8578000000000001
2025-02-08 16:00:00;1.2410999999999999
2025-02-08 16:15:00;0.9818000000000002
2025-02-08 16:30:00;0.6767999999999998
2025-02-08 16:45:00;0.39800000000000013
2025-02-08 17:00:00;0.0
2025-02-08 17:15:00;0.0
2025-02-08 17:30:00;0.0
2025-02-08 17:45:00;0.0
2025-02-08 18:00:00;0.0
2025-02-08 18:15:00;0.0
2025-02-08 18:30:00;0.0
2025-02-08 18:45:00;0.0
2025-02-08 19:00:00;0.0
2025-02-08 19:15:00;0.0
2025-02-08 19:30:00;0.0
2025-02-08 19:45:00;0.0
2025-02-08 20:00:00;0.0
2025-02-08 20:15:00;0.0
2025-02-08 20:30:00;0.0
2025-02-08 20:45:00;0.0
2025-02-08 21:00:00;0.0
2025-02-08 21:15:00;0.0
2025-02-08 21:30:00;0.0
2025-02-08 21:45:00;0.0
2025-02-08 22:00:00;0.0
2025-02-08 22:15:00;0.0
2025-02-08 22:30:00;0.0
2025-02-08 22:45:00;0.0
2025-02-08 23:00:00;0.0
2025-02-08 23:15:00;0.0
2025-02-08 23:30:00;0.0
2025-02-08 23:45:00;0.0
2025-02-09 00:00:00;0.0
2025-02-09 00:15:00;0.0
2025-02-09 00:30:00;0.0
2025-02-09 00:45:00;0.0
2025-02-09 01:00:00;0.0
2025-02-09 01:15:00;0.0
2025-02-09 01:30:00;0.0
2025-02-09 01:45:00;0.0
2025-02-09 02:00:00;0.0
2025-02-09 02:15:00;0.0
2025-02-09 02:30:00;0.0
2025-02-09 02:45:00;0.0
2025-02-09 03:00:00;0.0
2025-02-09 03:15:00;0.0
2025-02-09 03:30:00;0.0
2025-02-09 03:45:00;0.0
2025-02-09 04:00:00;0.0
2025-02-09 04:15:00;0.0
2025-02-09 04:30:00;0.0
2025-02-09 04:45:00;0.0
2025-02-09 05:00:00;0.0
2025-02-09 05:15:00;0.0
2025-02-09 05:30:00;0.0
2025-02-09 05:45:00;0.0
2025-02-09 06:00:00;0.0
2025-02-09 06:15:00;0.0
2025-02-09 06:30:00;0.0
2025-02-09 06:45:00;0.0
2025-02-09 07:00:00;0.0
2025-02-09 07:15:00;0.0
2025-02-09 07:30:00;0.0
2025-02-09 07:45:00;0.0
2025-02-09 08:00:00;0.0
2025-02-09 08:15:00;0.0
2025-02-09 08:30:00;0.0
2025-02-09 08:45:00;0.0
2025-02-09 09:00:00;0.0
2025-02-09 09:15:00;0.0
2025-02-09 09:30:00;0.0
2025-02-09 09:45:00;0.0
2025-02-09 10:00:00;0.18469999999999998
2025-02-09 10:15:00;0.2881999999999999
2025-02-09 10:30:00;0.3776999999999999
2025-02-09 10:45:00;0.5046999999999999
2025-02-09 11:00:00;0.2398
2025-02-09 11:15:00;0.22460000000000002
2025-02-09 11:30:00;0.3406
2025-02-09 11:45:00;0.38280000000000003
2025-02-09 12:00:00;0.6567000000000001
2025-02-09 12:15:00;0.6901999999999999
2025-02-09 12:30:00;0.6864999999999999
2025-02-09 12:45:00;0.8239000000000001
2025-02-09 13:00:00;0.8892
2025-02-09 13:15:00;0.8993
2025-02-09 13:30:00;0.8027
2025-02-09 13:45:00;0.8617000000000001
2025-02-09 14:00:00;0.7666000000000001
2025-02-09 14:15:00;0.7468
2025-02-09 14:30:00;0.7142
2025-02-09 14:45:00;0.5465
2025-02-09 15:00:00;0.5457
2025-02-09 15:15:00;0.39070000000000005
2025-02-09 15:30:00;0.3609
2025-02-09 15:45:00;0.12159999999999993
2025-02-09 16:00:00;0.04840000000000011
2025-02-09 16:15:00;0.0
2025-02-09 16:30:00;0.0
2025-02-09 16:45:00;0.0
2025-02-09 17:00:00;0.0
2025-02-09 17:15:00;0.0
2025-02-09 17:30:00;0.0
2025-02-09 17:45:00;0.0
2025-02-09 18:00:00;0.0
2025-02-09 18:15:00;0.0
2025-02-09 18:30:00;0.0
2025-02-09 18:45:00;0.0
2025-02-09 19:00:00;0.0
2025-02-09 19:15:00;0.0
2025-02-09 19:30:00;0.0
2025-02-09 19:45:00;0.0
2025-02-09 20:00:00;0.0
2025-02-09 20:15:00;0.0
2025-02-09 20:30:00;0.0
2025-02-09 20:45:00;0.0
2025-02-09 21:00:00;0.0
2025-02-09 21:15:00;0.0
2025-02-09 21:30:00;0.0
2025-02-09 21:45:00;0.0
2025-02-09 22:00:00;0.0
2025-02-09 22:15:00;0.0
2025-02-09 22:30:00;0.0
2025-02-09 22:45:00;0.0
2025-02-09 23:00:00;0.0
2025-02-09 23:15:00;0.0
2025-02-09 23:30:00;0.0
2025-02-09 23:45:00;0.0
2025-02-10 00:00:00;0.0
2025-02-10 00:15:00;0.0
2025-02-10 00:30:00;0.0
2025-02-10 00:45:00;0.0
2025-02-10 01:00:00;0.0
2025-02-10 01:15:00;0.0
2025-02-10 01:30:00;0.0
2025-02-10 01:45:00;0.0
2025-02-10 02:00:00;0.0
2025-02-10 02:15:00;0.0
2025-02-10 02:30:00;0.0
2025-02-10 02:45:00;0.0
2025-02-10 03:00:00;0.0
2025-02-10 03:15:00;0.0
2025-02-10 03:30:00;0.0
2025-02-10 03:45:00;0.0
2025-02-10 04:00:00;0.0
2025-02-10 04:15:00;0.0
2025-02-10 04:30:00;0.0
2025-02-10 04:45:00;0.0
2025-02-10 05:00:00;0.0
2025-02-10 05:15:00;0.0
2025-02-10 05:30:00;0.0
2025-02-10 05:45:00;0.0
2025-02-10 06:00:00;0.0
2025-02-10 06:15:00;0.0
2025-02-10 06:30:00;0.0
2025-02-10 06:45:00;0.0
2025-02-10 07:00:00;0.0
2025-02-10 07:15:00;0.0
2025-02-10 07:30:00;0.0
2025-02-10 07:45:00;0.0
2025-02-10 08:00:00;0.0
2025-02-10 08:15:00;0.0
2025-02-10 08:30:00;0.29059999999999997
2025-02-10 08:45:00;0.9699
2025-02-10 09:00:00;2.6515
2025-02-10 09:15:00;3.5741999999999994
2025-02-10 09:30:00;4.3725000000000005
2025-02-10 09:45:00;5.2115
2025-02-10 10:00:00;2.8402
2025-02-10 10:15:00;3.2673000000000005
2025-02-10 10:30:00;3.8441000000000005
2025-02-10 10:45:00;3.7092000000000005
2025-02-10 11:00:00;3.2510000000000003
2025-02-10 11:15:00;3.3247000000000004
2025-02-10 11:30:00;3.6001000000000003
2025-02-10 11:45:00;3.6342999999999996
2025-02-10 12:00:00;10.0403
2025-02-10 12:15:00;9.973799999999999
2025-02-10 12:30:00;10.1343
2025-02-10 12:45:00;10.3711
2025-02-10 13:00:00;10.9808
2025-02-10 13:15:00;11.1074
2025-02-10 13:30:00;11.4138
2025-02-10 13:45:00;11.0145
2025-02-10 14:00:00;9.291500000000001
2025-02-10 14:15:00;9.6812
2025-02-10 14:30:00;9.4009
2025-02-10 14:45:00;8.3889
2025-02-10 15:00:00;5.23
2025-02-10 15:15:00;4.9604
2025-02-10 15:30:00;4.627
2025-02-10 15:45:00;4.0879
2025-02-10 16:00:00;4.8133
2025-02-10 16:15:00;4.196400000000001
2025-02-10 16:30:00;3.3211999999999997
2025-02-10 16:45:00;2.6017
2025-02-10 17:00:00;2.3023
2025-02-10 17:15:00;1.3703999999999998
2025-02-10 17:30:00;0.48460000000000014
2025-02-10 17:45:00;0.0
2025-02-10 18:00:00;0.0
2025-02-10 18:15:00;0.0
2025-02-10 18:30:00;0.0
2025-02-10 18:45:00;0.0
2025-02-10 19:00:00;0.0
2025-02-10 19:15:00;0.0
2025-02-10 19:30:00;0.0
2025-02-10 19:45:00;0.0
2025-02-10 20:00:00;0.0
2025-02-10 20:15:00;0.0
2025-02-10 20:30:00;0.0
2025-02-10 20:45:00;0.0
2025-02-10 21:00:00;0.0
2025-02-10 21:15:00;0.0
2025-02-10 21:30:00;0.0
2025-02-10 21:45:00;0.0
2025-02-10 22:00:00;0.0
2025-02-10 22:15:00;0.0
2025-02-10 22:30:00;0.0
2025-02-10 22:45:00;0.0
2025-02-10 23:00:00;0.0
2025-02-10 23:15:00;0.0
2025-02-10 23:30:00;0.0
2025-02-10 23:45:00;0.0
2025-02-11 00:00:00;0.0
2025-02-11 00:15:00;0.0
2025-02-11 00:30:00;0.0
2025-02-11 00:45:00;0.0
2025-02-11 01:00:00;0.0
2025-02-11 01:15:00;0.0
2025-02-11 01:30:00;0.0
2025-02-11 01:45:00;0.0
2025-02-11 02:00:00;0.0
2025-02-11 02:15:00;0.0
2025-02-11 02:30:00;0.0
2025-02-11 02:45:00;0.0
2025-02-11 03:00:00;0.0
2025-02-11 03:15:00;0.0
2025-02-11 03:30:00;0.0
2025-02-11 03:45:00;0.0
2025-02-11 04:00:00;0.0
2025-02-11 04:15:00;0.0
2025-02-11 04:30:00;0.0
2025-02-11 04:45:00;0.0
2025-02-11 05:00:00;0.0
2025-02-11 05:15:00;0.0
2025-02-11 05:30:00;0.0
2025-02-11 05:45:00;0.0
2025-02-11 06:00:00;0.0
2025-02-11 06:15:00;0.0
2025-02-11 06:30:00;0.0
2025-02-11 06:45:00;0.0
2025-02-11 07:00:00;0.0
2025-02-11 07:15:00;0.0
2025-02-11 07:30:00;0.0
2025-02-11 07:45:00;0.0
2025-02-11 08:00:00;0.0
2025-02-11 08:15:00;0.0
2025-02-11 08:30:00;0.16159999999999997
2025-02-11 08:45:00;0.9352
2025-02-11 09:00:00;2.5258
2025-02-11 09:15:00;3.4958
2025-02-11 09:30:00;4.3832
2025-02-11 09:45:00;5.2836
2025-02-11 10:00:00;5.5783
2025-02-11 10:15:00;5.994300000000001
2025-02-11 10:30:00;6.3118
2025-02-11 10:45:00;7.2331
2025-02-11 11:00:00;6.986700000000001
2025-02-11 11:15:00;6.9363
2025-02-11 11:30:00;7.389099999999999
2025-02-11 11:45:00;8.2691
2025-02-11 12:00:00;10.4677
2025-02-11 12:15:00;10.69
2025-02-11 12:30:00;10.6494
2025-02-11 12:45:00;10.4465
2025-02-11 13:00:00;9.945
2025-02-11 13:15:00;9.362400000000001
2025-02-11 13:30:00;8.8384
2025-02-11 13:45:00;9.2138
2025-02-11 14:00:00;4.783
2025-02-11 14:15:00;4.4725
2025-02-11 14:30:00;4.4329
2025-02-11 14:45:00;4.333500000000001
2025-02-11 15:00:00;9.434
2025-02-11 15:15:00;9.064
2025-02-11 15:30:00;7.6003
2025-02-11 15:45:00;7.205
2025-02-11 16:00:00;7.1808
2025-02-11 16:15:00;6.5272
2025-02-11 16:30:00;4.9654
2025-02-11 16:45:00;4.2884
2025-02-11 17:00:00;2.7266000000000004
2025-02-11 17:15:00;1.3763
2025-02-11 17:30:00;0.29610000000000003
2025-02-11 17:45:00;0.0
2025-02-11 18:00:00;0.0
2025-02-11 18:15:00;0.0
2025-02-11 18:30:00;0.0
2025-02-11 18:45:00;0.0
2025-02-11 19:00:00;0.0
2025-02-11 19:15:00;0.0
2025-02-11 19:30:00;0.0
2025-02-11 19:45:00;0.0
2025-02-11 20:00:00;0.0
2025-02-11 20:15:00;0.0
2025-02-11 20:30:00;0.0
2025-02-11 20:45:00;0.0
2025-02-11 21:00:00;0.0
2025-02-11 21:15:00;0.0
2025-02-11 21:30:00;0.0
2025-02-11 21:45:00;0.0
2025-02-11 22:00:00;0.0
2025-02-11 22:15:00;0.0
2025-02-11 22:30:00;0.0
2025-02-11 22:45:00;0.0
2025-02-11 23:00:00;0.0
2025-02-11 23:15:00;0.0
2025-02-11 23:30:00;0.0
2025-02-11 23:45:00;0.0
2025-02-12 00:00:00;0.0
2025-02-12 00:15:00;0.0
2025-02-12 00:30:00;0.0
2025-02-12 00:45:00;0.0
2025-02-12 01:00:00;0.0
2025-02-12 01:15:00;0.0
2025-02-12 01:30:00;0.0
2025-02-12 01:45:00;0.0
2025-02-12 02:00:00;0.0
2025-02-12 02:15:00;0.0
2025-02-12 02:30:00;0.0
2025-02-12 02:45:00;0.0
2025-02-12 03:00:00;0.0
2025-02-12 03:15:00;0.0
2025-02-12 03:30:00;0.0
2025-02-12 03:45:00;0.0
2025-02-12 04:00:00;0.0
2025-02-12 04:15:00;0.0
2025-02-12 04:30:00;0.0
2025-02-12 04:45:00;0.0
2025-02-12 05:00:00;0.0
2025-02-12 05:15:00;0.0
2025-02-12 05:30:00;0.0
2025-02-12 05:45:00;0.0
2025-02-12 06:00:00;0.0
2025-02-12 06:15:00;0.0
2025-02-12 06:30:00;0.0
2025-02-12 06:45:00;0.0
2025-02-12 07:00:00;0.0
2025-02-12 07:15:00;0.0
2025-02-12 07:30:00;0.0
2025-02-12 07:45:00;0.0
2025-02-12 08:00:00;0.0
2025-02-12 08:15:00;0.0
2025-02-12 08:30:00;0.0
2025-02-12 08:45:00;0.0
2025-02-12 09:00:00;0.25449999999999995
2025-02-12 09:15:00;0.6145
2025-02-12 09:30:00;0.7853000000000001
2025-02-12 09:45:00;1.1215000000000002
2025-02-12 10:00:00;1.6962000000000002
2025-02-12 10:15:00;2.0814
2025-02-12 10:30:00;2.5427
2025-02-12 10:45:00;2.7094
2025-02-12 11:00:00;2.5715
2025-02-12 11:15:00;2.7466
2025-02-12 11:30:00;3.1432
2025-02-12 11:45:00;3.1972
2025-02-12 12:00:00;2.3545
2025-02-12 12:15:00;2.595
2025-02-12 12:30:00;2.5888999999999998
2025-02-12 12:45:00;2.8703
2025-02-12 13:00:00;3.9975
2025-02-12 13:15:00;4.1898
2025-02-12 13:30:00;3.9301999999999997
2025-02-12 13:45:00;3.8483
2025-02-12 14:00:00;3.2131
2025-02-12 14:15:00;3.357
2025-02-12 14:30:00;3.3565
2025-02-12 14:45:00;3.0429999999999997
2025-02-12 15:00:00;2.3742
2025-02-12 15:15:00;2.1820000000000004
2025-02-12 15:30:00;2.0115
2025-02-12 15:45:00;1.8899
2025-02-12 16:00:00;1.4120000000000001
2025-02-12 16:15:00;1.0823
2025-02-12 16:30:00;0.7636999999999998
2025-02-12 16:45:00;0.6631
2025-02-12 17:00:00;0.14389999999999992
2025-02-12 17:15:00;0.0
2025-02-12 17:30:00;0.0
2025-02-12 17:45:00;0.0
2025-02-12 18:00:00;0.0
2025-02-12 18:15:00;0.0
2025-02-12 18:30:00;0.0
2025-02-12 18:45:00;0.0
2025-02-12 19:00:00;0.0
2025-02-12 19:15:00;0.0
2025-02-12 19:30:00;0.0
2025-02-12 19:45:00;0.0
2025-02-12 20:00:00;0.0
2025-02-12 20:15:00;0.0
2025-02-12 20:30:00;0.0
2025-02-12 20:45:00;0.0
2025-02-12 21:00:00;0.0
2025-02-12 21:15:00;0.0
2025-02-12 21:30:00;0.0
2025-02-12 21:45:00;0.0
2025-02-12 22:00:00;0.0
2025-02-12 22:15:00;0.0
2025-02-12 22:30:00;0.0
2025-02-12 22:45:00;0.0
2025-02-12 23:00:00;0.0
2025-02-12 23:15:00;0.0
2025-02-12 23:30:00;0.0
2025-02-12 23:45:00;0.0
2025-02-13 00:00:00;0.0
2025-02-13 00:15:00;0.0
2025-02-13 00:30:00;0.0
2025-02-13 00:45:00;0.0
2025-02-13 01:00:00;0.0
2025-02-13 01:15:00;0.0
2025-02-13 01:30:00;0.0
2025-02-13 01:45:00;0.0
2025-02-13 02:00:00;0.0
2025-02-13 02:15:00;0.0
2025-02-13 02:30:00;0.0
2025-02-13 02:45:00;0.0
2025-02-13 03:00:00;0.0
2025-02-13 03:15:00;0.0
2025-02-13 03:30:00;0.0
2025-02-13 03:45:00;0.0
2025-02-13 04:00:00;0.0
2025-02-13 04:15:00;0.0
2025-02-13 04:30:00;0.0
2025-02-13 04:45:00;0.0
2025-02-13 05:00:00;0.0
2025-02-13 05:15:00;0.0
2025-02-13 05:30:00;0.0
2025-02-13 05:45:00;0.0
2025-02-13 06:00:00;0.0
2025-02-13 06:15:00;0.0
2025-02-13 06:30:00;0.0
2025-02-13 06:45:00;0.0
2025-02-13 07:00:00;0.0
2025-02-13 07:15:00;0.0
2025-02-13 07:30:00;0.0
2025-02-13 07:45:00;0.0
2025-02-13 08:00:00;0.0
2025-02-13 08:15:00;0.0
2025-02-13 08:30:00;0.0
2025-02-13 08:45:00;0.0
2025-02-13 09:00:00;0.2732999999999999
2025-02-13 09:15:00;0.6651
2025-02-13 09:30:00;1.0143
2025-02-13 09:45:00;1.3088000000000002
2025-02-13 10:00:00;1.4489999999999998
2025-02-13 10:15:00;1.9630999999999998
2025-02-13 10:30:00;2.1951
2025-02-13 10:45:00;2.3278
2025-02-13 11:00:00;2.7821000000000002
2025-02-13 11:15:00;2.7243
2025-02-13 11:30:00;3.0074000000000005
2025-02-13 11:45:00;3.3495
2025-02-13 12:00:00;3.4153000000000002
2025-02-13 12:15:00;3.4465
2025-02-13 12:30:00;3.4187000000000003
2025-02-13 12:45:00;3.5361999999999996
2025-02-13 13:00:00;3.3642000000000003
2025-02-13 13:15:00;3.0958999999999994
2025-02-13 13:30:00;3.3217
2025-02-13 13:45:00;3.1550999999999996
2025-02-13 14:00:00;3.673
2025-02-13 14:15:00;3.7375
2025-02-13 14:30:00;3.4763
2025-02-13 14:45:00;3.3898
2025-02-13 15:00:00;2.2363
2025-02-13 15:15:00;1.9010000000000002
2025-02-13 15:30:00;1.6351999999999998
2025-02-13 15:45:00;1.4324
2025-02-13 16:00:00;1.5945000000000003
2025-02-13 16:15:00;1.1538
2025-02-13 16:30:00;0.8079000000000001
2025-02-13 16:45:00;0.6149
2025-02-13 17:00:00;0.0
2025-02-13 17:15:00;0.0
2025-02-13 17:30:00;0.0
2025-02-13 17:45:00;0.0
2025-02-13 18:00:00;0.0
2025-02-13 18:15:00;0.0
2025-02-13 18:30:00;0.0
2025-02-13 18:45:00;0.0
2025-02-13 19:00:00;0.0
2025-02-13 19:15:00;0.0
2025-02-13 19:30:00;0.0
2025-02-13 19:45:00;0.0
2025-02-13 20:00:00;0.0
2025-02-13 20:15:00;0.0
2025-02-13 20:30:00;0.0
2025-02-13 20:45:00;0.0
2025-02-13 21:00:00;0.0
2025-02-13 21:15:00;0.0
2025-02-13 21:30:00;0.0
2025-02-13 21:45:00;0.0
2025-02-13 22:00:00;0.0
2025-02-13 22:15:00;0.0
2025-02-13 22:30:00;0.0
2025-02-13 22:45:00;0.0
2025-02-13 23:00:00;0.0
2025-02-13 23:15:00;0.0
2025-02-13 23:30:00;0.0
2025-02-13 23:45:00;0.0
2025-02-14 00:00:00;0.0
2025-02-14 00:15:00;0.0
2025-02-14 00:30:00;0.0
2025-02-14 00:45:00;0.0
2025-02-14 01:00:00;0.0
2025-02-14 01:15:00;0.0
2025-02-14 01:30:00;0.0
2025-02-14 01:45:00;0.0
2025-02-14 02:00:00;0.0
2025-02-14 02:15:00;0.0
2025-02-14 02:30:00;0.0
2025-02-14 02:45:00;0.0
2025-02-14 03:00:00;0.0
2025-02-14 03:15:00;0.0
2025-02-14 03:30:00;0.0
2025-02-14 03:45:00;0.0
2025-02-14 04:00:00;0.0
2025-02-14 04:15:00;0.0
2025-02-14 04:30:00;0.0
2025-02-14 04:45:00;0.0
2025-02-14 05:00:00;0.0
2025-02-14 05:15:00;0.0
2025-02-14 05:30:00;0.0
2025-02-14 05:45:00;0.0
2025-02-14 06:00:00;0.0
2025-02-14 06:15:00;0.0
2025-02-14 06:30:00;0.0
2025-02-14 06:45:00;0.0
2025-02-14 07:00:00;0.0
2025-02-14 07:15:00;0.0
2025-02-14 07:30:00;0.0
2025-02-14 07:45:00;0.0
2025-02-14 08:00:00;0.0
2025-02-14 08:15:00;0.0
2025-02-14 08:30:00;0.0
2025-02-14 08:45:00;0.0
2025-02-14 09:00:00;0.034499999999999975
2025-02-14 09:15:00;0.22649999999999992
2025-02-14 09:30:00;0.5419
2025-02-14 09:45:00;0.7831999999999999
2025-02-14 10:00:00;1.1829999999999998
2025-02-14 10:15:00;1.4677
2025-02-14 10:30:00;1.8671999999999997
2025-02-14 10:45:00;1.8545
2025-02-14 11:00:00;2.1587
2025-02-14 11:15:00;2.2693000000000003
2025-02-14 11:30:00;2.4338
2025-02-14 11:45:00;2.4913
2025-02-14 12:00:00;2.5254
2025-02-14 12:15:00;2.5743
2025-02-14 12:30:00;2.7375999999999996
2025-02-14 12:45:00;2.6491
2025-02-14 13:00:00;3.6933999999999996
2025-02-14 13:15:00;3.7141
2025-02-14 13:30:00;3.385
2025-02-14 13:45:00;3.3249999999999997
2025-02-14 14:00:00;3.0702
2025-02-14 14:15:00;3.158
2025-02-14 14:30:00;2.8239
2025-02-14 14:45:00;2.847
2025-02-14 15:00:00;2.4589
2025-02-14 15:15:00;2.1109
2025-02-14 15:30:00;1.8291999999999997
2025-02-14 15:45:00;1.7478
2025-02-14 16:00:00;1.1802000000000001
2025-02-14 16:15:00;0.9979
2025-02-14 16:30:00;0.5742
2025-02-14 16:45:00;0.3124
2025-02-14 17:00:00;0.0
2025-02-14 17:15:00;0.0
2025-02-14 17:30:00;0.0
2025-02-14 17:45:00;0.0
2025-02-14 18:00:00;0.0
2025-02-14 18:15:00;0.0
2025-02-14 18:30:00;0.0
2025-02-14 18:45:00;0.0
2025-02-14 19:00:00;0.0
2025-02-14 19:15:00;0.0
2025-02-14 19:30:00;0.0
2025-02-14 19:45:00;0.0
2025-02-14 20:00:00;0.0
2025-02-14 20:15:00;0.0
2025-02-14 20:30:00;0.0
2025-02-14 20:45:00;0.0
2025-02-14 21:00:00;0.0
2025-02-14 21:15:00;0.0
2025-02-14 21:30:00;0.0
2025-02-14 21:45:00;0.0
2025-02-14 22:00:00;0.0
2025-02-14 22:15:00;0.0
2025-02-14 22:30:00;0.0
2025-02-14 22:45:00;0.0
2025-02-14 23:00:00;0.0
2025-02-14 23:15:00;0.0
2025-02-14 23:30:00;0.0
2025-02-14 23:45:00;0.0
2025-02-15 00:00:00;0.0
2025-02-15 00:15:00;0.0
2025-02-15 00:30:00;0.0
2025-02-15 00:45:00;0.0
2025-02-15 01:00:00;0.0
2025-02-15 01:15:00;0.0
2025-02-15 01:30:00;0.0
2025-02-15 01:45:00;0.0
2025-02-15 02:00:00;0.0
2025-02-15 02:15:00;0.0
2025-02-15 02:30:00;0.0
2025-02-15 02:45:00;0.0
2025-02-15 03:00:00;0.0
2025-02-15 03:15:00;0.0
2025-02-15 03:30:00;0.0
2025-02-15 03:45:00;0.0
2025-02-15 04:00:00;0.0
2025-02-15 04:15:00;0.0
2025-02-15 04:30:00;0.0
2025-02-15 04:45:00;0.0
2025-02-15 05:00:00;0.0
2025-02-15 05:15:00;0.0
2025-02-15 05:30:00;0.0
2025-02-15 05:45:00;0.0
2025-02-15 06:00:00;0.0
2025-02-15 06:15:00;0.0
2025-02-15 06:30:00;0.0
2025-02-15 06:45:00;0.0
2025-02-15 07:00:00;0.0
2025-02-15 07:15:00;0.0
2025-02-15 07:30:00;0.0
2025-02-15 07:45:00;0.0
2025-02-15 08:00:00;0.0
2025-02-15 08:15:00;0.0
2025-02-15 08:30:00;0.0
2025-02-15 08:45:00;0.0
2025-02-15 09:00:00;0.34020000000000006
2025-02-15 09:15:00;0.6475
2025-02-15 09:30:00;0.9849999999999999
2025-02-15 09:45:00;1.2688000000000001
2025-02-15 10:00:00;1.4897999999999998
2025-02-15 10:15:00;1.7157
2025-02-15 10:30:00;2.0034
2025-02-15 10:45:00;2.122
2025-02-15 11:00:00;2.2695
2025-02-15 11:15:00;2.3571999999999997
2025-02-15 11:30:00;2.9455999999999998
2025-02-15 11:45:00;2.6314
2025-02-15 12:00:00;3.3984
2025-02-15 12:15:00;3.5246000000000004
2025-02-15 12:30:00;3.5023
2025-02-15 12:45:00;3.7075
2025-02-15 13:00:00;3.2908999999999997
2025-02-15 13:15:00;3.2869
2025-02-15 13:30:00;3.5016999999999996
2025-02-15 13:45:00;3.4656000000000002
2025-02-15 14:00:00;3.3162000000000003
2025-02-15 14:15:00;3.2777000000000003
2025-02-15 14:30:00;3.0106
2025-02-15 14:45:00;3.0008000000000004
2025-02-15 15:00:00;2.4192
2025-02-15 15:15:00;2.1067
2025-02-15 15:30:00;1.9679
2025-02-15 15:45:00;1.6736999999999997
2025-02-15 16:00:00;1.3365000000000002
2025-02-15 16:15:00;1.1022000000000003
2025-02-15 16:30:00;0.6881000000000002
2025-02-15 16:45:00;0.373
2025-02-15 17:00:00;0.0
2025-02-15 17:15:00;0.0
2025-02-15 17:30:00;0.0
2025-02-15 17:45:00;0.0
2025-02-15 18:00:00;0.0
2025-02-15 18:15:00;0.0
2025-02-15 18:30:00;0.0
2025-02-15 18:45:00;0.0
2025-02-15 19:00:00;0.0
2025-02-15 19:15:00;0.0
2025-02-15 19:30:00;0.0
2025-02-15 19:45:00;0.0
2025-02-15 20:00:00;0.0
2025-02-15 20:15:00;0.0
2025-02-15 20:30:00;0.0
2025-02-15 20:45:00;0.0
2025-02-15 21:00:00;0.0
2025-02-15 21:15:00;0.0
2025-02-15 21:30:00;0.0
2025-02-15 21:45:00;0.0
2025-02-15 22:00:00;0.0
2025-02-15 22:15:00;0.0
2025-02-15 22:30:00;0.0
2025-02-15 22:45:00;0.0
2025-02-15 23:00:00;0.0
2025-02-15 23:15:00;0.0
2025-02-15 23:30:00;0.0
2025-02-15 23:45:00;0.0
2025-02-16 00:00:00;0.0
2025-02-16 00:15:00;0.0
2025-02-16 00:30:00;0.0
2025-02-16 00:45:00;0.0
2025-02-16 01:00:00;0.0
2025-02-16 01:15:00;0.0
2025-02-16 01:30:00;0.0
2025-02-16 01:45:00;0.0
2025-02-16 02:00:00;0.0
2025-02-16 02:15:00;0.0
2025-02-16 02:30:00;0.0
2025-02-16 02:45:00;0.0
2025-02-16 03:00:00;0.0
2025-02-16 03:15:00;0.0
2025-02-16 03:30:00;0.0
2025-02-16 03:45:00;0.0
2025-02-16 04:00:00;0.0
2025-02-16 04:15:00;0.0
2025-02-16 04:30:00;0.0
2025-02-16 04:45:00;0.0
2025-02-16 05:00:00;0.0
2025-02-16 05:15:00;0.0
2025-02-16 05:30:00;0.0
2025-02-16 05:45:00;0.0
2025-02-16 06:00:00;0.0
2025-02-16 06:15:00;0.0
2025-02-16 06:30:00;0.0
2025-02-16 06:45:00;0.0
2025-02-16 07:00:00;0.0
2025-02-16 07:15:00;0.0
2025-02-16 07:30:00;0.0
2025-02-16 07:45:00;0.0
2025-02-16 08:00:00;0.0
2025-02-16 08:15:00;0.16460000000000008
2025-02-16 08:30:00;1.5276
2025-02-16 08:45:00;3.0856000000000003
2025-02-16 09:00:00;4.7771
2025-02-16 09:15:00;5.6434999999999995
2025-02-16 09:30:00;7.101100000000001
2025-02-16 09:45:00;7.783799999999999
2025-02-16 10:00:00;8.7434
2025-02-16 10:15:00;9.2158
2025-02-16 10:30:00;10.3887
2025-02-16 10:45:00;11.0803
2025-02-16 11:00:00;12.8162
2025-02-16 11:15:00;13.4607
2025-02-16 11:30:00;14.756499999999999
2025-02-16 11:45:00;14.6419
2025-02-16 12:00:00;18.3214
2025-02-16 12:15:00;18.051399999999997
2025-02-16 12:30:00;17.420499999999997
2025-02-16 12:45:00;17.1493
2025-02-16 13:00:00;14.2416
2025-02-16 13:15:00;14.674600000000002
2025-02-16 13:30:00;14.712
2025-02-16 13:45:00;13.919799999999999
2025-02-16 14:00:00;14.1373
2025-02-16 14:15:00;13.714
2025-02-16 14:30:00;13.2205
2025-02-16 14:45:00;13.938
2025-02-16 15:00:00;14.1608
2025-02-16 15:15:00;13.310599999999999
2025-02-16 15:30:00;12.3623
2025-02-16 15:45:00;11.0967
2025-02-16 16:00:00;9.618500000000001
2025-02-16 16:15:00;8.7845
2025-02-16 16:30:00;7.994300000000001
2025-02-16 16:45:00;5.9931
2025-02-16 17:00:00;3.5981
2025-02-16 17:15:00;2.5656999999999996
2025-02-16 17:30:00;0.9588999999999999
2025-02-16 17:45:00;0.0
2025-02-16 18:00:00;0.0
2025-02-16 18:15:00;0.0
2025-02-16 18:30:00;0.0
2025-02-16 18:45:00;0.0
2025-02-16 19:00:00;0.0
2025-02-16 19:15:00;0.0
2025-02-16 19:30:00;0.0
2025-02-16 19:45:00;0.0
2025-02-16 20:00:00;0.0
2025-02-16 20:15:00;0.0
2025-02-16 20:30:00;0.0
2025-02-16 20:45:00;0.0
2025-02-16 21:00:00;0.0
2025-02-16 21:15:00;0.0
2025-02-16 21:30:00;0.0
2025-02-16 21:45:00;0.0
2025-02-16 22:00:00;0.0
2025-02-16 22:15:00;0.0
2025-02-16 22:30:00;0.0
2025-02-16 22:45:00;0.0
2025-02-16 23:00:00;0.0
2025-02-16 23:15:00;0.0
2025-02-16 23:30:00;0.0
2025-02-16 23:45:00;0.0
2025-02-17 00:00:00;0.0
2025-02-17 00:15:00;0.0
2025-02-17 00:30:00;0.0
2025-02-17 00:45:00;0.0
2025-02-17 01:00:00;0.0
2025-02-17 01:15:00;0.0
2025-02-17 01:30:00;0.0
2025-02-17 01:45:00;0.0
2025-02-17 02:00:00;0.0
2025-02-17 02:15:00;0.0
2025-02-17 02:30:00;0.0
2025-02-17 02:45:00;0.0
2025-02-17 03:00:00;0.0
2025-02-17 03:15:00;0.0
2025-02-17 03:30:00;0.0
2025-02-17 03:45:00;0.0
2025-02-17 04:00:00;0.0
2025-02-17 04:15:00;0.0
2025-02-17 04:30:00;0.0
2025-02-17 04:45:00;0.0
2025-02-17 05:00:00;0.0
2025-02-17 05:15:00;0.0
2025-02-17 05:30:00;0.0
2025-02-17 05:45:00;0.0
2025-02-17 06:00:00;0.0
2025-02-17 06:15:00;0.0
2025-02-17 06:30:00;0.0
2025-02-17 06:45:00;0.0
2025-02-17 07:00:00;0.0
2025-02-17 07:15:00;0.0
2025-02-17 07:30:00;0.0
2025-02-17 07:45:00;0.0
2025-02-17 08:00:00;0.0
2025-02-17 08:15:00;0.0
2025-02-17 08:30:00;0.5762
2025-02-17 08:45:00;1.2690000000000001
2025-02-17 09:00:00;2.5025
2025-02-17 09:15:00;3.3605
2025-02-17 09:30:00;3.9482999999999997
2025-02-17 09:45:00;5.1640999999999995
2025-02-17 10:00:00;5.5861
2025-02-17 10:15:00;6.3211
2025-02-17 10:30:00;6.6495
2025-02-17 10:45:00;7.3953999999999995
2025-02-17 11:00:00;7.6823
2025-02-17 11:15:00;7.537
2025-02-17 11:30:00;8.1947
2025-02-17 11:45:00;9.124699999999999
2025-02-17 12:00:00;3.8319
2025-02-17 12:15:00;3.7925999999999997
2025-02-17 12:30:00;3.9662
2025-02-17 12:45:00;4.085
2025-02-17 13:00:00;9.6836
2025-02-17 13:15:00;9.304599999999999
2025-02-17 13:30:00;9.5795
2025-02-17 13:45:00;9.6913
2025-02-17 14:00:00;10.2287
2025-02-17 14:15:00;9.8079
2025-02-17 14:30:00;9.742099999999999
2025-02-17 14:45:00;9.625800000000002
2025-02-17 15:00:00;8.699900000000001
2025-02-17 15:15:00;7.3523
2025-02-17 15:30:00;7.5874999999999995
2025-02-17 15:45:00;6.3063
2025-02-17 16:00:00;4.8054
2025-02-17 16:15:00;3.9342000000000006
2025-02-17 16:30:00;3.5074
2025-02-17 16:45:00;2.6555999999999997
2025-02-17 17:00:00;1.0983000000000003
2025-02-17 17:15:00;0.4304999999999999
2025-02-17 17:30:00;0.0
2025-02-17 17:45:00;0.0
2025-02-17 18:00:00;0.0
2025-02-17 18:15:00;0.0
2025-02-17 18:30:00;0.0
2025-02-17 18:45:00;0.0
2025-02-17 19:00:00;0.0
2025-02-17 19:15:00;0.0
2025-02-17 19:30:00;0.0
2025-02-17 19:45:00;0.0
2025-02-17 20:00:00;0.0
2025-02-17 20:15:00;0.0
2025-02-17 20:30:00;0.0
2025-02-17 20:45:00;0.0
2025-02-17 21:00:00;0.0
2025-02-17 21:15:00;0.0
2025-02-17 21:30:00;0.0
2025-02-17 21:45:00;0.0
2025-02-17 22:00:00;0.0
2025-02-17 22:15:00;0.0
2025-02-17 22:30:00;0.0
2025-02-17 22:45:00;0.0
2025-02-17 23:00:00;0.0
2025-02-17 23:15:00;0.0
2025-02-17 23:30:00;0.0
2025-02-17 23:45:00;0.0
2025-02-18 00:00:00;0.0
2025-02-18 00:15:00;0.0
2025-02-18 00:30:00;0.0
2025-02-18 00:45:00;0.0
2025-02-18 01:00:00;0.0
2025-02-18 01:15:00;0.0
2025-02-18 01:30:00;0.0
2025-02-18 01:45:00;0.0
2025-02-18 02:00:00;0.0
2025-02-18 02:15:00;0.0
2025-02-18 02:30:00;0.0
2025-02-18 02:45:00;0.0
2025-02-18 03:00:00;0.0
2025-02-18 03:15:00;0.0
2025-02-18 03:30:00;0.0
2025-02-18 03:45:00;0.0
2025-02-18 04:00:00;0.0
2025-02-18 04:15:00;0.0
2025-02-18 04:30:00;0.0
2025-02-18 04:45:00;0.0
2025-02-18 05:00:00;0.0
2025-02-18 05:15:00;0.0
2025-02-18 05:30:00;0.0
2025-02-18 05:45:00;0.0
2025-02-18 06:00:00;0.0
2025-02-18 06:15:00;0.0
2025-02-18 06:30:00;0.0
2025-02-18 06:45:00;0.0
2025-02-18 07:00:00;0.0
2025-02-18 07:15:00;0.0
2025-02-18 07:30:00;0.0
2025-02-18 07:45:00;0.0
2025-02-18 08:00:00;0.0
2025-02-18 08:15:00;0.0
2025-02-18 08:30:00;0.3226
2025-02-18 08:45:00;1.0717
2025-02-18 09:00:00;2.5368
2025-02-18 09:15:00;3.4842000000000004
2025-02-18 09:30:00;4.6286
2025-02-18 09:45:00;5.6992
2025-02-18 10:00:00;5.740600000000001
2025-02-18 10:15:00;6.0311
2025-02-18 10:30:00;6.976
2025-02-18 10:45:00;7.4172
2025-02-18 11:00:00;4.222499999999999
2025-02-18 11:15:00;3.9759
2025-02-18 11:30:00;4.715599999999999
2025-02-18 11:45:00;4.6974
2025-02-18 12:00:00;8.0866
2025-02-18 12:15:00;8.774500000000002
2025-02-18 12:30:00;8.9431
2025-02-18 12:45:00;8.8225
2025-02-18 13:00:00;10.466999999999999
2025-02-18 13:15:00;10.455
2025-02-18 13:30:00;10.4367
2025-02-18 13:45:00;10.3598
2025-02-18 14:00:00;8.8656
2025-02-18 14:15:00;9.3329
2025-02-18 14:30:00;8.5043
2025-02-18 14:45:00;8.5014
2025-02-18 15:00:00;3.2851999999999997
2025-02-18 15:15:00;3.2685000000000004
2025-02-18 15:30:00;3.0349
2025-02-18 15:45:00;2.5568
2025-02-18 16:00:00;4.5421
2025-02-18 16:15:00;4.3096
2025-02-18 16:30:00;3.3991999999999996
2025-02-18 16:45:00;2.8555
2025-02-18 17:00:00;0.0
2025-02-18 17:15:00;0.0
2025-02-18 17:30:00;0.0
2025-02-18 17:45:00;0.0
2025-02-18 18:00:00;0.0
2025-02-18 18:15:00;0.0
2025-02-18 18:30:00;0.0
2025-02-18 18:45:00;0.0
2025-02-18 19:00:00;0.0
2025-02-18 19:15:00;0.0
2025-02-18 19:30:00;0.0
2025-02-18 19:45:00;0.0
2025-02-18 20:00:00;0.0
2025-02-18 20:15:00;0.0
2025-02-18 20:30:00;0.0
2025-02-18 20:45:00;0.0
2025-02-18 21:00:00;0.0
2025-02-18 21:15:00;0.0
2025-02-18 21:30:00;0.0
2025-02-18 21:45:00;0.0
2025-02-18 22:00:00;0.0
2025-02-18 22:15:00;0.0
2025-02-18 22:30:00;0.0
2025-02-18 22:45:00;0.0
2025-02-18 23:00:00;0.0
2025-02-18 23:15:00;0.0
2025-02-18 23:30:00;0.0
2025-02-18 23:45:00;0.0
2025-02-19 00:00:00;0.0
2025-02-19 00:15:00;0.0
2025-02-19 00:30:00;0.0
2025-02-19 00:45:00;0.0
2025-02-19 01:00:00;0.0
2025-02-19 01:15:00;0.0
2025-02-19 01:30:00;0.0
2025-02-19 01:45:00;0.0
2025-02-19 02:00:00;0.0
2025-02-19 02:15:00;0.0
2025-02-19 02:30:00;0.0
2025-02-19 02:45:00;0.0
2025-02-19 03:00:00;0.0
2025-02-19 03:15:00;0.0
2025-02-19 03:30:00;0.0
2025-02-19 03:45:00;0.0
2025-02-19 04:00:00;0.0
2025-02-19 04:15:00;0.0
2025-02-19 04:30:00;0.0
2025-02-19 04:45:00;0.0
2025-02-19 05:00:00;0.0
2025-02-19 05:15:00;0.0
2025-02-19 05:30:00;0.0
2025-02-19 05:45:00;0.0
2025-02-19 06:00:00;0.0
2025-02-19 06:15:00;0.0
2025-02-19 06:30:00;0.0
2025-02-19 06:45:00;0.0
2025-02-19 07:00:00;0.0
2025-02-19 07:15:00;0.0
2025-02-19 07:30:00;0.0
2025-02-19 07:45:00;0.0
2025-02-19 08:00:00;0.0
2025-02-19 08:15:00;0.0
2025-02-19 08:30:00;1.4773
2025-02-19 08:45:00;2.6984000000000004
2025-02-19 09:00:00;4.875
2025-02-19 09:15:00;6.5649999999999995
2025-02-19 09:30:00;8.003
2025-02-19 09:45:00;9.184000000000001
2025-02-19 10:00:00;8.776
2025-02-19 10:15:00;9.6905
2025-02-19 10:30:00;11.2778
2025-02-19 10:45:00;11.770999999999999
2025-02-19 11:00:00;11.3614
2025-02-19 11:15:00;11.886299999999999
2025-02-19 11:30:00;12.698599999999999
2025-02-19 11:45:00;12.7759
2025-02-19 12:00:00;16.1356
2025-02-19 12:15:00;16.726499999999998
2025-02-19 12:30:00;16.4019
2025-02-19 12:45:00;17.2624
2025-02-19 13:00:00;14.9671
2025-02-19 13:15:00;15.7875
2025-02-19 13:30:00;14.601799999999999
2025-02-19 13:45:00;15.4129
2025-02-19 14:00:00;17.2743
2025-02-19 14:15:00;16.5576
2025-02-19 14:30:00;14.664200000000001
2025-02-19 14:45:00;14.425799999999999
2025-02-19 15:00:00;12.0661
2025-02-19 15:15:00;11.7386
2025-02-19 15:30:00;10.154100000000001
2025-02-19 15:45:00;9.002699999999999
2025-02-19 16:00:00;7.5653999999999995
2025-02-19 16:15:00;6.864400000000001
2025-02-19 16:30:00;5.4964
2025-02-19 16:45:00;4.4003
2025-02-19 17:00:00;3.3152
2025-02-19 17:15:00;2.2217000000000002
2025-02-19 17:30:00;0.9076000000000002
2025-02-19 17:45:00;0.0
2025-02-19 18:00:00;0.0
2025-02-19 18:15:00;0.0
2025-02-19 18:30:00;0.0
2025-02-19 18:45:00;0.0
2025-02-19 19:00:00;0.0
2025-02-19 19:15:00;0.0
2025-02-19 19:30:00;0.0
2025-02-19 19:45:00;0.0
2025-02-19 20:00:00;0.0
2025-02-19 20:15:00;0.0
2025-02-19 20:30:00;0.0
2025-02-19 20:45:00;0.0
2025-02-19 21:00:00;0.0
2025-02-19 21:15:00;0.0
2025-02-19 21:30:00;0.0
2025-02-19 21:45:00;0.0
2025-02-19 22:00:00;0.0
2025-02-19 22:15:00;0.0
2025-02-19 22:30:00;0.0
2025-02-19 22:45:00;0.0
2025-02-19 23:00:00;0.0
2025-02-19 23:15:00;0.0
2025-02-19 23:30:00;0.0
2025-02-19 23:45:00;0.0
2025-02-20 00:00:00;0.0
2025-02-20 00:15:00;0.0
2025-02-20 00:30:00;0.0
2025-02-20 00:45:00;0.0
2025-02-20 01:00:00;0.0
2025-02-20 01:15:00;0.0
2025-02-20 01:30:00;0.0
2025-02-20 01:45:00;0.0
2025-02-20 02:00:00;0.0
2025-02-20 02:15:00;0.0
2025-02-20 02:30:00;0.0
2025-02-20 02:45:00;0.0
2025-02-20 03:00:00;0.0
2025-02-20 03:15:00;0.0
2025-02-20 03:30:00;0.0
2025-02-20 03:45:00;0.0
2025-02-20 04:00:00;0.0
2025-02-20 04:15:00;0.0
2025-02-20 04:30:00;0.0
2025-02-20 04:45:00;0.0
2025-02-20 05:00:00;0.0
2025-02-20 05:15:00;0.0
2025-02-20 05:30:00;0.0
2025-02-20 05:45:00;0.0
2025-02-20 06:00:00;0.0
2025-02-20 06:15:00;0.0
2025-02-20 06:30:00;0.0
2025-02-20 06:45:00;0.0
2025-02-20 07:00:00;0.0
2025-02-20 07:15:00;0.0
2025-02-20 07:30:00;0.0
2025-02-20 07:45:00;0.0
2025-02-20 08:00:00;0.0
2025-02-20 08:15:00;0.0
2025-02-20 08:30:00;0.0
2025-02-20 08:45:00;0.0
2025-02-20 09:00:00;0.39669999999999983
2025-02-20 09:15:00;0.6958
2025-02-20 09:30:00;1.0660999999999998
2025-02-20 09:45:00;1.4511000000000003
2025-02-20 10:00:00;1.4264000000000001
2025-02-20 10:15:00;1.4785
2025-02-20 10:30:00;1.9129
2025-02-20 10:45:00;1.9936000000000003
2025-02-20 11:00:00;2.6442
2025-02-20 11:15:00;2.7613
2025-02-20 11:30:00;2.9412000000000003
2025-02-20 11:45:00;3.0747
2025-02-20 12:00:00;3.1983
2025-02-20 12:15:00;3.0336999999999996
2025-02-20 12:30:00;3.1297999999999995
2025-02-20 12:45:00;3.008
2025-02-20 13:00:00;3.4724
2025-02-20 13:15:00;3.1703
2025-02-20 13:30:00;3.1185
2025-02-20 13:45:00;2.8907
2025-02-20 14:00:00;2.7353
2025-02-20 14:15:00;2.6808
2025-02-20 14:30:00;2.4302
2025-02-20 14:45:00;2.4726000000000004
2025-02-20 15:00:00;2.0941
2025-02-20 15:15:00;1.8973999999999998
2025-02-20 15:30:00;1.7223
2025-02-20 15:45:00;1.5122
2025-02-20 16:00:00;1.7644000000000002
2025-02-20 16:15:00;1.3776000000000002
2025-02-20 16:30:00;1.2187000000000001
2025-02-20 16:45:00;0.7603
2025-02-20 17:00:00;0.0
2025-02-20 17:15:00;0.0
2025-02-20 17:30:00;0.0
2025-02-20 17:45:00;0.0
2025-02-20 18:00:00;0.0
2025-02-20 18:15:00;0.0
2025-02-20 18:30:00;0.0
2025-02-20 18:45:00;0.0
2025-02-20 19:00:00;0.0
2025-02-20 19:15:00;0.0
2025-02-20 19:30:00;0.0
2025-02-20 19:45:00;0.0
2025-02-20 20:00:00;0.0
2025-02-20 20:15:00;0.0
2025-02-20 20:30:00;0.0
2025-02-20 20:45:00;0.0
2025-02-20 21:00:00;0.0
2025-02-20 21:15:00;0.0
2025-02-20 21:30:00;0.0
2025-02-20 21:45:00;0.0
2025-02-20 22:00:00;0.0
2025-02-20 22:15:00;0.0
2025-02-20 22:30:00;0.0
2025-02-20 22:45:00;0.0
2025-02-20 23:00:00;0.0
2025-02-20 23:15:00;0.0
2025-02-20 23:30:00;0.0
2025-02-20 23:45:00;0.0
2025-02-21 00:00:00;0.0
2025-02-21 00:15:00;0.0
2025-02-21 00:30:00;0.0
2025-02-21 00:45:00;0.0
2025-02-21 01:00:00;0.0
2025-02-21 01:15:00;0.0
2025-02-21 01:30:00;0.0
2025-02-21 01:45:00;0.0
2025-02-21 02:00:00;0.0
2025-02-21 02:15:00;0.0
2025-02-21 02:30:00;0.0
2025-02-21 02:45:00;0.0
2025-02-21 03:00:00;0.0
2025-02-21 03:15:00;0.0
2025-02-21 03:30:00;0.0
2025-02-21 03:45:00;0.0
2025-02-21 04:00:00;0.0
2025-02-21 04:15:00;0.0
2025-02-21 04:30:00;0.0
2025-02-21 04:45:00;0.0
2025-02-21 05:00:00;0.0
2025-02-21 05:15:00;0.0
2025-02-21 05:30:00;0.0
2025-02-21 05:45:00;0.0
2025-02-21 06:00:00;0.0
2025-02-21 06:15:00;0.0
2025-02-21 06:30:00;0.0
2025-02-21 06:45:00;0.0
2025-02-21 07:00:00;0.0
2025-02-21 07:15:00;0.0
2025-02-21 07:30:00;0.0
2025-02-21 07:45:00;0.0
2025-02-21 08:00:00;0.0
2025-02-21 08:15:00;0.0
2025-02-21 08:30:00;0.24690000000000012
2025-02-21 08:45:00;1.0865999999999998
2025-02-21 09:00:00;1.6633
2025-02-21 09:15:00;2.4231
2025-02-21 09:30:00;2.9073
2025-02-21 09:45:00;3.5176
2025-02-21 10:00:00;5.5031
2025-02-21 10:15:00;5.8963
2025-02-21 10:30:00;6.5083
2025-02-21 10:45:00;7.0095
2025-02-21 11:00:00;8.0099
2025-02-21 11:15:00;8.5184
2025-02-21 11:30:00;9.0056
2025-02-21 11:45:00;9.6047
2025-02-21 12:00:00;3.4886000000000004
2025-02-21 12:15:00;3.3921
2025-02-21 12:30:00;3.5671
2025-02-21 12:45:00;3.3945000000000003
2025-02-21 13:00:00;9.6167
2025-02-21 13:15:00;9.775
2025-02-21 13:30:00;9.402700000000001
2025-02-21 13:45:00;9.5491
2025-02-21 14:00:00;8.3337
2025-02-21 14:15:00;7.770599999999999
2025-02-21 14:30:00;7.389100000000001
2025-02-21 14:45:00;7.052
2025-02-21 15:00:00;6.271999999999999
2025-02-21 15:15:00;5.8923
2025-02-21 15:30:00;5.2027
2025-02-21 15:45:00;5.2111
2025-02-21 16:00:00;6.0668
2025-02-21 16:15:00;5.2554
2025-02-21 16:30:00;4.1992
2025-02-21 16:45:00;3.6217999999999995
2025-02-21 17:00:00;1.0459
2025-02-21 17:15:00;0.40170000000000017
2025-02-21 17:30:00;0.0
2025-02-21 17:45:00;0.0
2025-02-21 18:00:00;0.0
2025-02-21 18:15:00;0.0
2025-02-21 18:30:00;0.0
2025-02-21 18:45:00;0.0
2025-02-21 19:00:00;0.0
2025-02-21 19:15:00;0.0
2025-02-21 19:30:00;0.0
2025-02-21 19:45:00;0.0
2025-02-21 20:00:00;0.0
2025-02-21 20:15:00;0.0
2025-02-21 20:30:00;0.0
2025-02-21 20:45:00;0.0
2025-02-21 21:00:00;0.0
2025-02-21 21:15:00;0.0
2025-02-21 21:30:00;0.0
2025-02-21 21:45:00;0.0
2025-02-21 22:00:00;0.0
2025-02-21 22:15:00;0.0
2025-02-21 22:30:00;0.0
2025-02-21 22:45:00;0.0
2025-02-21 23:00:00;0.0
2025-02-21 23:15:00;0.0
2025-02-21 23:30:00;0.0
2025-02-21 23:45:00;0.0
2025-02-22 00:00:00;0.0
2025-02-22 00:15:00;0.0
2025-02-22 00:30:00;0.0
2025-02-22 00:45:00;0.0
2025-02-22 01:00:00;0.0
2025-02-22 01:15:00;0.0
2025-02-22 01:30:00;0.0
2025-02-22 01:45:00;0.0
2025-02-22 02:00:00;0.0
2025-02-22 02:15:00;0.0
2025-02-22 02:30:00;0.0
2025-02-22 02:45:00;0.0
2025-02-22 03:00:00;0.0
2025-02-22 03:15:00;0.0
2025-02-22 03:30:00;0.0
2025-02-22 03:45:00;0.0
2025-02-22 04:00:00;0.0
2025-02-22 04:15:00;0.0
2025-02-22 04:30:00;0.0
2025-02-22 04:45:00;0.0
2025-02-22 05:00:00;0.0
2025-02-22 05:15:00;0.0
2025-02-22 05:30:00;0.0
2025-02-22 05:45:00;0.0
2025-02-22 06:00:00;0.0
2025-02-22 06:15:00;0.0
2025-02-22 06:30:00;0.0
2025-02-22 06:45:00;0.0
2025-02-22 07:00:00;0.0
2025-02-22 07:15:00;0.0
2025-02-22 07:30:00;0.0
2025-02-22 07:45:00;0.0
2025-02-22 08:00:00;0.0
2025-02-22 08:15:00;0.0
2025-02-22 08:30:00;0.0
2025-02-22 08:45:00;0.0
2025-02-22 09:00:00;0.0
2025-02-22 09:15:00;0.0
2025-02-22 09:30:00;0.041200000000000014
2025-02-22 09:45:00;0.12550000000000006
2025-02-22 10:00:00;0.12559999999999993
2025-02-22 10:15:00;0.24940000000000007
2025-02-22 10:30:00;0.37240000000000006
2025-02-22 10:45:00;0.48109999999999986
2025-02-22 11:00:00;0.4677
2025-02-22 11:15:00;0.5756
2025-02-22 11:30:00;0.5262999999999999
2025-02-22 11:45:00;0.614
2025-02-22 12:00:00;0.22689999999999988
2025-02-22 12:15:00;0.3145
2025-02-22 12:30:00;0.3086
2025-02-22 12:45:00;0.37139999999999995
2025-02-22 13:00:00;0.7330000000000001
2025-02-22 13:15:00;0.6748
2025-02-22 13:30:00;0.7347000000000001
2025-02-22 13:45:00;0.5234000000000001
2025-02-22 14:00:00;0.7732000000000001
2025-02-22 14:15:00;0.7977999999999998
2025-02-22 14:30:00;0.7072999999999999
2025-02-22 14:45:00;0.6505
2025-02-22 15:00:00;0.5102
2025-02-22 15:15:00;0.5084000000000001
2025-02-22 15:30:00;0.3056
2025-02-22 15:45:00;0.3033999999999999
2025-02-22 16:00:00;0.0
2025-02-22 16:15:00;0.0
2025-02-22 16:30:00;0.0
2025-02-22 16:45:00;0.0
2025-02-22 17:00:00;0.0
2025-02-22 17:15:00;0.0
2025-02-22 17:30:00;0.0
2025-02-22 17:45:00;0.0
2025-02-22 18:00:00;0.0
2025-02-22 18:15:00;0.0
2025-02-22 18:30:00;0.0
2025-02-22 18:45:00;0.0
2025-02-22 19:00:00;0.0
2025-02-22 19:15:00;0.0
2025-02-22 19:30:00;0.0
2025-02-22 19:45:00;0.0
2025-02-22 20:00:00;0.0
2025-02-22 20:15:00;0.0
2025-02-22 20:30:00;0.0
2025-02-22 20:45:00;0.0
2025-02-22 21:00:00;0.0
2025-02-22 21:15:00;0.0
2025-02-22 21:30:00;0.0
2025-02-22 21:45:00;0.0
2025-02-22 22:00:00;0.0
2025-02-22 22:15:00;0.0
2025-02-22 22:30:00;0.0
2025-02-22 22:45:00;0.0
2025-02-22 23:00:00;0.0
2025-02-22 23:15:00;0.0
2025-02-22 23:30:00;0.0
2025-02-22 23:45:00;0.0
2025-02-23 00:00:00;0.0
2025-02-23 00:15:00;0.0
2025-02-23 00:30:00;0.0
2025-02-23 00:45:00;0.0
2025-02-23 01:00:00;0.0
2025-02-23 01:15:00;0.0
2025-02-23 01:30:00;0.0
2025-02-23 01:45:00;0.0
2025-02-23 02:00:00;0.0
2025-02-23 02:15:00;0.0
2025-02-23 02:30:00;0.0
2025-02-23 02:45:00;0.0
2025-02-23 03:00:00;0.0
2025-02-23 03:15:00;0.0
2025-02-23 03:30:00;0.0
2025-02-23 03:45:00;0.0
2025-02-23 04:00:00;0.0
2025-02-23 04:15:00;0.0
2025-02-23 04:30:00;0.0
2025-02-23 04:45:00;0.0
2025-02-23 05:00:00;0.0
2025-02-23 05:15:00;0.0
2025-02-23 05:30:00;0.0
2025-02-23 05:45:00;0.0
2025-02-23 06:00:00;0.0
2025-02-23 06:15:00;0.0
2025-02-23 06:30:00;0.0
2025-02-23 06:45:00;0.0
2025-02-23 07:00:00;0.0
2025-02-23 07:15:00;0.0
2025-02-23 07:30:00;0.0
2025-02-23 07:45:00;0.0
2025-02-23 08:00:00;0.0
2025-02-23 08:15:00;0.0
2025-02-23 08:30:00;0.6007
2025-02-23 08:45:00;1.3578999999999999
2025-02-23 09:00:00;2.4817
2025-02-23 09:15:00;3.3256
2025-02-23 09:30:00;4.129300000000001
2025-02-23 09:45:00;5.1433
2025-02-23 10:00:00;5.5102
2025-02-23 10:15:00;6.0985000000000005
2025-02-23 10:30:00;6.5169
2025-02-23 10:45:00;7.459900000000001
2025-02-23 11:00:00;3.1256
2025-02-23 11:15:00;3.2525000000000004
2025-02-23 11:30:00;3.5138000000000003
2025-02-23 11:45:00;3.8680000000000003
2025-02-23 12:00:00;3.4549
2025-02-23 12:15:00;3.3474000000000004
2025-02-23 12:30:00;3.3615999999999997
2025-02-23 12:45:00;3.5134999999999996
2025-02-23 13:00:00;10.418
2025-02-23 13:15:00;10.9386
2025-02-23 13:30:00;11.1471
2025-02-23 13:45:00;10.712
2025-02-23 14:00:00;8.6045
2025-02-23 14:15:00;8.504
2025-02-23 14:30:00;8.5813
2025-02-23 14:45:00;7.8646
2025-02-23 15:00:00;4.263
2025-02-23 15:15:00;4.0648
2025-02-23 15:30:00;3.9901
2025-02-23 15:45:00;3.6468
2025-02-23 16:00:00;5.7122
2025-02-23 16:15:00;5.289499999999999
2025-02-23 16:30:00;4.2935
2025-02-23 16:45:00;3.3284000000000002
2025-02-23 17:00:00;1.7245
2025-02-23 17:15:00;0.9163000000000001
2025-02-23 17:30:00;0.14250000000000007
2025-02-23 17:45:00;0.0
2025-02-23 18:00:00;0.0
2025-02-23 18:15:00;0.0
2025-02-23 18:30:00;0.0
2025-02-23 18:45:00;0.0
2025-02-23 19:00:00;0.0
2025-02-23 19:15:00;0.0
2025-02-23 19:30:00;0.0
2025-02-23 19:45:00;0.0
2025-02-23 20:00:00;0.0
2025-02-23 20:15:00;0.0
2025-02-23 20:30:00;0.0
2025-02-23 20:45:00;0.0
2025-02-23 21:00:00;0.0
2025-02-23 21:15:00;0.0
2025-02-23 21:30:00;0.0
2025-02-23 21:45:00;0.0
2025-02-23 22:00:00;0.0
2025-02-23 22:15:00;0.0
2025-02-23 22:30:00;0.0
2025-02-23 22:45:00;0.0
2025-02-23 23:00:00;0.0
2025-02-23 23:15:00;0.0
2025-02-23 23:30:00;0.0
2025-02-23 23:45:00;0.0
2025-02-24 00:00:00;0.0
2025-02-24 00:15:00;0.0
2025-02-24 00:30:00;0.0
2025-02-24 00:45:00;0.0
2025-02-24 01:00:00;0.0
2025-02-24 01:15:00;0.0
2025-02-24 01:30:00;0.0
2025-02-24 01:45:00;0.0
2025-02-24 02:00:00;0.0
2025-02-24 02:15:00;0.0
2025-02-24 02:30:00;0.0
2025-02-24 02:45:00;0.0
2025-02-24 03:00:00;0.0
2025-02-24 03:15:00;0.0
2025-02-24 03:30:00;0.0
2025-02-24 03:45:00;0.0
2025-02-24 04:00:00;0.0
2025-02-24 04:15:00;0.0
2025-02-24 04:30:00;0.0
2025-02-24 04:45:00;0.0
2025-02-24 05:00:00;0.0
2025-02-24 05:15:00;0.0
2025-02-24 05:30:00;0.0
2025-02-24 05:45:00;0.0
2025-02-24 06:00:00;0.0
2025-02-24 06:15:00;0.0
2025-02-24 06:30:00;0.0
2025-02-24 06:45:00;0.0
2025-02-24 07:00:00;0.0
2025-02-24 07:15:00;0.0
2025-02-24 07:30:00;0.0
2025-02-24 07:45:00;0.0
2025-02-24 08:00:00;0.0
2025-02-24 08:15:00;0.0
2025-02-24 08:30:00;0.0
2025-02-24 08:45:00;0.0
2025-02-24 09:00:00;0.0
2025-02-24 09:15:00;0.0
2025-02-24 09:30:00;0.0
2025-02-24 09:45:00;0.0
2025-02-24 10:00:00;0.1641999999999999
2025-02-24 10:15:00;0.3237
2025-02-24 10:30:00;0.3979999999999999
2025-02-24 10:45:00;0.5059000000000001
2025-02-24 11:00:00;0.5267000000000001
2025-02-24 11:15:00;0.5192
2025-02-24 11:30:00;0.5567000000000001
2025-02-24 11:45:00;0.5927000000000001
2025-02-24 12:00:00;0.835
2025-02-24 12:15:00;0.7257000000000001
2025-02-24 12:30:00;0.7831000000000001
2025-02-24 12:45:00;0.868
2025-02-24 13:00:00;0.6902
2025-02-24 13:15:00;0.6610999999999999
2025-02-24 13:30:00;0.7138999999999999
2025-02-24 13:45:00;0.6711
2025-02-24 14:00:00;0.8160999999999999
2025-02-24 14:15:00;0.8978999999999999
2025-02-24 14:30:00;0.7848
2025-02-24 14:45:00;0.7578
2025-02-24 15:00:00;0.4526
2025-02-24 15:15:00;0.4316
2025-02-24 15:30:00;0.22870000000000001
2025-02-24 15:45:00;0.25649999999999995
2025-02-24 16:00:00;0.0
2025-02-24 16:15:00;0.0
2025-02-24 16:30:00;0.0
2025-02-24 16:45:00;0.0
2025-02-24 17:00:00;0.0
2025-02-24 17:15:00;0.0
2025-02-24 17:30:00;0.0
2025-02-24 17:45:00;0.0
2025-02-24 18:00:00;0.0
2025-02-24 18:15:00;0.0
2025-02-24 18:30:00;0.0
2025-02-24 18:45:00;0.0
2025-02-24 19:00:00;0.0
2025-02-24 19:15:00;0.0
2025-02-24 19:30:00;0.0
2025-02-24 19:45:00;0.0
2025-02-24 20:00:00;0.0
2025-02-24 20:15:00;0.0
2025-02-24 20:30:00;0.0
2025-02-24 20:45:00;0.0
2025-02-24 21:00:00;0.0
2025-02-24 21:15:00;0.0
2025-02-24 21:30:00;0.0
2025-02-24 21:45:00;0.0
2025-02-24 22:00:00;0.0
2025-02-24 22:15:00;0.0
2025-02-24 22:30:00;0.0
2025-02-24 22:45:00;0.0
2025-02-24 23:00:00;0.0
2025-02-24 23:15:00;0.0
2025-02-24 23:30:00;0.0
2025-02-24 23:45:00;0.0
2025-02-25 00:00:00;0.0
2025-02-25 00:15:00;0.0
2025-02-25 00:30:00;0.0
2025-02-25 00:45:00;0.0
2025-02-25 01:00:00;0.0
2025-02-25 01:15:00;0.0
2025-02-25 01:30:00;0.0
2025-02-25 01:45:00;0.0
2025-02-25 02:00:00;0.0
2025-02-25 02:15:00;0.0
2025-02-25 02:30:00;0.0
2025-02-25 02:45:00;0.0
2025-02-25 03:00:00;0.0
2025-02-25 03:15:00;0.0
2025-02-25 03:30:00;0.0
2025-02-25 03:45:00;0.0
2025-02-25 04:00:00;0.0
2025-02-25 04:15:00;0.0
2025-02-25 04:30:00;0.0
2025-02-25 04:45:00;0.0
2025-02-25 05:00:00;0.0
2025-02-25 05:15:00;0.0
2025-02-25 05:30:00;0.0
2025-02-25 05:45:00;0.0
2025-02-25 06:00:00;0.0
2025-02-25 06:15:00;0.0
2025-02-25 06:30:00;0.0
2025-02-25 06:45:00;0.0
2025-02-25 07:00:00;0.0
2025-02-25 07:15:00;0.0
2025-02-25 07:30:00;0.0
2025-02-25 07:45:00;0.0
2025-02-25 08:00:00;0.0
2025-02-25 08:15:00;0.0
2025-02-25 08:30:00;0.0
2025-02-25 08:45:00;0.0
2025-02-25 09:00:00;0.0
2025-02-25 09:15:00;0.0
2025-02-25 09:30:00;0.0
2025-02-25 09:45:00;0.0
2025-02-25 10:00:00;0.00019999999999997797
2025-02-25 10:15:00;0.13030000000000008
2025-02-25 10:30:00;0.2613
2025-02-25 10:45:00;0.3798
2025-02-25 11:00:00;0.3248
2025-02-25 11:15:00;0.38160000000000016
2025-02-25 11:30:00;0.4545999999999999
2025-02-25 11:45:00;0.6224999999999999
2025-02-25 12:00:00;0.44510000000000005
2025-02-25 12:15:00;0.4325999999999999
2025-02-25 12:30:00;0.5545
2025-02-25 12:45:00;0.5376000000000001
2025-02-25 13:00:00;0.7391
2025-02-25 13:15:00;0.7646999999999999
2025-02-25 13:30:00;0.7686
2025-02-25 13:45:00;0.6454
2025-02-25 14:00:00;0.6370000000000001
2025-02-25 14:15:00;0.5687000000000001
2025-02-25 14:30:00;0.4223000000000001
2025-02-25 14:45:00;0.45120000000000005
2025-02-25 15:00:00;0.42469999999999997
2025-02-25 15:15:00;0.27500000000000013
2025-02-25 15:30:00;0.2044999999999999
2025-02-25 15:45:00;0.09250000000000003
2025-02-25 16:00:00;0.0
2025-02-25 16:15:00;0.0
2025-02-25 16:30:00;0.0
2025-02-25 16:45:00;0.0
2025-02-25 17:00:00;0.0
2025-02-25 17:15:00;0.0
2025-02-25 17:30:00;0.0
2025-02-25 17:45:00;0.0
2025-02-25 18:00:00;0.0
2025-02-25 18:15:00;0.0
2025-02-25 18:30:00;0.0
2025-02-25 18:45:00;0.0
2025-02-25 19:00:00;0.0
2025-02-25 19:15:00;0.0
2025-02-25 19:30:00;0.0
2025-02-25 19:45:00;0.0
2025-02-25 20:00:00;0.0
2025-02-25 20:15:00;0.0
2025-02-25 20:30:00;0.0
2025-02-25 20:45:00;0.0
2025-02-25 21:00:00;0.0
2025-02-25 21:15:00;0.0
2025-02-25 21:30:00;0.0
2025-02-25 21:45:00;0.0
2025-02-25 22:00:00;0.0
2025-02-25 22:15:00;0.0
2025-02-25 22:30:00;0.0
2025-02-25 22:45:00;0.0
2025-02-25 23:00:00;0.0
2025-02-25 23:15:00;0.0
2025-02-25 23:30:00;0.0
2025-02-25 23:45:00;0.0
2025-02-26 00:00:00;0.0
2025-02-26 00:15:00;0.0
2025-02-26 00:30:00;0.0
2025-02-26 00:45:00;0.0
2025-02-26 01:00:00;0.0
2025-02-26 01:15:00;0.0
2025-02-26 01:30:00;0.0
2025-02-26 01:45:00;0.0
2025-02-26 02:00:00;0.0
2025-02-26 02:15:00;0.0
2025-02-26 02:30:00;0.0
2025-02-26 02:45:00;0.0
2025-02-26 03:00:00;0.0
2025-02-26 03:15:00;0.0
2025-02-26 03:30:00;0.0
2025-02-26 03:45:00;0.0
2025-02-26 04:00:00;0.0
2025-02-26 04:15:00;0.0
2025-02-26 04:30:00;0.0
2025-02-26 04:45:00;0.0
2025-02-26 05:00:00;0.0
2025-02-26 05:15:00;0.0
2025-02-26 05:30:00;0.0
2025-02-26 05:45:00;0.0
2025-02-26 06:00:00;0.0
2025-02-26 06:15:00;0.0
2025-02-26 06:30:00;0.0
2025-02-26 06:45:00;0.0
2025-02-26 07:00:00;0.0
2025-02-26 07:15:00;0.0
2025-02-26 07:30:00;0.0
2025-02-26 07:45:00;0.0
2025-02-26 08:00:00;0.0
2025-02-26 08:15:00;0.0
2025-02-26 08:30:00;0.46709999999999985
2025-02-26 08:45:00;1.3356999999999999
2025-02-26 09:00:00;0.42269999999999996
2025-02-26 09:15:00;0.759
2025-02-26 09:30:00;0.9290999999999999
2025-02-26 09:45:00;1.3910999999999998
2025-02-26 10:00:00;4.7967
2025-02-26 10:15:00;5.4774
2025-02-26 10:30:00;5.9643999999999995
2025-02-26 10:45:00;6.4452
2025-02-26 11:00:00;3.3801000000000005
2025-02-26 11:15:00;3.9328000000000003
2025-02-26 11:30:00;4.0769
2025-02-26 11:45:00;4.3862000000000005
2025-02-26 12:00:00;6.3523
2025-02-26 12:15:00;6.516500000000001
2025-02-26 12:30:00;6.468
2025-02-26 12:45:00;6.2588
2025-02-26 13:00:00;12.5215
2025-02-26 13:15:00;12.162600000000001
2025-02-26 13:30:00;12.3753
2025-02-26 13:45:00;11.946499999999999
2025-02-26 14:00:00;7.1396
2025-02-26 14:15:00;6.8194
2025-02-26 14:30:00;6.953200000000001
2025-02-26 14:45:00;6.150600000000001
2025-02-26 15:00:00;8.693
2025-02-26 15:15:00;8.2026
2025-02-26 15:30:00;7.3664000000000005
2025-02-26 15:45:00;6.4451
2025-02-26 16:00:00;5.3163
2025-02-26 16:15:00;4.9265
2025-02-26 16:30:00;3.7475000000000005
2025-02-26 16:45:00;2.8959
2025-02-26 17:00:00;2.416
2025-02-26 17:15:00;1.5277
2025-02-26 17:30:00;0.5557000000000001
2025-02-26 17:45:00;0.0
2025-02-26 18:00:00;0.0
2025-02-26 18:15:00;0.0
2025-02-26 18:30:00;0.0
2025-02-26 18:45:00;0.0
2025-02-26 19:00:00;0.0
2025-02-26 19:15:00;0.0
2025-02-26 19:30:00;0.0
2025-02-26 19:45:00;0.0
2025-02-26 20:00:00;0.0
2025-02-26 20:15:00;0.0
2025-02-26 20:30:00;0.0
2025-02-26 20:45:00;0.0
2025-02-26 21:00:00;0.0
2025-02-26 21:15:00;0.0
2025-02-26 21:30:00;0.0
2025-02-26 21:45:00;0.0
2025-02-26 22:00:00;0.0
2025-02-26 22:15:00;0.0
2025-02-26 22:30:00;0.0
2025-02-26 22:45:00;0.0
2025-02-26 23:00:00;0.0
2025-02-26 23:15:00;0.0
2025-02-26 23:30:00;0.0
2025-02-26 23:45:00;0.0
2025-02-27 00:00:00;0.0
2025-02-27 00:15:00;0.0
2025-02-27 00:30:00;0.0
2025-02-27 00:45:00;0.0
2025-02-27 01:00:00;0.0
2025-02-27 01:15:00;0.0
2025-02-27 01:30:00;0.0
2025-02-27 01:45:00;0.0
2025-02-27 02:00:00;0.0
2025-02-27 02:15:00;0.0
2025-02-27 02:30:00;0.0
2025-02-27 02:45:00;0.0
2025-02-27 03:00:00;0.0
2025-02-27 03:15:00;0.0
2025-02-27 03:30:00;0.0
2025-02-27 03:45:00;0.0
2025-02-27 04:00:00;0.0
2025-02-27 04:15:00;0.0
2025-02-27 04:30:00;0.0
2025-02-27 04:45:00;0.0
2025-02-27 05:00:00;0.0
2025-02-27 05:15:00;0.0
2025-02-27 05:30:00;0.0
2025-02-27 05:45:00;0.0
2025-02-27 06:00:00;0.0
2025-02-27 06:15:00;0.0
2025-02-27 06:30:00;0.0
2025-02-27 06:45:00;0.0
2025-02-27 07:00:00;0.0
2025-02-27 07:15:00;0.0
2025-02-27 07:30:00;0.0
2025-02-27 07:45:00;0.0
2025-02-27 08:00:00;0.0
2025-02-27 08:15:00;0.0
2025-02-27 08:30:00;0.0
2025-02-27 08:45:00;0.0
2025-02-27 09:00:00;0.19900000000000007
2025-02-27 09:15:00;0.34430000000000005
2025-02-27 09:30:00;0.7003000000000001
2025-02-27 09:45:00;0.964
2025-02-27 10:00:00;1.9024
2025-02-27 10:15:00;1.9696999999999998
2025-02-27 10:30:00;2.3076
2025-02-27 10:45:00;2.7375
2025-02-27 11:00:00;2.9229
2025-02-27 11:15:00;2.7973
2025-02-27 11:30:00;3.2384000000000004
2025-02-27 11:45:00;3.3372
2025-02-27 12:00:00;3.3122999999999996
2025-02-27 12:15:00;3.6494999999999997
2025-02-27 12:30:00;3.6433999999999997
2025-02-27 12:45:00;3.2167000000000003
2025-02-27 13:00:00;3.4287
2025-02-27 13:15:00;3.542
2025-02-27 13:30:00;3.5084999999999997
2025-02-27 13:45:00;3.3323
2025-02-27 14:00:00;3.1716999999999995
2025-02-27 14:15:00;2.9915
2025-02-27 14:30:00;2.7932
2025-02-27 14:45:00;2.8763
2025-02-27 15:00:00;2.0111999999999997
2025-02-27 15:15:00;1.8991999999999998
2025-02-27 15:30:00;1.764
2025-02-27 15:45:00;1.6132
2025-02-27 16:00:00;1.3361999999999998
2025-02-27 16:15:00;0.9571000000000001
2025-02-27 16:30:00;0.6413
2025-02-27 16:45:00;0.21920000000000006
2025-02-27 17:00:00;0.0
2025-02-27 17:15:00;0.0
2025-02-27 17:30:00;0.0
2025-02-27 17:45:00;0.0
2025-02-27 18:00:00;0.0
2025-02-27 18:15:00;0.0
2025-02-27 18:30:00;0.0
2025-02-27 18:45:00;0.0
2025-02-27 19:00:00;0.0
2025-02-27 19:15:00;0.0
2025-02-27 19:30:00;0.0
2025-02-27 19:45:00;0.0
2025-02-27 20:00:00;0.0
2025-02-27 20:15:00;0.0
2025-02-27 20:30:00;0.0
2025-02-27 20:45:00;0.0
2025-02-27 21:00:00;0.0
2025-02-27 21:15:00;0.0
2025-02-27 21:30:00;0.0
2025-02-27 21:45:00;0.0
2025-02-27 22:00:00;0.0
2025-02-27 22:15:00;0.0
2025-02-27 22:30:00;0.0
2025-02-27 22:45:00;0.0
2025-02-27 23:00:00;0.0
2025-02-27 23:15:00;0.0
2025-02-27 23:30:00;0.0
2025-02-27 23:45:00;0.0
2025-02-28 00:00:00;0.0
2025-02-28 00:15:00;0.0
2025-02-28 00:30:00;0.0
2025-02-28 00:45:00;0.0
2025-02-28 01:00:00;0.0
2025-02-28 01:15:00;0.0
2025-02-28 01:30:00;0.0
2025-02-28 01:45:00;0.0
2025-02-28 02:00:00;0.0
2025-02-28 02:15:00;0.0
2025-02-28 02:30:00;0.0
2025-02-28 02:45:00;0.0
2025-02-28 03:00:00;0.0
2025-02-28 03:15:00;0.0
2025-02-28 03:30:00;0.0
2025-02-28 03:45:00;0.0
2025-02-28 04:00:00;0.0
2025-02-28 04:15:00;0.0
2025-02-28 04:30:00;0.0
2025-02-28 04:45:00;0.0
2025-02-28 05:00:00;0.0
2025-02-28 05:15:00;0.0
2025-02-28 05:30:00;0.0
2025-02-28 05:45:00;0.0
2025-02-28 06:00:00;0.0
2025-02-28 06:15:00;0.0
2025-02-28 06:30:00;0.0
2025-02-28 06:45:00;0.0
2025-02-28 07:00:00;0.0
2025-02-28 07:15:00;0.0
2025-02-28 07:30:00;0.0
2025-02-28 07:45:00;0.0
2025-02-28 08:00:00;0.0
2025-02-28 08:15:00;0.0
2025-02-28 08:30:00;0.44699999999999984
2025-02-28 08:45:00;1.2526
2025-02-28 09:00:00;2.7983000000000002
2025-02-28 09:15:00;3.9257
2025-02-28 09:30:00;4.6513
2025-02-28 09:45:00;5.7044999999999995
2025-02-28 10:00:00;3.9689999999999994
2025-02-28 10:15:00;4.7122
2025-02-28 10:30:00;5.000299999999999
2025-02-28 10:45:00;5.503
2025-02-28 11:00:00;2.6922
2025-02-28 11:15:00;2.5952
2025-02-28 11:30:00;2.8898
2025-02-28 11:45:00;2.9594000000000005
2025-02-28 12:00:00;5.9943
2025-02-28 12:15:00;5.9749
2025-02-28 12:30:00;6.4694
2025-02-28 12:45:00;6.514099999999999
2025-02-28 13:00:00;5.7164
2025-02-28 13:15:00;5.4275
2025-02-28 13:30:00;5.7242
2025-02-28 13:45:00;5.5973
2025-02-28 14:00:00;4.1111
2025-02-28 14:15:00;4.2074
2025-02-28 14:30:00;3.7960000000000003
2025-02-28 14:45:00;3.6437
2025-02-28 15:00:00;7.839799999999999
2025-02-28 15:15:00;7.168000000000001
2025-02-28 15:30:00;6.7276
2025-02-28 15:45:00;6.5459
2025-02-28 16:00:00;4.7768999999999995
2025-02-28 16:15:00;4.365
2025-02-28 16:30:00;3.6371
2025-02-28 16:45:00;2.8363000000000005
2025-02-28 17:00:00;1.6442999999999999
2025-02-28 17:15:00;0.8501000000000001
2025-02-28 17:30:00;0.06810000000000005
2025-02-28 17:45:00;0.0
2025-02-28 18:00:00;0.0
2025-02-28 18:15:00;0.0
2025-02-28 18:30:00;0.0
2025-02-28 18:45:00;0.0
2025-02-28 19:00:00;0.0
2025-02-28 19:15:00;0.0
2025-02-28 19:30:00;0.0
2025-02-28 19:45:00;0.0
2025-02-28 20:00:00;0.0
2025-02-28 20:15:00;0.0
2025-02-28 20:30:00;0.0
2025-02-28 20:45:00;0.0
2025-02-28 21:00:00;0.0
2025-02-28 21:15:00;0.0
2025-02-28 21:30:00;0.0
2025-02-28 21:45:00;0.0
2025-02-28 22:00:00;0.0
2025-02-28 22:15:00;0.0
2025-02-28 22:30:00;0.0
2025-02-28 22:45:00;0.0
2025-02-28 23:00:00;0.0
2025-02-28 23:15:00;0.0
2025-02-28 23:30:00;0.0
2025-02-28 23:45:00;0.0
2025-03-01 00:00:00;0.0
2025-03-01 00:15:00;0.0
2025-03-01 00:30:00;0.0
2025-03-01 00:45:00;0.0
2025-03-01 01:00:00;0.0
2025-03-01 01:15:00;0.0
2025-03-01 01:30:00;0.0
2025-03-01 01:45:00;0.0
2025-03-01 02:00:00;0.0
2025-03-01 02:15:00;0.0
2025-03-01 02:30:00;0.0
2025-03-01 02:45:00;0.0
2025-03-01 03:00:00;0.0
2025-03-01 03:15:00;0.0
2025-03-01 03:30:00;0.0
2025-03-01 03:45:00;0.0
2025-03-01 04:00:00;0.0
2025-03-01 04:15:00;0.0
2025-03-01 04:30:00;0.0
2025-03-01 04:45:00;0.0
2025-03-01 05:00:00;0.0
2025-03-01 05:15:00;0.0
2025-03-01 05:30:00;0.0
2025-03-01 05:45:00;0.0
2025-03-01 06:00:00;0.0
2025-03-01 06:15:00;0.0
2025-03-01 06:30:00;0.0
2025-03-01 06:45:00;0.0
2025-03-01 07:00:00;0.0
2025-03-01 07:15:00;0.0
2025-03-01 07:30:00;0.0
2025-03-01 07:45:00;0.0
2025-03-01 08:00:00;0.7736999999999998
2025-03-01 08:15:00;1.4027
2025-03-01 08:30:00;1.6313
2025-03-01 08:45:00;2.3347
2025-03-01 09:00:00;2.6329000000000002
2025-03-01 09:15:00;3.3590999999999998
2025-03-01 09:30:00;3.7957
2025-03-01 09:45:00;3.9638
2025-03-01 10:00:00;4.7341999999999995
2025-03-01 10:15:00;5.180400000000001
2025-03-01 10:30:00;5.7679
2025-03-01 10:45:00;5.862
2025-03-01 11:00:00;5.911300000000001
2025-03-01 11:15:00;6.6098
2025-03-01 11:30:00;6.7531
2025-03-01 11:45:00;7.2494000000000005
2025-03-01 12:00:00;6.4361
2025-03-01 12:15:00;6.6905
2025-03-01 12:30:00;6.7484
2025-03-01 12:45:00;6.7595
2025-03-01 13:00:00;7.101100000000001
2025-03-01 13:15:00;6.4456
2025-03-01 13:30:00;6.8541
2025-03-01 13:45:00;7.025799999999999
2025-03-01 14:00:00;6.638
2025-03-01 14:15:00;6.206099999999999
2025-03-01 14:30:00;6.3
2025-03-01 14:45:00;6.0085
2025-03-01 15:00:00;6.1009
2025-03-01 15:15:00;5.6137999999999995
2025-03-01 15:30:00;5.3175
2025-03-01 15:45:00;4.9481
2025-03-01 16:00:00;4.312200000000001
2025-03-01 16:15:00;3.9852999999999996
2025-03-01 16:30:00;3.4921999999999995
2025-03-01 16:45:00;3.1831000000000005
2025-03-01 17:00:00;2.1818999999999997
2025-03-01 17:15:00;1.7371999999999999
2025-03-01 17:30:00;1.2297
2025-03-01 17:45:00;0.8022000000000002
2025-03-01 18:00:00;0.04239999999999999
2025-03-01 18:15:00;0.0
2025-03-01 18:30:00;0.0
2025-03-01 18:45:00;0.0
2025-03-01 19:00:00;0.0
2025-03-01 19:15:00;0.0
2025-03-01 19:30:00;0.0
2025-03-01 19:45:00;0.0
2025-03-01 20:00:00;0.0
2025-03-01 20:15:00;0.0
2025-03-01 20:30:00;0.0
2025-03-01 20:45:00;0.0
2025-03-01 21:00:00;0.0
2025-03-01 21:15:00;0.0
2025-03-01 21:30:00;0.0
2025-03-01 21:45:00;0.0
2025-03-01 22:00:00;0.0
2025-03-01 22:15:00;0.0
2025-03-01 22:30:00;0.0
2025-03-01 22:45:00;0.0
2025-03-01 23:00:00;0.0
2025-03-01 23:15:00;0.0
2025-03-01 23:30:00;0.0
2025-03-01 23:45:00;0.0
2025-03-02 00:00:00;0.0
2025-03-02 00:15:00;0.0
2025-03-02 00:30:00;0.0
2025-03-02 00:45:00;0.0
2025-03-02 01:00:00;0.0
2025-03-02 01:15:00;0.0
2025-03-02 01:30:00;0.0
2025-03-02 01:45:00;0.0
2025-03-02 02:00:00;0.0
2025-03-02 02:15:00;0.0
2025-03-02 02:30:00;0.0
2025-03-02 02:45:00;0.0
2025-03-02 03:00:00;0.0
2025-03-02 03:15:00;0.0
2025-03-02 03:30:00;0.0
2025-03-02 03:45:00;0.0
2025-03-02 04:00:00;0.0
2025-03-02 04:15:00;0.0
2025-03-02 04:30:00;0.0
2025-03-02 04:45:00;0.0
2025-03-02 05:00:00;0.0
2025-03-02 05:15:00;0.0
2025-03-02 05:30:00;0.0
2025-03-02 05:45:00;0.0
2025-03-02 06:00:00;0.0
2025-03-02 06:15:00;0.0
2025-03-02 06:30:00;0.0
2025-03-02 06:45:00;0.0
2025-03-02 07:00:00;0.0
2025-03-02 07:15:00;0.0
2025-03-02 07:30:00;0.7857999999999998
2025-03-02 07:45:00;1.982
2025-03-02 08:00:00;0.8989
2025-03-02 08:15:00;1.2732999999999999
2025-03-02 08:30:00;1.7812999999999999
2025-03-02 08:45:00;2.5339
2025-03-02 09:00:00;8.5877
2025-03-02 09:15:00;9.3051
2025-03-02 09:30:00;9.8625
2025-03-02 09:45:00;11.1972
2025-03-02 10:00:00;13.4732
2025-03-02 10:15:00;13.889000000000001
2025-03-02 10:30:00;15.674800000000001
2025-03-02 10:45:00;16.4471
2025-03-02 11:00:00;17.8767
2025-03-02 11:15:00;17.1239
2025-03-02 11:30:00;19.043
2025-03-02 11:45:00;19.7689
2025-03-02 12:00:00;19.9434
2025-03-02 12:15:00;19.8327
2025-03-02 12:30:00;20.046799999999998
2025-03-02 12:45:00;19.2115
2025-03-02 13:00:00;17.8833
2025-03-02 13:15:00;19.523899999999998
2025-03-02 13:30:00;18.4942
2025-03-02 13:45:00;17.342000000000002
2025-03-02 14:00:00;9.7392
2025-03-02 14:15:00;9.4918
2025-03-02 14:30:00;10.1665
2025-03-02 14:45:00;9.0966
2025-03-02 15:00:00;9.820599999999999
2025-03-02 15:15:00;9.9601
2025-03-02 15:30:00;9.7499
2025-03-02 15:45:00;8.688799999999999
2025-03-02 16:00:00;8.626
2025-03-02 16:15:00;9.040600000000001
2025-03-02 16:30:00;7.8724
2025-03-02 16:45:00;6.8086
2025-03-02 17:00:00;9.341800000000001
2025-03-02 17:15:00;8.246
2025-03-02 17:30:00;6.8885000000000005
2025-03-02 17:45:00;5.7445
2025-03-02 18:00:00;2.5687999999999995
2025-03-02 18:15:00;1.5047000000000001
2025-03-02 18:30:00;0.6044
2025-03-02 18:45:00;0.0
2025-03-02 19:00:00;0.0
2025-03-02 19:15:00;0.0
2025-03-02 19:30:00;0.0
2025-03-02 19:45:00;0.0
2025-03-02 20:00:00;0.0
2025-03-02 20:15:00;0.0
2025-03-02 20:30:00;0.0
2025-03-02 20:45:00;0.0
2025-03-02 21:00:00;0.0
2025-03-02 21:15:00;0.0
2025-03-02 21:30:00;0.0
2025-03-02 21:45:00;0.0
2025-03-02 22:00:00;0.0
2025-03-02 22:15:00;0.0
2025-03-02 22:30:00;0.0
2025-03-02 22:45:00;0.0
2025-03-02 23:00:00;0.0
2025-03-02 23:15:00;0.0
2025-03-02 23:30:00;0.0
2025-03-02 23:45:00;0.0
2025-03-03 00:00:00;0.0
2025-03-03 00:15:00;0.0
2025-03-03 00:30:00;0.0
2025-03-03 00:45:00;0.0
2025-03-03 01:00:00;0.0
2025-03-03 01:15:00;0.0
2025-03-03 01:30:00;0.0
2025-03-03 01:45:00;0.0
2025-03-03 02:00:00;0.0
2025-03-03 02:15:00;0.0
2025-03-03 02:30:00;0.0
2025-03-03 02:45:00;0.0
2025-03-03 03:00:00;0.0
2025-03-03 03:15:00;0.0
2025-03-03 03:30:00;0.0
2025-03-03 03:45:00;0.0
2025-03-03 04:00:00;0.0
2025-03-03 04:15:00;0.0
2025-03-03 04:30:00;0.0
2025-03-03 04:45:00;0.0
2025-03-03 05:00:00;0.0
2025-03-03 05:15:00;0.0
2025-03-03 05:30:00;0.0
2025-03-03 05:45:00;0.0
2025-03-03 06:00:00;0.0
2025-03-03 06:15:00;0.0
2025-03-03 06:30:00;0.0
2025-03-03 06:45:00;0.0
2025-03-03 07:00:00;0.0
2025-03-03 07:15:00;0.0
2025-03-03 07:30:00;0.0
2025-03-03 07:45:00;0.0
2025-03-03 08:00:00;0.0
2025-03-03 08:15:00;0.0
2025-03-03 08:30:00;0.0
2025-03-03 08:45:00;0.23950000000000005
2025-03-03 09:00:00;0.5909
2025-03-03 09:15:00;0.8807
2025-03-03 09:30:00;1.0158
2025-03-03 09:45:00;1.1385
2025-03-03 10:00:00;1.1858999999999997
2025-03-03 10:15:00;1.4937
2025-03-03 10:30:00;1.4459999999999997
2025-03-03 10:45:00;1.5748000000000002
2025-03-03 11:00:00;2.0369
2025-03-03 11:15:00;2.2263
2025-03-03 11:30:00;2.1752000000000002
2025-03-03 11:45:00;2.3861999999999997
2025-03-03 12:00:00;2.3858
2025-03-03 12:15:00;2.4949000000000003
2025-03-03 12:30:00;2.4391000000000003
2025-03-03 12:45:00;2.7274
2025-03-03 13:00:00;2.4488
2025-03-03 13:15:00;2.2779
2025-03-03 13:30:00;2.556
2025-03-03 13:45:00;2.5642
2025-03-03 14:00:00;1.9504000000000001
2025-03-03 14:15:00;1.9565000000000001
2025-03-03 14:30:00;1.9131
2025-03-03 14:45:00;1.9367
2025-03-03 15:00:00;2.117
2025-03-03 15:15:00;1.9663000000000002
2025-03-03 15:30:00;1.744
2025-03-03 15:45:00;1.5725000000000002
2025-03-03 16:00:00;0.9478
2025-03-03 16:15:00;0.9706
2025-03-03 16:30:00;0.6498999999999999
2025-03-03 16:45:00;0.5528
2025-03-03 17:00:00;0.6207
2025-03-03 17:15:00;0.3871
2025-03-03 17:30:00;0.04820000000000002
2025-03-03 17:45:00;0.0
2025-03-03 18:00:00;0.0
2025-03-03 18:15:00;0.0
2025-03-03 18:30:00;0.0
2025-03-03 18:45:00;0.0
2025-03-03 19:00:00;0.0
2025-03-03 19:15:00;0.0
2025-03-03 19:30:00;0.0
2025-03-03 19:45:00;0.0
2025-03-03 20:00:00;0.0
2025-03-03 20:15:00;0.0
2025-03-03 20:30:00;0.0
2025-03-03 20:45:00;0.0
2025-03-03 21:00:00;0.0
2025-03-03 21:15:00;0.0
2025-03-03 21:30:00;0.0
2025-03-03 21:45:00;0.0
2025-03-03 22:00:00;0.0
2025-03-03 22:15:00;0.0
2025-03-03 22:30:00;0.0
2025-03-03 22:45:00;0.0
2025-03-03 23:00:00;0.0
2025-03-03 23:15:00;0.0
2025-03-03 23:30:00;0.0
2025-03-03 23:45:00;0.0
2025-03-04 00:00:00;0.0
2025-03-04 00:15:00;0.0
2025-03-04 00:30:00;0.0
2025-03-04 00:45:00;0.0
2025-03-04 01:00:00;0.0
2025-03-04 01:15:00;0.0
2025-03-04 01:30:00;0.0
2025-03-04 01:45:00;0.0
2025-03-04 02:00:00;0.0
2025-03-04 02:15:00;0.0
2025-03-04 02:30:00;0.0
2025-03-04 02:45:00;0.0
2025-03-04 03:00:00;0.0
2025-03-04 03:15:00;0.0
2025-03-04 03:30:00;0.0
2025-03-04 03:45:00;0.0
2025-03-04 04:00:00;0.0
2025-03-04 04:15:00;0.0
2025-03-04 04:30:00;0.0
2025-03-04 04:45:00;0.0
2025-03-04 05:00:00;0.0
2025-03-04 05:15:00;0.0
2025-03-04 05:30:00;0.0
2025-03-04 05:45:00;0.0
2025-03-04 06:00:00;0.0
2025-03-04 06:15:00;0.0
2025-03-04 06:30:00;0.0
2025-03-04 06:45:00;0.0
2025-03-04 07:00:00;0.0
2025-03-04 07:15:00;0.0
2025-03-04 07:30:00;0.6026999999999998
2025-03-04 07:45:00;1.3870000000000002
2025-03-04 08:00:00;3.0737
2025-03-04 08:15:00;4.1239
2025-03-04 08:30:00;5.3542000000000005
2025-03-04 08:45:00;6.2214
2025-03-04 09:00:00;3.9132999999999996
2025-03-04 09:15:00;4.5959
2025-03-04 09:30:00;5.162800000000001
2025-03-04 09:45:00;5.8923000000000005
2025-03-04 10:00:00;12.6447
2025-03-04 10:15:00;14.0851
2025-03-04 10:30:00;14.982800000000001
2025-03-04 10:45:00;16.3145
2025-03-04 11:00:00;7.407699999999999
2025-03-04 11:15:00;7.990500000000001
2025-03-04 11:30:00;8.4632
2025-03-04 11:45:00;8.953
2025-03-04 12:00:00;17.399600000000003
2025-03-04 12:15:00;18.317
2025-03-04 12:30:00;19.497400000000003
2025-03-04 12:45:00;18.4386
2025-03-04 13:00:00;22.3474
2025-03-04 13:15:00;20.805200000000003
2025-03-04 13:30:00;22.185200000000002
2025-03-04 13:45:00;20.5946
2025-03-04 14:00:00;19.0909
2025-03-04 14:15:00;19.3926
2025-03-04 14:30:00;18.337600000000002
2025-03-04 14:45:00;17.482300000000002
2025-03-04 15:00:00;18.7195
2025-03-04 15:15:00;18.419700000000002
2025-03-04 15:30:00;17.4937
2025-03-04 15:45:00;16.526899999999998
2025-03-04 16:00:00;14.080200000000001
2025-03-04 16:15:00;12.713000000000001
2025-03-04 16:30:00;11.7823
2025-03-04 16:45:00;10.7775
2025-03-04 17:00:00;8.0562
2025-03-04 17:15:00;6.869
2025-03-04 17:30:00;6.2229
2025-03-04 17:45:00;4.7351
2025-03-04 18:00:00;3.7909
2025-03-04 18:15:00;2.7423
2025-03-04 18:30:00;1.2718
2025-03-04 18:45:00;0.0
2025-03-04 19:00:00;0.0
2025-03-04 19:15:00;0.0
2025-03-04 19:30:00;0.0
2025-03-04 19:45:00;0.0
2025-03-04 20:00:00;0.0
2025-03-04 20:15:00;0.0
2025-03-04 20:30:00;0.0
2025-03-04 20:45:00;0.0
2025-03-04 21:00:00;0.0
2025-03-04 21:15:00;0.0
2025-03-04 21:30:00;0.0
2025-03-04 21:45:00;0.0
2025-03-04 22:00:00;0.0
2025-03-04 22:15:00;0.0
2025-03-04 22:30:00;0.0
2025-03-04 22:45:00;0.0
2025-03-04 23:00:00;0.0
2025-03-04 23:15:00;0.0
2025-03-04 23:30:00;0.0
2025-03-04 23:45:00;0.0
2025-03-05 00:00:00;0.0
2025-03-05 00:15:00;0.0
2025-03-05 00:30:00;0.0
2025-03-05 00:45:00;0.0
2025-03-05 01:00:00;0.0
2025-03-05 01:15:00;0.0
2025-03-05 01:30:00;0.0
2025-03-05 01:45:00;0.0
2025-03-05 02:00:00;0.0
2025-03-05 02:15:00;0.0
2025-03-05 02:30:00;0.0
2025-03-05 02:45:00;0.0
2025-03-05 03:00:00;0.0
2025-03-05 03:15:00;0.0
2025-03-05 03:30:00;0.0
2025-03-05 03:45:00;0.0
2025-03-05 04:00:00;0.0
2025-03-05 04:15:00;0.0
2025-03-05 04:30:00;0.0
2025-03-05 04:45:00;0.0
2025-03-05 05:00:00;0.0
2025-03-05 05:15:00;0.0
2025-03-05 05:30:00;0.0
2025-03-05 05:45:00;0.0
2025-03-05 06:00:00;0.0
2025-03-05 06:15:00;0.0
2025-03-05 06:30:00;0.0
2025-03-05 06:45:00;0.0
2025-03-05 07:00:00;0.0
2025-03-05 07:15:00;0.0
2025-03-05 07:30:00;1.3105
2025-03-05 07:45:00;2.9747000000000003
2025-03-05 08:00:00;4.3118
2025-03-05 08:15:00;6.1293
2025-03-05 08:30:00;7.7296
2025-03-05 08:45:00;7.915500000000001
2025-03-05 09:00:00;8.1576
2025-03-05 09:15:00;8.8029
2025-03-05 09:30:00;9.7061
2025-03-05 09:45:00;10.9478
2025-03-05 10:00:00;13.6405
2025-03-05 10:15:00;14.4013
2025-03-05 10:30:00;15.546399999999998
2025-03-05 10:45:00;16.6101
2025-03-05 11:00:00;5.6694
2025-03-05 11:15:00;6.716
2025-03-05 11:30:00;6.5681
2025-03-05 11:45:00;7.1287
2025-03-05 12:00:00;20.028
2025-03-05 12:15:00;21.3533
2025-03-05 12:30:00;19.6709
2025-03-05 12:45:00;20.831899999999997
2025-03-05 13:00:00;10.0812
2025-03-05 13:15:00;9.282
2025-03-05 13:30:00;9.3178
2025-03-05 13:45:00;9.571399999999999
2025-03-05 14:00:00;19.1574
2025-03-05 14:15:00;18.5937
2025-03-05 14:30:00;18.3262
2025-03-05 14:45:00;16.702499999999997
2025-03-05 15:00:00;16.8132
2025-03-05 15:15:00;18.4829
2025-03-05 15:30:00;17.5033
2025-03-05 15:45:00;16.668400000000002
2025-03-05 16:00:00;7.812200000000001
2025-03-05 16:15:00;6.7834
2025-03-05 16:30:00;6.5016
2025-03-05 16:45:00;5.8022
2025-03-05 17:00:00;5.0877
2025-03-05 17:15:00;4.3747
2025-03-05 17:30:00;3.6256999999999993
2025-03-05 17:45:00;2.9103999999999997
2025-03-05 18:00:00;4.1388
2025-03-05 18:15:00;2.7135
2025-03-05 18:30:00;1.3533000000000002
2025-03-05 18:45:00;0.0
2025-03-05 19:00:00;0.0
2025-03-05 19:15:00;0.0
2025-03-05 19:30:00;0.0
2025-03-05 19:45:00;0.0
2025-03-05 20:00:00;0.0
2025-03-05 20:15:00;0.0
2025-03-05 20:30:00;0.0
2025-03-05 20:45:00;0.0
2025-03-05 21:00:00;0.0
2025-03-05 21:15:00;0.0
2025-03-05 21:30:00;0.0
2025-03-05 21:45:00;0.0
2025-03-05 22:00:00;0.0
2025-03-05 22:15:00;0.0
2025-03-05 22:30:00;0.0
2025-03-05 22:45:00;0.0
2025-03-05 23:00:00;0.0
2025-03-05 23:15:00;0.0
2025-03-05 23:30:00;0.0
2025-03-05 23:45:00;0.0
2025-03-06 00:00:00;0.0
2025-03-06 00:15:00;0.0
2025-03-06 00:30:00;0.0
2025-03-06 00:45:00;0.0
2025-03-06 01:00:00;0.0
2025-03-06 01:15:00;0.0
2025-03-06 01:30:00;0.0
2025-03-06 01:45:00;0.0
2025-03-06 02:00:00;0.0
2025-03-06 02:15:00;0.0
2025-03-06 02:30:00;0.0
2025-03-06 02:45:00;0.0
2025-03-06 03:00:00;0.0
2025-03-06 03:15:00;0.0
2025-03-06 03:30:00;0.0
2025-03-06 03:45:00;0.0
2025-03-06 04:00:00;0.0
2025-03-06 04:15:00;0.0
2025-03-06 04:30:00;0.0
2025-03-06 04:45:00;0.0
2025-03-06 05:00:00;0.0
2025-03-06 05:15:00;0.0
2025-03-06 05:30:00;0.0
2025-03-06 05:45:00;0.0
2025-03-06 06:00:00;0.0
2025-03-06 06:15:00;0.0
2025-03-06 06:30:00;0.0
2025-03-06 06:45:00;0.0
2025-03-06 07:00:00;0.0
2025-03-06 07:15:00;0.0
2025-03-06 07:30:00;0.0
2025-03-06 07:45:00;0.0
2025-03-06 08:00:00;0.0
2025-03-06 08:15:00;0.0
2025-03-06 08:30:00;0.0
2025-03-06 08:45:00;0.0
2025-03-06 09:00:00;0.6980000000000001
2025-03-06 09:15:00;0.9362000000000001
2025-03-06 09:30:00;1.0737999999999999
2025-03-06 09:45:00;1.2302
2025-03-06 10:00:00;1.4351000000000003
2025-03-06 10:15:00;1.5189
2025-03-06 10:30:00;1.6482
2025-03-06 10:45:00;1.8127
2025-03-06 11:00:00;1.7502
2025-03-06 11:15:00;1.7322000000000002
2025-03-06 11:30:00;1.7053999999999998
2025-03-06 11:45:00;1.6393999999999997
2025-03-06 12:00:00;2.0631
2025-03-06 12:15:00;2.1266999999999996
2025-03-06 12:30:00;2.2894
2025-03-06 12:45:00;2.2497
2025-03-06 13:00:00;2.1180000000000003
2025-03-06 13:15:00;2.2508
2025-03-06 13:30:00;2.2623
2025-03-06 13:45:00;1.9773999999999998
2025-03-06 14:00:00;2.2083000000000004
2025-03-06 14:15:00;2.4495999999999998
2025-03-06 14:30:00;2.2688
2025-03-06 14:45:00;2.0735
2025-03-06 15:00:00;2.1431
2025-03-06 15:15:00;2.2134
2025-03-06 15:30:00;1.8877
2025-03-06 15:45:00;1.8206999999999998
2025-03-06 16:00:00;1.0994
2025-03-06 16:15:00;0.7262
2025-03-06 16:30:00;0.6740999999999999
2025-03-06 16:45:00;0.482
2025-03-06 17:00:00;0.3435999999999999
2025-03-06 17:15:00;0.0
2025-03-06 17:30:00;0.0
2025-03-06 17:45:00;0.0
2025-03-06 18:00:00;0.0
2025-03-06 18:15:00;0.0
2025-03-06 18:30:00;0.0
2025-03-06 18:45:00;0.0
2025-03-06 19:00:00;0.0
2025-03-06 19:15:00;0.0
2025-03-06 19:30:00;0.0
2025-03-06 19:45:00;0.0
2025-03-06 20:00:00;0.0
2025-03-06 20:15:00;0.0
2025-03-06 20:30:00;0.0
2025-03-06 20:45:00;0.0
2025-03-06 21:00:00;0.0
2025-03-06 21:15:00;0.0
2025-03-06 21:30:00;0.0
2025-03-06 21:45:00;0.0
2025-03-06 22:00:00;0.0
2025-03-06 22:15:00;0.0
2025-03-06 22:30:00;0.0
2025-03-06 22:45:00;0.0
2025-03-06 23:00:00;0.0
2025-03-06 23:15:00;0.0
2025-03-06 23:30:00;0.0
2025-03-06 23:45:00;0.0
2025-03-07 00:00:00;0.0
2025-03-07 00:15:00;0.0
2025-03-07 00:30:00;0.0
2025-03-07 00:45:00;0.0
2025-03-07 01:00:00;0.0
2025-03-07 01:15:00;0.0
2025-03-07 01:30:00;0.0
2025-03-07 01:45:00;0.0
2025-03-07 02:00:00;0.0
2025-03-07 02:15:00;0.0
2025-03-07 02:30:00;0.0
2025-03-07 02:45:00;0.0
2025-03-07 03:00:00;0.0
2025-03-07 03:15:00;0.0
2025-03-07 03:30:00;0.0
2025-03-07 03:45:00;0.0
2025-03-07 04:00:00;0.0
2025-03-07 04:15:00;0.0
2025-03-07 04:30:00;0.0
2025-03-07 04:45:00;0.0
2025-03-07 05:00:00;0.0
2025-03-07 05:15:00;0.0
2025-03-07 05:30:00;0.0
2025-03-07 05:45:00;0.0
2025-03-07 06:00:00;0.0
2025-03-07 06:15:00;0.0
2025-03-07 06:30:00;0.0
2025-03-07 06:45:00;0.0
2025-03-07 07:00:00;0.0
2025-03-07 07:15:00;0.0
2025-03-07 07:30:00;0.0
2025-03-07 07:45:00;0.0
2025-03-07 08:00:00;0.0
2025-03-07 08:15:00;0.0
2025-03-07 08:30:00;0.12359999999999993
2025-03-07 08:45:00;0.2335999999999998
2025-03-07 09:00:00;0.5964999999999999
2025-03-07 09:15:00;0.6899
2025-03-07 09:30:00;0.8009
2025-03-07 09:45:00;0.9126000000000001
2025-03-07 10:00:00;1.4203000000000001
2025-03-07 10:15:00;1.457
2025-03-07 10:30:00;1.5355
2025-03-07 10:45:00;1.8049
2025-03-07 11:00:00;1.1811000000000003
2025-03-07 11:15:00;1.4273999999999998
2025-03-07 11:30:00;1.3268
2025-03-07 11:45:00;1.5147999999999997
2025-03-07 12:00:00;2.5984
2025-03-07 12:15:00;2.686
2025-03-07 12:30:00;2.6645000000000003
2025-03-07 12:45:00;2.9259
2025-03-07 13:00:00;1.8550000000000002
2025-03-07 13:15:00;1.8763
2025-03-07 13:30:00;1.7944
2025-03-07 13:45:00;1.9031
2025-03-07 14:00:00;2.1054000000000004
2025-03-07 14:15:00;2.1225
2025-03-07 14:30:00;1.9055999999999997
2025-03-07 14:45:00;1.9249
2025-03-07 15:00:00;1.6684999999999999
2025-03-07 15:15:00;1.5898999999999999
2025-03-07 15:30:00;1.3756
2025-03-07 15:45:00;1.2079000000000002
2025-03-07 16:00:00;1.3290000000000002
2025-03-07 16:15:00;1.1265999999999998
2025-03-07 16:30:00;1.0214
2025-03-07 16:45:00;0.8374
2025-03-07 17:00:00;0.4192
2025-03-07 17:15:00;0.14059999999999984
2025-03-07 17:30:00;0.04970000000000008
2025-03-07 17:45:00;0.0
2025-03-07 18:00:00;0.0
2025-03-07 18:15:00;0.0
2025-03-07 18:30:00;0.0
2025-03-07 18:45:00;0.0
2025-03-07 19:00:00;0.0
2025-03-07 19:15:00;0.0
2025-03-07 19:30:00;0.0
2025-03-07 19:45:00;0.0
2025-03-07 20:00:00;0.0
2025-03-07 20:15:00;0.0
2025-03-07 20:30:00;0.0
2025-03-07 20:45:00;0.0
2025-03-07 21:00:00;0.0
2025-03-07 21:15:00;0.0
2025-03-07 21:30:00;0.0
2025-03-07 21:45:00;0.0
2025-03-07 22:00:00;0.0
2025-03-07 22:15:00;0.0
2025-03-07 22:30:00;0.0
2025-03-07 22:45:00;0.0
2025-03-07 23:00:00;0.0
2025-03-07 23:15:00;0.0
2025-03-07 23:30:00;0.0
2025-03-07 23:45:00;0.0
2025-03-08 00:00:00;0.0
2025-03-08 00:15:00;0.0
2025-03-08 00:30:00;0.0
2025-03-08 00:45:00;0.0
2025-03-08 01:00:00;0.0
2025-03-08 01:15:00;0.0
2025-03-08 01:30:00;0.0
2025-03-08 01:45:00;0.0
2025-03-08 02:00:00;0.0
2025-03-08 02:15:00;0.0
2025-03-08 02:30:00;0.0
2025-03-08 02:45:00;0.0
2025-03-08 03:00:00;0.0
2025-03-08 03:15:00;0.0
2025-03-08 03:30:00;0.0
2025-03-08 03:45:00;0.0
2025-03-08 04:00:00;0.0
2025-03-08 04:15:00;0.0
2025-03-08 04:30:00;0.0
2025-03-08 04:45:00;0.0
2025-03-08 05:00:00;0.0
2025-03-08 05:15:00;0.0
2025-03-08 05:30:00;0.0
2025-03-08 05:45:00;0.0
2025-03-08 06:00:00;0.0
2025-03-08 06:15:00;0.0
2025-03-08 06:30:00;0.0
2025-03-08 06:45:00;0.0
2025-03-08 07:00:00;0.0
2025-03-08 07:15:00;0.0
2025-03-08 07:30:00;1.1503999999999999
2025-03-08 07:45:00;2.5191999999999997
2025-03-08 08:00:00;2.6337
2025-03-08 08:15:00;3.6489
2025-03-08 08:30:00;4.3237
2025-03-08 08:45:00;5.1927
2025-03-08 09:00:00;9.4147
2025-03-08 09:15:00;11.1067
2025-03-08 09:30:00;11.2779
2025-03-08 09:45:00;12.948
2025-03-08 10:00:00;12.650599999999999
2025-03-08 10:15:00;13.503499999999999
2025-03-08 10:30:00;14.2822
2025-03-08 10:45:00;14.8464
2025-03-08 11:00:00;11.6007
2025-03-08 11:15:00;13.778599999999999
2025-03-08 11:30:00;13.180299999999999
2025-03-08 11:45:00;12.7478
2025-03-08 12:00:00;13.5935
2025-03-08 12:15:00;13.7087
2025-03-08 12:30:00;14.0805
2025-03-08 12:45:00;14.1272
2025-03-08 13:00:00;22.0074
2025-03-08 13:15:00;22.3717
2025-03-08 13:30:00;22.3343
2025-03-08 13:45:00;21.1561
2025-03-08 14:00:00;17.6293
2025-03-08 14:15:00;18.0303
2025-03-08 14:30:00;17.528399999999998
2025-03-08 14:45:00;16.120299999999997
2025-03-08 15:00:00;14.9824
2025-03-08 15:15:00;16.0031
2025-03-08 15:30:00;15.043800000000001
2025-03-08 15:45:00;13.677
2025-03-08 16:00:00;14.603
2025-03-08 16:15:00;13.6023
2025-03-08 16:30:00;12.1778
2025-03-08 16:45:00;10.8431
2025-03-08 17:00:00;8.5307
2025-03-08 17:15:00;7.5161
2025-03-08 17:30:00;6.1106
2025-03-08 17:45:00;5.1826
2025-03-08 18:00:00;3.7581999999999995
2025-03-08 18:15:00;2.5877
2025-03-08 18:30:00;1.3083999999999998
2025-03-08 18:45:00;0.0
2025-03-08 19:00:00;0.0
2025-03-08 19:15:00;0.0
2025-03-08 19:30:00;0.0
2025-03-08 19:45:00;0.0
2025-03-08 20:00:00;0.0
2025-03-08 20:15:00;0.0
2025-03-08 20:30:00;0.0
2025-03-08 20:45:00;0.0
2025-03-08 21:00:00;0.0
2025-03-08 21:15:00;0.0
2025-03-08 21:30:00;0.0
2025-03-08 21:45:00;0.0
2025-03-08 22:00:00;0.0
2025-03-08 22:15:00;0.0
2025-03-08 22:30:00;0.0
2025-03-08 22:45:00;0.0
2025-03-08 23:00:00;0.0
2025-03-08 23:15:00;0.0
2025-03-08 23:30:00;0.0
2025-03-08 23:45:00;0.0
2025-03-09 00:00:00;0.0
2025-03-09 00:15:00;0.0
2025-03-09 00:30:00;0.0
2025-03-09 00:45:00;0.0
2025-03-09 01:00:00;0.0
2025-03-09 01:15:00;0.0
2025-03-09 01:30:00;0.0
2025-03-09 01:45:00;0.0
2025-03-09 02:00:00;0.0
2025-03-09 02:15:00;0.0
2025-03-09 02:30:00;0.0
2025-03-09 02:45:00;0.0
2025-03-09 03:00:00;0.0
2025-03-09 03:15:00;0.0
2025-03-09 03:30:00;0.0
2025-03-09 03:45:00;0.0
2025-03-09 04:00:00;0.0
2025-03-09 04:15:00;0.0
2025-03-09 04:30:00;0.0
2025-03-09 04:45:00;0.0
2025-03-09 05:00:00;0.0
2025-03-09 05:15:00;0.0
2025-03-09 05:30:00;0.0
2025-03-09 05:45:00;0.0
2025-03-09 06:00:00;0.0
2025-03-09 06:15:00;0.0
2025-03-09 06:30:00;0.0
2025-03-09 06:45:00;0.0
2025-03-09 07:00:00;0.0
2025-03-09 07:15:00;0.0
2025-03-09 07:30:00;0.0
2025-03-09 07:45:00;0.07180000000000009
2025-03-09 08:00:00;0.8396000000000001
2025-03-09 08:15:00;1.2207
2025-03-09 08:30:00;1.8084999999999998
2025-03-09 08:45:00;2.1772
2025-03-09 09:00:00;3.0571
2025-03-09 09:15:00;3.6347
2025-03-09 09:30:00;3.9705
2025-03-09 09:45:00;4.533
2025-03-09 10:00:00;4.7885
2025-03-09 10:15:00;4.9518
2025-03-09 10:30:00;5.1253
2025-03-09 10:45:00;5.830299999999999
2025-03-09 11:00:00;5.032100000000001
2025-03-09 11:15:00;5.3888
2025-03-09 11:30:00;5.7066
2025-03-09 11:45:00;5.7647
2025-03-09 12:00:00;6.864
2025-03-09 12:15:00;6.8952
2025-03-09 12:30:00;6.674799999999999
2025-03-09 12:45:00;7.1770000000000005
2025-03-09 13:00:00;6.366300000000001
2025-03-09 13:15:00;6.7082
2025-03-09 13:30:00;7.0068
2025-03-09 13:45:00;6.5882
2025-03-09 14:00:00;7.0512999999999995
2025-03-09 14:15:00;7.0501000000000005
2025-03-09 14:30:00;6.831200000000001
2025-03-09 14:45:00;6.9607
2025-03-09 15:00:00;5.6746
2025-03-09 15:15:00;4.9862
2025-03-09 15:30:00;5.0029
2025-03-09 15:45:00;4.653499999999999
2025-03-09 16:00:00;4.8603
2025-03-09 16:15:00;4.225700000000001
2025-03-09 16:30:00;3.7416
2025-03-09 16:45:00;3.4032999999999998
2025-03-09 17:00:00;2.306
2025-03-09 17:15:00;2.0447
2025-03-09 17:30:00;1.3095
2025-03-09 17:45:00;1.218
2025-03-09 18:00:00;0.24159999999999981
2025-03-09 18:15:00;0.0
2025-03-09 18:30:00;0.0
2025-03-09 18:45:00;0.0
2025-03-09 19:00:00;0.0
2025-03-09 19:15:00;0.0
2025-03-09 19:30:00;0.0
2025-03-09 19:45:00;0.0
2025-03-09 20:00:00;0.0
2025-03-09 20:15:00;0.0
2025-03-09 20:30:00;0.0
2025-03-09 20:45:00;0.0
2025-03-09 21:00:00;0.0
2025-03-09 21:15:00;0.0
2025-03-09 21:30:00;0.0
2025-03-09 21:45:00;0.0
2025-03-09 22:00:00;0.0
2025-03-09 22:15:00;0.0
2025-03-09 22:30:00;0.0
2025-03-09 22:45:00;0.0
2025-03-09 23:00:00;0.0
2025-03-09 23:15:00;0.0
2025-03-09 23:30:00;0.0
2025-03-09 23:45:00;0.0
2025-03-10 00:00:00;0.0
2025-03-10 00:15:00;0.0
2025-03-10 00:30:00;0.0
2025-03-10 00:45:00;0.0
2025-03-10 01:00:00;0.0
2025-03-10 01:15:00;0.0
2025-03-10 01:30:00;0.0
2025-03-10 01:45:00;0.0
2025-03-10 02:00:00;0.0
2025-03-10 02:15:00;0.0
2025-03-10 02:30:00;0.0
2025-03-10 02:45:00;0.0
2025-03-10 03:00:00;0.0
2025-03-10 03:15:00;0.0
2025-03-10 03:30:00;0.0
2025-03-10 03:45:00;0.0
2025-03-10 04:00:00;0.0
2025-03-10 04:15:00;0.0
2025-03-10 04:30:00;0.0
2025-03-10 04:45:00;0.0
2025-03-10 05:00:00;0.0
2025-03-10 05:15:00;0.0
2025-03-10 05:30:00;0.0
2025-03-10 05:45:00;0.0
2025-03-10 06:00:00;0.0
2025-03-10 06:15:00;0.0
2025-03-10 06:30:00;0.0
2025-03-10 06:45:00;0.0
2025-03-10 07:00:00;0.0
2025-03-10 07:15:00;0.0
2025-03-10 07:30:00;0.0
2025-03-10 07:45:00;0.0
2025-03-10 08:00:00;1.1095999999999997
2025-03-10 08:15:00;1.7964
2025-03-10 08:30:00;2.1396
2025-03-10 08:45:00;2.4341
2025-03-10 09:00:00;3.8089
2025-03-10 09:15:00;3.8736000000000006
2025-03-10 09:30:00;4.4758000000000004
2025-03-10 09:45:00;5.1763
2025-03-10 10:00:00;4.4614
2025-03-10 10:15:00;4.4931
2025-03-10 10:30:00;4.668200000000001
2025-03-10 10:45:00;5.0814
2025-03-10 11:00:00;5.6221
2025-03-10 11:15:00;5.9399999999999995
2025-03-10 11:30:00;6.3059
2025-03-10 11:45:00;6.1124
2025-03-10 12:00:00;7.2023
2025-03-10 12:15:00;6.749899999999999
2025-03-10 12:30:00;7.113499999999999
2025-03-10 12:45:00;7.0855999999999995
2025-03-10 13:00:00;7.2723
2025-03-10 13:15:00;7.492900000000001
2025-03-10 13:30:00;7.1935
2025-03-10 13:45:00;6.5635
2025-03-10 14:00:00;6.4963999999999995
2025-03-10 14:15:00;6.2921
2025-03-10 14:30:00;5.787999999999999
2025-03-10 14:45:00;5.501399999999999
2025-03-10 15:00:00;6.933599999999999
2025-03-10 15:15:00;6.3619
2025-03-10 15:30:00;5.762
2025-03-10 15:45:00;5.3178
2025-03-10 16:00:00;3.9149999999999996
2025-03-10 16:15:00;3.6675999999999997
2025-03-10 16:30:00;3.0705000000000005
2025-03-10 16:45:00;2.6235
2025-03-10 17:00:00;2.1744
2025-03-10 17:15:00;1.9736
2025-03-10 17:30:00;1.4855
2025-03-10 17:45:00;1.0289
2025-03-10 18:00:00;0.21799999999999997
2025-03-10 18:15:00;0.0
2025-03-10 18:30:00;0.0
2025-03-10 18:45:00;0.0
2025-03-10 19:00:00;0.0
2025-03-10 19:15:00;0.0
2025-03-10 19:30:00;0.0
2025-03-10 19:45:00;0.0
2025-03-10 20:00:00;0.0
2025-03-10 20:15:00;0.0
2025-03-10 20:30:00;0.0
2025-03-10 20:45:00;0.0
2025-03-10 21:00:00;0.0
2025-03-10 21:15:00;0.0
2025-03-10 21:30:00;0.0
2025-03-10 21:45:00;0.0
2025-03-10 22:00:00;0.0
2025-03-10 22:15:00;0.0
2025-03-10 22:30:00;0.0
2025-03-10 22:45:00;0.0
2025-03-10 23:00:00;0.0
2025-03-10 23:15:00;0.0
2025-03-10 23:30:00;0.0
2025-03-10 23:45:00;0.0
2025-03-11 00:00:00;0.0
2025-03-11 00:15:00;0.0
2025-03-11 00:30:00;0.0
2025-03-11 00:45:00;0.0
2025-03-11 01:00:00;0.0
2025-03-11 01:15:00;0.0
2025-03-11 01:30:00;0.0
2025-03-11 01:45:00;0.0
2025-03-11 02:00:00;0.0
2025-03-11 02:15:00;0.0
2025-03-11 02:30:00;0.0
2025-03-11 02:45:00;0.0
2025-03-11 03:00:00;0.0
2025-03-11 03:15:00;0.0
2025-03-11 03:30:00;0.0
2025-03-11 03:45:00;0.0
2025-03-11 04:00:00;0.0
2025-03-11 04:15:00;0.0
2025-03-11 04:30:00;0.0
2025-03-11 04:45:00;0.0
2025-03-11 05:00:00;0.0
2025-03-11 05:15:00;0.0
2025-03-11 05:30:00;0.0
2025-03-11 05:45:00;0.0
2025-03-11 06:00:00;0.0
2025-03-11 06:15:00;0.0
2025-03-11 06:30:00;0.0
2025-03-11 06:45:00;0.0
2025-03-11 07:00:00;0.0
2025-03-11 07:15:00;0.0
2025-03-11 07:30:00;0.0
2025-03-11 07:45:00;0.34529999999999994
2025-03-11 08:00:00;3.3287999999999998
2025-03-11 08:15:00;4.6106
2025-03-11 08:30:00;5.4811
2025-03-11 08:45:00;7.054899999999999
2025-03-11 09:00:00;9.878
2025-03-11 09:15:00;11.246400000000001
2025-03-11 09:30:00;12.4134
2025-03-11 09:45:00;12.8901
2025-03-11 10:00:00;13.0146
2025-03-11 10:15:00;13.014999999999999
2025-03-11 10:30:00;13.561399999999999
2025-03-11 10:45:00;14.183599999999998
2025-03-11 11:00:00;6.1765
2025-03-11 11:15:00;6.5829
2025-03-11 11:30:00;6.7431
2025-03-11 11:45:00;7.2547999999999995
2025-03-11 12:00:00;11.318
2025-03-11 12:15:00;11.8081
2025-03-11 12:30:00;11.4274
2025-03-11 12:45:00;11.9535
2025-03-11 13:00:00;20.277199999999997
2025-03-11 13:15:00;19.8241
2025-03-11 13:30:00;19.1058
2025-03-11 13:45:00;18.360500000000002
2025-03-11 14:00:00;19.0789
2025-03-11 14:15:00;17.1054
2025-03-11 14:30:00;17.0764
2025-03-11 14:45:00;16.805799999999998
2025-03-11 15:00:00;15.565299999999999
2025-03-11 15:15:00;14.2265
2025-03-11 15:30:00;14.157900000000001
2025-03-11 15:45:00;13.469999999999999
2025-03-11 16:00:00;14.6756
2025-03-11 16:15:00;13.2714
2025-03-11 16:30:00;12.9697
2025-03-11 16:45:00;11.1128
2025-03-11 17:00:00;3.5744999999999996
2025-03-11 17:15:00;3.0900000000000003
2025-03-11 17:30:00;2.2961
2025-03-11 17:45:00;1.7836
2025-03-11 18:00:00;3.5625999999999998
2025-03-11 18:15:00;2.2765
2025-03-11 18:30:00;1.1248999999999998
2025-03-11 18:45:00;0.0
2025-03-11 19:00:00;0.0
2025-03-11 19:15:00;0.0
2025-03-11 19:30:00;0.0
2025-03-11 19:45:00;0.0
2025-03-11 20:00:00;0.0
2025-03-11 20:15:00;0.0
2025-03-11 20:30:00;0.0
2025-03-11 20:45:00;0.0
2025-03-11 21:00:00;0.0
2025-03-11 21:15:00;0.0
2025-03-11 21:30:00;0.0
2025-03-11 21:45:00;0.0
2025-03-11 22:00:00;0.0
2025-03-11 22:15:00;0.0
2025-03-11 22:30:00;0.0
2025-03-11 22:45:00;0.0
2025-03-11 23:00:00;0.0
2025-03-11 23:15:00;0.0
2025-03-11 23:30:00;0.0
2025-03-11 23:45:00;0.0
2025-03-12 00:00:00;0.0
2025-03-12 00:15:00;0.0
2025-03-12 00:30:00;0.0
2025-03-12 00:45:00;0.0
2025-03-12 01:00:00;0.0
2025-03-12 01:15:00;0.0
2025-03-12 01:30:00;0.0
2025-03-12 01:45:00;0.0
2025-03-12 02:00:00;0.0
2025-03-12 02:15:00;0.0
2025-03-12 02:30:00;0.0
2025-03-12 02:45:00;0.0
2025-03-12 03:00:00;0.0
2025-03-12 03:15:00;0.0
2025-03-12 03:30:00;0.0
2025-03-12 03:45:00;0.0
2025-03-12 04:00:00;0.0
2025-03-12 04:15:00;0.0
2025-03-12 04:30:00;0.0
2025-03-12 04:45:00;0.0
2025-03-12 05:00:00;0.0
2025-03-12 05:15:00;0.0
2025-03-12 05:30:00;0.0
2025-03-12 05:45:00;0.0
2025-03-12 06:00:00;0.0
2025-03-12 06:15:00;0.0
2025-03-12 06:30:00;0.0
2025-03-12 06:45:00;0.0
2025-03-12 07:00:00;0.0
2025-03-12 07:15:00;0.0
2025-03-12 07:30:00;0.5144999999999997
2025-03-12 07:45:00;1.5359999999999998
2025-03-12 08:00:00;4.508699999999999
2025-03-12 08:15:00;5.4515
2025-03-12 08:30:00;7.25
2025-03-12 08:45:00;8.2414
2025-03-12 09:00:00;7.7842
2025-03-12 09:15:00;8.2787
2025-03-12 09:30:00;9.4438
2025-03-12 09:45:00;10.8604
2025-03-12 10:00:00;13.358500000000001
2025-03-12 10:15:00;14.2533
2025-03-12 10:30:00;15.283900000000001
2025-03-12 10:45:00;15.654399999999999
2025-03-12 11:00:00;17.311899999999998
2025-03-12 11:15:00;18.202
2025-03-12 11:30:00;19.0004
2025-03-12 11:45:00;18.2648
2025-03-12 12:00:00;14.3798
2025-03-12 12:15:00;14.6919
2025-03-12 12:30:00;15.8574
2025-03-12 12:45:00;15.399899999999999
2025-03-12 13:00:00;12.8425
2025-03-12 13:15:00;12.715200000000001
2025-03-12 13:30:00;12.379299999999999
2025-03-12 13:45:00;12.9854
2025-03-12 14:00:00;16.3047
2025-03-12 14:15:00;18.0222
2025-03-12 14:30:00;16.7073
2025-03-12 14:45:00;15.5988
2025-03-12 15:00:00;7.4624
2025-03-12 15:15:00;7.8077
2025-03-12 15:30:00;6.9253
2025-03-12 15:45:00;6.4861
2025-03-12 16:00:00;18.625600000000002
2025-03-12 16:15:00;16.9218
2025-03-12 16:30:00;15.765699999999999
2025-03-12 16:45:00;13.0667
2025-03-12 17:00:00;8.757900000000001
2025-03-12 17:15:00;7.9977
2025-03-12 17:30:00;6.2736
2025-03-12 17:45:00;4.9851
2025-03-12 18:00:00;0.6185999999999998
2025-03-12 18:15:00;0.13290000000000002
2025-03-12 18:30:00;0.0
2025-03-12 18:45:00;0.0
2025-03-12 19:00:00;0.0
2025-03-12 19:15:00;0.0
2025-03-12 19:30:00;0.0
2025-03-12 19:45:00;0.0
2025-03-12 20:00:00;0.0
2025-03-12 20:15:00;0.0
2025-03-12 20:30:00;0.0
2025-03-12 20:45:00;0.0
2025-03-12 21:00:00;0.0
2025-03-12 21:15:00;0.0
2025-03-12 21:30:00;0.0
2025-03-12 21:45:00;0.0
2025-03-12 22:00:00;0.0
2025-03-12 22:15:00;0.0
2025-03-12 22:30:00;0.0
2025-03-12 22:45:00;0.0
2025-03-12 23:00:00;0.0
2025-03-12 23:15:00;0.0
2025-03-12 23:30:00;0.0
2025-03-12 23:45:00;0.0
2025-03-13 00:00:00;0.0
2025-03-13 00:15:00;0.0
2025-03-13 00:30:00;0.0
2025-03-13 00:45:00;0.0
2025-03-13 01:00:00;0.0
2025-03-13 01:15:00;0.0
2025-03-13 01:30:00;0.0
2025-03-13 01:45:00;0.0
2025-03-13 02:00:00;0.0
2025-03-13 02:15:00;0.0
2025-03-13 02:30:00;0.0
2025-03-13 02:45:00;0.0
2025-03-13 03:00:00;0.0
2025-03-13 03:15:00;0.0
2025-03-13 03:30:00;0.0
2025-03-13 03:45:00;0.0
2025-03-13 04:00:00;0.0
2025-03-13 04:15:00;0.0
2025-03-13 04:30:00;0.0
2025-03-13 04:45:00;0.0
2025-03-13 05:00:00;0.0
2025-03-13 05:15:00;0.0
2025-03-13 05:30:00;0.0
2025-03-13 05:45:00;0.0
2025-03-13 06:00:00;0.0
2025-03-13 06:15:00;0.0
2025-03-13 06:30:00;0.0
2025-03-13 06:45:00;0.0
2025-03-13 07:00:00;0.0
2025-03-13 07:15:00;0.0
2025-03-13 07:30:00;1.1692000000000002
2025-03-13 07:45:00;2.5044000000000004
2025-03-13 08:00:00;5.071
2025-03-13 08:15:00;6.1759
2025-03-13 08:30:00;7.744299999999999
2025-03-13 08:45:00;9.200299999999999
2025-03-13 09:00:00;9.303500000000001
2025-03-13 09:15:00;9.401800000000001
2025-03-13 09:30:00;10.6065
2025-03-13 09:45:00;12.2767
2025-03-13 10:00:00;11.6514
2025-03-13 10:15:00;12.4977
2025-03-13 10:30:00;13.515099999999999
2025-03-13 10:45:00;14.772200000000002
2025-03-13 11:00:00;17.1067
2025-03-13 11:15:00;18.6477
2025-03-13 11:30:00;18.829
2025-03-13 11:45:00;19.3464
2025-03-13 12:00:00;17.3353
2025-03-13 12:15:00;17.366899999999998
2025-03-13 12:30:00;18.358500000000003
2025-03-13 12:45:00;18.4409
2025-03-13 13:00:00;20.4069
2025-03-13 13:15:00;20.1587
2025-03-13 13:30:00;18.548599999999997
2025-03-13 13:45:00;18.9454
2025-03-13 14:00:00;16.784000000000002
2025-03-13 14:15:00;15.770100000000001
2025-03-13 14:30:00;14.715100000000001
2025-03-13 14:45:00;14.3375
2025-03-13 15:00:00;16.8706
2025-03-13 15:15:00;16.9182
2025-03-13 15:30:00;15.1401
2025-03-13 15:45:00;14.2689
2025-03-13 16:00:00;13.4747
2025-03-13 16:15:00;12.4473
2025-03-13 16:30:00;11.5589
2025-03-13 16:45:00;10.5983
2025-03-13 17:00:00;7.2462
2025-03-13 17:15:00;6.474900000000001
2025-03-13 17:30:00;5.531700000000001
2025-03-13 17:45:00;4.260599999999999
2025-03-13 18:00:00;3.3663000000000003
2025-03-13 18:15:00;2.1742
2025-03-13 18:30:00;0.9375
2025-03-13 18:45:00;0.0
2025-03-13 19:00:00;0.0
2025-03-13 19:15:00;0.0
2025-03-13 19:30:00;0.0
2025-03-13 19:45:00;0.0
2025-03-13 20:00:00;0.0
2025-03-13 20:15:00;0.0
2025-03-13 20:30:00;0.0
2025-03-13 20:45:00;0.0
2025-03-13 21:00:00;0.0
2025-03-13 21:15:00;0.0
2025-03-13 21:30:00;0.0
2025-03-13 21:45:00;0.0
2025-03-13 22:00:00;0.0
2025-03-13 22:15:00;0.0
2025-03-13 22:30:00;0.0
2025-03-13 22:45:00;0.0
2025-03-13 23:00:00;0.0
2025-03-13 23:15:00;0.0
2025-03-13 23:30:00;0.0
2025-03-13 23:45:00;0.0
2025-03-14 00:00:00;0.0
2025-03-14 00:15:00;0.0
2025-03-14 00:30:00;0.0
2025-03-14 00:45:00;0.0
2025-03-14 01:00:00;0.0
2025-03-14 01:15:00;0.0
2025-03-14 01:30:00;0.0
2025-03-14 01:45:00;0.0
2025-03-14 02:00:00;0.0
2025-03-14 02:15:00;0.0
2025-03-14 02:30:00;0.0
2025-03-14 02:45:00;0.0
2025-03-14 03:00:00;0.0
2025-03-14 03:15:00;0.0
2025-03-14 03:30:00;0.0
2025-03-14 03:45:00;0.0
2025-03-14 04:00:00;0.0
2025-03-14 04:15:00;0.0
2025-03-14 04:30:00;0.0
2025-03-14 04:45:00;0.0
2025-03-14 05:00:00;0.0
2025-03-14 05:15:00;0.0
2025-03-14 05:30:00;0.0
2025-03-14 05:45:00;0.0
2025-03-14 06:00:00;0.0
2025-03-14 06:15:00;0.0
2025-03-14 06:30:00;0.0
2025-03-14 06:45:00;0.0
2025-03-14 07:00:00;0.0
2025-03-14 07:15:00;0.0
2025-03-14 07:30:00;0.0
2025-03-14 07:45:00;0.18569999999999998
2025-03-14 08:00:00;0.6286
2025-03-14 08:15:00;1.1872999999999998
2025-03-14 08:30:00;1.8491000000000002
2025-03-14 08:45:00;2.0229
2025-03-14 09:00:00;3.2114000000000003
2025-03-14 09:15:00;3.8094000000000006
2025-03-14 09:30:00;4.1577
2025-03-14 09:45:00;4.358499999999999
2025-03-14 10:00:00;4.4117999999999995
2025-03-14 10:15:00;4.6812
2025-03-14 10:30:00;5.0062
2025-03-14 10:45:00;5.3216
2025-03-14 11:00:00;5.5979
2025-03-14 11:15:00;6.0673
2025-03-14 11:30:00;6.3355
2025-03-14 11:45:00;6.4345
2025-03-14 12:00:00;6.9806
2025-03-14 12:15:00;7.0669
2025-03-14 12:30:00;7.1048
2025-03-14 12:45:00;7.013
2025-03-14 13:00:00;6.7601
2025-03-14 13:15:00;6.4757
2025-03-14 13:30:00;6.556900000000001
2025-03-14 13:45:00;6.519
2025-03-14 14:00:00;6.4442
2025-03-14 14:15:00;5.953799999999999
2025-03-14 14:30:00;5.8847
2025-03-14 14:45:00;6.018599999999999
2025-03-14 15:00:00;6.724
2025-03-14 15:15:00;6.4471
2025-03-14 15:30:00;5.8023
2025-03-14 15:45:00;5.7045
2025-03-14 16:00:00;5.2416
2025-03-14 16:15:00;4.8425
2025-03-14 16:30:00;4.2466
2025-03-14 16:45:00;4.065
2025-03-14 17:00:00;3.0168000000000004
2025-03-14 17:15:00;2.2344999999999997
2025-03-14 17:30:00;1.7573
2025-03-14 17:45:00;1.2477999999999998
2025-03-14 18:00:00;0.29679999999999995
2025-03-14 18:15:00;0.0
2025-03-14 18:30:00;0.0
2025-03-14 18:45:00;0.0
2025-03-14 19:00:00;0.0
2025-03-14 19:15:00;0.0
2025-03-14 19:30:00;0.0
2025-03-14 19:45:00;0.0
2025-03-14 20:00:00;0.0
2025-03-14 20:15:00;0.0
2025-03-14 20:30:00;0.0
2025-03-14 20:45:00;0.0
2025-03-14 21:00:00;0.0
2025-03-14 21:15:00;0.0
2025-03-14 21:30:00;0.0
2025-03-14 21:45:00;0.0
2025-03-14 22:00:00;0.0
2025-03-14 22:15:00;0.0
2025-03-14 22:30:00;0.0
2025-03-14 22:45:00;0.0
2025-03-14 23:00:00;0.0
2025-03-14 23:15:00;0.0
2025-03-14 23:30:00;0.0
2025-03-14 23:45:00;0.0
2025-03-15 00:00:00;0.0
2025-03-15 00:15:00;0.0
2025-03-15 00:30:00;0.0
2025-03-15 00:45:00;0.0
2025-03-15 01:00:00;0.0
2025-03-15 01:15:00;0.0
2025-03-15 01:30:00;0.0
2025-03-15 01:45:00;0.0
2025-03-15 02:00:00;0.0
2025-03-15 02:15:00;0.0
2025-03-15 02:30:00;0.0
2025-03-15 02:45:00;0.0
2025-03-15 03:00:00;0.0
2025-03-15 03:15:00;0.0
2025-03-15 03:30:00;0.0
2025-03-15 03:45:00;0.0
2025-03-15 04:00:00;0.0
2025-03-15 04:15:00;0.0
2025-03-15 04:30:00;0.0
2025-03-15 04:45:00;0.0
2025-03-15 05:00:00;0.0
2025-03-15 05:15:00;0.0
2025-03-15 05:30:00;0.0
2025-03-15 05:45:00;0.0
2025-03-15 06:00:00;0.0
2025-03-15 06:15:00;0.0
2025-03-15 06:30:00;0.0
2025-03-15 06:45:00;0.0
2025-03-15 07:00:00;0.0
2025-03-15 07:15:00;0.0
2025-03-15 07:30:00;0.10729999999999995
2025-03-15 07:45:00;0.7865000000000002
2025-03-15 08:00:00;5.0081
2025-03-15 08:15:00;6.034700000000001
2025-03-15 08:30:00;7.582600000000001
2025-03-15 08:45:00;8.036999999999999
2025-03-15 09:00:00;10.3011
2025-03-15 09:15:00;11.7274
2025-03-15 09:30:00;12.782200000000001
2025-03-15 09:45:00;13.3125
2025-03-15 10:00:00;10.8829
2025-03-15 10:15:00;11.8504
2025-03-15 10:30:00;13.2836
2025-03-15 10:45:00;13.0816
2025-03-15 11:00:00;17.4393
2025-03-15 11:15:00;18.665200000000002
2025-03-15 11:30:00;18.7055
2025-03-15 11:45:00;19.810499999999998
2025-03-15 12:00:00;22.6414
2025-03-15 12:15:00;20.773600000000002
2025-03-15 12:30:00;22.7881
2025-03-15 12:45:00;21.547800000000002
2025-03-15 13:00:00;12.2514
2025-03-15 13:15:00;11.9764
2025-03-15 13:30:00;12.0212
2025-03-15 13:45:00;11.4363
2025-03-15 14:00:00;17.4483
2025-03-15 14:15:00;18.7219
2025-03-15 14:30:00;17.246100000000002
2025-03-15 14:45:00;17.4548
2025-03-15 15:00:00;15.725100000000001
2025-03-15 15:15:00;14.6114
2025-03-15 15:30:00;13.612300000000001
2025-03-15 15:45:00;13.4071
2025-03-15 16:00:00;5.9512
2025-03-15 16:15:00;5.6691
2025-03-15 16:30:00;4.751
2025-03-15 16:45:00;4.8025
2025-03-15 17:00:00;10.018199999999998
2025-03-15 17:15:00;8.885399999999999
2025-03-15 17:30:00;7.3217
2025-03-15 17:45:00;6.1350999999999996
2025-03-15 18:00:00;2.1587
2025-03-15 18:15:00;1.3418999999999999
2025-03-15 18:30:00;0.3469
2025-03-15 18:45:00;0.0
2025-03-15 19:00:00;0.0
2025-03-15 19:15:00;0.0
2025-03-15 19:30:00;0.0
2025-03-15 19:45:00;0.0
2025-03-15 20:00:00;0.0
2025-03-15 20:15:00;0.0
2025-03-15 20:30:00;0.0
2025-03-15 20:45:00;0.0
2025-03-15 21:00:00;0.0
2025-03-15 21:15:00;0.0
2025-03-15 21:30:00;0.0
2025-03-15 21:45:00;0.0
2025-03-15 22:00:00;0.0
2025-03-15 22:15:00;0.0
2025-03-15 22:30:00;0.0
2025-03-15 22:45:00;0.0
2025-03-15 23:00:00;0.0
2025-03-15 23:15:00;0.0
2025-03-15 23:30:00;0.0
2025-03-15 23:45:00;0.0
2025-03-16 00:00:00;0.0
2025-03-16 00:15:00;0.0
2025-03-16 00:30:00;0.0
2025-03-16 00:45:00;0.0
2025-03-16 01:00:00;0.0
2025-03-16 01:15:00;0.0
2025-03-16 01:30:00;0.0
2025-03-16 01:45:00;0.0
2025-03-16 02:00:00;0.0
2025-03-16 02:15:00;0.0
2025-03-16 02:30:00;0.0
2025-03-16 02:45:00;0.0
2025-03-16 03:00:00;0.0
2025-03-16 03:15:00;0.0
2025-03-16 03:30:00;0.0
2025-03-16 03:45:00;0.0
2025-03-16 04:00:00;0.0
2025-03-16 04:15:00;0.0
2025-03-16 04:30:00;0.0
2025-03-16 04:45:00;0.0
2025-03-16 05:00:00;0.0
2025-03-16 05:15:00;0.0
2025-03-16 05:30:00;0.0
2025-03-16 05:45:00;0.0
2025-03-16 06:00:00;0.0
2025-03-16 06:15:00;0.0
2025-03-16 06:30:00;0.0
2025-03-16 06:45:00;0.0
2025-03-16 07:00:00;0.0
2025-03-16 07:15:00;0.0
2025-03-16 07:30:00;0.0
2025-03-16 07:45:00;0.0
2025-03-16 08:00:00;0.0
2025-03-16 08:15:00;0.0
2025-03-16 08:30:00;0.0
2025-03-16 08:45:00;0.17900000000000005
2025-03-16 09:00:00;0.6817000000000001
2025-03-16 09:15:00;0.7664000000000001
2025-03-16 09:30:00;1.0341
2025-03-16 09:45:00;1.0835
2025-03-16 10:00:00;1.3646999999999998
2025-03-16 10:15:00;1.4972999999999999
2025-03-16 10:30:00;1.6421999999999999
2025-03-16 10:45:00;1.6250000000000002
2025-03-16 11:00:00;1.6176
2025-03-16 11:15:00;1.8981
2025-03-16 11:30:00;1.8707999999999998
2025-03-16 11:45:00;1.9441000000000002
2025-03-16 12:00:00;1.9321000000000002
2025-03-16 12:15:00;1.8662999999999998
2025-03-16 12:30:00;1.9003999999999999
2025-03-16 12:45:00;2.0601000000000003
2025-03-16 13:00:00;2.3107
2025-03-16 13:15:00;2.34
2025-03-16 13:30:00;2.1900000000000004
2025-03-16 13:45:00;2.0105
2025-03-16 14:00:00;2.3673
2025-03-16 14:15:00;2.3476
2025-03-16 14:30:00;2.219
2025-03-16 14:45:00;2.1881
2025-03-16 15:00:00;2.0795000000000003
2025-03-16 15:15:00;1.7498
2025-03-16 15:30:00;1.774
2025-03-16 15:45:00;1.6040999999999999
2025-03-16 16:00:00;1.2520000000000002
2025-03-16 16:15:00;1.0963000000000003
2025-03-16 16:30:00;1.0304000000000002
2025-03-16 16:45:00;0.6986
2025-03-16 17:00:00;0.32120000000000015
2025-03-16 17:15:00;0.02939999999999987
2025-03-16 17:30:00;0.0
2025-03-16 17:45:00;0.0
2025-03-16 18:00:00;0.0
2025-03-16 18:15:00;0.0
2025-03-16 18:30:00;0.0
2025-03-16 18:45:00;0.0
2025-03-16 19:00:00;0.0
2025-03-16 19:15:00;0.0
2025-03-16 19:30:00;0.0
2025-03-16 19:45:00;0.0
2025-03-16 20:00:00;0.0
2025-03-16 20:15:00;0.0
2025-03-16 20:30:00;0.0
2025-03-16 20:45:00;0.0
2025-03-16 21:00:00;0.0
2025-03-16 21:15:00;0.0
2025-03-16 21:30:00;0.0
2025-03-16 21:45:00;0.0
2025-03-16 22:00:00;0.0
2025-03-16 22:15:00;0.0
2025-03-16 22:30:00;0.0
2025-03-16 22:45:00;0.0
2025-03-16 23:00:00;0.0
2025-03-16 23:15:00;0.0
2025-03-16 23:30:00;0.0
2025-03-16 23:45:00;0.0
2025-03-17 00:00:00;0.0
2025-03-17 00:15:00;0.0
2025-03-17 00:30:00;0.0
2025-03-17 00:45:00;0.0
2025-03-17 01:00:00;0.0
2025-03-17 01:15:00;0.0
2025-03-17 01:30:00;0.0
2025-03-17 01:45:00;0.0
2025-03-17 02:00:00;0.0
2025-03-17 02:15:00;0.0
2025-03-17 02:30:00;0.0
2025-03-17 02:45:00;0.0
2025-03-17 03:00:00;0.0
2025-03-17 03:15:00;0.0
2025-03-17 03:30:00;0.0
2025-03-17 03:45:00;0.0
2025-03-17 04:00:00;0.0
2025-03-17 04:15:00;0.0
2025-03-17 04:30:00;0.0
2025-03-17 04:45:00;0.0
2025-03-17 05:00:00;0.0
2025-03-17 05:15:00;0.0
2025-03-17 05:30:00;0.0
2025-03-17 05:45:00;0.0
2025-03-17 06:00:00;0.0
2025-03-17 06:15:00;0.0
2025-03-17 06:30:00;0.0
2025-03-17 06:45:00;0.0
2025-03-17 07:00:00;0.0
2025-03-17 07:15:00;0.0
2025-03-17 07:30:00;0.0
2025-03-17 07:45:00;0.0
2025-03-17 08:00:00;0.0
2025-03-17 08:15:00;0.0
2025-03-17 08:30:00;0.10060000000000002
2025-03-17 08:45:00;0.3178000000000001
2025-03-17 09:00:00;0.7697999999999999
2025-03-17 09:15:00;0.7479
2025-03-17 09:30:00;1.0267
2025-03-17 09:45:00;1.1602000000000001
2025-03-17 10:00:00;1.3691999999999998
2025-03-17 10:15:00;1.3874999999999997
2025-03-17 10:30:00;1.5719
2025-03-17 10:45:00;1.8009999999999997
2025-03-17 11:00:00;1.9572
2025-03-17 11:15:00;1.9876
2025-03-17 11:30:00;2.0092
2025-03-17 11:45:00;2.1083000000000003
2025-03-17 12:00:00;2.0021
2025-03-17 12:15:00;2.0759000000000003
2025-03-17 12:30:00;2.1003
2025-03-17 12:45:00;2.1163
2025-03-17 13:00:00;2.3261
2025-03-17 13:15:00;2.4488000000000003
2025-03-17 13:30:00;2.5185
2025-03-17 13:45:00;2.2076
2025-03-17 14:00:00;2.2333000000000003
2025-03-17 14:15:00;2.0924
2025-03-17 14:30:00;2.0456999999999996
2025-03-17 14:45:00;2.2002
2025-03-17 15:00:00;1.817
2025-03-17 15:15:00;1.6745
2025-03-17 15:30:00;1.5191
2025-03-17 15:45:00;1.4126999999999998
2025-03-17 16:00:00;1.3556000000000004
2025-03-17 16:15:00;1.1013999999999997
2025-03-17 16:30:00;0.9759
2025-03-17 16:45:00;0.7839000000000002
2025-03-17 17:00:00;0.03709999999999991
2025-03-17 17:15:00;0.05699999999999994
2025-03-17 17:30:00;0.0
2025-03-17 17:45:00;0.0
2025-03-17 18:00:00;0.0
2025-03-17 18:15:00;0.0
2025-03-17 18:30:00;0.0
2025-03-17 18:45:00;0.0
2025-03-17 19:00:00;0.0
2025-03-17 19:15:00;0.0
2025-03-17 19:30:00;0.0
2025-03-17 19:45:00;0.0
2025-03-17 20:00:00;0.0
2025-03-17 20:15:00;0.0
2025-03-17 20:30:00;0.0
2025-03-17 20:45:00;0.0
2025-03-17 21:00:00;0.0
2025-03-17 21:15:00;0.0
2025-03-17 21:30:00;0.0
2025-03-17 21:45:00;0.0
2025-03-17 22:00:00;0.0
2025-03-17 22:15:00;0.0
2025-03-17 22:30:00;0.0
2025-03-17 22:45:00;0.0
2025-03-17 23:00:00;0.0
2025-03-17 23:15:00;0.0
2025-03-17 23:30:00;0.0
2025-03-17 23:45:00;0.0
2025-03-18 00:00:00;0.0
2025-03-18 00:15:00;0.0
2025-03-18 00:30:00;0.0
2025-03-18 00:45:00;0.0
2025-03-18 01:00:00;0.0
2025-03-18 01:15:00;0.0
2025-03-18 01:30:00;0.0
2025-03-18 01:45:00;0.0
2025-03-18 02:00:00;0.0
2025-03-18 02:15:00;0.0
2025-03-18 02:30:00;0.0
2025-03-18 02:45:00;0.0
2025-03-18 03:00:00;0.0
2025-03-18 03:15:00;0.0
2025-03-18 03:30:00;0.0
2025-03-18 03:45:00;0.0
2025-03-18 04:00:00;0.0
2025-03-18 04:15:00;0.0
2025-03-18 04:30:00;0.0
2025-03-18 04:45:00;0.0
2025-03-18 05:00:00;0.0
2025-03-18 05:15:00;0.0
2025-03-18 05:30:00;0.0
2025-03-18 05:45:00;0.0
2025-03-18 06:00:00;0.0
2025-03-18 06:15:00;0.0
2025-03-18 06:30:00;0.0
2025-03-18 06:45:00;0.0
2025-03-18 07:00:00;0.0
2025-03-18 07:15:00;0.2568999999999999
2025-03-18 07:30:00;2.4897
2025-03-18 07:45:00;4.5888
2025-03-18 08:00:00;5.1884
2025-03-18 08:15:00;6.6687
2025-03-18 08:30:00;8.6375
2025-03-18 08:45:00;10.667
2025-03-18 09:00:00;14.9825
2025-03-18 09:15:00;16.7661
2025-03-18 09:30:00;17.9906
2025-03-18 09:45:00;20.268500000000003
2025-03-18 10:00:00;22.727400000000003
2025-03-18 10:15:00;23.1995
2025-03-18 10:30:00;25.2385
2025-03-18 10:45:00;23.8382
2025-03-18 11:00:00;27.637
2025-03-18 11:15:00;29.2459
2025-03-18 11:30:00;27.9723
2025-03-18 11:45:00;29.3802
2025-03-18 12:00:00;32.2972
2025-03-18 12:15:00;33.0052
2025-03-18 12:30:00;34.056200000000004
2025-03-18 12:45:00;34.7224
2025-03-18 13:00:00;30.490299999999998
2025-03-18 13:15:00;29.317600000000002
2025-03-18 13:30:00;30.5219
2025-03-18 13:45:00;29.7023
2025-03-18 14:00:00;32.8673
2025-03-18 14:15:00;33.5315
2025-03-18 14:30:00;33.8098
2025-03-18 14:45:00;32.3284
2025-03-18 15:00:00;24.9329
2025-03-18 15:15:00;23.8628
2025-03-18 15:30:00;22.294
2025-03-18 15:45:00;22.3166
2025-03-18 16:00:00;21.6032
2025-03-18 16:15:00;19.7995
2025-03-18 16:30:00;19.0041
2025-03-18 16:45:00;16.706500000000002
2025-03-18 17:00:00;14.5305
2025-03-18 17:15:00;12.082
2025-03-18 17:30:00;10.929
2025-03-18 17:45:00;9.368300000000001
2025-03-18 18:00:00;7.4128
2025-03-18 18:15:00;5.1823
2025-03-18 18:30:00;2.9041999999999994
2025-03-18 18:45:00;0.5535000000000001
2025-03-18 19:00:00;0.0
2025-03-18 19:15:00;0.0
2025-03-18 19:30:00;0.0
2025-03-18 19:45:00;0.0
2025-03-18 20:00:00;0.0
2025-03-18 20:15:00;0.0
2025-03-18 20:30:00;0.0
2025-03-18 20:45:00;0.0
2025-03-18 21:00:00;0.0
2025-03-18 21:15:00;0.0
2025-03-18 21:30:00;0.0
2025-03-18 21:45:00;0.0
2025-03-18 22:00:00;0.0
2025-03-18 22:15:00;0.0
2025-03-18 22:30:00;0.0
2025-03-18 22:45:00;0.0
2025-03-18 23:00:00;0.0
2025-03-18 23:15:00;0.0
2025-03-18 23:30:00;0.0
2025-03-18 23:45:00;0.0
2025-03-19 00:00:00;0.0
2025-03-19 00:15:00;0.0
2025-03-19 00:30:00;0.0
2025-03-19 00:45:00;0.0
2025-03-19 01:00:00;0.0
2025-03-19 01:15:00;0.0
2025-03-19 01:30:00;0.0
2025-03-19 01:45:00;0.0
2025-03-19 02:00:00;0.0
2025-03-19 02:15:00;0.0
2025-03-19 02:30:00;0.0
2025-03-19 02:45:00;0.0
2025-03-19 03:00:00;0.0
2025-03-19 03:15:00;0.0
2025-03-19 03:30:00;0.0
2025-03-19 03:45:00;0.0
2025-03-19 04:00:00;0.0
2025-03-19 04:15:00;0.0
2025-03-19 04:30:00;0.0
2025-03-19 04:45:00;0.0
2025-03-19 05:00:00;0.0
2025-03-19 05:15:00;0.0
2025-03-19 05:30:00;0.0
2025-03-19 05:45:00;0.0
2025-03-19 06:00:00;0.0
2025-03-19 06:15:00;0.0
2025-03-19 06:30:00;0.0
2025-03-19 06:45:00;0.0
2025-03-19 07:00:00;0.0
2025-03-19 07:15:00;0.0
2025-03-19 07:30:00;1.3015
2025-03-19 07:45:00;2.5943000000000005
2025-03-19 08:00:00;4.3468
2025-03-19 08:15:00;5.5550999999999995
2025-03-19 08:30:00;7.2073
2025-03-19 08:45:00;8.5739
2025-03-19 09:00:00;4.2116999999999996
2025-03-19 09:15:00;4.5807
2025-03-19 09:30:00;5.2828
2025-03-19 09:45:00;5.6308
2025-03-19 10:00:00;5.8543
2025-03-19 10:15:00;5.5514
2025-03-19 10:30:00;6.3591999999999995
2025-03-19 10:45:00;7.0634999999999994
2025-03-19 11:00:00;12.8091
2025-03-19 11:15:00;13.9945
2025-03-19 11:30:00;14.298399999999999
2025-03-19 11:45:00;14.648
2025-03-19 12:00:00;18.2401
2025-03-19 12:15:00;18.392699999999998
2025-03-19 12:30:00;19.1612
2025-03-19 12:45:00;19.9418
2025-03-19 13:00:00;13.3211
2025-03-19 13:15:00;13.4579
2025-03-19 13:30:00;12.795100000000001
2025-03-19 13:45:00;13.349699999999999
2025-03-19 14:00:00;7.9679
2025-03-19 14:15:00;7.8338
2025-03-19 14:30:00;7.5612
2025-03-19 14:45:00;7.6768
2025-03-19 15:00:00;19.9535
2025-03-19 15:15:00;18.3714
2025-03-19 15:30:00;17.4044
2025-03-19 15:45:00;16.866
2025-03-19 16:00:00;12.8935
2025-03-19 16:15:00;12.082
2025-03-19 16:30:00;10.865200000000002
2025-03-19 16:45:00;9.988999999999999
2025-03-19 17:00:00;7.845199999999999
2025-03-19 17:15:00;7.058
2025-03-19 17:30:00;5.9169
2025-03-19 17:45:00;4.6605
2025-03-19 18:00:00;3.87
2025-03-19 18:15:00;2.3781
2025-03-19 18:30:00;1.0851
2025-03-19 18:45:00;0.0
2025-03-19 19:00:00;0.0
2025-03-19 19:15:00;0.0
2025-03-19 19:30:00;0.0
2025-03-19 19:45:00;0.0
2025-03-19 20:00:00;0.0
2025-03-19 20:15:00;0.0
2025-03-19 20:30:00;0.0
2025-03-19 20:45:00;0.0
2025-03-19 21:00:00;0.0
2025-03-19 21:15:00;0.0
2025-03-19 21:30:00;0.0
2025-03-19 21:45:00;0.0
2025-03-19 22:00:00;0.0
2025-03-19 22:15:00;0.0
2025-03-19 22:30:00;0.0
2025-03-19 22:45:00;0.0
2025-03-19 23:00:00;0.0
2025-03-19 23:15:00;0.0
2025-03-19 23:30:00;0.0
2025-03-19 23:45:00;0.0
2025-03-20 00:00:00;0.0
2025-03-20 00:15:00;0.0
2025-03-20 00:30:00;0.0
2025-03-20 00:45:00;0.0
2025-03-20 01:00:00;0.0
2025-03-20 01:15:00;0.0
2025-03-20 01:30:00;0.0
2025-03-20 01:45:00;0.0
2025-03-20 02:00:00;0.0
2025-03-20 02:15:00;0.0
2025-03-20 02:30:00;0.0
2025-03-20 02:45:00;0.0
2025-03-20 03:00:00;0.0
2025-03-20 03:15:00;0.0
2025-03-20 03:30:00;0.0
2025-03-20 03:45:00;0.0
2025-03-20 04:00:00;0.0
2025-03-20 04:15:00;0.0
2025-03-20 04:30:00;0.0
2025-03-20 04:45:00;0.0
2025-03-20 05:00:00;0.0
2025-03-20 05:15:00;0.0
2025-03-20 05:30:00;0.0
2025-03-20 05:45:00;0.0
2025-03-20 06:00:00;0.0
2025-03-20 06:15:00;0.0
2025-03-20 06:30:00;0.0
2025-03-20 06:45:00;0.0
2025-03-20 07:00:00;0.0
2025-03-20 07:15:00;0.0
2025-03-20 07:30:00;0.0
2025-03-20 07:45:00;0.0
2025-03-20 08:00:00;0.0
2025-03-20 08:15:00;0.0
2025-03-20 08:30:00;0.050799999999999956
2025-03-20 08:45:00;0.2507999999999999
2025-03-20 09:00:00;0.8546
2025-03-20 09:15:00;1.2413000000000003
2025-03-20 09:30:00;1.3013999999999997
2025-03-20 09:45:00;1.3842999999999996
2025-03-20 10:00:00;1.6269
2025-03-20 10:15:00;1.7497000000000003
2025-03-20 10:30:00;1.9258000000000002
2025-03-20 10:45:00;2.1215
2025-03-20 11:00:00;1.8638
2025-03-20 11:15:00;1.9154
2025-03-20 11:30:00;1.8567
2025-03-20 11:45:00;2.036
2025-03-20 12:00:00;1.7761999999999998
2025-03-20 12:15:00;1.7943000000000002
2025-03-20 12:30:00;1.838
2025-03-20 12:45:00;1.772
2025-03-20 13:00:00;1.9642000000000002
2025-03-20 13:15:00;2.0384
2025-03-20 13:30:00;1.8787
2025-03-20 13:45:00;1.976
2025-03-20 14:00:00;1.9243999999999999
2025-03-20 14:15:00;1.6188000000000002
2025-03-20 14:30:00;1.6049
2025-03-20 14:45:00;1.6572
2025-03-20 15:00:00;1.8948999999999998
2025-03-20 15:15:00;1.7964000000000002
2025-03-20 15:30:00;1.4928000000000003
2025-03-20 15:45:00;1.5863
2025-03-20 16:00:00;0.8267
2025-03-20 16:15:00;0.8218
2025-03-20 16:30:00;0.6894
2025-03-20 16:45:00;0.4939
2025-03-20 17:00:00;0.389
2025-03-20 17:15:00;0.1281000000000001
2025-03-20 17:30:00;0.0
2025-03-20 17:45:00;0.0
2025-03-20 18:00:00;0.0
2025-03-20 18:15:00;0.0
2025-03-20 18:30:00;0.0
2025-03-20 18:45:00;0.0
2025-03-20 19:00:00;0.0
2025-03-20 19:15:00;0.0
2025-03-20 19:30:00;0.0
2025-03-20 19:45:00;0.0
2025-03-20 20:00:00;0.0
2025-03-20 20:15:00;0.0
2025-03-20 20:30:00;0.0
2025-03-20 20:45:00;0.0
2025-03-20 21:00:00;0.0
2025-03-20 21:15:00;0.0
2025-03-20 21:30:00;0.0
2025-03-20 21:45:00;0.0
2025-03-20 22:00:00;0.0
2025-03-20 22:15:00;0.0
2025-03-20 22:30:00;0.0
2025-03-20 22:45:00;0.0
2025-03-20 23:00:00;0.0
2025-03-20 23:15:00;0.0
2025-03-20 23:30:00;0.0
2025-03-20 23:45:00;0.0
2025-03-21 00:00:00;0.0
2025-03-21 00:15:00;0.0
2025-03-21 00:30:00;0.0
2025-03-21 00:45:00;0.0
2025-03-21 01:00:00;0.0
2025-03-21 01:15:00;0.0
2025-03-21 01:30:00;0.0
2025-03-21 01:45:00;0.0
2025-03-21 02:00:00;0.0
2025-03-21 02:15:00;0.0
2025-03-21 02:30:00;0.0
2025-03-21 02:45:00;0.0
2025-03-21 03:00:00;0.0
2025-03-21 03:15:00;0.0
2025-03-21 03:30:00;0.0
2025-03-21 03:45:00;0.0
2025-03-21 04:00:00;0.0
2025-03-21 04:15:00;0.0
2025-03-21 04:30:00;0.0
2025-03-21 04:45:00;0.0
2025-03-21 05:00:00;0.0
2025-03-21 05:15:00;0.0
2025-03-21 05:30:00;0.0
2025-03-21 05:45:00;0.0
2025-03-21 06:00:00;0.0
2025-03-21 06:15:00;0.0
2025-03-21 06:30:00;0.0
2025-03-21 06:45:00;0.0
2025-03-21 07:00:00;0.0
2025-03-21 07:15:00;0.0
2025-03-21 07:30:00;1.2441
2025-03-21 07:45:00;2.5867999999999993
2025-03-21 08:00:00;4.0583
2025-03-21 08:15:00;5.5251
2025-03-21 08:30:00;6.4946
2025-03-21 08:45:00;8.1337
2025-03-21 09:00:00;9.0472
2025-03-21 09:15:00;9.927200000000001
2025-03-21 09:30:00;11.4165
2025-03-21 09:45:00;12.0491
2025-03-21 10:00:00;10.8255
2025-03-21 10:15:00;11.323500000000001
2025-03-21 10:30:00;12.6369
2025-03-21 10:45:00;13.2837
2025-03-21 11:00:00;15.709899999999998
2025-03-21 11:15:00;16.362900000000003
2025-03-21 11:30:00;16.060499999999998
2025-03-21 11:45:00;17.5632
2025-03-21 12:00:00;19.4188
2025-03-21 12:15:00;20.5782
2025-03-21 12:30:00;20.4964
2025-03-21 12:45:00;21.1729
2025-03-21 13:00:00;18.3594
2025-03-21 13:15:00;18.815199999999997
2025-03-21 13:30:00;18.3032
2025-03-21 13:45:00;17.8991
2025-03-21 14:00:00;8.0828
2025-03-21 14:15:00;7.921499999999999
2025-03-21 14:30:00;7.695
2025-03-21 14:45:00;7.3139
2025-03-21 15:00:00;18.752799999999997
2025-03-21 15:15:00;17.839
2025-03-21 15:30:00;16.89
2025-03-21 15:45:00;16.2841
2025-03-21 16:00:00;12.8736
2025-03-21 16:15:00;10.8991
2025-03-21 16:30:00;10.0117
2025-03-21 16:45:00;9.6734
2025-03-21 17:00:00;6.470700000000001
2025-03-21 17:15:00;5.4093
2025-03-21 17:30:00;4.7625
2025-03-21 17:45:00;3.7795000000000005
2025-03-21 18:00:00;2.1158
2025-03-21 18:15:00;1.3947
2025-03-21 18:30:00;0.44530000000000003
2025-03-21 18:45:00;0.0
2025-03-21 19:00:00;0.0
2025-03-21 19:15:00;0.0
2025-03-21 19:30:00;0.0
2025-03-21 19:45:00;0.0
2025-03-21 20:00:00;0.0
2025-03-21 20:15:00;0.0
2025-03-21 20:30:00;0.0
2025-03-21 20:45:00;0.0
2025-03-21 21:00:00;0.0
2025-03-21 21:15:00;0.0
2025-03-21 21:30:00;0.0
2025-03-21 21:45:00;0.0
2025-03-21 22:00:00;0.0
2025-03-21 22:15:00;0.0
2025-03-21 22:30:00;0.0
2025-03-21 22:45:00;0.0
2025-03-21 23:00:00;0.0
2025-03-21 23:15:00;0.0
2025-03-21 23:30:00;0.0
2025-03-21 23:45:00;0.0
2025-03-22 00:00:00;0.0
2025-03-22 00:15:00;0.0
2025-03-22 00:30:00;0.0
2025-03-22 00:45:00;0.0
2025-03-22 01:00:00;0.0
2025-03-22 01:15:00;0.0
2025-03-22 01:30:00;0.0
2025-03-22 01:45:00;0.0
2025-03-22 02:00:00;0.0
2025-03-22 02:15:00;0.0
2025-03-22 02:30:00;0.0
2025-03-22 02:45:00;0.0
2025-03-22 03:00:00;0.0
2025-03-22 03:15:00;0.0
2025-03-22 03:30:00;0.0
2025-03-22 03:45:00;0.0
2025-03-22 04:00:00;0.0
2025-03-22 04:15:00;0.0
2025-03-22 04:30:00;0.0
2025-03-22 04:45:00;0.0
2025-03-22 05:00:00;0.0
2025-03-22 05:15:00;0.0
2025-03-22 05:30:00;0.0
2025-03-22 05:45:00;0.0
2025-03-22 06:00:00;0.0
2025-03-22 06:15:00;0.0
2025-03-22 06:30:00;0.0
2025-03-22 06:45:00;0.0
2025-03-22 07:00:00;0.0
2025-03-22 07:15:00;0.0
2025-03-22 07:30:00;1.0878999999999999
2025-03-22 07:45:00;2.6029
2025-03-22 08:00:00;3.6748
2025-03-22 08:15:00;4.6021
2025-03-22 08:30:00;5.696400000000001
2025-03-22 08:45:00;6.8149
2025-03-22 09:00:00;10.9114
2025-03-22 09:15:00;12.6043
2025-03-22 09:30:00;13.200199999999999
2025-03-22 09:45:00;15.195600000000002
2025-03-22 10:00:00;15.9786
2025-03-22 10:15:00;17.236199999999997
2025-03-22 10:30:00;17.9848
2025-03-22 10:45:00;18.6666
2025-03-22 11:00:00;16.037300000000002
2025-03-22 11:15:00;18.0535
2025-03-22 11:30:00;18.1963
2025-03-22 11:45:00;17.740399999999998
2025-03-22 12:00:00;19.3333
2025-03-22 12:15:00;18.494
2025-03-22 12:30:00;19.3674
2025-03-22 12:45:00;20.013099999999998
2025-03-22 13:00:00;17.4165
2025-03-22 13:15:00;18.4951
2025-03-22 13:30:00;17.2803
2025-03-22 13:45:00;17.2317
2025-03-22 14:00:00;11.1176
2025-03-22 14:15:00;10.1317
2025-03-22 14:30:00;10.3203
2025-03-22 14:45:00;10.368
2025-03-22 15:00:00;8.2217
2025-03-22 15:15:00;7.764799999999999
2025-03-22 15:30:00;7.6174
2025-03-22 15:45:00;6.7278
2025-03-22 16:00:00;11.948
2025-03-22 16:15:00;10.8291
2025-03-22 16:30:00;10.5539
2025-03-22 16:45:00;9.342099999999999
2025-03-22 17:00:00;5.7892
2025-03-22 17:15:00;4.9709
2025-03-22 17:30:00;4.014399999999999
2025-03-22 17:45:00;3.2441000000000004
2025-03-22 18:00:00;1.8331000000000002
2025-03-22 18:15:00;0.9254999999999998
2025-03-22 18:30:00;0.2025999999999999
2025-03-22 18:45:00;0.0
2025-03-22 19:00:00;0.0
2025-03-22 19:15:00;0.0
2025-03-22 19:30:00;0.0
2025-03-22 19:45:00;0.0
2025-03-22 20:00:00;0.0
2025-03-22 20:15:00;0.0
2025-03-22 20:30:00;0.0
2025-03-22 20:45:00;0.0
2025-03-22 21:00:00;0.0
2025-03-22 21:15:00;0.0
2025-03-22 21:30:00;0.0
2025-03-22 21:45:00;0.0
2025-03-22 22:00:00;0.0
2025-03-22 22:15:00;0.0
2025-03-22 22:30:00;0.0
2025-03-22 22:45:00;0.0
2025-03-22 23:00:00;0.0
2025-03-22 23:15:00;0.0
2025-03-22 23:30:00;0.0
2025-03-22 23:45:00;0.0
2025-03-23 00:00:00;0.0
2025-03-23 00:15:00;0.0
2025-03-23 00:30:00;0.0
2025-03-23 00:45:00;0.0
2025-03-23 01:00:00;0.0
2025-03-23 01:15:00;0.0
2025-03-23 01:30:00;0.0
2025-03-23 01:45:00;0.0
2025-03-23 02:00:00;0.0
2025-03-23 02:15:00;0.0
2025-03-23 02:30:00;0.0
2025-03-23 02:45:00;0.0
2025-03-23 03:00:00;0.0
2025-03-23 03:15:00;0.0
2025-03-23 03:30:00;0.0
2025-03-23 03:45:00;0.0
2025-03-23 04:00:00;0.0
2025-03-23 04:15:00;0.0
2025-03-23 04:30:00;0.0
2025-03-23 04:45:00;0.0
2025-03-23 05:00:00;0.0
2025-03-23 05:15:00;0.0
2025-03-23 05:30:00;0.0
2025-03-23 05:45:00;0.0
2025-03-23 06:00:00;0.0
2025-03-23 06:15:00;0.0
2025-03-23 06:30:00;0.0
2025-03-23 06:45:00;0.0
2025-03-23 07:00:00;0.0
2025-03-23 07:15:00;0.0
2025-03-23 07:30:00;0.0
2025-03-23 07:45:00;0.0524
2025-03-23 08:00:00;0.8765999999999998
2025-03-23 08:15:00;1.5815000000000001
2025-03-23 08:30:00;1.9564
2025-03-23 08:45:00;2.2311
2025-03-23 09:00:00;3.3030000000000004
2025-03-23 09:15:00;3.4467000000000003
2025-03-23 09:30:00;3.8716
2025-03-23 09:45:00;4.6967
2025-03-23 10:00:00;4.2774
2025-03-23 10:15:00;5.0389
2025-03-23 10:30:00;5.6053
2025-03-23 10:45:00;5.5171
2025-03-23 11:00:00;6.2505999999999995
2025-03-23 11:15:00;6.9322
2025-03-23 11:30:00;6.9036
2025-03-23 11:45:00;7.3249
2025-03-23 12:00:00;6.7334
2025-03-23 12:15:00;6.8577
2025-03-23 12:30:00;6.8546000000000005
2025-03-23 12:45:00;7.0493
2025-03-23 13:00:00;7.576299999999999
2025-03-23 13:15:00;7.2963000000000005
2025-03-23 13:30:00;7.5582
2025-03-23 13:45:00;7.3134
2025-03-23 14:00:00;6.6341
2025-03-23 14:15:00;6.4164
2025-03-23 14:30:00;6.444999999999999
2025-03-23 14:45:00;6.091
2025-03-23 15:00:00;6.1541
2025-03-23 15:15:00;5.7563
2025-03-23 15:30:00;5.6823
2025-03-23 15:45:00;5.1324000000000005
2025-03-23 16:00:00;5.284999999999999
2025-03-23 16:15:00;4.6004
2025-03-23 16:30:00;4.2879000000000005
2025-03-23 16:45:00;3.7904000000000004
2025-03-23 17:00:00;2.1101
2025-03-23 17:15:00;1.7951000000000001
2025-03-23 17:30:00;1.3167
2025-03-23 17:45:00;1.0116
2025-03-23 18:00:00;0.6766999999999999
2025-03-23 18:15:00;0.15189999999999992
2025-03-23 18:30:00;0.0
2025-03-23 18:45:00;0.0
2025-03-23 19:00:00;0.0
2025-03-23 19:15:00;0.0
2025-03-23 19:30:00;0.0
2025-03-23 19:45:00;0.0
2025-03-23 20:00:00;0.0
2025-03-23 20:15:00;0.0
2025-03-23 20:30:00;0.0
2025-03-23 20:45:00;0.0
2025-03-23 21:00:00;0.0
2025-03-23 21:15:00;0.0
2025-03-23 21:30:00;0.0
2025-03-23 21:45:00;0.0
2025-03-23 22:00:00;0.0
2025-03-23 22:15:00;0.0
2025-03-23 22:30:00;0.0
2025-03-23 22:45:00;0.0
2025-03-23 23:00:00;0.0
2025-03-23 23:15:00;0.0
2025-03-23 23:30:00;0.0
2025-03-23 23:45:00;0.0
2025-03-24 00:00:00;0.0
2025-03-24 00:15:00;0.0
2025-03-24 00:30:00;0.0
2025-03-24 00:45:00;0.0
2025-03-24 01:00:00;0.0
2025-03-24 01:15:00;0.0
2025-03-24 01:30:00;0.0
2025-03-24 01:45:00;0.0
2025-03-24 02:00:00;0.0
2025-03-24 02:15:00;0.0
2025-03-24 02:30:00;0.0
2025-03-24 02:45:00;0.0
2025-03-24 03:00:00;0.0
2025-03-24 03:15:00;0.0
2025-03-24 03:30:00;0.0
2025-03-24 03:45:00;0.0
2025-03-24 04:00:00;0.0
2025-03-24 04:15:00;0.0
2025-03-24 04:30:00;0.0
2025-03-24 04:45:00;0.0
2025-03-24 05:00:00;0.0
2025-03-24 05:15:00;0.0
2025-03-24 05:30:00;0.0
2025-03-24 05:45:00;0.0
2025-03-24 06:00:00;0.0
2025-03-24 06:15:00;0.0
2025-03-24 06:30:00;0.0
2025-03-24 06:45:00;0.0
2025-03-24 07:00:00;0.0
2025-03-24 07:15:00;0.0
2025-03-24 07:30:00;0.0
2025-03-24 07:45:00;0.0
2025-03-24 08:00:00;0.0
2025-03-24 08:15:00;0.0
2025-03-24 08:30:00;0.0
2025-03-24 08:45:00;0.0
2025-03-24 09:00:00;0.42890000000000006
2025-03-24 09:15:00;0.5018
2025-03-24 09:30:00;0.766
2025-03-24 09:45:00;0.9756
2025-03-24 10:00:00;1.3794000000000002
2025-03-24 10:15:00;1.6295
2025-03-24 10:30:00;1.5800999999999998
2025-03-24 10:45:00;1.8144999999999998
2025-03-24 11:00:00;1.7167
2025-03-24 11:15:00;1.8253000000000001
2025-03-24 11:30:00;1.9696000000000002
2025-03-24 11:45:00;1.7333
2025-03-24 12:00:00;2.0461
2025-03-24 12:15:00;2.1454999999999997
2025-03-24 12:30:00;1.9362
2025-03-24 12:45:00;2.1807
2025-03-24 13:00:00;2.1506999999999996
2025-03-24 13:15:00;1.9403
2025-03-24 13:30:00;2.1257
2025-03-24 13:45:00;1.9634
2025-03-24 14:00:00;2.2235
2025-03-24 14:15:00;2.2804
2025-03-24 14:30:00;2.2278
2025-03-24 14:45:00;1.9551
2025-03-24 15:00:00;1.6549
2025-03-24 15:15:00;1.4834
2025-03-24 15:30:00;1.4156000000000002
2025-03-24 15:45:00;1.3363
2025-03-24 16:00:00;0.9669000000000001
2025-03-24 16:15:00;0.9983
2025-03-24 16:30:00;0.7561
2025-03-24 16:45:00;0.6347
2025-03-24 17:00:00;0.1260000000000001
2025-03-24 17:15:00;0.0
2025-03-24 17:30:00;0.0
2025-03-24 17:45:00;0.0
2025-03-24 18:00:00;0.0
2025-03-24 18:15:00;0.0
2025-03-24 18:30:00;0.0
2025-03-24 18:45:00;0.0
2025-03-24 19:00:00;0.0
2025-03-24 19:15:00;0.0
2025-03-24 19:30:00;0.0
2025-03-24 19:45:00;0.0
2025-03-24 20:00:00;0.0
2025-03-24 20:15:00;0.0
2025-03-24 20:30:00;0.0
2025-03-24 20:45:00;0.0
2025-03-24 21:00:00;0.0
2025-03-24 21:15:00;0.0
2025-03-24 21:30:00;0.0
2025-03-24 21:45:00;0.0
2025-03-24 22:00:00;0.0
2025-03-24 22:15:00;0.0
2025-03-24 22:30:00;0.0
2025-03-24 22:45:00;0.0
2025-03-24 23:00:00;0.0
2025-03-24 23:15:00;0.0
2025-03-24 23:30:00;0.0
2025-03-24 23:45:00;0.0
2025-03-25 00:00:00;0.0
2025-03-25 00:15:00;0.0
2025-03-25 00:30:00;0.0
2025-03-25 00:45:00;0.0
2025-03-25 01:00:00;0.0
2025-03-25 01:15:00;0.0
2025-03-25 01:30:00;0.0
2025-03-25 01:45:00;0.0
2025-03-25 02:00:00;0.0
2025-03-25 02:15:00;0.0
2025-03-25 02:30:00;0.0
2025-03-25 02:45:00;0.0
2025-03-25 03:00:00;0.0
2025-03-25 03:15:00;0.0
2025-03-25 03:30:00;0.0
2025-03-25 03:45:00;0.0
2025-03-25 04:00:00;0.0
2025-03-25 04:15:00;0.0
2025-03-25 04:30:00;0.0
2025-03-25 04:45:00;0.0
2025-03-25 05:00:00;0.0
2025-03-25 05:15:00;0.0
2025-03-25 05:30:00;0.0
2025-03-25 05:45:00;0.0
2025-03-25 06:00:00;0.0
2025-03-25 06:15:00;0.0
2025-03-25 06:30:00;0.0
2025-03-25 06:45:00;0.0
2025-03-25 07:00:00;0.0
2025-03-25 07:15:00;0.0
2025-03-25 07:30:00;0.0
2025-03-25 07:45:00;0.5110000000000001
2025-03-25 08:00:00;3.1418
2025-03-25 08:15:00;4.3652
2025-03-25 08:30:00;5.6587000000000005
2025-03-25 08:45:00;6.5881
2025-03-25 09:00:00;9.8234
2025-03-25 09:15:00;10.613199999999999
2025-03-25 09:30:00;12.264500000000002
2025-03-25 09:45:00;12.9841
2025-03-25 10:00:00;7.0251
2025-03-25 10:15:00;7.4879999999999995
2025-03-25 10:30:00;8.1587
2025-03-25 10:45:00;8.950700000000001
2025-03-25 11:00:00;15.654300000000001
2025-03-25 11:15:00;16.5367
2025-03-25 11:30:00;17.79
2025-03-25 11:45:00;17.8277
2025-03-25 12:00:00;21.732899999999997
2025-03-25 12:15:00;22.302300000000002
2025-03-25 12:30:00;23.6997
2025-03-25 12:45:00;22.747700000000002
2025-03-25 13:00:00;18.078500000000002
2025-03-25 13:15:00;19.1943
2025-03-25 13:30:00;19.0442
2025-03-25 13:45:00;17.6012
2025-03-25 14:00:00;13.6021
2025-03-25 14:15:00;13.365
2025-03-25 14:30:00;12.969000000000001
2025-03-25 14:45:00;12.520199999999999
2025-03-25 15:00:00;16.363699999999998
2025-03-25 15:15:00;14.9863
2025-03-25 15:30:00;14.9413
2025-03-25 15:45:00;13.6944
2025-03-25 16:00:00;14.129
2025-03-25 16:15:00;12.8979
2025-03-25 16:30:00;11.687700000000001
2025-03-25 16:45:00;10.6077
2025-03-25 17:00:00;7.095200000000001
2025-03-25 17:15:00;5.678000000000001
2025-03-25 17:30:00;5.2811
2025-03-25 17:45:00;3.4902999999999995
2025-03-25 18:00:00;3.9054
2025-03-25 18:15:00;2.5186
2025-03-25 18:30:00;1.1302999999999999
2025-03-25 18:45:00;0.0
2025-03-25 19:00:00;0.0
2025-03-25 19:15:00;0.0
2025-03-25 19:30:00;0.0
2025-03-25 19:45:00;0.0
2025-03-25 20:00:00;0.0
2025-03-25 20:15:00;0.0
2025-03-25 20:30:00;0.0
2025-03-25 20:45:00;0.0
2025-03-25 21:00:00;0.0
2025-03-25 21:15:00;0.0
2025-03-25 21:30:00;0.0
2025-03-25 21:45:00;0.0
2025-03-25 22:00:00;0.0
2025-03-25 22:15:00;0.0
2025-03-25 22:30:00;0.0
2025-03-25 22:45:00;0.0
2025-03-25 23:00:00;0.0
2025-03-25 23:15:00;0.0
2025-03-25 23:30:00;0.0
2025-03-25 23:45:00;0.0
2025-03-26 00:00:00;0.0
2025-03-26 00:15:00;0.0
2025-03-26 00:30:00;0.0
2025-03-26 00:45:00;0.0
2025-03-26 01:00:00;0.0
2025-03-26 01:15:00;0.0
2025-03-26 01:30:00;0.0
2025-03-26 01:45:00;0.0
2025-03-26 02:00:00;0.0
2025-03-26 02:15:00;0.0
2025-03-26 02:30:00;0.0
2025-03-26 02:45:00;0.0
2025-03-26 03:00:00;0.0
2025-03-26 03:15:00;0.0
2025-03-26 03:30:00;0.0
2025-03-26 03:45:00;0.0
2025-03-26 04:00:00;0.0
2025-03-26 04:15:00;0.0
2025-03-26 04:30:00;0.0
2025-03-26 04:45:00;0.0
2025-03-26 05:00:00;0.0
2025-03-26 05:15:00;0.0
2025-03-26 05:30:00;0.0
2025-03-26 05:45:00;0.0
2025-03-26 06:00:00;0.0
2025-03-26 06:15:00;0.0
2025-03-26 06:30:00;0.0
2025-03-26 06:45:00;0.0
2025-03-26 07:00:00;0.0
2025-03-26 07:15:00;0.0
2025-03-26 07:30:00;1.0631000000000002
2025-03-26 07:45:00;2.5490999999999997
2025-03-26 08:00:00;3.4582999999999995
2025-03-26 08:15:00;4.354299999999999
2025-03-26 08:30:00;5.6556
2025-03-26 08:45:00;6.8848
2025-03-26 09:00:00;8.1113
2025-03-26 09:15:00;8.9653
2025-03-26 09:30:00;10.3067
2025-03-26 09:45:00;11.1911
2025-03-26 10:00:00;13.723700000000001
2025-03-26 10:15:00;14.967400000000001
2025-03-26 10:30:00;16.316399999999998
2025-03-26 10:45:00;15.8802
2025-03-26 11:00:00;5.6265
2025-03-26 11:15:00;5.8260000000000005
2025-03-26 11:30:00;6.229
2025-03-26 11:45:00;6.3629
2025-03-26 12:00:00;23.362099999999998
2025-03-26 12:15:00;22.9374
2025-03-26 12:30:00;22.909
2025-03-26 12:45:00;23.776699999999998
2025-03-26 13:00:00;17.9508
2025-03-26 13:15:00;17.790100000000002
2025-03-26 13:30:00;17.9295
2025-03-26 13:45:00;17.902099999999997
2025-03-26 14:00:00;18.5496
2025-03-26 14:15:00;18.059800000000003
2025-03-26 14:30:00;17.212899999999998
2025-03-26 14:45:00;16.8919
2025-03-26 15:00:00;18.1014
2025-03-26 15:15:00;17.779600000000002
2025-03-26 15:30:00;17.0112
2025-03-26 15:45:00;15.898399999999999
2025-03-26 16:00:00;14.3119
2025-03-26 16:15:00;14.069199999999999
2025-03-26 16:30:00;13.021
2025-03-26 16:45:00;11.3254
2025-03-26 17:00:00;8.1644
2025-03-26 17:15:00;7.1704
2025-03-26 17:30:00;6.1145
2025-03-26 17:45:00;5.0161999999999995
2025-03-26 18:00:00;4.0784
2025-03-26 18:15:00;2.4246
2025-03-26 18:30:00;1.2518999999999998
2025-03-26 18:45:00;0.0
2025-03-26 19:00:00;0.0
2025-03-26 19:15:00;0.0
2025-03-26 19:30:00;0.0
2025-03-26 19:45:00;0.0
2025-03-26 20:00:00;0.0
2025-03-26 20:15:00;0.0
2025-03-26 20:30:00;0.0
2025-03-26 20:45:00;0.0
2025-03-26 21:00:00;0.0
2025-03-26 21:15:00;0.0
2025-03-26 21:30:00;0.0
2025-03-26 21:45:00;0.0
2025-03-26 22:00:00;0.0
2025-03-26 22:15:00;0.0
2025-03-26 22:30:00;0.0
2025-03-26 22:45:00;0.0
2025-03-26 23:00:00;0.0
2025-03-26 23:15:00;0.0
2025-03-26 23:30:00;0.0
2025-03-26 23:45:00;0.0
2025-03-27 00:00:00;0.0
2025-03-27 00:15:00;0.0
2025-03-27 00:30:00;0.0
2025-03-27 00:45:00;0.0
2025-03-27 01:00:00;0.0
2025-03-27 01:15:00;0.0
2025-03-27 01:30:00;0.0
2025-03-27 01:45:00;0.0
2025-03-27 02:00:00;0.0
2025-03-27 02:15:00;0.0
2025-03-27 02:30:00;0.0
2025-03-27 02:45:00;0.0
2025-03-27 03:00:00;0.0
2025-03-27 03:15:00;0.0
2025-03-27 03:30:00;0.0
2025-03-27 03:45:00;0.0
2025-03-27 04:00:00;0.0
2025-03-27 04:15:00;0.0
2025-03-27 04:30:00;0.0
2025-03-27 04:45:00;0.0
2025-03-27 05:00:00;0.0
2025-03-27 05:15:00;0.0
2025-03-27 05:30:00;0.0
2025-03-27 05:45:00;0.0
2025-03-27 06:00:00;0.0
2025-03-27 06:15:00;0.0
2025-03-27 06:30:00;0.0
2025-03-27 06:45:00;0.0
2025-03-27 07:00:00;0.0
2025-03-27 07:15:00;0.0
2025-03-27 07:30:00;0.0
2025-03-27 07:45:00;0.0
2025-03-27 08:00:00;0.0
2025-03-27 08:15:00;0.0
2025-03-27 08:30:00;0.01629999999999998
2025-03-27 08:45:00;0.22020000000000017
2025-03-27 09:00:00;0.7098999999999999
2025-03-27 09:15:00;0.9194
2025-03-27 09:30:00;1.0107
2025-03-27 09:45:00;1.245
2025-03-27 10:00:00;1.2407999999999997
2025-03-27 10:15:00;1.4479000000000002
2025-03-27 10:30:00;1.3597000000000001
2025-03-27 10:45:00;1.5733000000000001
2025-03-27 11:00:00;1.9637
2025-03-27 11:15:00;2.0377
2025-03-27 11:30:00;2.1334
2025-03-27 11:45:00;1.9420000000000002
2025-03-27 12:00:00;2.1631
2025-03-27 12:15:00;2.2586
2025-03-27 12:30:00;2.2436
2025-03-27 12:45:00;2.2866
2025-03-27 13:00:00;2.4627
2025-03-27 13:15:00;2.6388999999999996
2025-03-27 13:30:00;2.7253
2025-03-27 13:45:00;2.5328999999999997
2025-03-27 14:00:00;1.7726000000000002
2025-03-27 14:15:00;1.8800000000000001
2025-03-27 14:30:00;1.8492
2025-03-27 14:45:00;1.7079
2025-03-27 15:00:00;1.3485
2025-03-27 15:15:00;1.3689999999999998
2025-03-27 15:30:00;1.2263000000000002
2025-03-27 15:45:00;1.0777
2025-03-27 16:00:00;1.1321999999999999
2025-03-27 16:15:00;0.7981
2025-03-27 16:30:00;0.7959
2025-03-27 16:45:00;0.5785
2025-03-27 17:00:00;0.1977
2025-03-27 17:15:00;0.0005999999999999339
2025-03-27 17:30:00;0.0
2025-03-27 17:45:00;0.0
2025-03-27 18:00:00;0.0
2025-03-27 18:15:00;0.0
2025-03-27 18:30:00;0.0
2025-03-27 18:45:00;0.0
2025-03-27 19:00:00;0.0
2025-03-27 19:15:00;0.0
2025-03-27 19:30:00;0.0
2025-03-27 19:45:00;0.0
2025-03-27 20:00:00;0.0
2025-03-27 20:15:00;0.0
2025-03-27 20:30:00;0.0
2025-03-27 20:45:00;0.0
2025-03-27 21:00:00;0.0
2025-03-27 21:15:00;0.0
2025-03-27 21:30:00;0.0
2025-03-27 21:45:00;0.0
2025-03-27 22:00:00;0.0
2025-03-27 22:15:00;0.0
2025-03-27 22:30:00;0.0
2025-03-27 22:45:00;0.0
2025-03-27 23:00:00;0.0
2025-03-27 23:15:00;0.0
2025-03-27 23:30:00;0.0
2025-03-27 23:45:00;0.0
2025-03-28 00:00:00;0.0
2025-03-28 00:15:00;0.0
2025-03-28 00:30:00;0.0
2025-03-28 00:45:00;0.0
2025-03-28 01:00:00;0.0
2025-03-28 01:15:00;0.0
2025-03-28 01:30:00;0.0
2025-03-28 01:45:00;0.0
2025-03-28 02:00:00;0.0
2025-03-28 02:15:00;0.0
2025-03-28 02:30:00;0.0
2025-03-28 02:45:00;0.0
2025-03-28 03:00:00;0.0
2025-03-28 03:15:00;0.0
2025-03-28 03:30:00;0.0
2025-03-28 03:45:00;0.0
2025-03-28 04:00:00;0.0
2025-03-28 04:15:00;0.0
2025-03-28 04:30:00;0.0
2025-03-28 04:45:00;0.0
2025-03-28 05:00:00;0.0
2025-03-28 05:15:00;0.0
2025-03-28 05:30:00;0.0
2025-03-28 05:45:00;0.0
2025-03-28 06:00:00;0.0
2025-03-28 06:15:00;0.0
2025-03-28 06:30:00;0.0
2025-03-28 06:45:00;0.0
2025-03-28 07:00:00;0.0
2025-03-28 07:15:00;0.0
2025-03-28 07:30:00;0.0
2025-03-28 07:45:00;0.0
2025-03-28 08:00:00;0.7776000000000001
2025-03-28 08:15:00;1.0838
2025-03-28 08:30:00;1.5815000000000001
2025-03-28 08:45:00;1.9512
2025-03-28 09:00:00;2.3352
2025-03-28 09:15:00;3.2119
2025-03-28 09:30:00;3.345
2025-03-28 09:45:00;3.9005
2025-03-28 10:00:00;4.8868
2025-03-28 10:15:00;5.3118
2025-03-28 10:30:00;5.9363
2025-03-28 10:45:00;5.8061
2025-03-28 11:00:00;5.5694
2025-03-28 11:15:00;5.8241
2025-03-28 11:30:00;6.0148
2025-03-28 11:45:00;6.1256
2025-03-28 12:00:00;6.6655999999999995
2025-03-28 12:15:00;6.6803
2025-03-28 12:30:00;7.2376
2025-03-28 12:45:00;6.6908
2025-03-28 13:00:00;7.007899999999999
2025-03-28 13:15:00;6.8281
2025-03-28 13:30:00;7.0234000000000005
2025-03-28 13:45:00;6.7025
2025-03-28 14:00:00;5.9803
2025-03-28 14:15:00;5.696
2025-03-28 14:30:00;5.5697
2025-03-28 14:45:00;5.4106000000000005
2025-03-28 15:00:00;5.6941999999999995
2025-03-28 15:15:00;5.1176
2025-03-28 15:30:00;5.3338
2025-03-28 15:45:00;4.6517
2025-03-28 16:00:00;4.1645
2025-03-28 16:15:00;3.7851
2025-03-28 16:30:00;3.4035
2025-03-28 16:45:00;3.0112000000000005
2025-03-28 17:00:00;2.151
2025-03-28 17:15:00;1.7973000000000001
2025-03-28 17:30:00;1.228
2025-03-28 17:45:00;1.0266000000000002
2025-03-28 18:00:00;0.0
2025-03-28 18:15:00;0.0
2025-03-28 18:30:00;0.0
2025-03-28 18:45:00;0.0
2025-03-28 19:00:00;0.0
2025-03-28 19:15:00;0.0
2025-03-28 19:30:00;0.0
2025-03-28 19:45:00;0.0
2025-03-28 20:00:00;0.0
2025-03-28 20:15:00;0.0
2025-03-28 20:30:00;0.0
2025-03-28 20:45:00;0.0
2025-03-28 21:00:00;0.0
2025-03-28 21:15:00;0.0
2025-03-28 21:30:00;0.0
2025-03-28 21:45:00;0.0
2025-03-28 22:00:00;0.0
2025-03-28 22:15:00;0.0
2025-03-28 22:30:00;0.0
2025-03-28 22:45:00;0.0
2025-03-28 23:00:00;0.0
2025-03-28 23:15:00;0.0
2025-03-28 23:30:00;0.0
2025-03-28 23:45:00;0.0
2025-03-29 00:00:00;0.0
2025-03-29 00:15:00;0.0
2025-03-29 00:30:00;0.0
2025-03-29 00:45:00;0.0
2025-03-29 01:00:00;0.0
2025-03-29 01:15:00;0.0
2025-03-29 01:30:00;0.0
2025-03-29 01:45:00;0.0
2025-03-29 02:00:00;0.0
2025-03-29 02:15:00;0.0
2025-03-29 02:30:00;0.0
2025-03-29 02:45:00;0.0
2025-03-29 03:00:00;0.0
2025-03-29 03:15:00;0.0
2025-03-29 03:30:00;0.0
2025-03-29 03:45:00;0.0
2025-03-29 04:00:00;0.0
2025-03-29 04:15:00;0.0
2025-03-29 04:30:00;0.0
2025-03-29 04:45:00;0.0
2025-03-29 05:00:00;0.0
2025-03-29 05:15:00;0.0
2025-03-29 05:30:00;0.0
2025-03-29 05:45:00;0.0
2025-03-29 06:00:00;0.0
2025-03-29 06:15:00;0.0
2025-03-29 06:30:00;0.0
2025-03-29 06:45:00;0.0
2025-03-29 07:00:00;0.0
2025-03-29 07:15:00;0.0
2025-03-29 07:30:00;0.0
2025-03-29 07:45:00;0.0
2025-03-29 08:00:00;0.0
2025-03-29 08:15:00;0.0
2025-03-29 08:30:00;0.0
2025-03-29 08:45:00;0.0
2025-03-29 09:00:00;0.6614
2025-03-29 09:15:00;0.7287
2025-03-29 09:30:00;0.9307000000000001
2025-03-29 09:45:00;1.1555
2025-03-29 10:00:00;1.5324999999999998
2025-03-29 10:15:00;1.7358999999999998
2025-03-29 10:30:00;1.8585999999999998
2025-03-29 10:45:00;2.0288999999999997
2025-03-29 11:00:00;1.2929000000000002
2025-03-29 11:15:00;1.3149000000000002
2025-03-29 11:30:00;1.5094000000000003
2025-03-29 11:45:00;1.4354
2025-03-29 12:00:00;1.9730000000000003
2025-03-29 12:15:00;1.9678
2025-03-29 12:30:00;2.1033999999999997
2025-03-29 12:45:00;1.9675
2025-03-29 13:00:00;2.4483
2025-03-29 13:15:00;2.3402
2025-03-29 13:30:00;2.3173
2025-03-29 13:45:00;2.3455
2025-03-29 14:00:00;2.3171999999999997
2025-03-29 14:15:00;2.5665
2025-03-29 14:30:00;2.2321
2025-03-29 14:45:00;2.2521999999999998
2025-03-29 15:00:00;1.6603999999999999
2025-03-29 15:15:00;1.5274
2025-03-29 15:30:00;1.4783
2025-03-29 15:45:00;1.2208
2025-03-29 16:00:00;1.1539
2025-03-29 16:15:00;0.9987999999999999
2025-03-29 16:30:00;0.9128
2025-03-29 16:45:00;0.7352000000000001
2025-03-29 17:00:00;0.5105
2025-03-29 17:15:00;0.3962000000000001
2025-03-29 17:30:00;0.09820000000000007
2025-03-29 17:45:00;0.0
2025-03-29 18:00:00;0.0
2025-03-29 18:15:00;0.0
2025-03-29 18:30:00;0.0
2025-03-29 18:45:00;0.0
2025-03-29 19:00:00;0.0
2025-03-29 19:15:00;0.0
2025-03-29 19:30:00;0.0
2025-03-29 19:45:00;0.0
2025-03-29 20:00:00;0.0
2025-03-29 20:15:00;0.0
2025-03-29 20:30:00;0.0
2025-03-29 20:45:00;0.0
2025-03-29 21:00:00;0.0
2025-03-29 21:15:00;0.0
2025-03-29 21:30:00;0.0
2025-03-29 21:45:00;0.0
2025-03-29 22:00:00;0.0
2025-03-29 22:15:00;0.0
2025-03-29 22:30:00;0.0
2025-03-29 22:45:00;0.0
2025-03-29 23:00:00;0.0
2025-03-29 23:15:00;0.0
2025-03-29 23:30:00;0.0
2025-03-29 23:45:00;0.0
2025-03-30 00:00:00;0.0
2025-03-30 00:15:00;0.0
2025-03-30 00:30:00;0.0
2025-03-30 00:45:00;0.0
2025-03-30 01:00:00;0.0
2025-03-30 01:15:00;0.0
2025-03-30 01:30:00;0.0
2025-03-30 01:45:00;0.0
2025-03-30 03:00:00;0.0
2025-03-30 03:15:00;0.0
2025-03-30 03:30:00;0.0
2025-03-30 03:45:00;0.0
2025-03-30 04:00:00;0.0
2025-03-30 04:15:00;0.0
2025-03-30 04:30:00;0.0
2025-03-30 04:45:00;0.0
2025-03-30 05:00:00;0.0
2025-03-30 05:15:00;0.0
2025-03-30 05:30:00;0.0
2025-03-30 05:45:00;0.0
2025-03-30 06:00:00;0.0
2025-03-30 06:15:00;0.0
2025-03-30 06:30:00;0.0
2025-03-30 06:45:00;0.0
2025-03-30 07:00:00;0.0
2025-03-30 07:15:00;0.0
2025-03-30 07:30:00;0.9647000000000001
2025-03-30 07:45:00;2.0904000000000003
2025-03-30 08:00:00;4.0323
2025-03-30 08:15:00;5.3454
2025-03-30 08:30:00;6.8044
2025-03-30 08:45:00;8.1151
2025-03-30 09:00:00;4.4892
2025-03-30 09:15:00;5.1273
2025-03-30 09:30:00;5.9436
2025-03-30 09:45:00;6.7691
2025-03-30 10:00:00;12.2523
2025-03-30 10:15:00;13.6418
2025-03-30 10:30:00;14.364099999999999
2025-03-30 10:45:00;15.566400000000002
2025-03-30 11:00:00;17.5737
2025-03-30 11:15:00;19.2092
2025-03-30 11:30:00;19.1346
2025-03-30 11:45:00;20.494300000000003
2025-03-30 12:00:00;21.1253
2025-03-30 12:15:00;21.7977
2025-03-30 12:30:00;22.3556
2025-03-30 12:45:00;22.198
2025-03-30 13:00:00;21.2445
2025-03-30 13:15:00;21.9526
2025-03-30 13:30:00;21.610999999999997
2025-03-30 13:45:00;20.988999999999997
2025-03-30 14:00:00;18.8831
2025-03-30 14:15:00;17.991300000000003
2025-03-30 14:30:00;18.0013
2025-03-30 14:45:00;17.7677
2025-03-30 15:00:00;9.7096
2025-03-30 15:15:00;9.1552
2025-03-30 15:30:00;8.342899999999998
2025-03-30 15:45:00;7.2865
2025-03-30 16:00:00;8.119299999999999
2025-03-30 16:15:00;7.748600000000001
2025-03-30 16:30:00;6.5786
2025-03-30 16:45:00;6.2214
2025-03-30 17:00:00;3.9566000000000003
2025-03-30 17:15:00;3.3816999999999995
2025-03-30 17:30:00;2.6953
2025-03-30 17:45:00;2.0927
2025-03-30 18:00:00;3.8360999999999996
2025-03-30 18:15:00;2.2908999999999997
2025-03-30 18:30:00;1.0005
2025-03-30 18:45:00;0.0
2025-03-30 19:00:00;0.0
2025-03-30 19:15:00;0.0
2025-03-30 19:30:00;0.0
2025-03-30 19:45:00;0.0
2025-03-30 20:00:00;0.0
2025-03-30 20:15:00;0.0
2025-03-30 20:30:00;0.0
2025-03-30 20:45:00;0.0
2025-03-30 21:00:00;0.0
2025-03-30 21:15:00;0.0
2025-03-30 21:30:00;0.0
2025-03-30 21:45:00;0.0
2025-03-30 22:00:00;0.0
2025-03-30 22:15:00;0.0
2025-03-30 22:30:00;0.0
2025-03-30 22:45:00;0.0
2025-03-30 23:00:00;0.0
2025-03-30 23:15:00;0.0
2025-03-30 23:30:00;0.0
2025-03-30 23:45:00;0.0
2025-03-31 00:00:00;0.0
2025-03-31 00:15:00;0.0
2025-03-31 00:30:00;0.0
2025-03-31 00:45:00;0.0
2025-03-31 01:00:00;0.0
2025-03-31 01:15:00;0.0
2025-03-31 01:30:00;0.0
2025-03-31 01:45:00;0.0
2025-03-31 02:00:00;0.0
2025-03-31 02:15:00;0.0
2025-03-31 02:30:00;0.0
2025-03-31 02:45:00;0.0
2025-03-31 03:00:00;0.0
2025-03-31 03:15:00;0.0
2025-03-31 03:30:00;0.0
2025-03-31 03:45:00;0.0
2025-03-31 04:00:00;0.0
2025-03-31 04:15:00;0.0
2025-03-31 04:30:00;0.0
2025-03-31 04:45:00;0.0
2025-03-31 05:00:00;0.0
2025-03-31 05:15:00;0.0
2025-03-31 05:30:00;0.0
2025-03-31 05:45:00;0.0
2025-03-31 06:00:00;0.0
2025-03-31 06:15:00;0.0
2025-03-31 06:30:00;0.0
2025-03-31 06:45:00;0.0
2025-03-31 07:00:00;0.0
2025-03-31 07:15:00;0.0
2025-03-31 07:30:00;0.6585999999999999
2025-03-31 07:45:00;1.9892
2025-03-31 08:00:00;3.7695999999999996
2025-03-31 08:15:00;4.8167
2025-03-31 08:30:00;6.1499999999999995
2025-03-31 08:45:00;7.2805
2025-03-31 09:00:00;9.4269
2025-03-31 09:15:00;10.3153
2025-03-31 09:30:00;12.620299999999999
2025-03-31 09:45:00;13.058399999999999
2025-03-31 10:00:00;12.8227
2025-03-31 10:15:00;13.4278
2025-03-31 10:30:00;13.9785
2025-03-31 10:45:00;15.4028
2025-03-31 11:00:00;14.042
2025-03-31 11:15:00;14.0584
2025-03-31 11:30:00;13.9112
2025-03-31 11:45:00;15.766799999999998
2025-03-31 12:00:00;9.8612
2025-03-31 12:15:00;9.8594
2025-03-31 12:30:00;9.7973
2025-03-31 12:45:00;9.7584
2025-03-31 13:00:00;20.5092
2025-03-31 13:15:00;21.273200000000003
2025-03-31 13:30:00;19.084300000000002
2025-03-31 13:45:00;19.3365
2025-03-31 14:00:00;20.1541
2025-03-31 14:15:00;21.114
2025-03-31 14:30:00;20.4747
2025-03-31 14:45:00;19.6524
2025-03-31 15:00:00;17.8146
2025-03-31 15:15:00;16.4088
2025-03-31 15:30:00;15.905000000000001
2025-03-31 15:45:00;14.5447
2025-03-31 16:00:00;11.427900000000001
2025-03-31 16:15:00;11.2217
2025-03-31 16:30:00;10.3415
2025-03-31 16:45:00;9.7234
2025-03-31 17:00:00;4.5242
2025-03-31 17:15:00;3.5515000000000003
2025-03-31 17:30:00;2.814
2025-03-31 17:45:00;2.1109
2025-03-31 18:00:00;2.627
2025-03-31 18:15:00;1.4024
2025-03-31 18:30:00;0.2765000000000002
2025-03-31 18:45:00;0.0
2025-03-31 19:00:00;0.0
2025-03-31 19:15:00;0.0
2025-03-31 19:30:00;0.0
2025-03-31 19:45:00;0.0
2025-03-31 20:00:00;0.0
2025-03-31 20:15:00;0.0
2025-03-31 20:30:00;0.0
2025-03-31 20:45:00;0.0
2025-03-31 21:00:00;0.0
2025-03-31 21:15:00;0.0
2025-03-31 21:30:00;0.0
2025-03-31 21:45:00;0.0
2025-03-31 22:00:00;0.0
2025-03-31 22:15:00;0.0
2025-03-31 22:30:00;0.0
2025-03-31 22:45:00;0.0
2025-03-31 23:00:00;0.0
2025-03-31 23:15:00;0.0
2025-03-31 23:30:00;0.0
2025-03-31 23:45:00;0.0
2025-04-01 00:00:00;0.0
2025-04-01 00:15:00;0.0
2025-04-01 00:30:00;0.0
2025-04-01 00:45:00;0.0
2025-04-01 01:00:00;0.0
2025-04-01 01:15:00;0.0
2025-04-01 01:30:00;0.0
2025-04-01 01:45:00;0.0
2025-04-01 02:00:00;0.0
2025-04-01 02:15:00;0.0
2025-04-01 02:30:00;0.0
2025-04-01 02:45:00;0.0
2025-04-01 03:00:00;0.0
2025-04-01 03:15:00;0.0
2025-04-01 03:30:00;0.0
2025-04-01 03:45:00;0.0
2025-04-01 04:00:00;0.0
2025-04-01 04:15:00;0.0
2025-04-01 04:30:00;0.0
2025-04-01 04:45:00;0.0
2025-04-01 05:00:00;0.0
2025-04-01 05:15:00;0.0
2025-04-01 05:30:00;0.0
2025-04-01 05:45:00;0.0
2025-04-01 06:00:00;0.0
2025-04-01 06:15:00;0.0
2025-04-01 06:30:00;0.0
2025-04-01 06:45:00;0.0
2025-04-01 07:00:00;0.0
2025-04-01 07:15:00;1.1369999999999998
2025-04-01 07:30:00;2.3529999999999998
2025-04-01 07:45:00;3.4754999999999994
2025-04-01 08:00:00;6.5074000000000005
2025-04-01 08:15:00;8.5856
2025-04-01 08:30:00;9.8789
2025-04-01 08:45:00;10.8467
2025-04-01 09:00:00;11.8858
2025-04-01 09:15:00;12.9718
2025-04-01 09:30:00;13.9645
2025-04-01 09:45:00;14.731000000000002
2025-04-01 10:00:00;15.066
2025-04-01 10:15:00;15.783299999999999
2025-04-01 10:30:00;18.4884
2025-04-01 10:45:00;19.3358
2025-04-01 11:00:00;21.871
2025-04-01 11:15:00;21.7716
2025-04-01 11:30:00;21.5244
2025-04-01 11:45:00;21.9968
2025-04-01 12:00:00;10.5884
2025-04-01 12:15:00;10.816799999999999
2025-04-01 12:30:00;11.7827
2025-04-01 12:45:00;11.8044
2025-04-01 13:00:00;26.299699999999998
2025-04-01 13:15:00;26.3575
2025-04-01 13:30:00;28.1964
2025-04-01 13:45:00;25.872700000000002
2025-04-01 14:00:00;9.085
2025-04-01 14:15:00;9.2546
2025-04-01 14:30:00;9.0305
2025-04-01 14:45:00;9.2044
2025-04-01 15:00:00;15.9542
2025-04-01 15:15:00;16.229300000000002
2025-04-01 15:30:00;16.6395
2025-04-01 15:45:00;15.369099999999998
2025-04-01 16:00:00;20.259700000000002
2025-04-01 16:15:00;20.2674
2025-04-01 16:30:00;18.978
2025-04-01 16:45:00;18.526799999999998
2025-04-01 17:00:00;15.8001
2025-04-01 17:15:00;14.298000000000002
2025-04-01 17:30:00;12.4502
2025-04-01 17:45:00;11.773399999999999
2025-04-01 18:00:00;6.611700000000001
2025-04-01 18:15:00;6.1332
2025-04-01 18:30:00;4.9969
2025-04-01 18:45:00;4.2988
2025-04-01 19:00:00;5.6088000000000005
2025-04-01 19:15:00;4.1745
2025-04-01 19:30:00;3.2552000000000003
2025-04-01 19:45:00;1.8157999999999999
2025-04-01 20:00:00;1.4642
2025-04-01 20:15:00;0.14360000000000017
2025-04-01 20:30:00;0.0
2025-04-01 20:45:00;0.0
2025-04-01 21:00:00;0.0
2025-04-01 21:15:00;0.0
2025-04-01 21:30:00;0.0
2025-04-01 21:45:00;0.0
2025-04-01 22:00:00;0.0
2025-04-01 22:15:00;0.0
2025-04-01 22:30:00;0.0
2025-04-01 22:45:00;0.0
2025-04-01 23:00:00;0.0
2025-04-01 23:15:00;0.0
2025-04-01 23:30:00;0.0
2025-04-01 23:45:00;0.0
2025-04-02 00:00:00;0.0
2025-04-02 00:15:00;0.0
2025-04-02 00:30:00;0.0
2025-04-02 00:45:00;0.0
2025-04-02 01:00:00;0.0
2025-04-02 01:15:00;0.0
2025-04-02 01:30:00;0.0
2025-04-02 01:45:00;0.0
2025-04-02 02:00:00;0.0
2025-04-02 02:15:00;0.0
2025-04-02 02:30:00;0.0
2025-04-02 02:45:00;0.0
2025-04-02 03:00:00;0.0
2025-04-02 03:15:00;0.0
2025-04-02 03:30:00;0.0
2025-04-02 03:45:00;0.0
2025-04-02 04:00:00;0.0
2025-04-02 04:15:00;0.0
2025-04-02 04:30:00;0.0
2025-04-02 04:45:00;0.0
2025-04-02 05:00:00;0.0
2025-04-02 05:15:00;0.0
2025-04-02 05:30:00;0.0
2025-04-02 05:45:00;0.0
2025-04-02 06:00:00;0.0
2025-04-02 06:15:00;0.0
2025-04-02 06:30:00;0.0
2025-04-02 06:45:00;0.0
2025-04-02 07:00:00;0.0
2025-04-02 07:15:00;0.0
2025-04-02 07:30:00;0.0
2025-04-02 07:45:00;0.0
2025-04-02 08:00:00;0.08519999999999994
2025-04-02 08:15:00;0.2863
2025-04-02 08:30:00;0.7053
2025-04-02 08:45:00;0.7786000000000002
2025-04-02 09:00:00;0.7265
2025-04-02 09:15:00;0.9463
2025-04-02 09:30:00;1.1522999999999999
2025-04-02 09:45:00;1.4034999999999997
2025-04-02 10:00:00;1.9551000000000003
2025-04-02 10:15:00;2.1953
2025-04-02 10:30:00;2.2898
2025-04-02 10:45:00;2.4482
2025-04-02 11:00:00;2.4318
2025-04-02 11:15:00;2.5803
2025-04-02 11:30:00;2.8956999999999997
2025-04-02 11:45:00;3.0433
2025-04-02 12:00:00;3.4589
2025-04-02 12:15:00;3.6311
2025-04-02 12:30:00;3.4963
2025-04-02 12:45:00;3.6765000000000003
2025-04-02 13:00:00;3.0955999999999997
2025-04-02 13:15:00;3.0450999999999997
2025-04-02 13:30:00;3.1470000000000002
2025-04-02 13:45:00;3.0752
2025-04-02 14:00:00;3.0602
2025-04-02 14:15:00;3.0374000000000003
2025-04-02 14:30:00;2.8686
2025-04-02 14:45:00;3.0757
2025-04-02 15:00:00;2.8076
2025-04-02 15:15:00;2.9675000000000002
2025-04-02 15:30:00;2.8562
2025-04-02 15:45:00;2.9007
2025-04-02 16:00:00;2.3863000000000003
2025-04-02 16:15:00;2.2641
2025-04-02 16:30:00;1.8820999999999999
2025-04-02 16:45:00;2.0465
2025-04-02 17:00:00;1.5495999999999999
2025-04-02 17:15:00;1.3866999999999998
2025-04-02 17:30:00;1.2310999999999999
2025-04-02 17:45:00;1.0534
2025-04-02 18:00:00;0.7358
2025-04-02 18:15:00;0.3857999999999999
2025-04-02 18:30:00;0.2147000000000001
2025-04-02 18:45:00;0.0
2025-04-02 19:00:00;0.0
2025-04-02 19:15:00;0.0
2025-04-02 19:30:00;0.0
2025-04-02 19:45:00;0.0
2025-04-02 20:00:00;0.0
2025-04-02 20:15:00;0.0
2025-04-02 20:30:00;0.0
2025-04-02 20:45:00;0.0
2025-04-02 21:00:00;0.0
2025-04-02 21:15:00;0.0
2025-04-02 21:30:00;0.0
2025-04-02 21:45:00;0.0
2025-04-02 22:00:00;0.0
2025-04-02 22:15:00;0.0
2025-04-02 22:30:00;0.0
2025-04-02 22:45:00;0.0
2025-04-02 23:00:00;0.0
2025-04-02 23:15:00;0.0
2025-04-02 23:30:00;0.0
2025-04-02 23:45:00;0.0
2025-04-03 00:00:00;0.0
2025-04-03 00:15:00;0.0
2025-04-03 00:30:00;0.0
2025-04-03 00:45:00;0.0
2025-04-03 01:00:00;0.0
2025-04-03 01:15:00;0.0
2025-04-03 01:30:00;0.0
2025-04-03 01:45:00;0.0
2025-04-03 02:00:00;0.0
2025-04-03 02:15:00;0.0
2025-04-03 02:30:00;0.0
2025-04-03 02:45:00;0.0
2025-04-03 03:00:00;0.0
2025-04-03 03:15:00;0.0
2025-04-03 03:30:00;0.0
2025-04-03 03:45:00;0.0
2025-04-03 04:00:00;0.0
2025-04-03 04:15:00;0.0
2025-04-03 04:30:00;0.0
2025-04-03 04:45:00;0.0
2025-04-03 05:00:00;0.0
2025-04-03 05:15:00;0.0
2025-04-03 05:30:00;0.0
2025-04-03 05:45:00;0.0
2025-04-03 06:00:00;0.0
2025-04-03 06:15:00;0.0
2025-04-03 06:30:00;0.0
2025-04-03 06:45:00;0.0
2025-04-03 07:00:00;0.0
2025-04-03 07:15:00;0.0
2025-04-03 07:30:00;0.17680000000000007
2025-04-03 07:45:00;0.7956000000000001
2025-04-03 08:00:00;1.7005
2025-04-03 08:15:00;2.1518999999999995
2025-04-03 08:30:00;2.4257
2025-04-03 08:45:00;3.0941
2025-04-03 09:00:00;4.123200000000001
2025-04-03 09:15:00;4.820799999999999
2025-04-03 09:30:00;5.5037
2025-04-03 09:45:00;5.7833
2025-04-03 10:00:00;4.9571000000000005
2025-04-03 10:15:00;5.5537
2025-04-03 10:30:00;5.8723
2025-04-03 10:45:00;6.432499999999999
2025-04-03 11:00:00;7.858899999999999
2025-04-03 11:15:00;8.215599999999998
2025-04-03 11:30:00;8.226099999999999
2025-04-03 11:45:00;8.7991
2025-04-03 12:00:00;10.050099999999999
2025-04-03 12:15:00;10.0731
2025-04-03 12:30:00;10.4659
2025-04-03 12:45:00;10.7456
2025-04-03 13:00:00;8.6538
2025-04-03 13:15:00;9.0191
2025-04-03 13:30:00;9.2479
2025-04-03 13:45:00;9.1032
2025-04-03 14:00:00;8.824300000000001
2025-04-03 14:15:00;8.5291
2025-04-03 14:30:00;8.3209
2025-04-03 14:45:00;8.2955
2025-04-03 15:00:00;8.889800000000001
2025-04-03 15:15:00;9.2377
2025-04-03 15:30:00;8.1655
2025-04-03 15:45:00;7.991
2025-04-03 16:00:00;7.001
2025-04-03 16:15:00;6.532
2025-04-03 16:30:00;6.4479999999999995
2025-04-03 16:45:00;5.7043
2025-04-03 17:00:00;6.5838
2025-04-03 17:15:00;6.1975
2025-04-03 17:30:00;5.492
2025-04-03 17:45:00;4.6579
2025-04-03 18:00:00;4.2692
2025-04-03 18:15:00;3.5435000000000003
2025-04-03 18:30:00;2.9334
2025-04-03 18:45:00;2.5571
2025-04-03 19:00:00;1.5002
2025-04-03 19:15:00;0.8105
2025-04-03 19:30:00;0.35950000000000015
2025-04-03 19:45:00;0.0
2025-04-03 20:00:00;0.0
2025-04-03 20:15:00;0.0
2025-04-03 20:30:00;0.0
2025-04-03 20:45:00;0.0
2025-04-03 21:00:00;0.0
2025-04-03 21:15:00;0.0
2025-04-03 21:30:00;0.0
2025-04-03 21:45:00;0.0
2025-04-03 22:00:00;0.0
2025-04-03 22:15:00;0.0
2025-04-03 22:30:00;0.0
2025-04-03 22:45:00;0.0
2025-04-03 23:00:00;0.0
2025-04-03 23:15:00;0.0
2025-04-03 23:30:00;0.0
2025-04-03 23:45:00;0.0
2025-04-04 00:00:00;0.0
2025-04-04 00:15:00;0.0
2025-04-04 00:30:00;0.0
2025-04-04 00:45:00;0.0
2025-04-04 01:00:00;0.0
2025-04-04 01:15:00;0.0
2025-04-04 01:30:00;0.0
2025-04-04 01:45:00;0.0
2025-04-04 02:00:00;0.0
2025-04-04 02:15:00;0.0
2025-04-04 02:30:00;0.0
2025-04-04 02:45:00;0.0
2025-04-04 03:00:00;0.0
2025-04-04 03:15:00;0.0
2025-04-04 03:30:00;0.0
2025-04-04 03:45:00;0.0
2025-04-04 04:00:00;0.0
2025-04-04 04:15:00;0.0
2025-04-04 04:30:00;0.0
2025-04-04 04:45:00;0.0
2025-04-04 05:00:00;0.0
2025-04-04 05:15:00;0.0
2025-04-04 05:30:00;0.0
2025-04-04 05:45:00;0.0
2025-04-04 06:00:00;0.0
2025-04-04 06:15:00;0.0
2025-04-04 06:30:00;0.0
2025-04-04 06:45:00;0.0
2025-04-04 07:00:00;0.0
2025-04-04 07:15:00;0.0
2025-04-04 07:30:00;0.0
2025-04-04 07:45:00;0.0
2025-04-04 08:00:00;0.0
2025-04-04 08:15:00;0.0
2025-04-04 08:30:00;0.20729999999999982
2025-04-04 08:45:00;0.38250000000000006
2025-04-04 09:00:00;1.1944000000000001
2025-04-04 09:15:00;1.3321
2025-04-04 09:30:00;1.4381
2025-04-04 09:45:00;1.6239999999999999
2025-04-04 10:00:00;1.9714999999999998
2025-04-04 10:15:00;2.1527
2025-04-04 10:30:00;2.2760000000000002
2025-04-04 10:45:00;2.4959999999999996
2025-04-04 11:00:00;2.5094
2025-04-04 11:15:00;2.6539
2025-04-04 11:30:00;2.7231
2025-04-04 11:45:00;2.8073
2025-04-04 12:00:00;2.9507
2025-04-04 12:15:00;2.8914
2025-04-04 12:30:00;3.0252
2025-04-04 12:45:00;3.1523
2025-04-04 13:00:00;2.7686
2025-04-04 13:15:00;2.9404
2025-04-04 13:30:00;2.6536
2025-04-04 13:45:00;2.7169000000000003
2025-04-04 14:00:00;3.4209
2025-04-04 14:15:00;3.4212000000000007
2025-04-04 14:30:00;3.4008000000000003
2025-04-04 14:45:00;3.2917999999999994
2025-04-04 15:00:00;3.0326999999999997
2025-04-04 15:15:00;3.1666999999999996
2025-04-04 15:30:00;2.7722
2025-04-04 15:45:00;2.8297
2025-04-04 16:00:00;1.9468
2025-04-04 16:15:00;1.838
2025-04-04 16:30:00;1.5181
2025-04-04 16:45:00;1.5663
2025-04-04 17:00:00;1.7864000000000002
2025-04-04 17:15:00;1.7861999999999998
2025-04-04 17:30:00;1.3167000000000002
2025-04-04 17:45:00;1.172
2025-04-04 18:00:00;0.37529999999999997
2025-04-04 18:15:00;0.30799999999999983
2025-04-04 18:30:00;0.02859999999999996
2025-04-04 18:45:00;0.0
2025-04-04 19:00:00;0.0
2025-04-04 19:15:00;0.0
2025-04-04 19:30:00;0.0
2025-04-04 19:45:00;0.0
2025-04-04 20:00:00;0.0
2025-04-04 20:15:00;0.0
2025-04-04 20:30:00;0.0
2025-04-04 20:45:00;0.0
2025-04-04 21:00:00;0.0
2025-04-04 21:15:00;0.0
2025-04-04 21:30:00;0.0
2025-04-04 21:45:00;0.0
2025-04-04 22:00:00;0.0
2025-04-04 22:15:00;0.0
2025-04-04 22:30:00;0.0
2025-04-04 22:45:00;0.0
2025-04-04 23:00:00;0.0
2025-04-04 23:15:00;0.0
2025-04-04 23:30:00;0.0
2025-04-04 23:45:00;0.0
2025-04-05 00:00:00;0.0
2025-04-05 00:15:00;0.0
2025-04-05 00:30:00;0.0
2025-04-05 00:45:00;0.0
2025-04-05 01:00:00;0.0
2025-04-05 01:15:00;0.0
2025-04-05 01:30:00;0.0
2025-04-05 01:45:00;0.0
2025-04-05 02:00:00;0.0
2025-04-05 02:15:00;0.0
2025-04-05 02:30:00;0.0
2025-04-05 02:45:00;0.0
2025-04-05 03:00:00;0.0
2025-04-05 03:15:00;0.0
2025-04-05 03:30:00;0.0
2025-04-05 03:45:00;0.0
2025-04-05 04:00:00;0.0
2025-04-05 04:15:00;0.0
2025-04-05 04:30:00;0.0
2025-04-05 04:45:00;0.0
2025-04-05 05:00:00;0.0
2025-04-05 05:15:00;0.0
2025-04-05 05:30:00;0.0
2025-04-05 05:45:00;0.0
2025-04-05 06:00:00;0.0
2025-04-05 06:15:00;0.0
2025-04-05 06:30:00;0.0
2025-04-05 06:45:00;0.0
2025-04-05 07:00:00;0.0
2025-04-05 07:15:00;1.0121000000000002
2025-04-05 07:30:00;2.5576999999999996
2025-04-05 07:45:00;3.7238999999999995
2025-04-05 08:00:00;6.3293
2025-04-05 08:15:00;8.056999999999999
2025-04-05 08:30:00;9.459
2025-04-05 08:45:00;11.0662
2025-04-05 09:00:00;11.4282
2025-04-05 09:15:00;12.9088
2025-04-05 09:30:00;14.33
2025-04-05 09:45:00;15.6167
2025-04-05 10:00:00;16.1272
2025-04-05 10:15:00;17.2824
2025-04-05 10:30:00;17.028
2025-04-05 10:45:00;19.473
2025-04-05 11:00:00;19.8293
2025-04-05 11:15:00;20.2899
2025-04-05 11:30:00;20.723
2025-04-05 11:45:00;21.0018
2025-04-05 12:00:00;23.5715
2025-04-05 12:15:00;24.3945
2025-04-05 12:30:00;24.1884
2025-04-05 12:45:00;24.5106
2025-04-05 13:00:00;25.173099999999998
2025-04-05 13:15:00;24.0564
2025-04-05 13:30:00;25.6506
2025-04-05 13:45:00;24.939799999999998
2025-04-05 14:00:00;11.116
2025-04-05 14:15:00;11.2956
2025-04-05 14:30:00;11.1122
2025-04-05 14:45:00;10.0554
2025-04-05 15:00:00;22.385199999999998
2025-04-05 15:15:00;22.118299999999998
2025-04-05 15:30:00;21.644000000000002
2025-04-05 15:45:00;19.322400000000002
2025-04-05 16:00:00;21.631999999999998
2025-04-05 16:15:00;21.236800000000002
2025-04-05 16:30:00;21.2425
2025-04-05 16:45:00;20.613
2025-04-05 17:00:00;18.577
2025-04-05 17:15:00;17.3765
2025-04-05 17:30:00;15.723299999999998
2025-04-05 17:45:00;14.963799999999999
2025-04-05 18:00:00;12.341299999999999
2025-04-05 18:15:00;11.2523
2025-04-05 18:30:00;9.7743
2025-04-05 18:45:00;8.2515
2025-04-05 19:00:00;7.757700000000001
2025-04-05 19:15:00;5.8251
2025-04-05 19:30:00;4.063899999999999
2025-04-05 19:45:00;2.8699000000000003
2025-04-05 20:00:00;0.0
2025-04-05 20:15:00;0.0
2025-04-05 20:30:00;0.0
2025-04-05 20:45:00;0.0
2025-04-05 21:00:00;0.0
2025-04-05 21:15:00;0.0
2025-04-05 21:30:00;0.0
2025-04-05 21:45:00;0.0
2025-04-05 22:00:00;0.0
2025-04-05 22:15:00;0.0
2025-04-05 22:30:00;0.0
2025-04-05 22:45:00;0.0
2025-04-05 23:00:00;0.0
2025-04-05 23:15:00;0.0
2025-04-05 23:30:00;0.0
2025-04-05 23:45:00;0.0
2025-04-06 00:00:00;0.0
2025-04-06 00:15:00;0.0
2025-04-06 00:30:00;0.0
2025-04-06 00:45:00;0.0
2025-04-06 01:00:00;0.0
2025-04-06 01:15:00;0.0
2025-04-06 01:30:00;0.0
2025-04-06 01:45:00;0.0
2025-04-06 02:00:00;0.0
2025-04-06 02:15:00;0.0
2025-04-06 02:30:00;0.0
2025-04-06 02:45:00;0.0
2025-04-06 03:00:00;0.0
2025-04-06 03:15:00;0.0
2025-04-06 03:30:00;0.0
2025-04-06 03:45:00;0.0
2025-04-06 04:00:00;0.0
2025-04-06 04:15:00;0.0
2025-04-06 04:30:00;0.0
2025-04-06 04:45:00;0.0
2025-04-06 05:00:00;0.0
2025-04-06 05:15:00;0.0
2025-04-06 05:30:00;0.0
2025-04-06 05:45:00;0.0
2025-04-06 06:00:00;0.0
2025-04-06 06:15:00;0.0
2025-04-06 06:30:00;0.0
2025-04-06 06:45:00;0.0
2025-04-06 07:00:00;0.0
2025-04-06 07:15:00;0.0
2025-04-06 07:30:00;0.0
2025-04-06 07:45:00;0.0
2025-04-06 08:00:00;0.09670000000000001
2025-04-06 08:15:00;0.47009999999999996
2025-04-06 08:30:00;0.6592
2025-04-06 08:45:00;0.8286
2025-04-06 09:00:00;0.9734999999999999
2025-04-06 09:15:00;1.1629
2025-04-06 09:30:00;1.3493
2025-04-06 09:45:00;1.5309000000000001
2025-04-06 10:00:00;1.9792999999999998
2025-04-06 10:15:00;2.1936999999999998
2025-04-06 10:30:00;2.4147000000000003
2025-04-06 10:45:00;2.5377
2025-04-06 11:00:00;2.7143
2025-04-06 11:15:00;2.9478
2025-04-06 11:30:00;2.8813
2025-04-06 11:45:00;3.0095
2025-04-06 12:00:00;2.8993
2025-04-06 12:15:00;2.9614
2025-04-06 12:30:00;3.3045999999999998
2025-04-06 12:45:00;3.2790000000000004
2025-04-06 13:00:00;3.5562000000000005
2025-04-06 13:15:00;3.9722
2025-04-06 13:30:00;3.6426
2025-04-06 13:45:00;3.8420000000000005
2025-04-06 14:00:00;3.9076
2025-04-06 14:15:00;3.4987
2025-04-06 14:30:00;3.5648
2025-04-06 14:45:00;3.5006000000000004
2025-04-06 15:00:00;3.4134
2025-04-06 15:15:00;3.0011
2025-04-06 15:30:00;3.0951000000000004
2025-04-06 15:45:00;3.3633
2025-04-06 16:00:00;2.4027000000000003
2025-04-06 16:15:00;2.2757
2025-04-06 16:30:00;2.2029
2025-04-06 16:45:00;2.1700999999999997
2025-04-06 17:00:00;1.7828000000000002
2025-04-06 17:15:00;1.6151999999999997
2025-04-06 17:30:00;1.4297000000000002
2025-04-06 17:45:00;1.1394000000000002
2025-04-06 18:00:00;0.5579000000000001
2025-04-06 18:15:00;0.31800000000000006
2025-04-06 18:30:00;0.23019999999999996
2025-04-06 18:45:00;0.01749999999999985
2025-04-06 19:00:00;0.0
2025-04-06 19:15:00;0.0
2025-04-06 19:30:00;0.0
2025-04-06 19:45:00;0.0
2025-04-06 20:00:00;0.0
2025-04-06 20:15:00;0.0
2025-04-06 20:30:00;0.0
2025-04-06 20:45:00;0.0
2025-04-06 21:00:00;0.0
2025-04-06 21:15:00;0.0
2025-04-06 21:30:00;0.0
2025-04-06 21:45:00;0.0
2025-04-06 22:00:00;0.0
2025-04-06 22:15:00;0.0
2025-04-06 22:30:00;0.0
2025-04-06 22:45:00;0.0
2025-04-06 23:00:00;0.0
2025-04-06 23:15:00;0.0
2025-04-06 23:30:00;0.0
2025-04-06 23:45:00;0.0
2025-04-07 00:00:00;0.0
2025-04-07 00:15:00;0.0
2025-04-07 00:30:00;0.0
2025-04-07 00:45:00;0.0
2025-04-07 01:00:00;0.0
2025-04-07 01:15:00;0.0
2025-04-07 01:30:00;0.0
2025-04-07 01:45:00;0.0
2025-04-07 02:00:00;0.0
2025-04-07 02:15:00;0.0
2025-04-07 02:30:00;0.0
2025-04-07 02:45:00;0.0
2025-04-07 03:00:00;0.0
2025-04-07 03:15:00;0.0
2025-04-07 03:30:00;0.0
2025-04-07 03:45:00;0.0
2025-04-07 04:00:00;0.0
2025-04-07 04:15:00;0.0
2025-04-07 04:30:00;0.0
2025-04-07 04:45:00;0.0
2025-04-07 05:00:00;0.0
2025-04-07 05:15:00;0.0
2025-04-07 05:30:00;0.0
2025-04-07 05:45:00;0.0
2025-04-07 06:00:00;0.0
2025-04-07 06:15:00;0.0
2025-04-07 06:30:00;0.0
2025-04-07 06:45:00;0.0
2025-04-07 07:00:00;0.3246
2025-04-07 07:15:00;2.1052
2025-04-07 07:30:00;3.6466999999999996
2025-04-07 07:45:00;5.4323
2025-04-07 08:00:00;3.5186
2025-04-07 08:15:00;5.0333
2025-04-07 08:30:00;5.5737
2025-04-07 08:45:00;6.3778
2025-04-07 09:00:00;11.691600000000001
2025-04-07 09:15:00;13.5121
2025-04-07 09:30:00;14.6051
2025-04-07 09:45:00;16.2686
2025-04-07 10:00:00;7.5515
2025-04-07 10:15:00;8.4099
2025-04-07 10:30:00;8.7951
2025-04-07 10:45:00;9.054
2025-04-07 11:00:00;20.3106
2025-04-07 11:15:00;19.8107
2025-04-07 11:30:00;21.0106
2025-04-07 11:45:00;21.3873
2025-04-07 12:00:00;28.0364
2025-04-07 12:15:00;29.7393
2025-04-07 12:30:00;28.0627
2025-04-07 12:45:00;30.3238
2025-04-07 13:00:00;25.7471
2025-04-07 13:15:00;25.3664
2025-04-07 13:30:00;26.036199999999997
2025-04-07 13:45:00;25.6093
2025-04-07 14:00:00;23.2282
2025-04-07 14:15:00;24.0548
2025-04-07 14:30:00;24.4051
2025-04-07 14:45:00;21.816100000000002
2025-04-07 15:00:00;21.1343
2025-04-07 15:15:00;20.3113
2025-04-07 15:30:00;19.3933
2025-04-07 15:45:00;19.5941
2025-04-07 16:00:00;17.3429
2025-04-07 16:15:00;15.960500000000001
2025-04-07 16:30:00;14.7409
2025-04-07 16:45:00;13.9037
2025-04-07 17:00:00;17.4261
2025-04-07 17:15:00;15.4931
2025-04-07 17:30:00;14.793399999999998
2025-04-07 17:45:00;13.9879
2025-04-07 18:00:00;10.3066
2025-04-07 18:15:00;9.0047
2025-04-07 18:30:00;8.2255
2025-04-07 18:45:00;7.2892
2025-04-07 19:00:00;6.708200000000001
2025-04-07 19:15:00;5.3198
2025-04-07 19:30:00;4.1373999999999995
2025-04-07 19:45:00;2.5419
2025-04-07 20:00:00;1.6353
2025-04-07 20:15:00;0.14369999999999994
2025-04-07 20:30:00;0.0
2025-04-07 20:45:00;0.0
2025-04-07 21:00:00;0.0
2025-04-07 21:15:00;0.0
2025-04-07 21:30:00;0.0
2025-04-07 21:45:00;0.0
2025-04-07 22:00:00;0.0
2025-04-07 22:15:00;0.0
2025-04-07 22:30:00;0.0
2025-04-07 22:45:00;0.0
2025-04-07 23:00:00;0.0
2025-04-07 23:15:00;0.0
2025-04-07 23:30:00;0.0
2025-04-07 23:45:00;0.0
2025-04-08 00:00:00;0.0
2025-04-08 00:15:00;0.0
2025-04-08 00:30:00;0.0
2025-04-08 00:45:00;0.0
2025-04-08 01:00:00;0.0
2025-04-08 01:15:00;0.0
2025-04-08 01:30:00;0.0
2025-04-08 01:45:00;0.0
2025-04-08 02:00:00;0.0
2025-04-08 02:15:00;0.0
2025-04-08 02:30:00;0.0
2025-04-08 02:45:00;0.0
2025-04-08 03:00:00;0.0
2025-04-08 03:15:00;0.0
2025-04-08 03:30:00;0.0
2025-04-08 03:45:00;0.0
2025-04-08 04:00:00;0.0
2025-04-08 04:15:00;0.0
2025-04-08 04:30:00;0.0
2025-04-08 04:45:00;0.0
2025-04-08 05:00:00;0.0
2025-04-08 05:15:00;0.0
2025-04-08 05:30:00;0.0
2025-04-08 05:45:00;0.0
2025-04-08 06:00:00;0.0
2025-04-08 06:15:00;0.0
2025-04-08 06:30:00;0.0
2025-04-08 06:45:00;0.0
2025-04-08 07:00:00;0.0
2025-04-08 07:15:00;0.0
2025-04-08 07:30:00;0.0
2025-04-08 07:45:00;0.0
2025-04-08 08:00:00;0.08030000000000004
2025-04-08 08:15:00;0.1726000000000001
2025-04-08 08:30:00;0.39470000000000005
2025-04-08 08:45:00;0.5737999999999999
2025-04-08 09:00:00;1.0965000000000003
2025-04-08 09:15:00;1.4530000000000003
2025-04-08 09:30:00;1.5728
2025-04-08 09:45:00;1.6223
2025-04-08 10:00:00;1.9342000000000001
2025-04-08 10:15:00;2.1359
2025-04-08 10:30:00;2.1868999999999996
2025-04-08 10:45:00;2.3901
2025-04-08 11:00:00;2.6032
2025-04-08 11:15:00;2.9882999999999997
2025-04-08 11:30:00;2.8865000000000003
2025-04-08 11:45:00;2.6973000000000003
2025-04-08 12:00:00;2.8863000000000003
2025-04-08 12:15:00;2.8522000000000003
2025-04-08 12:30:00;2.7031
2025-04-08 12:45:00;2.9105999999999996
2025-04-08 13:00:00;3.58
2025-04-08 13:15:00;3.1849000000000003
2025-04-08 13:30:00;3.5422
2025-04-08 13:45:00;3.4459999999999997
2025-04-08 14:00:00;3.3171
2025-04-08 14:15:00;3.3343
2025-04-08 14:30:00;3.311
2025-04-08 14:45:00;3.2382999999999997
2025-04-08 15:00:00;3.3373999999999997
2025-04-08 15:15:00;3.3081000000000005
2025-04-08 15:30:00;2.9607
2025-04-08 15:45:00;3.0776
2025-04-08 16:00:00;3.0544
2025-04-08 16:15:00;2.8097
2025-04-08 16:30:00;2.6436
2025-04-08 16:45:00;2.4318
2025-04-08 17:00:00;1.2958999999999998
2025-04-08 17:15:00;1.3619
2025-04-08 17:30:00;1.172
2025-04-08 17:45:00;0.8355999999999999
2025-04-08 18:00:00;0.32389999999999985
2025-04-08 18:15:00;0.3028000000000002
2025-04-08 18:30:00;0.06469999999999998
2025-04-08 18:45:00;0.0
2025-04-08 19:00:00;0.0
2025-04-08 19:15:00;0.0
2025-04-08 19:30:00;0.0
2025-04-08 19:45:00;0.0
2025-04-08 20:00:00;0.0
2025-04-08 20:15:00;0.0
2025-04-08 20:30:00;0.0
2025-04-08 20:45:00;0.0
2025-04-08 21:00:00;0.0
2025-04-08 21:15:00;0.0
2025-04-08 21:30:00;0.0
2025-04-08 21:45:00;0.0
2025-04-08 22:00:00;0.0
2025-04-08 22:15:00;0.0
2025-04-08 22:30:00;0.0
2025-04-08 22:45:00;0.0
2025-04-08 23:00:00;0.0
2025-04-08 23:15:00;0.0
2025-04-08 23:30:00;0.0
2025-04-08 23:45:00;0.0
2025-04-09 00:00:00;0.0
2025-04-09 00:15:00;0.0
2025-04-09 00:30:00;0.0
2025-04-09 00:45:00;0.0
2025-04-09 01:00:00;0.0
2025-04-09 01:15:00;0.0
2025-04-09 01:30:00;0.0
2025-04-09 01:45:00;0.0
2025-04-09 02:00:00;0.0
2025-04-09 02:15:00;0.0
2025-04-09 02:30:00;0.0
2025-04-09 02:45:00;0.0
2025-04-09 03:00:00;0.0
2025-04-09 03:15:00;0.0
2025-04-09 03:30:00;0.0
2025-04-09 03:45:00;0.0
2025-04-09 04:00:00;0.0
2025-04-09 04:15:00;0.0
2025-04-09 04:30:00;0.0
2025-04-09 04:45:00;0.0
2025-04-09 05:00:00;0.0
2025-04-09 05:15:00;0.0
2025-04-09 05:30:00;0.0
2025-04-09 05:45:00;0.0
2025-04-09 06:00:00;0.0
2025-04-09 06:15:00;0.0
2025-04-09 06:30:00;0.0
2025-04-09 06:45:00;0.0
2025-04-09 07:00:00;0.0
2025-04-09 07:15:00;0.8612
2025-04-09 07:30:00;2.2007000000000003
2025-04-09 07:45:00;3.3514
2025-04-09 08:00:00;2.0431
2025-04-09 08:15:00;2.5111999999999997
2025-04-09 08:30:00;3.2039
2025-04-09 08:45:00;3.9810000000000003
2025-04-09 09:00:00;12.3648
2025-04-09 09:15:00;14.444
2025-04-09 09:30:00;15.0885
2025-04-09 09:45:00;16.7215
2025-04-09 10:00:00;17.0037
2025-04-09 10:15:00;18.1518
2025-04-09 10:30:00;19.3764
2025-04-09 10:45:00;19.917
2025-04-09 11:00:00;11.2147
2025-04-09 11:15:00;11.09
2025-04-09 11:30:00;11.3073
2025-04-09 11:45:00;11.915
2025-04-09 12:00:00;24.841800000000003
2025-04-09 12:15:00;24.9167
2025-04-09 12:30:00;24.6148
2025-04-09 12:45:00;26.0974
2025-04-09 13:00:00;23.5162
2025-04-09 13:15:00;24.9156
2025-04-09 13:30:00;24.7653
2025-04-09 13:45:00;24.5295
2025-04-09 14:00:00;25.7214
2025-04-09 14:15:00;26.506500000000003
2025-04-09 14:30:00;26.0477
2025-04-09 14:45:00;24.6614
2025-04-09 15:00:00;24.7555
2025-04-09 15:15:00;22.9904
2025-04-09 15:30:00;22.462999999999997
2025-04-09 15:45:00;22.333499999999997
2025-04-09 16:00:00;19.6337
2025-04-09 16:15:00;18.325
2025-04-09 16:30:00;17.4906
2025-04-09 16:45:00;17.474999999999998
2025-04-09 17:00:00;10.9961
2025-04-09 17:15:00;10.8499
2025-04-09 17:30:00;10.6768
2025-04-09 17:45:00;9.411499999999998
2025-04-09 18:00:00;13.8237
2025-04-09 18:15:00;12.5031
2025-04-09 18:30:00;11.3516
2025-04-09 18:45:00;9.2984
2025-04-09 19:00:00;6.2088
2025-04-09 19:15:00;4.6742
2025-04-09 19:30:00;3.3958000000000004
2025-04-09 19:45:00;2.4766000000000004
2025-04-09 20:00:00;1.5876000000000001
2025-04-09 20:15:00;0.05190000000000006
2025-04-09 20:30:00;0.0
2025-04-09 20:45:00;0.0
2025-04-09 21:00:00;0.0
2025-04-09 21:15:00;0.0
2025-04-09 21:30:00;0.0
2025-04-09 21:45:00;0.0
2025-04-09 22:00:00;0.0
2025-04-09 22:15:00;0.0
2025-04-09 22:30:00;0.0
2025-04-09 22:45:00;0.0
2025-04-09 23:00:00;0.0
2025-04-09 23:15:00;0.0
2025-04-09 23:30:00;0.0
2025-04-09 23:45:00;0.0
2025-04-10 00:00:00;0.0
2025-04-10 00:15:00;0.0
2025-04-10 00:30:00;0.0
2025-04-10 00:45:00;0.0
2025-04-10 01:00:00;0.0
2025-04-10 01:15:00;0.0
2025-04-10 01:30:00;0.0
2025-04-10 01:45:00;0.0
2025-04-10 02:00:00;0.0
2025-04-10 02:15:00;0.0
2025-04-10 02:30:00;0.0
2025-04-10 02:45:00;0.0
2025-04-10 03:00:00;0.0
2025-04-10 03:15:00;0.0
2025-04-10 03:30:00;0.0
2025-04-10 03:45:00;0.0
2025-04-10 04:00:00;0.0
2025-04-10 04:15:00;0.0
2025-04-10 04:30:00;0.0
2025-04-10 04:45:00;0.0
2025-04-10 05:00:00;0.0
2025-04-10 05:15:00;0.0
2025-04-10 05:30:00;0.0
2025-04-10 05:45:00;0.0
2025-04-10 06:00:00;0.0
2025-04-10 06:15:00;0.0
2025-04-10 06:30:00;0.0
2025-04-10 06:45:00;0.0
2025-04-10 07:00:00;0.0
2025-04-10 07:15:00;0.0
2025-04-10 07:30:00;0.3076000000000001
2025-04-10 07:45:00;0.8269
2025-04-10 08:00:00;1.7810000000000001
2025-04-10 08:15:00;2.2561
2025-04-10 08:30:00;2.6712999999999996
2025-04-10 08:45:00;3.0796
2025-04-10 09:00:00;4.490500000000001
2025-04-10 09:15:00;4.5798
2025-04-10 09:30:00;5.2891
2025-04-10 09:45:00;5.5009
2025-04-10 10:00:00;7.0587
2025-04-10 10:15:00;7.4527
2025-04-10 10:30:00;8.1155
2025-04-10 10:45:00;7.9939
2025-04-10 11:00:00;7.5303
2025-04-10 11:15:00;8.1304
2025-04-10 11:30:00;8.7455
2025-04-10 11:45:00;8.6938
2025-04-10 12:00:00;8.1507
2025-04-10 12:15:00;8.509
2025-04-10 12:30:00;8.3536
2025-04-10 12:45:00;9.0839
2025-04-10 13:00:00;9.3313
2025-04-10 13:15:00;10.0061
2025-04-10 13:30:00;10.0786
2025-04-10 13:45:00;10.1043
2025-04-10 14:00:00;7.3143
2025-04-10 14:15:00;7.0948
2025-04-10 14:30:00;7.469399999999999
2025-04-10 14:45:00;6.9605
2025-04-10 15:00:00;8.3193
2025-04-10 15:15:00;8.1548
2025-04-10 15:30:00;7.8556
2025-04-10 15:45:00;7.474799999999999
2025-04-10 16:00:00;7.8467
2025-04-10 16:15:00;7.5657000000000005
2025-04-10 16:30:00;7.0013
2025-04-10 16:45:00;6.8762
2025-04-10 17:00:00;5.1915000000000004
2025-04-10 17:15:00;4.9118
2025-04-10 17:30:00;4.8033
2025-04-10 17:45:00;4.1733
2025-04-10 18:00:00;3.8415
2025-04-10 18:15:00;3.4497
2025-04-10 18:30:00;3.0004000000000004
2025-04-10 18:45:00;2.3078
2025-04-10 19:00:00;1.8096999999999999
2025-04-10 19:15:00;1.4074
2025-04-10 19:30:00;0.8238000000000001
2025-04-10 19:45:00;0.2017
2025-04-10 20:00:00;0.129
2025-04-10 20:15:00;0.0
2025-04-10 20:30:00;0.0
2025-04-10 20:45:00;0.0
2025-04-10 21:00:00;0.0
2025-04-10 21:15:00;0.0
2025-04-10 21:30:00;0.0
2025-04-10 21:45:00;0.0
2025-04-10 22:00:00;0.0
2025-04-10 22:15:00;0.0
2025-04-10 22:30:00;0.0
2025-04-10 22:45:00;0.0
2025-04-10 23:00:00;0.0
2025-04-10 23:15:00;0.0
2025-04-10 23:30:00;0.0
2025-04-10 23:45:00;0.0
2025-04-11 00:00:00;0.0
2025-04-11 00:15:00;0.0
2025-04-11 00:30:00;0.0
2025-04-11 00:45:00;0.0
2025-04-11 01:00:00;0.0
2025-04-11 01:15:00;0.0
2025-04-11 01:30:00;0.0
2025-04-11 01:45:00;0.0
2025-04-11 02:00:00;0.0
2025-04-11 02:15:00;0.0
2025-04-11 02:30:00;0.0
2025-04-11 02:45:00;0.0
2025-04-11 03:00:00;0.0
2025-04-11 03:15:00;0.0
2025-04-11 03:30:00;0.0
2025-04-11 03:45:00;0.0
2025-04-11 04:00:00;0.0
2025-04-11 04:15:00;0.0
2025-04-11 04:30:00;0.0
2025-04-11 04:45:00;0.0
2025-04-11 05:00:00;0.0
2025-04-11 05:15:00;0.0
2025-04-11 05:30:00;0.0
2025-04-11 05:45:00;0.0
2025-04-11 06:00:00;0.0
2025-04-11 06:15:00;0.0
2025-04-11 06:30:00;0.0
2025-04-11 06:45:00;0.0
2025-04-11 07:00:00;0.0
2025-04-11 07:15:00;0.0
2025-04-11 07:30:00;0.22039999999999993
2025-04-11 07:45:00;0.8374000000000001
2025-04-11 08:00:00;1.6308999999999998
2025-04-11 08:15:00;2.2359999999999998
2025-04-11 08:30:00;2.7504
2025-04-11 08:45:00;3.0116
2025-04-11 09:00:00;3.8669999999999995
2025-04-11 09:15:00;3.7661000000000002
2025-04-11 09:30:00;4.3633999999999995
2025-04-11 09:45:00;5.0802000000000005
2025-04-11 10:00:00;6.35
2025-04-11 10:15:00;7.1653
2025-04-11 10:30:00;7.6743999999999994
2025-04-11 10:45:00;8.0071
2025-04-11 11:00:00;8.0264
2025-04-11 11:15:00;8.305200000000001
2025-04-11 11:30:00;9.3512
2025-04-11 11:45:00;9.1295
2025-04-11 12:00:00;6.579000000000001
2025-04-11 12:15:00;6.9498
2025-04-11 12:30:00;7.404800000000001
2025-04-11 12:45:00;7.398300000000001
2025-04-11 13:00:00;9.1264
2025-04-11 13:15:00;9.256599999999999
2025-04-11 13:30:00;8.7764
2025-04-11 13:45:00;9.01
2025-04-11 14:00:00;8.373199999999999
2025-04-11 14:15:00;8.4771
2025-04-11 14:30:00;8.5069
2025-04-11 14:45:00;8.8466
2025-04-11 15:00:00;8.0093
2025-04-11 15:15:00;7.6237
2025-04-11 15:30:00;7.962400000000001
2025-04-11 15:45:00;7.9087
2025-04-11 16:00:00;7.4523
2025-04-11 16:15:00;7.7559
2025-04-11 16:30:00;6.9399
2025-04-11 16:45:00;6.8732999999999995
2025-04-11 17:00:00;6.1018
2025-04-11 17:15:00;6.0282
2025-04-11 17:30:00;5.3978
2025-04-11 17:45:00;4.8263
2025-04-11 18:00:00;3.2541
2025-04-11 18:15:00;2.5315000000000003
2025-04-11 18:30:00;2.4291
2025-04-11 18:45:00;1.8835999999999997
2025-04-11 19:00:00;1.7925999999999997
2025-04-11 19:15:00;1.2434
2025-04-11 19:30:00;0.7665
2025-04-11 19:45:00;0.14680000000000004
2025-04-11 20:00:00;0.0
2025-04-11 20:15:00;0.0
2025-04-11 20:30:00;0.0
2025-04-11 20:45:00;0.0
2025-04-11 21:00:00;0.0
2025-04-11 21:15:00;0.0
2025-04-11 21:30:00;0.0
2025-04-11 21:45:00;0.0
2025-04-11 22:00:00;0.0
2025-04-11 22:15:00;0.0
2025-04-11 22:30:00;0.0
2025-04-11 22:45:00;0.0
2025-04-11 23:00:00;0.0
2025-04-11 23:15:00;0.0
2025-04-11 23:30:00;0.0
2025-04-11 23:45:00;0.0
2025-04-12 00:00:00;0.0
2025-04-12 00:15:00;0.0
2025-04-12 00:30:00;0.0
2025-04-12 00:45:00;0.0
2025-04-12 01:00:00;0.0
2025-04-12 01:15:00;0.0
2025-04-12 01:30:00;0.0
2025-04-12 01:45:00;0.0
2025-04-12 02:00:00;0.0
2025-04-12 02:15:00;0.0
2025-04-12 02:30:00;0.0
2025-04-12 02:45:00;0.0
2025-04-12 03:00:00;0.0
2025-04-12 03:15:00;0.0
2025-04-12 03:30:00;0.0
2025-04-12 03:45:00;0.0
2025-04-12 04:00:00;0.0
2025-04-12 04:15:00;0.0
2025-04-12 04:30:00;0.0
2025-04-12 04:45:00;0.0
2025-04-12 05:00:00;0.0
2025-04-12 05:15:00;0.0
2025-04-12 05:30:00;0.0
2025-04-12 05:45:00;0.0
2025-04-12 06:00:00;0.0
2025-04-12 06:15:00;0.0
2025-04-12 06:30:00;0.0
2025-04-12 06:45:00;0.0
2025-04-12 07:00:00;1.0680000000000003
2025-04-12 07:15:00;3.2567000000000004
2025-04-12 07:30:00;5.7854
2025-04-12 07:45:00;7.400399999999999
2025-04-12 08:00:00;11.417100000000001
2025-04-12 08:15:00;14.4443
2025-04-12 08:30:00;16.218899999999998
2025-04-12 08:45:00;19.0924
2025-04-12 09:00:00;17.3612
2025-04-12 09:15:00;20.426099999999998
2025-04-12 09:30:00;21.181
2025-04-12 09:45:00;22.9523
2025-04-12 10:00:00;29.612000000000002
2025-04-12 10:15:00;30.7561
2025-04-12 10:30:00;32.221700000000006
2025-04-12 10:45:00;35.0077
2025-04-12 11:00:00;27.2442
2025-04-12 11:15:00;28.0722
2025-04-12 11:30:00;29.7784
2025-04-12 11:45:00;30.0811
2025-04-12 12:00:00;34.8928
2025-04-12 12:15:00;35.4392
2025-04-12 12:30:00;35.4225
2025-04-12 12:45:00;36.458600000000004
2025-04-12 13:00:00;36.475500000000004
2025-04-12 13:15:00;36.464800000000004
2025-04-12 13:30:00;36.4792
2025-04-12 13:45:00;36.5173
2025-04-12 14:00:00;36.422700000000006
2025-04-12 14:15:00;36.5516
2025-04-12 14:30:00;36.4651
2025-04-12 14:45:00;36.5361
2025-04-12 15:00:00;34.3758
2025-04-12 15:15:00;33.0435
2025-04-12 15:30:00;32.4664
2025-04-12 15:45:00;32.801300000000005
2025-04-12 16:00:00;35.3125
2025-04-12 16:15:00;32.7568
2025-04-12 16:30:00;32.3314
2025-04-12 16:45:00;30.749
2025-04-12 17:00:00;23.6116
2025-04-12 17:15:00;20.738899999999997
2025-04-12 17:30:00;19.841900000000003
2025-04-12 17:45:00;18.0044
2025-04-12 18:00:00;18.436
2025-04-12 18:15:00;17.186
2025-04-12 18:30:00;15.521899999999999
2025-04-12 18:45:00;13.4019
2025-04-12 19:00:00;10.8642
2025-04-12 19:15:00;9.786
2025-04-12 19:30:00;6.8654
2025-04-12 19:45:00;5.056
2025-04-12 20:00:00;3.472
2025-04-12 20:15:00;1.0893
2025-04-12 20:30:00;0.0
2025-04-12 20:45:00;0.0
2025-04-12 21:00:00;0.0
2025-04-12 21:15:00;0.0
2025-04-12 21:30:00;0.0
2025-04-12 21:45:00;0.0
2025-04-12 22:00:00;0.0
2025-04-12 22:15:00;0.0
2025-04-12 22:30:00;0.0
2025-04-12 22:45:00;0.0
2025-04-12 23:00:00;0.0
2025-04-12 23:15:00;0.0
2025-04-12 23:30:00;0.0
2025-04-12 23:45:00;0.0
2025-04-13 00:00:00;0.0
2025-04-13 00:15:00;0.0
2025-04-13 00:30:00;0.0
2025-04-13 00:45:00;0.0
2025-04-13 01:00:00;0.0
2025-04-13 01:15:00;0.0
2025-04-13 01:30:00;0.0
2025-04-13 01:45:00;0.0
2025-04-13 02:00:00;0.0
2025-04-13 02:15:00;0.0
2025-04-13 02:30:00;0.0
2025-04-13 02:45:00;0.0
2025-04-13 03:00:00;0.0
2025-04-13 03:15:00;0.0
2025-04-13 03:30:00;0.0
2025-04-13 03:45:00;0.0
2025-04-13 04:00:00;0.0
2025-04-13 04:15:00;0.0
2025-04-13 04:30:00;0.0
2025-04-13 04:45:00;0.0
2025-04-13 05:00:00;0.0
2025-04-13 05:15:00;0.0
2025-04-13 05:30:00;0.0
2025-04-13 05:45:00;0.0
2025-04-13 06:00:00;0.0
2025-04-13 06:15:00;0.0
2025-04-13 06:30:00;0.0
2025-04-13 06:45:00;0.0
2025-04-13 07:00:00;0.9173999999999998
2025-04-13 07:15:00;3.2877
2025-04-13 07:30:00;5.6823
2025-04-13 07:45:00;8.021400000000002
2025-04-13 08:00:00;10.483799999999999
2025-04-13 08:15:00;13.1661
2025-04-13 08:30:00;15.234399999999999
2025-04-13 08:45:00;17.889
2025-04-13 09:00:00;21.6741
2025-04-13 09:15:00;22.7661
2025-04-13 09:30:00;25.136999999999997
2025-04-13 09:45:00;27.6022
2025-04-13 10:00:00;29.0517
2025-04-13 10:15:00;29.7361
2025-04-13 10:30:00;30.6427
2025-04-13 10:45:00;34.0379
2025-04-13 11:00:00;32.998599999999996
2025-04-13 11:15:00;33.3097
2025-04-13 11:30:00;33.9828
2025-04-13 11:45:00;35.3088
2025-04-13 12:00:00;36.4694
2025-04-13 12:15:00;36.4507
2025-04-13 12:30:00;36.514
2025-04-13 12:45:00;36.474199999999996
2025-04-13 13:00:00;34.9974
2025-04-13 13:15:00;35.2866
2025-04-13 13:30:00;35.8726
2025-04-13 13:45:00;36.208600000000004
2025-04-13 14:00:00;36.3831
2025-04-13 14:15:00;35.924200000000006
2025-04-13 14:30:00;35.7419
2025-04-13 14:45:00;34.344
2025-04-13 15:00:00;35.7393
2025-04-13 15:15:00;35.1321
2025-04-13 15:30:00;33.0356
2025-04-13 15:45:00;32.4174
2025-04-13 16:00:00;36.159
2025-04-13 16:15:00;33.263099999999994
2025-04-13 16:30:00;30.9444
2025-04-13 16:45:00;31.876000000000005
2025-04-13 17:00:00;28.1434
2025-04-13 17:15:00;27.313399999999998
2025-04-13 17:30:00;24.4631
2025-04-13 17:45:00;22.589599999999997
2025-04-13 18:00:00;20.749100000000002
2025-04-13 18:15:00;18.6489
2025-04-13 18:30:00;16.8164
2025-04-13 18:45:00;15.206700000000001
2025-04-13 19:00:00;12.3307
2025-04-13 19:15:00;10.1851
2025-04-13 19:30:00;7.3528
2025-04-13 19:45:00;5.3708
2025-04-13 20:00:00;3.4309999999999996
2025-04-13 20:15:00;1.2
2025-04-13 20:30:00;0.0
2025-04-13 20:45:00;0.0
2025-04-13 21:00:00;0.0
2025-04-13 21:15:00;0.0
2025-04-13 21:30:00;0.0
2025-04-13 21:45:00;0.0
2025-04-13 22:00:00;0.0
2025-04-13 22:15:00;0.0
2025-04-13 22:30:00;0.0
2025-04-13 22:45:00;0.0
2025-04-13 23:00:00;0.0
2025-04-13 23:15:00;0.0
2025-04-13 23:30:00;0.0
2025-04-13 23:45:00;0.0
2025-04-14 00:00:00;0.0
2025-04-14 00:15:00;0.0
2025-04-14 00:30:00;0.0
2025-04-14 00:45:00;0.0
2025-04-14 01:00:00;0.0
2025-04-14 01:15:00;0.0
2025-04-14 01:30:00;0.0
2025-04-14 01:45:00;0.0
2025-04-14 02:00:00;0.0
2025-04-14 02:15:00;0.0
2025-04-14 02:30:00;0.0
2025-04-14 02:45:00;0.0
2025-04-14 03:00:00;0.0
2025-04-14 03:15:00;0.0
2025-04-14 03:30:00;0.0
2025-04-14 03:45:00;0.0
2025-04-14 04:00:00;0.0
2025-04-14 04:15:00;0.0
2025-04-14 04:30:00;0.0
2025-04-14 04:45:00;0.0
2025-04-14 05:00:00;0.0
2025-04-14 05:15:00;0.0
2025-04-14 05:30:00;0.0
2025-04-14 05:45:00;0.0
2025-04-14 06:00:00;0.0
2025-04-14 06:15:00;0.0
2025-04-14 06:30:00;0.0
2025-04-14 06:45:00;0.0
2025-04-14 07:00:00;0.0
2025-04-14 07:15:00;0.0
2025-04-14 07:30:00;0.0
2025-04-14 07:45:00;0.0
2025-04-14 08:00:00;0.010399999999999965
2025-04-14 08:15:00;0.2691999999999999
2025-04-14 08:30:00;0.5164
2025-04-14 08:45:00;0.7813
2025-04-14 09:00:00;1.4446999999999999
2025-04-14 09:15:00;1.5194999999999999
2025-04-14 09:30:00;1.7113
2025-04-14 09:45:00;1.901
2025-04-14 10:00:00;2.3548999999999998
2025-04-14 10:15:00;2.6005
2025-04-14 10:30:00;2.8637
2025-04-14 10:45:00;3.0993999999999997
2025-04-14 11:00:00;2.6942
2025-04-14 11:15:00;2.8485
2025-04-14 11:30:00;3.0641
2025-04-14 11:45:00;3.2601
2025-04-14 12:00:00;3.2255000000000003
2025-04-14 12:15:00;3.2806999999999995
2025-04-14 12:30:00;3.2548
2025-04-14 12:45:00;3.2196
2025-04-14 13:00:00;3.1978999999999997
2025-04-14 13:15:00;2.9749999999999996
2025-04-14 13:30:00;3.1452999999999998
2025-04-14 13:45:00;3.2630000000000003
2025-04-14 14:00:00;2.3986
2025-04-14 14:15:00;2.4313000000000002
2025-04-14 14:30:00;2.3390999999999997
2025-04-14 14:45:00;2.2985
2025-04-14 15:00:00;2.8059
2025-04-14 15:15:00;2.8282000000000003
2025-04-14 15:30:00;2.7634
2025-04-14 15:45:00;2.5184
2025-04-14 16:00:00;2.6427
2025-04-14 16:15:00;2.3811999999999998
2025-04-14 16:30:00;2.2321
2025-04-14 16:45:00;2.05
2025-04-14 17:00:00;1.1547
2025-04-14 17:15:00;0.9576
2025-04-14 17:30:00;0.8014999999999999
2025-04-14 17:45:00;0.6135999999999999
2025-04-14 18:00:00;0.5582000000000003
2025-04-14 18:15:00;0.3147
2025-04-14 18:30:00;0.15270000000000006
2025-04-14 18:45:00;0.0
2025-04-14 19:00:00;0.0
2025-04-14 19:15:00;0.0
2025-04-14 19:30:00;0.0
2025-04-14 19:45:00;0.0
2025-04-14 20:00:00;0.0
2025-04-14 20:15:00;0.0
2025-04-14 20:30:00;0.0
2025-04-14 20:45:00;0.0
2025-04-14 21:00:00;0.0
2025-04-14 21:15:00;0.0
2025-04-14 21:30:00;0.0
2025-04-14 21:45:00;0.0
2025-04-14 22:00:00;0.0
2025-04-14 22:15:00;0.0
2025-04-14 22:30:00;0.0
2025-04-14 22:45:00;0.0
2025-04-14 23:00:00;0.0
2025-04-14 23:15:00;0.0
2025-04-14 23:30:00;0.0
2025-04-14 23:45:00;0.0
2025-04-15 00:00:00;0.0
2025-04-15 00:15:00;0.0
2025-04-15 00:30:00;0.0
2025-04-15 00:45:00;0.0
2025-04-15 01:00:00;0.0
2025-04-15 01:15:00;0.0
2025-04-15 01:30:00;0.0
2025-04-15 01:45:00;0.0
2025-04-15 02:00:00;0.0
2025-04-15 02:15:00;0.0
2025-04-15 02:30:00;0.0
2025-04-15 02:45:00;0.0
2025-04-15 03:00:00;0.0
2025-04-15 03:15:00;0.0
2025-04-15 03:30:00;0.0
2025-04-15 03:45:00;0.0
2025-04-15 04:00:00;0.0
2025-04-15 04:15:00;0.0
2025-04-15 04:30:00;0.0
2025-04-15 04:45:00;0.0
2025-04-15 05:00:00;0.0
2025-04-15 05:15:00;0.0
2025-04-15 05:30:00;0.0
2025-04-15 05:45:00;0.0
2025-04-15 06:00:00;0.0
2025-04-15 06:15:00;0.0
2025-04-15 06:30:00;0.0
2025-04-15 06:45:00;0.0
2025-04-15 07:00:00;0.0
2025-04-15 07:15:00;0.0
2025-04-15 07:30:00;0.0
2025-04-15 07:45:00;0.0
2025-04-15 08:00:00;0.0
2025-04-15 08:15:00;0.13929999999999998
2025-04-15 08:30:00;0.3205000000000001
2025-04-15 08:45:00;0.5577
2025-04-15 09:00:00;1.2342
2025-04-15 09:15:00;1.5682
2025-04-15 09:30:00;1.6062
2025-04-15 09:45:00;2.0212
2025-04-15 10:00:00;1.9606
2025-04-15 10:15:00;1.8460999999999999
2025-04-15 10:30:00;2.2154000000000003
2025-04-15 10:45:00;2.2404
2025-04-15 11:00:00;2.6252
2025-04-15 11:15:00;2.6172
2025-04-15 11:30:00;2.7904
2025-04-15 11:45:00;2.9706
2025-04-15 12:00:00;3.1421
2025-04-15 12:15:00;3.2591
2025-04-15 12:30:00;3.361
2025-04-15 12:45:00;3.7046
2025-04-15 13:00:00;3.4817
2025-04-15 13:15:00;3.5277999999999996
2025-04-15 13:30:00;3.6963000000000004
2025-04-15 13:45:00;3.627
2025-04-15 14:00:00;3.5653
2025-04-15 14:15:00;3.7622
2025-04-15 14:30:00;3.6273
2025-04-15 14:45:00;3.5002999999999997
2025-04-15 15:00:00;3.1787
2025-04-15 15:15:00;2.9371
2025-04-15 15:30:00;3.1201
2025-04-15 15:45:00;2.8131
2025-04-15 16:00:00;3.0318
2025-04-15 16:15:00;2.7141
2025-04-15 16:30:00;2.5166999999999997
2025-04-15 16:45:00;2.4059
2025-04-15 17:00:00;1.7353999999999998
2025-04-15 17:15:00;1.4074000000000002
2025-04-15 17:30:00;1.4743999999999997
2025-04-15 17:45:00;1.1670999999999998
2025-04-15 18:00:00;0.6256999999999999
2025-04-15 18:15:00;0.6517000000000002
2025-04-15 18:30:00;0.21750000000000003
2025-04-15 18:45:00;0.17389999999999994
2025-04-15 19:00:00;0.010400000000000187
2025-04-15 19:15:00;0.0
2025-04-15 19:30:00;0.0
2025-04-15 19:45:00;0.0
2025-04-15 20:00:00;0.0
2025-04-15 20:15:00;0.0
2025-04-15 20:30:00;0.0
2025-04-15 20:45:00;0.0
2025-04-15 21:00:00;0.0
2025-04-15 21:15:00;0.0
2025-04-15 21:30:00;0.0
2025-04-15 21:45:00;0.0
2025-04-15 22:00:00;0.0
2025-04-15 22:15:00;0.0
2025-04-15 22:30:00;0.0
2025-04-15 22:45:00;0.0
2025-04-15 23:00:00;0.0
2025-04-15 23:15:00;0.0
2025-04-15 23:30:00;0.0
2025-04-15 23:45:00;0.0
2025-04-16 00:00:00;0.0
2025-04-16 00:15:00;0.0
2025-04-16 00:30:00;0.0
2025-04-16 00:45:00;0.0
2025-04-16 01:00:00;0.0
2025-04-16 01:15:00;0.0
2025-04-16 01:30:00;0.0
2025-04-16 01:45:00;0.0
2025-04-16 02:00:00;0.0
2025-04-16 02:15:00;0.0
2025-04-16 02:30:00;0.0
2025-04-16 02:45:00;0.0
2025-04-16 03:00:00;0.0
2025-04-16 03:15:00;0.0
2025-04-16 03:30:00;0.0
2025-04-16 03:45:00;0.0
2025-04-16 04:00:00;0.0
2025-04-16 04:15:00;0.0
2025-04-16 04:30:00;0.0
2025-04-16 04:45:00;0.0
2025-04-16 05:00:00;0.0
2025-04-16 05:15:00;0.0
2025-04-16 05:30:00;0.0
2025-04-16 05:45:00;0.0
2025-04-16 06:00:00;0.0
2025-04-16 06:15:00;0.0
2025-04-16 06:30:00;0.0
2025-04-16 06:45:00;0.0
2025-04-16 07:00:00;0.8574999999999999
2025-04-16 07:15:00;3.0639999999999996
2025-04-16 07:30:00;5.2738
2025-04-16 07:45:00;7.392999999999999
2025-04-16 08:00:00;10.2899
2025-04-16 08:15:00;13.2979
2025-04-16 08:30:00;14.4679
2025-04-16 08:45:00;16.607300000000002
2025-04-16 09:00:00;21.4752
2025-04-16 09:15:00;23.6131
2025-04-16 09:30:00;25.188799999999997
2025-04-16 09:45:00;26.787
2025-04-16 10:00:00;23.5154
2025-04-16 10:15:00;24.7848
2025-04-16 10:30:00;25.403499999999998
2025-04-16 10:45:00;27.135399999999997
2025-04-16 11:00:00;36.4396
2025-04-16 11:15:00;36.451299999999996
2025-04-16 11:30:00;36.5091
2025-04-16 11:45:00;36.4645
2025-04-16 12:00:00;33.314600000000006
2025-04-16 12:15:00;35.071400000000004
2025-04-16 12:30:00;33.8341
2025-04-16 12:45:00;35.0105
2025-04-16 13:00:00;35.028400000000005
2025-04-16 13:15:00;35.7498
2025-04-16 13:30:00;36.057700000000004
2025-04-16 13:45:00;36.4504
2025-04-16 14:00:00;36.479
2025-04-16 14:15:00;36.4173
2025-04-16 14:30:00;36.4594
2025-04-16 14:45:00;34.5986
2025-04-16 15:00:00;35.3728
2025-04-16 15:15:00;34.4369
2025-04-16 15:30:00;33.1608
2025-04-16 15:45:00;34.622299999999996
2025-04-16 16:00:00;28.196499999999997
2025-04-16 16:15:00;26.810499999999998
2025-04-16 16:30:00;24.3719
2025-04-16 16:45:00;24.6212
2025-04-16 17:00:00;30.454
2025-04-16 17:15:00;28.1814
2025-04-16 17:30:00;25.6193
2025-04-16 17:45:00;24.1955
2025-04-16 18:00:00;21.3637
2025-04-16 18:15:00;18.559800000000003
2025-04-16 18:30:00;17.2494
2025-04-16 18:45:00;14.0304
2025-04-16 19:00:00;9.3797
2025-04-16 19:15:00;7.4397
2025-04-16 19:30:00;5.4745
2025-04-16 19:45:00;4.2296000000000005
2025-04-16 20:00:00;2.9679
2025-04-16 20:15:00;0.8747999999999998
2025-04-16 20:30:00;0.0
2025-04-16 20:45:00;0.0
2025-04-16 21:00:00;0.0
2025-04-16 21:15:00;0.0
2025-04-16 21:30:00;0.0
2025-04-16 21:45:00;0.0
2025-04-16 22:00:00;0.0
2025-04-16 22:15:00;0.0
2025-04-16 22:30:00;0.0
2025-04-16 22:45:00;0.0
2025-04-16 23:00:00;0.0
2025-04-16 23:15:00;0.0
2025-04-16 23:30:00;0.0
2025-04-16 23:45:00;0.0
2025-04-17 00:00:00;0.0
2025-04-17 00:15:00;0.0
2025-04-17 00:30:00;0.0
2025-04-17 00:45:00;0.0
2025-04-17 01:00:00;0.0
2025-04-17 01:15:00;0.0
2025-04-17 01:30:00;0.0
2025-04-17 01:45:00;0.0
2025-04-17 02:00:00;0.0
2025-04-17 02:15:00;0.0
2025-04-17 02:30:00;0.0
2025-04-17 02:45:00;0.0
2025-04-17 03:00:00;0.0
2025-04-17 03:15:00;0.0
2025-04-17 03:30:00;0.0
2025-04-17 03:45:00;0.0
2025-04-17 04:00:00;0.0
2025-04-17 04:15:00;0.0
2025-04-17 04:30:00;0.0
2025-04-17 04:45:00;0.0
2025-04-17 05:00:00;0.0
2025-04-17 05:15:00;0.0
2025-04-17 05:30:00;0.0
2025-04-17 05:45:00;0.0
2025-04-17 06:00:00;0.0
2025-04-17 06:15:00;0.0
2025-04-17 06:30:00;0.0
2025-04-17 06:45:00;0.0
2025-04-17 07:00:00;0.0
2025-04-17 07:15:00;0.0
2025-04-17 07:30:00;0.3609
2025-04-17 07:45:00;1.0641999999999998
2025-04-17 08:00:00;2.1388
2025-04-17 08:15:00;2.5869999999999997
2025-04-17 08:30:00;3.2582999999999998
2025-04-17 08:45:00;3.9364999999999997
2025-04-17 09:00:00;4.3536
2025-04-17 09:15:00;5.171799999999999
2025-04-17 09:30:00;5.555899999999999
2025-04-17 09:45:00;6.3723
2025-04-17 10:00:00;6.8533
2025-04-17 10:15:00;7.1534
2025-04-17 10:30:00;7.488700000000001
2025-04-17 10:45:00;7.9731000000000005
2025-04-17 11:00:00;8.2783
2025-04-17 11:15:00;8.199
2025-04-17 11:30:00;8.6666
2025-04-17 11:45:00;9.4226
2025-04-17 12:00:00;9.995000000000001
2025-04-17 12:15:00;10.325099999999999
2025-04-17 12:30:00;10.2784
2025-04-17 12:45:00;10.446800000000001
2025-04-17 13:00:00;10.900500000000001
2025-04-17 13:15:00;10.4654
2025-04-17 13:30:00;10.457400000000002
2025-04-17 13:45:00;10.594
2025-04-17 14:00:00;8.1309
2025-04-17 14:15:00;8.39
2025-04-17 14:30:00;7.937899999999999
2025-04-17 14:45:00;8.121500000000001
2025-04-17 15:00:00;8.7699
2025-04-17 15:15:00;8.5986
2025-04-17 15:30:00;8.248199999999999
2025-04-17 15:45:00;8.2348
2025-04-17 16:00:00;7.352900000000001
2025-04-17 16:15:00;6.9169
2025-04-17 16:30:00;6.8452
2025-04-17 16:45:00;6.3453
2025-04-17 17:00:00;6.3578
2025-04-17 17:15:00;6.0326
2025-04-17 17:30:00;5.831
2025-04-17 17:45:00;4.43
2025-04-17 18:00:00;4.2251
2025-04-17 18:15:00;3.5345000000000004
2025-04-17 18:30:00;3.0612
2025-04-17 18:45:00;2.7334
2025-04-17 19:00:00;2.1316
2025-04-17 19:15:00;1.5646999999999998
2025-04-17 19:30:00;0.9895
2025-04-17 19:45:00;0.4160999999999999
2025-04-17 20:00:00;0.0
2025-04-17 20:15:00;0.0
2025-04-17 20:30:00;0.0
2025-04-17 20:45:00;0.0
2025-04-17 21:00:00;0.0
2025-04-17 21:15:00;0.0
2025-04-17 21:30:00;0.0
2025-04-17 21:45:00;0.0
2025-04-17 22:00:00;0.0
2025-04-17 22:15:00;0.0
2025-04-17 22:30:00;0.0
2025-04-17 22:45:00;0.0
2025-04-17 23:00:00;0.0
2025-04-17 23:15:00;0.0
2025-04-17 23:30:00;0.0
2025-04-17 23:45:00;0.0
2025-04-18 00:00:00;0.0
2025-04-18 00:15:00;0.0
2025-04-18 00:30:00;0.0
2025-04-18 00:45:00;0.0
2025-04-18 01:00:00;0.0
2025-04-18 01:15:00;0.0
2025-04-18 01:30:00;0.0
2025-04-18 01:45:00;0.0
2025-04-18 02:00:00;0.0
2025-04-18 02:15:00;0.0
2025-04-18 02:30:00;0.0
2025-04-18 02:45:00;0.0
2025-04-18 03:00:00;0.0
2025-04-18 03:15:00;0.0
2025-04-18 03:30:00;0.0
2025-04-18 03:45:00;0.0
2025-04-18 04:00:00;0.0
2025-04-18 04:15:00;0.0
2025-04-18 04:30:00;0.0
2025-04-18 04:45:00;0.0
2025-04-18 05:00:00;0.0
2025-04-18 05:15:00;0.0
2025-04-18 05:30:00;0.0
2025-04-18 05:45:00;0.0
2025-04-18 06:00:00;0.0
2025-04-18 06:15:00;0.0
2025-04-18 06:30:00;0.0
2025-04-18 06:45:00;0.0
2025-04-18 07:00:00;0.0
2025-04-18 07:15:00;0.0
2025-04-18 07:30:00;0.22429999999999994
2025-04-18 07:45:00;0.6613
2025-04-18 08:00:00;1.9645000000000001
2025-04-18 08:15:00;2.5
2025-04-18 08:30:00;3.165
2025-04-18 08:45:00;3.4118000000000004
2025-04-18 09:00:00;4.0442
2025-04-18 09:15:00;4.4231
2025-04-18 09:30:00;4.9776
2025-04-18 09:45:00;5.1771
2025-04-18 10:00:00;5.9821
2025-04-18 10:15:00;6.8775
2025-04-18 10:30:00;6.786700000000001
2025-04-18 10:45:00;8.1714
2025-04-18 11:00:00;7.233
2025-04-18 11:15:00;8.272599999999999
2025-04-18 11:30:00;8.2683
2025-04-18 11:45:00;8.4513
2025-04-18 12:00:00;9.2689
2025-04-18 12:15:00;10.074800000000002
2025-04-18 12:30:00;9.4838
2025-04-18 12:45:00;9.6846
2025-04-18 13:00:00;8.8787
2025-04-18 13:15:00;8.7717
2025-04-18 13:30:00;9.1998
2025-04-18 13:45:00;9.319700000000001
2025-04-18 14:00:00;9.119
2025-04-18 14:15:00;8.9465
2025-04-18 14:30:00;8.6503
2025-04-18 14:45:00;8.3989
2025-04-18 15:00:00;9.5806
2025-04-18 15:15:00;9.3785
2025-04-18 15:30:00;8.99
2025-04-18 15:45:00;8.5074
2025-04-18 16:00:00;7.989
2025-04-18 16:15:00;8.1728
2025-04-18 16:30:00;7.277500000000001
2025-04-18 16:45:00;7.3266
2025-04-18 17:00:00;7.039300000000001
2025-04-18 17:15:00;6.6321
2025-04-18 17:30:00;6.2395000000000005
2025-04-18 17:45:00;5.4543
2025-04-18 18:00:00;4.0458
2025-04-18 18:15:00;3.6636
2025-04-18 18:30:00;3.2981
2025-04-18 18:45:00;2.51
2025-04-18 19:00:00;1.9671
2025-04-18 19:15:00;1.2799
2025-04-18 19:30:00;0.5925
2025-04-18 19:45:00;0.1995
2025-04-18 20:00:00;0.0
2025-04-18 20:15:00;0.0
2025-04-18 20:30:00;0.0
2025-04-18 20:45:00;0.0
2025-04-18 21:00:00;0.0
2025-04-18 21:15:00;0.0
2025-04-18 21:30:00;0.0
2025-04-18 21:45:00;0.0
2025-04-18 22:00:00;0.0
2025-04-18 22:15:00;0.0
2025-04-18 22:30:00;0.0
2025-04-18 22:45:00;0.0
2025-04-18 23:00:00;0.0
2025-04-18 23:15:00;0.0
2025-04-18 23:30:00;0.0
2025-04-18 23:45:00;0.0
2025-04-19 00:00:00;0.0
2025-04-19 00:15:00;0.0
2025-04-19 00:30:00;0.0
2025-04-19 00:45:00;0.0
2025-04-19 01:00:00;0.0
2025-04-19 01:15:00;0.0
2025-04-19 01:30:00;0.0
2025-04-19 01:45:00;0.0
2025-04-19 02:00:00;0.0
2025-04-19 02:15:00;0.0
2025-04-19 02:30:00;0.0
2025-04-19 02:45:00;0.0
2025-04-19 03:00:00;0.0
2025-04-19 03:15:00;0.0
2025-04-19 03:30:00;0.0
2025-04-19 03:45:00;0.0
2025-04-19 04:00:00;0.0
2025-04-19 04:15:00;0.0
2025-04-19 04:30:00;0.0
2025-04-19 04:45:00;0.0
2025-04-19 05:00:00;0.0
2025-04-19 05:15:00;0.0
2025-04-19 05:30:00;0.0
2025-04-19 05:45:00;0.0
2025-04-19 06:00:00;0.0
2025-04-19 06:15:00;0.0
2025-04-19 06:30:00;0.0
2025-04-19 06:45:00;0.0
2025-04-19 07:00:00;0.0
2025-04-19 07:15:00;0.0
2025-04-19 07:30:00;0.0
2025-04-19 07:45:00;0.0
2025-04-19 08:00:00;0.0
2025-04-19 08:15:00;0.33810000000000007
2025-04-19 08:30:00;0.4838
2025-04-19 08:45:00;0.7457
2025-04-19 09:00:00;0.9910000000000001
2025-04-19 09:15:00;1.2189
2025-04-19 09:30:00;1.4088
2025-04-19 09:45:00;1.5012000000000003
2025-04-19 10:00:00;2.1835
2025-04-19 10:15:00;2.3813999999999997
2025-04-19 10:30:00;2.4988
2025-04-19 10:45:00;2.742
2025-04-19 11:00:00;2.4116
2025-04-19 11:15:00;2.5723000000000003
2025-04-19 11:30:00;2.9727
2025-04-19 11:45:00;2.829
2025-04-19 12:00:00;3.0233999999999996
2025-04-19 12:15:00;3.0875
2025-04-19 12:30:00;3.0392
2025-04-19 12:45:00;3.0187
2025-04-19 13:00:00;3.1359000000000004
2025-04-19 13:15:00;3.1492
2025-04-19 13:30:00;2.9779
2025-04-19 13:45:00;3.0749
2025-04-19 14:00:00;2.9995000000000003
2025-04-19 14:15:00;3.3449999999999998
2025-04-19 14:30:00;3.5005
2025-04-19 14:45:00;2.8989000000000003
2025-04-19 15:00:00;2.6866000000000003
2025-04-19 15:15:00;2.7758000000000003
2025-04-19 15:30:00;2.4781
2025-04-19 15:45:00;2.4773
2025-04-19 16:00:00;2.2816
2025-04-19 16:15:00;2.2431
2025-04-19 16:30:00;2.0484999999999998
2025-04-19 16:45:00;1.9055
2025-04-19 17:00:00;1.6937000000000002
2025-04-19 17:15:00;1.4298000000000002
2025-04-19 17:30:00;1.2421000000000002
2025-04-19 17:45:00;1.3251
2025-04-19 18:00:00;0.5065000000000002
2025-04-19 18:15:00;0.24180000000000001
2025-04-19 18:30:00;0.14180000000000015
2025-04-19 18:45:00;0.0
2025-04-19 19:00:00;0.010699999999999932
2025-04-19 19:15:00;0.0
2025-04-19 19:30:00;0.0
2025-04-19 19:45:00;0.0
2025-04-19 20:00:00;0.0
2025-04-19 20:15:00;0.0
2025-04-19 20:30:00;0.0
2025-04-19 20:45:00;0.0
2025-04-19 21:00:00;0.0
2025-04-19 21:15:00;0.0
2025-04-19 21:30:00;0.0
2025-04-19 21:45:00;0.0
2025-04-19 22:00:00;0.0
2025-04-19 22:15:00;0.0
2025-04-19 22:30:00;0.0
2025-04-19 22:45:00;0.0
2025-04-19 23:00:00;0.0
2025-04-19 23:15:00;0.0
2025-04-19 23:30:00;0.0
2025-04-19 23:45:00;0.0
2025-04-20 00:00:00;0.0
2025-04-20 00:15:00;0.0
2025-04-20 00:30:00;0.0
2025-04-20 00:45:00;0.0
2025-04-20 01:00:00;0.0
2025-04-20 01:15:00;0.0
2025-04-20 01:30:00;0.0
2025-04-20 01:45:00;0.0
2025-04-20 02:00:00;0.0
2025-04-20 02:15:00;0.0
2025-04-20 02:30:00;0.0
2025-04-20 02:45:00;0.0
2025-04-20 03:00:00;0.0
2025-04-20 03:15:00;0.0
2025-04-20 03:30:00;0.0
2025-04-20 03:45:00;0.0
2025-04-20 04:00:00;0.0
2025-04-20 04:15:00;0.0
2025-04-20 04:30:00;0.0
2025-04-20 04:45:00;0.0
2025-04-20 05:00:00;0.0
2025-04-20 05:15:00;0.0
2025-04-20 05:30:00;0.0
2025-04-20 05:45:00;0.0
2025-04-20 06:00:00;0.0
2025-04-20 06:15:00;0.0
2025-04-20 06:30:00;0.0
2025-04-20 06:45:00;0.0
2025-04-20 07:00:00;0.1178999999999999
2025-04-20 07:15:00;1.3720999999999999
2025-04-20 07:30:00;2.6329000000000002
2025-04-20 07:45:00;3.9758999999999998
2025-04-20 08:00:00;6.0413
2025-04-20 08:15:00;7.662
2025-04-20 08:30:00;9.1867
2025-04-20 08:45:00;9.9321
2025-04-20 09:00:00;7.985600000000001
2025-04-20 09:15:00;9.3583
2025-04-20 09:30:00;10.1862
2025-04-20 09:45:00;11.1982
2025-04-20 10:00:00;15.7832
2025-04-20 10:15:00;16.7654
2025-04-20 10:30:00;17.2554
2025-04-20 10:45:00;17.0688
2025-04-20 11:00:00;22.3749
2025-04-20 11:15:00;23.130000000000003
2025-04-20 11:30:00;24.6446
2025-04-20 11:45:00;24.310899999999997
2025-04-20 12:00:00;22.6226
2025-04-20 12:15:00;22.8412
2025-04-20 12:30:00;22.6088
2025-04-20 12:45:00;22.2127
2025-04-20 13:00:00;16.101
2025-04-20 13:15:00;16.6247
2025-04-20 13:30:00;15.773299999999999
2025-04-20 13:45:00;16.365599999999997
2025-04-20 14:00:00;28.046499999999998
2025-04-20 14:15:00;27.6221
2025-04-20 14:30:00;25.869500000000002
2025-04-20 14:45:00;26.3297
2025-04-20 15:00:00;26.533199999999997
2025-04-20 15:15:00;24.8187
2025-04-20 15:30:00;24.3261
2025-04-20 15:45:00;23.842699999999997
2025-04-20 16:00:00;21.1858
2025-04-20 16:15:00;20.046
2025-04-20 16:30:00;18.9089
2025-04-20 16:45:00;18.7426
2025-04-20 17:00:00;15.9964
2025-04-20 17:15:00;15.838199999999999
2025-04-20 17:30:00;14.4851
2025-04-20 17:45:00;13.4702
2025-04-20 18:00:00;12.3614
2025-04-20 18:15:00;10.9337
2025-04-20 18:30:00;9.8993
2025-04-20 18:45:00;8.969899999999999
2025-04-20 19:00:00;7.527699999999999
2025-04-20 19:15:00;5.8307
2025-04-20 19:30:00;4.4354000000000005
2025-04-20 19:45:00;3.1675000000000004
2025-04-20 20:00:00;1.7463000000000002
2025-04-20 20:15:00;0.33810000000000007
2025-04-20 20:30:00;0.0
2025-04-20 20:45:00;0.0
2025-04-20 21:00:00;0.0
2025-04-20 21:15:00;0.0
2025-04-20 21:30:00;0.0
2025-04-20 21:45:00;0.0
2025-04-20 22:00:00;0.0
2025-04-20 22:15:00;0.0
2025-04-20 22:30:00;0.0
2025-04-20 22:45:00;0.0
2025-04-20 23:00:00;0.0
2025-04-20 23:15:00;0.0
2025-04-20 23:30:00;0.0
2025-04-20 23:45:00;0.0
2025-04-21 00:00:00;0.0
2025-04-21 00:15:00;0.0
2025-04-21 00:30:00;0.0
2025-04-21 00:45:00;0.0
2025-04-21 01:00:00;0.0
2025-04-21 01:15:00;0.0
2025-04-21 01:30:00;0.0
2025-04-21 01:45:00;0.0
2025-04-21 02:00:00;0.0
2025-04-21 02:15:00;0.0
2025-04-21 02:30:00;0.0
2025-04-21 02:45:00;0.0
2025-04-21 03:00:00;0.0
2025-04-21 03:15:00;0.0
2025-04-21 03:30:00;0.0
2025-04-21 03:45:00;0.0
2025-04-21 04:00:00;0.0
2025-04-21 04:15:00;0.0
2025-04-21 04:30:00;0.0
2025-04-21 04:45:00;0.0
2025-04-21 05:00:00;0.0
2025-04-21 05:15:00;0.0
2025-04-21 05:30:00;0.0
2025-04-21 05:45:00;0.0
2025-04-21 06:00:00;0.0
2025-04-21 06:15:00;0.0
2025-04-21 06:30:00;0.0
2025-04-21 06:45:00;0.0
2025-04-21 07:00:00;1.0851
2025-04-21 07:15:00;3.0766999999999998
2025-04-21 07:30:00;5.9704999999999995
2025-04-21 07:45:00;8.235800000000001
2025-04-21 08:00:00;10.7636
2025-04-21 08:15:00;13.9997
2025-04-21 08:30:00;15.5073
2025-04-21 08:45:00;17.226
2025-04-21 09:00:00;19.310299999999998
2025-04-21 09:15:00;21.5118
2025-04-21 09:30:00;23.0924
2025-04-21 09:45:00;25.934
2025-04-21 10:00:00;25.9369
2025-04-21 10:15:00;28.2994
2025-04-21 10:30:00;31.6554
2025-04-21 10:45:00;31.0977
2025-04-21 11:00:00;29.758000000000003
2025-04-21 11:15:00;34.032799999999995
2025-04-21 11:30:00;31.7481
2025-04-21 11:45:00;33.2083
2025-04-21 12:00:00;34.111700000000006
2025-04-21 12:15:00;32.5415
2025-04-21 12:30:00;32.7175
2025-04-21 12:45:00;36.4248
2025-04-21 13:00:00;36.462599999999995
2025-04-21 13:15:00;36.4884
2025-04-21 13:30:00;36.4244
2025-04-21 13:45:00;36.3351
2025-04-21 14:00:00;36.5247
2025-04-21 14:15:00;36.501
2025-04-21 14:30:00;36.421
2025-04-21 14:45:00;36.4987
2025-04-21 15:00:00;34.5445
2025-04-21 15:15:00;34.261199999999995
2025-04-21 15:30:00;31.7372
2025-04-21 15:45:00;30.4159
2025-04-21 16:00:00;31.6502
2025-04-21 16:15:00;31.521699999999996
2025-04-21 16:30:00;31.0106
2025-04-21 16:45:00;28.718400000000003
2025-04-21 17:00:00;31.426499999999997
2025-04-21 17:15:00;28.4775
2025-04-21 17:30:00;24.954900000000002
2025-04-21 17:45:00;25.5283
2025-04-21 18:00:00;20.3185
2025-04-21 18:15:00;19.2716
2025-04-21 18:30:00;16.8269
2025-04-21 18:45:00;14.777199999999999
2025-04-21 19:00:00;13.861099999999999
2025-04-21 19:15:00;11.234399999999999
2025-04-21 19:30:00;8.710700000000001
2025-04-21 19:45:00;6.555899999999999
2025-04-21 20:00:00;2.7835
2025-04-21 20:15:00;0.6073
2025-04-21 20:30:00;0.0
2025-04-21 20:45:00;0.0
2025-04-21 21:00:00;0.0
2025-04-21 21:15:00;0.0
2025-04-21 21:30:00;0.0
2025-04-21 21:45:00;0.0
2025-04-21 22:00:00;0.0
2025-04-21 22:15:00;0.0
2025-04-21 22:30:00;0.0
2025-04-21 22:45:00;0.0
2025-04-21 23:00:00;0.0
2025-04-21 23:15:00;0.0
2025-04-21 23:30:00;0.0
2025-04-21 23:45:00;0.0
2025-04-22 00:00:00;0.0
2025-04-22 00:15:00;0.0
2025-04-22 00:30:00;0.0
2025-04-22 00:45:00;0.0
2025-04-22 01:00:00;0.0
2025-04-22 01:15:00;0.0
2025-04-22 01:30:00;0.0
2025-04-22 01:45:00;0.0
2025-04-22 02:00:00;0.0
2025-04-22 02:15:00;0.0
2025-04-22 02:30:00;0.0
2025-04-22 02:45:00;0.0
2025-04-22 03:00:00;0.0
2025-04-22 03:15:00;0.0
2025-04-22 03:30:00;0.0
2025-04-22 03:45:00;0.0
2025-04-22 04:00:00;0.0
2025-04-22 04:15:00;0.0
2025-04-22 04:30:00;0.0
2025-04-22 04:45:00;0.0
2025-04-22 05:00:00;0.0
2025-04-22 05:15:00;0.0
2025-04-22 05:30:00;0.0
2025-04-22 05:45:00;0.0
2025-04-22 06:00:00;0.0
2025-04-22 06:15:00;0.0
2025-04-22 06:30:00;0.0
2025-04-22 06:45:00;0.0
2025-04-22 07:00:00;0.12929999999999997
2025-04-22 07:15:00;1.4374000000000002
2025-04-22 07:30:00;2.8586
2025-04-22 07:45:00;4.8323
2025-04-22 08:00:00;1.8955
2025-04-22 08:15:00;2.5805000000000002
2025-04-22 08:30:00;2.9276999999999997
2025-04-22 08:45:00;3.5839000000000003
2025-04-22 09:00:00;12.276
2025-04-22 09:15:00;14.524
2025-04-22 09:30:00;15.0798
2025-04-22 09:45:00;16.808400000000002
2025-04-22 10:00:00;9.7425
2025-04-22 10:15:00;10.254299999999999
2025-04-22 10:30:00;10.7245
2025-04-22 10:45:00;11.458699999999999
2025-04-22 11:00:00;20.2692
2025-04-22 11:15:00;22.032799999999998
2025-04-22 11:30:00;20.5201
2025-04-22 11:45:00;22.8449
2025-04-22 12:00:00;27.3933
2025-04-22 12:15:00;27.3856
2025-04-22 12:30:00;25.6228
2025-04-22 12:45:00;27.294700000000002
2025-04-22 13:00:00;17.2761
2025-04-22 13:15:00;17.9145
2025-04-22 13:30:00;17.5647
2025-04-22 13:45:00;18.1875
2025-04-22 14:00:00;24.6129
2025-04-22 14:15:00;23.9297
2025-04-22 14:30:00;24.9908
2025-04-22 14:45:00;25.8559
2025-04-22 15:00:00;17.2133
2025-04-22 15:15:00;18.0137
2025-04-22 15:30:00;15.201299999999998
2025-04-22 15:45:00;16.392300000000002
2025-04-22 16:00:00;25.1736
2025-04-22 16:15:00;23.779200000000003
2025-04-22 16:30:00;22.3756
2025-04-22 16:45:00;21.737699999999997
2025-04-22 17:00:00;16.3472
2025-04-22 17:15:00;14.8532
2025-04-22 17:30:00;13.763300000000001
2025-04-22 17:45:00;12.9201
2025-04-22 18:00:00;12.6971
2025-04-22 18:15:00;11.0895
2025-04-22 18:30:00;9.8013
2025-04-22 18:45:00;8.8476
2025-04-22 19:00:00;2.9179000000000004
2025-04-22 19:15:00;2.1475999999999997
2025-04-22 19:30:00;1.3505
2025-04-22 19:45:00;0.7076
2025-04-22 20:00:00;1.0670000000000002
2025-04-22 20:15:00;0.0
2025-04-22 20:30:00;0.0
2025-04-22 20:45:00;0.0
2025-04-22 21:00:00;0.0
2025-04-22 21:15:00;0.0
2025-04-22 21:30:00;0.0
2025-04-22 21:45:00;0.0
2025-04-22 22:00:00;0.0
2025-04-22 22:15:00;0.0
2025-04-22 22:30:00;0.0
2025-04-22 22:45:00;0.0
2025-04-22 23:00:00;0.0
2025-04-22 23:15:00;0.0
2025-04-22 23:30:00;0.0
2025-04-22 23:45:00;0.0
2025-04-23 00:00:00;0.0
2025-04-23 00:15:00;0.0
2025-04-23 00:30:00;0.0
2025-04-23 00:45:00;0.0
2025-04-23 01:00:00;0.0
2025-04-23 01:15:00;0.0
2025-04-23 01:30:00;0.0
2025-04-23 01:45:00;0.0
2025-04-23 02:00:00;0.0
2025-04-23 02:15:00;0.0
2025-04-23 02:30:00;0.0
2025-04-23 02:45:00;0.0
2025-04-23 03:00:00;0.0
2025-04-23 03:15:00;0.0
2025-04-23 03:30:00;0.0
2025-04-23 03:45:00;0.0
2025-04-23 04:00:00;0.0
2025-04-23 04:15:00;0.0
2025-04-23 04:30:00;0.0
2025-04-23 04:45:00;0.0
2025-04-23 05:00:00;0.0
2025-04-23 05:15:00;0.0
2025-04-23 05:30:00;0.0
2025-04-23 05:45:00;0.0
2025-04-23 06:00:00;0.0
2025-04-23 06:15:00;0.0
2025-04-23 06:30:00;0.0
2025-04-23 06:45:00;0.0
2025-04-23 07:00:00;1.0568000000000002
2025-04-23 07:15:00;3.6004
2025-04-23 07:30:00;6.0107
2025-04-23 07:45:00;8.0251
2025-04-23 08:00:00;10.518799999999999
2025-04-23 08:15:00;12.9869
2025-04-23 08:30:00;15.3616
2025-04-23 08:45:00;16.8959
2025-04-23 09:00:00;18.4769
2025-04-23 09:15:00;19.7123
2025-04-23 09:30:00;22.0261
2025-04-23 09:45:00;22.7451
2025-04-23 10:00:00;28.4506
2025-04-23 10:15:00;29.5975
2025-04-23 10:30:00;30.293599999999998
2025-04-23 10:45:00;33.9289
2025-04-23 11:00:00;34.7631
2025-04-23 11:15:00;34.0608
2025-04-23 11:30:00;35.742399999999996
2025-04-23 11:45:00;36.383
2025-04-23 12:00:00;36.416700000000006
2025-04-23 12:15:00;36.3992
2025-04-23 12:30:00;36.374300000000005
2025-04-23 12:45:00;36.3693
2025-04-23 13:00:00;36.2224
2025-04-23 13:15:00;36.3401
2025-04-23 13:30:00;36.392300000000006
2025-04-23 13:45:00;36.3446
2025-04-23 14:00:00;33.1225
2025-04-23 14:15:00;34.324400000000004
2025-04-23 14:30:00;33.2251
2025-04-23 14:45:00;32.581399999999995
2025-04-23 15:00:00;36.3752
2025-04-23 15:15:00;36.3508
2025-04-23 15:30:00;36.388799999999996
2025-04-23 15:45:00;35.797399999999996
2025-04-23 16:00:00;35.2734
2025-04-23 16:15:00;35.627
2025-04-23 16:30:00;35.3044
2025-04-23 16:45:00;32.6072
2025-04-23 17:00:00;25.057299999999998
2025-04-23 17:15:00;23.978199999999998
2025-04-23 17:30:00;22.145
2025-04-23 17:45:00;19.436500000000002
2025-04-23 18:00:00;22.0533
2025-04-23 18:15:00;20.9932
2025-04-23 18:30:00;17.9984
2025-04-23 18:45:00;16.4368
2025-04-23 19:00:00;10.841800000000001
2025-04-23 19:15:00;9.431000000000001
2025-04-23 19:30:00;6.7167
2025-04-23 19:45:00;4.9001
2025-04-23 20:00:00;3.4303
2025-04-23 20:15:00;1.0664000000000002
2025-04-23 20:30:00;0.0
2025-04-23 20:45:00;0.0
2025-04-23 21:00:00;0.0
2025-04-23 21:15:00;0.0
2025-04-23 21:30:00;0.0
2025-04-23 21:45:00;0.0
2025-04-23 22:00:00;0.0
2025-04-23 22:15:00;0.0
2025-04-23 22:30:00;0.0
2025-04-23 22:45:00;0.0
2025-04-23 23:00:00;0.0
2025-04-23 23:15:00;0.0
2025-04-23 23:30:00;0.0
2025-04-23 23:45:00;0.0
2025-04-24 00:00:00;0.0
2025-04-24 00:15:00;0.0
2025-04-24 00:30:00;0.0
2025-04-24 00:45:00;0.0
2025-04-24 01:00:00;0.0
2025-04-24 01:15:00;0.0
2025-04-24 01:30:00;0.0
2025-04-24 01:45:00;0.0
2025-04-24 02:00:00;0.0
2025-04-24 02:15:00;0.0
2025-04-24 02:30:00;0.0
2025-04-24 02:45:00;0.0
2025-04-24 03:00:00;0.0
2025-04-24 03:15:00;0.0
2025-04-24 03:30:00;0.0
2025-04-24 03:45:00;0.0
2025-04-24 04:00:00;0.0
2025-04-24 04:15:00;0.0
2025-04-24 04:30:00;0.0
2025-04-24 04:45:00;0.0
2025-04-24 05:00:00;0.0
2025-04-24 05:15:00;0.0
2025-04-24 05:30:00;0.0
2025-04-24 05:45:00;0.0
2025-04-24 06:00:00;0.0
2025-04-24 06:15:00;0.0
2025-04-24 06:30:00;0.0
2025-04-24 06:45:00;0.0
2025-04-24 07:00:00;0.0
2025-04-24 07:15:00;0.0
2025-04-24 07:30:00;0.0
2025-04-24 07:45:00;0.5085999999999999
2025-04-24 08:00:00;1.8157999999999999
2025-04-24 08:15:00;2.5555000000000003
2025-04-24 08:30:00;2.9348
2025-04-24 08:45:00;3.4258
2025-04-24 09:00:00;4.5229
2025-04-24 09:15:00;4.9923
2025-04-24 09:30:00;5.8454
2025-04-24 09:45:00;6.1768
2025-04-24 10:00:00;4.9503
2025-04-24 10:15:00;5.0665
2025-04-24 10:30:00;5.2838
2025-04-24 10:45:00;5.7970999999999995
2025-04-24 11:00:00;8.6602
2025-04-24 11:15:00;8.7125
2025-04-24 11:30:00;9.3429
2025-04-24 11:45:00;9.476
2025-04-24 12:00:00;7.999199999999999
2025-04-24 12:15:00;8.2067
2025-04-24 12:30:00;8.549000000000001
2025-04-24 12:45:00;8.672899999999998
2025-04-24 13:00:00;7.4033
2025-04-24 13:15:00;7.865799999999999
2025-04-24 13:30:00;7.577400000000001
2025-04-24 13:45:00;7.8761
2025-04-24 14:00:00;9.003
2025-04-24 14:15:00;9.2447
2025-04-24 14:30:00;8.6471
2025-04-24 14:45:00;8.725299999999999
2025-04-24 15:00:00;9.442
2025-04-24 15:15:00;9.6477
2025-04-24 15:30:00;9.2659
2025-04-24 15:45:00;8.9665
2025-04-24 16:00:00;7.7741999999999996
2025-04-24 16:15:00;7.280399999999999
2025-04-24 16:30:00;7.126099999999999
2025-04-24 16:45:00;6.444699999999999
2025-04-24 17:00:00;5.9322
2025-04-24 17:15:00;5.300400000000001
2025-04-24 17:30:00;4.9033
2025-04-24 17:45:00;4.5268
2025-04-24 18:00:00;4.281000000000001
2025-04-24 18:15:00;3.4414
2025-04-24 18:30:00;2.9808999999999997
2025-04-24 18:45:00;2.4052999999999995
2025-04-24 19:00:00;1.4189
2025-04-24 19:15:00;0.9779
2025-04-24 19:30:00;0.4952000000000001
2025-04-24 19:45:00;0.056499999999999995
2025-04-24 20:00:00;0.0
2025-04-24 20:15:00;0.0
2025-04-24 20:30:00;0.0
2025-04-24 20:45:00;0.0
2025-04-24 21:00:00;0.0
2025-04-24 21:15:00;0.0
2025-04-24 21:30:00;0.0
2025-04-24 21:45:00;0.0
2025-04-24 22:00:00;0.0
2025-04-24 22:15:00;0.0
2025-04-24 22:30:00;0.0
2025-04-24 22:45:00;0.0
2025-04-24 23:00:00;0.0
2025-04-24 23:15:00;0.0
2025-04-24 23:30:00;0.0
2025-04-24 23:45:00;0.0
2025-04-25 00:00:00;0.0
2025-04-25 00:15:00;0.0
2025-04-25 00:30:00;0.0
2025-04-25 00:45:00;0.0
2025-04-25 01:00:00;0.0
2025-04-25 01:15:00;0.0
2025-04-25 01:30:00;0.0
2025-04-25 01:45:00;0.0
2025-04-25 02:00:00;0.0
2025-04-25 02:15:00;0.0
2025-04-25 02:30:00;0.0
2025-04-25 02:45:00;0.0
2025-04-25 03:00:00;0.0
2025-04-25 03:15:00;0.0
2025-04-25 03:30:00;0.0
2025-04-25 03:45:00;0.0
2025-04-25 04:00:00;0.0
2025-04-25 04:15:00;0.0
2025-04-25 04:30:00;0.0
2025-04-25 04:45:00;0.0
2025-04-25 05:00:00;0.0
2025-04-25 05:15:00;0.0
2025-04-25 05:30:00;0.0
2025-04-25 05:45:00;0.0
2025-04-25 06:00:00;0.0
2025-04-25 06:15:00;0.0
2025-04-25 06:30:00;0.0
2025-04-25 06:45:00;0.0
2025-04-25 07:00:00;0.0
2025-04-25 07:15:00;0.0
2025-04-25 07:30:00;0.27290000000000014
2025-04-25 07:45:00;0.9537
2025-04-25 08:00:00;1.6907
2025-04-25 08:15:00;2.3852
2025-04-25 08:30:00;2.8567
2025-04-25 08:45:00;3.3812999999999995
2025-04-25 09:00:00;4.209300000000001
2025-04-25 09:15:00;4.8382000000000005
2025-04-25 09:30:00;5.0238000000000005
2025-04-25 09:45:00;5.8914
2025-04-25 10:00:00;5.1853
2025-04-25 10:15:00;5.534000000000001
2025-04-25 10:30:00;5.7738000000000005
2025-04-25 10:45:00;6.1803
2025-04-25 11:00:00;7.8450999999999995
2025-04-25 11:15:00;8.1618
2025-04-25 11:30:00;8.9418
2025-04-25 11:45:00;9.0413
2025-04-25 12:00:00;7.4441
2025-04-25 12:15:00;7.309800000000001
2025-04-25 12:30:00;7.963900000000001
2025-04-25 12:45:00;8.0055
2025-04-25 13:00:00;9.3935
2025-04-25 13:15:00;9.5617
2025-04-25 13:30:00;9.157399999999999
2025-04-25 13:45:00;9.6494
2025-04-25 14:00:00;8.7495
2025-04-25 14:15:00;8.4503
2025-04-25 14:30:00;8.638800000000002
2025-04-25 14:45:00;7.670400000000001
2025-04-25 15:00:00;7.843499999999999
2025-04-25 15:15:00;7.860600000000001
2025-04-25 15:30:00;8.1317
2025-04-25 15:45:00;7.297899999999999
2025-04-25 16:00:00;8.361
2025-04-25 16:15:00;7.816800000000001
2025-04-25 16:30:00;7.349399999999999
2025-04-25 16:45:00;7.1165
2025-04-25 17:00:00;5.8537
2025-04-25 17:15:00;5.6792
2025-04-25 17:30:00;5.0256
2025-04-25 17:45:00;4.6532
2025-04-25 18:00:00;3.4779999999999998
2025-04-25 18:15:00;2.8228999999999997
2025-04-25 18:30:00;2.2595
2025-04-25 18:45:00;1.7807
2025-04-25 19:00:00;1.4044
2025-04-25 19:15:00;0.9360000000000002
2025-04-25 19:30:00;0.2892999999999999
2025-04-25 19:45:00;0.0
2025-04-25 20:00:00;0.0
2025-04-25 20:15:00;0.0
2025-04-25 20:30:00;0.0
2025-04-25 20:45:00;0.0
2025-04-25 21:00:00;0.0
2025-04-25 21:15:00;0.0
2025-04-25 21:30:00;0.0
2025-04-25 21:45:00;0.0
2025-04-25 22:00:00;0.0
2025-04-25 22:15:00;0.0
2025-04-25 22:30:00;0.0
2025-04-25 22:45:00;0.0
2025-04-25 23:00:00;0.0
2025-04-25 23:15:00;0.0
2025-04-25 23:30:00;0.0
2025-04-25 23:45:00;0.0
2025-04-26 00:00:00;0.0
2025-04-26 00:15:00;0.0
2025-04-26 00:30:00;0.0
2025-04-26 00:45:00;0.0
2025-04-26 01:00:00;0.0
2025-04-26 01:15:00;0.0
2025-04-26 01:30:00;0.0
2025-04-26 01:45:00;0.0
2025-04-26 02:00:00;0.0
2025-04-26 02:15:00;0.0
2025-04-26 02:30:00;0.0
2025-04-26 02:45:00;0.0
2025-04-26 03:00:00;0.0
2025-04-26 03:15:00;0.0
2025-04-26 03:30:00;0.0
2025-04-26 03:45:00;0.0
2025-04-26 04:00:00;0.0
2025-04-26 04:15:00;0.0
2025-04-26 04:30:00;0.0
2025-04-26 04:45:00;0.0
2025-04-26 05:00:00;0.0
2025-04-26 05:15:00;0.0
2025-04-26 05:30:00;0.0
2025-04-26 05:45:00;0.0
2025-04-26 06:00:00;0.0
2025-04-26 06:15:00;0.0
2025-04-26 06:30:00;0.0
2025-04-26 06:45:00;0.0
2025-04-26 07:00:00;0.0
2025-04-26 07:15:00;0.0
2025-04-26 07:30:00;0.0
2025-04-26 07:45:00;0.0
2025-04-26 08:00:00;0.0
2025-04-26 08:15:00;0.05169999999999986
2025-04-26 08:30:00;0.22110000000000007
2025-04-26 08:45:00;0.5042
2025-04-26 09:00:00;0.9239
2025-04-26 09:15:00;1.0828999999999998
2025-04-26 09:30:00;1.3599999999999999
2025-04-26 09:45:00;1.3972000000000002
2025-04-26 10:00:00;1.5570000000000002
2025-04-26 10:15:00;1.5842999999999998
2025-04-26 10:30:00;1.8805
2025-04-26 10:45:00;2.1599
2025-04-26 11:00:00;2.2983
2025-04-26 11:15:00;2.4645
2025-04-26 11:30:00;2.3929
2025-04-26 11:45:00;2.6648
2025-04-26 12:00:00;3.0233
2025-04-26 12:15:00;2.8442999999999996
2025-04-26 12:30:00;3.0267999999999997
2025-04-26 12:45:00;2.9691
2025-04-26 13:00:00;3.3789
2025-04-26 13:15:00;3.4958000000000005
2025-04-26 13:30:00;3.4219
2025-04-26 13:45:00;3.3380000000000005
2025-04-26 14:00:00;3.0864
2025-04-26 14:15:00;3.1877
2025-04-26 14:30:00;3.0871
2025-04-26 14:45:00;3.0112
2025-04-26 15:00:00;2.8908000000000005
2025-04-26 15:15:00;2.9303
2025-04-26 15:30:00;3.0222
2025-04-26 15:45:00;2.739
2025-04-26 16:00:00;1.4215999999999998
2025-04-26 16:15:00;1.3302999999999998
2025-04-26 16:30:00;1.5097999999999998
2025-04-26 16:45:00;1.2684000000000002
2025-04-26 17:00:00;1.4562000000000002
2025-04-26 17:15:00;1.1277
2025-04-26 17:30:00;1.0946000000000002
2025-04-26 17:45:00;1.0491000000000001
2025-04-26 18:00:00;0.4083999999999999
2025-04-26 18:15:00;0.16389999999999993
2025-04-26 18:30:00;0.05559999999999987
2025-04-26 18:45:00;0.0
2025-04-26 19:00:00;0.0
2025-04-26 19:15:00;0.0
2025-04-26 19:30:00;0.0
2025-04-26 19:45:00;0.0
2025-04-26 20:00:00;0.0
2025-04-26 20:15:00;0.0
2025-04-26 20:30:00;0.0
2025-04-26 20:45:00;0.0
2025-04-26 21:00:00;0.0
2025-04-26 21:15:00;0.0
2025-04-26 21:30:00;0.0
2025-04-26 21:45:00;0.0
2025-04-26 22:00:00;0.0
2025-04-26 22:15:00;0.0
2025-04-26 22:30:00;0.0
2025-04-26 22:45:00;0.0
2025-04-26 23:00:00;0.0
2025-04-26 23:15:00;0.0
2025-04-26 23:30:00;0.0
2025-04-26 23:45:00;0.0
2025-04-27 00:00:00;0.0
2025-04-27 00:15:00;0.0
2025-04-27 00:30:00;0.0
2025-04-27 00:45:00;0.0
2025-04-27 01:00:00;0.0
2025-04-27 01:15:00;0.0
2025-04-27 01:30:00;0.0
2025-04-27 01:45:00;0.0
2025-04-27 02:00:00;0.0
2025-04-27 02:15:00;0.0
2025-04-27 02:30:00;0.0
2025-04-27 02:45:00;0.0
2025-04-27 03:00:00;0.0
2025-04-27 03:15:00;0.0
2025-04-27 03:30:00;0.0
2025-04-27 03:45:00;0.0
2025-04-27 04:00:00;0.0
2025-04-27 04:15:00;0.0
2025-04-27 04:30:00;0.0
2025-04-27 04:45:00;0.0
2025-04-27 05:00:00;0.0
2025-04-27 05:15:00;0.0
2025-04-27 05:30:00;0.0
2025-04-27 05:45:00;0.0
2025-04-27 06:00:00;0.0
2025-04-27 06:15:00;0.0
2025-04-27 06:30:00;0.0
2025-04-27 06:45:00;0.0
2025-04-27 07:00:00;0.0
2025-04-27 07:15:00;0.0004999999999999449
2025-04-27 07:30:00;0.4123000000000001
2025-04-27 07:45:00;1.0495
2025-04-27 08:00:00;1.4540999999999997
2025-04-27 08:15:00;2.175
2025-04-27 08:30:00;2.3701999999999996
2025-04-27 08:45:00;3.0471000000000004
2025-04-27 09:00:00;4.2638
2025-04-27 09:15:00;4.5684000000000005
2025-04-27 09:30:00;5.063599999999999
2025-04-27 09:45:00;5.2291
2025-04-27 10:00:00;5.0112
2025-04-27 10:15:00;5.6734
2025-04-27 10:30:00;5.9666999999999994
2025-04-27 10:45:00;6.3008
2025-04-27 11:00:00;7.3415
2025-04-27 11:15:00;7.9784999999999995
2025-04-27 11:30:00;8.0006
2025-04-27 11:45:00;7.9336
2025-04-27 12:00:00;9.3151
2025-04-27 12:15:00;9.2748
2025-04-27 12:30:00;9.4786
2025-04-27 12:45:00;10.0107
2025-04-27 13:00:00;8.9693
2025-04-27 13:15:00;9.4221
2025-04-27 13:30:00;9.0681
2025-04-27 13:45:00;10.171800000000001
2025-04-27 14:00:00;10.1818
2025-04-27 14:15:00;9.6014
2025-04-27 14:30:00;10.0417
2025-04-27 14:45:00;9.715200000000001
2025-04-27 15:00:00;9.382
2025-04-27 15:15:00;8.688500000000001
2025-04-27 15:30:00;8.9742
2025-04-27 15:45:00;8.3173
2025-04-27 16:00:00;5.952500000000001
2025-04-27 16:15:00;5.936800000000001
2025-04-27 16:30:00;5.1705000000000005
2025-04-27 16:45:00;5.0442
2025-04-27 17:00:00;5.866899999999999
2025-04-27 17:15:00;5.7272
2025-04-27 17:30:00;5.0295
2025-04-27 17:45:00;4.4604
2025-04-27 18:00:00;4.4068000000000005
2025-04-27 18:15:00;3.8075
2025-04-27 18:30:00;3.3956
2025-04-27 18:45:00;3.0645999999999995
2025-04-27 19:00:00;1.5704000000000002
2025-04-27 19:15:00;0.9174
2025-04-27 19:30:00;0.5288000000000002
2025-04-27 19:45:00;0.0
2025-04-27 20:00:00;0.037900000000000045
2025-04-27 20:15:00;0.0
2025-04-27 20:30:00;0.0
2025-04-27 20:45:00;0.0
2025-04-27 21:00:00;0.0
2025-04-27 21:15:00;0.0
2025-04-27 21:30:00;0.0
2025-04-27 21:45:00;0.0
2025-04-27 22:00:00;0.0
2025-04-27 22:15:00;0.0
2025-04-27 22:30:00;0.0
2025-04-27 22:45:00;0.0
2025-04-27 23:00:00;0.0
2025-04-27 23:15:00;0.0
2025-04-27 23:30:00;0.0
2025-04-27 23:45:00;0.0
2025-04-28 00:00:00;0.0
2025-04-28 00:15:00;0.0
2025-04-28 00:30:00;0.0
2025-04-28 00:45:00;0.0
2025-04-28 01:00:00;0.0
2025-04-28 01:15:00;0.0
2025-04-28 01:30:00;0.0
2025-04-28 01:45:00;0.0
2025-04-28 02:00:00;0.0
2025-04-28 02:15:00;0.0
2025-04-28 02:30:00;0.0
2025-04-28 02:45:00;0.0
2025-04-28 03:00:00;0.0
2025-04-28 03:15:00;0.0
2025-04-28 03:30:00;0.0
2025-04-28 03:45:00;0.0
2025-04-28 04:00:00;0.0
2025-04-28 04:15:00;0.0
2025-04-28 04:30:00;0.0
2025-04-28 04:45:00;0.0
2025-04-28 05:00:00;0.0
2025-04-28 05:15:00;0.0
2025-04-28 05:30:00;0.0
2025-04-28 05:45:00;0.0
2025-04-28 06:00:00;0.0
2025-04-28 06:15:00;0.0
2025-04-28 06:30:00;0.0
2025-04-28 06:45:00;0.0
2025-04-28 07:00:00;0.05130000000000012
2025-04-28 07:15:00;1.4338
2025-04-28 07:30:00;2.8872999999999998
2025-04-28 07:45:00;4.199
2025-04-28 08:00:00;5.6178
2025-04-28 08:15:00;6.6989
2025-04-28 08:30:00;8.1717
2025-04-28 08:45:00;9.6681
2025-04-28 09:00:00;12.997
2025-04-28 09:15:00;14.4057
2025-04-28 09:30:00;16.3035
2025-04-28 09:45:00;17.6512
2025-04-28 10:00:00;18.2734
2025-04-28 10:15:00;20.0581
2025-04-28 10:30:00;20.910600000000002
2025-04-28 10:45:00;21.7712
2025-04-28 11:00:00;21.4605
2025-04-28 11:15:00;22.397399999999998
2025-04-28 11:30:00;22.3427
2025-04-28 11:45:00;22.5217
2025-04-28 12:00:00;19.5462
2025-04-28 12:15:00;19.9947
2025-04-28 12:30:00;21.4255
2025-04-28 12:45:00;20.6814
2025-04-28 13:00:00;23.802599999999998
2025-04-28 13:15:00;23.7455
2025-04-28 13:30:00;24.0881
2025-04-28 13:45:00;24.9313
2025-04-28 14:00:00;26.8855
2025-04-28 14:15:00;27.014799999999997
2025-04-28 14:30:00;26.3753
2025-04-28 14:45:00;26.807199999999998
2025-04-28 15:00:00;27.3411
2025-04-28 15:15:00;26.2401
2025-04-28 15:30:00;24.8189
2025-04-28 15:45:00;23.819499999999998
2025-04-28 16:00:00;18.4957
2025-04-28 16:15:00;17.4188
2025-04-28 16:30:00;16.7134
2025-04-28 16:45:00;15.8137
2025-04-28 17:00:00;6.9526
2025-04-28 17:15:00;7.0443
2025-04-28 17:30:00;6.406
2025-04-28 17:45:00;5.7198
2025-04-28 18:00:00;9.9331
2025-04-28 18:15:00;8.8003
2025-04-28 18:30:00;7.6958
2025-04-28 18:45:00;6.6221
2025-04-28 19:00:00;7.7641
2025-04-28 19:15:00;6.0988
2025-04-28 19:30:00;4.8602
2025-04-28 19:45:00;3.0667
2025-04-28 20:00:00;0.26639999999999997
2025-04-28 20:15:00;0.0
2025-04-28 20:30:00;0.0
2025-04-28 20:45:00;0.0
2025-04-28 21:00:00;0.0
2025-04-28 21:15:00;0.0
2025-04-28 21:30:00;0.0
2025-04-28 21:45:00;0.0
2025-04-28 22:00:00;0.0
2025-04-28 22:15:00;0.0
2025-04-28 22:30:00;0.0
2025-04-28 22:45:00;0.0
2025-04-28 23:00:00;0.0
2025-04-28 23:15:00;0.0
2025-04-28 23:30:00;0.0
2025-04-28 23:45:00;0.0
2025-04-29 00:00:00;0.0
2025-04-29 00:15:00;0.0
2025-04-29 00:30:00;0.0
2025-04-29 00:45:00;0.0
2025-04-29 01:00:00;0.0
2025-04-29 01:15:00;0.0
2025-04-29 01:30:00;0.0
2025-04-29 01:45:00;0.0
2025-04-29 02:00:00;0.0
2025-04-29 02:15:00;0.0
2025-04-29 02:30:00;0.0
2025-04-29 02:45:00;0.0
2025-04-29 03:00:00;0.0
2025-04-29 03:15:00;0.0
2025-04-29 03:30:00;0.0
2025-04-29 03:45:00;0.0
2025-04-29 04:00:00;0.0
2025-04-29 04:15:00;0.0
2025-04-29 04:30:00;0.0
2025-04-29 04:45:00;0.0
2025-04-29 05:00:00;0.0
2025-04-29 05:15:00;0.0
2025-04-29 05:30:00;0.0
2025-04-29 05:45:00;0.0
2025-04-29 06:00:00;0.0
2025-04-29 06:15:00;0.0
2025-04-29 06:30:00;0.0
2025-04-29 06:45:00;0.0
2025-04-29 07:00:00;0.0
2025-04-29 07:15:00;0.0
2025-04-29 07:30:00;0.24770000000000003
2025-04-29 07:45:00;0.7314
2025-04-29 08:00:00;8.2191
2025-04-29 08:15:00;9.127799999999999
2025-04-29 08:30:00;11.1466
2025-04-29 08:45:00;12.6396
2025-04-29 09:00:00;13.9841
2025-04-29 09:15:00;16.5835
2025-04-29 09:30:00;17.859099999999998
2025-04-29 09:45:00;17.248700000000003
2025-04-29 10:00:00;16.6418
2025-04-29 10:15:00;17.662100000000002
2025-04-29 10:30:00;18.682399999999998
2025-04-29 10:45:00;19.8953
2025-04-29 11:00:00;20.1412
2025-04-29 11:15:00;21.360500000000002
2025-04-29 11:30:00;21.8677
2025-04-29 11:45:00;21.4798
2025-04-29 12:00:00;23.4488
2025-04-29 12:15:00;25.25
2025-04-29 12:30:00;25.0087
2025-04-29 12:45:00;26.2904
2025-04-29 13:00:00;21.6564
2025-04-29 13:15:00;20.904
2025-04-29 13:30:00;21.324299999999997
2025-04-29 13:45:00;21.4343
2025-04-29 14:00:00;26.7098
2025-04-29 14:15:00;25.245
2025-04-29 14:30:00;25.6375
2025-04-29 14:45:00;24.927599999999998
2025-04-29 15:00:00;27.2265
2025-04-29 15:15:00;27.3009
2025-04-29 15:30:00;26.4026
2025-04-29 15:45:00;25.7469
2025-04-29 16:00:00;23.785
2025-04-29 16:15:00;23.6694
2025-04-29 16:30:00;23.342599999999997
2025-04-29 16:45:00;20.9155
2025-04-29 17:00:00;16.8179
2025-04-29 17:15:00;16.236700000000003
2025-04-29 17:30:00;14.751799999999998
2025-04-29 17:45:00;13.293600000000001
2025-04-29 18:00:00;13.6706
2025-04-29 18:15:00;11.922899999999998
2025-04-29 18:30:00;10.6392
2025-04-29 18:45:00;9.2782
2025-04-29 19:00:00;7.3344000000000005
2025-04-29 19:15:00;5.661
2025-04-29 19:30:00;4.2674
2025-04-29 19:45:00;3.0088
2025-04-29 20:00:00;1.6858000000000002
2025-04-29 20:15:00;0.0
2025-04-29 20:30:00;0.0
2025-04-29 20:45:00;0.0
2025-04-29 21:00:00;0.0
2025-04-29 21:15:00;0.0
2025-04-29 21:30:00;0.0
2025-04-29 21:45:00;0.0
2025-04-29 22:00:00;0.0
2025-04-29 22:15:00;0.0
2025-04-29 22:30:00;0.0
2025-04-29 22:45:00;0.0
2025-04-29 23:00:00;0.0
2025-04-29 23:15:00;0.0
2025-04-29 23:30:00;0.0
2025-04-29 23:45:00;0.0
2025-04-30 00:00:00;0.0
2025-04-30 00:15:00;0.0
2025-04-30 00:30:00;0.0
2025-04-30 00:45:00;0.0
2025-04-30 01:00:00;0.0
2025-04-30 01:15:00;0.0
2025-04-30 01:30:00;0.0
2025-04-30 01:45:00;0.0
2025-04-30 02:00:00;0.0
2025-04-30 02:15:00;0.0
2025-04-30 02:30:00;0.0
2025-04-30 02:45:00;0.0
2025-04-30 03:00:00;0.0
2025-04-30 03:15:00;0.0
2025-04-30 03:30:00;0.0
2025-04-30 03:45:00;0.0
2025-04-30 04:00:00;0.0
2025-04-30 04:15:00;0.0
2025-04-30 04:30:00;0.0
2025-04-30 04:45:00;0.0
2025-04-30 05:00:00;0.0
2025-04-30 05:15:00;0.0
2025-04-30 05:30:00;0.0
2025-04-30 05:45:00;0.0
2025-04-30 06:00:00;0.0
2025-04-30 06:15:00;0.0
2025-04-30 06:30:00;0.0
2025-04-30 06:45:00;0.0
2025-04-30 07:00:00;0.7874999999999999
2025-04-30 07:15:00;2.9947000000000004
2025-04-30 07:30:00;5.3535
2025-04-30 07:45:00;8.032300000000001
2025-04-30 08:00:00;10.5776
2025-04-30 08:15:00;12.4046
2025-04-30 08:30:00;15.9377
2025-04-30 08:45:00;17.0351
2025-04-30 09:00:00;16.7899
2025-04-30 09:15:00;18.4775
2025-04-30 09:30:00;20.715
2025-04-30 09:45:00;22.2857
2025-04-30 10:00:00;28.0245
2025-04-30 10:15:00;29.2341
2025-04-30 10:30:00;31.9227
2025-04-30 10:45:00;32.109
2025-04-30 11:00:00;28.813399999999998
2025-04-30 11:15:00;30.9785
2025-04-30 11:30:00;31.7443
2025-04-30 11:45:00;32.050200000000004
2025-04-30 12:00:00;36.2536
2025-04-30 12:15:00;36.374
2025-04-30 12:30:00;36.2555
2025-04-30 12:45:00;36.278999999999996
2025-04-30 13:00:00;36.269299999999994
2025-04-30 13:15:00;36.241299999999995
2025-04-30 13:30:00;36.3159
2025-04-30 13:45:00;36.3504
2025-04-30 14:00:00;36.3827
2025-04-30 14:15:00;36.2455
2025-04-30 14:30:00;36.2458
2025-04-30 14:45:00;34.8413
2025-04-30 15:00:00;36.2468
2025-04-30 15:15:00;36.285
2025-04-30 15:30:00;36.286100000000005
2025-04-30 15:45:00;36.3061
2025-04-30 16:00:00;36.0946
2025-04-30 16:15:00;36.1148
2025-04-30 16:30:00;35.9211
2025-04-30 16:45:00;33.1411
2025-04-30 17:00:00;30.2953
2025-04-30 17:15:00;27.2339
2025-04-30 17:30:00;25.5583
2025-04-30 17:45:00;22.6011
2025-04-30 18:00:00;17.8377
2025-04-30 18:15:00;16.7487
2025-04-30 18:30:00;14.0191
2025-04-30 18:45:00;12.783
2025-04-30 19:00:00;11.7526
2025-04-30 19:15:00;9.7469
2025-04-30 19:30:00;7.962199999999999
2025-04-30 19:45:00;5.2043
2025-04-30 20:00:00;2.8199
2025-04-30 20:15:00;0.5315000000000001
2025-04-30 20:30:00;0.0
2025-04-30 20:45:00;0.0
2025-04-30 21:00:00;0.0
2025-04-30 21:15:00;0.0
2025-04-30 21:30:00;0.0
2025-04-30 21:45:00;0.0
2025-04-30 22:00:00;0.0
2025-04-30 22:15:00;0.0
2025-04-30 22:30:00;0.0
2025-04-30 22:45:00;0.0
2025-04-30 23:00:00;0.0
2025-04-30 23:15:00;0.0
2025-04-30 23:30:00;0.0
2025-04-30 23:45:00;0.0
2025-05-01 00:00:00;0.0
2025-05-01 00:15:00;0.0
2025-05-01 00:30:00;0.0
2025-05-01 00:45:00;0.0
2025-05-01 01:00:00;0.0
2025-05-01 01:15:00;0.0
2025-05-01 01:30:00;0.0
2025-05-01 01:45:00;0.0
2025-05-01 02:00:00;0.0
2025-05-01 02:15:00;0.0
2025-05-01 02:30:00;0.0
2025-05-01 02:45:00;0.0
2025-05-01 03:00:00;0.0
2025-05-01 03:15:00;0.0
2025-05-01 03:30:00;0.0
2025-05-01 03:45:00;0.0
2025-05-01 04:00:00;0.0
2025-05-01 04:15:00;0.0
2025-05-01 04:30:00;0.0
2025-05-01 04:45:00;0.0
2025-05-01 05:00:00;0.0
2025-05-01 05:15:00;0.0
2025-05-01 05:30:00;0.0
2025-05-01 05:45:00;0.0
2025-05-01 06:00:00;0.879
2025-05-01 06:15:00;3.0297
2025-05-01 06:30:00;4.7542
2025-05-01 06:45:00;6.6609
2025-05-01 07:00:00;2.9426999999999994
2025-05-01 07:15:00;3.5293
2025-05-01 07:30:00;4.5008
2025-05-01 07:45:00;5.5328
2025-05-01 08:00:00;6.9045
2025-05-01 08:15:00;8.498099999999999
2025-05-01 08:30:00;8.9857
2025-05-01 08:45:00;9.5396
2025-05-01 09:00:00;19.905900000000003
2025-05-01 09:15:00;21.463900000000002
2025-05-01 09:30:00;22.6305
2025-05-01 09:45:00;22.6807
2025-05-01 10:00:00;25.336000000000002
2025-05-01 10:15:00;27.2108
2025-05-01 10:30:00;29.055600000000002
2025-05-01 10:45:00;28.022000000000002
2025-05-01 11:00:00;13.6214
2025-05-01 11:15:00;13.963099999999999
2025-05-01 11:30:00;13.706999999999999
2025-05-01 11:45:00;14.2894
2025-05-01 12:00:00;32.7908
2025-05-01 12:15:00;32.7582
2025-05-01 12:30:00;33.165600000000005
2025-05-01 12:45:00;35.5301
2025-05-01 13:00:00;32.7999
2025-05-01 13:15:00;34.4263
2025-05-01 13:30:00;34.8437
2025-05-01 13:45:00;34.9488
2025-05-01 14:00:00;30.1419
2025-05-01 14:15:00;29.7079
2025-05-01 14:30:00;29.9404
2025-05-01 14:45:00;29.0954
2025-05-01 15:00:00;26.543
2025-05-01 15:15:00;24.502
2025-05-01 15:30:00;26.1137
2025-05-01 15:45:00;24.499100000000002
2025-05-01 16:00:00;18.3067
2025-05-01 16:15:00;18.990299999999998
2025-05-01 16:30:00;18.0824
2025-05-01 16:45:00;17.911800000000003
2025-05-01 17:00:00;21.2923
2025-05-01 17:15:00;19.645
2025-05-01 17:30:00;18.1717
2025-05-01 17:45:00;18.5916
2025-05-01 18:00:00;19.3276
2025-05-01 18:15:00;17.8219
2025-05-01 18:30:00;17.552
2025-05-01 18:45:00;15.7781
2025-05-01 19:00:00;11.7831
2025-05-01 19:15:00;10.2107
2025-05-01 19:30:00;9.1027
2025-05-01 19:45:00;7.7487
2025-05-01 20:00:00;7.988500000000001
2025-05-01 20:15:00;6.2048
2025-05-01 20:30:00;4.6822
2025-05-01 20:45:00;3.1723000000000003
2025-05-01 21:00:00;2.8242000000000003
2025-05-01 21:15:00;0.8656999999999999
2025-05-01 21:30:00;0.0
2025-05-01 21:45:00;0.0
2025-05-01 22:00:00;0.0
2025-05-01 22:15:00;0.0
2025-05-01 22:30:00;0.0
2025-05-01 22:45:00;0.0
2025-05-01 23:00:00;0.0
2025-05-01 23:15:00;0.0
2025-05-01 23:30:00;0.0
2025-05-01 23:45:00;0.0
2025-05-02 00:00:00;0.0
2025-05-02 00:15:00;0.0
2025-05-02 00:30:00;0.0
2025-05-02 00:45:00;0.0
2025-05-02 01:00:00;0.0
2025-05-02 01:15:00;0.0
2025-05-02 01:30:00;0.0
2025-05-02 01:45:00;0.0
2025-05-02 02:00:00;0.0
2025-05-02 02:15:00;0.0
2025-05-02 02:30:00;0.0
2025-05-02 02:45:00;0.0
2025-05-02 03:00:00;0.0
2025-05-02 03:15:00;0.0
2025-05-02 03:30:00;0.0
2025-05-02 03:45:00;0.0
2025-05-02 04:00:00;0.0
2025-05-02 04:15:00;0.0
2025-05-02 04:30:00;0.0
2025-05-02 04:45:00;0.0
2025-05-02 05:00:00;0.0
2025-05-02 05:15:00;0.0
2025-05-02 05:30:00;0.0
2025-05-02 05:45:00;0.0
2025-05-02 06:00:00;0.0
2025-05-02 06:15:00;0.0
2025-05-02 06:30:00;0.0
2025-05-02 06:45:00;0.0
2025-05-02 07:00:00;0.0
2025-05-02 07:15:00;0.0
2025-05-02 07:30:00;0.0
2025-05-02 07:45:00;0.21209999999999996
2025-05-02 08:00:00;0.9787000000000001
2025-05-02 08:15:00;1.2596
2025-05-02 08:30:00;1.609
2025-05-02 08:45:00;1.6701
2025-05-02 09:00:00;2.1742000000000004
2025-05-02 09:15:00;2.5079
2025-05-02 09:30:00;2.5646
2025-05-02 09:45:00;2.6799
2025-05-02 10:00:00;2.8479
2025-05-02 10:15:00;2.9554
2025-05-02 10:30:00;3.0987999999999998
2025-05-02 10:45:00;3.3213000000000004
2025-05-02 11:00:00;2.5155000000000003
2025-05-02 11:15:00;2.7602
2025-05-02 11:30:00;2.7443
2025-05-02 11:45:00;2.8181000000000003
2025-05-02 12:00:00;3.6489000000000003
2025-05-02 12:15:00;3.5292
2025-05-02 12:30:00;3.7268999999999997
2025-05-02 12:45:00;3.5230000000000006
2025-05-02 13:00:00;3.3642000000000003
2025-05-02 13:15:00;3.6323000000000003
2025-05-02 13:30:00;3.6152999999999995
2025-05-02 13:45:00;3.7514000000000003
2025-05-02 14:00:00;3.9349000000000003
2025-05-02 14:15:00;3.9689000000000005
2025-05-02 14:30:00;4.3197
2025-05-02 14:45:00;4.0662
2025-05-02 15:00:00;3.7976000000000005
2025-05-02 15:15:00;3.7177000000000007
2025-05-02 15:30:00;3.6473
2025-05-02 15:45:00;3.5984
2025-05-02 16:00:00;4.037400000000001
2025-05-02 16:15:00;4.1943
2025-05-02 16:30:00;3.8746
2025-05-02 16:45:00;3.8669000000000002
2025-05-02 17:00:00;2.4922999999999997
2025-05-02 17:15:00;2.2706999999999997
2025-05-02 17:30:00;2.1539
2025-05-02 17:45:00;1.9004999999999999
2025-05-02 18:00:00;1.3958
2025-05-02 18:15:00;1.0747
2025-05-02 18:30:00;1.0973
2025-05-02 18:45:00;0.8110000000000002
2025-05-02 19:00:00;0.7110000000000001
2025-05-02 19:15:00;0.14700000000000002
2025-05-02 19:30:00;0.0
2025-05-02 19:45:00;0.0
2025-05-02 20:00:00;0.0
2025-05-02 20:15:00;0.0
2025-05-02 20:30:00;0.0
2025-05-02 20:45:00;0.0
2025-05-02 21:00:00;0.0
2025-05-02 21:15:00;0.0
2025-05-02 21:30:00;0.0
2025-05-02 21:45:00;0.0
2025-05-02 22:00:00;0.0
2025-05-02 22:15:00;0.0
2025-05-02 22:30:00;0.0
2025-05-02 22:45:00;0.0
2025-05-02 23:00:00;0.0
2025-05-02 23:15:00;0.0
2025-05-02 23:30:00;0.0
2025-05-02 23:45:00;0.0
2025-05-03 00:00:00;0.0
2025-05-03 00:15:00;0.0
2025-05-03 00:30:00;0.0
2025-05-03 00:45:00;0.0
2025-05-03 01:00:00;0.0
2025-05-03 01:15:00;0.0
2025-05-03 01:30:00;0.0
2025-05-03 01:45:00;0.0
2025-05-03 02:00:00;0.0
2025-05-03 02:15:00;0.0
2025-05-03 02:30:00;0.0
2025-05-03 02:45:00;0.0
2025-05-03 03:00:00;0.0
2025-05-03 03:15:00;0.0
2025-05-03 03:30:00;0.0
2025-05-03 03:45:00;0.0
2025-05-03 04:00:00;0.0
2025-05-03 04:15:00;0.0
2025-05-03 04:30:00;0.0
2025-05-03 04:45:00;0.0
2025-05-03 05:00:00;0.0
2025-05-03 05:15:00;0.0
2025-05-03 05:30:00;0.0
2025-05-03 05:45:00;0.0
2025-05-03 06:00:00;1.1619
2025-05-03 06:15:00;3.1451000000000002
2025-05-03 06:30:00;5.5097
2025-05-03 06:45:00;7.4638
2025-05-03 07:00:00;9.5615
2025-05-03 07:15:00;11.9675
2025-05-03 07:30:00;13.8876
2025-05-03 07:45:00;15.917900000000001
2025-05-03 08:00:00;19.0423
2025-05-03 08:15:00;22.4795
2025-05-03 08:30:00;23.838
2025-05-03 08:45:00;26.5408
2025-05-03 09:00:00;27.7949
2025-05-03 09:15:00;30.6588
2025-05-03 09:30:00;33.2879
2025-05-03 09:45:00;34.1729
2025-05-03 10:00:00;36.5541
2025-05-03 10:15:00;36.5174
2025-05-03 10:30:00;36.5208
2025-05-03 10:45:00;36.5271
2025-05-03 11:00:00;36.521
2025-05-03 11:15:00;36.5317
2025-05-03 11:30:00;36.5335
2025-05-03 11:45:00;36.548
2025-05-03 12:00:00;36.5378
2025-05-03 12:15:00;36.4987
2025-05-03 12:30:00;36.5106
2025-05-03 12:45:00;36.457100000000004
2025-05-03 13:00:00;36.5503
2025-05-03 13:15:00;36.506
2025-05-03 13:30:00;36.543800000000005
2025-05-03 13:45:00;36.455299999999994
2025-05-03 14:00:00;36.5932
2025-05-03 14:15:00;36.601800000000004
2025-05-03 14:30:00;36.5143
2025-05-03 14:45:00;36.4884
2025-05-03 15:00:00;36.4062
2025-05-03 15:15:00;36.492799999999995
2025-05-03 15:30:00;36.573499999999996
2025-05-03 15:45:00;36.5247
2025-05-03 16:00:00;36.4217
2025-05-03 16:15:00;36.4101
2025-05-03 16:30:00;36.490199999999994
2025-05-03 16:45:00;36.4422
2025-05-03 17:00:00;36.0657
2025-05-03 17:15:00;33.3818
2025-05-03 17:30:00;34.1906
2025-05-03 17:45:00;31.477400000000003
2025-05-03 18:00:00;25.2983
2025-05-03 18:15:00;22.616899999999998
2025-05-03 18:30:00;22.4229
2025-05-03 18:45:00;21.444699999999997
2025-05-03 19:00:00;23.1221
2025-05-03 19:15:00;19.6483
2025-05-03 19:30:00;18.378700000000002
2025-05-03 19:45:00;15.024399999999998
2025-05-03 20:00:00;12.452399999999999
2025-05-03 20:15:00;10.1658
2025-05-03 20:30:00;8.3353
2025-05-03 20:45:00;5.5629
2025-05-03 21:00:00;3.5892
2025-05-03 21:15:00;1.2191999999999998
2025-05-03 21:30:00;0.0
2025-05-03 21:45:00;0.0
2025-05-03 22:00:00;0.0
2025-05-03 22:15:00;0.0
2025-05-03 22:30:00;0.0
2025-05-03 22:45:00;0.0
2025-05-03 23:00:00;0.0
2025-05-03 23:15:00;0.0
2025-05-03 23:30:00;0.0
2025-05-03 23:45:00;0.0
2025-05-04 00:00:00;0.0
2025-05-04 00:15:00;0.0
2025-05-04 00:30:00;0.0
2025-05-04 00:45:00;0.0
2025-05-04 01:00:00;0.0
2025-05-04 01:15:00;0.0
2025-05-04 01:30:00;0.0
2025-05-04 01:45:00;0.0
2025-05-04 02:00:00;0.0
2025-05-04 02:15:00;0.0
2025-05-04 02:30:00;0.0
2025-05-04 02:45:00;0.0
2025-05-04 03:00:00;0.0
2025-05-04 03:15:00;0.0
2025-05-04 03:30:00;0.0
2025-05-04 03:45:00;0.0
2025-05-04 04:00:00;0.0
2025-05-04 04:15:00;0.0
2025-05-04 04:30:00;0.0
2025-05-04 04:45:00;0.0
2025-05-04 05:00:00;0.0
2025-05-04 05:15:00;0.0
2025-05-04 05:30:00;0.0
2025-05-04 05:45:00;0.0
2025-05-04 06:00:00;0.4234
2025-05-04 06:15:00;1.855
2025-05-04 06:30:00;3.4149999999999996
2025-05-04 06:45:00;4.816
2025-05-04 07:00:00;6.0345
2025-05-04 07:15:00;7.3485
2025-05-04 07:30:00;9.1261
2025-05-04 07:45:00;10.0774
2025-05-04 08:00:00;14.1111
2025-05-04 08:15:00;16.0336
2025-05-04 08:30:00;18.275499999999997
2025-05-04 08:45:00;19.8033
2025-05-04 09:00:00;18.172600000000003
2025-05-04 09:15:00;21.1844
2025-05-04 09:30:00;20.7924
2025-05-04 09:45:00;22.4134
2025-05-04 10:00:00;8.751700000000001
2025-05-04 10:15:00;8.7699
2025-05-04 10:30:00;9.7159
2025-05-04 10:45:00;8.5736
2025-05-04 11:00:00;29.3299
2025-05-04 11:15:00;29.765900000000002
2025-05-04 11:30:00;31.805699999999998
2025-05-04 11:45:00;32.965700000000005
2025-05-04 12:00:00;11.082600000000001
2025-05-04 12:15:00;11.520499999999998
2025-05-04 12:30:00;11.8778
2025-05-04 12:45:00;12.3864
2025-05-04 13:00:00;27.7998
2025-05-04 13:15:00;27.604400000000002
2025-05-04 13:30:00;28.4029
2025-05-04 13:45:00;27.163899999999998
2025-05-04 14:00:00;23.309
2025-05-04 14:15:00;22.7737
2025-05-04 14:30:00;22.3694
2025-05-04 14:45:00;22.800900000000002
2025-05-04 15:00:00;25.9955
2025-05-04 15:15:00;24.124599999999997
2025-05-04 15:30:00;24.7184
2025-05-04 15:45:00;24.2457
2025-05-04 16:00:00;28.2083
2025-05-04 16:15:00;26.8597
2025-05-04 16:30:00;25.845599999999997
2025-05-04 16:45:00;25.2704
2025-05-04 17:00:00;23.128899999999998
2025-05-04 17:15:00;21.5532
2025-05-04 17:30:00;20.3955
2025-05-04 17:45:00;19.0317
2025-05-04 18:00:00;16.1153
2025-05-04 18:15:00;15.7492
2025-05-04 18:30:00;13.794599999999999
2025-05-04 18:45:00;12.7247
2025-05-04 19:00:00;14.12
2025-05-04 19:15:00;12.3621
2025-05-04 19:30:00;11.0953
2025-05-04 19:45:00;9.9509
2025-05-04 20:00:00;8.133700000000001
2025-05-04 20:15:00;6.7520999999999995
2025-05-04 20:30:00;5.1451
2025-05-04 20:45:00;3.6725
2025-05-04 21:00:00;1.7567000000000002
2025-05-04 21:15:00;0.20829999999999993
2025-05-04 21:30:00;0.0
2025-05-04 21:45:00;0.0
2025-05-04 22:00:00;0.0
2025-05-04 22:15:00;0.0
2025-05-04 22:30:00;0.0
2025-05-04 22:45:00;0.0
2025-05-04 23:00:00;0.0
2025-05-04 23:15:00;0.0
2025-05-04 23:30:00;0.0
2025-05-04 23:45:00;0.0
2025-05-05 00:00:00;0.0
2025-05-05 00:15:00;0.0
2025-05-05 00:30:00;0.0
2025-05-05 00:45:00;0.0
2025-05-05 01:00:00;0.0
2025-05-05 01:15:00;0.0
2025-05-05 01:30:00;0.0
2025-05-05 01:45:00;0.0
2025-05-05 02:00:00;0.0
2025-05-05 02:15:00;0.0
2025-05-05 02:30:00;0.0
2025-05-05 02:45:00;0.0
2025-05-05 03:00:00;0.0
2025-05-05 03:15:00;0.0
2025-05-05 03:30:00;0.0
2025-05-05 03:45:00;0.0
2025-05-05 04:00:00;0.0
2025-05-05 04:15:00;0.0
2025-05-05 04:30:00;0.0
2025-05-05 04:45:00;0.0
2025-05-05 05:00:00;0.0
2025-05-05 05:15:00;0.0
2025-05-05 05:30:00;0.0
2025-05-05 05:45:00;0.0
2025-05-05 06:00:00;1.2445
2025-05-05 06:15:00;3.5349999999999993
2025-05-05 06:30:00;6.404
2025-05-05 06:45:00;8.634
2025-05-05 07:00:00;9.558100000000001
2025-05-05 07:15:00;11.779800000000002
2025-05-05 07:30:00;14.2011
2025-05-05 07:45:00;15.961200000000002
2025-05-05 08:00:00;17.820700000000002
2025-05-05 08:15:00;18.9655
2025-05-05 08:30:00;20.559199999999997
2025-05-05 08:45:00;23.6496
2025-05-05 09:00:00;23.9051
2025-05-05 09:15:00;25.0696
2025-05-05 09:30:00;25.7176
2025-05-05 09:45:00;28.271
2025-05-05 10:00:00;36.3703
2025-05-05 10:15:00;36.3828
2025-05-05 10:30:00;36.4853
2025-05-05 10:45:00;36.4142
2025-05-05 11:00:00;36.231399999999994
2025-05-05 11:15:00;36.4283
2025-05-05 11:30:00;36.3796
2025-05-05 11:45:00;36.42
2025-05-05 12:00:00;36.3178
2025-05-05 12:15:00;36.4373
2025-05-05 12:30:00;36.295899999999996
2025-05-05 12:45:00;36.369
2025-05-05 13:00:00;36.4182
2025-05-05 13:15:00;36.3432
2025-05-05 13:30:00;36.4193
2025-05-05 13:45:00;36.3985
2025-05-05 14:00:00;36.4399
2025-05-05 14:15:00;36.4999
2025-05-05 14:30:00;36.378
2025-05-05 14:45:00;36.425599999999996
2025-05-05 15:00:00;36.4231
2025-05-05 15:15:00;36.3359
2025-05-05 15:30:00;36.381499999999996
2025-05-05 15:45:00;36.3903
2025-05-05 16:00:00;36.1766
2025-05-05 16:15:00;36.261
2025-05-05 16:30:00;36.2907
2025-05-05 16:45:00;33.6589
2025-05-05 17:00:00;35.9259
2025-05-05 17:15:00;34.0267
2025-05-05 17:30:00;34.502199999999995
2025-05-05 17:45:00;31.263100000000005
2025-05-05 18:00:00;27.953200000000002
2025-05-05 18:15:00;27.6737
2025-05-05 18:30:00;23.9406
2025-05-05 18:45:00;23.391199999999998
2025-05-05 19:00:00;20.7842
2025-05-05 19:15:00;18.386400000000002
2025-05-05 19:30:00;16.4418
2025-05-05 19:45:00;14.6056
2025-05-05 20:00:00;11.787400000000002
2025-05-05 20:15:00;9.3744
2025-05-05 20:30:00;7.3866
2025-05-05 20:45:00;5.4824
2025-05-05 21:00:00;2.8959
2025-05-05 21:15:00;0.9012
2025-05-05 21:30:00;0.0
2025-05-05 21:45:00;0.0
2025-05-05 22:00:00;0.0
2025-05-05 22:15:00;0.0
2025-05-05 22:30:00;0.0
2025-05-05 22:45:00;0.0
2025-05-05 23:00:00;0.0
2025-05-05 23:15:00;0.0
2025-05-05 23:30:00;0.0
2025-05-05 23:45:00;0.0
2025-05-06 00:00:00;0.0
2025-05-06 00:15:00;0.0
2025-05-06 00:30:00;0.0
2025-05-06 00:45:00;0.0
2025-05-06 01:00:00;0.0
2025-05-06 01:15:00;0.0
2025-05-06 01:30:00;0.0
2025-05-06 01:45:00;0.0
2025-05-06 02:00:00;0.0
2025-05-06 02:15:00;0.0
2025-05-06 02:30:00;0.0
2025-05-06 02:45:00;0.0
2025-05-06 03:00:00;0.0
2025-05-06 03:15:00;0.0
2025-05-06 03:30:00;0.0
2025-05-06 03:45:00;0.0
2025-05-06 04:00:00;0.0
2025-05-06 04:15:00;0.0
2025-05-06 04:30:00;0.0
2025-05-06 04:45:00;0.0
2025-05-06 05:00:00;0.0
2025-05-06 05:15:00;0.0
2025-05-06 05:30:00;0.0
2025-05-06 05:45:00;0.0
2025-05-06 06:00:00;0.3436000000000001
2025-05-06 06:15:00;1.6560000000000001
2025-05-06 06:30:00;3.2611
2025-05-06 06:45:00;4.6497
2025-05-06 07:00:00;6.6319
2025-05-06 07:15:00;7.8206999999999995
2025-05-06 07:30:00;9.231499999999999
2025-05-06 07:45:00;10.8077
2025-05-06 08:00:00;13.3515
2025-05-06 08:15:00;16.392599999999998
2025-05-06 08:30:00;16.9616
2025-05-06 08:45:00;18.809800000000003
2025-05-06 09:00:00;17.5364
2025-05-06 09:15:00;18.0907
2025-05-06 09:30:00;20.5685
2025-05-06 09:45:00;21.0546
2025-05-06 10:00:00;19.2099
2025-05-06 10:15:00;19.7476
2025-05-06 10:30:00;20.6273
2025-05-06 10:45:00;21.6767
2025-05-06 11:00:00;16.554
2025-05-06 11:15:00;15.7904
2025-05-06 11:30:00;17.1334
2025-05-06 11:45:00;17.7911
2025-05-06 12:00:00;15.5227
2025-05-06 12:15:00;15.3131
2025-05-06 12:30:00;15.84
2025-05-06 12:45:00;15.2577
2025-05-06 13:00:00;32.0195
2025-05-06 13:15:00;32.8256
2025-05-06 13:30:00;33.3404
2025-05-06 13:45:00;31.845299999999998
2025-05-06 14:00:00;29.929199999999998
2025-05-06 14:15:00;29.7395
2025-05-06 14:30:00;28.7314
2025-05-06 14:45:00;30.5957
2025-05-06 15:00:00;30.2186
2025-05-06 15:15:00;29.174200000000003
2025-05-06 15:30:00;30.4971
2025-05-06 15:45:00;29.3808
2025-05-06 16:00:00;24.8244
2025-05-06 16:15:00;25.0047
2025-05-06 16:30:00;23.8206
2025-05-06 16:45:00;22.9036
2025-05-06 17:00:00;21.3767
2025-05-06 17:15:00;21.230999999999998
2025-05-06 17:30:00;18.4838
2025-05-06 17:45:00;17.8689
2025-05-06 18:00:00;13.0892
2025-05-06 18:15:00;12.1483
2025-05-06 18:30:00;10.775599999999999
2025-05-06 18:45:00;10.3762
2025-05-06 19:00:00;13.8152
2025-05-06 19:15:00;11.5464
2025-05-06 19:30:00;11.019100000000002
2025-05-06 19:45:00;9.5288
2025-05-06 20:00:00;4.5978
2025-05-06 20:15:00;3.4736000000000002
2025-05-06 20:30:00;2.6652000000000005
2025-05-06 20:45:00;1.766
2025-05-06 21:00:00;2.3909000000000002
2025-05-06 21:15:00;0.8223
2025-05-06 21:30:00;0.0
2025-05-06 21:45:00;0.0
2025-05-06 22:00:00;0.0
2025-05-06 22:15:00;0.0
2025-05-06 22:30:00;0.0
2025-05-06 22:45:00;0.0
2025-05-06 23:00:00;0.0
2025-05-06 23:15:00;0.0
2025-05-06 23:30:00;0.0
2025-05-06 23:45:00;0.0
2025-05-07 00:00:00;0.0
2025-05-07 00:15:00;0.0
2025-05-07 00:30:00;0.0
2025-05-07 00:45:00;0.0
2025-05-07 01:00:00;0.0
2025-05-07 01:15:00;0.0
2025-05-07 01:30:00;0.0
2025-05-07 01:45:00;0.0
2025-05-07 02:00:00;0.0
2025-05-07 02:15:00;0.0
2025-05-07 02:30:00;0.0
2025-05-07 02:45:00;0.0
2025-05-07 03:00:00;0.0
2025-05-07 03:15:00;0.0
2025-05-07 03:30:00;0.0
2025-05-07 03:45:00;0.0
2025-05-07 04:00:00;0.0
2025-05-07 04:15:00;0.0
2025-05-07 04:30:00;0.0
2025-05-07 04:45:00;0.0
2025-05-07 05:00:00;0.0
2025-05-07 05:15:00;0.0
2025-05-07 05:30:00;0.0
2025-05-07 05:45:00;0.0
2025-05-07 06:00:00;0.4173
2025-05-07 06:15:00;1.8777
2025-05-07 06:30:00;3.4818000000000002
2025-05-07 06:45:00;4.8978
2025-05-07 07:00:00;5.943199999999999
2025-05-07 07:15:00;7.61
2025-05-07 07:30:00;8.6477
2025-05-07 07:45:00;9.9935
2025-05-07 08:00:00;12.7975
2025-05-07 08:15:00;14.892000000000001
2025-05-07 08:30:00;16.087200000000003
2025-05-07 08:45:00;17.9104
2025-05-07 09:00:00;20.3384
2025-05-07 09:15:00;20.6345
2025-05-07 09:30:00;22.9303
2025-05-07 09:45:00;22.9545
2025-05-07 10:00:00;23.8774
2025-05-07 10:15:00;23.6968
2025-05-07 10:30:00;24.745800000000003
2025-05-07 10:45:00;26.1814
2025-05-07 11:00:00;29.095
2025-05-07 11:15:00;28.6312
2025-05-07 11:30:00;28.7349
2025-05-07 11:45:00;29.593700000000002
2025-05-07 12:00:00;27.9496
2025-05-07 12:15:00;30.1182
2025-05-07 12:30:00;29.954
2025-05-07 12:45:00;28.5578
2025-05-07 13:00:00;29.898799999999998
2025-05-07 13:15:00;29.4537
2025-05-07 13:30:00;28.5168
2025-05-07 13:45:00;28.776400000000002
2025-05-07 14:00:00;30.8568
2025-05-07 14:15:00;31.0856
2025-05-07 14:30:00;29.1366
2025-05-07 14:45:00;29.313299999999998
2025-05-07 15:00:00;28.4083
2025-05-07 15:15:00;30.2688
2025-05-07 15:30:00;29.8767
2025-05-07 15:45:00;28.8402
2025-05-07 16:00:00;28.663800000000002
2025-05-07 16:15:00;27.0426
2025-05-07 16:30:00;26.16
2025-05-07 16:45:00;26.201999999999998
2025-05-07 17:00:00;20.4816
2025-05-07 17:15:00;19.7598
2025-05-07 17:30:00;18.148
2025-05-07 17:45:00;17.2062
2025-05-07 18:00:00;15.846400000000001
2025-05-07 18:15:00;13.7593
2025-05-07 18:30:00;13.2493
2025-05-07 18:45:00;11.6449
2025-05-07 19:00:00;6.1217
2025-05-07 19:15:00;5.2765
2025-05-07 19:30:00;4.4655000000000005
2025-05-07 19:45:00;3.8146
2025-05-07 20:00:00;4.810899999999999
2025-05-07 20:15:00;3.6554
2025-05-07 20:30:00;2.5273000000000003
2025-05-07 20:45:00;1.4245999999999999
2025-05-07 21:00:00;1.8965
2025-05-07 21:15:00;0.4177000000000002
2025-05-07 21:30:00;0.0
2025-05-07 21:45:00;0.0
2025-05-07 22:00:00;0.0
2025-05-07 22:15:00;0.0
2025-05-07 22:30:00;0.0
2025-05-07 22:45:00;0.0
2025-05-07 23:00:00;0.0
2025-05-07 23:15:00;0.0
2025-05-07 23:30:00;0.0
2025-05-07 23:45:00;0.0
2025-05-08 00:00:00;0.0
2025-05-08 00:15:00;0.0
2025-05-08 00:30:00;0.0
2025-05-08 00:45:00;0.0
2025-05-08 01:00:00;0.0
2025-05-08 01:15:00;0.0
2025-05-08 01:30:00;0.0
2025-05-08 01:45:00;0.0
2025-05-08 02:00:00;0.0
2025-05-08 02:15:00;0.0
2025-05-08 02:30:00;0.0
2025-05-08 02:45:00;0.0
2025-05-08 03:00:00;0.0
2025-05-08 03:15:00;0.0
2025-05-08 03:30:00;0.0
2025-05-08 03:45:00;0.0
2025-05-08 04:00:00;0.0
2025-05-08 04:15:00;0.0
2025-05-08 04:30:00;0.0
2025-05-08 04:45:00;0.0
2025-05-08 05:00:00;0.0
2025-05-08 05:15:00;0.0
2025-05-08 05:30:00;0.0
2025-05-08 05:45:00;0.0
2025-05-08 06:00:00;0.4851000000000001
2025-05-08 06:15:00;1.9357000000000002
2025-05-08 06:30:00;3.6065
2025-05-08 06:45:00;4.7171
2025-05-08 07:00:00;6.464
2025-05-08 07:15:00;7.138599999999999
2025-05-08 07:30:00;9.604700000000001
2025-05-08 07:45:00;10.1975
2025-05-08 08:00:00;10.642900000000001
2025-05-08 08:15:00;10.7533
2025-05-08 08:30:00;13.3178
2025-05-08 08:45:00;13.877500000000001
2025-05-08 09:00:00;19.935200000000002
2025-05-08 09:15:00;21.7148
2025-05-08 09:30:00;21.4372
2025-05-08 09:45:00;23.143600000000003
2025-05-08 10:00:00;22.3671
2025-05-08 10:15:00;22.4422
2025-05-08 10:30:00;23.8222
2025-05-08 10:45:00;26.392
2025-05-08 11:00:00;27.342899999999997
2025-05-08 11:15:00;28.1131
2025-05-08 11:30:00;27.2419
2025-05-08 11:45:00;28.0213
2025-05-08 12:00:00;25.8657
2025-05-08 12:15:00;25.794999999999998
2025-05-08 12:30:00;26.901600000000002
2025-05-08 12:45:00;26.7422
2025-05-08 13:00:00;16.6808
2025-05-08 13:15:00;15.397099999999998
2025-05-08 13:30:00;15.922200000000002
2025-05-08 13:45:00;16.8493
2025-05-08 14:00:00;31.744
2025-05-08 14:15:00;30.6675
2025-05-08 14:30:00;31.1662
2025-05-08 14:45:00;31.4739
2025-05-08 15:00:00;26.0806
2025-05-08 15:15:00;26.0126
2025-05-08 15:30:00;26.0608
2025-05-08 15:45:00;25.5686
2025-05-08 16:00:00;35.4833
2025-05-08 16:15:00;35.8007
2025-05-08 16:30:00;35.9688
2025-05-08 16:45:00;33.1931
2025-05-08 17:00:00;20.8139
2025-05-08 17:15:00;19.6391
2025-05-08 17:30:00;18.3808
2025-05-08 17:45:00;18.0098
2025-05-08 18:00:00;17.7917
2025-05-08 18:15:00;16.004399999999997
2025-05-08 18:30:00;15.3236
2025-05-08 18:45:00;13.6572
2025-05-08 19:00:00;12.7045
2025-05-08 19:15:00;10.9893
2025-05-08 19:30:00;9.7209
2025-05-08 19:45:00;8.8017
2025-05-08 20:00:00;3.3841
2025-05-08 20:15:00;2.6393999999999997
2025-05-08 20:30:00;1.9577000000000002
2025-05-08 20:45:00;1.0817999999999999
2025-05-08 21:00:00;1.8550000000000002
2025-05-08 21:15:00;0.266
2025-05-08 21:30:00;0.0
2025-05-08 21:45:00;0.0
2025-05-08 22:00:00;0.0
2025-05-08 22:15:00;0.0
2025-05-08 22:30:00;0.0
2025-05-08 22:45:00;0.0
2025-05-08 23:00:00;0.0
2025-05-08 23:15:00;0.0
2025-05-08 23:30:00;0.0
2025-05-08 23:45:00;0.0
2025-05-09 00:00:00;0.0
2025-05-09 00:15:00;0.0
2025-05-09 00:30:00;0.0
2025-05-09 00:45:00;0.0
2025-05-09 01:00:00;0.0
2025-05-09 01:15:00;0.0
2025-05-09 01:30:00;0.0
2025-05-09 01:45:00;0.0
2025-05-09 02:00:00;0.0
2025-05-09 02:15:00;0.0
2025-05-09 02:30:00;0.0
2025-05-09 02:45:00;0.0
2025-05-09 03:00:00;0.0
2025-05-09 03:15:00;0.0
2025-05-09 03:30:00;0.0
2025-05-09 03:45:00;0.0
2025-05-09 04:00:00;0.0
2025-05-09 04:15:00;0.0
2025-05-09 04:30:00;0.0
2025-05-09 04:45:00;0.0
2025-05-09 05:00:00;0.0
2025-05-09 05:15:00;0.0
2025-05-09 05:30:00;0.0
2025-05-09 05:45:00;0.0
2025-05-09 06:00:00;0.0
2025-05-09 06:15:00;0.0
2025-05-09 06:30:00;0.6185
2025-05-09 06:45:00;1.1826999999999999
2025-05-09 07:00:00;1.4575
2025-05-09 07:15:00;1.8259
2025-05-09 07:30:00;2.3894
2025-05-09 07:45:00;3.1705000000000005
2025-05-09 08:00:00;4.1464
2025-05-09 08:15:00;4.9041999999999994
2025-05-09 08:30:00;5.3067
2025-05-09 08:45:00;5.8238
2025-05-09 09:00:00;6.7015
2025-05-09 09:15:00;6.706799999999999
2025-05-09 09:30:00;7.2282
2025-05-09 09:45:00;8.3669
2025-05-09 10:00:00;8.6752
2025-05-09 10:15:00;9.1832
2025-05-09 10:30:00;9.6873
2025-05-09 10:45:00;10.1395
2025-05-09 11:00:00;10.049700000000001
2025-05-09 11:15:00;10.0168
2025-05-09 11:30:00;10.7319
2025-05-09 11:45:00;10.8551
2025-05-09 12:00:00;10.0366
2025-05-09 12:15:00;10.995700000000001
2025-05-09 12:30:00;10.7351
2025-05-09 12:45:00;11.0529
2025-05-09 13:00:00;10.5017
2025-05-09 13:15:00;10.6087
2025-05-09 13:30:00;11.1562
2025-05-09 13:45:00;10.8675
2025-05-09 14:00:00;11.3686
2025-05-09 14:15:00;11.6563
2025-05-09 14:30:00;11.186399999999999
2025-05-09 14:45:00;11.3487
2025-05-09 15:00:00;9.869200000000001
2025-05-09 15:15:00;9.55
2025-05-09 15:30:00;9.0233
2025-05-09 15:45:00;9.2252
2025-05-09 16:00:00;8.8341
2025-05-09 16:15:00;8.7818
2025-05-09 16:30:00;8.021700000000001
2025-05-09 16:45:00;8.476899999999999
2025-05-09 17:00:00;8.1916
2025-05-09 17:15:00;7.9504
2025-05-09 17:30:00;7.4999
2025-05-09 17:45:00;6.9985
2025-05-09 18:00:00;7.153600000000001
2025-05-09 18:15:00;6.1551
2025-05-09 18:30:00;5.9677
2025-05-09 18:45:00;5.281
2025-05-09 19:00:00;4.5695
2025-05-09 19:15:00;4.313
2025-05-09 19:30:00;3.3550000000000004
2025-05-09 19:45:00;3.0278
2025-05-09 20:00:00;1.3419999999999999
2025-05-09 20:15:00;0.8321000000000001
2025-05-09 20:30:00;0.37759999999999994
2025-05-09 20:45:00;0.0
2025-05-09 21:00:00;0.02970000000000006
2025-05-09 21:15:00;0.0
2025-05-09 21:30:00;0.0
2025-05-09 21:45:00;0.0
2025-05-09 22:00:00;0.0
2025-05-09 22:15:00;0.0
2025-05-09 22:30:00;0.0
2025-05-09 22:45:00;0.0
2025-05-09 23:00:00;0.0
2025-05-09 23:15:00;0.0
2025-05-09 23:30:00;0.0
2025-05-09 23:45:00;0.0
2025-05-10 00:00:00;0.0
2025-05-10 00:15:00;0.0
2025-05-10 00:30:00;0.0
2025-05-10 00:45:00;0.0
2025-05-10 01:00:00;0.0
2025-05-10 01:15:00;0.0
2025-05-10 01:30:00;0.0
2025-05-10 01:45:00;0.0
2025-05-10 02:00:00;0.0
2025-05-10 02:15:00;0.0
2025-05-10 02:30:00;0.0
2025-05-10 02:45:00;0.0
2025-05-10 03:00:00;0.0
2025-05-10 03:15:00;0.0
2025-05-10 03:30:00;0.0
2025-05-10 03:45:00;0.0
2025-05-10 04:00:00;0.0
2025-05-10 04:15:00;0.0
2025-05-10 04:30:00;0.0
2025-05-10 04:45:00;0.0
2025-05-10 05:00:00;0.0
2025-05-10 05:15:00;0.0
2025-05-10 05:30:00;0.0
2025-05-10 05:45:00;0.0
2025-05-10 06:00:00;0.0
2025-05-10 06:15:00;0.7202
2025-05-10 06:30:00;1.4748999999999999
2025-05-10 06:45:00;2.1957
2025-05-10 07:00:00;6.5496
2025-05-10 07:15:00;8.0245
2025-05-10 07:30:00;9.6375
2025-05-10 07:45:00;11.0165
2025-05-10 08:00:00;12.2303
2025-05-10 08:15:00;13.092099999999999
2025-05-10 08:30:00;14.7597
2025-05-10 08:45:00;16.049300000000002
2025-05-10 09:00:00;19.1012
2025-05-10 09:15:00;20.2497
2025-05-10 09:30:00;22.4256
2025-05-10 09:45:00;23.3958
2025-05-10 10:00:00;15.2422
2025-05-10 10:15:00;14.5569
2025-05-10 10:30:00;17.4209
2025-05-10 10:45:00;16.8209
2025-05-10 11:00:00;29.4611
2025-05-10 11:15:00;31.295
2025-05-10 11:30:00;33.1224
2025-05-10 11:45:00;32.8929
2025-05-10 12:00:00;20.265800000000002
2025-05-10 12:15:00;21.460800000000003
2025-05-10 12:30:00;22.0096
2025-05-10 12:45:00;21.2046
2025-05-10 13:00:00;30.8569
2025-05-10 13:15:00;32.6897
2025-05-10 13:30:00;30.2335
2025-05-10 13:45:00;31.6366
2025-05-10 14:00:00;24.584400000000002
2025-05-10 14:15:00;25.116500000000002
2025-05-10 14:30:00;24.0319
2025-05-10 14:45:00;25.0864
2025-05-10 15:00:00;28.4514
2025-05-10 15:15:00;28.625899999999998
2025-05-10 15:30:00;28.6063
2025-05-10 15:45:00;26.0488
2025-05-10 16:00:00;27.458099999999998
2025-05-10 16:15:00;26.3615
2025-05-10 16:30:00;27.0029
2025-05-10 16:45:00;25.5863
2025-05-10 17:00:00;18.9329
2025-05-10 17:15:00;17.1659
2025-05-10 17:30:00;16.5271
2025-05-10 17:45:00;16.0959
2025-05-10 18:00:00;18.9699
2025-05-10 18:15:00;17.9235
2025-05-10 18:30:00;15.6924
2025-05-10 18:45:00;14.0306
2025-05-10 19:00:00;7.4745
2025-05-10 19:15:00;6.5636
2025-05-10 19:30:00;5.3472
2025-05-10 19:45:00;4.7306
2025-05-10 20:00:00;4.7352
2025-05-10 20:15:00;3.5462
2025-05-10 20:30:00;2.5558
2025-05-10 20:45:00;1.6085
2025-05-10 21:00:00;0.7092
2025-05-10 21:15:00;0.0
2025-05-10 21:30:00;0.0
2025-05-10 21:45:00;0.0
2025-05-10 22:00:00;0.0
2025-05-10 22:15:00;0.0
2025-05-10 22:30:00;0.0
2025-05-10 22:45:00;0.0
2025-05-10 23:00:00;0.0
2025-05-10 23:15:00;0.0
2025-05-10 23:30:00;0.0
2025-05-10 23:45:00;0.0
2025-05-11 00:00:00;0.0
2025-05-11 00:15:00;0.0
2025-05-11 00:30:00;0.0
2025-05-11 00:45:00;0.0
2025-05-11 01:00:00;0.0
2025-05-11 01:15:00;0.0
2025-05-11 01:30:00;0.0
2025-05-11 01:45:00;0.0
2025-05-11 02:00:00;0.0
2025-05-11 02:15:00;0.0
2025-05-11 02:30:00;0.0
2025-05-11 02:45:00;0.0
2025-05-11 03:00:00;0.0
2025-05-11 03:15:00;0.0
2025-05-11 03:30:00;0.0
2025-05-11 03:45:00;0.0
2025-05-11 04:00:00;0.0
2025-05-11 04:15:00;0.0
2025-05-11 04:30:00;0.0
2025-05-11 04:45:00;0.0
2025-05-11 05:00:00;0.0
2025-05-11 05:15:00;0.0
2025-05-11 05:30:00;0.0
2025-05-11 05:45:00;0.0
2025-05-11 06:00:00;0.5648
2025-05-11 06:15:00;1.9617
2025-05-11 06:30:00;3.7144000000000004
2025-05-11 06:45:00;5.2604999999999995
2025-05-11 07:00:00;7.6316999999999995
2025-05-11 07:15:00;9.2839
2025-05-11 07:30:00;10.9549
2025-05-11 07:45:00;11.9969
2025-05-11 08:00:00;13.3477
2025-05-11 08:15:00;15.968
2025-05-11 08:30:00;16.6042
2025-05-11 08:45:00;18.1712
2025-05-11 09:00:00;5.8609
2025-05-11 09:15:00;6.3017
2025-05-11 09:30:00;6.8635
2025-05-11 09:45:00;6.6259999999999994
2025-05-11 10:00:00;27.1849
2025-05-11 10:15:00;26.1705
2025-05-11 10:30:00;28.752
2025-05-11 10:45:00;30.0062
2025-05-11 11:00:00;19.409299999999998
2025-05-11 11:15:00;21.801199999999998
2025-05-11 11:30:00;22.220100000000002
2025-05-11 11:45:00;21.8917
2025-05-11 12:00:00;11.1742
2025-05-11 12:15:00;11.4856
2025-05-11 12:30:00;11.674199999999999
2025-05-11 12:45:00;10.823300000000001
2025-05-11 13:00:00;13.3417
2025-05-11 13:15:00;13.2309
2025-05-11 13:30:00;13.3018
2025-05-11 13:45:00;12.7221
2025-05-11 14:00:00;18.958299999999998
2025-05-11 14:15:00;20.0247
2025-05-11 14:30:00;19.1606
2025-05-11 14:45:00;18.9149
2025-05-11 15:00:00;31.2441
2025-05-11 15:15:00;30.508100000000002
2025-05-11 15:30:00;32.5889
2025-05-11 15:45:00;30.369999999999997
2025-05-11 16:00:00;27.535
2025-05-11 16:15:00;26.3204
2025-05-11 16:30:00;27.2161
2025-05-11 16:45:00;26.5633
2025-05-11 17:00:00;23.1096
2025-05-11 17:15:00;21.5431
2025-05-11 17:30:00;18.6093
2025-05-11 17:45:00;18.796200000000002
2025-05-11 18:00:00;17.356099999999998
2025-05-11 18:15:00;16.1565
2025-05-11 18:30:00;14.431199999999999
2025-05-11 18:45:00;13.5503
2025-05-11 19:00:00;12.4517
2025-05-11 19:15:00;11.1501
2025-05-11 19:30:00;10.5722
2025-05-11 19:45:00;9.1271
2025-05-11 20:00:00;6.447
2025-05-11 20:15:00;5.1847
2025-05-11 20:30:00;4.0605
2025-05-11 20:45:00;2.6868999999999996
2025-05-11 21:00:00;0.8497999999999999
2025-05-11 21:15:00;0.0
2025-05-11 21:30:00;0.0
2025-05-11 21:45:00;0.0
2025-05-11 22:00:00;0.0
2025-05-11 22:15:00;0.0
2025-05-11 22:30:00;0.0
2025-05-11 22:45:00;0.0
2025-05-11 23:00:00;0.0
2025-05-11 23:15:00;0.0
2025-05-11 23:30:00;0.0
2025-05-11 23:45:00;0.0
2025-05-12 00:00:00;0.0
2025-05-12 00:15:00;0.0
2025-05-12 00:30:00;0.0
2025-05-12 00:45:00;0.0
2025-05-12 01:00:00;0.0
2025-05-12 01:15:00;0.0
2025-05-12 01:30:00;0.0
2025-05-12 01:45:00;0.0
2025-05-12 02:00:00;0.0
2025-05-12 02:15:00;0.0
2025-05-12 02:30:00;0.0
2025-05-12 02:45:00;0.0
2025-05-12 03:00:00;0.0
2025-05-12 03:15:00;0.0
2025-05-12 03:30:00;0.0
2025-05-12 03:45:00;0.0
2025-05-12 04:00:00;0.0
2025-05-12 04:15:00;0.0
2025-05-12 04:30:00;0.0
2025-05-12 04:45:00;0.0
2025-05-12 05:00:00;0.0
2025-05-12 05:15:00;0.0
2025-05-12 05:30:00;0.0
2025-05-12 05:45:00;0.0
2025-05-12 06:00:00;0.4263999999999999
2025-05-12 06:15:00;1.9258000000000002
2025-05-12 06:30:00;3.4116
2025-05-12 06:45:00;5.1296
2025-05-12 07:00:00;6.5276000000000005
2025-05-12 07:15:00;7.5939
2025-05-12 07:30:00;9.1286
2025-05-12 07:45:00;11.1479
2025-05-12 08:00:00;6.4764
2025-05-12 08:15:00;7.3724
2025-05-12 08:30:00;7.764100000000001
2025-05-12 08:45:00;8.3033
2025-05-12 09:00:00;17.957
2025-05-12 09:15:00;19.4028
2025-05-12 09:30:00;19.8176
2025-05-12 09:45:00;21.5667
2025-05-12 10:00:00;25.4288
2025-05-12 10:15:00;26.4036
2025-05-12 10:30:00;27.2056
2025-05-12 10:45:00;28.5651
2025-05-12 11:00:00;25.6517
2025-05-12 11:15:00;25.98
2025-05-12 11:30:00;27.6795
2025-05-12 11:45:00;28.6915
2025-05-12 12:00:00;27.4294
2025-05-12 12:15:00;25.6316
2025-05-12 12:30:00;26.7278
2025-05-12 12:45:00;27.4403
2025-05-12 13:00:00;12.7342
2025-05-12 13:15:00;12.0152
2025-05-12 13:30:00;11.846699999999998
2025-05-12 13:45:00;11.813
2025-05-12 14:00:00;32.230000000000004
2025-05-12 14:15:00;31.860200000000003
2025-05-12 14:30:00;29.9832
2025-05-12 14:45:00;30.5611
2025-05-12 15:00:00;30.7131
2025-05-12 15:15:00;29.9148
2025-05-12 15:30:00;30.729
2025-05-12 15:45:00;28.7779
2025-05-12 16:00:00;19.4551
2025-05-12 16:15:00;17.8612
2025-05-12 16:30:00;16.5061
2025-05-12 16:45:00;16.2747
2025-05-12 17:00:00;26.7355
2025-05-12 17:15:00;24.2489
2025-05-12 17:30:00;24.1325
2025-05-12 17:45:00;23.0445
2025-05-12 18:00:00;15.087700000000002
2025-05-12 18:15:00;14.4956
2025-05-12 18:30:00;12.759500000000001
2025-05-12 18:45:00;12.1144
2025-05-12 19:00:00;6.879700000000001
2025-05-12 19:15:00;5.9918000000000005
2025-05-12 19:30:00;5.671099999999999
2025-05-12 19:45:00;4.3909
2025-05-12 20:00:00;3.5907999999999998
2025-05-12 20:15:00;2.9484
2025-05-12 20:30:00;2.0989
2025-05-12 20:45:00;1.0796000000000001
2025-05-12 21:00:00;1.9673000000000003
2025-05-12 21:15:00;0.44689999999999985
2025-05-12 21:30:00;0.0
2025-05-12 21:45:00;0.0
2025-05-12 22:00:00;0.0
2025-05-12 22:15:00;0.0
2025-05-12 22:30:00;0.0
2025-05-12 22:45:00;0.0
2025-05-12 23:00:00;0.0
2025-05-12 23:15:00;0.0
2025-05-12 23:30:00;0.0
2025-05-12 23:45:00;0.0
2025-05-13 00:00:00;0.0
2025-05-13 00:15:00;0.0
2025-05-13 00:30:00;0.0
2025-05-13 00:45:00;0.0
2025-05-13 01:00:00;0.0
2025-05-13 01:15:00;0.0
2025-05-13 01:30:00;0.0
2025-05-13 01:45:00;0.0
2025-05-13 02:00:00;0.0
2025-05-13 02:15:00;0.0
2025-05-13 02:30:00;0.0
2025-05-13 02:45:00;0.0
2025-05-13 03:00:00;0.0
2025-05-13 03:15:00;0.0
2025-05-13 03:30:00;0.0
2025-05-13 03:45:00;0.0
2025-05-13 04:00:00;0.0
2025-05-13 04:15:00;0.0
2025-05-13 04:30:00;0.0
2025-05-13 04:45:00;0.0
2025-05-13 05:00:00;0.0
2025-05-13 05:15:00;0.0
2025-05-13 05:30:00;0.0
2025-05-13 05:45:00;0.0
2025-05-13 06:00:00;1.4741
2025-05-13 06:15:00;3.8161000000000005
2025-05-13 06:30:00;6.8715
2025-05-13 06:45:00;9.2715
2025-05-13 07:00:00;9.0473
2025-05-13 07:15:00;10.630400000000002
2025-05-13 07:30:00;14.301
2025-05-13 07:45:00;15.738999999999999
2025-05-13 08:00:00;19.136599999999998
2025-05-13 08:15:00;20.505
2025-05-13 08:30:00;23.4884
2025-05-13 08:45:00;25.8396
2025-05-13 09:00:00;27.301299999999998
2025-05-13 09:15:00;30.226
2025-05-13 09:30:00;32.4097
2025-05-13 09:45:00;34.9447
2025-05-13 10:00:00;36.605599999999995
2025-05-13 10:15:00;36.5131
2025-05-13 10:30:00;36.5138
2025-05-13 10:45:00;36.485499999999995
2025-05-13 11:00:00;36.4775
2025-05-13 11:15:00;36.5203
2025-05-13 11:30:00;36.485
2025-05-13 11:45:00;36.5177
2025-05-13 12:00:00;36.4731
2025-05-13 12:15:00;36.494099999999996
2025-05-13 12:30:00;36.461400000000005
2025-05-13 12:45:00;36.492000000000004
2025-05-13 13:00:00;36.5241
2025-05-13 13:15:00;36.4964
2025-05-13 13:30:00;36.4539
2025-05-13 13:45:00;36.4508
2025-05-13 14:00:00;36.548
2025-05-13 14:15:00;36.5307
2025-05-13 14:30:00;36.4318
2025-05-13 14:45:00;36.5115
2025-05-13 15:00:00;36.585800000000006
2025-05-13 15:15:00;36.4386
2025-05-13 15:30:00;36.498
2025-05-13 15:45:00;36.4842
2025-05-13 16:00:00;36.3624
2025-05-13 16:15:00;36.3687
2025-05-13 16:30:00;36.4371
2025-05-13 16:45:00;36.3797
2025-05-13 17:00:00;31.059300000000004
2025-05-13 17:15:00;31.184399999999997
2025-05-13 17:30:00;29.0777
2025-05-13 17:45:00;27.974800000000002
2025-05-13 18:00:00;30.098799999999997
2025-05-13 18:15:00;28.2195
2025-05-13 18:30:00;28.1329
2025-05-13 18:45:00;23.9563
2025-05-13 19:00:00;19.7239
2025-05-13 19:15:00;19.3839
2025-05-13 19:30:00;16.283299999999997
2025-05-13 19:45:00;14.537799999999999
2025-05-13 20:00:00;12.8667
2025-05-13 20:15:00;9.928600000000001
2025-05-13 20:30:00;7.320399999999999
2025-05-13 20:45:00;5.159
2025-05-13 21:00:00;3.8235
2025-05-13 21:15:00;1.1915000000000002
2025-05-13 21:30:00;0.0
2025-05-13 21:45:00;0.0
2025-05-13 22:00:00;0.0
2025-05-13 22:15:00;0.0
2025-05-13 22:30:00;0.0
2025-05-13 22:45:00;0.0
2025-05-13 23:00:00;0.0
2025-05-13 23:15:00;0.0
2025-05-13 23:30:00;0.0
2025-05-13 23:45:00;0.0
2025-05-14 00:00:00;0.0
2025-05-14 00:15:00;0.0
2025-05-14 00:30:00;0.0
2025-05-14 00:45:00;0.0
2025-05-14 01:00:00;0.0
2025-05-14 01:15:00;0.0
2025-05-14 01:30:00;0.0
2025-05-14 01:45:00;0.0
2025-05-14 02:00:00;0.0
2025-05-14 02:15:00;0.0
2025-05-14 02:30:00;0.0
2025-05-14 02:45:00;0.0
2025-05-14 03:00:00;0.0
2025-05-14 03:15:00;0.0
2025-05-14 03:30:00;0.0
2025-05-14 03:45:00;0.0
2025-05-14 04:00:00;0.0
2025-05-14 04:15:00;0.0
2025-05-14 04:30:00;0.0
2025-05-14 04:45:00;0.0
2025-05-14 05:00:00;0.0
2025-05-14 05:15:00;0.0
2025-05-14 05:30:00;0.0
2025-05-14 05:45:00;0.0
2025-05-14 06:00:00;0.0
2025-05-14 06:15:00;0.0
2025-05-14 06:30:00;0.0
2025-05-14 06:45:00;0.0
2025-05-14 07:00:00;0.0
2025-05-14 07:15:00;0.0
2025-05-14 07:30:00;0.1260000000000001
2025-05-14 07:45:00;0.3184
2025-05-14 08:00:00;1.2887
2025-05-14 08:15:00;1.5362
2025-05-14 08:30:00;1.6641000000000001
2025-05-14 08:45:00;1.9667
2025-05-14 09:00:00;2.1303
2025-05-14 09:15:00;2.3528000000000002
2025-05-14 09:30:00;2.4455
2025-05-14 09:45:00;2.6915
2025-05-14 10:00:00;3.2295
2025-05-14 10:15:00;3.1134
2025-05-14 10:30:00;3.2312
2025-05-14 10:45:00;3.5332
2025-05-14 11:00:00;2.1497
2025-05-14 11:15:00;2.1717
2025-05-14 11:30:00;2.4602
2025-05-14 11:45:00;2.4348
2025-05-14 12:00:00;3.8389000000000006
2025-05-14 12:15:00;3.7236
2025-05-14 12:30:00;3.7988999999999997
2025-05-14 12:45:00;3.4013000000000004
2025-05-14 13:00:00;4.3321
2025-05-14 13:15:00;4.1006
2025-05-14 13:30:00;4.1785
2025-05-14 13:45:00;3.9299999999999997
2025-05-14 14:00:00;3.252
2025-05-14 14:15:00;3.2494
2025-05-14 14:30:00;2.9922999999999997
2025-05-14 14:45:00;3.1715999999999998
2025-05-14 15:00:00;3.8606999999999996
2025-05-14 15:15:00;3.7206
2025-05-14 15:30:00;3.5046
2025-05-14 15:45:00;3.6117000000000004
2025-05-14 16:00:00;3.3771000000000004
2025-05-14 16:15:00;2.9887
2025-05-14 16:30:00;2.8095
2025-05-14 16:45:00;2.8681
2025-05-14 17:00:00;2.5288
2025-05-14 17:15:00;2.1951
2025-05-14 17:30:00;2.1581
2025-05-14 17:45:00;1.9577999999999998
2025-05-14 18:00:00;1.8798
2025-05-14 18:15:00;1.5562999999999998
2025-05-14 18:30:00;1.5458
2025-05-14 18:45:00;1.0889
2025-05-14 19:00:00;0.6098000000000001
2025-05-14 19:15:00;0.3369
2025-05-14 19:30:00;0.0484
2025-05-14 19:45:00;0.0
2025-05-14 20:00:00;0.059700000000000086
2025-05-14 20:15:00;0.0
2025-05-14 20:30:00;0.0
2025-05-14 20:45:00;0.0
2025-05-14 21:00:00;0.0
2025-05-14 21:15:00;0.0
2025-05-14 21:30:00;0.0
2025-05-14 21:45:00;0.0
2025-05-14 22:00:00;0.0
2025-05-14 22:15:00;0.0
2025-05-14 22:30:00;0.0
2025-05-14 22:45:00;0.0
2025-05-14 23:00:00;0.0
2025-05-14 23:15:00;0.0
2025-05-14 23:30:00;0.0
2025-05-14 23:45:00;0.0
2025-05-15 00:00:00;0.0
2025-05-15 00:15:00;0.0
2025-05-15 00:30:00;0.0
2025-05-15 00:45:00;0.0
2025-05-15 01:00:00;0.0
2025-05-15 01:15:00;0.0
2025-05-15 01:30:00;0.0
2025-05-15 01:45:00;0.0
2025-05-15 02:00:00;0.0
2025-05-15 02:15:00;0.0
2025-05-15 02:30:00;0.0
2025-05-15 02:45:00;0.0
2025-05-15 03:00:00;0.0
2025-05-15 03:15:00;0.0
2025-05-15 03:30:00;0.0
2025-05-15 03:45:00;0.0
2025-05-15 04:00:00;0.0
2025-05-15 04:15:00;0.0
2025-05-15 04:30:00;0.0
2025-05-15 04:45:00;0.0
2025-05-15 05:00:00;0.0
2025-05-15 05:15:00;0.0
2025-05-15 05:30:00;0.0
2025-05-15 05:45:00;0.0
2025-05-15 06:00:00;0.0
2025-05-15 06:15:00;0.14849999999999985
2025-05-15 06:30:00;0.7363000000000002
2025-05-15 06:45:00;1.3163
2025-05-15 07:00:00;1.3371999999999997
2025-05-15 07:15:00;1.8967999999999998
2025-05-15 07:30:00;2.4322
2025-05-15 07:45:00;2.6567999999999996
2025-05-15 08:00:00;4.065
2025-05-15 08:15:00;4.6837
2025-05-15 08:30:00;5.093400000000001
2025-05-15 08:45:00;5.6007
2025-05-15 09:00:00;5.6387
2025-05-15 09:15:00;5.9704999999999995
2025-05-15 09:30:00;6.6637
2025-05-15 09:45:00;6.5745000000000005
2025-05-15 10:00:00;7.6564
2025-05-15 10:15:00;7.380599999999999
2025-05-15 10:30:00;7.944500000000001
2025-05-15 10:45:00;9.042100000000001
2025-05-15 11:00:00;8.8977
2025-05-15 11:15:00;9.7827
2025-05-15 11:30:00;9.6506
2025-05-15 11:45:00;9.6615
2025-05-15 12:00:00;11.3012
2025-05-15 12:15:00;11.231100000000001
2025-05-15 12:30:00;12.2981
2025-05-15 12:45:00;11.8499
2025-05-15 13:00:00;10.003699999999998
2025-05-15 13:15:00;10.411
2025-05-15 13:30:00;10.3341
2025-05-15 13:45:00;10.376600000000002
2025-05-15 14:00:00;10.2089
2025-05-15 14:15:00;9.8641
2025-05-15 14:30:00;10.041400000000001
2025-05-15 14:45:00;10.2029
2025-05-15 15:00:00;11.2876
2025-05-15 15:15:00;11.221499999999999
2025-05-15 15:30:00;11.0434
2025-05-15 15:45:00;10.4928
2025-05-15 16:00:00;9.6059
2025-05-15 16:15:00;9.0427
2025-05-15 16:30:00;8.8252
2025-05-15 16:45:00;8.8381
2025-05-15 17:00:00;6.1966
2025-05-15 17:15:00;5.775
2025-05-15 17:30:00;5.55
2025-05-15 17:45:00;5.2
2025-05-15 18:00:00;5.2937
2025-05-15 18:15:00;4.9544
2025-05-15 18:30:00;4.8688
2025-05-15 18:45:00;4.073
2025-05-15 19:00:00;3.4694000000000003
2025-05-15 19:15:00;2.7881
2025-05-15 19:30:00;2.2006
2025-05-15 19:45:00;1.7884999999999998
2025-05-15 20:00:00;1.7587000000000002
2025-05-15 20:15:00;1.2805
2025-05-15 20:30:00;0.7373000000000001
2025-05-15 20:45:00;0.14179999999999993
2025-05-15 21:00:00;0.0
2025-05-15 21:15:00;0.0
2025-05-15 21:30:00;0.0
2025-05-15 21:45:00;0.0
2025-05-15 22:00:00;0.0
2025-05-15 22:15:00;0.0
2025-05-15 22:30:00;0.0
2025-05-15 22:45:00;0.0
2025-05-15 23:00:00;0.0
2025-05-15 23:15:00;0.0
2025-05-15 23:30:00;0.0
2025-05-15 23:45:00;0.0
2025-05-16 00:00:00;0.0
2025-05-16 00:15:00;0.0
2025-05-16 00:30:00;0.0
2025-05-16 00:45:00;0.0
2025-05-16 01:00:00;0.0
2025-05-16 01:15:00;0.0
2025-05-16 01:30:00;0.0
2025-05-16 01:45:00;0.0
2025-05-16 02:00:00;0.0
2025-05-16 02:15:00;0.0
2025-05-16 02:30:00;0.0
2025-05-16 02:45:00;0.0
2025-05-16 03:00:00;0.0
2025-05-16 03:15:00;0.0
2025-05-16 03:30:00;0.0
2025-05-16 03:45:00;0.0
2025-05-16 04:00:00;0.0
2025-05-16 04:15:00;0.0
2025-05-16 04:30:00;0.0
2025-05-16 04:45:00;0.0
2025-05-16 05:00:00;0.0
2025-05-16 05:15:00;0.0
2025-05-16 05:30:00;0.0
2025-05-16 05:45:00;0.0
2025-05-16 06:00:00;1.0958999999999999
2025-05-16 06:15:00;3.2406000000000006
2025-05-16 06:30:00;5.4968
2025-05-16 06:45:00;7.994800000000001
2025-05-16 07:00:00;9.7051
2025-05-16 07:15:00;11.8146
2025-05-16 07:30:00;13.7539
2025-05-16 07:45:00;16.701
2025-05-16 08:00:00;19.2131
2025-05-16 08:15:00;20.8212
2025-05-16 08:30:00;23.9119
2025-05-16 08:45:00;26.8658
2025-05-16 09:00:00;30.5054
2025-05-16 09:15:00;31.603
2025-05-16 09:30:00;33.7523
2025-05-16 09:45:00;36.3453
2025-05-16 10:00:00;35.368
2025-05-16 10:15:00;36.3292
2025-05-16 10:30:00;36.383900000000004
2025-05-16 10:45:00;36.3876
2025-05-16 11:00:00;36.4821
2025-05-16 11:15:00;36.3709
2025-05-16 11:30:00;36.402699999999996
2025-05-16 11:45:00;36.3957
2025-05-16 12:00:00;36.346599999999995
2025-05-16 12:15:00;36.3377
2025-05-16 12:30:00;36.4536
2025-05-16 12:45:00;36.4145
2025-05-16 13:00:00;36.378
2025-05-16 13:15:00;36.4312
2025-05-16 13:30:00;36.423
2025-05-16 13:45:00;36.4549
2025-05-16 14:00:00;36.405699999999996
2025-05-16 14:15:00;36.367200000000004
2025-05-16 14:30:00;36.374300000000005
2025-05-16 14:45:00;36.4996
2025-05-16 15:00:00;36.4591
2025-05-16 15:15:00;36.3943
2025-05-16 15:30:00;36.4267
2025-05-16 15:45:00;36.4188
2025-05-16 16:00:00;36.2004
2025-05-16 16:15:00;36.2492
2025-05-16 16:30:00;36.2186
2025-05-16 16:45:00;36.2458
2025-05-16 17:00:00;31.714900000000004
2025-05-16 17:15:00;31.747400000000003
2025-05-16 17:30:00;30.977899999999998
2025-05-16 17:45:00;28.259
2025-05-16 18:00:00;28.173000000000002
2025-05-16 18:15:00;25.4938
2025-05-16 18:30:00;24.2029
2025-05-16 18:45:00;21.4956
2025-05-16 19:00:00;22.1691
2025-05-16 19:15:00;18.930899999999998
2025-05-16 19:30:00;16.61
2025-05-16 19:45:00;14.3668
2025-05-16 20:00:00;10.6686
2025-05-16 20:15:00;8.9618
2025-05-16 20:30:00;6.4426000000000005
2025-05-16 20:45:00;4.5487
2025-05-16 21:00:00;2.9061000000000003
2025-05-16 21:15:00;0.7534000000000001
2025-05-16 21:30:00;0.0
2025-05-16 21:45:00;0.0
2025-05-16 22:00:00;0.0
2025-05-16 22:15:00;0.0
2025-05-16 22:30:00;0.0
2025-05-16 22:45:00;0.0
2025-05-16 23:00:00;0.0
2025-05-16 23:15:00;0.0
2025-05-16 23:30:00;0.0
2025-05-16 23:45:00;0.0
2025-05-17 00:00:00;0.0
2025-05-17 00:15:00;0.0
2025-05-17 00:30:00;0.0
2025-05-17 00:45:00;0.0
2025-05-17 01:00:00;0.0
2025-05-17 01:15:00;0.0
2025-05-17 01:30:00;0.0
2025-05-17 01:45:00;0.0
2025-05-17 02:00:00;0.0
2025-05-17 02:15:00;0.0
2025-05-17 02:30:00;0.0
2025-05-17 02:45:00;0.0
2025-05-17 03:00:00;0.0
2025-05-17 03:15:00;0.0
2025-05-17 03:30:00;0.0
2025-05-17 03:45:00;0.0
2025-05-17 04:00:00;0.0
2025-05-17 04:15:00;0.0
2025-05-17 04:30:00;0.0
2025-05-17 04:45:00;0.0
2025-05-17 05:00:00;0.0
2025-05-17 05:15:00;0.0
2025-05-17 05:30:00;0.0
2025-05-17 05:45:00;0.0
2025-05-17 06:00:00;1.2008999999999999
2025-05-17 06:15:00;3.6903999999999995
2025-05-17 06:30:00;6.3168999999999995
2025-05-17 06:45:00;7.953200000000001
2025-05-17 07:00:00;10.9765
2025-05-17 07:15:00;13.7903
2025-05-17 07:30:00;15.0865
2025-05-17 07:45:00;17.9464
2025-05-17 08:00:00;21.191499999999998
2025-05-17 08:15:00;24.679199999999998
2025-05-17 08:30:00;26.3459
2025-05-17 08:45:00;29.1023
2025-05-17 09:00:00;24.2378
2025-05-17 09:15:00;25.5779
2025-05-17 09:30:00;28.3579
2025-05-17 09:45:00;28.1651
2025-05-17 10:00:00;36.424
2025-05-17 10:15:00;36.3479
2025-05-17 10:30:00;36.472899999999996
2025-05-17 10:45:00;36.4711
2025-05-17 11:00:00;36.3968
2025-05-17 11:15:00;36.42
2025-05-17 11:30:00;36.3974
2025-05-17 11:45:00;36.4174
2025-05-17 12:00:00;36.4062
2025-05-17 12:15:00;36.373999999999995
2025-05-17 12:30:00;36.3796
2025-05-17 12:45:00;36.3593
2025-05-17 13:00:00;36.4384
2025-05-17 13:15:00;36.418099999999995
2025-05-17 13:30:00;36.4252
2025-05-17 13:45:00;36.4239
2025-05-17 14:00:00;36.453
2025-05-17 14:15:00;36.4559
2025-05-17 14:30:00;36.399699999999996
2025-05-17 14:45:00;36.456700000000005
2025-05-17 15:00:00;36.332899999999995
2025-05-17 15:15:00;36.142999999999994
2025-05-17 15:30:00;33.7284
2025-05-17 15:45:00;36.043
2025-05-17 16:00:00;35.2113
2025-05-17 16:15:00;36.262499999999996
2025-05-17 16:30:00;34.918499999999995
2025-05-17 16:45:00;35.9299
2025-05-17 17:00:00;36.0829
2025-05-17 17:15:00;35.932
2025-05-17 17:30:00;35.9995
2025-05-17 17:45:00;34.2457
2025-05-17 18:00:00;33.278200000000005
2025-05-17 18:15:00;34.651599999999995
2025-05-17 18:30:00;28.7928
2025-05-17 18:45:00;27.485
2025-05-17 19:00:00;17.8323
2025-05-17 19:15:00;16.3745
2025-05-17 19:30:00;13.942499999999999
2025-05-17 19:45:00;11.738199999999999
2025-05-17 20:00:00;12.175
2025-05-17 20:15:00;10.1921
2025-05-17 20:30:00;7.800599999999999
2025-05-17 20:45:00;5.6871
2025-05-17 21:00:00;2.833
2025-05-17 21:15:00;0.786
2025-05-17 21:30:00;0.0
2025-05-17 21:45:00;0.0
2025-05-17 22:00:00;0.0
2025-05-17 22:15:00;0.0
2025-05-17 22:30:00;0.0
2025-05-17 22:45:00;0.0
2025-05-17 23:00:00;0.0
2025-05-17 23:15:00;0.0
2025-05-17 23:30:00;0.0
2025-05-17 23:45:00;0.0
2025-05-18 00:00:00;0.0
2025-05-18 00:15:00;0.0
2025-05-18 00:30:00;0.0
2025-05-18 00:45:00;0.0
2025-05-18 01:00:00;0.0
2025-05-18 01:15:00;0.0
2025-05-18 01:30:00;0.0
2025-05-18 01:45:00;0.0
2025-05-18 02:00:00;0.0
2025-05-18 02:15:00;0.0
2025-05-18 02:30:00;0.0
2025-05-18 02:45:00;0.0
2025-05-18 03:00:00;0.0
2025-05-18 03:15:00;0.0
2025-05-18 03:30:00;0.0
2025-05-18 03:45:00;0.0
2025-05-18 04:00:00;0.0
2025-05-18 04:15:00;0.0
2025-05-18 04:30:00;0.0
2025-05-18 04:45:00;0.0
2025-05-18 05:00:00;0.0
2025-05-18 05:15:00;0.0
2025-05-18 05:30:00;0.0
2025-05-18 05:45:00;0.0
2025-05-18 06:00:00;0.0
2025-05-18 06:15:00;0.15890000000000004
2025-05-18 06:30:00;0.7689999999999999
2025-05-18 06:45:00;1.2921999999999998
2025-05-18 07:00:00;1.4863000000000002
2025-05-18 07:15:00;2.0274
2025-05-18 07:30:00;2.6776
2025-05-18 07:45:00;3.1293999999999995
2025-05-18 08:00:00;3.8688
2025-05-18 08:15:00;4.174799999999999
2025-05-18 08:30:00;4.723199999999999
2025-05-18 08:45:00;5.293900000000001
2025-05-18 09:00:00;5.9495
2025-05-18 09:15:00;6.505800000000001
2025-05-18 09:30:00;7.0169999999999995
2025-05-18 09:45:00;7.4328
2025-05-18 10:00:00;8.3666
2025-05-18 10:15:00;8.4851
2025-05-18 10:30:00;8.3628
2025-05-18 10:45:00;8.7268
2025-05-18 11:00:00;9.6488
2025-05-18 11:15:00;10.1749
2025-05-18 11:30:00;10.0755
2025-05-18 11:45:00;10.3444
2025-05-18 12:00:00;10.0163
2025-05-18 12:15:00;10.007
2025-05-18 12:30:00;9.8172
2025-05-18 12:45:00;11.125399999999999
2025-05-18 13:00:00;10.6752
2025-05-18 13:15:00;10.816
2025-05-18 13:30:00;10.302900000000001
2025-05-18 13:45:00;10.674199999999999
2025-05-18 14:00:00;12.044
2025-05-18 14:15:00;12.9462
2025-05-18 14:30:00;13.123
2025-05-18 14:45:00;12.6978
2025-05-18 15:00:00;12.4914
2025-05-18 15:15:00;12.617799999999999
2025-05-18 15:30:00;11.782300000000001
2025-05-18 15:45:00;10.8926
2025-05-18 16:00:00;9.2308
2025-05-18 16:15:00;9.4008
2025-05-18 16:30:00;8.8349
2025-05-18 16:45:00;8.806899999999999
2025-05-18 17:00:00;6.386800000000001
2025-05-18 17:15:00;6.1655
2025-05-18 17:30:00;5.6287
2025-05-18 17:45:00;5.3754
2025-05-18 18:00:00;6.7588
2025-05-18 18:15:00;6.7557
2025-05-18 18:30:00;5.7304
2025-05-18 18:45:00;5.2315000000000005
2025-05-18 19:00:00;4.310700000000001
2025-05-18 19:15:00;3.7439999999999998
2025-05-18 19:30:00;3.0765000000000002
2025-05-18 19:45:00;2.6618000000000004
2025-05-18 20:00:00;2.0762
2025-05-18 20:15:00;1.5522
2025-05-18 20:30:00;1.0313
2025-05-18 20:45:00;0.5733000000000001
2025-05-18 21:00:00;0.03720000000000012
2025-05-18 21:15:00;0.0
2025-05-18 21:30:00;0.0
2025-05-18 21:45:00;0.0
2025-05-18 22:00:00;0.0
2025-05-18 22:15:00;0.0
2025-05-18 22:30:00;0.0
2025-05-18 22:45:00;0.0
2025-05-18 23:00:00;0.0
2025-05-18 23:15:00;0.0
2025-05-18 23:30:00;0.0
2025-05-18 23:45:00;0.0
2025-05-19 00:00:00;0.0
2025-05-19 00:15:00;0.0
2025-05-19 00:30:00;0.0
2025-05-19 00:45:00;0.0
2025-05-19 01:00:00;0.0
2025-05-19 01:15:00;0.0
2025-05-19 01:30:00;0.0
2025-05-19 01:45:00;0.0
2025-05-19 02:00:00;0.0
2025-05-19 02:15:00;0.0
2025-05-19 02:30:00;0.0
2025-05-19 02:45:00;0.0
2025-05-19 03:00:00;0.0
2025-05-19 03:15:00;0.0
2025-05-19 03:30:00;0.0
2025-05-19 03:45:00;0.0
2025-05-19 04:00:00;0.0
2025-05-19 04:15:00;0.0
2025-05-19 04:30:00;0.0
2025-05-19 04:45:00;0.0
2025-05-19 05:00:00;0.0
2025-05-19 05:15:00;0.0
2025-05-19 05:30:00;0.0
2025-05-19 05:45:00;0.0
2025-05-19 06:00:00;0.8966000000000001
2025-05-19 06:15:00;2.8364000000000003
2025-05-19 06:30:00;4.6081
2025-05-19 06:45:00;6.4259
2025-05-19 07:00:00;5.5106
2025-05-19 07:15:00;6.6751
2025-05-19 07:30:00;8.168
2025-05-19 07:45:00;9.1767
2025-05-19 08:00:00;14.8335
2025-05-19 08:15:00;16.538400000000003
2025-05-19 08:30:00;18.6074
2025-05-19 08:45:00;19.7839
2025-05-19 09:00:00;17.020599999999998
2025-05-19 09:15:00;17.891
2025-05-19 09:30:00;18.9959
2025-05-19 09:45:00;20.1569
2025-05-19 10:00:00;19.300600000000003
2025-05-19 10:15:00;20.1632
2025-05-19 10:30:00;20.1895
2025-05-19 10:45:00;22.249
2025-05-19 11:00:00;10.9367
2025-05-19 11:15:00;11.5722
2025-05-19 11:30:00;12.5638
2025-05-19 11:45:00;12.3651
2025-05-19 12:00:00;15.435999999999998
2025-05-19 12:15:00;15.4962
2025-05-19 12:30:00;15.567900000000002
2025-05-19 12:45:00;15.757000000000001
2025-05-19 13:00:00;25.839199999999998
2025-05-19 13:15:00;25.9349
2025-05-19 13:30:00;28.157700000000002
2025-05-19 13:45:00;26.7921
2025-05-19 14:00:00;29.3051
2025-05-19 14:15:00;30.922800000000002
2025-05-19 14:30:00;27.7071
2025-05-19 14:45:00;28.916600000000003
2025-05-19 15:00:00;31.429700000000004
2025-05-19 15:15:00;28.4139
2025-05-19 15:30:00;30.6427
2025-05-19 15:45:00;29.7985
2025-05-19 16:00:00;27.7707
2025-05-19 16:15:00;26.9375
2025-05-19 16:30:00;26.244300000000003
2025-05-19 16:45:00;26.2205
2025-05-19 17:00:00;10.5108
2025-05-19 17:15:00;10.5138
2025-05-19 17:30:00;10.135200000000001
2025-05-19 17:45:00;9.455100000000002
2025-05-19 18:00:00;17.1703
2025-05-19 18:15:00;14.853000000000002
2025-05-19 18:30:00;14.5373
2025-05-19 18:45:00;13.650300000000001
2025-05-19 19:00:00;14.0465
2025-05-19 19:15:00;11.9444
2025-05-19 19:30:00;10.5721
2025-05-19 19:45:00;8.9737
2025-05-19 20:00:00;7.397500000000001
2025-05-19 20:15:00;5.8514
2025-05-19 20:30:00;4.408899999999999
2025-05-19 20:45:00;3.1731999999999996
2025-05-19 21:00:00;2.0300000000000002
2025-05-19 21:15:00;0.5162
2025-05-19 21:30:00;0.0
2025-05-19 21:45:00;0.0
2025-05-19 22:00:00;0.0
2025-05-19 22:15:00;0.0
2025-05-19 22:30:00;0.0
2025-05-19 22:45:00;0.0
2025-05-19 23:00:00;0.0
2025-05-19 23:15:00;0.0
2025-05-19 23:30:00;0.0
2025-05-19 23:45:00;0.0
2025-05-20 00:00:00;0.0
2025-05-20 00:15:00;0.0
2025-05-20 00:30:00;0.0
2025-05-20 00:45:00;0.0
2025-05-20 01:00:00;0.0
2025-05-20 01:15:00;0.0
2025-05-20 01:30:00;0.0
2025-05-20 01:45:00;0.0
2025-05-20 02:00:00;0.0
2025-05-20 02:15:00;0.0
2025-05-20 02:30:00;0.0
2025-05-20 02:45:00;0.0
2025-05-20 03:00:00;0.0
2025-05-20 03:15:00;0.0
2025-05-20 03:30:00;0.0
2025-05-20 03:45:00;0.0
2025-05-20 04:00:00;0.0
2025-05-20 04:15:00;0.0
2025-05-20 04:30:00;0.0
2025-05-20 04:45:00;0.0
2025-05-20 05:00:00;0.0
2025-05-20 05:15:00;0.0
2025-05-20 05:30:00;0.0
2025-05-20 05:45:00;0.0
2025-05-20 06:00:00;0.0
2025-05-20 06:15:00;0.11530000000000018
2025-05-20 06:30:00;0.6914
2025-05-20 06:45:00;1.1672
2025-05-20 07:00:00;1.4353
2025-05-20 07:15:00;1.9393
2025-05-20 07:30:00;2.4573
2025-05-20 07:45:00;3.0751999999999997
2025-05-20 08:00:00;3.9421
2025-05-20 08:15:00;4.579899999999999
2025-05-20 08:30:00;4.8986
2025-05-20 08:45:00;5.5839
2025-05-20 09:00:00;6.4102
2025-05-20 09:15:00;6.6406
2025-05-20 09:30:00;7.1257
2025-05-20 09:45:00;7.542699999999999
2025-05-20 10:00:00;7.550000000000001
2025-05-20 10:15:00;7.877600000000001
2025-05-20 10:30:00;8.8979
2025-05-20 10:45:00;8.9034
2025-05-20 11:00:00;9.3454
2025-05-20 11:15:00;9.1924
2025-05-20 11:30:00;9.1241
2025-05-20 11:45:00;10.4993
2025-05-20 12:00:00;11.053999999999998
2025-05-20 12:15:00;11.3992
2025-05-20 12:30:00;10.9755
2025-05-20 12:45:00;12.2558
2025-05-20 13:00:00;11.0098
2025-05-20 13:15:00;10.7556
2025-05-20 13:30:00;10.4358
2025-05-20 13:45:00;10.3983
2025-05-20 14:00:00;12.1821
2025-05-20 14:15:00;11.911999999999999
2025-05-20 14:30:00;12.0194
2025-05-20 14:45:00;11.7419
2025-05-20 15:00:00;9.6821
2025-05-20 15:15:00;9.146
2025-05-20 15:30:00;9.309700000000001
2025-05-20 15:45:00;9.091099999999999
2025-05-20 16:00:00;11.0885
2025-05-20 16:15:00;9.9827
2025-05-20 16:30:00;9.813799999999999
2025-05-20 16:45:00;9.95
2025-05-20 17:00:00;7.080100000000001
2025-05-20 17:15:00;6.8924
2025-05-20 17:30:00;6.032
2025-05-20 17:45:00;6.204
2025-05-20 18:00:00;5.4394
2025-05-20 18:15:00;5.5535000000000005
2025-05-20 18:30:00;5.0744
2025-05-20 18:45:00;4.5786999999999995
2025-05-20 19:00:00;3.3362999999999996
2025-05-20 19:15:00;2.8063000000000002
2025-05-20 19:30:00;2.6813000000000002
2025-05-20 19:45:00;2.0385
2025-05-20 20:00:00;1.826
2025-05-20 20:15:00;1.3411000000000002
2025-05-20 20:30:00;0.6484000000000001
2025-05-20 20:45:00;0.1652
2025-05-20 21:00:00;0.0
2025-05-20 21:15:00;0.0
2025-05-20 21:30:00;0.0
2025-05-20 21:45:00;0.0
2025-05-20 22:00:00;0.0
2025-05-20 22:15:00;0.0
2025-05-20 22:30:00;0.0
2025-05-20 22:45:00;0.0
2025-05-20 23:00:00;0.0
2025-05-20 23:15:00;0.0
2025-05-20 23:30:00;0.0
2025-05-20 23:45:00;0.0
2025-05-21 00:00:00;0.0
2025-05-21 00:15:00;0.0
2025-05-21 00:30:00;0.0
2025-05-21 00:45:00;0.0
2025-05-21 01:00:00;0.0
2025-05-21 01:15:00;0.0
2025-05-21 01:30:00;0.0
2025-05-21 01:45:00;0.0
2025-05-21 02:00:00;0.0
2025-05-21 02:15:00;0.0
2025-05-21 02:30:00;0.0
2025-05-21 02:45:00;0.0
2025-05-21 03:00:00;0.0
2025-05-21 03:15:00;0.0
2025-05-21 03:30:00;0.0
2025-05-21 03:45:00;0.0
2025-05-21 04:00:00;0.0
2025-05-21 04:15:00;0.0
2025-05-21 04:30:00;0.0
2025-05-21 04:45:00;0.0
2025-05-21 05:00:00;0.0
2025-05-21 05:15:00;0.0
2025-05-21 05:30:00;0.0
2025-05-21 05:45:00;0.0
2025-05-21 06:00:00;1.2713000000000003
2025-05-21 06:15:00;3.6221
2025-05-21 06:30:00;5.5935
2025-05-21 06:45:00;8.7187
2025-05-21 07:00:00;11.170900000000001
2025-05-21 07:15:00;14.143500000000001
2025-05-21 07:30:00;15.828199999999999
2025-05-21 07:45:00;18.2853
2025-05-21 08:00:00;18.599500000000003
2025-05-21 08:15:00;20.6805
2025-05-21 08:30:00;23.2025
2025-05-21 08:45:00;24.8448
2025-05-21 09:00:00;30.879099999999998
2025-05-21 09:15:00;30.5402
2025-05-21 09:30:00;31.866499999999995
2025-05-21 09:45:00;35.4824
2025-05-21 10:00:00;35.3957
2025-05-21 10:15:00;36.5403
2025-05-21 10:30:00;36.450199999999995
2025-05-21 10:45:00;36.491499999999995
2025-05-21 11:00:00;36.428
2025-05-21 11:15:00;36.4136
2025-05-21 11:30:00;36.4648
2025-05-21 11:45:00;36.478899999999996
2025-05-21 12:00:00;36.4672
2025-05-21 12:15:00;36.430699999999995
2025-05-21 12:30:00;36.4383
2025-05-21 12:45:00;36.3464
2025-05-21 13:00:00;36.4001
2025-05-21 13:15:00;36.4876
2025-05-21 13:30:00;36.3932
2025-05-21 13:45:00;36.389700000000005
2025-05-21 14:00:00;36.4859
2025-05-21 14:15:00;36.4747
2025-05-21 14:30:00;36.43300000000001
2025-05-21 14:45:00;36.5711
2025-05-21 15:00:00;36.4159
2025-05-21 15:15:00;36.4451
2025-05-21 15:30:00;36.4337
2025-05-21 15:45:00;36.4197
2025-05-21 16:00:00;36.358
2025-05-21 16:15:00;36.3985
2025-05-21 16:30:00;36.2959
2025-05-21 16:45:00;34.6507
2025-05-21 17:00:00;36.0103
2025-05-21 17:15:00;35.9985
2025-05-21 17:30:00;32.4824
2025-05-21 17:45:00;30.8949
2025-05-21 18:00:00;27.8326
2025-05-21 18:15:00;24.689899999999998
2025-05-21 18:30:00;23.3895
2025-05-21 18:45:00;23.180899999999998
2025-05-21 19:00:00;21.8037
2025-05-21 19:15:00;19.570700000000002
2025-05-21 19:30:00;17.5123
2025-05-21 19:45:00;15.906300000000002
2025-05-21 20:00:00;12.137500000000001
2025-05-21 20:15:00;10.491
2025-05-21 20:30:00;7.8634
2025-05-21 20:45:00;5.5689
2025-05-21 21:00:00;3.1926
2025-05-21 21:15:00;1.0473000000000001
2025-05-21 21:30:00;0.0
2025-05-21 21:45:00;0.0
2025-05-21 22:00:00;0.0
2025-05-21 22:15:00;0.0
2025-05-21 22:30:00;0.0
2025-05-21 22:45:00;0.0
2025-05-21 23:00:00;0.0
2025-05-21 23:15:00;0.0
2025-05-21 23:30:00;0.0
2025-05-21 23:45:00;0.0
2025-05-22 00:00:00;0.0
2025-05-22 00:15:00;0.0
2025-05-22 00:30:00;0.0
2025-05-22 00:45:00;0.0
2025-05-22 01:00:00;0.0
2025-05-22 01:15:00;0.0
2025-05-22 01:30:00;0.0
2025-05-22 01:45:00;0.0
2025-05-22 02:00:00;0.0
2025-05-22 02:15:00;0.0
2025-05-22 02:30:00;0.0
2025-05-22 02:45:00;0.0
2025-05-22 03:00:00;0.0
2025-05-22 03:15:00;0.0
2025-05-22 03:30:00;0.0
2025-05-22 03:45:00;0.0
2025-05-22 04:00:00;0.0
2025-05-22 04:15:00;0.0
2025-05-22 04:30:00;0.0
2025-05-22 04:45:00;0.0
2025-05-22 05:00:00;0.0
2025-05-22 05:15:00;0.0
2025-05-22 05:30:00;0.0
2025-05-22 05:45:00;0.0
2025-05-22 06:00:00;0.5620999999999998
2025-05-22 06:15:00;2.3338
2025-05-22 06:30:00;3.825
2025-05-22 06:45:00;5.400600000000001
2025-05-22 07:00:00;5.426
2025-05-22 07:15:00;6.2171
2025-05-22 07:30:00;7.912100000000001
2025-05-22 07:45:00;9.319400000000002
2025-05-22 08:00:00;10.8522
2025-05-22 08:15:00;12.3483
2025-05-22 08:30:00;13.3241
2025-05-22 08:45:00;14.2135
2025-05-22 09:00:00;17.6983
2025-05-22 09:15:00;19.828
2025-05-22 09:30:00;20.162799999999997
2025-05-22 09:45:00;21.4206
2025-05-22 10:00:00;24.557499999999997
2025-05-22 10:15:00;24.399800000000003
2025-05-22 10:30:00;24.9347
2025-05-22 10:45:00;27.2607
2025-05-22 11:00:00;17.2688
2025-05-22 11:15:00;17.6223
2025-05-22 11:30:00;18.4492
2025-05-22 11:45:00;18.6937
2025-05-22 12:00:00;27.358
2025-05-22 12:15:00;28.54
2025-05-22 12:30:00;26.6445
2025-05-22 12:45:00;28.018
2025-05-22 13:00:00;28.213
2025-05-22 13:15:00;28.2551
2025-05-22 13:30:00;28.7044
2025-05-22 13:45:00;28.9291
2025-05-22 14:00:00;32.3385
2025-05-22 14:15:00;32.625
2025-05-22 14:30:00;30.289900000000003
2025-05-22 14:45:00;31.2964
2025-05-22 15:00:00;23.764400000000002
2025-05-22 15:15:00;24.1257
2025-05-22 15:30:00;21.7816
2025-05-22 15:45:00;21.994799999999998
2025-05-22 16:00:00;28.2204
2025-05-22 16:15:00;27.1429
2025-05-22 16:30:00;26.7594
2025-05-22 16:45:00;26.5634
2025-05-22 17:00:00;18.3115
2025-05-22 17:15:00;17.2358
2025-05-22 17:30:00;16.9032
2025-05-22 17:45:00;16.6791
2025-05-22 18:00:00;16.706400000000002
2025-05-22 18:15:00;15.1387
2025-05-22 18:30:00;14.133000000000001
2025-05-22 18:45:00;12.8987
2025-05-22 19:00:00;13.2995
2025-05-22 19:15:00;12.0141
2025-05-22 19:30:00;10.5877
2025-05-22 19:45:00;9.2166
2025-05-22 20:00:00;5.5802000000000005
2025-05-22 20:15:00;4.2425
2025-05-22 20:30:00;3.0760000000000005
2025-05-22 20:45:00;2.1471
2025-05-22 21:00:00;1.8305
2025-05-22 21:15:00;0.26370000000000005
2025-05-22 21:30:00;0.0
2025-05-22 21:45:00;0.0
2025-05-22 22:00:00;0.0
2025-05-22 22:15:00;0.0
2025-05-22 22:30:00;0.0
2025-05-22 22:45:00;0.0
2025-05-22 23:00:00;0.0
2025-05-22 23:15:00;0.0
2025-05-22 23:30:00;0.0
2025-05-22 23:45:00;0.0
2025-05-23 00:00:00;0.0
2025-05-23 00:15:00;0.0
2025-05-23 00:30:00;0.0
2025-05-23 00:45:00;0.0
2025-05-23 01:00:00;0.0
2025-05-23 01:15:00;0.0
2025-05-23 01:30:00;0.0
2025-05-23 01:45:00;0.0
2025-05-23 02:00:00;0.0
2025-05-23 02:15:00;0.0
2025-05-23 02:30:00;0.0
2025-05-23 02:45:00;0.0
2025-05-23 03:00:00;0.0
2025-05-23 03:15:00;0.0
2025-05-23 03:30:00;0.0
2025-05-23 03:45:00;0.0
2025-05-23 04:00:00;0.0
2025-05-23 04:15:00;0.0
2025-05-23 04:30:00;0.0
2025-05-23 04:45:00;0.0
2025-05-23 05:00:00;0.0
2025-05-23 05:15:00;0.0
2025-05-23 05:30:00;0.0
2025-05-23 05:45:00;0.0
2025-05-23 06:00:00;0.4443999999999999
2025-05-23 06:15:00;1.9216
2025-05-23 06:30:00;3.4092000000000002
2025-05-23 06:45:00;4.6284
2025-05-23 07:00:00;5.8778999999999995
2025-05-23 07:15:00;7.640600000000001
2025-05-23 07:30:00;9.0661
2025-05-23 07:45:00;10.2508
2025-05-23 08:00:00;13.660699999999999
2025-05-23 08:15:00;16.088
2025-05-23 08:30:00;17.249200000000002
2025-05-23 08:45:00;18.8223
2025-05-23 09:00:00;8.4894
2025-05-23 09:15:00;8.750800000000002
2025-05-23 09:30:00;9.586
2025-05-23 09:45:00;10.4009
2025-05-23 10:00:00;21.7041
2025-05-23 10:15:00;23.2552
2025-05-23 10:30:00;23.1871
2025-05-23 10:45:00;24.8075
2025-05-23 11:00:00;24.791800000000002
2025-05-23 11:15:00;24.2116
2025-05-23 11:30:00;25.6006
2025-05-23 11:45:00;25.123900000000003
2025-05-23 12:00:00;12.5945
2025-05-23 12:15:00;12.8813
2025-05-23 12:30:00;14.0206
2025-05-23 12:45:00;13.864
2025-05-23 13:00:00;27.6026
2025-05-23 13:15:00;26.737399999999997
2025-05-23 13:30:00;28.566000000000003
2025-05-23 13:45:00;29.302599999999998
2025-05-23 14:00:00;27.8798
2025-05-23 14:15:00;26.959000000000003
2025-05-23 14:30:00;28.5665
2025-05-23 14:45:00;27.0889
2025-05-23 15:00:00;18.5884
2025-05-23 15:15:00;19.403399999999998
2025-05-23 15:30:00;19.0046
2025-05-23 15:45:00;17.8848
2025-05-23 16:00:00;21.7134
2025-05-23 16:15:00;23.1146
2025-05-23 16:30:00;21.2403
2025-05-23 16:45:00;20.907700000000002
2025-05-23 17:00:00;12.514100000000001
2025-05-23 17:15:00;11.7138
2025-05-23 17:30:00;10.4158
2025-05-23 17:45:00;10.4504
2025-05-23 18:00:00;16.5951
2025-05-23 18:15:00;15.670600000000002
2025-05-23 18:30:00;14.5842
2025-05-23 18:45:00;13.337900000000001
2025-05-23 19:00:00;11.976
2025-05-23 19:15:00;10.810699999999999
2025-05-23 19:30:00;10.0477
2025-05-23 19:45:00;8.784799999999999
2025-05-23 20:00:00;3.7003999999999997
2025-05-23 20:15:00;3.0797999999999996
2025-05-23 20:30:00;2.1448
2025-05-23 20:45:00;1.1017000000000001
2025-05-23 21:00:00;2.0774999999999997
2025-05-23 21:15:00;0.45520000000000005
2025-05-23 21:30:00;0.0
2025-05-23 21:45:00;0.0
2025-05-23 22:00:00;0.0
2025-05-23 22:15:00;0.0
2025-05-23 22:30:00;0.0
2025-05-23 22:45:00;0.0
2025-05-23 23:00:00;0.0
2025-05-23 23:15:00;0.0
2025-05-23 23:30:00;0.0
2025-05-23 23:45:00;0.0
2025-05-24 00:00:00;0.0
2025-05-24 00:15:00;0.0
2025-05-24 00:30:00;0.0
2025-05-24 00:45:00;0.0
2025-05-24 01:00:00;0.0
2025-05-24 01:15:00;0.0
2025-05-24 01:30:00;0.0
2025-05-24 01:45:00;0.0
2025-05-24 02:00:00;0.0
2025-05-24 02:15:00;0.0
2025-05-24 02:30:00;0.0
2025-05-24 02:45:00;0.0
2025-05-24 03:00:00;0.0
2025-05-24 03:15:00;0.0
2025-05-24 03:30:00;0.0
2025-05-24 03:45:00;0.0
2025-05-24 04:00:00;0.0
2025-05-24 04:15:00;0.0
2025-05-24 04:30:00;0.0
2025-05-24 04:45:00;0.0
2025-05-24 05:00:00;0.0
2025-05-24 05:15:00;0.0
2025-05-24 05:30:00;0.0
2025-05-24 05:45:00;0.0
2025-05-24 06:00:00;1.5348999999999997
2025-05-24 06:15:00;4.1777
2025-05-24 06:30:00;6.7641
2025-05-24 06:45:00;9.0189
2025-05-24 07:00:00;11.1507
2025-05-24 07:15:00;13.1289
2025-05-24 07:30:00;15.108400000000001
2025-05-24 07:45:00;19.3051
2025-05-24 08:00:00;22.159200000000002
2025-05-24 08:15:00;23.835500000000003
2025-05-24 08:30:00;26.111
2025-05-24 08:45:00;28.877399999999998
2025-05-24 09:00:00;28.4422
2025-05-24 09:15:00;31.672500000000003
2025-05-24 09:30:00;32.0981
2025-05-24 09:45:00;36.143
2025-05-24 10:00:00;31.9534
2025-05-24 10:15:00;32.9356
2025-05-24 10:30:00;34.7228
2025-05-24 10:45:00;34.1837
2025-05-24 11:00:00;36.4072
2025-05-24 11:15:00;36.3971
2025-05-24 11:30:00;36.4889
2025-05-24 11:45:00;36.516200000000005
2025-05-24 12:00:00;36.430899999999994
2025-05-24 12:15:00;36.421699999999994
2025-05-24 12:30:00;36.4691
2025-05-24 12:45:00;36.469300000000004
2025-05-24 13:00:00;36.51
2025-05-24 13:15:00;36.45099999999999
2025-05-24 13:30:00;36.5047
2025-05-24 13:45:00;36.455
2025-05-24 14:00:00;36.5244
2025-05-24 14:15:00;36.565200000000004
2025-05-24 14:30:00;36.5368
2025-05-24 14:45:00;36.4977
2025-05-24 15:00:00;36.4873
2025-05-24 15:15:00;36.484899999999996
2025-05-24 15:30:00;36.3664
2025-05-24 15:45:00;36.4645
2025-05-24 16:00:00;35.1203
2025-05-24 16:15:00;35.914899999999996
2025-05-24 16:30:00;34.606500000000004
2025-05-24 16:45:00;30.554
2025-05-24 17:00:00;36.2318
2025-05-24 17:15:00;36.2345
2025-05-24 17:30:00;34.530300000000004
2025-05-24 17:45:00;32.300000000000004
2025-05-24 18:00:00;24.8269
2025-05-24 18:15:00;23.651400000000002
2025-05-24 18:30:00;20.5581
2025-05-24 18:45:00;19.8794
2025-05-24 19:00:00;19.2423
2025-05-24 19:15:00;17.924
2025-05-24 19:30:00;15.697299999999998
2025-05-24 19:45:00;13.839500000000001
2025-05-24 20:00:00;13.0087
2025-05-24 20:15:00;11.5919
2025-05-24 20:30:00;8.6234
2025-05-24 20:45:00;6.0172
2025-05-24 21:00:00;3.7093000000000003
2025-05-24 21:15:00;1.3439
2025-05-24 21:30:00;0.0
2025-05-24 21:45:00;0.0
2025-05-24 22:00:00;0.0
2025-05-24 22:15:00;0.0
2025-05-24 22:30:00;0.0
2025-05-24 22:45:00;0.0
2025-05-24 23:00:00;0.0
2025-05-24 23:15:00;0.0
2025-05-24 23:30:00;0.0
2025-05-24 23:45:00;0.0
2025-05-25 00:00:00;0.0
2025-05-25 00:15:00;0.0
2025-05-25 00:30:00;0.0
2025-05-25 00:45:00;0.0
2025-05-25 01:00:00;0.0
2025-05-25 01:15:00;0.0
2025-05-25 01:30:00;0.0
2025-05-25 01:45:00;0.0
2025-05-25 02:00:00;0.0
2025-05-25 02:15:00;0.0
2025-05-25 02:30:00;0.0
2025-05-25 02:45:00;0.0
2025-05-25 03:00:00;0.0
2025-05-25 03:15:00;0.0
2025-05-25 03:30:00;0.0
2025-05-25 03:45:00;0.0
2025-05-25 04:00:00;0.0
2025-05-25 04:15:00;0.0
2025-05-25 04:30:00;0.0
2025-05-25 04:45:00;0.0
2025-05-25 05:00:00;0.0
2025-05-25 05:15:00;0.0
2025-05-25 05:30:00;0.0
2025-05-25 05:45:00;0.0
2025-05-25 06:00:00;1.3864
2025-05-25 06:15:00;3.8381999999999996
2025-05-25 06:30:00;6.0533
2025-05-25 06:45:00;8.375499999999999
2025-05-25 07:00:00;11.7857
2025-05-25 07:15:00;14.0959
2025-05-25 07:30:00;15.6383
2025-05-25 07:45:00;19.8282
2025-05-25 08:00:00;23.4667
2025-05-25 08:15:00;23.3556
2025-05-25 08:30:00;27.084799999999998
2025-05-25 08:45:00;27.8396
2025-05-25 09:00:00;22.6361
2025-05-25 09:15:00;26.0018
2025-05-25 09:30:00;26.615599999999997
2025-05-25 09:45:00;28.4191
2025-05-25 10:00:00;35.3332
2025-05-25 10:15:00;33.390699999999995
2025-05-25 10:30:00;35.7465
2025-05-25 10:45:00;36.493500000000004
2025-05-25 11:00:00;36.4332
2025-05-25 11:15:00;36.492200000000004
2025-05-25 11:30:00;36.4701
2025-05-25 11:45:00;36.4814
2025-05-25 12:00:00;36.4574
2025-05-25 12:15:00;36.4166
2025-05-25 12:30:00;36.5309
2025-05-25 12:45:00;36.4583
2025-05-25 13:00:00;36.480999999999995
2025-05-25 13:15:00;36.4923
2025-05-25 13:30:00;36.4416
2025-05-25 13:45:00;36.4623
2025-05-25 14:00:00;36.4416
2025-05-25 14:15:00;36.571
2025-05-25 14:30:00;36.4854
2025-05-25 14:45:00;36.5422
2025-05-25 15:00:00;36.5408
2025-05-25 15:15:00;36.5373
2025-05-25 15:30:00;36.512600000000006
2025-05-25 15:45:00;36.4514
2025-05-25 16:00:00;36.411699999999996
2025-05-25 16:15:00;36.3285
2025-05-25 16:30:00;36.339
2025-05-25 16:45:00;36.288599999999995
2025-05-25 17:00:00;34.2681
2025-05-25 17:15:00;30.991200000000003
2025-05-25 17:30:00;29.509700000000002
2025-05-25 17:45:00;27.5147
2025-05-25 18:00:00;31.1601
2025-05-25 18:15:00;27.9478
2025-05-25 18:30:00;26.7764
2025-05-25 18:45:00;24.2851
2025-05-25 19:00:00;17.487
2025-05-25 19:15:00;16.852700000000002
2025-05-25 19:30:00;13.8317
2025-05-25 19:45:00;12.3044
2025-05-25 20:00:00;13.025599999999999
2025-05-25 20:15:00;10.0886
2025-05-25 20:30:00;8.4803
2025-05-25 20:45:00;5.6684
2025-05-25 21:00:00;3.9175999999999997
2025-05-25 21:15:00;1.2268999999999999
2025-05-25 21:30:00;0.0
2025-05-25 21:45:00;0.0
2025-05-25 22:00:00;0.0
2025-05-25 22:15:00;0.0
2025-05-25 22:30:00;0.0
2025-05-25 22:45:00;0.0
2025-05-25 23:00:00;0.0
2025-05-25 23:15:00;0.0
2025-05-25 23:30:00;0.0
2025-05-25 23:45:00;0.0
2025-05-26 00:00:00;0.0
2025-05-26 00:15:00;0.0
2025-05-26 00:30:00;0.0
2025-05-26 00:45:00;0.0
2025-05-26 01:00:00;0.0
2025-05-26 01:15:00;0.0
2025-05-26 01:30:00;0.0
2025-05-26 01:45:00;0.0
2025-05-26 02:00:00;0.0
2025-05-26 02:15:00;0.0
2025-05-26 02:30:00;0.0
2025-05-26 02:45:00;0.0
2025-05-26 03:00:00;0.0
2025-05-26 03:15:00;0.0
2025-05-26 03:30:00;0.0
2025-05-26 03:45:00;0.0
2025-05-26 04:00:00;0.0
2025-05-26 04:15:00;0.0
2025-05-26 04:30:00;0.0
2025-05-26 04:45:00;0.0
2025-05-26 05:00:00;0.0
2025-05-26 05:15:00;0.0
2025-05-26 05:30:00;0.0
2025-05-26 05:45:00;0.0
2025-05-26 06:00:00;0.0
2025-05-26 06:15:00;0.04689999999999994
2025-05-26 06:30:00;0.5871
2025-05-26 06:45:00;1.4195
2025-05-26 07:00:00;1.6707
2025-05-26 07:15:00;2.2675
2025-05-26 07:30:00;2.8042
2025-05-26 07:45:00;3.5302999999999995
2025-05-26 08:00:00;3.7136
2025-05-26 08:15:00;4.0672999999999995
2025-05-26 08:30:00;4.8950000000000005
2025-05-26 08:45:00;5.1163
2025-05-26 09:00:00;6.583200000000001
2025-05-26 09:15:00;6.8369
2025-05-26 09:30:00;7.696299999999999
2025-05-26 09:45:00;7.6678
2025-05-26 10:00:00;8.396600000000001
2025-05-26 10:15:00;8.139199999999999
2025-05-26 10:30:00;9.4743
2025-05-26 10:45:00;9.3241
2025-05-26 11:00:00;10.441699999999999
2025-05-26 11:15:00;10.879100000000001
2025-05-26 11:30:00;10.430200000000001
2025-05-26 11:45:00;10.8659
2025-05-26 12:00:00;10.8726
2025-05-26 12:15:00;11.0334
2025-05-26 12:30:00;10.8766
2025-05-26 12:45:00;10.9889
2025-05-26 13:00:00;9.681500000000002
2025-05-26 13:15:00;9.912
2025-05-26 13:30:00;10.0343
2025-05-26 13:45:00;10.7285
2025-05-26 14:00:00;11.692
2025-05-26 14:15:00;11.088899999999999
2025-05-26 14:30:00;11.498600000000001
2025-05-26 14:45:00;11.5454
2025-05-26 15:00:00;10.8164
2025-05-26 15:15:00;10.5524
2025-05-26 15:30:00;10.5114
2025-05-26 15:45:00;10.252699999999999
2025-05-26 16:00:00;8.365300000000001
2025-05-26 16:15:00;7.5922
2025-05-26 16:30:00;7.6463
2025-05-26 16:45:00;7.2339
2025-05-26 17:00:00;6.5537
2025-05-26 17:15:00;6.054
2025-05-26 17:30:00;5.7191
2025-05-26 17:45:00;5.6875
2025-05-26 18:00:00;6.7331
2025-05-26 18:15:00;5.8289
2025-05-26 18:30:00;5.7667
2025-05-26 18:45:00;4.6101
2025-05-26 19:00:00;3.5925999999999996
2025-05-26 19:15:00;3.2824999999999998
2025-05-26 19:30:00;2.7699
2025-05-26 19:45:00;1.9408999999999998
2025-05-26 20:00:00;2.0149999999999997
2025-05-26 20:15:00;1.3517
2025-05-26 20:30:00;0.7347999999999999
2025-05-26 20:45:00;0.22239999999999993
2025-05-26 21:00:00;0.09800000000000009
2025-05-26 21:15:00;0.0
2025-05-26 21:30:00;0.0
2025-05-26 21:45:00;0.0
2025-05-26 22:00:00;0.0
2025-05-26 22:15:00;0.0
2025-05-26 22:30:00;0.0
2025-05-26 22:45:00;0.0
2025-05-26 23:00:00;0.0
2025-05-26 23:15:00;0.0
2025-05-26 23:30:00;0.0
2025-05-26 23:45:00;0.0
2025-05-27 00:00:00;0.0
2025-05-27 00:15:00;0.0
2025-05-27 00:30:00;0.0
2025-05-27 00:45:00;0.0
2025-05-27 01:00:00;0.0
2025-05-27 01:15:00;0.0
2025-05-27 01:30:00;0.0
2025-05-27 01:45:00;0.0
2025-05-27 02:00:00;0.0
2025-05-27 02:15:00;0.0
2025-05-27 02:30:00;0.0
2025-05-27 02:45:00;0.0
2025-05-27 03:00:00;0.0
2025-05-27 03:15:00;0.0
2025-05-27 03:30:00;0.0
2025-05-27 03:45:00;0.0
2025-05-27 04:00:00;0.0
2025-05-27 04:15:00;0.0
2025-05-27 04:30:00;0.0
2025-05-27 04:45:00;0.0
2025-05-27 05:00:00;0.0
2025-05-27 05:15:00;0.0
2025-05-27 05:30:00;0.0
2025-05-27 05:45:00;0.0
2025-05-27 06:00:00;0.0
2025-05-27 06:15:00;0.0
2025-05-27 06:30:00;0.0
2025-05-27 06:45:00;0.0
2025-05-27 07:00:00;0.08969999999999989
2025-05-27 07:15:00;0.06720000000000015
2025-05-27 07:30:00;0.22120000000000006
2025-05-27 07:45:00;0.7079
2025-05-27 08:00:00;1.1288999999999998
2025-05-27 08:15:00;1.2367
2025-05-27 08:30:00;1.4106
2025-05-27 08:45:00;1.6296999999999997
2025-05-27 09:00:00;2.0792
2025-05-27 09:15:00;2.2946
2025-05-27 09:30:00;2.5038
2025-05-27 09:45:00;2.7054
2025-05-27 10:00:00;2.6902
2025-05-27 10:15:00;2.9128999999999996
2025-05-27 10:30:00;2.8558000000000003
2025-05-27 10:45:00;3.1549
2025-05-27 11:00:00;4.1495999999999995
2025-05-27 11:15:00;4.0517
2025-05-27 11:30:00;4.1067
2025-05-27 11:45:00;4.3525
2025-05-27 12:00:00;3.4312999999999994
2025-05-27 12:15:00;3.4891
2025-05-27 12:30:00;3.5906000000000002
2025-05-27 12:45:00;3.6561
2025-05-27 13:00:00;4.3524
2025-05-27 13:15:00;4.1930000000000005
2025-05-27 13:30:00;4.289
2025-05-27 13:45:00;4.3896
2025-05-27 14:00:00;3.6784999999999997
2025-05-27 14:15:00;3.5639999999999996
2025-05-27 14:30:00;3.564
2025-05-27 14:45:00;3.5493
2025-05-27 15:00:00;3.7365000000000004
2025-05-27 15:15:00;4.0241
2025-05-27 15:30:00;3.6434000000000006
2025-05-27 15:45:00;3.7199000000000004
2025-05-27 16:00:00;2.8817000000000004
2025-05-27 16:15:00;2.8298
2025-05-27 16:30:00;2.6706
2025-05-27 16:45:00;2.4641
2025-05-27 17:00:00;2.1866
2025-05-27 17:15:00;2.093
2025-05-27 17:30:00;1.8797
2025-05-27 17:45:00;1.7538
2025-05-27 18:00:00;1.4022000000000001
2025-05-27 18:15:00;1.2878
2025-05-27 18:30:00;1.1826
2025-05-27 18:45:00;0.9417
2025-05-27 19:00:00;0.6360000000000001
2025-05-27 19:15:00;0.4650000000000001
2025-05-27 19:30:00;0.22199999999999998
2025-05-27 19:45:00;0.0
2025-05-27 20:00:00;0.24140000000000006
2025-05-27 20:15:00;0.0
2025-05-27 20:30:00;0.0
2025-05-27 20:45:00;0.0
2025-05-27 21:00:00;0.0
2025-05-27 21:15:00;0.0
2025-05-27 21:30:00;0.0
2025-05-27 21:45:00;0.0
2025-05-27 22:00:00;0.0
2025-05-27 22:15:00;0.0
2025-05-27 22:30:00;0.0
2025-05-27 22:45:00;0.0
2025-05-27 23:00:00;0.0
2025-05-27 23:15:00;0.0
2025-05-27 23:30:00;0.0
2025-05-27 23:45:00;0.0
2025-05-28 00:00:00;0.0
2025-05-28 00:15:00;0.0
2025-05-28 00:30:00;0.0
2025-05-28 00:45:00;0.0
2025-05-28 01:00:00;0.0
2025-05-28 01:15:00;0.0
2025-05-28 01:30:00;0.0
2025-05-28 01:45:00;0.0
2025-05-28 02:00:00;0.0
2025-05-28 02:15:00;0.0
2025-05-28 02:30:00;0.0
2025-05-28 02:45:00;0.0
2025-05-28 03:00:00;0.0
2025-05-28 03:15:00;0.0
2025-05-28 03:30:00;0.0
2025-05-28 03:45:00;0.0
2025-05-28 04:00:00;0.0
2025-05-28 04:15:00;0.0
2025-05-28 04:30:00;0.0
2025-05-28 04:45:00;0.0
2025-05-28 05:00:00;0.0
2025-05-28 05:15:00;0.0
2025-05-28 05:30:00;0.0
2025-05-28 05:45:00;0.0
2025-05-28 06:00:00;1.3693
2025-05-28 06:15:00;3.7444
2025-05-28 06:30:00;6.3260000000000005
2025-05-28 06:45:00;8.314
2025-05-28 07:00:00;10.5713
2025-05-28 07:15:00;11.8116
2025-05-28 07:30:00;14.356399999999999
2025-05-28 07:45:00;16.0257
2025-05-28 08:00:00;21.3949
2025-05-28 08:15:00;23.3948
2025-05-28 08:30:00;26.0193
2025-05-28 08:45:00;27.2159
2025-05-28 09:00:00;27.2451
2025-05-28 09:15:00;29.2648
2025-05-28 09:30:00;29.1798
2025-05-28 09:45:00;33.0529
2025-05-28 10:00:00;32.1776
2025-05-28 10:15:00;33.4993
2025-05-28 10:30:00;33.7793
2025-05-28 10:45:00;35.0359
2025-05-28 11:00:00;36.3526
2025-05-28 11:15:00;36.4354
2025-05-28 11:30:00;36.434200000000004
2025-05-28 11:45:00;36.417
2025-05-28 12:00:00;36.4319
2025-05-28 12:15:00;36.3506
2025-05-28 12:30:00;36.4295
2025-05-28 12:45:00;36.4192
2025-05-28 13:00:00;36.4518
2025-05-28 13:15:00;36.4522
2025-05-28 13:30:00;36.5167
2025-05-28 13:45:00;36.4857
2025-05-28 14:00:00;36.423700000000004
2025-05-28 14:15:00;36.4989
2025-05-28 14:30:00;36.4904
2025-05-28 14:45:00;36.4691
2025-05-28 15:00:00;36.399499999999996
2025-05-28 15:15:00;36.4104
2025-05-28 15:30:00;36.463
2025-05-28 15:45:00;36.4763
2025-05-28 16:00:00;36.2929
2025-05-28 16:15:00;36.3234
2025-05-28 16:30:00;36.272600000000004
2025-05-28 16:45:00;36.392199999999995
2025-05-28 17:00:00;35.968
2025-05-28 17:15:00;36.01
2025-05-28 17:30:00;33.8722
2025-05-28 17:45:00;32.405100000000004
2025-05-28 18:00:00;30.0476
2025-05-28 18:15:00;27.7343
2025-05-28 18:30:00;24.5066
2025-05-28 18:45:00;23.2356
2025-05-28 19:00:00;20.6983
2025-05-28 19:15:00;18.1699
2025-05-28 19:30:00;17.1998
2025-05-28 19:45:00;14.6085
2025-05-28 20:00:00;13.340499999999999
2025-05-28 20:15:00;10.8871
2025-05-28 20:30:00;8.7411
2025-05-28 20:45:00;6.312200000000001
2025-05-28 21:00:00;3.2982000000000005
2025-05-28 21:15:00;1.0844
2025-05-28 21:30:00;0.0
2025-05-28 21:45:00;0.0
2025-05-28 22:00:00;0.0
2025-05-28 22:15:00;0.0
2025-05-28 22:30:00;0.0
2025-05-28 22:45:00;0.0
2025-05-28 23:00:00;0.0
2025-05-28 23:15:00;0.0
2025-05-28 23:30:00;0.0
2025-05-28 23:45:00;0.0
2025-05-29 00:00:00;0.0
2025-05-29 00:15:00;0.0
2025-05-29 00:30:00;0.0
2025-05-29 00:45:00;0.0
2025-05-29 01:00:00;0.0
2025-05-29 01:15:00;0.0
2025-05-29 01:30:00;0.0
2025-05-29 01:45:00;0.0
2025-05-29 02:00:00;0.0
2025-05-29 02:15:00;0.0
2025-05-29 02:30:00;0.0
2025-05-29 02:45:00;0.0
2025-05-29 03:00:00;0.0
2025-05-29 03:15:00;0.0
2025-05-29 03:30:00;0.0
2025-05-29 03:45:00;0.0
2025-05-29 04:00:00;0.0
2025-05-29 04:15:00;0.0
2025-05-29 04:30:00;0.0
2025-05-29 04:45:00;0.0
2025-05-29 05:00:00;0.0
2025-05-29 05:15:00;0.0
2025-05-29 05:30:00;0.0
2025-05-29 05:45:00;0.0
2025-05-29 06:00:00;0.06410000000000005
2025-05-29 06:15:00;1.0568000000000002
2025-05-29 06:30:00;2.3325
2025-05-29 06:45:00;3.8358
2025-05-29 07:00:00;6.0305
2025-05-29 07:15:00;7.5825
2025-05-29 07:30:00;9.201799999999999
2025-05-29 07:45:00;10.0788
2025-05-29 08:00:00;13.1207
2025-05-29 08:15:00;15.2203
2025-05-29 08:30:00;15.750499999999999
2025-05-29 08:45:00;18.0484
2025-05-29 09:00:00;19.8671
2025-05-29 09:15:00;21.606499999999997
2025-05-29 09:30:00;22.396099999999997
2025-05-29 09:45:00;24.6645
2025-05-29 10:00:00;16.159100000000002
2025-05-29 10:15:00;17.4083
2025-05-29 10:30:00;19.363000000000003
2025-05-29 10:45:00;19.3095
2025-05-29 11:00:00;27.4621
2025-05-29 11:15:00;27.804399999999998
2025-05-29 11:30:00;28.5077
2025-05-29 11:45:00;28.2607
2025-05-29 12:00:00;27.9932
2025-05-29 12:15:00;28.249799999999997
2025-05-29 12:30:00;27.6223
2025-05-29 12:45:00;28.0639
2025-05-29 13:00:00;29.0628
2025-05-29 13:15:00;28.0391
2025-05-29 13:30:00;29.4226
2025-05-29 13:45:00;29.7023
2025-05-29 14:00:00;29.3609
2025-05-29 14:15:00;29.6085
2025-05-29 14:30:00;29.3935
2025-05-29 14:45:00;29.5615
2025-05-29 15:00:00;15.952799999999998
2025-05-29 15:15:00;16.2262
2025-05-29 15:30:00;16.0406
2025-05-29 15:45:00;15.595499999999998
2025-05-29 16:00:00;29.1845
2025-05-29 16:15:00;27.7054
2025-05-29 16:30:00;28.409899999999997
2025-05-29 16:45:00;26.3376
2025-05-29 17:00:00;24.9962
2025-05-29 17:15:00;23.0062
2025-05-29 17:30:00;23.2062
2025-05-29 17:45:00;22.0083
2025-05-29 18:00:00;17.217
2025-05-29 18:15:00;16.6007
2025-05-29 18:30:00;15.8871
2025-05-29 18:45:00;13.3028
2025-05-29 19:00:00;5.6999
2025-05-29 19:15:00;5.2872
2025-05-29 19:30:00;4.369299999999999
2025-05-29 19:45:00;3.7874000000000003
2025-05-29 20:00:00;7.6498
2025-05-29 20:15:00;6.2897
2025-05-29 20:30:00;4.4479
2025-05-29 20:45:00;2.9385000000000003
2025-05-29 21:00:00;2.0792
2025-05-29 21:15:00;0.5920999999999998
2025-05-29 21:30:00;0.0
2025-05-29 21:45:00;0.0
2025-05-29 22:00:00;0.0
2025-05-29 22:15:00;0.0
2025-05-29 22:30:00;0.0
2025-05-29 22:45:00;0.0
2025-05-29 23:00:00;0.0
2025-05-29 23:15:00;0.0
2025-05-29 23:30:00;0.0
2025-05-29 23:45:00;0.0
2025-05-30 00:00:00;0.0
2025-05-30 00:15:00;0.0
2025-05-30 00:30:00;0.0
2025-05-30 00:45:00;0.0
2025-05-30 01:00:00;0.0
2025-05-30 01:15:00;0.0
2025-05-30 01:30:00;0.0
2025-05-30 01:45:00;0.0
2025-05-30 02:00:00;0.0
2025-05-30 02:15:00;0.0
2025-05-30 02:30:00;0.0
2025-05-30 02:45:00;0.0
2025-05-30 03:00:00;0.0
2025-05-30 03:15:00;0.0
2025-05-30 03:30:00;0.0
2025-05-30 03:45:00;0.0
2025-05-30 04:00:00;0.0
2025-05-30 04:15:00;0.0
2025-05-30 04:30:00;0.0
2025-05-30 04:45:00;0.0
2025-05-30 05:00:00;0.0
2025-05-30 05:15:00;0.0
2025-05-30 05:30:00;0.0
2025-05-30 05:45:00;0.0
2025-05-30 06:00:00;0.6522999999999999
2025-05-30 06:15:00;2.5907999999999998
2025-05-30 06:30:00;5.0038
2025-05-30 06:45:00;6.752599999999999
2025-05-30 07:00:00;11.679
2025-05-30 07:15:00;13.6008
2025-05-30 07:30:00;15.7041
2025-05-30 07:45:00;18.4842
2025-05-30 08:00:00;22.5397
2025-05-30 08:15:00;24.2143
2025-05-30 08:30:00;26.3
2025-05-30 08:45:00;27.243
2025-05-30 09:00:00;26.4378
2025-05-30 09:15:00;29.5316
2025-05-30 09:30:00;28.1019
2025-05-30 09:45:00;32.5237
2025-05-30 10:00:00;35.4006
2025-05-30 10:15:00;36.4115
2025-05-30 10:30:00;36.4198
2025-05-30 10:45:00;36.3069
2025-05-30 11:00:00;36.328500000000005
2025-05-30 11:15:00;36.35
2025-05-30 11:30:00;36.3482
2025-05-30 11:45:00;36.4039
2025-05-30 12:00:00;36.3127
2025-05-30 12:15:00;36.3198
2025-05-30 12:30:00;36.4015
2025-05-30 12:45:00;36.3218
2025-05-30 13:00:00;36.277
2025-05-30 13:15:00;36.3584
2025-05-30 13:30:00;36.321600000000004
2025-05-30 13:45:00;36.3812
2025-05-30 14:00:00;36.4105
2025-05-30 14:15:00;36.383500000000005
2025-05-30 14:30:00;36.4216
2025-05-30 14:45:00;36.3616
2025-05-30 15:00:00;36.3242
2025-05-30 15:15:00;36.3949
2025-05-30 15:30:00;36.3948
2025-05-30 15:45:00;36.342600000000004
2025-05-30 16:00:00;36.211400000000005
2025-05-30 16:15:00;36.2057
2025-05-30 16:30:00;36.191900000000004
2025-05-30 16:45:00;36.2476
2025-05-30 17:00:00;32.6053
2025-05-30 17:15:00;32.8018
2025-05-30 17:30:00;31.424899999999997
2025-05-30 17:45:00;27.3337
2025-05-30 18:00:00;27.4628
2025-05-30 18:15:00;25.3111
2025-05-30 18:30:00;24.450599999999998
2025-05-30 18:45:00;21.6653
2025-05-30 19:00:00;21.1636
2025-05-30 19:15:00;20.3005
2025-05-30 19:30:00;17.695500000000003
2025-05-30 19:45:00;15.1677
2025-05-30 20:00:00;13.220600000000001
2025-05-30 20:15:00;10.549800000000001
2025-05-30 20:30:00;7.638
2025-05-30 20:45:00;5.5014
2025-05-30 21:00:00;3.2824000000000004
2025-05-30 21:15:00;0.9944
2025-05-30 21:30:00;0.0
2025-05-30 21:45:00;0.0
2025-05-30 22:00:00;0.0
2025-05-30 22:15:00;0.0
2025-05-30 22:30:00;0.0
2025-05-30 22:45:00;0.0
2025-05-30 23:00:00;0.0
2025-05-30 23:15:00;0.0
2025-05-30 23:30:00;0.0
2025-05-30 23:45:00;0.0
2025-05-31 00:00:00;0.0
2025-05-31 00:15:00;0.0
2025-05-31 00:30:00;0.0
2025-05-31 00:45:00;0.0
2025-05-31 01:00:00;0.0
2025-05-31 01:15:00;0.0
2025-05-31 01:30:00;0.0
2025-05-31 01:45:00;0.0
2025-05-31 02:00:00;0.0
2025-05-31 02:15:00;0.0
2025-05-31 02:30:00;0.0
2025-05-31 02:45:00;0.0
2025-05-31 03:00:00;0.0
2025-05-31 03:15:00;0.0
2025-05-31 03:30:00;0.0
2025-05-31 03:45:00;0.0
2025-05-31 04:00:00;0.0
2025-05-31 04:15:00;0.0
2025-05-31 04:30:00;0.0
2025-05-31 04:45:00;0.0
2025-05-31 05:00:00;0.0
2025-05-31 05:15:00;0.0
2025-05-31 05:30:00;0.0
2025-05-31 05:45:00;0.0
2025-05-31 06:00:00;0.0
2025-05-31 06:15:00;0.14329999999999987
2025-05-31 06:30:00;0.5982000000000001
2025-05-31 06:45:00;1.0866
2025-05-31 07:00:00;1.8015999999999999
2025-05-31 07:15:00;2.0709
2025-05-31 07:30:00;2.5751
2025-05-31 07:45:00;3.2973
2025-05-31 08:00:00;3.5864000000000003
2025-05-31 08:15:00;4.0859
2025-05-31 08:30:00;4.7879000000000005
2025-05-31 08:45:00;4.611000000000001
2025-05-31 09:00:00;7.0779000000000005
2025-05-31 09:15:00;6.9931
2025-05-31 09:30:00;7.1203
2025-05-31 09:45:00;8.5318
2025-05-31 10:00:00;7.900200000000001
2025-05-31 10:15:00;8.587900000000001
2025-05-31 10:30:00;8.7187
2025-05-31 10:45:00;8.9147
2025-05-31 11:00:00;7.6887
2025-05-31 11:15:00;7.8509
2025-05-31 11:30:00;8.2024
2025-05-31 11:45:00;8.4129
2025-05-31 12:00:00;9.0631
2025-05-31 12:15:00;9.4359
2025-05-31 12:30:00;9.1262
2025-05-31 12:45:00;9.1282
2025-05-31 13:00:00;10.993300000000001
2025-05-31 13:15:00;11.286900000000001
2025-05-31 13:30:00;11.941600000000001
2025-05-31 13:45:00;11.623
2025-05-31 14:00:00;11.2498
2025-05-31 14:15:00;11.806000000000001
2025-05-31 14:30:00;11.0428
2025-05-31 14:45:00;10.515
2025-05-31 15:00:00;9.5899
2025-05-31 15:15:00;9.7492
2025-05-31 15:30:00;9.2645
2025-05-31 15:45:00;9.3255
2025-05-31 16:00:00;8.0478
2025-05-31 16:15:00;8.4176
2025-05-31 16:30:00;8.167300000000001
2025-05-31 16:45:00;7.327699999999999
2025-05-31 17:00:00;8.77
2025-05-31 17:15:00;8.1348
2025-05-31 17:30:00;8.2343
2025-05-31 17:45:00;7.7179
2025-05-31 18:00:00;6.5829
2025-05-31 18:15:00;6.0888
2025-05-31 18:30:00;5.430199999999999
2025-05-31 18:45:00;5.031
2025-05-31 19:00:00;4.592700000000001
2025-05-31 19:15:00;3.9905
2025-05-31 19:30:00;3.3242000000000003
2025-05-31 19:45:00;2.7829000000000006
2025-05-31 20:00:00;1.5196999999999998
2025-05-31 20:15:00;1.2247999999999999
2025-05-31 20:30:00;0.7676000000000001
2025-05-31 20:45:00;0.22849999999999993
2025-05-31 21:00:00;0.16769999999999996
2025-05-31 21:15:00;0.0
2025-05-31 21:30:00;0.0
2025-05-31 21:45:00;0.0
2025-05-31 22:00:00;0.0
2025-05-31 22:15:00;0.0
2025-05-31 22:30:00;0.0
2025-05-31 22:45:00;0.0
2025-05-31 23:00:00;0.0
2025-05-31 23:15:00;0.0
2025-05-31 23:30:00;0.0
2025-05-31 23:45:00;0.0
2025-06-01 00:00:00;0.0
2025-06-01 00:15:00;0.0
2025-06-01 00:30:00;0.0
2025-06-01 00:45:00;0.0
2025-06-01 01:00:00;0.0
2025-06-01 01:15:00;0.0
2025-06-01 01:30:00;0.0
2025-06-01 01:45:00;0.0
2025-06-01 02:00:00;0.0
2025-06-01 02:15:00;0.0
2025-06-01 02:30:00;0.0
2025-06-01 02:45:00;0.0
2025-06-01 03:00:00;0.0
2025-06-01 03:15:00;0.0
2025-06-01 03:30:00;0.0
2025-06-01 03:45:00;0.0
2025-06-01 04:00:00;0.0
2025-06-01 04:15:00;0.0
2025-06-01 04:30:00;0.0
2025-06-01 04:45:00;0.0
2025-06-01 05:00:00;0.0
2025-06-01 05:15:00;0.0
2025-06-01 05:30:00;0.0
2025-06-01 05:45:00;0.1904
2025-06-01 06:00:00;0.21110000000000007
2025-06-01 06:15:00;0.8194999999999999
2025-06-01 06:30:00;1.3835000000000002
2025-06-01 06:45:00;1.8759000000000001
2025-06-01 07:00:00;2.5602
2025-06-01 07:15:00;2.8291
2025-06-01 07:30:00;3.2236
2025-06-01 07:45:00;3.8474000000000004
2025-06-01 08:00:00;4.1628
2025-06-01 08:15:00;4.5069
2025-06-01 08:30:00;5.550800000000001
2025-06-01 08:45:00;5.5363999999999995
2025-06-01 09:00:00;7.134399999999999
2025-06-01 09:15:00;7.800599999999999
2025-06-01 09:30:00;7.864599999999999
2025-06-01 09:45:00;7.7893
2025-06-01 10:00:00;8.6746
2025-06-01 10:15:00;8.0939
2025-06-01 10:30:00;9.2116
2025-06-01 10:45:00;9.4554
2025-06-01 11:00:00;8.6307
2025-06-01 11:15:00;9.0474
2025-06-01 11:30:00;8.988399999999999
2025-06-01 11:45:00;8.988900000000001
2025-06-01 12:00:00;11.3688
2025-06-01 12:15:00;11.4495
2025-06-01 12:30:00;12.8634
2025-06-01 12:45:00;12.314499999999999
2025-06-01 13:00:00;12.9193
2025-06-01 13:15:00;12.0701
2025-06-01 13:30:00;11.904900000000001
2025-06-01 13:45:00;11.9567
2025-06-01 14:00:00;11.7601
2025-06-01 14:15:00;10.528799999999999
2025-06-01 14:30:00;11.34
2025-06-01 14:45:00;11.7012
2025-06-01 15:00:00;11.4772
2025-06-01 15:15:00;10.7874
2025-06-01 15:30:00;10.5616
2025-06-01 15:45:00;10.4147
2025-06-01 16:00:00;9.6994
2025-06-01 16:15:00;9.7607
2025-06-01 16:30:00;9.0698
2025-06-01 16:45:00;8.7938
2025-06-01 17:00:00;10.6119
2025-06-01 17:15:00;10.1675
2025-06-01 17:30:00;10.5832
2025-06-01 17:45:00;9.1826
2025-06-01 18:00:00;6.5461
2025-06-01 18:15:00;6.3606
2025-06-01 18:30:00;6.0911
2025-06-01 18:45:00;5.3266
2025-06-01 19:00:00;4.4703
2025-06-01 19:15:00;3.8947999999999996
2025-06-01 19:30:00;3.7721000000000005
2025-06-01 19:45:00;3.3588000000000005
2025-06-01 20:00:00;3.9482999999999997
2025-06-01 20:15:00;3.2075
2025-06-01 20:30:00;2.6353
2025-06-01 20:45:00;2.0101
2025-06-01 21:00:00;1.5452999999999997
2025-06-01 21:15:00;0.7672
2025-06-01 21:30:00;0.32919999999999994
2025-06-01 21:45:00;0.0
2025-06-01 22:00:00;0.0
2025-06-01 22:15:00;0.0
2025-06-01 22:30:00;0.0
2025-06-01 22:45:00;0.0
2025-06-01 23:00:00;0.0
2025-06-01 23:15:00;0.0
2025-06-01 23:30:00;0.0
2025-06-01 23:45:00;0.0
2025-06-02 00:00:00;0.0
2025-06-02 00:15:00;0.0
2025-06-02 00:30:00;0.0
2025-06-02 00:45:00;0.0
2025-06-02 01:00:00;0.0
2025-06-02 01:15:00;0.0
2025-06-02 01:30:00;0.0
2025-06-02 01:45:00;0.0
2025-06-02 02:00:00;0.0
2025-06-02 02:15:00;0.0
2025-06-02 02:30:00;0.0
2025-06-02 02:45:00;0.0
2025-06-02 03:00:00;0.0
2025-06-02 03:15:00;0.0
2025-06-02 03:30:00;0.0
2025-06-02 03:45:00;0.0
2025-06-02 04:00:00;0.0
2025-06-02 04:15:00;0.0
2025-06-02 04:30:00;0.0
2025-06-02 04:45:00;0.0
2025-06-02 05:00:00;0.0
2025-06-02 05:15:00;0.0
2025-06-02 05:30:00;0.0
2025-06-02 05:45:00;0.0
2025-06-02 06:00:00;0.0
2025-06-02 06:15:00;0.0
2025-06-02 06:30:00;0.0
2025-06-02 06:45:00;0.09680000000000011
2025-06-02 07:00:00;0.11129999999999995
2025-06-02 07:15:00;0.47120000000000006
2025-06-02 07:30:00;0.5846
2025-06-02 07:45:00;0.7345000000000002
2025-06-02 08:00:00;1.549
2025-06-02 08:15:00;1.8895
2025-06-02 08:30:00;2.1534
2025-06-02 08:45:00;2.3237
2025-06-02 09:00:00;2.5035
2025-06-02 09:15:00;2.6306
2025-06-02 09:30:00;2.9071
2025-06-02 09:45:00;3.0734000000000004
2025-06-02 10:00:00;2.9313000000000002
2025-06-02 10:15:00;3.0446999999999997
2025-06-02 10:30:00;3.1778999999999997
2025-06-02 10:45:00;3.3931
2025-06-02 11:00:00;4.0431
2025-06-02 11:15:00;4.0484
2025-06-02 11:30:00;4.2195
2025-06-02 11:45:00;4.0613
2025-06-02 12:00:00;3.2581
2025-06-02 12:15:00;3.29
2025-06-02 12:30:00;3.4642000000000004
2025-06-02 12:45:00;3.4116999999999997
2025-06-02 13:00:00;3.8011
2025-06-02 13:15:00;3.6612999999999998
2025-06-02 13:30:00;3.9757999999999996
2025-06-02 13:45:00;3.945
2025-06-02 14:00:00;4.5279
2025-06-02 14:15:00;4.5808
2025-06-02 14:30:00;4.3338
2025-06-02 14:45:00;4.2439
2025-06-02 15:00:00;4.9282
2025-06-02 15:15:00;4.5564
2025-06-02 15:30:00;4.6086
2025-06-02 15:45:00;4.3624
2025-06-02 16:00:00;3.3097000000000003
2025-06-02 16:15:00;3.1997999999999998
2025-06-02 16:30:00;3.1551
2025-06-02 16:45:00;3.0263
2025-06-02 17:00:00;3.5649000000000006
2025-06-02 17:15:00;3.3683000000000005
2025-06-02 17:30:00;3.1853000000000002
2025-06-02 17:45:00;3.0412
2025-06-02 18:00:00;2.2594000000000003
2025-06-02 18:15:00;2.3772
2025-06-02 18:30:00;2.0207
2025-06-02 18:45:00;1.8319
2025-06-02 19:00:00;1.2409
2025-06-02 19:15:00;1.0054
2025-06-02 19:30:00;0.8791
2025-06-02 19:45:00;0.7215
2025-06-02 20:00:00;0.8287
2025-06-02 20:15:00;0.6833
2025-06-02 20:30:00;0.1735
2025-06-02 20:45:00;0.10460000000000003
2025-06-02 21:00:00;0.0
2025-06-02 21:15:00;0.0
2025-06-02 21:30:00;0.0
2025-06-02 21:45:00;0.0
2025-06-02 22:00:00;0.0
2025-06-02 22:15:00;0.0
2025-06-02 22:30:00;0.0
2025-06-02 22:45:00;0.0
2025-06-02 23:00:00;0.0
2025-06-02 23:15:00;0.0
2025-06-02 23:30:00;0.0
2025-06-02 23:45:00;0.0
2025-06-03 00:00:00;0.0
2025-06-03 00:15:00;0.0
2025-06-03 00:30:00;0.0
2025-06-03 00:45:00;0.0
2025-06-03 01:00:00;0.0
2025-06-03 01:15:00;0.0
2025-06-03 01:30:00;0.0
2025-06-03 01:45:00;0.0
2025-06-03 02:00:00;0.0
2025-06-03 02:15:00;0.0
2025-06-03 02:30:00;0.0
2025-06-03 02:45:00;0.0
2025-06-03 03:00:00;0.0
2025-06-03 03:15:00;0.0
2025-06-03 03:30:00;0.0
2025-06-03 03:45:00;0.0
2025-06-03 04:00:00;0.0
2025-06-03 04:15:00;0.0
2025-06-03 04:30:00;0.0
2025-06-03 04:45:00;0.0
2025-06-03 05:00:00;0.0
2025-06-03 05:15:00;0.0
2025-06-03 05:30:00;0.0
2025-06-03 05:45:00;0.0
2025-06-03 06:00:00;0.0
2025-06-03 06:15:00;0.35509999999999997
2025-06-03 06:30:00;0.9452
2025-06-03 06:45:00;1.2832000000000001
2025-06-03 07:00:00;2.0015
2025-06-03 07:15:00;2.5042999999999997
2025-06-03 07:30:00;2.8261000000000003
2025-06-03 07:45:00;3.3308
2025-06-03 08:00:00;5.3995999999999995
2025-06-03 08:15:00;5.5295000000000005
2025-06-03 08:30:00;6.1976
2025-06-03 08:45:00;6.9963
2025-06-03 09:00:00;7.452299999999999
2025-06-03 09:15:00;8.2127
2025-06-03 09:30:00;9.065
2025-06-03 09:45:00;8.787899999999999
2025-06-03 10:00:00;7.4824
2025-06-03 10:15:00;7.6517
2025-06-03 10:30:00;7.933599999999999
2025-06-03 10:45:00;8.623700000000001
2025-06-03 11:00:00;11.2546
2025-06-03 11:15:00;11.4872
2025-06-03 11:30:00;11.8646
2025-06-03 11:45:00;11.2637
2025-06-03 12:00:00;12.41
2025-06-03 12:15:00;11.2608
2025-06-03 12:30:00;13.063500000000001
2025-06-03 12:45:00;12.201400000000001
2025-06-03 13:00:00;12.474799999999998
2025-06-03 13:15:00;12.1997
2025-06-03 13:30:00;11.3587
2025-06-03 13:45:00;12.1582
2025-06-03 14:00:00;11.815100000000001
2025-06-03 14:15:00;12.140500000000001
2025-06-03 14:30:00;11.7808
2025-06-03 14:45:00;11.939200000000001
2025-06-03 15:00:00;10.5763
2025-06-03 15:15:00;9.836400000000001
2025-06-03 15:30:00;10.069700000000001
2025-06-03 15:45:00;9.571100000000001
2025-06-03 16:00:00;11.7546
2025-06-03 16:15:00;11.2018
2025-06-03 16:30:00;9.9694
2025-06-03 16:45:00;10.134500000000001
2025-06-03 17:00:00;9.0716
2025-06-03 17:15:00;7.697299999999999
2025-06-03 17:30:00;8.0473
2025-06-03 17:45:00;7.5357
2025-06-03 18:00:00;7.531599999999999
2025-06-03 18:15:00;6.8504
2025-06-03 18:30:00;6.9292
2025-06-03 18:45:00;6.1953
2025-06-03 19:00:00;5.7518
2025-06-03 19:15:00;4.850899999999999
2025-06-03 19:30:00;4.1588
2025-06-03 19:45:00;3.6859
2025-06-03 20:00:00;3.3548
2025-06-03 20:15:00;2.9057999999999993
2025-06-03 20:30:00;2.4509
2025-06-03 20:45:00;1.7045
2025-06-03 21:00:00;1.3538999999999999
2025-06-03 21:15:00;1.0089
2025-06-03 21:30:00;0.17579999999999996
2025-06-03 21:45:00;0.0
2025-06-03 22:00:00;0.0
2025-06-03 22:15:00;0.0
2025-06-03 22:30:00;0.0
2025-06-03 22:45:00;0.0
2025-06-03 23:00:00;0.0
2025-06-03 23:15:00;0.0
2025-06-03 23:30:00;0.0
2025-06-03 23:45:00;0.0
2025-06-04 00:00:00;0.0
2025-06-04 00:15:00;0.0
2025-06-04 00:30:00;0.0
2025-06-04 00:45:00;0.0
2025-06-04 01:00:00;0.0
2025-06-04 01:15:00;0.0
2025-06-04 01:30:00;0.0
2025-06-04 01:45:00;0.0
2025-06-04 02:00:00;0.0
2025-06-04 02:15:00;0.0
2025-06-04 02:30:00;0.0
2025-06-04 02:45:00;0.0
2025-06-04 03:00:00;0.0
2025-06-04 03:15:00;0.0
2025-06-04 03:30:00;0.0
2025-06-04 03:45:00;0.0
2025-06-04 04:00:00;0.0
2025-06-04 04:15:00;0.0
2025-06-04 04:30:00;0.0
2025-06-04 04:45:00;0.0
2025-06-04 05:00:00;0.0
2025-06-04 05:15:00;0.0
2025-06-04 05:30:00;0.0
2025-06-04 05:45:00;0.0
2025-06-04 06:00:00;0.0
2025-06-04 06:15:00;0.7523
2025-06-04 06:30:00;1.2817
2025-06-04 06:45:00;1.8071
2025-06-04 07:00:00;2.1310000000000002
2025-06-04 07:15:00;2.8302000000000005
2025-06-04 07:30:00;3.7969
2025-06-04 07:45:00;4.1584
2025-06-04 08:00:00;4.6185
2025-06-04 08:15:00;5.3437
2025-06-04 08:30:00;5.439500000000001
2025-06-04 08:45:00;6.5188999999999995
2025-06-04 09:00:00;6.4881
2025-06-04 09:15:00;7.408900000000001
2025-06-04 09:30:00;7.981800000000001
2025-06-04 09:45:00;7.653300000000001
2025-06-04 10:00:00;9.222
2025-06-04 10:15:00;9.8249
2025-06-04 10:30:00;9.7538
2025-06-04 10:45:00;10.1926
2025-06-04 11:00:00;9.994
2025-06-04 11:15:00;10.863800000000001
2025-06-04 11:30:00;10.5426
2025-06-04 11:45:00;10.374699999999999
2025-06-04 12:00:00;11.2952
2025-06-04 12:15:00;11.2403
2025-06-04 12:30:00;11.991999999999999
2025-06-04 12:45:00;12.1959
2025-06-04 13:00:00;9.8512
2025-06-04 13:15:00;10.5457
2025-06-04 13:30:00;10.6192
2025-06-04 13:45:00;10.7946
2025-06-04 14:00:00;9.7757
2025-06-04 14:15:00;9.5343
2025-06-04 14:30:00;9.4788
2025-06-04 14:45:00;8.983799999999999
2025-06-04 15:00:00;11.5842
2025-06-04 15:15:00;10.7724
2025-06-04 15:30:00;11.0123
2025-06-04 15:45:00;10.407699999999998
2025-06-04 16:00:00;9.3529
2025-06-04 16:15:00;8.876999999999999
2025-06-04 16:30:00;8.5874
2025-06-04 16:45:00;8.916599999999999
2025-06-04 17:00:00;8.0374
2025-06-04 17:15:00;7.836399999999999
2025-06-04 17:30:00;7.4664
2025-06-04 17:45:00;7.0855
2025-06-04 18:00:00;7.605
2025-06-04 18:15:00;7.1105
2025-06-04 18:30:00;6.0595
2025-06-04 18:45:00;6.2443
2025-06-04 19:00:00;4.890599999999999
2025-06-04 19:15:00;4.2246999999999995
2025-06-04 19:30:00;3.9397999999999995
2025-06-04 19:45:00;3.3036000000000003
2025-06-04 20:00:00;3.3685
2025-06-04 20:15:00;2.8175
2025-06-04 20:30:00;2.1612
2025-06-04 20:45:00;1.6434999999999997
2025-06-04 21:00:00;1.2389
2025-06-04 21:15:00;0.5964999999999998
2025-06-04 21:30:00;0.0
2025-06-04 21:45:00;0.0
2025-06-04 22:00:00;0.0
2025-06-04 22:15:00;0.0
2025-06-04 22:30:00;0.0
2025-06-04 22:45:00;0.0
2025-06-04 23:00:00;0.0
2025-06-04 23:15:00;0.0
2025-06-04 23:30:00;0.0
2025-06-04 23:45:00;0.0
2025-06-05 00:00:00;0.0
2025-06-05 00:15:00;0.0
2025-06-05 00:30:00;0.0
2025-06-05 00:45:00;0.0
2025-06-05 01:00:00;0.0
2025-06-05 01:15:00;0.0
2025-06-05 01:30:00;0.0
2025-06-05 01:45:00;0.0
2025-06-05 02:00:00;0.0
2025-06-05 02:15:00;0.0
2025-06-05 02:30:00;0.0
2025-06-05 02:45:00;0.0
2025-06-05 03:00:00;0.0
2025-06-05 03:15:00;0.0
2025-06-05 03:30:00;0.0
2025-06-05 03:45:00;0.0
2025-06-05 04:00:00;0.0
2025-06-05 04:15:00;0.0
2025-06-05 04:30:00;0.0
2025-06-05 04:45:00;0.0
2025-06-05 05:00:00;0.0
2025-06-05 05:15:00;0.0
2025-06-05 05:30:00;0.0
2025-06-05 05:45:00;1.4297
2025-06-05 06:00:00;3.4243
2025-06-05 06:15:00;5.8703
2025-06-05 06:30:00;7.5022
2025-06-05 06:45:00;10.1209
2025-06-05 07:00:00;13.4315
2025-06-05 07:15:00;15.8364
2025-06-05 07:30:00;19.3489
2025-06-05 07:45:00;20.4865
2025-06-05 08:00:00;21.2615
2025-06-05 08:15:00;23.575799999999997
2025-06-05 08:30:00;25.305899999999998
2025-06-05 08:45:00;26.656000000000002
2025-06-05 09:00:00;30.3288
2025-06-05 09:15:00;32.83069999999999
2025-06-05 09:30:00;32.5745
2025-06-05 09:45:00;33.936
2025-06-05 10:00:00;36.4171
2025-06-05 10:15:00;36.304500000000004
2025-06-05 10:30:00;35.5967
2025-06-05 10:45:00;36.4985
2025-06-05 11:00:00;36.512299999999996
2025-06-05 11:15:00;36.4801
2025-06-05 11:30:00;36.4362
2025-06-05 11:45:00;36.4913
2025-06-05 12:00:00;36.330600000000004
2025-06-05 12:15:00;36.366499999999995
2025-06-05 12:30:00;36.475199999999994
2025-06-05 12:45:00;36.5311
2025-06-05 13:00:00;36.390299999999996
2025-06-05 13:15:00;36.479800000000004
2025-06-05 13:30:00;36.4678
2025-06-05 13:45:00;36.5109
2025-06-05 14:00:00;36.4268
2025-06-05 14:15:00;36.536899999999996
2025-06-05 14:30:00;36.474700000000006
2025-06-05 14:45:00;36.4598
2025-06-05 15:00:00;36.528
2025-06-05 15:15:00;36.5027
2025-06-05 15:30:00;36.4975
2025-06-05 15:45:00;36.5099
2025-06-05 16:00:00;36.381
2025-06-05 16:15:00;36.314
2025-06-05 16:30:00;36.3842
2025-06-05 16:45:00;36.4467
2025-06-05 17:00:00;36.1134
2025-06-05 17:15:00;35.987500000000004
2025-06-05 17:30:00;36.120999999999995
2025-06-05 17:45:00;35.984199999999994
2025-06-05 18:00:00;34.5896
2025-06-05 18:15:00;33.028000000000006
2025-06-05 18:30:00;32.8863
2025-06-05 18:45:00;28.994600000000002
2025-06-05 19:00:00;25.5138
2025-06-05 19:15:00;24.349899999999998
2025-06-05 19:30:00;21.7682
2025-06-05 19:45:00;19.9727
2025-06-05 20:00:00;20.334400000000002
2025-06-05 20:15:00;18.2562
2025-06-05 20:30:00;15.0545
2025-06-05 20:45:00;12.8367
2025-06-05 21:00:00;7.1741
2025-06-05 21:15:00;4.8645
2025-06-05 21:30:00;3.079
2025-06-05 21:45:00;0.9484999999999999
2025-06-05 22:00:00;0.0
2025-06-05 22:15:00;0.0
2025-06-05 22:30:00;0.0
2025-06-05 22:45:00;0.0
2025-06-05 23:00:00;0.0
2025-06-05 23:15:00;0.0
2025-06-05 23:30:00;0.0
2025-06-05 23:45:00;0.0
2025-06-06 00:00:00;0.0
2025-06-06 00:15:00;0.0
2025-06-06 00:30:00;0.0
2025-06-06 00:45:00;0.0
2025-06-06 01:00:00;0.0
2025-06-06 01:15:00;0.0
2025-06-06 01:30:00;0.0
2025-06-06 01:45:00;0.0
2025-06-06 02:00:00;0.0
2025-06-06 02:15:00;0.0
2025-06-06 02:30:00;0.0
2025-06-06 02:45:00;0.0
2025-06-06 03:00:00;0.0
2025-06-06 03:15:00;0.0
2025-06-06 03:30:00;0.0
2025-06-06 03:45:00;0.0
2025-06-06 04:00:00;0.0
2025-06-06 04:15:00;0.0
2025-06-06 04:30:00;0.0
2025-06-06 04:45:00;0.0
2025-06-06 05:00:00;0.0
2025-06-06 05:15:00;0.0
2025-06-06 05:30:00;0.0
2025-06-06 05:45:00;0.0
2025-06-06 06:00:00;0.0
2025-06-06 06:15:00;0.0
2025-06-06 06:30:00;0.0
2025-06-06 06:45:00;0.2124999999999999
2025-06-06 07:00:00;0.028899999999999926
2025-06-06 07:15:00;0.024599999999999955
2025-06-06 07:30:00;0.18199999999999994
2025-06-06 07:45:00;0.4837999999999998
2025-06-06 08:00:00;1.1097
2025-06-06 08:15:00;1.2608
2025-06-06 08:30:00;1.5446999999999997
2025-06-06 08:45:00;1.7235
2025-06-06 09:00:00;2.3249
2025-06-06 09:15:00;2.3647
2025-06-06 09:30:00;2.3802999999999996
2025-06-06 09:45:00;2.7961
2025-06-06 10:00:00;3.1696
2025-06-06 10:15:00;3.138
2025-06-06 10:30:00;3.463
2025-06-06 10:45:00;3.6139
2025-06-06 11:00:00;3.1741
2025-06-06 11:15:00;3.2531
2025-06-06 11:30:00;3.3215
2025-06-06 11:45:00;3.3805999999999994
2025-06-06 12:00:00;4.4626
2025-06-06 12:15:00;4.562600000000001
2025-06-06 12:30:00;4.6246
2025-06-06 12:45:00;4.5986
2025-06-06 13:00:00;4.052899999999999
2025-06-06 13:15:00;4.027399999999999
2025-06-06 13:30:00;3.8886000000000003
2025-06-06 13:45:00;4.2324
2025-06-06 14:00:00;4.1358
2025-06-06 14:15:00;3.7887
2025-06-06 14:30:00;4.0021
2025-06-06 14:45:00;3.9272
2025-06-06 15:00:00;4.2215
2025-06-06 15:15:00;4.4042
2025-06-06 15:30:00;3.9737999999999998
2025-06-06 15:45:00;3.9020999999999995
2025-06-06 16:00:00;4.3716
2025-06-06 16:15:00;3.9043
2025-06-06 16:30:00;3.7639000000000005
2025-06-06 16:45:00;3.8228999999999997
2025-06-06 17:00:00;3.4962
2025-06-06 17:15:00;3.1953000000000005
2025-06-06 17:30:00;2.9298
2025-06-06 17:45:00;2.7237
2025-06-06 18:00:00;1.9343
2025-06-06 18:15:00;1.8138999999999998
2025-06-06 18:30:00;1.8152
2025-06-06 18:45:00;1.4203999999999999
2025-06-06 19:00:00;0.8656000000000001
2025-06-06 19:15:00;0.8081999999999998
2025-06-06 19:30:00;0.6171
2025-06-06 19:45:00;0.44679999999999986
2025-06-06 20:00:00;0.6927999999999999
2025-06-06 20:15:00;0.5036
2025-06-06 20:30:00;0.2157
2025-06-06 20:45:00;0.028899999999999926
2025-06-06 21:00:00;0.0784999999999999
2025-06-06 21:15:00;0.0
2025-06-06 21:30:00;0.0
2025-06-06 21:45:00;0.0
2025-06-06 22:00:00;0.0
2025-06-06 22:15:00;0.0
2025-06-06 22:30:00;0.0
2025-06-06 22:45:00;0.0
2025-06-06 23:00:00;0.0
2025-06-06 23:15:00;0.0
2025-06-06 23:30:00;0.0
2025-06-06 23:45:00;0.0
2025-06-07 00:00:00;0.0
2025-06-07 00:15:00;0.0
2025-06-07 00:30:00;0.0
2025-06-07 00:45:00;0.0
2025-06-07 01:00:00;0.0
2025-06-07 01:15:00;0.0
2025-06-07 01:30:00;0.0
2025-06-07 01:45:00;0.0
2025-06-07 02:00:00;0.0
2025-06-07 02:15:00;0.0
2025-06-07 02:30:00;0.0
2025-06-07 02:45:00;0.0
2025-06-07 03:00:00;0.0
2025-06-07 03:15:00;0.0
2025-06-07 03:30:00;0.0
2025-06-07 03:45:00;0.0
2025-06-07 04:00:00;0.0
2025-06-07 04:15:00;0.0
2025-06-07 04:30:00;0.0
2025-06-07 04:45:00;0.0
2025-06-07 05:00:00;0.0
2025-06-07 05:15:00;0.0
2025-06-07 05:30:00;0.0
2025-06-07 05:45:00;0.0
2025-06-07 06:00:00;0.2771999999999999
2025-06-07 06:15:00;0.9025999999999998
2025-06-07 06:30:00;1.4498
2025-06-07 06:45:00;2.3594999999999997
2025-06-07 07:00:00;2.4004
2025-06-07 07:15:00;3.3246
2025-06-07 07:30:00;4.078
2025-06-07 07:45:00;4.337999999999999
2025-06-07 08:00:00;4.7644
2025-06-07 08:15:00;4.9898
2025-06-07 08:30:00;5.5084
2025-06-07 08:45:00;6.6205
2025-06-07 09:00:00;7.3147
2025-06-07 09:15:00;7.8027999999999995
2025-06-07 09:30:00;7.907100000000001
2025-06-07 09:45:00;8.244
2025-06-07 10:00:00;8.3618
2025-06-07 10:15:00;8.6864
2025-06-07 10:30:00;9.7609
2025-06-07 10:45:00;9.630600000000001
2025-06-07 11:00:00;10.6538
2025-06-07 11:15:00;11.2591
2025-06-07 11:30:00;11.6827
2025-06-07 11:45:00;12.027
2025-06-07 12:00:00;10.4009
2025-06-07 12:15:00;10.6519
2025-06-07 12:30:00;10.9862
2025-06-07 12:45:00;11.1364
2025-06-07 13:00:00;11.4633
2025-06-07 13:15:00;11.467799999999999
2025-06-07 13:30:00;11.616399999999999
2025-06-07 13:45:00;11.1543
2025-06-07 14:00:00;11.1738
2025-06-07 14:15:00;11.1542
2025-06-07 14:30:00;10.6228
2025-06-07 14:45:00;10.9442
2025-06-07 15:00:00;11.893099999999999
2025-06-07 15:15:00;12.1549
2025-06-07 15:30:00;11.4781
2025-06-07 15:45:00;11.3035
2025-06-07 16:00:00;11.1861
2025-06-07 16:15:00;11.126
2025-06-07 16:30:00;11.0688
2025-06-07 16:45:00;10.8625
2025-06-07 17:00:00;10.448
2025-06-07 17:15:00;9.6759
2025-06-07 17:30:00;9.2741
2025-06-07 17:45:00;8.928099999999999
2025-06-07 18:00:00;7.1754
2025-06-07 18:15:00;6.8055
2025-06-07 18:30:00;6.4692
2025-06-07 18:45:00;5.622
2025-06-07 19:00:00;5.1702
2025-06-07 19:15:00;4.5017
2025-06-07 19:30:00;4.083600000000001
2025-06-07 19:45:00;3.6527999999999996
2025-06-07 20:00:00;3.4452
2025-06-07 20:15:00;2.8061000000000003
2025-06-07 20:30:00;2.1601
2025-06-07 20:45:00;1.683
2025-06-07 21:00:00;1.361
2025-06-07 21:15:00;0.7112
2025-06-07 21:30:00;0.1573
2025-06-07 21:45:00;0.0
2025-06-07 22:00:00;0.0
2025-06-07 22:15:00;0.0
2025-06-07 22:30:00;0.0
2025-06-07 22:45:00;0.0
2025-06-07 23:00:00;0.0
2025-06-07 23:15:00;0.0
2025-06-07 23:30:00;0.0
2025-06-07 23:45:00;0.0
2025-06-08 00:00:00;0.0
2025-06-08 00:15:00;0.0
2025-06-08 00:30:00;0.0
2025-06-08 00:45:00;0.0
2025-06-08 01:00:00;0.0
2025-06-08 01:15:00;0.0
2025-06-08 01:30:00;0.0
2025-06-08 01:45:00;0.0
2025-06-08 02:00:00;0.0
2025-06-08 02:15:00;0.0
2025-06-08 02:30:00;0.0
2025-06-08 02:45:00;0.0
2025-06-08 03:00:00;0.0
2025-06-08 03:15:00;0.0
2025-06-08 03:30:00;0.0
2025-06-08 03:45:00;0.0
2025-06-08 04:00:00;0.0
2025-06-08 04:15:00;0.0
2025-06-08 04:30:00;0.0
2025-06-08 04:45:00;0.0
2025-06-08 05:00:00;0.0
2025-06-08 05:15:00;0.0
2025-06-08 05:30:00;0.0
2025-06-08 05:45:00;2.0143999999999997
2025-06-08 06:00:00;4.3636
2025-06-08 06:15:00;7.1236
2025-06-08 06:30:00;9.5712
2025-06-08 06:45:00;11.7724
2025-06-08 07:00:00;10.6295
2025-06-08 07:15:00;12.7781
2025-06-08 07:30:00;14.8781
2025-06-08 07:45:00;17.6189
2025-06-08 08:00:00;20.2226
2025-06-08 08:15:00;21.4278
2025-06-08 08:30:00;22.2893
2025-06-08 08:45:00;25.3738
2025-06-08 09:00:00;25.581
2025-06-08 09:15:00;26.3479
2025-06-08 09:30:00;27.9712
2025-06-08 09:45:00;30.4463
2025-06-08 10:00:00;36.567099999999996
2025-06-08 10:15:00;36.5477
2025-06-08 10:30:00;36.5769
2025-06-08 10:45:00;36.5584
2025-06-08 11:00:00;36.533
2025-06-08 11:15:00;36.5522
2025-06-08 11:30:00;36.4688
2025-06-08 11:45:00;36.5278
2025-06-08 12:00:00;36.4575
2025-06-08 12:15:00;36.559
2025-06-08 12:30:00;36.551199999999994
2025-06-08 12:45:00;36.443999999999996
2025-06-08 13:00:00;36.5357
2025-06-08 13:15:00;36.5137
2025-06-08 13:30:00;36.566199999999995
2025-06-08 13:45:00;36.5655
2025-06-08 14:00:00;36.5946
2025-06-08 14:15:00;36.587
2025-06-08 14:30:00;36.5861
2025-06-08 14:45:00;36.5597
2025-06-08 15:00:00;36.557900000000004
2025-06-08 15:15:00;36.523399999999995
2025-06-08 15:30:00;36.539300000000004
2025-06-08 15:45:00;36.514900000000004
2025-06-08 16:00:00;36.3622
2025-06-08 16:15:00;36.3742
2025-06-08 16:30:00;36.4353
2025-06-08 16:45:00;36.4114
2025-06-08 17:00:00;36.1079
2025-06-08 17:15:00;36.2145
2025-06-08 17:30:00;34.967
2025-06-08 17:45:00;34.4629
2025-06-08 18:00:00;28.604400000000002
2025-06-08 18:15:00;28.4329
2025-06-08 18:30:00;25.5696
2025-06-08 18:45:00;24.968600000000002
2025-06-08 19:00:00;22.4877
2025-06-08 19:15:00;20.8469
2025-06-08 19:30:00;19.922900000000002
2025-06-08 19:45:00;17.252299999999998
2025-06-08 20:00:00;17.5894
2025-06-08 20:15:00;15.188600000000001
2025-06-08 20:30:00;12.6278
2025-06-08 20:45:00;11.233
2025-06-08 21:00:00;8.0625
2025-06-08 21:15:00;6.14
2025-06-08 21:30:00;3.5449
2025-06-08 21:45:00;1.3443
2025-06-08 22:00:00;0.0
2025-06-08 22:15:00;0.0
2025-06-08 22:30:00;0.0
2025-06-08 22:45:00;0.0
2025-06-08 23:00:00;0.0
2025-06-08 23:15:00;0.0
2025-06-08 23:30:00;0.0
2025-06-08 23:45:00;0.0
2025-06-09 00:00:00;0.0
2025-06-09 00:15:00;0.0
2025-06-09 00:30:00;0.0
2025-06-09 00:45:00;0.0
2025-06-09 01:00:00;0.0
2025-06-09 01:15:00;0.0
2025-06-09 01:30:00;0.0
2025-06-09 01:45:00;0.0
2025-06-09 02:00:00;0.0
2025-06-09 02:15:00;0.0
2025-06-09 02:30:00;0.0
2025-06-09 02:45:00;0.0
2025-06-09 03:00:00;0.0
2025-06-09 03:15:00;0.0
2025-06-09 03:30:00;0.0
2025-06-09 03:45:00;0.0
2025-06-09 04:00:00;0.0
2025-06-09 04:15:00;0.0
2025-06-09 04:30:00;0.0
2025-06-09 04:45:00;0.0
2025-06-09 05:00:00;0.0
2025-06-09 05:15:00;0.0
2025-06-09 05:30:00;0.0
2025-06-09 05:45:00;0.0131
2025-06-09 06:00:00;0.3824000000000001
2025-06-09 06:15:00;0.8802000000000001
2025-06-09 06:30:00;1.7037000000000002
2025-06-09 06:45:00;2.2357000000000005
2025-06-09 07:00:00;1.9527999999999999
2025-06-09 07:15:00;2.7009999999999996
2025-06-09 07:30:00;2.9133
2025-06-09 07:45:00;3.4879
2025-06-09 08:00:00;3.6441
2025-06-09 08:15:00;4.212
2025-06-09 08:30:00;4.4391
2025-06-09 08:45:00;5.1049999999999995
2025-06-09 09:00:00;6.487
2025-06-09 09:15:00;7.0577000000000005
2025-06-09 09:30:00;7.121099999999999
2025-06-09 09:45:00;7.6008
2025-06-09 10:00:00;9.783299999999999
2025-06-09 10:15:00;10.0951
2025-06-09 10:30:00;10.7902
2025-06-09 10:45:00;11.353900000000001
2025-06-09 11:00:00;11.1378
2025-06-09 11:15:00;11.379900000000001
2025-06-09 11:30:00;12.0979
2025-06-09 11:45:00;12.152700000000001
2025-06-09 12:00:00;11.152
2025-06-09 12:15:00;11.7126
2025-06-09 12:30:00;12.4206
2025-06-09 12:45:00;11.956299999999999
2025-06-09 13:00:00;10.0866
2025-06-09 13:15:00;9.6111
2025-06-09 13:30:00;10.4172
2025-06-09 13:45:00;10.3759
2025-06-09 14:00:00;12.2251
2025-06-09 14:15:00;10.8881
2025-06-09 14:30:00;11.683499999999999
2025-06-09 14:45:00;11.626999999999999
2025-06-09 15:00:00;10.8543
2025-06-09 15:15:00;10.073
2025-06-09 15:30:00;9.655000000000001
2025-06-09 15:45:00;10.2187
2025-06-09 16:00:00;9.706
2025-06-09 16:15:00;8.5901
2025-06-09 16:30:00;8.7862
2025-06-09 16:45:00;8.6305
2025-06-09 17:00:00;8.825
2025-06-09 17:15:00;8.490400000000001
2025-06-09 17:30:00;7.8273
2025-06-09 17:45:00;7.480900000000001
2025-06-09 18:00:00;6.4629
2025-06-09 18:15:00;5.996499999999999
2025-06-09 18:30:00;5.912
2025-06-09 18:45:00;5.1071
2025-06-09 19:00:00;5.3089
2025-06-09 19:15:00;4.9641
2025-06-09 19:30:00;4.235099999999999
2025-06-09 19:45:00;3.9593999999999996
2025-06-09 20:00:00;2.8039999999999994
2025-06-09 20:15:00;2.142
2025-06-09 20:30:00;1.7446
2025-06-09 20:45:00;1.3798
2025-06-09 21:00:00;0.6489999999999998
2025-06-09 21:15:00;0.1796000000000002
2025-06-09 21:30:00;0.0
2025-06-09 21:45:00;0.0
2025-06-09 22:00:00;0.0
2025-06-09 22:15:00;0.0
2025-06-09 22:30:00;0.0
2025-06-09 22:45:00;0.0
2025-06-09 23:00:00;0.0
2025-06-09 23:15:00;0.0
2025-06-09 23:30:00;0.0
2025-06-09 23:45:00;0.0
2025-06-10 00:00:00;0.0
2025-06-10 00:15:00;0.0
2025-06-10 00:30:00;0.0
2025-06-10 00:45:00;0.0
2025-06-10 01:00:00;0.0
2025-06-10 01:15:00;0.0
2025-06-10 01:30:00;0.0
2025-06-10 01:45:00;0.0
2025-06-10 02:00:00;0.0
2025-06-10 02:15:00;0.0
2025-06-10 02:30:00;0.0
2025-06-10 02:45:00;0.0
2025-06-10 03:00:00;0.0
2025-06-10 03:15:00;0.0
2025-06-10 03:30:00;0.0
2025-06-10 03:45:00;0.0
2025-06-10 04:00:00;0.0
2025-06-10 04:15:00;0.0
2025-06-10 04:30:00;0.0
2025-06-10 04:45:00;0.0
2025-06-10 05:00:00;0.0
2025-06-10 05:15:00;0.0
2025-06-10 05:30:00;0.0
2025-06-10 05:45:00;0.8861
2025-06-10 06:00:00;0.4956999999999999
2025-06-10 06:15:00;0.9400000000000001
2025-06-10 06:30:00;1.769
2025-06-10 06:45:00;2.2572
2025-06-10 07:00:00;8.3889
2025-06-10 07:15:00;10.0799
2025-06-10 07:30:00;12.0491
2025-06-10 07:45:00;14.0813
2025-06-10 08:00:00;8.005700000000001
2025-06-10 08:15:00;8.6299
2025-06-10 08:30:00;9.5717
2025-06-10 08:45:00;10.0549
2025-06-10 09:00:00;19.8544
2025-06-10 09:15:00;21.871
2025-06-10 09:30:00;22.589299999999998
2025-06-10 09:45:00;24.634999999999998
2025-06-10 10:00:00;31.684199999999997
2025-06-10 10:15:00;32.782
2025-06-10 10:30:00;34.6469
2025-06-10 10:45:00;35.0732
2025-06-10 11:00:00;24.468600000000002
2025-06-10 11:15:00;23.399700000000003
2025-06-10 11:30:00;24.371299999999998
2025-06-10 11:45:00;25.9071
2025-06-10 12:00:00;24.964199999999998
2025-06-10 12:15:00;23.8073
2025-06-10 12:30:00;25.264400000000002
2025-06-10 12:45:00;24.920299999999997
2025-06-10 13:00:00;25.296400000000002
2025-06-10 13:15:00;24.767899999999997
2025-06-10 13:30:00;26.7757
2025-06-10 13:45:00;25.9263
2025-06-10 14:00:00;29.496699999999997
2025-06-10 14:15:00;29.8656
2025-06-10 14:30:00;29.3655
2025-06-10 14:45:00;27.9946
2025-06-10 15:00:00;26.6372
2025-06-10 15:15:00;27.5642
2025-06-10 15:30:00;27.433400000000002
2025-06-10 15:45:00;27.008200000000002
2025-06-10 16:00:00;30.313000000000002
2025-06-10 16:15:00;30.054399999999998
2025-06-10 16:30:00;29.7453
2025-06-10 16:45:00;28.3073
2025-06-10 17:00:00;29.9078
2025-06-10 17:15:00;29.6249
2025-06-10 17:30:00;27.5432
2025-06-10 17:45:00;25.080099999999998
2025-06-10 18:00:00;24.7395
2025-06-10 18:15:00;24.256700000000002
2025-06-10 18:30:00;20.9437
2025-06-10 18:45:00;20.7689
2025-06-10 19:00:00;15.2346
2025-06-10 19:15:00;13.354899999999999
2025-06-10 19:30:00;12.495899999999999
2025-06-10 19:45:00;11.969899999999999
2025-06-10 20:00:00;10.1179
2025-06-10 20:15:00;8.3013
2025-06-10 20:30:00;7.160800000000001
2025-06-10 20:45:00;5.8774
2025-06-10 21:00:00;5.7247
2025-06-10 21:15:00;3.9804000000000004
2025-06-10 21:30:00;2.0766999999999998
2025-06-10 21:45:00;0.7021
2025-06-10 22:00:00;0.0
2025-06-10 22:15:00;0.0
2025-06-10 22:30:00;0.0
2025-06-10 22:45:00;0.0
2025-06-10 23:00:00;0.0
2025-06-10 23:15:00;0.0
2025-06-10 23:30:00;0.0
2025-06-10 23:45:00;0.0
2025-06-11 00:00:00;0.0
2025-06-11 00:15:00;0.0
2025-06-11 00:30:00;0.0
2025-06-11 00:45:00;0.0
2025-06-11 01:00:00;0.0
2025-06-11 01:15:00;0.0
2025-06-11 01:30:00;0.0
2025-06-11 01:45:00;0.0
2025-06-11 02:00:00;0.0
2025-06-11 02:15:00;0.0
2025-06-11 02:30:00;0.0
2025-06-11 02:45:00;0.0
2025-06-11 03:00:00;0.0
2025-06-11 03:15:00;0.0
2025-06-11 03:30:00;0.0
2025-06-11 03:45:00;0.0
2025-06-11 04:00:00;0.0
2025-06-11 04:15:00;0.0
2025-06-11 04:30:00;0.0
2025-06-11 04:45:00;0.0
2025-06-11 05:00:00;0.0
2025-06-11 05:15:00;0.0
2025-06-11 05:30:00;0.0
2025-06-11 05:45:00;1.9043999999999999
2025-06-11 06:00:00;4.2672
2025-06-11 06:15:00;6.321
2025-06-11 06:30:00;9.267999999999999
2025-06-11 06:45:00;11.3461
2025-06-11 07:00:00;13.074
2025-06-11 07:15:00;15.124999999999998
2025-06-11 07:30:00;18.7685
2025-06-11 07:45:00;20.0551
2025-06-11 08:00:00;19.6405
2025-06-11 08:15:00;22.3369
2025-06-11 08:30:00;23.1063
2025-06-11 08:45:00;24.3937
2025-06-11 09:00:00;29.257
2025-06-11 09:15:00;32.718300000000006
2025-06-11 09:30:00;34.320899999999995
2025-06-11 09:45:00;34.683
2025-06-11 10:00:00;36.423899999999996
2025-06-11 10:15:00;36.4972
2025-06-11 10:30:00;36.5224
2025-06-11 10:45:00;36.506499999999996
2025-06-11 11:00:00;36.4772
2025-06-11 11:15:00;36.471000000000004
2025-06-11 11:30:00;36.493100000000005
2025-06-11 11:45:00;36.5162
2025-06-11 12:00:00;36.4871
2025-06-11 12:15:00;36.451600000000006
2025-06-11 12:30:00;36.3829
2025-06-11 12:45:00;36.477799999999995
2025-06-11 13:00:00;36.4805
2025-06-11 13:15:00;36.417500000000004
2025-06-11 13:30:00;36.429899999999996
2025-06-11 13:45:00;36.4364
2025-06-11 14:00:00;36.5911
2025-06-11 14:15:00;36.426500000000004
2025-06-11 14:30:00;36.5166
2025-06-11 14:45:00;36.5476
2025-06-11 15:00:00;36.510099999999994
2025-06-11 15:15:00;36.4859
2025-06-11 15:30:00;36.4701
2025-06-11 15:45:00;36.424
2025-06-11 16:00:00;36.3388
2025-06-11 16:15:00;36.385
2025-06-11 16:30:00;36.3748
2025-06-11 16:45:00;36.3823
2025-06-11 17:00:00;36.1019
2025-06-11 17:15:00;36.0767
2025-06-11 17:30:00;35.4677
2025-06-11 17:45:00;33.8262
2025-06-11 18:00:00;29.7936
2025-06-11 18:15:00;26.2605
2025-06-11 18:30:00;24.8504
2025-06-11 18:45:00;23.0994
2025-06-11 19:00:00;24.7463
2025-06-11 19:15:00;23.9973
2025-06-11 19:30:00;21.0378
2025-06-11 19:45:00;19.9817
2025-06-11 20:00:00;15.2614
2025-06-11 20:15:00;13.5944
2025-06-11 20:30:00;10.9521
2025-06-11 20:45:00;9.8828
2025-06-11 21:00:00;9.8717
2025-06-11 21:15:00;6.9052
2025-06-11 21:30:00;4.384200000000001
2025-06-11 21:45:00;1.6427999999999998
2025-06-11 22:00:00;0.0
2025-06-11 22:15:00;0.0
2025-06-11 22:30:00;0.0
2025-06-11 22:45:00;0.0
2025-06-11 23:00:00;0.0
2025-06-11 23:15:00;0.0
2025-06-11 23:30:00;0.0
2025-06-11 23:45:00;0.0
2025-06-12 00:00:00;0.0
2025-06-12 00:15:00;0.0
2025-06-12 00:30:00;0.0
2025-06-12 00:45:00;0.0
2025-06-12 01:00:00;0.0
2025-06-12 01:15:00;0.0
2025-06-12 01:30:00;0.0
2025-06-12 01:45:00;0.0
2025-06-12 02:00:00;0.0
2025-06-12 02:15:00;0.0
2025-06-12 02:30:00;0.0
2025-06-12 02:45:00;0.0
2025-06-12 03:00:00;0.0
2025-06-12 03:15:00;0.0
2025-06-12 03:30:00;0.0
2025-06-12 03:45:00;0.0
2025-06-12 04:00:00;0.0
2025-06-12 04:15:00;0.0
2025-06-12 04:30:00;0.0
2025-06-12 04:45:00;0.0
2025-06-12 05:00:00;0.0
2025-06-12 05:15:00;0.0
2025-06-12 05:30:00;0.0
2025-06-12 05:45:00;1.7920000000000003
2025-06-12 06:00:00;4.4942
2025-06-12 06:15:00;7.0215000000000005
2025-06-12 06:30:00;9.542399999999999
2025-06-12 06:45:00;11.711300000000001
2025-06-12 07:00:00;9.750800000000002
2025-06-12 07:15:00;11.5725
2025-06-12 07:30:00;12.529900000000001
2025-06-12 07:45:00;14.935099999999998
2025-06-12 08:00:00;21.059800000000003
2025-06-12 08:15:00;22.2856
2025-06-12 08:30:00;24.3924
2025-06-12 08:45:00;26.2441
2025-06-12 09:00:00;34.992399999999996
2025-06-12 09:15:00;36.4095
2025-06-12 09:30:00;36.4927
2025-06-12 09:45:00;36.4773
2025-06-12 10:00:00;36.467800000000004
2025-06-12 10:15:00;36.4931
2025-06-12 10:30:00;36.54
2025-06-12 10:45:00;36.4764
2025-06-12 11:00:00;36.4545
2025-06-12 11:15:00;36.518699999999995
2025-06-12 11:30:00;36.4177
2025-06-12 11:45:00;36.4443
2025-06-12 12:00:00;36.4011
2025-06-12 12:15:00;36.3802
2025-06-12 12:30:00;36.3961
2025-06-12 12:45:00;36.3987
2025-06-12 13:00:00;36.3913
2025-06-12 13:15:00;36.4542
2025-06-12 13:30:00;36.4307
2025-06-12 13:45:00;36.4039
2025-06-12 14:00:00;36.4073
2025-06-12 14:15:00;36.456900000000005
2025-06-12 14:30:00;36.504999999999995
2025-06-12 14:45:00;36.4289
2025-06-12 15:00:00;36.4066
2025-06-12 15:15:00;36.4839
2025-06-12 15:30:00;36.392199999999995
2025-06-12 15:45:00;36.42
2025-06-12 16:00:00;36.288
2025-06-12 16:15:00;36.324200000000005
2025-06-12 16:30:00;36.3463
2025-06-12 16:45:00;36.3436
2025-06-12 17:00:00;36.1124
2025-06-12 17:15:00;35.9966
2025-06-12 17:30:00;35.978
2025-06-12 17:45:00;36.0051
2025-06-12 18:00:00;29.354499999999998
2025-06-12 18:15:00;29.1355
2025-06-12 18:30:00;25.6048
2025-06-12 18:45:00;24.8931
2025-06-12 19:00:00;26.7652
2025-06-12 19:15:00;22.2909
2025-06-12 19:30:00;23.099800000000002
2025-06-12 19:45:00;19.271700000000003
2025-06-12 20:00:00;19.0869
2025-06-12 20:15:00;16.723599999999998
2025-06-12 20:30:00;14.1937
2025-06-12 20:45:00;12.280899999999999
2025-06-12 21:00:00;7.6861
2025-06-12 21:15:00;5.5602
2025-06-12 21:30:00;3.3164
2025-06-12 21:45:00;1.1667999999999998
2025-06-12 22:00:00;0.0
2025-06-12 22:15:00;0.0
2025-06-12 22:30:00;0.0
2025-06-12 22:45:00;0.0
2025-06-12 23:00:00;0.0
2025-06-12 23:15:00;0.0
2025-06-12 23:30:00;0.0
2025-06-12 23:45:00;0.0
2025-06-13 00:00:00;0.0
2025-06-13 00:15:00;0.0
2025-06-13 00:30:00;0.0
2025-06-13 00:45:00;0.0
2025-06-13 01:00:00;0.0
2025-06-13 01:15:00;0.0
2025-06-13 01:30:00;0.0
2025-06-13 01:45:00;0.0
2025-06-13 02:00:00;0.0
2025-06-13 02:15:00;0.0
2025-06-13 02:30:00;0.0
2025-06-13 02:45:00;0.0
2025-06-13 03:00:00;0.0
2025-06-13 03:15:00;0.0
2025-06-13 03:30:00;0.0
2025-06-13 03:45:00;0.0
2025-06-13 04:00:00;0.0
2025-06-13 04:15:00;0.0
2025-06-13 04:30:00;0.0
2025-06-13 04:45:00;0.0
2025-06-13 05:00:00;0.0
2025-06-13 05:15:00;0.0
2025-06-13 05:30:00;0.0
2025-06-13 05:45:00;0.29079999999999995
2025-06-13 06:00:00;2.4378
2025-06-13 06:15:00;3.6555
2025-06-13 06:30:00;6.0297
2025-06-13 06:45:00;7.3632
2025-06-13 07:00:00;7.204999999999999
2025-06-13 07:15:00;8.5555
2025-06-13 07:30:00;9.7988
2025-06-13 07:45:00;11.206100000000001
2025-06-13 08:00:00;9.1511
2025-06-13 08:15:00;10.986699999999999
2025-06-13 08:30:00;11.7765
2025-06-13 08:45:00;12.6711
2025-06-13 09:00:00;12.2597
2025-06-13 09:15:00;12.587
2025-06-13 09:30:00;13.1899
2025-06-13 09:45:00;14.6391
2025-06-13 10:00:00;29.1402
2025-06-13 10:15:00;30.3793
2025-06-13 10:30:00;30.3899
2025-06-13 10:45:00;33.137
2025-06-13 11:00:00;30.860500000000002
2025-06-13 11:15:00;30.238400000000002
2025-06-13 11:30:00;29.514899999999997
2025-06-13 11:45:00;30.7689
2025-06-13 12:00:00;27.4843
2025-06-13 12:15:00;29.0735
2025-06-13 12:30:00;27.3839
2025-06-13 12:45:00;29.782700000000002
2025-06-13 13:00:00;31.825400000000002
2025-06-13 13:15:00;31.382700000000003
2025-06-13 13:30:00;31.134600000000002
2025-06-13 13:45:00;30.8938
2025-06-13 14:00:00;19.3935
2025-06-13 14:15:00;19.7617
2025-06-13 14:30:00;20.7447
2025-06-13 14:45:00;19.0856
2025-06-13 15:00:00;31.695099999999996
2025-06-13 15:15:00;30.081300000000002
2025-06-13 15:30:00;30.113599999999998
2025-06-13 15:45:00;30.7734
2025-06-13 16:00:00;28.2653
2025-06-13 16:15:00;27.6038
2025-06-13 16:30:00;26.9716
2025-06-13 16:45:00;26.4917
2025-06-13 17:00:00;28.2841
2025-06-13 17:15:00;27.2239
2025-06-13 17:30:00;25.4666
2025-06-13 17:45:00;23.785300000000003
2025-06-13 18:00:00;19.3879
2025-06-13 18:15:00;18.432
2025-06-13 18:30:00;19.7598
2025-06-13 18:45:00;17.2442
2025-06-13 19:00:00;10.8507
2025-06-13 19:15:00;9.999099999999999
2025-06-13 19:30:00;9.497
2025-06-13 19:45:00;8.5708
2025-06-13 20:00:00;10.8991
2025-06-13 20:15:00;9.130600000000001
2025-06-13 20:30:00;7.303799999999999
2025-06-13 20:45:00;5.9874
2025-06-13 21:00:00;4.331300000000001
2025-06-13 21:15:00;3.2685000000000004
2025-06-13 21:30:00;1.8675
2025-06-13 21:45:00;0.38280000000000003
2025-06-13 22:00:00;0.0
2025-06-13 22:15:00;0.0
2025-06-13 22:30:00;0.0
2025-06-13 22:45:00;0.0
2025-06-13 23:00:00;0.0
2025-06-13 23:15:00;0.0
2025-06-13 23:30:00;0.0
2025-06-13 23:45:00;0.0
2025-06-14 00:00:00;0.0
2025-06-14 00:15:00;0.0
2025-06-14 00:30:00;0.0
2025-06-14 00:45:00;0.0
2025-06-14 01:00:00;0.0
2025-06-14 01:15:00;0.0
2025-06-14 01:30:00;0.0
2025-06-14 01:45:00;0.0
2025-06-14 02:00:00;0.0
2025-06-14 02:15:00;0.0
2025-06-14 02:30:00;0.0
2025-06-14 02:45:00;0.0
2025-06-14 03:00:00;0.0
2025-06-14 03:15:00;0.0
2025-06-14 03:30:00;0.0
2025-06-14 03:45:00;0.0
2025-06-14 04:00:00;0.0
2025-06-14 04:15:00;0.0
2025-06-14 04:30:00;0.0
2025-06-14 04:45:00;0.0
2025-06-14 05:00:00;0.0
2025-06-14 05:15:00;0.0
2025-06-14 05:30:00;0.0
2025-06-14 05:45:00;0.0
2025-06-14 06:00:00;0.0
2025-06-14 06:15:00;0.0
2025-06-14 06:30:00;0.0
2025-06-14 06:45:00;0.14979999999999993
2025-06-14 07:00:00;0.13310000000000022
2025-06-14 07:15:00;0.47750000000000004
2025-06-14 07:30:00;0.5773999999999999
2025-06-14 07:45:00;0.7116000000000002
2025-06-14 08:00:00;1.2018
2025-06-14 08:15:00;1.4898000000000002
2025-06-14 08:30:00;1.4386
2025-06-14 08:45:00;1.7450999999999999
2025-06-14 09:00:00;2.4335
2025-06-14 09:15:00;2.572
2025-06-14 09:30:00;2.6023
2025-06-14 09:45:00;2.7582
2025-06-14 10:00:00;3.2873
2025-06-14 10:15:00;3.2752000000000003
2025-06-14 10:30:00;3.3556
2025-06-14 10:45:00;3.5511000000000004
2025-06-14 11:00:00;3.3222
2025-06-14 11:15:00;3.7204
2025-06-14 11:30:00;3.5378
2025-06-14 11:45:00;3.6694999999999998
2025-06-14 12:00:00;4.048
2025-06-14 12:15:00;3.9865000000000004
2025-06-14 12:30:00;4.1559
2025-06-14 12:45:00;3.9896000000000003
2025-06-14 13:00:00;3.5218000000000003
2025-06-14 13:15:00;3.6357999999999997
2025-06-14 13:30:00;3.6014999999999997
2025-06-14 13:45:00;3.8145999999999995
2025-06-14 14:00:00;4.0797
2025-06-14 14:15:00;4.2767
2025-06-14 14:30:00;4.1871
2025-06-14 14:45:00;4.0059
2025-06-14 15:00:00;4.1715
2025-06-14 15:15:00;4.2186
2025-06-14 15:30:00;4.1457999999999995
2025-06-14 15:45:00;4.146800000000001
2025-06-14 16:00:00;3.1054000000000004
2025-06-14 16:15:00;3.2539000000000002
2025-06-14 16:30:00;3.0000999999999998
2025-06-14 16:45:00;3.0589
2025-06-14 17:00:00;2.9856000000000003
2025-06-14 17:15:00;2.7941000000000003
2025-06-14 17:30:00;2.7629
2025-06-14 17:45:00;2.5268
2025-06-14 18:00:00;1.9307999999999998
2025-06-14 18:15:00;1.8882
2025-06-14 18:30:00;1.7429999999999999
2025-06-14 18:45:00;1.5318
2025-06-14 19:00:00;1.4706000000000001
2025-06-14 19:15:00;1.2128
2025-06-14 19:30:00;1.1268999999999998
2025-06-14 19:45:00;0.7934000000000001
2025-06-14 20:00:00;0.7246999999999999
2025-06-14 20:15:00;0.37870000000000004
2025-06-14 20:30:00;0.15100000000000002
2025-06-14 20:45:00;0.0
2025-06-14 21:00:00;0.0
2025-06-14 21:15:00;0.0
2025-06-14 21:30:00;0.0
2025-06-14 21:45:00;0.0
2025-06-14 22:00:00;0.0
2025-06-14 22:15:00;0.0
2025-06-14 22:30:00;0.0
2025-06-14 22:45:00;0.0
2025-06-14 23:00:00;0.0
2025-06-14 23:15:00;0.0
2025-06-14 23:30:00;0.0
2025-06-14 23:45:00;0.0
2025-06-15 00:00:00;0.0
2025-06-15 00:15:00;0.0
2025-06-15 00:30:00;0.0
2025-06-15 00:45:00;0.0
2025-06-15 01:00:00;0.0
2025-06-15 01:15:00;0.0
2025-06-15 01:30:00;0.0
2025-06-15 01:45:00;0.0
2025-06-15 02:00:00;0.0
2025-06-15 02:15:00;0.0
2025-06-15 02:30:00;0.0
2025-06-15 02:45:00;0.0
2025-06-15 03:00:00;0.0
2025-06-15 03:15:00;0.0
2025-06-15 03:30:00;0.0
2025-06-15 03:45:00;0.0
2025-06-15 04:00:00;0.0
2025-06-15 04:15:00;0.0
2025-06-15 04:30:00;0.0
2025-06-15 04:45:00;0.0
2025-06-15 05:00:00;0.0
2025-06-15 05:15:00;0.0
2025-06-15 05:30:00;0.0
2025-06-15 05:45:00;0.035700000000000065
2025-06-15 06:00:00;0.15569999999999995
2025-06-15 06:15:00;0.7297999999999999
2025-06-15 06:30:00;1.2986
2025-06-15 06:45:00;2.0707
2025-06-15 07:00:00;2.6004
2025-06-15 07:15:00;3.3448999999999995
2025-06-15 07:30:00;3.7938
2025-06-15 07:45:00;4.753699999999999
2025-06-15 08:00:00;3.7371000000000003
2025-06-15 08:15:00;4.1724
2025-06-15 08:30:00;4.6775
2025-06-15 08:45:00;5.4459
2025-06-15 09:00:00;7.0825
2025-06-15 09:15:00;7.523000000000001
2025-06-15 09:30:00;8.2674
2025-06-15 09:45:00;8.3123
2025-06-15 10:00:00;10.0171
2025-06-15 10:15:00;9.616700000000002
2025-06-15 10:30:00;10.399600000000001
2025-06-15 10:45:00;10.4538
2025-06-15 11:00:00;9.0257
2025-06-15 11:15:00;9.1035
2025-06-15 11:30:00;9.409099999999999
2025-06-15 11:45:00;9.837
2025-06-15 12:00:00;11.248800000000001
2025-06-15 12:15:00;12.0936
2025-06-15 12:30:00;12.0257
2025-06-15 12:45:00;13.069799999999999
2025-06-15 13:00:00;9.8971
2025-06-15 13:15:00;10.3838
2025-06-15 13:30:00;10.3282
2025-06-15 13:45:00;10.2164
2025-06-15 14:00:00;11.7332
2025-06-15 14:15:00;11.5999
2025-06-15 14:30:00;12.2063
2025-06-15 14:45:00;10.683399999999999
2025-06-15 15:00:00;10.3078
2025-06-15 15:15:00;11.066600000000001
2025-06-15 15:30:00;10.1753
2025-06-15 15:45:00;10.0036
2025-06-15 16:00:00;11.5946
2025-06-15 16:15:00;10.7897
2025-06-15 16:30:00;9.8044
2025-06-15 16:45:00;9.853000000000002
2025-06-15 17:00:00;9.8944
2025-06-15 17:15:00;9.0079
2025-06-15 17:30:00;8.752699999999999
2025-06-15 17:45:00;7.5843
2025-06-15 18:00:00;8.2685
2025-06-15 18:15:00;8.0118
2025-06-15 18:30:00;7.807
2025-06-15 18:45:00;7.0920000000000005
2025-06-15 19:00:00;4.9513
2025-06-15 19:15:00;4.5652
2025-06-15 19:30:00;4.2151
2025-06-15 19:45:00;3.7699
2025-06-15 20:00:00;3.9416999999999995
2025-06-15 20:15:00;2.9277999999999995
2025-06-15 20:30:00;2.5042999999999997
2025-06-15 20:45:00;1.9354000000000002
2025-06-15 21:00:00;1.9627
2025-06-15 21:15:00;1.1075000000000002
2025-06-15 21:30:00;0.3446999999999999
2025-06-15 21:45:00;0.0
2025-06-15 22:00:00;0.0
2025-06-15 22:15:00;0.0
2025-06-15 22:30:00;0.0
2025-06-15 22:45:00;0.0
2025-06-15 23:00:00;0.0
2025-06-15 23:15:00;0.0
2025-06-15 23:30:00;0.0
2025-06-15 23:45:00;0.0
2025-06-16 00:00:00;0.0
2025-06-16 00:15:00;0.0
2025-06-16 00:30:00;0.0
2025-06-16 00:45:00;0.0
2025-06-16 01:00:00;0.0
2025-06-16 01:15:00;0.0
2025-06-16 01:30:00;0.0
2025-06-16 01:45:00;0.0
2025-06-16 02:00:00;0.0
2025-06-16 02:15:00;0.0
2025-06-16 02:30:00;0.0
2025-06-16 02:45:00;0.0
2025-06-16 03:00:00;0.0
2025-06-16 03:15:00;0.0
2025-06-16 03:30:00;0.0
2025-06-16 03:45:00;0.0
2025-06-16 04:00:00;0.0
2025-06-16 04:15:00;0.0
2025-06-16 04:30:00;0.0
2025-06-16 04:45:00;0.0
2025-06-16 05:00:00;0.0
2025-06-16 05:15:00;0.0
2025-06-16 05:30:00;0.0
2025-06-16 05:45:00;1.0682
2025-06-16 06:00:00;1.9117000000000002
2025-06-16 06:15:00;3.1225000000000005
2025-06-16 06:30:00;4.7094
2025-06-16 06:45:00;6.0631
2025-06-16 07:00:00;7.018000000000001
2025-06-16 07:15:00;8.1481
2025-06-16 07:30:00;10.1427
2025-06-16 07:45:00;11.041400000000001
2025-06-16 08:00:00;13.647699999999999
2025-06-16 08:15:00;14.9636
2025-06-16 08:30:00;15.9581
2025-06-16 08:45:00;17.3245
2025-06-16 09:00:00;12.7244
2025-06-16 09:15:00;13.4467
2025-06-16 09:30:00;14.4712
2025-06-16 09:45:00;15.4207
2025-06-16 10:00:00;25.6237
2025-06-16 10:15:00;26.885199999999998
2025-06-16 10:30:00;25.1705
2025-06-16 10:45:00;28.5178
2025-06-16 11:00:00;23.7007
2025-06-16 11:15:00;25.244699999999998
2025-06-16 11:30:00;24.6537
2025-06-16 11:45:00;25.793
2025-06-16 12:00:00;32.9377
2025-06-16 12:15:00;32.6392
2025-06-16 12:30:00;33.739399999999996
2025-06-16 12:45:00;31.8083
2025-06-16 13:00:00;23.4605
2025-06-16 13:15:00;25.0554
2025-06-16 13:30:00;23.2446
2025-06-16 13:45:00;24.6433
2025-06-16 14:00:00;26.7138
2025-06-16 14:15:00;27.5225
2025-06-16 14:30:00;27.2705
2025-06-16 14:45:00;26.6926
2025-06-16 15:00:00;33.1773
2025-06-16 15:15:00;30.4796
2025-06-16 15:30:00;31.4869
2025-06-16 15:45:00;29.4597
2025-06-16 16:00:00;7.8493
2025-06-16 16:15:00;8.138499999999999
2025-06-16 16:30:00;7.6389000000000005
2025-06-16 16:45:00;7.390899999999999
2025-06-16 17:00:00;25.6645
2025-06-16 17:15:00;25.5778
2025-06-16 17:30:00;24.0261
2025-06-16 17:45:00;22.996100000000002
2025-06-16 18:00:00;23.9874
2025-06-16 18:15:00;22.116400000000002
2025-06-16 18:30:00;20.161299999999997
2025-06-16 18:45:00;18.8732
2025-06-16 19:00:00;15.0762
2025-06-16 19:15:00;13.75
2025-06-16 19:30:00;13.107800000000001
2025-06-16 19:45:00;12.2796
2025-06-16 20:00:00;10.683900000000001
2025-06-16 20:15:00;9.2702
2025-06-16 20:30:00;7.4764
2025-06-16 20:45:00;6.3058
2025-06-16 21:00:00;4.4308
2025-06-16 21:15:00;3.3666000000000005
2025-06-16 21:30:00;1.8029
2025-06-16 21:45:00;0.3264999999999998
2025-06-16 22:00:00;0.0
2025-06-16 22:15:00;0.0
2025-06-16 22:30:00;0.0
2025-06-16 22:45:00;0.0
2025-06-16 23:00:00;0.0
2025-06-16 23:15:00;0.0
2025-06-16 23:30:00;0.0
2025-06-16 23:45:00;0.0
2025-06-17 00:00:00;0.0
2025-06-17 00:15:00;0.0
2025-06-17 00:30:00;0.0
2025-06-17 00:45:00;0.0
2025-06-17 01:00:00;0.0
2025-06-17 01:15:00;0.0
2025-06-17 01:30:00;0.0
2025-06-17 01:45:00;0.0
2025-06-17 02:00:00;0.0
2025-06-17 02:15:00;0.0
2025-06-17 02:30:00;0.0
2025-06-17 02:45:00;0.0
2025-06-17 03:00:00;0.0
2025-06-17 03:15:00;0.0
2025-06-17 03:30:00;0.0
2025-06-17 03:45:00;0.0
2025-06-17 04:00:00;0.0
2025-06-17 04:15:00;0.0
2025-06-17 04:30:00;0.0
2025-06-17 04:45:00;0.0
2025-06-17 05:00:00;0.0
2025-06-17 05:15:00;0.0
2025-06-17 05:30:00;0.0
2025-06-17 05:45:00;1.8245000000000002
2025-06-17 06:00:00;3.5587999999999997
2025-06-17 06:15:00;6.1219
2025-06-17 06:30:00;8.603
2025-06-17 06:45:00;10.438899999999999
2025-06-17 07:00:00;13.355500000000001
2025-06-17 07:15:00;15.3222
2025-06-17 07:30:00;18.6305
2025-06-17 07:45:00;20.1921
2025-06-17 08:00:00;20.1693
2025-06-17 08:15:00;23.6602
2025-06-17 08:30:00;25.7726
2025-06-17 08:45:00;27.0392
2025-06-17 09:00:00;32.4809
2025-06-17 09:15:00;33.1929
2025-06-17 09:30:00;35.7247
2025-06-17 09:45:00;36.4745
2025-06-17 10:00:00;36.505599999999994
2025-06-17 10:15:00;36.5386
2025-06-17 10:30:00;36.5047
2025-06-17 10:45:00;36.4247
2025-06-17 11:00:00;36.5299
2025-06-17 11:15:00;36.3985
2025-06-17 11:30:00;36.483799999999995
2025-06-17 11:45:00;36.4806
2025-06-17 12:00:00;36.363600000000005
2025-06-17 12:15:00;36.3919
2025-06-17 12:30:00;36.4068
2025-06-17 12:45:00;36.4647
2025-06-17 13:00:00;36.4484
2025-06-17 13:15:00;36.396300000000004
2025-06-17 13:30:00;36.4449
2025-06-17 13:45:00;36.5082
2025-06-17 14:00:00;36.504400000000004
2025-06-17 14:15:00;36.5387
2025-06-17 14:30:00;36.461000000000006
2025-06-17 14:45:00;36.5124
2025-06-17 15:00:00;36.5144
2025-06-17 15:15:00;36.5351
2025-06-17 15:30:00;36.5155
2025-06-17 15:45:00;36.4127
2025-06-17 16:00:00;36.323100000000004
2025-06-17 16:15:00;36.3228
2025-06-17 16:30:00;36.368
2025-06-17 16:45:00;36.3834
2025-06-17 17:00:00;36.051
2025-06-17 17:15:00;36.0479
2025-06-17 17:30:00;36.0359
2025-06-17 17:45:00;34.860299999999995
2025-06-17 18:00:00;35.0998
2025-06-17 18:15:00;33.9176
2025-06-17 18:30:00;30.7558
2025-06-17 18:45:00;29.2561
2025-06-17 19:00:00;20.762
2025-06-17 19:15:00;20.4498
2025-06-17 19:30:00;18.1777
2025-06-17 19:45:00;16.3115
2025-06-17 20:00:00;17.2916
2025-06-17 20:15:00;15.847199999999999
2025-06-17 20:30:00;13.0056
2025-06-17 20:45:00;10.4017
2025-06-17 21:00:00;9.0451
2025-06-17 21:15:00;6.1069
2025-06-17 21:30:00;4.3869
2025-06-17 21:45:00;1.3860000000000001
2025-06-17 22:00:00;0.0
2025-06-17 22:15:00;0.0
2025-06-17 22:30:00;0.0
2025-06-17 22:45:00;0.0
2025-06-17 23:00:00;0.0
2025-06-17 23:15:00;0.0
2025-06-17 23:30:00;0.0
2025-06-17 23:45:00;0.0
2025-06-18 00:00:00;0.0
2025-06-18 00:15:00;0.0
2025-06-18 00:30:00;0.0
2025-06-18 00:45:00;0.0
2025-06-18 01:00:00;0.0
2025-06-18 01:15:00;0.0
2025-06-18 01:30:00;0.0
2025-06-18 01:45:00;0.0
2025-06-18 02:00:00;0.0
2025-06-18 02:15:00;0.0
2025-06-18 02:30:00;0.0
2025-06-18 02:45:00;0.0
2025-06-18 03:00:00;0.0
2025-06-18 03:15:00;0.0
2025-06-18 03:30:00;0.0
2025-06-18 03:45:00;0.0
2025-06-18 04:00:00;0.0
2025-06-18 04:15:00;0.0
2025-06-18 04:30:00;0.0
2025-06-18 04:45:00;0.0
2025-06-18 05:00:00;0.0
2025-06-18 05:15:00;0.0
2025-06-18 05:30:00;0.0
2025-06-18 05:45:00;1.0932
2025-06-18 06:00:00;1.6509
2025-06-18 06:15:00;2.9277999999999995
2025-06-18 06:30:00;3.9798
2025-06-18 06:45:00;6.1693
2025-06-18 07:00:00;2.2241
2025-06-18 07:15:00;2.8503
2025-06-18 07:30:00;3.5862999999999996
2025-06-18 07:45:00;4.068199999999999
2025-06-18 08:00:00;14.3979
2025-06-18 08:15:00;15.7742
2025-06-18 08:30:00;16.8303
2025-06-18 08:45:00;17.5409
2025-06-18 09:00:00;22.102700000000002
2025-06-18 09:15:00;24.2074
2025-06-18 09:30:00;23.2846
2025-06-18 09:45:00;25.5398
2025-06-18 10:00:00;31.5902
2025-06-18 10:15:00;33.994
2025-06-18 10:30:00;35.9743
2025-06-18 10:45:00;36.2269
2025-06-18 11:00:00;26.6463
2025-06-18 11:15:00;27.0834
2025-06-18 11:30:00;26.211000000000002
2025-06-18 11:45:00;29.1564
2025-06-18 12:00:00;19.151899999999998
2025-06-18 12:15:00;19.371299999999998
2025-06-18 12:30:00;19.5654
2025-06-18 12:45:00;19.7998
2025-06-18 13:00:00;21.6699
2025-06-18 13:15:00;21.8203
2025-06-18 13:30:00;21.9844
2025-06-18 13:45:00;22.481099999999998
2025-06-18 14:00:00;31.8096
2025-06-18 14:15:00;30.568199999999997
2025-06-18 14:30:00;31.2402
2025-06-18 14:45:00;29.3073
2025-06-18 15:00:00;30.732400000000002
2025-06-18 15:15:00;30.7364
2025-06-18 15:30:00;29.5381
2025-06-18 15:45:00;29.259700000000002
2025-06-18 16:00:00;27.860500000000002
2025-06-18 16:15:00;25.9781
2025-06-18 16:30:00;24.9897
2025-06-18 16:45:00;24.2328
2025-06-18 17:00:00;23.1873
2025-06-18 17:15:00;22.5895
2025-06-18 17:30:00;22.0581
2025-06-18 17:45:00;21.8046
2025-06-18 18:00:00;11.2507
2025-06-18 18:15:00;10.1354
2025-06-18 18:30:00;9.7651
2025-06-18 18:45:00;8.9981
2025-06-18 19:00:00;15.5905
2025-06-18 19:15:00;13.269599999999999
2025-06-18 19:30:00;12.9146
2025-06-18 19:45:00;11.0715
2025-06-18 20:00:00;12.0062
2025-06-18 20:15:00;10.617
2025-06-18 20:30:00;9.245999999999999
2025-06-18 20:45:00;7.812100000000001
2025-06-18 21:00:00;1.5306999999999997
2025-06-18 21:15:00;1.0437999999999998
2025-06-18 21:30:00;0.28370000000000006
2025-06-18 21:45:00;0.0
2025-06-18 22:00:00;0.0
2025-06-18 22:15:00;0.0
2025-06-18 22:30:00;0.0
2025-06-18 22:45:00;0.0
2025-06-18 23:00:00;0.0
2025-06-18 23:15:00;0.0
2025-06-18 23:30:00;0.0
2025-06-18 23:45:00;0.0
2025-06-19 00:00:00;0.0
2025-06-19 00:15:00;0.0
2025-06-19 00:30:00;0.0
2025-06-19 00:45:00;0.0
2025-06-19 01:00:00;0.0
2025-06-19 01:15:00;0.0
2025-06-19 01:30:00;0.0
2025-06-19 01:45:00;0.0
2025-06-19 02:00:00;0.0
2025-06-19 02:15:00;0.0
2025-06-19 02:30:00;0.0
2025-06-19 02:45:00;0.0
2025-06-19 03:00:00;0.0
2025-06-19 03:15:00;0.0
2025-06-19 03:30:00;0.0
2025-06-19 03:45:00;0.0
2025-06-19 04:00:00;0.0
2025-06-19 04:15:00;0.0
2025-06-19 04:30:00;0.0
2025-06-19 04:45:00;0.0
2025-06-19 05:00:00;0.0
2025-06-19 05:15:00;0.0
2025-06-19 05:30:00;0.0
2025-06-19 05:45:00;1.0549
2025-06-19 06:00:00;2.2099
2025-06-19 06:15:00;3.8605000000000005
2025-06-19 06:30:00;5.7447
2025-06-19 06:45:00;7.3151
2025-06-19 07:00:00;4.1067
2025-06-19 07:15:00;4.6884
2025-06-19 07:30:00;5.2784
2025-06-19 07:45:00;6.0309
2025-06-19 08:00:00;16.537399999999998
2025-06-19 08:15:00;19.6061
2025-06-19 08:30:00;19.822
2025-06-19 08:45:00;20.6633
2025-06-19 09:00:00;23.4201
2025-06-19 09:15:00;24.527
2025-06-19 09:30:00;25.768099999999997
2025-06-19 09:45:00;26.9431
2025-06-19 10:00:00;27.6766
2025-06-19 10:15:00;28.5082
2025-06-19 10:30:00;30.401899999999998
2025-06-19 10:45:00;29.623099999999997
2025-06-19 11:00:00;33.1402
2025-06-19 11:15:00;31.324099999999998
2025-06-19 11:30:00;34.8403
2025-06-19 11:45:00;36.071999999999996
2025-06-19 12:00:00;21.277
2025-06-19 12:15:00;20.7185
2025-06-19 12:30:00;22.309700000000003
2025-06-19 12:45:00;22.378200000000003
2025-06-19 13:00:00;27.3221
2025-06-19 13:15:00;28.177799999999998
2025-06-19 13:30:00;29.3925
2025-06-19 13:45:00;26.9983
2025-06-19 14:00:00;36.3982
2025-06-19 14:15:00;34.339600000000004
2025-06-19 14:30:00;34.9534
2025-06-19 14:45:00;34.155100000000004
2025-06-19 15:00:00;32.2008
2025-06-19 15:15:00;32.4662
2025-06-19 15:30:00;33.041599999999995
2025-06-19 15:45:00;30.633799999999997
2025-06-19 16:00:00;28.1713
2025-06-19 16:15:00;29.4843
2025-06-19 16:30:00;29.4118
2025-06-19 16:45:00;27.8123
2025-06-19 17:00:00;28.9964
2025-06-19 17:15:00;27.5819
2025-06-19 17:30:00;25.933799999999998
2025-06-19 17:45:00;25.8457
2025-06-19 18:00:00;16.305799999999998
2025-06-19 18:15:00;16.437199999999997
2025-06-19 18:30:00;13.8387
2025-06-19 18:45:00;13.9553
2025-06-19 19:00:00;5.8564
2025-06-19 19:15:00;5.086399999999999
2025-06-19 19:30:00;4.5908999999999995
2025-06-19 19:45:00;4.2768
2025-06-19 20:00:00;9.455200000000001
2025-06-19 20:15:00;8.164
2025-06-19 20:30:00;7.031500000000001
2025-06-19 20:45:00;5.5939
2025-06-19 21:00:00;4.4096
2025-06-19 21:15:00;3.2707
2025-06-19 21:30:00;1.7252
2025-06-19 21:45:00;0.3319000000000001
2025-06-19 22:00:00;0.0
2025-06-19 22:15:00;0.0
2025-06-19 22:30:00;0.0
2025-06-19 22:45:00;0.0
2025-06-19 23:00:00;0.0
2025-06-19 23:15:00;0.0
2025-06-19 23:30:00;0.0
2025-06-19 23:45:00;0.0
2025-06-20 00:00:00;0.0
2025-06-20 00:15:00;0.0
2025-06-20 00:30:00;0.0
2025-06-20 00:45:00;0.0
2025-06-20 01:00:00;0.0
2025-06-20 01:15:00;0.0
2025-06-20 01:30:00;0.0
2025-06-20 01:45:00;0.0
2025-06-20 02:00:00;0.0
2025-06-20 02:15:00;0.0
2025-06-20 02:30:00;0.0
2025-06-20 02:45:00;0.0
2025-06-20 03:00:00;0.0
2025-06-20 03:15:00;0.0
2025-06-20 03:30:00;0.0
2025-06-20 03:45:00;0.0
2025-06-20 04:00:00;0.0
2025-06-20 04:15:00;0.0
2025-06-20 04:30:00;0.0
2025-06-20 04:45:00;0.0
2025-06-20 05:00:00;0.0
2025-06-20 05:15:00;0.0
2025-06-20 05:30:00;0.0
2025-06-20 05:45:00;1.0252
2025-06-20 06:00:00;0.16979999999999995
2025-06-20 06:15:00;0.6208
2025-06-20 06:30:00;1.2261
2025-06-20 06:45:00;1.8519999999999999
2025-06-20 07:00:00;7.2486999999999995
2025-06-20 07:15:00;8.6399
2025-06-20 07:30:00;10.0265
2025-06-20 07:45:00;11.3222
2025-06-20 08:00:00;11.7887
2025-06-20 08:15:00;12.9387
2025-06-20 08:30:00;13.024
2025-06-20 08:45:00;15.4775
2025-06-20 09:00:00;10.342799999999999
2025-06-20 09:15:00;10.843200000000001
2025-06-20 09:30:00;11.3026
2025-06-20 09:45:00;12.0585
2025-06-20 10:00:00;22.866600000000002
2025-06-20 10:15:00;23.9923
2025-06-20 10:30:00;25.6548
2025-06-20 10:45:00;24.9624
2025-06-20 11:00:00;26.2978
2025-06-20 11:15:00;26.001099999999997
2025-06-20 11:30:00;26.9403
2025-06-20 11:45:00;28.2139
2025-06-20 12:00:00;18.5199
2025-06-20 12:15:00;19.194599999999998
2025-06-20 12:30:00;19.108
2025-06-20 12:45:00;18.5676
2025-06-20 13:00:00;36.4865
2025-06-20 13:15:00;36.4857
2025-06-20 13:30:00;36.5463
2025-06-20 13:45:00;35.5533
2025-06-20 14:00:00;36.639399999999995
2025-06-20 14:15:00;36.539
2025-06-20 14:30:00;36.550200000000004
2025-06-20 14:45:00;36.1769
2025-06-20 15:00:00;27.8455
2025-06-20 15:15:00;29.6365
2025-06-20 15:30:00;28.8859
2025-06-20 15:45:00;27.2014
2025-06-20 16:00:00;21.9389
2025-06-20 16:15:00;22.778200000000002
2025-06-20 16:30:00;20.212
2025-06-20 16:45:00;21.230900000000002
2025-06-20 17:00:00;17.0176
2025-06-20 17:15:00;17.4103
2025-06-20 17:30:00;15.770199999999999
2025-06-20 17:45:00;15.2503
2025-06-20 18:00:00;18.5807
2025-06-20 18:15:00;17.7024
2025-06-20 18:30:00;16.099600000000002
2025-06-20 18:45:00;15.089200000000002
2025-06-20 19:00:00;15.098400000000002
2025-06-20 19:15:00;13.4918
2025-06-20 19:30:00;12.725
2025-06-20 19:45:00;12.0227
2025-06-20 20:00:00;10.6373
2025-06-20 20:15:00;9.2871
2025-06-20 20:30:00;7.945400000000001
2025-06-20 20:45:00;6.130800000000001
2025-06-20 21:00:00;4.414000000000001
2025-06-20 21:15:00;3.1732999999999993
2025-06-20 21:30:00;1.7391
2025-06-20 21:45:00;0.4353
2025-06-20 22:00:00;0.0
2025-06-20 22:15:00;0.0
2025-06-20 22:30:00;0.0
2025-06-20 22:45:00;0.0
2025-06-20 23:00:00;0.0
2025-06-20 23:15:00;0.0
2025-06-20 23:30:00;0.0
2025-06-20 23:45:00;0.0
2025-06-21 00:00:00;0.0
2025-06-21 00:15:00;0.0
2025-06-21 00:30:00;0.0
2025-06-21 00:45:00;0.0
2025-06-21 01:00:00;0.0
2025-06-21 01:15:00;0.0
2025-06-21 01:30:00;0.0
2025-06-21 01:45:00;0.0
2025-06-21 02:00:00;0.0
2025-06-21 02:15:00;0.0
2025-06-21 02:30:00;0.0
2025-06-21 02:45:00;0.0
2025-06-21 03:00:00;0.0
2025-06-21 03:15:00;0.0
2025-06-21 03:30:00;0.0
2025-06-21 03:45:00;0.0
2025-06-21 04:00:00;0.0
2025-06-21 04:15:00;0.0
2025-06-21 04:30:00;0.0
2025-06-21 04:45:00;0.0
2025-06-21 05:00:00;0.0
2025-06-21 05:15:00;0.0
2025-06-21 05:30:00;0.0
2025-06-21 05:45:00;1.5284
2025-06-21 06:00:00;3.7233
2025-06-21 06:15:00;6.4837
2025-06-21 06:30:00;8.1296
2025-06-21 06:45:00;9.879800000000001
2025-06-21 07:00:00;11.4722
2025-06-21 07:15:00;13.4237
2025-06-21 07:30:00;15.187199999999999
2025-06-21 07:45:00;16.730700000000002
2025-06-21 08:00:00;21.9585
2025-06-21 08:15:00;24.2488
2025-06-21 08:30:00;25.5524
2025-06-21 08:45:00;26.8048
2025-06-21 09:00:00;30.185399999999998
2025-06-21 09:15:00;34.1105
2025-06-21 09:30:00;34.5895
2025-06-21 09:45:00;36.034
2025-06-21 10:00:00;36.5364
2025-06-21 10:15:00;36.5681
2025-06-21 10:30:00;36.5854
2025-06-21 10:45:00;36.609
2025-06-21 11:00:00;36.5146
2025-06-21 11:15:00;36.5112
2025-06-21 11:30:00;36.5231
2025-06-21 11:45:00;36.5496
2025-06-21 12:00:00;36.5702
2025-06-21 12:15:00;36.5609
2025-06-21 12:30:00;36.4647
2025-06-21 12:45:00;36.6081
2025-06-21 13:00:00;36.5432
2025-06-21 13:15:00;36.525800000000004
2025-06-21 13:30:00;36.5113
2025-06-21 13:45:00;36.6408
2025-06-21 14:00:00;36.5295
2025-06-21 14:15:00;36.5179
2025-06-21 14:30:00;36.565599999999996
2025-06-21 14:45:00;36.5916
2025-06-21 15:00:00;36.501799999999996
2025-06-21 15:15:00;36.5803
2025-06-21 15:30:00;36.5731
2025-06-21 15:45:00;36.516999999999996
2025-06-21 16:00:00;36.4476
2025-06-21 16:15:00;36.467
2025-06-21 16:30:00;36.4123
2025-06-21 16:45:00;36.4156
2025-06-21 17:00:00;36.1985
2025-06-21 17:15:00;34.6901
2025-06-21 17:30:00;32.2834
2025-06-21 17:45:00;31.551599999999997
2025-06-21 18:00:00;32.435599999999994
2025-06-21 18:15:00;31.355900000000002
2025-06-21 18:30:00;26.767
2025-06-21 18:45:00;25.2956
2025-06-21 19:00:00;28.8201
2025-06-21 19:15:00;23.7727
2025-06-21 19:30:00;23.4986
2025-06-21 19:45:00;21.6695
2025-06-21 20:00:00;17.5882
2025-06-21 20:15:00;15.0188
2025-06-21 20:30:00;13.828999999999999
2025-06-21 20:45:00;11.5206
2025-06-21 21:00:00;8.543
2025-06-21 21:15:00;6.0459
2025-06-21 21:30:00;3.8837999999999995
2025-06-21 21:45:00;1.333
2025-06-21 22:00:00;0.0
2025-06-21 22:15:00;0.0
2025-06-21 22:30:00;0.0
2025-06-21 22:45:00;0.0
2025-06-21 23:00:00;0.0
2025-06-21 23:15:00;0.0
2025-06-21 23:30:00;0.0
2025-06-21 23:45:00;0.0
2025-06-22 00:00:00;0.0
2025-06-22 00:15:00;0.0
2025-06-22 00:30:00;0.0
2025-06-22 00:45:00;0.0
2025-06-22 01:00:00;0.0
2025-06-22 01:15:00;0.0
2025-06-22 01:30:00;0.0
2025-06-22 01:45:00;0.0
2025-06-22 02:00:00;0.0
2025-06-22 02:15:00;0.0
2025-06-22 02:30:00;0.0
2025-06-22 02:45:00;0.0
2025-06-22 03:00:00;0.0
2025-06-22 03:15:00;0.0
2025-06-22 03:30:00;0.0
2025-06-22 03:45:00;0.0
2025-06-22 04:00:00;0.0
2025-06-22 04:15:00;0.0
2025-06-22 04:30:00;0.0
2025-06-22 04:45:00;0.0
2025-06-22 05:00:00;0.0
2025-06-22 05:15:00;0.0
2025-06-22 05:30:00;0.0
2025-06-22 05:45:00;0.049899999999999944
2025-06-22 06:00:00;0.28789999999999993
2025-06-22 06:15:00;1.0924
2025-06-22 06:30:00;1.5423
2025-06-22 06:45:00;2.357
2025-06-22 07:00:00;3.0096999999999996
2025-06-22 07:15:00;3.4332000000000003
2025-06-22 07:30:00;3.9432
2025-06-22 07:45:00;5.1162
2025-06-22 08:00:00;5.745699999999999
2025-06-22 08:15:00;6.4662
2025-06-22 08:30:00;6.4108
2025-06-22 08:45:00;7.312900000000001
2025-06-22 09:00:00;6.7672
2025-06-22 09:15:00;7.325200000000001
2025-06-22 09:30:00;7.7308
2025-06-22 09:45:00;8.6243
2025-06-22 10:00:00;7.1880999999999995
2025-06-22 10:15:00;7.135
2025-06-22 10:30:00;8.2109
2025-06-22 10:45:00;8.8529
2025-06-22 11:00:00;9.186
2025-06-22 11:15:00;10.3122
2025-06-22 11:30:00;10.6616
2025-06-22 11:45:00;10.4632
2025-06-22 12:00:00;11.632900000000001
2025-06-22 12:15:00;11.062199999999999
2025-06-22 12:30:00;11.1046
2025-06-22 12:45:00;12.3026
2025-06-22 13:00:00;12.2255
2025-06-22 13:15:00;12.104899999999999
2025-06-22 13:30:00;12.3161
2025-06-22 13:45:00;13.1249
2025-06-22 14:00:00;11.5825
2025-06-22 14:15:00;11.2002
2025-06-22 14:30:00;11.8546
2025-06-22 14:45:00;11.860199999999999
2025-06-22 15:00:00;12.286200000000001
2025-06-22 15:15:00;12.443
2025-06-22 15:30:00;11.997300000000001
2025-06-22 15:45:00;11.327200000000001
2025-06-22 16:00:00;10.8825
2025-06-22 16:15:00;10.7963
2025-06-22 16:30:00;10.4872
2025-06-22 16:45:00;10.0989
2025-06-22 17:00:00;8.9665
2025-06-22 17:15:00;8.4351
2025-06-22 17:30:00;8.3028
2025-06-22 17:45:00;7.870400000000001
2025-06-22 18:00:00;5.731199999999999
2025-06-22 18:15:00;5.119999999999999
2025-06-22 18:30:00;5.1874
2025-06-22 18:45:00;4.3655
2025-06-22 19:00:00;5.5711
2025-06-22 19:15:00;5.2851
2025-06-22 19:30:00;4.546200000000001
2025-06-22 19:45:00;3.9573
2025-06-22 20:00:00;3.3005999999999998
2025-06-22 20:15:00;2.6167
2025-06-22 20:30:00;2.0858
2025-06-22 20:45:00;1.7272999999999998
2025-06-22 21:00:00;1.1148999999999998
2025-06-22 21:15:00;0.5948999999999999
2025-06-22 21:30:00;0.15370000000000006
2025-06-22 21:45:00;0.0
2025-06-22 22:00:00;0.0
2025-06-22 22:15:00;0.0
2025-06-22 22:30:00;0.0
2025-06-22 22:45:00;0.0
2025-06-22 23:00:00;0.0
2025-06-22 23:15:00;0.0
2025-06-22 23:30:00;0.0
2025-06-22 23:45:00;0.0
2025-06-23 00:00:00;0.0
2025-06-23 00:15:00;0.0
2025-06-23 00:30:00;0.0
2025-06-23 00:45:00;0.0
2025-06-23 01:00:00;0.0
2025-06-23 01:15:00;0.0
2025-06-23 01:30:00;0.0
2025-06-23 01:45:00;0.0
2025-06-23 02:00:00;0.0
2025-06-23 02:15:00;0.0
2025-06-23 02:30:00;0.0
2025-06-23 02:45:00;0.0
2025-06-23 03:00:00;0.0
2025-06-23 03:15:00;0.0
2025-06-23 03:30:00;0.0
2025-06-23 03:45:00;0.0
2025-06-23 04:00:00;0.0
2025-06-23 04:15:00;0.0
2025-06-23 04:30:00;0.0
2025-06-23 04:45:00;0.0
2025-06-23 05:00:00;0.0
2025-06-23 05:15:00;0.0
2025-06-23 05:30:00;0.0
2025-06-23 05:45:00;0.11260000000000003
2025-06-23 06:00:00;2.1539
2025-06-23 06:15:00;4.0565
2025-06-23 06:30:00;5.1891
2025-06-23 06:45:00;6.9607
2025-06-23 07:00:00;5.038
2025-06-23 07:15:00;6.0294
2025-06-23 07:30:00;7.0996
2025-06-23 07:45:00;7.6676
2025-06-23 08:00:00;14.572500000000002
2025-06-23 08:15:00;14.2598
2025-06-23 08:30:00;16.0569
2025-06-23 08:45:00;17.6701
2025-06-23 09:00:00;15.7208
2025-06-23 09:15:00;16.747100000000003
2025-06-23 09:30:00;17.766099999999998
2025-06-23 09:45:00;19.4205
2025-06-23 10:00:00;14.3784
2025-06-23 10:15:00;15.8435
2025-06-23 10:30:00;16.3481
2025-06-23 10:45:00;16.2865
2025-06-23 11:00:00;24.3952
2025-06-23 11:15:00;27.936899999999998
2025-06-23 11:30:00;27.2463
2025-06-23 11:45:00;28.4255
2025-06-23 12:00:00;30.771
2025-06-23 12:15:00;29.772000000000002
2025-06-23 12:30:00;31.991200000000003
2025-06-23 12:45:00;32.0145
2025-06-23 13:00:00;36.4485
2025-06-23 13:15:00;36.5268
2025-06-23 13:30:00;34.905899999999995
2025-06-23 13:45:00;34.9551
2025-06-23 14:00:00;28.3304
2025-06-23 14:15:00;28.8782
2025-06-23 14:30:00;29.4176
2025-06-23 14:45:00;29.219099999999997
2025-06-23 15:00:00;27.6504
2025-06-23 15:15:00;26.7546
2025-06-23 15:30:00;26.5239
2025-06-23 15:45:00;25.7204
2025-06-23 16:00:00;26.1286
2025-06-23 16:15:00;25.0702
2025-06-23 16:30:00;24.2908
2025-06-23 16:45:00;21.7506
2025-06-23 17:00:00;24.115699999999997
2025-06-23 17:15:00;23.0503
2025-06-23 17:30:00;22.0837
2025-06-23 17:45:00;20.7199
2025-06-23 18:00:00;19.570700000000002
2025-06-23 18:15:00;18.5716
2025-06-23 18:30:00;16.7366
2025-06-23 18:45:00;16.3711
2025-06-23 19:00:00;14.700200000000002
2025-06-23 19:15:00;12.8006
2025-06-23 19:30:00;12.8597
2025-06-23 19:45:00;10.4351
2025-06-23 20:00:00;10.4271
2025-06-23 20:15:00;8.8767
2025-06-23 20:30:00;7.4656
2025-06-23 20:45:00;5.884
2025-06-23 21:00:00;4.1472
2025-06-23 21:15:00;2.8981000000000003
2025-06-23 21:30:00;1.5073
2025-06-23 21:45:00;0.19659999999999989
2025-06-23 22:00:00;0.0
2025-06-23 22:15:00;0.0
2025-06-23 22:30:00;0.0
2025-06-23 22:45:00;0.0
2025-06-23 23:00:00;0.0
2025-06-23 23:15:00;0.0
2025-06-23 23:30:00;0.0
2025-06-23 23:45:00;0.0
2025-06-24 00:00:00;0.0
2025-06-24 00:15:00;0.0
2025-06-24 00:30:00;0.0
2025-06-24 00:45:00;0.0
2025-06-24 01:00:00;0.0
2025-06-24 01:15:00;0.0
2025-06-24 01:30:00;0.0
2025-06-24 01:45:00;0.0
2025-06-24 02:00:00;0.0
2025-06-24 02:15:00;0.0
2025-06-24 02:30:00;0.0
2025-06-24 02:45:00;0.0
2025-06-24 03:00:00;0.0
2025-06-24 03:15:00;0.0
2025-06-24 03:30:00;0.0
2025-06-24 03:45:00;0.0
2025-06-24 04:00:00;0.0
2025-06-24 04:15:00;0.0
2025-06-24 04:30:00;0.0
2025-06-24 04:45:00;0.0
2025-06-24 05:00:00;0.0
2025-06-24 05:15:00;0.0
2025-06-24 05:30:00;0.0
2025-06-24 05:45:00;0.0796
2025-06-24 06:00:00;0.0
2025-06-24 06:15:00;0.5353999999999999
2025-06-24 06:30:00;1.0500000000000003
2025-06-24 06:45:00;1.3863999999999999
2025-06-24 07:00:00;2.1215
2025-06-24 07:15:00;2.7208
2025-06-24 07:30:00;2.8823999999999996
2025-06-24 07:45:00;3.5786
2025-06-24 08:00:00;4.2708
2025-06-24 08:15:00;4.8531
2025-06-24 08:30:00;5.1632
2025-06-24 08:45:00;5.5258
2025-06-24 09:00:00;5.8887
2025-06-24 09:15:00;6.3503
2025-06-24 09:30:00;7.0804
2025-06-24 09:45:00;6.8505
2025-06-24 10:00:00;8.952300000000001
2025-06-24 10:15:00;9.170399999999999
2025-06-24 10:30:00;9.7666
2025-06-24 10:45:00;10.457699999999999
2025-06-24 11:00:00;8.6045
2025-06-24 11:15:00;9.017100000000001
2025-06-24 11:30:00;10.0979
2025-06-24 11:45:00;9.9837
2025-06-24 12:00:00;9.6637
2025-06-24 12:15:00;10.1517
2025-06-24 12:30:00;9.5988
2025-06-24 12:45:00;10.198300000000001
2025-06-24 13:00:00;11.9661
2025-06-24 13:15:00;11.9855
2025-06-24 13:30:00;11.6937
2025-06-24 13:45:00;11.5645
2025-06-24 14:00:00;9.920399999999999
2025-06-24 14:15:00;9.8047
2025-06-24 14:30:00;9.9857
2025-06-24 14:45:00;9.9635
2025-06-24 15:00:00;11.2283
2025-06-24 15:15:00;11.1659
2025-06-24 15:30:00;10.2749
2025-06-24 15:45:00;10.610000000000001
2025-06-24 16:00:00;8.6831
2025-06-24 16:15:00;8.848500000000001
2025-06-24 16:30:00;8.385299999999999
2025-06-24 16:45:00;8.5002
2025-06-24 17:00:00;8.8832
2025-06-24 17:15:00;8.7917
2025-06-24 17:30:00;8.595099999999999
2025-06-24 17:45:00;7.9369
2025-06-24 18:00:00;6.7114
2025-06-24 18:15:00;6.2799
2025-06-24 18:30:00;5.6852
2025-06-24 18:45:00;5.5586
2025-06-24 19:00:00;5.2166999999999994
2025-06-24 19:15:00;4.895300000000001
2025-06-24 19:30:00;4.3476
2025-06-24 19:45:00;3.8512999999999993
2025-06-24 20:00:00;3.2524000000000006
2025-06-24 20:15:00;2.9911000000000003
2025-06-24 20:30:00;2.1571
2025-06-24 20:45:00;1.6113
2025-06-24 21:00:00;1.5794
2025-06-24 21:15:00;0.9651
2025-06-24 21:30:00;0.17609999999999992
2025-06-24 21:45:00;0.0
2025-06-24 22:00:00;0.0
2025-06-24 22:15:00;0.0
2025-06-24 22:30:00;0.0
2025-06-24 22:45:00;0.0
2025-06-24 23:00:00;0.0
2025-06-24 23:15:00;0.0
2025-06-24 23:30:00;0.0
2025-06-24 23:45:00;0.0
2025-06-25 00:00:00;0.0
2025-06-25 00:15:00;0.0
2025-06-25 00:30:00;0.0
2025-06-25 00:45:00;0.0
2025-06-25 01:00:00;0.0
2025-06-25 01:15:00;0.0
2025-06-25 01:30:00;0.0
2025-06-25 01:45:00;0.0
2025-06-25 02:00:00;0.0
2025-06-25 02:15:00;0.0
2025-06-25 02:30:00;0.0
2025-06-25 02:45:00;0.0
2025-06-25 03:00:00;0.0
2025-06-25 03:15:00;0.0
2025-06-25 03:30:00;0.0
2025-06-25 03:45:00;0.0
2025-06-25 04:00:00;0.0
2025-06-25 04:15:00;0.0
2025-06-25 04:30:00;0.0
2025-06-25 04:45:00;0.0
2025-06-25 05:00:00;0.0
2025-06-25 05:15:00;0.0
2025-06-25 05:30:00;0.0
2025-06-25 05:45:00;0.9341000000000002
2025-06-25 06:00:00;2.2996999999999996
2025-06-25 06:15:00;3.7388000000000003
2025-06-25 06:30:00;5.355300000000001
2025-06-25 06:45:00;7.092
2025-06-25 07:00:00;7.4619
2025-06-25 07:15:00;9.1989
2025-06-25 07:30:00;9.7352
2025-06-25 07:45:00;11.6085
2025-06-25 08:00:00;9.3203
2025-06-25 08:15:00;9.899899999999999
2025-06-25 08:30:00;10.6401
2025-06-25 08:45:00;11.0245
2025-06-25 09:00:00;7.999500000000001
2025-06-25 09:15:00;8.969000000000001
2025-06-25 09:30:00;9.1364
2025-06-25 09:45:00;9.5665
2025-06-25 10:00:00;17.0081
2025-06-25 10:15:00;19.0536
2025-06-25 10:30:00;20.314999999999998
2025-06-25 10:45:00;19.2276
2025-06-25 11:00:00;22.137
2025-06-25 11:15:00;21.125600000000002
2025-06-25 11:30:00;23.7628
2025-06-25 11:45:00;22.1182
2025-06-25 12:00:00;26.8148
2025-06-25 12:15:00;26.6271
2025-06-25 12:30:00;27.2771
2025-06-25 12:45:00;28.057499999999997
2025-06-25 13:00:00;29.801000000000002
2025-06-25 13:15:00;31.852899999999998
2025-06-25 13:30:00;30.6462
2025-06-25 13:45:00;30.026899999999998
2025-06-25 14:00:00;33.1731
2025-06-25 14:15:00;32.061
2025-06-25 14:30:00;33.2547
2025-06-25 14:45:00;31.1606
2025-06-25 15:00:00;29.0997
2025-06-25 15:15:00;27.4144
2025-06-25 15:30:00;27.0768
2025-06-25 15:45:00;28.3045
2025-06-25 16:00:00;23.345699999999997
2025-06-25 16:15:00;23.483600000000003
2025-06-25 16:30:00;21.9336
2025-06-25 16:45:00;20.6467
2025-06-25 17:00:00;26.3644
2025-06-25 17:15:00;25.6002
2025-06-25 17:30:00;23.941
2025-06-25 17:45:00;23.9037
2025-06-25 18:00:00;20.7715
2025-06-25 18:15:00;19.7053
2025-06-25 18:30:00;17.5446
2025-06-25 18:45:00;17.7552
2025-06-25 19:00:00;16.936
2025-06-25 19:15:00;14.912
2025-06-25 19:30:00;14.4905
2025-06-25 19:45:00;12.3573
2025-06-25 20:00:00;11.628599999999999
2025-06-25 20:15:00;9.891
2025-06-25 20:30:00;8.1746
2025-06-25 20:45:00;6.9683
2025-06-25 21:00:00;4.534199999999999
2025-06-25 21:15:00;3.6188000000000002
2025-06-25 21:30:00;2.0632
2025-06-25 21:45:00;0.4836999999999998
2025-06-25 22:00:00;0.0
2025-06-25 22:15:00;0.0
2025-06-25 22:30:00;0.0
2025-06-25 22:45:00;0.0
2025-06-25 23:00:00;0.0
2025-06-25 23:15:00;0.0
2025-06-25 23:30:00;0.0
2025-06-25 23:45:00;0.0
2025-06-26 00:00:00;0.0
2025-06-26 00:15:00;0.0
2025-06-26 00:30:00;0.0
2025-06-26 00:45:00;0.0
2025-06-26 01:00:00;0.0
2025-06-26 01:15:00;0.0
2025-06-26 01:30:00;0.0
2025-06-26 01:45:00;0.0
2025-06-26 02:00:00;0.0
2025-06-26 02:15:00;0.0
2025-06-26 02:30:00;0.0
2025-06-26 02:45:00;0.0
2025-06-26 03:00:00;0.0
2025-06-26 03:15:00;0.0
2025-06-26 03:30:00;0.0
2025-06-26 03:45:00;0.0
2025-06-26 04:00:00;0.0
2025-06-26 04:15:00;0.0
2025-06-26 04:30:00;0.0
2025-06-26 04:45:00;0.0
2025-06-26 05:00:00;0.0
2025-06-26 05:15:00;0.0
2025-06-26 05:30:00;0.0
2025-06-26 05:45:00;1.6304000000000003
2025-06-26 06:00:00;3.4058
2025-06-26 06:15:00;5.337400000000001
2025-06-26 06:30:00;7.811700000000001
2025-06-26 06:45:00;10.1958
2025-06-26 07:00:00;12.7535
2025-06-26 07:15:00;14.883899999999999
2025-06-26 07:30:00;17.345100000000002
2025-06-26 07:45:00;18.305600000000002
2025-06-26 08:00:00;21.2326
2025-06-26 08:15:00;23.9048
2025-06-26 08:30:00;24.622
2025-06-26 08:45:00;28.02
2025-06-26 09:00:00;26.5991
2025-06-26 09:15:00;25.669800000000002
2025-06-26 09:30:00;27.5404
2025-06-26 09:45:00;30.2952
2025-06-26 10:00:00;36.5214
2025-06-26 10:15:00;36.4482
2025-06-26 10:30:00;36.565400000000004
2025-06-26 10:45:00;36.433499999999995
2025-06-26 11:00:00;36.5304
2025-06-26 11:15:00;36.4206
2025-06-26 11:30:00;36.5265
2025-06-26 11:45:00;36.4525
2025-06-26 12:00:00;36.423199999999994
2025-06-26 12:15:00;36.3736
2025-06-26 12:30:00;36.479200000000006
2025-06-26 12:45:00;36.428200000000004
2025-06-26 13:00:00;36.4705
2025-06-26 13:15:00;36.400400000000005
2025-06-26 13:30:00;36.4766
2025-06-26 13:45:00;36.4439
2025-06-26 14:00:00;36.4808
2025-06-26 14:15:00;36.5019
2025-06-26 14:30:00;36.4382
2025-06-26 14:45:00;36.533899999999996
2025-06-26 15:00:00;36.4638
2025-06-26 15:15:00;36.4236
2025-06-26 15:30:00;36.410500000000006
2025-06-26 15:45:00;36.4248
2025-06-26 16:00:00;36.326
2025-06-26 16:15:00;36.354
2025-06-26 16:30:00;36.3106
2025-06-26 16:45:00;34.4209
2025-06-26 17:00:00;36.0507
2025-06-26 17:15:00;36.0156
2025-06-26 17:30:00;35.9978
2025-06-26 17:45:00;36.0888
2025-06-26 18:00:00;34.0612
2025-06-26 18:15:00;31.893700000000003
2025-06-26 18:30:00;30.671
2025-06-26 18:45:00;29.202199999999998
2025-06-26 19:00:00;25.0612
2025-06-26 19:15:00;23.5215
2025-06-26 19:30:00;21.169700000000002
2025-06-26 19:45:00;19.228299999999997
2025-06-26 20:00:00;16.5777
2025-06-26 20:15:00;13.7737
2025-06-26 20:30:00;11.3793
2025-06-26 20:45:00;10.1822
2025-06-26 21:00:00;7.6799
2025-06-26 21:15:00;5.6112
2025-06-26 21:30:00;3.0275000000000003
2025-06-26 21:45:00;1.1841
2025-06-26 22:00:00;0.0
2025-06-26 22:15:00;0.0
2025-06-26 22:30:00;0.0
2025-06-26 22:45:00;0.0
2025-06-26 23:00:00;0.0
2025-06-26 23:15:00;0.0
2025-06-26 23:30:00;0.0
2025-06-26 23:45:00;0.0
2025-06-27 00:00:00;0.0
2025-06-27 00:15:00;0.0
2025-06-27 00:30:00;0.0
2025-06-27 00:45:00;0.0
2025-06-27 01:00:00;0.0
2025-06-27 01:15:00;0.0
2025-06-27 01:30:00;0.0
2025-06-27 01:45:00;0.0
2025-06-27 02:00:00;0.0
2025-06-27 02:15:00;0.0
2025-06-27 02:30:00;0.0
2025-06-27 02:45:00;0.0
2025-06-27 03:00:00;0.0
2025-06-27 03:15:00;0.0
2025-06-27 03:30:00;0.0
2025-06-27 03:45:00;0.0
2025-06-27 04:00:00;0.0
2025-06-27 04:15:00;0.0
2025-06-27 04:30:00;0.0
2025-06-27 04:45:00;0.0
2025-06-27 05:00:00;0.0
2025-06-27 05:15:00;0.0
2025-06-27 05:30:00;0.0
2025-06-27 05:45:00;0.35650000000000004
2025-06-27 06:00:00;0.4415
2025-06-27 06:15:00;1.1094
2025-06-27 06:30:00;1.8404000000000003
2025-06-27 06:45:00;2.6238
2025-06-27 07:00:00;8.672799999999999
2025-06-27 07:15:00;10.3013
2025-06-27 07:30:00;11.2534
2025-06-27 07:45:00;12.8191
2025-06-27 08:00:00;9.6812
2025-06-27 08:15:00;10.6645
2025-06-27 08:30:00;11.3232
2025-06-27 08:45:00;11.4853
2025-06-27 09:00:00;18.409299999999998
2025-06-27 09:15:00;17.7401
2025-06-27 09:30:00;19.6441
2025-06-27 09:45:00;22.392
2025-06-27 10:00:00;21.1833
2025-06-27 10:15:00;23.9733
2025-06-27 10:30:00;24.7259
2025-06-27 10:45:00;26.4343
2025-06-27 11:00:00;30.0555
2025-06-27 11:15:00;30.5134
2025-06-27 11:30:00;29.217499999999998
2025-06-27 11:45:00;31.2077
2025-06-27 12:00:00;30.0454
2025-06-27 12:15:00;29.1814
2025-06-27 12:30:00;31.3466
2025-06-27 12:45:00;29.170199999999998
2025-06-27 13:00:00;30.9951
2025-06-27 13:15:00;29.485599999999998
2025-06-27 13:30:00;31.8321
2025-06-27 13:45:00;30.7081
2025-06-27 14:00:00;34.683400000000006
2025-06-27 14:15:00;32.4251
2025-06-27 14:30:00;33.255
2025-06-27 14:45:00;31.2457
2025-06-27 15:00:00;35.6552
2025-06-27 15:15:00;34.8204
2025-06-27 15:30:00;32.6163
2025-06-27 15:45:00;30.6784
2025-06-27 16:00:00;27.7757
2025-06-27 16:15:00;27.2136
2025-06-27 16:30:00;26.9648
2025-06-27 16:45:00;24.8045
2025-06-27 17:00:00;28.7049
2025-06-27 17:15:00;28.55
2025-06-27 17:30:00;26.298399999999997
2025-06-27 17:45:00;23.861600000000003
2025-06-27 18:00:00;22.4175
2025-06-27 18:15:00;22.430699999999998
2025-06-27 18:30:00;20.1582
2025-06-27 18:45:00;19.4646
2025-06-27 19:00:00;17.121
2025-06-27 19:15:00;15.7698
2025-06-27 19:30:00;14.4729
2025-06-27 19:45:00;13.355
2025-06-27 20:00:00;11.168800000000001
2025-06-27 20:15:00;9.4286
2025-06-27 20:30:00;8.0533
2025-06-27 20:45:00;6.6114
2025-06-27 21:00:00;3.6432999999999995
2025-06-27 21:15:00;2.372
2025-06-27 21:30:00;1.2604000000000002
2025-06-27 21:45:00;0.14959999999999996
2025-06-27 22:00:00;0.0
2025-06-27 22:15:00;0.0
2025-06-27 22:30:00;0.0
2025-06-27 22:45:00;0.0
2025-06-27 23:00:00;0.0
2025-06-27 23:15:00;0.0
2025-06-27 23:30:00;0.0
2025-06-27 23:45:00;0.0
2025-06-28 00:00:00;0.0
2025-06-28 00:15:00;0.0
2025-06-28 00:30:00;0.0
2025-06-28 00:45:00;0.0
2025-06-28 01:00:00;0.0
2025-06-28 01:15:00;0.0
2025-06-28 01:30:00;0.0
2025-06-28 01:45:00;0.0
2025-06-28 02:00:00;0.0
2025-06-28 02:15:00;0.0
2025-06-28 02:30:00;0.0
2025-06-28 02:45:00;0.0
2025-06-28 03:00:00;0.0
2025-06-28 03:15:00;0.0
2025-06-28 03:30:00;0.0
2025-06-28 03:45:00;0.0
2025-06-28 04:00:00;0.0
2025-06-28 04:15:00;0.0
2025-06-28 04:30:00;0.0
2025-06-28 04:45:00;0.0
2025-06-28 05:00:00;0.0
2025-06-28 05:15:00;0.0
2025-06-28 05:30:00;0.0
2025-06-28 05:45:00;1.5183
2025-06-28 06:00:00;3.5547000000000004
2025-06-28 06:15:00;6.1991
2025-06-28 06:30:00;7.4396
2025-06-28 06:45:00;10.700800000000001
2025-06-28 07:00:00;13.1821
2025-06-28 07:15:00;15.962300000000003
2025-06-28 07:30:00;19.067999999999998
2025-06-28 07:45:00;19.448
2025-06-28 08:00:00;22.3776
2025-06-28 08:15:00;25.4621
2025-06-28 08:30:00;27.1182
2025-06-28 08:45:00;28.2088
2025-06-28 09:00:00;30.5748
2025-06-28 09:15:00;32.4941
2025-06-28 09:30:00;34.0857
2025-06-28 09:45:00;36.5335
2025-06-28 10:00:00;36.5407
2025-06-28 10:15:00;36.5811
2025-06-28 10:30:00;36.617000000000004
2025-06-28 10:45:00;36.608799999999995
2025-06-28 11:00:00;36.5175
2025-06-28 11:15:00;36.5777
2025-06-28 11:30:00;36.515
2025-06-28 11:45:00;36.5385
2025-06-28 12:00:00;36.5183
2025-06-28 12:15:00;36.442899999999995
2025-06-28 12:30:00;36.4508
2025-06-28 12:45:00;36.493500000000004
2025-06-28 13:00:00;36.554700000000004
2025-06-28 13:15:00;36.5513
2025-06-28 13:30:00;36.5094
2025-06-28 13:45:00;36.500099999999996
2025-06-28 14:00:00;36.5544
2025-06-28 14:15:00;36.6186
2025-06-28 14:30:00;36.6365
2025-06-28 14:45:00;36.5251
2025-06-28 15:00:00;36.4993
2025-06-28 15:15:00;36.5112
2025-06-28 15:30:00;36.544200000000004
2025-06-28 15:45:00;36.5156
2025-06-28 16:00:00;36.5226
2025-06-28 16:15:00;36.4448
2025-06-28 16:30:00;36.4445
2025-06-28 16:45:00;36.4354
2025-06-28 17:00:00;36.1714
2025-06-28 17:15:00;36.187200000000004
2025-06-28 17:30:00;36.157199999999996
2025-06-28 17:45:00;36.085
2025-06-28 18:00:00;33.287600000000005
2025-06-28 18:15:00;30.8663
2025-06-28 18:30:00;28.8167
2025-06-28 18:45:00;26.648200000000003
2025-06-28 19:00:00;26.419
2025-06-28 19:15:00;22.4131
2025-06-28 19:30:00;22.1642
2025-06-28 19:45:00;19.4287
2025-06-28 20:00:00;17.7974
2025-06-28 20:15:00;14.462
2025-06-28 20:30:00;12.6234
2025-06-28 20:45:00;10.2715
2025-06-28 21:00:00;8.5688
2025-06-28 21:15:00;6.1086
2025-06-28 21:30:00;3.7565
2025-06-28 21:45:00;1.1516999999999997
2025-06-28 22:00:00;0.0
2025-06-28 22:15:00;0.0
2025-06-28 22:30:00;0.0
2025-06-28 22:45:00;0.0
2025-06-28 23:00:00;0.0
2025-06-28 23:15:00;0.0
2025-06-28 23:30:00;0.0
2025-06-28 23:45:00;0.0
2025-06-29 00:00:00;0.0
2025-06-29 00:15:00;0.0
2025-06-29 00:30:00;0.0
2025-06-29 00:45:00;0.0
2025-06-29 01:00:00;0.0
2025-06-29 01:15:00;0.0
2025-06-29 01:30:00;0.0
2025-06-29 01:45:00;0.0
2025-06-29 02:00:00;0.0
2025-06-29 02:15:00;0.0
2025-06-29 02:30:00;0.0
2025-06-29 02:45:00;0.0
2025-06-29 03:00:00;0.0
2025-06-29 03:15:00;0.0
2025-06-29 03:30:00;0.0
2025-06-29 03:45:00;0.0
2025-06-29 04:00:00;0.0
2025-06-29 04:15:00;0.0
2025-06-29 04:30:00;0.0
2025-06-29 04:45:00;0.0
2025-06-29 05:00:00;0.0
2025-06-29 05:15:00;0.0
2025-06-29 05:30:00;0.0
2025-06-29 05:45:00;1.7975
2025-06-29 06:00:00;3.2111
2025-06-29 06:15:00;5.1297999999999995
2025-06-29 06:30:00;7.5262
2025-06-29 06:45:00;9.2895
2025-06-29 07:00:00;12.6461
2025-06-29 07:15:00;14.7128
2025-06-29 07:30:00;16.262600000000003
2025-06-29 07:45:00;18.6767
2025-06-29 08:00:00;19.2815
2025-06-29 08:15:00;20.994799999999998
2025-06-29 08:30:00;22.3759
2025-06-29 08:45:00;23.6323
2025-06-29 09:00:00;30.1596
2025-06-29 09:15:00;33.406800000000004
2025-06-29 09:30:00;36.4885
2025-06-29 09:45:00;36.1567
2025-06-29 10:00:00;32.917500000000004
2025-06-29 10:15:00;34.8041
2025-06-29 10:30:00;35.4207
2025-06-29 10:45:00;36.5124
2025-06-29 11:00:00;36.4844
2025-06-29 11:15:00;36.5379
2025-06-29 11:30:00;36.479
2025-06-29 11:45:00;36.5175
2025-06-29 12:00:00;36.458200000000005
2025-06-29 12:15:00;36.5109
2025-06-29 12:30:00;36.4634
2025-06-29 12:45:00;36.529599999999995
2025-06-29 13:00:00;36.5728
2025-06-29 13:15:00;36.4685
2025-06-29 13:30:00;36.403099999999995
2025-06-29 13:45:00;36.526900000000005
2025-06-29 14:00:00;36.5276
2025-06-29 14:15:00;36.4456
2025-06-29 14:30:00;36.524
2025-06-29 14:45:00;36.455799999999996
2025-06-29 15:00:00;36.5321
2025-06-29 15:15:00;36.423399999999994
2025-06-29 15:30:00;36.432900000000004
2025-06-29 15:45:00;36.4493
2025-06-29 16:00:00;36.344
2025-06-29 16:15:00;36.4796
2025-06-29 16:30:00;36.431799999999996
2025-06-29 16:45:00;36.423899999999996
2025-06-29 17:00:00;36.1774
2025-06-29 17:15:00;36.2351
2025-06-29 17:30:00;36.077
2025-06-29 17:45:00;36.1156
2025-06-29 18:00:00;34.1507
2025-06-29 18:15:00;31.349099999999996
2025-06-29 18:30:00;29.8698
2025-06-29 18:45:00;28.2772
2025-06-29 19:00:00;25.4485
2025-06-29 19:15:00;22.563200000000002
2025-06-29 19:30:00;20.2342
2025-06-29 19:45:00;19.199599999999997
2025-06-29 20:00:00;17.3839
2025-06-29 20:15:00;14.4197
2025-06-29 20:30:00;13.1176
2025-06-29 20:45:00;10.3561
2025-06-29 21:00:00;9.255799999999999
2025-06-29 21:15:00;6.739
2025-06-29 21:30:00;4.4657
2025-06-29 21:45:00;1.6635
2025-06-29 22:00:00;0.0
2025-06-29 22:15:00;0.0
2025-06-29 22:30:00;0.0
2025-06-29 22:45:00;0.0
2025-06-29 23:00:00;0.0
2025-06-29 23:15:00;0.0
2025-06-29 23:30:00;0.0
2025-06-29 23:45:00;0.0
2025-06-30 00:00:00;0.0
2025-06-30 00:15:00;0.0
2025-06-30 00:30:00;0.0
2025-06-30 00:45:00;0.0
2025-06-30 01:00:00;0.0
2025-06-30 01:15:00;0.0
2025-06-30 01:30:00;0.0
2025-06-30 01:45:00;0.0
2025-06-30 02:00:00;0.0
2025-06-30 02:15:00;0.0
2025-06-30 02:30:00;0.0
2025-06-30 02:45:00;0.0
2025-06-30 03:00:00;0.0
2025-06-30 03:15:00;0.0
2025-06-30 03:30:00;0.0
2025-06-30 03:45:00;0.0
2025-06-30 04:00:00;0.0
2025-06-30 04:15:00;0.0
2025-06-30 04:30:00;0.0
2025-06-30 04:45:00;0.0
2025-06-30 05:00:00;0.0
2025-06-30 05:15:00;0.0
2025-06-30 05:30:00;0.0
2025-06-30 05:45:00;2.1036
2025-06-30 06:00:00;3.3221
2025-06-30 06:15:00;5.8432
2025-06-30 06:30:00;8.290199999999999
2025-06-30 06:45:00;9.961300000000001
2025-06-30 07:00:00;12.9398
2025-06-30 07:15:00;15.6291
2025-06-30 07:30:00;17.127
2025-06-30 07:45:00;19.5904
2025-06-30 08:00:00;20.2078
2025-06-30 08:15:00;21.9135
2025-06-30 08:30:00;23.9259
2025-06-30 08:45:00;25.6409
2025-06-30 09:00:00;27.294900000000002
2025-06-30 09:15:00;30.7786
2025-06-30 09:30:00;31.4221
2025-06-30 09:45:00;31.2081
2025-06-30 10:00:00;36.4305
2025-06-30 10:15:00;36.40880000000001
2025-06-30 10:30:00;36.4034
2025-06-30 10:45:00;36.4844
2025-06-30 11:00:00;36.4219
2025-06-30 11:15:00;36.369
2025-06-30 11:30:00;36.457100000000004
2025-06-30 11:45:00;36.5177
2025-06-30 12:00:00;36.4188
2025-06-30 12:15:00;36.3955
2025-06-30 12:30:00;36.3944
2025-06-30 12:45:00;36.342
2025-06-30 13:00:00;36.431900000000006
2025-06-30 13:15:00;36.4033
2025-06-30 13:30:00;36.516200000000005
2025-06-30 13:45:00;36.4001
2025-06-30 14:00:00;36.4069
2025-06-30 14:15:00;36.5143
2025-06-30 14:30:00;36.50170000000001
2025-06-30 14:45:00;36.5145
2025-06-30 15:00:00;36.3956
2025-06-30 15:15:00;36.451499999999996
2025-06-30 15:30:00;36.475300000000004
2025-06-30 15:45:00;36.451699999999995
2025-06-30 16:00:00;36.3391
2025-06-30 16:15:00;36.3191
2025-06-30 16:30:00;36.4114
2025-06-30 16:45:00;36.2873
2025-06-30 17:00:00;36.08
2025-06-30 17:15:00;36.0038
2025-06-30 17:30:00;35.994099999999996
2025-06-30 17:45:00;35.6482
2025-06-30 18:00:00;28.4438
2025-06-30 18:15:00;26.13
2025-06-30 18:30:00;26.7993
2025-06-30 18:45:00;25.802
2025-06-30 19:00:00;23.832
2025-06-30 19:15:00;22.1833
2025-06-30 19:30:00;20.610500000000002
2025-06-30 19:45:00;18.5816
2025-06-30 20:00:00;16.121499999999997
2025-06-30 20:15:00;14.6677
2025-06-30 20:30:00;12.077300000000001
2025-06-30 20:45:00;8.8768
2025-06-30 21:00:00;7.7611
2025-06-30 21:15:00;5.7052000000000005
2025-06-30 21:30:00;3.3136
2025-06-30 21:45:00;1.0729000000000002
2025-06-30 22:00:00;0.0
2025-06-30 22:15:00;0.0
2025-06-30 22:30:00;0.0
2025-06-30 22:45:00;0.0
2025-06-30 23:00:00;0.0
2025-06-30 23:15:00;0.0
2025-06-30 23:30:00;0.0
2025-06-30 23:45:00;0.0
2025-07-01 00:00:00;0.0
2025-07-01 00:15:00;0.0
2025-07-01 00:30:00;0.0
2025-07-01 00:45:00;0.0
2025-07-01 01:00:00;0.0
2025-07-01 01:15:00;0.0
2025-07-01 01:30:00;0.0
2025-07-01 01:45:00;0.0
2025-07-01 02:00:00;0.0
2025-07-01 02:15:00;0.0
2025-07-01 02:30:00;0.0
2025-07-01 02:45:00;0.0
2025-07-01 03:00:00;0.0
2025-07-01 03:15:00;0.0
2025-07-01 03:30:00;0.0
2025-07-01 03:45:00;0.0
2025-07-01 04:00:00;0.0
2025-07-01 04:15:00;0.0
2025-07-01 04:30:00;0.0
2025-07-01 04:45:00;0.0
2025-07-01 05:00:00;0.0
2025-07-01 05:15:00;0.0
2025-07-01 05:30:00;0.0
2025-07-01 05:45:00;0.0
2025-07-01 06:00:00;0.0
2025-07-01 06:15:00;0.2239
2025-07-01 06:30:00;0.8784000000000001
2025-07-01 06:45:00;1.3386999999999998
2025-07-01 07:00:00;1.81
2025-07-01 07:15:00;2.3104
2025-07-01 07:30:00;2.7890999999999995
2025-07-01 07:45:00;3.5029000000000003
2025-07-01 08:00:00;3.4484
2025-07-01 08:15:00;3.7093000000000003
2025-07-01 08:30:00;4.178800000000001
2025-07-01 08:45:00;4.7723
2025-07-01 09:00:00;6.4585
2025-07-01 09:15:00;6.7217
2025-07-01 09:30:00;6.9487
2025-07-01 09:45:00;6.989000000000001
2025-07-01 10:00:00;9.2884
2025-07-01 10:15:00;9.5691
2025-07-01 10:30:00;9.9884
2025-07-01 10:45:00;9.6838
2025-07-01 11:00:00;9.2186
2025-07-01 11:15:00;9.559000000000001
2025-07-01 11:30:00;8.969999999999999
2025-07-01 11:45:00;10.0865
2025-07-01 12:00:00;10.018
2025-07-01 12:15:00;9.7203
2025-07-01 12:30:00;10.0792
2025-07-01 12:45:00;9.9802
2025-07-01 13:00:00;10.8055
2025-07-01 13:15:00;10.7777
2025-07-01 13:30:00;10.9627
2025-07-01 13:45:00;11.666
2025-07-01 14:00:00;11.673399999999999
2025-07-01 14:15:00;11.8093
2025-07-01 14:30:00;11.483699999999999
2025-07-01 14:45:00;10.7955
2025-07-01 15:00:00;11.7617
2025-07-01 15:15:00;10.7364
2025-07-01 15:30:00;10.289200000000001
2025-07-01 15:45:00;10.4018
2025-07-01 16:00:00;11.1028
2025-07-01 16:15:00;11.5855
2025-07-01 16:30:00;9.9115
2025-07-01 16:45:00;9.3558
2025-07-01 17:00:00;9.0785
2025-07-01 17:15:00;9.0731
2025-07-01 17:30:00;8.8215
2025-07-01 17:45:00;8.2611
2025-07-01 18:00:00;7.1204
2025-07-01 18:15:00;6.785399999999999
2025-07-01 18:30:00;6.0299
2025-07-01 18:45:00;5.6198
2025-07-01 19:00:00;5.4235
2025-07-01 19:15:00;4.3925
2025-07-01 19:30:00;4.1251
2025-07-01 19:45:00;3.1213000000000006
2025-07-01 20:00:00;2.6630000000000003
2025-07-01 20:15:00;2.1791
2025-07-01 20:30:00;1.3823999999999999
2025-07-01 20:45:00;0.8107
2025-07-01 21:00:00;0.8123
2025-07-01 21:15:00;0.1180000000000001
2025-07-01 21:30:00;0.0
2025-07-01 21:45:00;0.0
2025-07-01 22:00:00;0.0
2025-07-01 22:15:00;0.0
2025-07-01 22:30:00;0.0
2025-07-01 22:45:00;0.0
2025-07-01 23:00:00;0.0
2025-07-01 23:15:00;0.0
2025-07-01 23:30:00;0.0
2025-07-01 23:45:00;0.0
2025-07-02 00:00:00;0.0
2025-07-02 00:15:00;0.0
2025-07-02 00:30:00;0.0
2025-07-02 00:45:00;0.0
2025-07-02 01:00:00;0.0
2025-07-02 01:15:00;0.0
2025-07-02 01:30:00;0.0
2025-07-02 01:45:00;0.0
2025-07-02 02:00:00;0.0
2025-07-02 02:15:00;0.0
2025-07-02 02:30:00;0.0
2025-07-02 02:45:00;0.0
2025-07-02 03:00:00;0.0
2025-07-02 03:15:00;0.0
2025-07-02 03:30:00;0.0
2025-07-02 03:45:00;0.0
2025-07-02 04:00:00;0.0
2025-07-02 04:15:00;0.0
2025-07-02 04:30:00;0.0
2025-07-02 04:45:00;0.0
2025-07-02 05:00:00;0.0
2025-07-02 05:15:00;0.0
2025-07-02 05:30:00;0.0
2025-07-02 05:45:00;0.0
2025-07-02 06:00:00;1.5161000000000002
2025-07-02 06:15:00;4.2895
2025-07-02 06:30:00;7.0501000000000005
2025-07-02 06:45:00;9.882900000000001
2025-07-02 07:00:00;9.5381
2025-07-02 07:15:00;12.931600000000001
2025-07-02 07:30:00;15.6387
2025-07-02 07:45:00;18.1162
2025-07-02 08:00:00;18.457800000000002
2025-07-02 08:15:00;21.2807
2025-07-02 08:30:00;23.212500000000002
2025-07-02 08:45:00;26.1774
2025-07-02 09:00:00;29.7428
2025-07-02 09:15:00;32.3707
2025-07-02 09:30:00;32.0581
2025-07-02 09:45:00;34.2845
2025-07-02 10:00:00;36.552400000000006
2025-07-02 10:15:00;36.5724
2025-07-02 10:30:00;36.5549
2025-07-02 10:45:00;36.5802
2025-07-02 11:00:00;36.4841
2025-07-02 11:15:00;36.5332
2025-07-02 11:30:00;36.5357
2025-07-02 11:45:00;36.509100000000004
2025-07-02 12:00:00;36.5709
2025-07-02 12:15:00;36.511799999999994
2025-07-02 12:30:00;36.5203
2025-07-02 12:45:00;36.4439
2025-07-02 13:00:00;36.501200000000004
2025-07-02 13:15:00;36.4844
2025-07-02 13:30:00;36.4647
2025-07-02 13:45:00;36.5533
2025-07-02 14:00:00;36.5805
2025-07-02 14:15:00;36.5575
2025-07-02 14:30:00;36.5913
2025-07-02 14:45:00;36.5206
2025-07-02 15:00:00;36.5437
2025-07-02 15:15:00;36.615500000000004
2025-07-02 15:30:00;36.4951
2025-07-02 15:45:00;36.586600000000004
2025-07-02 16:00:00;33.8107
2025-07-02 16:15:00;34.342
2025-07-02 16:30:00;33.2366
2025-07-02 16:45:00;32.5709
2025-07-02 17:00:00;36.143899999999995
2025-07-02 17:15:00;36.075
2025-07-02 17:30:00;36.3078
2025-07-02 17:45:00;34.7272
2025-07-02 18:00:00;30.6977
2025-07-02 18:15:00;29.4332
2025-07-02 18:30:00;27.293
2025-07-02 18:45:00;23.9941
2025-07-02 19:00:00;24.369
2025-07-02 19:15:00;21.3152
2025-07-02 19:30:00;21.0796
2025-07-02 19:45:00;18.6187
2025-07-02 20:00:00;15.930899999999998
2025-07-02 20:15:00;12.9337
2025-07-02 20:30:00;11.095600000000001
2025-07-02 20:45:00;9.1848
2025-07-02 21:00:00;5.3222
2025-07-02 21:15:00;3.2603999999999997
2025-07-02 21:30:00;1.0272999999999999
2025-07-02 21:45:00;0.0
2025-07-02 22:00:00;0.0
2025-07-02 22:15:00;0.0
2025-07-02 22:30:00;0.0
2025-07-02 22:45:00;0.0
2025-07-02 23:00:00;0.0
2025-07-02 23:15:00;0.0
2025-07-02 23:30:00;0.0
2025-07-02 23:45:00;0.0
2025-07-03 00:00:00;0.0
2025-07-03 00:15:00;0.0
2025-07-03 00:30:00;0.0
2025-07-03 00:45:00;0.0
2025-07-03 01:00:00;0.0
2025-07-03 01:15:00;0.0
2025-07-03 01:30:00;0.0
2025-07-03 01:45:00;0.0
2025-07-03 02:00:00;0.0
2025-07-03 02:15:00;0.0
2025-07-03 02:30:00;0.0
2025-07-03 02:45:00;0.0
2025-07-03 03:00:00;0.0
2025-07-03 03:15:00;0.0
2025-07-03 03:30:00;0.0
2025-07-03 03:45:00;0.0
2025-07-03 04:00:00;0.0
2025-07-03 04:15:00;0.0
2025-07-03 04:30:00;0.0
2025-07-03 04:45:00;0.0
2025-07-03 05:00:00;0.0
2025-07-03 05:15:00;0.0
2025-07-03 05:30:00;0.0
2025-07-03 05:45:00;0.0
2025-07-03 06:00:00;0.18979999999999997
2025-07-03 06:15:00;1.1998
2025-07-03 06:30:00;2.2460999999999998
2025-07-03 06:45:00;3.2658
2025-07-03 07:00:00;5.9712
2025-07-03 07:15:00;7.5803
2025-07-03 07:30:00;9.0284
2025-07-03 07:45:00;10.3093
2025-07-03 08:00:00;13.1618
2025-07-03 08:15:00;14.3553
2025-07-03 08:30:00;15.033100000000001
2025-07-03 08:45:00;16.276799999999998
2025-07-03 09:00:00;7.3609
2025-07-03 09:15:00;7.6747000000000005
2025-07-03 09:30:00;8.4888
2025-07-03 09:45:00;8.846
2025-07-03 10:00:00;19.2458
2025-07-03 10:15:00;21.6464
2025-07-03 10:30:00;22.9102
2025-07-03 10:45:00;23.343799999999998
2025-07-03 11:00:00;28.3546
2025-07-03 11:15:00;27.6418
2025-07-03 11:30:00;28.5107
2025-07-03 11:45:00;29.768199999999997
2025-07-03 12:00:00;12.9175
2025-07-03 12:15:00;12.5947
2025-07-03 12:30:00;14.465200000000001
2025-07-03 12:45:00;13.6418
2025-07-03 13:00:00;21.2746
2025-07-03 13:15:00;20.2362
2025-07-03 13:30:00;21.7736
2025-07-03 13:45:00;21.673000000000002
2025-07-03 14:00:00;17.0131
2025-07-03 14:15:00;17.0675
2025-07-03 14:30:00;16.863400000000002
2025-07-03 14:45:00;16.9984
2025-07-03 15:00:00;17.4516
2025-07-03 15:15:00;16.8262
2025-07-03 15:30:00;16.4066
2025-07-03 15:45:00;16.375
2025-07-03 16:00:00;27.633899999999997
2025-07-03 16:15:00;25.189999999999998
2025-07-03 16:30:00;24.9704
2025-07-03 16:45:00;22.3969
2025-07-03 17:00:00;24.2095
2025-07-03 17:15:00;23.881400000000003
2025-07-03 17:30:00;23.2181
2025-07-03 17:45:00;22.4198
2025-07-03 18:00:00;18.5742
2025-07-03 18:15:00;17.9628
2025-07-03 18:30:00;16.6871
2025-07-03 18:45:00;15.301599999999999
2025-07-03 19:00:00;10.682200000000002
2025-07-03 19:15:00;9.5072
2025-07-03 19:30:00;8.2205
2025-07-03 19:45:00;7.692500000000001
2025-07-03 20:00:00;8.3453
2025-07-03 20:15:00;7.0638
2025-07-03 20:30:00;5.6458
2025-07-03 20:45:00;4.1530000000000005
2025-07-03 21:00:00;3.4795999999999996
2025-07-03 21:15:00;1.8063
2025-07-03 21:30:00;0.39060000000000006
2025-07-03 21:45:00;0.0
2025-07-03 22:00:00;0.0
2025-07-03 22:15:00;0.0
2025-07-03 22:30:00;0.0
2025-07-03 22:45:00;0.0
2025-07-03 23:00:00;0.0
2025-07-03 23:15:00;0.0
2025-07-03 23:30:00;0.0
2025-07-03 23:45:00;0.0
2025-07-04 00:00:00;0.0
2025-07-04 00:15:00;0.0
2025-07-04 00:30:00;0.0
2025-07-04 00:45:00;0.0
2025-07-04 01:00:00;0.0
2025-07-04 01:15:00;0.0
2025-07-04 01:30:00;0.0
2025-07-04 01:45:00;0.0
2025-07-04 02:00:00;0.0
2025-07-04 02:15:00;0.0
2025-07-04 02:30:00;0.0
2025-07-04 02:45:00;0.0
2025-07-04 03:00:00;0.0
2025-07-04 03:15:00;0.0
2025-07-04 03:30:00;0.0
2025-07-04 03:45:00;0.0
2025-07-04 04:00:00;0.0
2025-07-04 04:15:00;0.0
2025-07-04 04:30:00;0.0
2025-07-04 04:45:00;0.0
2025-07-04 05:00:00;0.0
2025-07-04 05:15:00;0.0
2025-07-04 05:30:00;0.0
2025-07-04 05:45:00;0.0
2025-07-04 06:00:00;1.4100000000000001
2025-07-04 06:15:00;3.8346000000000005
2025-07-04 06:30:00;6.558
2025-07-04 06:45:00;8.7452
2025-07-04 07:00:00;12.4514
2025-07-04 07:15:00;14.817900000000002
2025-07-04 07:30:00;16.892300000000002
2025-07-04 07:45:00;19.2106
2025-07-04 08:00:00;19.8722
2025-07-04 08:15:00;24.6992
2025-07-04 08:30:00;26.0052
2025-07-04 08:45:00;27.839399999999998
2025-07-04 09:00:00;25.625899999999998
2025-07-04 09:15:00;26.240199999999998
2025-07-04 09:30:00;28.6195
2025-07-04 09:45:00;31.5162
2025-07-04 10:00:00;36.5773
2025-07-04 10:15:00;36.52869999999999
2025-07-04 10:30:00;36.5715
2025-07-04 10:45:00;36.5174
2025-07-04 11:00:00;36.5427
2025-07-04 11:15:00;36.4921
2025-07-04 11:30:00;36.5056
2025-07-04 11:45:00;36.5194
2025-07-04 12:00:00;36.5204
2025-07-04 12:15:00;36.4683
2025-07-04 12:30:00;36.510600000000004
2025-07-04 12:45:00;36.4988
2025-07-04 13:00:00;36.4765
2025-07-04 13:15:00;36.485299999999995
2025-07-04 13:30:00;36.4832
2025-07-04 13:45:00;36.4993
2025-07-04 14:00:00;36.5385
2025-07-04 14:15:00;36.573
2025-07-04 14:30:00;36.5276
2025-07-04 14:45:00;36.5959
2025-07-04 15:00:00;36.5121
2025-07-04 15:15:00;36.5131
2025-07-04 15:30:00;36.5304
2025-07-04 15:45:00;36.5396
2025-07-04 16:00:00;36.3596
2025-07-04 16:15:00;36.435700000000004
2025-07-04 16:30:00;36.429
2025-07-04 16:45:00;36.43
2025-07-04 17:00:00;36.0937
2025-07-04 17:15:00;36.1767
2025-07-04 17:30:00;35.5719
2025-07-04 17:45:00;34.156400000000005
2025-07-04 18:00:00;30.3005
2025-07-04 18:15:00;26.2439
2025-07-04 18:30:00;26.2112
2025-07-04 18:45:00;23.8523
2025-07-04 19:00:00;24.5406
2025-07-04 19:15:00;22.874399999999998
2025-07-04 19:30:00;20.315199999999997
2025-07-04 19:45:00;17.457900000000002
2025-07-04 20:00:00;15.139199999999999
2025-07-04 20:15:00;12.7915
2025-07-04 20:30:00;10.6372
2025-07-04 20:45:00;8.4216
2025-07-04 21:00:00;6.1744
2025-07-04 21:15:00;3.8411999999999997
2025-07-04 21:30:00;1.3867
2025-07-04 21:45:00;0.0
2025-07-04 22:00:00;0.0
2025-07-04 22:15:00;0.0
2025-07-04 22:30:00;0.0
2025-07-04 22:45:00;0.0
2025-07-04 23:00:00;0.0
2025-07-04 23:15:00;0.0
2025-07-04 23:30:00;0.0
2025-07-04 23:45:00;0.0
2025-07-05 00:00:00;0.0
2025-07-05 00:15:00;0.0
2025-07-05 00:30:00;0.0
2025-07-05 00:45:00;0.0
2025-07-05 01:00:00;0.0
2025-07-05 01:15:00;0.0
2025-07-05 01:30:00;0.0
2025-07-05 01:45:00;0.0
2025-07-05 02:00:00;0.0
2025-07-05 02:15:00;0.0
2025-07-05 02:30:00;0.0
2025-07-05 02:45:00;0.0
2025-07-05 03:00:00;0.0
2025-07-05 03:15:00;0.0
2025-07-05 03:30:00;0.0
2025-07-05 03:45:00;0.0
2025-07-05 04:00:00;0.0
2025-07-05 04:15:00;0.0
2025-07-05 04:30:00;0.0
2025-07-05 04:45:00;0.0
2025-07-05 05:00:00;0.0
2025-07-05 05:15:00;0.0
2025-07-05 05:30:00;0.0
2025-07-05 05:45:00;0.0
2025-07-05 06:00:00;0.6002000000000001
2025-07-05 06:15:00;2.1004
2025-07-05 06:30:00;3.6809
2025-07-05 06:45:00;5.282
2025-07-05 07:00:00;5.0436
2025-07-05 07:15:00;6.5135000000000005
2025-07-05 07:30:00;7.2622
2025-07-05 07:45:00;8.302299999999999
2025-07-05 08:00:00;15.1114
2025-07-05 08:15:00;16.3493
2025-07-05 08:30:00;18.166700000000002
2025-07-05 08:45:00;19.9891
2025-07-05 09:00:00;8.8566
2025-07-05 09:15:00;8.9115
2025-07-05 09:30:00;9.7442
2025-07-05 09:45:00;10.2616
2025-07-05 10:00:00;21.8351
2025-07-05 10:15:00;23.7307
2025-07-05 10:30:00;24.2733
2025-07-05 10:45:00;24.7438
2025-07-05 11:00:00;20.7966
2025-07-05 11:15:00;22.959600000000002
2025-07-05 11:30:00;22.8282
2025-07-05 11:45:00;24.0407
2025-07-05 12:00:00;21.798
2025-07-05 12:15:00;21.4012
2025-07-05 12:30:00;21.2305
2025-07-05 12:45:00;23.407
2025-07-05 13:00:00;29.3454
2025-07-05 13:15:00;30.0526
2025-07-05 13:30:00;32.889900000000004
2025-07-05 13:45:00;30.759600000000002
2025-07-05 14:00:00;30.2644
2025-07-05 14:15:00;32.7551
2025-07-05 14:30:00;30.656
2025-07-05 14:45:00;29.8509
2025-07-05 15:00:00;27.6922
2025-07-05 15:15:00;25.7044
2025-07-05 15:30:00;26.4433
2025-07-05 15:45:00;26.3726
2025-07-05 16:00:00;27.2337
2025-07-05 16:15:00;26.9361
2025-07-05 16:30:00;25.459500000000002
2025-07-05 16:45:00;23.855800000000002
2025-07-05 17:00:00;25.283900000000003
2025-07-05 17:15:00;23.836000000000002
2025-07-05 17:30:00;21.4242
2025-07-05 17:45:00;21.4561
2025-07-05 18:00:00;18.4196
2025-07-05 18:15:00;18.0569
2025-07-05 18:30:00;16.979599999999998
2025-07-05 18:45:00;15.3461
2025-07-05 19:00:00;12.9087
2025-07-05 19:15:00;12.348199999999999
2025-07-05 19:30:00;10.725
2025-07-05 19:45:00;9.491999999999999
2025-07-05 20:00:00;4.1556999999999995
2025-07-05 20:15:00;3.4566
2025-07-05 20:30:00;2.3949000000000003
2025-07-05 20:45:00;1.6593000000000002
2025-07-05 21:00:00;3.3007999999999997
2025-07-05 21:15:00;2.0294000000000003
2025-07-05 21:30:00;0.478
2025-07-05 21:45:00;0.0
2025-07-05 22:00:00;0.0
2025-07-05 22:15:00;0.0
2025-07-05 22:30:00;0.0
2025-07-05 22:45:00;0.0
2025-07-05 23:00:00;0.0
2025-07-05 23:15:00;0.0
2025-07-05 23:30:00;0.0
2025-07-05 23:45:00;0.0
2025-07-06 00:00:00;0.0
2025-07-06 00:15:00;0.0
2025-07-06 00:30:00;0.0
2025-07-06 00:45:00;0.0
2025-07-06 01:00:00;0.0
2025-07-06 01:15:00;0.0
2025-07-06 01:30:00;0.0
2025-07-06 01:45:00;0.0
2025-07-06 02:00:00;0.0
2025-07-06 02:15:00;0.0
2025-07-06 02:30:00;0.0
2025-07-06 02:45:00;0.0
2025-07-06 03:00:00;0.0
2025-07-06 03:15:00;0.0
2025-07-06 03:30:00;0.0
2025-07-06 03:45:00;0.0
2025-07-06 04:00:00;0.0
2025-07-06 04:15:00;0.0
2025-07-06 04:30:00;0.0
2025-07-06 04:45:00;0.0
2025-07-06 05:00:00;0.0
2025-07-06 05:15:00;0.0
2025-07-06 05:30:00;0.0
2025-07-06 05:45:00;0.0
2025-07-06 06:00:00;0.0
2025-07-06 06:15:00;0.20379999999999998
2025-07-06 06:30:00;0.5734000000000001
2025-07-06 06:45:00;1.1665
2025-07-06 07:00:00;2.0180999999999996
2025-07-06 07:15:00;2.4817
2025-07-06 07:30:00;2.9358000000000004
2025-07-06 07:45:00;3.9016999999999995
2025-07-06 08:00:00;3.7459000000000002
2025-07-06 08:15:00;4.2571
2025-07-06 08:30:00;4.5373
2025-07-06 08:45:00;5.077500000000001
2025-07-06 09:00:00;6.268400000000001
2025-07-06 09:15:00;6.366
2025-07-06 09:30:00;6.5897
2025-07-06 09:45:00;7.1333
2025-07-06 10:00:00;7.633900000000001
2025-07-06 10:15:00;8.4755
2025-07-06 10:30:00;8.5083
2025-07-06 10:45:00;8.754000000000001
2025-07-06 11:00:00;9.815
2025-07-06 11:15:00;10.509
2025-07-06 11:30:00;10.745899999999999
2025-07-06 11:45:00;11.1068
2025-07-06 12:00:00;11.343499999999999
2025-07-06 12:15:00;10.6107
2025-07-06 12:30:00;11.6472
2025-07-06 12:45:00;12.012400000000001
2025-07-06 13:00:00;11.1165
2025-07-06 13:15:00;11.578199999999999
2025-07-06 13:30:00;10.8519
2025-07-06 13:45:00;11.5424
2025-07-06 14:00:00;11.1212
2025-07-06 14:15:00;10.813
2025-07-06 14:30:00;11.0658
2025-07-06 14:45:00;10.7164
2025-07-06 15:00:00;9.7627
2025-07-06 15:15:00;10.3556
2025-07-06 15:30:00;10.1273
2025-07-06 15:45:00;10.547799999999999
2025-07-06 16:00:00;11.0353
2025-07-06 16:15:00;10.169699999999999
2025-07-06 16:30:00;9.9337
2025-07-06 16:45:00;8.7451
2025-07-06 17:00:00;9.1508
2025-07-06 17:15:00;8.6119
2025-07-06 17:30:00;8.521600000000001
2025-07-06 17:45:00;8.5092
2025-07-06 18:00:00;6.205
2025-07-06 18:15:00;6.039700000000001
2025-07-06 18:30:00;5.7734000000000005
2025-07-06 18:45:00;5.428100000000001
2025-07-06 19:00:00;5.1343
2025-07-06 19:15:00;4.1929
2025-07-06 19:30:00;3.6955999999999998
2025-07-06 19:45:00;3.1674999999999995
2025-07-06 20:00:00;2.2064000000000004
2025-07-06 20:15:00;1.8796999999999997
2025-07-06 20:30:00;1.2893000000000001
2025-07-06 20:45:00;0.7932999999999999
2025-07-06 21:00:00;0.8698000000000001
2025-07-06 21:15:00;0.3384999999999999
2025-07-06 21:30:00;0.0
2025-07-06 21:45:00;0.0
2025-07-06 22:00:00;0.0
2025-07-06 22:15:00;0.0
2025-07-06 22:30:00;0.0
2025-07-06 22:45:00;0.0
2025-07-06 23:00:00;0.0
2025-07-06 23:15:00;0.0
2025-07-06 23:30:00;0.0
2025-07-06 23:45:00;0.0
2025-07-07 00:00:00;0.0
2025-07-07 00:15:00;0.0
2025-07-07 00:30:00;0.0
2025-07-07 00:45:00;0.0
2025-07-07 01:00:00;0.0
2025-07-07 01:15:00;0.0
2025-07-07 01:30:00;0.0
2025-07-07 01:45:00;0.0
2025-07-07 02:00:00;0.0
2025-07-07 02:15:00;0.0
2025-07-07 02:30:00;0.0
2025-07-07 02:45:00;0.0
2025-07-07 03:00:00;0.0
2025-07-07 03:15:00;0.0
2025-07-07 03:30:00;0.0
2025-07-07 03:45:00;0.0
2025-07-07 04:00:00;0.0
2025-07-07 04:15:00;0.0
2025-07-07 04:30:00;0.0
2025-07-07 04:45:00;0.0
2025-07-07 05:00:00;0.0
2025-07-07 05:15:00;0.0
2025-07-07 05:30:00;0.0
2025-07-07 05:45:00;0.0
2025-07-07 06:00:00;0.0
2025-07-07 06:15:00;0.12460000000000004
2025-07-07 06:30:00;0.5534999999999999
2025-07-07 06:45:00;1.162
2025-07-07 07:00:00;1.7489999999999999
2025-07-07 07:15:00;2.2732
2025-07-07 07:30:00;2.9327
2025-07-07 07:45:00;3.4808
2025-07-07 08:00:00;4.3652999999999995
2025-07-07 08:15:00;4.9489
2025-07-07 08:30:00;5.3343
2025-07-07 08:45:00;6.013
2025-07-07 09:00:00;5.835
2025-07-07 09:15:00;6.4173
2025-07-07 09:30:00;6.7193
2025-07-07 09:45:00;6.9978
2025-07-07 10:00:00;7.8992
2025-07-07 10:15:00;8.1657
2025-07-07 10:30:00;8.9355
2025-07-07 10:45:00;8.7432
2025-07-07 11:00:00;9.7351
2025-07-07 11:15:00;10.581999999999999
2025-07-07 11:30:00;10.7137
2025-07-07 11:45:00;10.8412
2025-07-07 12:00:00;10.6105
2025-07-07 12:15:00;11.894599999999999
2025-07-07 12:30:00;10.826600000000001
2025-07-07 12:45:00;11.2874
2025-07-07 13:00:00;12.0179
2025-07-07 13:15:00;12.3219
2025-07-07 13:30:00;12.4503
2025-07-07 13:45:00;12.270999999999999
2025-07-07 14:00:00;10.4733
2025-07-07 14:15:00;10.9873
2025-07-07 14:30:00;11.6053
2025-07-07 14:45:00;10.4827
2025-07-07 15:00:00;11.663699999999999
2025-07-07 15:15:00;11.2375
2025-07-07 15:30:00;11.0838
2025-07-07 15:45:00;10.8506
2025-07-07 16:00:00;10.567499999999999
2025-07-07 16:15:00;10.2743
2025-07-07 16:30:00;10.0965
2025-07-07 16:45:00;9.605699999999999
2025-07-07 17:00:00;8.5164
2025-07-07 17:15:00;8.8889
2025-07-07 17:30:00;7.8672
2025-07-07 17:45:00;7.6959
2025-07-07 18:00:00;6.0217
2025-07-07 18:15:00;5.5426
2025-07-07 18:30:00;5.1933
2025-07-07 18:45:00;5.3500000000000005
2025-07-07 19:00:00;4.946899999999999
2025-07-07 19:15:00;4.5736
2025-07-07 19:30:00;4.0605
2025-07-07 19:45:00;3.0628
2025-07-07 20:00:00;3.2514000000000003
2025-07-07 20:15:00;2.5753000000000004
2025-07-07 20:30:00;2.08
2025-07-07 20:45:00;1.1528
2025-07-07 21:00:00;0.8209
2025-07-07 21:15:00;0.1277999999999999
2025-07-07 21:30:00;0.0
2025-07-07 21:45:00;0.0
2025-07-07 22:00:00;0.0
2025-07-07 22:15:00;0.0
2025-07-07 22:30:00;0.0
2025-07-07 22:45:00;0.0
2025-07-07 23:00:00;0.0
2025-07-07 23:15:00;0.0
2025-07-07 23:30:00;0.0
2025-07-07 23:45:00;0.0
2025-07-08 00:00:00;0.0
2025-07-08 00:15:00;0.0
2025-07-08 00:30:00;0.0
2025-07-08 00:45:00;0.0
2025-07-08 01:00:00;0.0
2025-07-08 01:15:00;0.0
2025-07-08 01:30:00;0.0
2025-07-08 01:45:00;0.0
2025-07-08 02:00:00;0.0
2025-07-08 02:15:00;0.0
2025-07-08 02:30:00;0.0
2025-07-08 02:45:00;0.0
2025-07-08 03:00:00;0.0
2025-07-08 03:15:00;0.0
2025-07-08 03:30:00;0.0
2025-07-08 03:45:00;0.0
2025-07-08 04:00:00;0.0
2025-07-08 04:15:00;0.0
2025-07-08 04:30:00;0.0
2025-07-08 04:45:00;0.0
2025-07-08 05:00:00;0.0
2025-07-08 05:15:00;0.0
2025-07-08 05:30:00;0.0
2025-07-08 05:45:00;0.0
2025-07-08 06:00:00;0.5482
2025-07-08 06:15:00;2.2259
2025-07-08 06:30:00;3.8237
2025-07-08 06:45:00;5.415
2025-07-08 07:00:00;5.2573
2025-07-08 07:15:00;6.5523
2025-07-08 07:30:00;7.7857
2025-07-08 07:45:00;9.347100000000001
2025-07-08 08:00:00;13.2521
2025-07-08 08:15:00;13.9418
2025-07-08 08:30:00;15.6758
2025-07-08 08:45:00;16.4263
2025-07-08 09:00:00;17.6232
2025-07-08 09:15:00;18.737199999999998
2025-07-08 09:30:00;20.377399999999998
2025-07-08 09:45:00;21.124499999999998
2025-07-08 10:00:00;25.371899999999997
2025-07-08 10:15:00;26.4497
2025-07-08 10:30:00;27.962699999999998
2025-07-08 10:45:00;27.625400000000003
2025-07-08 11:00:00;12.3454
2025-07-08 11:15:00;12.582699999999999
2025-07-08 11:30:00;12.0616
2025-07-08 11:45:00;12.618500000000001
2025-07-08 12:00:00;28.5409
2025-07-08 12:15:00;29.104200000000002
2025-07-08 12:30:00;30.2836
2025-07-08 12:45:00;28.576999999999998
2025-07-08 13:00:00;30.012900000000002
2025-07-08 13:15:00;27.764
2025-07-08 13:30:00;28.015099999999997
2025-07-08 13:45:00;28.2272
2025-07-08 14:00:00;29.5237
2025-07-08 14:15:00;29.3027
2025-07-08 14:30:00;28.2088
2025-07-08 14:45:00;28.3903
2025-07-08 15:00:00;31.809700000000003
2025-07-08 15:15:00;34.1017
2025-07-08 15:30:00;34.3106
2025-07-08 15:45:00;33.775400000000005
2025-07-08 16:00:00;24.7394
2025-07-08 16:15:00;25.5262
2025-07-08 16:30:00;23.924999999999997
2025-07-08 16:45:00;23.683100000000003
2025-07-08 17:00:00;24.3807
2025-07-08 17:15:00;24.8897
2025-07-08 17:30:00;22.9162
2025-07-08 17:45:00;22.2456
2025-07-08 18:00:00;17.178600000000003
2025-07-08 18:15:00;15.496199999999998
2025-07-08 18:30:00;14.3587
2025-07-08 18:45:00;13.935599999999999
2025-07-08 19:00:00;14.5209
2025-07-08 19:15:00;13.1776
2025-07-08 19:30:00;11.010200000000001
2025-07-08 19:45:00;9.707799999999999
2025-07-08 20:00:00;9.6218
2025-07-08 20:15:00;7.5916999999999994
2025-07-08 20:30:00;6.6032
2025-07-08 20:45:00;5.0354
2025-07-08 21:00:00;4.106599999999999
2025-07-08 21:15:00;2.1867
2025-07-08 21:30:00;0.6281999999999999
2025-07-08 21:45:00;0.0
2025-07-08 22:00:00;0.0
2025-07-08 22:15:00;0.0
2025-07-08 22:30:00;0.0
2025-07-08 22:45:00;0.0
2025-07-08 23:00:00;0.0
2025-07-08 23:15:00;0.0
2025-07-08 23:30:00;0.0
2025-07-08 23:45:00;0.0
2025-07-09 00:00:00;0.0
2025-07-09 00:15:00;0.0
2025-07-09 00:30:00;0.0
2025-07-09 00:45:00;0.0
2025-07-09 01:00:00;0.0
2025-07-09 01:15:00;0.0
2025-07-09 01:30:00;0.0
2025-07-09 01:45:00;0.0
2025-07-09 02:00:00;0.0
2025-07-09 02:15:00;0.0
2025-07-09 02:30:00;0.0
2025-07-09 02:45:00;0.0
2025-07-09 03:00:00;0.0
2025-07-09 03:15:00;0.0
2025-07-09 03:30:00;0.0
2025-07-09 03:45:00;0.0
2025-07-09 04:00:00;0.0
2025-07-09 04:15:00;0.0
2025-07-09 04:30:00;0.0
2025-07-09 04:45:00;0.0
2025-07-09 05:00:00;0.0
2025-07-09 05:15:00;0.0
2025-07-09 05:30:00;0.0
2025-07-09 05:45:00;0.0
2025-07-09 06:00:00;1.4071
2025-07-09 06:15:00;3.7184999999999997
2025-07-09 06:30:00;6.4466
2025-07-09 06:45:00;8.4776
2025-07-09 07:00:00;10.6352
2025-07-09 07:15:00;12.167
2025-07-09 07:30:00;14.579600000000001
2025-07-09 07:45:00;18.1419
2025-07-09 08:00:00;20.024900000000002
2025-07-09 08:15:00;21.4938
2025-07-09 08:30:00;23.5355
2025-07-09 08:45:00;26.1611
2025-07-09 09:00:00;27.0668
2025-07-09 09:15:00;30.1267
2025-07-09 09:30:00;32.7691
2025-07-09 09:45:00;36.3926
2025-07-09 10:00:00;35.839999999999996
2025-07-09 10:15:00;36.440099999999994
2025-07-09 10:30:00;36.381
2025-07-09 10:45:00;36.5156
2025-07-09 11:00:00;36.5129
2025-07-09 11:15:00;36.4502
2025-07-09 11:30:00;36.4919
2025-07-09 11:45:00;36.471599999999995
2025-07-09 12:00:00;36.4559
2025-07-09 12:15:00;36.4593
2025-07-09 12:30:00;36.4236
2025-07-09 12:45:00;36.3905
2025-07-09 13:00:00;36.5085
2025-07-09 13:15:00;36.5177
2025-07-09 13:30:00;36.472100000000005
2025-07-09 13:45:00;36.448100000000004
2025-07-09 14:00:00;36.4901
2025-07-09 14:15:00;36.4775
2025-07-09 14:30:00;36.5394
2025-07-09 14:45:00;36.4845
2025-07-09 15:00:00;36.4788
2025-07-09 15:15:00;36.4617
2025-07-09 15:30:00;36.4494
2025-07-09 15:45:00;36.4995
2025-07-09 16:00:00;36.3705
2025-07-09 16:15:00;36.3864
2025-07-09 16:30:00;36.4162
2025-07-09 16:45:00;36.315400000000004
2025-07-09 17:00:00;36.1162
2025-07-09 17:15:00;36.0674
2025-07-09 17:30:00;36.063599999999994
2025-07-09 17:45:00;33.86300000000001
2025-07-09 18:00:00;32.2489
2025-07-09 18:15:00;29.317700000000002
2025-07-09 18:30:00;26.929
2025-07-09 18:45:00;24.9929
2025-07-09 19:00:00;21.6901
2025-07-09 19:15:00;19.506700000000002
2025-07-09 19:30:00;17.3742
2025-07-09 19:45:00;16.0683
2025-07-09 20:00:00;16.7467
2025-07-09 20:15:00;14.0897
2025-07-09 20:30:00;12.207899999999999
2025-07-09 20:45:00;9.113
2025-07-09 21:00:00;6.3757
2025-07-09 21:15:00;3.9187000000000003
2025-07-09 21:30:00;1.4361
2025-07-09 21:45:00;0.0
2025-07-09 22:00:00;0.0
2025-07-09 22:15:00;0.0
2025-07-09 22:30:00;0.0
2025-07-09 22:45:00;0.0
2025-07-09 23:00:00;0.0
2025-07-09 23:15:00;0.0
2025-07-09 23:30:00;0.0
2025-07-09 23:45:00;0.0
2025-07-10 00:00:00;0.0
2025-07-10 00:15:00;0.0
2025-07-10 00:30:00;0.0
2025-07-10 00:45:00;0.0
2025-07-10 01:00:00;0.0
2025-07-10 01:15:00;0.0
2025-07-10 01:30:00;0.0
2025-07-10 01:45:00;0.0
2025-07-10 02:00:00;0.0
2025-07-10 02:15:00;0.0
2025-07-10 02:30:00;0.0
2025-07-10 02:45:00;0.0
2025-07-10 03:00:00;0.0
2025-07-10 03:15:00;0.0
2025-07-10 03:30:00;0.0
2025-07-10 03:45:00;0.0
2025-07-10 04:00:00;0.0
2025-07-10 04:15:00;0.0
2025-07-10 04:30:00;0.0
2025-07-10 04:45:00;0.0
2025-07-10 05:00:00;0.0
2025-07-10 05:15:00;0.0
2025-07-10 05:30:00;0.0
2025-07-10 05:45:00;0.0
2025-07-10 06:00:00;0.22739999999999994
2025-07-10 06:15:00;1.4125
2025-07-10 06:30:00;2.4738
2025-07-10 06:45:00;3.1829
2025-07-10 07:00:00;6.4676
2025-07-10 07:15:00;7.5811
2025-07-10 07:30:00;9.131799999999998
2025-07-10 07:45:00;11.418000000000001
2025-07-10 08:00:00;13.261199999999999
2025-07-10 08:15:00;15.2628
2025-07-10 08:30:00;17.6645
2025-07-10 08:45:00;18.563200000000002
2025-07-10 09:00:00;13.357899999999999
2025-07-10 09:15:00;14.4556
2025-07-10 09:30:00;15.2049
2025-07-10 09:45:00;16.4989
2025-07-10 10:00:00;23.477700000000002
2025-07-10 10:15:00;23.5683
2025-07-10 10:30:00;25.069
2025-07-10 10:45:00;26.156
2025-07-10 11:00:00;17.0261
2025-07-10 11:15:00;16.5765
2025-07-10 11:30:00;18.199099999999998
2025-07-10 11:45:00;17.9765
2025-07-10 12:00:00;18.7189
2025-07-10 12:15:00;18.9237
2025-07-10 12:30:00;19.8583
2025-07-10 12:45:00;20.545199999999998
2025-07-10 13:00:00;22.0395
2025-07-10 13:15:00;21.6412
2025-07-10 13:30:00;22.177699999999998
2025-07-10 13:45:00;21.865499999999997
2025-07-10 14:00:00;32.738299999999995
2025-07-10 14:15:00;33.3457
2025-07-10 14:30:00;32.4674
2025-07-10 14:45:00;32.372
2025-07-10 15:00:00;26.8783
2025-07-10 15:15:00;24.985300000000002
2025-07-10 15:30:00;26.6281
2025-07-10 15:45:00;26.262
2025-07-10 16:00:00;21.8799
2025-07-10 16:15:00;21.6862
2025-07-10 16:30:00;20.519
2025-07-10 16:45:00;20.386599999999998
2025-07-10 17:00:00;21.8873
2025-07-10 17:15:00;20.9977
2025-07-10 17:30:00;19.770100000000003
2025-07-10 17:45:00;18.9212
2025-07-10 18:00:00;21.055600000000002
2025-07-10 18:15:00;21.3669
2025-07-10 18:30:00;19.1415
2025-07-10 18:45:00;16.8735
2025-07-10 19:00:00;11.7672
2025-07-10 19:15:00;9.927700000000002
2025-07-10 19:30:00;9.3994
2025-07-10 19:45:00;8.3828
2025-07-10 20:00:00;8.5011
2025-07-10 20:15:00;7.3839
2025-07-10 20:30:00;5.9658999999999995
2025-07-10 20:45:00;4.339
2025-07-10 21:00:00;4.0878
2025-07-10 21:15:00;2.271
2025-07-10 21:30:00;0.6404000000000001
2025-07-10 21:45:00;0.0
2025-07-10 22:00:00;0.0
2025-07-10 22:15:00;0.0
2025-07-10 22:30:00;0.0
2025-07-10 22:45:00;0.0
2025-07-10 23:00:00;0.0
2025-07-10 23:15:00;0.0
2025-07-10 23:30:00;0.0
2025-07-10 23:45:00;0.0
2025-07-11 00:00:00;0.0
2025-07-11 00:15:00;0.0
2025-07-11 00:30:00;0.0
2025-07-11 00:45:00;0.0
2025-07-11 01:00:00;0.0
2025-07-11 01:15:00;0.0
2025-07-11 01:30:00;0.0
2025-07-11 01:45:00;0.0
2025-07-11 02:00:00;0.0
2025-07-11 02:15:00;0.0
2025-07-11 02:30:00;0.0
2025-07-11 02:45:00;0.0
2025-07-11 03:00:00;0.0
2025-07-11 03:15:00;0.0
2025-07-11 03:30:00;0.0
2025-07-11 03:45:00;0.0
2025-07-11 04:00:00;0.0
2025-07-11 04:15:00;0.0
2025-07-11 04:30:00;0.0
2025-07-11 04:45:00;0.0
2025-07-11 05:00:00;0.0
2025-07-11 05:15:00;0.0
2025-07-11 05:30:00;0.0
2025-07-11 05:45:00;0.0
2025-07-11 06:00:00;0.0
2025-07-11 06:15:00;0.08289999999999997
2025-07-11 06:30:00;0.6389
2025-07-11 06:45:00;1.3844
2025-07-11 07:00:00;1.4819
2025-07-11 07:15:00;1.7485000000000002
2025-07-11 07:30:00;2.2802000000000002
2025-07-11 07:45:00;2.9063999999999997
2025-07-11 08:00:00;4.0724
2025-07-11 08:15:00;5.293
2025-07-11 08:30:00;5.7122
2025-07-11 08:45:00;6.2954
2025-07-11 09:00:00;5.6575
2025-07-11 09:15:00;5.9275
2025-07-11 09:30:00;6.3688
2025-07-11 09:45:00;7.1425
2025-07-11 10:00:00;9.012
2025-07-11 10:15:00;9.2267
2025-07-11 10:30:00;9.6441
2025-07-11 10:45:00;10.405899999999999
2025-07-11 11:00:00;7.8315
2025-07-11 11:15:00;8.6549
2025-07-11 11:30:00;8.9163
2025-07-11 11:45:00;9.100299999999999
2025-07-11 12:00:00;10.167100000000001
2025-07-11 12:15:00;10.8186
2025-07-11 12:30:00;10.7736
2025-07-11 12:45:00;11.1825
2025-07-11 13:00:00;10.6368
2025-07-11 13:15:00;11.165600000000001
2025-07-11 13:30:00;10.5003
2025-07-11 13:45:00;10.1588
2025-07-11 14:00:00;10.7192
2025-07-11 14:15:00;10.214599999999999
2025-07-11 14:30:00;10.7262
2025-07-11 14:45:00;11.026100000000001
2025-07-11 15:00:00;11.5146
2025-07-11 15:15:00;11.1861
2025-07-11 15:30:00;10.7733
2025-07-11 15:45:00;10.2328
2025-07-11 16:00:00;10.4673
2025-07-11 16:15:00;10.635399999999999
2025-07-11 16:30:00;9.9727
2025-07-11 16:45:00;10.119399999999999
2025-07-11 17:00:00;7.5824
2025-07-11 17:15:00;7.8023
2025-07-11 17:30:00;7.4350000000000005
2025-07-11 17:45:00;7.519299999999999
2025-07-11 18:00:00;6.0858
2025-07-11 18:15:00;5.7776
2025-07-11 18:30:00;5.8034
2025-07-11 18:45:00;4.9471
2025-07-11 19:00:00;5.2379
2025-07-11 19:15:00;4.6509
2025-07-11 19:30:00;4.1394
2025-07-11 19:45:00;3.2021999999999995
2025-07-11 20:00:00;2.2421999999999995
2025-07-11 20:15:00;2.0273000000000003
2025-07-11 20:30:00;1.4037000000000002
2025-07-11 20:45:00;0.8546
2025-07-11 21:00:00;0.6452
2025-07-11 21:15:00;0.08540000000000014
2025-07-11 21:30:00;0.0
2025-07-11 21:45:00;0.0
2025-07-11 22:00:00;0.0
2025-07-11 22:15:00;0.0
2025-07-11 22:30:00;0.0
2025-07-11 22:45:00;0.0
2025-07-11 23:00:00;0.0
2025-07-11 23:15:00;0.0
2025-07-11 23:30:00;0.0
2025-07-11 23:45:00;0.0
2025-07-12 00:00:00;0.0
2025-07-12 00:15:00;0.0
2025-07-12 00:30:00;0.0
2025-07-12 00:45:00;0.0
2025-07-12 01:00:00;0.0
2025-07-12 01:15:00;0.0
2025-07-12 01:30:00;0.0
2025-07-12 01:45:00;0.0
2025-07-12 02:00:00;0.0
2025-07-12 02:15:00;0.0
2025-07-12 02:30:00;0.0
2025-07-12 02:45:00;0.0
2025-07-12 03:00:00;0.0
2025-07-12 03:15:00;0.0
2025-07-12 03:30:00;0.0
2025-07-12 03:45:00;0.0
2025-07-12 04:00:00;0.0
2025-07-12 04:15:00;0.0
2025-07-12 04:30:00;0.0
2025-07-12 04:45:00;0.0
2025-07-12 05:00:00;0.0
2025-07-12 05:15:00;0.0
2025-07-12 05:30:00;0.0
2025-07-12 05:45:00;0.0
2025-07-12 06:00:00;0.0
2025-07-12 06:15:00;0.21640000000000004
2025-07-12 06:30:00;0.9037999999999999
2025-07-12 06:45:00;1.4799
2025-07-12 07:00:00;1.7889
2025-07-12 07:15:00;2.4668
2025-07-12 07:30:00;3.1585
2025-07-12 07:45:00;3.5982000000000003
2025-07-12 08:00:00;3.9846000000000004
2025-07-12 08:15:00;4.5057
2025-07-12 08:30:00;4.6352
2025-07-12 08:45:00;5.0947000000000005
2025-07-12 09:00:00;6.6362000000000005
2025-07-12 09:15:00;7.4627
2025-07-12 09:30:00;7.639
2025-07-12 09:45:00;8.3568
2025-07-12 10:00:00;8.9016
2025-07-12 10:15:00;9.7165
2025-07-12 10:30:00;10.1485
2025-07-12 10:45:00;10.5517
2025-07-12 11:00:00;8.9893
2025-07-12 11:15:00;9.4879
2025-07-12 11:30:00;9.721200000000001
2025-07-12 11:45:00;9.477500000000001
2025-07-12 12:00:00;10.033900000000001
2025-07-12 12:15:00;10.6908
2025-07-12 12:30:00;10.1598
2025-07-12 12:45:00;10.314
2025-07-12 13:00:00;11.734
2025-07-12 13:15:00;11.4648
2025-07-12 13:30:00;11.2726
2025-07-12 13:45:00;11.921800000000001
2025-07-12 14:00:00;12.4745
2025-07-12 14:15:00;12.304699999999999
2025-07-12 14:30:00;12.2108
2025-07-12 14:45:00;12.2983
2025-07-12 15:00:00;10.6237
2025-07-12 15:15:00;10.6528
2025-07-12 15:30:00;10.2394
2025-07-12 15:45:00;10.4962
2025-07-12 16:00:00;11.1753
2025-07-12 16:15:00;10.8775
2025-07-12 16:30:00;10.770900000000001
2025-07-12 16:45:00;10.8003
2025-07-12 17:00:00;9.0563
2025-07-12 17:15:00;8.3307
2025-07-12 17:30:00;8.2628
2025-07-12 17:45:00;7.526199999999999
2025-07-12 18:00:00;5.0104
2025-07-12 18:15:00;4.9962
2025-07-12 18:30:00;4.754899999999999
2025-07-12 18:45:00;4.256600000000001
2025-07-12 19:00:00;4.6303
2025-07-12 19:15:00;3.9794
2025-07-12 19:30:00;3.4206999999999996
2025-07-12 19:45:00;2.8695000000000004
2025-07-12 20:00:00;2.6451000000000002
2025-07-12 20:15:00;2.3750999999999998
2025-07-12 20:30:00;1.749
2025-07-12 20:45:00;1.2146000000000001
2025-07-12 21:00:00;0.8758999999999999
2025-07-12 21:15:00;0.2518
2025-07-12 21:30:00;0.0
2025-07-12 21:45:00;0.0
2025-07-12 22:00:00;0.0
2025-07-12 22:15:00;0.0
2025-07-12 22:30:00;0.0
2025-07-12 22:45:00;0.0
2025-07-12 23:00:00;0.0
2025-07-12 23:15:00;0.0
2025-07-12 23:30:00;0.0
2025-07-12 23:45:00;0.0
2025-07-13 00:00:00;0.0
2025-07-13 00:15:00;0.0
2025-07-13 00:30:00;0.0
2025-07-13 00:45:00;0.0
2025-07-13 01:00:00;0.0
2025-07-13 01:15:00;0.0
2025-07-13 01:30:00;0.0
2025-07-13 01:45:00;0.0
2025-07-13 02:00:00;0.0
2025-07-13 02:15:00;0.0
2025-07-13 02:30:00;0.0
2025-07-13 02:45:00;0.0
2025-07-13 03:00:00;0.0
2025-07-13 03:15:00;0.0
2025-07-13 03:30:00;0.0
2025-07-13 03:45:00;0.0
2025-07-13 04:00:00;0.0
2025-07-13 04:15:00;0.0
2025-07-13 04:30:00;0.0
2025-07-13 04:45:00;0.0
2025-07-13 05:00:00;0.0
2025-07-13 05:15:00;0.0
2025-07-13 05:30:00;0.0
2025-07-13 05:45:00;0.0
2025-07-13 06:00:00;0.0
2025-07-13 06:15:00;0.5073000000000001
2025-07-13 06:30:00;1.2543
2025-07-13 06:45:00;1.9062
2025-07-13 07:00:00;1.5894000000000001
2025-07-13 07:15:00;2.2992999999999997
2025-07-13 07:30:00;2.9386
2025-07-13 07:45:00;3.3399000000000005
2025-07-13 08:00:00;4.2265
2025-07-13 08:15:00;4.398899999999999
2025-07-13 08:30:00;5.0983
2025-07-13 08:45:00;5.6202000000000005
2025-07-13 09:00:00;7.2924999999999995
2025-07-13 09:15:00;8.005
2025-07-13 09:30:00;9.184000000000001
2025-07-13 09:45:00;8.8058
2025-07-13 10:00:00;10.2259
2025-07-13 10:15:00;10.8807
2025-07-13 10:30:00;11.810599999999999
2025-07-13 10:45:00;11.6803
2025-07-13 11:00:00;10.0409
2025-07-13 11:15:00;10.123000000000001
2025-07-13 11:30:00;10.4105
2025-07-13 11:45:00;11.4274
2025-07-13 12:00:00;11.168700000000001
2025-07-13 12:15:00;11.489099999999999
2025-07-13 12:30:00;11.4476
2025-07-13 12:45:00;11.419799999999999
2025-07-13 13:00:00;10.3594
2025-07-13 13:15:00;10.051
2025-07-13 13:30:00;10.487300000000001
2025-07-13 13:45:00;10.2881
2025-07-13 14:00:00;11.0321
2025-07-13 14:15:00;11.940199999999999
2025-07-13 14:30:00;11.2173
2025-07-13 14:45:00;11.944199999999999
2025-07-13 15:00:00;9.9291
2025-07-13 15:15:00;9.9754
2025-07-13 15:30:00;9.4071
2025-07-13 15:45:00;9.498800000000001
2025-07-13 16:00:00;11.1988
2025-07-13 16:15:00;11.2833
2025-07-13 16:30:00;10.767800000000001
2025-07-13 16:45:00;10.2943
2025-07-13 17:00:00;9.6524
2025-07-13 17:15:00;8.7605
2025-07-13 17:30:00;8.306799999999999
2025-07-13 17:45:00;8.5126
2025-07-13 18:00:00;5.5453
2025-07-13 18:15:00;5.707000000000001
2025-07-13 18:30:00;5.0146
2025-07-13 18:45:00;4.7476
2025-07-13 19:00:00;4.6889
2025-07-13 19:15:00;4.258100000000001
2025-07-13 19:30:00;3.6109999999999998
2025-07-13 19:45:00;3.1766000000000005
2025-07-13 20:00:00;2.136
2025-07-13 20:15:00;1.6061999999999999
2025-07-13 20:30:00;1.1755
2025-07-13 20:45:00;0.7450999999999999
2025-07-13 21:00:00;0.5842999999999998
2025-07-13 21:15:00;0.02190000000000003
2025-07-13 21:30:00;0.0
2025-07-13 21:45:00;0.0
2025-07-13 22:00:00;0.0
2025-07-13 22:15:00;0.0
2025-07-13 22:30:00;0.0
2025-07-13 22:45:00;0.0
2025-07-13 23:00:00;0.0
2025-07-13 23:15:00;0.0
2025-07-13 23:30:00;0.0
2025-07-13 23:45:00;0.0
2025-07-14 00:00:00;0.0
2025-07-14 00:15:00;0.0
2025-07-14 00:30:00;0.0
2025-07-14 00:45:00;0.0
2025-07-14 01:00:00;0.0
2025-07-14 01:15:00;0.0
2025-07-14 01:30:00;0.0
2025-07-14 01:45:00;0.0
2025-07-14 02:00:00;0.0
2025-07-14 02:15:00;0.0
2025-07-14 02:30:00;0.0
2025-07-14 02:45:00;0.0
2025-07-14 03:00:00;0.0
2025-07-14 03:15:00;0.0
2025-07-14 03:30:00;0.0
2025-07-14 03:45:00;0.0
2025-07-14 04:00:00;0.0
2025-07-14 04:15:00;0.0
2025-07-14 04:30:00;0.0
2025-07-14 04:45:00;0.0
2025-07-14 05:00:00;0.0
2025-07-14 05:15:00;0.0
2025-07-14 05:30:00;0.0
2025-07-14 05:45:00;0.0
2025-07-14 06:00:00;0.0
2025-07-14 06:15:00;0.7943999999999999
2025-07-14 06:30:00;1.6497
2025-07-14 06:45:00;2.6571
2025-07-14 07:00:00;6.3507
2025-07-14 07:15:00;8.054200000000002
2025-07-14 07:30:00;9.1402
2025-07-14 07:45:00;10.897499999999999
2025-07-14 08:00:00;6.3999
2025-07-14 08:15:00;7.104100000000001
2025-07-14 08:30:00;7.8301
2025-07-14 08:45:00;8.844999999999999
2025-07-14 09:00:00;22.2817
2025-07-14 09:15:00;22.9613
2025-07-14 09:30:00;22.8919
2025-07-14 09:45:00;24.723300000000002
2025-07-14 10:00:00;22.4329
2025-07-14 10:15:00;24.395200000000003
2025-07-14 10:30:00;26.971899999999998
2025-07-14 10:45:00;25.697
2025-07-14 11:00:00;24.0348
2025-07-14 11:15:00;25.0062
2025-07-14 11:30:00;26.4756
2025-07-14 11:45:00;25.6971
2025-07-14 12:00:00;26.4993
2025-07-14 12:15:00;25.8125
2025-07-14 12:30:00;25.759
2025-07-14 12:45:00;25.8474
2025-07-14 13:00:00;33.8904
2025-07-14 13:15:00;33.7828
2025-07-14 13:30:00;31.733
2025-07-14 13:45:00;32.1328
2025-07-14 14:00:00;34.295500000000004
2025-07-14 14:15:00;34.2202
2025-07-14 14:30:00;31.5021
2025-07-14 14:45:00;33.1578
2025-07-14 15:00:00;23.3751
2025-07-14 15:15:00;22.627200000000002
2025-07-14 15:30:00;21.7815
2025-07-14 15:45:00;20.7063
2025-07-14 16:00:00;29.9696
2025-07-14 16:15:00;30.185100000000002
2025-07-14 16:30:00;29.0038
2025-07-14 16:45:00;27.1607
2025-07-14 17:00:00;11.822899999999999
2025-07-14 17:15:00;11.720699999999999
2025-07-14 17:30:00;11.3745
2025-07-14 17:45:00;10.2078
2025-07-14 18:00:00;18.7288
2025-07-14 18:15:00;16.9806
2025-07-14 18:30:00;15.3283
2025-07-14 18:45:00;14.6176
2025-07-14 19:00:00;9.659799999999999
2025-07-14 19:15:00;8.6966
2025-07-14 19:30:00;7.7067000000000005
2025-07-14 19:45:00;6.7697
2025-07-14 20:00:00;10.0395
2025-07-14 20:15:00;8.5596
2025-07-14 20:30:00;6.6444
2025-07-14 20:45:00;5.2097
2025-07-14 21:00:00;4.0024
2025-07-14 21:15:00;2.5337
2025-07-14 21:30:00;0.7558000000000001
2025-07-14 21:45:00;0.0
2025-07-14 22:00:00;0.0
2025-07-14 22:15:00;0.0
2025-07-14 22:30:00;0.0
2025-07-14 22:45:00;0.0
2025-07-14 23:00:00;0.0
2025-07-14 23:15:00;0.0
2025-07-14 23:30:00;0.0
2025-07-14 23:45:00;0.0
2025-07-15 00:00:00;0.0
2025-07-15 00:15:00;0.0
2025-07-15 00:30:00;0.0
2025-07-15 00:45:00;0.0
2025-07-15 01:00:00;0.0
2025-07-15 01:15:00;0.0
2025-07-15 01:30:00;0.0
2025-07-15 01:45:00;0.0
2025-07-15 02:00:00;0.0
2025-07-15 02:15:00;0.0
2025-07-15 02:30:00;0.0
2025-07-15 02:45:00;0.0
2025-07-15 03:00:00;0.0
2025-07-15 03:15:00;0.0
2025-07-15 03:30:00;0.0
2025-07-15 03:45:00;0.0
2025-07-15 04:00:00;0.0
2025-07-15 04:15:00;0.0
2025-07-15 04:30:00;0.0
2025-07-15 04:45:00;0.0
2025-07-15 05:00:00;0.0
2025-07-15 05:15:00;0.0
2025-07-15 05:30:00;0.0
2025-07-15 05:45:00;0.0
2025-07-15 06:00:00;1.5006999999999997
2025-07-15 06:15:00;3.8427000000000002
2025-07-15 06:30:00;5.9451
2025-07-15 06:45:00;7.5161
2025-07-15 07:00:00;10.4193
2025-07-15 07:15:00;12.53
2025-07-15 07:30:00;15.076500000000001
2025-07-15 07:45:00;16.65
2025-07-15 08:00:00;19.7849
2025-07-15 08:15:00;21.7468
2025-07-15 08:30:00;24.9609
2025-07-15 08:45:00;26.5901
2025-07-15 09:00:00;23.265700000000002
2025-07-15 09:15:00;27.0938
2025-07-15 09:30:00;29.0075
2025-07-15 09:45:00;30.1603
2025-07-15 10:00:00;35.4241
2025-07-15 10:15:00;36.628899999999994
2025-07-15 10:30:00;36.6047
2025-07-15 10:45:00;36.636199999999995
2025-07-15 11:00:00;36.5988
2025-07-15 11:15:00;36.5329
2025-07-15 11:30:00;36.6774
2025-07-15 11:45:00;36.6067
2025-07-15 12:00:00;36.514599999999994
2025-07-15 12:15:00;36.5359
2025-07-15 12:30:00;36.6529
2025-07-15 12:45:00;36.5515
2025-07-15 13:00:00;36.6301
2025-07-15 13:15:00;36.6113
2025-07-15 13:30:00;36.6262
2025-07-15 13:45:00;36.5511
2025-07-15 14:00:00;36.6175
2025-07-15 14:15:00;36.6918
2025-07-15 14:30:00;36.6091
2025-07-15 14:45:00;36.6954
2025-07-15 15:00:00;36.5461
2025-07-15 15:15:00;36.6149
2025-07-15 15:30:00;36.601600000000005
2025-07-15 15:45:00;36.6255
2025-07-15 16:00:00;36.5387
2025-07-15 16:15:00;36.5378
2025-07-15 16:30:00;36.5343
2025-07-15 16:45:00;36.4912
2025-07-15 17:00:00;36.3394
2025-07-15 17:15:00;36.219899999999996
2025-07-15 17:30:00;36.308
2025-07-15 17:45:00;35.6341
2025-07-15 18:00:00;33.2588
2025-07-15 18:15:00;29.119999999999997
2025-07-15 18:30:00;29.5644
2025-07-15 18:45:00;27.198999999999998
2025-07-15 19:00:00;24.2361
2025-07-15 19:15:00;21.1504
2025-07-15 19:30:00;18.9343
2025-07-15 19:45:00;17.1947
2025-07-15 20:00:00;12.9048
2025-07-15 20:15:00;11.542
2025-07-15 20:30:00;10.2089
2025-07-15 20:45:00;6.987499999999999
2025-07-15 21:00:00;7.0975
2025-07-15 21:15:00;4.3273
2025-07-15 21:30:00;1.8022
2025-07-15 21:45:00;0.0
2025-07-15 22:00:00;0.0
2025-07-15 22:15:00;0.0
2025-07-15 22:30:00;0.0
2025-07-15 22:45:00;0.0
2025-07-15 23:00:00;0.0
2025-07-15 23:15:00;0.0
2025-07-15 23:30:00;0.0
2025-07-15 23:45:00;0.0
2025-07-16 00:00:00;0.0
2025-07-16 00:15:00;0.0
2025-07-16 00:30:00;0.0
2025-07-16 00:45:00;0.0
2025-07-16 01:00:00;0.0
2025-07-16 01:15:00;0.0
2025-07-16 01:30:00;0.0
2025-07-16 01:45:00;0.0
2025-07-16 02:00:00;0.0
2025-07-16 02:15:00;0.0
2025-07-16 02:30:00;0.0
2025-07-16 02:45:00;0.0
2025-07-16 03:00:00;0.0
2025-07-16 03:15:00;0.0
2025-07-16 03:30:00;0.0
2025-07-16 03:45:00;0.0
2025-07-16 04:00:00;0.0
2025-07-16 04:15:00;0.0
2025-07-16 04:30:00;0.0
2025-07-16 04:45:00;0.0
2025-07-16 05:00:00;0.0
2025-07-16 05:15:00;0.0
2025-07-16 05:30:00;0.0
2025-07-16 05:45:00;0.0
2025-07-16 06:00:00;0.6537
2025-07-16 06:15:00;2.3229
2025-07-16 06:30:00;3.8875
2025-07-16 06:45:00;4.987100000000001
2025-07-16 07:00:00;6.5873
2025-07-16 07:15:00;8.118500000000001
2025-07-16 07:30:00;9.96
2025-07-16 07:45:00;10.7348
2025-07-16 08:00:00;12.0786
2025-07-16 08:15:00;13.524899999999999
2025-07-16 08:30:00;14.7951
2025-07-16 08:45:00;16.3481
2025-07-16 09:00:00;15.9987
2025-07-16 09:15:00;18.8342
2025-07-16 09:30:00;19.5935
2025-07-16 09:45:00;19.816300000000002
2025-07-16 10:00:00;22.6559
2025-07-16 10:15:00;24.4159
2025-07-16 10:30:00;25.561500000000002
2025-07-16 10:45:00;24.540100000000002
2025-07-16 11:00:00;24.5787
2025-07-16 11:15:00;25.9679
2025-07-16 11:30:00;27.2376
2025-07-16 11:45:00;28.4445
2025-07-16 12:00:00;14.1947
2025-07-16 12:15:00;14.2455
2025-07-16 12:30:00;14.918
2025-07-16 12:45:00;14.7203
2025-07-16 13:00:00;28.072
2025-07-16 13:15:00;28.2988
2025-07-16 13:30:00;25.2816
2025-07-16 13:45:00;25.9116
2025-07-16 14:00:00;34.200199999999995
2025-07-16 14:15:00;32.0021
2025-07-16 14:30:00;31.171499999999998
2025-07-16 14:45:00;31.3187
2025-07-16 15:00:00;29.4633
2025-07-16 15:15:00;29.1016
2025-07-16 15:30:00;28.8641
2025-07-16 15:45:00;26.8151
2025-07-16 16:00:00;28.6956
2025-07-16 16:15:00;27.846400000000003
2025-07-16 16:30:00;28.3383
2025-07-16 16:45:00;25.7702
2025-07-16 17:00:00;20.327
2025-07-16 17:15:00;19.160800000000002
2025-07-16 17:30:00;18.5244
2025-07-16 17:45:00;18.3575
2025-07-16 18:00:00;18.6754
2025-07-16 18:15:00;17.9299
2025-07-16 18:30:00;16.6477
2025-07-16 18:45:00;15.6062
2025-07-16 19:00:00;15.753
2025-07-16 19:15:00;14.7804
2025-07-16 19:30:00;13.118500000000001
2025-07-16 19:45:00;11.354
2025-07-16 20:00:00;8.860800000000001
2025-07-16 20:15:00;7.8452
2025-07-16 20:30:00;6.3455
2025-07-16 20:45:00;5.0001999999999995
2025-07-16 21:00:00;3.8604
2025-07-16 21:15:00;2.5702
2025-07-16 21:30:00;0.7892
2025-07-16 21:45:00;0.0
2025-07-16 22:00:00;0.0
2025-07-16 22:15:00;0.0
2025-07-16 22:30:00;0.0
2025-07-16 22:45:00;0.0
2025-07-16 23:00:00;0.0
2025-07-16 23:15:00;0.0
2025-07-16 23:30:00;0.0
2025-07-16 23:45:00;0.0
2025-07-17 00:00:00;0.0
2025-07-17 00:15:00;0.0
2025-07-17 00:30:00;0.0
2025-07-17 00:45:00;0.0
2025-07-17 01:00:00;0.0
2025-07-17 01:15:00;0.0
2025-07-17 01:30:00;0.0
2025-07-17 01:45:00;0.0
2025-07-17 02:00:00;0.0
2025-07-17 02:15:00;0.0
2025-07-17 02:30:00;0.0
2025-07-17 02:45:00;0.0
2025-07-17 03:00:00;0.0
2025-07-17 03:15:00;0.0
2025-07-17 03:30:00;0.0
2025-07-17 03:45:00;0.0
2025-07-17 04:00:00;0.0
2025-07-17 04:15:00;0.0
2025-07-17 04:30:00;0.0
2025-07-17 04:45:00;0.0
2025-07-17 05:00:00;0.0
2025-07-17 05:15:00;0.0
2025-07-17 05:30:00;0.0
2025-07-17 05:45:00;0.0
2025-07-17 06:00:00;1.4785
2025-07-17 06:15:00;3.8917
2025-07-17 06:30:00;5.8073
2025-07-17 06:45:00;7.918100000000001
2025-07-17 07:00:00;10.3984
2025-07-17 07:15:00;11.6637
2025-07-17 07:30:00;13.747100000000001
2025-07-17 07:45:00;15.1629
2025-07-17 08:00:00;22.947699999999998
2025-07-17 08:15:00;23.7174
2025-07-17 08:30:00;25.973499999999998
2025-07-17 08:45:00;30.1901
2025-07-17 09:00:00;31.668699999999998
2025-07-17 09:15:00;35.0815
2025-07-17 09:30:00;36.67
2025-07-17 09:45:00;36.650099999999995
2025-07-17 10:00:00;36.1505
2025-07-17 10:15:00;36.6042
2025-07-17 10:30:00;36.5812
2025-07-17 10:45:00;36.612
2025-07-17 11:00:00;36.6475
2025-07-17 11:15:00;36.6295
2025-07-17 11:30:00;36.6891
2025-07-17 11:45:00;36.6295
2025-07-17 12:00:00;36.465300000000006
2025-07-17 12:15:00;36.6437
2025-07-17 12:30:00;36.568599999999996
2025-07-17 12:45:00;36.5835
2025-07-17 13:00:00;36.647400000000005
2025-07-17 13:15:00;36.6194
2025-07-17 13:30:00;36.5454
2025-07-17 13:45:00;36.571799999999996
2025-07-17 14:00:00;36.681599999999996
2025-07-17 14:15:00;36.595
2025-07-17 14:30:00;36.6631
2025-07-17 14:45:00;36.6261
2025-07-17 15:00:00;36.5833
2025-07-17 15:15:00;36.6609
2025-07-17 15:30:00;36.6306
2025-07-17 15:45:00;36.6009
2025-07-17 16:00:00;36.5257
2025-07-17 16:15:00;36.4963
2025-07-17 16:30:00;36.5183
2025-07-17 16:45:00;36.4862
2025-07-17 17:00:00;36.0531
2025-07-17 17:15:00;35.6098
2025-07-17 17:30:00;32.861799999999995
2025-07-17 17:45:00;31.5973
2025-07-17 18:00:00;28.778000000000002
2025-07-17 18:15:00;28.7132
2025-07-17 18:30:00;25.1368
2025-07-17 18:45:00;22.7637
2025-07-17 19:00:00;25.7017
2025-07-17 19:15:00;24.971600000000002
2025-07-17 19:30:00;22.2438
2025-07-17 19:45:00;19.8928
2025-07-17 20:00:00;13.942
2025-07-17 20:15:00;12.1135
2025-07-17 20:30:00;9.7404
2025-07-17 20:45:00;8.1134
2025-07-17 21:00:00;5.5154
2025-07-17 21:15:00;3.6408
2025-07-17 21:30:00;1.2819000000000003
2025-07-17 21:45:00;0.0
2025-07-17 22:00:00;0.0
2025-07-17 22:15:00;0.0
2025-07-17 22:30:00;0.0
2025-07-17 22:45:00;0.0
2025-07-17 23:00:00;0.0
2025-07-17 23:15:00;0.0
2025-07-17 23:30:00;0.0
2025-07-17 23:45:00;0.0
2025-07-18 00:00:00;0.0
2025-07-18 00:15:00;0.0
2025-07-18 00:30:00;0.0
2025-07-18 00:45:00;0.0
2025-07-18 01:00:00;0.0
2025-07-18 01:15:00;0.0
2025-07-18 01:30:00;0.0
2025-07-18 01:45:00;0.0
2025-07-18 02:00:00;0.0
2025-07-18 02:15:00;0.0
2025-07-18 02:30:00;0.0
2025-07-18 02:45:00;0.0
2025-07-18 03:00:00;0.0
2025-07-18 03:15:00;0.0
2025-07-18 03:30:00;0.0
2025-07-18 03:45:00;0.0
2025-07-18 04:00:00;0.0
2025-07-18 04:15:00;0.0
2025-07-18 04:30:00;0.0
2025-07-18 04:45:00;0.0
2025-07-18 05:00:00;0.0
2025-07-18 05:15:00;0.0
2025-07-18 05:30:00;0.0
2025-07-18 05:45:00;0.0
2025-07-18 06:00:00;1.4451999999999998
2025-07-18 06:15:00;3.5515000000000003
2025-07-18 06:30:00;5.9167000000000005
2025-07-18 06:45:00;8.3819
2025-07-18 07:00:00;9.0299
2025-07-18 07:15:00;11.904399999999999
2025-07-18 07:30:00;13.8929
2025-07-18 07:45:00;15.497599999999998
2025-07-18 08:00:00;18.3719
2025-07-18 08:15:00;21.5961
2025-07-18 08:30:00;22.1423
2025-07-18 08:45:00;24.5304
2025-07-18 09:00:00;28.6421
2025-07-18 09:15:00;31.678
2025-07-18 09:30:00;36.1055
2025-07-18 09:45:00;35.6674
2025-07-18 10:00:00;33.5271
2025-07-18 10:15:00;35.4373
2025-07-18 10:30:00;35.8525
2025-07-18 10:45:00;36.618
2025-07-18 11:00:00;36.6263
2025-07-18 11:15:00;36.5672
2025-07-18 11:30:00;36.5896
2025-07-18 11:45:00;36.5392
2025-07-18 12:00:00;36.501200000000004
2025-07-18 12:15:00;36.5402
2025-07-18 12:30:00;36.5657
2025-07-18 12:45:00;36.617700000000006
2025-07-18 13:00:00;36.6464
2025-07-18 13:15:00;36.6089
2025-07-18 13:30:00;36.5451
2025-07-18 13:45:00;36.573100000000004
2025-07-18 14:00:00;36.5594
2025-07-18 14:15:00;36.5385
2025-07-18 14:30:00;36.5692
2025-07-18 14:45:00;36.6528
2025-07-18 15:00:00;36.5643
2025-07-18 15:15:00;36.5644
2025-07-18 15:30:00;36.5751
2025-07-18 15:45:00;36.561299999999996
2025-07-18 16:00:00;36.4599
2025-07-18 16:15:00;36.53680000000001
2025-07-18 16:30:00;36.561800000000005
2025-07-18 16:45:00;34.9081
2025-07-18 17:00:00;34.372
2025-07-18 17:15:00;32.9171
2025-07-18 17:30:00;33.4212
2025-07-18 17:45:00;32.5823
2025-07-18 18:00:00;33.3649
2025-07-18 18:15:00;32.9638
2025-07-18 18:30:00;29.7538
2025-07-18 18:45:00;26.171
2025-07-18 19:00:00;27.4125
2025-07-18 19:15:00;25.1832
2025-07-18 19:30:00;22.6807
2025-07-18 19:45:00;20.344099999999997
2025-07-18 20:00:00;17.3566
2025-07-18 20:15:00;15.284499999999998
2025-07-18 20:30:00;12.006599999999999
2025-07-18 20:45:00;9.3624
2025-07-18 21:00:00;7.3074
2025-07-18 21:15:00;4.4586
2025-07-18 21:30:00;1.9476
2025-07-18 21:45:00;0.0
2025-07-18 22:00:00;0.0
2025-07-18 22:15:00;0.0
2025-07-18 22:30:00;0.0
2025-07-18 22:45:00;0.0
2025-07-18 23:00:00;0.0
2025-07-18 23:15:00;0.0
2025-07-18 23:30:00;0.0
2025-07-18 23:45:00;0.0
2025-07-19 00:00:00;0.0
2025-07-19 00:15:00;0.0
2025-07-19 00:30:00;0.0
2025-07-19 00:45:00;0.0
2025-07-19 01:00:00;0.0
2025-07-19 01:15:00;0.0
2025-07-19 01:30:00;0.0
2025-07-19 01:45:00;0.0
2025-07-19 02:00:00;0.0
2025-07-19 02:15:00;0.0
2025-07-19 02:30:00;0.0
2025-07-19 02:45:00;0.0
2025-07-19 03:00:00;0.0
2025-07-19 03:15:00;0.0
2025-07-19 03:30:00;0.0
2025-07-19 03:45:00;0.0
2025-07-19 04:00:00;0.0
2025-07-19 04:15:00;0.0
2025-07-19 04:30:00;0.0
2025-07-19 04:45:00;0.0
2025-07-19 05:00:00;0.0
2025-07-19 05:15:00;0.0
2025-07-19 05:30:00;0.0
2025-07-19 05:45:00;0.0
2025-07-19 06:00:00;0.023299999999999987
2025-07-19 06:15:00;0.8934
2025-07-19 06:30:00;1.6356000000000002
2025-07-19 06:45:00;2.4924
2025-07-19 07:00:00;4.0764000000000005
2025-07-19 07:15:00;5.2628
2025-07-19 07:30:00;6.6162
2025-07-19 07:45:00;7.364599999999999
2025-07-19 08:00:00;11.608
2025-07-19 08:15:00;12.8861
2025-07-19 08:30:00;14.3618
2025-07-19 08:45:00;15.5927
2025-07-19 09:00:00;17.113400000000002
2025-07-19 09:15:00;17.645400000000002
2025-07-19 09:30:00;18.555600000000002
2025-07-19 09:45:00;20.2867
2025-07-19 10:00:00;22.5885
2025-07-19 10:15:00;26.083499999999997
2025-07-19 10:30:00;26.4616
2025-07-19 10:45:00;28.270899999999997
2025-07-19 11:00:00;25.229499999999998
2025-07-19 11:15:00;25.9125
2025-07-19 11:30:00;27.564999999999998
2025-07-19 11:45:00;27.0795
2025-07-19 12:00:00;30.424599999999998
2025-07-19 12:15:00;31.498099999999997
2025-07-19 12:30:00;32.0411
2025-07-19 12:45:00;32.5516
2025-07-19 13:00:00;30.003400000000003
2025-07-19 13:15:00;29.0441
2025-07-19 13:30:00;30.007800000000003
2025-07-19 13:45:00;29.738500000000002
2025-07-19 14:00:00;18.596600000000002
2025-07-19 14:15:00;18.1685
2025-07-19 14:30:00;18.0014
2025-07-19 14:45:00;18.0918
2025-07-19 15:00:00;31.578000000000003
2025-07-19 15:15:00;33.498099999999994
2025-07-19 15:30:00;31.5062
2025-07-19 15:45:00;30.6295
2025-07-19 16:00:00;27.6022
2025-07-19 16:15:00;25.775599999999997
2025-07-19 16:30:00;25.222199999999997
2025-07-19 16:45:00;25.5222
2025-07-19 17:00:00;27.3643
2025-07-19 17:15:00;24.8788
2025-07-19 17:30:00;24.3626
2025-07-19 17:45:00;22.543699999999998
2025-07-19 18:00:00;19.762500000000003
2025-07-19 18:15:00;17.2754
2025-07-19 18:30:00;16.5971
2025-07-19 18:45:00;15.881599999999999
2025-07-19 19:00:00;16.746
2025-07-19 19:15:00;15.0849
2025-07-19 19:30:00;14.9746
2025-07-19 19:45:00;13.2655
2025-07-19 20:00:00;10.527700000000001
2025-07-19 20:15:00;8.706
2025-07-19 20:30:00;6.8776
2025-07-19 20:45:00;5.2726
2025-07-19 21:00:00;4.0196000000000005
2025-07-19 21:15:00;2.5305999999999997
2025-07-19 21:30:00;0.7581
2025-07-19 21:45:00;0.0
2025-07-19 22:00:00;0.0
2025-07-19 22:15:00;0.0
2025-07-19 22:30:00;0.0
2025-07-19 22:45:00;0.0
2025-07-19 23:00:00;0.0
2025-07-19 23:15:00;0.0
2025-07-19 23:30:00;0.0
2025-07-19 23:45:00;0.0
2025-07-20 00:00:00;0.0
2025-07-20 00:15:00;0.0
2025-07-20 00:30:00;0.0
2025-07-20 00:45:00;0.0
2025-07-20 01:00:00;0.0
2025-07-20 01:15:00;0.0
2025-07-20 01:30:00;0.0
2025-07-20 01:45:00;0.0
2025-07-20 02:00:00;0.0
2025-07-20 02:15:00;0.0
2025-07-20 02:30:00;0.0
2025-07-20 02:45:00;0.0
2025-07-20 03:00:00;0.0
2025-07-20 03:15:00;0.0
2025-07-20 03:30:00;0.0
2025-07-20 03:45:00;0.0
2025-07-20 04:00:00;0.0
2025-07-20 04:15:00;0.0
2025-07-20 04:30:00;0.0
2025-07-20 04:45:00;0.0
2025-07-20 05:00:00;0.0
2025-07-20 05:15:00;0.0
2025-07-20 05:30:00;0.0
2025-07-20 05:45:00;0.0
2025-07-20 06:00:00;0.0
2025-07-20 06:15:00;0.0
2025-07-20 06:30:00;0.0
2025-07-20 06:45:00;0.17699999999999994
2025-07-20 07:00:00;0.29859999999999987
2025-07-20 07:15:00;0.5575
2025-07-20 07:30:00;0.7878999999999999
2025-07-20 07:45:00;0.8400000000000001
2025-07-20 08:00:00;1.6906000000000003
2025-07-20 08:15:00;1.8169
2025-07-20 08:30:00;2.1103
2025-07-20 08:45:00;2.3541
2025-07-20 09:00:00;2.1506
2025-07-20 09:15:00;2.5096000000000003
2025-07-20 09:30:00;2.8027
2025-07-20 09:45:00;2.8491999999999997
2025-07-20 10:00:00;3.2397
2025-07-20 10:15:00;3.3015
2025-07-20 10:30:00;3.4428
2025-07-20 10:45:00;3.5773
2025-07-20 11:00:00;3.9817
2025-07-20 11:15:00;4.2036999999999995
2025-07-20 11:30:00;4.2054
2025-07-20 11:45:00;4.168
2025-07-20 12:00:00;4.2043
2025-07-20 12:15:00;4.0081999999999995
2025-07-20 12:30:00;4.4178999999999995
2025-07-20 12:45:00;4.2682
2025-07-20 13:00:00;4.9627
2025-07-20 13:15:00;4.9201
2025-07-20 13:30:00;4.8688
2025-07-20 13:45:00;4.7188
2025-07-20 14:00:00;3.9092000000000002
2025-07-20 14:15:00;3.7689999999999997
2025-07-20 14:30:00;3.7802
2025-07-20 14:45:00;3.5696999999999997
2025-07-20 15:00:00;4.2129
2025-07-20 15:15:00;4.286700000000001
2025-07-20 15:30:00;4.1770000000000005
2025-07-20 15:45:00;3.8626
2025-07-20 16:00:00;3.9915999999999996
2025-07-20 16:15:00;3.7965
2025-07-20 16:30:00;3.8207
2025-07-20 16:45:00;3.4665
2025-07-20 17:00:00;3.2831
2025-07-20 17:15:00;2.9445
2025-07-20 17:30:00;2.6973000000000003
2025-07-20 17:45:00;2.8658
2025-07-20 18:00:00;1.8809999999999998
2025-07-20 18:15:00;1.7913999999999999
2025-07-20 18:30:00;1.4993000000000003
2025-07-20 18:45:00;1.2976999999999999
2025-07-20 19:00:00;1.4087
2025-07-20 19:15:00;1.1864999999999999
2025-07-20 19:30:00;0.8935000000000002
2025-07-20 19:45:00;0.8721
2025-07-20 20:00:00;0.7291
2025-07-20 20:15:00;0.5891
2025-07-20 20:30:00;0.3046
2025-07-20 20:45:00;0.04610000000000003
2025-07-20 21:00:00;0.008399999999999963
2025-07-20 21:15:00;0.0
2025-07-20 21:30:00;0.0
2025-07-20 21:45:00;0.0
2025-07-20 22:00:00;0.0
2025-07-20 22:15:00;0.0
2025-07-20 22:30:00;0.0
2025-07-20 22:45:00;0.0
2025-07-20 23:00:00;0.0
2025-07-20 23:15:00;0.0
2025-07-20 23:30:00;0.0
2025-07-20 23:45:00;0.0
2025-07-21 00:00:00;0.0
2025-07-21 00:15:00;0.0
2025-07-21 00:30:00;0.0
2025-07-21 00:45:00;0.0
2025-07-21 01:00:00;0.0
2025-07-21 01:15:00;0.0
2025-07-21 01:30:00;0.0
2025-07-21 01:45:00;0.0
2025-07-21 02:00:00;0.0
2025-07-21 02:15:00;0.0
2025-07-21 02:30:00;0.0
2025-07-21 02:45:00;0.0
2025-07-21 03:00:00;0.0
2025-07-21 03:15:00;0.0
2025-07-21 03:30:00;0.0
2025-07-21 03:45:00;0.0
2025-07-21 04:00:00;0.0
2025-07-21 04:15:00;0.0
2025-07-21 04:30:00;0.0
2025-07-21 04:45:00;0.0
2025-07-21 05:00:00;0.0
2025-07-21 05:15:00;0.0
2025-07-21 05:30:00;0.0
2025-07-21 05:45:00;0.0
2025-07-21 06:00:00;0.0
2025-07-21 06:15:00;0.31490000000000007
2025-07-21 06:30:00;0.8530000000000001
2025-07-21 06:45:00;1.2278000000000002
2025-07-21 07:00:00;1.811
2025-07-21 07:15:00;2.2217000000000002
2025-07-21 07:30:00;2.7551
2025-07-21 07:45:00;3.4091000000000005
2025-07-21 08:00:00;5.0773
2025-07-21 08:15:00;5.6261
2025-07-21 08:30:00;6.6187
2025-07-21 08:45:00;7.0454
2025-07-21 09:00:00;6.4419
2025-07-21 09:15:00;6.5497
2025-07-21 09:30:00;7.3407
2025-07-21 09:45:00;8.2553
2025-07-21 10:00:00;8.0451
2025-07-21 10:15:00;8.4307
2025-07-21 10:30:00;8.861999999999998
2025-07-21 10:45:00;9.258799999999999
2025-07-21 11:00:00;10.5412
2025-07-21 11:15:00;10.8923
2025-07-21 11:30:00;11.175500000000001
2025-07-21 11:45:00;11.3516
2025-07-21 12:00:00;10.4155
2025-07-21 12:15:00;10.7883
2025-07-21 12:30:00;10.6824
2025-07-21 12:45:00;10.589
2025-07-21 13:00:00;10.441199999999998
2025-07-21 13:15:00;10.4346
2025-07-21 13:30:00;10.784699999999999
2025-07-21 13:45:00;10.0962
2025-07-21 14:00:00;11.709
2025-07-21 14:15:00;11.893
2025-07-21 14:30:00;12.0154
2025-07-21 14:45:00;12.1096
2025-07-21 15:00:00;11.293
2025-07-21 15:15:00;10.9919
2025-07-21 15:30:00;10.5951
2025-07-21 15:45:00;10.5101
2025-07-21 16:00:00;10.414399999999999
2025-07-21 16:15:00;10.405800000000001
2025-07-21 16:30:00;9.6363
2025-07-21 16:45:00;9.691
2025-07-21 17:00:00;8.1927
2025-07-21 17:15:00;8.288
2025-07-21 17:30:00;7.830100000000001
2025-07-21 17:45:00;7.5885
2025-07-21 18:00:00;8.1675
2025-07-21 18:15:00;8.179
2025-07-21 18:30:00;6.705500000000001
2025-07-21 18:45:00;6.6343000000000005
2025-07-21 19:00:00;5.297
2025-07-21 19:15:00;4.9171
2025-07-21 19:30:00;4.2385
2025-07-21 19:45:00;3.5963000000000003
2025-07-21 20:00:00;3.04
2025-07-21 20:15:00;2.4874
2025-07-21 20:30:00;1.8014999999999999
2025-07-21 20:45:00;1.1508000000000003
2025-07-21 21:00:00;0.9715
2025-07-21 21:15:00;0.4291999999999999
2025-07-21 21:30:00;0.0
2025-07-21 21:45:00;0.0
2025-07-21 22:00:00;0.0
2025-07-21 22:15:00;0.0
2025-07-21 22:30:00;0.0
2025-07-21 22:45:00;0.0
2025-07-21 23:00:00;0.0
2025-07-21 23:15:00;0.0
2025-07-21 23:30:00;0.0
2025-07-21 23:45:00;0.0
2025-07-22 00:00:00;0.0
2025-07-22 00:15:00;0.0
2025-07-22 00:30:00;0.0
2025-07-22 00:45:00;0.0
2025-07-22 01:00:00;0.0
2025-07-22 01:15:00;0.0
2025-07-22 01:30:00;0.0
2025-07-22 01:45:00;0.0
2025-07-22 02:00:00;0.0
2025-07-22 02:15:00;0.0
2025-07-22 02:30:00;0.0
2025-07-22 02:45:00;0.0
2025-07-22 03:00:00;0.0
2025-07-22 03:15:00;0.0
2025-07-22 03:30:00;0.0
2025-07-22 03:45:00;0.0
2025-07-22 04:00:00;0.0
2025-07-22 04:15:00;0.0
2025-07-22 04:30:00;0.0
2025-07-22 04:45:00;0.0
2025-07-22 05:00:00;0.0
2025-07-22 05:15:00;0.0
2025-07-22 05:30:00;0.0
2025-07-22 05:45:00;0.0
2025-07-22 06:00:00;0.8753
2025-07-22 06:15:00;2.427
2025-07-22 06:30:00;4.1055
2025-07-22 06:45:00;5.082
2025-07-22 07:00:00;2.7055
2025-07-22 07:15:00;3.1436
2025-07-22 07:30:00;4.216100000000001
2025-07-22 07:45:00;4.9620999999999995
2025-07-22 08:00:00;7.4921999999999995
2025-07-22 08:15:00;8.2527
2025-07-22 08:30:00;9.2509
2025-07-22 08:45:00;10.366700000000002
2025-07-22 09:00:00;19.420099999999998
2025-07-22 09:15:00;22.5345
2025-07-22 09:30:00;23.5818
2025-07-22 09:45:00;22.6057
2025-07-22 10:00:00;17.9014
2025-07-22 10:15:00;18.999899999999997
2025-07-22 10:30:00;20.470699999999997
2025-07-22 10:45:00;19.6563
2025-07-22 11:00:00;23.6416
2025-07-22 11:15:00;23.718600000000002
2025-07-22 11:30:00;25.1099
2025-07-22 11:45:00;24.9769
2025-07-22 12:00:00;24.3362
2025-07-22 12:15:00;23.631600000000002
2025-07-22 12:30:00;23.8551
2025-07-22 12:45:00;23.2053
2025-07-22 13:00:00;31.0349
2025-07-22 13:15:00;32.114200000000004
2025-07-22 13:30:00;31.3582
2025-07-22 13:45:00;32.4933
2025-07-22 14:00:00;34.4987
2025-07-22 14:15:00;33.1147
2025-07-22 14:30:00;34.1218
2025-07-22 14:45:00;34.7988
2025-07-22 15:00:00;34.5966
2025-07-22 15:15:00;33.505799999999994
2025-07-22 15:30:00;33.590700000000005
2025-07-22 15:45:00;32.511900000000004
2025-07-22 16:00:00;29.066300000000002
2025-07-22 16:15:00;27.0155
2025-07-22 16:30:00;27.0137
2025-07-22 16:45:00;26.8915
2025-07-22 17:00:00;21.2917
2025-07-22 17:15:00;20.642400000000002
2025-07-22 17:30:00;19.5317
2025-07-22 17:45:00;18.994
2025-07-22 18:00:00;22.0082
2025-07-22 18:15:00;21.6203
2025-07-22 18:30:00;19.722
2025-07-22 18:45:00;18.5315
2025-07-22 19:00:00;9.5823
2025-07-22 19:15:00;8.588799999999999
2025-07-22 19:30:00;7.646100000000001
2025-07-22 19:45:00;6.4297
2025-07-22 20:00:00;9.1704
2025-07-22 20:15:00;8.096599999999999
2025-07-22 20:30:00;6.398300000000001
2025-07-22 20:45:00;4.9133
2025-07-22 21:00:00;2.0103
2025-07-22 21:15:00;1.0047000000000001
2025-07-22 21:30:00;0.1149
2025-07-22 21:45:00;0.0
2025-07-22 22:00:00;0.0
2025-07-22 22:15:00;0.0
2025-07-22 22:30:00;0.0
2025-07-22 22:45:00;0.0
2025-07-22 23:00:00;0.0
2025-07-22 23:15:00;0.0
2025-07-22 23:30:00;0.0
2025-07-22 23:45:00;0.0
2025-07-23 00:00:00;0.0
2025-07-23 00:15:00;0.0
2025-07-23 00:30:00;0.0
2025-07-23 00:45:00;0.0
2025-07-23 01:00:00;0.0
2025-07-23 01:15:00;0.0
2025-07-23 01:30:00;0.0
2025-07-23 01:45:00;0.0
2025-07-23 02:00:00;0.0
2025-07-23 02:15:00;0.0
2025-07-23 02:30:00;0.0
2025-07-23 02:45:00;0.0
2025-07-23 03:00:00;0.0
2025-07-23 03:15:00;0.0
2025-07-23 03:30:00;0.0
2025-07-23 03:45:00;0.0
2025-07-23 04:00:00;0.0
2025-07-23 04:15:00;0.0
2025-07-23 04:30:00;0.0
2025-07-23 04:45:00;0.0
2025-07-23 05:00:00;0.0
2025-07-23 05:15:00;0.0
2025-07-23 05:30:00;0.0
2025-07-23 05:45:00;0.0
2025-07-23 06:00:00;0.9358000000000001
2025-07-23 06:15:00;2.4387
2025-07-23 06:30:00;4.1997
2025-07-23 06:45:00;5.6455
2025-07-23 07:00:00;6.908
2025-07-23 07:15:00;9.089599999999999
2025-07-23 07:30:00;10.584999999999999
2025-07-23 07:45:00;11.942900000000002
2025-07-23 08:00:00;13.1049
2025-07-23 08:15:00;14.6119
2025-07-23 08:30:00;16.686
2025-07-23 08:45:00;17.9473
2025-07-23 09:00:00;11.5648
2025-07-23 09:15:00;12.485100000000001
2025-07-23 09:30:00;13.1594
2025-07-23 09:45:00;14.044699999999999
2025-07-23 10:00:00;24.418000000000003
2025-07-23 10:15:00;25.442500000000003
2025-07-23 10:30:00;25.1312
2025-07-23 10:45:00;26.7046
2025-07-23 11:00:00;27.046499999999998
2025-07-23 11:15:00;27.7199
2025-07-23 11:30:00;27.313
2025-07-23 11:45:00;28.3621
2025-07-23 12:00:00;28.7544
2025-07-23 12:15:00;30.2134
2025-07-23 12:30:00;29.3182
2025-07-23 12:45:00;29.8835
2025-07-23 13:00:00;32.836800000000004
2025-07-23 13:15:00;32.1842
2025-07-23 13:30:00;32.4105
2025-07-23 13:45:00;32.8436
2025-07-23 14:00:00;29.3811
2025-07-23 14:15:00;28.2303
2025-07-23 14:30:00;28.904400000000003
2025-07-23 14:45:00;29.0719
2025-07-23 15:00:00;17.7122
2025-07-23 15:15:00;18.2601
2025-07-23 15:30:00;17.6696
2025-07-23 15:45:00;17.1586
2025-07-23 16:00:00;21.333099999999998
2025-07-23 16:15:00;19.4974
2025-07-23 16:30:00;21.135099999999998
2025-07-23 16:45:00;19.4071
2025-07-23 17:00:00;26.668300000000002
2025-07-23 17:15:00;24.8668
2025-07-23 17:30:00;23.1375
2025-07-23 17:45:00;23.5693
2025-07-23 18:00:00;20.2043
2025-07-23 18:15:00;19.071199999999997
2025-07-23 18:30:00;18.081400000000002
2025-07-23 18:45:00;16.0916
2025-07-23 19:00:00;9.988
2025-07-23 19:15:00;9.4021
2025-07-23 19:30:00;7.7421
2025-07-23 19:45:00;6.7557
2025-07-23 20:00:00;4.1492
2025-07-23 20:15:00;3.4120999999999997
2025-07-23 20:30:00;2.7212
2025-07-23 20:45:00;2.0414
2025-07-23 21:00:00;4.4448
2025-07-23 21:15:00;2.7732
2025-07-23 21:30:00;0.8435999999999999
2025-07-23 21:45:00;0.0
2025-07-23 22:00:00;0.0
2025-07-23 22:15:00;0.0
2025-07-23 22:30:00;0.0
2025-07-23 22:45:00;0.0
2025-07-23 23:00:00;0.0
2025-07-23 23:15:00;0.0
2025-07-23 23:30:00;0.0
2025-07-23 23:45:00;0.0
2025-07-24 00:00:00;0.0
2025-07-24 00:15:00;0.0
2025-07-24 00:30:00;0.0
2025-07-24 00:45:00;0.0
2025-07-24 01:00:00;0.0
2025-07-24 01:15:00;0.0
2025-07-24 01:30:00;0.0
2025-07-24 01:45:00;0.0
2025-07-24 02:00:00;0.0
2025-07-24 02:15:00;0.0
2025-07-24 02:30:00;0.0
2025-07-24 02:45:00;0.0
2025-07-24 03:00:00;0.0
2025-07-24 03:15:00;0.0
2025-07-24 03:30:00;0.0
2025-07-24 03:45:00;0.0
2025-07-24 04:00:00;0.0
2025-07-24 04:15:00;0.0
2025-07-24 04:30:00;0.0
2025-07-24 04:45:00;0.0
2025-07-24 05:00:00;0.0
2025-07-24 05:15:00;0.0
2025-07-24 05:30:00;0.0
2025-07-24 05:45:00;0.0
2025-07-24 06:00:00;1.4099
2025-07-24 06:15:00;3.9201
2025-07-24 06:30:00;5.8271
2025-07-24 06:45:00;8.1137
2025-07-24 07:00:00;11.594
2025-07-24 07:15:00;13.0282
2025-07-24 07:30:00;15.6833
2025-07-24 07:45:00;18.516599999999997
2025-07-24 08:00:00;18.6748
2025-07-24 08:15:00;20.2212
2025-07-24 08:30:00;23.322599999999998
2025-07-24 08:45:00;23.559900000000003
2025-07-24 09:00:00;26.316699999999997
2025-07-24 09:15:00;27.2935
2025-07-24 09:30:00;29.3544
2025-07-24 09:45:00;31.4783
2025-07-24 10:00:00;26.9664
2025-07-24 10:15:00;28.9284
2025-07-24 10:30:00;32.168800000000005
2025-07-24 10:45:00;32.4599
2025-07-24 11:00:00;36.6445
2025-07-24 11:15:00;36.5998
2025-07-24 11:30:00;36.5032
2025-07-24 11:45:00;36.6247
2025-07-24 12:00:00;36.5179
2025-07-24 12:15:00;36.642300000000006
2025-07-24 12:30:00;36.5571
2025-07-24 12:45:00;36.5248
2025-07-24 13:00:00;36.5815
2025-07-24 13:15:00;36.5496
2025-07-24 13:30:00;36.591100000000004
2025-07-24 13:45:00;36.6625
2025-07-24 14:00:00;36.5709
2025-07-24 14:15:00;36.620200000000004
2025-07-24 14:30:00;36.592699999999994
2025-07-24 14:45:00;36.5692
2025-07-24 15:00:00;36.5935
2025-07-24 15:15:00;36.6419
2025-07-24 15:30:00;36.5741
2025-07-24 15:45:00;36.569
2025-07-24 16:00:00;36.5681
2025-07-24 16:15:00;36.4779
2025-07-24 16:30:00;36.5762
2025-07-24 16:45:00;36.4899
2025-07-24 17:00:00;36.307599999999994
2025-07-24 17:15:00;36.3127
2025-07-24 17:30:00;36.237
2025-07-24 17:45:00;36.316
2025-07-24 18:00:00;31.0962
2025-07-24 18:15:00;29.1131
2025-07-24 18:30:00;27.075200000000002
2025-07-24 18:45:00;24.1798
2025-07-24 19:00:00;23.5675
2025-07-24 19:15:00;21.7044
2025-07-24 19:30:00;19.9495
2025-07-24 19:45:00;17.910600000000002
2025-07-24 20:00:00;15.014400000000002
2025-07-24 20:15:00;13.2557
2025-07-24 20:30:00;10.0624
2025-07-24 20:45:00;8.6786
2025-07-24 21:00:00;6.6477
2025-07-24 21:15:00;4.2887
2025-07-24 21:30:00;1.5829
2025-07-24 21:45:00;0.0
2025-07-24 22:00:00;0.0
2025-07-24 22:15:00;0.0
2025-07-24 22:30:00;0.0
2025-07-24 22:45:00;0.0
2025-07-24 23:00:00;0.0
2025-07-24 23:15:00;0.0
2025-07-24 23:30:00;0.0
2025-07-24 23:45:00;0.0
2025-07-25 00:00:00;0.0
2025-07-25 00:15:00;0.0
2025-07-25 00:30:00;0.0
2025-07-25 00:45:00;0.0
2025-07-25 01:00:00;0.0
2025-07-25 01:15:00;0.0
2025-07-25 01:30:00;0.0
2025-07-25 01:45:00;0.0
2025-07-25 02:00:00;0.0
2025-07-25 02:15:00;0.0
2025-07-25 02:30:00;0.0
2025-07-25 02:45:00;0.0
2025-07-25 03:00:00;0.0
2025-07-25 03:15:00;0.0
2025-07-25 03:30:00;0.0
2025-07-25 03:45:00;0.0
2025-07-25 04:00:00;0.0
2025-07-25 04:15:00;0.0
2025-07-25 04:30:00;0.0
2025-07-25 04:45:00;0.0
2025-07-25 05:00:00;0.0
2025-07-25 05:15:00;0.0
2025-07-25 05:30:00;0.0
2025-07-25 05:45:00;0.0
2025-07-25 06:00:00;0.7109000000000001
2025-07-25 06:15:00;2.0860000000000003
2025-07-25 06:30:00;3.997
2025-07-25 06:45:00;5.3777
2025-07-25 07:00:00;3.7899999999999996
2025-07-25 07:15:00;4.7515
2025-07-25 07:30:00;5.6938
2025-07-25 07:45:00;6.5756000000000006
2025-07-25 08:00:00;6.3838
2025-07-25 08:15:00;7.116
2025-07-25 08:30:00;7.333800000000001
2025-07-25 08:45:00;8.4245
2025-07-25 09:00:00;17.021099999999997
2025-07-25 09:15:00;17.4956
2025-07-25 09:30:00;19.9759
2025-07-25 09:45:00;20.0272
2025-07-25 10:00:00;23.6171
2025-07-25 10:15:00;26.3184
2025-07-25 10:30:00;24.1084
2025-07-25 10:45:00;26.671200000000002
2025-07-25 11:00:00;25.9444
2025-07-25 11:15:00;25.6819
2025-07-25 11:30:00;26.537699999999997
2025-07-25 11:45:00;27.2335
2025-07-25 12:00:00;21.9759
2025-07-25 12:15:00;21.6209
2025-07-25 12:30:00;22.5193
2025-07-25 12:45:00;23.171000000000003
2025-07-25 13:00:00;26.5871
2025-07-25 13:15:00;27.1306
2025-07-25 13:30:00;28.747400000000003
2025-07-25 13:45:00;28.459999999999997
2025-07-25 14:00:00;28.4313
2025-07-25 14:15:00;28.9415
2025-07-25 14:30:00;28.8462
2025-07-25 14:45:00;27.6364
2025-07-25 15:00:00;13.3531
2025-07-25 15:15:00;13.305599999999998
2025-07-25 15:30:00;12.2825
2025-07-25 15:45:00;12.7646
2025-07-25 16:00:00;26.8675
2025-07-25 16:15:00;26.869
2025-07-25 16:30:00;26.124599999999997
2025-07-25 16:45:00;24.8619
2025-07-25 17:00:00;26.525100000000002
2025-07-25 17:15:00;23.7101
2025-07-25 17:30:00;22.1997
2025-07-25 17:45:00;22.6492
2025-07-25 18:00:00;17.779600000000002
2025-07-25 18:15:00;15.7809
2025-07-25 18:30:00;15.3199
2025-07-25 18:45:00;13.238299999999999
2025-07-25 19:00:00;16.2608
2025-07-25 19:15:00;14.8823
2025-07-25 19:30:00;13.2758
2025-07-25 19:45:00;11.6489
2025-07-25 20:00:00;8.727
2025-07-25 20:15:00;7.3933
2025-07-25 20:30:00;6.236800000000001
2025-07-25 20:45:00;4.620799999999999
2025-07-25 21:00:00;3.0113000000000003
2025-07-25 21:15:00;1.8741000000000003
2025-07-25 21:30:00;0.39570000000000005
2025-07-25 21:45:00;0.0
2025-07-25 22:00:00;0.0
2025-07-25 22:15:00;0.0
2025-07-25 22:30:00;0.0
2025-07-25 22:45:00;0.0
2025-07-25 23:00:00;0.0
2025-07-25 23:15:00;0.0
2025-07-25 23:30:00;0.0
2025-07-25 23:45:00;0.0
2025-07-26 00:00:00;0.0
2025-07-26 00:15:00;0.0
2025-07-26 00:30:00;0.0
2025-07-26 00:45:00;0.0
2025-07-26 01:00:00;0.0
2025-07-26 01:15:00;0.0
2025-07-26 01:30:00;0.0
2025-07-26 01:45:00;0.0
2025-07-26 02:00:00;0.0
2025-07-26 02:15:00;0.0
2025-07-26 02:30:00;0.0
2025-07-26 02:45:00;0.0
2025-07-26 03:00:00;0.0
2025-07-26 03:15:00;0.0
2025-07-26 03:30:00;0.0
2025-07-26 03:45:00;0.0
2025-07-26 04:00:00;0.0
2025-07-26 04:15:00;0.0
2025-07-26 04:30:00;0.0
2025-07-26 04:45:00;0.0
2025-07-26 05:00:00;0.0
2025-07-26 05:15:00;0.0
2025-07-26 05:30:00;0.0
2025-07-26 05:45:00;0.0
2025-07-26 06:00:00;1.6399
2025-07-26 06:15:00;3.8937
2025-07-26 06:30:00;6.391
2025-07-26 06:45:00;8.9005
2025-07-26 07:00:00;10.871699999999999
2025-07-26 07:15:00;12.261899999999999
2025-07-26 07:30:00;13.642800000000001
2025-07-26 07:45:00;16.4435
2025-07-26 08:00:00;17.5701
2025-07-26 08:15:00;19.740199999999998
2025-07-26 08:30:00;21.158299999999997
2025-07-26 08:45:00;22.0133
2025-07-26 09:00:00;28.6061
2025-07-26 09:15:00;30.317800000000002
2025-07-26 09:30:00;32.2853
2025-07-26 09:45:00;31.2411
2025-07-26 10:00:00;36.503499999999995
2025-07-26 10:15:00;36.5636
2025-07-26 10:30:00;36.5697
2025-07-26 10:45:00;36.631299999999996
2025-07-26 11:00:00;36.5603
2025-07-26 11:15:00;36.5671
2025-07-26 11:30:00;36.5627
2025-07-26 11:45:00;36.5167
2025-07-26 12:00:00;36.5148
2025-07-26 12:15:00;36.5056
2025-07-26 12:30:00;36.6824
2025-07-26 12:45:00;36.515
2025-07-26 13:00:00;36.6089
2025-07-26 13:15:00;36.5766
2025-07-26 13:30:00;36.5143
2025-07-26 13:45:00;36.5745
2025-07-26 14:00:00;36.641999999999996
2025-07-26 14:15:00;36.5449
2025-07-26 14:30:00;36.645999999999994
2025-07-26 14:45:00;36.58
2025-07-26 15:00:00;36.6909
2025-07-26 15:15:00;36.5439
2025-07-26 15:30:00;36.5751
2025-07-26 15:45:00;36.5809
2025-07-26 16:00:00;36.534
2025-07-26 16:15:00;36.3928
2025-07-26 16:30:00;36.3192
2025-07-26 16:45:00;35.4711
2025-07-26 17:00:00;36.2921
2025-07-26 17:15:00;34.1227
2025-07-26 17:30:00;32.1035
2025-07-26 17:45:00;31.1835
2025-07-26 18:00:00;32.0683
2025-07-26 18:15:00;29.5143
2025-07-26 18:30:00;28.5572
2025-07-26 18:45:00;24.8338
2025-07-26 19:00:00;23.875600000000002
2025-07-26 19:15:00;21.6215
2025-07-26 19:30:00;19.773400000000002
2025-07-26 19:45:00;17.4118
2025-07-26 20:00:00;13.507
2025-07-26 20:15:00;12.3651
2025-07-26 20:30:00;10.2658
2025-07-26 20:45:00;7.8641000000000005
2025-07-26 21:00:00;5.5545
2025-07-26 21:15:00;3.4185999999999996
2025-07-26 21:30:00;1.3374000000000001
2025-07-26 21:45:00;0.0
2025-07-26 22:00:00;0.0
2025-07-26 22:15:00;0.0
2025-07-26 22:30:00;0.0
2025-07-26 22:45:00;0.0
2025-07-26 23:00:00;0.0
2025-07-26 23:15:00;0.0
2025-07-26 23:30:00;0.0
2025-07-26 23:45:00;0.0
2025-07-27 00:00:00;0.0
2025-07-27 00:15:00;0.0
2025-07-27 00:30:00;0.0
2025-07-27 00:45:00;0.0
2025-07-27 01:00:00;0.0
2025-07-27 01:15:00;0.0
2025-07-27 01:30:00;0.0
2025-07-27 01:45:00;0.0
2025-07-27 02:00:00;0.0
2025-07-27 02:15:00;0.0
2025-07-27 02:30:00;0.0
2025-07-27 02:45:00;0.0
2025-07-27 03:00:00;0.0
2025-07-27 03:15:00;0.0
2025-07-27 03:30:00;0.0
2025-07-27 03:45:00;0.0
2025-07-27 04:00:00;0.0
2025-07-27 04:15:00;0.0
2025-07-27 04:30:00;0.0
2025-07-27 04:45:00;0.0
2025-07-27 05:00:00;0.0
2025-07-27 05:15:00;0.0
2025-07-27 05:30:00;0.0
2025-07-27 05:45:00;0.0
2025-07-27 06:00:00;0.0
2025-07-27 06:15:00;0.41289999999999993
2025-07-27 06:30:00;1.0942
2025-07-27 06:45:00;1.7415999999999998
2025-07-27 07:00:00;2.1742
2025-07-27 07:15:00;2.8774
2025-07-27 07:30:00;3.3384000000000005
2025-07-27 07:45:00;3.8646000000000003
2025-07-27 08:00:00;4.040900000000001
2025-07-27 08:15:00;4.6249
2025-07-27 08:30:00;4.9977
2025-07-27 08:45:00;5.994
2025-07-27 09:00:00;7.955299999999999
2025-07-27 09:15:00;8.167399999999999
2025-07-27 09:30:00;9.1274
2025-07-27 09:45:00;9.6705
2025-07-27 10:00:00;8.4222
2025-07-27 10:15:00;8.406699999999999
2025-07-27 10:30:00;8.4465
2025-07-27 10:45:00;9.116800000000001
2025-07-27 11:00:00;9.4122
2025-07-27 11:15:00;10.1989
2025-07-27 11:30:00;10.3182
2025-07-27 11:45:00;10.4251
2025-07-27 12:00:00;10.5569
2025-07-27 12:15:00;10.4686
2025-07-27 12:30:00;11.0868
2025-07-27 12:45:00;10.9101
2025-07-27 13:00:00;10.5774
2025-07-27 13:15:00;10.3202
2025-07-27 13:30:00;10.8008
2025-07-27 13:45:00;10.397599999999999
2025-07-27 14:00:00;12.2544
2025-07-27 14:15:00;12.541699999999999
2025-07-27 14:30:00;12.665899999999999
2025-07-27 14:45:00;12.2761
2025-07-27 15:00:00;10.8996
2025-07-27 15:15:00;10.368699999999999
2025-07-27 15:30:00;10.2562
2025-07-27 15:45:00;10.828600000000002
2025-07-27 16:00:00;11.0804
2025-07-27 16:15:00;10.3737
2025-07-27 16:30:00;10.259500000000001
2025-07-27 16:45:00;9.6051
2025-07-27 17:00:00;8.4719
2025-07-27 17:15:00;8.036100000000001
2025-07-27 17:30:00;7.665500000000001
2025-07-27 17:45:00;7.4159999999999995
2025-07-27 18:00:00;7.346900000000001
2025-07-27 18:15:00;7.0493999999999994
2025-07-27 18:30:00;6.349600000000001
2025-07-27 18:45:00;5.805000000000001
2025-07-27 19:00:00;5.347300000000001
2025-07-27 19:15:00;5.0235
2025-07-27 19:30:00;4.3531
2025-07-27 19:45:00;3.9318
2025-07-27 20:00:00;2.9874
2025-07-27 20:15:00;2.7559000000000005
2025-07-27 20:30:00;1.9333
2025-07-27 20:45:00;1.4329999999999998
2025-07-27 21:00:00;0.931
2025-07-27 21:15:00;0.3587
2025-07-27 21:30:00;0.0
2025-07-27 21:45:00;0.0
2025-07-27 22:00:00;0.0
2025-07-27 22:15:00;0.0
2025-07-27 22:30:00;0.0
2025-07-27 22:45:00;0.0
2025-07-27 23:00:00;0.0
2025-07-27 23:15:00;0.0
2025-07-27 23:30:00;0.0
2025-07-27 23:45:00;0.0
2025-07-28 00:00:00;0.0
2025-07-28 00:15:00;0.0
2025-07-28 00:30:00;0.0
2025-07-28 00:45:00;0.0
2025-07-28 01:00:00;0.0
2025-07-28 01:15:00;0.0
2025-07-28 01:30:00;0.0
2025-07-28 01:45:00;0.0
2025-07-28 02:00:00;0.0
2025-07-28 02:15:00;0.0
2025-07-28 02:30:00;0.0
2025-07-28 02:45:00;0.0
2025-07-28 03:00:00;0.0
2025-07-28 03:15:00;0.0
2025-07-28 03:30:00;0.0
2025-07-28 03:45:00;0.0
2025-07-28 04:00:00;0.0
2025-07-28 04:15:00;0.0
2025-07-28 04:30:00;0.0
2025-07-28 04:45:00;0.0
2025-07-28 05:00:00;0.0
2025-07-28 05:15:00;0.0
2025-07-28 05:30:00;0.0
2025-07-28 05:45:00;0.0
2025-07-28 06:00:00;0.0
2025-07-28 06:15:00;0.41800000000000004
2025-07-28 06:30:00;0.9531
2025-07-28 06:45:00;1.6969000000000003
2025-07-28 07:00:00;2.6939
2025-07-28 07:15:00;3.1873000000000005
2025-07-28 07:30:00;4.2828
2025-07-28 07:45:00;4.687900000000001
2025-07-28 08:00:00;4.486000000000001
2025-07-28 08:15:00;5.5618
2025-07-28 08:30:00;5.820499999999999
2025-07-28 08:45:00;6.0701
2025-07-28 09:00:00;6.526
2025-07-28 09:15:00;7.440799999999999
2025-07-28 09:30:00;8.244800000000001
2025-07-28 09:45:00;8.3921
2025-07-28 10:00:00;8.051
2025-07-28 10:15:00;8.5979
2025-07-28 10:30:00;8.7264
2025-07-28 10:45:00;9.0174
2025-07-28 11:00:00;10.4892
2025-07-28 11:15:00;10.3691
2025-07-28 11:30:00;10.6889
2025-07-28 11:45:00;11.6953
2025-07-28 12:00:00;10.254999999999999
2025-07-28 12:15:00;10.1205
2025-07-28 12:30:00;10.3152
2025-07-28 12:45:00;10.067499999999999
2025-07-28 13:00:00;12.4984
2025-07-28 13:15:00;12.6259
2025-07-28 13:30:00;11.7406
2025-07-28 13:45:00;12.0074
2025-07-28 14:00:00;10.8927
2025-07-28 14:15:00;11.0442
2025-07-28 14:30:00;10.7119
2025-07-28 14:45:00;10.634799999999998
2025-07-28 15:00:00;10.2314
2025-07-28 15:15:00;9.6852
2025-07-28 15:30:00;9.4777
2025-07-28 15:45:00;9.3127
2025-07-28 16:00:00;8.9373
2025-07-28 16:15:00;9.2057
2025-07-28 16:30:00;8.4534
2025-07-28 16:45:00;8.5138
2025-07-28 17:00:00;8.9375
2025-07-28 17:15:00;8.6529
2025-07-28 17:30:00;8.2156
2025-07-28 17:45:00;7.955299999999999
2025-07-28 18:00:00;6.7245
2025-07-28 18:15:00;5.8988000000000005
2025-07-28 18:30:00;5.9145
2025-07-28 18:45:00;5.4521
2025-07-28 19:00:00;4.604
2025-07-28 19:15:00;4.4452
2025-07-28 19:30:00;3.8815
2025-07-28 19:45:00;3.2369999999999997
2025-07-28 20:00:00;3.8053999999999997
2025-07-28 20:15:00;2.7680999999999996
2025-07-28 20:30:00;2.3573000000000004
2025-07-28 20:45:00;1.5131
2025-07-28 21:00:00;0.9787
2025-07-28 21:15:00;0.4114000000000001
2025-07-28 21:30:00;0.0
2025-07-28 21:45:00;0.0
2025-07-28 22:00:00;0.0
2025-07-28 22:15:00;0.0
2025-07-28 22:30:00;0.0
2025-07-28 22:45:00;0.0
2025-07-28 23:00:00;0.0
2025-07-28 23:15:00;0.0
2025-07-28 23:30:00;0.0
2025-07-28 23:45:00;0.0
2025-07-29 00:00:00;0.0
2025-07-29 00:15:00;0.0
2025-07-29 00:30:00;0.0
2025-07-29 00:45:00;0.0
2025-07-29 01:00:00;0.0
2025-07-29 01:15:00;0.0
2025-07-29 01:30:00;0.0
2025-07-29 01:45:00;0.0
2025-07-29 02:00:00;0.0
2025-07-29 02:15:00;0.0
2025-07-29 02:30:00;0.0
2025-07-29 02:45:00;0.0
2025-07-29 03:00:00;0.0
2025-07-29 03:15:00;0.0
2025-07-29 03:30:00;0.0
2025-07-29 03:45:00;0.0
2025-07-29 04:00:00;0.0
2025-07-29 04:15:00;0.0
2025-07-29 04:30:00;0.0
2025-07-29 04:45:00;0.0
2025-07-29 05:00:00;0.0
2025-07-29 05:15:00;0.0
2025-07-29 05:30:00;0.0
2025-07-29 05:45:00;0.0
2025-07-29 06:00:00;0.0
2025-07-29 06:15:00;0.6966
2025-07-29 06:30:00;1.5228000000000002
2025-07-29 06:45:00;2.4009
2025-07-29 07:00:00;7.039599999999999
2025-07-29 07:15:00;8.6831
2025-07-29 07:30:00;10.8121
2025-07-29 07:45:00;11.702800000000002
2025-07-29 08:00:00;14.089
2025-07-29 08:15:00;14.573599999999999
2025-07-29 08:30:00;16.843700000000002
2025-07-29 08:45:00;19.118199999999998
2025-07-29 09:00:00;16.792299999999997
2025-07-29 09:15:00;16.956400000000002
2025-07-29 09:30:00;18.939899999999998
2025-07-29 09:45:00;20.311600000000002
2025-07-29 10:00:00;22.9635
2025-07-29 10:15:00;22.6352
2025-07-29 10:30:00;25.0934
2025-07-29 10:45:00;25.779700000000002
2025-07-29 11:00:00;23.8274
2025-07-29 11:15:00;23.6121
2025-07-29 11:30:00;25.7092
2025-07-29 11:45:00;24.3691
2025-07-29 12:00:00;30.0135
2025-07-29 12:15:00;30.360599999999998
2025-07-29 12:30:00;29.9236
2025-07-29 12:45:00;31.5507
2025-07-29 13:00:00;30.4135
2025-07-29 13:15:00;28.7609
2025-07-29 13:30:00;29.3028
2025-07-29 13:45:00;28.439
2025-07-29 14:00:00;32.4756
2025-07-29 14:15:00;31.607200000000002
2025-07-29 14:30:00;33.4959
2025-07-29 14:45:00;32.4411
2025-07-29 15:00:00;31.114900000000002
2025-07-29 15:15:00;29.096600000000002
2025-07-29 15:30:00;27.5445
2025-07-29 15:45:00;28.4823
2025-07-29 16:00:00;27.9069
2025-07-29 16:15:00;29.594
2025-07-29 16:30:00;27.2653
2025-07-29 16:45:00;25.8154
2025-07-29 17:00:00;24.241
2025-07-29 17:15:00;24.773600000000002
2025-07-29 17:30:00;22.8691
2025-07-29 17:45:00;22.1555
2025-07-29 18:00:00;22.162499999999998
2025-07-29 18:15:00;19.358700000000002
2025-07-29 18:30:00;19.7434
2025-07-29 18:45:00;17.9518
2025-07-29 19:00:00;8.959100000000001
2025-07-29 19:15:00;8.2171
2025-07-29 19:30:00;6.897799999999999
2025-07-29 19:45:00;6.2195
2025-07-29 20:00:00;9.238800000000001
2025-07-29 20:15:00;8.147499999999999
2025-07-29 20:30:00;6.5075
2025-07-29 20:45:00;5.2233
2025-07-29 21:00:00;3.2007000000000003
2025-07-29 21:15:00;1.8283
2025-07-29 21:30:00;0.5615000000000001
2025-07-29 21:45:00;0.0
2025-07-29 22:00:00;0.0
2025-07-29 22:15:00;0.0
2025-07-29 22:30:00;0.0
2025-07-29 22:45:00;0.0
2025-07-29 23:00:00;0.0
2025-07-29 23:15:00;0.0
2025-07-29 23:30:00;0.0
2025-07-29 23:45:00;0.0
2025-07-30 00:00:00;0.0
2025-07-30 00:15:00;0.0
2025-07-30 00:30:00;0.0
2025-07-30 00:45:00;0.0
2025-07-30 01:00:00;0.0
2025-07-30 01:15:00;0.0
2025-07-30 01:30:00;0.0
2025-07-30 01:45:00;0.0
2025-07-30 02:00:00;0.0
2025-07-30 02:15:00;0.0
2025-07-30 02:30:00;0.0
2025-07-30 02:45:00;0.0
2025-07-30 03:00:00;0.0
2025-07-30 03:15:00;0.0
2025-07-30 03:30:00;0.0
2025-07-30 03:45:00;0.0
2025-07-30 04:00:00;0.0
2025-07-30 04:15:00;0.0
2025-07-30 04:30:00;0.0
2025-07-30 04:45:00;0.0
2025-07-30 05:00:00;0.0
2025-07-30 05:15:00;0.0
2025-07-30 05:30:00;0.0
2025-07-30 05:45:00;0.0
2025-07-30 06:00:00;0.8701999999999999
2025-07-30 06:15:00;2.457
2025-07-30 06:30:00;3.8291000000000004
2025-07-30 06:45:00;5.4186
2025-07-30 07:00:00;7.033100000000001
2025-07-30 07:15:00;8.673
2025-07-30 07:30:00;10.5046
2025-07-30 07:45:00;11.408199999999999
2025-07-30 08:00:00;9.3309
2025-07-30 08:15:00;10.2648
2025-07-30 08:30:00;11.2706
2025-07-30 08:45:00;12.198500000000001
2025-07-30 09:00:00;19.1715
2025-07-30 09:15:00;20.8811
2025-07-30 09:30:00;20.950200000000002
2025-07-30 09:45:00;22.9266
2025-07-30 10:00:00;21.7868
2025-07-30 10:15:00;23.1783
2025-07-30 10:30:00;23.3855
2025-07-30 10:45:00;24.7226
2025-07-30 11:00:00;9.4134
2025-07-30 11:15:00;9.4749
2025-07-30 11:30:00;9.0114
2025-07-30 11:45:00;10.1511
2025-07-30 12:00:00;30.0368
2025-07-30 12:15:00;29.519499999999997
2025-07-30 12:30:00;31.0832
2025-07-30 12:45:00;30.188200000000002
2025-07-30 13:00:00;15.4944
2025-07-30 13:15:00;15.6695
2025-07-30 13:30:00;15.293000000000001
2025-07-30 13:45:00;15.269699999999998
2025-07-30 14:00:00;30.475900000000003
2025-07-30 14:15:00;29.2195
2025-07-30 14:30:00;31.4863
2025-07-30 14:45:00;29.4613
2025-07-30 15:00:00;30.4483
2025-07-30 15:15:00;27.1766
2025-07-30 15:30:00;29.3005
2025-07-30 15:45:00;29.0776
2025-07-30 16:00:00;25.3602
2025-07-30 16:15:00;25.7438
2025-07-30 16:30:00;24.8493
2025-07-30 16:45:00;23.502299999999998
2025-07-30 17:00:00;24.307100000000002
2025-07-30 17:15:00;23.6771
2025-07-30 17:30:00;23.7537
2025-07-30 17:45:00;22.1849
2025-07-30 18:00:00;19.7655
2025-07-30 18:15:00;17.831
2025-07-30 18:30:00;17.991699999999998
2025-07-30 18:45:00;15.847599999999998
2025-07-30 19:00:00;13.6761
2025-07-30 19:15:00;12.3952
2025-07-30 19:30:00;11.2053
2025-07-30 19:45:00;10.5761
2025-07-30 20:00:00;8.5596
2025-07-30 20:15:00;7.2211
2025-07-30 20:30:00;6.0085999999999995
2025-07-30 20:45:00;4.642899999999999
2025-07-30 21:00:00;3.3007999999999997
2025-07-30 21:15:00;1.9449999999999998
2025-07-30 21:30:00;0.5925
2025-07-30 21:45:00;0.0
2025-07-30 22:00:00;0.0
2025-07-30 22:15:00;0.0
2025-07-30 22:30:00;0.0
2025-07-30 22:45:00;0.0
2025-07-30 23:00:00;0.0
2025-07-30 23:15:00;0.0
2025-07-30 23:30:00;0.0
2025-07-30 23:45:00;0.0
2025-07-31 00:00:00;0.0
2025-07-31 00:15:00;0.0
2025-07-31 00:30:00;0.0
2025-07-31 00:45:00;0.0
2025-07-31 01:00:00;0.0
2025-07-31 01:15:00;0.0
2025-07-31 01:30:00;0.0
2025-07-31 01:45:00;0.0
2025-07-31 02:00:00;0.0
2025-07-31 02:15:00;0.0
2025-07-31 02:30:00;0.0
2025-07-31 02:45:00;0.0
2025-07-31 03:00:00;0.0
2025-07-31 03:15:00;0.0
2025-07-31 03:30:00;0.0
2025-07-31 03:45:00;0.0
2025-07-31 04:00:00;0.0
2025-07-31 04:15:00;0.0
2025-07-31 04:30:00;0.0
2025-07-31 04:45:00;0.0
2025-07-31 05:00:00;0.0
2025-07-31 05:15:00;0.0
2025-07-31 05:30:00;0.0
2025-07-31 05:45:00;0.0
2025-07-31 06:00:00;0.0
2025-07-31 06:15:00;0.4497000000000001
2025-07-31 06:30:00;1.0857
2025-07-31 06:45:00;1.708
2025-07-31 07:00:00;1.8105000000000002
2025-07-31 07:15:00;2.4091000000000005
2025-07-31 07:30:00;3.4912
2025-07-31 07:45:00;3.7958000000000003
2025-07-31 08:00:00;5.072
2025-07-31 08:15:00;5.6838
2025-07-31 08:30:00;6.1477
2025-07-31 08:45:00;7.125
2025-07-31 09:00:00;5.8631
2025-07-31 09:15:00;6.5218
2025-07-31 09:30:00;6.8064
2025-07-31 09:45:00;7.0359
2025-07-31 10:00:00;7.9119
2025-07-31 10:15:00;8.3576
2025-07-31 10:30:00;9.0406
2025-07-31 10:45:00;8.7803
2025-07-31 11:00:00;10.1156
2025-07-31 11:15:00;10.4469
2025-07-31 11:30:00;10.650599999999999
2025-07-31 11:45:00;11.4436
2025-07-31 12:00:00;10.91
2025-07-31 12:15:00;10.5192
2025-07-31 12:30:00;11.3178
2025-07-31 12:45:00;11.7968
2025-07-31 13:00:00;9.67
2025-07-31 13:15:00;10.0092
2025-07-31 13:30:00;10.227
2025-07-31 13:45:00;10.142
2025-07-31 14:00:00;11.8112
2025-07-31 14:15:00;11.581100000000001
2025-07-31 14:30:00;11.505600000000001
2025-07-31 14:45:00;11.9285
2025-07-31 15:00:00;9.5177
2025-07-31 15:15:00;9.9894
2025-07-31 15:30:00;9.706900000000001
2025-07-31 15:45:00;9.1266
2025-07-31 16:00:00;11.7954
2025-07-31 16:15:00;11.382
2025-07-31 16:30:00;10.9372
2025-07-31 16:45:00;10.9533
2025-07-31 17:00:00;9.2879
2025-07-31 17:15:00;8.2288
2025-07-31 17:30:00;8.157900000000001
2025-07-31 17:45:00;8.2171
2025-07-31 18:00:00;6.741099999999999
2025-07-31 18:15:00;6.3992
2025-07-31 18:30:00;5.6029
2025-07-31 18:45:00;4.9985
2025-07-31 19:00:00;4.768599999999999
2025-07-31 19:15:00;4.6261
2025-07-31 19:30:00;3.6426000000000003
2025-07-31 19:45:00;2.8426
2025-07-31 20:00:00;3.9104
2025-07-31 20:15:00;2.9421999999999997
2025-07-31 20:30:00;2.4123
2025-07-31 20:45:00;1.6852999999999998
2025-07-31 21:00:00;0.5822
2025-07-31 21:15:00;0.124
2025-07-31 21:30:00;0.0
2025-07-31 21:45:00;0.0
2025-07-31 22:00:00;0.0
2025-07-31 22:15:00;0.0
2025-07-31 22:30:00;0.0
2025-07-31 22:45:00;0.0
2025-07-31 23:00:00;0.0
2025-07-31 23:15:00;0.0
2025-07-31 23:30:00;0.0
2025-07-31 23:45:00;0.0
2025-08-01 00:00:00;0.0
2025-08-01 00:15:00;0.0
2025-08-01 00:30:00;0.0
2025-08-01 00:45:00;0.0
2025-08-01 01:00:00;0.0
2025-08-01 01:15:00;0.0
2025-08-01 01:30:00;0.0
2025-08-01 01:45:00;0.0
2025-08-01 02:00:00;0.0
2025-08-01 02:15:00;0.0
2025-08-01 02:30:00;0.0
2025-08-01 02:45:00;0.0
2025-08-01 03:00:00;0.0
2025-08-01 03:15:00;0.0
2025-08-01 03:30:00;0.0
2025-08-01 03:45:00;0.0
2025-08-01 04:00:00;0.0
2025-08-01 04:15:00;0.0
2025-08-01 04:30:00;0.0
2025-08-01 04:45:00;0.0
2025-08-01 05:00:00;0.0
2025-08-01 05:15:00;0.0
2025-08-01 05:30:00;0.0
2025-08-01 05:45:00;0.0
2025-08-01 06:00:00;0.0
2025-08-01 06:15:00;0.0
2025-08-01 06:30:00;0.0
2025-08-01 06:45:00;0.0
2025-08-01 07:00:00;0.0
2025-08-01 07:15:00;0.5553000000000001
2025-08-01 07:30:00;0.8867
2025-08-01 07:45:00;1.5535999999999999
2025-08-01 08:00:00;2.3384
2025-08-01 08:15:00;3.1347
2025-08-01 08:30:00;3.2354999999999996
2025-08-01 08:45:00;4.4266000000000005
2025-08-01 09:00:00;4.4708000000000006
2025-08-01 09:15:00;4.9528
2025-08-01 09:30:00;5.4296999999999995
2025-08-01 09:45:00;5.945600000000001
2025-08-01 10:00:00;8.079699999999999
2025-08-01 10:15:00;8.272599999999999
2025-08-01 10:30:00;8.8564
2025-08-01 10:45:00;9.276700000000002
2025-08-01 11:00:00;7.8182
2025-08-01 11:15:00;8.3141
2025-08-01 11:30:00;8.5642
2025-08-01 11:45:00;8.5583
2025-08-01 12:00:00;8.8288
2025-08-01 12:15:00;8.7674
2025-08-01 12:30:00;8.7918
2025-08-01 12:45:00;8.9448
2025-08-01 13:00:00;9.7021
2025-08-01 13:15:00;9.8614
2025-08-01 13:30:00;10.464400000000001
2025-08-01 13:45:00;10.2469
2025-08-01 14:00:00;10.429699999999999
2025-08-01 14:15:00;10.1114
2025-08-01 14:30:00;10.4084
2025-08-01 14:45:00;9.910699999999999
2025-08-01 15:00:00;10.284699999999999
2025-08-01 15:15:00;10.4102
2025-08-01 15:30:00;9.3648
2025-08-01 15:45:00;9.2593
2025-08-01 16:00:00;8.3961
2025-08-01 16:15:00;8.2209
2025-08-01 16:30:00;8.0139
2025-08-01 16:45:00;7.7383999999999995
2025-08-01 17:00:00;6.9999
2025-08-01 17:15:00;6.6441
2025-08-01 17:30:00;6.5173000000000005
2025-08-01 17:45:00;5.8902
2025-08-01 18:00:00;6.5556
2025-08-01 18:15:00;5.8099
2025-08-01 18:30:00;5.662
2025-08-01 18:45:00;4.4117999999999995
2025-08-01 19:00:00;3.5591000000000004
2025-08-01 19:15:00;3.1571999999999996
2025-08-01 19:30:00;2.4688
2025-08-01 19:45:00;2.0999999999999996
2025-08-01 20:00:00;1.5917
2025-08-01 20:15:00;0.7703
2025-08-01 20:30:00;0.2016
2025-08-01 20:45:00;0.0
2025-08-01 21:00:00;0.0
2025-08-01 21:15:00;0.0
2025-08-01 21:30:00;0.0
2025-08-01 21:45:00;0.0
2025-08-01 22:00:00;0.0
2025-08-01 22:15:00;0.0
2025-08-01 22:30:00;0.0
2025-08-01 22:45:00;0.0
2025-08-01 23:00:00;0.0
2025-08-01 23:15:00;0.0
2025-08-01 23:30:00;0.0
2025-08-01 23:45:00;0.0
2025-08-02 00:00:00;0.0
2025-08-02 00:15:00;0.0
2025-08-02 00:30:00;0.0
2025-08-02 00:45:00;0.0
2025-08-02 01:00:00;0.0
2025-08-02 01:15:00;0.0
2025-08-02 01:30:00;0.0
2025-08-02 01:45:00;0.0
2025-08-02 02:00:00;0.0
2025-08-02 02:15:00;0.0
2025-08-02 02:30:00;0.0
2025-08-02 02:45:00;0.0
2025-08-02 03:00:00;0.0
2025-08-02 03:15:00;0.0
2025-08-02 03:30:00;0.0
2025-08-02 03:45:00;0.0
2025-08-02 04:00:00;0.0
2025-08-02 04:15:00;0.0
2025-08-02 04:30:00;0.0
2025-08-02 04:45:00;0.0
2025-08-02 05:00:00;0.0
2025-08-02 05:15:00;0.0
2025-08-02 05:30:00;0.0
2025-08-02 05:45:00;0.0
2025-08-02 06:00:00;0.0
2025-08-02 06:15:00;0.0
2025-08-02 06:30:00;0.0
2025-08-02 06:45:00;0.8081
2025-08-02 07:00:00;2.0231000000000003
2025-08-02 07:15:00;3.4018999999999995
2025-08-02 07:30:00;5.123399999999999
2025-08-02 07:45:00;6.6193
2025-08-02 08:00:00;8.738999999999999
2025-08-02 08:15:00;9.483
2025-08-02 08:30:00;11.6531
2025-08-02 08:45:00;13.0671
2025-08-02 09:00:00;14.9243
2025-08-02 09:15:00;15.713099999999999
2025-08-02 09:30:00;17.4544
2025-08-02 09:45:00;18.2712
2025-08-02 10:00:00;19.2744
2025-08-02 10:15:00;20.346
2025-08-02 10:30:00;21.8585
2025-08-02 10:45:00;22.6997
2025-08-02 11:00:00;25.3457
2025-08-02 11:15:00;26.7677
2025-08-02 11:30:00;27.7015
2025-08-02 11:45:00;28.6647
2025-08-02 12:00:00;26.7472
2025-08-02 12:15:00;27.4162
2025-08-02 12:30:00;28.093
2025-08-02 12:45:00;28.915599999999998
2025-08-02 13:00:00;26.9397
2025-08-02 13:15:00;27.8401
2025-08-02 13:30:00;27.1236
2025-08-02 13:45:00;27.6646
2025-08-02 14:00:00;27.7751
2025-08-02 14:15:00;27.6779
2025-08-02 14:30:00;26.740000000000002
2025-08-02 14:45:00;27.1733
2025-08-02 15:00:00;17.9513
2025-08-02 15:15:00;18.4696
2025-08-02 15:30:00;19.3409
2025-08-02 15:45:00;17.9971
2025-08-02 16:00:00;25.8462
2025-08-02 16:15:00;25.2791
2025-08-02 16:30:00;23.3249
2025-08-02 16:45:00;22.552300000000002
2025-08-02 17:00:00;23.0438
2025-08-02 17:15:00;21.269
2025-08-02 17:30:00;19.3551
2025-08-02 17:45:00;18.098699999999997
2025-08-02 18:00:00;15.177100000000001
2025-08-02 18:15:00;13.1293
2025-08-02 18:30:00;12.8659
2025-08-02 18:45:00;10.7142
2025-08-02 19:00:00;11.541500000000001
2025-08-02 19:15:00;10.192699999999999
2025-08-02 19:30:00;8.7431
2025-08-02 19:45:00;7.477500000000001
2025-08-02 20:00:00;2.409
2025-08-02 20:15:00;1.6808
2025-08-02 20:30:00;0.8474999999999999
2025-08-02 20:45:00;0.0
2025-08-02 21:00:00;0.0
2025-08-02 21:15:00;0.0
2025-08-02 21:30:00;0.0
2025-08-02 21:45:00;0.0
2025-08-02 22:00:00;0.0
2025-08-02 22:15:00;0.0
2025-08-02 22:30:00;0.0
2025-08-02 22:45:00;0.0
2025-08-02 23:00:00;0.0
2025-08-02 23:15:00;0.0
2025-08-02 23:30:00;0.0
2025-08-02 23:45:00;0.0
2025-08-03 00:00:00;0.0
2025-08-03 00:15:00;0.0
2025-08-03 00:30:00;0.0
2025-08-03 00:45:00;0.0
2025-08-03 01:00:00;0.0
2025-08-03 01:15:00;0.0
2025-08-03 01:30:00;0.0
2025-08-03 01:45:00;0.0
2025-08-03 02:00:00;0.0
2025-08-03 02:15:00;0.0
2025-08-03 02:30:00;0.0
2025-08-03 02:45:00;0.0
2025-08-03 03:00:00;0.0
2025-08-03 03:15:00;0.0
2025-08-03 03:30:00;0.0
2025-08-03 03:45:00;0.0
2025-08-03 04:00:00;0.0
2025-08-03 04:15:00;0.0
2025-08-03 04:30:00;0.0
2025-08-03 04:45:00;0.0
2025-08-03 05:00:00;0.0
2025-08-03 05:15:00;0.0
2025-08-03 05:30:00;0.0
2025-08-03 05:45:00;0.0
2025-08-03 06:00:00;0.0
2025-08-03 06:15:00;0.0
2025-08-03 06:30:00;0.0
2025-08-03 06:45:00;0.0
2025-08-03 07:00:00;0.20030000000000003
2025-08-03 07:15:00;0.6646000000000001
2025-08-03 07:30:00;1.3413999999999997
2025-08-03 07:45:00;1.8065000000000002
2025-08-03 08:00:00;2.7102
2025-08-03 08:15:00;3.2201000000000004
2025-08-03 08:30:00;3.7159999999999997
2025-08-03 08:45:00;4.1806
2025-08-03 09:00:00;5.2269000000000005
2025-08-03 09:15:00;5.997999999999999
2025-08-03 09:30:00;6.293200000000001
2025-08-03 09:45:00;6.6052
2025-08-03 10:00:00;6.6754
2025-08-03 10:15:00;7.385800000000001
2025-08-03 10:30:00;7.6253
2025-08-03 10:45:00;8.0245
2025-08-03 11:00:00;8.9002
2025-08-03 11:15:00;9.279599999999999
2025-08-03 11:30:00;9.5347
2025-08-03 11:45:00;9.3934
2025-08-03 12:00:00;10.007
2025-08-03 12:15:00;9.3426
2025-08-03 12:30:00;9.8324
2025-08-03 12:45:00;9.8545
2025-08-03 13:00:00;10.3823
2025-08-03 13:15:00;10.299000000000001
2025-08-03 13:30:00;10.5523
2025-08-03 13:45:00;11.0788
2025-08-03 14:00:00;9.6548
2025-08-03 14:15:00;9.479
2025-08-03 14:30:00;9.3636
2025-08-03 14:45:00;9.005600000000001
2025-08-03 15:00:00;10.8054
2025-08-03 15:15:00;10.3475
2025-08-03 15:30:00;10.316099999999999
2025-08-03 15:45:00;10.56
2025-08-03 16:00:00;7.3609
2025-08-03 16:15:00;7.3611
2025-08-03 16:30:00;7.2593
2025-08-03 16:45:00;6.953
2025-08-03 17:00:00;6.860600000000001
2025-08-03 17:15:00;6.4368
2025-08-03 17:30:00;6.2323
2025-08-03 17:45:00;5.7854
2025-08-03 18:00:00;4.9501
2025-08-03 18:15:00;4.837299999999999
2025-08-03 18:30:00;4.2629
2025-08-03 18:45:00;3.6305000000000005
2025-08-03 19:00:00;4.2452
2025-08-03 19:15:00;3.1805999999999996
2025-08-03 19:30:00;2.7375999999999996
2025-08-03 19:45:00;2.1525000000000003
2025-08-03 20:00:00;1.5564999999999998
2025-08-03 20:15:00;0.7534000000000001
2025-08-03 20:30:00;0.23949999999999994
2025-08-03 20:45:00;0.0
2025-08-03 21:00:00;0.0
2025-08-03 21:15:00;0.0
2025-08-03 21:30:00;0.0
2025-08-03 21:45:00;0.0
2025-08-03 22:00:00;0.0
2025-08-03 22:15:00;0.0
2025-08-03 22:30:00;0.0
2025-08-03 22:45:00;0.0
2025-08-03 23:00:00;0.0
2025-08-03 23:15:00;0.0
2025-08-03 23:30:00;0.0
2025-08-03 23:45:00;0.0
2025-08-04 00:00:00;0.0
2025-08-04 00:15:00;0.0
2025-08-04 00:30:00;0.0
2025-08-04 00:45:00;0.0
2025-08-04 01:00:00;0.0
2025-08-04 01:15:00;0.0
2025-08-04 01:30:00;0.0
2025-08-04 01:45:00;0.0
2025-08-04 02:00:00;0.0
2025-08-04 02:15:00;0.0
2025-08-04 02:30:00;0.0
2025-08-04 02:45:00;0.0
2025-08-04 03:00:00;0.0
2025-08-04 03:15:00;0.0
2025-08-04 03:30:00;0.0
2025-08-04 03:45:00;0.0
2025-08-04 04:00:00;0.0
2025-08-04 04:15:00;0.0
2025-08-04 04:30:00;0.0
2025-08-04 04:45:00;0.0
2025-08-04 05:00:00;0.0
2025-08-04 05:15:00;0.0
2025-08-04 05:30:00;0.0
2025-08-04 05:45:00;0.0
2025-08-04 06:00:00;0.0
2025-08-04 06:15:00;0.0
2025-08-04 06:30:00;0.0
2025-08-04 06:45:00;0.0
2025-08-04 07:00:00;0.0
2025-08-04 07:15:00;0.3862000000000001
2025-08-04 07:30:00;1.125
2025-08-04 07:45:00;1.3257999999999999
2025-08-04 08:00:00;3.0109
2025-08-04 08:15:00;3.3956
2025-08-04 08:30:00;4.149
2025-08-04 08:45:00;4.43
2025-08-04 09:00:00;5.3168
2025-08-04 09:15:00;6.5448
2025-08-04 09:30:00;6.713
2025-08-04 09:45:00;7.0617
2025-08-04 10:00:00;6.9488
2025-08-04 10:15:00;7.3202
2025-08-04 10:30:00;8.1739
2025-08-04 10:45:00;9.3752
2025-08-04 11:00:00;8.8545
2025-08-04 11:15:00;8.721400000000001
2025-08-04 11:30:00;9.283100000000001
2025-08-04 11:45:00;9.1388
2025-08-04 12:00:00;8.4784
2025-08-04 12:15:00;9.3497
2025-08-04 12:30:00;9.5028
2025-08-04 12:45:00;9.5495
2025-08-04 13:00:00;8.8606
2025-08-04 13:15:00;8.957
2025-08-04 13:30:00;8.3599
2025-08-04 13:45:00;8.9901
2025-08-04 14:00:00;10.6697
2025-08-04 14:15:00;10.911800000000001
2025-08-04 14:30:00;10.2242
2025-08-04 14:45:00;10.352400000000001
2025-08-04 15:00:00;9.602699999999999
2025-08-04 15:15:00;10.2435
2025-08-04 15:30:00;9.4043
2025-08-04 15:45:00;9.392199999999999
2025-08-04 16:00:00;9.5999
2025-08-04 16:15:00;8.8741
2025-08-04 16:30:00;8.888200000000001
2025-08-04 16:45:00;8.2369
2025-08-04 17:00:00;8.142
2025-08-04 17:15:00;7.1763
2025-08-04 17:30:00;6.8657
2025-08-04 17:45:00;6.4178999999999995
2025-08-04 18:00:00;5.3587
2025-08-04 18:15:00;4.8767000000000005
2025-08-04 18:30:00;4.106
2025-08-04 18:45:00;3.7234000000000003
2025-08-04 19:00:00;2.5115
2025-08-04 19:15:00;1.7308000000000001
2025-08-04 19:30:00;1.4727999999999999
2025-08-04 19:45:00;1.2309
2025-08-04 20:00:00;1.1013
2025-08-04 20:15:00;0.4859
2025-08-04 20:30:00;0.05919999999999992
2025-08-04 20:45:00;0.0
2025-08-04 21:00:00;0.0
2025-08-04 21:15:00;0.0
2025-08-04 21:30:00;0.0
2025-08-04 21:45:00;0.0
2025-08-04 22:00:00;0.0
2025-08-04 22:15:00;0.0
2025-08-04 22:30:00;0.0
2025-08-04 22:45:00;0.0
2025-08-04 23:00:00;0.0
2025-08-04 23:15:00;0.0
2025-08-04 23:30:00;0.0
2025-08-04 23:45:00;0.0
2025-08-05 00:00:00;0.0
2025-08-05 00:15:00;0.0
2025-08-05 00:30:00;0.0
2025-08-05 00:45:00;0.0
2025-08-05 01:00:00;0.0
2025-08-05 01:15:00;0.0
2025-08-05 01:30:00;0.0
2025-08-05 01:45:00;0.0
2025-08-05 02:00:00;0.0
2025-08-05 02:15:00;0.0
2025-08-05 02:30:00;0.0
2025-08-05 02:45:00;0.0
2025-08-05 03:00:00;0.0
2025-08-05 03:15:00;0.0
2025-08-05 03:30:00;0.0
2025-08-05 03:45:00;0.0
2025-08-05 04:00:00;0.0
2025-08-05 04:15:00;0.0
2025-08-05 04:30:00;0.0
2025-08-05 04:45:00;0.0
2025-08-05 05:00:00;0.0
2025-08-05 05:15:00;0.0
2025-08-05 05:30:00;0.0
2025-08-05 05:45:00;0.0
2025-08-05 06:00:00;0.0
2025-08-05 06:15:00;0.0
2025-08-05 06:30:00;0.0
2025-08-05 06:45:00;0.0
2025-08-05 07:00:00;0.0
2025-08-05 07:15:00;0.0
2025-08-05 07:30:00;0.0
2025-08-05 07:45:00;0.016100000000000003
2025-08-05 08:00:00;0.30810000000000004
2025-08-05 08:15:00;0.44589999999999996
2025-08-05 08:30:00;0.5359
2025-08-05 08:45:00;0.7953
2025-08-05 09:00:00;1.7020000000000002
2025-08-05 09:15:00;1.8367999999999998
2025-08-05 09:30:00;1.9376
2025-08-05 09:45:00;2.2239
2025-08-05 10:00:00;1.8493
2025-08-05 10:15:00;1.9417
2025-08-05 10:30:00;2.0888999999999998
2025-08-05 10:45:00;2.3117
2025-08-05 11:00:00;3.0049
2025-08-05 11:15:00;3.1241000000000003
2025-08-05 11:30:00;3.3343
2025-08-05 11:45:00;3.1449
2025-08-05 12:00:00;4.0652
2025-08-05 12:15:00;3.9749999999999996
2025-08-05 12:30:00;3.8441
2025-08-05 12:45:00;3.8511999999999995
2025-08-05 13:00:00;3.1657
2025-08-05 13:15:00;3.3552999999999997
2025-08-05 13:30:00;3.3926999999999996
2025-08-05 13:45:00;3.0185999999999997
2025-08-05 14:00:00;3.0871
2025-08-05 14:15:00;3.2731
2025-08-05 14:30:00;3.0941
2025-08-05 14:45:00;3.1066
2025-08-05 15:00:00;3.3541999999999996
2025-08-05 15:15:00;3.0876
2025-08-05 15:30:00;2.9911
2025-08-05 15:45:00;2.9207
2025-08-05 16:00:00;3.1487000000000003
2025-08-05 16:15:00;2.8827
2025-08-05 16:30:00;2.9356
2025-08-05 16:45:00;2.6511
2025-08-05 17:00:00;2.2365
2025-08-05 17:15:00;2.1843999999999997
2025-08-05 17:30:00;2.0431
2025-08-05 17:45:00;1.7889000000000002
2025-08-05 18:00:00;1.6831
2025-08-05 18:15:00;1.4008
2025-08-05 18:30:00;1.2297
2025-08-05 18:45:00;0.8808
2025-08-05 19:00:00;0.4907999999999999
2025-08-05 19:15:00;0.30769999999999986
2025-08-05 19:30:00;0.06740000000000013
2025-08-05 19:45:00;0.0
2025-08-05 20:00:00;0.0
2025-08-05 20:15:00;0.0
2025-08-05 20:30:00;0.0
2025-08-05 20:45:00;0.0
2025-08-05 21:00:00;0.0
2025-08-05 21:15:00;0.0
2025-08-05 21:30:00;0.0
2025-08-05 21:45:00;0.0
2025-08-05 22:00:00;0.0
2025-08-05 22:15:00;0.0
2025-08-05 22:30:00;0.0
2025-08-05 22:45:00;0.0
2025-08-05 23:00:00;0.0
2025-08-05 23:15:00;0.0
2025-08-05 23:30:00;0.0
2025-08-05 23:45:00;0.0
2025-08-06 00:00:00;0.0
2025-08-06 00:15:00;0.0
2025-08-06 00:30:00;0.0
2025-08-06 00:45:00;0.0
2025-08-06 01:00:00;0.0
2025-08-06 01:15:00;0.0
2025-08-06 01:30:00;0.0
2025-08-06 01:45:00;0.0
2025-08-06 02:00:00;0.0
2025-08-06 02:15:00;0.0
2025-08-06 02:30:00;0.0
2025-08-06 02:45:00;0.0
2025-08-06 03:00:00;0.0
2025-08-06 03:15:00;0.0
2025-08-06 03:30:00;0.0
2025-08-06 03:45:00;0.0
2025-08-06 04:00:00;0.0
2025-08-06 04:15:00;0.0
2025-08-06 04:30:00;0.0
2025-08-06 04:45:00;0.0
2025-08-06 05:00:00;0.0
2025-08-06 05:15:00;0.0
2025-08-06 05:30:00;0.0
2025-08-06 05:45:00;0.0
2025-08-06 06:00:00;0.0
2025-08-06 06:15:00;0.0
2025-08-06 06:30:00;0.0
2025-08-06 06:45:00;0.0
2025-08-06 07:00:00;0.29359999999999997
2025-08-06 07:15:00;0.9552
2025-08-06 07:30:00;1.6125
2025-08-06 07:45:00;2.2112000000000003
2025-08-06 08:00:00;3.0511
2025-08-06 08:15:00;3.4429
2025-08-06 08:30:00;4.019699999999999
2025-08-06 08:45:00;5.0956
2025-08-06 09:00:00;4.4338
2025-08-06 09:15:00;4.9667
2025-08-06 09:30:00;5.4022
2025-08-06 09:45:00;5.8544
2025-08-06 10:00:00;6.7352
2025-08-06 10:15:00;6.5191
2025-08-06 10:30:00;7.1975999999999996
2025-08-06 10:45:00;7.379700000000001
2025-08-06 11:00:00;7.8774
2025-08-06 11:15:00;7.889100000000001
2025-08-06 11:30:00;8.1153
2025-08-06 11:45:00;8.8211
2025-08-06 12:00:00;9.5556
2025-08-06 12:15:00;10.086699999999999
2025-08-06 12:30:00;10.316500000000001
2025-08-06 12:45:00;10.3504
2025-08-06 13:00:00;9.438600000000001
2025-08-06 13:15:00;9.5702
2025-08-06 13:30:00;9.7789
2025-08-06 13:45:00;9.734399999999999
2025-08-06 14:00:00;10.569799999999999
2025-08-06 14:15:00;10.6213
2025-08-06 14:30:00;10.7522
2025-08-06 14:45:00;10.182200000000002
2025-08-06 15:00:00;10.3753
2025-08-06 15:15:00;10.0869
2025-08-06 15:30:00;9.4875
2025-08-06 15:45:00;9.281600000000001
2025-08-06 16:00:00;8.2485
2025-08-06 16:15:00;7.696300000000001
2025-08-06 16:30:00;8.2687
2025-08-06 16:45:00;7.3766
2025-08-06 17:00:00;7.6853
2025-08-06 17:15:00;6.6506
2025-08-06 17:30:00;6.7368
2025-08-06 17:45:00;6.0922
2025-08-06 18:00:00;5.6009
2025-08-06 18:15:00;4.9539
2025-08-06 18:30:00;4.755000000000001
2025-08-06 18:45:00;3.8474000000000004
2025-08-06 19:00:00;3.3099999999999996
2025-08-06 19:15:00;2.8465
2025-08-06 19:30:00;2.4446000000000003
2025-08-06 19:45:00;1.8992
2025-08-06 20:00:00;1.2809000000000001
2025-08-06 20:15:00;0.6481999999999999
2025-08-06 20:30:00;0.055399999999999894
2025-08-06 20:45:00;0.0
2025-08-06 21:00:00;0.0
2025-08-06 21:15:00;0.0
2025-08-06 21:30:00;0.0
2025-08-06 21:45:00;0.0
2025-08-06 22:00:00;0.0
2025-08-06 22:15:00;0.0
2025-08-06 22:30:00;0.0
2025-08-06 22:45:00;0.0
2025-08-06 23:00:00;0.0
2025-08-06 23:15:00;0.0
2025-08-06 23:30:00;0.0
2025-08-06 23:45:00;0.0
2025-08-07 00:00:00;0.0
2025-08-07 00:15:00;0.0
2025-08-07 00:30:00;0.0
2025-08-07 00:45:00;0.0
2025-08-07 01:00:00;0.0
2025-08-07 01:15:00;0.0
2025-08-07 01:30:00;0.0
2025-08-07 01:45:00;0.0
2025-08-07 02:00:00;0.0
2025-08-07 02:15:00;0.0
2025-08-07 02:30:00;0.0
2025-08-07 02:45:00;0.0
2025-08-07 03:00:00;0.0
2025-08-07 03:15:00;0.0
2025-08-07 03:30:00;0.0
2025-08-07 03:45:00;0.0
2025-08-07 04:00:00;0.0
2025-08-07 04:15:00;0.0
2025-08-07 04:30:00;0.0
2025-08-07 04:45:00;0.0
2025-08-07 05:00:00;0.0
2025-08-07 05:15:00;0.0
2025-08-07 05:30:00;0.0
2025-08-07 05:45:00;0.0
2025-08-07 06:00:00;0.0
2025-08-07 06:15:00;0.0
2025-08-07 06:30:00;0.0
2025-08-07 06:45:00;1.2771999999999997
2025-08-07 07:00:00;3.2313
2025-08-07 07:15:00;5.7127
2025-08-07 07:30:00;7.664300000000001
2025-08-07 07:45:00;10.2764
2025-08-07 08:00:00;11.6784
2025-08-07 08:15:00;13.780100000000001
2025-08-07 08:30:00;15.706900000000001
2025-08-07 08:45:00;18.2915
2025-08-07 09:00:00;23.416
2025-08-07 09:15:00;24.062099999999997
2025-08-07 09:30:00;28.1578
2025-08-07 09:45:00;30.3781
2025-08-07 10:00:00;31.1004
2025-08-07 10:15:00;33.9262
2025-08-07 10:30:00;34.8654
2025-08-07 10:45:00;35.937200000000004
2025-08-07 11:00:00;36.6123
2025-08-07 11:15:00;36.6431
2025-08-07 11:30:00;36.608200000000004
2025-08-07 11:45:00;36.6266
2025-08-07 12:00:00;36.573800000000006
2025-08-07 12:15:00;36.6066
2025-08-07 12:30:00;36.690599999999996
2025-08-07 12:45:00;36.6286
2025-08-07 13:00:00;36.5904
2025-08-07 13:15:00;36.6345
2025-08-07 13:30:00;36.6391
2025-08-07 13:45:00;36.5502
2025-08-07 14:00:00;36.6077
2025-08-07 14:15:00;36.6421
2025-08-07 14:30:00;36.6266
2025-08-07 14:45:00;36.6755
2025-08-07 15:00:00;36.5721
2025-08-07 15:15:00;36.531099999999995
2025-08-07 15:30:00;36.7086
2025-08-07 15:45:00;36.2244
2025-08-07 16:00:00;31.492400000000004
2025-08-07 16:15:00;31.639400000000002
2025-08-07 16:30:00;32.5986
2025-08-07 16:45:00;30.7082
2025-08-07 17:00:00;32.6592
2025-08-07 17:15:00;31.626299999999997
2025-08-07 17:30:00;27.6339
2025-08-07 17:45:00;27.5192
2025-08-07 18:00:00;25.1322
2025-08-07 18:15:00;24.0683
2025-08-07 18:30:00;19.9558
2025-08-07 18:45:00;19.1549
2025-08-07 19:00:00;16.3821
2025-08-07 19:15:00;13.347999999999999
2025-08-07 19:30:00;11.782699999999998
2025-08-07 19:45:00;9.4749
2025-08-07 20:00:00;8.1738
2025-08-07 20:15:00;5.8847000000000005
2025-08-07 20:30:00;3.3785999999999996
2025-08-07 20:45:00;1.259
2025-08-07 21:00:00;0.0
2025-08-07 21:15:00;0.0
2025-08-07 21:30:00;0.0
2025-08-07 21:45:00;0.0
2025-08-07 22:00:00;0.0
2025-08-07 22:15:00;0.0
2025-08-07 22:30:00;0.0
2025-08-07 22:45:00;0.0
2025-08-07 23:00:00;0.0
2025-08-07 23:15:00;0.0
2025-08-07 23:30:00;0.0
2025-08-07 23:45:00;0.0
2025-08-08 00:00:00;0.0
2025-08-08 00:15:00;0.0
2025-08-08 00:30:00;0.0
2025-08-08 00:45:00;0.0
2025-08-08 01:00:00;0.0
2025-08-08 01:15:00;0.0
2025-08-08 01:30:00;0.0
2025-08-08 01:45:00;0.0
2025-08-08 02:00:00;0.0
2025-08-08 02:15:00;0.0
2025-08-08 02:30:00;0.0
2025-08-08 02:45:00;0.0
2025-08-08 03:00:00;0.0
2025-08-08 03:15:00;0.0
2025-08-08 03:30:00;0.0
2025-08-08 03:45:00;0.0
2025-08-08 04:00:00;0.0
2025-08-08 04:15:00;0.0
2025-08-08 04:30:00;0.0
2025-08-08 04:45:00;0.0
2025-08-08 05:00:00;0.0
2025-08-08 05:15:00;0.0
2025-08-08 05:30:00;0.0
2025-08-08 05:45:00;0.0
2025-08-08 06:00:00;0.0
2025-08-08 06:15:00;0.0
2025-08-08 06:30:00;0.0
2025-08-08 06:45:00;0.06869999999999998
2025-08-08 07:00:00;1.8334000000000001
2025-08-08 07:15:00;3.2328
2025-08-08 07:30:00;4.365399999999999
2025-08-08 07:45:00;6.1873000000000005
2025-08-08 08:00:00;8.5536
2025-08-08 08:15:00;9.5633
2025-08-08 08:30:00;11.1297
2025-08-08 08:45:00;12.510200000000001
2025-08-08 09:00:00;11.681500000000002
2025-08-08 09:15:00;12.6869
2025-08-08 09:30:00;14.1336
2025-08-08 09:45:00;15.2382
2025-08-08 10:00:00;18.009
2025-08-08 10:15:00;18.793400000000002
2025-08-08 10:30:00;20.5136
2025-08-08 10:45:00;21.1727
2025-08-08 11:00:00;24.538500000000003
2025-08-08 11:15:00;26.3065
2025-08-08 11:30:00;25.9671
2025-08-08 11:45:00;26.4009
2025-08-08 12:00:00;22.721799999999998
2025-08-08 12:15:00;22.510199999999998
2025-08-08 12:30:00;24.7211
2025-08-08 12:45:00;24.1571
2025-08-08 13:00:00;24.7398
2025-08-08 13:15:00;26.2779
2025-08-08 13:30:00;27.405499999999996
2025-08-08 13:45:00;26.2629
2025-08-08 14:00:00;19.3361
2025-08-08 14:15:00;19.057000000000002
2025-08-08 14:30:00;17.8712
2025-08-08 14:45:00;17.7191
2025-08-08 15:00:00;27.4872
2025-08-08 15:15:00;27.9236
2025-08-08 15:30:00;26.946800000000003
2025-08-08 15:45:00;25.734199999999998
2025-08-08 16:00:00;25.1511
2025-08-08 16:15:00;26.2275
2025-08-08 16:30:00;23.685399999999998
2025-08-08 16:45:00;22.709300000000002
2025-08-08 17:00:00;8.2006
2025-08-08 17:15:00;7.7318999999999996
2025-08-08 17:30:00;7.2405
2025-08-08 17:45:00;6.9269
2025-08-08 18:00:00;13.6822
2025-08-08 18:15:00;13.2095
2025-08-08 18:30:00;12.1052
2025-08-08 18:45:00;10.540799999999999
2025-08-08 19:00:00;6.6254
2025-08-08 19:15:00;6.1508
2025-08-08 19:30:00;4.9427
2025-08-08 19:45:00;4.1513
2025-08-08 20:00:00;6.2611
2025-08-08 20:15:00;4.0184
2025-08-08 20:30:00;2.3357
2025-08-08 20:45:00;0.7629999999999999
2025-08-08 21:00:00;0.0
2025-08-08 21:15:00;0.0
2025-08-08 21:30:00;0.0
2025-08-08 21:45:00;0.0
2025-08-08 22:00:00;0.0
2025-08-08 22:15:00;0.0
2025-08-08 22:30:00;0.0
2025-08-08 22:45:00;0.0
2025-08-08 23:00:00;0.0
2025-08-08 23:15:00;0.0
2025-08-08 23:30:00;0.0
2025-08-08 23:45:00;0.0
2025-08-09 00:00:00;0.0
2025-08-09 00:15:00;0.0
2025-08-09 00:30:00;0.0
2025-08-09 00:45:00;0.0
2025-08-09 01:00:00;0.0
2025-08-09 01:15:00;0.0
2025-08-09 01:30:00;0.0
2025-08-09 01:45:00;0.0
2025-08-09 02:00:00;0.0
2025-08-09 02:15:00;0.0
2025-08-09 02:30:00;0.0
2025-08-09 02:45:00;0.0
2025-08-09 03:00:00;0.0
2025-08-09 03:15:00;0.0
2025-08-09 03:30:00;0.0
2025-08-09 03:45:00;0.0
2025-08-09 04:00:00;0.0
2025-08-09 04:15:00;0.0
2025-08-09 04:30:00;0.0
2025-08-09 04:45:00;0.0
2025-08-09 05:00:00;0.0
2025-08-09 05:15:00;0.0
2025-08-09 05:30:00;0.0
2025-08-09 05:45:00;0.0
2025-08-09 06:00:00;0.0
2025-08-09 06:15:00;0.0
2025-08-09 06:30:00;0.0
2025-08-09 06:45:00;0.0
2025-08-09 07:00:00;0.2771
2025-08-09 07:15:00;0.7931
2025-08-09 07:30:00;1.2506000000000002
2025-08-09 07:45:00;1.7523999999999997
2025-08-09 08:00:00;2.8152
2025-08-09 08:15:00;3.4577
2025-08-09 08:30:00;4.0553
2025-08-09 08:45:00;4.5739
2025-08-09 09:00:00;5.127800000000001
2025-08-09 09:15:00;5.7439
2025-08-09 09:30:00;5.8481000000000005
2025-08-09 09:45:00;6.2884
2025-08-09 10:00:00;6.8847
2025-08-09 10:15:00;7.1731
2025-08-09 10:30:00;7.8876
2025-08-09 10:45:00;8.0284
2025-08-09 11:00:00;9.006599999999999
2025-08-09 11:15:00;8.884400000000001
2025-08-09 11:30:00;9.5697
2025-08-09 11:45:00;9.4287
2025-08-09 12:00:00;9.467
2025-08-09 12:15:00;9.0421
2025-08-09 12:30:00;9.668
2025-08-09 12:45:00;9.4538
2025-08-09 13:00:00;10.167399999999999
2025-08-09 13:15:00;10.084900000000001
2025-08-09 13:30:00;10.5299
2025-08-09 13:45:00;10.5078
2025-08-09 14:00:00;10.9723
2025-08-09 14:15:00;11.445500000000001
2025-08-09 14:30:00;11.1539
2025-08-09 14:45:00;10.544500000000001
2025-08-09 15:00:00;10.300699999999999
2025-08-09 15:15:00;9.6195
2025-08-09 15:30:00;9.7607
2025-08-09 15:45:00;9.342
2025-08-09 16:00:00;8.9115
2025-08-09 16:15:00;8.5549
2025-08-09 16:30:00;8.3529
2025-08-09 16:45:00;7.8958
2025-08-09 17:00:00;7.5055000000000005
2025-08-09 17:15:00;6.7274
2025-08-09 17:30:00;6.3369
2025-08-09 17:45:00;6.2871999999999995
2025-08-09 18:00:00;4.9276
2025-08-09 18:15:00;4.9918
2025-08-09 18:30:00;4.257199999999999
2025-08-09 18:45:00;4.0465
2025-08-09 19:00:00;4.225
2025-08-09 19:15:00;3.2543000000000006
2025-08-09 19:30:00;2.7655
2025-08-09 19:45:00;2.2416
2025-08-09 20:00:00;1.6583
2025-08-09 20:15:00;1.0110000000000001
2025-08-09 20:30:00;0.2662
2025-08-09 20:45:00;0.0
2025-08-09 21:00:00;0.0
2025-08-09 21:15:00;0.0
2025-08-09 21:30:00;0.0
2025-08-09 21:45:00;0.0
2025-08-09 22:00:00;0.0
2025-08-09 22:15:00;0.0
2025-08-09 22:30:00;0.0
2025-08-09 22:45:00;0.0
2025-08-09 23:00:00;0.0
2025-08-09 23:15:00;0.0
2025-08-09 23:30:00;0.0
2025-08-09 23:45:00;0.0
2025-08-10 00:00:00;0.0
2025-08-10 00:15:00;0.0
2025-08-10 00:30:00;0.0
2025-08-10 00:45:00;0.0
2025-08-10 01:00:00;0.0
2025-08-10 01:15:00;0.0
2025-08-10 01:30:00;0.0
2025-08-10 01:45:00;0.0
2025-08-10 02:00:00;0.0
2025-08-10 02:15:00;0.0
2025-08-10 02:30:00;0.0
2025-08-10 02:45:00;0.0
2025-08-10 03:00:00;0.0
2025-08-10 03:15:00;0.0
2025-08-10 03:30:00;0.0
2025-08-10 03:45:00;0.0
2025-08-10 04:00:00;0.0
2025-08-10 04:15:00;0.0
2025-08-10 04:30:00;0.0
2025-08-10 04:45:00;0.0
2025-08-10 05:00:00;0.0
2025-08-10 05:15:00;0.0
2025-08-10 05:30:00;0.0
2025-08-10 05:45:00;0.0
2025-08-10 06:00:00;0.0
2025-08-10 06:15:00;0.0
2025-08-10 06:30:00;0.0
2025-08-10 06:45:00;1.5229
2025-08-10 07:00:00;3.6648
2025-08-10 07:15:00;5.5051
2025-08-10 07:30:00;7.5059000000000005
2025-08-10 07:45:00;9.8992
2025-08-10 08:00:00;12.5478
2025-08-10 08:15:00;15.6887
2025-08-10 08:30:00;16.552
2025-08-10 08:45:00;18.5938
2025-08-10 09:00:00;20.7756
2025-08-10 09:15:00;23.5214
2025-08-10 09:30:00;24.8917
2025-08-10 09:45:00;27.3028
2025-08-10 10:00:00;27.019199999999998
2025-08-10 10:15:00;29.2808
2025-08-10 10:30:00;30.191499999999998
2025-08-10 10:45:00;30.7217
2025-08-10 11:00:00;28.3872
2025-08-10 11:15:00;28.6144
2025-08-10 11:30:00;31.1524
2025-08-10 11:45:00;32.1549
2025-08-10 12:00:00;32.6977
2025-08-10 12:15:00;36.5317
2025-08-10 12:30:00;35.479400000000005
2025-08-10 12:45:00;34.1202
2025-08-10 13:00:00;36.6805
2025-08-10 13:15:00;36.7254
2025-08-10 13:30:00;36.6301
2025-08-10 13:45:00;36.6754
2025-08-10 14:00:00;36.7019
2025-08-10 14:15:00;36.7013
2025-08-10 14:30:00;36.6781
2025-08-10 14:45:00;36.6204
2025-08-10 15:00:00;34.902699999999996
2025-08-10 15:15:00;34.2843
2025-08-10 15:30:00;36.4013
2025-08-10 15:45:00;34.5203
2025-08-10 16:00:00;31.027299999999997
2025-08-10 16:15:00;31.322899999999997
2025-08-10 16:30:00;29.5022
2025-08-10 16:45:00;28.695999999999998
2025-08-10 17:00:00;31.9689
2025-08-10 17:15:00;30.8192
2025-08-10 17:30:00;27.545299999999997
2025-08-10 17:45:00;28.1765
2025-08-10 18:00:00;24.4158
2025-08-10 18:15:00;23.2463
2025-08-10 18:30:00;20.9822
2025-08-10 18:45:00;19.124699999999997
2025-08-10 19:00:00;18.6854
2025-08-10 19:15:00;15.810999999999998
2025-08-10 19:30:00;13.172600000000001
2025-08-10 19:45:00;10.8047
2025-08-10 20:00:00;7.938000000000001
2025-08-10 20:15:00;5.744700000000001
2025-08-10 20:30:00;3.6936
2025-08-10 20:45:00;1.1449000000000003
2025-08-10 21:00:00;0.0
2025-08-10 21:15:00;0.0
2025-08-10 21:30:00;0.0
2025-08-10 21:45:00;0.0
2025-08-10 22:00:00;0.0
2025-08-10 22:15:00;0.0
2025-08-10 22:30:00;0.0
2025-08-10 22:45:00;0.0
2025-08-10 23:00:00;0.0
2025-08-10 23:15:00;0.0
2025-08-10 23:30:00;0.0
2025-08-10 23:45:00;0.0
2025-08-11 00:00:00;0.0
2025-08-11 00:15:00;0.0
2025-08-11 00:30:00;0.0
2025-08-11 00:45:00;0.0
2025-08-11 01:00:00;0.0
2025-08-11 01:15:00;0.0
2025-08-11 01:30:00;0.0
2025-08-11 01:45:00;0.0
2025-08-11 02:00:00;0.0
2025-08-11 02:15:00;0.0
2025-08-11 02:30:00;0.0
2025-08-11 02:45:00;0.0
2025-08-11 03:00:00;0.0
2025-08-11 03:15:00;0.0
2025-08-11 03:30:00;0.0
2025-08-11 03:45:00;0.0
2025-08-11 04:00:00;0.0
2025-08-11 04:15:00;0.0
2025-08-11 04:30:00;0.0
2025-08-11 04:45:00;0.0
2025-08-11 05:00:00;0.0
2025-08-11 05:15:00;0.0
2025-08-11 05:30:00;0.0
2025-08-11 05:45:00;0.0
2025-08-11 06:00:00;0.0
2025-08-11 06:15:00;0.0
2025-08-11 06:30:00;0.0
2025-08-11 06:45:00;0.7994
2025-08-11 07:00:00;1.9638
2025-08-11 07:15:00;3.3602
2025-08-11 07:30:00;4.7127
2025-08-11 07:45:00;6.4407
2025-08-11 08:00:00;7.5783000000000005
2025-08-11 08:15:00;9.0572
2025-08-11 08:30:00;10.6713
2025-08-11 08:45:00;11.2494
2025-08-11 09:00:00;15.218
2025-08-11 09:15:00;16.709
2025-08-11 09:30:00;17.5543
2025-08-11 09:45:00;19.414900000000003
2025-08-11 10:00:00;16.9921
2025-08-11 10:15:00;18.6285
2025-08-11 10:30:00;19.3884
2025-08-11 10:45:00;20.2811
2025-08-11 11:00:00;20.6051
2025-08-11 11:15:00;22.0289
2025-08-11 11:30:00;22.9387
2025-08-11 11:45:00;23.044999999999998
2025-08-11 12:00:00;28.7181
2025-08-11 12:15:00;28.4308
2025-08-11 12:30:00;27.347800000000003
2025-08-11 12:45:00;27.4272
2025-08-11 13:00:00;29.2513
2025-08-11 13:15:00;28.836199999999998
2025-08-11 13:30:00;28.8344
2025-08-11 13:45:00;28.890500000000003
2025-08-11 14:00:00;27.3673
2025-08-11 14:15:00;28.7607
2025-08-11 14:30:00;29.7221
2025-08-11 14:45:00;26.701900000000002
2025-08-11 15:00:00;22.9613
2025-08-11 15:15:00;22.0872
2025-08-11 15:30:00;23.1659
2025-08-11 15:45:00;20.875
2025-08-11 16:00:00;23.0768
2025-08-11 16:15:00;22.407700000000002
2025-08-11 16:30:00;20.415
2025-08-11 16:45:00;20.238200000000003
2025-08-11 17:00:00;11.8515
2025-08-11 17:15:00;10.9813
2025-08-11 17:30:00;10.6804
2025-08-11 17:45:00;10.199499999999999
2025-08-11 18:00:00;15.256
2025-08-11 18:15:00;13.9256
2025-08-11 18:30:00;12.6517
2025-08-11 18:45:00;11.2754
2025-08-11 19:00:00;4.3586
2025-08-11 19:15:00;3.8402000000000003
2025-08-11 19:30:00;3.2174
2025-08-11 19:45:00;2.4798
2025-08-11 20:00:00;5.6331999999999995
2025-08-11 20:15:00;3.7375
2025-08-11 20:30:00;2.5319
2025-08-11 20:45:00;0.6575
2025-08-11 21:00:00;0.0
2025-08-11 21:15:00;0.0
2025-08-11 21:30:00;0.0
2025-08-11 21:45:00;0.0
2025-08-11 22:00:00;0.0
2025-08-11 22:15:00;0.0
2025-08-11 22:30:00;0.0
2025-08-11 22:45:00;0.0
2025-08-11 23:00:00;0.0
2025-08-11 23:15:00;0.0
2025-08-11 23:30:00;0.0
2025-08-11 23:45:00;0.0
2025-08-12 00:00:00;0.0
2025-08-12 00:15:00;0.0
2025-08-12 00:30:00;0.0
2025-08-12 00:45:00;0.0
2025-08-12 01:00:00;0.0
2025-08-12 01:15:00;0.0
2025-08-12 01:30:00;0.0
2025-08-12 01:45:00;0.0
2025-08-12 02:00:00;0.0
2025-08-12 02:15:00;0.0
2025-08-12 02:30:00;0.0
2025-08-12 02:45:00;0.0
2025-08-12 03:00:00;0.0
2025-08-12 03:15:00;0.0
2025-08-12 03:30:00;0.0
2025-08-12 03:45:00;0.0
2025-08-12 04:00:00;0.0
2025-08-12 04:15:00;0.0
2025-08-12 04:30:00;0.0
2025-08-12 04:45:00;0.0
2025-08-12 05:00:00;0.0
2025-08-12 05:15:00;0.0
2025-08-12 05:30:00;0.0
2025-08-12 05:45:00;0.0
2025-08-12 06:00:00;0.0
2025-08-12 06:15:00;0.0
2025-08-12 06:30:00;0.0
2025-08-12 06:45:00;0.5933
2025-08-12 07:00:00;1.0125
2025-08-12 07:15:00;1.9795000000000003
2025-08-12 07:30:00;2.7887
2025-08-12 07:45:00;4.027699999999999
2025-08-12 08:00:00;7.993900000000001
2025-08-12 08:15:00;8.728
2025-08-12 08:30:00;9.8289
2025-08-12 08:45:00;11.7111
2025-08-12 09:00:00;15.943099999999998
2025-08-12 09:15:00;16.8874
2025-08-12 09:30:00;17.9985
2025-08-12 09:45:00;18.997700000000002
2025-08-12 10:00:00;17.7159
2025-08-12 10:15:00;20.0978
2025-08-12 10:30:00;19.7719
2025-08-12 10:45:00;20.9218
2025-08-12 11:00:00;23.342399999999998
2025-08-12 11:15:00;24.561
2025-08-12 11:30:00;26.1674
2025-08-12 11:45:00;25.018900000000002
2025-08-12 12:00:00;23.5959
2025-08-12 12:15:00;22.7093
2025-08-12 12:30:00;24.047700000000003
2025-08-12 12:45:00;25.7281
2025-08-12 13:00:00;27.5945
2025-08-12 13:15:00;26.8837
2025-08-12 13:30:00;26.848399999999998
2025-08-12 13:45:00;28.5801
2025-08-12 14:00:00;24.543300000000002
2025-08-12 14:15:00;24.2896
2025-08-12 14:30:00;25.1477
2025-08-12 14:45:00;24.047900000000002
2025-08-12 15:00:00;29.3956
2025-08-12 15:15:00;30.4555
2025-08-12 15:30:00;29.3455
2025-08-12 15:45:00;26.326800000000002
2025-08-12 16:00:00;24.663999999999998
2025-08-12 16:15:00;24.9052
2025-08-12 16:30:00;24.489900000000002
2025-08-12 16:45:00;22.062
2025-08-12 17:00:00;20.543499999999998
2025-08-12 17:15:00;19.6112
2025-08-12 17:30:00;18.4547
2025-08-12 17:45:00;16.958
2025-08-12 18:00:00;11.5557
2025-08-12 18:15:00;11.485100000000001
2025-08-12 18:30:00;9.889199999999999
2025-08-12 18:45:00;8.685
2025-08-12 19:00:00;4.667199999999999
2025-08-12 19:15:00;3.9232
2025-08-12 19:30:00;3.0889999999999995
2025-08-12 19:45:00;2.5443
2025-08-12 20:00:00;5.7063
2025-08-12 20:15:00;4.0454
2025-08-12 20:30:00;2.0881
2025-08-12 20:45:00;0.6577999999999999
2025-08-12 21:00:00;0.0
2025-08-12 21:15:00;0.0
2025-08-12 21:30:00;0.0
2025-08-12 21:45:00;0.0
2025-08-12 22:00:00;0.0
2025-08-12 22:15:00;0.0
2025-08-12 22:30:00;0.0
2025-08-12 22:45:00;0.0
2025-08-12 23:00:00;0.0
2025-08-12 23:15:00;0.0
2025-08-12 23:30:00;0.0
2025-08-12 23:45:00;0.0
2025-08-13 00:00:00;0.0
2025-08-13 00:15:00;0.0
2025-08-13 00:30:00;0.0
2025-08-13 00:45:00;0.0
2025-08-13 01:00:00;0.0
2025-08-13 01:15:00;0.0
2025-08-13 01:30:00;0.0
2025-08-13 01:45:00;0.0
2025-08-13 02:00:00;0.0
2025-08-13 02:15:00;0.0
2025-08-13 02:30:00;0.0
2025-08-13 02:45:00;0.0
2025-08-13 03:00:00;0.0
2025-08-13 03:15:00;0.0
2025-08-13 03:30:00;0.0
2025-08-13 03:45:00;0.0
2025-08-13 04:00:00;0.0
2025-08-13 04:15:00;0.0
2025-08-13 04:30:00;0.0
2025-08-13 04:45:00;0.0
2025-08-13 05:00:00;0.0
2025-08-13 05:15:00;0.0
2025-08-13 05:30:00;0.0
2025-08-13 05:45:00;0.0
2025-08-13 06:00:00;0.0
2025-08-13 06:15:00;0.0
2025-08-13 06:30:00;0.0
2025-08-13 06:45:00;0.0
2025-08-13 07:00:00;0.3288
2025-08-13 07:15:00;1.0258
2025-08-13 07:30:00;1.7168999999999999
2025-08-13 07:45:00;2.0757000000000003
2025-08-13 08:00:00;2.9729
2025-08-13 08:15:00;3.7190000000000003
2025-08-13 08:30:00;4.5799
2025-08-13 08:45:00;4.9619
2025-08-13 09:00:00;4.7096
2025-08-13 09:15:00;5.4142
2025-08-13 09:30:00;5.6865
2025-08-13 09:45:00;5.9952000000000005
2025-08-13 10:00:00;6.911
2025-08-13 10:15:00;6.950699999999999
2025-08-13 10:30:00;7.469000000000001
2025-08-13 10:45:00;7.7691
2025-08-13 11:00:00;9.4332
2025-08-13 11:15:00;9.5815
2025-08-13 11:30:00;10.0144
2025-08-13 11:45:00;10.242
2025-08-13 12:00:00;8.4901
2025-08-13 12:15:00;9.4418
2025-08-13 12:30:00;8.8449
2025-08-13 12:45:00;9.377799999999999
2025-08-13 13:00:00;9.5042
2025-08-13 13:15:00;9.9681
2025-08-13 13:30:00;9.7841
2025-08-13 13:45:00;9.6393
2025-08-13 14:00:00;10.5609
2025-08-13 14:15:00;10.3061
2025-08-13 14:30:00;10.305
2025-08-13 14:45:00;10.6354
2025-08-13 15:00:00;8.6298
2025-08-13 15:15:00;9.568999999999999
2025-08-13 15:30:00;9.0921
2025-08-13 15:45:00;8.637500000000001
2025-08-13 16:00:00;9.2142
2025-08-13 16:15:00;9.0
2025-08-13 16:30:00;8.547799999999999
2025-08-13 16:45:00;8.0134
2025-08-13 17:00:00;7.303000000000001
2025-08-13 17:15:00;6.7360999999999995
2025-08-13 17:30:00;6.3112
2025-08-13 17:45:00;5.8144
2025-08-13 18:00:00;4.484999999999999
2025-08-13 18:15:00;4.337899999999999
2025-08-13 18:30:00;3.9223
2025-08-13 18:45:00;3.535
2025-08-13 19:00:00;3.2841000000000005
2025-08-13 19:15:00;2.7676
2025-08-13 19:30:00;2.0947999999999998
2025-08-13 19:45:00;1.6787999999999998
2025-08-13 20:00:00;1.1384000000000003
2025-08-13 20:15:00;0.669
2025-08-13 20:30:00;0.0026000000000001577
2025-08-13 20:45:00;0.0
2025-08-13 21:00:00;0.0
2025-08-13 21:15:00;0.0
2025-08-13 21:30:00;0.0
2025-08-13 21:45:00;0.0
2025-08-13 22:00:00;0.0
2025-08-13 22:15:00;0.0
2025-08-13 22:30:00;0.0
2025-08-13 22:45:00;0.0
2025-08-13 23:00:00;0.0
2025-08-13 23:15:00;0.0
2025-08-13 23:30:00;0.0
2025-08-13 23:45:00;0.0
2025-08-14 00:00:00;0.0
2025-08-14 00:15:00;0.0
2025-08-14 00:30:00;0.0
2025-08-14 00:45:00;0.0
2025-08-14 01:00:00;0.0
2025-08-14 01:15:00;0.0
2025-08-14 01:30:00;0.0
2025-08-14 01:45:00;0.0
2025-08-14 02:00:00;0.0
2025-08-14 02:15:00;0.0
2025-08-14 02:30:00;0.0
2025-08-14 02:45:00;0.0
2025-08-14 03:00:00;0.0
2025-08-14 03:15:00;0.0
2025-08-14 03:30:00;0.0
2025-08-14 03:45:00;0.0
2025-08-14 04:00:00;0.0
2025-08-14 04:15:00;0.0
2025-08-14 04:30:00;0.0
2025-08-14 04:45:00;0.0
2025-08-14 05:00:00;0.0
2025-08-14 05:15:00;0.0
2025-08-14 05:30:00;0.0
2025-08-14 05:45:00;0.0
2025-08-14 06:00:00;0.0
2025-08-14 06:15:00;0.0
2025-08-14 06:30:00;0.0
2025-08-14 06:45:00;1.4298000000000002
2025-08-14 07:00:00;4.188400000000001
2025-08-14 07:15:00;6.7808
2025-08-14 07:30:00;9.3841
2025-08-14 07:45:00;11.882399999999999
2025-08-14 08:00:00;11.2606
2025-08-14 08:15:00;13.342699999999999
2025-08-14 08:30:00;14.603
2025-08-14 08:45:00;16.595000000000002
2025-08-14 09:00:00;25.0842
2025-08-14 09:15:00;25.0976
2025-08-14 09:30:00;28.9307
2025-08-14 09:45:00;31.2241
2025-08-14 10:00:00;28.7553
2025-08-14 10:15:00;28.1587
2025-08-14 10:30:00;30.0007
2025-08-14 10:45:00;32.3876
2025-08-14 11:00:00;33.053399999999996
2025-08-14 11:15:00;34.575599999999994
2025-08-14 11:30:00;33.1306
2025-08-14 11:45:00;36.5949
2025-08-14 12:00:00;33.040400000000005
2025-08-14 12:15:00;32.0707
2025-08-14 12:30:00;33.1909
2025-08-14 12:45:00;33.6236
2025-08-14 13:00:00;36.5918
2025-08-14 13:15:00;36.6308
2025-08-14 13:30:00;36.6068
2025-08-14 13:45:00;36.588
2025-08-14 14:00:00;36.671499999999995
2025-08-14 14:15:00;36.580299999999994
2025-08-14 14:30:00;36.6458
2025-08-14 14:45:00;36.512299999999996
2025-08-14 15:00:00;36.6172
2025-08-14 15:15:00;36.5779
2025-08-14 15:30:00;36.6041
2025-08-14 15:45:00;36.538999999999994
2025-08-14 16:00:00;35.5543
2025-08-14 16:15:00;33.3344
2025-08-14 16:30:00;34.1649
2025-08-14 16:45:00;32.4886
2025-08-14 17:00:00;33.879799999999996
2025-08-14 17:15:00;32.1855
2025-08-14 17:30:00;30.143500000000003
2025-08-14 17:45:00;27.2731
2025-08-14 18:00:00;27.284000000000002
2025-08-14 18:15:00;23.9618
2025-08-14 18:30:00;21.1944
2025-08-14 18:45:00;19.8461
2025-08-14 19:00:00;15.578
2025-08-14 19:15:00;14.0063
2025-08-14 19:30:00;12.4879
2025-08-14 19:45:00;10.092600000000001
2025-08-14 20:00:00;8.564
2025-08-14 20:15:00;6.0357
2025-08-14 20:30:00;3.8340999999999994
2025-08-14 20:45:00;1.2936999999999999
2025-08-14 21:00:00;0.0
2025-08-14 21:15:00;0.0
2025-08-14 21:30:00;0.0
2025-08-14 21:45:00;0.0
2025-08-14 22:00:00;0.0
2025-08-14 22:15:00;0.0
2025-08-14 22:30:00;0.0
2025-08-14 22:45:00;0.0
2025-08-14 23:00:00;0.0
2025-08-14 23:15:00;0.0
2025-08-14 23:30:00;0.0
2025-08-14 23:45:00;0.0
2025-08-15 00:00:00;0.0
2025-08-15 00:15:00;0.0
2025-08-15 00:30:00;0.0
2025-08-15 00:45:00;0.0
2025-08-15 01:00:00;0.0
2025-08-15 01:15:00;0.0
2025-08-15 01:30:00;0.0
2025-08-15 01:45:00;0.0
2025-08-15 02:00:00;0.0
2025-08-15 02:15:00;0.0
2025-08-15 02:30:00;0.0
2025-08-15 02:45:00;0.0
2025-08-15 03:00:00;0.0
2025-08-15 03:15:00;0.0
2025-08-15 03:30:00;0.0
2025-08-15 03:45:00;0.0
2025-08-15 04:00:00;0.0
2025-08-15 04:15:00;0.0
2025-08-15 04:30:00;0.0
2025-08-15 04:45:00;0.0
2025-08-15 05:00:00;0.0
2025-08-15 05:15:00;0.0
2025-08-15 05:30:00;0.0
2025-08-15 05:45:00;0.0
2025-08-15 06:00:00;0.0
2025-08-15 06:15:00;0.0
2025-08-15 06:30:00;0.0
2025-08-15 06:45:00;1.3479999999999999
2025-08-15 07:00:00;3.9836
2025-08-15 07:15:00;6.6941
2025-08-15 07:30:00;9.0339
2025-08-15 07:45:00;11.6182
2025-08-15 08:00:00;13.0929
2025-08-15 08:15:00;16.291
2025-08-15 08:30:00;18.009999999999998
2025-08-15 08:45:00;19.7497
2025-08-15 09:00:00;20.382
2025-08-15 09:15:00;20.6457
2025-08-15 09:30:00;23.5845
2025-08-15 09:45:00;25.3436
2025-08-15 10:00:00;32.100699999999996
2025-08-15 10:15:00;33.529599999999995
2025-08-15 10:30:00;36.5919
2025-08-15 10:45:00;35.9887
2025-08-15 11:00:00;31.4227
2025-08-15 11:15:00;34.5316
2025-08-15 11:30:00;32.958400000000005
2025-08-15 11:45:00;35.8219
2025-08-15 12:00:00;36.5547
2025-08-15 12:15:00;35.119800000000005
2025-08-15 12:30:00;35.8054
2025-08-15 12:45:00;34.8031
2025-08-15 13:00:00;36.5223
2025-08-15 13:15:00;36.6252
2025-08-15 13:30:00;36.5442
2025-08-15 13:45:00;36.5678
2025-08-15 14:00:00;36.5748
2025-08-15 14:15:00;36.641000000000005
2025-08-15 14:30:00;36.5683
2025-08-15 14:45:00;36.5924
2025-08-15 15:00:00;36.507400000000004
2025-08-15 15:15:00;36.567099999999996
2025-08-15 15:30:00;36.5492
2025-08-15 15:45:00;36.5192
2025-08-15 16:00:00;36.5512
2025-08-15 16:15:00;36.519
2025-08-15 16:30:00;36.571799999999996
2025-08-15 16:45:00;35.5061
2025-08-15 17:00:00;30.609
2025-08-15 17:15:00;29.9505
2025-08-15 17:30:00;28.3245
2025-08-15 17:45:00;27.0743
2025-08-15 18:00:00;24.6065
2025-08-15 18:15:00;22.7762
2025-08-15 18:30:00;21.2336
2025-08-15 18:45:00;17.7862
2025-08-15 19:00:00;12.8889
2025-08-15 19:15:00;11.6128
2025-08-15 19:30:00;10.2363
2025-08-15 19:45:00;8.2417
2025-08-15 20:00:00;8.185400000000001
2025-08-15 20:15:00;5.817
2025-08-15 20:30:00;3.4019
2025-08-15 20:45:00;1.2335999999999998
2025-08-15 21:00:00;0.0
2025-08-15 21:15:00;0.0
2025-08-15 21:30:00;0.0
2025-08-15 21:45:00;0.0
2025-08-15 22:00:00;0.0
2025-08-15 22:15:00;0.0
2025-08-15 22:30:00;0.0
2025-08-15 22:45:00;0.0
2025-08-15 23:00:00;0.0
2025-08-15 23:15:00;0.0
2025-08-15 23:30:00;0.0
2025-08-15 23:45:00;0.0
2025-08-16 00:00:00;0.0
2025-08-16 00:15:00;0.0
2025-08-16 00:30:00;0.0
2025-08-16 00:45:00;0.0
2025-08-16 01:00:00;0.0
2025-08-16 01:15:00;0.0
2025-08-16 01:30:00;0.0
2025-08-16 01:45:00;0.0
2025-08-16 02:00:00;0.0
2025-08-16 02:15:00;0.0
2025-08-16 02:30:00;0.0
2025-08-16 02:45:00;0.0
2025-08-16 03:00:00;0.0
2025-08-16 03:15:00;0.0
2025-08-16 03:30:00;0.0
2025-08-16 03:45:00;0.0
2025-08-16 04:00:00;0.0
2025-08-16 04:15:00;0.0
2025-08-16 04:30:00;0.0
2025-08-16 04:45:00;0.0
2025-08-16 05:00:00;0.0
2025-08-16 05:15:00;0.0
2025-08-16 05:30:00;0.0
2025-08-16 05:45:00;0.0
2025-08-16 06:00:00;0.0
2025-08-16 06:15:00;0.0
2025-08-16 06:30:00;0.0
2025-08-16 06:45:00;0.6488999999999999
2025-08-16 07:00:00;2.0690999999999997
2025-08-16 07:15:00;3.3091999999999997
2025-08-16 07:30:00;4.7265
2025-08-16 07:45:00;6.6726
2025-08-16 08:00:00;5.8915999999999995
2025-08-16 08:15:00;6.8988000000000005
2025-08-16 08:30:00;7.8294999999999995
2025-08-16 08:45:00;8.5526
2025-08-16 09:00:00;13.4695
2025-08-16 09:15:00;14.4831
2025-08-16 09:30:00;17.0093
2025-08-16 09:45:00;17.4215
2025-08-16 10:00:00;20.1601
2025-08-16 10:15:00;21.5984
2025-08-16 10:30:00;21.0821
2025-08-16 10:45:00;25.2155
2025-08-16 11:00:00;14.5668
2025-08-16 11:15:00;15.4591
2025-08-16 11:30:00;15.0134
2025-08-16 11:45:00;15.5286
2025-08-16 12:00:00;28.1371
2025-08-16 12:15:00;29.2419
2025-08-16 12:30:00;30.7867
2025-08-16 12:45:00;31.0319
2025-08-16 13:00:00;27.8945
2025-08-16 13:15:00;27.3461
2025-08-16 13:30:00;26.3672
2025-08-16 13:45:00;27.0951
2025-08-16 14:00:00;30.4774
2025-08-16 14:15:00;30.8343
2025-08-16 14:30:00;31.1009
2025-08-16 14:45:00;29.8337
2025-08-16 15:00:00;11.9204
2025-08-16 15:15:00;11.587499999999999
2025-08-16 15:30:00;11.1122
2025-08-16 15:45:00;11.2226
2025-08-16 16:00:00;23.0855
2025-08-16 16:15:00;21.2605
2025-08-16 16:30:00;20.134800000000002
2025-08-16 16:45:00;19.8474
2025-08-16 17:00:00;14.6536
2025-08-16 17:15:00;13.242600000000001
2025-08-16 17:30:00;12.072199999999999
2025-08-16 17:45:00;11.994700000000002
2025-08-16 18:00:00;15.009900000000002
2025-08-16 18:15:00;13.283100000000001
2025-08-16 18:30:00;12.5606
2025-08-16 18:45:00;12.0501
2025-08-16 19:00:00;4.1787
2025-08-16 19:15:00;3.6611
2025-08-16 19:30:00;3.0162
2025-08-16 19:45:00;2.1296999999999997
2025-08-16 20:00:00;5.9839
2025-08-16 20:15:00;3.9509
2025-08-16 20:30:00;2.5044
2025-08-16 20:45:00;0.5800000000000001
2025-08-16 21:00:00;0.0
2025-08-16 21:15:00;0.0
2025-08-16 21:30:00;0.0
2025-08-16 21:45:00;0.0
2025-08-16 22:00:00;0.0
2025-08-16 22:15:00;0.0
2025-08-16 22:30:00;0.0
2025-08-16 22:45:00;0.0
2025-08-16 23:00:00;0.0
2025-08-16 23:15:00;0.0
2025-08-16 23:30:00;0.0
2025-08-16 23:45:00;0.0
2025-08-17 00:00:00;0.0
2025-08-17 00:15:00;0.0
2025-08-17 00:30:00;0.0
2025-08-17 00:45:00;0.0
2025-08-17 01:00:00;0.0
2025-08-17 01:15:00;0.0
2025-08-17 01:30:00;0.0
2025-08-17 01:45:00;0.0
2025-08-17 02:00:00;0.0
2025-08-17 02:15:00;0.0
2025-08-17 02:30:00;0.0
2025-08-17 02:45:00;0.0
2025-08-17 03:00:00;0.0
2025-08-17 03:15:00;0.0
2025-08-17 03:30:00;0.0
2025-08-17 03:45:00;0.0
2025-08-17 04:00:00;0.0
2025-08-17 04:15:00;0.0
2025-08-17 04:30:00;0.0
2025-08-17 04:45:00;0.0
2025-08-17 05:00:00;0.0
2025-08-17 05:15:00;0.0
2025-08-17 05:30:00;0.0
2025-08-17 05:45:00;0.0
2025-08-17 06:00:00;0.0
2025-08-17 06:15:00;0.0
2025-08-17 06:30:00;0.0
2025-08-17 06:45:00;0.0
2025-08-17 07:00:00;0.07000000000000006
2025-08-17 07:15:00;0.584
2025-08-17 07:30:00;1.0953
2025-08-17 07:45:00;1.6365
2025-08-17 08:00:00;2.8366
2025-08-17 08:15:00;3.0892999999999997
2025-08-17 08:30:00;4.239800000000001
2025-08-17 08:45:00;4.2462
2025-08-17 09:00:00;5.0743
2025-08-17 09:15:00;5.2992
2025-08-17 09:30:00;5.963800000000001
2025-08-17 09:45:00;5.9648
2025-08-17 10:00:00;7.6051
2025-08-17 10:15:00;8.407
2025-08-17 10:30:00;8.6523
2025-08-17 10:45:00;9.0512
2025-08-17 11:00:00;7.9389
2025-08-17 11:15:00;8.807
2025-08-17 11:30:00;8.7488
2025-08-17 11:45:00;8.7421
2025-08-17 12:00:00;9.745000000000001
2025-08-17 12:15:00;9.776900000000001
2025-08-17 12:30:00;10.4561
2025-08-17 12:45:00;10.3973
2025-08-17 13:00:00;8.7869
2025-08-17 13:15:00;9.3341
2025-08-17 13:30:00;9.0188
2025-08-17 13:45:00;8.844
2025-08-17 14:00:00;8.354899999999999
2025-08-17 14:15:00;8.7054
2025-08-17 14:30:00;8.4391
2025-08-17 14:45:00;8.3155
2025-08-17 15:00:00;10.4003
2025-08-17 15:15:00;9.7574
2025-08-17 15:30:00;10.2997
2025-08-17 15:45:00;9.4607
2025-08-17 16:00:00;9.170599999999999
2025-08-17 16:15:00;9.084900000000001
2025-08-17 16:30:00;8.908000000000001
2025-08-17 16:45:00;8.142199999999999
2025-08-17 17:00:00;7.728200000000001
2025-08-17 17:15:00;6.950699999999999
2025-08-17 17:30:00;6.585
2025-08-17 17:45:00;6.0495
2025-08-17 18:00:00;4.3279000000000005
2025-08-17 18:15:00;3.7742999999999993
2025-08-17 18:30:00;3.2291
2025-08-17 18:45:00;2.937
2025-08-17 19:00:00;3.8481999999999994
2025-08-17 19:15:00;3.1610000000000005
2025-08-17 19:30:00;2.6585
2025-08-17 19:45:00;2.1434
2025-08-17 20:00:00;1.3162
2025-08-17 20:15:00;0.8973000000000001
2025-08-17 20:30:00;0.1453000000000001
2025-08-17 20:45:00;0.0
2025-08-17 21:00:00;0.0
2025-08-17 21:15:00;0.0
2025-08-17 21:30:00;0.0
2025-08-17 21:45:00;0.0
2025-08-17 22:00:00;0.0
2025-08-17 22:15:00;0.0
2025-08-17 22:30:00;0.0
2025-08-17 22:45:00;0.0
2025-08-17 23:00:00;0.0
2025-08-17 23:15:00;0.0
2025-08-17 23:30:00;0.0
2025-08-17 23:45:00;0.0
2025-08-18 00:00:00;0.0
2025-08-18 00:15:00;0.0
2025-08-18 00:30:00;0.0
2025-08-18 00:45:00;0.0
2025-08-18 01:00:00;0.0
2025-08-18 01:15:00;0.0
2025-08-18 01:30:00;0.0
2025-08-18 01:45:00;0.0
2025-08-18 02:00:00;0.0
2025-08-18 02:15:00;0.0
2025-08-18 02:30:00;0.0
2025-08-18 02:45:00;0.0
2025-08-18 03:00:00;0.0
2025-08-18 03:15:00;0.0
2025-08-18 03:30:00;0.0
2025-08-18 03:45:00;0.0
2025-08-18 04:00:00;0.0
2025-08-18 04:15:00;0.0
2025-08-18 04:30:00;0.0
2025-08-18 04:45:00;0.0
2025-08-18 05:00:00;0.0
2025-08-18 05:15:00;0.0
2025-08-18 05:30:00;0.0
2025-08-18 05:45:00;0.0
2025-08-18 06:00:00;0.0
2025-08-18 06:15:00;0.0
2025-08-18 06:30:00;0.0
2025-08-18 06:45:00;1.4981
2025-08-18 07:00:00;3.1045
2025-08-18 07:15:00;4.8586
2025-08-18 07:30:00;7.2288
2025-08-18 07:45:00;9.4316
2025-08-18 08:00:00;13.8078
2025-08-18 08:15:00;16.6526
2025-08-18 08:30:00;17.487099999999998
2025-08-18 08:45:00;19.675700000000003
2025-08-18 09:00:00;22.0236
2025-08-18 09:15:00;24.6982
2025-08-18 09:30:00;24.8675
2025-08-18 09:45:00;26.615
2025-08-18 10:00:00;25.0834
2025-08-18 10:15:00;25.8708
2025-08-18 10:30:00;26.7581
2025-08-18 10:45:00;29.0915
2025-08-18 11:00:00;36.6351
2025-08-18 11:15:00;36.5886
2025-08-18 11:30:00;36.5665
2025-08-18 11:45:00;36.5794
2025-08-18 12:00:00;36.5952
2025-08-18 12:15:00;36.5372
2025-08-18 12:30:00;36.4841
2025-08-18 12:45:00;36.511799999999994
2025-08-18 13:00:00;36.546
2025-08-18 13:15:00;36.419599999999996
2025-08-18 13:30:00;35.9967
2025-08-18 13:45:00;36.5524
2025-08-18 14:00:00;36.5548
2025-08-18 14:15:00;36.582
2025-08-18 14:30:00;36.5618
2025-08-18 14:45:00;36.603300000000004
2025-08-18 15:00:00;36.541000000000004
2025-08-18 15:15:00;36.6
2025-08-18 15:30:00;36.6156
2025-08-18 15:45:00;36.541599999999995
2025-08-18 16:00:00;33.548100000000005
2025-08-18 16:15:00;33.3548
2025-08-18 16:30:00;31.0951
2025-08-18 16:45:00;32.6418
2025-08-18 17:00:00;29.6625
2025-08-18 17:15:00;28.715700000000002
2025-08-18 17:30:00;26.8415
2025-08-18 17:45:00;24.7776
2025-08-18 18:00:00;22.4796
2025-08-18 18:15:00;21.031799999999997
2025-08-18 18:30:00;18.9616
2025-08-18 18:45:00;16.9237
2025-08-18 19:00:00;14.054300000000001
2025-08-18 19:15:00;11.9848
2025-08-18 19:30:00;10.3044
2025-08-18 19:45:00;8.622499999999999
2025-08-18 20:00:00;7.2989
2025-08-18 20:15:00;5.4344
2025-08-18 20:30:00;2.8581
2025-08-18 20:45:00;0.9316999999999998
2025-08-18 21:00:00;0.0
2025-08-18 21:15:00;0.0
2025-08-18 21:30:00;0.0
2025-08-18 21:45:00;0.0
2025-08-18 22:00:00;0.0
2025-08-18 22:15:00;0.0
2025-08-18 22:30:00;0.0
2025-08-18 22:45:00;0.0
2025-08-18 23:00:00;0.0
2025-08-18 23:15:00;0.0
2025-08-18 23:30:00;0.0
2025-08-18 23:45:00;0.0
2025-08-19 00:00:00;0.0
2025-08-19 00:15:00;0.0
2025-08-19 00:30:00;0.0
2025-08-19 00:45:00;0.0
2025-08-19 01:00:00;0.0
2025-08-19 01:15:00;0.0
2025-08-19 01:30:00;0.0
2025-08-19 01:45:00;0.0
2025-08-19 02:00:00;0.0
2025-08-19 02:15:00;0.0
2025-08-19 02:30:00;0.0
2025-08-19 02:45:00;0.0
2025-08-19 03:00:00;0.0
2025-08-19 03:15:00;0.0
2025-08-19 03:30:00;0.0
2025-08-19 03:45:00;0.0
2025-08-19 04:00:00;0.0
2025-08-19 04:15:00;0.0
2025-08-19 04:30:00;0.0
2025-08-19 04:45:00;0.0
2025-08-19 05:00:00;0.0
2025-08-19 05:15:00;0.0
2025-08-19 05:30:00;0.0
2025-08-19 05:45:00;0.0
2025-08-19 06:00:00;0.0
2025-08-19 06:15:00;0.0
2025-08-19 06:30:00;0.0
2025-08-19 06:45:00;0.0
2025-08-19 07:00:00;0.1513
2025-08-19 07:15:00;0.9002999999999999
2025-08-19 07:30:00;1.4127
2025-08-19 07:45:00;1.9609
2025-08-19 08:00:00;2.8696
2025-08-19 08:15:00;3.2982000000000005
2025-08-19 08:30:00;4.0596
2025-08-19 08:45:00;4.5565999999999995
2025-08-19 09:00:00;4.9423
2025-08-19 09:15:00;5.4267
2025-08-19 09:30:00;5.930300000000001
2025-08-19 09:45:00;6.1364
2025-08-19 10:00:00;6.514799999999999
2025-08-19 10:15:00;6.8056
2025-08-19 10:30:00;7.2133
2025-08-19 10:45:00;7.6684
2025-08-19 11:00:00;7.5685
2025-08-19 11:15:00;8.1215
2025-08-19 11:30:00;8.6292
2025-08-19 11:45:00;8.800099999999999
2025-08-19 12:00:00;10.092300000000002
2025-08-19 12:15:00;10.1546
2025-08-19 12:30:00;10.513300000000001
2025-08-19 12:45:00;10.6262
2025-08-19 13:00:00;9.3456
2025-08-19 13:15:00;9.272
2025-08-19 13:30:00;9.545
2025-08-19 13:45:00;9.6362
2025-08-19 14:00:00;8.166
2025-08-19 14:15:00;7.964799999999999
2025-08-19 14:30:00;8.240499999999999
2025-08-19 14:45:00;8.2232
2025-08-19 15:00:00;9.200800000000001
2025-08-19 15:15:00;8.9955
2025-08-19 15:30:00;8.534600000000001
2025-08-19 15:45:00;8.7146
2025-08-19 16:00:00;8.4458
2025-08-19 16:15:00;8.0826
2025-08-19 16:30:00;8.014999999999999
2025-08-19 16:45:00;7.9825
2025-08-19 17:00:00;6.7542
2025-08-19 17:15:00;6.4767
2025-08-19 17:30:00;6.4454
2025-08-19 17:45:00;5.451
2025-08-19 18:00:00;5.769299999999999
2025-08-19 18:15:00;4.9769
2025-08-19 18:30:00;4.4399
2025-08-19 18:45:00;3.8647
2025-08-19 19:00:00;2.9592
2025-08-19 19:15:00;2.3682
2025-08-19 19:30:00;2.0181000000000004
2025-08-19 19:45:00;1.5352999999999999
2025-08-19 20:00:00;1.289
2025-08-19 20:15:00;0.5970000000000002
2025-08-19 20:30:00;0.08549999999999991
2025-08-19 20:45:00;0.0
2025-08-19 21:00:00;0.0
2025-08-19 21:15:00;0.0
2025-08-19 21:30:00;0.0
2025-08-19 21:45:00;0.0
2025-08-19 22:00:00;0.0
2025-08-19 22:15:00;0.0
2025-08-19 22:30:00;0.0
2025-08-19 22:45:00;0.0
2025-08-19 23:00:00;0.0
2025-08-19 23:15:00;0.0
2025-08-19 23:30:00;0.0
2025-08-19 23:45:00;0.0
2025-08-20 00:00:00;0.0
2025-08-20 00:15:00;0.0
2025-08-20 00:30:00;0.0
2025-08-20 00:45:00;0.0
2025-08-20 01:00:00;0.0
2025-08-20 01:15:00;0.0
2025-08-20 01:30:00;0.0
2025-08-20 01:45:00;0.0
2025-08-20 02:00:00;0.0
2025-08-20 02:15:00;0.0
2025-08-20 02:30:00;0.0
2025-08-20 02:45:00;0.0
2025-08-20 03:00:00;0.0
2025-08-20 03:15:00;0.0
2025-08-20 03:30:00;0.0
2025-08-20 03:45:00;0.0
2025-08-20 04:00:00;0.0
2025-08-20 04:15:00;0.0
2025-08-20 04:30:00;0.0
2025-08-20 04:45:00;0.0
2025-08-20 05:00:00;0.0
2025-08-20 05:15:00;0.0
2025-08-20 05:30:00;0.0
2025-08-20 05:45:00;0.0
2025-08-20 06:00:00;0.0
2025-08-20 06:15:00;0.0
2025-08-20 06:30:00;0.0
2025-08-20 06:45:00;0.7554
2025-08-20 07:00:00;1.9287
2025-08-20 07:15:00;3.4648999999999996
2025-08-20 07:30:00;5.032
2025-08-20 07:45:00;6.2908
2025-08-20 08:00:00;7.170800000000001
2025-08-20 08:15:00;8.7998
2025-08-20 08:30:00;9.8244
2025-08-20 08:45:00;10.9291
2025-08-20 09:00:00;14.0523
2025-08-20 09:15:00;15.582799999999999
2025-08-20 09:30:00;15.9989
2025-08-20 09:45:00;17.2896
2025-08-20 10:00:00;20.0956
2025-08-20 10:15:00;21.7273
2025-08-20 10:30:00;21.127899999999997
2025-08-20 10:45:00;22.340400000000002
2025-08-20 11:00:00;13.331999999999999
2025-08-20 11:15:00;13.175199999999998
2025-08-20 11:30:00;14.2403
2025-08-20 11:45:00;14.4786
2025-08-20 12:00:00;23.1092
2025-08-20 12:15:00;22.2525
2025-08-20 12:30:00;23.4042
2025-08-20 12:45:00;23.2312
2025-08-20 13:00:00;16.4002
2025-08-20 13:15:00;15.964500000000001
2025-08-20 13:30:00;17.3669
2025-08-20 13:45:00;17.5487
2025-08-20 14:00:00;11.3767
2025-08-20 14:15:00;11.9303
2025-08-20 14:30:00;10.611
2025-08-20 14:45:00;11.2653
2025-08-20 15:00:00;24.483999999999998
2025-08-20 15:15:00;25.493
2025-08-20 15:30:00;25.0115
2025-08-20 15:45:00;24.593600000000002
2025-08-20 16:00:00;21.7515
2025-08-20 16:15:00;21.7526
2025-08-20 16:30:00;18.7669
2025-08-20 16:45:00;20.2102
2025-08-20 17:00:00;19.7567
2025-08-20 17:15:00;18.230700000000002
2025-08-20 17:30:00;18.012900000000002
2025-08-20 17:45:00;16.7529
2025-08-20 18:00:00;14.9185
2025-08-20 18:15:00;13.4313
2025-08-20 18:30:00;12.89
2025-08-20 18:45:00;11.725200000000001
2025-08-20 19:00:00;5.1805
2025-08-20 19:15:00;4.9646
2025-08-20 19:30:00;3.4669
2025-08-20 19:45:00;2.9425
2025-08-20 20:00:00;3.9653000000000005
2025-08-20 20:15:00;2.7344
2025-08-20 20:30:00;1.5551
2025-08-20 20:45:00;0.3304
2025-08-20 21:00:00;0.0
2025-08-20 21:15:00;0.0
2025-08-20 21:30:00;0.0
2025-08-20 21:45:00;0.0
2025-08-20 22:00:00;0.0
2025-08-20 22:15:00;0.0
2025-08-20 22:30:00;0.0
2025-08-20 22:45:00;0.0
2025-08-20 23:00:00;0.0
2025-08-20 23:15:00;0.0
2025-08-20 23:30:00;0.0
2025-08-20 23:45:00;0.0
2025-08-21 00:00:00;0.0
2025-08-21 00:15:00;0.0
2025-08-21 00:30:00;0.0
2025-08-21 00:45:00;0.0
2025-08-21 01:00:00;0.0
2025-08-21 01:15:00;0.0
2025-08-21 01:30:00;0.0
2025-08-21 01:45:00;0.0
2025-08-21 02:00:00;0.0
2025-08-21 02:15:00;0.0
2025-08-21 02:30:00;0.0
2025-08-21 02:45:00;0.0
2025-08-21 03:00:00;0.0
2025-08-21 03:15:00;0.0
2025-08-21 03:30:00;0.0
2025-08-21 03:45:00;0.0
2025-08-21 04:00:00;0.0
2025-08-21 04:15:00;0.0
2025-08-21 04:30:00;0.0
2025-08-21 04:45:00;0.0
2025-08-21 05:00:00;0.0
2025-08-21 05:15:00;0.0
2025-08-21 05:30:00;0.0
2025-08-21 05:45:00;0.0
2025-08-21 06:00:00;0.0
2025-08-21 06:15:00;0.0
2025-08-21 06:30:00;0.0
2025-08-21 06:45:00;0.0
2025-08-21 07:00:00;0.28690000000000004
2025-08-21 07:15:00;0.7735000000000001
2025-08-21 07:30:00;1.2629000000000001
2025-08-21 07:45:00;1.9325
2025-08-21 08:00:00;1.9986000000000002
2025-08-21 08:15:00;2.3097
2025-08-21 08:30:00;2.9071000000000002
2025-08-21 08:45:00;3.1773000000000002
2025-08-21 09:00:00;5.243
2025-08-21 09:15:00;5.4899
2025-08-21 09:30:00;5.819800000000001
2025-08-21 09:45:00;6.1617
2025-08-21 10:00:00;5.4688
2025-08-21 10:15:00;5.6735
2025-08-21 10:30:00;6.167599999999999
2025-08-21 10:45:00;6.5383
2025-08-21 11:00:00;9.1159
2025-08-21 11:15:00;9.1327
2025-08-21 11:30:00;9.2996
2025-08-21 11:45:00;9.7631
2025-08-21 12:00:00;9.485000000000001
2025-08-21 12:15:00;9.132399999999999
2025-08-21 12:30:00;10.422
2025-08-21 12:45:00;10.585500000000001
2025-08-21 13:00:00;10.0854
2025-08-21 13:15:00;10.079699999999999
2025-08-21 13:30:00;9.8191
2025-08-21 13:45:00;9.9803
2025-08-21 14:00:00;10.1559
2025-08-21 14:15:00;9.4087
2025-08-21 14:30:00;9.9468
2025-08-21 14:45:00;9.6366
2025-08-21 15:00:00;8.273900000000001
2025-08-21 15:15:00;8.653599999999999
2025-08-21 15:30:00;8.7585
2025-08-21 15:45:00;8.4958
2025-08-21 16:00:00;8.816099999999999
2025-08-21 16:15:00;8.7302
2025-08-21 16:30:00;7.518600000000001
2025-08-21 16:45:00;7.8771
2025-08-21 17:00:00;6.0311
2025-08-21 17:15:00;5.8138000000000005
2025-08-21 17:30:00;5.4957
2025-08-21 17:45:00;5.1016
2025-08-21 18:00:00;5.0682
2025-08-21 18:15:00;4.7793
2025-08-21 18:30:00;4.4195
2025-08-21 18:45:00;3.9851
2025-08-21 19:00:00;3.8320999999999996
2025-08-21 19:15:00;2.8082000000000003
2025-08-21 19:30:00;2.3703000000000003
2025-08-21 19:45:00;1.5534
2025-08-21 20:00:00;1.5515999999999999
2025-08-21 20:15:00;0.7341
2025-08-21 20:30:00;0.14379999999999993
2025-08-21 20:45:00;0.0
2025-08-21 21:00:00;0.0
2025-08-21 21:15:00;0.0
2025-08-21 21:30:00;0.0
2025-08-21 21:45:00;0.0
2025-08-21 22:00:00;0.0
2025-08-21 22:15:00;0.0
2025-08-21 22:30:00;0.0
2025-08-21 22:45:00;0.0
2025-08-21 23:00:00;0.0
2025-08-21 23:15:00;0.0
2025-08-21 23:30:00;0.0
2025-08-21 23:45:00;0.0
2025-08-22 00:00:00;0.0
2025-08-22 00:15:00;0.0
2025-08-22 00:30:00;0.0
2025-08-22 00:45:00;0.0
2025-08-22 01:00:00;0.0
2025-08-22 01:15:00;0.0
2025-08-22 01:30:00;0.0
2025-08-22 01:45:00;0.0
2025-08-22 02:00:00;0.0
2025-08-22 02:15:00;0.0
2025-08-22 02:30:00;0.0
2025-08-22 02:45:00;0.0
2025-08-22 03:00:00;0.0
2025-08-22 03:15:00;0.0
2025-08-22 03:30:00;0.0
2025-08-22 03:45:00;0.0
2025-08-22 04:00:00;0.0
2025-08-22 04:15:00;0.0
2025-08-22 04:30:00;0.0
2025-08-22 04:45:00;0.0
2025-08-22 05:00:00;0.0
2025-08-22 05:15:00;0.0
2025-08-22 05:30:00;0.0
2025-08-22 05:45:00;0.0
2025-08-22 06:00:00;0.0
2025-08-22 06:15:00;0.0
2025-08-22 06:30:00;0.0
2025-08-22 06:45:00;0.0
2025-08-22 07:00:00;1.8452000000000002
2025-08-22 07:15:00;3.3798000000000004
2025-08-22 07:30:00;4.589700000000001
2025-08-22 07:45:00;6.029
2025-08-22 08:00:00;6.1331
2025-08-22 08:15:00;6.8394
2025-08-22 08:30:00;7.693099999999999
2025-08-22 08:45:00;8.914
2025-08-22 09:00:00;11.9932
2025-08-22 09:15:00;14.041699999999999
2025-08-22 09:30:00;13.443499999999998
2025-08-22 09:45:00;15.889
2025-08-22 10:00:00;23.705099999999998
2025-08-22 10:15:00;27.1688
2025-08-22 10:30:00;27.5992
2025-08-22 10:45:00;28.7469
2025-08-22 11:00:00;10.9801
2025-08-22 11:15:00;11.1727
2025-08-22 11:30:00;12.0171
2025-08-22 11:45:00;12.8363
2025-08-22 12:00:00;24.5167
2025-08-22 12:15:00;24.7637
2025-08-22 12:30:00;26.272000000000002
2025-08-22 12:45:00;25.717299999999998
2025-08-22 13:00:00;28.310499999999998
2025-08-22 13:15:00;28.3601
2025-08-22 13:30:00;29.9528
2025-08-22 13:45:00;29.8088
2025-08-22 14:00:00;12.0274
2025-08-22 14:15:00;12.2093
2025-08-22 14:30:00;12.3396
2025-08-22 14:45:00;11.9612
2025-08-22 15:00:00;18.571
2025-08-22 15:15:00;18.329
2025-08-22 15:30:00;18.405
2025-08-22 15:45:00;18.0263
2025-08-22 16:00:00;22.4308
2025-08-22 16:15:00;20.012500000000003
2025-08-22 16:30:00;19.0194
2025-08-22 16:45:00;18.4834
2025-08-22 17:00:00;13.610899999999999
2025-08-22 17:15:00;13.1906
2025-08-22 17:30:00;11.715200000000001
2025-08-22 17:45:00;11.1146
2025-08-22 18:00:00;18.3823
2025-08-22 18:15:00;15.5877
2025-08-22 18:30:00;15.3261
2025-08-22 18:45:00;12.7152
2025-08-22 19:00:00;12.631900000000002
2025-08-22 19:15:00;10.786200000000001
2025-08-22 19:30:00;9.008
2025-08-22 19:45:00;7.678300000000001
2025-08-22 20:00:00;4.971
2025-08-22 20:15:00;3.1364
2025-08-22 20:30:00;2.0525
2025-08-22 20:45:00;0.5773
2025-08-22 21:00:00;0.0
2025-08-22 21:15:00;0.0
2025-08-22 21:30:00;0.0
2025-08-22 21:45:00;0.0
2025-08-22 22:00:00;0.0
2025-08-22 22:15:00;0.0
2025-08-22 22:30:00;0.0
2025-08-22 22:45:00;0.0
2025-08-22 23:00:00;0.0
2025-08-22 23:15:00;0.0
2025-08-22 23:30:00;0.0
2025-08-22 23:45:00;0.0
2025-08-23 00:00:00;0.0
2025-08-23 00:15:00;0.0
2025-08-23 00:30:00;0.0
2025-08-23 00:45:00;0.0
2025-08-23 01:00:00;0.0
2025-08-23 01:15:00;0.0
2025-08-23 01:30:00;0.0
2025-08-23 01:45:00;0.0
2025-08-23 02:00:00;0.0
2025-08-23 02:15:00;0.0
2025-08-23 02:30:00;0.0
2025-08-23 02:45:00;0.0
2025-08-23 03:00:00;0.0
2025-08-23 03:15:00;0.0
2025-08-23 03:30:00;0.0
2025-08-23 03:45:00;0.0
2025-08-23 04:00:00;0.0
2025-08-23 04:15:00;0.0
2025-08-23 04:30:00;0.0
2025-08-23 04:45:00;0.0
2025-08-23 05:00:00;0.0
2025-08-23 05:15:00;0.0
2025-08-23 05:30:00;0.0
2025-08-23 05:45:00;0.0
2025-08-23 06:00:00;0.0
2025-08-23 06:15:00;0.0
2025-08-23 06:30:00;0.0
2025-08-23 06:45:00;1.763
2025-08-23 07:00:00;4.0423
2025-08-23 07:15:00;6.5543
2025-08-23 07:30:00;8.8872
2025-08-23 07:45:00;11.7613
2025-08-23 08:00:00;14.0295
2025-08-23 08:15:00;15.796100000000001
2025-08-23 08:30:00;18.7836
2025-08-23 08:45:00;21.3256
2025-08-23 09:00:00;25.457900000000002
2025-08-23 09:15:00;27.3782
2025-08-23 09:30:00;30.714499999999997
2025-08-23 09:45:00;30.7573
2025-08-23 10:00:00;30.2914
2025-08-23 10:15:00;32.2498
2025-08-23 10:30:00;33.9657
2025-08-23 10:45:00;34.9698
2025-08-23 11:00:00;36.6534
2025-08-23 11:15:00;36.612500000000004
2025-08-23 11:30:00;36.5698
2025-08-23 11:45:00;36.5721
2025-08-23 12:00:00;36.689499999999995
2025-08-23 12:15:00;36.5689
2025-08-23 12:30:00;36.5856
2025-08-23 12:45:00;36.5783
2025-08-23 13:00:00;36.5957
2025-08-23 13:15:00;36.6881
2025-08-23 13:30:00;36.6114
2025-08-23 13:45:00;36.623000000000005
2025-08-23 14:00:00;36.63440000000001
2025-08-23 14:15:00;36.7118
2025-08-23 14:30:00;36.630100000000006
2025-08-23 14:45:00;35.727399999999996
2025-08-23 15:00:00;36.5633
2025-08-23 15:15:00;36.5441
2025-08-23 15:30:00;36.6554
2025-08-23 15:45:00;36.6177
2025-08-23 16:00:00;36.5742
2025-08-23 16:15:00;36.534200000000006
2025-08-23 16:30:00;35.2296
2025-08-23 16:45:00;34.677099999999996
2025-08-23 17:00:00;29.1569
2025-08-23 17:15:00;26.758799999999997
2025-08-23 17:30:00;25.8533
2025-08-23 17:45:00;25.1697
2025-08-23 18:00:00;26.1218
2025-08-23 18:15:00;24.1239
2025-08-23 18:30:00;22.6276
2025-08-23 18:45:00;20.0644
2025-08-23 19:00:00;17.232300000000002
2025-08-23 19:15:00;14.667100000000001
2025-08-23 19:30:00;12.572
2025-08-23 19:45:00;10.4194
2025-08-23 20:00:00;8.8339
2025-08-23 20:15:00;6.7352
2025-08-23 20:30:00;3.9213
2025-08-23 20:45:00;1.3096999999999999
2025-08-23 21:00:00;0.0
2025-08-23 21:15:00;0.0
2025-08-23 21:30:00;0.0
2025-08-23 21:45:00;0.0
2025-08-23 22:00:00;0.0
2025-08-23 22:15:00;0.0
2025-08-23 22:30:00;0.0
2025-08-23 22:45:00;0.0
2025-08-23 23:00:00;0.0
2025-08-23 23:15:00;0.0
2025-08-23 23:30:00;0.0
2025-08-23 23:45:00;0.0
2025-08-24 00:00:00;0.0
2025-08-24 00:15:00;0.0
2025-08-24 00:30:00;0.0
2025-08-24 00:45:00;0.0
2025-08-24 01:00:00;0.0
2025-08-24 01:15:00;0.0
2025-08-24 01:30:00;0.0
2025-08-24 01:45:00;0.0
2025-08-24 02:00:00;0.0
2025-08-24 02:15:00;0.0
2025-08-24 02:30:00;0.0
2025-08-24 02:45:00;0.0
2025-08-24 03:00:00;0.0
2025-08-24 03:15:00;0.0
2025-08-24 03:30:00;0.0
2025-08-24 03:45:00;0.0
2025-08-24 04:00:00;0.0
2025-08-24 04:15:00;0.0
2025-08-24 04:30:00;0.0
2025-08-24 04:45:00;0.0
2025-08-24 05:00:00;0.0
2025-08-24 05:15:00;0.0
2025-08-24 05:30:00;0.0
2025-08-24 05:45:00;0.0
2025-08-24 06:00:00;0.0
2025-08-24 06:15:00;0.0
2025-08-24 06:30:00;0.0
2025-08-24 06:45:00;0.8684999999999999
2025-08-24 07:00:00;2.1064
2025-08-24 07:15:00;3.8472999999999997
2025-08-24 07:30:00;4.964700000000001
2025-08-24 07:45:00;6.9382
2025-08-24 08:00:00;8.5704
2025-08-24 08:15:00;10.2554
2025-08-24 08:30:00;11.346200000000001
2025-08-24 08:45:00;12.859399999999999
2025-08-24 09:00:00;4.8257
2025-08-24 09:15:00;4.9505
2025-08-24 09:30:00;5.4598
2025-08-24 09:45:00;5.9678
2025-08-24 10:00:00;14.8478
2025-08-24 10:15:00;15.774300000000002
2025-08-24 10:30:00;16.646900000000002
2025-08-24 10:45:00;17.462699999999998
2025-08-24 11:00:00;14.184000000000001
2025-08-24 11:15:00;13.911
2025-08-24 11:30:00;14.9646
2025-08-24 11:45:00;15.836
2025-08-24 12:00:00;25.269099999999998
2025-08-24 12:15:00;26.2588
2025-08-24 12:30:00;26.6648
2025-08-24 12:45:00;27.1585
2025-08-24 13:00:00;25.6122
2025-08-24 13:15:00;24.3944
2025-08-24 13:30:00;25.581300000000002
2025-08-24 13:45:00;26.680400000000002
2025-08-24 14:00:00;26.796300000000002
2025-08-24 14:15:00;28.7341
2025-08-24 14:30:00;25.0541
2025-08-24 14:45:00;26.2933
2025-08-24 15:00:00;28.4215
2025-08-24 15:15:00;28.9816
2025-08-24 15:30:00;28.5061
2025-08-24 15:45:00;27.7792
2025-08-24 16:00:00;23.352
2025-08-24 16:15:00;24.560799999999997
2025-08-24 16:30:00;21.567800000000002
2025-08-24 16:45:00;20.377
2025-08-24 17:00:00;15.692799999999998
2025-08-24 17:15:00;15.276900000000001
2025-08-24 17:30:00;15.342699999999999
2025-08-24 17:45:00;14.1884
2025-08-24 18:00:00;16.5078
2025-08-24 18:15:00;15.093199999999998
2025-08-24 18:30:00;13.4774
2025-08-24 18:45:00;12.7494
2025-08-24 19:00:00;10.953299999999999
2025-08-24 19:15:00;9.7922
2025-08-24 19:30:00;8.6353
2025-08-24 19:45:00;6.8085
2025-08-24 20:00:00;4.131
2025-08-24 20:15:00;2.6131
2025-08-24 20:30:00;1.5413000000000001
2025-08-24 20:45:00;0.38660000000000005
2025-08-24 21:00:00;0.0
2025-08-24 21:15:00;0.0
2025-08-24 21:30:00;0.0
2025-08-24 21:45:00;0.0
2025-08-24 22:00:00;0.0
2025-08-24 22:15:00;0.0
2025-08-24 22:30:00;0.0
2025-08-24 22:45:00;0.0
2025-08-24 23:00:00;0.0
2025-08-24 23:15:00;0.0
2025-08-24 23:30:00;0.0
2025-08-24 23:45:00;0.0
2025-08-25 00:00:00;0.0
2025-08-25 00:15:00;0.0
2025-08-25 00:30:00;0.0
2025-08-25 00:45:00;0.0
2025-08-25 01:00:00;0.0
2025-08-25 01:15:00;0.0
2025-08-25 01:30:00;0.0
2025-08-25 01:45:00;0.0
2025-08-25 02:00:00;0.0
2025-08-25 02:15:00;0.0
2025-08-25 02:30:00;0.0
2025-08-25 02:45:00;0.0
2025-08-25 03:00:00;0.0
2025-08-25 03:15:00;0.0
2025-08-25 03:30:00;0.0
2025-08-25 03:45:00;0.0
2025-08-25 04:00:00;0.0
2025-08-25 04:15:00;0.0
2025-08-25 04:30:00;0.0
2025-08-25 04:45:00;0.0
2025-08-25 05:00:00;0.0
2025-08-25 05:15:00;0.0
2025-08-25 05:30:00;0.0
2025-08-25 05:45:00;0.0
2025-08-25 06:00:00;0.0
2025-08-25 06:15:00;0.0
2025-08-25 06:30:00;0.0
2025-08-25 06:45:00;0.5529
2025-08-25 07:00:00;1.8649
2025-08-25 07:15:00;3.1696999999999997
2025-08-25 07:30:00;4.4487
2025-08-25 07:45:00;5.8892999999999995
2025-08-25 08:00:00;6.670299999999999
2025-08-25 08:15:00;8.337
2025-08-25 08:30:00;9.233
2025-08-25 08:45:00;10.4479
2025-08-25 09:00:00;14.8578
2025-08-25 09:15:00;18.281
2025-08-25 09:30:00;18.474999999999998
2025-08-25 09:45:00;20.2598
2025-08-25 10:00:00;16.670199999999998
2025-08-25 10:15:00;17.212
2025-08-25 10:30:00;17.6493
2025-08-25 10:45:00;19.2046
2025-08-25 11:00:00;22.3429
2025-08-25 11:15:00;23.6096
2025-08-25 11:30:00;25.1276
2025-08-25 11:45:00;25.895599999999998
2025-08-25 12:00:00;23.091
2025-08-25 12:15:00;23.0235
2025-08-25 12:30:00;25.2286
2025-08-25 12:45:00;23.578
2025-08-25 13:00:00;29.9877
2025-08-25 13:15:00;32.97
2025-08-25 13:30:00;32.365399999999994
2025-08-25 13:45:00;31.4157
2025-08-25 14:00:00;18.668599999999998
2025-08-25 14:15:00;19.413500000000003
2025-08-25 14:30:00;18.1452
2025-08-25 14:45:00;18.9194
2025-08-25 15:00:00;15.478200000000001
2025-08-25 15:15:00;15.2655
2025-08-25 15:30:00;15.157800000000002
2025-08-25 15:45:00;15.0005
2025-08-25 16:00:00;25.4151
2025-08-25 16:15:00;26.2908
2025-08-25 16:30:00;22.0977
2025-08-25 16:45:00;23.432299999999998
2025-08-25 17:00:00;22.3326
2025-08-25 17:15:00;21.1042
2025-08-25 17:30:00;20.0658
2025-08-25 17:45:00;19.1022
2025-08-25 18:00:00;14.4311
2025-08-25 18:15:00;12.9826
2025-08-25 18:30:00;12.1868
2025-08-25 18:45:00;10.7633
2025-08-25 19:00:00;3.6982
2025-08-25 19:15:00;3.0738000000000003
2025-08-25 19:30:00;2.6045
2025-08-25 19:45:00;2.0220000000000002
2025-08-25 20:00:00;5.172
2025-08-25 20:15:00;3.4884999999999997
2025-08-25 20:30:00;1.8897999999999997
2025-08-25 20:45:00;0.5687
2025-08-25 21:00:00;0.0
2025-08-25 21:15:00;0.0
2025-08-25 21:30:00;0.0
2025-08-25 21:45:00;0.0
2025-08-25 22:00:00;0.0
2025-08-25 22:15:00;0.0
2025-08-25 22:30:00;0.0
2025-08-25 22:45:00;0.0
2025-08-25 23:00:00;0.0
2025-08-25 23:15:00;0.0
2025-08-25 23:30:00;0.0
2025-08-25 23:45:00;0.0
2025-08-26 00:00:00;0.0
2025-08-26 00:15:00;0.0
2025-08-26 00:30:00;0.0
2025-08-26 00:45:00;0.0
2025-08-26 01:00:00;0.0
2025-08-26 01:15:00;0.0
2025-08-26 01:30:00;0.0
2025-08-26 01:45:00;0.0
2025-08-26 02:00:00;0.0
2025-08-26 02:15:00;0.0
2025-08-26 02:30:00;0.0
2025-08-26 02:45:00;0.0
2025-08-26 03:00:00;0.0
2025-08-26 03:15:00;0.0
2025-08-26 03:30:00;0.0
2025-08-26 03:45:00;0.0
2025-08-26 04:00:00;0.0
2025-08-26 04:15:00;0.0
2025-08-26 04:30:00;0.0
2025-08-26 04:45:00;0.0
2025-08-26 05:00:00;0.0
2025-08-26 05:15:00;0.0
2025-08-26 05:30:00;0.0
2025-08-26 05:45:00;0.0
2025-08-26 06:00:00;0.0
2025-08-26 06:15:00;0.0
2025-08-26 06:30:00;0.0
2025-08-26 06:45:00;0.0
2025-08-26 07:00:00;0.0
2025-08-26 07:15:00;0.0
2025-08-26 07:30:00;0.0
2025-08-26 07:45:00;0.2919999999999999
2025-08-26 08:00:00;0.6673000000000001
2025-08-26 08:15:00;0.9017
2025-08-26 08:30:00;1.0709
2025-08-26 08:45:00;1.3346
2025-08-26 09:00:00;1.7290999999999999
2025-08-26 09:15:00;1.8773999999999997
2025-08-26 09:30:00;2.1805000000000003
2025-08-26 09:45:00;2.3872999999999998
2025-08-26 10:00:00;2.1913
2025-08-26 10:15:00;2.4704
2025-08-26 10:30:00;2.6130000000000004
2025-08-26 10:45:00;2.8518
2025-08-26 11:00:00;2.7601
2025-08-26 11:15:00;2.8536
2025-08-26 11:30:00;2.9362000000000004
2025-08-26 11:45:00;3.029
2025-08-26 12:00:00;3.7255000000000003
2025-08-26 12:15:00;3.8510000000000004
2025-08-26 12:30:00;3.7627
2025-08-26 12:45:00;4.0039
2025-08-26 13:00:00;3.7451
2025-08-26 13:15:00;3.9536000000000002
2025-08-26 13:30:00;3.8183999999999996
2025-08-26 13:45:00;4.0186
2025-08-26 14:00:00;4.408
2025-08-26 14:15:00;4.3651
2025-08-26 14:30:00;4.3084
2025-08-26 14:45:00;4.2981
2025-08-26 15:00:00;3.6285
2025-08-26 15:15:00;3.6638999999999995
2025-08-26 15:30:00;3.4622
2025-08-26 15:45:00;3.4181
2025-08-26 16:00:00;3.2588000000000004
2025-08-26 16:15:00;3.2188
2025-08-26 16:30:00;3.2138
2025-08-26 16:45:00;2.8737
2025-08-26 17:00:00;2.7969
2025-08-26 17:15:00;2.4819
2025-08-26 17:30:00;2.542
2025-08-26 17:45:00;2.2668
2025-08-26 18:00:00;1.3439999999999999
2025-08-26 18:15:00;1.1172
2025-08-26 18:30:00;0.9477
2025-08-26 18:45:00;0.8064
2025-08-26 19:00:00;0.6654
2025-08-26 19:15:00;0.4341999999999999
2025-08-26 19:30:00;0.21720000000000006
2025-08-26 19:45:00;0.0
2025-08-26 20:00:00;0.0
2025-08-26 20:15:00;0.0
2025-08-26 20:30:00;0.0
2025-08-26 20:45:00;0.0
2025-08-26 21:00:00;0.0
2025-08-26 21:15:00;0.0
2025-08-26 21:30:00;0.0
2025-08-26 21:45:00;0.0
2025-08-26 22:00:00;0.0
2025-08-26 22:15:00;0.0
2025-08-26 22:30:00;0.0
2025-08-26 22:45:00;0.0
2025-08-26 23:00:00;0.0
2025-08-26 23:15:00;0.0
2025-08-26 23:30:00;0.0
2025-08-26 23:45:00;0.0
2025-08-27 00:00:00;0.0
2025-08-27 00:15:00;0.0
2025-08-27 00:30:00;0.0
2025-08-27 00:45:00;0.0
2025-08-27 01:00:00;0.0
2025-08-27 01:15:00;0.0
2025-08-27 01:30:00;0.0
2025-08-27 01:45:00;0.0
2025-08-27 02:00:00;0.0
2025-08-27 02:15:00;0.0
2025-08-27 02:30:00;0.0
2025-08-27 02:45:00;0.0
2025-08-27 03:00:00;0.0
2025-08-27 03:15:00;0.0
2025-08-27 03:30:00;0.0
2025-08-27 03:45:00;0.0
2025-08-27 04:00:00;0.0
2025-08-27 04:15:00;0.0
2025-08-27 04:30:00;0.0
2025-08-27 04:45:00;0.0
2025-08-27 05:00:00;0.0
2025-08-27 05:15:00;0.0
2025-08-27 05:30:00;0.0
2025-08-27 05:45:00;0.0
2025-08-27 06:00:00;0.0
2025-08-27 06:15:00;0.0
2025-08-27 06:30:00;0.0
2025-08-27 06:45:00;0.3213999999999999
2025-08-27 07:00:00;1.689
2025-08-27 07:15:00;3.3097000000000003
2025-08-27 07:30:00;4.6866
2025-08-27 07:45:00;5.8216
2025-08-27 08:00:00;3.1582
2025-08-27 08:15:00;3.8920999999999997
2025-08-27 08:30:00;4.4714
2025-08-27 08:45:00;4.825
2025-08-27 09:00:00;13.673900000000001
2025-08-27 09:15:00;14.4987
2025-08-27 09:30:00;16.0319
2025-08-27 09:45:00;17.0186
2025-08-27 10:00:00;18.3613
2025-08-27 10:15:00;18.9885
2025-08-27 10:30:00;20.444
2025-08-27 10:45:00;20.6878
2025-08-27 11:00:00;23.4589
2025-08-27 11:15:00;24.186700000000002
2025-08-27 11:30:00;25.355999999999998
2025-08-27 11:45:00;25.390900000000002
2025-08-27 12:00:00;15.8914
2025-08-27 12:15:00;16.0477
2025-08-27 12:30:00;15.8305
2025-08-27 12:45:00;16.0713
2025-08-27 13:00:00;28.3744
2025-08-27 13:15:00;26.227800000000002
2025-08-27 13:30:00;27.354400000000002
2025-08-27 13:45:00;26.4757
2025-08-27 14:00:00;16.4714
2025-08-27 14:15:00;18.686300000000003
2025-08-27 14:30:00;17.3187
2025-08-27 14:45:00;18.0171
2025-08-27 15:00:00;10.123700000000001
2025-08-27 15:15:00;9.5427
2025-08-27 15:30:00;10.7585
2025-08-27 15:45:00;9.3218
2025-08-27 16:00:00;20.214299999999998
2025-08-27 16:15:00;21.3044
2025-08-27 16:30:00;20.5686
2025-08-27 16:45:00;19.4123
2025-08-27 17:00:00;19.4534
2025-08-27 17:15:00;16.821
2025-08-27 17:30:00;16.3266
2025-08-27 17:45:00;16.3704
2025-08-27 18:00:00;18.326999999999998
2025-08-27 18:15:00;17.0838
2025-08-27 18:30:00;15.217199999999998
2025-08-27 18:45:00;13.5976
2025-08-27 19:00:00;8.5968
2025-08-27 19:15:00;7.546600000000001
2025-08-27 19:30:00;6.382000000000001
2025-08-27 19:45:00;5.24
2025-08-27 20:00:00;5.3835
2025-08-27 20:15:00;3.7341999999999995
2025-08-27 20:30:00;2.2888
2025-08-27 20:45:00;0.5502
2025-08-27 21:00:00;0.0
2025-08-27 21:15:00;0.0
2025-08-27 21:30:00;0.0
2025-08-27 21:45:00;0.0
2025-08-27 22:00:00;0.0
2025-08-27 22:15:00;0.0
2025-08-27 22:30:00;0.0
2025-08-27 22:45:00;0.0
2025-08-27 23:00:00;0.0
2025-08-27 23:15:00;0.0
2025-08-27 23:30:00;0.0
2025-08-27 23:45:00;0.0
2025-08-28 00:00:00;0.0
2025-08-28 00:15:00;0.0
2025-08-28 00:30:00;0.0
2025-08-28 00:45:00;0.0
2025-08-28 01:00:00;0.0
2025-08-28 01:15:00;0.0
2025-08-28 01:30:00;0.0
2025-08-28 01:45:00;0.0
2025-08-28 02:00:00;0.0
2025-08-28 02:15:00;0.0
2025-08-28 02:30:00;0.0
2025-08-28 02:45:00;0.0
2025-08-28 03:00:00;0.0
2025-08-28 03:15:00;0.0
2025-08-28 03:30:00;0.0
2025-08-28 03:45:00;0.0
2025-08-28 04:00:00;0.0
2025-08-28 04:15:00;0.0
2025-08-28 04:30:00;0.0
2025-08-28 04:45:00;0.0
2025-08-28 05:00:00;0.0
2025-08-28 05:15:00;0.0
2025-08-28 05:30:00;0.0
2025-08-28 05:45:00;0.0
2025-08-28 06:00:00;0.0
2025-08-28 06:15:00;0.0
2025-08-28 06:30:00;0.0
2025-08-28 06:45:00;0.0
2025-08-28 07:00:00;0.05339999999999989
2025-08-28 07:15:00;0.6352
2025-08-28 07:30:00;1.2286000000000001
2025-08-28 07:45:00;1.7382999999999997
2025-08-28 08:00:00;2.7926
2025-08-28 08:15:00;3.5698000000000003
2025-08-28 08:30:00;3.6171
2025-08-28 08:45:00;4.704
2025-08-28 09:00:00;4.5884
2025-08-28 09:15:00;5.4312
2025-08-28 09:30:00;5.508
2025-08-28 09:45:00;6.0468
2025-08-28 10:00:00;5.9627
2025-08-28 10:15:00;6.4576
2025-08-28 10:30:00;6.638599999999999
2025-08-28 10:45:00;7.0328
2025-08-28 11:00:00;8.124099999999999
2025-08-28 11:15:00;8.2941
2025-08-28 11:30:00;8.3812
2025-08-28 11:45:00;9.110199999999999
2025-08-28 12:00:00;8.590399999999999
2025-08-28 12:15:00;8.9168
2025-08-28 12:30:00;8.4566
2025-08-28 12:45:00;9.52
2025-08-28 13:00:00;9.9872
2025-08-28 13:15:00;9.5639
2025-08-28 13:30:00;10.0955
2025-08-28 13:45:00;10.115699999999999
2025-08-28 14:00:00;9.399099999999999
2025-08-28 14:15:00;8.9302
2025-08-28 14:30:00;8.5959
2025-08-28 14:45:00;8.6906
2025-08-28 15:00:00;10.8856
2025-08-28 15:15:00;9.9757
2025-08-28 15:30:00;11.4343
2025-08-28 15:45:00;10.3263
2025-08-28 16:00:00;8.6892
2025-08-28 16:15:00;8.659
2025-08-28 16:30:00;7.869200000000001
2025-08-28 16:45:00;7.791100000000001
2025-08-28 17:00:00;8.4403
2025-08-28 17:15:00;7.805699999999999
2025-08-28 17:30:00;7.7076
2025-08-28 17:45:00;6.767
2025-08-28 18:00:00;5.6162
2025-08-28 18:15:00;5.0258
2025-08-28 18:30:00;4.742100000000001
2025-08-28 18:45:00;4.1387
2025-08-28 19:00:00;3.532
2025-08-28 19:15:00;3.1315
2025-08-28 19:30:00;2.0305
2025-08-28 19:45:00;1.8090000000000002
2025-08-28 20:00:00;1.1247
2025-08-28 20:15:00;0.5538999999999998
2025-08-28 20:30:00;0.0
2025-08-28 20:45:00;0.0
2025-08-28 21:00:00;0.0
2025-08-28 21:15:00;0.0
2025-08-28 21:30:00;0.0
2025-08-28 21:45:00;0.0
2025-08-28 22:00:00;0.0
2025-08-28 22:15:00;0.0
2025-08-28 22:30:00;0.0
2025-08-28 22:45:00;0.0
2025-08-28 23:00:00;0.0
2025-08-28 23:15:00;0.0
2025-08-28 23:30:00;0.0
2025-08-28 23:45:00;0.0
2025-08-29 00:00:00;0.0
2025-08-29 00:15:00;0.0
2025-08-29 00:30:00;0.0
2025-08-29 00:45:00;0.0
2025-08-29 01:00:00;0.0
2025-08-29 01:15:00;0.0
2025-08-29 01:30:00;0.0
2025-08-29 01:45:00;0.0
2025-08-29 02:00:00;0.0
2025-08-29 02:15:00;0.0
2025-08-29 02:30:00;0.0
2025-08-29 02:45:00;0.0
2025-08-29 03:00:00;0.0
2025-08-29 03:15:00;0.0
2025-08-29 03:30:00;0.0
2025-08-29 03:45:00;0.0
2025-08-29 04:00:00;0.0
2025-08-29 04:15:00;0.0
2025-08-29 04:30:00;0.0
2025-08-29 04:45:00;0.0
2025-08-29 05:00:00;0.0
2025-08-29 05:15:00;0.0
2025-08-29 05:30:00;0.0
2025-08-29 05:45:00;0.0
2025-08-29 06:00:00;0.0
2025-08-29 06:15:00;0.0
2025-08-29 06:30:00;0.0
2025-08-29 06:45:00;0.0
2025-08-29 07:00:00;0.1725000000000001
2025-08-29 07:15:00;0.8811
2025-08-29 07:30:00;1.4955
2025-08-29 07:45:00;1.9857000000000002
2025-08-29 08:00:00;2.6783
2025-08-29 08:15:00;3.2031
2025-08-29 08:30:00;3.7465
2025-08-29 08:45:00;4.4143
2025-08-29 09:00:00;5.0844000000000005
2025-08-29 09:15:00;6.0174
2025-08-29 09:30:00;6.2554
2025-08-29 09:45:00;6.498600000000001
2025-08-29 10:00:00;7.5372
2025-08-29 10:15:00;7.923500000000001
2025-08-29 10:30:00;7.8995999999999995
2025-08-29 10:45:00;9.122699999999998
2025-08-29 11:00:00;7.839700000000001
2025-08-29 11:15:00;8.0798
2025-08-29 11:30:00;8.409
2025-08-29 11:45:00;8.9058
2025-08-29 12:00:00;8.4039
2025-08-29 12:15:00;8.5277
2025-08-29 12:30:00;8.6889
2025-08-29 12:45:00;8.9323
2025-08-29 13:00:00;9.1057
2025-08-29 13:15:00;9.4846
2025-08-29 13:30:00;9.9467
2025-08-29 13:45:00;10.0114
2025-08-29 14:00:00;10.0806
2025-08-29 14:15:00;9.994
2025-08-29 14:30:00;10.5283
2025-08-29 14:45:00;10.0133
2025-08-29 15:00:00;10.0698
2025-08-29 15:15:00;10.3404
2025-08-29 15:30:00;9.6165
2025-08-29 15:45:00;9.4422
2025-08-29 16:00:00;9.1325
2025-08-29 16:15:00;9.1058
2025-08-29 16:30:00;8.6987
2025-08-29 16:45:00;8.5663
2025-08-29 17:00:00;7.4597
2025-08-29 17:15:00;7.4755
2025-08-29 17:30:00;6.7957
2025-08-29 17:45:00;6.2771
2025-08-29 18:00:00;5.735
2025-08-29 18:15:00;5.344900000000001
2025-08-29 18:30:00;4.9175
2025-08-29 18:45:00;4.3849
2025-08-29 19:00:00;2.9512
2025-08-29 19:15:00;2.3007999999999997
2025-08-29 19:30:00;1.9343000000000001
2025-08-29 19:45:00;1.3112
2025-08-29 20:00:00;0.9526999999999999
2025-08-29 20:15:00;0.46320000000000006
2025-08-29 20:30:00;0.0
2025-08-29 20:45:00;0.0
2025-08-29 21:00:00;0.0
2025-08-29 21:15:00;0.0
2025-08-29 21:30:00;0.0
2025-08-29 21:45:00;0.0
2025-08-29 22:00:00;0.0
2025-08-29 22:15:00;0.0
2025-08-29 22:30:00;0.0
2025-08-29 22:45:00;0.0
2025-08-29 23:00:00;0.0
2025-08-29 23:15:00;0.0
2025-08-29 23:30:00;0.0
2025-08-29 23:45:00;0.0
2025-08-30 00:00:00;0.0
2025-08-30 00:15:00;0.0
2025-08-30 00:30:00;0.0
2025-08-30 00:45:00;0.0
2025-08-30 01:00:00;0.0
2025-08-30 01:15:00;0.0
2025-08-30 01:30:00;0.0
2025-08-30 01:45:00;0.0
2025-08-30 02:00:00;0.0
2025-08-30 02:15:00;0.0
2025-08-30 02:30:00;0.0
2025-08-30 02:45:00;0.0
2025-08-30 03:00:00;0.0
2025-08-30 03:15:00;0.0
2025-08-30 03:30:00;0.0
2025-08-30 03:45:00;0.0
2025-08-30 04:00:00;0.0
2025-08-30 04:15:00;0.0
2025-08-30 04:30:00;0.0
2025-08-30 04:45:00;0.0
2025-08-30 05:00:00;0.0
2025-08-30 05:15:00;0.0
2025-08-30 05:30:00;0.0
2025-08-30 05:45:00;0.0
2025-08-30 06:00:00;0.0
2025-08-30 06:15:00;0.0
2025-08-30 06:30:00;0.0
2025-08-30 06:45:00;0.0
2025-08-30 07:00:00;0.27059999999999995
2025-08-30 07:15:00;0.9566
2025-08-30 07:30:00;1.3470000000000002
2025-08-30 07:45:00;2.0897
2025-08-30 08:00:00;2.9067
2025-08-30 08:15:00;3.6447
2025-08-30 08:30:00;4.2622
2025-08-30 08:45:00;4.511
2025-08-30 09:00:00;4.7553
2025-08-30 09:15:00;6.0862
2025-08-30 09:30:00;6.2805
2025-08-30 09:45:00;6.5871
2025-08-30 10:00:00;7.4204
2025-08-30 10:15:00;8.037899999999999
2025-08-30 10:30:00;8.4747
2025-08-30 10:45:00;9.1856
2025-08-30 11:00:00;8.537500000000001
2025-08-30 11:15:00;8.5608
2025-08-30 11:30:00;8.9869
2025-08-30 11:45:00;8.5048
2025-08-30 12:00:00;9.7178
2025-08-30 12:15:00;11.0086
2025-08-30 12:30:00;11.020900000000001
2025-08-30 12:45:00;11.193
2025-08-30 13:00:00;9.1283
2025-08-30 13:15:00;9.248
2025-08-30 13:30:00;9.2852
2025-08-30 13:45:00;9.508
2025-08-30 14:00:00;10.8019
2025-08-30 14:15:00;10.527800000000001
2025-08-30 14:30:00;10.3787
2025-08-30 14:45:00;11.2487
2025-08-30 15:00:00;11.5641
2025-08-30 15:15:00;10.9541
2025-08-30 15:30:00;11.436599999999999
2025-08-30 15:45:00;10.5649
2025-08-30 16:00:00;9.7028
2025-08-30 16:15:00;9.2578
2025-08-30 16:30:00;9.1472
2025-08-30 16:45:00;7.9785
2025-08-30 17:00:00;7.5357
2025-08-30 17:15:00;7.5433
2025-08-30 17:30:00;6.6526
2025-08-30 17:45:00;6.4262
2025-08-30 18:00:00;5.3533
2025-08-30 18:15:00;4.4669
2025-08-30 18:30:00;4.5983
2025-08-30 18:45:00;3.9891000000000005
2025-08-30 19:00:00;3.3386999999999993
2025-08-30 19:15:00;2.9558
2025-08-30 19:30:00;2.2267
2025-08-30 19:45:00;1.7489999999999999
2025-08-30 20:00:00;1.3988
2025-08-30 20:15:00;0.6691
2025-08-30 20:30:00;0.2996
2025-08-30 20:45:00;0.0
2025-08-30 21:00:00;0.0
2025-08-30 21:15:00;0.0
2025-08-30 21:30:00;0.0
2025-08-30 21:45:00;0.0
2025-08-30 22:00:00;0.0
2025-08-30 22:15:00;0.0
2025-08-30 22:30:00;0.0
2025-08-30 22:45:00;0.0
2025-08-30 23:00:00;0.0
2025-08-30 23:15:00;0.0
2025-08-30 23:30:00;0.0
2025-08-30 23:45:00;0.0
2025-08-31 00:00:00;0.0
2025-08-31 00:15:00;0.0
2025-08-31 00:30:00;0.0
2025-08-31 00:45:00;0.0
2025-08-31 01:00:00;0.0
2025-08-31 01:15:00;0.0
2025-08-31 01:30:00;0.0
2025-08-31 01:45:00;0.0
2025-08-31 02:00:00;0.0
2025-08-31 02:15:00;0.0
2025-08-31 02:30:00;0.0
2025-08-31 02:45:00;0.0
2025-08-31 03:00:00;0.0
2025-08-31 03:15:00;0.0
2025-08-31 03:30:00;0.0
2025-08-31 03:45:00;0.0
2025-08-31 04:00:00;0.0
2025-08-31 04:15:00;0.0
2025-08-31 04:30:00;0.0
2025-08-31 04:45:00;0.0
2025-08-31 05:00:00;0.0
2025-08-31 05:15:00;0.0
2025-08-31 05:30:00;0.0
2025-08-31 05:45:00;0.0
2025-08-31 06:00:00;0.0
2025-08-31 06:15:00;0.0
2025-08-31 06:30:00;0.0
2025-08-31 06:45:00;0.11499999999999999
2025-08-31 07:00:00;1.9785
2025-08-31 07:15:00;3.3272000000000004
2025-08-31 07:30:00;4.5068
2025-08-31 07:45:00;6.0697
2025-08-31 08:00:00;8.3709
2025-08-31 08:15:00;9.4197
2025-08-31 08:30:00;11.3798
2025-08-31 08:45:00;12.3367
2025-08-31 09:00:00;16.423499999999997
2025-08-31 09:15:00;15.953899999999999
2025-08-31 09:30:00;17.9512
2025-08-31 09:45:00;20.0623
2025-08-31 10:00:00;18.5724
2025-08-31 10:15:00;19.110599999999998
2025-08-31 10:30:00;20.8138
2025-08-31 10:45:00;20.947400000000002
2025-08-31 11:00:00;20.1324
2025-08-31 11:15:00;20.580199999999998
2025-08-31 11:30:00;22.3345
2025-08-31 11:45:00;22.068800000000003
2025-08-31 12:00:00;12.563
2025-08-31 12:15:00;12.277199999999999
2025-08-31 12:30:00;12.676499999999999
2025-08-31 12:45:00;12.8135
2025-08-31 13:00:00;29.992800000000003
2025-08-31 13:15:00;28.6881
2025-08-31 13:30:00;30.457
2025-08-31 13:45:00;28.7451
2025-08-31 14:00:00;28.201600000000003
2025-08-31 14:15:00;28.3636
2025-08-31 14:30:00;28.2735
2025-08-31 14:45:00;29.1963
2025-08-31 15:00:00;23.2122
2025-08-31 15:15:00;22.8217
2025-08-31 15:30:00;21.8289
2025-08-31 15:45:00;22.0771
2025-08-31 16:00:00;22.2291
2025-08-31 16:15:00;22.705599999999997
2025-08-31 16:30:00;21.8448
2025-08-31 16:45:00;20.1208
2025-08-31 17:00:00;9.7879
2025-08-31 17:15:00;9.7029
2025-08-31 17:30:00;8.8186
2025-08-31 17:45:00;8.0795
2025-08-31 18:00:00;15.177900000000001
2025-08-31 18:15:00;14.2272
2025-08-31 18:30:00;12.5433
2025-08-31 18:45:00;11.3871
2025-08-31 19:00:00;12.5074
2025-08-31 19:15:00;10.4141
2025-08-31 19:30:00;9.0846
2025-08-31 19:45:00;7.161300000000001
2025-08-31 20:00:00;3.1508000000000003
2025-08-31 20:15:00;2.0665000000000004
2025-08-31 20:30:00;1.1192000000000002
2025-08-31 20:45:00;0.040000000000000036
2025-08-31 21:00:00;0.0
2025-08-31 21:15:00;0.0
2025-08-31 21:30:00;0.0
2025-08-31 21:45:00;0.0
2025-08-31 22:00:00;0.0
2025-08-31 22:15:00;0.0
2025-08-31 22:30:00;0.0
2025-08-31 22:45:00;0.0
2025-08-31 23:00:00;0.0
2025-08-31 23:15:00;0.0
2025-08-31 23:30:00;0.0
2025-08-31 23:45:00;0.0
2025-09-01 00:00:00;0.0
2025-09-01 00:15:00;0.0
2025-09-01 00:30:00;0.0
2025-09-01 00:45:00;0.0
2025-09-01 01:00:00;0.0
2025-09-01 01:15:00;0.0
2025-09-01 01:30:00;0.0
2025-09-01 01:45:00;0.0
2025-09-01 02:00:00;0.0
2025-09-01 02:15:00;0.0
2025-09-01 02:30:00;0.0
2025-09-01 02:45:00;0.0
2025-09-01 03:00:00;0.0
2025-09-01 03:15:00;0.0
2025-09-01 03:30:00;0.0
2025-09-01 03:45:00;0.0
2025-09-01 04:00:00;0.0
2025-09-01 04:15:00;0.0
2025-09-01 04:30:00;0.0
2025-09-01 04:45:00;0.0
2025-09-01 05:00:00;0.0
2025-09-01 05:15:00;0.0
2025-09-01 05:30:00;0.0
2025-09-01 05:45:00;0.0
2025-09-01 06:00:00;0.0
2025-09-01 06:15:00;0.0
2025-09-01 06:30:00;0.0
2025-09-01 06:45:00;0.0
2025-09-01 07:00:00;0.0
2025-09-01 07:15:00;0.0
2025-09-01 07:30:00;0.8567
2025-09-01 07:45:00;2.864
2025-09-01 08:00:00;3.8016999999999994
2025-09-01 08:15:00;5.6369
2025-09-01 08:30:00;7.111399999999999
2025-09-01 08:45:00;9.275300000000001
2025-09-01 09:00:00;11.0812
2025-09-01 09:15:00;12.9193
2025-09-01 09:30:00;15.2058
2025-09-01 09:45:00;15.7366
2025-09-01 10:00:00;23.153399999999998
2025-09-01 10:15:00;22.2206
2025-09-01 10:30:00;26.407500000000002
2025-09-01 10:45:00;26.1815
2025-09-01 11:00:00;24.6811
2025-09-01 11:15:00;28.920099999999998
2025-09-01 11:30:00;28.3024
2025-09-01 11:45:00;28.113
2025-09-01 12:00:00;26.3263
2025-09-01 12:15:00;28.1349
2025-09-01 12:30:00;28.2903
2025-09-01 12:45:00;28.3537
2025-09-01 13:00:00;34.163199999999996
2025-09-01 13:15:00;33.5122
2025-09-01 13:30:00;33.4727
2025-09-01 13:45:00;32.4919
2025-09-01 14:00:00;33.1378
2025-09-01 14:15:00;32.9597
2025-09-01 14:30:00;32.492399999999996
2025-09-01 14:45:00;31.959400000000002
2025-09-01 15:00:00;30.438299999999998
2025-09-01 15:15:00;29.584
2025-09-01 15:30:00;29.5976
2025-09-01 15:45:00;28.7825
2025-09-01 16:00:00;26.5926
2025-09-01 16:15:00;25.7704
2025-09-01 16:30:00;24.1409
2025-09-01 16:45:00;22.5454
2025-09-01 17:00:00;18.980700000000002
2025-09-01 17:15:00;17.6783
2025-09-01 17:30:00;17.916900000000002
2025-09-01 17:45:00;14.8278
2025-09-01 18:00:00;14.7152
2025-09-01 18:15:00;12.8645
2025-09-01 18:30:00;10.1976
2025-09-01 18:45:00;9.3781
2025-09-01 19:00:00;7.8058
2025-09-01 19:15:00;5.2208
2025-09-01 19:30:00;3.0336999999999996
2025-09-01 19:45:00;0.8065000000000002
2025-09-01 20:00:00;0.0
2025-09-01 20:15:00;0.0
2025-09-01 20:30:00;0.0
2025-09-01 20:45:00;0.0
2025-09-01 21:00:00;0.0
2025-09-01 21:15:00;0.0
2025-09-01 21:30:00;0.0
2025-09-01 21:45:00;0.0
2025-09-01 22:00:00;0.0
2025-09-01 22:15:00;0.0
2025-09-01 22:30:00;0.0
2025-09-01 22:45:00;0.0
2025-09-01 23:00:00;0.0
2025-09-01 23:15:00;0.0
2025-09-01 23:30:00;0.0
2025-09-01 23:45:00;0.0
2025-09-02 00:00:00;0.0
2025-09-02 00:15:00;0.0
2025-09-02 00:30:00;0.0
2025-09-02 00:45:00;0.0
2025-09-02 01:00:00;0.0
2025-09-02 01:15:00;0.0
2025-09-02 01:30:00;0.0
2025-09-02 01:45:00;0.0
2025-09-02 02:00:00;0.0
2025-09-02 02:15:00;0.0
2025-09-02 02:30:00;0.0
2025-09-02 02:45:00;0.0
2025-09-02 03:00:00;0.0
2025-09-02 03:15:00;0.0
2025-09-02 03:30:00;0.0
2025-09-02 03:45:00;0.0
2025-09-02 04:00:00;0.0
2025-09-02 04:15:00;0.0
2025-09-02 04:30:00;0.0
2025-09-02 04:45:00;0.0
2025-09-02 05:00:00;0.0
2025-09-02 05:15:00;0.0
2025-09-02 05:30:00;0.0
2025-09-02 05:45:00;0.0
2025-09-02 06:00:00;0.0
2025-09-02 06:15:00;0.0
2025-09-02 06:30:00;0.0
2025-09-02 06:45:00;0.0
2025-09-02 07:00:00;0.0
2025-09-02 07:15:00;0.0
2025-09-02 07:30:00;0.0
2025-09-02 07:45:00;0.0
2025-09-02 08:00:00;2.4825
2025-09-02 08:15:00;3.5342999999999996
2025-09-02 08:30:00;4.9069
2025-09-02 08:45:00;6.147
2025-09-02 09:00:00;8.6666
2025-09-02 09:15:00;9.158999999999999
2025-09-02 09:30:00;11.348700000000001
2025-09-02 09:45:00;12.0085
2025-09-02 10:00:00;13.398200000000001
2025-09-02 10:15:00;14.8744
2025-09-02 10:30:00;14.979700000000001
2025-09-02 10:45:00;16.6568
2025-09-02 11:00:00;17.3948
2025-09-02 11:15:00;19.179100000000002
2025-09-02 11:30:00;18.2423
2025-09-02 11:45:00;19.4467
2025-09-02 12:00:00;19.055200000000003
2025-09-02 12:15:00;19.014699999999998
2025-09-02 12:30:00;18.8705
2025-09-02 12:45:00;21.063
2025-09-02 13:00:00;20.8106
2025-09-02 13:15:00;20.4238
2025-09-02 13:30:00;22.2204
2025-09-02 13:45:00;22.0539
2025-09-02 14:00:00;19.8218
2025-09-02 14:15:00;19.3742
2025-09-02 14:30:00;19.3889
2025-09-02 14:45:00;19.6686
2025-09-02 15:00:00;21.0953
2025-09-02 15:15:00;20.993100000000002
2025-09-02 15:30:00;20.3889
2025-09-02 15:45:00;19.737000000000002
2025-09-02 16:00:00;18.1504
2025-09-02 16:15:00;17.7957
2025-09-02 16:30:00;16.4578
2025-09-02 16:45:00;15.0091
2025-09-02 17:00:00;13.4057
2025-09-02 17:15:00;12.1729
2025-09-02 17:30:00;11.2365
2025-09-02 17:45:00;10.226600000000001
2025-09-02 18:00:00;9.2335
2025-09-02 18:15:00;7.5084
2025-09-02 18:30:00;6.6043
2025-09-02 18:45:00;4.848199999999999
2025-09-02 19:00:00;2.5305999999999997
2025-09-02 19:15:00;1.0655
2025-09-02 19:30:00;0.33919999999999995
2025-09-02 19:45:00;0.0
2025-09-02 20:00:00;0.0
2025-09-02 20:15:00;0.0
2025-09-02 20:30:00;0.0
2025-09-02 20:45:00;0.0
2025-09-02 21:00:00;0.0
2025-09-02 21:15:00;0.0
2025-09-02 21:30:00;0.0
2025-09-02 21:45:00;0.0
2025-09-02 22:00:00;0.0
2025-09-02 22:15:00;0.0
2025-09-02 22:30:00;0.0
2025-09-02 22:45:00;0.0
2025-09-02 23:00:00;0.0
2025-09-02 23:15:00;0.0
2025-09-02 23:30:00;0.0
2025-09-02 23:45:00;0.0
2025-09-03 00:00:00;0.0
2025-09-03 00:15:00;0.0
2025-09-03 00:30:00;0.0
2025-09-03 00:45:00;0.0
2025-09-03 01:00:00;0.0
2025-09-03 01:15:00;0.0
2025-09-03 01:30:00;0.0
2025-09-03 01:45:00;0.0
2025-09-03 02:00:00;0.0
2025-09-03 02:15:00;0.0
2025-09-03 02:30:00;0.0
2025-09-03 02:45:00;0.0
2025-09-03 03:00:00;0.0
2025-09-03 03:15:00;0.0
2025-09-03 03:30:00;0.0
2025-09-03 03:45:00;0.0
2025-09-03 04:00:00;0.0
2025-09-03 04:15:00;0.0
2025-09-03 04:30:00;0.0
2025-09-03 04:45:00;0.0
2025-09-03 05:00:00;0.0
2025-09-03 05:15:00;0.0
2025-09-03 05:30:00;0.0
2025-09-03 05:45:00;0.0
2025-09-03 06:00:00;0.0
2025-09-03 06:15:00;0.0
2025-09-03 06:30:00;0.0
2025-09-03 06:45:00;0.0
2025-09-03 07:00:00;0.0
2025-09-03 07:15:00;0.0
2025-09-03 07:30:00;0.5274000000000001
2025-09-03 07:45:00;2.4381000000000004
2025-09-03 08:00:00;5.8145
2025-09-03 08:15:00;8.102300000000001
2025-09-03 08:30:00;9.974400000000001
2025-09-03 08:45:00;12.489
2025-09-03 09:00:00;17.2047
2025-09-03 09:15:00;17.4662
2025-09-03 09:30:00;20.438599999999997
2025-09-03 09:45:00;21.4099
2025-09-03 10:00:00;21.5938
2025-09-03 10:15:00;22.7706
2025-09-03 10:30:00;23.7668
2025-09-03 10:45:00;24.6788
2025-09-03 11:00:00;24.2631
2025-09-03 11:15:00;23.672900000000002
2025-09-03 11:30:00;25.2075
2025-09-03 11:45:00;25.314
2025-09-03 12:00:00;32.0303
2025-09-03 12:15:00;33.4864
2025-09-03 12:30:00;34.842
2025-09-03 12:45:00;32.4852
2025-09-03 13:00:00;31.7813
2025-09-03 13:15:00;31.340200000000003
2025-09-03 13:30:00;31.8522
2025-09-03 13:45:00;31.565200000000004
2025-09-03 14:00:00;33.895700000000005
2025-09-03 14:15:00;34.8662
2025-09-03 14:30:00;35.0125
2025-09-03 14:45:00;33.3215
2025-09-03 15:00:00;33.2299
2025-09-03 15:15:00;31.517200000000003
2025-09-03 15:30:00;29.8888
2025-09-03 15:45:00;29.202099999999998
2025-09-03 16:00:00;26.767699999999998
2025-09-03 16:15:00;25.8247
2025-09-03 16:30:00;24.2256
2025-09-03 16:45:00;22.91
2025-09-03 17:00:00;21.4035
2025-09-03 17:15:00;18.3197
2025-09-03 17:30:00;17.656100000000002
2025-09-03 17:45:00;15.9766
2025-09-03 18:00:00;13.8947
2025-09-03 18:15:00;11.8616
2025-09-03 18:30:00;10.8224
2025-09-03 18:45:00;9.049500000000002
2025-09-03 19:00:00;6.3932
2025-09-03 19:15:00;4.4037
2025-09-03 19:30:00;2.4325
2025-09-03 19:45:00;0.2546999999999999
2025-09-03 20:00:00;0.0
2025-09-03 20:15:00;0.0
2025-09-03 20:30:00;0.0
2025-09-03 20:45:00;0.0
2025-09-03 21:00:00;0.0
2025-09-03 21:15:00;0.0
2025-09-03 21:30:00;0.0
2025-09-03 21:45:00;0.0
2025-09-03 22:00:00;0.0
2025-09-03 22:15:00;0.0
2025-09-03 22:30:00;0.0
2025-09-03 22:45:00;0.0
2025-09-03 23:00:00;0.0
2025-09-03 23:15:00;0.0
2025-09-03 23:30:00;0.0
2025-09-03 23:45:00;0.0
2025-09-04 00:00:00;0.0
2025-09-04 00:15:00;0.0
2025-09-04 00:30:00;0.0
2025-09-04 00:45:00;0.0
2025-09-04 01:00:00;0.0
2025-09-04 01:15:00;0.0
2025-09-04 01:30:00;0.0
2025-09-04 01:45:00;0.0
2025-09-04 02:00:00;0.0
2025-09-04 02:15:00;0.0
2025-09-04 02:30:00;0.0
2025-09-04 02:45:00;0.0
2025-09-04 03:00:00;0.0
2025-09-04 03:15:00;0.0
2025-09-04 03:30:00;0.0
2025-09-04 03:45:00;0.0
2025-09-04 04:00:00;0.0
2025-09-04 04:15:00;0.0
2025-09-04 04:30:00;0.0
2025-09-04 04:45:00;0.0
2025-09-04 05:00:00;0.0
2025-09-04 05:15:00;0.0
2025-09-04 05:30:00;0.0
2025-09-04 05:45:00;0.0
2025-09-04 06:00:00;0.0
2025-09-04 06:15:00;0.0
2025-09-04 06:30:00;0.0
2025-09-04 06:45:00;0.0
2025-09-04 07:00:00;0.0
2025-09-04 07:15:00;0.0
2025-09-04 07:30:00;0.0
2025-09-04 07:45:00;0.0
2025-09-04 08:00:00;0.6806000000000001
2025-09-04 08:15:00;1.2073999999999998
2025-09-04 08:30:00;1.7330999999999999
2025-09-04 08:45:00;2.2041
2025-09-04 09:00:00;2.8704
2025-09-04 09:15:00;3.0858
2025-09-04 09:30:00;3.4255000000000004
2025-09-04 09:45:00;3.9978000000000002
2025-09-04 10:00:00;4.7568
2025-09-04 10:15:00;4.8182
2025-09-04 10:30:00;5.278
2025-09-04 10:45:00;5.8082
2025-09-04 11:00:00;6.558
2025-09-04 11:15:00;6.7358
2025-09-04 11:30:00;7.2911
2025-09-04 11:45:00;7.5939
2025-09-04 12:00:00;7.9291
2025-09-04 12:15:00;7.7373
2025-09-04 12:30:00;8.8882
2025-09-04 12:45:00;8.107399999999998
2025-09-04 13:00:00;7.5899
2025-09-04 13:15:00;7.516799999999999
2025-09-04 13:30:00;7.117100000000001
2025-09-04 13:45:00;7.502300000000001
2025-09-04 14:00:00;8.5953
2025-09-04 14:15:00;8.8157
2025-09-04 14:30:00;9.0537
2025-09-04 14:45:00;8.9163
2025-09-04 15:00:00;7.7324
2025-09-04 15:15:00;7.0375
2025-09-04 15:30:00;6.768599999999999
2025-09-04 15:45:00;6.8018
2025-09-04 16:00:00;6.7482
2025-09-04 16:15:00;6.285699999999999
2025-09-04 16:30:00;5.9381
2025-09-04 16:45:00;5.553599999999999
2025-09-04 17:00:00;4.2288
2025-09-04 17:15:00;3.7654
2025-09-04 17:30:00;3.2906999999999997
2025-09-04 17:45:00;3.1355999999999993
2025-09-04 18:00:00;2.7779
2025-09-04 18:15:00;1.9488999999999999
2025-09-04 18:30:00;1.5208000000000002
2025-09-04 18:45:00;1.1476000000000002
2025-09-04 19:00:00;0.7378
2025-09-04 19:15:00;0.18369999999999997
2025-09-04 19:30:00;0.0
2025-09-04 19:45:00;0.0
2025-09-04 20:00:00;0.0
2025-09-04 20:15:00;0.0
2025-09-04 20:30:00;0.0
2025-09-04 20:45:00;0.0
2025-09-04 21:00:00;0.0
2025-09-04 21:15:00;0.0
2025-09-04 21:30:00;0.0
2025-09-04 21:45:00;0.0
2025-09-04 22:00:00;0.0
2025-09-04 22:15:00;0.0
2025-09-04 22:30:00;0.0
2025-09-04 22:45:00;0.0
2025-09-04 23:00:00;0.0
2025-09-04 23:15:00;0.0
2025-09-04 23:30:00;0.0
2025-09-04 23:45:00;0.0
2025-09-05 00:00:00;0.0
2025-09-05 00:15:00;0.0
2025-09-05 00:30:00;0.0
2025-09-05 00:45:00;0.0
2025-09-05 01:00:00;0.0
2025-09-05 01:15:00;0.0
2025-09-05 01:30:00;0.0
2025-09-05 01:45:00;0.0
2025-09-05 02:00:00;0.0
2025-09-05 02:15:00;0.0
2025-09-05 02:30:00;0.0
2025-09-05 02:45:00;0.0
2025-09-05 03:00:00;0.0
2025-09-05 03:15:00;0.0
2025-09-05 03:30:00;0.0
2025-09-05 03:45:00;0.0
2025-09-05 04:00:00;0.0
2025-09-05 04:15:00;0.0
2025-09-05 04:30:00;0.0
2025-09-05 04:45:00;0.0
2025-09-05 05:00:00;0.0
2025-09-05 05:15:00;0.0
2025-09-05 05:30:00;0.0
2025-09-05 05:45:00;0.0
2025-09-05 06:00:00;0.0
2025-09-05 06:15:00;0.0
2025-09-05 06:30:00;0.0
2025-09-05 06:45:00;0.0
2025-09-05 07:00:00;0.0
2025-09-05 07:15:00;0.0
2025-09-05 07:30:00;0.0
2025-09-05 07:45:00;0.0
2025-09-05 08:00:00;0.46809999999999996
2025-09-05 08:15:00;0.9889999999999999
2025-09-05 08:30:00;1.3556
2025-09-05 08:45:00;1.964
2025-09-05 09:00:00;2.8965
2025-09-05 09:15:00;3.3874
2025-09-05 09:30:00;4.1872
2025-09-05 09:45:00;4.603400000000001
2025-09-05 10:00:00;4.4373000000000005
2025-09-05 10:15:00;4.6277
2025-09-05 10:30:00;5.2913
2025-09-05 10:45:00;5.502
2025-09-05 11:00:00;6.6923
2025-09-05 11:15:00;7.507299999999999
2025-09-05 11:30:00;7.689399999999999
2025-09-05 11:45:00;7.4578
2025-09-05 12:00:00;6.3496999999999995
2025-09-05 12:15:00;6.582699999999999
2025-09-05 12:30:00;6.7767
2025-09-05 12:45:00;7.0487
2025-09-05 13:00:00;8.1769
2025-09-05 13:15:00;8.4794
2025-09-05 13:30:00;8.6799
2025-09-05 13:45:00;8.5537
2025-09-05 14:00:00;7.429900000000001
2025-09-05 14:15:00;7.579899999999999
2025-09-05 14:30:00;6.933
2025-09-05 14:45:00;6.8921
2025-09-05 15:00:00;7.2993999999999994
2025-09-05 15:15:00;7.1972000000000005
2025-09-05 15:30:00;6.9349
2025-09-05 15:45:00;6.3283
2025-09-05 16:00:00;5.516299999999999
2025-09-05 16:15:00;5.9988
2025-09-05 16:30:00;5.204700000000001
2025-09-05 16:45:00;4.9857
2025-09-05 17:00:00;4.5093
2025-09-05 17:15:00;4.3778999999999995
2025-09-05 17:30:00;3.7572
2025-09-05 17:45:00;3.6063
2025-09-05 18:00:00;3.0429000000000004
2025-09-05 18:15:00;2.5324
2025-09-05 18:30:00;1.9552
2025-09-05 18:45:00;1.3618
2025-09-05 19:00:00;0.15339999999999998
2025-09-05 19:15:00;0.0
2025-09-05 19:30:00;0.0
2025-09-05 19:45:00;0.0
2025-09-05 20:00:00;0.0
2025-09-05 20:15:00;0.0
2025-09-05 20:30:00;0.0
2025-09-05 20:45:00;0.0
2025-09-05 21:00:00;0.0
2025-09-05 21:15:00;0.0
2025-09-05 21:30:00;0.0
2025-09-05 21:45:00;0.0
2025-09-05 22:00:00;0.0
2025-09-05 22:15:00;0.0
2025-09-05 22:30:00;0.0
2025-09-05 22:45:00;0.0
2025-09-05 23:00:00;0.0
2025-09-05 23:15:00;0.0
2025-09-05 23:30:00;0.0
2025-09-05 23:45:00;0.0
2025-09-06 00:00:00;0.0
2025-09-06 00:15:00;0.0
2025-09-06 00:30:00;0.0
2025-09-06 00:45:00;0.0
2025-09-06 01:00:00;0.0
2025-09-06 01:15:00;0.0
2025-09-06 01:30:00;0.0
2025-09-06 01:45:00;0.0
2025-09-06 02:00:00;0.0
2025-09-06 02:15:00;0.0
2025-09-06 02:30:00;0.0
2025-09-06 02:45:00;0.0
2025-09-06 03:00:00;0.0
2025-09-06 03:15:00;0.0
2025-09-06 03:30:00;0.0
2025-09-06 03:45:00;0.0
2025-09-06 04:00:00;0.0
2025-09-06 04:15:00;0.0
2025-09-06 04:30:00;0.0
2025-09-06 04:45:00;0.0
2025-09-06 05:00:00;0.0
2025-09-06 05:15:00;0.0
2025-09-06 05:30:00;0.0
2025-09-06 05:45:00;0.0
2025-09-06 06:00:00;0.0
2025-09-06 06:15:00;0.0
2025-09-06 06:30:00;0.0
2025-09-06 06:45:00;0.0
2025-09-06 07:00:00;0.0
2025-09-06 07:15:00;0.0
2025-09-06 07:30:00;0.0
2025-09-06 07:45:00;0.0
2025-09-06 08:00:00;0.0
2025-09-06 08:15:00;0.0
2025-09-06 08:30:00;0.13480000000000003
2025-09-06 08:45:00;0.27680000000000005
2025-09-06 09:00:00;0.6942
2025-09-06 09:15:00;0.8638999999999999
2025-09-06 09:30:00;1.0081000000000002
2025-09-06 09:45:00;1.1532
2025-09-06 10:00:00;1.4322999999999997
2025-09-06 10:15:00;1.448
2025-09-06 10:30:00;1.517
2025-09-06 10:45:00;1.8147999999999997
2025-09-06 11:00:00;1.7356
2025-09-06 11:15:00;1.8409
2025-09-06 11:30:00;1.8441999999999998
2025-09-06 11:45:00;2.0621
2025-09-06 12:00:00;2.257
2025-09-06 12:15:00;2.6422000000000003
2025-09-06 12:30:00;2.7118
2025-09-06 12:45:00;2.4574
2025-09-06 13:00:00;2.4568
2025-09-06 13:15:00;2.2451
2025-09-06 13:30:00;2.3186
2025-09-06 13:45:00;2.2772
2025-09-06 14:00:00;2.7571
2025-09-06 14:15:00;2.4639
2025-09-06 14:30:00;2.5324
2025-09-06 14:45:00;2.4638999999999998
2025-09-06 15:00:00;2.283
2025-09-06 15:15:00;2.1743
2025-09-06 15:30:00;2.3957
2025-09-06 15:45:00;2.0372
2025-09-06 16:00:00;2.1716
2025-09-06 16:15:00;1.71
2025-09-06 16:30:00;1.8007000000000002
2025-09-06 16:45:00;1.6446
2025-09-06 17:00:00;0.8602000000000001
2025-09-06 17:15:00;0.7348999999999999
2025-09-06 17:30:00;0.4785999999999999
2025-09-06 17:45:00;0.43999999999999995
2025-09-06 18:00:00;0.12220000000000009
2025-09-06 18:15:00;0.09699999999999998
2025-09-06 18:30:00;0.0
2025-09-06 18:45:00;0.0
2025-09-06 19:00:00;0.0
2025-09-06 19:15:00;0.0
2025-09-06 19:30:00;0.0
2025-09-06 19:45:00;0.0
2025-09-06 20:00:00;0.0
2025-09-06 20:15:00;0.0
2025-09-06 20:30:00;0.0
2025-09-06 20:45:00;0.0
2025-09-06 21:00:00;0.0
2025-09-06 21:15:00;0.0
2025-09-06 21:30:00;0.0
2025-09-06 21:45:00;0.0
2025-09-06 22:00:00;0.0
2025-09-06 22:15:00;0.0
2025-09-06 22:30:00;0.0
2025-09-06 22:45:00;0.0
2025-09-06 23:00:00;0.0
2025-09-06 23:15:00;0.0
2025-09-06 23:30:00;0.0
2025-09-06 23:45:00;0.0
2025-09-07 00:00:00;0.0
2025-09-07 00:15:00;0.0
2025-09-07 00:30:00;0.0
2025-09-07 00:45:00;0.0
2025-09-07 01:00:00;0.0
2025-09-07 01:15:00;0.0
2025-09-07 01:30:00;0.0
2025-09-07 01:45:00;0.0
2025-09-07 02:00:00;0.0
2025-09-07 02:15:00;0.0
2025-09-07 02:30:00;0.0
2025-09-07 02:45:00;0.0
2025-09-07 03:00:00;0.0
2025-09-07 03:15:00;0.0
2025-09-07 03:30:00;0.0
2025-09-07 03:45:00;0.0
2025-09-07 04:00:00;0.0
2025-09-07 04:15:00;0.0
2025-09-07 04:30:00;0.0
2025-09-07 04:45:00;0.0
2025-09-07 05:00:00;0.0
2025-09-07 05:15:00;0.0
2025-09-07 05:30:00;0.0
2025-09-07 05:45:00;0.0
2025-09-07 06:00:00;0.0
2025-09-07 06:15:00;0.0
2025-09-07 06:30:00;0.0
2025-09-07 06:45:00;0.0
2025-09-07 07:00:00;0.0
2025-09-07 07:15:00;0.0
2025-09-07 07:30:00;0.0
2025-09-07 07:45:00;0.0
2025-09-07 08:00:00;0.4639
2025-09-07 08:15:00;0.8706999999999999
2025-09-07 08:30:00;1.3424999999999998
2025-09-07 08:45:00;1.8754000000000002
2025-09-07 09:00:00;3.1767
2025-09-07 09:15:00;3.6389
2025-09-07 09:30:00;3.9256
2025-09-07 09:45:00;4.618200000000001
2025-09-07 10:00:00;3.3536
2025-09-07 10:15:00;3.3839
2025-09-07 10:30:00;3.7605
2025-09-07 10:45:00;4.2765
2025-09-07 11:00:00;5.5301
2025-09-07 11:15:00;5.8883
2025-09-07 11:30:00;6.1971
2025-09-07 11:45:00;6.3544
2025-09-07 12:00:00;6.5661
2025-09-07 12:15:00;6.801
2025-09-07 12:30:00;6.611700000000001
2025-09-07 12:45:00;7.0556
2025-09-07 13:00:00;8.6826
2025-09-07 13:15:00;8.4092
2025-09-07 13:30:00;7.962899999999999
2025-09-07 13:45:00;8.146899999999999
2025-09-07 14:00:00;6.1482
2025-09-07 14:15:00;7.0326
2025-09-07 14:30:00;7.0629
2025-09-07 14:45:00;6.763599999999999
2025-09-07 15:00:00;7.564500000000001
2025-09-07 15:15:00;7.3696
2025-09-07 15:30:00;7.410900000000001
2025-09-07 15:45:00;6.826499999999999
2025-09-07 16:00:00;5.0264
2025-09-07 16:15:00;4.8745
2025-09-07 16:30:00;4.7377
2025-09-07 16:45:00;4.1363
2025-09-07 17:00:00;4.3952
2025-09-07 17:15:00;4.3225
2025-09-07 17:30:00;3.6113999999999997
2025-09-07 17:45:00;3.498
2025-09-07 18:00:00;2.4787
2025-09-07 18:15:00;1.7835
2025-09-07 18:30:00;1.4259
2025-09-07 18:45:00;0.9517999999999998
2025-09-07 19:00:00;0.6551
2025-09-07 19:15:00;0.2788999999999999
2025-09-07 19:30:00;0.0
2025-09-07 19:45:00;0.0
2025-09-07 20:00:00;0.0
2025-09-07 20:15:00;0.0
2025-09-07 20:30:00;0.0
2025-09-07 20:45:00;0.0
2025-09-07 21:00:00;0.0
2025-09-07 21:15:00;0.0
2025-09-07 21:30:00;0.0
2025-09-07 21:45:00;0.0
2025-09-07 22:00:00;0.0
2025-09-07 22:15:00;0.0
2025-09-07 22:30:00;0.0
2025-09-07 22:45:00;0.0
2025-09-07 23:00:00;0.0
2025-09-07 23:15:00;0.0
2025-09-07 23:30:00;0.0
2025-09-07 23:45:00;0.0
2025-09-08 00:00:00;0.0
2025-09-08 00:15:00;0.0
2025-09-08 00:30:00;0.0
2025-09-08 00:45:00;0.0
2025-09-08 01:00:00;0.0
2025-09-08 01:15:00;0.0
2025-09-08 01:30:00;0.0
2025-09-08 01:45:00;0.0
2025-09-08 02:00:00;0.0
2025-09-08 02:15:00;0.0
2025-09-08 02:30:00;0.0
2025-09-08 02:45:00;0.0
2025-09-08 03:00:00;0.0
2025-09-08 03:15:00;0.0
2025-09-08 03:30:00;0.0
2025-09-08 03:45:00;0.0
2025-09-08 04:00:00;0.0
2025-09-08 04:15:00;0.0
2025-09-08 04:30:00;0.0
2025-09-08 04:45:00;0.0
2025-09-08 05:00:00;0.0
2025-09-08 05:15:00;0.0
2025-09-08 05:30:00;0.0
2025-09-08 05:45:00;0.0
2025-09-08 06:00:00;0.0
2025-09-08 06:15:00;0.0
2025-09-08 06:30:00;0.0
2025-09-08 06:45:00;0.0
2025-09-08 07:00:00;0.0
2025-09-08 07:15:00;0.0
2025-09-08 07:30:00;0.0
2025-09-08 07:45:00;0.0
2025-09-08 08:00:00;0.0
2025-09-08 08:15:00;0.0
2025-09-08 08:30:00;0.0
2025-09-08 08:45:00;0.13480000000000003
2025-09-08 09:00:00;0.8094999999999999
2025-09-08 09:15:00;1.1038999999999999
2025-09-08 09:30:00;1.0796000000000001
2025-09-08 09:45:00;1.3994
2025-09-08 10:00:00;1.5884999999999998
2025-09-08 10:15:00;1.685
2025-09-08 10:30:00;1.8483999999999998
2025-09-08 10:45:00;2.0900999999999996
2025-09-08 11:00:00;1.6038000000000001
2025-09-08 11:15:00;1.8399999999999999
2025-09-08 11:30:00;1.9884
2025-09-08 11:45:00;2.2099
2025-09-08 12:00:00;2.2964
2025-09-08 12:15:00;2.0395000000000003
2025-09-08 12:30:00;2.0762
2025-09-08 12:45:00;2.2494
2025-09-08 13:00:00;2.7967999999999997
2025-09-08 13:15:00;2.7262999999999997
2025-09-08 13:30:00;2.8045
2025-09-08 13:45:00;2.7375
2025-09-08 14:00:00;2.5658000000000003
2025-09-08 14:15:00;2.4172
2025-09-08 14:30:00;2.4859
2025-09-08 14:45:00;2.2504999999999997
2025-09-08 15:00:00;2.9485
2025-09-08 15:15:00;2.4729
2025-09-08 15:30:00;2.5302000000000002
2025-09-08 15:45:00;2.2702999999999998
2025-09-08 16:00:00;1.7765
2025-09-08 16:15:00;1.6748
2025-09-08 16:30:00;1.7166000000000001
2025-09-08 16:45:00;1.4074000000000002
2025-09-08 17:00:00;1.5872000000000002
2025-09-08 17:15:00;1.1732999999999998
2025-09-08 17:30:00;0.9083000000000001
2025-09-08 17:45:00;0.9249000000000003
2025-09-08 18:00:00;0.1835
2025-09-08 18:15:00;0.0
2025-09-08 18:30:00;0.0
2025-09-08 18:45:00;0.0
2025-09-08 19:00:00;0.0
2025-09-08 19:15:00;0.0
2025-09-08 19:30:00;0.0
2025-09-08 19:45:00;0.0
2025-09-08 20:00:00;0.0
2025-09-08 20:15:00;0.0
2025-09-08 20:30:00;0.0
2025-09-08 20:45:00;0.0
2025-09-08 21:00:00;0.0
2025-09-08 21:15:00;0.0
2025-09-08 21:30:00;0.0
2025-09-08 21:45:00;0.0
2025-09-08 22:00:00;0.0
2025-09-08 22:15:00;0.0
2025-09-08 22:30:00;0.0
2025-09-08 22:45:00;0.0
2025-09-08 23:00:00;0.0
2025-09-08 23:15:00;0.0
2025-09-08 23:30:00;0.0
2025-09-08 23:45:00;0.0
2025-09-09 00:00:00;0.0
2025-09-09 00:15:00;0.0
2025-09-09 00:30:00;0.0
2025-09-09 00:45:00;0.0
2025-09-09 01:00:00;0.0
2025-09-09 01:15:00;0.0
2025-09-09 01:30:00;0.0
2025-09-09 01:45:00;0.0
2025-09-09 02:00:00;0.0
2025-09-09 02:15:00;0.0
2025-09-09 02:30:00;0.0
2025-09-09 02:45:00;0.0
2025-09-09 03:00:00;0.0
2025-09-09 03:15:00;0.0
2025-09-09 03:30:00;0.0
2025-09-09 03:45:00;0.0
2025-09-09 04:00:00;0.0
2025-09-09 04:15:00;0.0
2025-09-09 04:30:00;0.0
2025-09-09 04:45:00;0.0
2025-09-09 05:00:00;0.0
2025-09-09 05:15:00;0.0
2025-09-09 05:30:00;0.0
2025-09-09 05:45:00;0.0
2025-09-09 06:00:00;0.0
2025-09-09 06:15:00;0.0
2025-09-09 06:30:00;0.0
2025-09-09 06:45:00;0.0
2025-09-09 07:00:00;0.0
2025-09-09 07:15:00;0.0
2025-09-09 07:30:00;0.0
2025-09-09 07:45:00;0.0
2025-09-09 08:00:00;0.0
2025-09-09 08:15:00;0.0
2025-09-09 08:30:00;0.07500000000000007
2025-09-09 08:45:00;0.34010000000000007
2025-09-09 09:00:00;0.8685000000000002
2025-09-09 09:15:00;1.0141
2025-09-09 09:30:00;1.2736
2025-09-09 09:45:00;1.3618
2025-09-09 10:00:00;1.5806999999999998
2025-09-09 10:15:00;1.6913999999999998
2025-09-09 10:30:00;1.8706
2025-09-09 10:45:00;1.9964
2025-09-09 11:00:00;1.7586
2025-09-09 11:15:00;1.9651
2025-09-09 11:30:00;1.9968000000000001
2025-09-09 11:45:00;2.0092000000000003
2025-09-09 12:00:00;2.3756
2025-09-09 12:15:00;2.4699
2025-09-09 12:30:00;2.6109999999999998
2025-09-09 12:45:00;2.6503
2025-09-09 13:00:00;2.4794
2025-09-09 13:15:00;2.2337
2025-09-09 13:30:00;2.492
2025-09-09 13:45:00;2.452
2025-09-09 14:00:00;2.4368
2025-09-09 14:15:00;2.2458
2025-09-09 14:30:00;2.4205
2025-09-09 14:45:00;2.3723
2025-09-09 15:00:00;2.2304999999999997
2025-09-09 15:15:00;2.1633999999999998
2025-09-09 15:30:00;1.9817999999999998
2025-09-09 15:45:00;2.0140000000000002
2025-09-09 16:00:00;2.1071999999999997
2025-09-09 16:15:00;1.9796
2025-09-09 16:30:00;1.9241
2025-09-09 16:45:00;1.9329
2025-09-09 17:00:00;0.8751
2025-09-09 17:15:00;0.7334
2025-09-09 17:30:00;0.7194
2025-09-09 17:45:00;0.4287000000000001
2025-09-09 18:00:00;0.3494999999999999
2025-09-09 18:15:00;0.059800000000000075
2025-09-09 18:30:00;0.0
2025-09-09 18:45:00;0.0
2025-09-09 19:00:00;0.0
2025-09-09 19:15:00;0.0
2025-09-09 19:30:00;0.0
2025-09-09 19:45:00;0.0
2025-09-09 20:00:00;0.0
2025-09-09 20:15:00;0.0
2025-09-09 20:30:00;0.0
2025-09-09 20:45:00;0.0
2025-09-09 21:00:00;0.0
2025-09-09 21:15:00;0.0
2025-09-09 21:30:00;0.0
2025-09-09 21:45:00;0.0
2025-09-09 22:00:00;0.0
2025-09-09 22:15:00;0.0
2025-09-09 22:30:00;0.0
2025-09-09 22:45:00;0.0
2025-09-09 23:00:00;0.0
2025-09-09 23:15:00;0.0
2025-09-09 23:30:00;0.0
2025-09-09 23:45:00;0.0
2025-09-10 00:00:00;0.0
2025-09-10 00:15:00;0.0
2025-09-10 00:30:00;0.0
2025-09-10 00:45:00;0.0
2025-09-10 01:00:00;0.0
2025-09-10 01:15:00;0.0
2025-09-10 01:30:00;0.0
2025-09-10 01:45:00;0.0
2025-09-10 02:00:00;0.0
2025-09-10 02:15:00;0.0
2025-09-10 02:30:00;0.0
2025-09-10 02:45:00;0.0
2025-09-10 03:00:00;0.0
2025-09-10 03:15:00;0.0
2025-09-10 03:30:00;0.0
2025-09-10 03:45:00;0.0
2025-09-10 04:00:00;0.0
2025-09-10 04:15:00;0.0
2025-09-10 04:30:00;0.0
2025-09-10 04:45:00;0.0
2025-09-10 05:00:00;0.0
2025-09-10 05:15:00;0.0
2025-09-10 05:30:00;0.0
2025-09-10 05:45:00;0.0
2025-09-10 06:00:00;0.0
2025-09-10 06:15:00;0.0
2025-09-10 06:30:00;0.0
2025-09-10 06:45:00;0.0
2025-09-10 07:00:00;0.0
2025-09-10 07:15:00;0.0
2025-09-10 07:30:00;0.03739999999999988
2025-09-10 07:45:00;1.3660999999999999
2025-09-10 08:00:00;3.1032999999999995
2025-09-10 08:15:00;4.3498
2025-09-10 08:30:00;5.4608
2025-09-10 08:45:00;6.7268
2025-09-10 09:00:00;8.092099999999999
2025-09-10 09:15:00;10.2632
2025-09-10 09:30:00;11.049800000000001
2025-09-10 09:45:00;11.8614
2025-09-10 10:00:00;11.3443
2025-09-10 10:15:00;12.0135
2025-09-10 10:30:00;12.1344
2025-09-10 10:45:00;13.7478
2025-09-10 11:00:00;11.7862
2025-09-10 11:15:00;12.2225
2025-09-10 11:30:00;12.4253
2025-09-10 11:45:00;13.1448
2025-09-10 12:00:00;9.8378
2025-09-10 12:15:00;8.931099999999999
2025-09-10 12:30:00;9.938799999999999
2025-09-10 12:45:00;10.2624
2025-09-10 13:00:00;17.5838
2025-09-10 13:15:00;18.3276
2025-09-10 13:30:00;18.047
2025-09-10 13:45:00;17.9944
2025-09-10 14:00:00;20.035
2025-09-10 14:15:00;20.0301
2025-09-10 14:30:00;19.8024
2025-09-10 14:45:00;18.7511
2025-09-10 15:00:00;12.546
2025-09-10 15:15:00;11.568200000000001
2025-09-10 15:30:00;11.2574
2025-09-10 15:45:00;11.367899999999999
2025-09-10 16:00:00;17.5841
2025-09-10 16:15:00;18.1039
2025-09-10 16:30:00;16.295800000000003
2025-09-10 16:45:00;14.671700000000001
2025-09-10 17:00:00;7.454599999999999
2025-09-10 17:15:00;6.962999999999999
2025-09-10 17:30:00;6.9620999999999995
2025-09-10 17:45:00;5.7911
2025-09-10 18:00:00;9.600000000000001
2025-09-10 18:15:00;8.682599999999999
2025-09-10 18:30:00;7.3329
2025-09-10 18:45:00;5.515700000000001
2025-09-10 19:00:00;3.6908
2025-09-10 19:15:00;2.2909999999999995
2025-09-10 19:30:00;1.0601999999999998
2025-09-10 19:45:00;0.0
2025-09-10 20:00:00;0.0
2025-09-10 20:15:00;0.0
2025-09-10 20:30:00;0.0
2025-09-10 20:45:00;0.0
2025-09-10 21:00:00;0.0
2025-09-10 21:15:00;0.0
2025-09-10 21:30:00;0.0
2025-09-10 21:45:00;0.0
2025-09-10 22:00:00;0.0
2025-09-10 22:15:00;0.0
2025-09-10 22:30:00;0.0
2025-09-10 22:45:00;0.0
2025-09-10 23:00:00;0.0
2025-09-10 23:15:00;0.0
2025-09-10 23:30:00;0.0
2025-09-10 23:45:00;0.0
2025-09-11 00:00:00;0.0
2025-09-11 00:15:00;0.0
2025-09-11 00:30:00;0.0
2025-09-11 00:45:00;0.0
2025-09-11 01:00:00;0.0
2025-09-11 01:15:00;0.0
2025-09-11 01:30:00;0.0
2025-09-11 01:45:00;0.0
2025-09-11 02:00:00;0.0
2025-09-11 02:15:00;0.0
2025-09-11 02:30:00;0.0
2025-09-11 02:45:00;0.0
2025-09-11 03:00:00;0.0
2025-09-11 03:15:00;0.0
2025-09-11 03:30:00;0.0
2025-09-11 03:45:00;0.0
2025-09-11 04:00:00;0.0
2025-09-11 04:15:00;0.0
2025-09-11 04:30:00;0.0
2025-09-11 04:45:00;0.0
2025-09-11 05:00:00;0.0
2025-09-11 05:15:00;0.0
2025-09-11 05:30:00;0.0
2025-09-11 05:45:00;0.0
2025-09-11 06:00:00;0.0
2025-09-11 06:15:00;0.0
2025-09-11 06:30:00;0.0
2025-09-11 06:45:00;0.0
2025-09-11 07:00:00;0.0
2025-09-11 07:15:00;0.0
2025-09-11 07:30:00;0.5262
2025-09-11 07:45:00;2.3092
2025-09-11 08:00:00;5.1297999999999995
2025-09-11 08:15:00;7.7099
2025-09-11 08:30:00;9.8805
2025-09-11 08:45:00;11.3011
2025-09-11 09:00:00;15.2543
2025-09-11 09:15:00;17.6404
2025-09-11 09:30:00;19.5464
2025-09-11 09:45:00;21.5075
2025-09-11 10:00:00;24.109299999999998
2025-09-11 10:15:00;24.901899999999998
2025-09-11 10:30:00;26.399900000000002
2025-09-11 10:45:00;30.9638
2025-09-11 11:00:00;25.5172
2025-09-11 11:15:00;27.8755
2025-09-11 11:30:00;28.249499999999998
2025-09-11 11:45:00;28.164099999999998
2025-09-11 12:00:00;26.985000000000003
2025-09-11 12:15:00;28.994799999999998
2025-09-11 12:30:00;27.8584
2025-09-11 12:45:00;28.3909
2025-09-11 13:00:00;34.6937
2025-09-11 13:15:00;33.7303
2025-09-11 13:30:00;33.5836
2025-09-11 13:45:00;34.0083
2025-09-11 14:00:00;31.879400000000004
2025-09-11 14:15:00;31.8637
2025-09-11 14:30:00;31.6692
2025-09-11 14:45:00;33.295899999999996
2025-09-11 15:00:00;31.6069
2025-09-11 15:15:00;31.9938
2025-09-11 15:30:00;32.621
2025-09-11 15:45:00;29.7145
2025-09-11 16:00:00;28.5152
2025-09-11 16:15:00;26.473899999999997
2025-09-11 16:30:00;25.8129
2025-09-11 16:45:00;24.0667
2025-09-11 17:00:00;20.8476
2025-09-11 17:15:00;19.6153
2025-09-11 17:30:00;18.4027
2025-09-11 17:45:00;15.8168
2025-09-11 18:00:00;16.0519
2025-09-11 18:15:00;14.1823
2025-09-11 18:30:00;12.1219
2025-09-11 18:45:00;9.3467
2025-09-11 19:00:00;5.9335
2025-09-11 19:15:00;3.9931
2025-09-11 19:30:00;2.182
2025-09-11 19:45:00;0.25929999999999986
2025-09-11 20:00:00;0.0
2025-09-11 20:15:00;0.0
2025-09-11 20:30:00;0.0
2025-09-11 20:45:00;0.0
2025-09-11 21:00:00;0.0
2025-09-11 21:15:00;0.0
2025-09-11 21:30:00;0.0
2025-09-11 21:45:00;0.0
2025-09-11 22:00:00;0.0
2025-09-11 22:15:00;0.0
2025-09-11 22:30:00;0.0
2025-09-11 22:45:00;0.0
2025-09-11 23:00:00;0.0
2025-09-11 23:15:00;0.0
2025-09-11 23:30:00;0.0
2025-09-11 23:45:00;0.0
2025-09-12 00:00:00;0.0
2025-09-12 00:15:00;0.0
2025-09-12 00:30:00;0.0
2025-09-12 00:45:00;0.0
2025-09-12 01:00:00;0.0
2025-09-12 01:15:00;0.0
2025-09-12 01:30:00;0.0
2025-09-12 01:45:00;0.0
2025-09-12 02:00:00;0.0
2025-09-12 02:15:00;0.0
2025-09-12 02:30:00;0.0
2025-09-12 02:45:00;0.0
2025-09-12 03:00:00;0.0
2025-09-12 03:15:00;0.0
2025-09-12 03:30:00;0.0
2025-09-12 03:45:00;0.0
2025-09-12 04:00:00;0.0
2025-09-12 04:15:00;0.0
2025-09-12 04:30:00;0.0
2025-09-12 04:45:00;0.0
2025-09-12 05:00:00;0.0
2025-09-12 05:15:00;0.0
2025-09-12 05:30:00;0.0
2025-09-12 05:45:00;0.0
2025-09-12 06:00:00;0.0
2025-09-12 06:15:00;0.0
2025-09-12 06:30:00;0.0
2025-09-12 06:45:00;0.0
2025-09-12 07:00:00;0.0
2025-09-12 07:15:00;0.0
2025-09-12 07:30:00;0.0
2025-09-12 07:45:00;0.0
2025-09-12 08:00:00;0.0
2025-09-12 08:15:00;0.0
2025-09-12 08:30:00;0.05570000000000008
2025-09-12 08:45:00;0.2299
2025-09-12 09:00:00;0.5572
2025-09-12 09:15:00;0.7398
2025-09-12 09:30:00;0.8650000000000001
2025-09-12 09:45:00;1.1041
2025-09-12 10:00:00;1.3920999999999997
2025-09-12 10:15:00;1.3298999999999999
2025-09-12 10:30:00;1.7301
2025-09-12 10:45:00;1.8081999999999998
2025-09-12 11:00:00;2.0850999999999997
2025-09-12 11:15:00;2.1447
2025-09-12 11:30:00;2.2666
2025-09-12 11:45:00;2.5042
2025-09-12 12:00:00;1.9107000000000003
2025-09-12 12:15:00;1.9052000000000002
2025-09-12 12:30:00;2.1303
2025-09-12 12:45:00;2.0221
2025-09-12 13:00:00;2.4446999999999997
2025-09-12 13:15:00;2.6426
2025-09-12 13:30:00;2.6716
2025-09-12 13:45:00;2.5379
2025-09-12 14:00:00;2.2966
2025-09-12 14:15:00;2.287
2025-09-12 14:30:00;2.1376
2025-09-12 14:45:00;2.194
2025-09-12 15:00:00;2.6755
2025-09-12 15:15:00;2.4463
2025-09-12 15:30:00;2.5677
2025-09-12 15:45:00;2.3177
2025-09-12 16:00:00;1.7894
2025-09-12 16:15:00;1.5981
2025-09-12 16:30:00;1.5423
2025-09-12 16:45:00;1.3106
2025-09-12 17:00:00;0.9516000000000002
2025-09-12 17:15:00;0.7237
2025-09-12 17:30:00;0.5752999999999999
2025-09-12 17:45:00;0.4870000000000001
2025-09-12 18:00:00;0.1702999999999999
2025-09-12 18:15:00;0.08109999999999995
2025-09-12 18:30:00;0.0121
2025-09-12 18:45:00;0.0
2025-09-12 19:00:00;0.0
2025-09-12 19:15:00;0.0
2025-09-12 19:30:00;0.0
2025-09-12 19:45:00;0.0
2025-09-12 20:00:00;0.0
2025-09-12 20:15:00;0.0
2025-09-12 20:30:00;0.0
2025-09-12 20:45:00;0.0
2025-09-12 21:00:00;0.0
2025-09-12 21:15:00;0.0
2025-09-12 21:30:00;0.0
2025-09-12 21:45:00;0.0
2025-09-12 22:00:00;0.0
2025-09-12 22:15:00;0.0
2025-09-12 22:30:00;0.0
2025-09-12 22:45:00;0.0
2025-09-12 23:00:00;0.0
2025-09-12 23:15:00;0.0
2025-09-12 23:30:00;0.0
2025-09-12 23:45:00;0.0
2025-09-13 00:00:00;0.0
2025-09-13 00:15:00;0.0
2025-09-13 00:30:00;0.0
2025-09-13 00:45:00;0.0
2025-09-13 01:00:00;0.0
2025-09-13 01:15:00;0.0
2025-09-13 01:30:00;0.0
2025-09-13 01:45:00;0.0
2025-09-13 02:00:00;0.0
2025-09-13 02:15:00;0.0
2025-09-13 02:30:00;0.0
2025-09-13 02:45:00;0.0
2025-09-13 03:00:00;0.0
2025-09-13 03:15:00;0.0
2025-09-13 03:30:00;0.0
2025-09-13 03:45:00;0.0
2025-09-13 04:00:00;0.0
2025-09-13 04:15:00;0.0
2025-09-13 04:30:00;0.0
2025-09-13 04:45:00;0.0
2025-09-13 05:00:00;0.0
2025-09-13 05:15:00;0.0
2025-09-13 05:30:00;0.0
2025-09-13 05:45:00;0.0
2025-09-13 06:00:00;0.0
2025-09-13 06:15:00;0.0
2025-09-13 06:30:00;0.0
2025-09-13 06:45:00;0.0
2025-09-13 07:00:00;0.0
2025-09-13 07:15:00;0.0
2025-09-13 07:30:00;0.0
2025-09-13 07:45:00;0.0
2025-09-13 08:00:00;0.7308000000000001
2025-09-13 08:15:00;1.2702
2025-09-13 08:30:00;1.9481000000000002
2025-09-13 08:45:00;2.4401
2025-09-13 09:00:00;3.1962
2025-09-13 09:15:00;3.4290000000000003
2025-09-13 09:30:00;3.9466
2025-09-13 09:45:00;4.423900000000001
2025-09-13 10:00:00;3.9779
2025-09-13 10:15:00;4.1171999999999995
2025-09-13 10:30:00;4.503500000000001
2025-09-13 10:45:00;5.0048
2025-09-13 11:00:00;5.4822
2025-09-13 11:15:00;6.3011
2025-09-13 11:30:00;6.2341
2025-09-13 11:45:00;6.142399999999999
2025-09-13 12:00:00;6.5555
2025-09-13 12:15:00;6.7253
2025-09-13 12:30:00;7.0755
2025-09-13 12:45:00;7.1645
2025-09-13 13:00:00;8.5212
2025-09-13 13:15:00;8.4215
2025-09-13 13:30:00;8.5722
2025-09-13 13:45:00;8.658999999999999
2025-09-13 14:00:00;7.1584
2025-09-13 14:15:00;6.800199999999999
2025-09-13 14:30:00;6.5829
2025-09-13 14:45:00;6.7519
2025-09-13 15:00:00;7.321400000000001
2025-09-13 15:15:00;7.4068
2025-09-13 15:30:00;7.2803
2025-09-13 15:45:00;6.974
2025-09-13 16:00:00;5.5241999999999996
2025-09-13 16:15:00;5.7766
2025-09-13 16:30:00;5.2315000000000005
2025-09-13 16:45:00;4.9085
2025-09-13 17:00:00;4.0413
2025-09-13 17:15:00;3.6508000000000003
2025-09-13 17:30:00;3.3571
2025-09-13 17:45:00;2.864
2025-09-13 18:00:00;2.4648
2025-09-13 18:15:00;2.1362
2025-09-13 18:30:00;1.5404000000000002
2025-09-13 18:45:00;1.1760000000000002
2025-09-13 19:00:00;0.5287
2025-09-13 19:15:00;0.14600000000000013
2025-09-13 19:30:00;0.0
2025-09-13 19:45:00;0.0
2025-09-13 20:00:00;0.0
2025-09-13 20:15:00;0.0
2025-09-13 20:30:00;0.0
2025-09-13 20:45:00;0.0
2025-09-13 21:00:00;0.0
2025-09-13 21:15:00;0.0
2025-09-13 21:30:00;0.0
2025-09-13 21:45:00;0.0
2025-09-13 22:00:00;0.0
2025-09-13 22:15:00;0.0
2025-09-13 22:30:00;0.0
2025-09-13 22:45:00;0.0
2025-09-13 23:00:00;0.0
2025-09-13 23:15:00;0.0
2025-09-13 23:30:00;0.0
2025-09-13 23:45:00;0.0
2025-09-14 00:00:00;0.0
2025-09-14 00:15:00;0.0
2025-09-14 00:30:00;0.0
2025-09-14 00:45:00;0.0
2025-09-14 01:00:00;0.0
2025-09-14 01:15:00;0.0
2025-09-14 01:30:00;0.0
2025-09-14 01:45:00;0.0
2025-09-14 02:00:00;0.0
2025-09-14 02:15:00;0.0
2025-09-14 02:30:00;0.0
2025-09-14 02:45:00;0.0
2025-09-14 03:00:00;0.0
2025-09-14 03:15:00;0.0
2025-09-14 03:30:00;0.0
2025-09-14 03:45:00;0.0
2025-09-14 04:00:00;0.0
2025-09-14 04:15:00;0.0
2025-09-14 04:30:00;0.0
2025-09-14 04:45:00;0.0
2025-09-14 05:00:00;0.0
2025-09-14 05:15:00;0.0
2025-09-14 05:30:00;0.0
2025-09-14 05:45:00;0.0
2025-09-14 06:00:00;0.0
2025-09-14 06:15:00;0.0
2025-09-14 06:30:00;0.0
2025-09-14 06:45:00;0.0
2025-09-14 07:00:00;0.0
2025-09-14 07:15:00;0.0
2025-09-14 07:30:00;0.0
2025-09-14 07:45:00;0.0
2025-09-14 08:00:00;0.0
2025-09-14 08:15:00;0.0
2025-09-14 08:30:00;0.0
2025-09-14 08:45:00;0.0878000000000001
2025-09-14 09:00:00;0.5642
2025-09-14 09:15:00;0.6807000000000001
2025-09-14 09:30:00;0.9853
2025-09-14 09:45:00;1.0964999999999998
2025-09-14 10:00:00;1.5861
2025-09-14 10:15:00;1.988
2025-09-14 10:30:00;1.9466
2025-09-14 10:45:00;2.4057
2025-09-14 11:00:00;1.8845
2025-09-14 11:15:00;2.0109999999999997
2025-09-14 11:30:00;2.2344
2025-09-14 11:45:00;2.0923999999999996
2025-09-14 12:00:00;2.3686
2025-09-14 12:15:00;2.5852
2025-09-14 12:30:00;2.6126
2025-09-14 12:45:00;2.6348000000000003
2025-09-14 13:00:00;2.0678
2025-09-14 13:15:00;2.2569999999999997
2025-09-14 13:30:00;2.0803
2025-09-14 13:45:00;2.2351
2025-09-14 14:00:00;2.9569
2025-09-14 14:15:00;2.6363000000000003
2025-09-14 14:30:00;2.6241000000000003
2025-09-14 14:45:00;2.6087
2025-09-14 15:00:00;2.7007000000000003
2025-09-14 15:15:00;2.5299
2025-09-14 15:30:00;2.5126
2025-09-14 15:45:00;2.5631
2025-09-14 16:00:00;1.9455
2025-09-14 16:15:00;2.0925000000000002
2025-09-14 16:30:00;1.8509
2025-09-14 16:45:00;1.4969000000000001
2025-09-14 17:00:00;1.0120000000000002
2025-09-14 17:15:00;0.8389
2025-09-14 17:30:00;0.6439000000000001
2025-09-14 17:45:00;0.43389999999999995
2025-09-14 18:00:00;0.17969999999999997
2025-09-14 18:15:00;0.0
2025-09-14 18:30:00;0.0
2025-09-14 18:45:00;0.0
2025-09-14 19:00:00;0.0
2025-09-14 19:15:00;0.0
2025-09-14 19:30:00;0.0
2025-09-14 19:45:00;0.0
2025-09-14 20:00:00;0.0
2025-09-14 20:15:00;0.0
2025-09-14 20:30:00;0.0
2025-09-14 20:45:00;0.0
2025-09-14 21:00:00;0.0
2025-09-14 21:15:00;0.0
2025-09-14 21:30:00;0.0
2025-09-14 21:45:00;0.0
2025-09-14 22:00:00;0.0
2025-09-14 22:15:00;0.0
2025-09-14 22:30:00;0.0
2025-09-14 22:45:00;0.0
2025-09-14 23:00:00;0.0
2025-09-14 23:15:00;0.0
2025-09-14 23:30:00;0.0
2025-09-14 23:45:00;0.0
2025-09-15 00:00:00;0.0
2025-09-15 00:15:00;0.0
2025-09-15 00:30:00;0.0
2025-09-15 00:45:00;0.0
2025-09-15 01:00:00;0.0
2025-09-15 01:15:00;0.0
2025-09-15 01:30:00;0.0
2025-09-15 01:45:00;0.0
2025-09-15 02:00:00;0.0
2025-09-15 02:15:00;0.0
2025-09-15 02:30:00;0.0
2025-09-15 02:45:00;0.0
2025-09-15 03:00:00;0.0
2025-09-15 03:15:00;0.0
2025-09-15 03:30:00;0.0
2025-09-15 03:45:00;0.0
2025-09-15 04:00:00;0.0
2025-09-15 04:15:00;0.0
2025-09-15 04:30:00;0.0
2025-09-15 04:45:00;0.0
2025-09-15 05:00:00;0.0
2025-09-15 05:15:00;0.0
2025-09-15 05:30:00;0.0
2025-09-15 05:45:00;0.0
2025-09-15 06:00:00;0.0
2025-09-15 06:15:00;0.0
2025-09-15 06:30:00;0.0
2025-09-15 06:45:00;0.0
2025-09-15 07:00:00;0.0
2025-09-15 07:15:00;0.0
2025-09-15 07:30:00;0.0
2025-09-15 07:45:00;0.0
2025-09-15 08:00:00;0.0
2025-09-15 08:15:00;0.0
2025-09-15 08:30:00;0.0
2025-09-15 08:45:00;0.037699999999999845
2025-09-15 09:00:00;0.4428000000000001
2025-09-15 09:15:00;0.6574
2025-09-15 09:30:00;0.7359
2025-09-15 09:45:00;0.9349999999999999
2025-09-15 10:00:00;1.4386
2025-09-15 10:15:00;1.4383
2025-09-15 10:30:00;1.6479999999999997
2025-09-15 10:45:00;1.8684999999999998
2025-09-15 11:00:00;1.9916999999999998
2025-09-15 11:15:00;1.9219000000000002
2025-09-15 11:30:00;2.1502
2025-09-15 11:45:00;2.1734
2025-09-15 12:00:00;2.3514999999999997
2025-09-15 12:15:00;2.3417999999999997
2025-09-15 12:30:00;2.2606
2025-09-15 12:45:00;2.3026
2025-09-15 13:00:00;2.7567
2025-09-15 13:15:00;2.7153
2025-09-15 13:30:00;2.8738
2025-09-15 13:45:00;2.9417999999999997
2025-09-15 14:00:00;2.3775999999999997
2025-09-15 14:15:00;2.3542
2025-09-15 14:30:00;2.1095
2025-09-15 14:45:00;2.1576999999999997
2025-09-15 15:00:00;2.6119000000000003
2025-09-15 15:15:00;2.21
2025-09-15 15:30:00;2.3667
2025-09-15 15:45:00;2.3262
2025-09-15 16:00:00;1.8248
2025-09-15 16:15:00;1.7308999999999997
2025-09-15 16:30:00;1.4503000000000001
2025-09-15 16:45:00;1.5194
2025-09-15 17:00:00;0.8881999999999999
2025-09-15 17:15:00;0.7503
2025-09-15 17:30:00;0.5932999999999999
2025-09-15 17:45:00;0.3355999999999999
2025-09-15 18:00:00;0.14569999999999994
2025-09-15 18:15:00;0.0
2025-09-15 18:30:00;0.0
2025-09-15 18:45:00;0.0
2025-09-15 19:00:00;0.0
2025-09-15 19:15:00;0.0
2025-09-15 19:30:00;0.0
2025-09-15 19:45:00;0.0
2025-09-15 20:00:00;0.0
2025-09-15 20:15:00;0.0
2025-09-15 20:30:00;0.0
2025-09-15 20:45:00;0.0
2025-09-15 21:00:00;0.0
2025-09-15 21:15:00;0.0
2025-09-15 21:30:00;0.0
2025-09-15 21:45:00;0.0
2025-09-15 22:00:00;0.0
2025-09-15 22:15:00;0.0
2025-09-15 22:30:00;0.0
2025-09-15 22:45:00;0.0
2025-09-15 23:00:00;0.0
2025-09-15 23:15:00;0.0
2025-09-15 23:30:00;0.0
2025-09-15 23:45:00;0.0
2025-09-16 00:00:00;0.0
2025-09-16 00:15:00;0.0
2025-09-16 00:30:00;0.0
2025-09-16 00:45:00;0.0
2025-09-16 01:00:00;0.0
2025-09-16 01:15:00;0.0
2025-09-16 01:30:00;0.0
2025-09-16 01:45:00;0.0
2025-09-16 02:00:00;0.0
2025-09-16 02:15:00;0.0
2025-09-16 02:30:00;0.0
2025-09-16 02:45:00;0.0
2025-09-16 03:00:00;0.0
2025-09-16 03:15:00;0.0
2025-09-16 03:30:00;0.0
2025-09-16 03:45:00;0.0
2025-09-16 04:00:00;0.0
2025-09-16 04:15:00;0.0
2025-09-16 04:30:00;0.0
2025-09-16 04:45:00;0.0
2025-09-16 05:00:00;0.0
2025-09-16 05:15:00;0.0
2025-09-16 05:30:00;0.0
2025-09-16 05:45:00;0.0
2025-09-16 06:00:00;0.0
2025-09-16 06:15:00;0.0
2025-09-16 06:30:00;0.0
2025-09-16 06:45:00;0.0
2025-09-16 07:00:00;0.0
2025-09-16 07:15:00;0.0
2025-09-16 07:30:00;0.0
2025-09-16 07:45:00;0.0
2025-09-16 08:00:00;2.3113
2025-09-16 08:15:00;3.7335000000000003
2025-09-16 08:30:00;4.6106
2025-09-16 08:45:00;5.803100000000001
2025-09-16 09:00:00;6.0806
2025-09-16 09:15:00;6.7956
2025-09-16 09:30:00;8.028500000000001
2025-09-16 09:45:00;8.2393
2025-09-16 10:00:00;11.6051
2025-09-16 10:15:00;12.7581
2025-09-16 10:30:00;13.332
2025-09-16 10:45:00;14.168
2025-09-16 11:00:00;19.376299999999997
2025-09-16 11:15:00;20.5148
2025-09-16 11:30:00;20.9285
2025-09-16 11:45:00;21.924899999999997
2025-09-16 12:00:00;20.6536
2025-09-16 12:15:00;22.2835
2025-09-16 12:30:00;22.9678
2025-09-16 12:45:00;21.9764
2025-09-16 13:00:00;8.4958
2025-09-16 13:15:00;8.2237
2025-09-16 13:30:00;8.2071
2025-09-16 13:45:00;8.3723
2025-09-16 14:00:00;20.7661
2025-09-16 14:15:00;21.034599999999998
2025-09-16 14:30:00;19.912300000000002
2025-09-16 14:45:00;18.858800000000002
2025-09-16 15:00:00;19.6017
2025-09-16 15:15:00;19.2519
2025-09-16 15:30:00;17.5681
2025-09-16 15:45:00;17.8155
2025-09-16 16:00:00;13.9943
2025-09-16 16:15:00;13.1798
2025-09-16 16:30:00;13.8734
2025-09-16 16:45:00;12.151200000000001
2025-09-16 17:00:00;12.2966
2025-09-16 17:15:00;13.2063
2025-09-16 17:30:00;11.2776
2025-09-16 17:45:00;10.403500000000001
2025-09-16 18:00:00;11.1417
2025-09-16 18:15:00;9.630799999999999
2025-09-16 18:30:00;8.1352
2025-09-16 18:45:00;6.6601
2025-09-16 19:00:00;3.2970999999999995
2025-09-16 19:15:00;2.1746
2025-09-16 19:30:00;0.8821000000000001
2025-09-16 19:45:00;0.0
2025-09-16 20:00:00;0.0
2025-09-16 20:15:00;0.0
2025-09-16 20:30:00;0.0
2025-09-16 20:45:00;0.0
2025-09-16 21:00:00;0.0
2025-09-16 21:15:00;0.0
2025-09-16 21:30:00;0.0
2025-09-16 21:45:00;0.0
2025-09-16 22:00:00;0.0
2025-09-16 22:15:00;0.0
2025-09-16 22:30:00;0.0
2025-09-16 22:45:00;0.0
2025-09-16 23:00:00;0.0
2025-09-16 23:15:00;0.0
2025-09-16 23:30:00;0.0
2025-09-16 23:45:00;0.0
2025-09-17 00:00:00;0.0
2025-09-17 00:15:00;0.0
2025-09-17 00:30:00;0.0
2025-09-17 00:45:00;0.0
2025-09-17 01:00:00;0.0
2025-09-17 01:15:00;0.0
2025-09-17 01:30:00;0.0
2025-09-17 01:45:00;0.0
2025-09-17 02:00:00;0.0
2025-09-17 02:15:00;0.0
2025-09-17 02:30:00;0.0
2025-09-17 02:45:00;0.0
2025-09-17 03:00:00;0.0
2025-09-17 03:15:00;0.0
2025-09-17 03:30:00;0.0
2025-09-17 03:45:00;0.0
2025-09-17 04:00:00;0.0
2025-09-17 04:15:00;0.0
2025-09-17 04:30:00;0.0
2025-09-17 04:45:00;0.0
2025-09-17 05:00:00;0.0
2025-09-17 05:15:00;0.0
2025-09-17 05:30:00;0.0
2025-09-17 05:45:00;0.0
2025-09-17 06:00:00;0.0
2025-09-17 06:15:00;0.0
2025-09-17 06:30:00;0.0
2025-09-17 06:45:00;0.0
2025-09-17 07:00:00;0.0
2025-09-17 07:15:00;0.0
2025-09-17 07:30:00;0.027099999999999902
2025-09-17 07:45:00;1.434
2025-09-17 08:00:00;2.9215
2025-09-17 08:15:00;4.2066
2025-09-17 08:30:00;5.7044999999999995
2025-09-17 08:45:00;6.5924000000000005
2025-09-17 09:00:00;3.0037000000000003
2025-09-17 09:15:00;3.364
2025-09-17 09:30:00;3.7737
2025-09-17 09:45:00;4.4518
2025-09-17 10:00:00;14.3844
2025-09-17 10:15:00;15.6049
2025-09-17 10:30:00;16.1292
2025-09-17 10:45:00;18.0532
2025-09-17 11:00:00;16.8713
2025-09-17 11:15:00;18.909000000000002
2025-09-17 11:30:00;18.9268
2025-09-17 11:45:00;20.0689
2025-09-17 12:00:00;15.8318
2025-09-17 12:15:00;15.9991
2025-09-17 12:30:00;17.039
2025-09-17 12:45:00;16.4481
2025-09-17 13:00:00;22.9119
2025-09-17 13:15:00;22.4932
2025-09-17 13:30:00;22.238599999999998
2025-09-17 13:45:00;22.87
2025-09-17 14:00:00;22.6534
2025-09-17 14:15:00;21.0673
2025-09-17 14:30:00;21.86
2025-09-17 14:45:00;20.635900000000003
2025-09-17 15:00:00;21.3303
2025-09-17 15:15:00;19.986400000000003
2025-09-17 15:30:00;19.1338
2025-09-17 15:45:00;19.205699999999997
2025-09-17 16:00:00;18.813100000000002
2025-09-17 16:15:00;18.118
2025-09-17 16:30:00;17.2196
2025-09-17 16:45:00;16.3229
2025-09-17 17:00:00;14.045399999999999
2025-09-17 17:15:00;13.1068
2025-09-17 17:30:00;11.273399999999999
2025-09-17 17:45:00;10.081199999999999
2025-09-17 18:00:00;8.3558
2025-09-17 18:15:00;8.045499999999999
2025-09-17 18:30:00;6.4247
2025-09-17 18:45:00;5.302
2025-09-17 19:00:00;3.8550000000000004
2025-09-17 19:15:00;2.4368999999999996
2025-09-17 19:30:00;1.1209
2025-09-17 19:45:00;0.0
2025-09-17 20:00:00;0.0
2025-09-17 20:15:00;0.0
2025-09-17 20:30:00;0.0
2025-09-17 20:45:00;0.0
2025-09-17 21:00:00;0.0
2025-09-17 21:15:00;0.0
2025-09-17 21:30:00;0.0
2025-09-17 21:45:00;0.0
2025-09-17 22:00:00;0.0
2025-09-17 22:15:00;0.0
2025-09-17 22:30:00;0.0
2025-09-17 22:45:00;0.0
2025-09-17 23:00:00;0.0
2025-09-17 23:15:00;0.0
2025-09-17 23:30:00;0.0
2025-09-17 23:45:00;0.0
2025-09-18 00:00:00;0.0
2025-09-18 00:15:00;0.0
2025-09-18 00:30:00;0.0
2025-09-18 00:45:00;0.0
2025-09-18 01:00:00;0.0
2025-09-18 01:15:00;0.0
2025-09-18 01:30:00;0.0
2025-09-18 01:45:00;0.0
2025-09-18 02:00:00;0.0
2025-09-18 02:15:00;0.0
2025-09-18 02:30:00;0.0
2025-09-18 02:45:00;0.0
2025-09-18 03:00:00;0.0
2025-09-18 03:15:00;0.0
2025-09-18 03:30:00;0.0
2025-09-18 03:45:00;0.0
2025-09-18 04:00:00;0.0
2025-09-18 04:15:00;0.0
2025-09-18 04:30:00;0.0
2025-09-18 04:45:00;0.0
2025-09-18 05:00:00;0.0
2025-09-18 05:15:00;0.0
2025-09-18 05:30:00;0.0
2025-09-18 05:45:00;0.0
2025-09-18 06:00:00;0.0
2025-09-18 06:15:00;0.0
2025-09-18 06:30:00;0.0
2025-09-18 06:45:00;0.0
2025-09-18 07:00:00;0.0
2025-09-18 07:15:00;0.0
2025-09-18 07:30:00;0.7361
2025-09-18 07:45:00;2.6015999999999995
2025-09-18 08:00:00;5.079000000000001
2025-09-18 08:15:00;6.9416
2025-09-18 08:30:00;9.1711
2025-09-18 08:45:00;11.3879
2025-09-18 09:00:00;13.8431
2025-09-18 09:15:00;15.5543
2025-09-18 09:30:00;17.2335
2025-09-18 09:45:00;19.8343
2025-09-18 10:00:00;20.1701
2025-09-18 10:15:00;22.4069
2025-09-18 10:30:00;24.7116
2025-09-18 10:45:00;25.407
2025-09-18 11:00:00;28.0368
2025-09-18 11:15:00;29.337
2025-09-18 11:30:00;29.3649
2025-09-18 11:45:00;31.7315
2025-09-18 12:00:00;26.8366
2025-09-18 12:15:00;28.2866
2025-09-18 12:30:00;29.5429
2025-09-18 12:45:00;27.9849
2025-09-18 13:00:00;34.3893
2025-09-18 13:15:00;34.6351
2025-09-18 13:30:00;33.883500000000005
2025-09-18 13:45:00;33.4892
2025-09-18 14:00:00;29.156000000000002
2025-09-18 14:15:00;29.2039
2025-09-18 14:30:00;30.2618
2025-09-18 14:45:00;29.414199999999997
2025-09-18 15:00:00;30.8103
2025-09-18 15:15:00;28.509600000000002
2025-09-18 15:30:00;29.2601
2025-09-18 15:45:00;27.4909
2025-09-18 16:00:00;29.2021
2025-09-18 16:15:00;27.252
2025-09-18 16:30:00;27.3893
2025-09-18 16:45:00;24.2069
2025-09-18 17:00:00;18.7291
2025-09-18 17:15:00;17.051099999999998
2025-09-18 17:30:00;16.545199999999998
2025-09-18 17:45:00;15.2251
2025-09-18 18:00:00;14.3194
2025-09-18 18:15:00;11.5778
2025-09-18 18:30:00;10.6082
2025-09-18 18:45:00;8.3691
2025-09-18 19:00:00;5.5321
2025-09-18 19:15:00;3.9111000000000002
2025-09-18 19:30:00;1.9453
2025-09-18 19:45:00;0.25849999999999995
2025-09-18 20:00:00;0.0
2025-09-18 20:15:00;0.0
2025-09-18 20:30:00;0.0
2025-09-18 20:45:00;0.0
2025-09-18 21:00:00;0.0
2025-09-18 21:15:00;0.0
2025-09-18 21:30:00;0.0
2025-09-18 21:45:00;0.0
2025-09-18 22:00:00;0.0
2025-09-18 22:15:00;0.0
2025-09-18 22:30:00;0.0
2025-09-18 22:45:00;0.0
2025-09-18 23:00:00;0.0
2025-09-18 23:15:00;0.0
2025-09-18 23:30:00;0.0
2025-09-18 23:45:00;0.0
2025-09-19 00:00:00;0.0
2025-09-19 00:15:00;0.0
2025-09-19 00:30:00;0.0
2025-09-19 00:45:00;0.0
2025-09-19 01:00:00;0.0
2025-09-19 01:15:00;0.0
2025-09-19 01:30:00;0.0
2025-09-19 01:45:00;0.0
2025-09-19 02:00:00;0.0
2025-09-19 02:15:00;0.0
2025-09-19 02:30:00;0.0
2025-09-19 02:45:00;0.0
2025-09-19 03:00:00;0.0
2025-09-19 03:15:00;0.0
2025-09-19 03:30:00;0.0
2025-09-19 03:45:00;0.0
2025-09-19 04:00:00;0.0
2025-09-19 04:15:00;0.0
2025-09-19 04:30:00;0.0
2025-09-19 04:45:00;0.0
2025-09-19 05:00:00;0.0
2025-09-19 05:15:00;0.0
2025-09-19 05:30:00;0.0
2025-09-19 05:45:00;0.0
2025-09-19 06:00:00;0.0
2025-09-19 06:15:00;0.0
2025-09-19 06:30:00;0.0
2025-09-19 06:45:00;0.0
2025-09-19 07:00:00;0.0
2025-09-19 07:15:00;0.0
2025-09-19 07:30:00;0.2651999999999999
2025-09-19 07:45:00;1.6502
2025-09-19 08:00:00;1.2937
2025-09-19 08:15:00;2.0436
2025-09-19 08:30:00;2.8796
2025-09-19 08:45:00;3.2771999999999997
2025-09-19 09:00:00;9.0433
2025-09-19 09:15:00;9.76
2025-09-19 09:30:00;10.9833
2025-09-19 09:45:00;12.557
2025-09-19 10:00:00;9.4227
2025-09-19 10:15:00;10.364
2025-09-19 10:30:00;10.8922
2025-09-19 10:45:00;11.395499999999998
2025-09-19 11:00:00;16.7647
2025-09-19 11:15:00;19.7447
2025-09-19 11:30:00;19.700599999999998
2025-09-19 11:45:00;20.7861
2025-09-19 12:00:00;19.0815
2025-09-19 12:15:00;18.1769
2025-09-19 12:30:00;19.575699999999998
2025-09-19 12:45:00;19.5127
2025-09-19 13:00:00;22.2228
2025-09-19 13:15:00;21.6537
2025-09-19 13:30:00;21.5632
2025-09-19 13:45:00;21.128600000000002
2025-09-19 14:00:00;17.9998
2025-09-19 14:15:00;18.0663
2025-09-19 14:30:00;18.4249
2025-09-19 14:45:00;17.9085
2025-09-19 15:00:00;18.5966
2025-09-19 15:15:00;17.8764
2025-09-19 15:30:00;17.2183
2025-09-19 15:45:00;16.6828
2025-09-19 16:00:00;18.337
2025-09-19 16:15:00;17.982000000000003
2025-09-19 16:30:00;15.928099999999999
2025-09-19 16:45:00;15.2039
2025-09-19 17:00:00;15.693299999999999
2025-09-19 17:15:00;14.2906
2025-09-19 17:30:00;12.8926
2025-09-19 17:45:00;11.463700000000001
2025-09-19 18:00:00;4.171399999999999
2025-09-19 18:15:00;3.4690000000000003
2025-09-19 18:30:00;2.9074999999999998
2025-09-19 18:45:00;2.0628
2025-09-19 19:00:00;3.8166
2025-09-19 19:15:00;2.301
2025-09-19 19:30:00;1.0031
2025-09-19 19:45:00;0.0
2025-09-19 20:00:00;0.0
2025-09-19 20:15:00;0.0
2025-09-19 20:30:00;0.0
2025-09-19 20:45:00;0.0
2025-09-19 21:00:00;0.0
2025-09-19 21:15:00;0.0
2025-09-19 21:30:00;0.0
2025-09-19 21:45:00;0.0
2025-09-19 22:00:00;0.0
2025-09-19 22:15:00;0.0
2025-09-19 22:30:00;0.0
2025-09-19 22:45:00;0.0
2025-09-19 23:00:00;0.0
2025-09-19 23:15:00;0.0
2025-09-19 23:30:00;0.0
2025-09-19 23:45:00;0.0
2025-09-20 00:00:00;0.0
2025-09-20 00:15:00;0.0
2025-09-20 00:30:00;0.0
2025-09-20 00:45:00;0.0
2025-09-20 01:00:00;0.0
2025-09-20 01:15:00;0.0
2025-09-20 01:30:00;0.0
2025-09-20 01:45:00;0.0
2025-09-20 02:00:00;0.0
2025-09-20 02:15:00;0.0
2025-09-20 02:30:00;0.0
2025-09-20 02:45:00;0.0
2025-09-20 03:00:00;0.0
2025-09-20 03:15:00;0.0
2025-09-20 03:30:00;0.0
2025-09-20 03:45:00;0.0
2025-09-20 04:00:00;0.0
2025-09-20 04:15:00;0.0
2025-09-20 04:30:00;0.0
2025-09-20 04:45:00;0.0
2025-09-20 05:00:00;0.0
2025-09-20 05:15:00;0.0
2025-09-20 05:30:00;0.0
2025-09-20 05:45:00;0.0
2025-09-20 06:00:00;0.0
2025-09-20 06:15:00;0.0
2025-09-20 06:30:00;0.0
2025-09-20 06:45:00;0.0
2025-09-20 07:00:00;0.0
2025-09-20 07:15:00;0.0
2025-09-20 07:30:00;0.0
2025-09-20 07:45:00;0.7105000000000001
2025-09-20 08:00:00;3.3167000000000004
2025-09-20 08:15:00;4.512099999999999
2025-09-20 08:30:00;5.6662
2025-09-20 08:45:00;7.0218
2025-09-20 09:00:00;7.987899999999999
2025-09-20 09:15:00;9.088000000000001
2025-09-20 09:30:00;10.523900000000001
2025-09-20 09:45:00;11.251000000000001
2025-09-20 10:00:00;14.808900000000001
2025-09-20 10:15:00;15.6591
2025-09-20 10:30:00;16.4159
2025-09-20 10:45:00;16.057100000000002
2025-09-20 11:00:00;16.0168
2025-09-20 11:15:00;19.791400000000003
2025-09-20 11:30:00;19.424
2025-09-20 11:45:00;20.0067
2025-09-20 12:00:00;8.0391
2025-09-20 12:15:00;8.3457
2025-09-20 12:30:00;8.3435
2025-09-20 12:45:00;8.4192
2025-09-20 13:00:00;18.988899999999997
2025-09-20 13:15:00;18.3716
2025-09-20 13:30:00;18.2289
2025-09-20 13:45:00;18.9679
2025-09-20 14:00:00;19.4666
2025-09-20 14:15:00;20.5984
2025-09-20 14:30:00;19.4731
2025-09-20 14:45:00;19.8769
2025-09-20 15:00:00;21.262500000000003
2025-09-20 15:15:00;20.2391
2025-09-20 15:30:00;19.1414
2025-09-20 15:45:00;18.9483
2025-09-20 16:00:00;18.079900000000002
2025-09-20 16:15:00;16.308500000000002
2025-09-20 16:30:00;14.9042
2025-09-20 16:45:00;14.7901
2025-09-20 17:00:00;13.3839
2025-09-20 17:15:00;12.7096
2025-09-20 17:30:00;11.2418
2025-09-20 17:45:00;9.9352
2025-09-20 18:00:00;8.588999999999999
2025-09-20 18:15:00;7.9079999999999995
2025-09-20 18:30:00;6.1978
2025-09-20 18:45:00;5.1621
2025-09-20 19:00:00;4.2357
2025-09-20 19:15:00;2.7025000000000006
2025-09-20 19:30:00;1.4835000000000003
2025-09-20 19:45:00;0.10270000000000001
2025-09-20 20:00:00;0.0
2025-09-20 20:15:00;0.0
2025-09-20 20:30:00;0.0
2025-09-20 20:45:00;0.0
2025-09-20 21:00:00;0.0
2025-09-20 21:15:00;0.0
2025-09-20 21:30:00;0.0
2025-09-20 21:45:00;0.0
2025-09-20 22:00:00;0.0
2025-09-20 22:15:00;0.0
2025-09-20 22:30:00;0.0
2025-09-20 22:45:00;0.0
2025-09-20 23:00:00;0.0
2025-09-20 23:15:00;0.0
2025-09-20 23:30:00;0.0
2025-09-20 23:45:00;0.0
2025-09-21 00:00:00;0.0
2025-09-21 00:15:00;0.0
2025-09-21 00:30:00;0.0
2025-09-21 00:45:00;0.0
2025-09-21 01:00:00;0.0
2025-09-21 01:15:00;0.0
2025-09-21 01:30:00;0.0
2025-09-21 01:45:00;0.0
2025-09-21 02:00:00;0.0
2025-09-21 02:15:00;0.0
2025-09-21 02:30:00;0.0
2025-09-21 02:45:00;0.0
2025-09-21 03:00:00;0.0
2025-09-21 03:15:00;0.0
2025-09-21 03:30:00;0.0
2025-09-21 03:45:00;0.0
2025-09-21 04:00:00;0.0
2025-09-21 04:15:00;0.0
2025-09-21 04:30:00;0.0
2025-09-21 04:45:00;0.0
2025-09-21 05:00:00;0.0
2025-09-21 05:15:00;0.0
2025-09-21 05:30:00;0.0
2025-09-21 05:45:00;0.0
2025-09-21 06:00:00;0.0
2025-09-21 06:15:00;0.0
2025-09-21 06:30:00;0.0
2025-09-21 06:45:00;0.0
2025-09-21 07:00:00;0.0
2025-09-21 07:15:00;0.0
2025-09-21 07:30:00;0.28990000000000005
2025-09-21 07:45:00;1.4598999999999998
2025-09-21 08:00:00;2.9484
2025-09-21 08:15:00;4.4411
2025-09-21 08:30:00;5.9435
2025-09-21 08:45:00;6.9614
2025-09-21 09:00:00;8.4139
2025-09-21 09:15:00;10.0665
2025-09-21 09:30:00;11.3806
2025-09-21 09:45:00;12.5313
2025-09-21 10:00:00;13.4257
2025-09-21 10:15:00;14.2349
2025-09-21 10:30:00;14.7351
2025-09-21 10:45:00;16.7706
2025-09-21 11:00:00;16.9624
2025-09-21 11:15:00;18.457
2025-09-21 11:30:00;19.2712
2025-09-21 11:45:00;20.1048
2025-09-21 12:00:00;6.4552
2025-09-21 12:15:00;6.6862
2025-09-21 12:30:00;7.0752
2025-09-21 12:45:00;7.5259
2025-09-21 13:00:00;18.9648
2025-09-21 13:15:00;20.2792
2025-09-21 13:30:00;20.3598
2025-09-21 13:45:00;20.5375
2025-09-21 14:00:00;10.5688
2025-09-21 14:15:00;11.071100000000001
2025-09-21 14:30:00;10.744800000000001
2025-09-21 14:45:00;10.2825
2025-09-21 15:00:00;18.351799999999997
2025-09-21 15:15:00;18.2138
2025-09-21 15:30:00;18.057699999999997
2025-09-21 15:45:00;16.4111
2025-09-21 16:00:00;18.6481
2025-09-21 16:15:00;18.5542
2025-09-21 16:30:00;16.0372
2025-09-21 16:45:00;14.912700000000001
2025-09-21 17:00:00;14.6709
2025-09-21 17:15:00;13.6697
2025-09-21 17:30:00;12.488
2025-09-21 17:45:00;10.976700000000001
2025-09-21 18:00:00;4.8067
2025-09-21 18:15:00;3.7559
2025-09-21 18:30:00;3.1411
2025-09-21 18:45:00;2.4356
2025-09-21 19:00:00;4.0375
2025-09-21 19:15:00;2.4357
2025-09-21 19:30:00;1.2718999999999998
2025-09-21 19:45:00;0.0
2025-09-21 20:00:00;0.0
2025-09-21 20:15:00;0.0
2025-09-21 20:30:00;0.0
2025-09-21 20:45:00;0.0
2025-09-21 21:00:00;0.0
2025-09-21 21:15:00;0.0
2025-09-21 21:30:00;0.0
2025-09-21 21:45:00;0.0
2025-09-21 22:00:00;0.0
2025-09-21 22:15:00;0.0
2025-09-21 22:30:00;0.0
2025-09-21 22:45:00;0.0
2025-09-21 23:00:00;0.0
2025-09-21 23:15:00;0.0
2025-09-21 23:30:00;0.0
2025-09-21 23:45:00;0.0
2025-09-22 00:00:00;0.0
2025-09-22 00:15:00;0.0
2025-09-22 00:30:00;0.0
2025-09-22 00:45:00;0.0
2025-09-22 01:00:00;0.0
2025-09-22 01:15:00;0.0
2025-09-22 01:30:00;0.0
2025-09-22 01:45:00;0.0
2025-09-22 02:00:00;0.0
2025-09-22 02:15:00;0.0
2025-09-22 02:30:00;0.0
2025-09-22 02:45:00;0.0
2025-09-22 03:00:00;0.0
2025-09-22 03:15:00;0.0
2025-09-22 03:30:00;0.0
2025-09-22 03:45:00;0.0
2025-09-22 04:00:00;0.0
2025-09-22 04:15:00;0.0
2025-09-22 04:30:00;0.0
2025-09-22 04:45:00;0.0
2025-09-22 05:00:00;0.0
2025-09-22 05:15:00;0.0
2025-09-22 05:30:00;0.0
2025-09-22 05:45:00;0.0
2025-09-22 06:00:00;0.0
2025-09-22 06:15:00;0.0
2025-09-22 06:30:00;0.0
2025-09-22 06:45:00;0.0
2025-09-22 07:00:00;0.0
2025-09-22 07:15:00;0.0
2025-09-22 07:30:00;0.5859000000000001
2025-09-22 07:45:00;2.6957000000000004
2025-09-22 08:00:00;4.7916
2025-09-22 08:15:00;7.0851
2025-09-22 08:30:00;9.1428
2025-09-22 08:45:00;10.406
2025-09-22 09:00:00;14.5433
2025-09-22 09:15:00;16.4129
2025-09-22 09:30:00;18.8465
2025-09-22 09:45:00;18.7794
2025-09-22 10:00:00;20.4759
2025-09-22 10:15:00;23.1961
2025-09-22 10:30:00;24.3704
2025-09-22 10:45:00;25.604799999999997
2025-09-22 11:00:00;27.297
2025-09-22 11:15:00;26.6345
2025-09-22 11:30:00;26.614
2025-09-22 11:45:00;29.7339
2025-09-22 12:00:00;30.3912
2025-09-22 12:15:00;32.3018
2025-09-22 12:30:00;32.3032
2025-09-22 12:45:00;33.1256
2025-09-22 13:00:00;30.8688
2025-09-22 13:15:00;32.2797
2025-09-22 13:30:00;32.200900000000004
2025-09-22 13:45:00;30.0272
2025-09-22 14:00:00;31.822200000000002
2025-09-22 14:15:00;30.1235
2025-09-22 14:30:00;31.334799999999998
2025-09-22 14:45:00;30.7261
2025-09-22 15:00:00;29.664199999999997
2025-09-22 15:15:00;27.927899999999998
2025-09-22 15:30:00;26.186899999999998
2025-09-22 15:45:00;27.1429
2025-09-22 16:00:00;24.450799999999997
2025-09-22 16:15:00;24.1339
2025-09-22 16:30:00;21.9927
2025-09-22 16:45:00;21.3747
2025-09-22 17:00:00;19.970200000000002
2025-09-22 17:15:00;18.2582
2025-09-22 17:30:00;16.7466
2025-09-22 17:45:00;14.7054
2025-09-22 18:00:00;14.5581
2025-09-22 18:15:00;12.6223
2025-09-22 18:30:00;10.2706
2025-09-22 18:45:00;9.1205
2025-09-22 19:00:00;5.7207
2025-09-22 19:15:00;3.8192
2025-09-22 19:30:00;2.5302999999999995
2025-09-22 19:45:00;0.36029999999999984
2025-09-22 20:00:00;0.0
2025-09-22 20:15:00;0.0
2025-09-22 20:30:00;0.0
2025-09-22 20:45:00;0.0
2025-09-22 21:00:00;0.0
2025-09-22 21:15:00;0.0
2025-09-22 21:30:00;0.0
2025-09-22 21:45:00;0.0
2025-09-22 22:00:00;0.0
2025-09-22 22:15:00;0.0
2025-09-22 22:30:00;0.0
2025-09-22 22:45:00;0.0
2025-09-22 23:00:00;0.0
2025-09-22 23:15:00;0.0
2025-09-22 23:30:00;0.0
2025-09-22 23:45:00;0.0
2025-09-23 00:00:00;0.0
2025-09-23 00:15:00;0.0
2025-09-23 00:30:00;0.0
2025-09-23 00:45:00;0.0
2025-09-23 01:00:00;0.0
2025-09-23 01:15:00;0.0
2025-09-23 01:30:00;0.0
2025-09-23 01:45:00;0.0
2025-09-23 02:00:00;0.0
2025-09-23 02:15:00;0.0
2025-09-23 02:30:00;0.0
2025-09-23 02:45:00;0.0
2025-09-23 03:00:00;0.0
2025-09-23 03:15:00;0.0
2025-09-23 03:30:00;0.0
2025-09-23 03:45:00;0.0
2025-09-23 04:00:00;0.0
2025-09-23 04:15:00;0.0
2025-09-23 04:30:00;0.0
2025-09-23 04:45:00;0.0
2025-09-23 05:00:00;0.0
2025-09-23 05:15:00;0.0
2025-09-23 05:30:00;0.0
2025-09-23 05:45:00;0.0
2025-09-23 06:00:00;0.0
2025-09-23 06:15:00;0.0
2025-09-23 06:30:00;0.0
2025-09-23 06:45:00;0.0
2025-09-23 07:00:00;0.0
2025-09-23 07:15:00;0.0
2025-09-23 07:30:00;0.0
2025-09-23 07:45:00;1.0231
2025-09-23 08:00:00;2.5526
2025-09-23 08:15:00;3.7175
2025-09-23 08:30:00;5.0381
2025-09-23 08:45:00;5.8413
2025-09-23 09:00:00;8.2141
2025-09-23 09:15:00;8.922799999999999
2025-09-23 09:30:00;10.3813
2025-09-23 09:45:00;10.6525
2025-09-23 10:00:00;8.0968
2025-09-23 10:15:00;8.1368
2025-09-23 10:30:00;9.1324
2025-09-23 10:45:00;9.9524
2025-09-23 11:00:00;14.7488
2025-09-23 11:15:00;15.646999999999998
2025-09-23 11:30:00;17.3601
2025-09-23 11:45:00;16.662
2025-09-23 12:00:00;24.7441
2025-09-23 12:15:00;26.5249
2025-09-23 12:30:00;27.4282
2025-09-23 12:45:00;26.5659
2025-09-23 13:00:00;10.5586
2025-09-23 13:15:00;10.454400000000001
2025-09-23 13:30:00;10.344
2025-09-23 13:45:00;10.2422
2025-09-23 14:00:00;19.186
2025-09-23 14:15:00;19.700200000000002
2025-09-23 14:30:00;19.4805
2025-09-23 14:45:00;18.891099999999998
2025-09-23 15:00:00;14.5962
2025-09-23 15:15:00;15.5206
2025-09-23 15:30:00;13.5105
2025-09-23 15:45:00;12.9495
2025-09-23 16:00:00;18.3748
2025-09-23 16:15:00;17.143
2025-09-23 16:30:00;16.7276
2025-09-23 16:45:00;15.5884
2025-09-23 17:00:00;13.8535
2025-09-23 17:15:00;12.2706
2025-09-23 17:30:00;11.4251
2025-09-23 17:45:00;10.515799999999999
2025-09-23 18:00:00;8.697500000000002
2025-09-23 18:15:00;7.7986
2025-09-23 18:30:00;5.8791
2025-09-23 18:45:00;5.1679
2025-09-23 19:00:00;3.4636
2025-09-23 19:15:00;2.0346
2025-09-23 19:30:00;0.5897000000000001
2025-09-23 19:45:00;0.0
2025-09-23 20:00:00;0.0
2025-09-23 20:15:00;0.0
2025-09-23 20:30:00;0.0
2025-09-23 20:45:00;0.0
2025-09-23 21:00:00;0.0
2025-09-23 21:15:00;0.0
2025-09-23 21:30:00;0.0
2025-09-23 21:45:00;0.0
2025-09-23 22:00:00;0.0
2025-09-23 22:15:00;0.0
2025-09-23 22:30:00;0.0
2025-09-23 22:45:00;0.0
2025-09-23 23:00:00;0.0
2025-09-23 23:15:00;0.0
2025-09-23 23:30:00;0.0
2025-09-23 23:45:00;0.0
2025-09-24 00:00:00;0.0
2025-09-24 00:15:00;0.0
2025-09-24 00:30:00;0.0
2025-09-24 00:45:00;0.0
2025-09-24 01:00:00;0.0
2025-09-24 01:15:00;0.0
2025-09-24 01:30:00;0.0
2025-09-24 01:45:00;0.0
2025-09-24 02:00:00;0.0
2025-09-24 02:15:00;0.0
2025-09-24 02:30:00;0.0
2025-09-24 02:45:00;0.0
2025-09-24 03:00:00;0.0
2025-09-24 03:15:00;0.0
2025-09-24 03:30:00;0.0
2025-09-24 03:45:00;0.0
2025-09-24 04:00:00;0.0
2025-09-24 04:15:00;0.0
2025-09-24 04:30:00;0.0
2025-09-24 04:45:00;0.0
2025-09-24 05:00:00;0.0
2025-09-24 05:15:00;0.0
2025-09-24 05:30:00;0.0
2025-09-24 05:45:00;0.0
2025-09-24 06:00:00;0.0
2025-09-24 06:15:00;0.0
2025-09-24 06:30:00;0.0
2025-09-24 06:45:00;0.0
2025-09-24 07:00:00;0.0
2025-09-24 07:15:00;0.0
2025-09-24 07:30:00;0.8397999999999999
2025-09-24 07:45:00;2.8924000000000003
2025-09-24 08:00:00;4.652
2025-09-24 08:15:00;6.397399999999999
2025-09-24 08:30:00;8.7536
2025-09-24 08:45:00;10.0165
2025-09-24 09:00:00;14.451899999999998
2025-09-24 09:15:00;16.5486
2025-09-24 09:30:00;17.5873
2025-09-24 09:45:00;20.2404
2025-09-24 10:00:00;21.2278
2025-09-24 10:15:00;22.131800000000002
2025-09-24 10:30:00;25.9146
2025-09-24 10:45:00;26.5775
2025-09-24 11:00:00;25.8811
2025-09-24 11:15:00;28.4771
2025-09-24 11:30:00;28.9463
2025-09-24 11:45:00;30.4028
2025-09-24 12:00:00;34.3831
2025-09-24 12:15:00;32.286100000000005
2025-09-24 12:30:00;33.582899999999995
2025-09-24 12:45:00;34.3239
2025-09-24 13:00:00;29.8234
2025-09-24 13:15:00;31.3873
2025-09-24 13:30:00;28.1735
2025-09-24 13:45:00;30.3471
2025-09-24 14:00:00;33.0176
2025-09-24 14:15:00;31.872999999999998
2025-09-24 14:30:00;32.2266
2025-09-24 14:45:00;32.662400000000005
2025-09-24 15:00:00;28.4954
2025-09-24 15:15:00;29.8675
2025-09-24 15:30:00;29.0991
2025-09-24 15:45:00;27.040000000000003
2025-09-24 16:00:00;29.1875
2025-09-24 16:15:00;28.7948
2025-09-24 16:30:00;27.775299999999998
2025-09-24 16:45:00;24.6401
2025-09-24 17:00:00;22.0482
2025-09-24 17:15:00;20.8505
2025-09-24 17:30:00;18.196299999999997
2025-09-24 17:45:00;16.838199999999997
2025-09-24 18:00:00;13.6672
2025-09-24 18:15:00;12.435099999999998
2025-09-24 18:30:00;10.8064
2025-09-24 18:45:00;8.705400000000001
2025-09-24 19:00:00;6.760199999999999
2025-09-24 19:15:00;4.8808
2025-09-24 19:30:00;2.8234999999999997
2025-09-24 19:45:00;0.6307000000000003
2025-09-24 20:00:00;0.0
2025-09-24 20:15:00;0.0
2025-09-24 20:30:00;0.0
2025-09-24 20:45:00;0.0
2025-09-24 21:00:00;0.0
2025-09-24 21:15:00;0.0
2025-09-24 21:30:00;0.0
2025-09-24 21:45:00;0.0
2025-09-24 22:00:00;0.0
2025-09-24 22:15:00;0.0
2025-09-24 22:30:00;0.0
2025-09-24 22:45:00;0.0
2025-09-24 23:00:00;0.0
2025-09-24 23:15:00;0.0
2025-09-24 23:30:00;0.0
2025-09-24 23:45:00;0.0
2025-09-25 00:00:00;0.0
2025-09-25 00:15:00;0.0
2025-09-25 00:30:00;0.0
2025-09-25 00:45:00;0.0
2025-09-25 01:00:00;0.0
2025-09-25 01:15:00;0.0
2025-09-25 01:30:00;0.0
2025-09-25 01:45:00;0.0
2025-09-25 02:00:00;0.0
2025-09-25 02:15:00;0.0
2025-09-25 02:30:00;0.0
2025-09-25 02:45:00;0.0
2025-09-25 03:00:00;0.0
2025-09-25 03:15:00;0.0
2025-09-25 03:30:00;0.0
2025-09-25 03:45:00;0.0
2025-09-25 04:00:00;0.0
2025-09-25 04:15:00;0.0
2025-09-25 04:30:00;0.0
2025-09-25 04:45:00;0.0
2025-09-25 05:00:00;0.0
2025-09-25 05:15:00;0.0
2025-09-25 05:30:00;0.0
2025-09-25 05:45:00;0.0
2025-09-25 06:00:00;0.0
2025-09-25 06:15:00;0.0
2025-09-25 06:30:00;0.0
2025-09-25 06:45:00;0.0
2025-09-25 07:00:00;0.0
2025-09-25 07:15:00;0.0
2025-09-25 07:30:00;0.0
2025-09-25 07:45:00;0.6168
2025-09-25 08:00:00;3.5252000000000003
2025-09-25 08:15:00;5.524500000000001
2025-09-25 08:30:00;6.6066
2025-09-25 08:45:00;7.553399999999999
2025-09-25 09:00:00;7.991700000000001
2025-09-25 09:15:00;10.0631
2025-09-25 09:30:00;10.4143
2025-09-25 09:45:00;12.539299999999999
2025-09-25 10:00:00;12.6576
2025-09-25 10:15:00;13.8335
2025-09-25 10:30:00;13.9359
2025-09-25 10:45:00;14.9131
2025-09-25 11:00:00;14.0928
2025-09-25 11:15:00;14.6052
2025-09-25 11:30:00;16.8921
2025-09-25 11:45:00;16.8953
2025-09-25 12:00:00;20.6672
2025-09-25 12:15:00;20.9995
2025-09-25 12:30:00;22.0065
2025-09-25 12:45:00;22.459799999999998
2025-09-25 13:00:00;8.6325
2025-09-25 13:15:00;8.3217
2025-09-25 13:30:00;8.4836
2025-09-25 13:45:00;8.780800000000001
2025-09-25 14:00:00;27.3491
2025-09-25 14:15:00;25.2254
2025-09-25 14:30:00;24.1952
2025-09-25 14:45:00;25.515900000000002
2025-09-25 15:00:00;18.1576
2025-09-25 15:15:00;18.221999999999998
2025-09-25 15:30:00;17.5303
2025-09-25 15:45:00;16.052
2025-09-25 16:00:00;16.2184
2025-09-25 16:15:00;15.0733
2025-09-25 16:30:00;13.904
2025-09-25 16:45:00;13.5302
2025-09-25 17:00:00;7.7994
2025-09-25 17:15:00;7.661600000000001
2025-09-25 17:30:00;6.6837
2025-09-25 17:45:00;6.1124
2025-09-25 18:00:00;3.4545000000000003
2025-09-25 18:15:00;3.1004000000000005
2025-09-25 18:30:00;2.168
2025-09-25 18:45:00;1.6838000000000002
2025-09-25 19:00:00;3.8099
2025-09-25 19:15:00;2.6155000000000004
2025-09-25 19:30:00;1.1394000000000002
2025-09-25 19:45:00;0.0
2025-09-25 20:00:00;0.0
2025-09-25 20:15:00;0.0
2025-09-25 20:30:00;0.0
2025-09-25 20:45:00;0.0
2025-09-25 21:00:00;0.0
2025-09-25 21:15:00;0.0
2025-09-25 21:30:00;0.0
2025-09-25 21:45:00;0.0
2025-09-25 22:00:00;0.0
2025-09-25 22:15:00;0.0
2025-09-25 22:30:00;0.0
2025-09-25 22:45:00;0.0
2025-09-25 23:00:00;0.0
2025-09-25 23:15:00;0.0
2025-09-25 23:30:00;0.0
2025-09-25 23:45:00;0.0
2025-09-26 00:00:00;0.0
2025-09-26 00:15:00;0.0
2025-09-26 00:30:00;0.0
2025-09-26 00:45:00;0.0
2025-09-26 01:00:00;0.0
2025-09-26 01:15:00;0.0
2025-09-26 01:30:00;0.0
2025-09-26 01:45:00;0.0
2025-09-26 02:00:00;0.0
2025-09-26 02:15:00;0.0
2025-09-26 02:30:00;0.0
2025-09-26 02:45:00;0.0
2025-09-26 03:00:00;0.0
2025-09-26 03:15:00;0.0
2025-09-26 03:30:00;0.0
2025-09-26 03:45:00;0.0
2025-09-26 04:00:00;0.0
2025-09-26 04:15:00;0.0
2025-09-26 04:30:00;0.0
2025-09-26 04:45:00;0.0
2025-09-26 05:00:00;0.0
2025-09-26 05:15:00;0.0
2025-09-26 05:30:00;0.0
2025-09-26 05:45:00;0.0
2025-09-26 06:00:00;0.0
2025-09-26 06:15:00;0.0
2025-09-26 06:30:00;0.0
2025-09-26 06:45:00;0.0
2025-09-26 07:00:00;0.0
2025-09-26 07:15:00;0.0
2025-09-26 07:30:00;0.0
2025-09-26 07:45:00;0.0
2025-09-26 08:00:00;1.6731000000000003
2025-09-26 08:15:00;2.6341
2025-09-26 08:30:00;3.4309000000000003
2025-09-26 08:45:00;4.301399999999999
2025-09-26 09:00:00;7.831300000000001
2025-09-26 09:15:00;9.0291
2025-09-26 09:30:00;10.589300000000001
2025-09-26 09:45:00;10.8408
2025-09-26 10:00:00;10.6064
2025-09-26 10:15:00;10.3828
2025-09-26 10:30:00;12.058
2025-09-26 10:45:00;12.337
2025-09-26 11:00:00;14.8141
2025-09-26 11:15:00;14.4146
2025-09-26 11:30:00;14.6877
2025-09-26 11:45:00;16.7543
2025-09-26 12:00:00;21.9537
2025-09-26 12:15:00;22.8102
2025-09-26 12:30:00;23.1354
2025-09-26 12:45:00;23.8867
2025-09-26 13:00:00;21.4594
2025-09-26 13:15:00;21.8915
2025-09-26 13:30:00;23.255100000000002
2025-09-26 13:45:00;22.2457
2025-09-26 14:00:00;19.072499999999998
2025-09-26 14:15:00;18.6004
2025-09-26 14:30:00;18.2987
2025-09-26 14:45:00;17.598599999999998
2025-09-26 15:00:00;20.0085
2025-09-26 15:15:00;20.043400000000002
2025-09-26 15:30:00;19.0059
2025-09-26 15:45:00;19.058
2025-09-26 16:00:00;17.6541
2025-09-26 16:15:00;16.881600000000002
2025-09-26 16:30:00;15.7831
2025-09-26 16:45:00;15.2447
2025-09-26 17:00:00;12.9352
2025-09-26 17:15:00;12.318200000000001
2025-09-26 17:30:00;11.670200000000001
2025-09-26 17:45:00;10.6088
2025-09-26 18:00:00;8.0976
2025-09-26 18:15:00;7.736199999999999
2025-09-26 18:30:00;5.9804
2025-09-26 18:45:00;5.0641
2025-09-26 19:00:00;3.5833000000000004
2025-09-26 19:15:00;2.3148
2025-09-26 19:30:00;1.0489
2025-09-26 19:45:00;0.0
2025-09-26 20:00:00;0.0
2025-09-26 20:15:00;0.0
2025-09-26 20:30:00;0.0
2025-09-26 20:45:00;0.0
2025-09-26 21:00:00;0.0
2025-09-26 21:15:00;0.0
2025-09-26 21:30:00;0.0
2025-09-26 21:45:00;0.0
2025-09-26 22:00:00;0.0
2025-09-26 22:15:00;0.0
2025-09-26 22:30:00;0.0
2025-09-26 22:45:00;0.0
2025-09-26 23:00:00;0.0
2025-09-26 23:15:00;0.0
2025-09-26 23:30:00;0.0
2025-09-26 23:45:00;0.0
2025-09-27 00:00:00;0.0
2025-09-27 00:15:00;0.0
2025-09-27 00:30:00;0.0
2025-09-27 00:45:00;0.0
2025-09-27 01:00:00;0.0
2025-09-27 01:15:00;0.0
2025-09-27 01:30:00;0.0
2025-09-27 01:45:00;0.0
2025-09-27 02:00:00;0.0
2025-09-27 02:15:00;0.0
2025-09-27 02:30:00;0.0
2025-09-27 02:45:00;0.0
2025-09-27 03:00:00;0.0
2025-09-27 03:15:00;0.0
2025-09-27 03:30:00;0.0
2025-09-27 03:45:00;0.0
2025-09-27 04:00:00;0.0
2025-09-27 04:15:00;0.0
2025-09-27 04:30:00;0.0
2025-09-27 04:45:00;0.0
2025-09-27 05:00:00;0.0
2025-09-27 05:15:00;0.0
2025-09-27 05:30:00;0.0
2025-09-27 05:45:00;0.0
2025-09-27 06:00:00;0.0
2025-09-27 06:15:00;0.0
2025-09-27 06:30:00;0.0
2025-09-27 06:45:00;0.0
2025-09-27 07:00:00;0.0
2025-09-27 07:15:00;0.0
2025-09-27 07:30:00;0.0
2025-09-27 07:45:00;0.0
2025-09-27 08:00:00;0.5588
2025-09-27 08:15:00;1.0768
2025-09-27 08:30:00;1.4035
2025-09-27 08:45:00;2.0962
2025-09-27 09:00:00;2.6313999999999997
2025-09-27 09:15:00;3.1481
2025-09-27 09:30:00;3.431
2025-09-27 09:45:00;4.0307
2025-09-27 10:00:00;3.5294999999999996
2025-09-27 10:15:00;3.8551999999999995
2025-09-27 10:30:00;4.4808
2025-09-27 10:45:00;4.6082
2025-09-27 11:00:00;6.0865
2025-09-27 11:15:00;6.2561
2025-09-27 11:30:00;6.0852
2025-09-27 11:45:00;6.8134
2025-09-27 12:00:00;6.5852
2025-09-27 12:15:00;6.5642000000000005
2025-09-27 12:30:00;6.908799999999999
2025-09-27 12:45:00;6.8067
2025-09-27 13:00:00;7.1382
2025-09-27 13:15:00;6.2526
2025-09-27 13:30:00;6.4433
2025-09-27 13:45:00;6.492
2025-09-27 14:00:00;7.867100000000001
2025-09-27 14:15:00;7.8355
2025-09-27 14:30:00;8.0466
2025-09-27 14:45:00;7.5653999999999995
2025-09-27 15:00:00;6.9539
2025-09-27 15:15:00;6.5291999999999994
2025-09-27 15:30:00;6.293200000000001
2025-09-27 15:45:00;6.158799999999999
2025-09-27 16:00:00;5.3849
2025-09-27 16:15:00;4.71
2025-09-27 16:30:00;4.8427
2025-09-27 16:45:00;4.1543
2025-09-27 17:00:00;4.3790000000000004
2025-09-27 17:15:00;3.7591
2025-09-27 17:30:00;3.4200000000000004
2025-09-27 17:45:00;3.0440000000000005
2025-09-27 18:00:00;2.4996
2025-09-27 18:15:00;1.9136
2025-09-27 18:30:00;1.5615
2025-09-27 18:45:00;1.1334
2025-09-27 19:00:00;0.21799999999999997
2025-09-27 19:15:00;0.0
2025-09-27 19:30:00;0.0
2025-09-27 19:45:00;0.0
2025-09-27 20:00:00;0.0
2025-09-27 20:15:00;0.0
2025-09-27 20:30:00;0.0
2025-09-27 20:45:00;0.0
2025-09-27 21:00:00;0.0
2025-09-27 21:15:00;0.0
2025-09-27 21:30:00;0.0
2025-09-27 21:45:00;0.0
2025-09-27 22:00:00;0.0
2025-09-27 22:15:00;0.0
2025-09-27 22:30:00;0.0
2025-09-27 22:45:00;0.0
2025-09-27 23:00:00;0.0
2025-09-27 23:15:00;0.0
2025-09-27 23:30:00;0.0
2025-09-27 23:45:00;0.0
2025-09-28 00:00:00;0.0
2025-09-28 00:15:00;0.0
2025-09-28 00:30:00;0.0
2025-09-28 00:45:00;0.0
2025-09-28 01:00:00;0.0
2025-09-28 01:15:00;0.0
2025-09-28 01:30:00;0.0
2025-09-28 01:45:00;0.0
2025-09-28 02:00:00;0.0
2025-09-28 02:15:00;0.0
2025-09-28 02:30:00;0.0
2025-09-28 02:45:00;0.0
2025-09-28 03:00:00;0.0
2025-09-28 03:15:00;0.0
2025-09-28 03:30:00;0.0
2025-09-28 03:45:00;0.0
2025-09-28 04:00:00;0.0
2025-09-28 04:15:00;0.0
2025-09-28 04:30:00;0.0
2025-09-28 04:45:00;0.0
2025-09-28 05:00:00;0.0
2025-09-28 05:15:00;0.0
2025-09-28 05:30:00;0.0
2025-09-28 05:45:00;0.0
2025-09-28 06:00:00;0.0
2025-09-28 06:15:00;0.0
2025-09-28 06:30:00;0.0
2025-09-28 06:45:00;0.0
2025-09-28 07:00:00;0.0
2025-09-28 07:15:00;0.0
2025-09-28 07:30:00;0.0
2025-09-28 07:45:00;0.49460000000000015
2025-09-28 08:00:00;2.6449999999999996
2025-09-28 08:15:00;3.7628
2025-09-28 08:30:00;4.9418999999999995
2025-09-28 08:45:00;6.1128
2025-09-28 09:00:00;9.471900000000002
2025-09-28 09:15:00;10.8364
2025-09-28 09:30:00;12.2078
2025-09-28 09:45:00;14.1485
2025-09-28 10:00:00;8.2893
2025-09-28 10:15:00;9.3541
2025-09-28 10:30:00;10.039299999999999
2025-09-28 10:45:00;9.6726
2025-09-28 11:00:00;15.217699999999999
2025-09-28 11:15:00;14.870099999999999
2025-09-28 11:30:00;16.234
2025-09-28 11:45:00;16.688
2025-09-28 12:00:00;21.530800000000003
2025-09-28 12:15:00;22.5204
2025-09-28 12:30:00;21.7064
2025-09-28 12:45:00;23.9405
2025-09-28 13:00:00;22.3858
2025-09-28 13:15:00;21.4282
2025-09-28 13:30:00;21.5684
2025-09-28 13:45:00;21.6191
2025-09-28 14:00:00;24.1618
2025-09-28 14:15:00;23.8655
2025-09-28 14:30:00;24.2045
2025-09-28 14:45:00;22.9995
2025-09-28 15:00:00;18.3387
2025-09-28 15:15:00;16.8417
2025-09-28 15:30:00;17.791
2025-09-28 15:45:00;16.541
2025-09-28 16:00:00;20.642
2025-09-28 16:15:00;19.5526
2025-09-28 16:30:00;19.1952
2025-09-28 16:45:00;18.82
2025-09-28 17:00:00;4.2357
2025-09-28 17:15:00;3.7228999999999997
2025-09-28 17:30:00;3.614
2025-09-28 17:45:00;3.0371
2025-09-28 18:00:00;7.417199999999999
2025-09-28 18:15:00;6.7726
2025-09-28 18:30:00;5.6009
2025-09-28 18:45:00;4.5824
2025-09-28 19:00:00;4.3048
2025-09-28 19:15:00;2.9402
2025-09-28 19:30:00;1.6252999999999997
2025-09-28 19:45:00;0.10560000000000014
2025-09-28 20:00:00;0.0
2025-09-28 20:15:00;0.0
2025-09-28 20:30:00;0.0
2025-09-28 20:45:00;0.0
2025-09-28 21:00:00;0.0
2025-09-28 21:15:00;0.0
2025-09-28 21:30:00;0.0
2025-09-28 21:45:00;0.0
2025-09-28 22:00:00;0.0
2025-09-28 22:15:00;0.0
2025-09-28 22:30:00;0.0
2025-09-28 22:45:00;0.0
2025-09-28 23:00:00;0.0
2025-09-28 23:15:00;0.0
2025-09-28 23:30:00;0.0
2025-09-28 23:45:00;0.0
2025-09-29 00:00:00;0.0
2025-09-29 00:15:00;0.0
2025-09-29 00:30:00;0.0
2025-09-29 00:45:00;0.0
2025-09-29 01:00:00;0.0
2025-09-29 01:15:00;0.0
2025-09-29 01:30:00;0.0
2025-09-29 01:45:00;0.0
2025-09-29 02:00:00;0.0
2025-09-29 02:15:00;0.0
2025-09-29 02:30:00;0.0
2025-09-29 02:45:00;0.0
2025-09-29 03:00:00;0.0
2025-09-29 03:15:00;0.0
2025-09-29 03:30:00;0.0
2025-09-29 03:45:00;0.0
2025-09-29 04:00:00;0.0
2025-09-29 04:15:00;0.0
2025-09-29 04:30:00;0.0
2025-09-29 04:45:00;0.0
2025-09-29 05:00:00;0.0
2025-09-29 05:15:00;0.0
2025-09-29 05:30:00;0.0
2025-09-29 05:45:00;0.0
2025-09-29 06:00:00;0.0
2025-09-29 06:15:00;0.0
2025-09-29 06:30:00;0.0
2025-09-29 06:45:00;0.0
2025-09-29 07:00:00;0.0
2025-09-29 07:15:00;0.0
2025-09-29 07:30:00;0.0
2025-09-29 07:45:00;1.1424999999999998
2025-09-29 08:00:00;3.2906999999999993
2025-09-29 08:15:00;4.4369
2025-09-29 08:30:00;5.8519
2025-09-29 08:45:00;7.588900000000001
2025-09-29 09:00:00;7.988700000000001
2025-09-29 09:15:00;9.701
2025-09-29 09:30:00;10.6898
2025-09-29 09:45:00;12.0635
2025-09-29 10:00:00;12.9575
2025-09-29 10:15:00;13.023299999999999
2025-09-29 10:30:00;14.074300000000001
2025-09-29 10:45:00;15.767100000000001
2025-09-29 11:00:00;18.4297
2025-09-29 11:15:00;18.6428
2025-09-29 11:30:00;19.1856
2025-09-29 11:45:00;18.6918
2025-09-29 12:00:00;17.567800000000002
2025-09-29 12:15:00;19.8568
2025-09-29 12:30:00;20.726399999999998
2025-09-29 12:45:00;19.459699999999998
2025-09-29 13:00:00;15.580799999999998
2025-09-29 13:15:00;14.8798
2025-09-29 13:30:00;15.299900000000001
2025-09-29 13:45:00;15.7761
2025-09-29 14:00:00;22.6021
2025-09-29 14:15:00;23.272399999999998
2025-09-29 14:30:00;22.0666
2025-09-29 14:45:00;22.0713
2025-09-29 15:00:00;19.289
2025-09-29 15:15:00;17.6588
2025-09-29 15:30:00;16.7607
2025-09-29 15:45:00;18.0988
2025-09-29 16:00:00;17.2486
2025-09-29 16:15:00;15.801700000000002
2025-09-29 16:30:00;14.8233
2025-09-29 16:45:00;14.585500000000001
2025-09-29 17:00:00;12.8279
2025-09-29 17:15:00;11.3271
2025-09-29 17:30:00;10.306799999999999
2025-09-29 17:45:00;10.014800000000001
2025-09-29 18:00:00;8.9097
2025-09-29 18:15:00;7.6402
2025-09-29 18:30:00;6.1775
2025-09-29 18:45:00;4.9269
2025-09-29 19:00:00;1.8259
2025-09-29 19:15:00;0.8354999999999999
2025-09-29 19:30:00;0.17270000000000008
2025-09-29 19:45:00;0.0
2025-09-29 20:00:00;0.0
2025-09-29 20:15:00;0.0
2025-09-29 20:30:00;0.0
2025-09-29 20:45:00;0.0
2025-09-29 21:00:00;0.0
2025-09-29 21:15:00;0.0
2025-09-29 21:30:00;0.0
2025-09-29 21:45:00;0.0
2025-09-29 22:00:00;0.0
2025-09-29 22:15:00;0.0
2025-09-29 22:30:00;0.0
2025-09-29 22:45:00;0.0
2025-09-29 23:00:00;0.0
2025-09-29 23:15:00;0.0
2025-09-29 23:30:00;0.0
2025-09-29 23:45:00;0.0
2025-09-30 00:00:00;0.0
2025-09-30 00:15:00;0.0
2025-09-30 00:30:00;0.0
2025-09-30 00:45:00;0.0
2025-09-30 01:00:00;0.0
2025-09-30 01:15:00;0.0
2025-09-30 01:30:00;0.0
2025-09-30 01:45:00;0.0
2025-09-30 02:00:00;0.0
2025-09-30 02:15:00;0.0
2025-09-30 02:30:00;0.0
2025-09-30 02:45:00;0.0
2025-09-30 03:00:00;0.0
2025-09-30 03:15:00;0.0
2025-09-30 03:30:00;0.0
2025-09-30 03:45:00;0.0
2025-09-30 04:00:00;0.0
2025-09-30 04:15:00;0.0
2025-09-30 04:30:00;0.0
2025-09-30 04:45:00;0.0
2025-09-30 05:00:00;0.0
2025-09-30 05:15:00;0.0
2025-09-30 05:30:00;0.0
2025-09-30 05:45:00;0.0
2025-09-30 06:00:00;0.0
2025-09-30 06:15:00;0.0
2025-09-30 06:30:00;0.0
2025-09-30 06:45:00;0.0
2025-09-30 07:00:00;0.0
2025-09-30 07:15:00;0.0
2025-09-30 07:30:00;0.0
2025-09-30 07:45:00;0.0
2025-09-30 08:00:00;0.4722000000000002
2025-09-30 08:15:00;1.1218
2025-09-30 08:30:00;1.536
2025-09-30 08:45:00;2.0006
2025-09-30 09:00:00;2.8150000000000004
2025-09-30 09:15:00;3.5011
2025-09-30 09:30:00;3.8615
2025-09-30 09:45:00;4.5126
2025-09-30 10:00:00;4.5381
2025-09-30 10:15:00;5.2044
2025-09-30 10:30:00;5.593
2025-09-30 10:45:00;5.7627
2025-09-30 11:00:00;5.5556
2025-09-30 11:15:00;5.7637
2025-09-30 11:30:00;6.0333
2025-09-30 11:45:00;6.1354
2025-09-30 12:00:00;8.1405
2025-09-30 12:15:00;7.8523
2025-09-30 12:30:00;8.4056
2025-09-30 12:45:00;8.269
2025-09-30 13:00:00;7.9846
2025-09-30 13:15:00;7.7439
2025-09-30 13:30:00;8.1197
2025-09-30 13:45:00;8.192499999999999
2025-09-30 14:00:00;7.938699999999999
2025-09-30 14:15:00;7.7742
2025-09-30 14:30:00;7.603600000000001
2025-09-30 14:45:00;7.8735
2025-09-30 15:00:00;7.402500000000001
2025-09-30 15:15:00;6.6758
2025-09-30 15:30:00;6.3279000000000005
2025-09-30 15:45:00;6.914499999999999
2025-09-30 16:00:00;6.7141
2025-09-30 16:15:00;6.0823
2025-09-30 16:30:00;5.6064
2025-09-30 16:45:00;5.355700000000001
2025-09-30 17:00:00;4.9121
2025-09-30 17:15:00;4.6578
2025-09-30 17:30:00;3.9273
2025-09-30 17:45:00;3.9568000000000003
2025-09-30 18:00:00;2.1643999999999997
2025-09-30 18:15:00;1.5795
2025-09-30 18:30:00;1.1678
2025-09-30 18:45:00;0.7955999999999999
2025-09-30 19:00:00;0.3033999999999999
2025-09-30 19:15:00;0.10719999999999996
2025-09-30 19:30:00;0.0
2025-09-30 19:45:00;0.0
2025-09-30 20:00:00;0.0
2025-09-30 20:15:00;0.0
2025-09-30 20:30:00;0.0
2025-09-30 20:45:00;0.0
2025-09-30 21:00:00;0.0
2025-09-30 21:15:00;0.0
2025-09-30 21:30:00;0.0
2025-09-30 21:45:00;0.0
2025-09-30 22:00:00;0.0
2025-09-30 22:15:00;0.0
2025-09-30 22:30:00;0.0
2025-09-30 22:45:00;0.0
2025-09-30 23:00:00;0.0
2025-09-30 23:15:00;0.0
2025-09-30 23:30:00;0.0
2025-09-30 23:45:00;0.0
2025-10-01 00:00:00;0.0
2025-10-01 00:15:00;0.0
2025-10-01 00:30:00;0.0
2025-10-01 00:45:00;0.0
2025-10-01 01:00:00;0.0
2025-10-01 01:15:00;0.0
2025-10-01 01:30:00;0.0
2025-10-01 01:45:00;0.0
2025-10-01 02:00:00;0.0
2025-10-01 02:15:00;0.0
2025-10-01 02:30:00;0.0
2025-10-01 02:45:00;0.0
2025-10-01 03:00:00;0.0
2025-10-01 03:15:00;0.0
2025-10-01 03:30:00;0.0
2025-10-01 03:45:00;0.0
2025-10-01 04:00:00;0.0
2025-10-01 04:15:00;0.0
2025-10-01 04:30:00;0.0
2025-10-01 04:45:00;0.0
2025-10-01 05:00:00;0.0
2025-10-01 05:15:00;0.0
2025-10-01 05:30:00;0.0
2025-10-01 05:45:00;0.0
2025-10-01 06:00:00;0.0
2025-10-01 06:15:00;0.0
2025-10-01 06:30:00;0.0
2025-10-01 06:45:00;0.0
2025-10-01 07:00:00;0.0
2025-10-01 07:15:00;0.0
2025-10-01 07:30:00;0.0
2025-10-01 07:45:00;0.0
2025-10-01 08:00:00;0.0
2025-10-01 08:15:00;0.0
2025-10-01 08:30:00;1.0878999999999999
2025-10-01 08:45:00;1.9896999999999998
2025-10-01 09:00:00;2.9392
2025-10-01 09:15:00;3.7096
2025-10-01 09:30:00;4.5625
2025-10-01 09:45:00;5.9539
2025-10-01 10:00:00;8.618300000000001
2025-10-01 10:15:00;9.4557
2025-10-01 10:30:00;10.7181
2025-10-01 10:45:00;11.5488
2025-10-01 11:00:00;8.345500000000001
2025-10-01 11:15:00;8.6922
2025-10-01 11:30:00;9.026
2025-10-01 11:45:00;9.635100000000001
2025-10-01 12:00:00;7.5603
2025-10-01 12:15:00;8.4565
2025-10-01 12:30:00;8.463799999999999
2025-10-01 12:45:00;8.7906
2025-10-01 13:00:00;9.5542
2025-10-01 13:15:00;9.952300000000001
2025-10-01 13:30:00;9.7021
2025-10-01 13:45:00;9.6157
2025-10-01 14:00:00;11.8543
2025-10-01 14:15:00;11.2539
2025-10-01 14:30:00;11.037099999999999
2025-10-01 14:45:00;10.9239
2025-10-01 15:00:00;12.2121
2025-10-01 15:15:00;11.238100000000001
2025-10-01 15:30:00;10.2236
2025-10-01 15:45:00;10.222299999999999
2025-10-01 16:00:00;11.6085
2025-10-01 16:15:00;11.5613
2025-10-01 16:30:00;9.684000000000001
2025-10-01 16:45:00;8.594100000000001
2025-10-01 17:00:00;6.2134
2025-10-01 17:15:00;5.0665
2025-10-01 17:30:00;4.183999999999999
2025-10-01 17:45:00;2.8614
2025-10-01 18:00:00;2.2104
2025-10-01 18:15:00;0.6882999999999999
2025-10-01 18:30:00;0.0
2025-10-01 18:45:00;0.0
2025-10-01 19:00:00;0.0
2025-10-01 19:15:00;0.0
2025-10-01 19:30:00;0.0
2025-10-01 19:45:00;0.0
2025-10-01 20:00:00;0.0
2025-10-01 20:15:00;0.0
2025-10-01 20:30:00;0.0
2025-10-01 20:45:00;0.0
2025-10-01 21:00:00;0.0
2025-10-01 21:15:00;0.0
2025-10-01 21:30:00;0.0
2025-10-01 21:45:00;0.0
2025-10-01 22:00:00;0.0
2025-10-01 22:15:00;0.0
2025-10-01 22:30:00;0.0
2025-10-01 22:45:00;0.0
2025-10-01 23:00:00;0.0
2025-10-01 23:15:00;0.0
2025-10-01 23:30:00;0.0
2025-10-01 23:45:00;0.0
2025-10-02 00:00:00;0.0
2025-10-02 00:15:00;0.0
2025-10-02 00:30:00;0.0
2025-10-02 00:45:00;0.0
2025-10-02 01:00:00;0.0
2025-10-02 01:15:00;0.0
2025-10-02 01:30:00;0.0
2025-10-02 01:45:00;0.0
2025-10-02 02:00:00;0.0
2025-10-02 02:15:00;0.0
2025-10-02 02:30:00;0.0
2025-10-02 02:45:00;0.0
2025-10-02 03:00:00;0.0
2025-10-02 03:15:00;0.0
2025-10-02 03:30:00;0.0
2025-10-02 03:45:00;0.0
2025-10-02 04:00:00;0.0
2025-10-02 04:15:00;0.0
2025-10-02 04:30:00;0.0
2025-10-02 04:45:00;0.0
2025-10-02 05:00:00;0.0
2025-10-02 05:15:00;0.0
2025-10-02 05:30:00;0.0
2025-10-02 05:45:00;0.0
2025-10-02 06:00:00;0.0
2025-10-02 06:15:00;0.0
2025-10-02 06:30:00;0.0
2025-10-02 06:45:00;0.0
2025-10-02 07:00:00;0.0
2025-10-02 07:15:00;0.0
2025-10-02 07:30:00;0.0
2025-10-02 07:45:00;0.0
2025-10-02 08:00:00;0.0
2025-10-02 08:15:00;0.11949999999999994
2025-10-02 08:30:00;1.3184999999999998
2025-10-02 08:45:00;2.7782999999999998
2025-10-02 09:00:00;4.4108
2025-10-02 09:15:00;5.6928
2025-10-02 09:30:00;6.9448
2025-10-02 09:45:00;8.5455
2025-10-02 10:00:00;7.980300000000001
2025-10-02 10:15:00;8.3917
2025-10-02 10:30:00;9.5639
2025-10-02 10:45:00;10.570500000000001
2025-10-02 11:00:00;7.2393
2025-10-02 11:15:00;7.602500000000001
2025-10-02 11:30:00;8.6262
2025-10-02 11:45:00;9.1292
2025-10-02 12:00:00;11.068999999999999
2025-10-02 12:15:00;10.9337
2025-10-02 12:30:00;11.6023
2025-10-02 12:45:00;11.2874
2025-10-02 13:00:00;18.7578
2025-10-02 13:15:00;18.2024
2025-10-02 13:30:00;17.6778
2025-10-02 13:45:00;18.1332
2025-10-02 14:00:00;14.369599999999998
2025-10-02 14:15:00;13.468499999999999
2025-10-02 14:30:00;13.293099999999999
2025-10-02 14:45:00;13.049900000000001
2025-10-02 15:00:00;10.8918
2025-10-02 15:15:00;11.0195
2025-10-02 15:30:00;10.225800000000001
2025-10-02 15:45:00;9.7682
2025-10-02 16:00:00;8.6395
2025-10-02 16:15:00;8.0012
2025-10-02 16:30:00;7.0396
2025-10-02 16:45:00;6.3875
2025-10-02 17:00:00;2.9202
2025-10-02 17:15:00;2.1875999999999998
2025-10-02 17:30:00;1.6341
2025-10-02 17:45:00;1.0922
2025-10-02 18:00:00;0.2157
2025-10-02 18:15:00;0.0
2025-10-02 18:30:00;0.0
2025-10-02 18:45:00;0.0
2025-10-02 19:00:00;0.0
2025-10-02 19:15:00;0.0
2025-10-02 19:30:00;0.0
2025-10-02 19:45:00;0.0
2025-10-02 20:00:00;0.0
2025-10-02 20:15:00;0.0
2025-10-02 20:30:00;0.0
2025-10-02 20:45:00;0.0
2025-10-02 21:00:00;0.0
2025-10-02 21:15:00;0.0
2025-10-02 21:30:00;0.0
2025-10-02 21:45:00;0.0
2025-10-02 22:00:00;0.0
2025-10-02 22:15:00;0.0
2025-10-02 22:30:00;0.0
2025-10-02 22:45:00;0.0
2025-10-02 23:00:00;0.0
2025-10-02 23:15:00;0.0
2025-10-02 23:30:00;0.0
2025-10-02 23:45:00;0.0
2025-10-03 00:00:00;0.0
2025-10-03 00:15:00;0.0
2025-10-03 00:30:00;0.0
2025-10-03 00:45:00;0.0
2025-10-03 01:00:00;0.0
2025-10-03 01:15:00;0.0
2025-10-03 01:30:00;0.0
2025-10-03 01:45:00;0.0
2025-10-03 02:00:00;0.0
2025-10-03 02:15:00;0.0
2025-10-03 02:30:00;0.0
2025-10-03 02:45:00;0.0
2025-10-03 03:00:00;0.0
2025-10-03 03:15:00;0.0
2025-10-03 03:30:00;0.0
2025-10-03 03:45:00;0.0
2025-10-03 04:00:00;0.0
2025-10-03 04:15:00;0.0
2025-10-03 04:30:00;0.0
2025-10-03 04:45:00;0.0
2025-10-03 05:00:00;0.0
2025-10-03 05:15:00;0.0
2025-10-03 05:30:00;0.0
2025-10-03 05:45:00;0.0
2025-10-03 06:00:00;0.0
2025-10-03 06:15:00;0.0
2025-10-03 06:30:00;0.0
2025-10-03 06:45:00;0.0
2025-10-03 07:00:00;0.0
2025-10-03 07:15:00;0.0
2025-10-03 07:30:00;0.0
2025-10-03 07:45:00;0.0
2025-10-03 08:00:00;0.0
2025-10-03 08:15:00;0.0
2025-10-03 08:30:00;0.0
2025-10-03 08:45:00;0.0
2025-10-03 09:00:00;0.0
2025-10-03 09:15:00;0.0
2025-10-03 09:30:00;0.14990000000000003
2025-10-03 09:45:00;0.24129999999999985
2025-10-03 10:00:00;0.5489
2025-10-03 10:15:00;0.6108000000000001
2025-10-03 10:30:00;0.8218000000000001
2025-10-03 10:45:00;0.9385999999999999
2025-10-03 11:00:00;0.5589000000000001
2025-10-03 11:15:00;0.7151000000000001
2025-10-03 11:30:00;0.6485999999999998
2025-10-03 11:45:00;0.8452999999999999
2025-10-03 12:00:00;1.2717
2025-10-03 12:15:00;1.1664999999999999
2025-10-03 12:30:00;1.3818000000000001
2025-10-03 12:45:00;1.4606000000000001
2025-10-03 13:00:00;1.5208
2025-10-03 13:15:00;1.4350999999999998
2025-10-03 13:30:00;1.5318999999999998
2025-10-03 13:45:00;1.5925000000000002
2025-10-03 14:00:00;1.7408000000000001
2025-10-03 14:15:00;1.7215
2025-10-03 14:30:00;1.794
2025-10-03 14:45:00;1.5256999999999998
2025-10-03 15:00:00;1.1107
2025-10-03 15:15:00;0.9612
2025-10-03 15:30:00;0.9597000000000001
2025-10-03 15:45:00;0.7631
2025-10-03 16:00:00;0.6811999999999998
2025-10-03 16:15:00;0.6731
2025-10-03 16:30:00;0.5487
2025-10-03 16:45:00;0.30210000000000004
2025-10-03 17:00:00;0.0
2025-10-03 17:15:00;0.0
2025-10-03 17:30:00;0.0
2025-10-03 17:45:00;0.0
2025-10-03 18:00:00;0.0
2025-10-03 18:15:00;0.0
2025-10-03 18:30:00;0.0
2025-10-03 18:45:00;0.0
2025-10-03 19:00:00;0.0
2025-10-03 19:15:00;0.0
2025-10-03 19:30:00;0.0
2025-10-03 19:45:00;0.0
2025-10-03 20:00:00;0.0
2025-10-03 20:15:00;0.0
2025-10-03 20:30:00;0.0
2025-10-03 20:45:00;0.0
2025-10-03 21:00:00;0.0
2025-10-03 21:15:00;0.0
2025-10-03 21:30:00;0.0
2025-10-03 21:45:00;0.0
2025-10-03 22:00:00;0.0
2025-10-03 22:15:00;0.0
2025-10-03 22:30:00;0.0
2025-10-03 22:45:00;0.0
2025-10-03 23:00:00;0.0
2025-10-03 23:15:00;0.0
2025-10-03 23:30:00;0.0
2025-10-03 23:45:00;0.0
2025-10-04 00:00:00;0.0
2025-10-04 00:15:00;0.0
2025-10-04 00:30:00;0.0
2025-10-04 00:45:00;0.0
2025-10-04 01:00:00;0.0
2025-10-04 01:15:00;0.0
2025-10-04 01:30:00;0.0
2025-10-04 01:45:00;0.0
2025-10-04 02:00:00;0.0
2025-10-04 02:15:00;0.0
2025-10-04 02:30:00;0.0
2025-10-04 02:45:00;0.0
2025-10-04 03:00:00;0.0
2025-10-04 03:15:00;0.0
2025-10-04 03:30:00;0.0
2025-10-04 03:45:00;0.0
2025-10-04 04:00:00;0.0
2025-10-04 04:15:00;0.0
2025-10-04 04:30:00;0.0
2025-10-04 04:45:00;0.0
2025-10-04 05:00:00;0.0
2025-10-04 05:15:00;0.0
2025-10-04 05:30:00;0.0
2025-10-04 05:45:00;0.0
2025-10-04 06:00:00;0.0
2025-10-04 06:15:00;0.0
2025-10-04 06:30:00;0.0
2025-10-04 06:45:00;0.0
2025-10-04 07:00:00;0.0
2025-10-04 07:15:00;0.0
2025-10-04 07:30:00;0.0
2025-10-04 07:45:00;0.0
2025-10-04 08:00:00;0.0
2025-10-04 08:15:00;0.0
2025-10-04 08:30:00;0.0
2025-10-04 08:45:00;0.37549999999999994
2025-10-04 09:00:00;0.8977999999999999
2025-10-04 09:15:00;1.4049
2025-10-04 09:30:00;1.8677000000000001
2025-10-04 09:45:00;2.2483
2025-10-04 10:00:00;2.5583
2025-10-04 10:15:00;2.832
2025-10-04 10:30:00;3.2269
2025-10-04 10:45:00;3.4679
2025-10-04 11:00:00;3.7215
2025-10-04 11:15:00;3.8112999999999997
2025-10-04 11:30:00;4.1935
2025-10-04 11:45:00;4.543100000000001
2025-10-04 12:00:00;4.511900000000001
2025-10-04 12:15:00;4.553100000000001
2025-10-04 12:30:00;4.3461
2025-10-04 12:45:00;4.7507
2025-10-04 13:00:00;6.0341
2025-10-04 13:15:00;5.8195
2025-10-04 13:30:00;6.0642
2025-10-04 13:45:00;5.7507
2025-10-04 14:00:00;5.758
2025-10-04 14:15:00;5.5779000000000005
2025-10-04 14:30:00;5.6253
2025-10-04 14:45:00;5.1480999999999995
2025-10-04 15:00:00;5.2172
2025-10-04 15:15:00;5.1745
2025-10-04 15:30:00;4.9383
2025-10-04 15:45:00;4.4705
2025-10-04 16:00:00;2.7039999999999997
2025-10-04 16:15:00;2.5076
2025-10-04 16:30:00;2.0942
2025-10-04 16:45:00;1.9459
2025-10-04 17:00:00;1.3798000000000001
2025-10-04 17:15:00;1.0604000000000002
2025-10-04 17:30:00;0.7356
2025-10-04 17:45:00;0.4678
2025-10-04 18:00:00;0.0
2025-10-04 18:15:00;0.0
2025-10-04 18:30:00;0.0
2025-10-04 18:45:00;0.0
2025-10-04 19:00:00;0.0
2025-10-04 19:15:00;0.0
2025-10-04 19:30:00;0.0
2025-10-04 19:45:00;0.0
2025-10-04 20:00:00;0.0
2025-10-04 20:15:00;0.0
2025-10-04 20:30:00;0.0
2025-10-04 20:45:00;0.0
2025-10-04 21:00:00;0.0
2025-10-04 21:15:00;0.0
2025-10-04 21:30:00;0.0
2025-10-04 21:45:00;0.0
2025-10-04 22:00:00;0.0
2025-10-04 22:15:00;0.0
2025-10-04 22:30:00;0.0
2025-10-04 22:45:00;0.0
2025-10-04 23:00:00;0.0
2025-10-04 23:15:00;0.0
2025-10-04 23:30:00;0.0
2025-10-04 23:45:00;0.0
2025-10-05 00:00:00;0.0
2025-10-05 00:15:00;0.0
2025-10-05 00:30:00;0.0
2025-10-05 00:45:00;0.0
2025-10-05 01:00:00;0.0
2025-10-05 01:15:00;0.0
2025-10-05 01:30:00;0.0
2025-10-05 01:45:00;0.0
2025-10-05 02:00:00;0.0
2025-10-05 02:15:00;0.0
2025-10-05 02:30:00;0.0
2025-10-05 02:45:00;0.0
2025-10-05 03:00:00;0.0
2025-10-05 03:15:00;0.0
2025-10-05 03:30:00;0.0
2025-10-05 03:45:00;0.0
2025-10-05 04:00:00;0.0
2025-10-05 04:15:00;0.0
2025-10-05 04:30:00;0.0
2025-10-05 04:45:00;0.0
2025-10-05 05:00:00;0.0
2025-10-05 05:15:00;0.0
2025-10-05 05:30:00;0.0
2025-10-05 05:45:00;0.0
2025-10-05 06:00:00;0.0
2025-10-05 06:15:00;0.0
2025-10-05 06:30:00;0.0
2025-10-05 06:45:00;0.0
2025-10-05 07:00:00;0.0
2025-10-05 07:15:00;0.0
2025-10-05 07:30:00;0.0
2025-10-05 07:45:00;0.0
2025-10-05 08:00:00;0.0
2025-10-05 08:15:00;0.12170000000000014
2025-10-05 08:30:00;1.1926
2025-10-05 08:45:00;2.6319
2025-10-05 09:00:00;0.5005999999999999
2025-10-05 09:15:00;0.8183999999999999
2025-10-05 09:30:00;1.1449999999999998
2025-10-05 09:45:00;1.6485999999999998
2025-10-05 10:00:00;2.7141
2025-10-05 10:15:00;2.9391
2025-10-05 10:30:00;3.3670999999999998
2025-10-05 10:45:00;3.7569
2025-10-05 11:00:00;12.1901
2025-10-05 11:15:00;12.840399999999999
2025-10-05 11:30:00;14.226999999999999
2025-10-05 11:45:00;13.7842
2025-10-05 12:00:00;12.2715
2025-10-05 12:15:00;12.1738
2025-10-05 12:30:00;13.268799999999999
2025-10-05 12:45:00;12.623800000000001
2025-10-05 13:00:00;14.7625
2025-10-05 13:15:00;14.9097
2025-10-05 13:30:00;14.3557
2025-10-05 13:45:00;14.9538
2025-10-05 14:00:00;7.7501
2025-10-05 14:15:00;7.884600000000001
2025-10-05 14:30:00;8.117099999999999
2025-10-05 14:45:00;7.5324
2025-10-05 15:00:00;4.9388000000000005
2025-10-05 15:15:00;4.695
2025-10-05 15:30:00;4.6185
2025-10-05 15:45:00;4.5352
2025-10-05 16:00:00;7.502200000000001
2025-10-05 16:15:00;6.8575
2025-10-05 16:30:00;5.960800000000001
2025-10-05 16:45:00;5.061
2025-10-05 17:00:00;5.0218
2025-10-05 17:15:00;4.2063999999999995
2025-10-05 17:30:00;3.3091000000000004
2025-10-05 17:45:00;2.4154
2025-10-05 18:00:00;0.0
2025-10-05 18:15:00;0.0
2025-10-05 18:30:00;0.0
2025-10-05 18:45:00;0.0
2025-10-05 19:00:00;0.0
2025-10-05 19:15:00;0.0
2025-10-05 19:30:00;0.0
2025-10-05 19:45:00;0.0
2025-10-05 20:00:00;0.0
2025-10-05 20:15:00;0.0
2025-10-05 20:30:00;0.0
2025-10-05 20:45:00;0.0
2025-10-05 21:00:00;0.0
2025-10-05 21:15:00;0.0
2025-10-05 21:30:00;0.0
2025-10-05 21:45:00;0.0
2025-10-05 22:00:00;0.0
2025-10-05 22:15:00;0.0
2025-10-05 22:30:00;0.0
2025-10-05 22:45:00;0.0
2025-10-05 23:00:00;0.0
2025-10-05 23:15:00;0.0
2025-10-05 23:30:00;0.0
2025-10-05 23:45:00;0.0
2025-10-06 00:00:00;0.0
2025-10-06 00:15:00;0.0
2025-10-06 00:30:00;0.0
2025-10-06 00:45:00;0.0
2025-10-06 01:00:00;0.0
2025-10-06 01:15:00;0.0
2025-10-06 01:30:00;0.0
2025-10-06 01:45:00;0.0
2025-10-06 02:00:00;0.0
2025-10-06 02:15:00;0.0
2025-10-06 02:30:00;0.0
2025-10-06 02:45:00;0.0
2025-10-06 03:00:00;0.0
2025-10-06 03:15:00;0.0
2025-10-06 03:30:00;0.0
2025-10-06 03:45:00;0.0
2025-10-06 04:00:00;0.0
2025-10-06 04:15:00;0.0
2025-10-06 04:30:00;0.0
2025-10-06 04:45:00;0.0
2025-10-06 05:00:00;0.0
2025-10-06 05:15:00;0.0
2025-10-06 05:30:00;0.0
2025-10-06 05:45:00;0.0
2025-10-06 06:00:00;0.0
2025-10-06 06:15:00;0.0
2025-10-06 06:30:00;0.0
2025-10-06 06:45:00;0.0
2025-10-06 07:00:00;0.0
2025-10-06 07:15:00;0.0
2025-10-06 07:30:00;0.0
2025-10-06 07:45:00;0.0
2025-10-06 08:00:00;0.0
2025-10-06 08:15:00;0.0
2025-10-06 08:30:00;0.0
2025-10-06 08:45:00;0.0
2025-10-06 09:00:00;0.7410999999999999
2025-10-06 09:15:00;1.2163
2025-10-06 09:30:00;1.6509999999999998
2025-10-06 09:45:00;2.0383999999999998
2025-10-06 10:00:00;2.5123
2025-10-06 10:15:00;2.8063000000000002
2025-10-06 10:30:00;3.2439
2025-10-06 10:45:00;3.6454999999999997
2025-10-06 11:00:00;3.8162000000000003
2025-10-06 11:15:00;4.2185999999999995
2025-10-06 11:30:00;4.104900000000001
2025-10-06 11:45:00;4.2847
2025-10-06 12:00:00;4.4868
2025-10-06 12:15:00;4.6449
2025-10-06 12:30:00;4.8164
2025-10-06 12:45:00;5.2135
2025-10-06 13:00:00;4.6617
2025-10-06 13:15:00;5.0342
2025-10-06 13:30:00;4.7823
2025-10-06 13:45:00;5.0918
2025-10-06 14:00:00;4.8003
2025-10-06 14:15:00;4.4764
2025-10-06 14:30:00;4.3521
2025-10-06 14:45:00;4.1617999999999995
2025-10-06 15:00:00;4.8436
2025-10-06 15:15:00;4.250100000000001
2025-10-06 15:30:00;4.2287
2025-10-06 15:45:00;3.7478000000000002
2025-10-06 16:00:00;3.2951
2025-10-06 16:15:00;2.9665999999999997
2025-10-06 16:30:00;2.713
2025-10-06 16:45:00;2.1367000000000003
2025-10-06 17:00:00;1.5179
2025-10-06 17:15:00;1.1173
2025-10-06 17:30:00;0.8274000000000001
2025-10-06 17:45:00;0.3255000000000001
2025-10-06 18:00:00;0.0
2025-10-06 18:15:00;0.0
2025-10-06 18:30:00;0.0
2025-10-06 18:45:00;0.0
2025-10-06 19:00:00;0.0
2025-10-06 19:15:00;0.0
2025-10-06 19:30:00;0.0
2025-10-06 19:45:00;0.0
2025-10-06 20:00:00;0.0
2025-10-06 20:15:00;0.0
2025-10-06 20:30:00;0.0
2025-10-06 20:45:00;0.0
2025-10-06 21:00:00;0.0
2025-10-06 21:15:00;0.0
2025-10-06 21:30:00;0.0
2025-10-06 21:45:00;0.0
2025-10-06 22:00:00;0.0
2025-10-06 22:15:00;0.0
2025-10-06 22:30:00;0.0
2025-10-06 22:45:00;0.0
2025-10-06 23:00:00;0.0
2025-10-06 23:15:00;0.0
2025-10-06 23:30:00;0.0
2025-10-06 23:45:00;0.0
2025-10-07 00:00:00;0.0
2025-10-07 00:15:00;0.0
2025-10-07 00:30:00;0.0
2025-10-07 00:45:00;0.0
2025-10-07 01:00:00;0.0
2025-10-07 01:15:00;0.0
2025-10-07 01:30:00;0.0
2025-10-07 01:45:00;0.0
2025-10-07 02:00:00;0.0
2025-10-07 02:15:00;0.0
2025-10-07 02:30:00;0.0
2025-10-07 02:45:00;0.0
2025-10-07 03:00:00;0.0
2025-10-07 03:15:00;0.0
2025-10-07 03:30:00;0.0
2025-10-07 03:45:00;0.0
2025-10-07 04:00:00;0.0
2025-10-07 04:15:00;0.0
2025-10-07 04:30:00;0.0
2025-10-07 04:45:00;0.0
2025-10-07 05:00:00;0.0
2025-10-07 05:15:00;0.0
2025-10-07 05:30:00;0.0
2025-10-07 05:45:00;0.0
2025-10-07 06:00:00;0.0
2025-10-07 06:15:00;0.0
2025-10-07 06:30:00;0.0
2025-10-07 06:45:00;0.0
2025-10-07 07:00:00;0.0
2025-10-07 07:15:00;0.0
2025-10-07 07:30:00;0.0
2025-10-07 07:45:00;0.0
2025-10-07 08:00:00;0.0
2025-10-07 08:15:00;0.0
2025-10-07 08:30:00;0.0
2025-10-07 08:45:00;0.09199999999999986
2025-10-07 09:00:00;0.6989
2025-10-07 09:15:00;0.9429
2025-10-07 09:30:00;1.5762
2025-10-07 09:45:00;1.8362000000000003
2025-10-07 10:00:00;1.9702
2025-10-07 10:15:00;2.5971
2025-10-07 10:30:00;2.8582
2025-10-07 10:45:00;3.0999
2025-10-07 11:00:00;3.4163999999999994
2025-10-07 11:15:00;3.8184000000000005
2025-10-07 11:30:00;3.8977
2025-10-07 11:45:00;3.9628000000000005
2025-10-07 12:00:00;4.1357
2025-10-07 12:15:00;4.4523
2025-10-07 12:30:00;4.492999999999999
2025-10-07 12:45:00;4.3356
2025-10-07 13:00:00;3.9000000000000004
2025-10-07 13:15:00;4.2221
2025-10-07 13:30:00;4.008
2025-10-07 13:45:00;4.2238
2025-10-07 14:00:00;5.1087
2025-10-07 14:15:00;5.131
2025-10-07 14:30:00;4.663500000000001
2025-10-07 14:45:00;4.5091
2025-10-07 15:00:00;3.9829999999999997
2025-10-07 15:15:00;3.8677
2025-10-07 15:30:00;3.5013
2025-10-07 15:45:00;3.1864
2025-10-07 16:00:00;2.9522000000000004
2025-10-07 16:15:00;2.7637
2025-10-07 16:30:00;2.5399000000000003
2025-10-07 16:45:00;2.0704000000000002
2025-10-07 17:00:00;1.2719
2025-10-07 17:15:00;0.9926000000000001
2025-10-07 17:30:00;0.6884000000000001
2025-10-07 17:45:00;0.27459999999999996
2025-10-07 18:00:00;0.0
2025-10-07 18:15:00;0.0
2025-10-07 18:30:00;0.0
2025-10-07 18:45:00;0.0
2025-10-07 19:00:00;0.0
2025-10-07 19:15:00;0.0
2025-10-07 19:30:00;0.0
2025-10-07 19:45:00;0.0
2025-10-07 20:00:00;0.0
2025-10-07 20:15:00;0.0
2025-10-07 20:30:00;0.0
2025-10-07 20:45:00;0.0
2025-10-07 21:00:00;0.0
2025-10-07 21:15:00;0.0
2025-10-07 21:30:00;0.0
2025-10-07 21:45:00;0.0
2025-10-07 22:00:00;0.0
2025-10-07 22:15:00;0.0
2025-10-07 22:30:00;0.0
2025-10-07 22:45:00;0.0
2025-10-07 23:00:00;0.0
2025-10-07 23:15:00;0.0
2025-10-07 23:30:00;0.0
2025-10-07 23:45:00;0.0
2025-10-08 00:00:00;0.0
2025-10-08 00:15:00;0.0
2025-10-08 00:30:00;0.0
2025-10-08 00:45:00;0.0
2025-10-08 01:00:00;0.0
2025-10-08 01:15:00;0.0
2025-10-08 01:30:00;0.0
2025-10-08 01:45:00;0.0
2025-10-08 02:00:00;0.0
2025-10-08 02:15:00;0.0
2025-10-08 02:30:00;0.0
2025-10-08 02:45:00;0.0
2025-10-08 03:00:00;0.0
2025-10-08 03:15:00;0.0
2025-10-08 03:30:00;0.0
2025-10-08 03:45:00;0.0
2025-10-08 04:00:00;0.0
2025-10-08 04:15:00;0.0
2025-10-08 04:30:00;0.0
2025-10-08 04:45:00;0.0
2025-10-08 05:00:00;0.0
2025-10-08 05:15:00;0.0
2025-10-08 05:30:00;0.0
2025-10-08 05:45:00;0.0
2025-10-08 06:00:00;0.0
2025-10-08 06:15:00;0.0
2025-10-08 06:30:00;0.0
2025-10-08 06:45:00;0.0
2025-10-08 07:00:00;0.0
2025-10-08 07:15:00;0.0
2025-10-08 07:30:00;0.0
2025-10-08 07:45:00;0.0
2025-10-08 08:00:00;0.0
2025-10-08 08:15:00;0.5988
2025-10-08 08:30:00;2.7222
2025-10-08 08:45:00;4.5701
2025-10-08 09:00:00;5.8102
2025-10-08 09:15:00;7.8645
2025-10-08 09:30:00;9.0739
2025-10-08 09:45:00;10.9744
2025-10-08 10:00:00;14.4453
2025-10-08 10:15:00;16.421499999999998
2025-10-08 10:30:00;17.59
2025-10-08 10:45:00;20.0745
2025-10-08 11:00:00;14.9191
2025-10-08 11:15:00;15.642399999999999
2025-10-08 11:30:00;16.9296
2025-10-08 11:45:00;16.5671
2025-10-08 12:00:00;23.4442
2025-10-08 12:15:00;23.5015
2025-10-08 12:30:00;24.5848
2025-10-08 12:45:00;26.9901
2025-10-08 13:00:00;23.0167
2025-10-08 13:15:00;22.857799999999997
2025-10-08 13:30:00;22.2314
2025-10-08 13:45:00;23.9882
2025-10-08 14:00:00;22.8124
2025-10-08 14:15:00;21.8736
2025-10-08 14:30:00;21.020999999999997
2025-10-08 14:45:00;21.8013
2025-10-08 15:00:00;20.5927
2025-10-08 15:15:00;19.2051
2025-10-08 15:30:00;19.1849
2025-10-08 15:45:00;16.6186
2025-10-08 16:00:00;13.001299999999999
2025-10-08 16:15:00;11.718499999999999
2025-10-08 16:30:00;10.2756
2025-10-08 16:45:00;9.5009
2025-10-08 17:00:00;10.295
2025-10-08 17:15:00;8.858799999999999
2025-10-08 17:30:00;6.6221000000000005
2025-10-08 17:45:00;5.6784
2025-10-08 18:00:00;3.4661
2025-10-08 18:15:00;1.6814
2025-10-08 18:30:00;0.0
2025-10-08 18:45:00;0.0
2025-10-08 19:00:00;0.0
2025-10-08 19:15:00;0.0
2025-10-08 19:30:00;0.0
2025-10-08 19:45:00;0.0
2025-10-08 20:00:00;0.0
2025-10-08 20:15:00;0.0
2025-10-08 20:30:00;0.0
2025-10-08 20:45:00;0.0
2025-10-08 21:00:00;0.0
2025-10-08 21:15:00;0.0
2025-10-08 21:30:00;0.0
2025-10-08 21:45:00;0.0
2025-10-08 22:00:00;0.0
2025-10-08 22:15:00;0.0
2025-10-08 22:30:00;0.0
2025-10-08 22:45:00;0.0
2025-10-08 23:00:00;0.0
2025-10-08 23:15:00;0.0
2025-10-08 23:30:00;0.0
2025-10-08 23:45:00;0.0
2025-10-09 00:00:00;0.0
2025-10-09 00:15:00;0.0
2025-10-09 00:30:00;0.0
2025-10-09 00:45:00;0.0
2025-10-09 01:00:00;0.0
2025-10-09 01:15:00;0.0
2025-10-09 01:30:00;0.0
2025-10-09 01:45:00;0.0
2025-10-09 02:00:00;0.0
2025-10-09 02:15:00;0.0
2025-10-09 02:30:00;0.0
2025-10-09 02:45:00;0.0
2025-10-09 03:00:00;0.0
2025-10-09 03:15:00;0.0
2025-10-09 03:30:00;0.0
2025-10-09 03:45:00;0.0
2025-10-09 04:00:00;0.0
2025-10-09 04:15:00;0.0
2025-10-09 04:30:00;0.0
2025-10-09 04:45:00;0.0
2025-10-09 05:00:00;0.0
2025-10-09 05:15:00;0.0
2025-10-09 05:30:00;0.0
2025-10-09 05:45:00;0.0
2025-10-09 06:00:00;0.0
2025-10-09 06:15:00;0.0
2025-10-09 06:30:00;0.0
2025-10-09 06:45:00;0.0
2025-10-09 07:00:00;0.0
2025-10-09 07:15:00;0.0
2025-10-09 07:30:00;0.0
2025-10-09 07:45:00;0.0
2025-10-09 08:00:00;0.0
2025-10-09 08:15:00;0.0
2025-10-09 08:30:00;0.0
2025-10-09 08:45:00;0.0
2025-10-09 09:00:00;0.0
2025-10-09 09:15:00;0.007199999999999984
2025-10-09 09:30:00;0.07489999999999997
2025-10-09 09:45:00;0.32819999999999994
2025-10-09 10:00:00;0.5047999999999999
2025-10-09 10:15:00;0.6745000000000001
2025-10-09 10:30:00;0.8442000000000001
2025-10-09 10:45:00;0.9074
2025-10-09 11:00:00;0.7847
2025-10-09 11:15:00;0.8706999999999999
2025-10-09 11:30:00;0.9185000000000001
2025-10-09 11:45:00;1.091
2025-10-09 12:00:00;1.0856000000000001
2025-10-09 12:15:00;1.3296999999999999
2025-10-09 12:30:00;1.3564000000000003
2025-10-09 12:45:00;1.3604
2025-10-09 13:00:00;1.1406
2025-10-09 13:15:00;1.2085999999999997
2025-10-09 13:30:00;1.126
2025-10-09 13:45:00;1.2809000000000001
2025-10-09 14:00:00;1.4227999999999996
2025-10-09 14:15:00;1.3865
2025-10-09 14:30:00;1.4744000000000002
2025-10-09 14:45:00;1.2519999999999998
2025-10-09 15:00:00;0.8863000000000001
2025-10-09 15:15:00;0.7095
2025-10-09 15:30:00;0.6619
2025-10-09 15:45:00;0.6316999999999999
2025-10-09 16:00:00;0.4486999999999999
2025-10-09 16:15:00;0.31369999999999987
2025-10-09 16:30:00;0.26350000000000007
2025-10-09 16:45:00;0.04370000000000007
2025-10-09 17:00:00;0.0
2025-10-09 17:15:00;0.0
2025-10-09 17:30:00;0.0
2025-10-09 17:45:00;0.0
2025-10-09 18:00:00;0.0
2025-10-09 18:15:00;0.0
2025-10-09 18:30:00;0.0
2025-10-09 18:45:00;0.0
2025-10-09 19:00:00;0.0
2025-10-09 19:15:00;0.0
2025-10-09 19:30:00;0.0
2025-10-09 19:45:00;0.0
2025-10-09 20:00:00;0.0
2025-10-09 20:15:00;0.0
2025-10-09 20:30:00;0.0
2025-10-09 20:45:00;0.0
2025-10-09 21:00:00;0.0
2025-10-09 21:15:00;0.0
2025-10-09 21:30:00;0.0
2025-10-09 21:45:00;0.0
2025-10-09 22:00:00;0.0
2025-10-09 22:15:00;0.0
2025-10-09 22:30:00;0.0
2025-10-09 22:45:00;0.0
2025-10-09 23:00:00;0.0
2025-10-09 23:15:00;0.0
2025-10-09 23:30:00;0.0
2025-10-09 23:45:00;0.0
2025-10-10 00:00:00;0.0
2025-10-10 00:15:00;0.0
2025-10-10 00:30:00;0.0
2025-10-10 00:45:00;0.0
2025-10-10 01:00:00;0.0
2025-10-10 01:15:00;0.0
2025-10-10 01:30:00;0.0
2025-10-10 01:45:00;0.0
2025-10-10 02:00:00;0.0
2025-10-10 02:15:00;0.0
2025-10-10 02:30:00;0.0
2025-10-10 02:45:00;0.0
2025-10-10 03:00:00;0.0
2025-10-10 03:15:00;0.0
2025-10-10 03:30:00;0.0
2025-10-10 03:45:00;0.0
2025-10-10 04:00:00;0.0
2025-10-10 04:15:00;0.0
2025-10-10 04:30:00;0.0
2025-10-10 04:45:00;0.0
2025-10-10 05:00:00;0.0
2025-10-10 05:15:00;0.0
2025-10-10 05:30:00;0.0
2025-10-10 05:45:00;0.0
2025-10-10 06:00:00;0.0
2025-10-10 06:15:00;0.0
2025-10-10 06:30:00;0.0
2025-10-10 06:45:00;0.0
2025-10-10 07:00:00;0.0
2025-10-10 07:15:00;0.0
2025-10-10 07:30:00;0.0
2025-10-10 07:45:00;0.0
2025-10-10 08:00:00;0.0
2025-10-10 08:15:00;0.0
2025-10-10 08:30:00;0.8819999999999999
2025-10-10 08:45:00;2.0933
2025-10-10 09:00:00;2.3211
2025-10-10 09:15:00;3.0821
2025-10-10 09:30:00;3.5094000000000003
2025-10-10 09:45:00;4.5595
2025-10-10 10:00:00;8.6128
2025-10-10 10:15:00;9.0099
2025-10-10 10:30:00;10.6995
2025-10-10 10:45:00;10.8049
2025-10-10 11:00:00;11.1689
2025-10-10 11:15:00;11.849400000000001
2025-10-10 11:30:00;11.7973
2025-10-10 11:45:00;13.006699999999999
2025-10-10 12:00:00;12.2663
2025-10-10 12:15:00;13.2845
2025-10-10 12:30:00;14.3436
2025-10-10 12:45:00;14.7806
2025-10-10 13:00:00;10.9433
2025-10-10 13:15:00;11.028099999999998
2025-10-10 13:30:00;11.038300000000001
2025-10-10 13:45:00;11.030800000000001
2025-10-10 14:00:00;13.1847
2025-10-10 14:15:00;12.868200000000002
2025-10-10 14:30:00;13.4762
2025-10-10 14:45:00;13.2493
2025-10-10 15:00:00;6.9291
2025-10-10 15:15:00;6.6712
2025-10-10 15:30:00;6.090199999999999
2025-10-10 15:45:00;5.6701
2025-10-10 16:00:00;10.2711
2025-10-10 16:15:00;9.2592
2025-10-10 16:30:00;9.314499999999999
2025-10-10 16:45:00;7.9452
2025-10-10 17:00:00;7.0404
2025-10-10 17:15:00;5.52
2025-10-10 17:30:00;4.4442
2025-10-10 17:45:00;3.3207
2025-10-10 18:00:00;1.5334999999999999
2025-10-10 18:15:00;0.3780999999999999
2025-10-10 18:30:00;0.0
2025-10-10 18:45:00;0.0
2025-10-10 19:00:00;0.0
2025-10-10 19:15:00;0.0
2025-10-10 19:30:00;0.0
2025-10-10 19:45:00;0.0
2025-10-10 20:00:00;0.0
2025-10-10 20:15:00;0.0
2025-10-10 20:30:00;0.0
2025-10-10 20:45:00;0.0
2025-10-10 21:00:00;0.0
2025-10-10 21:15:00;0.0
2025-10-10 21:30:00;0.0
2025-10-10 21:45:00;0.0
2025-10-10 22:00:00;0.0
2025-10-10 22:15:00;0.0
2025-10-10 22:30:00;0.0
2025-10-10 22:45:00;0.0
2025-10-10 23:00:00;0.0
2025-10-10 23:15:00;0.0
2025-10-10 23:30:00;0.0
2025-10-10 23:45:00;0.0
2025-10-11 00:00:00;0.0
2025-10-11 00:15:00;0.0
2025-10-11 00:30:00;0.0
2025-10-11 00:45:00;0.0
2025-10-11 01:00:00;0.0
2025-10-11 01:15:00;0.0
2025-10-11 01:30:00;0.0
2025-10-11 01:45:00;0.0
2025-10-11 02:00:00;0.0
2025-10-11 02:15:00;0.0
2025-10-11 02:30:00;0.0
2025-10-11 02:45:00;0.0
2025-10-11 03:00:00;0.0
2025-10-11 03:15:00;0.0
2025-10-11 03:30:00;0.0
2025-10-11 03:45:00;0.0
2025-10-11 04:00:00;0.0
2025-10-11 04:15:00;0.0
2025-10-11 04:30:00;0.0
2025-10-11 04:45:00;0.0
2025-10-11 05:00:00;0.0
2025-10-11 05:15:00;0.0
2025-10-11 05:30:00;0.0
2025-10-11 05:45:00;0.0
2025-10-11 06:00:00;0.0
2025-10-11 06:15:00;0.0
2025-10-11 06:30:00;0.0
2025-10-11 06:45:00;0.0
2025-10-11 07:00:00;0.0
2025-10-11 07:15:00;0.0
2025-10-11 07:30:00;0.0
2025-10-11 07:45:00;0.0
2025-10-11 08:00:00;0.0
2025-10-11 08:15:00;0.0
2025-10-11 08:30:00;0.0
2025-10-11 08:45:00;0.058499999999999996
2025-10-11 09:00:00;0.6625
2025-10-11 09:15:00;1.0367000000000002
2025-10-11 09:30:00;1.4075000000000002
2025-10-11 09:45:00;1.8351
2025-10-11 10:00:00;2.0791
2025-10-11 10:15:00;2.3792
2025-10-11 10:30:00;2.6658
2025-10-11 10:45:00;3.2297000000000002
2025-10-11 11:00:00;3.6233
2025-10-11 11:15:00;4.1403
2025-10-11 11:30:00;4.2491
2025-10-11 11:45:00;4.3952
2025-10-11 12:00:00;4.4460999999999995
2025-10-11 12:15:00;4.5429
2025-10-11 12:30:00;4.478899999999999
2025-10-11 12:45:00;5.1556999999999995
2025-10-11 13:00:00;5.632899999999999
2025-10-11 13:15:00;6.3092999999999995
2025-10-11 13:30:00;5.904
2025-10-11 13:45:00;6.0417
2025-10-11 14:00:00;4.7278
2025-10-11 14:15:00;4.7665
2025-10-11 14:30:00;4.5169999999999995
2025-10-11 14:45:00;4.5888
2025-10-11 15:00:00;5.0735
2025-10-11 15:15:00;4.766
2025-10-11 15:30:00;4.2394
2025-10-11 15:45:00;4.2142
2025-10-11 16:00:00;3.3966
2025-10-11 16:15:00;3.0313
2025-10-11 16:30:00;2.8152
2025-10-11 16:45:00;2.087
2025-10-11 17:00:00;1.2865
2025-10-11 17:15:00;0.7432000000000001
2025-10-11 17:30:00;0.6348
2025-10-11 17:45:00;0.2803
2025-10-11 18:00:00;0.0
2025-10-11 18:15:00;0.0
2025-10-11 18:30:00;0.0
2025-10-11 18:45:00;0.0
2025-10-11 19:00:00;0.0
2025-10-11 19:15:00;0.0
2025-10-11 19:30:00;0.0
2025-10-11 19:45:00;0.0
2025-10-11 20:00:00;0.0
2025-10-11 20:15:00;0.0
2025-10-11 20:30:00;0.0
2025-10-11 20:45:00;0.0
2025-10-11 21:00:00;0.0
2025-10-11 21:15:00;0.0
2025-10-11 21:30:00;0.0
2025-10-11 21:45:00;0.0
2025-10-11 22:00:00;0.0
2025-10-11 22:15:00;0.0
2025-10-11 22:30:00;0.0
2025-10-11 22:45:00;0.0
2025-10-11 23:00:00;0.0
2025-10-11 23:15:00;0.0
2025-10-11 23:30:00;0.0
2025-10-11 23:45:00;0.0
2025-10-12 00:00:00;0.0
2025-10-12 00:15:00;0.0
2025-10-12 00:30:00;0.0
2025-10-12 00:45:00;0.0
2025-10-12 01:00:00;0.0
2025-10-12 01:15:00;0.0
2025-10-12 01:30:00;0.0
2025-10-12 01:45:00;0.0
2025-10-12 02:00:00;0.0
2025-10-12 02:15:00;0.0
2025-10-12 02:30:00;0.0
2025-10-12 02:45:00;0.0
2025-10-12 03:00:00;0.0
2025-10-12 03:15:00;0.0
2025-10-12 03:30:00;0.0
2025-10-12 03:45:00;0.0
2025-10-12 04:00:00;0.0
2025-10-12 04:15:00;0.0
2025-10-12 04:30:00;0.0
2025-10-12 04:45:00;0.0
2025-10-12 05:00:00;0.0
2025-10-12 05:15:00;0.0
2025-10-12 05:30:00;0.0
2025-10-12 05:45:00;0.0
2025-10-12 06:00:00;0.0
2025-10-12 06:15:00;0.0
2025-10-12 06:30:00;0.0
2025-10-12 06:45:00;0.0
2025-10-12 07:00:00;0.0
2025-10-12 07:15:00;0.0
2025-10-12 07:30:00;0.0
2025-10-12 07:45:00;0.0
2025-10-12 08:00:00;0.0
2025-10-12 08:15:00;0.13969999999999994
2025-10-12 08:30:00;1.4212000000000002
2025-10-12 08:45:00;2.3396
2025-10-12 09:00:00;3.6018
2025-10-12 09:15:00;4.8412
2025-10-12 09:30:00;5.6712
2025-10-12 09:45:00;6.931900000000001
2025-10-12 10:00:00;5.3252999999999995
2025-10-12 10:15:00;5.752599999999999
2025-10-12 10:30:00;6.518
2025-10-12 10:45:00;7.0767
2025-10-12 11:00:00;10.6287
2025-10-12 11:15:00;11.368699999999999
2025-10-12 11:30:00;11.791
2025-10-12 11:45:00;12.0079
2025-10-12 12:00:00;15.206199999999999
2025-10-12 12:15:00;16.2549
2025-10-12 12:30:00;15.9749
2025-10-12 12:45:00;16.4589
2025-10-12 13:00:00;13.2182
2025-10-12 13:15:00;14.0523
2025-10-12 13:30:00;13.3705
2025-10-12 13:45:00;13.732999999999999
2025-10-12 14:00:00;13.598799999999999
2025-10-12 14:15:00;13.612200000000001
2025-10-12 14:30:00;13.4557
2025-10-12 14:45:00;13.4748
2025-10-12 15:00:00;13.5032
2025-10-12 15:15:00;12.3748
2025-10-12 15:30:00;12.349
2025-10-12 15:45:00;12.2387
2025-10-12 16:00:00;9.1624
2025-10-12 16:15:00;7.8905
2025-10-12 16:30:00;7.976799999999999
2025-10-12 16:45:00;6.8034
2025-10-12 17:00:00;2.5965
2025-10-12 17:15:00;2.0029000000000003
2025-10-12 17:30:00;1.4884
2025-10-12 17:45:00;0.9301999999999997
2025-10-12 18:00:00;1.5447000000000002
2025-10-12 18:15:00;0.5746
2025-10-12 18:30:00;0.0
2025-10-12 18:45:00;0.0
2025-10-12 19:00:00;0.0
2025-10-12 19:15:00;0.0
2025-10-12 19:30:00;0.0
2025-10-12 19:45:00;0.0
2025-10-12 20:00:00;0.0
2025-10-12 20:15:00;0.0
2025-10-12 20:30:00;0.0
2025-10-12 20:45:00;0.0
2025-10-12 21:00:00;0.0
2025-10-12 21:15:00;0.0
2025-10-12 21:30:00;0.0
2025-10-12 21:45:00;0.0
2025-10-12 22:00:00;0.0
2025-10-12 22:15:00;0.0
2025-10-12 22:30:00;0.0
2025-10-12 22:45:00;0.0
2025-10-12 23:00:00;0.0
2025-10-12 23:15:00;0.0
2025-10-12 23:30:00;0.0
2025-10-12 23:45:00;0.0
2025-10-13 00:00:00;0.0
2025-10-13 00:15:00;0.0
2025-10-13 00:30:00;0.0
2025-10-13 00:45:00;0.0
2025-10-13 01:00:00;0.0
2025-10-13 01:15:00;0.0
2025-10-13 01:30:00;0.0
2025-10-13 01:45:00;0.0
2025-10-13 02:00:00;0.0
2025-10-13 02:15:00;0.0
2025-10-13 02:30:00;0.0
2025-10-13 02:45:00;0.0
2025-10-13 03:00:00;0.0
2025-10-13 03:15:00;0.0
2025-10-13 03:30:00;0.0
2025-10-13 03:45:00;0.0
2025-10-13 04:00:00;0.0
2025-10-13 04:15:00;0.0
2025-10-13 04:30:00;0.0
2025-10-13 04:45:00;0.0
2025-10-13 05:00:00;0.0
2025-10-13 05:15:00;0.0
2025-10-13 05:30:00;0.0
2025-10-13 05:45:00;0.0
2025-10-13 06:00:00;0.0
2025-10-13 06:15:00;0.0
2025-10-13 06:30:00;0.0
2025-10-13 06:45:00;0.0
2025-10-13 07:00:00;0.0
2025-10-13 07:15:00;0.0
2025-10-13 07:30:00;0.0
2025-10-13 07:45:00;0.0
2025-10-13 08:00:00;0.0
2025-10-13 08:15:00;0.0
2025-10-13 08:30:00;0.0
2025-10-13 08:45:00;0.0
2025-10-13 09:00:00;0.8476999999999999
2025-10-13 09:15:00;1.2159999999999997
2025-10-13 09:30:00;1.6494000000000002
2025-10-13 09:45:00;1.8946999999999998
2025-10-13 10:00:00;2.4631
2025-10-13 10:15:00;2.5975
2025-10-13 10:30:00;2.7857
2025-10-13 10:45:00;3.0168999999999997
2025-10-13 11:00:00;3.6783
2025-10-13 11:15:00;3.7354999999999996
2025-10-13 11:30:00;4.3858
2025-10-13 11:45:00;4.9605
2025-10-13 12:00:00;4.6354999999999995
2025-10-13 12:15:00;5.0598
2025-10-13 12:30:00;4.8327
2025-10-13 12:45:00;4.932
2025-10-13 13:00:00;4.7621
2025-10-13 13:15:00;4.5186
2025-10-13 13:30:00;4.7666
2025-10-13 13:45:00;4.8988
2025-10-13 14:00:00;5.2231000000000005
2025-10-13 14:15:00;5.0793
2025-10-13 14:30:00;4.4237
2025-10-13 14:45:00;4.3702
2025-10-13 15:00:00;4.197
2025-10-13 15:15:00;3.7832000000000003
2025-10-13 15:30:00;3.5733
2025-10-13 15:45:00;3.2292000000000005
2025-10-13 16:00:00;3.8064999999999998
2025-10-13 16:15:00;3.3395
2025-10-13 16:30:00;2.7651999999999997
2025-10-13 16:45:00;2.6327
2025-10-13 17:00:00;1.8561
2025-10-13 17:15:00;1.2768000000000002
2025-10-13 17:30:00;0.8259000000000001
2025-10-13 17:45:00;0.38639999999999985
2025-10-13 18:00:00;0.0
2025-10-13 18:15:00;0.0
2025-10-13 18:30:00;0.0
2025-10-13 18:45:00;0.0
2025-10-13 19:00:00;0.0
2025-10-13 19:15:00;0.0
2025-10-13 19:30:00;0.0
2025-10-13 19:45:00;0.0
2025-10-13 20:00:00;0.0
2025-10-13 20:15:00;0.0
2025-10-13 20:30:00;0.0
2025-10-13 20:45:00;0.0
2025-10-13 21:00:00;0.0
2025-10-13 21:15:00;0.0
2025-10-13 21:30:00;0.0
2025-10-13 21:45:00;0.0
2025-10-13 22:00:00;0.0
2025-10-13 22:15:00;0.0
2025-10-13 22:30:00;0.0
2025-10-13 22:45:00;0.0
2025-10-13 23:00:00;0.0
2025-10-13 23:15:00;0.0
2025-10-13 23:30:00;0.0
2025-10-13 23:45:00;0.0
2025-10-14 00:00:00;0.0
2025-10-14 00:15:00;0.0
2025-10-14 00:30:00;0.0
2025-10-14 00:45:00;0.0
2025-10-14 01:00:00;0.0
2025-10-14 01:15:00;0.0
2025-10-14 01:30:00;0.0
2025-10-14 01:45:00;0.0
2025-10-14 02:00:00;0.0
2025-10-14 02:15:00;0.0
2025-10-14 02:30:00;0.0
2025-10-14 02:45:00;0.0
2025-10-14 03:00:00;0.0
2025-10-14 03:15:00;0.0
2025-10-14 03:30:00;0.0
2025-10-14 03:45:00;0.0
2025-10-14 04:00:00;0.0
2025-10-14 04:15:00;0.0
2025-10-14 04:30:00;0.0
2025-10-14 04:45:00;0.0
2025-10-14 05:00:00;0.0
2025-10-14 05:15:00;0.0
2025-10-14 05:30:00;0.0
2025-10-14 05:45:00;0.0
2025-10-14 06:00:00;0.0
2025-10-14 06:15:00;0.0
2025-10-14 06:30:00;0.0
2025-10-14 06:45:00;0.0
2025-10-14 07:00:00;0.0
2025-10-14 07:15:00;0.0
2025-10-14 07:30:00;0.0
2025-10-14 07:45:00;0.0
2025-10-14 08:00:00;0.0
2025-10-14 08:15:00;0.0
2025-10-14 08:30:00;0.0
2025-10-14 08:45:00;0.2228000000000001
2025-10-14 09:00:00;0.844
2025-10-14 09:15:00;1.2860999999999998
2025-10-14 09:30:00;1.5748000000000002
2025-10-14 09:45:00;1.8725999999999998
2025-10-14 10:00:00;1.7415000000000003
2025-10-14 10:15:00;2.0136
2025-10-14 10:30:00;2.0485
2025-10-14 10:45:00;2.4463999999999997
2025-10-14 11:00:00;3.9019000000000004
2025-10-14 11:15:00;4.4419
2025-10-14 11:30:00;4.567
2025-10-14 11:45:00;4.6688
2025-10-14 12:00:00;3.6231
2025-10-14 12:15:00;3.7965
2025-10-14 12:30:00;3.8593
2025-10-14 12:45:00;3.8975000000000004
2025-10-14 13:00:00;4.4705
2025-10-14 13:15:00;4.7933
2025-10-14 13:30:00;4.8231
2025-10-14 13:45:00;5.0072
2025-10-14 14:00:00;5.295400000000001
2025-10-14 14:15:00;5.357
2025-10-14 14:30:00;5.3286999999999995
2025-10-14 14:45:00;5.2415
2025-10-14 15:00:00;4.1857
2025-10-14 15:15:00;3.6786
2025-10-14 15:30:00;3.5226999999999995
2025-10-14 15:45:00;3.1529
2025-10-14 16:00:00;3.7732
2025-10-14 16:15:00;3.3692
2025-10-14 16:30:00;3.232
2025-10-14 16:45:00;2.5797999999999996
2025-10-14 17:00:00;1.8760999999999999
2025-10-14 17:15:00;1.2363
2025-10-14 17:30:00;0.9212999999999998
2025-10-14 17:45:00;0.41989999999999994
2025-10-14 18:00:00;0.0
2025-10-14 18:15:00;0.0
2025-10-14 18:30:00;0.0
2025-10-14 18:45:00;0.0
2025-10-14 19:00:00;0.0
2025-10-14 19:15:00;0.0
2025-10-14 19:30:00;0.0
2025-10-14 19:45:00;0.0
2025-10-14 20:00:00;0.0
2025-10-14 20:15:00;0.0
2025-10-14 20:30:00;0.0
2025-10-14 20:45:00;0.0
2025-10-14 21:00:00;0.0
2025-10-14 21:15:00;0.0
2025-10-14 21:30:00;0.0
2025-10-14 21:45:00;0.0
2025-10-14 22:00:00;0.0
2025-10-14 22:15:00;0.0
2025-10-14 22:30:00;0.0
2025-10-14 22:45:00;0.0
2025-10-14 23:00:00;0.0
2025-10-14 23:15:00;0.0
2025-10-14 23:30:00;0.0
2025-10-14 23:45:00;0.0
2025-10-15 00:00:00;0.0
2025-10-15 00:15:00;0.0
2025-10-15 00:30:00;0.0
2025-10-15 00:45:00;0.0
2025-10-15 01:00:00;0.0
2025-10-15 01:15:00;0.0
2025-10-15 01:30:00;0.0
2025-10-15 01:45:00;0.0
2025-10-15 02:00:00;0.0
2025-10-15 02:15:00;0.0
2025-10-15 02:30:00;0.0
2025-10-15 02:45:00;0.0
2025-10-15 03:00:00;0.0
2025-10-15 03:15:00;0.0
2025-10-15 03:30:00;0.0
2025-10-15 03:45:00;0.0
2025-10-15 04:00:00;0.0
2025-10-15 04:15:00;0.0
2025-10-15 04:30:00;0.0
2025-10-15 04:45:00;0.0
2025-10-15 05:00:00;0.0
2025-10-15 05:15:00;0.0
2025-10-15 05:30:00;0.0
2025-10-15 05:45:00;0.0
2025-10-15 06:00:00;0.0
2025-10-15 06:15:00;0.0
2025-10-15 06:30:00;0.0
2025-10-15 06:45:00;0.0
2025-10-15 07:00:00;0.0
2025-10-15 07:15:00;0.0
2025-10-15 07:30:00;0.0
2025-10-15 07:45:00;0.0
2025-10-15 08:00:00;0.0
2025-10-15 08:15:00;0.0
2025-10-15 08:30:00;0.8772
2025-10-15 08:45:00;2.0018000000000002
2025-10-15 09:00:00;1.999
2025-10-15 09:15:00;2.621
2025-10-15 09:30:00;3.2731
2025-10-15 09:45:00;4.2015
2025-10-15 10:00:00;3.3799
2025-10-15 10:15:00;3.9447
2025-10-15 10:30:00;4.446899999999999
2025-10-15 10:45:00;4.719799999999999
2025-10-15 11:00:00;5.3115
2025-10-15 11:15:00;6.069
2025-10-15 11:30:00;6.1524
2025-10-15 11:45:00;6.6942
2025-10-15 12:00:00;15.2012
2025-10-15 12:15:00;14.6165
2025-10-15 12:30:00;14.8823
2025-10-15 12:45:00;14.7734
2025-10-15 13:00:00;15.426800000000002
2025-10-15 13:15:00;16.6648
2025-10-15 13:30:00;14.9418
2025-10-15 13:45:00;15.409199999999998
2025-10-15 14:00:00;5.395099999999999
2025-10-15 14:15:00;4.973700000000001
2025-10-15 14:30:00;4.8243
2025-10-15 14:45:00;4.928
2025-10-15 15:00:00;11.024000000000001
2025-10-15 15:15:00;9.898200000000001
2025-10-15 15:30:00;9.383299999999998
2025-10-15 15:45:00;9.0966
2025-10-15 16:00:00;3.898
2025-10-15 16:15:00;3.2398
2025-10-15 16:30:00;3.1812
2025-10-15 16:45:00;2.9311999999999996
2025-10-15 17:00:00;5.364400000000001
2025-10-15 17:15:00;4.7006
2025-10-15 17:30:00;3.6946
2025-10-15 17:45:00;2.7428999999999997
2025-10-15 18:00:00;1.5556
2025-10-15 18:15:00;0.5096000000000003
2025-10-15 18:30:00;0.0
2025-10-15 18:45:00;0.0
2025-10-15 19:00:00;0.0
2025-10-15 19:15:00;0.0
2025-10-15 19:30:00;0.0
2025-10-15 19:45:00;0.0
2025-10-15 20:00:00;0.0
2025-10-15 20:15:00;0.0
2025-10-15 20:30:00;0.0
2025-10-15 20:45:00;0.0
2025-10-15 21:00:00;0.0
2025-10-15 21:15:00;0.0
2025-10-15 21:30:00;0.0
2025-10-15 21:45:00;0.0
2025-10-15 22:00:00;0.0
2025-10-15 22:15:00;0.0
2025-10-15 22:30:00;0.0
2025-10-15 22:45:00;0.0
2025-10-15 23:00:00;0.0
2025-10-15 23:15:00;0.0
2025-10-15 23:30:00;0.0
2025-10-15 23:45:00;0.0
2025-10-16 00:00:00;0.0
2025-10-16 00:15:00;0.0
2025-10-16 00:30:00;0.0
2025-10-16 00:45:00;0.0
2025-10-16 01:00:00;0.0
2025-10-16 01:15:00;0.0
2025-10-16 01:30:00;0.0
2025-10-16 01:45:00;0.0
2025-10-16 02:00:00;0.0
2025-10-16 02:15:00;0.0
2025-10-16 02:30:00;0.0
2025-10-16 02:45:00;0.0
2025-10-16 03:00:00;0.0
2025-10-16 03:15:00;0.0
2025-10-16 03:30:00;0.0
2025-10-16 03:45:00;0.0
2025-10-16 04:00:00;0.0
2025-10-16 04:15:00;0.0
2025-10-16 04:30:00;0.0
2025-10-16 04:45:00;0.0
2025-10-16 05:00:00;0.0
2025-10-16 05:15:00;0.0
2025-10-16 05:30:00;0.0
2025-10-16 05:45:00;0.0
2025-10-16 06:00:00;0.0
2025-10-16 06:15:00;0.0
2025-10-16 06:30:00;0.0
2025-10-16 06:45:00;0.0
2025-10-16 07:00:00;0.0
2025-10-16 07:15:00;0.0
2025-10-16 07:30:00;0.0
2025-10-16 07:45:00;0.0
2025-10-16 08:00:00;0.0
2025-10-16 08:15:00;0.0
2025-10-16 08:30:00;0.0
2025-10-16 08:45:00;0.0
2025-10-16 09:00:00;0.6330999999999999
2025-10-16 09:15:00;1.0569000000000002
2025-10-16 09:30:00;1.3859
2025-10-16 09:45:00;1.8441
2025-10-16 10:00:00;2.9617999999999998
2025-10-16 10:15:00;3.2855
2025-10-16 10:30:00;3.572
2025-10-16 10:45:00;4.0142
2025-10-16 11:00:00;3.9672
2025-10-16 11:15:00;4.034000000000001
2025-10-16 11:30:00;4.6106
2025-10-16 11:45:00;4.7426
2025-10-16 12:00:00;4.6046
2025-10-16 12:15:00;4.8365
2025-10-16 12:30:00;4.9014999999999995
2025-10-16 12:45:00;4.7534
2025-10-16 13:00:00;5.2874
2025-10-16 13:15:00;5.5657
2025-10-16 13:30:00;5.3749
2025-10-16 13:45:00;5.288600000000001
2025-10-16 14:00:00;4.9475
2025-10-16 14:15:00;5.131
2025-10-16 14:30:00;4.8954
2025-10-16 14:45:00;4.5822
2025-10-16 15:00:00;3.6854999999999993
2025-10-16 15:15:00;3.5658
2025-10-16 15:30:00;3.3501
2025-10-16 15:45:00;3.0714
2025-10-16 16:00:00;3.4709000000000003
2025-10-16 16:15:00;3.1438999999999995
2025-10-16 16:30:00;2.644
2025-10-16 16:45:00;2.3322
2025-10-16 17:00:00;1.3647
2025-10-16 17:15:00;1.078
2025-10-16 17:30:00;0.6180000000000001
2025-10-16 17:45:00;0.18399999999999994
2025-10-16 18:00:00;0.0
2025-10-16 18:15:00;0.0
2025-10-16 18:30:00;0.0
2025-10-16 18:45:00;0.0
2025-10-16 19:00:00;0.0
2025-10-16 19:15:00;0.0
2025-10-16 19:30:00;0.0
2025-10-16 19:45:00;0.0
2025-10-16 20:00:00;0.0
2025-10-16 20:15:00;0.0
2025-10-16 20:30:00;0.0
2025-10-16 20:45:00;0.0
2025-10-16 21:00:00;0.0
2025-10-16 21:15:00;0.0
2025-10-16 21:30:00;0.0
2025-10-16 21:45:00;0.0
2025-10-16 22:00:00;0.0
2025-10-16 22:15:00;0.0
2025-10-16 22:30:00;0.0
2025-10-16 22:45:00;0.0
2025-10-16 23:00:00;0.0
2025-10-16 23:15:00;0.0
2025-10-16 23:30:00;0.0
2025-10-16 23:45:00;0.0
2025-10-17 00:00:00;0.0
2025-10-17 00:15:00;0.0
2025-10-17 00:30:00;0.0
2025-10-17 00:45:00;0.0
2025-10-17 01:00:00;0.0
2025-10-17 01:15:00;0.0
2025-10-17 01:30:00;0.0
2025-10-17 01:45:00;0.0
2025-10-17 02:00:00;0.0
2025-10-17 02:15:00;0.0
2025-10-17 02:30:00;0.0
2025-10-17 02:45:00;0.0
2025-10-17 03:00:00;0.0
2025-10-17 03:15:00;0.0
2025-10-17 03:30:00;0.0
2025-10-17 03:45:00;0.0
2025-10-17 04:00:00;0.0
2025-10-17 04:15:00;0.0
2025-10-17 04:30:00;0.0
2025-10-17 04:45:00;0.0
2025-10-17 05:00:00;0.0
2025-10-17 05:15:00;0.0
2025-10-17 05:30:00;0.0
2025-10-17 05:45:00;0.0
2025-10-17 06:00:00;0.0
2025-10-17 06:15:00;0.0
2025-10-17 06:30:00;0.0
2025-10-17 06:45:00;0.0
2025-10-17 07:00:00;0.0
2025-10-17 07:15:00;0.0
2025-10-17 07:30:00;0.0
2025-10-17 07:45:00;0.0
2025-10-17 08:00:00;0.0
2025-10-17 08:15:00;0.0
2025-10-17 08:30:00;0.5917999999999999
2025-10-17 08:45:00;1.6629999999999998
2025-10-17 09:00:00;0.9706
2025-10-17 09:15:00;1.2851
2025-10-17 09:30:00;1.6884
2025-10-17 09:45:00;2.3518
2025-10-17 10:00:00;6.8904
2025-10-17 10:15:00;7.9735000000000005
2025-10-17 10:30:00;8.6571
2025-10-17 10:45:00;9.0168
2025-10-17 11:00:00;11.0367
2025-10-17 11:15:00;10.621
2025-10-17 11:30:00;12.3683
2025-10-17 11:45:00;11.8085
2025-10-17 12:00:00;4.9632000000000005
2025-10-17 12:15:00;4.7625
2025-10-17 12:30:00;5.359699999999999
2025-10-17 12:45:00;5.209899999999999
2025-10-17 13:00:00;5.8254
2025-10-17 13:15:00;6.2036999999999995
2025-10-17 13:30:00;5.7783
2025-10-17 13:45:00;5.8255
2025-10-17 14:00:00;12.7049
2025-10-17 14:15:00;12.458400000000001
2025-10-17 14:30:00;11.2965
2025-10-17 14:45:00;11.7553
2025-10-17 15:00:00;14.3393
2025-10-17 15:15:00;13.5396
2025-10-17 15:30:00;13.0207
2025-10-17 15:45:00;12.1932
2025-10-17 16:00:00;6.6424
2025-10-17 16:15:00;6.0667
2025-10-17 16:30:00;5.4037
2025-10-17 16:45:00;4.9016
2025-10-17 17:00:00;6.9793
2025-10-17 17:15:00;5.8651
2025-10-17 17:30:00;4.4631
2025-10-17 17:45:00;3.0751000000000004
2025-10-17 18:00:00;0.4912000000000003
2025-10-17 18:15:00;0.0
2025-10-17 18:30:00;0.0
2025-10-17 18:45:00;0.0
2025-10-17 19:00:00;0.0
2025-10-17 19:15:00;0.0
2025-10-17 19:30:00;0.0
2025-10-17 19:45:00;0.0
2025-10-17 20:00:00;0.0
2025-10-17 20:15:00;0.0
2025-10-17 20:30:00;0.0
2025-10-17 20:45:00;0.0
2025-10-17 21:00:00;0.0
2025-10-17 21:15:00;0.0
2025-10-17 21:30:00;0.0
2025-10-17 21:45:00;0.0
2025-10-17 22:00:00;0.0
2025-10-17 22:15:00;0.0
2025-10-17 22:30:00;0.0
2025-10-17 22:45:00;0.0
2025-10-17 23:00:00;0.0
2025-10-17 23:15:00;0.0
2025-10-17 23:30:00;0.0
2025-10-17 23:45:00;0.0
2025-10-18 00:00:00;0.0
2025-10-18 00:15:00;0.0
2025-10-18 00:30:00;0.0
2025-10-18 00:45:00;0.0
2025-10-18 01:00:00;0.0
2025-10-18 01:15:00;0.0
2025-10-18 01:30:00;0.0
2025-10-18 01:45:00;0.0
2025-10-18 02:00:00;0.0
2025-10-18 02:15:00;0.0
2025-10-18 02:30:00;0.0
2025-10-18 02:45:00;0.0
2025-10-18 03:00:00;0.0
2025-10-18 03:15:00;0.0
2025-10-18 03:30:00;0.0
2025-10-18 03:45:00;0.0
2025-10-18 04:00:00;0.0
2025-10-18 04:15:00;0.0
2025-10-18 04:30:00;0.0
2025-10-18 04:45:00;0.0
2025-10-18 05:00:00;0.0
2025-10-18 05:15:00;0.0
2025-10-18 05:30:00;0.0
2025-10-18 05:45:00;0.0
2025-10-18 06:00:00;0.0
2025-10-18 06:15:00;0.0
2025-10-18 06:30:00;0.0
2025-10-18 06:45:00;0.0
2025-10-18 07:00:00;0.0
2025-10-18 07:15:00;0.0
2025-10-18 07:30:00;0.0
2025-10-18 07:45:00;0.0
2025-10-18 08:00:00;0.0
2025-10-18 08:15:00;0.0
2025-10-18 08:30:00;0.6527000000000001
2025-10-18 08:45:00;1.6473000000000002
2025-10-18 09:00:00;2.2920000000000003
2025-10-18 09:15:00;3.1494000000000004
2025-10-18 09:30:00;4.0801
2025-10-18 09:45:00;4.634600000000001
2025-10-18 10:00:00;6.7661999999999995
2025-10-18 10:15:00;7.3605
2025-10-18 10:30:00;8.014100000000001
2025-10-18 10:45:00;8.7732
2025-10-18 11:00:00;7.2402
2025-10-18 11:15:00;8.4775
2025-10-18 11:30:00;8.476
2025-10-18 11:45:00;8.7729
2025-10-18 12:00:00;14.311399999999999
2025-10-18 12:15:00;15.372399999999999
2025-10-18 12:30:00;14.9713
2025-10-18 12:45:00;15.1406
2025-10-18 13:00:00;15.598099999999999
2025-10-18 13:15:00;16.950000000000003
2025-10-18 13:30:00;16.3217
2025-10-18 13:45:00;15.9876
2025-10-18 14:00:00;13.3083
2025-10-18 14:15:00;13.021799999999999
2025-10-18 14:30:00;12.7118
2025-10-18 14:45:00;12.4535
2025-10-18 15:00:00;13.6012
2025-10-18 15:15:00;13.0905
2025-10-18 15:30:00;12.425600000000001
2025-10-18 15:45:00;11.4368
2025-10-18 16:00:00;4.991499999999999
2025-10-18 16:15:00;4.764200000000001
2025-10-18 16:30:00;4.0263
2025-10-18 16:45:00;4.0826
2025-10-18 17:00:00;5.1659
2025-10-18 17:15:00;4.2969
2025-10-18 17:30:00;2.9709000000000003
2025-10-18 17:45:00;2.4639
2025-10-18 18:00:00;2.1853000000000002
2025-10-18 18:15:00;0.8667
2025-10-18 18:30:00;0.0
2025-10-18 18:45:00;0.0
2025-10-18 19:00:00;0.0
2025-10-18 19:15:00;0.0
2025-10-18 19:30:00;0.0
2025-10-18 19:45:00;0.0
2025-10-18 20:00:00;0.0
2025-10-18 20:15:00;0.0
2025-10-18 20:30:00;0.0
2025-10-18 20:45:00;0.0
2025-10-18 21:00:00;0.0
2025-10-18 21:15:00;0.0
2025-10-18 21:30:00;0.0
2025-10-18 21:45:00;0.0
2025-10-18 22:00:00;0.0
2025-10-18 22:15:00;0.0
2025-10-18 22:30:00;0.0
2025-10-18 22:45:00;0.0
2025-10-18 23:00:00;0.0
2025-10-18 23:15:00;0.0
2025-10-18 23:30:00;0.0
2025-10-18 23:45:00;0.0
2025-10-19 00:00:00;0.0
2025-10-19 00:15:00;0.0
2025-10-19 00:30:00;0.0
2025-10-19 00:45:00;0.0
2025-10-19 01:00:00;0.0
2025-10-19 01:15:00;0.0
2025-10-19 01:30:00;0.0
2025-10-19 01:45:00;0.0
2025-10-19 02:00:00;0.0
2025-10-19 02:15:00;0.0
2025-10-19 02:30:00;0.0
2025-10-19 02:45:00;0.0
2025-10-19 03:00:00;0.0
2025-10-19 03:15:00;0.0
2025-10-19 03:30:00;0.0
2025-10-19 03:45:00;0.0
2025-10-19 04:00:00;0.0
2025-10-19 04:15:00;0.0
2025-10-19 04:30:00;0.0
2025-10-19 04:45:00;0.0
2025-10-19 05:00:00;0.0
2025-10-19 05:15:00;0.0
2025-10-19 05:30:00;0.0
2025-10-19 05:45:00;0.0
2025-10-19 06:00:00;0.0
2025-10-19 06:15:00;0.0
2025-10-19 06:30:00;0.0
2025-10-19 06:45:00;0.0
2025-10-19 07:00:00;0.0
2025-10-19 07:15:00;0.0
2025-10-19 07:30:00;0.0
2025-10-19 07:45:00;0.0
2025-10-19 08:00:00;0.0
2025-10-19 08:15:00;0.0
2025-10-19 08:30:00;0.0
2025-10-19 08:45:00;0.2733000000000001
2025-10-19 09:00:00;0.9271
2025-10-19 09:15:00;1.3624999999999998
2025-10-19 09:30:00;1.6818999999999997
2025-10-19 09:45:00;2.0964
2025-10-19 10:00:00;2.7503
2025-10-19 10:15:00;3.2668999999999997
2025-10-19 10:30:00;3.4817
2025-10-19 10:45:00;3.7713999999999994
2025-10-19 11:00:00;3.8150000000000004
2025-10-19 11:15:00;4.198600000000001
2025-10-19 11:30:00;4.3209
2025-10-19 11:45:00;4.3091
2025-10-19 12:00:00;4.3775
2025-10-19 12:15:00;4.3559
2025-10-19 12:30:00;4.611
2025-10-19 12:45:00;4.3429
2025-10-19 13:00:00;4.7806999999999995
2025-10-19 13:15:00;5.0513
2025-10-19 13:30:00;4.5479
2025-10-19 13:45:00;4.9707
2025-10-19 14:00:00;4.8004
2025-10-19 14:15:00;4.4417
2025-10-19 14:30:00;4.6277
2025-10-19 14:45:00;4.5114
2025-10-19 15:00:00;4.742100000000001
2025-10-19 15:15:00;4.5120000000000005
2025-10-19 15:30:00;4.2654000000000005
2025-10-19 15:45:00;3.8945
2025-10-19 16:00:00;2.9078
2025-10-19 16:15:00;2.8022
2025-10-19 16:30:00;2.4548
2025-10-19 16:45:00;2.2144
2025-10-19 17:00:00;1.5153999999999999
2025-10-19 17:15:00;1.4098999999999997
2025-10-19 17:30:00;0.7875999999999999
2025-10-19 17:45:00;0.5193000000000001
2025-10-19 18:00:00;0.0
2025-10-19 18:15:00;0.0
2025-10-19 18:30:00;0.0
2025-10-19 18:45:00;0.0
2025-10-19 19:00:00;0.0
2025-10-19 19:15:00;0.0
2025-10-19 19:30:00;0.0
2025-10-19 19:45:00;0.0
2025-10-19 20:00:00;0.0
2025-10-19 20:15:00;0.0
2025-10-19 20:30:00;0.0
2025-10-19 20:45:00;0.0
2025-10-19 21:00:00;0.0
2025-10-19 21:15:00;0.0
2025-10-19 21:30:00;0.0
2025-10-19 21:45:00;0.0
2025-10-19 22:00:00;0.0
2025-10-19 22:15:00;0.0
2025-10-19 22:30:00;0.0
2025-10-19 22:45:00;0.0
2025-10-19 23:00:00;0.0
2025-10-19 23:15:00;0.0
2025-10-19 23:30:00;0.0
2025-10-19 23:45:00;0.0
2025-10-20 00:00:00;0.0
2025-10-20 00:15:00;0.0
2025-10-20 00:30:00;0.0
2025-10-20 00:45:00;0.0
2025-10-20 01:00:00;0.0
2025-10-20 01:15:00;0.0
2025-10-20 01:30:00;0.0
2025-10-20 01:45:00;0.0
2025-10-20 02:00:00;0.0
2025-10-20 02:15:00;0.0
2025-10-20 02:30:00;0.0
2025-10-20 02:45:00;0.0
2025-10-20 03:00:00;0.0
2025-10-20 03:15:00;0.0
2025-10-20 03:30:00;0.0
2025-10-20 03:45:00;0.0
2025-10-20 04:00:00;0.0
2025-10-20 04:15:00;0.0
2025-10-20 04:30:00;0.0
2025-10-20 04:45:00;0.0
2025-10-20 05:00:00;0.0
2025-10-20 05:15:00;0.0
2025-10-20 05:30:00;0.0
2025-10-20 05:45:00;0.0
2025-10-20 06:00:00;0.0
2025-10-20 06:15:00;0.0
2025-10-20 06:30:00;0.0
2025-10-20 06:45:00;0.0
2025-10-20 07:00:00;0.0
2025-10-20 07:15:00;0.0
2025-10-20 07:30:00;0.0
2025-10-20 07:45:00;0.0
2025-10-20 08:00:00;0.0
2025-10-20 08:15:00;0.0
2025-10-20 08:30:00;0.9509999999999998
2025-10-20 08:45:00;1.7602999999999998
2025-10-20 09:00:00;3.4530000000000003
2025-10-20 09:15:00;4.662100000000001
2025-10-20 09:30:00;5.736
2025-10-20 09:45:00;6.5527
2025-10-20 10:00:00;3.9238999999999997
2025-10-20 10:15:00;4.1917
2025-10-20 10:30:00;4.5785
2025-10-20 10:45:00;5.1799
2025-10-20 11:00:00;7.841400000000001
2025-10-20 11:15:00;8.3208
2025-10-20 11:30:00;9.085700000000001
2025-10-20 11:45:00;9.081
2025-10-20 12:00:00;6.1222
2025-10-20 12:15:00;6.3883
2025-10-20 12:30:00;6.5187
2025-10-20 12:45:00;6.7552
2025-10-20 13:00:00;6.2562
2025-10-20 13:15:00;6.081200000000001
2025-10-20 13:30:00;6.5508
2025-10-20 13:45:00;5.9397
2025-10-20 14:00:00;15.593399999999999
2025-10-20 14:15:00;15.513299999999997
2025-10-20 14:30:00;14.353200000000001
2025-10-20 14:45:00;15.024
2025-10-20 15:00:00;9.0894
2025-10-20 15:15:00;8.5777
2025-10-20 15:30:00;7.7115
2025-10-20 15:45:00;7.5411
2025-10-20 16:00:00;4.0466
2025-10-20 16:15:00;3.6346
2025-10-20 16:30:00;3.5446
2025-10-20 16:45:00;2.9225
2025-10-20 17:00:00;5.4006
2025-10-20 17:15:00;4.5846
2025-10-20 17:30:00;3.5447999999999995
2025-10-20 17:45:00;2.6581
2025-10-20 18:00:00;1.6011999999999997
2025-10-20 18:15:00;0.4149999999999998
2025-10-20 18:30:00;0.0
2025-10-20 18:45:00;0.0
2025-10-20 19:00:00;0.0
2025-10-20 19:15:00;0.0
2025-10-20 19:30:00;0.0
2025-10-20 19:45:00;0.0
2025-10-20 20:00:00;0.0
2025-10-20 20:15:00;0.0
2025-10-20 20:30:00;0.0
2025-10-20 20:45:00;0.0
2025-10-20 21:00:00;0.0
2025-10-20 21:15:00;0.0
2025-10-20 21:30:00;0.0
2025-10-20 21:45:00;0.0
2025-10-20 22:00:00;0.0
2025-10-20 22:15:00;0.0
2025-10-20 22:30:00;0.0
2025-10-20 22:45:00;0.0
2025-10-20 23:00:00;0.0
2025-10-20 23:15:00;0.0
2025-10-20 23:30:00;0.0
2025-10-20 23:45:00;0.0
2025-10-21 00:00:00;0.0
2025-10-21 00:15:00;0.0
2025-10-21 00:30:00;0.0
2025-10-21 00:45:00;0.0
2025-10-21 01:00:00;0.0
2025-10-21 01:15:00;0.0
2025-10-21 01:30:00;0.0
2025-10-21 01:45:00;0.0
2025-10-21 02:00:00;0.0
2025-10-21 02:15:00;0.0
2025-10-21 02:30:00;0.0
2025-10-21 02:45:00;0.0
2025-10-21 03:00:00;0.0
2025-10-21 03:15:00;0.0
2025-10-21 03:30:00;0.0
2025-10-21 03:45:00;0.0
2025-10-21 04:00:00;0.0
2025-10-21 04:15:00;0.0
2025-10-21 04:30:00;0.0
2025-10-21 04:45:00;0.0
2025-10-21 05:00:00;0.0
2025-10-21 05:15:00;0.0
2025-10-21 05:30:00;0.0
2025-10-21 05:45:00;0.0
2025-10-21 06:00:00;0.0
2025-10-21 06:15:00;0.0
2025-10-21 06:30:00;0.0
2025-10-21 06:45:00;0.0
2025-10-21 07:00:00;0.0
2025-10-21 07:15:00;0.0
2025-10-21 07:30:00;0.0
2025-10-21 07:45:00;0.0
2025-10-21 08:00:00;0.0
2025-10-21 08:15:00;0.0
2025-10-21 08:30:00;1.0789000000000002
2025-10-21 08:45:00;2.3777999999999997
2025-10-21 09:00:00;2.1458
2025-10-21 09:15:00;2.8984
2025-10-21 09:30:00;3.7006000000000006
2025-10-21 09:45:00;4.249700000000001
2025-10-21 10:00:00;7.5383000000000004
2025-10-21 10:15:00;8.170499999999999
2025-10-21 10:30:00;9.1759
2025-10-21 10:45:00;9.8849
2025-10-21 11:00:00;9.1556
2025-10-21 11:15:00;10.3301
2025-10-21 11:30:00;11.3213
2025-10-21 11:45:00;11.7412
2025-10-21 12:00:00;14.4792
2025-10-21 12:15:00;14.2567
2025-10-21 12:30:00;14.2921
2025-10-21 12:45:00;14.991800000000001
2025-10-21 13:00:00;6.5120000000000005
2025-10-21 13:15:00;6.3527000000000005
2025-10-21 13:30:00;6.4795
2025-10-21 13:45:00;6.5946
2025-10-21 14:00:00;11.3783
2025-10-21 14:15:00;10.7431
2025-10-21 14:30:00;10.722000000000001
2025-10-21 14:45:00;10.369200000000001
2025-10-21 15:00:00;12.3649
2025-10-21 15:15:00;11.1867
2025-10-21 15:30:00;10.1999
2025-10-21 15:45:00;9.901
2025-10-21 16:00:00;10.735999999999999
2025-10-21 16:15:00;10.5341
2025-10-21 16:30:00;9.6073
2025-10-21 16:45:00;7.7462
2025-10-21 17:00:00;4.8714
2025-10-21 17:15:00;4.056900000000001
2025-10-21 17:30:00;3.5599000000000003
2025-10-21 17:45:00;2.4009
2025-10-21 18:00:00;1.6878000000000002
2025-10-21 18:15:00;0.7247999999999999
2025-10-21 18:30:00;0.0
2025-10-21 18:45:00;0.0
2025-10-21 19:00:00;0.0
2025-10-21 19:15:00;0.0
2025-10-21 19:30:00;0.0
2025-10-21 19:45:00;0.0
2025-10-21 20:00:00;0.0
2025-10-21 20:15:00;0.0
2025-10-21 20:30:00;0.0
2025-10-21 20:45:00;0.0
2025-10-21 21:00:00;0.0
2025-10-21 21:15:00;0.0
2025-10-21 21:30:00;0.0
2025-10-21 21:45:00;0.0
2025-10-21 22:00:00;0.0
2025-10-21 22:15:00;0.0
2025-10-21 22:30:00;0.0
2025-10-21 22:45:00;0.0
2025-10-21 23:00:00;0.0
2025-10-21 23:15:00;0.0
2025-10-21 23:30:00;0.0
2025-10-21 23:45:00;0.0
2025-10-22 00:00:00;0.0
2025-10-22 00:15:00;0.0
2025-10-22 00:30:00;0.0
2025-10-22 00:45:00;0.0
2025-10-22 01:00:00;0.0
2025-10-22 01:15:00;0.0
2025-10-22 01:30:00;0.0
2025-10-22 01:45:00;0.0
2025-10-22 02:00:00;0.0
2025-10-22 02:15:00;0.0
2025-10-22 02:30:00;0.0
2025-10-22 02:45:00;0.0
2025-10-22 03:00:00;0.0
2025-10-22 03:15:00;0.0
2025-10-22 03:30:00;0.0
2025-10-22 03:45:00;0.0
2025-10-22 04:00:00;0.0
2025-10-22 04:15:00;0.0
2025-10-22 04:30:00;0.0
2025-10-22 04:45:00;0.0
2025-10-22 05:00:00;0.0
2025-10-22 05:15:00;0.0
2025-10-22 05:30:00;0.0
2025-10-22 05:45:00;0.0
2025-10-22 06:00:00;0.0
2025-10-22 06:15:00;0.0
2025-10-22 06:30:00;0.0
2025-10-22 06:45:00;0.0
2025-10-22 07:00:00;0.0
2025-10-22 07:15:00;0.0
2025-10-22 07:30:00;0.0
2025-10-22 07:45:00;0.0
2025-10-22 08:00:00;0.0
2025-10-22 08:15:00;0.0
2025-10-22 08:30:00;0.5195999999999998
2025-10-22 08:45:00;1.2367
2025-10-22 09:00:00;4.1538
2025-10-22 09:15:00;5.272600000000001
2025-10-22 09:30:00;6.7793
2025-10-22 09:45:00;7.4205000000000005
2025-10-22 10:00:00;8.0007
2025-10-22 10:15:00;8.7042
2025-10-22 10:30:00;10.421800000000001
2025-10-22 10:45:00;10.8015
2025-10-22 11:00:00;3.7521999999999993
2025-10-22 11:15:00;3.9770999999999996
2025-10-22 11:30:00;4.4780999999999995
2025-10-22 11:45:00;4.475099999999999
2025-10-22 12:00:00;10.9214
2025-10-22 12:15:00;12.050400000000002
2025-10-22 12:30:00;11.5235
2025-10-22 12:45:00;12.4643
2025-10-22 13:00:00;9.1899
2025-10-22 13:15:00;9.446000000000002
2025-10-22 13:30:00;9.2966
2025-10-22 13:45:00;9.1409
2025-10-22 14:00:00;15.359300000000001
2025-10-22 14:15:00;15.7314
2025-10-22 14:30:00;14.407
2025-10-22 14:45:00;14.062100000000001
2025-10-22 15:00:00;14.4012
2025-10-22 15:15:00;13.248199999999999
2025-10-22 15:30:00;13.089400000000001
2025-10-22 15:45:00;11.647300000000001
2025-10-22 16:00:00;10.895199999999999
2025-10-22 16:15:00;9.245800000000001
2025-10-22 16:30:00;8.698599999999999
2025-10-22 16:45:00;7.9128
2025-10-22 17:00:00;7.3252
2025-10-22 17:15:00;6.2109000000000005
2025-10-22 17:30:00;5.409599999999999
2025-10-22 17:45:00;4.0632
2025-10-22 18:00:00;0.2601
2025-10-22 18:15:00;0.0
2025-10-22 18:30:00;0.0
2025-10-22 18:45:00;0.0
2025-10-22 19:00:00;0.0
2025-10-22 19:15:00;0.0
2025-10-22 19:30:00;0.0
2025-10-22 19:45:00;0.0
2025-10-22 20:00:00;0.0
2025-10-22 20:15:00;0.0
2025-10-22 20:30:00;0.0
2025-10-22 20:45:00;0.0
2025-10-22 21:00:00;0.0
2025-10-22 21:15:00;0.0
2025-10-22 21:30:00;0.0
2025-10-22 21:45:00;0.0
2025-10-22 22:00:00;0.0
2025-10-22 22:15:00;0.0
2025-10-22 22:30:00;0.0
2025-10-22 22:45:00;0.0
2025-10-22 23:00:00;0.0
2025-10-22 23:15:00;0.0
2025-10-22 23:30:00;0.0
2025-10-22 23:45:00;0.0
2025-10-23 00:00:00;0.0
2025-10-23 00:15:00;0.0
2025-10-23 00:30:00;0.0
2025-10-23 00:45:00;0.0
2025-10-23 01:00:00;0.0
2025-10-23 01:15:00;0.0
2025-10-23 01:30:00;0.0
2025-10-23 01:45:00;0.0
2025-10-23 02:00:00;0.0
2025-10-23 02:15:00;0.0
2025-10-23 02:30:00;0.0
2025-10-23 02:45:00;0.0
2025-10-23 03:00:00;0.0
2025-10-23 03:15:00;0.0
2025-10-23 03:30:00;0.0
2025-10-23 03:45:00;0.0
2025-10-23 04:00:00;0.0
2025-10-23 04:15:00;0.0
2025-10-23 04:30:00;0.0
2025-10-23 04:45:00;0.0
2025-10-23 05:00:00;0.0
2025-10-23 05:15:00;0.0
2025-10-23 05:30:00;0.0
2025-10-23 05:45:00;0.0
2025-10-23 06:00:00;0.0
2025-10-23 06:15:00;0.0
2025-10-23 06:30:00;0.0
2025-10-23 06:45:00;0.0
2025-10-23 07:00:00;0.0
2025-10-23 07:15:00;0.0
2025-10-23 07:30:00;0.0
2025-10-23 07:45:00;0.0
2025-10-23 08:00:00;0.0
2025-10-23 08:15:00;0.0
2025-10-23 08:30:00;0.0
2025-10-23 08:45:00;0.0
2025-10-23 09:00:00;0.7909999999999999
2025-10-23 09:15:00;1.1232
2025-10-23 09:30:00;1.6320999999999999
2025-10-23 09:45:00;1.7868
2025-10-23 10:00:00;2.4046000000000003
2025-10-23 10:15:00;2.7621
2025-10-23 10:30:00;3.3510000000000004
2025-10-23 10:45:00;3.735
2025-10-23 11:00:00;3.969
2025-10-23 11:15:00;3.7664999999999997
2025-10-23 11:30:00;4.266
2025-10-23 11:45:00;4.4843
2025-10-23 12:00:00;4.7171
2025-10-23 12:15:00;4.4364
2025-10-23 12:30:00;4.9127
2025-10-23 12:45:00;5.3184
2025-10-23 13:00:00;5.3083
2025-10-23 13:15:00;5.1057999999999995
2025-10-23 13:30:00;5.0609
2025-10-23 13:45:00;5.085100000000001
2025-10-23 14:00:00;5.9759
2025-10-23 14:15:00;5.9717
2025-10-23 14:30:00;5.8904
2025-10-23 14:45:00;5.2308
2025-10-23 15:00:00;4.590199999999999
2025-10-23 15:15:00;4.3245000000000005
2025-10-23 15:30:00;3.7483999999999997
2025-10-23 15:45:00;3.8017000000000003
2025-10-23 16:00:00;3.2801
2025-10-23 16:15:00;2.9055999999999997
2025-10-23 16:30:00;2.769
2025-10-23 16:45:00;2.456
2025-10-23 17:00:00;1.2921000000000002
2025-10-23 17:15:00;1.1039999999999999
2025-10-23 17:30:00;0.8103000000000002
2025-10-23 17:45:00;0.1722999999999999
2025-10-23 18:00:00;0.0
2025-10-23 18:15:00;0.0
2025-10-23 18:30:00;0.0
2025-10-23 18:45:00;0.0
2025-10-23 19:00:00;0.0
2025-10-23 19:15:00;0.0
2025-10-23 19:30:00;0.0
2025-10-23 19:45:00;0.0
2025-10-23 20:00:00;0.0
2025-10-23 20:15:00;0.0
2025-10-23 20:30:00;0.0
2025-10-23 20:45:00;0.0
2025-10-23 21:00:00;0.0
2025-10-23 21:15:00;0.0
2025-10-23 21:30:00;0.0
2025-10-23 21:45:00;0.0
2025-10-23 22:00:00;0.0
2025-10-23 22:15:00;0.0
2025-10-23 22:30:00;0.0
2025-10-23 22:45:00;0.0
2025-10-23 23:00:00;0.0
2025-10-23 23:15:00;0.0
2025-10-23 23:30:00;0.0
2025-10-23 23:45:00;0.0
2025-10-24 00:00:00;0.0
2025-10-24 00:15:00;0.0
2025-10-24 00:30:00;0.0
2025-10-24 00:45:00;0.0
2025-10-24 01:00:00;0.0
2025-10-24 01:15:00;0.0
2025-10-24 01:30:00;0.0
2025-10-24 01:45:00;0.0
2025-10-24 02:00:00;0.0
2025-10-24 02:15:00;0.0
2025-10-24 02:30:00;0.0
2025-10-24 02:45:00;0.0
2025-10-24 03:00:00;0.0
2025-10-24 03:15:00;0.0
2025-10-24 03:30:00;0.0
2025-10-24 03:45:00;0.0
2025-10-24 04:00:00;0.0
2025-10-24 04:15:00;0.0
2025-10-24 04:30:00;0.0
2025-10-24 04:45:00;0.0
2025-10-24 05:00:00;0.0
2025-10-24 05:15:00;0.0
2025-10-24 05:30:00;0.0
2025-10-24 05:45:00;0.0
2025-10-24 06:00:00;0.0
2025-10-24 06:15:00;0.0
2025-10-24 06:30:00;0.0
2025-10-24 06:45:00;0.0
2025-10-24 07:00:00;0.0
2025-10-24 07:15:00;0.0
2025-10-24 07:30:00;0.0
2025-10-24 07:45:00;0.0
2025-10-24 08:00:00;0.0
2025-10-24 08:15:00;0.0
2025-10-24 08:30:00;0.0
2025-10-24 08:45:00;0.5128999999999999
2025-10-24 09:00:00;2.9249
2025-10-24 09:15:00;3.9443
2025-10-24 09:30:00;4.620699999999999
2025-10-24 09:45:00;5.7542
2025-10-24 10:00:00;6.8823
2025-10-24 10:15:00;7.9899000000000004
2025-10-24 10:30:00;8.8802
2025-10-24 10:45:00;9.1799
2025-10-24 11:00:00;4.1648
2025-10-24 11:15:00;4.5965
2025-10-24 11:30:00;4.9364
2025-10-24 11:45:00;4.9648
2025-10-24 12:00:00;9.8834
2025-10-24 12:15:00;10.733799999999999
2025-10-24 12:30:00;11.6514
2025-10-24 12:45:00;11.3152
2025-10-24 13:00:00;5.7236
2025-10-24 13:15:00;5.4764
2025-10-24 13:30:00;5.7148
2025-10-24 13:45:00;5.2063
2025-10-24 14:00:00;13.2703
2025-10-24 14:15:00;12.7637
2025-10-24 14:30:00;12.493500000000001
2025-10-24 14:45:00;11.9937
2025-10-24 15:00:00;12.3229
2025-10-24 15:15:00;11.8851
2025-10-24 15:30:00;11.074499999999999
2025-10-24 15:45:00;10.4564
2025-10-24 16:00:00;10.816
2025-10-24 16:15:00;10.4285
2025-10-24 16:30:00;9.623600000000001
2025-10-24 16:45:00;8.6525
2025-10-24 17:00:00;5.9703
2025-10-24 17:15:00;5.3133
2025-10-24 17:30:00;4.2193
2025-10-24 17:45:00;3.2555999999999994
2025-10-24 18:00:00;1.4822
2025-10-24 18:15:00;0.26570000000000005
2025-10-24 18:30:00;0.0
2025-10-24 18:45:00;0.0
2025-10-24 19:00:00;0.0
2025-10-24 19:15:00;0.0
2025-10-24 19:30:00;0.0
2025-10-24 19:45:00;0.0
2025-10-24 20:00:00;0.0
2025-10-24 20:15:00;0.0
2025-10-24 20:30:00;0.0
2025-10-24 20:45:00;0.0
2025-10-24 21:00:00;0.0
2025-10-24 21:15:00;0.0
2025-10-24 21:30:00;0.0
2025-10-24 21:45:00;0.0
2025-10-24 22:00:00;0.0
2025-10-24 22:15:00;0.0
2025-10-24 22:30:00;0.0
2025-10-24 22:45:00;0.0
2025-10-24 23:00:00;0.0
2025-10-24 23:15:00;0.0
2025-10-24 23:30:00;0.0
2025-10-24 23:45:00;0.0
2025-10-25 00:00:00;0.0
2025-10-25 00:15:00;0.0
2025-10-25 00:30:00;0.0
2025-10-25 00:45:00;0.0
2025-10-25 01:00:00;0.0
2025-10-25 01:15:00;0.0
2025-10-25 01:30:00;0.0
2025-10-25 01:45:00;0.0
2025-10-25 02:00:00;0.0
2025-10-25 02:15:00;0.0
2025-10-25 02:30:00;0.0
2025-10-25 02:45:00;0.0
2025-10-25 03:00:00;0.0
2025-10-25 03:15:00;0.0
2025-10-25 03:30:00;0.0
2025-10-25 03:45:00;0.0
2025-10-25 04:00:00;0.0
2025-10-25 04:15:00;0.0
2025-10-25 04:30:00;0.0
2025-10-25 04:45:00;0.0
2025-10-25 05:00:00;0.0
2025-10-25 05:15:00;0.0
2025-10-25 05:30:00;0.0
2025-10-25 05:45:00;0.0
2025-10-25 06:00:00;0.0
2025-10-25 06:15:00;0.0
2025-10-25 06:30:00;0.0
2025-10-25 06:45:00;0.0
2025-10-25 07:00:00;0.0
2025-10-25 07:15:00;0.0
2025-10-25 07:30:00;0.0
2025-10-25 07:45:00;0.0
2025-10-25 08:00:00;0.0
2025-10-25 08:15:00;0.0
2025-10-25 08:30:00;0.1673
2025-10-25 08:45:00;1.0019
2025-10-25 09:00:00;3.4481
2025-10-25 09:15:00;4.4876
2025-10-25 09:30:00;4.998
2025-10-25 09:45:00;6.1918999999999995
2025-10-25 10:00:00;6.600099999999999
2025-10-25 10:15:00;7.3264000000000005
2025-10-25 10:30:00;7.8872
2025-10-25 10:45:00;9.182699999999999
2025-10-25 11:00:00;11.3741
2025-10-25 11:15:00;11.206900000000001
2025-10-25 11:30:00;12.2901
2025-10-25 11:45:00;12.416699999999999
2025-10-25 12:00:00;5.5596
2025-10-25 12:15:00;5.3723
2025-10-25 12:30:00;5.5884
2025-10-25 12:45:00;5.1561
2025-10-25 13:00:00;10.084200000000001
2025-10-25 13:15:00;10.1111
2025-10-25 13:30:00;9.646700000000001
2025-10-25 13:45:00;10.0762
2025-10-25 14:00:00;15.518900000000002
2025-10-25 14:15:00;14.3842
2025-10-25 14:30:00;14.3898
2025-10-25 14:45:00;13.7261
2025-10-25 15:00:00;12.8996
2025-10-25 15:15:00;12.810500000000001
2025-10-25 15:30:00;10.932699999999999
2025-10-25 15:45:00;10.7369
2025-10-25 16:00:00;9.7043
2025-10-25 16:15:00;8.917000000000002
2025-10-25 16:30:00;8.3372
2025-10-25 16:45:00;7.3032
2025-10-25 17:00:00;2.4485
2025-10-25 17:15:00;1.9167999999999998
2025-10-25 17:30:00;1.3492000000000002
2025-10-25 17:45:00;0.8130000000000002
2025-10-25 18:00:00;1.5369
2025-10-25 18:15:00;0.35050000000000003
2025-10-25 18:30:00;0.0
2025-10-25 18:45:00;0.0
2025-10-25 19:00:00;0.0
2025-10-25 19:15:00;0.0
2025-10-25 19:30:00;0.0
2025-10-25 19:45:00;0.0
2025-10-25 20:00:00;0.0
2025-10-25 20:15:00;0.0
2025-10-25 20:30:00;0.0
2025-10-25 20:45:00;0.0
2025-10-25 21:00:00;0.0
2025-10-25 21:15:00;0.0
2025-10-25 21:30:00;0.0
2025-10-25 21:45:00;0.0
2025-10-25 22:00:00;0.0
2025-10-25 22:15:00;0.0
2025-10-25 22:30:00;0.0
2025-10-25 22:45:00;0.0
2025-10-25 23:00:00;0.0
2025-10-25 23:15:00;0.0
2025-10-25 23:30:00;0.0
2025-10-25 23:45:00;0.0
2025-10-26 00:00:00;0.0
2025-10-26 00:15:00;0.0
2025-10-26 00:30:00;0.0
2025-10-26 00:45:00;0.0
2025-10-26 01:00:00;0.0
2025-10-26 01:15:00;0.0
2025-10-26 01:30:00;0.0
2025-10-26 01:45:00;0.0
2025-10-26 02:00:00;0.0
2025-10-26 02:00:00;0.0
2025-10-26 02:15:00;0.0
2025-10-26 02:15:00;0.0
2025-10-26 02:30:00;0.0
2025-10-26 02:30:00;0.0
2025-10-26 02:45:00;0.0
2025-10-26 02:45:00;0.0
2025-10-26 03:00:00;0.0
2025-10-26 03:15:00;0.0
2025-10-26 03:30:00;0.0
2025-10-26 03:45:00;0.0
2025-10-26 04:00:00;0.0
2025-10-26 04:15:00;0.0
2025-10-26 04:30:00;0.0
2025-10-26 04:45:00;0.0
2025-10-26 05:00:00;0.0
2025-10-26 05:15:00;0.0
2025-10-26 05:30:00;0.0
2025-10-26 05:45:00;0.0
2025-10-26 06:00:00;0.0
2025-10-26 06:15:00;0.0
2025-10-26 06:30:00;0.0
2025-10-26 06:45:00;0.0
2025-10-26 07:00:00;0.0
2025-10-26 07:15:00;0.0
2025-10-26 07:30:00;0.0
2025-10-26 07:45:00;0.0
2025-10-26 08:00:00;0.0
2025-10-26 08:15:00;0.0
2025-10-26 08:30:00;0.0
2025-10-26 08:45:00;0.0
2025-10-26 09:00:00;0.0
2025-10-26 09:15:00;0.0
2025-10-26 09:30:00;0.0988
2025-10-26 09:45:00;0.2639999999999999
2025-10-26 10:00:00;0.39349999999999985
2025-10-26 10:15:00;0.4284999999999999
2025-10-26 10:30:00;0.6412000000000001
2025-10-26 10:45:00;0.8278000000000001
2025-10-26 11:00:00;0.8827000000000002
2025-10-26 11:15:00;1.0355
2025-10-26 11:30:00;1.202
2025-10-26 11:45:00;1.2938
2025-10-26 12:00:00;1.2868
2025-10-26 12:15:00;1.4527
2025-10-26 12:30:00;1.3513000000000002
2025-10-26 12:45:00;1.4983
2025-10-26 13:00:00;1.7243000000000002
2025-10-26 13:15:00;1.7546999999999997
2025-10-26 13:30:00;1.7097000000000002
2025-10-26 13:45:00;1.6477
2025-10-26 14:00:00;1.2610999999999999
2025-10-26 14:15:00;1.2486
2025-10-26 14:30:00;1.2203
2025-10-26 14:45:00;1.2355
2025-10-26 15:00:00;1.2817000000000003
2025-10-26 15:15:00;1.1925999999999999
2025-10-26 15:30:00;1.0077
2025-10-26 15:45:00;0.8914999999999998
2025-10-26 16:00:00;0.6139000000000001
2025-10-26 16:15:00;0.4613999999999998
2025-10-26 16:30:00;0.41759999999999997
2025-10-26 16:45:00;0.21300000000000008
2025-10-26 17:00:00;0.0
2025-10-26 17:15:00;0.0
2025-10-26 17:30:00;0.0
2025-10-26 17:45:00;0.0
2025-10-26 18:00:00;0.0
2025-10-26 18:15:00;0.0
2025-10-26 18:30:00;0.0
2025-10-26 18:45:00;0.0
2025-10-26 19:00:00;0.0
2025-10-26 19:15:00;0.0
2025-10-26 19:30:00;0.0
2025-10-26 19:45:00;0.0
2025-10-26 20:00:00;0.0
2025-10-26 20:15:00;0.0
2025-10-26 20:30:00;0.0
2025-10-26 20:45:00;0.0
2025-10-26 21:00:00;0.0
2025-10-26 21:15:00;0.0
2025-10-26 21:30:00;0.0
2025-10-26 21:45:00;0.0
2025-10-26 22:00:00;0.0
2025-10-26 22:15:00;0.0
2025-10-26 22:30:00;0.0
2025-10-26 22:45:00;0.0
2025-10-26 23:00:00;0.0
2025-10-26 23:15:00;0.0
2025-10-26 23:30:00;0.0
2025-10-26 23:45:00;0.0
2025-10-27 00:00:00;0.0
2025-10-27 00:15:00;0.0
2025-10-27 00:30:00;0.0
2025-10-27 00:45:00;0.0
2025-10-27 01:00:00;0.0
2025-10-27 01:15:00;0.0
2025-10-27 01:30:00;0.0
2025-10-27 01:45:00;0.0
2025-10-27 02:00:00;0.0
2025-10-27 02:15:00;0.0
2025-10-27 02:30:00;0.0
2025-10-27 02:45:00;0.0
2025-10-27 03:00:00;0.0
2025-10-27 03:15:00;0.0
2025-10-27 03:30:00;0.0
2025-10-27 03:45:00;0.0
2025-10-27 04:00:00;0.0
2025-10-27 04:15:00;0.0
2025-10-27 04:30:00;0.0
2025-10-27 04:45:00;0.0
2025-10-27 05:00:00;0.0
2025-10-27 05:15:00;0.0
2025-10-27 05:30:00;0.0
2025-10-27 05:45:00;0.0
2025-10-27 06:00:00;0.0
2025-10-27 06:15:00;0.0
2025-10-27 06:30:00;0.0
2025-10-27 06:45:00;0.0
2025-10-27 07:00:00;0.0
2025-10-27 07:15:00;0.0
2025-10-27 07:30:00;0.0
2025-10-27 07:45:00;0.0
2025-10-27 08:00:00;0.0
2025-10-27 08:15:00;0.5651000000000002
2025-10-27 08:30:00;2.3032000000000004
2025-10-27 08:45:00;3.8726000000000003
2025-10-27 09:00:00;6.0506
2025-10-27 09:15:00;7.0664
2025-10-27 09:30:00;9.040299999999998
2025-10-27 09:45:00;10.468
2025-10-27 10:00:00;10.9131
2025-10-27 10:15:00;12.531600000000001
2025-10-27 10:30:00;13.5312
2025-10-27 10:45:00;14.472
2025-10-27 11:00:00;18.340500000000002
2025-10-27 11:15:00;20.773000000000003
2025-10-27 11:30:00;20.4468
2025-10-27 11:45:00;19.9628
2025-10-27 12:00:00;22.7012
2025-10-27 12:15:00;23.2583
2025-10-27 12:30:00;23.6985
2025-10-27 12:45:00;23.9387
2025-10-27 13:00:00;21.8809
2025-10-27 13:15:00;22.4527
2025-10-27 13:30:00;21.703100000000003
2025-10-27 13:45:00;21.8955
2025-10-27 14:00:00;21.182599999999997
2025-10-27 14:15:00;20.4185
2025-10-27 14:30:00;20.0629
2025-10-27 14:45:00;17.366500000000002
2025-10-27 15:00:00;24.4795
2025-10-27 15:15:00;22.020000000000003
2025-10-27 15:30:00;20.8656
2025-10-27 15:45:00;19.5049
2025-10-27 16:00:00;13.240499999999999
2025-10-27 16:15:00;12.1144
2025-10-27 16:30:00;11.975999999999999
2025-10-27 16:45:00;10.315
2025-10-27 17:00:00;9.8177
2025-10-27 17:15:00;9.1155
2025-10-27 17:30:00;6.5172
2025-10-27 17:45:00;5.2138
2025-10-27 18:00:00;4.0916
2025-10-27 18:15:00;2.061
2025-10-27 18:30:00;0.30569999999999986
2025-10-27 18:45:00;0.0
2025-10-27 19:00:00;0.0
2025-10-27 19:15:00;0.0
2025-10-27 19:30:00;0.0
2025-10-27 19:45:00;0.0
2025-10-27 20:00:00;0.0
2025-10-27 20:15:00;0.0
2025-10-27 20:30:00;0.0
2025-10-27 20:45:00;0.0
2025-10-27 21:00:00;0.0
2025-10-27 21:15:00;0.0
2025-10-27 21:30:00;0.0
2025-10-27 21:45:00;0.0
2025-10-27 22:00:00;0.0
2025-10-27 22:15:00;0.0
2025-10-27 22:30:00;0.0
2025-10-27 22:45:00;0.0
2025-10-27 23:00:00;0.0
2025-10-27 23:15:00;0.0
2025-10-27 23:30:00;0.0
2025-10-27 23:45:00;0.0
2025-10-28 00:00:00;0.0
2025-10-28 00:15:00;0.0
2025-10-28 00:30:00;0.0
2025-10-28 00:45:00;0.0
2025-10-28 01:00:00;0.0
2025-10-28 01:15:00;0.0
2025-10-28 01:30:00;0.0
2025-10-28 01:45:00;0.0
2025-10-28 02:00:00;0.0
2025-10-28 02:15:00;0.0
2025-10-28 02:30:00;0.0
2025-10-28 02:45:00;0.0
2025-10-28 03:00:00;0.0
2025-10-28 03:15:00;0.0
2025-10-28 03:30:00;0.0
2025-10-28 03:45:00;0.0
2025-10-28 04:00:00;0.0
2025-10-28 04:15:00;0.0
2025-10-28 04:30:00;0.0
2025-10-28 04:45:00;0.0
2025-10-28 05:00:00;0.0
2025-10-28 05:15:00;0.0
2025-10-28 05:30:00;0.0
2025-10-28 05:45:00;0.0
2025-10-28 06:00:00;0.0
2025-10-28 06:15:00;0.0
2025-10-28 06:30:00;0.0
2025-10-28 06:45:00;0.0
2025-10-28 07:00:00;0.0
2025-10-28 07:15:00;0.0
2025-10-28 07:30:00;0.0
2025-10-28 07:45:00;0.0
2025-10-28 08:00:00;0.0
2025-10-28 08:15:00;0.0
2025-10-28 08:30:00;0.0
2025-10-28 08:45:00;0.0
2025-10-28 09:00:00;0.0
2025-10-28 09:15:00;0.0
2025-10-28 09:30:00;0.0
2025-10-28 09:45:00;0.1289999999999999
2025-10-28 10:00:00;0.2983999999999999
2025-10-28 10:15:00;0.41759999999999997
2025-10-28 10:30:00;0.6183
2025-10-28 10:45:00;0.6310999999999999
2025-10-28 11:00:00;0.8510000000000001
2025-10-28 11:15:00;0.8835999999999999
2025-10-28 11:30:00;1.0173
2025-10-28 11:45:00;0.9919999999999999
2025-10-28 12:00:00;1.1294000000000002
2025-10-28 12:15:00;1.2061000000000002
2025-10-28 12:30:00;1.1943000000000001
2025-10-28 12:45:00;1.1484999999999999
2025-10-28 13:00:00;1.3848000000000003
2025-10-28 13:15:00;1.3535000000000004
2025-10-28 13:30:00;1.3774000000000002
2025-10-28 13:45:00;1.3992000000000002
2025-10-28 14:00:00;1.3576000000000001
2025-10-28 14:15:00;1.2961
2025-10-28 14:30:00;1.3437000000000001
2025-10-28 14:45:00;1.3016
2025-10-28 15:00:00;1.4855999999999998
2025-10-28 15:15:00;1.1183
2025-10-28 15:30:00;1.1042
2025-10-28 15:45:00;1.0108000000000001
2025-10-28 16:00:00;0.40159999999999996
2025-10-28 16:15:00;0.29720000000000013
2025-10-28 16:30:00;0.1166999999999998
2025-10-28 16:45:00;0.0
2025-10-28 17:00:00;0.0
2025-10-28 17:15:00;0.0
2025-10-28 17:30:00;0.0
2025-10-28 17:45:00;0.0
2025-10-28 18:00:00;0.0
2025-10-28 18:15:00;0.0
2025-10-28 18:30:00;0.0
2025-10-28 18:45:00;0.0
2025-10-28 19:00:00;0.0
2025-10-28 19:15:00;0.0
2025-10-28 19:30:00;0.0
2025-10-28 19:45:00;0.0
2025-10-28 20:00:00;0.0
2025-10-28 20:15:00;0.0
2025-10-28 20:30:00;0.0
2025-10-28 20:45:00;0.0
2025-10-28 21:00:00;0.0
2025-10-28 21:15:00;0.0
2025-10-28 21:30:00;0.0
2025-10-28 21:45:00;0.0
2025-10-28 22:00:00;0.0
2025-10-28 22:15:00;0.0
2025-10-28 22:30:00;0.0
2025-10-28 22:45:00;0.0
2025-10-28 23:00:00;0.0
2025-10-28 23:15:00;0.0
2025-10-28 23:30:00;0.0
2025-10-28 23:45:00;0.0
2025-10-29 00:00:00;0.0
2025-10-29 00:15:00;0.0
2025-10-29 00:30:00;0.0
2025-10-29 00:45:00;0.0
2025-10-29 01:00:00;0.0
2025-10-29 01:15:00;0.0
2025-10-29 01:30:00;0.0
2025-10-29 01:45:00;0.0
2025-10-29 02:00:00;0.0
2025-10-29 02:15:00;0.0
2025-10-29 02:30:00;0.0
2025-10-29 02:45:00;0.0
2025-10-29 03:00:00;0.0
2025-10-29 03:15:00;0.0
2025-10-29 03:30:00;0.0
2025-10-29 03:45:00;0.0
2025-10-29 04:00:00;0.0
2025-10-29 04:15:00;0.0
2025-10-29 04:30:00;0.0
2025-10-29 04:45:00;0.0
2025-10-29 05:00:00;0.0
2025-10-29 05:15:00;0.0
2025-10-29 05:30:00;0.0
2025-10-29 05:45:00;0.0
2025-10-29 06:00:00;0.0
2025-10-29 06:15:00;0.0
2025-10-29 06:30:00;0.0
2025-10-29 06:45:00;0.0
2025-10-29 07:00:00;0.0
2025-10-29 07:15:00;0.0
2025-10-29 07:30:00;0.0
2025-10-29 07:45:00;0.0
2025-10-29 08:00:00;0.0
2025-10-29 08:15:00;0.0
2025-10-29 08:30:00;0.0
2025-10-29 08:45:00;0.0
2025-10-29 09:00:00;0.0
2025-10-29 09:15:00;0.0
2025-10-29 09:30:00;0.13140000000000007
2025-10-29 09:45:00;0.2583000000000001
2025-10-29 10:00:00;0.5963
2025-10-29 10:15:00;0.8603999999999999
2025-10-29 10:30:00;0.9224999999999999
2025-10-29 10:45:00;1.0117
2025-10-29 11:00:00;0.7022999999999999
2025-10-29 11:15:00;0.8266000000000001
2025-10-29 11:30:00;0.9508
2025-10-29 11:45:00;0.9757
2025-10-29 12:00:00;1.2047999999999999
2025-10-29 12:15:00;1.1936999999999998
2025-10-29 12:30:00;1.2408000000000001
2025-10-29 12:45:00;1.3195
2025-10-29 13:00:00;1.2969
2025-10-29 13:15:00;1.3028
2025-10-29 13:30:00;1.2399999999999998
2025-10-29 13:45:00;1.2604000000000002
2025-10-29 14:00:00;1.0476999999999999
2025-10-29 14:15:00;1.0532000000000001
2025-10-29 14:30:00;0.9098999999999999
2025-10-29 14:45:00;0.8875000000000001
2025-10-29 15:00:00;1.2923
2025-10-29 15:15:00;1.2451
2025-10-29 15:30:00;1.0166
2025-10-29 15:45:00;1.0316
2025-10-29 16:00:00;0.6515000000000002
2025-10-29 16:15:00;0.5466
2025-10-29 16:30:00;0.3358000000000001
2025-10-29 16:45:00;0.26160000000000005
2025-10-29 17:00:00;0.0
2025-10-29 17:15:00;0.0
2025-10-29 17:30:00;0.0
2025-10-29 17:45:00;0.0
2025-10-29 18:00:00;0.0
2025-10-29 18:15:00;0.0
2025-10-29 18:30:00;0.0
2025-10-29 18:45:00;0.0
2025-10-29 19:00:00;0.0
2025-10-29 19:15:00;0.0
2025-10-29 19:30:00;0.0
2025-10-29 19:45:00;0.0
2025-10-29 20:00:00;0.0
2025-10-29 20:15:00;0.0
2025-10-29 20:30:00;0.0
2025-10-29 20:45:00;0.0
2025-10-29 21:00:00;0.0
2025-10-29 21:15:00;0.0
2025-10-29 21:30:00;0.0
2025-10-29 21:45:00;0.0
2025-10-29 22:00:00;0.0
2025-10-29 22:15:00;0.0
2025-10-29 22:30:00;0.0
2025-10-29 22:45:00;0.0
2025-10-29 23:00:00;0.0
2025-10-29 23:15:00;0.0
2025-10-29 23:30:00;0.0
2025-10-29 23:45:00;0.0
2025-10-30 00:00:00;0.0
2025-10-30 00:15:00;0.0
2025-10-30 00:30:00;0.0
2025-10-30 00:45:00;0.0
2025-10-30 01:00:00;0.0
2025-10-30 01:15:00;0.0
2025-10-30 01:30:00;0.0
2025-10-30 01:45:00;0.0
2025-10-30 02:00:00;0.0
2025-10-30 02:15:00;0.0
2025-10-30 02:30:00;0.0
2025-10-30 02:45:00;0.0
2025-10-30 03:00:00;0.0
2025-10-30 03:15:00;0.0
2025-10-30 03:30:00;0.0
2025-10-30 03:45:00;0.0
2025-10-30 04:00:00;0.0
2025-10-30 04:15:00;0.0
2025-10-30 04:30:00;0.0
2025-10-30 04:45:00;0.0
2025-10-30 05:00:00;0.0
2025-10-30 05:15:00;0.0
2025-10-30 05:30:00;0.0
2025-10-30 05:45:00;0.0
2025-10-30 06:00:00;0.0
2025-10-30 06:15:00;0.0
2025-10-30 06:30:00;0.0
2025-10-30 06:45:00;0.0
2025-10-30 07:00:00;0.0
2025-10-30 07:15:00;0.0
2025-10-30 07:30:00;0.0
2025-10-30 07:45:00;0.0
2025-10-30 08:00:00;0.0
2025-10-30 08:15:00;0.0
2025-10-30 08:30:00;0.0
2025-10-30 08:45:00;0.013700000000000045
2025-10-30 09:00:00;0.6812999999999999
2025-10-30 09:15:00;1.05
2025-10-30 09:30:00;1.4179
2025-10-30 09:45:00;1.5665999999999998
2025-10-30 10:00:00;2.4744
2025-10-30 10:15:00;2.6916
2025-10-30 10:30:00;3.2300999999999997
2025-10-30 10:45:00;3.4017
2025-10-30 11:00:00;3.2157
2025-10-30 11:15:00;3.6151
2025-10-30 11:30:00;3.553
2025-10-30 11:45:00;3.9375
2025-10-30 12:00:00;3.5324999999999998
2025-10-30 12:15:00;4.1772
2025-10-30 12:30:00;4.0584999999999996
2025-10-30 12:45:00;4.285
2025-10-30 13:00:00;4.3721
2025-10-30 13:15:00;4.1081
2025-10-30 13:30:00;4.532699999999999
2025-10-30 13:45:00;4.188400000000001
2025-10-30 14:00:00;5.6292
2025-10-30 14:15:00;5.237299999999999
2025-10-30 14:30:00;5.464
2025-10-30 14:45:00;5.076599999999999
2025-10-30 15:00:00;4.3051
2025-10-30 15:15:00;3.9852000000000003
2025-10-30 15:30:00;3.6127000000000002
2025-10-30 15:45:00;3.5592
2025-10-30 16:00:00;3.2579
2025-10-30 16:15:00;2.971
2025-10-30 16:30:00;2.5732
2025-10-30 16:45:00;2.1917999999999997
2025-10-30 17:00:00;1.4081000000000001
2025-10-30 17:15:00;1.0449
2025-10-30 17:30:00;0.6493000000000002
2025-10-30 17:45:00;0.18900000000000006
2025-10-30 18:00:00;0.0
2025-10-30 18:15:00;0.0
2025-10-30 18:30:00;0.0
2025-10-30 18:45:00;0.0
2025-10-30 19:00:00;0.0
2025-10-30 19:15:00;0.0
2025-10-30 19:30:00;0.0
2025-10-30 19:45:00;0.0
2025-10-30 20:00:00;0.0
2025-10-30 20:15:00;0.0
2025-10-30 20:30:00;0.0
2025-10-30 20:45:00;0.0
2025-10-30 21:00:00;0.0
2025-10-30 21:15:00;0.0
2025-10-30 21:30:00;0.0
2025-10-30 21:45:00;0.0
2025-10-30 22:00:00;0.0
2025-10-30 22:15:00;0.0
2025-10-30 22:30:00;0.0
2025-10-30 22:45:00;0.0
2025-10-30 23:00:00;0.0
2025-10-30 23:15:00;0.0
2025-10-30 23:30:00;0.0
2025-10-30 23:45:00;0.0
2025-10-31 00:00:00;0.0
2025-10-31 00:15:00;0.0
2025-10-31 00:30:00;0.0
2025-10-31 00:45:00;0.0
2025-10-31 01:00:00;0.0
2025-10-31 01:15:00;0.0
2025-10-31 01:30:00;0.0
2025-10-31 01:45:00;0.0
2025-10-31 02:00:00;0.0
2025-10-31 02:15:00;0.0
2025-10-31 02:30:00;0.0
2025-10-31 02:45:00;0.0
2025-10-31 03:00:00;0.0
2025-10-31 03:15:00;0.0
2025-10-31 03:30:00;0.0
2025-10-31 03:45:00;0.0
2025-10-31 04:00:00;0.0
2025-10-31 04:15:00;0.0
2025-10-31 04:30:00;0.0
2025-10-31 04:45:00;0.0
2025-10-31 05:00:00;0.0
2025-10-31 05:15:00;0.0
2025-10-31 05:30:00;0.0
2025-10-31 05:45:00;0.0
2025-10-31 06:00:00;0.0
2025-10-31 06:15:00;0.0
2025-10-31 06:30:00;0.0
2025-10-31 06:45:00;0.0
2025-10-31 07:00:00;0.0
2025-10-31 07:15:00;0.0
2025-10-31 07:30:00;0.0
2025-10-31 07:45:00;0.0
2025-10-31 08:00:00;0.0
2025-10-31 08:15:00;0.0
2025-10-31 08:30:00;0.742
2025-10-31 08:45:00;1.8734
2025-10-31 09:00:00;3.9765999999999995
2025-10-31 09:15:00;4.9157
2025-10-31 09:30:00;6.1782
2025-10-31 09:45:00;6.8695
2025-10-31 10:00:00;7.931399999999999
2025-10-31 10:15:00;8.634599999999999
2025-10-31 10:30:00;9.7469
2025-10-31 10:45:00;10.605699999999999
2025-10-31 11:00:00;12.373800000000001
2025-10-31 11:15:00;13.6342
2025-10-31 11:30:00;14.5264
2025-10-31 11:45:00;14.8868
2025-10-31 12:00:00;15.7298
2025-10-31 12:15:00;14.4289
2025-10-31 12:30:00;14.6093
2025-10-31 12:45:00;15.9245
2025-10-31 13:00:00;15.6931
2025-10-31 13:15:00;14.7571
2025-10-31 13:30:00;15.170700000000002
2025-10-31 13:45:00;15.0199
2025-10-31 14:00:00;13.438
2025-10-31 14:15:00;13.3173
2025-10-31 14:30:00;12.948599999999999
2025-10-31 14:45:00;13.7336
2025-10-31 15:00:00;15.7793
2025-10-31 15:15:00;14.1312
2025-10-31 15:30:00;14.277800000000001
2025-10-31 15:45:00;13.000499999999999
2025-10-31 16:00:00;8.9838
2025-10-31 16:15:00;8.7441
2025-10-31 16:30:00;7.2996
2025-10-31 16:45:00;6.5717
2025-10-31 17:00:00;7.162
2025-10-31 17:15:00;6.8026
2025-10-31 17:30:00;5.155200000000001
2025-10-31 17:45:00;3.7813000000000003
2025-10-31 18:00:00;1.621
2025-10-31 18:15:00;0.4066000000000001
2025-10-31 18:30:00;0.0
2025-10-31 18:45:00;0.0
2025-10-31 19:00:00;0.0
2025-10-31 19:15:00;0.0
2025-10-31 19:30:00;0.0
2025-10-31 19:45:00;0.0
2025-10-31 20:00:00;0.0
2025-10-31 20:15:00;0.0
2025-10-31 20:30:00;0.0
2025-10-31 20:45:00;0.0
2025-10-31 21:00:00;0.0
2025-10-31 21:15:00;0.0
2025-10-31 21:30:00;0.0
2025-10-31 21:45:00;0.0
2025-10-31 22:00:00;0.0
2025-10-31 22:15:00;0.0
2025-10-31 22:30:00;0.0
2025-10-31 22:45:00;0.0
2025-10-31 23:00:00;0.0
2025-10-31 23:15:00;0.0
2025-10-31 23:30:00;0.0
2025-10-31 23:45:00;0.0
2025-11-01 00:00:00;0.0
2025-11-01 00:15:00;0.0
2025-11-01 00:30:00;0.0
2025-11-01 00:45:00;0.0
2025-11-01 01:00:00;0.0
2025-11-01 01:15:00;0.0
2025-11-01 01:30:00;0.0
2025-11-01 01:45:00;0.0
2025-11-01 02:00:00;0.0
2025-11-01 02:15:00;0.0
2025-11-01 02:30:00;0.0
2025-11-01 02:45:00;0.0
2025-11-01 03:00:00;0.0
2025-11-01 03:15:00;0.0
2025-11-01 03:30:00;0.0
2025-11-01 03:45:00;0.0
2025-11-01 04:00:00;0.0
2025-11-01 04:15:00;0.0
2025-11-01 04:30:00;0.0
2025-11-01 04:45:00;0.0
2025-11-01 05:00:00;0.0
2025-11-01 05:15:00;0.0
2025-11-01 05:30:00;0.0
2025-11-01 05:45:00;0.0
2025-11-01 06:00:00;0.0
2025-11-01 06:15:00;0.0
2025-11-01 06:30:00;0.0
2025-11-01 06:45:00;0.0
2025-11-01 07:00:00;0.0
2025-11-01 07:15:00;0.0
2025-11-01 07:30:00;0.0
2025-11-01 07:45:00;0.0
2025-11-01 08:00:00;0.0
2025-11-01 08:15:00;0.0
2025-11-01 08:30:00;0.0
2025-11-01 08:45:00;0.0
2025-11-01 09:00:00;0.0
2025-11-01 09:15:00;0.0
2025-11-01 09:30:00;0.0
2025-11-01 09:45:00;0.0
2025-11-01 10:00:00;0.0
2025-11-01 10:15:00;0.024900000000000033
2025-11-01 10:30:00;0.10310000000000008
2025-11-01 10:45:00;0.23560000000000003
2025-11-01 11:00:00;0.47239999999999993
2025-11-01 11:15:00;0.4638000000000001
2025-11-01 11:30:00;0.5576
2025-11-01 11:45:00;0.604
2025-11-01 12:00:00;0.6017
2025-11-01 12:15:00;0.5842999999999999
2025-11-01 12:30:00;0.4872000000000001
2025-11-01 12:45:00;0.5939
2025-11-01 13:00:00;0.6145999999999999
2025-11-01 13:15:00;0.5519999999999999
2025-11-01 13:30:00;0.5695999999999999
2025-11-01 13:45:00;0.4125
2025-11-01 14:00:00;0.2983999999999999
2025-11-01 14:15:00;0.3133999999999999
2025-11-01 14:30:00;0.21689999999999998
2025-11-01 14:45:00;0.18090000000000006
2025-11-01 15:00:00;0.035800000000000054
2025-11-01 15:15:00;0.0
2025-11-01 15:30:00;0.0
2025-11-01 15:45:00;0.0
2025-11-01 16:00:00;0.0
2025-11-01 16:15:00;0.0
2025-11-01 16:30:00;0.0
2025-11-01 16:45:00;0.0
2025-11-01 17:00:00;0.0
2025-11-01 17:15:00;0.0
2025-11-01 17:30:00;0.0
2025-11-01 17:45:00;0.0
2025-11-01 18:00:00;0.0
2025-11-01 18:15:00;0.0
2025-11-01 18:30:00;0.0
2025-11-01 18:45:00;0.0
2025-11-01 19:00:00;0.0
2025-11-01 19:15:00;0.0
2025-11-01 19:30:00;0.0
2025-11-01 19:45:00;0.0
2025-11-01 20:00:00;0.0
2025-11-01 20:15:00;0.0
2025-11-01 20:30:00;0.0
2025-11-01 20:45:00;0.0
2025-11-01 21:00:00;0.0
2025-11-01 21:15:00;0.0
2025-11-01 21:30:00;0.0
2025-11-01 21:45:00;0.0
2025-11-01 22:00:00;0.0
2025-11-01 22:15:00;0.0
2025-11-01 22:30:00;0.0
2025-11-01 22:45:00;0.0
2025-11-01 23:00:00;0.0
2025-11-01 23:15:00;0.0
2025-11-01 23:30:00;0.0
2025-11-01 23:45:00;0.0
2025-11-02 00:00:00;0.0
2025-11-02 00:15:00;0.0
2025-11-02 00:30:00;0.0
2025-11-02 00:45:00;0.0
2025-11-02 01:00:00;0.0
2025-11-02 01:15:00;0.0
2025-11-02 01:30:00;0.0
2025-11-02 01:45:00;0.0
2025-11-02 02:00:00;0.0
2025-11-02 02:15:00;0.0
2025-11-02 02:30:00;0.0
2025-11-02 02:45:00;0.0
2025-11-02 03:00:00;0.0
2025-11-02 03:15:00;0.0
2025-11-02 03:30:00;0.0
2025-11-02 03:45:00;0.0
2025-11-02 04:00:00;0.0
2025-11-02 04:15:00;0.0
2025-11-02 04:30:00;0.0
2025-11-02 04:45:00;0.0
2025-11-02 05:00:00;0.0
2025-11-02 05:15:00;0.0
2025-11-02 05:30:00;0.0
2025-11-02 05:45:00;0.0
2025-11-02 06:00:00;0.0
2025-11-02 06:15:00;0.0
2025-11-02 06:30:00;0.0
2025-11-02 06:45:00;0.0
2025-11-02 07:00:00;0.0
2025-11-02 07:15:00;0.0
2025-11-02 07:30:00;0.0
2025-11-02 07:45:00;0.0
2025-11-02 08:00:00;0.0
2025-11-02 08:15:00;0.8340000000000001
2025-11-02 08:30:00;1.9902000000000002
2025-11-02 08:45:00;2.7842
2025-11-02 09:00:00;3.8722
2025-11-02 09:15:00;5.0788
2025-11-02 09:30:00;5.3627
2025-11-02 09:45:00;6.574400000000001
2025-11-02 10:00:00;9.4453
2025-11-02 10:15:00;10.010100000000001
2025-11-02 10:30:00;10.934000000000001
2025-11-02 10:45:00;12.522699999999999
2025-11-02 11:00:00;14.460600000000001
2025-11-02 11:15:00;14.9474
2025-11-02 11:30:00;16.596500000000002
2025-11-02 11:45:00;16.0863
2025-11-02 12:00:00;12.3824
2025-11-02 12:15:00;11.5613
2025-11-02 12:30:00;12.5161
2025-11-02 12:45:00;11.892900000000001
2025-11-02 13:00:00;11.8945
2025-11-02 13:15:00;11.6332
2025-11-02 13:30:00;11.1325
2025-11-02 13:45:00;10.4509
2025-11-02 14:00:00;11.328600000000002
2025-11-02 14:15:00;10.9722
2025-11-02 14:30:00;10.0538
2025-11-02 14:45:00;8.6457
2025-11-02 15:00:00;8.593
2025-11-02 15:15:00;8.1229
2025-11-02 15:30:00;6.9052
2025-11-02 15:45:00;5.6209
2025-11-02 16:00:00;3.4975999999999994
2025-11-02 16:15:00;2.4397
2025-11-02 16:30:00;1.2143
2025-11-02 16:45:00;0.06620000000000004
2025-11-02 17:00:00;0.0
2025-11-02 17:15:00;0.0
2025-11-02 17:30:00;0.0
2025-11-02 17:45:00;0.0
2025-11-02 18:00:00;0.0
2025-11-02 18:15:00;0.0
2025-11-02 18:30:00;0.0
2025-11-02 18:45:00;0.0
2025-11-02 19:00:00;0.0
2025-11-02 19:15:00;0.0
2025-11-02 19:30:00;0.0
2025-11-02 19:45:00;0.0
2025-11-02 20:00:00;0.0
2025-11-02 20:15:00;0.0
2025-11-02 20:30:00;0.0
2025-11-02 20:45:00;0.0
2025-11-02 21:00:00;0.0
2025-11-02 21:15:00;0.0
2025-11-02 21:30:00;0.0
2025-11-02 21:45:00;0.0
2025-11-02 22:00:00;0.0
2025-11-02 22:15:00;0.0
2025-11-02 22:30:00;0.0
2025-11-02 22:45:00;0.0
2025-11-02 23:00:00;0.0
2025-11-02 23:15:00;0.0
2025-11-02 23:30:00;0.0
2025-11-02 23:45:00;0.0
2025-11-03 00:00:00;0.0
2025-11-03 00:15:00;0.0
2025-11-03 00:30:00;0.0
2025-11-03 00:45:00;0.0
2025-11-03 01:00:00;0.0
2025-11-03 01:15:00;0.0
2025-11-03 01:30:00;0.0
2025-11-03 01:45:00;0.0
2025-11-03 02:00:00;0.0
2025-11-03 02:15:00;0.0
2025-11-03 02:30:00;0.0
2025-11-03 02:45:00;0.0
2025-11-03 03:00:00;0.0
2025-11-03 03:15:00;0.0
2025-11-03 03:30:00;0.0
2025-11-03 03:45:00;0.0
2025-11-03 04:00:00;0.0
2025-11-03 04:15:00;0.0
2025-11-03 04:30:00;0.0
2025-11-03 04:45:00;0.0
2025-11-03 05:00:00;0.0
2025-11-03 05:15:00;0.0
2025-11-03 05:30:00;0.0
2025-11-03 05:45:00;0.0
2025-11-03 06:00:00;0.0
2025-11-03 06:15:00;0.0
2025-11-03 06:30:00;0.0
2025-11-03 06:45:00;0.0
2025-11-03 07:00:00;0.0
2025-11-03 07:15:00;0.0
2025-11-03 07:30:00;0.0
2025-11-03 07:45:00;0.0
2025-11-03 08:00:00;0.18030000000000013
2025-11-03 08:15:00;1.586
2025-11-03 08:30:00;2.8726
2025-11-03 08:45:00;4.5674
2025-11-03 09:00:00;4.184699999999999
2025-11-03 09:15:00;4.8842
2025-11-03 09:30:00;6.2564
2025-11-03 09:45:00;6.9536
2025-11-03 10:00:00;10.0436
2025-11-03 10:15:00;11.048300000000001
2025-11-03 10:30:00;11.9309
2025-11-03 10:45:00;12.1428
2025-11-03 11:00:00;11.1965
2025-11-03 11:15:00;11.1315
2025-11-03 11:30:00;11.9117
2025-11-03 11:45:00;11.679499999999999
2025-11-03 12:00:00;13.559
2025-11-03 12:15:00;14.764000000000001
2025-11-03 12:30:00;14.030800000000001
2025-11-03 12:45:00;13.857
2025-11-03 13:00:00;12.9694
2025-11-03 13:15:00;13.545
2025-11-03 13:30:00;13.2359
2025-11-03 13:45:00;12.848700000000001
2025-11-03 14:00:00;12.3674
2025-11-03 14:15:00;11.2099
2025-11-03 14:30:00;10.4176
2025-11-03 14:45:00;9.8799
2025-11-03 15:00:00;7.2199
2025-11-03 15:15:00;6.3858
2025-11-03 15:30:00;5.5133
2025-11-03 15:45:00;4.7546
2025-11-03 16:00:00;3.3619
2025-11-03 16:15:00;2.1995
2025-11-03 16:30:00;1.0940999999999999
2025-11-03 16:45:00;0.0
2025-11-03 17:00:00;0.0
2025-11-03 17:15:00;0.0
2025-11-03 17:30:00;0.0
2025-11-03 17:45:00;0.0
2025-11-03 18:00:00;0.0
2025-11-03 18:15:00;0.0
2025-11-03 18:30:00;0.0
2025-11-03 18:45:00;0.0
2025-11-03 19:00:00;0.0
2025-11-03 19:15:00;0.0
2025-11-03 19:30:00;0.0
2025-11-03 19:45:00;0.0
2025-11-03 20:00:00;0.0
2025-11-03 20:15:00;0.0
2025-11-03 20:30:00;0.0
2025-11-03 20:45:00;0.0
2025-11-03 21:00:00;0.0
2025-11-03 21:15:00;0.0
2025-11-03 21:30:00;0.0
2025-11-03 21:45:00;0.0
2025-11-03 22:00:00;0.0
2025-11-03 22:15:00;0.0
2025-11-03 22:30:00;0.0
2025-11-03 22:45:00;0.0
2025-11-03 23:00:00;0.0
2025-11-03 23:15:00;0.0
2025-11-03 23:30:00;0.0
2025-11-03 23:45:00;0.0
2025-11-04 00:00:00;0.0
2025-11-04 00:15:00;0.0
2025-11-04 00:30:00;0.0
2025-11-04 00:45:00;0.0
2025-11-04 01:00:00;0.0
2025-11-04 01:15:00;0.0
2025-11-04 01:30:00;0.0
2025-11-04 01:45:00;0.0
2025-11-04 02:00:00;0.0
2025-11-04 02:15:00;0.0
2025-11-04 02:30:00;0.0
2025-11-04 02:45:00;0.0
2025-11-04 03:00:00;0.0
2025-11-04 03:15:00;0.0
2025-11-04 03:30:00;0.0
2025-11-04 03:45:00;0.0
2025-11-04 04:00:00;0.0
2025-11-04 04:15:00;0.0
2025-11-04 04:30:00;0.0
2025-11-04 04:45:00;0.0
2025-11-04 05:00:00;0.0
2025-11-04 05:15:00;0.0
2025-11-04 05:30:00;0.0
2025-11-04 05:45:00;0.0
2025-11-04 06:00:00;0.0
2025-11-04 06:15:00;0.0
2025-11-04 06:30:00;0.0
2025-11-04 06:45:00;0.0
2025-11-04 07:00:00;0.0
2025-11-04 07:15:00;0.0
2025-11-04 07:30:00;0.0
2025-11-04 07:45:00;0.0
2025-11-04 08:00:00;0.0
2025-11-04 08:15:00;0.8498999999999999
2025-11-04 08:30:00;2.0483000000000002
2025-11-04 08:45:00;3.1310000000000002
2025-11-04 09:00:00;4.7146
2025-11-04 09:15:00;5.7363
2025-11-04 09:30:00;7.0016
2025-11-04 09:45:00;7.987299999999999
2025-11-04 10:00:00;7.088
2025-11-04 10:15:00;7.8417
2025-11-04 10:30:00;7.6131
2025-11-04 10:45:00;8.2769
2025-11-04 11:00:00;11.114799999999999
2025-11-04 11:15:00;11.5509
2025-11-04 11:30:00;11.8122
2025-11-04 11:45:00;12.304300000000001
2025-11-04 12:00:00;13.6362
2025-11-04 12:15:00;14.535599999999999
2025-11-04 12:30:00;13.5173
2025-11-04 12:45:00;13.6006
2025-11-04 13:00:00;13.2944
2025-11-04 13:15:00;12.8667
2025-11-04 13:30:00;12.063600000000001
2025-11-04 13:45:00;11.5806
2025-11-04 14:00:00;10.545
2025-11-04 14:15:00;10.0155
2025-11-04 14:30:00;8.9578
2025-11-04 14:45:00;8.561599999999999
2025-11-04 15:00:00;8.7637
2025-11-04 15:15:00;7.384600000000001
2025-11-04 15:30:00;6.6431000000000004
2025-11-04 15:45:00;5.3981
2025-11-04 16:00:00;3.8889
2025-11-04 16:15:00;2.5892
2025-11-04 16:30:00;1.2487000000000001
2025-11-04 16:45:00;0.1594
2025-11-04 17:00:00;0.0
2025-11-04 17:15:00;0.0
2025-11-04 17:30:00;0.0
2025-11-04 17:45:00;0.0
2025-11-04 18:00:00;0.0
2025-11-04 18:15:00;0.0
2025-11-04 18:30:00;0.0
2025-11-04 18:45:00;0.0
2025-11-04 19:00:00;0.0
2025-11-04 19:15:00;0.0
2025-11-04 19:30:00;0.0
2025-11-04 19:45:00;0.0
2025-11-04 20:00:00;0.0
2025-11-04 20:15:00;0.0
2025-11-04 20:30:00;0.0
2025-11-04 20:45:00;0.0
2025-11-04 21:00:00;0.0
2025-11-04 21:15:00;0.0
2025-11-04 21:30:00;0.0
2025-11-04 21:45:00;0.0
2025-11-04 22:00:00;0.0
2025-11-04 22:15:00;0.0
2025-11-04 22:30:00;0.0
2025-11-04 22:45:00;0.0
2025-11-04 23:00:00;0.0
2025-11-04 23:15:00;0.0
2025-11-04 23:30:00;0.0
2025-11-04 23:45:00;0.0
2025-11-05 00:00:00;0.0
2025-11-05 00:15:00;0.0
2025-11-05 00:30:00;0.0
2025-11-05 00:45:00;0.0
2025-11-05 01:00:00;0.0
2025-11-05 01:15:00;0.0
2025-11-05 01:30:00;0.0
2025-11-05 01:45:00;0.0
2025-11-05 02:00:00;0.0
2025-11-05 02:15:00;0.0
2025-11-05 02:30:00;0.0
2025-11-05 02:45:00;0.0
2025-11-05 03:00:00;0.0
2025-11-05 03:15:00;0.0
2025-11-05 03:30:00;0.0
2025-11-05 03:45:00;0.0
2025-11-05 04:00:00;0.0
2025-11-05 04:15:00;0.0
2025-11-05 04:30:00;0.0
2025-11-05 04:45:00;0.0
2025-11-05 05:00:00;0.0
2025-11-05 05:15:00;0.0
2025-11-05 05:30:00;0.0
2025-11-05 05:45:00;0.0
2025-11-05 06:00:00;0.0
2025-11-05 06:15:00;0.0
2025-11-05 06:30:00;0.0
2025-11-05 06:45:00;0.0
2025-11-05 07:00:00;0.0
2025-11-05 07:15:00;0.0
2025-11-05 07:30:00;0.0
2025-11-05 07:45:00;0.0
2025-11-05 08:00:00;0.0
2025-11-05 08:15:00;0.0
2025-11-05 08:30:00;0.0
2025-11-05 08:45:00;0.0
2025-11-05 09:00:00;0.0
2025-11-05 09:15:00;0.0
2025-11-05 09:30:00;0.0
2025-11-05 09:45:00;0.0
2025-11-05 10:00:00;0.2672
2025-11-05 10:15:00;0.17160000000000009
2025-11-05 10:30:00;0.2934
2025-11-05 10:45:00;0.42400000000000004
2025-11-05 11:00:00;0.29159999999999997
2025-11-05 11:15:00;0.31299999999999994
2025-11-05 11:30:00;0.2821999999999999
2025-11-05 11:45:00;0.4438
2025-11-05 12:00:00;0.47129999999999994
2025-11-05 12:15:00;0.3971
2025-11-05 12:30:00;0.4856999999999999
2025-11-05 12:45:00;0.42479999999999996
2025-11-05 13:00:00;0.48330000000000006
2025-11-05 13:15:00;0.5546
2025-11-05 13:30:00;0.46599999999999997
2025-11-05 13:45:00;0.3629999999999999
2025-11-05 14:00:00;0.47020000000000006
2025-11-05 14:15:00;0.2741999999999999
2025-11-05 14:30:00;0.3004
2025-11-05 14:45:00;0.17299999999999993
2025-11-05 15:00:00;0.0
2025-11-05 15:15:00;0.0
2025-11-05 15:30:00;0.0
2025-11-05 15:45:00;0.0
2025-11-05 16:00:00;0.0
2025-11-05 16:15:00;0.0
2025-11-05 16:30:00;0.0
2025-11-05 16:45:00;0.0
2025-11-05 17:00:00;0.0
2025-11-05 17:15:00;0.0
2025-11-05 17:30:00;0.0
2025-11-05 17:45:00;0.0
2025-11-05 18:00:00;0.0
2025-11-05 18:15:00;0.0
2025-11-05 18:30:00;0.0
2025-11-05 18:45:00;0.0
2025-11-05 19:00:00;0.0
2025-11-05 19:15:00;0.0
2025-11-05 19:30:00;0.0
2025-11-05 19:45:00;0.0
2025-11-05 20:00:00;0.0
2025-11-05 20:15:00;0.0
2025-11-05 20:30:00;0.0
2025-11-05 20:45:00;0.0
2025-11-05 21:00:00;0.0
2025-11-05 21:15:00;0.0
2025-11-05 21:30:00;0.0
2025-11-05 21:45:00;0.0
2025-11-05 22:00:00;0.0
2025-11-05 22:15:00;0.0
2025-11-05 22:30:00;0.0
2025-11-05 22:45:00;0.0
2025-11-05 23:00:00;0.0
2025-11-05 23:15:00;0.0
2025-11-05 23:30:00;0.0
2025-11-05 23:45:00;0.0
2025-11-06 00:00:00;0.0
2025-11-06 00:15:00;0.0
2025-11-06 00:30:00;0.0
2025-11-06 00:45:00;0.0
2025-11-06 01:00:00;0.0
2025-11-06 01:15:00;0.0
2025-11-06 01:30:00;0.0
2025-11-06 01:45:00;0.0
2025-11-06 02:00:00;0.0
2025-11-06 02:15:00;0.0
2025-11-06 02:30:00;0.0
2025-11-06 02:45:00;0.0
2025-11-06 03:00:00;0.0
2025-11-06 03:15:00;0.0
2025-11-06 03:30:00;0.0
2025-11-06 03:45:00;0.0
2025-11-06 04:00:00;0.0
2025-11-06 04:15:00;0.0
2025-11-06 04:30:00;0.0
2025-11-06 04:45:00;0.0
2025-11-06 05:00:00;0.0
2025-11-06 05:15:00;0.0
2025-11-06 05:30:00;0.0
2025-11-06 05:45:00;0.0
2025-11-06 06:00:00;0.0
2025-11-06 06:15:00;0.0
2025-11-06 06:30:00;0.0
2025-11-06 06:45:00;0.0
2025-11-06 07:00:00;0.0
2025-11-06 07:15:00;0.0
2025-11-06 07:30:00;0.0
2025-11-06 07:45:00;0.0
2025-11-06 08:00:00;0.0
2025-11-06 08:15:00;0.0
2025-11-06 08:30:00;0.0
2025-11-06 08:45:00;0.14949999999999997
2025-11-06 09:00:00;2.8287999999999998
2025-11-06 09:15:00;3.4342999999999995
2025-11-06 09:30:00;3.9818000000000002
2025-11-06 09:45:00;4.713500000000001
2025-11-06 10:00:00;3.7615
2025-11-06 10:15:00;4.1737
2025-11-06 10:30:00;4.1488
2025-11-06 10:45:00;5.0401
2025-11-06 11:00:00;6.5813
2025-11-06 11:15:00;7.1682
2025-11-06 11:30:00;7.811600000000001
2025-11-06 11:45:00;7.8184
2025-11-06 12:00:00;6.5906
2025-11-06 12:15:00;6.377000000000001
2025-11-06 12:30:00;5.9068
2025-11-06 12:45:00;6.2126
2025-11-06 13:00:00;5.1677
2025-11-06 13:15:00;4.9915
2025-11-06 13:30:00;4.769
2025-11-06 13:45:00;4.4339
2025-11-06 14:00:00;7.8123000000000005
2025-11-06 14:15:00;7.0121
2025-11-06 14:30:00;6.8432
2025-11-06 14:45:00;5.9969
2025-11-06 15:00:00;2.6773999999999996
2025-11-06 15:15:00;2.3122000000000003
2025-11-06 15:30:00;1.742
2025-11-06 15:45:00;1.5859
2025-11-06 16:00:00;2.1035000000000004
2025-11-06 16:15:00;1.2741000000000002
2025-11-06 16:30:00;0.5871999999999999
2025-11-06 16:45:00;0.0
2025-11-06 17:00:00;0.0
2025-11-06 17:15:00;0.0
2025-11-06 17:30:00;0.0
2025-11-06 17:45:00;0.0
2025-11-06 18:00:00;0.0
2025-11-06 18:15:00;0.0
2025-11-06 18:30:00;0.0
2025-11-06 18:45:00;0.0
2025-11-06 19:00:00;0.0
2025-11-06 19:15:00;0.0
2025-11-06 19:30:00;0.0
2025-11-06 19:45:00;0.0
2025-11-06 20:00:00;0.0
2025-11-06 20:15:00;0.0
2025-11-06 20:30:00;0.0
2025-11-06 20:45:00;0.0
2025-11-06 21:00:00;0.0
2025-11-06 21:15:00;0.0
2025-11-06 21:30:00;0.0
2025-11-06 21:45:00;0.0
2025-11-06 22:00:00;0.0
2025-11-06 22:15:00;0.0
2025-11-06 22:30:00;0.0
2025-11-06 22:45:00;0.0
2025-11-06 23:00:00;0.0
2025-11-06 23:15:00;0.0
2025-11-06 23:30:00;0.0
2025-11-06 23:45:00;0.0
2025-11-07 00:00:00;0.0
2025-11-07 00:15:00;0.0
2025-11-07 00:30:00;0.0
2025-11-07 00:45:00;0.0
2025-11-07 01:00:00;0.0
2025-11-07 01:15:00;0.0
2025-11-07 01:30:00;0.0
2025-11-07 01:45:00;0.0
2025-11-07 02:00:00;0.0
2025-11-07 02:15:00;0.0
2025-11-07 02:30:00;0.0
2025-11-07 02:45:00;0.0
2025-11-07 03:00:00;0.0
2025-11-07 03:15:00;0.0
2025-11-07 03:30:00;0.0
2025-11-07 03:45:00;0.0
2025-11-07 04:00:00;0.0
2025-11-07 04:15:00;0.0
2025-11-07 04:30:00;0.0
2025-11-07 04:45:00;0.0
2025-11-07 05:00:00;0.0
2025-11-07 05:15:00;0.0
2025-11-07 05:30:00;0.0
2025-11-07 05:45:00;0.0
2025-11-07 06:00:00;0.0
2025-11-07 06:15:00;0.0
2025-11-07 06:30:00;0.0
2025-11-07 06:45:00;0.0
2025-11-07 07:00:00;0.0
2025-11-07 07:15:00;0.0
2025-11-07 07:30:00;0.0
2025-11-07 07:45:00;0.0
2025-11-07 08:00:00;0.0
2025-11-07 08:15:00;0.0
2025-11-07 08:30:00;0.0
2025-11-07 08:45:00;0.0
2025-11-07 09:00:00;0.0
2025-11-07 09:15:00;0.0
2025-11-07 09:30:00;0.0
2025-11-07 09:45:00;0.0
2025-11-07 10:00:00;0.0
2025-11-07 10:15:00;0.010000000000000009
2025-11-07 10:30:00;0.04860000000000009
2025-11-07 10:45:00;0.1279
2025-11-07 11:00:00;0.4048999999999999
2025-11-07 11:15:00;0.48660000000000003
2025-11-07 11:30:00;0.47739999999999994
2025-11-07 11:45:00;0.5646999999999999
2025-11-07 12:00:00;0.49680000000000013
2025-11-07 12:15:00;0.5898
2025-11-07 12:30:00;0.5707
2025-11-07 12:45:00;0.4357
2025-11-07 13:00:00;0.4028999999999999
2025-11-07 13:15:00;0.4566999999999999
2025-11-07 13:30:00;0.41769999999999985
2025-11-07 13:45:00;0.347
2025-11-07 14:00:00;0.37550000000000006
2025-11-07 14:15:00;0.31689999999999996
2025-11-07 14:30:00;0.21760000000000002
2025-11-07 14:45:00;0.11939999999999995
2025-11-07 15:00:00;0.0
2025-11-07 15:15:00;0.0
2025-11-07 15:30:00;0.0
2025-11-07 15:45:00;0.0
2025-11-07 16:00:00;0.0
2025-11-07 16:15:00;0.0
2025-11-07 16:30:00;0.0
2025-11-07 16:45:00;0.0
2025-11-07 17:00:00;0.0
2025-11-07 17:15:00;0.0
2025-11-07 17:30:00;0.0
2025-11-07 17:45:00;0.0
2025-11-07 18:00:00;0.0
2025-11-07 18:15:00;0.0
2025-11-07 18:30:00;0.0
2025-11-07 18:45:00;0.0
2025-11-07 19:00:00;0.0
2025-11-07 19:15:00;0.0
2025-11-07 19:30:00;0.0
2025-11-07 19:45:00;0.0
2025-11-07 20:00:00;0.0
2025-11-07 20:15:00;0.0
2025-11-07 20:30:00;0.0
2025-11-07 20:45:00;0.0
2025-11-07 21:00:00;0.0
2025-11-07 21:15:00;0.0
2025-11-07 21:30:00;0.0
2025-11-07 21:45:00;0.0
2025-11-07 22:00:00;0.0
2025-11-07 22:15:00;0.0
2025-11-07 22:30:00;0.0
2025-11-07 22:45:00;0.0
2025-11-07 23:00:00;0.0
2025-11-07 23:15:00;0.0
2025-11-07 23:30:00;0.0
2025-11-07 23:45:00;0.0
2025-11-08 00:00:00;0.0
2025-11-08 00:15:00;0.0
2025-11-08 00:30:00;0.0
2025-11-08 00:45:00;0.0
2025-11-08 01:00:00;0.0
2025-11-08 01:15:00;0.0
2025-11-08 01:30:00;0.0
2025-11-08 01:45:00;0.0
2025-11-08 02:00:00;0.0
2025-11-08 02:15:00;0.0
2025-11-08 02:30:00;0.0
2025-11-08 02:45:00;0.0
2025-11-08 03:00:00;0.0
2025-11-08 03:15:00;0.0
2025-11-08 03:30:00;0.0
2025-11-08 03:45:00;0.0
2025-11-08 04:00:00;0.0
2025-11-08 04:15:00;0.0
2025-11-08 04:30:00;0.0
2025-11-08 04:45:00;0.0
2025-11-08 05:00:00;0.0
2025-11-08 05:15:00;0.0
2025-11-08 05:30:00;0.0
2025-11-08 05:45:00;0.0
2025-11-08 06:00:00;0.0
2025-11-08 06:15:00;0.0
2025-11-08 06:30:00;0.0
2025-11-08 06:45:00;0.0
2025-11-08 07:00:00;0.0
2025-11-08 07:15:00;0.0
2025-11-08 07:30:00;0.0
2025-11-08 07:45:00;0.0
2025-11-08 08:00:00;0.0
2025-11-08 08:15:00;0.0
2025-11-08 08:30:00;0.0
2025-11-08 08:45:00;0.07919999999999994
2025-11-08 09:00:00;0.21039999999999992
2025-11-08 09:15:00;0.4434
2025-11-08 09:30:00;0.8487
2025-11-08 09:45:00;1.0485
2025-11-08 10:00:00;1.8593000000000002
2025-11-08 10:15:00;2.0374
2025-11-08 10:30:00;2.0797
2025-11-08 10:45:00;2.5181
2025-11-08 11:00:00;1.7609999999999997
2025-11-08 11:15:00;1.9154
2025-11-08 11:30:00;2.0
2025-11-08 11:45:00;2.1208
2025-11-08 12:00:00;2.6754
2025-11-08 12:15:00;2.593
2025-11-08 12:30:00;2.2110000000000003
2025-11-08 12:45:00;2.5525
2025-11-08 13:00:00;2.3558
2025-11-08 13:15:00;2.3968
2025-11-08 13:30:00;2.2138
2025-11-08 13:45:00;2.0867
2025-11-08 14:00:00;2.0934
2025-11-08 14:15:00;2.0685000000000002
2025-11-08 14:30:00;1.8228
2025-11-08 14:45:00;1.5678999999999998
2025-11-08 15:00:00;1.5444
2025-11-08 15:15:00;1.0916000000000001
2025-11-08 15:30:00;0.8383
2025-11-08 15:45:00;0.5787
2025-11-08 16:00:00;0.04239999999999999
2025-11-08 16:15:00;0.0
2025-11-08 16:30:00;0.0
2025-11-08 16:45:00;0.0
2025-11-08 17:00:00;0.0
2025-11-08 17:15:00;0.0
2025-11-08 17:30:00;0.0
2025-11-08 17:45:00;0.0
2025-11-08 18:00:00;0.0
2025-11-08 18:15:00;0.0
2025-11-08 18:30:00;0.0
2025-11-08 18:45:00;0.0
2025-11-08 19:00:00;0.0
2025-11-08 19:15:00;0.0
2025-11-08 19:30:00;0.0
2025-11-08 19:45:00;0.0
2025-11-08 20:00:00;0.0
2025-11-08 20:15:00;0.0
2025-11-08 20:30:00;0.0
2025-11-08 20:45:00;0.0
2025-11-08 21:00:00;0.0
2025-11-08 21:15:00;0.0
2025-11-08 21:30:00;0.0
2025-11-08 21:45:00;0.0
2025-11-08 22:00:00;0.0
2025-11-08 22:15:00;0.0
2025-11-08 22:30:00;0.0
2025-11-08 22:45:00;0.0
2025-11-08 23:00:00;0.0
2025-11-08 23:15:00;0.0
2025-11-08 23:30:00;0.0
2025-11-08 23:45:00;0.0
2025-11-09 00:00:00;0.0
2025-11-09 00:15:00;0.0
2025-11-09 00:30:00;0.0
2025-11-09 00:45:00;0.0
2025-11-09 01:00:00;0.0
2025-11-09 01:15:00;0.0
2025-11-09 01:30:00;0.0
2025-11-09 01:45:00;0.0
2025-11-09 02:00:00;0.0
2025-11-09 02:15:00;0.0
2025-11-09 02:30:00;0.0
2025-11-09 02:45:00;0.0
2025-11-09 03:00:00;0.0
2025-11-09 03:15:00;0.0
2025-11-09 03:30:00;0.0
2025-11-09 03:45:00;0.0
2025-11-09 04:00:00;0.0
2025-11-09 04:15:00;0.0
2025-11-09 04:30:00;0.0
2025-11-09 04:45:00;0.0
2025-11-09 05:00:00;0.0
2025-11-09 05:15:00;0.0
2025-11-09 05:30:00;0.0
2025-11-09 05:45:00;0.0
2025-11-09 06:00:00;0.0
2025-11-09 06:15:00;0.0
2025-11-09 06:30:00;0.0
2025-11-09 06:45:00;0.0
2025-11-09 07:00:00;0.0
2025-11-09 07:15:00;0.0
2025-11-09 07:30:00;0.0
2025-11-09 07:45:00;0.0
2025-11-09 08:00:00;0.0
2025-11-09 08:15:00;0.19650000000000012
2025-11-09 08:30:00;0.8591
2025-11-09 08:45:00;1.7510000000000001
2025-11-09 09:00:00;2.8442999999999996
2025-11-09 09:15:00;3.7193
2025-11-09 09:30:00;4.048400000000001
2025-11-09 09:45:00;5.0388
2025-11-09 10:00:00;3.524
2025-11-09 10:15:00;4.010400000000001
2025-11-09 10:30:00;4.5983
2025-11-09 10:45:00;4.4205000000000005
2025-11-09 11:00:00;6.8623
2025-11-09 11:15:00;7.6448
2025-11-09 11:30:00;7.7719000000000005
2025-11-09 11:45:00;8.132399999999999
2025-11-09 12:00:00;7.2042
2025-11-09 12:15:00;7.495500000000001
2025-11-09 12:30:00;7.106600000000001
2025-11-09 12:45:00;7.232600000000001
2025-11-09 13:00:00;7.7707
2025-11-09 13:15:00;8.1366
2025-11-09 13:30:00;7.4439
2025-11-09 13:45:00;7.0489
2025-11-09 14:00:00;8.7728
2025-11-09 14:15:00;7.568
2025-11-09 14:30:00;7.602
2025-11-09 14:45:00;6.7467999999999995
2025-11-09 15:00:00;5.1019
2025-11-09 15:15:00;4.3601
2025-11-09 15:30:00;3.4618
2025-11-09 15:45:00;3.0049
2025-11-09 16:00:00;2.0892999999999997
2025-11-09 16:15:00;1.3218
2025-11-09 16:30:00;0.5704
2025-11-09 16:45:00;0.0
2025-11-09 17:00:00;0.0
2025-11-09 17:15:00;0.0
2025-11-09 17:30:00;0.0
2025-11-09 17:45:00;0.0
2025-11-09 18:00:00;0.0
2025-11-09 18:15:00;0.0
2025-11-09 18:30:00;0.0
2025-11-09 18:45:00;0.0
2025-11-09 19:00:00;0.0
2025-11-09 19:15:00;0.0
2025-11-09 19:30:00;0.0
2025-11-09 19:45:00;0.0
2025-11-09 20:00:00;0.0
2025-11-09 20:15:00;0.0
2025-11-09 20:30:00;0.0
2025-11-09 20:45:00;0.0
2025-11-09 21:00:00;0.0
2025-11-09 21:15:00;0.0
2025-11-09 21:30:00;0.0
2025-11-09 21:45:00;0.0
2025-11-09 22:00:00;0.0
2025-11-09 22:15:00;0.0
2025-11-09 22:30:00;0.0
2025-11-09 22:45:00;0.0
2025-11-09 23:00:00;0.0
2025-11-09 23:15:00;0.0
2025-11-09 23:30:00;0.0
2025-11-09 23:45:00;0.0
2025-11-10 00:00:00;0.0
2025-11-10 00:15:00;0.0
2025-11-10 00:30:00;0.0
2025-11-10 00:45:00;0.0
2025-11-10 01:00:00;0.0
2025-11-10 01:15:00;0.0
2025-11-10 01:30:00;0.0
2025-11-10 01:45:00;0.0
2025-11-10 02:00:00;0.0
2025-11-10 02:15:00;0.0
2025-11-10 02:30:00;0.0
2025-11-10 02:45:00;0.0
2025-11-10 03:00:00;0.0
2025-11-10 03:15:00;0.0
2025-11-10 03:30:00;0.0
2025-11-10 03:45:00;0.0
2025-11-10 04:00:00;0.0
2025-11-10 04:15:00;0.0
2025-11-10 04:30:00;0.0
2025-11-10 04:45:00;0.0
2025-11-10 05:00:00;0.0
2025-11-10 05:15:00;0.0
2025-11-10 05:30:00;0.0
2025-11-10 05:45:00;0.0
2025-11-10 06:00:00;0.0
2025-11-10 06:15:00;0.0
2025-11-10 06:30:00;0.0
2025-11-10 06:45:00;0.0
2025-11-10 07:00:00;0.0
2025-11-10 07:15:00;0.0
2025-11-10 07:30:00;0.0
2025-11-10 07:45:00;0.0
2025-11-10 08:00:00;0.0
2025-11-10 08:15:00;0.3486
2025-11-10 08:30:00;1.1728999999999998
2025-11-10 08:45:00;1.9066000000000003
2025-11-10 09:00:00;2.4271000000000003
2025-11-10 09:15:00;3.0619000000000005
2025-11-10 09:30:00;3.5267
2025-11-10 09:45:00;4.552
2025-11-10 10:00:00;6.1379
2025-11-10 10:15:00;6.2985999999999995
2025-11-10 10:30:00;7.1415
2025-11-10 10:45:00;7.6471
2025-11-10 11:00:00;6.0581000000000005
2025-11-10 11:15:00;6.3631
2025-11-10 11:30:00;6.2023
2025-11-10 11:45:00;6.2823
2025-11-10 12:00:00;8.7902
2025-11-10 12:15:00;8.530100000000001
2025-11-10 12:30:00;8.350299999999999
2025-11-10 12:45:00;8.2005
2025-11-10 13:00:00;7.441599999999999
2025-11-10 13:15:00;7.3717
2025-11-10 13:30:00;7.1607
2025-11-10 13:45:00;6.8902
2025-11-10 14:00:00;7.2716
2025-11-10 14:15:00;6.487699999999999
2025-11-10 14:30:00;6.027299999999999
2025-11-10 14:45:00;5.5434
2025-11-10 15:00:00;4.8658
2025-11-10 15:15:00;4.3618
2025-11-10 15:30:00;3.8564999999999996
2025-11-10 15:45:00;2.9636999999999993
2025-11-10 16:00:00;1.0616999999999999
2025-11-10 16:15:00;0.4595
2025-11-10 16:30:00;0.0
2025-11-10 16:45:00;0.0
2025-11-10 17:00:00;0.0
2025-11-10 17:15:00;0.0
2025-11-10 17:30:00;0.0
2025-11-10 17:45:00;0.0
2025-11-10 18:00:00;0.0
2025-11-10 18:15:00;0.0
2025-11-10 18:30:00;0.0
2025-11-10 18:45:00;0.0
2025-11-10 19:00:00;0.0
2025-11-10 19:15:00;0.0
2025-11-10 19:30:00;0.0
2025-11-10 19:45:00;0.0
2025-11-10 20:00:00;0.0
2025-11-10 20:15:00;0.0
2025-11-10 20:30:00;0.0
2025-11-10 20:45:00;0.0
2025-11-10 21:00:00;0.0
2025-11-10 21:15:00;0.0
2025-11-10 21:30:00;0.0
2025-11-10 21:45:00;0.0
2025-11-10 22:00:00;0.0
2025-11-10 22:15:00;0.0
2025-11-10 22:30:00;0.0
2025-11-10 22:45:00;0.0
2025-11-10 23:00:00;0.0
2025-11-10 23:15:00;0.0
2025-11-10 23:30:00;0.0
2025-11-10 23:45:00;0.0
2025-11-11 00:00:00;0.0
2025-11-11 00:15:00;0.0
2025-11-11 00:30:00;0.0
2025-11-11 00:45:00;0.0
2025-11-11 01:00:00;0.0
2025-11-11 01:15:00;0.0
2025-11-11 01:30:00;0.0
2025-11-11 01:45:00;0.0
2025-11-11 02:00:00;0.0
2025-11-11 02:15:00;0.0
2025-11-11 02:30:00;0.0
2025-11-11 02:45:00;0.0
2025-11-11 03:00:00;0.0
2025-11-11 03:15:00;0.0
2025-11-11 03:30:00;0.0
2025-11-11 03:45:00;0.0
2025-11-11 04:00:00;0.0
2025-11-11 04:15:00;0.0
2025-11-11 04:30:00;0.0
2025-11-11 04:45:00;0.0
2025-11-11 05:00:00;0.0
2025-11-11 05:15:00;0.0
2025-11-11 05:30:00;0.0
2025-11-11 05:45:00;0.0
2025-11-11 06:00:00;0.0
2025-11-11 06:15:00;0.0
2025-11-11 06:30:00;0.0
2025-11-11 06:45:00;0.0
2025-11-11 07:00:00;0.0
2025-11-11 07:15:00;0.0
2025-11-11 07:30:00;0.0
2025-11-11 07:45:00;0.0
2025-11-11 08:00:00;0.0
2025-11-11 08:15:00;0.0
2025-11-11 08:30:00;0.0
2025-11-11 08:45:00;0.0
2025-11-11 09:00:00;0.61
2025-11-11 09:15:00;0.8117
2025-11-11 09:30:00;1.1405
2025-11-11 09:45:00;1.3347000000000002
2025-11-11 10:00:00;1.5136999999999998
2025-11-11 10:15:00;1.4805000000000001
2025-11-11 10:30:00;1.7551
2025-11-11 10:45:00;1.8131
2025-11-11 11:00:00;2.3414
2025-11-11 11:15:00;2.3386
2025-11-11 11:30:00;2.4954
2025-11-11 11:45:00;2.695
2025-11-11 12:00:00;2.5334
2025-11-11 12:15:00;2.617
2025-11-11 12:30:00;2.4634
2025-11-11 12:45:00;2.4427000000000003
2025-11-11 13:00:00;2.7727
2025-11-11 13:15:00;2.7304999999999997
2025-11-11 13:30:00;2.327
2025-11-11 13:45:00;2.3567
2025-11-11 14:00:00;2.0366
2025-11-11 14:15:00;1.9405000000000001
2025-11-11 14:30:00;1.6460000000000004
2025-11-11 14:45:00;1.6081999999999999
2025-11-11 15:00:00;1.2952
2025-11-11 15:15:00;1.1695000000000002
2025-11-11 15:30:00;0.9551000000000001
2025-11-11 15:45:00;0.6773999999999999
2025-11-11 16:00:00;0.2667999999999999
2025-11-11 16:15:00;0.0
2025-11-11 16:30:00;0.0
2025-11-11 16:45:00;0.0
2025-11-11 17:00:00;0.0
2025-11-11 17:15:00;0.0
2025-11-11 17:30:00;0.0
2025-11-11 17:45:00;0.0
2025-11-11 18:00:00;0.0
2025-11-11 18:15:00;0.0
2025-11-11 18:30:00;0.0
2025-11-11 18:45:00;0.0
2025-11-11 19:00:00;0.0
2025-11-11 19:15:00;0.0
2025-11-11 19:30:00;0.0
2025-11-11 19:45:00;0.0
2025-11-11 20:00:00;0.0
2025-11-11 20:15:00;0.0
2025-11-11 20:30:00;0.0
2025-11-11 20:45:00;0.0
2025-11-11 21:00:00;0.0
2025-11-11 21:15:00;0.0
2025-11-11 21:30:00;0.0
2025-11-11 21:45:00;0.0
2025-11-11 22:00:00;0.0
2025-11-11 22:15:00;0.0
2025-11-11 22:30:00;0.0
2025-11-11 22:45:00;0.0
2025-11-11 23:00:00;0.0
2025-11-11 23:15:00;0.0
2025-11-11 23:30:00;0.0
2025-11-11 23:45:00;0.0
2025-11-12 00:00:00;0.0
2025-11-12 00:15:00;0.0
2025-11-12 00:30:00;0.0
2025-11-12 00:45:00;0.0
2025-11-12 01:00:00;0.0
2025-11-12 01:15:00;0.0
2025-11-12 01:30:00;0.0
2025-11-12 01:45:00;0.0
2025-11-12 02:00:00;0.0
2025-11-12 02:15:00;0.0
2025-11-12 02:30:00;0.0
2025-11-12 02:45:00;0.0
2025-11-12 03:00:00;0.0
2025-11-12 03:15:00;0.0
2025-11-12 03:30:00;0.0
2025-11-12 03:45:00;0.0
2025-11-12 04:00:00;0.0
2025-11-12 04:15:00;0.0
2025-11-12 04:30:00;0.0
2025-11-12 04:45:00;0.0
2025-11-12 05:00:00;0.0
2025-11-12 05:15:00;0.0
2025-11-12 05:30:00;0.0
2025-11-12 05:45:00;0.0
2025-11-12 06:00:00;0.0
2025-11-12 06:15:00;0.0
2025-11-12 06:30:00;0.0
2025-11-12 06:45:00;0.0
2025-11-12 07:00:00;0.0
2025-11-12 07:15:00;0.0
2025-11-12 07:30:00;0.0
2025-11-12 07:45:00;0.0
2025-11-12 08:00:00;0.0
2025-11-12 08:15:00;0.0
2025-11-12 08:30:00;0.0
2025-11-12 08:45:00;0.0
2025-11-12 09:00:00;0.32600000000000007
2025-11-12 09:15:00;0.6211
2025-11-12 09:30:00;0.8127
2025-11-12 09:45:00;1.0095
2025-11-12 10:00:00;1.0386000000000002
2025-11-12 10:15:00;1.4173000000000002
2025-11-12 10:30:00;1.5877999999999999
2025-11-12 10:45:00;1.8019000000000003
2025-11-12 11:00:00;2.6860999999999997
2025-11-12 11:15:00;2.7202
2025-11-12 11:30:00;2.7553
2025-11-12 11:45:00;3.0084999999999997
2025-11-12 12:00:00;1.9982000000000002
2025-11-12 12:15:00;2.1414
2025-11-12 12:30:00;2.3595999999999995
2025-11-12 12:45:00;2.2473
2025-11-12 13:00:00;2.2883000000000004
2025-11-12 13:15:00;2.3171999999999997
2025-11-12 13:30:00;1.9419000000000002
2025-11-12 13:45:00;1.7337
2025-11-12 14:00:00;1.8124
2025-11-12 14:15:00;1.6371000000000002
2025-11-12 14:30:00;1.4533
2025-11-12 14:45:00;1.3446
2025-11-12 15:00:00;1.0713
2025-11-12 15:15:00;0.9236
2025-11-12 15:30:00;0.6388
2025-11-12 15:45:00;0.4604999999999999
2025-11-12 16:00:00;0.0
2025-11-12 16:15:00;0.0
2025-11-12 16:30:00;0.0
2025-11-12 16:45:00;0.0
2025-11-12 17:00:00;0.0
2025-11-12 17:15:00;0.0
2025-11-12 17:30:00;0.0
2025-11-12 17:45:00;0.0
2025-11-12 18:00:00;0.0
2025-11-12 18:15:00;0.0
2025-11-12 18:30:00;0.0
2025-11-12 18:45:00;0.0
2025-11-12 19:00:00;0.0
2025-11-12 19:15:00;0.0
2025-11-12 19:30:00;0.0
2025-11-12 19:45:00;0.0
2025-11-12 20:00:00;0.0
2025-11-12 20:15:00;0.0
2025-11-12 20:30:00;0.0
2025-11-12 20:45:00;0.0
2025-11-12 21:00:00;0.0
2025-11-12 21:15:00;0.0
2025-11-12 21:30:00;0.0
2025-11-12 21:45:00;0.0
2025-11-12 22:00:00;0.0
2025-11-12 22:15:00;0.0
2025-11-12 22:30:00;0.0
2025-11-12 22:45:00;0.0
2025-11-12 23:00:00;0.0
2025-11-12 23:15:00;0.0
2025-11-12 23:30:00;0.0
2025-11-12 23:45:00;0.0
2025-11-13 00:00:00;0.0
2025-11-13 00:15:00;0.0
2025-11-13 00:30:00;0.0
2025-11-13 00:45:00;0.0
2025-11-13 01:00:00;0.0
2025-11-13 01:15:00;0.0
2025-11-13 01:30:00;0.0
2025-11-13 01:45:00;0.0
2025-11-13 02:00:00;0.0
2025-11-13 02:15:00;0.0
2025-11-13 02:30:00;0.0
2025-11-13 02:45:00;0.0
2025-11-13 03:00:00;0.0
2025-11-13 03:15:00;0.0
2025-11-13 03:30:00;0.0
2025-11-13 03:45:00;0.0
2025-11-13 04:00:00;0.0
2025-11-13 04:15:00;0.0
2025-11-13 04:30:00;0.0
2025-11-13 04:45:00;0.0
2025-11-13 05:00:00;0.0
2025-11-13 05:15:00;0.0
2025-11-13 05:30:00;0.0
2025-11-13 05:45:00;0.0
2025-11-13 06:00:00;0.0
2025-11-13 06:15:00;0.0
2025-11-13 06:30:00;0.0
2025-11-13 06:45:00;0.0
2025-11-13 07:00:00;0.0
2025-11-13 07:15:00;0.0
2025-11-13 07:30:00;0.0
2025-11-13 07:45:00;0.0
2025-11-13 08:00:00;0.0
2025-11-13 08:15:00;0.0
2025-11-13 08:30:00;0.0
2025-11-13 08:45:00;0.0
2025-11-13 09:00:00;0.5516000000000001
2025-11-13 09:15:00;0.8860000000000001
2025-11-13 09:30:00;1.2293999999999998
2025-11-13 09:45:00;1.4227
2025-11-13 10:00:00;1.6521
2025-11-13 10:15:00;1.5907
2025-11-13 10:30:00;2.0797000000000003
2025-11-13 10:45:00;2.2371999999999996
2025-11-13 11:00:00;2.2536
2025-11-13 11:15:00;2.4424
2025-11-13 11:30:00;2.4421999999999997
2025-11-13 11:45:00;2.5439
2025-11-13 12:00:00;2.0991
2025-11-13 12:15:00;2.1361999999999997
2025-11-13 12:30:00;2.0844
2025-11-13 12:45:00;2.3266
2025-11-13 13:00:00;2.7586
2025-11-13 13:15:00;2.4778
2025-11-13 13:30:00;2.3532
2025-11-13 13:45:00;2.4233
2025-11-13 14:00:00;1.6250999999999998
2025-11-13 14:15:00;1.6904000000000001
2025-11-13 14:30:00;1.2702
2025-11-13 14:45:00;1.1635
2025-11-13 15:00:00;1.1271000000000002
2025-11-13 15:15:00;0.9645000000000001
2025-11-13 15:30:00;0.6655
2025-11-13 15:45:00;0.3677999999999999
2025-11-13 16:00:00;0.0
2025-11-13 16:15:00;0.0
2025-11-13 16:30:00;0.0
2025-11-13 16:45:00;0.0
2025-11-13 17:00:00;0.0
2025-11-13 17:15:00;0.0
2025-11-13 17:30:00;0.0
2025-11-13 17:45:00;0.0
2025-11-13 18:00:00;0.0
2025-11-13 18:15:00;0.0
2025-11-13 18:30:00;0.0
2025-11-13 18:45:00;0.0
2025-11-13 19:00:00;0.0
2025-11-13 19:15:00;0.0
2025-11-13 19:30:00;0.0
2025-11-13 19:45:00;0.0
2025-11-13 20:00:00;0.0
2025-11-13 20:15:00;0.0
2025-11-13 20:30:00;0.0
2025-11-13 20:45:00;0.0
2025-11-13 21:00:00;0.0
2025-11-13 21:15:00;0.0
2025-11-13 21:30:00;0.0
2025-11-13 21:45:00;0.0
2025-11-13 22:00:00;0.0
2025-11-13 22:15:00;0.0
2025-11-13 22:30:00;0.0
2025-11-13 22:45:00;0.0
2025-11-13 23:00:00;0.0
2025-11-13 23:15:00;0.0
2025-11-13 23:30:00;0.0
2025-11-13 23:45:00;0.0
2025-11-14 00:00:00;0.0
2025-11-14 00:15:00;0.0
2025-11-14 00:30:00;0.0
2025-11-14 00:45:00;0.0
2025-11-14 01:00:00;0.0
2025-11-14 01:15:00;0.0
2025-11-14 01:30:00;0.0
2025-11-14 01:45:00;0.0
2025-11-14 02:00:00;0.0
2025-11-14 02:15:00;0.0
2025-11-14 02:30:00;0.0
2025-11-14 02:45:00;0.0
2025-11-14 03:00:00;0.0
2025-11-14 03:15:00;0.0
2025-11-14 03:30:00;0.0
2025-11-14 03:45:00;0.0
2025-11-14 04:00:00;0.0
2025-11-14 04:15:00;0.0
2025-11-14 04:30:00;0.0
2025-11-14 04:45:00;0.0
2025-11-14 05:00:00;0.0
2025-11-14 05:15:00;0.0
2025-11-14 05:30:00;0.0
2025-11-14 05:45:00;0.0
2025-11-14 06:00:00;0.0
2025-11-14 06:15:00;0.0
2025-11-14 06:30:00;0.0
2025-11-14 06:45:00;0.0
2025-11-14 07:00:00;0.0
2025-11-14 07:15:00;0.0
2025-11-14 07:30:00;0.0
2025-11-14 07:45:00;0.0
2025-11-14 08:00:00;0.0
2025-11-14 08:15:00;1.0072
2025-11-14 08:30:00;2.3922999999999996
2025-11-14 08:45:00;3.4291
2025-11-14 09:00:00;4.6171
2025-11-14 09:15:00;6.1762
2025-11-14 09:30:00;6.6916
2025-11-14 09:45:00;7.2095
2025-11-14 10:00:00;9.6419
2025-11-14 10:15:00;11.2788
2025-11-14 10:30:00;11.1197
2025-11-14 10:45:00;12.8155
2025-11-14 11:00:00;11.0732
2025-11-14 11:15:00;10.741999999999999
2025-11-14 11:30:00;10.9329
2025-11-14 11:45:00;11.4619
2025-11-14 12:00:00;10.9076
2025-11-14 12:15:00;10.7905
2025-11-14 12:30:00;11.037600000000001
2025-11-14 12:45:00;11.1438
2025-11-14 13:00:00;11.912600000000001
2025-11-14 13:15:00;11.2661
2025-11-14 13:30:00;10.9403
2025-11-14 13:45:00;10.7569
2025-11-14 14:00:00;11.230099999999998
2025-11-14 14:15:00;10.8034
2025-11-14 14:30:00;9.8263
2025-11-14 14:45:00;9.3825
2025-11-14 15:00:00;7.698
2025-11-14 15:15:00;6.4927
2025-11-14 15:30:00;5.7399000000000004
2025-11-14 15:45:00;4.8127
2025-11-14 16:00:00;3.9397
2025-11-14 16:15:00;2.4997
2025-11-14 16:30:00;1.2349999999999999
2025-11-14 16:45:00;0.1178999999999999
2025-11-14 17:00:00;0.0
2025-11-14 17:15:00;0.0
2025-11-14 17:30:00;0.0
2025-11-14 17:45:00;0.0
2025-11-14 18:00:00;0.0
2025-11-14 18:15:00;0.0
2025-11-14 18:30:00;0.0
2025-11-14 18:45:00;0.0
2025-11-14 19:00:00;0.0
2025-11-14 19:15:00;0.0
2025-11-14 19:30:00;0.0
2025-11-14 19:45:00;0.0
2025-11-14 20:00:00;0.0
2025-11-14 20:15:00;0.0
2025-11-14 20:30:00;0.0
2025-11-14 20:45:00;0.0
2025-11-14 21:00:00;0.0
2025-11-14 21:15:00;0.0
2025-11-14 21:30:00;0.0
2025-11-14 21:45:00;0.0
2025-11-14 22:00:00;0.0
2025-11-14 22:15:00;0.0
2025-11-14 22:30:00;0.0
2025-11-14 22:45:00;0.0
2025-11-14 23:00:00;0.0
2025-11-14 23:15:00;0.0
2025-11-14 23:30:00;0.0
2025-11-14 23:45:00;0.0
2025-11-15 00:00:00;0.0
2025-11-15 00:15:00;0.0
2025-11-15 00:30:00;0.0
2025-11-15 00:45:00;0.0
2025-11-15 01:00:00;0.0
2025-11-15 01:15:00;0.0
2025-11-15 01:30:00;0.0
2025-11-15 01:45:00;0.0
2025-11-15 02:00:00;0.0
2025-11-15 02:15:00;0.0
2025-11-15 02:30:00;0.0
2025-11-15 02:45:00;0.0
2025-11-15 03:00:00;0.0
2025-11-15 03:15:00;0.0
2025-11-15 03:30:00;0.0
2025-11-15 03:45:00;0.0
2025-11-15 04:00:00;0.0
2025-11-15 04:15:00;0.0
2025-11-15 04:30:00;0.0
2025-11-15 04:45:00;0.0
2025-11-15 05:00:00;0.0
2025-11-15 05:15:00;0.0
2025-11-15 05:30:00;0.0
2025-11-15 05:45:00;0.0
2025-11-15 06:00:00;0.0
2025-11-15 06:15:00;0.0
2025-11-15 06:30:00;0.0
2025-11-15 06:45:00;0.0
2025-11-15 07:00:00;0.0
2025-11-15 07:15:00;0.0
2025-11-15 07:30:00;0.0
2025-11-15 07:45:00;0.0
2025-11-15 08:00:00;0.0
2025-11-15 08:15:00;0.19320000000000004
2025-11-15 08:30:00;0.8558999999999999
2025-11-15 08:45:00;1.5403
2025-11-15 09:00:00;1.1634000000000002
2025-11-15 09:15:00;1.7115
2025-11-15 09:30:00;2.0
2025-11-15 09:45:00;2.3013
2025-11-15 10:00:00;6.9478
2025-11-15 10:15:00;7.230600000000001
2025-11-15 10:30:00;7.685999999999999
2025-11-15 10:45:00;8.050799999999999
2025-11-15 11:00:00;7.3828000000000005
2025-11-15 11:15:00;7.789300000000001
2025-11-15 11:30:00;8.092500000000001
2025-11-15 11:45:00;8.2302
2025-11-15 12:00:00;4.2193000000000005
2025-11-15 12:15:00;4.1226
2025-11-15 12:30:00;4.137700000000001
2025-11-15 12:45:00;4.1687
2025-11-15 13:00:00;7.6488
2025-11-15 13:15:00;7.8052
2025-11-15 13:30:00;7.543
2025-11-15 13:45:00;6.7777
2025-11-15 14:00:00;8.0343
2025-11-15 14:15:00;7.0602
2025-11-15 14:30:00;7.219
2025-11-15 14:45:00;6.5419
2025-11-15 15:00:00;5.1465000000000005
2025-11-15 15:15:00;4.42
2025-11-15 15:30:00;3.7853999999999997
2025-11-15 15:45:00;3.0422
2025-11-15 16:00:00;1.2555
2025-11-15 16:15:00;0.6997
2025-11-15 16:30:00;0.20309999999999984
2025-11-15 16:45:00;0.0
2025-11-15 17:00:00;0.0
2025-11-15 17:15:00;0.0
2025-11-15 17:30:00;0.0
2025-11-15 17:45:00;0.0
2025-11-15 18:00:00;0.0
2025-11-15 18:15:00;0.0
2025-11-15 18:30:00;0.0
2025-11-15 18:45:00;0.0
2025-11-15 19:00:00;0.0
2025-11-15 19:15:00;0.0
2025-11-15 19:30:00;0.0
2025-11-15 19:45:00;0.0
2025-11-15 20:00:00;0.0
2025-11-15 20:15:00;0.0
2025-11-15 20:30:00;0.0
2025-11-15 20:45:00;0.0
2025-11-15 21:00:00;0.0
2025-11-15 21:15:00;0.0
2025-11-15 21:30:00;0.0
2025-11-15 21:45:00;0.0
2025-11-15 22:00:00;0.0
2025-11-15 22:15:00;0.0
2025-11-15 22:30:00;0.0
2025-11-15 22:45:00;0.0
2025-11-15 23:00:00;0.0
2025-11-15 23:15:00;0.0
2025-11-15 23:30:00;0.0
2025-11-15 23:45:00;0.0
2025-11-16 00:00:00;0.0
2025-11-16 00:15:00;0.0
2025-11-16 00:30:00;0.0
2025-11-16 00:45:00;0.0
2025-11-16 01:00:00;0.0
2025-11-16 01:15:00;0.0
2025-11-16 01:30:00;0.0
2025-11-16 01:45:00;0.0
2025-11-16 02:00:00;0.0
2025-11-16 02:15:00;0.0
2025-11-16 02:30:00;0.0
2025-11-16 02:45:00;0.0
2025-11-16 03:00:00;0.0
2025-11-16 03:15:00;0.0
2025-11-16 03:30:00;0.0
2025-11-16 03:45:00;0.0
2025-11-16 04:00:00;0.0
2025-11-16 04:15:00;0.0
2025-11-16 04:30:00;0.0
2025-11-16 04:45:00;0.0
2025-11-16 05:00:00;0.0
2025-11-16 05:15:00;0.0
2025-11-16 05:30:00;0.0
2025-11-16 05:45:00;0.0
2025-11-16 06:00:00;0.0
2025-11-16 06:15:00;0.0
2025-11-16 06:30:00;0.0
2025-11-16 06:45:00;0.0
2025-11-16 07:00:00;0.0
2025-11-16 07:15:00;0.0
2025-11-16 07:30:00;0.0
2025-11-16 07:45:00;0.0
2025-11-16 08:00:00;0.0
2025-11-16 08:15:00;0.0
2025-11-16 08:30:00;0.0
2025-11-16 08:45:00;0.0
2025-11-16 09:00:00;0.0
2025-11-16 09:15:00;0.0
2025-11-16 09:30:00;0.0
2025-11-16 09:45:00;0.07090000000000007
2025-11-16 10:00:00;0.038000000000000034
2025-11-16 10:15:00;0.12209999999999988
2025-11-16 10:30:00;0.17880000000000007
2025-11-16 10:45:00;0.2640999999999999
2025-11-16 11:00:00;0.5020000000000001
2025-11-16 11:15:00;0.6309000000000001
2025-11-16 11:30:00;0.6758000000000001
2025-11-16 11:45:00;0.6695000000000001
2025-11-16 12:00:00;0.5984
2025-11-16 12:15:00;0.5322000000000001
2025-11-16 12:30:00;0.5621999999999999
2025-11-16 12:45:00;0.5818
2025-11-16 13:00:00;0.4909
2025-11-16 13:15:00;0.40700000000000003
2025-11-16 13:30:00;0.31919999999999993
2025-11-16 13:45:00;0.2904000000000001
2025-11-16 14:00:00;0.4427000000000001
2025-11-16 14:15:00;0.39459999999999995
2025-11-16 14:30:00;0.2850999999999999
2025-11-16 14:45:00;0.262
2025-11-16 15:00:00;0.05360000000000009
2025-11-16 15:15:00;0.03310000000000002
2025-11-16 15:30:00;0.0
2025-11-16 15:45:00;0.0
2025-11-16 16:00:00;0.0
2025-11-16 16:15:00;0.0
2025-11-16 16:30:00;0.0
2025-11-16 16:45:00;0.0
2025-11-16 17:00:00;0.0
2025-11-16 17:15:00;0.0
2025-11-16 17:30:00;0.0
2025-11-16 17:45:00;0.0
2025-11-16 18:00:00;0.0
2025-11-16 18:15:00;0.0
2025-11-16 18:30:00;0.0
2025-11-16 18:45:00;0.0
2025-11-16 19:00:00;0.0
2025-11-16 19:15:00;0.0
2025-11-16 19:30:00;0.0
2025-11-16 19:45:00;0.0
2025-11-16 20:00:00;0.0
2025-11-16 20:15:00;0.0
2025-11-16 20:30:00;0.0
2025-11-16 20:45:00;0.0
2025-11-16 21:00:00;0.0
2025-11-16 21:15:00;0.0
2025-11-16 21:30:00;0.0
2025-11-16 21:45:00;0.0
2025-11-16 22:00:00;0.0
2025-11-16 22:15:00;0.0
2025-11-16 22:30:00;0.0
2025-11-16 22:45:00;0.0
2025-11-16 23:00:00;0.0
2025-11-16 23:15:00;0.0
2025-11-16 23:30:00;0.0
2025-11-16 23:45:00;0.0
2025-11-17 00:00:00;0.0
2025-11-17 00:15:00;0.0
2025-11-17 00:30:00;0.0
2025-11-17 00:45:00;0.0
2025-11-17 01:00:00;0.0
2025-11-17 01:15:00;0.0
2025-11-17 01:30:00;0.0
2025-11-17 01:45:00;0.0
2025-11-17 02:00:00;0.0
2025-11-17 02:15:00;0.0
2025-11-17 02:30:00;0.0
2025-11-17 02:45:00;0.0
2025-11-17 03:00:00;0.0
2025-11-17 03:15:00;0.0
2025-11-17 03:30:00;0.0
2025-11-17 03:45:00;0.0
2025-11-17 04:00:00;0.0
2025-11-17 04:15:00;0.0
2025-11-17 04:30:00;0.0
2025-11-17 04:45:00;0.0
2025-11-17 05:00:00;0.0
2025-11-17 05:15:00;0.0
2025-11-17 05:30:00;0.0
2025-11-17 05:45:00;0.0
2025-11-17 06:00:00;0.0
2025-11-17 06:15:00;0.0
2025-11-17 06:30:00;0.0
2025-11-17 06:45:00;0.0
2025-11-17 07:00:00;0.0
2025-11-17 07:15:00;0.0
2025-11-17 07:30:00;0.0
2025-11-17 07:45:00;0.0
2025-11-17 08:00:00;0.0
2025-11-17 08:15:00;0.0
2025-11-17 08:30:00;0.0
2025-11-17 08:45:00;0.2744
2025-11-17 09:00:00;2.8266999999999998
2025-11-17 09:15:00;3.4012999999999995
2025-11-17 09:30:00;4.2873
2025-11-17 09:45:00;4.997400000000001
2025-11-17 10:00:00;6.2754
2025-11-17 10:15:00;6.6005
2025-11-17 10:30:00;7.084700000000001
2025-11-17 10:45:00;8.2283
2025-11-17 11:00:00;3.1705999999999994
2025-11-17 11:15:00;3.2743
2025-11-17 11:30:00;3.2925000000000004
2025-11-17 11:45:00;3.3611999999999997
2025-11-17 12:00:00;10.136000000000001
2025-11-17 12:15:00;10.0224
2025-11-17 12:30:00;10.371599999999999
2025-11-17 12:45:00;9.531099999999999
2025-11-17 13:00:00;7.2791999999999994
2025-11-17 13:15:00;7.7091
2025-11-17 13:30:00;7.6355
2025-11-17 13:45:00;6.6825
2025-11-17 14:00:00;5.9948999999999995
2025-11-17 14:15:00;5.7752
2025-11-17 14:30:00;5.2184
2025-11-17 14:45:00;4.8119
2025-11-17 15:00:00;4.8048
2025-11-17 15:15:00;4.1987
2025-11-17 15:30:00;3.4193000000000002
2025-11-17 15:45:00;2.7912999999999997
2025-11-17 16:00:00;1.9433000000000002
2025-11-17 16:15:00;1.3145
2025-11-17 16:30:00;0.4558
2025-11-17 16:45:00;0.0
2025-11-17 17:00:00;0.0
2025-11-17 17:15:00;0.0
2025-11-17 17:30:00;0.0
2025-11-17 17:45:00;0.0
2025-11-17 18:00:00;0.0
2025-11-17 18:15:00;0.0
2025-11-17 18:30:00;0.0
2025-11-17 18:45:00;0.0
2025-11-17 19:00:00;0.0
2025-11-17 19:15:00;0.0
2025-11-17 19:30:00;0.0
2025-11-17 19:45:00;0.0
2025-11-17 20:00:00;0.0
2025-11-17 20:15:00;0.0
2025-11-17 20:30:00;0.0
2025-11-17 20:45:00;0.0
2025-11-17 21:00:00;0.0
2025-11-17 21:15:00;0.0
2025-11-17 21:30:00;0.0
2025-11-17 21:45:00;0.0
2025-11-17 22:00:00;0.0
2025-11-17 22:15:00;0.0
2025-11-17 22:30:00;0.0
2025-11-17 22:45:00;0.0
2025-11-17 23:00:00;0.0
2025-11-17 23:15:00;0.0
2025-11-17 23:30:00;0.0
2025-11-17 23:45:00;0.0
2025-11-18 00:00:00;0.0
2025-11-18 00:15:00;0.0
2025-11-18 00:30:00;0.0
2025-11-18 00:45:00;0.0
2025-11-18 01:00:00;0.0
2025-11-18 01:15:00;0.0
2025-11-18 01:30:00;0.0
2025-11-18 01:45:00;0.0
2025-11-18 02:00:00;0.0
2025-11-18 02:15:00;0.0
2025-11-18 02:30:00;0.0
2025-11-18 02:45:00;0.0
2025-11-18 03:00:00;0.0
2025-11-18 03:15:00;0.0
2025-11-18 03:30:00;0.0
2025-11-18 03:45:00;0.0
2025-11-18 04:00:00;0.0
2025-11-18 04:15:00;0.0
2025-11-18 04:30:00;0.0
2025-11-18 04:45:00;0.0
2025-11-18 05:00:00;0.0
2025-11-18 05:15:00;0.0
2025-11-18 05:30:00;0.0
2025-11-18 05:45:00;0.0
2025-11-18 06:00:00;0.0
2025-11-18 06:15:00;0.0
2025-11-18 06:30:00;0.0
2025-11-18 06:45:00;0.0
2025-11-18 07:00:00;0.0
2025-11-18 07:15:00;0.0
2025-11-18 07:30:00;0.0
2025-11-18 07:45:00;0.0
2025-11-18 08:00:00;0.0
2025-11-18 08:15:00;0.0
2025-11-18 08:30:00;0.14880000000000004
2025-11-18 08:45:00;0.8112999999999999
2025-11-18 09:00:00;1.3928
2025-11-18 09:15:00;2.0628
2025-11-18 09:30:00;2.3426
2025-11-18 09:45:00;2.7388
2025-11-18 10:00:00;6.1562
2025-11-18 10:15:00;6.4376
2025-11-18 10:30:00;6.899699999999999
2025-11-18 10:45:00;7.0392
2025-11-18 11:00:00;7.0979
2025-11-18 11:15:00;8.0909
2025-11-18 11:30:00;7.6768
2025-11-18 11:45:00;8.074200000000001
2025-11-18 12:00:00;4.065900000000001
2025-11-18 12:15:00;4.2052
2025-11-18 12:30:00;4.043100000000001
2025-11-18 12:45:00;4.172
2025-11-18 13:00:00;3.3328
2025-11-18 13:15:00;3.2256
2025-11-18 13:30:00;2.9509
2025-11-18 13:45:00;2.8282999999999996
2025-11-18 14:00:00;6.861800000000001
2025-11-18 14:15:00;6.5404
2025-11-18 14:30:00;6.0652
2025-11-18 14:45:00;5.2619
2025-11-18 15:00:00;4.093500000000001
2025-11-18 15:15:00;3.5066999999999995
2025-11-18 15:30:00;2.9715
2025-11-18 15:45:00;2.3619
2025-11-18 16:00:00;2.3751999999999995
2025-11-18 16:15:00;1.4894
2025-11-18 16:30:00;0.607
2025-11-18 16:45:00;0.0
2025-11-18 17:00:00;0.0
2025-11-18 17:15:00;0.0
2025-11-18 17:30:00;0.0
2025-11-18 17:45:00;0.0
2025-11-18 18:00:00;0.0
2025-11-18 18:15:00;0.0
2025-11-18 18:30:00;0.0
2025-11-18 18:45:00;0.0
2025-11-18 19:00:00;0.0
2025-11-18 19:15:00;0.0
2025-11-18 19:30:00;0.0
2025-11-18 19:45:00;0.0
2025-11-18 20:00:00;0.0
2025-11-18 20:15:00;0.0
2025-11-18 20:30:00;0.0
2025-11-18 20:45:00;0.0
2025-11-18 21:00:00;0.0
2025-11-18 21:15:00;0.0
2025-11-18 21:30:00;0.0
2025-11-18 21:45:00;0.0
2025-11-18 22:00:00;0.0
2025-11-18 22:15:00;0.0
2025-11-18 22:30:00;0.0
2025-11-18 22:45:00;0.0
2025-11-18 23:00:00;0.0
2025-11-18 23:15:00;0.0
2025-11-18 23:30:00;0.0
2025-11-18 23:45:00;0.0
2025-11-19 00:00:00;0.0
2025-11-19 00:15:00;0.0
2025-11-19 00:30:00;0.0
2025-11-19 00:45:00;0.0
2025-11-19 01:00:00;0.0
2025-11-19 01:15:00;0.0
2025-11-19 01:30:00;0.0
2025-11-19 01:45:00;0.0
2025-11-19 02:00:00;0.0
2025-11-19 02:15:00;0.0
2025-11-19 02:30:00;0.0
2025-11-19 02:45:00;0.0
2025-11-19 03:00:00;0.0
2025-11-19 03:15:00;0.0
2025-11-19 03:30:00;0.0
2025-11-19 03:45:00;0.0
2025-11-19 04:00:00;0.0
2025-11-19 04:15:00;0.0
2025-11-19 04:30:00;0.0
2025-11-19 04:45:00;0.0
2025-11-19 05:00:00;0.0
2025-11-19 05:15:00;0.0
2025-11-19 05:30:00;0.0
2025-11-19 05:45:00;0.0
2025-11-19 06:00:00;0.0
2025-11-19 06:15:00;0.0
2025-11-19 06:30:00;0.0
2025-11-19 06:45:00;0.0
2025-11-19 07:00:00;0.0
2025-11-19 07:15:00;0.0
2025-11-19 07:30:00;0.0
2025-11-19 07:45:00;0.0
2025-11-19 08:00:00;0.0
2025-11-19 08:15:00;1.2513
2025-11-19 08:30:00;2.5757
2025-11-19 08:45:00;3.5301
2025-11-19 09:00:00;5.46
2025-11-19 09:15:00;6.431
2025-11-19 09:30:00;6.897
2025-11-19 09:45:00;7.942499999999999
2025-11-19 10:00:00;8.928099999999999
2025-11-19 10:15:00;9.359300000000001
2025-11-19 10:30:00;10.5886
2025-11-19 10:45:00;10.626199999999999
2025-11-19 11:00:00;11.7264
2025-11-19 11:15:00;11.7227
2025-11-19 11:30:00;12.0228
2025-11-19 11:45:00;11.9289
2025-11-19 12:00:00;14.2949
2025-11-19 12:15:00;14.1619
2025-11-19 12:30:00;14.7802
2025-11-19 12:45:00;14.2299
2025-11-19 13:00:00;12.606399999999999
2025-11-19 13:15:00;12.3598
2025-11-19 13:30:00;11.3046
2025-11-19 13:45:00;11.3986
2025-11-19 14:00:00;11.5709
2025-11-19 14:15:00;10.1517
2025-11-19 14:30:00;8.745700000000001
2025-11-19 14:45:00;8.3347
2025-11-19 15:00:00;7.0262
2025-11-19 15:15:00;6.2366
2025-11-19 15:30:00;5.0089999999999995
2025-11-19 15:45:00;4.3025
2025-11-19 16:00:00;3.7853000000000003
2025-11-19 16:15:00;2.7032
2025-11-19 16:30:00;1.4346000000000003
2025-11-19 16:45:00;0.14590000000000014
2025-11-19 17:00:00;0.0
2025-11-19 17:15:00;0.0
2025-11-19 17:30:00;0.0
2025-11-19 17:45:00;0.0
2025-11-19 18:00:00;0.0
2025-11-19 18:15:00;0.0
2025-11-19 18:30:00;0.0
2025-11-19 18:45:00;0.0
2025-11-19 19:00:00;0.0
2025-11-19 19:15:00;0.0
2025-11-19 19:30:00;0.0
2025-11-19 19:45:00;0.0
2025-11-19 20:00:00;0.0
2025-11-19 20:15:00;0.0
2025-11-19 20:30:00;0.0
2025-11-19 20:45:00;0.0
2025-11-19 21:00:00;0.0
2025-11-19 21:15:00;0.0
2025-11-19 21:30:00;0.0
2025-11-19 21:45:00;0.0
2025-11-19 22:00:00;0.0
2025-11-19 22:15:00;0.0
2025-11-19 22:30:00;0.0
2025-11-19 22:45:00;0.0
2025-11-19 23:00:00;0.0
2025-11-19 23:15:00;0.0
2025-11-19 23:30:00;0.0
2025-11-19 23:45:00;0.0
2025-11-20 00:00:00;0.0
2025-11-20 00:15:00;0.0
2025-11-20 00:30:00;0.0
2025-11-20 00:45:00;0.0
2025-11-20 01:00:00;0.0
2025-11-20 01:15:00;0.0
2025-11-20 01:30:00;0.0
2025-11-20 01:45:00;0.0
2025-11-20 02:00:00;0.0
2025-11-20 02:15:00;0.0
2025-11-20 02:30:00;0.0
2025-11-20 02:45:00;0.0
2025-11-20 03:00:00;0.0
2025-11-20 03:15:00;0.0
2025-11-20 03:30:00;0.0
2025-11-20 03:45:00;0.0
2025-11-20 04:00:00;0.0
2025-11-20 04:15:00;0.0
2025-11-20 04:30:00;0.0
2025-11-20 04:45:00;0.0
2025-11-20 05:00:00;0.0
2025-11-20 05:15:00;0.0
2025-11-20 05:30:00;0.0
2025-11-20 05:45:00;0.0
2025-11-20 06:00:00;0.0
2025-11-20 06:15:00;0.0
2025-11-20 06:30:00;0.0
2025-11-20 06:45:00;0.0
2025-11-20 07:00:00;0.0
2025-11-20 07:15:00;0.0
2025-11-20 07:30:00;0.0
2025-11-20 07:45:00;0.0
2025-11-20 08:00:00;0.0
2025-11-20 08:15:00;0.0
2025-11-20 08:30:00;0.15259999999999985
2025-11-20 08:45:00;0.7070000000000001
2025-11-20 09:00:00;3.3094999999999994
2025-11-20 09:15:00;4.3852
2025-11-20 09:30:00;4.9219
2025-11-20 09:45:00;5.4877
2025-11-20 10:00:00;5.7693
2025-11-20 10:15:00;6.4109
2025-11-20 10:30:00;6.9201999999999995
2025-11-20 10:45:00;7.0234000000000005
2025-11-20 11:00:00;6.7964
2025-11-20 11:15:00;6.9126
2025-11-20 11:30:00;6.7257
2025-11-20 11:45:00;7.405900000000001
2025-11-20 12:00:00;10.5488
2025-11-20 12:15:00;11.362900000000002
2025-11-20 12:30:00;10.905
2025-11-20 12:45:00;10.6922
2025-11-20 13:00:00;7.1536
2025-11-20 13:15:00;6.391
2025-11-20 13:30:00;6.879099999999999
2025-11-20 13:45:00;6.522200000000001
2025-11-20 14:00:00;8.2303
2025-11-20 14:15:00;8.0948
2025-11-20 14:30:00;7.2182
2025-11-20 14:45:00;6.5373
2025-11-20 15:00:00;4.5004
2025-11-20 15:15:00;3.9955
2025-11-20 15:30:00;3.4253
2025-11-20 15:45:00;2.5205
2025-11-20 16:00:00;1.8840000000000001
2025-11-20 16:15:00;1.1945
2025-11-20 16:30:00;0.5170000000000001
2025-11-20 16:45:00;0.0
2025-11-20 17:00:00;0.0
2025-11-20 17:15:00;0.0
2025-11-20 17:30:00;0.0
2025-11-20 17:45:00;0.0
2025-11-20 18:00:00;0.0
2025-11-20 18:15:00;0.0
2025-11-20 18:30:00;0.0
2025-11-20 18:45:00;0.0
2025-11-20 19:00:00;0.0
2025-11-20 19:15:00;0.0
2025-11-20 19:30:00;0.0
2025-11-20 19:45:00;0.0
2025-11-20 20:00:00;0.0
2025-11-20 20:15:00;0.0
2025-11-20 20:30:00;0.0
2025-11-20 20:45:00;0.0
2025-11-20 21:00:00;0.0
2025-11-20 21:15:00;0.0
2025-11-20 21:30:00;0.0
2025-11-20 21:45:00;0.0
2025-11-20 22:00:00;0.0
2025-11-20 22:15:00;0.0
2025-11-20 22:30:00;0.0
2025-11-20 22:45:00;0.0
2025-11-20 23:00:00;0.0
2025-11-20 23:15:00;0.0
2025-11-20 23:30:00;0.0
2025-11-20 23:45:00;0.0
2025-11-21 00:00:00;0.0
2025-11-21 00:15:00;0.0
2025-11-21 00:30:00;0.0
2025-11-21 00:45:00;0.0
2025-11-21 01:00:00;0.0
2025-11-21 01:15:00;0.0
2025-11-21 01:30:00;0.0
2025-11-21 01:45:00;0.0
2025-11-21 02:00:00;0.0
2025-11-21 02:15:00;0.0
2025-11-21 02:30:00;0.0
2025-11-21 02:45:00;0.0
2025-11-21 03:00:00;0.0
2025-11-21 03:15:00;0.0
2025-11-21 03:30:00;0.0
2025-11-21 03:45:00;0.0
2025-11-21 04:00:00;0.0
2025-11-21 04:15:00;0.0
2025-11-21 04:30:00;0.0
2025-11-21 04:45:00;0.0
2025-11-21 05:00:00;0.0
2025-11-21 05:15:00;0.0
2025-11-21 05:30:00;0.0
2025-11-21 05:45:00;0.0
2025-11-21 06:00:00;0.0
2025-11-21 06:15:00;0.0
2025-11-21 06:30:00;0.0
2025-11-21 06:45:00;0.0
2025-11-21 07:00:00;0.0
2025-11-21 07:15:00;0.0
2025-11-21 07:30:00;0.0
2025-11-21 07:45:00;0.0
2025-11-21 08:00:00;0.0
2025-11-21 08:15:00;0.0
2025-11-21 08:30:00;0.0
2025-11-21 08:45:00;0.0
2025-11-21 09:00:00;0.0
2025-11-21 09:15:00;0.0
2025-11-21 09:30:00;0.0
2025-11-21 09:45:00;0.0
2025-11-21 10:00:00;0.06779999999999997
2025-11-21 10:15:00;0.05520000000000003
2025-11-21 10:30:00;0.13869999999999993
2025-11-21 10:45:00;0.19159999999999988
2025-11-21 11:00:00;0.3268
2025-11-21 11:15:00;0.4899999999999999
2025-11-21 11:30:00;0.4351999999999999
2025-11-21 11:45:00;0.47040000000000015
2025-11-21 12:00:00;0.4293
2025-11-21 12:15:00;0.5006999999999999
2025-11-21 12:30:00;0.5425000000000001
2025-11-21 12:45:00;0.47150000000000003
2025-11-21 13:00:00;0.4366
2025-11-21 13:15:00;0.46509999999999996
2025-11-21 13:30:00;0.42369999999999997
2025-11-21 13:45:00;0.3268
2025-11-21 14:00:00;0.2860999999999999
2025-11-21 14:15:00;0.1755
2025-11-21 14:30:00;0.21229999999999993
2025-11-21 14:45:00;0.11120000000000008
2025-11-21 15:00:00;0.0
2025-11-21 15:15:00;0.0
2025-11-21 15:30:00;0.0
2025-11-21 15:45:00;0.0
2025-11-21 16:00:00;0.0
2025-11-21 16:15:00;0.0
2025-11-21 16:30:00;0.0
2025-11-21 16:45:00;0.0
2025-11-21 17:00:00;0.0
2025-11-21 17:15:00;0.0
2025-11-21 17:30:00;0.0
2025-11-21 17:45:00;0.0
2025-11-21 18:00:00;0.0
2025-11-21 18:15:00;0.0
2025-11-21 18:30:00;0.0
2025-11-21 18:45:00;0.0
2025-11-21 19:00:00;0.0
2025-11-21 19:15:00;0.0
2025-11-21 19:30:00;0.0
2025-11-21 19:45:00;0.0
2025-11-21 20:00:00;0.0
2025-11-21 20:15:00;0.0
2025-11-21 20:30:00;0.0
2025-11-21 20:45:00;0.0
2025-11-21 21:00:00;0.0
2025-11-21 21:15:00;0.0
2025-11-21 21:30:00;0.0
2025-11-21 21:45:00;0.0
2025-11-21 22:00:00;0.0
2025-11-21 22:15:00;0.0
2025-11-21 22:30:00;0.0
2025-11-21 22:45:00;0.0
2025-11-21 23:00:00;0.0
2025-11-21 23:15:00;0.0
2025-11-21 23:30:00;0.0
2025-11-21 23:45:00;0.0
2025-11-22 00:00:00;0.0
2025-11-22 00:15:00;0.0
2025-11-22 00:30:00;0.0
2025-11-22 00:45:00;0.0
2025-11-22 01:00:00;0.0
2025-11-22 01:15:00;0.0
2025-11-22 01:30:00;0.0
2025-11-22 01:45:00;0.0
2025-11-22 02:00:00;0.0
2025-11-22 02:15:00;0.0
2025-11-22 02:30:00;0.0
2025-11-22 02:45:00;0.0
2025-11-22 03:00:00;0.0
2025-11-22 03:15:00;0.0
2025-11-22 03:30:00;0.0
2025-11-22 03:45:00;0.0
2025-11-22 04:00:00;0.0
2025-11-22 04:15:00;0.0
2025-11-22 04:30:00;0.0
2025-11-22 04:45:00;0.0
2025-11-22 05:00:00;0.0
2025-11-22 05:15:00;0.0
2025-11-22 05:30:00;0.0
2025-11-22 05:45:00;0.0
2025-11-22 06:00:00;0.0
2025-11-22 06:15:00;0.0
2025-11-22 06:30:00;0.0
2025-11-22 06:45:00;0.0
2025-11-22 07:00:00;0.0
2025-11-22 07:15:00;0.0
2025-11-22 07:30:00;0.0
2025-11-22 07:45:00;0.0
2025-11-22 08:00:00;0.0
2025-11-22 08:15:00;0.15589999999999993
2025-11-22 08:30:00;0.7905999999999997
2025-11-22 08:45:00;1.3059999999999998
2025-11-22 09:00:00;3.1552000000000002
2025-11-22 09:15:00;3.8775000000000004
2025-11-22 09:30:00;4.4984
2025-11-22 09:45:00;5.5017
2025-11-22 10:00:00;5.7557
2025-11-22 10:15:00;5.9849
2025-11-22 10:30:00;6.8395
2025-11-22 10:45:00;7.0733
2025-11-22 11:00:00;3.5771
2025-11-22 11:15:00;4.0349
2025-11-22 11:30:00;4.2522
2025-11-22 11:45:00;4.1387
2025-11-22 12:00:00;8.758000000000001
2025-11-22 12:15:00;8.867899999999999
2025-11-22 12:30:00;8.9741
2025-11-22 12:45:00;8.6087
2025-11-22 13:00:00;8.0094
2025-11-22 13:15:00;8.0377
2025-11-22 13:30:00;7.665099999999999
2025-11-22 13:45:00;8.488
2025-11-22 14:00:00;7.9374
2025-11-22 14:15:00;6.8954
2025-11-22 14:30:00;6.6661
2025-11-22 14:45:00;6.1795
2025-11-22 15:00:00;2.958
2025-11-22 15:15:00;2.6736000000000004
2025-11-22 15:30:00;2.1818999999999997
2025-11-22 15:45:00;1.5681999999999998
2025-11-22 16:00:00;1.9291
2025-11-22 16:15:00;1.1991999999999998
2025-11-22 16:30:00;0.40669999999999984
2025-11-22 16:45:00;0.0
2025-11-22 17:00:00;0.0
2025-11-22 17:15:00;0.0
2025-11-22 17:30:00;0.0
2025-11-22 17:45:00;0.0
2025-11-22 18:00:00;0.0
2025-11-22 18:15:00;0.0
2025-11-22 18:30:00;0.0
2025-11-22 18:45:00;0.0
2025-11-22 19:00:00;0.0
2025-11-22 19:15:00;0.0
2025-11-22 19:30:00;0.0
2025-11-22 19:45:00;0.0
2025-11-22 20:00:00;0.0
2025-11-22 20:15:00;0.0
2025-11-22 20:30:00;0.0
2025-11-22 20:45:00;0.0
2025-11-22 21:00:00;0.0
2025-11-22 21:15:00;0.0
2025-11-22 21:30:00;0.0
2025-11-22 21:45:00;0.0
2025-11-22 22:00:00;0.0
2025-11-22 22:15:00;0.0
2025-11-22 22:30:00;0.0
2025-11-22 22:45:00;0.0
2025-11-22 23:00:00;0.0
2025-11-22 23:15:00;0.0
2025-11-22 23:30:00;0.0
2025-11-22 23:45:00;0.0
2025-11-23 00:00:00;0.0
2025-11-23 00:15:00;0.0
2025-11-23 00:30:00;0.0
2025-11-23 00:45:00;0.0
2025-11-23 01:00:00;0.0
2025-11-23 01:15:00;0.0
2025-11-23 01:30:00;0.0
2025-11-23 01:45:00;0.0
2025-11-23 02:00:00;0.0
2025-11-23 02:15:00;0.0
2025-11-23 02:30:00;0.0
2025-11-23 02:45:00;0.0
2025-11-23 03:00:00;0.0
2025-11-23 03:15:00;0.0
2025-11-23 03:30:00;0.0
2025-11-23 03:45:00;0.0
2025-11-23 04:00:00;0.0
2025-11-23 04:15:00;0.0
2025-11-23 04:30:00;0.0
2025-11-23 04:45:00;0.0
2025-11-23 05:00:00;0.0
2025-11-23 05:15:00;0.0
2025-11-23 05:30:00;0.0
2025-11-23 05:45:00;0.0
2025-11-23 06:00:00;0.0
2025-11-23 06:15:00;0.0
2025-11-23 06:30:00;0.0
2025-11-23 06:45:00;0.0
2025-11-23 07:00:00;0.0
2025-11-23 07:15:00;0.0
2025-11-23 07:30:00;0.0
2025-11-23 07:45:00;0.0
2025-11-23 08:00:00;0.0
2025-11-23 08:15:00;0.0
2025-11-23 08:30:00;0.0
2025-11-23 08:45:00;0.0
2025-11-23 09:00:00;0.35329999999999995
2025-11-23 09:15:00;0.649
2025-11-23 09:30:00;0.817
2025-11-23 09:45:00;1.0355
2025-11-23 10:00:00;1.8008
2025-11-23 10:15:00;1.8921000000000001
2025-11-23 10:30:00;2.057
2025-11-23 10:45:00;2.3632999999999997
2025-11-23 11:00:00;1.8767
2025-11-23 11:15:00;1.9133
2025-11-23 11:30:00;1.9196
2025-11-23 11:45:00;2.1915000000000004
2025-11-23 12:00:00;2.864
2025-11-23 12:15:00;2.8436
2025-11-23 12:30:00;2.8993
2025-11-23 12:45:00;2.6738
2025-11-23 13:00:00;2.6077999999999997
2025-11-23 13:15:00;2.7075000000000005
2025-11-23 13:30:00;2.5696999999999997
2025-11-23 13:45:00;2.3082
2025-11-23 14:00:00;2.3754
2025-11-23 14:15:00;2.295
2025-11-23 14:30:00;2.1481
2025-11-23 14:45:00;1.7905000000000002
2025-11-23 15:00:00;1.2804000000000002
2025-11-23 15:15:00;0.8995
2025-11-23 15:30:00;0.7075
2025-11-23 15:45:00;0.3917999999999999
2025-11-23 16:00:00;0.09320000000000017
2025-11-23 16:15:00;0.0
2025-11-23 16:30:00;0.0
2025-11-23 16:45:00;0.0
2025-11-23 17:00:00;0.0
2025-11-23 17:15:00;0.0
2025-11-23 17:30:00;0.0
2025-11-23 17:45:00;0.0
2025-11-23 18:00:00;0.0
2025-11-23 18:15:00;0.0
2025-11-23 18:30:00;0.0
2025-11-23 18:45:00;0.0
2025-11-23 19:00:00;0.0
2025-11-23 19:15:00;0.0
2025-11-23 19:30:00;0.0
2025-11-23 19:45:00;0.0
2025-11-23 20:00:00;0.0
2025-11-23 20:15:00;0.0
2025-11-23 20:30:00;0.0
2025-11-23 20:45:00;0.0
2025-11-23 21:00:00;0.0
2025-11-23 21:15:00;0.0
2025-11-23 21:30:00;0.0
2025-11-23 21:45:00;0.0
2025-11-23 22:00:00;0.0
2025-11-23 22:15:00;0.0
2025-11-23 22:30:00;0.0
2025-11-23 22:45:00;0.0
2025-11-23 23:00:00;0.0
2025-11-23 23:15:00;0.0
2025-11-23 23:30:00;0.0
2025-11-23 23:45:00;0.0
2025-11-24 00:00:00;0.0
2025-11-24 00:15:00;0.0
2025-11-24 00:30:00;0.0
2025-11-24 00:45:00;0.0
2025-11-24 01:00:00;0.0
2025-11-24 01:15:00;0.0
2025-11-24 01:30:00;0.0
2025-11-24 01:45:00;0.0
2025-11-24 02:00:00;0.0
2025-11-24 02:15:00;0.0
2025-11-24 02:30:00;0.0
2025-11-24 02:45:00;0.0
2025-11-24 03:00:00;0.0
2025-11-24 03:15:00;0.0
2025-11-24 03:30:00;0.0
2025-11-24 03:45:00;0.0
2025-11-24 04:00:00;0.0
2025-11-24 04:15:00;0.0
2025-11-24 04:30:00;0.0
2025-11-24 04:45:00;0.0
2025-11-24 05:00:00;0.0
2025-11-24 05:15:00;0.0
2025-11-24 05:30:00;0.0
2025-11-24 05:45:00;0.0
2025-11-24 06:00:00;0.0
2025-11-24 06:15:00;0.0
2025-11-24 06:30:00;0.0
2025-11-24 06:45:00;0.0
2025-11-24 07:00:00;0.0
2025-11-24 07:15:00;0.0
2025-11-24 07:30:00;0.0
2025-11-24 07:45:00;0.0
2025-11-24 08:00:00;0.0
2025-11-24 08:15:00;0.0
2025-11-24 08:30:00;0.0
2025-11-24 08:45:00;0.08820000000000006
2025-11-24 09:00:00;0.4251999999999999
2025-11-24 09:15:00;0.6587
2025-11-24 09:30:00;0.8762
2025-11-24 09:45:00;1.2084000000000001
2025-11-24 10:00:00;1.4178
2025-11-24 10:15:00;1.6915
2025-11-24 10:30:00;1.7303000000000002
2025-11-24 10:45:00;2.0121
2025-11-24 11:00:00;2.2798
2025-11-24 11:15:00;2.3265
2025-11-24 11:30:00;2.6718
2025-11-24 11:45:00;2.8401
2025-11-24 12:00:00;3.1616
2025-11-24 12:15:00;3.2675000000000005
2025-11-24 12:30:00;3.0427000000000004
2025-11-24 12:45:00;3.4183000000000003
2025-11-24 13:00:00;1.8871000000000002
2025-11-24 13:15:00;1.8796000000000004
2025-11-24 13:30:00;1.8516999999999997
2025-11-24 13:45:00;1.7412999999999998
2025-11-24 14:00:00;2.1123
2025-11-24 14:15:00;1.7774
2025-11-24 14:30:00;1.7139000000000002
2025-11-24 14:45:00;1.6814
2025-11-24 15:00:00;1.4448999999999996
2025-11-24 15:15:00;1.1220999999999999
2025-11-24 15:30:00;0.9476
2025-11-24 15:45:00;0.6016999999999999
2025-11-24 16:00:00;0.14370000000000016
2025-11-24 16:15:00;0.0
2025-11-24 16:30:00;0.0
2025-11-24 16:45:00;0.0
2025-11-24 17:00:00;0.0
2025-11-24 17:15:00;0.0
2025-11-24 17:30:00;0.0
2025-11-24 17:45:00;0.0
2025-11-24 18:00:00;0.0
2025-11-24 18:15:00;0.0
2025-11-24 18:30:00;0.0
2025-11-24 18:45:00;0.0
2025-11-24 19:00:00;0.0
2025-11-24 19:15:00;0.0
2025-11-24 19:30:00;0.0
2025-11-24 19:45:00;0.0
2025-11-24 20:00:00;0.0
2025-11-24 20:15:00;0.0
2025-11-24 20:30:00;0.0
2025-11-24 20:45:00;0.0
2025-11-24 21:00:00;0.0
2025-11-24 21:15:00;0.0
2025-11-24 21:30:00;0.0
2025-11-24 21:45:00;0.0
2025-11-24 22:00:00;0.0
2025-11-24 22:15:00;0.0
2025-11-24 22:30:00;0.0
2025-11-24 22:45:00;0.0
2025-11-24 23:00:00;0.0
2025-11-24 23:15:00;0.0
2025-11-24 23:30:00;0.0
2025-11-24 23:45:00;0.0
2025-11-25 00:00:00;0.0
2025-11-25 00:15:00;0.0
2025-11-25 00:30:00;0.0
2025-11-25 00:45:00;0.0
2025-11-25 01:00:00;0.0
2025-11-25 01:15:00;0.0
2025-11-25 01:30:00;0.0
2025-11-25 01:45:00;0.0
2025-11-25 02:00:00;0.0
2025-11-25 02:15:00;0.0
2025-11-25 02:30:00;0.0
2025-11-25 02:45:00;0.0
2025-11-25 03:00:00;0.0
2025-11-25 03:15:00;0.0
2025-11-25 03:30:00;0.0
2025-11-25 03:45:00;0.0
2025-11-25 04:00:00;0.0
2025-11-25 04:15:00;0.0
2025-11-25 04:30:00;0.0
2025-11-25 04:45:00;0.0
2025-11-25 05:00:00;0.0
2025-11-25 05:15:00;0.0
2025-11-25 05:30:00;0.0
2025-11-25 05:45:00;0.0
2025-11-25 06:00:00;0.0
2025-11-25 06:15:00;0.0
2025-11-25 06:30:00;0.0
2025-11-25 06:45:00;0.0
2025-11-25 07:00:00;0.0
2025-11-25 07:15:00;0.0
2025-11-25 07:30:00;0.0
2025-11-25 07:45:00;0.0
2025-11-25 08:00:00;0.0
2025-11-25 08:15:00;0.0
2025-11-25 08:30:00;0.0
2025-11-25 08:45:00;0.0
2025-11-25 09:00:00;0.3975000000000002
2025-11-25 09:15:00;0.6613
2025-11-25 09:30:00;0.8792
2025-11-25 09:45:00;1.1550999999999998
2025-11-25 10:00:00;1.4308999999999998
2025-11-25 10:15:00;1.9567
2025-11-25 10:30:00;2.1813
2025-11-25 10:45:00;2.2751
2025-11-25 11:00:00;1.9139000000000002
2025-11-25 11:15:00;2.009
2025-11-25 11:30:00;2.0850999999999997
2025-11-25 11:45:00;2.2065
2025-11-25 12:00:00;2.8119
2025-11-25 12:15:00;2.8507
2025-11-25 12:30:00;2.7969
2025-11-25 12:45:00;2.8067
2025-11-25 13:00:00;2.2649
2025-11-25 13:15:00;2.2018
2025-11-25 13:30:00;2.0671999999999997
2025-11-25 13:45:00;1.9908
2025-11-25 14:00:00;2.3396
2025-11-25 14:15:00;2.0173
2025-11-25 14:30:00;1.8473000000000002
2025-11-25 14:45:00;1.6909
2025-11-25 15:00:00;1.1100999999999999
2025-11-25 15:15:00;0.9310999999999998
2025-11-25 15:30:00;0.7461
2025-11-25 15:45:00;0.4737
2025-11-25 16:00:00;0.3023
2025-11-25 16:15:00;0.0
2025-11-25 16:30:00;0.0
2025-11-25 16:45:00;0.0
2025-11-25 17:00:00;0.0
2025-11-25 17:15:00;0.0
2025-11-25 17:30:00;0.0
2025-11-25 17:45:00;0.0
2025-11-25 18:00:00;0.0
2025-11-25 18:15:00;0.0
2025-11-25 18:30:00;0.0
2025-11-25 18:45:00;0.0
2025-11-25 19:00:00;0.0
2025-11-25 19:15:00;0.0
2025-11-25 19:30:00;0.0
2025-11-25 19:45:00;0.0
2025-11-25 20:00:00;0.0
2025-11-25 20:15:00;0.0
2025-11-25 20:30:00;0.0
2025-11-25 20:45:00;0.0
2025-11-25 21:00:00;0.0
2025-11-25 21:15:00;0.0
2025-11-25 21:30:00;0.0
2025-11-25 21:45:00;0.0
2025-11-25 22:00:00;0.0
2025-11-25 22:15:00;0.0
2025-11-25 22:30:00;0.0
2025-11-25 22:45:00;0.0
2025-11-25 23:00:00;0.0
2025-11-25 23:15:00;0.0
2025-11-25 23:30:00;0.0
2025-11-25 23:45:00;0.0
2025-11-26 00:00:00;0.0
2025-11-26 00:15:00;0.0
2025-11-26 00:30:00;0.0
2025-11-26 00:45:00;0.0
2025-11-26 01:00:00;0.0
2025-11-26 01:15:00;0.0
2025-11-26 01:30:00;0.0
2025-11-26 01:45:00;0.0
2025-11-26 02:00:00;0.0
2025-11-26 02:15:00;0.0
2025-11-26 02:30:00;0.0
2025-11-26 02:45:00;0.0
2025-11-26 03:00:00;0.0
2025-11-26 03:15:00;0.0
2025-11-26 03:30:00;0.0
2025-11-26 03:45:00;0.0
2025-11-26 04:00:00;0.0
2025-11-26 04:15:00;0.0
2025-11-26 04:30:00;0.0
2025-11-26 04:45:00;0.0
2025-11-26 05:00:00;0.0
2025-11-26 05:15:00;0.0
2025-11-26 05:30:00;0.0
2025-11-26 05:45:00;0.0
2025-11-26 06:00:00;0.0
2025-11-26 06:15:00;0.0
2025-11-26 06:30:00;0.0
2025-11-26 06:45:00;0.0
2025-11-26 07:00:00;0.0
2025-11-26 07:15:00;0.0
2025-11-26 07:30:00;0.0
2025-11-26 07:45:00;0.0
2025-11-26 08:00:00;0.0
2025-11-26 08:15:00;0.0
2025-11-26 08:30:00;0.0
2025-11-26 08:45:00;0.0
2025-11-26 09:00:00;0.6210999999999999
2025-11-26 09:15:00;1.0662
2025-11-26 09:30:00;1.2937
2025-11-26 09:45:00;1.4405
2025-11-26 10:00:00;1.916
2025-11-26 10:15:00;2.0539
2025-11-26 10:30:00;2.1487
2025-11-26 10:45:00;2.3574
2025-11-26 11:00:00;1.9348
2025-11-26 11:15:00;2.2734
2025-11-26 11:30:00;2.3907
2025-11-26 11:45:00;2.2549
2025-11-26 12:00:00;2.7442
2025-11-26 12:15:00;2.7304000000000004
2025-11-26 12:30:00;2.7064
2025-11-26 12:45:00;2.8304
2025-11-26 13:00:00;2.4222
2025-11-26 13:15:00;2.4209
2025-11-26 13:30:00;2.1820999999999997
2025-11-26 13:45:00;2.3284000000000002
2025-11-26 14:00:00;1.7699
2025-11-26 14:15:00;1.6207000000000003
2025-11-26 14:30:00;1.4061
2025-11-26 14:45:00;1.3502
2025-11-26 15:00:00;1.1719
2025-11-26 15:15:00;1.0282
2025-11-26 15:30:00;0.7434999999999999
2025-11-26 15:45:00;0.49959999999999993
2025-11-26 16:00:00;0.17700000000000005
2025-11-26 16:15:00;0.0
2025-11-26 16:30:00;0.0
2025-11-26 16:45:00;0.0
2025-11-26 17:00:00;0.0
2025-11-26 17:15:00;0.0
2025-11-26 17:30:00;0.0
2025-11-26 17:45:00;0.0
2025-11-26 18:00:00;0.0
2025-11-26 18:15:00;0.0
2025-11-26 18:30:00;0.0
2025-11-26 18:45:00;0.0
2025-11-26 19:00:00;0.0
2025-11-26 19:15:00;0.0
2025-11-26 19:30:00;0.0
2025-11-26 19:45:00;0.0
2025-11-26 20:00:00;0.0
2025-11-26 20:15:00;0.0
2025-11-26 20:30:00;0.0
2025-11-26 20:45:00;0.0
2025-11-26 21:00:00;0.0
2025-11-26 21:15:00;0.0
2025-11-26 21:30:00;0.0
2025-11-26 21:45:00;0.0
2025-11-26 22:00:00;0.0
2025-11-26 22:15:00;0.0
2025-11-26 22:30:00;0.0
2025-11-26 22:45:00;0.0
2025-11-26 23:00:00;0.0
2025-11-26 23:15:00;0.0
2025-11-26 23:30:00;0.0
2025-11-26 23:45:00;0.0
2025-11-27 00:00:00;0.0
2025-11-27 00:15:00;0.0
2025-11-27 00:30:00;0.0
2025-11-27 00:45:00;0.0
2025-11-27 01:00:00;0.0
2025-11-27 01:15:00;0.0
2025-11-27 01:30:00;0.0
2025-11-27 01:45:00;0.0
2025-11-27 02:00:00;0.0
2025-11-27 02:15:00;0.0
2025-11-27 02:30:00;0.0
2025-11-27 02:45:00;0.0
2025-11-27 03:00:00;0.0
2025-11-27 03:15:00;0.0
2025-11-27 03:30:00;0.0
2025-11-27 03:45:00;0.0
2025-11-27 04:00:00;0.0
2025-11-27 04:15:00;0.0
2025-11-27 04:30:00;0.0
2025-11-27 04:45:00;0.0
2025-11-27 05:00:00;0.0
2025-11-27 05:15:00;0.0
2025-11-27 05:30:00;0.0
2025-11-27 05:45:00;0.0
2025-11-27 06:00:00;0.0
2025-11-27 06:15:00;0.0
2025-11-27 06:30:00;0.0
2025-11-27 06:45:00;0.0
2025-11-27 07:00:00;0.0
2025-11-27 07:15:00;0.0
2025-11-27 07:30:00;0.0
2025-11-27 07:45:00;0.0
2025-11-27 08:00:00;0.0
2025-11-27 08:15:00;0.0
2025-11-27 08:30:00;0.0
2025-11-27 08:45:00;0.0
2025-11-27 09:00:00;0.0
2025-11-27 09:15:00;0.0
2025-11-27 09:30:00;0.0
2025-11-27 09:45:00;0.0
2025-11-27 10:00:00;0.11560000000000004
2025-11-27 10:15:00;0.1776000000000001
2025-11-27 10:30:00;0.3105000000000001
2025-11-27 10:45:00;0.26050000000000006
2025-11-27 11:00:00;0.2175999999999999
2025-11-27 11:15:00;0.23970000000000014
2025-11-27 11:30:00;0.32499999999999996
2025-11-27 11:45:00;0.3173
2025-11-27 12:00:00;0.6648999999999999
2025-11-27 12:15:00;0.6500999999999999
2025-11-27 12:30:00;0.7446000000000002
2025-11-27 12:45:00;0.6353
2025-11-27 13:00:00;0.35750000000000004
2025-11-27 13:15:00;0.36739999999999995
2025-11-27 13:30:00;0.2951999999999999
2025-11-27 13:45:00;0.3276
2025-11-27 14:00:00;0.1986000000000001
2025-11-27 14:15:00;0.14570000000000005
2025-11-27 14:30:00;0.11219999999999997
2025-11-27 14:45:00;0.0
2025-11-27 15:00:00;0.0391999999999999
2025-11-27 15:15:00;0.0
2025-11-27 15:30:00;0.0
2025-11-27 15:45:00;0.0
2025-11-27 16:00:00;0.0
2025-11-27 16:15:00;0.0
2025-11-27 16:30:00;0.0
2025-11-27 16:45:00;0.0
2025-11-27 17:00:00;0.0
2025-11-27 17:15:00;0.0
2025-11-27 17:30:00;0.0
2025-11-27 17:45:00;0.0
2025-11-27 18:00:00;0.0
2025-11-27 18:15:00;0.0
2025-11-27 18:30:00;0.0
2025-11-27 18:45:00;0.0
2025-11-27 19:00:00;0.0
2025-11-27 19:15:00;0.0
2025-11-27 19:30:00;0.0
2025-11-27 19:45:00;0.0
2025-11-27 20:00:00;0.0
2025-11-27 20:15:00;0.0
2025-11-27 20:30:00;0.0
2025-11-27 20:45:00;0.0
2025-11-27 21:00:00;0.0
2025-11-27 21:15:00;0.0
2025-11-27 21:30:00;0.0
2025-11-27 21:45:00;0.0
2025-11-27 22:00:00;0.0
2025-11-27 22:15:00;0.0
2025-11-27 22:30:00;0.0
2025-11-27 22:45:00;0.0
2025-11-27 23:00:00;0.0
2025-11-27 23:15:00;0.0
2025-11-27 23:30:00;0.0
2025-11-27 23:45:00;0.0
2025-11-28 00:00:00;0.0
2025-11-28 00:15:00;0.0
2025-11-28 00:30:00;0.0
2025-11-28 00:45:00;0.0
2025-11-28 01:00:00;0.0
2025-11-28 01:15:00;0.0
2025-11-28 01:30:00;0.0
2025-11-28 01:45:00;0.0
2025-11-28 02:00:00;0.0
2025-11-28 02:15:00;0.0
2025-11-28 02:30:00;0.0
2025-11-28 02:45:00;0.0
2025-11-28 03:00:00;0.0
2025-11-28 03:15:00;0.0
2025-11-28 03:30:00;0.0
2025-11-28 03:45:00;0.0
2025-11-28 04:00:00;0.0
2025-11-28 04:15:00;0.0
2025-11-28 04:30:00;0.0
2025-11-28 04:45:00;0.0
2025-11-28 05:00:00;0.0
2025-11-28 05:15:00;0.0
2025-11-28 05:30:00;0.0
2025-11-28 05:45:00;0.0
2025-11-28 06:00:00;0.0
2025-11-28 06:15:00;0.0
2025-11-28 06:30:00;0.0
2025-11-28 06:45:00;0.0
2025-11-28 07:00:00;0.0
2025-11-28 07:15:00;0.0
2025-11-28 07:30:00;0.0
2025-11-28 07:45:00;0.0
2025-11-28 08:00:00;0.0
2025-11-28 08:15:00;0.0
2025-11-28 08:30:00;0.0
2025-11-28 08:45:00;0.0028000000000001357
2025-11-28 09:00:00;0.6033999999999999
2025-11-28 09:15:00;0.8889
2025-11-28 09:30:00;1.1060999999999996
2025-11-28 09:45:00;1.4607
2025-11-28 10:00:00;1.911
2025-11-28 10:15:00;2.0309
2025-11-28 10:30:00;2.1722
2025-11-28 10:45:00;2.4843
2025-11-28 11:00:00;2.3630999999999998
2025-11-28 11:15:00;2.3819
2025-11-28 11:30:00;2.6951
2025-11-28 11:45:00;2.8011
2025-11-28 12:00:00;2.6037
2025-11-28 12:15:00;2.5657
2025-11-28 12:30:00;2.4682999999999997
2025-11-28 12:45:00;2.5862
2025-11-28 13:00:00;2.9290000000000003
2025-11-28 13:15:00;2.5978000000000003
2025-11-28 13:30:00;2.6674
2025-11-28 13:45:00;2.6421
2025-11-28 14:00:00;2.3975
2025-11-28 14:15:00;2.5814
2025-11-28 14:30:00;2.1428000000000003
2025-11-28 14:45:00;1.7768000000000002
2025-11-28 15:00:00;1.4671
2025-11-28 15:15:00;1.1622000000000001
2025-11-28 15:30:00;0.8792000000000001
2025-11-28 15:45:00;0.621
2025-11-28 16:00:00;0.2468999999999999
2025-11-28 16:15:00;0.0
2025-11-28 16:30:00;0.0
2025-11-28 16:45:00;0.0
2025-11-28 17:00:00;0.0
2025-11-28 17:15:00;0.0
2025-11-28 17:30:00;0.0
2025-11-28 17:45:00;0.0
2025-11-28 18:00:00;0.0
2025-11-28 18:15:00;0.0
2025-11-28 18:30:00;0.0
2025-11-28 18:45:00;0.0
2025-11-28 19:00:00;0.0
2025-11-28 19:15:00;0.0
2025-11-28 19:30:00;0.0
2025-11-28 19:45:00;0.0
2025-11-28 20:00:00;0.0
2025-11-28 20:15:00;0.0
2025-11-28 20:30:00;0.0
2025-11-28 20:45:00;0.0
2025-11-28 21:00:00;0.0
2025-11-28 21:15:00;0.0
2025-11-28 21:30:00;0.0
2025-11-28 21:45:00;0.0
2025-11-28 22:00:00;0.0
2025-11-28 22:15:00;0.0
2025-11-28 22:30:00;0.0
2025-11-28 22:45:00;0.0
2025-11-28 23:00:00;0.0
2025-11-28 23:15:00;0.0
2025-11-28 23:30:00;0.0
2025-11-28 23:45:00;0.0
2025-11-29 00:00:00;0.0
2025-11-29 00:15:00;0.0
2025-11-29 00:30:00;0.0
2025-11-29 00:45:00;0.0
2025-11-29 01:00:00;0.0
2025-11-29 01:15:00;0.0
2025-11-29 01:30:00;0.0
2025-11-29 01:45:00;0.0
2025-11-29 02:00:00;0.0
2025-11-29 02:15:00;0.0
2025-11-29 02:30:00;0.0
2025-11-29 02:45:00;0.0
2025-11-29 03:00:00;0.0
2025-11-29 03:15:00;0.0
2025-11-29 03:30:00;0.0
2025-11-29 03:45:00;0.0
2025-11-29 04:00:00;0.0
2025-11-29 04:15:00;0.0
2025-11-29 04:30:00;0.0
2025-11-29 04:45:00;0.0
2025-11-29 05:00:00;0.0
2025-11-29 05:15:00;0.0
2025-11-29 05:30:00;0.0
2025-11-29 05:45:00;0.0
2025-11-29 06:00:00;0.0
2025-11-29 06:15:00;0.0
2025-11-29 06:30:00;0.0
2025-11-29 06:45:00;0.0
2025-11-29 07:00:00;0.0
2025-11-29 07:15:00;0.0
2025-11-29 07:30:00;0.0
2025-11-29 07:45:00;0.0
2025-11-29 08:00:00;0.0
2025-11-29 08:15:00;0.0
2025-11-29 08:30:00;0.0
2025-11-29 08:45:00;0.0
2025-11-29 09:00:00;0.0
2025-11-29 09:15:00;0.0
2025-11-29 09:30:00;0.0
2025-11-29 09:45:00;0.0
2025-11-29 10:00:00;0.15610000000000002
2025-11-29 10:15:00;0.23520000000000008
2025-11-29 10:30:00;0.33809999999999996
2025-11-29 10:45:00;0.37559999999999993
2025-11-29 11:00:00;0.3183
2025-11-29 11:15:00;0.2883000000000001
2025-11-29 11:30:00;0.3720999999999999
2025-11-29 11:45:00;0.36150000000000015
2025-11-29 12:00:00;0.24349999999999994
2025-11-29 12:15:00;0.22640000000000016
2025-11-29 12:30:00;0.33319999999999994
2025-11-29 12:45:00;0.24550000000000005
2025-11-29 13:00:00;0.6201
2025-11-29 13:15:00;0.47350000000000003
2025-11-29 13:30:00;0.5005999999999999
2025-11-29 13:45:00;0.40359999999999996
2025-11-29 14:00:00;0.2751
2025-11-29 14:15:00;0.17459999999999998
2025-11-29 14:30:00;0.15390000000000004
2025-11-29 14:45:00;0.05160000000000009
2025-11-29 15:00:00;0.0
2025-11-29 15:15:00;0.0
2025-11-29 15:30:00;0.0
2025-11-29 15:45:00;0.0
2025-11-29 16:00:00;0.0
2025-11-29 16:15:00;0.0
2025-11-29 16:30:00;0.0
2025-11-29 16:45:00;0.0
2025-11-29 17:00:00;0.0
2025-11-29 17:15:00;0.0
2025-11-29 17:30:00;0.0
2025-11-29 17:45:00;0.0
2025-11-29 18:00:00;0.0
2025-11-29 18:15:00;0.0
2025-11-29 18:30:00;0.0
2025-11-29 18:45:00;0.0
2025-11-29 19:00:00;0.0
2025-11-29 19:15:00;0.0
2025-11-29 19:30:00;0.0
2025-11-29 19:45:00;0.0
2025-11-29 20:00:00;0.0
2025-11-29 20:15:00;0.0
2025-11-29 20:30:00;0.0
2025-11-29 20:45:00;0.0
2025-11-29 21:00:00;0.0
2025-11-29 21:15:00;0.0
2025-11-29 21:30:00;0.0
2025-11-29 21:45:00;0.0
2025-11-29 22:00:00;0.0
2025-11-29 22:15:00;0.0
2025-11-29 22:30:00;0.0
2025-11-29 22:45:00;0.0
2025-11-29 23:00:00;0.0
2025-11-29 23:15:00;0.0
2025-11-29 23:30:00;0.0
2025-11-29 23:45:00;0.0
2025-11-30 00:00:00;0.0
2025-11-30 00:15:00;0.0
2025-11-30 00:30:00;0.0
2025-11-30 00:45:00;0.0
2025-11-30 01:00:00;0.0
2025-11-30 01:15:00;0.0
2025-11-30 01:30:00;0.0
2025-11-30 01:45:00;0.0
2025-11-30 02:00:00;0.0
2025-11-30 02:15:00;0.0
2025-11-30 02:30:00;0.0
2025-11-30 02:45:00;0.0
2025-11-30 03:00:00;0.0
2025-11-30 03:15:00;0.0
2025-11-30 03:30:00;0.0
2025-11-30 03:45:00;0.0
2025-11-30 04:00:00;0.0
2025-11-30 04:15:00;0.0
2025-11-30 04:30:00;0.0
2025-11-30 04:45:00;0.0
2025-11-30 05:00:00;0.0
2025-11-30 05:15:00;0.0
2025-11-30 05:30:00;0.0
2025-11-30 05:45:00;0.0
2025-11-30 06:00:00;0.0
2025-11-30 06:15:00;0.0
2025-11-30 06:30:00;0.0
2025-11-30 06:45:00;0.0
2025-11-30 07:00:00;0.0
2025-11-30 07:15:00;0.0
2025-11-30 07:30:00;0.0
2025-11-30 07:45:00;0.0
2025-11-30 08:00:00;0.11299999999999999
2025-11-30 08:15:00;1.3474000000000002
2025-11-30 08:30:00;2.6037999999999997
2025-11-30 08:45:00;3.8298000000000005
2025-11-30 09:00:00;4.8911
2025-11-30 09:15:00;5.9367
2025-11-30 09:30:00;7.335000000000001
2025-11-30 09:45:00;8.251999999999999
2025-11-30 10:00:00;9.8504
2025-11-30 10:15:00;11.2755
2025-11-30 10:30:00;12.117099999999999
2025-11-30 10:45:00;12.9451
2025-11-30 11:00:00;10.102300000000001
2025-11-30 11:15:00;11.7192
2025-11-30 11:30:00;11.8182
2025-11-30 11:45:00;12.4453
2025-11-30 12:00:00;14.9748
2025-11-30 12:15:00;14.4656
2025-11-30 12:30:00;15.5757
2025-11-30 12:45:00;14.6585
2025-11-30 13:00:00;14.854600000000001
2025-11-30 13:15:00;14.4609
2025-11-30 13:30:00;14.394200000000001
2025-11-30 13:45:00;12.5252
2025-11-30 14:00:00;12.3241
2025-11-30 14:15:00;11.0435
2025-11-30 14:30:00;9.8619
2025-11-30 14:45:00;10.4537
2025-11-30 15:00:00;9.308499999999999
2025-11-30 15:15:00;8.245899999999999
2025-11-30 15:30:00;7.398999999999999
2025-11-30 15:45:00;5.8838
2025-11-30 16:00:00;4.3318
2025-11-30 16:15:00;3.1631
2025-11-30 16:30:00;1.8078
2025-11-30 16:45:00;0.3702000000000001
2025-11-30 17:00:00;0.0
2025-11-30 17:15:00;0.0
2025-11-30 17:30:00;0.0
2025-11-30 17:45:00;0.0
2025-11-30 18:00:00;0.0
2025-11-30 18:15:00;0.0
2025-11-30 18:30:00;0.0
2025-11-30 18:45:00;0.0
2025-11-30 19:00:00;0.0
2025-11-30 19:15:00;0.0
2025-11-30 19:30:00;0.0
2025-11-30 19:45:00;0.0
2025-11-30 20:00:00;0.0
2025-11-30 20:15:00;0.0
2025-11-30 20:30:00;0.0
2025-11-30 20:45:00;0.0
2025-11-30 21:00:00;0.0
2025-11-30 21:15:00;0.0
2025-11-30 21:30:00;0.0
2025-11-30 21:45:00;0.0
2025-11-30 22:00:00;0.0
2025-11-30 22:15:00;0.0
2025-11-30 22:30:00;0.0
2025-11-30 22:45:00;0.0
2025-11-30 23:00:00;0.0
2025-11-30 23:15:00;0.0
2025-11-30 23:30:00;0.0
2025-11-30 23:45:00;0.0
2025-12-01 00:00:00;0.0
2025-12-01 00:15:00;0.0
2025-12-01 00:30:00;0.0
2025-12-01 00:45:00;0.0
2025-12-01 01:00:00;0.0
2025-12-01 01:15:00;0.0
2025-12-01 01:30:00;0.0
2025-12-01 01:45:00;0.0
2025-12-01 02:00:00;0.0
2025-12-01 02:15:00;0.0
2025-12-01 02:30:00;0.0
2025-12-01 02:45:00;0.0
2025-12-01 03:00:00;0.0
2025-12-01 03:15:00;0.0
2025-12-01 03:30:00;0.0
2025-12-01 03:45:00;0.0
2025-12-01 04:00:00;0.0
2025-12-01 04:15:00;0.0
2025-12-01 04:30:00;0.0
2025-12-01 04:45:00;0.0
2025-12-01 05:00:00;0.0
2025-12-01 05:15:00;0.0
2025-12-01 05:30:00;0.0
2025-12-01 05:45:00;0.0
2025-12-01 06:00:00;0.0
2025-12-01 06:15:00;0.0
2025-12-01 06:30:00;0.0
2025-12-01 06:45:00;0.0
2025-12-01 07:00:00;0.0
2025-12-01 07:15:00;0.0
2025-12-01 07:30:00;0.0
2025-12-01 07:45:00;0.0
2025-12-01 08:00:00;0.0
2025-12-01 08:15:00;0.0
2025-12-01 08:30:00;0.0
2025-12-01 08:45:00;0.0
2025-12-01 09:00:00;0.0
2025-12-01 09:15:00;0.0
2025-12-01 09:30:00;0.06390000000000007
2025-12-01 09:45:00;0.2411000000000001
2025-12-01 10:00:00;0.31569999999999987
2025-12-01 10:15:00;0.4797
2025-12-01 10:30:00;0.698
2025-12-01 10:45:00;0.6879000000000001
2025-12-01 11:00:00;1.1538
2025-12-01 11:15:00;1.3531
2025-12-01 11:30:00;1.4207999999999998
2025-12-01 11:45:00;1.4717999999999998
2025-12-01 12:00:00;1.3014999999999999
2025-12-01 12:15:00;1.5137
2025-12-01 12:30:00;1.318
2025-12-01 12:45:00;1.1508999999999998
2025-12-01 13:00:00;1.431
2025-12-01 13:15:00;1.3359999999999999
2025-12-01 13:30:00;1.3094000000000001
2025-12-01 13:45:00;1.2597
2025-12-01 14:00:00;1.4772000000000003
2025-12-01 14:15:00;1.2832
2025-12-01 14:30:00;0.9224
2025-12-01 14:45:00;0.812
2025-12-01 15:00:00;0.3996000000000002
2025-12-01 15:15:00;0.23519999999999996
2025-12-01 15:30:00;0.012399999999999967
2025-12-01 15:45:00;0.0
2025-12-01 16:00:00;0.0
2025-12-01 16:15:00;0.0
2025-12-01 16:30:00;0.0
2025-12-01 16:45:00;0.0
2025-12-01 17:00:00;0.0
2025-12-01 17:15:00;0.0
2025-12-01 17:30:00;0.0
2025-12-01 17:45:00;0.0
2025-12-01 18:00:00;0.0
2025-12-01 18:15:00;0.0
2025-12-01 18:30:00;0.0
2025-12-01 18:45:00;0.0
2025-12-01 19:00:00;0.0
2025-12-01 19:15:00;0.0
2025-12-01 19:30:00;0.0
2025-12-01 19:45:00;0.0
2025-12-01 20:00:00;0.0
2025-12-01 20:15:00;0.0
2025-12-01 20:30:00;0.0
2025-12-01 20:45:00;0.0
2025-12-01 21:00:00;0.0
2025-12-01 21:15:00;0.0
2025-12-01 21:30:00;0.0
2025-12-01 21:45:00;0.0
2025-12-01 22:00:00;0.0
2025-12-01 22:15:00;0.0
2025-12-01 22:30:00;0.0
2025-12-01 22:45:00;0.0
2025-12-01 23:00:00;0.0
2025-12-01 23:15:00;0.0
2025-12-01 23:30:00;0.0
2025-12-01 23:45:00;0.0
2025-12-02 00:00:00;0.0
2025-12-02 00:15:00;0.0
2025-12-02 00:30:00;0.0
2025-12-02 00:45:00;0.0
2025-12-02 01:00:00;0.0
2025-12-02 01:15:00;0.0
2025-12-02 01:30:00;0.0
2025-12-02 01:45:00;0.0
2025-12-02 02:00:00;0.0
2025-12-02 02:15:00;0.0
2025-12-02 02:30:00;0.0
2025-12-02 02:45:00;0.0
2025-12-02 03:00:00;0.0
2025-12-02 03:15:00;0.0
2025-12-02 03:30:00;0.0
2025-12-02 03:45:00;0.0
2025-12-02 04:00:00;0.0
2025-12-02 04:15:00;0.0
2025-12-02 04:30:00;0.0
2025-12-02 04:45:00;0.0
2025-12-02 05:00:00;0.0
2025-12-02 05:15:00;0.0
2025-12-02 05:30:00;0.0
2025-12-02 05:45:00;0.0
2025-12-02 06:00:00;0.0
2025-12-02 06:15:00;0.0
2025-12-02 06:30:00;0.0
2025-12-02 06:45:00;0.0
2025-12-02 07:00:00;0.0
2025-12-02 07:15:00;0.0
2025-12-02 07:30:00;0.0
2025-12-02 07:45:00;0.0
2025-12-02 08:00:00;0.0
2025-12-02 08:15:00;0.0
2025-12-02 08:30:00;0.0
2025-12-02 08:45:00;0.0
2025-12-02 09:00:00;0.0
2025-12-02 09:15:00;0.0
2025-12-02 09:30:00;0.0
2025-12-02 09:45:00;0.0046999999999999265
2025-12-02 10:00:00;0.35840000000000005
2025-12-02 10:15:00;0.5256999999999998
2025-12-02 10:30:00;0.7437
2025-12-02 10:45:00;0.8651
2025-12-02 11:00:00;1.2331999999999999
2025-12-02 11:15:00;1.5817
2025-12-02 11:30:00;1.5918999999999999
2025-12-02 11:45:00;1.6423
2025-12-02 12:00:00;1.2428000000000001
2025-12-02 12:15:00;1.4743000000000002
2025-12-02 12:30:00;1.2588000000000001
2025-12-02 12:45:00;1.4212
2025-12-02 13:00:00;1.3432000000000002
2025-12-02 13:15:00;1.3382999999999998
2025-12-02 13:30:00;1.2118
2025-12-02 13:45:00;1.2323000000000002
2025-12-02 14:00:00;0.9653999999999999
2025-12-02 14:15:00;0.8044
2025-12-02 14:30:00;0.5323
2025-12-02 14:45:00;0.5027999999999999
2025-12-02 15:00:00;0.30590000000000006
2025-12-02 15:15:00;0.08570000000000011
2025-12-02 15:30:00;0.0
2025-12-02 15:45:00;0.0
2025-12-02 16:00:00;0.0
2025-12-02 16:15:00;0.0
2025-12-02 16:30:00;0.0
2025-12-02 16:45:00;0.0
2025-12-02 17:00:00;0.0
2025-12-02 17:15:00;0.0
2025-12-02 17:30:00;0.0
2025-12-02 17:45:00;0.0
2025-12-02 18:00:00;0.0
2025-12-02 18:15:00;0.0
2025-12-02 18:30:00;0.0
2025-12-02 18:45:00;0.0
2025-12-02 19:00:00;0.0
2025-12-02 19:15:00;0.0
2025-12-02 19:30:00;0.0
2025-12-02 19:45:00;0.0
2025-12-02 20:00:00;0.0
2025-12-02 20:15:00;0.0
2025-12-02 20:30:00;0.0
2025-12-02 20:45:00;0.0
2025-12-02 21:00:00;0.0
2025-12-02 21:15:00;0.0
2025-12-02 21:30:00;0.0
2025-12-02 21:45:00;0.0
2025-12-02 22:00:00;0.0
2025-12-02 22:15:00;0.0
2025-12-02 22:30:00;0.0
2025-12-02 22:45:00;0.0
2025-12-02 23:00:00;0.0
2025-12-02 23:15:00;0.0
2025-12-02 23:30:00;0.0
2025-12-02 23:45:00;0.0
2025-12-03 00:00:00;0.0
2025-12-03 00:15:00;0.0
2025-12-03 00:30:00;0.0
2025-12-03 00:45:00;0.0
2025-12-03 01:00:00;0.0
2025-12-03 01:15:00;0.0
2025-12-03 01:30:00;0.0
2025-12-03 01:45:00;0.0
2025-12-03 02:00:00;0.0
2025-12-03 02:15:00;0.0
2025-12-03 02:30:00;0.0
2025-12-03 02:45:00;0.0
2025-12-03 03:00:00;0.0
2025-12-03 03:15:00;0.0
2025-12-03 03:30:00;0.0
2025-12-03 03:45:00;0.0
2025-12-03 04:00:00;0.0
2025-12-03 04:15:00;0.0
2025-12-03 04:30:00;0.0
2025-12-03 04:45:00;0.0
2025-12-03 05:00:00;0.0
2025-12-03 05:15:00;0.0
2025-12-03 05:30:00;0.0
2025-12-03 05:45:00;0.0
2025-12-03 06:00:00;0.0
2025-12-03 06:15:00;0.0
2025-12-03 06:30:00;0.0
2025-12-03 06:45:00;0.0
2025-12-03 07:00:00;0.0
2025-12-03 07:15:00;0.0
2025-12-03 07:30:00;0.0
2025-12-03 07:45:00;0.0
2025-12-03 08:00:00;0.0
2025-12-03 08:15:00;0.0
2025-12-03 08:30:00;0.0
2025-12-03 08:45:00;0.0
2025-12-03 09:00:00;0.0
2025-12-03 09:15:00;0.0
2025-12-03 09:30:00;0.0
2025-12-03 09:45:00;0.0
2025-12-03 10:00:00;0.0
2025-12-03 10:15:00;0.0
2025-12-03 10:30:00;0.0
2025-12-03 10:45:00;0.0
2025-12-03 11:00:00;0.0
2025-12-03 11:15:00;0.0
2025-12-03 11:30:00;0.0
2025-12-03 11:45:00;0.0
2025-12-03 12:00:00;0.0
2025-12-03 12:15:00;0.0
2025-12-03 12:30:00;0.0
2025-12-03 12:45:00;0.0
2025-12-03 13:00:00;0.0
2025-12-03 13:15:00;0.0
2025-12-03 13:30:00;0.0
2025-12-03 13:45:00;0.0
2025-12-03 14:00:00;0.0
2025-12-03 14:15:00;0.0
2025-12-03 14:30:00;0.0
2025-12-03 14:45:00;0.0
2025-12-03 15:00:00;0.0
2025-12-03 15:15:00;0.0
2025-12-03 15:30:00;0.0
2025-12-03 15:45:00;0.0
2025-12-03 16:00:00;0.0
2025-12-03 16:15:00;0.0
2025-12-03 16:30:00;0.0
2025-12-03 16:45:00;0.0
2025-12-03 17:00:00;0.0
2025-12-03 17:15:00;0.0
2025-12-03 17:30:00;0.0
2025-12-03 17:45:00;0.0
2025-12-03 18:00:00;0.0
2025-12-03 18:15:00;0.0
2025-12-03 18:30:00;0.0
2025-12-03 18:45:00;0.0
2025-12-03 19:00:00;0.0
2025-12-03 19:15:00;0.0
2025-12-03 19:30:00;0.0
2025-12-03 19:45:00;0.0
2025-12-03 20:00:00;0.0
2025-12-03 20:15:00;0.0
2025-12-03 20:30:00;0.0
2025-12-03 20:45:00;0.0
2025-12-03 21:00:00;0.0
2025-12-03 21:15:00;0.0
2025-12-03 21:30:00;0.0
2025-12-03 21:45:00;0.0
2025-12-03 22:00:00;0.0
2025-12-03 22:15:00;0.0
2025-12-03 22:30:00;0.0
2025-12-03 22:45:00;0.0
2025-12-03 23:00:00;0.0
2025-12-03 23:15:00;0.0
2025-12-03 23:30:00;0.0
2025-12-03 23:45:00;0.0
2025-12-04 00:00:00;0.0
2025-12-04 00:15:00;0.0
2025-12-04 00:30:00;0.0
2025-12-04 00:45:00;0.0
2025-12-04 01:00:00;0.0
2025-12-04 01:15:00;0.0
2025-12-04 01:30:00;0.0
2025-12-04 01:45:00;0.0
2025-12-04 02:00:00;0.0
2025-12-04 02:15:00;0.0
2025-12-04 02:30:00;0.0
2025-12-04 02:45:00;0.0
2025-12-04 03:00:00;0.0
2025-12-04 03:15:00;0.0
2025-12-04 03:30:00;0.0
2025-12-04 03:45:00;0.0
2025-12-04 04:00:00;0.0
2025-12-04 04:15:00;0.0
2025-12-04 04:30:00;0.0
2025-12-04 04:45:00;0.0
2025-12-04 05:00:00;0.0
2025-12-04 05:15:00;0.0
2025-12-04 05:30:00;0.0
2025-12-04 05:45:00;0.0
2025-12-04 06:00:00;0.0
2025-12-04 06:15:00;0.0
2025-12-04 06:30:00;0.0
2025-12-04 06:45:00;0.0
2025-12-04 07:00:00;0.0
2025-12-04 07:15:00;0.0
2025-12-04 07:30:00;0.0
2025-12-04 07:45:00;0.0
2025-12-04 08:00:00;0.0
2025-12-04 08:15:00;0.0
2025-12-04 08:30:00;0.0
2025-12-04 08:45:00;0.0
2025-12-04 09:00:00;0.8348
2025-12-04 09:15:00;1.7681999999999998
2025-12-04 09:30:00;2.757
2025-12-04 09:45:00;3.6779
2025-12-04 10:00:00;4.438599999999999
2025-12-04 10:15:00;4.4849
2025-12-04 10:30:00;5.2739
2025-12-04 10:45:00;5.9869
2025-12-04 11:00:00;8.1039
2025-12-04 11:15:00;8.144
2025-12-04 11:30:00;9.0389
2025-12-04 11:45:00;9.31
2025-12-04 12:00:00;8.2624
2025-12-04 12:15:00;9.133399999999998
2025-12-04 12:30:00;9.3157
2025-12-04 12:45:00;8.9129
2025-12-04 13:00:00;8.6918
2025-12-04 13:15:00;9.0283
2025-12-04 13:30:00;8.7985
2025-12-04 13:45:00;8.8921
2025-12-04 14:00:00;6.925000000000001
2025-12-04 14:15:00;5.9876000000000005
2025-12-04 14:30:00;5.1827
2025-12-04 14:45:00;4.7203
2025-12-04 15:00:00;4.662800000000001
2025-12-04 15:15:00;3.5664999999999996
2025-12-04 15:30:00;2.6487
2025-12-04 15:45:00;1.9502
2025-12-04 16:00:00;0.9496000000000002
2025-12-04 16:15:00;0.0
2025-12-04 16:30:00;0.0
2025-12-04 16:45:00;0.0
2025-12-04 17:00:00;0.0
2025-12-04 17:15:00;0.0
2025-12-04 17:30:00;0.0
2025-12-04 17:45:00;0.0
2025-12-04 18:00:00;0.0
2025-12-04 18:15:00;0.0
2025-12-04 18:30:00;0.0
2025-12-04 18:45:00;0.0
2025-12-04 19:00:00;0.0
2025-12-04 19:15:00;0.0
2025-12-04 19:30:00;0.0
2025-12-04 19:45:00;0.0
2025-12-04 20:00:00;0.0
2025-12-04 20:15:00;0.0
2025-12-04 20:30:00;0.0
2025-12-04 20:45:00;0.0
2025-12-04 21:00:00;0.0
2025-12-04 21:15:00;0.0
2025-12-04 21:30:00;0.0
2025-12-04 21:45:00;0.0
2025-12-04 22:00:00;0.0
2025-12-04 22:15:00;0.0
2025-12-04 22:30:00;0.0
2025-12-04 22:45:00;0.0
2025-12-04 23:00:00;0.0
2025-12-04 23:15:00;0.0
2025-12-04 23:30:00;0.0
2025-12-04 23:45:00;0.0
2025-12-05 00:00:00;0.0
2025-12-05 00:15:00;0.0
2025-12-05 00:30:00;0.0
2025-12-05 00:45:00;0.0
2025-12-05 01:00:00;0.0
2025-12-05 01:15:00;0.0
2025-12-05 01:30:00;0.0
2025-12-05 01:45:00;0.0
2025-12-05 02:00:00;0.0
2025-12-05 02:15:00;0.0
2025-12-05 02:30:00;0.0
2025-12-05 02:45:00;0.0
2025-12-05 03:00:00;0.0
2025-12-05 03:15:00;0.0
2025-12-05 03:30:00;0.0
2025-12-05 03:45:00;0.0
2025-12-05 04:00:00;0.0
2025-12-05 04:15:00;0.0
2025-12-05 04:30:00;0.0
2025-12-05 04:45:00;0.0
2025-12-05 05:00:00;0.0
2025-12-05 05:15:00;0.0
2025-12-05 05:30:00;0.0
2025-12-05 05:45:00;0.0
2025-12-05 06:00:00;0.0
2025-12-05 06:15:00;0.0
2025-12-05 06:30:00;0.0
2025-12-05 06:45:00;0.0
2025-12-05 07:00:00;0.0
2025-12-05 07:15:00;0.0
2025-12-05 07:30:00;0.0
2025-12-05 07:45:00;0.0
2025-12-05 08:00:00;0.0
2025-12-05 08:15:00;0.0
2025-12-05 08:30:00;0.0
2025-12-05 08:45:00;0.0
2025-12-05 09:00:00;0.0
2025-12-05 09:15:00;0.0
2025-12-05 09:30:00;0.04620000000000002
2025-12-05 09:45:00;0.3508
2025-12-05 10:00:00;1.4695000000000003
2025-12-05 10:15:00;1.8819
2025-12-05 10:30:00;2.1988
2025-12-05 10:45:00;2.6525
2025-12-05 11:00:00;4.3386
2025-12-05 11:15:00;4.7217
2025-12-05 11:30:00;4.7463
2025-12-05 11:45:00;5.3398
2025-12-05 12:00:00;3.1700999999999997
2025-12-05 12:15:00;3.5465999999999998
2025-12-05 12:30:00;3.3608
2025-12-05 12:45:00;3.2227000000000006
2025-12-05 13:00:00;5.1048
2025-12-05 13:15:00;4.5057
2025-12-05 13:30:00;4.7238
2025-12-05 13:45:00;4.4122
2025-12-05 14:00:00;4.4558
2025-12-05 14:15:00;4.1889
2025-12-05 14:30:00;3.6616000000000004
2025-12-05 14:45:00;3.0381
2025-12-05 15:00:00;2.6304999999999996
2025-12-05 15:15:00;2.0246
2025-12-05 15:30:00;1.5757
2025-12-05 15:45:00;0.7550000000000001
2025-12-05 16:00:00;0.09830000000000005
2025-12-05 16:15:00;0.0
2025-12-05 16:30:00;0.0
2025-12-05 16:45:00;0.0
2025-12-05 17:00:00;0.0
2025-12-05 17:15:00;0.0
2025-12-05 17:30:00;0.0
2025-12-05 17:45:00;0.0
2025-12-05 18:00:00;0.0
2025-12-05 18:15:00;0.0
2025-12-05 18:30:00;0.0
2025-12-05 18:45:00;0.0
2025-12-05 19:00:00;0.0
2025-12-05 19:15:00;0.0
2025-12-05 19:30:00;0.0
2025-12-05 19:45:00;0.0
2025-12-05 20:00:00;0.0
2025-12-05 20:15:00;0.0
2025-12-05 20:30:00;0.0
2025-12-05 20:45:00;0.0
2025-12-05 21:00:00;0.0
2025-12-05 21:15:00;0.0
2025-12-05 21:30:00;0.0
2025-12-05 21:45:00;0.0
2025-12-05 22:00:00;0.0
2025-12-05 22:15:00;0.0
2025-12-05 22:30:00;0.0
2025-12-05 22:45:00;0.0
2025-12-05 23:00:00;0.0
2025-12-05 23:15:00;0.0
2025-12-05 23:30:00;0.0
2025-12-05 23:45:00;0.0
2025-12-06 00:00:00;0.0
2025-12-06 00:15:00;0.0
2025-12-06 00:30:00;0.0
2025-12-06 00:45:00;0.0
2025-12-06 01:00:00;0.0
2025-12-06 01:15:00;0.0
2025-12-06 01:30:00;0.0
2025-12-06 01:45:00;0.0
2025-12-06 02:00:00;0.0
2025-12-06 02:15:00;0.0
2025-12-06 02:30:00;0.0
2025-12-06 02:45:00;0.0
2025-12-06 03:00:00;0.0
2025-12-06 03:15:00;0.0
2025-12-06 03:30:00;0.0
2025-12-06 03:45:00;0.0
2025-12-06 04:00:00;0.0
2025-12-06 04:15:00;0.0
2025-12-06 04:30:00;0.0
2025-12-06 04:45:00;0.0
2025-12-06 05:00:00;0.0
2025-12-06 05:15:00;0.0
2025-12-06 05:30:00;0.0
2025-12-06 05:45:00;0.0
2025-12-06 06:00:00;0.0
2025-12-06 06:15:00;0.0
2025-12-06 06:30:00;0.0
2025-12-06 06:45:00;0.0
2025-12-06 07:00:00;0.0
2025-12-06 07:15:00;0.0
2025-12-06 07:30:00;0.0
2025-12-06 07:45:00;0.0
2025-12-06 08:00:00;0.0
2025-12-06 08:15:00;0.0
2025-12-06 08:30:00;0.0
2025-12-06 08:45:00;0.0
2025-12-06 09:00:00;0.0
2025-12-06 09:15:00;0.0
2025-12-06 09:30:00;0.0
2025-12-06 09:45:00;0.0
2025-12-06 10:00:00;0.0
2025-12-06 10:15:00;0.0
2025-12-06 10:30:00;0.0
2025-12-06 10:45:00;0.0
2025-12-06 11:00:00;0.0
2025-12-06 11:15:00;0.0
2025-12-06 11:30:00;0.0
2025-12-06 11:45:00;0.0
2025-12-06 12:00:00;0.0
2025-12-06 12:15:00;0.0
2025-12-06 12:30:00;0.0
2025-12-06 12:45:00;0.0
2025-12-06 13:00:00;0.03770000000000007
2025-12-06 13:15:00;0.0
2025-12-06 13:30:00;0.0
2025-12-06 13:45:00;0.0
2025-12-06 14:00:00;0.0
2025-12-06 14:15:00;0.0
2025-12-06 14:30:00;0.0
2025-12-06 14:45:00;0.0
2025-12-06 15:00:00;0.0
2025-12-06 15:15:00;0.0
2025-12-06 15:30:00;0.0
2025-12-06 15:45:00;0.0
2025-12-06 16:00:00;0.0
2025-12-06 16:15:00;0.0
2025-12-06 16:30:00;0.0
2025-12-06 16:45:00;0.0
2025-12-06 17:00:00;0.0
2025-12-06 17:15:00;0.0
2025-12-06 17:30:00;0.0
2025-12-06 17:45:00;0.0
2025-12-06 18:00:00;0.0
2025-12-06 18:15:00;0.0
2025-12-06 18:30:00;0.0
2025-12-06 18:45:00;0.0
2025-12-06 19:00:00;0.0
2025-12-06 19:15:00;0.0
2025-12-06 19:30:00;0.0
2025-12-06 19:45:00;0.0
2025-12-06 20:00:00;0.0
2025-12-06 20:15:00;0.0
2025-12-06 20:30:00;0.0
2025-12-06 20:45:00;0.0
2025-12-06 21:00:00;0.0
2025-12-06 21:15:00;0.0
2025-12-06 21:30:00;0.0
2025-12-06 21:45:00;0.0
2025-12-06 22:00:00;0.0
2025-12-06 22:15:00;0.0
2025-12-06 22:30:00;0.0
2025-12-06 22:45:00;0.0
2025-12-06 23:00:00;0.0
2025-12-06 23:15:00;0.0
2025-12-06 23:30:00;0.0
2025-12-06 23:45:00;0.0
2025-12-07 00:00:00;0.0
2025-12-07 00:15:00;0.0
2025-12-07 00:30:00;0.0
2025-12-07 00:45:00;0.0
2025-12-07 01:00:00;0.0
2025-12-07 01:15:00;0.0
2025-12-07 01:30:00;0.0
2025-12-07 01:45:00;0.0
2025-12-07 02:00:00;0.0
2025-12-07 02:15:00;0.0
2025-12-07 02:30:00;0.0
2025-12-07 02:45:00;0.0
2025-12-07 03:00:00;0.0
2025-12-07 03:15:00;0.0
2025-12-07 03:30:00;0.0
2025-12-07 03:45:00;0.0
2025-12-07 04:00:00;0.0
2025-12-07 04:15:00;0.0
2025-12-07 04:30:00;0.0
2025-12-07 04:45:00;0.0
2025-12-07 05:00:00;0.0
2025-12-07 05:15:00;0.0
2025-12-07 05:30:00;0.0
2025-12-07 05:45:00;0.0
2025-12-07 06:00:00;0.0
2025-12-07 06:15:00;0.0
2025-12-07 06:30:00;0.0
2025-12-07 06:45:00;0.0
2025-12-07 07:00:00;0.0
2025-12-07 07:15:00;0.0
2025-12-07 07:30:00;0.0
2025-12-07 07:45:00;0.0
2025-12-07 08:00:00;0.0
2025-12-07 08:15:00;0.0
2025-12-07 08:30:00;0.0
2025-12-07 08:45:00;0.0
2025-12-07 09:00:00;0.0
2025-12-07 09:15:00;0.0
2025-12-07 09:30:00;0.0
2025-12-07 09:45:00;0.0
2025-12-07 10:00:00;0.0
2025-12-07 10:15:00;0.0
2025-12-07 10:30:00;0.0
2025-12-07 10:45:00;0.0
2025-12-07 11:00:00;0.10510000000000008
2025-12-07 11:15:00;0.16659999999999997
2025-12-07 11:30:00;0.1734
2025-12-07 11:45:00;0.24339999999999995
2025-12-07 12:00:00;0.23880000000000012
2025-12-07 12:15:00;0.17940000000000011
2025-12-07 12:30:00;0.29600000000000004
2025-12-07 12:45:00;0.25770000000000004
2025-12-07 13:00:00;0.11829999999999996
2025-12-07 13:15:00;0.05989999999999995
2025-12-07 13:30:00;0.0938
2025-12-07 13:45:00;0.06920000000000004
2025-12-07 14:00:00;0.0
2025-12-07 14:15:00;0.0
2025-12-07 14:30:00;0.0
2025-12-07 14:45:00;0.0
2025-12-07 15:00:00;0.0
2025-12-07 15:15:00;0.0
2025-12-07 15:30:00;0.0
2025-12-07 15:45:00;0.0
2025-12-07 16:00:00;0.0
2025-12-07 16:15:00;0.0
2025-12-07 16:30:00;0.0
2025-12-07 16:45:00;0.0
2025-12-07 17:00:00;0.0
2025-12-07 17:15:00;0.0
2025-12-07 17:30:00;0.0
2025-12-07 17:45:00;0.0
2025-12-07 18:00:00;0.0
2025-12-07 18:15:00;0.0
2025-12-07 18:30:00;0.0
2025-12-07 18:45:00;0.0
2025-12-07 19:00:00;0.0
2025-12-07 19:15:00;0.0
2025-12-07 19:30:00;0.0
2025-12-07 19:45:00;0.0
2025-12-07 20:00:00;0.0
2025-12-07 20:15:00;0.0
2025-12-07 20:30:00;0.0
2025-12-07 20:45:00;0.0
2025-12-07 21:00:00;0.0
2025-12-07 21:15:00;0.0
2025-12-07 21:30:00;0.0
2025-12-07 21:45:00;0.0
2025-12-07 22:00:00;0.0
2025-12-07 22:15:00;0.0
2025-12-07 22:30:00;0.0
2025-12-07 22:45:00;0.0
2025-12-07 23:00:00;0.0
2025-12-07 23:15:00;0.0
2025-12-07 23:30:00;0.0
2025-12-07 23:45:00;0.0
2025-12-08 00:00:00;0.0
2025-12-08 00:15:00;0.0
2025-12-08 00:30:00;0.0
2025-12-08 00:45:00;0.0
2025-12-08 01:00:00;0.0
2025-12-08 01:15:00;0.0
2025-12-08 01:30:00;0.0
2025-12-08 01:45:00;0.0
2025-12-08 02:00:00;0.0
2025-12-08 02:15:00;0.0
2025-12-08 02:30:00;0.0
2025-12-08 02:45:00;0.0
2025-12-08 03:00:00;0.0
2025-12-08 03:15:00;0.0
2025-12-08 03:30:00;0.0
2025-12-08 03:45:00;0.0
2025-12-08 04:00:00;0.0
2025-12-08 04:15:00;0.0
2025-12-08 04:30:00;0.0
2025-12-08 04:45:00;0.0
2025-12-08 05:00:00;0.0
2025-12-08 05:15:00;0.0
2025-12-08 05:30:00;0.0
2025-12-08 05:45:00;0.0
2025-12-08 06:00:00;0.0
2025-12-08 06:15:00;0.0
2025-12-08 06:30:00;0.0
2025-12-08 06:45:00;0.0
2025-12-08 07:00:00;0.0
2025-12-08 07:15:00;0.0
2025-12-08 07:30:00;0.0
2025-12-08 07:45:00;0.0
2025-12-08 08:00:00;0.0
2025-12-08 08:15:00;0.0
2025-12-08 08:30:00;0.0
2025-12-08 08:45:00;0.0
2025-12-08 09:00:00;0.0
2025-12-08 09:15:00;0.0
2025-12-08 09:30:00;0.0
2025-12-08 09:45:00;0.0
2025-12-08 10:00:00;0.3286
2025-12-08 10:15:00;0.5066999999999999
2025-12-08 10:30:00;0.7239
2025-12-08 10:45:00;1.0074
2025-12-08 11:00:00;1.0155999999999998
2025-12-08 11:15:00;1.1496
2025-12-08 11:30:00;1.1606
2025-12-08 11:45:00;1.4151
2025-12-08 12:00:00;1.4259
2025-12-08 12:15:00;1.4962
2025-12-08 12:30:00;1.5023
2025-12-08 12:45:00;1.3334000000000001
2025-12-08 13:00:00;1.3425999999999998
2025-12-08 13:15:00;1.2976
2025-12-08 13:30:00;1.3171999999999997
2025-12-08 13:45:00;1.1196000000000002
2025-12-08 14:00:00;1.4599999999999997
2025-12-08 14:15:00;1.2092
2025-12-08 14:30:00;1.0458
2025-12-08 14:45:00;0.8026
2025-12-08 15:00:00;0.29180000000000006
2025-12-08 15:15:00;0.08040000000000003
2025-12-08 15:30:00;0.0
2025-12-08 15:45:00;0.0
2025-12-08 16:00:00;0.0
2025-12-08 16:15:00;0.0
2025-12-08 16:30:00;0.0
2025-12-08 16:45:00;0.0
2025-12-08 17:00:00;0.0
2025-12-08 17:15:00;0.0
2025-12-08 17:30:00;0.0
2025-12-08 17:45:00;0.0
2025-12-08 18:00:00;0.0
2025-12-08 18:15:00;0.0
2025-12-08 18:30:00;0.0
2025-12-08 18:45:00;0.0
2025-12-08 19:00:00;0.0
2025-12-08 19:15:00;0.0
2025-12-08 19:30:00;0.0
2025-12-08 19:45:00;0.0
2025-12-08 20:00:00;0.0
2025-12-08 20:15:00;0.0
2025-12-08 20:30:00;0.0
2025-12-08 20:45:00;0.0
2025-12-08 21:00:00;0.0
2025-12-08 21:15:00;0.0
2025-12-08 21:30:00;0.0
2025-12-08 21:45:00;0.0
2025-12-08 22:00:00;0.0
2025-12-08 22:15:00;0.0
2025-12-08 22:30:00;0.0
2025-12-08 22:45:00;0.0
2025-12-08 23:00:00;0.0
2025-12-08 23:15:00;0.0
2025-12-08 23:30:00;0.0
2025-12-08 23:45:00;0.0
2025-12-09 00:00:00;0.0
2025-12-09 00:15:00;0.0
2025-12-09 00:30:00;0.0
2025-12-09 00:45:00;0.0
2025-12-09 01:00:00;0.0
2025-12-09 01:15:00;0.0
2025-12-09 01:30:00;0.0
2025-12-09 01:45:00;0.0
2025-12-09 02:00:00;0.0
2025-12-09 02:15:00;0.0
2025-12-09 02:30:00;0.0
2025-12-09 02:45:00;0.0
2025-12-09 03:00:00;0.0
2025-12-09 03:15:00;0.0
2025-12-09 03:30:00;0.0
2025-12-09 03:45:00;0.0
2025-12-09 04:00:00;0.0
2025-12-09 04:15:00;0.0
2025-12-09 04:30:00;0.0
2025-12-09 04:45:00;0.0
2025-12-09 05:00:00;0.0
2025-12-09 05:15:00;0.0
2025-12-09 05:30:00;0.0
2025-12-09 05:45:00;0.0
2025-12-09 06:00:00;0.0
2025-12-09 06:15:00;0.0
2025-12-09 06:30:00;0.0
2025-12-09 06:45:00;0.0
2025-12-09 07:00:00;0.0
2025-12-09 07:15:00;0.0
2025-12-09 07:30:00;0.0
2025-12-09 07:45:00;0.0
2025-12-09 08:00:00;0.0
2025-12-09 08:15:00;0.0
2025-12-09 08:30:00;0.0
2025-12-09 08:45:00;0.0
2025-12-09 09:00:00;0.0
2025-12-09 09:15:00;0.0
2025-12-09 09:30:00;0.09210000000000007
2025-12-09 09:45:00;0.2441000000000001
2025-12-09 10:00:00;0.6085999999999999
2025-12-09 10:15:00;0.8091
2025-12-09 10:30:00;1.0084
2025-12-09 10:45:00;1.0826
2025-12-09 11:00:00;1.2026000000000001
2025-12-09 11:15:00;1.4155999999999997
2025-12-09 11:30:00;1.4019
2025-12-09 11:45:00;1.6413000000000002
2025-12-09 12:00:00;0.9723999999999999
2025-12-09 12:15:00;1.1921
2025-12-09 12:30:00;1.097
2025-12-09 12:45:00;1.1061
2025-12-09 13:00:00;1.7572
2025-12-09 13:15:00;1.7115
2025-12-09 13:30:00;1.5730000000000002
2025-12-09 13:45:00;1.3977000000000002
2025-12-09 14:00:00;1.4076999999999997
2025-12-09 14:15:00;1.2547000000000001
2025-12-09 14:30:00;1.0168
2025-12-09 14:45:00;0.7581999999999999
2025-12-09 15:00:00;0.3396
2025-12-09 15:15:00;0.17109999999999992
2025-12-09 15:30:00;0.0
2025-12-09 15:45:00;0.0
2025-12-09 16:00:00;0.0
2025-12-09 16:15:00;0.0
2025-12-09 16:30:00;0.0
2025-12-09 16:45:00;0.0
2025-12-09 17:00:00;0.0
2025-12-09 17:15:00;0.0
2025-12-09 17:30:00;0.0
2025-12-09 17:45:00;0.0
2025-12-09 18:00:00;0.0
2025-12-09 18:15:00;0.0
2025-12-09 18:30:00;0.0
2025-12-09 18:45:00;0.0
2025-12-09 19:00:00;0.0
2025-12-09 19:15:00;0.0
2025-12-09 19:30:00;0.0
2025-12-09 19:45:00;0.0
2025-12-09 20:00:00;0.0
2025-12-09 20:15:00;0.0
2025-12-09 20:30:00;0.0
2025-12-09 20:45:00;0.0
2025-12-09 21:00:00;0.0
2025-12-09 21:15:00;0.0
2025-12-09 21:30:00;0.0
2025-12-09 21:45:00;0.0
2025-12-09 22:00:00;0.0
2025-12-09 22:15:00;0.0
2025-12-09 22:30:00;0.0
2025-12-09 22:45:00;0.0
2025-12-09 23:00:00;0.0
2025-12-09 23:15:00;0.0
2025-12-09 23:30:00;0.0
2025-12-09 23:45:00;0.0
2025-12-10 00:00:00;0.0
2025-12-10 00:15:00;0.0
2025-12-10 00:30:00;0.0
2025-12-10 00:45:00;0.0
2025-12-10 01:00:00;0.0
2025-12-10 01:15:00;0.0
2025-12-10 01:30:00;0.0
2025-12-10 01:45:00;0.0
2025-12-10 02:00:00;0.0
2025-12-10 02:15:00;0.0
2025-12-10 02:30:00;0.0
2025-12-10 02:45:00;0.0
2025-12-10 03:00:00;0.0
2025-12-10 03:15:00;0.0
2025-12-10 03:30:00;0.0
2025-12-10 03:45:00;0.0
2025-12-10 04:00:00;0.0
2025-12-10 04:15:00;0.0
2025-12-10 04:30:00;0.0
2025-12-10 04:45:00;0.0
2025-12-10 05:00:00;0.0
2025-12-10 05:15:00;0.0
2025-12-10 05:30:00;0.0
2025-12-10 05:45:00;0.0
2025-12-10 06:00:00;0.0
2025-12-10 06:15:00;0.0
2025-12-10 06:30:00;0.0
2025-12-10 06:45:00;0.0
2025-12-10 07:00:00;0.0
2025-12-10 07:15:00;0.0
2025-12-10 07:30:00;0.0
2025-12-10 07:45:00;0.0
2025-12-10 08:00:00;0.0
2025-12-10 08:15:00;0.0
2025-12-10 08:30:00;0.0
2025-12-10 08:45:00;0.0
2025-12-10 09:00:00;1.1360000000000001
2025-12-10 09:15:00;2.2295999999999996
2025-12-10 09:30:00;3.1484999999999994
2025-12-10 09:45:00;3.9015
2025-12-10 10:00:00;4.703
2025-12-10 10:15:00;5.2135
2025-12-10 10:30:00;6.1311
2025-12-10 10:45:00;6.7581
2025-12-10 11:00:00;6.7029000000000005
2025-12-10 11:15:00;7.172700000000001
2025-12-10 11:30:00;7.4483
2025-12-10 11:45:00;7.8866
2025-12-10 12:00:00;7.2237
2025-12-10 12:15:00;6.9078
2025-12-10 12:30:00;6.9916
2025-12-10 12:45:00;7.3218
2025-12-10 13:00:00;8.8054
2025-12-10 13:15:00;9.0404
2025-12-10 13:30:00;8.1494
2025-12-10 13:45:00;8.2182
2025-12-10 14:00:00;8.3875
2025-12-10 14:15:00;7.663
2025-12-10 14:30:00;6.6579
2025-12-10 14:45:00;5.6187
2025-12-10 15:00:00;4.2928
2025-12-10 15:15:00;3.4638
2025-12-10 15:30:00;2.5996
2025-12-10 15:45:00;1.8959
2025-12-10 16:00:00;0.8098000000000001
2025-12-10 16:15:00;0.0
2025-12-10 16:30:00;0.0
2025-12-10 16:45:00;0.0
2025-12-10 17:00:00;0.0
2025-12-10 17:15:00;0.0
2025-12-10 17:30:00;0.0
2025-12-10 17:45:00;0.0
2025-12-10 18:00:00;0.0
2025-12-10 18:15:00;0.0
2025-12-10 18:30:00;0.0
2025-12-10 18:45:00;0.0
2025-12-10 19:00:00;0.0
2025-12-10 19:15:00;0.0
2025-12-10 19:30:00;0.0
2025-12-10 19:45:00;0.0
2025-12-10 20:00:00;0.0
2025-12-10 20:15:00;0.0
2025-12-10 20:30:00;0.0
2025-12-10 20:45:00;0.0
2025-12-10 21:00:00;0.0
2025-12-10 21:15:00;0.0
2025-12-10 21:30:00;0.0
2025-12-10 21:45:00;0.0
2025-12-10 22:00:00;0.0
2025-12-10 22:15:00;0.0
2025-12-10 22:30:00;0.0
2025-12-10 22:45:00;0.0
2025-12-10 23:00:00;0.0
2025-12-10 23:15:00;0.0
2025-12-10 23:30:00;0.0
2025-12-10 23:45:00;0.0
2025-12-11 00:00:00;0.0
2025-12-11 00:15:00;0.0
2025-12-11 00:30:00;0.0
2025-12-11 00:45:00;0.0
2025-12-11 01:00:00;0.0
2025-12-11 01:15:00;0.0
2025-12-11 01:30:00;0.0
2025-12-11 01:45:00;0.0
2025-12-11 02:00:00;0.0
2025-12-11 02:15:00;0.0
2025-12-11 02:30:00;0.0
2025-12-11 02:45:00;0.0
2025-12-11 03:00:00;0.0
2025-12-11 03:15:00;0.0
2025-12-11 03:30:00;0.0
2025-12-11 03:45:00;0.0
2025-12-11 04:00:00;0.0
2025-12-11 04:15:00;0.0
2025-12-11 04:30:00;0.0
2025-12-11 04:45:00;0.0
2025-12-11 05:00:00;0.0
2025-12-11 05:15:00;0.0
2025-12-11 05:30:00;0.0
2025-12-11 05:45:00;0.0
2025-12-11 06:00:00;0.0
2025-12-11 06:15:00;0.0
2025-12-11 06:30:00;0.0
2025-12-11 06:45:00;0.0
2025-12-11 07:00:00;0.0
2025-12-11 07:15:00;0.0
2025-12-11 07:30:00;0.0
2025-12-11 07:45:00;0.0
2025-12-11 08:00:00;0.0
2025-12-11 08:15:00;0.0
2025-12-11 08:30:00;0.0
2025-12-11 08:45:00;0.0
2025-12-11 09:00:00;0.0
2025-12-11 09:15:00;0.0
2025-12-11 09:30:00;0.0
2025-12-11 09:45:00;0.2599
2025-12-11 10:00:00;0.20490000000000008
2025-12-11 10:15:00;0.3940999999999999
2025-12-11 10:30:00;0.5068000000000001
2025-12-11 10:45:00;0.6839999999999999
2025-12-11 11:00:00;0.9367
2025-12-11 11:15:00;1.1093
2025-12-11 11:30:00;1.2247999999999999
2025-12-11 11:45:00;1.3641
2025-12-11 12:00:00;1.3862
2025-12-11 12:15:00;1.4097000000000002
2025-12-11 12:30:00;1.5621000000000003
2025-12-11 12:45:00;1.5099000000000002
2025-12-11 13:00:00;1.5950000000000002
2025-12-11 13:15:00;1.4389
2025-12-11 13:30:00;1.4092999999999998
2025-12-11 13:45:00;1.2328999999999999
2025-12-11 14:00:00;1.2743000000000002
2025-12-11 14:15:00;1.0477999999999998
2025-12-11 14:30:00;0.9009999999999999
2025-12-11 14:45:00;0.7276
2025-12-11 15:00:00;0.5761000000000001
2025-12-11 15:15:00;0.40070000000000006
2025-12-11 15:30:00;0.09870000000000001
2025-12-11 15:45:00;0.0
2025-12-11 16:00:00;0.0
2025-12-11 16:15:00;0.0
2025-12-11 16:30:00;0.0
2025-12-11 16:45:00;0.0
2025-12-11 17:00:00;0.0
2025-12-11 17:15:00;0.0
2025-12-11 17:30:00;0.0
2025-12-11 17:45:00;0.0
2025-12-11 18:00:00;0.0
2025-12-11 18:15:00;0.0
2025-12-11 18:30:00;0.0
2025-12-11 18:45:00;0.0
2025-12-11 19:00:00;0.0
2025-12-11 19:15:00;0.0
2025-12-11 19:30:00;0.0
2025-12-11 19:45:00;0.0
2025-12-11 20:00:00;0.0
2025-12-11 20:15:00;0.0
2025-12-11 20:30:00;0.0
2025-12-11 20:45:00;0.0
2025-12-11 21:00:00;0.0
2025-12-11 21:15:00;0.0
2025-12-11 21:30:00;0.0
2025-12-11 21:45:00;0.0
2025-12-11 22:00:00;0.0
2025-12-11 22:15:00;0.0
2025-12-11 22:30:00;0.0
2025-12-11 22:45:00;0.0
2025-12-11 23:00:00;0.0
2025-12-11 23:15:00;0.0
2025-12-11 23:30:00;0.0
2025-12-11 23:45:00;0.0
2025-12-12 00:00:00;0.0
2025-12-12 00:15:00;0.0
2025-12-12 00:30:00;0.0
2025-12-12 00:45:00;0.0
2025-12-12 01:00:00;0.0
2025-12-12 01:15:00;0.0
2025-12-12 01:30:00;0.0
2025-12-12 01:45:00;0.0
2025-12-12 02:00:00;0.0
2025-12-12 02:15:00;0.0
2025-12-12 02:30:00;0.0
2025-12-12 02:45:00;0.0
2025-12-12 03:00:00;0.0
2025-12-12 03:15:00;0.0
2025-12-12 03:30:00;0.0
2025-12-12 03:45:00;0.0
2025-12-12 04:00:00;0.0
2025-12-12 04:15:00;0.0
2025-12-12 04:30:00;0.0
2025-12-12 04:45:00;0.0
2025-12-12 05:00:00;0.0
2025-12-12 05:15:00;0.0
2025-12-12 05:30:00;0.0
2025-12-12 05:45:00;0.0
2025-12-12 06:00:00;0.0
2025-12-12 06:15:00;0.0
2025-12-12 06:30:00;0.0
2025-12-12 06:45:00;0.0
2025-12-12 07:00:00;0.0
2025-12-12 07:15:00;0.0
2025-12-12 07:30:00;0.0
2025-12-12 07:45:00;0.0
2025-12-12 08:00:00;0.0
2025-12-12 08:15:00;0.0
2025-12-12 08:30:00;0.0
2025-12-12 08:45:00;0.0
2025-12-12 09:00:00;0.0
2025-12-12 09:15:00;0.0
2025-12-12 09:30:00;0.0
2025-12-12 09:45:00;0.0
2025-12-12 10:00:00;0.0
2025-12-12 10:15:00;0.0
2025-12-12 10:30:00;0.0
2025-12-12 10:45:00;0.0
2025-12-12 11:00:00;0.0
2025-12-12 11:15:00;0.0
2025-12-12 11:30:00;0.0
2025-12-12 11:45:00;0.0
2025-12-12 12:00:00;0.0
2025-12-12 12:15:00;0.0
2025-12-12 12:30:00;0.0
2025-12-12 12:45:00;0.0
2025-12-12 13:00:00;0.0534
2025-12-12 13:15:00;0.08490000000000009
2025-12-12 13:30:00;0.0
2025-12-12 13:45:00;0.0
2025-12-12 14:00:00;0.0
2025-12-12 14:15:00;0.0
2025-12-12 14:30:00;0.0
2025-12-12 14:45:00;0.0
2025-12-12 15:00:00;0.0
2025-12-12 15:15:00;0.0
2025-12-12 15:30:00;0.0
2025-12-12 15:45:00;0.0
2025-12-12 16:00:00;0.0
2025-12-12 16:15:00;0.0
2025-12-12 16:30:00;0.0
2025-12-12 16:45:00;0.0
2025-12-12 17:00:00;0.0
2025-12-12 17:15:00;0.0
2025-12-12 17:30:00;0.0
2025-12-12 17:45:00;0.0
2025-12-12 18:00:00;0.0
2025-12-12 18:15:00;0.0
2025-12-12 18:30:00;0.0
2025-12-12 18:45:00;0.0
2025-12-12 19:00:00;0.0
2025-12-12 19:15:00;0.0
2025-12-12 19:30:00;0.0
2025-12-12 19:45:00;0.0
2025-12-12 20:00:00;0.0
2025-12-12 20:15:00;0.0
2025-12-12 20:30:00;0.0
2025-12-12 20:45:00;0.0
2025-12-12 21:00:00;0.0
2025-12-12 21:15:00;0.0
2025-12-12 21:30:00;0.0
2025-12-12 21:45:00;0.0
2025-12-12 22:00:00;0.0
2025-12-12 22:15:00;0.0
2025-12-12 22:30:00;0.0
2025-12-12 22:45:00;0.0
2025-12-12 23:00:00;0.0
2025-12-12 23:15:00;0.0
2025-12-12 23:30:00;0.0
2025-12-12 23:45:00;0.0
2025-12-13 00:00:00;0.0
2025-12-13 00:15:00;0.0
2025-12-13 00:30:00;0.0
2025-12-13 00:45:00;0.0
2025-12-13 01:00:00;0.0
2025-12-13 01:15:00;0.0
2025-12-13 01:30:00;0.0
2025-12-13 01:45:00;0.0
2025-12-13 02:00:00;0.0
2025-12-13 02:15:00;0.0
2025-12-13 02:30:00;0.0
2025-12-13 02:45:00;0.0
2025-12-13 03:00:00;0.0
2025-12-13 03:15:00;0.0
2025-12-13 03:30:00;0.0
2025-12-13 03:45:00;0.0
2025-12-13 04:00:00;0.0
2025-12-13 04:15:00;0.0
2025-12-13 04:30:00;0.0
2025-12-13 04:45:00;0.0
2025-12-13 05:00:00;0.0
2025-12-13 05:15:00;0.0
2025-12-13 05:30:00;0.0
2025-12-13 05:45:00;0.0
2025-12-13 06:00:00;0.0
2025-12-13 06:15:00;0.0
2025-12-13 06:30:00;0.0
2025-12-13 06:45:00;0.0
2025-12-13 07:00:00;0.0
2025-12-13 07:15:00;0.0
2025-12-13 07:30:00;0.0
2025-12-13 07:45:00;0.0
2025-12-13 08:00:00;0.0
2025-12-13 08:15:00;0.0
2025-12-13 08:30:00;0.0
2025-12-13 08:45:00;0.0
2025-12-13 09:00:00;0.0
2025-12-13 09:15:00;0.0
2025-12-13 09:30:00;0.0
2025-12-13 09:45:00;0.0
2025-12-13 10:00:00;0.0
2025-12-13 10:15:00;0.0
2025-12-13 10:30:00;0.0
2025-12-13 10:45:00;0.0
2025-12-13 11:00:00;0.0
2025-12-13 11:15:00;0.0
2025-12-13 11:30:00;0.0
2025-12-13 11:45:00;0.0032999999999999696
2025-12-13 12:00:00;0.018899999999999917
2025-12-13 12:15:00;0.14829999999999988
2025-12-13 12:30:00;0.20009999999999994
2025-12-13 12:45:00;0.14190000000000014
2025-12-13 13:00:00;0.125
2025-12-13 13:15:00;0.031100000000000017
2025-12-13 13:30:00;0.019299999999999984
2025-12-13 13:45:00;0.0
2025-12-13 14:00:00;0.0
2025-12-13 14:15:00;0.0
2025-12-13 14:30:00;0.0
2025-12-13 14:45:00;0.0
2025-12-13 15:00:00;0.0
2025-12-13 15:15:00;0.0
2025-12-13 15:30:00;0.0
2025-12-13 15:45:00;0.0
2025-12-13 16:00:00;0.0
2025-12-13 16:15:00;0.0
2025-12-13 16:30:00;0.0
2025-12-13 16:45:00;0.0
2025-12-13 17:00:00;0.0
2025-12-13 17:15:00;0.0
2025-12-13 17:30:00;0.0
2025-12-13 17:45:00;0.0
2025-12-13 18:00:00;0.0
2025-12-13 18:15:00;0.0
2025-12-13 18:30:00;0.0
2025-12-13 18:45:00;0.0
2025-12-13 19:00:00;0.0
2025-12-13 19:15:00;0.0
2025-12-13 19:30:00;0.0
2025-12-13 19:45:00;0.0
2025-12-13 20:00:00;0.0
2025-12-13 20:15:00;0.0
2025-12-13 20:30:00;0.0
2025-12-13 20:45:00;0.0
2025-12-13 21:00:00;0.0
2025-12-13 21:15:00;0.0
2025-12-13 21:30:00;0.0
2025-12-13 21:45:00;0.0
2025-12-13 22:00:00;0.0
2025-12-13 22:15:00;0.0
2025-12-13 22:30:00;0.0
2025-12-13 22:45:00;0.0
2025-12-13 23:00:00;0.0
2025-12-13 23:15:00;0.0
2025-12-13 23:30:00;0.0
2025-12-13 23:45:00;0.0
2025-12-14 00:00:00;0.0
2025-12-14 00:15:00;0.0
2025-12-14 00:30:00;0.0
2025-12-14 00:45:00;0.0
2025-12-14 01:00:00;0.0
2025-12-14 01:15:00;0.0
2025-12-14 01:30:00;0.0
2025-12-14 01:45:00;0.0
2025-12-14 02:00:00;0.0
2025-12-14 02:15:00;0.0
2025-12-14 02:30:00;0.0
2025-12-14 02:45:00;0.0
2025-12-14 03:00:00;0.0
2025-12-14 03:15:00;0.0
2025-12-14 03:30:00;0.0
2025-12-14 03:45:00;0.0
2025-12-14 04:00:00;0.0
2025-12-14 04:15:00;0.0
2025-12-14 04:30:00;0.0
2025-12-14 04:45:00;0.0
2025-12-14 05:00:00;0.0
2025-12-14 05:15:00;0.0
2025-12-14 05:30:00;0.0
2025-12-14 05:45:00;0.0
2025-12-14 06:00:00;0.0
2025-12-14 06:15:00;0.0
2025-12-14 06:30:00;0.0
2025-12-14 06:45:00;0.0
2025-12-14 07:00:00;0.0
2025-12-14 07:15:00;0.0
2025-12-14 07:30:00;0.0
2025-12-14 07:45:00;0.0
2025-12-14 08:00:00;0.0
2025-12-14 08:15:00;0.0
2025-12-14 08:30:00;0.0
2025-12-14 08:45:00;0.0
2025-12-14 09:00:00;0.0
2025-12-14 09:15:00;0.0
2025-12-14 09:30:00;0.0
2025-12-14 09:45:00;0.0
2025-12-14 10:00:00;0.0
2025-12-14 10:15:00;0.0
2025-12-14 10:30:00;0.0
2025-12-14 10:45:00;0.0
2025-12-14 11:00:00;0.0534
2025-12-14 11:15:00;0.0262
2025-12-14 11:30:00;0.03080000000000005
2025-12-14 11:45:00;0.14239999999999997
2025-12-14 12:00:00;0.0
2025-12-14 12:15:00;0.0
2025-12-14 12:30:00;0.0
2025-12-14 12:45:00;0.0
2025-12-14 13:00:00;0.0
2025-12-14 13:15:00;0.0038000000000000256
2025-12-14 13:30:00;0.04170000000000007
2025-12-14 13:45:00;0.0
2025-12-14 14:00:00;0.0
2025-12-14 14:15:00;0.0
2025-12-14 14:30:00;0.0
2025-12-14 14:45:00;0.0
2025-12-14 15:00:00;0.0
2025-12-14 15:15:00;0.0
2025-12-14 15:30:00;0.0
2025-12-14 15:45:00;0.0
2025-12-14 16:00:00;0.0
2025-12-14 16:15:00;0.0
2025-12-14 16:30:00;0.0
2025-12-14 16:45:00;0.0
2025-12-14 17:00:00;0.0
2025-12-14 17:15:00;0.0
2025-12-14 17:30:00;0.0
2025-12-14 17:45:00;0.0
2025-12-14 18:00:00;0.0
2025-12-14 18:15:00;0.0
2025-12-14 18:30:00;0.0
2025-12-14 18:45:00;0.0
2025-12-14 19:00:00;0.0
2025-12-14 19:15:00;0.0
2025-12-14 19:30:00;0.0
2025-12-14 19:45:00;0.0
2025-12-14 20:00:00;0.0
2025-12-14 20:15:00;0.0
2025-12-14 20:30:00;0.0
2025-12-14 20:45:00;0.0
2025-12-14 21:00:00;0.0
2025-12-14 21:15:00;0.0
2025-12-14 21:30:00;0.0
2025-12-14 21:45:00;0.0
2025-12-14 22:00:00;0.0
2025-12-14 22:15:00;0.0
2025-12-14 22:30:00;0.0
2025-12-14 22:45:00;0.0
2025-12-14 23:00:00;0.0
2025-12-14 23:15:00;0.0
2025-12-14 23:30:00;0.0
2025-12-14 23:45:00;0.0
2025-12-15 00:00:00;0.0
2025-12-15 00:15:00;0.0
2025-12-15 00:30:00;0.0
2025-12-15 00:45:00;0.0
2025-12-15 01:00:00;0.0
2025-12-15 01:15:00;0.0
2025-12-15 01:30:00;0.0
2025-12-15 01:45:00;0.0
2025-12-15 02:00:00;0.0
2025-12-15 02:15:00;0.0
2025-12-15 02:30:00;0.0
2025-12-15 02:45:00;0.0
2025-12-15 03:00:00;0.0
2025-12-15 03:15:00;0.0
2025-12-15 03:30:00;0.0
2025-12-15 03:45:00;0.0
2025-12-15 04:00:00;0.0
2025-12-15 04:15:00;0.0
2025-12-15 04:30:00;0.0
2025-12-15 04:45:00;0.0
2025-12-15 05:00:00;0.0
2025-12-15 05:15:00;0.0
2025-12-15 05:30:00;0.0
2025-12-15 05:45:00;0.0
2025-12-15 06:00:00;0.0
2025-12-15 06:15:00;0.0
2025-12-15 06:30:00;0.0
2025-12-15 06:45:00;0.0
2025-12-15 07:00:00;0.0
2025-12-15 07:15:00;0.0
2025-12-15 07:30:00;0.0
2025-12-15 07:45:00;0.0
2025-12-15 08:00:00;0.0
2025-12-15 08:15:00;0.0
2025-12-15 08:30:00;0.0
2025-12-15 08:45:00;0.0
2025-12-15 09:00:00;0.0
2025-12-15 09:15:00;0.0
2025-12-15 09:30:00;0.0
2025-12-15 09:45:00;0.0
2025-12-15 10:00:00;0.0
2025-12-15 10:15:00;0.0
2025-12-15 10:30:00;0.0
2025-12-15 10:45:00;0.04170000000000007
2025-12-15 11:00:00;0.0
2025-12-15 11:15:00;0.057399999999999896
2025-12-15 11:30:00;0.08460000000000001
2025-12-15 11:45:00;0.054099999999999926
2025-12-15 12:00:00;0.06999999999999995
2025-12-15 12:15:00;0.19680000000000009
2025-12-15 12:30:00;0.14649999999999996
2025-12-15 12:45:00;0.11499999999999999
2025-12-15 13:00:00;0.1502
2025-12-15 13:15:00;0.09600000000000009
2025-12-15 13:30:00;0.12480000000000002
2025-12-15 13:45:00;0.06240000000000001
2025-12-15 14:00:00;0.0020000000000000018
2025-12-15 14:15:00;0.0
2025-12-15 14:30:00;0.0
2025-12-15 14:45:00;0.0
2025-12-15 15:00:00;0.0
2025-12-15 15:15:00;0.0
2025-12-15 15:30:00;0.0
2025-12-15 15:45:00;0.0
2025-12-15 16:00:00;0.0
2025-12-15 16:15:00;0.0
2025-12-15 16:30:00;0.0
2025-12-15 16:45:00;0.0
2025-12-15 17:00:00;0.0
2025-12-15 17:15:00;0.0
2025-12-15 17:30:00;0.0
2025-12-15 17:45:00;0.0
2025-12-15 18:00:00;0.0
2025-12-15 18:15:00;0.0
2025-12-15 18:30:00;0.0
2025-12-15 18:45:00;0.0
2025-12-15 19:00:00;0.0
2025-12-15 19:15:00;0.0
2025-12-15 19:30:00;0.0
2025-12-15 19:45:00;0.0
2025-12-15 20:00:00;0.0
2025-12-15 20:15:00;0.0
2025-12-15 20:30:00;0.0
2025-12-15 20:45:00;0.0
2025-12-15 21:00:00;0.0
2025-12-15 21:15:00;0.0
2025-12-15 21:30:00;0.0
2025-12-15 21:45:00;0.0
2025-12-15 22:00:00;0.0
2025-12-15 22:15:00;0.0
2025-12-15 22:30:00;0.0
2025-12-15 22:45:00;0.0
2025-12-15 23:00:00;0.0
2025-12-15 23:15:00;0.0
2025-12-15 23:30:00;0.0
2025-12-15 23:45:00;0.0
2025-12-16 00:00:00;0.0
2025-12-16 00:15:00;0.0
2025-12-16 00:30:00;0.0
2025-12-16 00:45:00;0.0
2025-12-16 01:00:00;0.0
2025-12-16 01:15:00;0.0
2025-12-16 01:30:00;0.0
2025-12-16 01:45:00;0.0
2025-12-16 02:00:00;0.0
2025-12-16 02:15:00;0.0
2025-12-16 02:30:00;0.0
2025-12-16 02:45:00;0.0
2025-12-16 03:00:00;0.0
2025-12-16 03:15:00;0.0
2025-12-16 03:30:00;0.0
2025-12-16 03:45:00;0.0
2025-12-16 04:00:00;0.0
2025-12-16 04:15:00;0.0
2025-12-16 04:30:00;0.0
2025-12-16 04:45:00;0.0
2025-12-16 05:00:00;0.0
2025-12-16 05:15:00;0.0
2025-12-16 05:30:00;0.0
2025-12-16 05:45:00;0.0
2025-12-16 06:00:00;0.0
2025-12-16 06:15:00;0.0
2025-12-16 06:30:00;0.0
2025-12-16 06:45:00;0.0
2025-12-16 07:00:00;0.0
2025-12-16 07:15:00;0.0
2025-12-16 07:30:00;0.0
2025-12-16 07:45:00;0.0
2025-12-16 08:00:00;0.0
2025-12-16 08:15:00;0.0
2025-12-16 08:30:00;0.0
2025-12-16 08:45:00;0.0
2025-12-16 09:00:00;0.0
2025-12-16 09:15:00;0.0
2025-12-16 09:30:00;0.0
2025-12-16 09:45:00;0.0
2025-12-16 10:00:00;0.0
2025-12-16 10:15:00;0.0
2025-12-16 10:30:00;0.0
2025-12-16 10:45:00;0.0
2025-12-16 11:00:00;0.05449999999999999
2025-12-16 11:15:00;0.08240000000000003
2025-12-16 11:30:00;0.06829999999999992
2025-12-16 11:45:00;0.13770000000000004
2025-12-16 12:00:00;0.14679999999999993
2025-12-16 12:15:00;0.09400000000000008
2025-12-16 12:30:00;0.08379999999999999
2025-12-16 12:45:00;0.10439999999999994
2025-12-16 13:00:00;0.23720000000000008
2025-12-16 13:15:00;0.2753
2025-12-16 13:30:00;0.24149999999999994
2025-12-16 13:45:00;0.1635000000000001
2025-12-16 14:00:00;0.07940000000000003
2025-12-16 14:15:00;0.0
2025-12-16 14:30:00;0.0
2025-12-16 14:45:00;0.0
2025-12-16 15:00:00;0.0
2025-12-16 15:15:00;0.0
2025-12-16 15:30:00;0.0
2025-12-16 15:45:00;0.0
2025-12-16 16:00:00;0.0
2025-12-16 16:15:00;0.0
2025-12-16 16:30:00;0.0
2025-12-16 16:45:00;0.0
2025-12-16 17:00:00;0.0
2025-12-16 17:15:00;0.0
2025-12-16 17:30:00;0.0
2025-12-16 17:45:00;0.0
2025-12-16 18:00:00;0.0
2025-12-16 18:15:00;0.0
2025-12-16 18:30:00;0.0
2025-12-16 18:45:00;0.0
2025-12-16 19:00:00;0.0
2025-12-16 19:15:00;0.0
2025-12-16 19:30:00;0.0
2025-12-16 19:45:00;0.0
2025-12-16 20:00:00;0.0
2025-12-16 20:15:00;0.0
2025-12-16 20:30:00;0.0
2025-12-16 20:45:00;0.0
2025-12-16 21:00:00;0.0
2025-12-16 21:15:00;0.0
2025-12-16 21:30:00;0.0
2025-12-16 21:45:00;0.0
2025-12-16 22:00:00;0.0
2025-12-16 22:15:00;0.0
2025-12-16 22:30:00;0.0
2025-12-16 22:45:00;0.0
2025-12-16 23:00:00;0.0
2025-12-16 23:15:00;0.0
2025-12-16 23:30:00;0.0
2025-12-16 23:45:00;0.0
2025-12-17 00:00:00;0.0
2025-12-17 00:15:00;0.0
2025-12-17 00:30:00;0.0
2025-12-17 00:45:00;0.0
2025-12-17 01:00:00;0.0
2025-12-17 01:15:00;0.0
2025-12-17 01:30:00;0.0
2025-12-17 01:45:00;0.0
2025-12-17 02:00:00;0.0
2025-12-17 02:15:00;0.0
2025-12-17 02:30:00;0.0
2025-12-17 02:45:00;0.0
2025-12-17 03:00:00;0.0
2025-12-17 03:15:00;0.0
2025-12-17 03:30:00;0.0
2025-12-17 03:45:00;0.0
2025-12-17 04:00:00;0.0
2025-12-17 04:15:00;0.0
2025-12-17 04:30:00;0.0
2025-12-17 04:45:00;0.0
2025-12-17 05:00:00;0.0
2025-12-17 05:15:00;0.0
2025-12-17 05:30:00;0.0
2025-12-17 05:45:00;0.0
2025-12-17 06:00:00;0.0
2025-12-17 06:15:00;0.0
2025-12-17 06:30:00;0.0
2025-12-17 06:45:00;0.0
2025-12-17 07:00:00;0.0
2025-12-17 07:15:00;0.0
2025-12-17 07:30:00;0.0
2025-12-17 07:45:00;0.0
2025-12-17 08:00:00;0.0
2025-12-17 08:15:00;0.0
2025-12-17 08:30:00;0.0
2025-12-17 08:45:00;0.0
2025-12-17 09:00:00;0.0
2025-12-17 09:15:00;0.0
2025-12-17 09:30:00;0.2713
2025-12-17 09:45:00;0.4626999999999999
2025-12-17 10:00:00;0.6127
2025-12-17 10:15:00;0.8952
2025-12-17 10:30:00;1.0112
2025-12-17 10:45:00;1.1415
2025-12-17 11:00:00;1.4988000000000001
2025-12-17 11:15:00;1.6162
2025-12-17 11:30:00;1.6953999999999998
2025-12-17 11:45:00;1.9773
2025-12-17 12:00:00;1.3609
2025-12-17 12:15:00;1.3606000000000003
2025-12-17 12:30:00;1.4029
2025-12-17 12:45:00;1.4306999999999999
2025-12-17 13:00:00;1.3226999999999998
2025-12-17 13:15:00;1.2471
2025-12-17 13:30:00;1.1723999999999997
2025-12-17 13:45:00;1.0096
2025-12-17 14:00:00;1.0074
2025-12-17 14:15:00;0.9467
2025-12-17 14:30:00;0.6851
2025-12-17 14:45:00;0.5755999999999999
2025-12-17 15:00:00;0.26039999999999996
2025-12-17 15:15:00;0.10099999999999998
2025-12-17 15:30:00;0.0
2025-12-17 15:45:00;0.0
2025-12-17 16:00:00;0.0
2025-12-17 16:15:00;0.0
2025-12-17 16:30:00;0.0
2025-12-17 16:45:00;0.0
2025-12-17 17:00:00;0.0
2025-12-17 17:15:00;0.0
2025-12-17 17:30:00;0.0
2025-12-17 17:45:00;0.0
2025-12-17 18:00:00;0.0
2025-12-17 18:15:00;0.0
2025-12-17 18:30:00;0.0
2025-12-17 18:45:00;0.0
2025-12-17 19:00:00;0.0
2025-12-17 19:15:00;0.0
2025-12-17 19:30:00;0.0
2025-12-17 19:45:00;0.0
2025-12-17 20:00:00;0.0
2025-12-17 20:15:00;0.0
2025-12-17 20:30:00;0.0
2025-12-17 20:45:00;0.0
2025-12-17 21:00:00;0.0
2025-12-17 21:15:00;0.0
2025-12-17 21:30:00;0.0
2025-12-17 21:45:00;0.0
2025-12-17 22:00:00;0.0
2025-12-17 22:15:00;0.0
2025-12-17 22:30:00;0.0
2025-12-17 22:45:00;0.0
2025-12-17 23:00:00;0.0
2025-12-17 23:15:00;0.0
2025-12-17 23:30:00;0.0
2025-12-17 23:45:00;0.0
2025-12-18 00:00:00;0.0
2025-12-18 00:15:00;0.0
2025-12-18 00:30:00;0.0
2025-12-18 00:45:00;0.0
2025-12-18 01:00:00;0.0
2025-12-18 01:15:00;0.0
2025-12-18 01:30:00;0.0
2025-12-18 01:45:00;0.0
2025-12-18 02:00:00;0.0
2025-12-18 02:15:00;0.0
2025-12-18 02:30:00;0.0
2025-12-18 02:45:00;0.0
2025-12-18 03:00:00;0.0
2025-12-18 03:15:00;0.0
2025-12-18 03:30:00;0.0
2025-12-18 03:45:00;0.0
2025-12-18 04:00:00;0.0
2025-12-18 04:15:00;0.0
2025-12-18 04:30:00;0.0
2025-12-18 04:45:00;0.0
2025-12-18 05:00:00;0.0
2025-12-18 05:15:00;0.0
2025-12-18 05:30:00;0.0
2025-12-18 05:45:00;0.0
2025-12-18 06:00:00;0.0
2025-12-18 06:15:00;0.0
2025-12-18 06:30:00;0.0
2025-12-18 06:45:00;0.0
2025-12-18 07:00:00;0.0
2025-12-18 07:15:00;0.0
2025-12-18 07:30:00;0.0
2025-12-18 07:45:00;0.0
2025-12-18 08:00:00;0.0
2025-12-18 08:15:00;0.0
2025-12-18 08:30:00;0.0
2025-12-18 08:45:00;0.0
2025-12-18 09:00:00;0.0
2025-12-18 09:15:00;0.0
2025-12-18 09:30:00;0.0
2025-12-18 09:45:00;0.0
2025-12-18 10:00:00;0.0
2025-12-18 10:15:00;0.0
2025-12-18 10:30:00;0.0
2025-12-18 10:45:00;0.0
2025-12-18 11:00:00;0.0
2025-12-18 11:15:00;0.0
2025-12-18 11:30:00;0.0
2025-12-18 11:45:00;0.0
2025-12-18 12:00:00;0.06059999999999999
2025-12-18 12:15:00;0.0
2025-12-18 12:30:00;0.015700000000000047
2025-12-18 12:45:00;0.0736
2025-12-18 13:00:00;0.052000000000000046
2025-12-18 13:15:00;0.0
2025-12-18 13:30:00;0.0
2025-12-18 13:45:00;0.0
2025-12-18 14:00:00;0.0
2025-12-18 14:15:00;0.0
2025-12-18 14:30:00;0.0
2025-12-18 14:45:00;0.0
2025-12-18 15:00:00;0.0
2025-12-18 15:15:00;0.0
2025-12-18 15:30:00;0.0
2025-12-18 15:45:00;0.0
2025-12-18 16:00:00;0.0
2025-12-18 16:15:00;0.0
2025-12-18 16:30:00;0.0
2025-12-18 16:45:00;0.0
2025-12-18 17:00:00;0.0
2025-12-18 17:15:00;0.0
2025-12-18 17:30:00;0.0
2025-12-18 17:45:00;0.0
2025-12-18 18:00:00;0.0
2025-12-18 18:15:00;0.0
2025-12-18 18:30:00;0.0
2025-12-18 18:45:00;0.0
2025-12-18 19:00:00;0.0
2025-12-18 19:15:00;0.0
2025-12-18 19:30:00;0.0
2025-12-18 19:45:00;0.0
2025-12-18 20:00:00;0.0
2025-12-18 20:15:00;0.0
2025-12-18 20:30:00;0.0
2025-12-18 20:45:00;0.0
2025-12-18 21:00:00;0.0
2025-12-18 21:15:00;0.0
2025-12-18 21:30:00;0.0
2025-12-18 21:45:00;0.0
2025-12-18 22:00:00;0.0
2025-12-18 22:15:00;0.0
2025-12-18 22:30:00;0.0
2025-12-18 22:45:00;0.0
2025-12-18 23:00:00;0.0
2025-12-18 23:15:00;0.0
2025-12-18 23:30:00;0.0
2025-12-18 23:45:00;0.0
2025-12-19 00:00:00;0.0
2025-12-19 00:15:00;0.0
2025-12-19 00:30:00;0.0
2025-12-19 00:45:00;0.0
2025-12-19 01:00:00;0.0
2025-12-19 01:15:00;0.0
2025-12-19 01:30:00;0.0
2025-12-19 01:45:00;0.0
2025-12-19 02:00:00;0.0
2025-12-19 02:15:00;0.0
2025-12-19 02:30:00;0.0
2025-12-19 02:45:00;0.0
2025-12-19 03:00:00;0.0
2025-12-19 03:15:00;0.0
2025-12-19 03:30:00;0.0
2025-12-19 03:45:00;0.0
2025-12-19 04:00:00;0.0
2025-12-19 04:15:00;0.0
2025-12-19 04:30:00;0.0
2025-12-19 04:45:00;0.0
2025-12-19 05:00:00;0.0
2025-12-19 05:15:00;0.0
2025-12-19 05:30:00;0.0
2025-12-19 05:45:00;0.0
2025-12-19 06:00:00;0.0
2025-12-19 06:15:00;0.0
2025-12-19 06:30:00;0.0
2025-12-19 06:45:00;0.0
2025-12-19 07:00:00;0.0
2025-12-19 07:15:00;0.0
2025-12-19 07:30:00;0.0
2025-12-19 07:45:00;0.0
2025-12-19 08:00:00;0.0
2025-12-19 08:15:00;0.0
2025-12-19 08:30:00;0.0
2025-12-19 08:45:00;0.0
2025-12-19 09:00:00;0.0
2025-12-19 09:15:00;0.0
2025-12-19 09:30:00;0.0
2025-12-19 09:45:00;0.0
2025-12-19 10:00:00;0.0
2025-12-19 10:15:00;0.0
2025-12-19 10:30:00;0.0
2025-12-19 10:45:00;0.0
2025-12-19 11:00:00;0.0
2025-12-19 11:15:00;0.05469999999999997
2025-12-19 11:30:00;0.1087999999999999
2025-12-19 11:45:00;0.14540000000000008
2025-12-19 12:00:00;0.0017000000000000348
2025-12-19 12:15:00;0.06910000000000005
2025-12-19 12:30:00;0.03199999999999992
2025-12-19 12:45:00;0.0
2025-12-19 13:00:00;0.0
2025-12-19 13:15:00;0.009700000000000042
2025-12-19 13:30:00;0.0
2025-12-19 13:45:00;0.0
2025-12-19 14:00:00;0.0
2025-12-19 14:15:00;0.0
2025-12-19 14:30:00;0.0
2025-12-19 14:45:00;0.0
2025-12-19 15:00:00;0.0
2025-12-19 15:15:00;0.0
2025-12-19 15:30:00;0.0
2025-12-19 15:45:00;0.0
2025-12-19 16:00:00;0.0
2025-12-19 16:15:00;0.0
2025-12-19 16:30:00;0.0
2025-12-19 16:45:00;0.0
2025-12-19 17:00:00;0.0
2025-12-19 17:15:00;0.0
2025-12-19 17:30:00;0.0
2025-12-19 17:45:00;0.0
2025-12-19 18:00:00;0.0
2025-12-19 18:15:00;0.0
2025-12-19 18:30:00;0.0
2025-12-19 18:45:00;0.0
2025-12-19 19:00:00;0.0
2025-12-19 19:15:00;0.0
2025-12-19 19:30:00;0.0
2025-12-19 19:45:00;0.0
2025-12-19 20:00:00;0.0
2025-12-19 20:15:00;0.0
2025-12-19 20:30:00;0.0
2025-12-19 20:45:00;0.0
2025-12-19 21:00:00;0.0
2025-12-19 21:15:00;0.0
2025-12-19 21:30:00;0.0
2025-12-19 21:45:00;0.0
2025-12-19 22:00:00;0.0
2025-12-19 22:15:00;0.0
2025-12-19 22:30:00;0.0
2025-12-19 22:45:00;0.0
2025-12-19 23:00:00;0.0
2025-12-19 23:15:00;0.0
2025-12-19 23:30:00;0.0
2025-12-19 23:45:00;0.0
2025-12-20 00:00:00;0.0
2025-12-20 00:15:00;0.0
2025-12-20 00:30:00;0.0
2025-12-20 00:45:00;0.0
2025-12-20 01:00:00;0.0
2025-12-20 01:15:00;0.0
2025-12-20 01:30:00;0.0
2025-12-20 01:45:00;0.0
2025-12-20 02:00:00;0.0
2025-12-20 02:15:00;0.0
2025-12-20 02:30:00;0.0
2025-12-20 02:45:00;0.0
2025-12-20 03:00:00;0.0
2025-12-20 03:15:00;0.0
2025-12-20 03:30:00;0.0
2025-12-20 03:45:00;0.0
2025-12-20 04:00:00;0.0
2025-12-20 04:15:00;0.0
2025-12-20 04:30:00;0.0
2025-12-20 04:45:00;0.0
2025-12-20 05:00:00;0.0
2025-12-20 05:15:00;0.0
2025-12-20 05:30:00;0.0
2025-12-20 05:45:00;0.0
2025-12-20 06:00:00;0.0
2025-12-20 06:15:00;0.0
2025-12-20 06:30:00;0.0
2025-12-20 06:45:00;0.0
2025-12-20 07:00:00;0.0
2025-12-20 07:15:00;0.0
2025-12-20 07:30:00;0.0
2025-12-20 07:45:00;0.0
2025-12-20 08:00:00;0.0
2025-12-20 08:15:00;0.0
2025-12-20 08:30:00;0.0
2025-12-20 08:45:00;0.0
2025-12-20 09:00:00;0.0
2025-12-20 09:15:00;0.0
2025-12-20 09:30:00;0.0
2025-12-20 09:45:00;0.0
2025-12-20 10:00:00;0.0
2025-12-20 10:15:00;0.0
2025-12-20 10:30:00;0.0
2025-12-20 10:45:00;0.0
2025-12-20 11:00:00;0.0
2025-12-20 11:15:00;0.0
2025-12-20 11:30:00;0.0
2025-12-20 11:45:00;0.0
2025-12-20 12:00:00;0.10370000000000013
2025-12-20 12:15:00;0.08289999999999997
2025-12-20 12:30:00;0.23199999999999987
2025-12-20 12:45:00;0.12539999999999996
2025-12-20 13:00:00;0.2481
2025-12-20 13:15:00;0.20089999999999997
2025-12-20 13:30:00;0.0795999999999999
2025-12-20 13:45:00;0.10230000000000006
2025-12-20 14:00:00;0.0
2025-12-20 14:15:00;0.0
2025-12-20 14:30:00;0.0
2025-12-20 14:45:00;0.0
2025-12-20 15:00:00;0.0
2025-12-20 15:15:00;0.0
2025-12-20 15:30:00;0.0
2025-12-20 15:45:00;0.0
2025-12-20 16:00:00;0.0
2025-12-20 16:15:00;0.0
2025-12-20 16:30:00;0.0
2025-12-20 16:45:00;0.0
2025-12-20 17:00:00;0.0
2025-12-20 17:15:00;0.0
2025-12-20 17:30:00;0.0
2025-12-20 17:45:00;0.0
2025-12-20 18:00:00;0.0
2025-12-20 18:15:00;0.0
2025-12-20 18:30:00;0.0
2025-12-20 18:45:00;0.0
2025-12-20 19:00:00;0.0
2025-12-20 19:15:00;0.0
2025-12-20 19:30:00;0.0
2025-12-20 19:45:00;0.0
2025-12-20 20:00:00;0.0
2025-12-20 20:15:00;0.0
2025-12-20 20:30:00;0.0
2025-12-20 20:45:00;0.0
2025-12-20 21:00:00;0.0
2025-12-20 21:15:00;0.0
2025-12-20 21:30:00;0.0
2025-12-20 21:45:00;0.0
2025-12-20 22:00:00;0.0
2025-12-20 22:15:00;0.0
2025-12-20 22:30:00;0.0
2025-12-20 22:45:00;0.0
2025-12-20 23:00:00;0.0
2025-12-20 23:15:00;0.0
2025-12-20 23:30:00;0.0
2025-12-20 23:45:00;0.0
2025-12-21 00:00:00;0.0
2025-12-21 00:15:00;0.0
2025-12-21 00:30:00;0.0
2025-12-21 00:45:00;0.0
2025-12-21 01:00:00;0.0
2025-12-21 01:15:00;0.0
2025-12-21 01:30:00;0.0
2025-12-21 01:45:00;0.0
2025-12-21 02:00:00;0.0
2025-12-21 02:15:00;0.0
2025-12-21 02:30:00;0.0
2025-12-21 02:45:00;0.0
2025-12-21 03:00:00;0.0
2025-12-21 03:15:00;0.0
2025-12-21 03:30:00;0.0
2025-12-21 03:45:00;0.0
2025-12-21 04:00:00;0.0
2025-12-21 04:15:00;0.0
2025-12-21 04:30:00;0.0
2025-12-21 04:45:00;0.0
2025-12-21 05:00:00;0.0
2025-12-21 05:15:00;0.0
2025-12-21 05:30:00;0.0
2025-12-21 05:45:00;0.0
2025-12-21 06:00:00;0.0
2025-12-21 06:15:00;0.0
2025-12-21 06:30:00;0.0
2025-12-21 06:45:00;0.0
2025-12-21 07:00:00;0.0
2025-12-21 07:15:00;0.0
2025-12-21 07:30:00;0.0
2025-12-21 07:45:00;0.0
2025-12-21 08:00:00;0.0
2025-12-21 08:15:00;0.0
2025-12-21 08:30:00;0.0
2025-12-21 08:45:00;0.0
2025-12-21 09:00:00;0.0
2025-12-21 09:15:00;0.0
2025-12-21 09:30:00;0.0
2025-12-21 09:45:00;0.133
2025-12-21 10:00:00;0.5277000000000001
2025-12-21 10:15:00;0.6715
2025-12-21 10:30:00;1.1489
2025-12-21 10:45:00;1.1621000000000001
2025-12-21 11:00:00;1.1957999999999998
2025-12-21 11:15:00;1.1723
2025-12-21 11:30:00;1.4112000000000002
2025-12-21 11:45:00;1.2923999999999998
2025-12-21 12:00:00;1.4362000000000001
2025-12-21 12:15:00;1.2989
2025-12-21 12:30:00;1.3368
2025-12-21 12:45:00;1.3893000000000002
2025-12-21 13:00:00;1.4845000000000002
2025-12-21 13:15:00;1.3672
2025-12-21 13:30:00;1.1655000000000002
2025-12-21 13:45:00;1.0983999999999998
2025-12-21 14:00:00;0.9513999999999999
2025-12-21 14:15:00;0.9314
2025-12-21 14:30:00;0.6965000000000001
2025-12-21 14:45:00;0.48530000000000006
2025-12-21 15:00:00;0.4575
2025-12-21 15:15:00;0.2230000000000001
2025-12-21 15:30:00;0.027800000000000047
2025-12-21 15:45:00;0.0
2025-12-21 16:00:00;0.0
2025-12-21 16:15:00;0.0
2025-12-21 16:30:00;0.0
2025-12-21 16:45:00;0.0
2025-12-21 17:00:00;0.0
2025-12-21 17:15:00;0.0
2025-12-21 17:30:00;0.0
2025-12-21 17:45:00;0.0
2025-12-21 18:00:00;0.0
2025-12-21 18:15:00;0.0
2025-12-21 18:30:00;0.0
2025-12-21 18:45:00;0.0
2025-12-21 19:00:00;0.0
2025-12-21 19:15:00;0.0
2025-12-21 19:30:00;0.0
2025-12-21 19:45:00;0.0
2025-12-21 20:00:00;0.0
2025-12-21 20:15:00;0.0
2025-12-21 20:30:00;0.0
2025-12-21 20:45:00;0.0
2025-12-21 21:00:00;0.0
2025-12-21 21:15:00;0.0
2025-12-21 21:30:00;0.0
2025-12-21 21:45:00;0.0
2025-12-21 22:00:00;0.0
2025-12-21 22:15:00;0.0
2025-12-21 22:30:00;0.0
2025-12-21 22:45:00;0.0
2025-12-21 23:00:00;0.0
2025-12-21 23:15:00;0.0
2025-12-21 23:30:00;0.0
2025-12-21 23:45:00;0.0
2025-12-22 00:00:00;0.0
2025-12-22 00:15:00;0.0
2025-12-22 00:30:00;0.0
2025-12-22 00:45:00;0.0
2025-12-22 01:00:00;0.0
2025-12-22 01:15:00;0.0
2025-12-22 01:30:00;0.0
2025-12-22 01:45:00;0.0
2025-12-22 02:00:00;0.0
2025-12-22 02:15:00;0.0
2025-12-22 02:30:00;0.0
2025-12-22 02:45:00;0.0
2025-12-22 03:00:00;0.0
2025-12-22 03:15:00;0.0
2025-12-22 03:30:00;0.0
2025-12-22 03:45:00;0.0
2025-12-22 04:00:00;0.0
2025-12-22 04:15:00;0.0
2025-12-22 04:30:00;0.0
2025-12-22 04:45:00;0.0
2025-12-22 05:00:00;0.0
2025-12-22 05:15:00;0.0
2025-12-22 05:30:00;0.0
2025-12-22 05:45:00;0.0
2025-12-22 06:00:00;0.0
2025-12-22 06:15:00;0.0
2025-12-22 06:30:00;0.0
2025-12-22 06:45:00;0.0
2025-12-22 07:00:00;0.0
2025-12-22 07:15:00;0.0
2025-12-22 07:30:00;0.0
2025-12-22 07:45:00;0.0
2025-12-22 08:00:00;0.0
2025-12-22 08:15:00;0.0
2025-12-22 08:30:00;0.0
2025-12-22 08:45:00;0.0
2025-12-22 09:00:00;0.0
2025-12-22 09:15:00;0.0
2025-12-22 09:30:00;0.0
2025-12-22 09:45:00;0.05030000000000001
2025-12-22 10:00:00;0.49370000000000014
2025-12-22 10:15:00;0.6548999999999999
2025-12-22 10:30:00;0.821
2025-12-22 10:45:00;1.0285
2025-12-22 11:00:00;1.1865
2025-12-22 11:15:00;1.4627
2025-12-22 11:30:00;1.5015
2025-12-22 11:45:00;1.7464000000000002
2025-12-22 12:00:00;1.4888
2025-12-22 12:15:00;1.5189
2025-12-22 12:30:00;1.5439000000000003
2025-12-22 12:45:00;1.4666000000000001
2025-12-22 13:00:00;1.8378
2025-12-22 13:15:00;1.4467
2025-12-22 13:30:00;1.5624000000000002
2025-12-22 13:45:00;1.4313000000000002
2025-12-22 14:00:00;1.3957000000000002
2025-12-22 14:15:00;1.2726000000000002
2025-12-22 14:30:00;1.0657
2025-12-22 14:45:00;0.8469999999999999
2025-12-22 15:00:00;0.3941
2025-12-22 15:15:00;0.17189999999999994
2025-12-22 15:30:00;0.0
2025-12-22 15:45:00;0.0
2025-12-22 16:00:00;0.0
2025-12-22 16:15:00;0.0
2025-12-22 16:30:00;0.0
2025-12-22 16:45:00;0.0
2025-12-22 17:00:00;0.0
2025-12-22 17:15:00;0.0
2025-12-22 17:30:00;0.0
2025-12-22 17:45:00;0.0
2025-12-22 18:00:00;0.0
2025-12-22 18:15:00;0.0
2025-12-22 18:30:00;0.0
2025-12-22 18:45:00;0.0
2025-12-22 19:00:00;0.0
2025-12-22 19:15:00;0.0
2025-12-22 19:30:00;0.0
2025-12-22 19:45:00;0.0
2025-12-22 20:00:00;0.0
2025-12-22 20:15:00;0.0
2025-12-22 20:30:00;0.0
2025-12-22 20:45:00;0.0
2025-12-22 21:00:00;0.0
2025-12-22 21:15:00;0.0
2025-12-22 21:30:00;0.0
2025-12-22 21:45:00;0.0
2025-12-22 22:00:00;0.0
2025-12-22 22:15:00;0.0
2025-12-22 22:30:00;0.0
2025-12-22 22:45:00;0.0
2025-12-22 23:00:00;0.0
2025-12-22 23:15:00;0.0
2025-12-22 23:30:00;0.0
2025-12-22 23:45:00;0.0
2025-12-23 00:00:00;0.0
2025-12-23 00:15:00;0.0
2025-12-23 00:30:00;0.0
2025-12-23 00:45:00;0.0
2025-12-23 01:00:00;0.0
2025-12-23 01:15:00;0.0
2025-12-23 01:30:00;0.0
2025-12-23 01:45:00;0.0
2025-12-23 02:00:00;0.0
2025-12-23 02:15:00;0.0
2025-12-23 02:30:00;0.0
2025-12-23 02:45:00;0.0
2025-12-23 03:00:00;0.0
2025-12-23 03:15:00;0.0
2025-12-23 03:30:00;0.0
2025-12-23 03:45:00;0.0
2025-12-23 04:00:00;0.0
2025-12-23 04:15:00;0.0
2025-12-23 04:30:00;0.0
2025-12-23 04:45:00;0.0
2025-12-23 05:00:00;0.0
2025-12-23 05:15:00;0.0
2025-12-23 05:30:00;0.0
2025-12-23 05:45:00;0.0
2025-12-23 06:00:00;0.0
2025-12-23 06:15:00;0.0
2025-12-23 06:30:00;0.0
2025-12-23 06:45:00;0.0
2025-12-23 07:00:00;0.0
2025-12-23 07:15:00;0.0
2025-12-23 07:30:00;0.0
2025-12-23 07:45:00;0.0
2025-12-23 08:00:00;0.0
2025-12-23 08:15:00;0.0
2025-12-23 08:30:00;0.0
2025-12-23 08:45:00;0.0
2025-12-23 09:00:00;0.0
2025-12-23 09:15:00;0.0
2025-12-23 09:30:00;0.0
2025-12-23 09:45:00;0.0
2025-12-23 10:00:00;0.0
2025-12-23 10:15:00;0.0
2025-12-23 10:30:00;0.0
2025-12-23 10:45:00;0.0
2025-12-23 11:00:00;0.0
2025-12-23 11:15:00;0.0
2025-12-23 11:30:00;0.0
2025-12-23 11:45:00;0.0
2025-12-23 12:00:00;0.0360999999999998
2025-12-23 12:15:00;0.0
2025-12-23 12:30:00;0.0
2025-12-23 12:45:00;0.05339999999999989
2025-12-23 13:00:00;0.0
2025-12-23 13:15:00;0.0
2025-12-23 13:30:00;0.0
2025-12-23 13:45:00;0.0
2025-12-23 14:00:00;0.0
2025-12-23 14:15:00;0.0
2025-12-23 14:30:00;0.0
2025-12-23 14:45:00;0.0
2025-12-23 15:00:00;0.0
2025-12-23 15:15:00;0.0
2025-12-23 15:30:00;0.0
2025-12-23 15:45:00;0.0
2025-12-23 16:00:00;0.0
2025-12-23 16:15:00;0.0
2025-12-23 16:30:00;0.0
2025-12-23 16:45:00;0.0
2025-12-23 17:00:00;0.0
2025-12-23 17:15:00;0.0
2025-12-23 17:30:00;0.0
2025-12-23 17:45:00;0.0
2025-12-23 18:00:00;0.0
2025-12-23 18:15:00;0.0
2025-12-23 18:30:00;0.0
2025-12-23 18:45:00;0.0
2025-12-23 19:00:00;0.0
2025-12-23 19:15:00;0.0
2025-12-23 19:30:00;0.0
2025-12-23 19:45:00;0.0
2025-12-23 20:00:00;0.0
2025-12-23 20:15:00;0.0
2025-12-23 20:30:00;0.0
2025-12-23 20:45:00;0.0
2025-12-23 21:00:00;0.0
2025-12-23 21:15:00;0.0
2025-12-23 21:30:00;0.0
2025-12-23 21:45:00;0.0
2025-12-23 22:00:00;0.0
2025-12-23 22:15:00;0.0
2025-12-23 22:30:00;0.0
2025-12-23 22:45:00;0.0
2025-12-23 23:00:00;0.0
2025-12-23 23:15:00;0.0
2025-12-23 23:30:00;0.0
2025-12-23 23:45:00;0.0
2025-12-24 00:00:00;0.0
2025-12-24 00:15:00;0.0
2025-12-24 00:30:00;0.0
2025-12-24 00:45:00;0.0
2025-12-24 01:00:00;0.0
2025-12-24 01:15:00;0.0
2025-12-24 01:30:00;0.0
2025-12-24 01:45:00;0.0
2025-12-24 02:00:00;0.0
2025-12-24 02:15:00;0.0
2025-12-24 02:30:00;0.0
2025-12-24 02:45:00;0.0
2025-12-24 03:00:00;0.0
2025-12-24 03:15:00;0.0
2025-12-24 03:30:00;0.0
2025-12-24 03:45:00;0.0
2025-12-24 04:00:00;0.0
2025-12-24 04:15:00;0.0
2025-12-24 04:30:00;0.0
2025-12-24 04:45:00;0.0
2025-12-24 05:00:00;0.0
2025-12-24 05:15:00;0.0
2025-12-24 05:30:00;0.0
2025-12-24 05:45:00;0.0
2025-12-24 06:00:00;0.0
2025-12-24 06:15:00;0.0
2025-12-24 06:30:00;0.0
2025-12-24 06:45:00;0.0
2025-12-24 07:00:00;0.0
2025-12-24 07:15:00;0.0
2025-12-24 07:30:00;0.0
2025-12-24 07:45:00;0.0
2025-12-24 08:00:00;0.0
2025-12-24 08:15:00;0.0
2025-12-24 08:30:00;0.0
2025-12-24 08:45:00;0.0
2025-12-24 09:00:00;0.0
2025-12-24 09:15:00;0.0
2025-12-24 09:30:00;0.0
2025-12-24 09:45:00;0.01429999999999998
2025-12-24 10:00:00;0.4750000000000001
2025-12-24 10:15:00;0.6228
2025-12-24 10:30:00;0.732
2025-12-24 10:45:00;1.0863000000000003
2025-12-24 11:00:00;1.1134
2025-12-24 11:15:00;1.1551000000000002
2025-12-24 11:30:00;1.3859
2025-12-24 11:45:00;1.4409999999999998
2025-12-24 12:00:00;1.0218
2025-12-24 12:15:00;0.9730000000000001
2025-12-24 12:30:00;1.0257000000000003
2025-12-24 12:45:00;1.1436
2025-12-24 13:00:00;1.5642000000000003
2025-12-24 13:15:00;1.4183000000000001
2025-12-24 13:30:00;1.4034000000000002
2025-12-24 13:45:00;1.1298
2025-12-24 14:00:00;1.2414
2025-12-24 14:15:00;0.9898999999999998
2025-12-24 14:30:00;0.8304
2025-12-24 14:45:00;0.5616000000000001
2025-12-24 15:00:00;0.19209999999999994
2025-12-24 15:15:00;0.06279999999999997
2025-12-24 15:30:00;0.0
2025-12-24 15:45:00;0.0
2025-12-24 16:00:00;0.0
2025-12-24 16:15:00;0.0
2025-12-24 16:30:00;0.0
2025-12-24 16:45:00;0.0
2025-12-24 17:00:00;0.0
2025-12-24 17:15:00;0.0
2025-12-24 17:30:00;0.0
2025-12-24 17:45:00;0.0
2025-12-24 18:00:00;0.0
2025-12-24 18:15:00;0.0
2025-12-24 18:30:00;0.0
2025-12-24 18:45:00;0.0
2025-12-24 19:00:00;0.0
2025-12-24 19:15:00;0.0
2025-12-24 19:30:00;0.0
2025-12-24 19:45:00;0.0
2025-12-24 20:00:00;0.0
2025-12-24 20:15:00;0.0
2025-12-24 20:30:00;0.0
2025-12-24 20:45:00;0.0
2025-12-24 21:00:00;0.0
2025-12-24 21:15:00;0.0
2025-12-24 21:30:00;0.0
2025-12-24 21:45:00;0.0
2025-12-24 22:00:00;0.0
2025-12-24 22:15:00;0.0
2025-12-24 22:30:00;0.0
2025-12-24 22:45:00;0.0
2025-12-24 23:00:00;0.0
2025-12-24 23:15:00;0.0
2025-12-24 23:30:00;0.0
2025-12-24 23:45:00;0.0
2025-12-25 00:00:00;0.0
2025-12-25 00:15:00;0.0
2025-12-25 00:30:00;0.0
2025-12-25 00:45:00;0.0
2025-12-25 01:00:00;0.0
2025-12-25 01:15:00;0.0
2025-12-25 01:30:00;0.0
2025-12-25 01:45:00;0.0
2025-12-25 02:00:00;0.0
2025-12-25 02:15:00;0.0
2025-12-25 02:30:00;0.0
2025-12-25 02:45:00;0.0
2025-12-25 03:00:00;0.0
2025-12-25 03:15:00;0.0
2025-12-25 03:30:00;0.0
2025-12-25 03:45:00;0.0
2025-12-25 04:00:00;0.0
2025-12-25 04:15:00;0.0
2025-12-25 04:30:00;0.0
2025-12-25 04:45:00;0.0
2025-12-25 05:00:00;0.0
2025-12-25 05:15:00;0.0
2025-12-25 05:30:00;0.0
2025-12-25 05:45:00;0.0
2025-12-25 06:00:00;0.0
2025-12-25 06:15:00;0.0
2025-12-25 06:30:00;0.0
2025-12-25 06:45:00;0.0
2025-12-25 07:00:00;0.0
2025-12-25 07:15:00;0.0
2025-12-25 07:30:00;0.0
2025-12-25 07:45:00;0.0
2025-12-25 08:00:00;0.0
2025-12-25 08:15:00;0.0
2025-12-25 08:30:00;0.0
2025-12-25 08:45:00;0.0
2025-12-25 09:00:00;0.0686
2025-12-25 09:15:00;0.4801000000000002
2025-12-25 09:30:00;1.0606000000000002
2025-12-25 09:45:00;1.5722999999999998
2025-12-25 10:00:00;3.2857000000000003
2025-12-25 10:15:00;3.9302
2025-12-25 10:30:00;4.5809999999999995
2025-12-25 10:45:00;5.0787
2025-12-25 11:00:00;2.5894
2025-12-25 11:15:00;2.7023
2025-12-25 11:30:00;2.8926
2025-12-25 11:45:00;3.1425
2025-12-25 12:00:00;4.6339
2025-12-25 12:15:00;4.5282
2025-12-25 12:30:00;5.064
2025-12-25 12:45:00;4.862399999999999
2025-12-25 13:00:00;3.7653
2025-12-25 13:15:00;3.8679
2025-12-25 13:30:00;3.2496
2025-12-25 13:45:00;3.1592000000000002
2025-12-25 14:00:00;3.758
2025-12-25 14:15:00;3.24
2025-12-25 14:30:00;2.8673
2025-12-25 14:45:00;2.4657
2025-12-25 15:00:00;2.7487000000000004
2025-12-25 15:15:00;2.1217
2025-12-25 15:30:00;1.5497
2025-12-25 15:45:00;1.0333
2025-12-25 16:00:00;0.0
2025-12-25 16:15:00;0.0
2025-12-25 16:30:00;0.0
2025-12-25 16:45:00;0.0
2025-12-25 17:00:00;0.0
2025-12-25 17:15:00;0.0
2025-12-25 17:30:00;0.0
2025-12-25 17:45:00;0.0
2025-12-25 18:00:00;0.0
2025-12-25 18:15:00;0.0
2025-12-25 18:30:00;0.0
2025-12-25 18:45:00;0.0
2025-12-25 19:00:00;0.0
2025-12-25 19:15:00;0.0
2025-12-25 19:30:00;0.0
2025-12-25 19:45:00;0.0
2025-12-25 20:00:00;0.0
2025-12-25 20:15:00;0.0
2025-12-25 20:30:00;0.0
2025-12-25 20:45:00;0.0
2025-12-25 21:00:00;0.0
2025-12-25 21:15:00;0.0
2025-12-25 21:30:00;0.0
2025-12-25 21:45:00;0.0
2025-12-25 22:00:00;0.0
2025-12-25 22:15:00;0.0
2025-12-25 22:30:00;0.0
2025-12-25 22:45:00;0.0
2025-12-25 23:00:00;0.0
2025-12-25 23:15:00;0.0
2025-12-25 23:30:00;0.0
2025-12-25 23:45:00;0.0
2025-12-26 00:00:00;0.0
2025-12-26 00:15:00;0.0
2025-12-26 00:30:00;0.0
2025-12-26 00:45:00;0.0
2025-12-26 01:00:00;0.0
2025-12-26 01:15:00;0.0
2025-12-26 01:30:00;0.0
2025-12-26 01:45:00;0.0
2025-12-26 02:00:00;0.0
2025-12-26 02:15:00;0.0
2025-12-26 02:30:00;0.0
2025-12-26 02:45:00;0.0
2025-12-26 03:00:00;0.0
2025-12-26 03:15:00;0.0
2025-12-26 03:30:00;0.0
2025-12-26 03:45:00;0.0
2025-12-26 04:00:00;0.0
2025-12-26 04:15:00;0.0
2025-12-26 04:30:00;0.0
2025-12-26 04:45:00;0.0
2025-12-26 05:00:00;0.0
2025-12-26 05:15:00;0.0
2025-12-26 05:30:00;0.0
2025-12-26 05:45:00;0.0
2025-12-26 06:00:00;0.0
2025-12-26 06:15:00;0.0
2025-12-26 06:30:00;0.0
2025-12-26 06:45:00;0.0
2025-12-26 07:00:00;0.0
2025-12-26 07:15:00;0.0
2025-12-26 07:30:00;0.0
2025-12-26 07:45:00;0.0
2025-12-26 08:00:00;0.0
2025-12-26 08:15:00;0.0
2025-12-26 08:30:00;0.0
2025-12-26 08:45:00;0.0
2025-12-26 09:00:00;0.0
2025-12-26 09:15:00;0.0
2025-12-26 09:30:00;0.0
2025-12-26 09:45:00;0.0
2025-12-26 10:00:00;0.0
2025-12-26 10:15:00;0.0
2025-12-26 10:30:00;0.0
2025-12-26 10:45:00;0.0
2025-12-26 11:00:00;0.0
2025-12-26 11:15:00;0.06530000000000002
2025-12-26 11:30:00;0.12819999999999998
2025-12-26 11:45:00;0.14869999999999994
2025-12-26 12:00:00;0.0
2025-12-26 12:15:00;0.06929999999999992
2025-12-26 12:30:00;0.03639999999999999
2025-12-26 12:45:00;0.0
2025-12-26 13:00:00;0.11259999999999992
2025-12-26 13:15:00;0.06400000000000006
2025-12-26 13:30:00;0.0
2025-12-26 13:45:00;0.0
2025-12-26 14:00:00;0.0
2025-12-26 14:15:00;0.0
2025-12-26 14:30:00;0.0
2025-12-26 14:45:00;0.0
2025-12-26 15:00:00;0.0
2025-12-26 15:15:00;0.0
2025-12-26 15:30:00;0.0
2025-12-26 15:45:00;0.0
2025-12-26 16:00:00;0.0
2025-12-26 16:15:00;0.0
2025-12-26 16:30:00;0.0
2025-12-26 16:45:00;0.0
2025-12-26 17:00:00;0.0
2025-12-26 17:15:00;0.0
2025-12-26 17:30:00;0.0
2025-12-26 17:45:00;0.0
2025-12-26 18:00:00;0.0
2025-12-26 18:15:00;0.0
2025-12-26 18:30:00;0.0
2025-12-26 18:45:00;0.0
2025-12-26 19:00:00;0.0
2025-12-26 19:15:00;0.0
2025-12-26 19:30:00;0.0
2025-12-26 19:45:00;0.0
2025-12-26 20:00:00;0.0
2025-12-26 20:15:00;0.0
2025-12-26 20:30:00;0.0
2025-12-26 20:45:00;0.0
2025-12-26 21:00:00;0.0
2025-12-26 21:15:00;0.0
2025-12-26 21:30:00;0.0
2025-12-26 21:45:00;0.0
2025-12-26 22:00:00;0.0
2025-12-26 22:15:00;0.0
2025-12-26 22:30:00;0.0
2025-12-26 22:45:00;0.0
2025-12-26 23:00:00;0.0
2025-12-26 23:15:00;0.0
2025-12-26 23:30:00;0.0
2025-12-26 23:45:00;0.0
2025-12-27 00:00:00;0.0
2025-12-27 00:15:00;0.0
2025-12-27 00:30:00;0.0
2025-12-27 00:45:00;0.0
2025-12-27 01:00:00;0.0
2025-12-27 01:15:00;0.0
2025-12-27 01:30:00;0.0
2025-12-27 01:45:00;0.0
2025-12-27 02:00:00;0.0
2025-12-27 02:15:00;0.0
2025-12-27 02:30:00;0.0
2025-12-27 02:45:00;0.0
2025-12-27 03:00:00;0.0
2025-12-27 03:15:00;0.0
2025-12-27 03:30:00;0.0
2025-12-27 03:45:00;0.0
2025-12-27 04:00:00;0.0
2025-12-27 04:15:00;0.0
2025-12-27 04:30:00;0.0
2025-12-27 04:45:00;0.0
2025-12-27 05:00:00;0.0
2025-12-27 05:15:00;0.0
2025-12-27 05:30:00;0.0
2025-12-27 05:45:00;0.0
2025-12-27 06:00:00;0.0
2025-12-27 06:15:00;0.0
2025-12-27 06:30:00;0.0
2025-12-27 06:45:00;0.0
2025-12-27 07:00:00;0.0
2025-12-27 07:15:00;0.0
2025-12-27 07:30:00;0.0
2025-12-27 07:45:00;0.0
2025-12-27 08:00:00;0.0
2025-12-27 08:15:00;0.0
2025-12-27 08:30:00;0.0
2025-12-27 08:45:00;0.0
2025-12-27 09:00:00;0.0
2025-12-27 09:15:00;0.0
2025-12-27 09:30:00;0.0
2025-12-27 09:45:00;0.05219999999999991
2025-12-27 10:00:00;0.5638000000000001
2025-12-27 10:15:00;0.6386000000000001
2025-12-27 10:30:00;0.786
2025-12-27 10:45:00;0.9460999999999999
2025-12-27 11:00:00;1.0789
2025-12-27 11:15:00;1.1304000000000003
2025-12-27 11:30:00;1.2792
2025-12-27 11:45:00;1.3213
2025-12-27 12:00:00;1.5096
2025-12-27 12:15:00;1.5448000000000002
2025-12-27 12:30:00;1.6855
2025-12-27 12:45:00;1.5328
2025-12-27 13:00:00;1.4671000000000003
2025-12-27 13:15:00;1.5208
2025-12-27 13:30:00;1.4886000000000004
2025-12-27 13:45:00;1.2521000000000002
2025-12-27 14:00:00;1.2122
2025-12-27 14:15:00;0.9912000000000001
2025-12-27 14:30:00;0.8085
2025-12-27 14:45:00;0.5249999999999999
2025-12-27 15:00:00;0.5825
2025-12-27 15:15:00;0.33520000000000016
2025-12-27 15:30:00;0.11509999999999998
2025-12-27 15:45:00;0.0
2025-12-27 16:00:00;0.0
2025-12-27 16:15:00;0.0
2025-12-27 16:30:00;0.0
2025-12-27 16:45:00;0.0
2025-12-27 17:00:00;0.0
2025-12-27 17:15:00;0.0
2025-12-27 17:30:00;0.0
2025-12-27 17:45:00;0.0
2025-12-27 18:00:00;0.0
2025-12-27 18:15:00;0.0
2025-12-27 18:30:00;0.0
2025-12-27 18:45:00;0.0
2025-12-27 19:00:00;0.0
2025-12-27 19:15:00;0.0
2025-12-27 19:30:00;0.0
2025-12-27 19:45:00;0.0
2025-12-27 20:00:00;0.0
2025-12-27 20:15:00;0.0
2025-12-27 20:30:00;0.0
2025-12-27 20:45:00;0.0
2025-12-27 21:00:00;0.0
2025-12-27 21:15:00;0.0
2025-12-27 21:30:00;0.0
2025-12-27 21:45:00;0.0
2025-12-27 22:00:00;0.0
2025-12-27 22:15:00;0.0
2025-12-27 22:30:00;0.0
2025-12-27 22:45:00;0.0
2025-12-27 23:00:00;0.0
2025-12-27 23:15:00;0.0
2025-12-27 23:30:00;0.0
2025-12-27 23:45:00;0.0
2025-12-28 00:00:00;0.0
2025-12-28 00:15:00;0.0
2025-12-28 00:30:00;0.0
2025-12-28 00:45:00;0.0
2025-12-28 01:00:00;0.0
2025-12-28 01:15:00;0.0
2025-12-28 01:30:00;0.0
2025-12-28 01:45:00;0.0
2025-12-28 02:00:00;0.0
2025-12-28 02:15:00;0.0
2025-12-28 02:30:00;0.0
2025-12-28 02:45:00;0.0
2025-12-28 03:00:00;0.0
2025-12-28 03:15:00;0.0
2025-12-28 03:30:00;0.0
2025-12-28 03:45:00;0.0
2025-12-28 04:00:00;0.0
2025-12-28 04:15:00;0.0
2025-12-28 04:30:00;0.0
2025-12-28 04:45:00;0.0
2025-12-28 05:00:00;0.0
2025-12-28 05:15:00;0.0
2025-12-28 05:30:00;0.0
2025-12-28 05:45:00;0.0
2025-12-28 06:00:00;0.0
2025-12-28 06:15:00;0.0
2025-12-28 06:30:00;0.0
2025-12-28 06:45:00;0.0
2025-12-28 07:00:00;0.0
2025-12-28 07:15:00;0.0
2025-12-28 07:30:00;0.0
2025-12-28 07:45:00;0.0
2025-12-28 08:00:00;0.0
2025-12-28 08:15:00;0.0
2025-12-28 08:30:00;0.0
2025-12-28 08:45:00;0.0
2025-12-28 09:00:00;0.0
2025-12-28 09:15:00;0.0
2025-12-28 09:30:00;0.0
2025-12-28 09:45:00;0.1634
2025-12-28 10:00:00;2.4844999999999997
2025-12-28 10:15:00;2.7244
2025-12-28 10:30:00;3.2624000000000004
2025-12-28 10:45:00;3.3898
2025-12-28 11:00:00;5.1271
2025-12-28 11:15:00;5.4133
2025-12-28 11:30:00;5.6596
2025-12-28 11:45:00;6.026
2025-12-28 12:00:00;1.6809999999999998
2025-12-28 12:15:00;2.0696
2025-12-28 12:30:00;1.9106
2025-12-28 12:45:00;1.8132000000000001
2025-12-28 13:00:00;5.7435
2025-12-28 13:15:00;5.6422
2025-12-28 13:30:00;5.151400000000001
2025-12-28 13:45:00;5.0933
2025-12-28 14:00:00;3.777
2025-12-28 14:15:00;3.4379999999999997
2025-12-28 14:30:00;2.9701
2025-12-28 14:45:00;2.7427
2025-12-28 15:00:00;2.7436
2025-12-28 15:15:00;2.0538
2025-12-28 15:30:00;1.5463000000000002
2025-12-28 15:45:00;0.9510999999999998
2025-12-28 16:00:00;0.28679999999999994
2025-12-28 16:15:00;0.0
2025-12-28 16:30:00;0.0
2025-12-28 16:45:00;0.0
2025-12-28 17:00:00;0.0
2025-12-28 17:15:00;0.0
2025-12-28 17:30:00;0.0
2025-12-28 17:45:00;0.0
2025-12-28 18:00:00;0.0
2025-12-28 18:15:00;0.0
2025-12-28 18:30:00;0.0
2025-12-28 18:45:00;0.0
2025-12-28 19:00:00;0.0
2025-12-28 19:15:00;0.0
2025-12-28 19:30:00;0.0
2025-12-28 19:45:00;0.0
2025-12-28 20:00:00;0.0
2025-12-28 20:15:00;0.0
2025-12-28 20:30:00;0.0
2025-12-28 20:45:00;0.0
2025-12-28 21:00:00;0.0
2025-12-28 21:15:00;0.0
2025-12-28 21:30:00;0.0
2025-12-28 21:45:00;0.0
2025-12-28 22:00:00;0.0
2025-12-28 22:15:00;0.0
2025-12-28 22:30:00;0.0
2025-12-28 22:45:00;0.0
2025-12-28 23:00:00;0.0
2025-12-28 23:15:00;0.0
2025-12-28 23:30:00;0.0
2025-12-28 23:45:00;0.0
2025-12-29 00:00:00;0.0
2025-12-29 00:15:00;0.0
2025-12-29 00:30:00;0.0
2025-12-29 00:45:00;0.0
2025-12-29 01:00:00;0.0
2025-12-29 01:15:00;0.0
2025-12-29 01:30:00;0.0
2025-12-29 01:45:00;0.0
2025-12-29 02:00:00;0.0
2025-12-29 02:15:00;0.0
2025-12-29 02:30:00;0.0
2025-12-29 02:45:00;0.0
2025-12-29 03:00:00;0.0
2025-12-29 03:15:00;0.0
2025-12-29 03:30:00;0.0
2025-12-29 03:45:00;0.0
2025-12-29 04:00:00;0.0
2025-12-29 04:15:00;0.0
2025-12-29 04:30:00;0.0
2025-12-29 04:45:00;0.0
2025-12-29 05:00:00;0.0
2025-12-29 05:15:00;0.0
2025-12-29 05:30:00;0.0
2025-12-29 05:45:00;0.0
2025-12-29 06:00:00;0.0
2025-12-29 06:15:00;0.0
2025-12-29 06:30:00;0.0
2025-12-29 06:45:00;0.0
2025-12-29 07:00:00;0.0
2025-12-29 07:15:00;0.0
2025-12-29 07:30:00;0.0
2025-12-29 07:45:00;0.0
2025-12-29 08:00:00;0.0
2025-12-29 08:15:00;0.0
2025-12-29 08:30:00;0.0
2025-12-29 08:45:00;0.0
2025-12-29 09:00:00;0.0
2025-12-29 09:15:00;0.0
2025-12-29 09:30:00;0.021700000000000053
2025-12-29 09:45:00;0.43620000000000003
2025-12-29 10:00:00;0.5655
2025-12-29 10:15:00;0.8295
2025-12-29 10:30:00;0.9716000000000001
2025-12-29 10:45:00;1.2005999999999997
2025-12-29 11:00:00;1.2938
2025-12-29 11:15:00;1.4628
2025-12-29 11:30:00;1.5572
2025-12-29 11:45:00;1.7047000000000003
2025-12-29 12:00:00;1.2938
2025-12-29 12:15:00;1.2968000000000002
2025-12-29 12:30:00;1.3282
2025-12-29 12:45:00;1.4375
2025-12-29 13:00:00;1.3693000000000002
2025-12-29 13:15:00;1.4128000000000003
2025-12-29 13:30:00;1.4307000000000003
2025-12-29 13:45:00;1.0980000000000003
2025-12-29 14:00:00;1.1836
2025-12-29 14:15:00;0.9387
2025-12-29 14:30:00;0.7323000000000001
2025-12-29 14:45:00;0.6204999999999999
2025-12-29 15:00:00;0.3123
2025-12-29 15:15:00;0.1997
2025-12-29 15:30:00;0.0
2025-12-29 15:45:00;0.0
2025-12-29 16:00:00;0.0
2025-12-29 16:15:00;0.0
2025-12-29 16:30:00;0.0
2025-12-29 16:45:00;0.0
2025-12-29 17:00:00;0.0
2025-12-29 17:15:00;0.0
2025-12-29 17:30:00;0.0
2025-12-29 17:45:00;0.0
2025-12-29 18:00:00;0.0
2025-12-29 18:15:00;0.0
2025-12-29 18:30:00;0.0
2025-12-29 18:45:00;0.0
2025-12-29 19:00:00;0.0
2025-12-29 19:15:00;0.0
2025-12-29 19:30:00;0.0
2025-12-29 19:45:00;0.0
2025-12-29 20:00:00;0.0
2025-12-29 20:15:00;0.0
2025-12-29 20:30:00;0.0
2025-12-29 20:45:00;0.0
2025-12-29 21:00:00;0.0
2025-12-29 21:15:00;0.0
2025-12-29 21:30:00;0.0
2025-12-29 21:45:00;0.0
2025-12-29 22:00:00;0.0
2025-12-29 22:15:00;0.0
2025-12-29 22:30:00;0.0
2025-12-29 22:45:00;0.0
2025-12-29 23:00:00;0.0
2025-12-29 23:15:00;0.0
2025-12-29 23:30:00;0.0
2025-12-29 23:45:00;0.0
2025-12-30 00:00:00;0.0
2025-12-30 00:15:00;0.0
2025-12-30 00:30:00;0.0
2025-12-30 00:45:00;0.0
2025-12-30 01:00:00;0.0
2025-12-30 01:15:00;0.0
2025-12-30 01:30:00;0.0
2025-12-30 01:45:00;0.0
2025-12-30 02:00:00;0.0
2025-12-30 02:15:00;0.0
2025-12-30 02:30:00;0.0
2025-12-30 02:45:00;0.0
2025-12-30 03:00:00;0.0
2025-12-30 03:15:00;0.0
2025-12-30 03:30:00;0.0
2025-12-30 03:45:00;0.0
2025-12-30 04:00:00;0.0
2025-12-30 04:15:00;0.0
2025-12-30 04:30:00;0.0
2025-12-30 04:45:00;0.0
2025-12-30 05:00:00;0.0
2025-12-30 05:15:00;0.0
2025-12-30 05:30:00;0.0
2025-12-30 05:45:00;0.0
2025-12-30 06:00:00;0.0
2025-12-30 06:15:00;0.0
2025-12-30 06:30:00;0.0
2025-12-30 06:45:00;0.0
2025-12-30 07:00:00;0.0
2025-12-30 07:15:00;0.0
2025-12-30 07:30:00;0.0
2025-12-30 07:45:00;0.0
2025-12-30 08:00:00;0.0
2025-12-30 08:15:00;0.0
2025-12-30 08:30:00;0.0
2025-12-30 08:45:00;0.0
2025-12-30 09:00:00;0.2643000000000001
2025-12-30 09:15:00;0.7358000000000001
2025-12-30 09:30:00;1.3636
2025-12-30 09:45:00;1.8106000000000002
2025-12-30 10:00:00;3.7132000000000005
2025-12-30 10:15:00;4.4387
2025-12-30 10:30:00;5.234100000000001
2025-12-30 10:45:00;5.6922999999999995
2025-12-30 11:00:00;4.8125
2025-12-30 11:15:00;5.6616
2025-12-30 11:30:00;5.6875
2025-12-30 11:45:00;6.278700000000001
2025-12-30 12:00:00;3.6011
2025-12-30 12:15:00;3.8252
2025-12-30 12:30:00;3.7921000000000005
2025-12-30 12:45:00;3.9825999999999997
2025-12-30 13:00:00;6.0969
2025-12-30 13:15:00;5.5397
2025-12-30 13:30:00;5.6826
2025-12-30 13:45:00;5.2243
2025-12-30 14:00:00;4.6014
2025-12-30 14:15:00;4.061
2025-12-30 14:30:00;3.641
2025-12-30 14:45:00;3.3081000000000005
2025-12-30 15:00:00;1.932
2025-12-30 15:15:00;1.4502000000000002
2025-12-30 15:30:00;1.0217
2025-12-30 15:45:00;0.5861000000000001
2025-12-30 16:00:00;0.4537
2025-12-30 16:15:00;0.0
2025-12-30 16:30:00;0.0
2025-12-30 16:45:00;0.0
2025-12-30 17:00:00;0.0
2025-12-30 17:15:00;0.0
2025-12-30 17:30:00;0.0
2025-12-30 17:45:00;0.0
2025-12-30 18:00:00;0.0
2025-12-30 18:15:00;0.0
2025-12-30 18:30:00;0.0
2025-12-30 18:45:00;0.0
2025-12-30 19:00:00;0.0
2025-12-30 19:15:00;0.0
2025-12-30 19:30:00;0.0
2025-12-30 19:45:00;0.0
2025-12-30 20:00:00;0.0
2025-12-30 20:15:00;0.0
2025-12-30 20:30:00;0.0
2025-12-30 20:45:00;0.0
2025-12-30 21:00:00;0.0
2025-12-30 21:15:00;0.0
2025-12-30 21:30:00;0.0
2025-12-30 21:45:00;0.0
2025-12-30 22:00:00;0.0
2025-12-30 22:15:00;0.0
2025-12-30 22:30:00;0.0
2025-12-30 22:45:00;0.0
2025-12-30 23:00:00;0.0
2025-12-30 23:15:00;0.0
2025-12-30 23:30:00;0.0
2025-12-30 23:45:00;0.0
2025-12-31 00:00:00;0.0
2025-12-31 00:15:00;0.0
2025-12-31 00:30:00;0.0
2025-12-31 00:45:00;0.0
2025-12-31 01:00:00;0.0
2025-12-31 01:15:00;0.0
2025-12-31 01:30:00;0.0
2025-12-31 01:45:00;0.0
2025-12-31 02:00:00;0.0
2025-12-31 02:15:00;0.0
2025-12-31 02:30:00;0.0
2025-12-31 02:45:00;0.0
2025-12-31 03:00:00;0.0
2025-12-31 03:15:00;0.0
2025-12-31 03:30:00;0.0
2025-12-31 03:45:00;0.0
2025-12-31 04:00:00;0.0
2025-12-31 04:15:00;0.0
2025-12-31 04:30:00;0.0
2025-12-31 04:45:00;0.0
2025-12-31 05:00:00;0.0
2025-12-31 05:15:00;0.0
2025-12-31 05:30:00;0.0
2025-12-31 05:45:00;0.0
2025-12-31 06:00:00;0.0
2025-12-31 06:15:00;0.0
2025-12-31 06:30:00;0.0
2025-12-31 06:45:00;0.0
2025-12-31 07:00:00;0.0
2025-12-31 07:15:00;0.0
2025-12-31 07:30:00;0.0
2025-12-31 07:45:00;0.0
2025-12-31 08:00:00;0.0
2025-12-31 08:15:00;0.0
2025-12-31 08:30:00;0.0
2025-12-31 08:45:00;0.0
2025-12-31 09:00:00;0.0
2025-12-31 09:15:00;0.0
2025-12-31 09:30:00;0.0
2025-12-31 09:45:00;0.0
2025-12-31 10:00:00;0.0
2025-12-31 10:15:00;0.0
2025-12-31 10:30:00;0.0
2025-12-31 10:45:00;0.034700000000000064
2025-12-31 11:00:00;0.0
2025-12-31 11:15:00;0.0
2025-12-31 11:30:00;0.011900000000000022
2025-12-31 11:45:00;0.10019999999999996
2025-12-31 12:00:00;0.24950000000000006
2025-12-31 12:15:00;0.2992
2025-12-31 12:30:00;0.3093
2025-12-31 12:45:00;0.26339999999999997
2025-12-31 13:00:00;0.19219999999999993
2025-12-31 13:15:00;0.15400000000000003
2025-12-31 13:30:00;0.08089999999999997
2025-12-31 13:45:00;0.1856
2025-12-31 14:00:00;0.05579999999999996
2025-12-31 14:15:00;0.0
2025-12-31 14:30:00;0.0
2025-12-31 14:45:00;0.0
2025-12-31 15:00:00;0.0
2025-12-31 15:15:00;0.0
2025-12-31 15:30:00;0.0
2025-12-31 15:45:00;0.0
2025-12-31 16:00:00;0.0
2025-12-31 16:15:00;0.0
2025-12-31 16:30:00;0.0
2025-12-31 16:45:00;0.0
2025-12-31 17:00:00;0.0
2025-12-31 17:15:00;0.0
2025-12-31 17:30:00;0.0
2025-12-31 17:45:00;0.0
2025-12-31 18:00:00;0.0
2025-12-31 18:15:00;0.0
2025-12-31 18:30:00;0.0
2025-12-31 18:45:00;0.0
2025-12-31 19:00:00;0.0
2025-12-31 19:15:00;0.0
2025-12-31 19:30:00;0.0
2025-12-31 19:45:00;0.0
2025-12-31 20:00:00;0.0
2025-12-31 20:15:00;0.0
2025-12-31 20:30:00;0.0
2025-12-31 20:45:00;0.0
2025-12-31 21:00:00;0.0
2025-12-31 21:15:00;0.0
2025-12-31 21:30:00;0.0
2025-12-31 21:45:00;0.0
2025-12-31 22:00:00;0.0
2025-12-31 22:15:00;0.0
2025-12-31 22:30:00;0.0
2025-12-31 22:45:00;0.0
2025-12-31 23:00:00;0.0
2025-12-31 23:15:00;0.0
2025-12-31 23:30:00;0.0
2025-12-31 23:45:00;0.0
